game_id,game_date,home_team,away_team,home_pts,away_pts,season,actual_spread,actual_total,home_rest_days,home_back_to_back,home_three_in_four,away_rest_days,away_back_to_back,away_three_in_four,travel_direction,long_travel,east_to_west,west_to_east,home_rolling_5g,away_rolling_5g,rolling_diff_5g,pred_spread_rolling_5g,home_rolling_10g,away_rolling_10g,rolling_diff_10g,pred_spread_rolling_10g,season_game_num,month,is_playoff
401704627,2024-10-22,Boston Celtics,New York Knicks,132,109,2025,23,241,,False,False,,False,False,same_region,0,0,0,,,0.0,0.0,,,0.0,0.0,1,10,0
401704628,2024-10-22,Los Angeles Lakers,Minnesota Timberwolves,110,103,2025,7,213,,False,False,,False,False,same_region,0,0,0,,,0.0,0.0,,,0.0,0.0,2,10,0
401704634,2024-10-23,Houston Rockets,Charlotte Hornets,105,110,2025,-5,215,,False,False,,False,False,east_to_west,1,1,0,,,0.0,0.0,,,0.0,0.0,3,10,0
401704633,2024-10-23,Toronto Raptors,Cleveland Cavaliers,106,136,2025,-30,242,,False,False,,False,False,same_region,0,0,0,,,0.0,0.0,,,0.0,0.0,4,10,0
401704638,2024-10-23,Portland Trail Blazers,Golden State Warriors,104,140,2025,-36,244,,False,False,,False,False,same_region,0,0,0,,,0.0,0.0,,,0.0,0.0,5,10,0
401704636,2024-10-23,Utah Jazz,Memphis Grizzlies,124,126,2025,-2,250,,False,False,,False,False,same_region,0,0,0,,,0.0,0.0,,,0.0,0.0,6,10,0
401704629,2024-10-23,Detroit Pistons,Indiana Pacers,109,115,2025,-6,224,,False,False,,False,False,same_region,0,0,0,,,0.0,0.0,,,0.0,0.0,7,10,0
401704637,2024-10-23,LA Clippers,Phoenix Suns,113,116,2025,-3,229,,False,False,,False,False,same_region,0,0,0,,,0.0,0.0,,,0.0,0.0,8,10,0
401704630,2024-10-23,Atlanta Hawks,Brooklyn Nets,120,116,2025,4,236,,False,False,,False,False,same_region,0,0,0,,,0.0,0.0,,,0.0,0.0,9,10,0
401704632,2024-10-23,Philadelphia 76ers,Milwaukee Bucks,109,124,2025,-15,233,,False,False,,False,False,same_region,0,0,0,,,0.0,0.0,,,0.0,0.0,10,10,0
401704635,2024-10-23,New Orleans Pelicans,Chicago Bulls,123,111,2025,12,234,,False,False,,False,False,east_to_west,1,1,0,,,0.0,0.0,,,0.0,0.0,11,10,0
401704631,2024-10-23,Miami Heat,Orlando Magic,97,116,2025,-19,213,,False,False,,False,False,same_region,0,0,0,,,0.0,0.0,,,0.0,0.0,12,10,0
401704639,2024-10-24,Washington Wizards,Boston Celtics,102,122,2025,-20,224,,False,False,,False,False,same_region,0,0,0,,,0.0,0.0,,,0.0,0.0,13,10,0
401704640,2024-10-24,Dallas Mavericks,San Antonio Spurs,120,109,2025,11,229,,False,False,,False,False,same_region,0,0,0,,,0.0,0.0,,,0.0,0.0,14,10,0
401704642,2024-10-24,Sacramento Kings,Minnesota Timberwolves,115,117,2025,-2,232,,False,False,1.0,False,False,same_region,0,0,0,,,0.0,0.0,,,0.0,0.0,15,10,0
401704641,2024-10-24,Denver Nuggets,Oklahoma City Thunder,87,102,2025,-15,189,,False,False,,False,False,same_region,0,0,0,,,0.0,0.0,,,0.0,0.0,16,10,0
401704651,2024-10-25,Los Angeles Lakers,Phoenix Suns,123,116,2025,7,239,2.0,False,False,1.0,False,False,same_region,0,0,0,,,0.0,0.0,,,0.0,0.0,17,10,0
401704652,2024-10-25,Portland Trail Blazers,New Orleans Pelicans,103,105,2025,-2,208,1.0,False,False,,False,False,same_region,0,0,0,,,0.0,0.0,,,0.0,0.0,18,10,0
401704648,2024-10-25,Houston Rockets,Memphis Grizzlies,128,108,2025,20,236,1.0,False,False,1.0,False,False,same_region,0,0,0,,,0.0,0.0,,,0.0,0.0,19,10,0
401704649,2024-10-25,Milwaukee Bucks,Chicago Bulls,122,133,2025,-11,255,,False,False,1.0,False,False,same_region,0,0,0,,,0.0,0.0,,,0.0,0.0,20,10,0
401704650,2024-10-25,Utah Jazz,Golden State Warriors,86,127,2025,-41,213,1.0,False,False,1.0,False,False,same_region,0,0,0,,,0.0,0.0,,,0.0,0.0,21,10,0
401704646,2024-10-25,Cleveland Cavaliers,Detroit Pistons,113,101,2025,12,214,,False,False,,False,False,same_region,0,0,0,,,0.0,0.0,,,0.0,0.0,22,10,0
401704643,2024-10-25,Orlando Magic,Brooklyn Nets,116,101,2025,15,217,,False,False,1.0,False,False,same_region,0,0,0,,,0.0,0.0,,,0.0,0.0,23,10,0
401704645,2024-10-25,Atlanta Hawks,Charlotte Hornets,125,120,2025,5,245,1.0,False,False,1.0,False,False,same_region,0,0,0,,,0.0,0.0,,,0.0,0.0,24,10,0
401704644,2024-10-25,Toronto Raptors,Philadelphia 76ers,115,107,2025,8,222,1.0,False,False,,False,False,same_region,0,0,0,,,0.0,0.0,,,0.0,0.0,25,10,0
401704647,2024-10-25,New York Knicks,Indiana Pacers,123,98,2025,25,221,,False,False,1.0,False,False,same_region,0,0,0,,,0.0,0.0,,,0.0,0.0,26,10,0
401704661,2024-10-26,Phoenix Suns,Dallas Mavericks,114,102,2025,12,216,,False,False,,False,False,same_region,0,0,0,-2.0,,-2.0,-1.0,-2.0,,-2.0,-1.0,27,10,0
401704662,2024-10-26,Los Angeles Lakers,Sacramento Kings,131,127,2025,4,258,0.0,True,False,,False,False,same_region,0,0,0,7.0,,7.0,3.5,7.0,,7.0,3.5,28,10,0
401704657,2024-10-26,Chicago Bulls,Oklahoma City Thunder,95,114,2025,-19,209,,False,False,1.0,False,False,west_to_east,1,0,1,-0.5,,-0.5,-0.25,-0.5,,-0.5,-0.25,29,10,0
401704658,2024-10-26,Memphis Grizzlies,Orlando Magic,124,111,2025,13,235,,False,False,2.0,False,False,east_to_west,1,1,0,-9.0,17.0,-26.0,-13.0,-9.0,17.0,-26.0,-13.0,30,10,0
401704660,2024-10-26,San Antonio Spurs,Houston Rockets,109,106,2025,3,215,,False,False,,False,False,same_region,0,0,0,,7.5,-7.5,-3.75,,7.5,-7.5,-3.75,31,10,0
401704654,2024-10-26,Charlotte Hornets,Miami Heat,106,114,2025,-8,220,,False,False,,False,False,same_region,0,0,0,0.0,,0.0,0.0,0.0,,0.0,0.0,32,10,0
401704655,2024-10-26,Detroit Pistons,Boston Celtics,118,124,2025,-6,242,2.0,False,False,1.0,False,False,same_region,0,0,0,-9.0,21.5,-30.5,-15.25,-9.0,21.5,-30.5,-15.25,33,10,0
401704653,2024-10-26,Denver Nuggets,LA Clippers,104,109,2025,-5,213,1.0,False,False,,False,False,same_region,0,0,0,,,0.0,0.0,,,0.0,0.0,34,10,0
401704659,2024-10-26,Minnesota Timberwolves,Toronto Raptors,112,101,2025,11,213,,False,False,,False,False,east_to_west,1,1,0,-2.5,-11.0,8.5,4.25,-2.5,-11.0,8.5,4.25,35,10,0
401704656,2024-10-26,Washington Wizards,Cleveland Cavaliers,116,135,2025,-19,251,1.0,False,False,2.0,False,False,same_region,0,0,0,,21.0,-21.0,-10.5,,21.0,-21.0,-10.5,36,10,0
401704663,2024-10-27,Indiana Pacers,Philadelphia 76ers,114,118,2025,-4,232,,False,False,1.0,False,False,same_region,0,0,0,-9.5,-11.5,2.0,1.0,-9.5,-11.5,2.0,1.0,37,10,0
401704665,2024-10-27,Portland Trail Blazers,New Orleans Pelicans,125,103,2025,22,228,1.0,False,False,1.0,False,False,same_region,0,0,0,-19.0,7.0,-26.0,-13.0,-19.0,7.0,-26.0,-13.0,38,10,0
401704664,2024-10-27,Brooklyn Nets,Milwaukee Bucks,115,102,2025,13,217,,False,False,3.0,False,False,same_region,0,0,0,-9.5,2.0,-11.5,-5.75,-9.5,2.0,-11.5,-5.75,39,10,0
401704666,2024-10-27,Oklahoma City Thunder,Atlanta Hawks,128,104,2025,24,232,,False,False,,False,False,east_to_west,1,1,0,17.0,4.5,12.5,6.25,17.0,4.5,12.5,6.25,40,10,0
401704667,2024-10-27,Golden State Warriors,LA Clippers,104,112,2025,-8,216,,False,False,0.0,True,False,same_region,0,0,0,38.5,1.0,37.5,18.75,38.5,1.0,37.5,18.75,41,10,0
401704676,2024-10-28,Dallas Mavericks,Utah Jazz,110,102,2025,8,212,3.0,False,False,,False,False,same_region,0,0,0,-0.5,-21.5,21.0,10.5,-0.5,-21.5,21.0,10.5,42,10,0
401704672,2024-10-28,New York Knicks,Cleveland Cavaliers,104,110,2025,-6,214,2.0,False,False,1.0,False,False,same_region,0,0,0,1.0,20.333333333333332,-19.333333333333332,-9.666666666666666,1.0,20.333333333333332,-19.333333333333332,-9.666666666666666,43,10,0
401704674,2024-10-28,Memphis Grizzlies,Chicago Bulls,123,126,2025,-3,249,1.0,False,False,2.0,False,False,east_to_west,1,1,0,-1.6666666666666667,-6.666666666666667,5.0,2.5,-1.6666666666666667,-6.666666666666667,5.0,2.5,44,10,0
401704678,2024-10-28,Sacramento Kings,Portland Trail Blazers,111,98,2025,13,209,3.0,False,False,,False,False,same_region,0,0,0,-3.0,-5.333333333333333,2.333333333333333,1.1666666666666665,-3.0,-5.333333333333333,2.333333333333333,1.1666666666666665,45,10,0
401704675,2024-10-28,San Antonio Spurs,Houston Rockets,101,106,2025,-5,207,1.0,False,False,1.0,False,False,same_region,0,0,0,-4.0,4.0,-8.0,-4.0,-4.0,4.0,-8.0,-4.0,46,10,0
401704669,2024-10-28,Atlanta Hawks,Washington Wizards,119,121,2025,-2,240,2.0,False,False,,False,False,same_region,0,0,0,-5.0,-19.5,14.5,7.25,-5.0,-19.5,14.5,7.25,47,10,0
401704670,2024-10-28,Boston Celtics,Milwaukee Bucks,119,108,2025,11,227,5.0,False,False,0.0,True,False,same_region,0,0,0,16.333333333333332,-3.0,19.333333333333332,9.666666666666666,16.333333333333332,-3.0,19.333333333333332,9.666666666666666,48,10,0
401704668,2024-10-28,Orlando Magic,Indiana Pacers,119,115,2025,4,234,2.0,False,False,2.0,False,False,same_region,0,0,0,7.0,-7.666666666666667,14.666666666666668,7.333333333333334,7.0,-7.666666666666667,14.666666666666668,7.333333333333334,49,10,0
401704673,2024-10-28,Toronto Raptors,Denver Nuggets,125,127,2025,-2,252,2.0,False,False,,False,False,west_to_east,1,0,1,-11.0,-10.0,-1.0,-0.5,-11.0,-10.0,-1.0,-0.5,50,10,0
401704671,2024-10-28,Miami Heat,Detroit Pistons,106,98,2025,8,204,4.0,False,False,2.0,False,False,same_region,0,0,0,-5.5,-8.0,2.5,1.25,-5.5,-8.0,2.5,1.25,51,10,0
401704677,2024-10-28,Phoenix Suns,Los Angeles Lakers,109,105,2025,4,214,1.0,False,False,,False,False,same_region,0,0,0,2.6666666666666665,6.0,-3.3333333333333335,-1.6666666666666667,2.6666666666666665,6.0,-3.3333333333333335,-1.6666666666666667,52,10,0
401704680,2024-10-29,Minnesota Timberwolves,Dallas Mavericks,114,120,2025,-6,234,2.0,False,False,2.0,False,False,same_region,0,0,0,2.0,2.3333333333333335,-0.3333333333333335,-0.16666666666666674,2.0,2.3333333333333335,-0.3333333333333335,-0.16666666666666674,53,10,0
401704679,2024-10-29,Brooklyn Nets,Denver Nuggets,139,144,2025,-5,283,1.0,False,False,0.0,True,False,west_to_east,1,0,1,-2.0,-6.0,4.0,2.0,-2.0,-6.0,4.0,2.0,54,10,0
401704681,2024-10-29,Utah Jazz,Sacramento Kings,96,113,2025,-17,209,3.0,False,False,2.0,False,False,same_region,0,0,0,-17.0,2.3333333333333335,-19.333333333333332,-9.666666666666666,-17.0,2.3333333333333335,-19.333333333333332,-9.666666666666666,55,10,0
401704682,2024-10-29,Golden State Warriors,New Orleans Pelicans,124,106,2025,18,230,1.0,False,False,1.0,False,False,same_region,0,0,0,23.0,-2.6666666666666665,25.666666666666668,12.833333333333334,23.0,-2.6666666666666665,25.666666666666668,12.833333333333334,56,10,0
401704693,2024-10-30,LA Clippers,Portland Trail Blazers,105,106,2025,-1,211,6.0,False,False,1.0,False,False,same_region,0,0,0,3.3333333333333335,-7.25,10.583333333333334,5.291666666666667,3.3333333333333335,-7.25,10.583333333333334,5.291666666666667,57,10,0
401704691,2024-10-30,Oklahoma City Thunder,San Antonio Spurs,105,93,2025,12,198,2.0,False,False,5.0,False,False,same_region,0,0,0,19.333333333333332,-4.333333333333333,23.666666666666664,11.833333333333332,19.333333333333332,-4.333333333333333,23.666666666666664,11.833333333333332,58,10,0
401704689,2024-10-30,Chicago Bulls,Orlando Magic,102,99,2025,3,201,3.0,False,False,3.0,False,False,same_region,0,0,0,-4.25,6.25,-10.5,-5.25,-4.25,6.25,-10.5,-5.25,59,10,0
401704690,2024-10-30,Memphis Grizzlies,Brooklyn Nets,106,119,2025,-13,225,1.0,False,False,4.0,False,False,east_to_west,1,1,0,-2.0,-2.75,0.75,0.375,-2.0,-2.75,0.75,0.375,60,10,0
401704687,2024-10-30,Washington Wizards,Atlanta Hawks,133,120,2025,13,253,3.0,False,False,2.0,False,False,same_region,0,0,0,-12.333333333333334,-4.25,-8.083333333333334,-4.041666666666667,-12.333333333333334,-4.25,-8.083333333333334,-4.041666666666667,61,10,0
401704692,2024-10-30,Golden State Warriors,New Orleans Pelicans,104,89,2025,15,193,0.0,True,True,0.0,True,True,same_region,0,0,0,21.75,-6.5,28.25,14.125,21.75,-6.5,28.25,14.125,62,10,0
401704684,2024-10-30,Cleveland Cavaliers,Los Angeles Lakers,134,110,2025,24,244,4.0,False,False,1.0,False,False,west_to_east,1,0,1,16.75,3.5,13.25,6.625,16.75,3.5,13.25,6.625,63,10,0
401704685,2024-10-30,Indiana Pacers,Boston Celtics,135,132,2025,3,267,2.0,False,False,3.0,False,False,same_region,0,0,0,-6.75,15.0,-21.75,-10.875,-6.75,15.0,-21.75,-10.875,64,10,0
401704686,2024-10-30,Philadelphia 76ers,Detroit Pistons,95,105,2025,-10,200,6.0,False,False,1.0,False,False,same_region,0,0,0,-6.333333333333333,-8.0,1.666666666666667,0.8333333333333335,-6.333333333333333,-8.0,1.666666666666667,0.8333333333333335,65,10,0
401704688,2024-10-30,Miami Heat,New York Knicks,107,116,2025,-9,223,1.0,False,False,7.0,False,False,same_region,0,0,0,-1.0,-1.3333333333333333,0.33333333333333326,0.16666666666666663,-1.0,-1.3333333333333333,0.33333333333333326,0.16666666666666663,66,10,0
401704683,2024-10-30,Charlotte Hornets,Toronto Raptors,138,133,2025,5,271,3.0,False,False,3.0,False,False,same_region,0,0,0,-2.6666666666666665,-8.75,6.083333333333334,3.041666666666667,-2.6666666666666665,-8.75,6.083333333333334,3.041666666666667,67,10,0
401704694,2024-10-31,Memphis Grizzlies,Milwaukee Bucks,122,99,2025,23,221,0.0,True,True,2.0,False,False,east_to_west,1,1,0,-4.2,-5.0,0.7999999999999998,0.3999999999999999,-4.2,-5.0,0.7999999999999998,0.3999999999999999,68,10,0
401704695,2024-10-31,Dallas Mavericks,Houston Rockets,102,108,2025,-6,210,2.0,False,False,2.0,False,False,same_region,0,0,0,3.25,4.25,-1.0,-0.5,3.25,4.25,-1.0,-0.5,69,10,0
401704696,2024-10-31,Utah Jazz,San Antonio Spurs,88,106,2025,-18,194,1.0,False,False,0.0,True,False,same_region,0,0,0,-17.0,-6.25,-10.75,-5.375,-17.0,-6.25,-10.75,-5.375,70,10,0
401704697,2024-10-31,LA Clippers,Phoenix Suns,119,125,2025,-6,244,0.0,True,False,5.0,False,False,same_region,0,0,0,2.25,3.0,-0.75,-0.375,2.25,3.0,-0.75,-0.375,71,10,0
401704698,2024-11-01,Charlotte Hornets,Boston Celtics,109,124,2025,-15,233,1.0,False,False,1.0,False,False,same_region,0,0,0,-0.75,11.4,-12.15,-6.075,-0.75,11.4,-12.15,-6.075,72,11,0
401704706,2024-11-01,Portland Trail Blazers,Oklahoma City Thunder,114,137,2025,-23,251,4.0,False,False,5.0,False,False,same_region,0,0,0,-5.6,17.5,-23.1,-11.55,-5.6,17.5,-23.1,-11.55,73,11,0
401704705,2024-11-01,Minnesota Timberwolves,Denver Nuggets,119,116,2025,3,235,2.0,False,False,2.0,False,False,same_region,0,0,0,0.0,-3.25,3.25,1.625,0.0,-3.25,3.25,1.625,74,11,0
401704701,2024-11-01,Atlanta Hawks,Sacramento Kings,115,123,2025,-8,238,3.0,False,False,2.0,False,False,west_to_east,1,0,1,-6.0,6.0,-12.0,-6.0,-6.0,6.0,-12.0,-6.0,75,11,0
401704699,2024-11-01,Cleveland Cavaliers,Orlando Magic,120,109,2025,11,229,1.0,False,False,1.0,False,False,same_region,0,0,0,18.2,4.4,13.799999999999999,6.8999999999999995,18.2,4.4,13.799999999999999,6.8999999999999995,76,11,0
401704703,2024-11-01,Toronto Raptors,Los Angeles Lakers,125,131,2025,-6,256,3.0,False,False,1.0,False,False,west_to_east,1,0,1,-8.0,-2.0,-6.0,-3.0,-8.0,-2.0,-6.0,-3.0,77,11,0
401704700,2024-11-01,Detroit Pistons,New York Knicks,98,128,2025,-30,226,5.0,False,False,1.0,False,False,same_region,0,0,0,-4.4,1.25,-5.65,-2.825,-4.4,1.25,-5.65,-2.825,78,11,0
401704702,2024-11-01,Brooklyn Nets,Chicago Bulls,120,112,2025,8,232,2.0,False,False,3.0,False,False,same_region,0,0,0,0.4,-2.8,3.1999999999999997,1.5999999999999999,0.4,-2.8,3.1999999999999997,1.5999999999999999,79,11,0
401704704,2024-11-01,New Orleans Pelicans,Indiana Pacers,125,118,2025,7,243,8.0,False,False,3.0,False,False,east_to_west,1,1,0,-8.2,-4.8,-3.3999999999999995,-1.6999999999999997,-8.2,-4.8,-3.3999999999999995,-1.6999999999999997,80,11,0
401704710,2024-11-02,Houston Rockets,Golden State Warriors,121,127,2025,-6,248,7.0,False,False,7.0,False,False,same_region,0,0,0,4.6,20.4,-15.799999999999999,-7.8999999999999995,4.6,20.4,-15.799999999999999,-7.8999999999999995,81,11,0
401704715,2024-11-02,Phoenix Suns,Portland Trail Blazers,103,97,2025,6,200,4.0,False,False,2.0,False,False,same_region,0,0,0,3.6,-3.0,6.6,3.3,3.6,-8.5,12.1,6.05,82,11,0
401704716,2024-11-02,LA Clippers,Oklahoma City Thunder,92,105,2025,-13,197,1.0,False,True,0.0,True,False,same_region,0,0,0,0.6,18.6,-18.0,-9.0,0.6,18.6,-18.0,-9.0,83,11,0
401704714,2024-11-02,Denver Nuggets,Utah Jazz,129,103,2025,26,232,6.0,False,False,4.0,False,False,same_region,0,0,0,-3.2,-17.2,14.0,7.0,-3.2,-17.2,14.0,7.0,84,11,0
401704713,2024-11-02,Washington Wizards,Miami Heat,98,118,2025,-20,216,2.0,False,False,6.0,False,False,same_region,0,0,0,-6.0,-3.0,-3.0,-1.5,-6.0,-3.0,-3.0,-1.5,85,11,0
401704707,2024-11-02,Charlotte Hornets,Boston Celtics,103,113,2025,-10,216,0.0,True,True,0.0,True,True,same_region,0,0,0,-3.6,9.8,-13.4,-6.7,-3.6,12.0,-15.6,-7.8,86,11,0
401704708,2024-11-02,Philadelphia 76ers,Memphis Grizzlies,107,124,2025,-17,231,2.0,False,False,7.0,False,False,west_to_east,1,0,1,-7.25,0.0,-7.25,-3.625,-7.25,0.3333333333333333,-7.583333333333333,-3.7916666666666665,87,11,0
401704709,2024-11-02,Toronto Raptors,Sacramento Kings,131,128,2025,3,259,0.0,True,False,0.0,True,False,west_to_east,1,0,1,-3.2,6.4,-9.600000000000001,-4.800000000000001,-7.666666666666667,6.4,-14.066666666666666,-7.033333333333333,88,11,0
401704711,2024-11-02,Milwaukee Bucks,Cleveland Cavaliers,113,114,2025,-1,227,7.0,False,False,4.0,False,False,same_region,0,0,0,-8.6,14.4,-23.0,-11.5,-8.6,17.0,-25.6,-12.8,89,11,0
401704712,2024-11-02,San Antonio Spurs,Minnesota Timberwolves,113,103,2025,10,216,4.0,False,False,8.0,False,False,same_region,0,0,0,-1.4,0.6,-2.0,-1.0,-1.4,0.6,-2.0,-1.0,90,11,0
401704717,2024-11-03,Brooklyn Nets,Detroit Pistons,92,106,2025,-14,198,1.0,False,False,3.0,False,False,same_region,0,0,0,2.8,-9.2,12.0,6.0,1.6666666666666667,-8.666666666666666,10.333333333333332,5.166666666666666,91,11,0
401704718,2024-11-03,New Orleans Pelicans,Atlanta Hawks,111,126,2025,-15,237,1.0,False,False,3.0,False,False,east_to_west,1,1,0,-9.2,-8.4,-0.7999999999999989,-0.39999999999999947,-5.666666666666667,-6.333333333333333,0.6666666666666661,0.33333333333333304,92,11,0
401704719,2024-11-03,Dallas Mavericks,Orlando Magic,108,85,2025,23,193,2.0,False,False,1.0,False,False,east_to_west,1,1,0,1.4,-1.6,3.0,1.5,1.4,1.8333333333333333,-0.43333333333333335,-0.21666666666666667,93,11,0
401704733,2024-11-04,Phoenix Suns,Philadelphia 76ers,118,116,2025,2,234,1.0,False,False,7.0,False,False,east_to_west,1,1,0,4.2,-9.2,13.399999999999999,6.699999999999999,4.0,-9.2,13.2,6.6,94,11,0
401704731,2024-11-04,Dallas Mavericks,Indiana Pacers,127,134,2025,-7,261,0.0,True,False,2.0,False,False,east_to_west,1,1,0,3.8,-7.4,11.2,5.6,5.0,-5.166666666666667,10.166666666666668,5.083333333333334,95,11,0
401704730,2024-11-04,New Orleans Pelicans,Portland Trail Blazers,100,118,2025,-18,218,0.0,True,True,1.0,False,False,same_region,0,0,0,-12.6,-3.8,-8.8,-4.4,-7.0,-8.142857142857142,1.1428571428571423,0.5714285714285712,96,11,0
401704729,2024-11-04,Oklahoma City Thunder,Orlando Magic,102,86,2025,16,188,4.0,False,False,0.0,True,True,east_to_west,1,1,0,18.2,-9.2,27.4,13.7,17.666666666666668,-1.7142857142857142,19.380952380952383,9.690476190476192,97,11,0
401704728,2024-11-04,Minnesota Timberwolves,Charlotte Hornets,114,93,2025,21,207,2.0,False,False,9.0,False,False,east_to_west,1,1,0,0.0,-6.6,6.6,3.3,-1.1666666666666667,-4.666666666666667,3.5,1.75,98,11,0
401704727,2024-11-04,Houston Rockets,New York Knicks,109,97,2025,12,206,1.0,False,False,2.0,False,False,east_to_west,1,1,0,4.4,7.0,-2.5999999999999996,-1.2999999999999998,2.8333333333333335,7.0,-4.166666666666666,-2.083333333333333,99,11,0
401704724,2024-11-04,Brooklyn Nets,Memphis Grizzlies,106,104,2025,2,210,0.0,True,True,1.0,False,False,west_to_east,1,0,1,3.0,7.4,-4.4,-2.2,-0.5714285714285714,2.7142857142857144,-3.2857142857142856,-1.6428571428571428,100,11,0
401704734,2024-11-04,LA Clippers,San Antonio Spurs,113,104,2025,9,217,1.0,False,False,3.0,False,False,same_region,0,0,0,-1.4,2.8,-4.199999999999999,-2.0999999999999996,-1.6666666666666667,0.5,-2.166666666666667,-1.0833333333333335,101,11,0
401704726,2024-11-04,Chicago Bulls,Utah Jazz,126,135,2025,-9,261,4.0,False,False,1.0,False,False,west_to_east,1,0,1,-2.0,-22.0,20.0,10.0,-3.6666666666666665,-18.666666666666668,15.000000000000002,7.500000000000001,102,11,0
401704720,2024-11-04,Cleveland Cavaliers,Milwaukee Bucks,116,114,2025,2,230,2.0,False,False,3.0,False,False,same_region,0,0,0,12.2,-11.8,24.0,12.0,14.714285714285714,-7.333333333333333,22.047619047619047,11.023809523809524,103,11,0
401704721,2024-11-04,Washington Wizards,Golden State Warriors,112,125,2025,-13,237,1.0,False,False,1.0,False,False,west_to_east,1,0,1,-8.8,14.4,-23.200000000000003,-11.600000000000001,-8.8,18.0,-26.8,-13.4,104,11,0
401704732,2024-11-04,Denver Nuggets,Toronto Raptors,121,119,2025,2,240,1.0,False,False,4.0,False,False,east_to_west,1,1,0,5.0,-4.2,9.2,4.6,1.6666666666666667,-6.142857142857143,7.80952380952381,3.904761904761905,105,11,0
401704722,2024-11-04,Detroit Pistons,Los Angeles Lakers,115,103,2025,12,218,2.0,False,False,2.0,False,False,west_to_east,1,0,1,-4.0,-2.2,-1.7999999999999998,-0.8999999999999999,-5.428571428571429,-0.6666666666666666,-4.761904761904762,-2.380952380952381,106,11,0
401704723,2024-11-04,Atlanta Hawks,Boston Celtics,93,123,2025,-30,216,2.0,False,False,1.0,False,True,same_region,0,0,0,-6.4,7.8,-14.2,-7.1,-3.2857142857142856,11.714285714285714,-15.0,-7.5,107,11,0
401704725,2024-11-04,Miami Heat,Sacramento Kings,110,111,2025,-1,221,4.0,False,False,1.0,False,True,west_to_east,1,0,1,1.6,6.2,-4.6,-2.3,1.6,4.833333333333333,-3.233333333333333,-1.6166666666666665,108,11,0
401704742,2024-11-06,Dallas Mavericks,Chicago Bulls,119,99,2025,20,218,1.0,False,True,4.0,False,False,east_to_west,1,1,0,4.8,-6.0,10.8,5.4,3.2857142857142856,-4.428571428571429,7.714285714285714,3.857142857142857,109,11,0
401704745,2024-11-06,LA Clippers,Philadelphia 76ers,110,98,2025,12,208,1.0,False,False,1.0,False,False,east_to_west,1,1,0,-0.6,-6.6,6.0,3.0,-0.14285714285714285,-8.0,7.857142857142857,3.9285714285714284,110,11,0
401704746,2024-11-06,Sacramento Kings,Toronto Raptors,122,107,2025,15,229,8.0,False,False,1.0,False,False,east_to_west,1,1,0,7.2,-2.4,9.6,4.8,4.285714285714286,-5.625,9.910714285714285,4.955357142857142,111,11,0
401704743,2024-11-06,Denver Nuggets,Oklahoma City Thunder,124,122,2025,2,246,1.0,False,False,3.0,False,False,same_region,0,0,0,6.4,17.6,-11.200000000000001,-5.6000000000000005,1.7142857142857142,17.428571428571427,-15.714285714285714,-7.857142857142857,112,11,0
401704744,2024-11-06,Phoenix Suns,Miami Heat,115,112,2025,3,227,1.0,False,False,3.0,False,False,east_to_west,1,1,0,6.0,5.2,0.7999999999999998,0.3999999999999999,3.7142857142857144,1.1666666666666667,2.5476190476190474,1.2738095238095237,113,11,0
401704739,2024-11-06,Houston Rockets,San Antonio Spurs,127,100,2025,27,227,1.0,False,False,1.0,False,False,same_region,0,0,0,2.8,0.4,2.4,1.2,4.142857142857143,-0.8571428571428571,5.0,2.5,114,11,0
401704738,2024-11-06,Boston Celtics,Golden State Warriors,112,118,2025,-6,230,8.0,False,False,1.0,False,False,west_to_east,1,0,1,12.6,8.8,3.799999999999999,1.8999999999999995,14.0,17.285714285714285,-3.2857142857142847,-1.6428571428571423,115,11,0
401704735,2024-11-06,Charlotte Hornets,Detroit Pistons,108,107,2025,1,215,3.0,False,False,2.0,False,False,same_region,0,0,0,-9.8,-0.4,-9.4,-4.7,-7.0,-3.25,-3.75,-1.875,116,11,0
401704736,2024-11-06,Indiana Pacers,Orlando Magic,118,111,2025,7,229,6.0,False,False,1.0,False,True,same_region,0,0,0,-1.0,-9.8,8.8,4.4,-3.4285714285714284,-3.5,0.07142857142857162,0.03571428571428581,117,11,0
401704740,2024-11-06,Memphis Grizzlies,Los Angeles Lakers,131,114,2025,17,245,5.0,False,False,1.0,False,False,same_region,0,0,0,4.4,-6.0,10.4,5.2,2.125,-2.2857142857142856,4.410714285714286,2.205357142857143,118,11,0
401704741,2024-11-06,New Orleans Pelicans,Cleveland Cavaliers,122,131,2025,-9,253,1.0,False,True,3.0,False,False,east_to_west,1,1,0,-11.8,8.8,-20.6,-10.3,-8.375,13.125,-21.5,-10.75,119,11,0
401704737,2024-11-06,Atlanta Hawks,New York Knicks,121,116,2025,5,237,1.0,False,False,1.0,False,False,same_region,0,0,0,-7.6,9.2,-16.799999999999997,-8.399999999999999,-6.625,3.8333333333333335,-10.458333333333334,-5.229166666666667,120,11,0
401704749,2024-11-07,San Antonio Spurs,Portland Trail Blazers,118,105,2025,13,223,4.0,False,False,2.0,False,False,same_region,0,0,0,-4.0,-4.6,0.5999999999999996,0.2999999999999998,-4.125,-4.875,0.75,0.375,121,11,0
401704748,2024-11-07,Milwaukee Bucks,Utah Jazz,123,100,2025,23,223,4.0,False,False,2.0,False,False,west_to_east,1,0,1,-10.0,-12.0,2.0,1.0,-6.571428571428571,-14.714285714285714,8.142857142857142,4.071428571428571,122,11,0
401704747,2024-11-07,Chicago Bulls,Minnesota Timberwolves,119,135,2025,-16,254,2.0,False,False,4.0,False,False,west_to_east,1,0,1,-6.2,3.8,-10.0,-5.0,-6.375,2.0,-8.375,-4.1875,123,11,0
401704760,2024-11-08,Denver Nuggets,Miami Heat,135,122,2025,13,257,1.0,False,False,1.0,False,False,east_to_west,1,1,0,6.4,3.0,3.4000000000000004,1.7000000000000002,1.75,0.5714285714285714,1.1785714285714286,0.5892857142857143,124,11,0
401704750,2024-11-08,Charlotte Hornets,Indiana Pacers,103,83,2025,20,186,1.0,False,False,3.0,False,False,same_region,0,0,0,-8.0,1.2,-9.2,-4.6,-6.0,-2.125,-3.875,-1.9375,125,11,0
401704759,2024-11-08,Minnesota Timberwolves,Portland Trail Blazers,127,102,2025,25,229,3.0,False,False,0.0,True,False,same_region,0,0,0,4.8,-4.6,9.399999999999999,4.699999999999999,3.75,-5.777777777777778,9.527777777777779,4.763888888888889,126,11,0
401704755,2024-11-08,New York Knicks,Milwaukee Bucks,116,94,2025,22,210,10.0,False,False,3.0,False,False,same_region,0,0,0,3.2,-2.8,6.0,3.0,2.5714285714285716,-2.875,5.446428571428571,2.7232142857142856,127,11,0
401704761,2024-11-08,Los Angeles Lakers,Philadelphia 76ers,116,106,2025,10,222,12.0,False,False,1.0,False,False,east_to_west,1,1,0,-10.2,-7.4,-2.799999999999999,-1.3999999999999995,-4.125,-8.571428571428571,4.446428571428571,2.2232142857142856,128,11,0
401704757,2024-11-08,Memphis Grizzlies,Washington Wizards,128,104,2025,24,232,1.0,False,False,10.0,False,False,east_to_west,1,1,0,8.4,-7.4,15.8,7.9,3.7777777777777777,-9.5,13.277777777777779,6.638888888888889,129,11,0
401704756,2024-11-08,Dallas Mavericks,Phoenix Suns,113,114,2025,-1,227,1.0,False,False,7.0,False,False,same_region,0,0,0,7.2,4.2,3.0,1.5,5.375,3.625,1.75,0.875,130,11,0
401704753,2024-11-08,Boston Celtics,Brooklyn Nets,108,104,2025,4,212,1.0,False,False,8.0,False,False,same_region,0,0,0,9.2,0.8,8.399999999999999,4.199999999999999,11.777777777777779,-0.25,12.027777777777779,6.013888888888889,131,11,0
401704751,2024-11-08,Detroit Pistons,Atlanta Hawks,122,121,2025,1,243,3.0,False,False,4.0,False,False,same_region,0,0,0,1.0,-6.2,7.2,3.6,-3.0,-5.333333333333333,2.333333333333333,1.1666666666666665,132,11,0
401704752,2024-11-08,Orlando Magic,New Orleans Pelicans,115,88,2025,27,203,10.0,False,False,8.0,False,False,west_to_east,1,0,1,-12.0,-10.0,-2.0,-1.0,-3.888888888888889,-8.444444444444445,4.555555555555555,2.2777777777777777,133,11,0
401704758,2024-11-08,Oklahoma City Thunder,Houston Rockets,126,107,2025,19,233,3.0,False,False,7.0,False,False,same_region,0,0,0,12.4,8.8,3.5999999999999996,1.7999999999999998,15.0,7.0,8.0,4.0,134,11,0
401704754,2024-11-08,Cleveland Cavaliers,Golden State Warriors,136,117,2025,19,253,3.0,False,False,1.0,False,False,west_to_east,1,0,1,9.4,11.6,-2.1999999999999993,-1.0999999999999996,12.666666666666666,15.875,-3.208333333333334,-1.604166666666667,135,11,0
401704762,2024-11-08,Sacramento Kings,LA Clippers,98,107,2025,-9,205,1.0,False,False,11.0,False,False,same_region,0,0,0,7.6,0.2,7.3999999999999995,3.6999999999999997,5.625,1.375,4.25,2.125,136,11,0
401704763,2024-11-09,San Antonio Spurs,Utah Jazz,110,111,2025,-1,221,1.0,False,False,1.0,False,False,same_region,0,0,0,1.0,-15.0,16.0,8.0,-2.2222222222222223,-15.75,13.527777777777779,6.763888888888889,137,11,0
401704765,2024-11-09,Cleveland Cavaliers,Brooklyn Nets,105,100,2025,5,205,0.0,True,False,0.0,True,False,same_region,0,0,0,8.4,1.0,7.4,3.7,13.3,-0.6666666666666666,13.966666666666667,6.983333333333333,138,11,0
401704764,2024-11-09,Atlanta Hawks,Chicago Bulls,113,125,2025,-12,238,2.0,False,False,2.0,False,False,same_region,0,0,0,-3.8,-10.0,6.2,3.1,-4.9,-7.444444444444445,2.5444444444444443,1.2722222222222221,139,11,0
401704766,2024-11-09,LA Clippers,Toronto Raptors,105,103,2025,2,208,2.0,False,False,2.0,False,False,east_to_west,1,1,0,2.2,-5.0,7.2,3.6,2.2222222222222223,-6.666666666666667,8.88888888888889,4.444444444444445,140,11,0
401704774,2024-11-10,Denver Nuggets,Dallas Mavericks,122,120,2025,2,242,1.0,False,False,11.0,False,False,same_region,0,0,0,8.0,5.8,2.2,1.1,3.0,4.666666666666667,-1.666666666666667,-0.8333333333333335,141,11,0
401704776,2024-11-10,Portland Trail Blazers,Memphis Grizzlies,89,134,2025,-45,223,8.0,False,False,5.0,False,False,same_region,0,0,0,-9.8,15.8,-25.6,-12.8,-7.7,5.8,-13.5,-6.75,142,11,0
401704775,2024-11-10,Phoenix Suns,Sacramento Kings,118,127,2025,-9,245,3.0,False,False,5.0,False,False,same_region,0,0,0,3.6,2.4,1.2000000000000002,0.6000000000000001,3.3333333333333335,4.0,-0.6666666666666665,-0.33333333333333326,143,11,0
401704771,2024-11-10,Philadelphia 76ers,Charlotte Hornets,107,105,2025,2,212,7.0,False,False,5.0,False,False,same_region,0,0,0,-10.2,-5.0,-5.199999999999999,-2.5999999999999996,-8.75,-3.111111111111111,-5.638888888888889,-2.8194444444444446,144,11,0
401704767,2024-11-10,Detroit Pistons,Houston Rockets,99,101,2025,-2,200,1.0,False,False,1.0,False,False,west_to_east,1,0,1,-0.8,4.0,-4.8,-2.4,-2.6,4.111111111111111,-6.71111111111111,-3.355555555555555,145,11,0
401704777,2024-11-10,Los Angeles Lakers,Toronto Raptors,123,103,2025,20,226,1.0,False,False,0.0,True,False,east_to_west,1,1,0,-7.4,-4.4,-3.0,-1.5,-2.5555555555555554,-6.2,3.644444444444445,1.8222222222222224,146,11,0
401704770,2024-11-10,Orlando Magic,Washington Wizards,121,94,2025,27,215,1.0,False,False,1.0,False,False,same_region,0,0,0,-6.0,-8.4,2.4000000000000004,1.2000000000000002,-0.8,-11.571428571428571,10.77142857142857,5.385714285714285,147,11,0
401704769,2024-11-10,Indiana Pacers,New York Knicks,132,121,2025,11,253,3.0,False,False,3.0,False,False,same_region,0,0,0,-2.0,8.8,-10.8,-5.4,-4.111111111111111,5.0,-9.11111111111111,-4.555555555555555,148,11,0
401704768,2024-11-10,Milwaukee Bucks,Boston Celtics,107,113,2025,-6,220,2.0,False,False,5.0,False,False,same_region,0,0,0,-5.0,10.6,-15.6,-7.8,-5.0,11.0,-16.0,-8.0,149,11,0
401704772,2024-11-10,Minnesota Timberwolves,Miami Heat,94,95,2025,-1,189,1.0,False,False,1.0,False,False,east_to_west,1,1,0,11.0,-1.2,12.2,6.1,6.111111111111111,-1.125,7.236111111111111,3.6180555555555554,150,11,0
401704773,2024-11-10,Oklahoma City Thunder,Golden State Warriors,116,127,2025,-11,243,1.0,False,False,1.0,False,False,same_region,0,0,0,13.8,4.2,9.600000000000001,4.800000000000001,15.444444444444445,12.0,3.4444444444444446,1.7222222222222223,151,11,0
401704779,2024-11-11,Houston Rockets,Washington Wizards,107,92,2025,15,199,4.0,False,False,0.0,True,True,east_to_west,1,1,0,3.2,-14.2,17.4,8.7,3.9,-13.5,17.4,8.7,152,11,0
401704778,2024-11-11,Chicago Bulls,Cleveland Cavaliers,113,119,2025,-6,232,3.0,False,False,4.0,False,False,same_region,0,0,0,-8.2,7.2,-15.399999999999999,-7.699999999999999,-5.5,10.8,-16.3,-8.15,153,11,0
401704781,2024-11-11,Oklahoma City Thunder,LA Clippers,134,128,2025,6,262,0.0,True,True,2.0,False,False,same_region,0,0,0,7.0,3.8,3.2,1.6,12.8,2.2,10.600000000000001,5.300000000000001,154,11,0
401704782,2024-11-11,San Antonio Spurs,Sacramento Kings,116,96,2025,20,212,1.0,False,False,0.0,True,False,same_region,0,0,0,-2.8,2.6,-5.4,-2.7,-2.1,4.5,-6.6,-3.3,155,11,0
401704780,2024-11-11,New Orleans Pelicans,Brooklyn Nets,105,107,2025,-2,212,4.0,False,False,1.0,False,True,east_to_west,1,1,0,-12.4,-2.6,-9.8,-4.9,-10.3,-1.1,-9.200000000000001,-4.6000000000000005,156,11,0
401703373,2024-11-12,Philadelphia 76ers,New York Knicks,99,111,2025,-12,210,1.0,False,False,1.0,False,False,same_region,0,0,0,-7.8,4.8,-12.6,-6.3,-7.555555555555555,3.2222222222222223,-10.777777777777779,-5.388888888888889,157,11,0
401703372,2024-11-12,Orlando Magic,Charlotte Hornets,114,89,2025,25,203,1.0,False,False,1.0,False,False,same_region,0,0,0,1.6,-2.4,4.0,2.0,0.0,-3.0,3.0,1.5,158,11,0
401703370,2024-11-12,Boston Celtics,Atlanta Hawks,116,117,2025,-1,233,3.0,False,False,3.0,False,False,same_region,0,0,0,8.8,-4.6,13.4,6.7,9.3,-6.5,15.8,7.9,159,11,0
401703371,2024-11-12,Detroit Pistons,Miami Heat,123,121,2025,2,244,1.0,False,False,1.0,False,False,same_region,0,0,0,4.8,0.8,4.0,2.0,-2.2,-0.8888888888888888,-1.3111111111111113,-0.6555555555555557,160,11,0
401703377,2024-11-12,Portland Trail Blazers,Minnesota Timberwolves,122,108,2025,14,230,1.0,False,False,4.0,False,False,same_region,0,0,0,-14.2,10.2,-24.4,-12.2,-8.6,5.4,-14.0,-7.0,161,11,0
401703375,2024-11-12,Utah Jazz,Phoenix Suns,112,120,2025,-8,232,11.0,False,False,3.0,False,False,same_region,0,0,0,-11.4,0.6,-12.0,-6.0,-13.88888888888889,2.1,-15.988888888888889,-7.9944444444444445,162,11,0
401703376,2024-11-12,Golden State Warriors,Dallas Mavericks,120,117,2025,3,237,12.0,False,False,1.0,False,False,same_region,0,0,0,3.4,6.6,-3.1999999999999997,-1.5999999999999999,11.9,4.0,7.9,3.95,163,11,0
401703374,2024-11-12,Milwaukee Bucks,Toronto Raptors,99,85,2025,14,184,1.0,False,False,1.0,False,True,same_region,0,0,0,-1.6,-7.2,5.6,2.8,-5.1,-5.2,0.10000000000000053,0.050000000000000266,164,11,0
401704787,2024-11-13,Oklahoma City Thunder,New Orleans Pelicans,106,88,2025,18,194,1.0,False,True,4.0,False,False,same_region,0,0,0,5.6,-14.2,19.799999999999997,9.899999999999999,11.9,-11.7,23.6,11.8,165,11,0
401704793,2024-11-13,Sacramento Kings,Phoenix Suns,127,104,2025,23,231,4.0,False,False,0.0,True,False,same_region,0,0,0,-0.8,1.0,-1.8,-0.9,2.7,2.6,0.10000000000000009,0.050000000000000044,166,11,0
401704788,2024-11-13,Houston Rockets,LA Clippers,111,103,2025,8,214,1.0,False,False,1.0,False,False,same_region,0,0,0,7.4,5.2,2.2,1.1,5.9,1.9,4.0,2.0,167,11,0
401704791,2024-11-13,Los Angeles Lakers,Memphis Grizzlies,128,123,2025,5,251,2.0,False,False,2.0,False,False,same_region,0,0,0,1.4,20.2,-18.8,-9.4,-0.3,10.1,-10.4,-5.2,168,11,0
401704789,2024-11-13,Milwaukee Bucks,Detroit Pistons,127,120,2025,7,247,0.0,True,True,6.0,False,False,same_region,0,0,0,1.4,2.4,-1.0,-0.5,-5.2,-0.8,-4.4,-2.2,169,11,0
401704786,2024-11-13,Philadelphia 76ers,Cleveland Cavaliers,106,114,2025,-8,220,0.0,True,True,1.0,False,False,same_region,0,0,0,-6.8,8.2,-15.0,-7.5,-8.0,10.2,-18.2,-9.1,170,11,0
401704784,2024-11-13,Brooklyn Nets,Boston Celtics,114,139,2025,-25,253,8.0,False,False,2.0,False,False,same_region,0,0,0,-3.8,6.6,-10.399999999999999,-5.199999999999999,-0.5,7.2,-7.7,-3.85,171,11,0
401704792,2024-11-13,Portland Trail Blazers,Minnesota Timberwolves,106,98,2025,8,204,0.0,True,True,0.0,True,False,same_region,0,0,0,-10.2,9.4,-19.6,-9.8,-7.0,4.7,-11.7,-5.85,172,11,0
401704783,2024-11-13,Orlando Magic,Indiana Pacers,94,90,2025,4,184,0.0,True,True,4.0,False,False,same_region,0,0,0,11.2,-0.4,11.6,5.8,1.0,-2.6,3.6,1.8,173,11,0
401704790,2024-11-13,San Antonio Spurs,Washington Wizards,139,130,2025,9,269,1.0,False,False,1.0,False,True,east_to_west,1,1,0,-0.8,-19.8,19.0,9.5,1.0,-13.666666666666666,14.666666666666666,7.333333333333333,174,11,0
401704785,2024-11-13,New York Knicks,Chicago Bulls,123,124,2025,-1,247,4.0,False,False,3.0,False,False,same_region,0,0,0,1.2,-7.8,9.0,4.5,4.1,-4.9,9.0,4.5,175,11,0
401704794,2024-11-14,Utah Jazz,Dallas Mavericks,115,113,2025,2,228,1.0,False,False,1.0,False,False,same_region,0,0,0,-9.4,1.4,-10.8,-5.4,-13.3,2.6,-15.9,-7.95,176,11,0
401703383,2024-11-15,New York Knicks,Brooklyn Nets,124,122,2025,2,246,1.0,False,False,3.0,False,False,same_region,0,0,0,3.4,-6.0,9.4,4.7,6.3,-1.5,7.8,3.9,177,11,0
401703388,2024-11-15,Golden State Warriors,Memphis Grizzlies,123,118,2025,5,241,2.0,False,False,1.0,False,False,same_region,0,0,0,2.8,15.8,-13.0,-6.5,8.6,11.6,-3.0,-1.5,178,11,0
401703389,2024-11-15,Sacramento Kings,Minnesota Timberwolves,126,130,2025,-4,256,1.0,False,False,1.0,False,True,same_region,0,0,0,3.6,3.6,0.0,0.0,5.4,3.7,1.7000000000000002,0.8500000000000001,179,11,0
401703385,2024-11-15,Houston Rockets,LA Clippers,125,104,2025,21,229,1.0,False,False,1.0,False,False,same_region,0,0,0,6.6,1.8,4.8,2.4,4.7,0.6,4.1000000000000005,2.0500000000000003,180,11,0
401703387,2024-11-15,Oklahoma City Thunder,Phoenix Suns,99,83,2025,16,182,1.0,False,False,1.0,False,True,same_region,0,0,0,6.0,-4.0,10.0,5.0,11.8,1.0,10.8,5.4,181,11,0
401703386,2024-11-15,New Orleans Pelicans,Denver Nuggets,101,94,2025,7,195,3.0,False,False,13.0,False,False,same_region,0,0,0,-14.8,9.0,-23.8,-11.9,-13.7,2.9,-16.599999999999998,-8.299999999999999,182,11,0
401703378,2024-11-15,Indiana Pacers,Miami Heat,111,124,2025,-13,235,4.0,False,False,2.0,False,False,same_region,0,0,0,0.2,-3.6,3.8000000000000003,1.9000000000000001,-3.6,-1.0,-2.6,-1.3,183,11,0
401703384,2024-11-15,San Antonio Spurs,Los Angeles Lakers,115,120,2025,-5,235,1.0,False,False,8.0,False,False,same_region,0,0,0,2.8,1.2,1.5999999999999999,0.7999999999999999,1.6,-0.5,2.1,1.05,184,11,0
401703379,2024-11-15,Orlando Magic,Philadelphia 76ers,98,86,2025,12,184,1.0,False,True,6.0,False,False,same_region,0,0,0,15.2,-8.0,23.2,11.6,2.7,-7.3,10.0,5.0,185,11,0
401703380,2024-11-15,Toronto Raptors,Detroit Pistons,95,99,2025,-4,194,12.0,False,False,1.0,False,False,same_region,0,0,0,-10.6,-1.4,-9.2,-4.6,-7.4,-0.9,-6.5,-3.25,186,11,0
401703381,2024-11-15,Atlanta Hawks,Washington Wizards,129,117,2025,12,246,5.0,False,False,1.0,False,False,same_region,0,0,0,-7.4,-17.6,10.200000000000001,5.1000000000000005,-6.9,-13.2,6.299999999999999,3.1499999999999995,187,11,0
401703382,2024-11-15,Cleveland Cavaliers,Chicago Bulls,144,126,2025,18,270,5.0,False,False,1.0,False,False,same_region,0,0,0,9.4,-5.8,15.2,7.6,9.1,-5.9,15.0,7.5,188,11,0
401704798,2024-11-16,Dallas Mavericks,San Antonio Spurs,110,93,2025,17,203,7.0,False,False,9.0,False,False,same_region,0,0,0,2.4,7.2,-4.800000000000001,-2.4000000000000004,3.6,1.6,2.0,1.0,189,11,0
401704797,2024-11-16,New Orleans Pelicans,Los Angeles Lakers,99,104,2025,-5,203,0.0,True,False,0.0,True,False,same_region,0,0,0,-9.8,4.6,-14.4,-7.2,-10.8,-0.7,-10.100000000000001,-5.050000000000001,190,11,0
401704799,2024-11-16,Sacramento Kings,Utah Jazz,121,117,2025,4,238,0.0,True,True,6.0,False,False,same_region,0,0,0,-0.2,-3.8,3.5999999999999996,1.7999999999999998,3.7,-12.9,16.6,8.3,191,11,0
401704796,2024-11-16,Boston Celtics,Toronto Raptors,126,123,2025,3,249,3.0,False,False,3.0,False,False,same_region,0,0,0,5.6,-11.0,16.6,8.3,9.1,-6.7,15.8,7.9,192,11,0
401704795,2024-11-16,Charlotte Hornets,Milwaukee Bucks,115,114,2025,1,229,7.0,False,False,7.0,False,False,same_region,0,0,0,-5.4,3.2,-8.600000000000001,-4.300000000000001,-6.0,-3.4,-2.6,-1.3,193,11,0
401704803,2024-11-17,Washington Wizards,Detroit Pistons,104,124,2025,-20,228,12.0,False,False,1.0,False,False,same_region,0,0,0,-17.4,-0.4,-17.0,-8.5,-12.4,0.3,-12.700000000000001,-6.3500000000000005,194,11,0
401704800,2024-11-17,Minnesota Timberwolves,Phoenix Suns,120,117,2025,3,237,6.0,False,False,1.0,False,False,same_region,0,0,0,1.2,-7.8,9.0,4.5,3.0,-1.8,4.8,2.4,195,11,0
401704805,2024-11-17,Portland Trail Blazers,Atlanta Hawks,114,110,2025,4,224,3.0,False,False,4.0,False,False,east_to_west,1,1,0,-12.2,1.0,-13.2,-6.6,-8.4,-3.3,-5.1000000000000005,-2.5500000000000003,196,11,0
401704804,2024-11-17,Memphis Grizzlies,Denver Nuggets,105,90,2025,15,195,8.0,False,False,1.0,False,False,same_region,0,0,0,15.2,2.4,12.799999999999999,6.3999999999999995,9.8,3.7,6.1000000000000005,3.0500000000000003,197,11,0
401704801,2024-11-17,Indiana Pacers,Miami Heat,119,110,2025,9,229,1.0,False,False,1.0,False,False,same_region,0,0,0,-3.8,-0.8,-3.0,-1.5,-2.4,2.2,-4.6,-2.3,198,11,0
401704802,2024-11-17,Cleveland Cavaliers,Charlotte Hornets,128,114,2025,14,242,1.0,False,False,4.0,False,False,same_region,0,0,0,11.2,-1.0,12.2,6.1,10.3,-5.4,15.700000000000001,7.8500000000000005,199,11,0
401704808,2024-11-17,Oklahoma City Thunder,Dallas Mavericks,119,121,2025,-2,240,1.0,False,False,2.0,False,False,same_region,0,0,0,9.6,1.8,7.8,3.9,11.0,4.5,6.5,3.25,200,11,0
401704806,2024-11-17,New York Knicks,Brooklyn Nets,114,104,2025,10,218,1.0,False,False,1.0,False,False,same_region,0,0,0,4.8,-6.8,11.6,5.8,4.0,-3.0,7.0,3.5,201,11,0
401704809,2024-11-17,LA Clippers,Utah Jazz,116,105,2025,11,221,7.0,False,False,0.0,True,False,same_region,0,0,0,-4.8,-6.4,1.6000000000000005,0.8000000000000003,-2.3,-9.2,6.8999999999999995,3.4499999999999997,202,11,0
401704807,2024-11-17,Chicago Bulls,Houston Rockets,107,143,2025,-36,250,5.0,False,False,6.0,False,False,west_to_east,1,0,1,-5.4,5.4,-10.8,-5.4,-5.8,7.1,-12.899999999999999,-6.449999999999999,203,11,0
401704813,2024-11-18,Toronto Raptors,Indiana Pacers,130,119,2025,11,249,2.0,False,False,4.0,False,False,same_region,0,0,0,-8.6,-3.4,-5.199999999999999,-2.5999999999999996,-6.8,-1.1,-5.699999999999999,-2.8499999999999996,204,11,0
401704811,2024-11-18,Miami Heat,Philadelphia 76ers,106,89,2025,17,195,13.0,False,False,2.0,False,False,same_region,0,0,0,-2.0,-8.0,6.0,3.0,0.5,-7.7,8.2,4.1,205,11,0
401704816,2024-11-18,Sacramento Kings,Atlanta Hawks,108,109,2025,-1,217,1.0,False,True,0.0,True,False,east_to_west,1,1,0,2.4,-0.8,3.2,1.6,2.4,-3.5,5.9,2.95,206,11,0
401704817,2024-11-18,LA Clippers,Golden State Warriors,102,99,2025,3,201,0.0,True,False,7.0,False,False,same_region,0,0,0,-4.4,1.2,-5.6000000000000005,-2.8000000000000003,-1.1,5.0,-6.1,-3.05,207,11,0
401704814,2024-11-18,Milwaukee Bucks,Houston Rockets,101,100,2025,1,201,4.0,False,False,0.0,True,False,west_to_east,1,0,1,-1.6,16.4,-18.0,-9.0,-2.2,10.2,-12.399999999999999,-6.199999999999999,208,11,0
401704815,2024-11-18,Phoenix Suns,Orlando Magic,99,109,2025,-10,208,7.0,False,False,11.0,False,False,east_to_west,1,1,0,-8.6,19.0,-27.6,-13.8,-2.5,3.5,-6.0,-3.0,209,11,0
401704810,2024-11-18,Detroit Pistons,Chicago Bulls,112,122,2025,-10,234,5.0,False,False,2.0,False,False,same_region,0,0,0,3.4,-9.4,12.8,6.4,1.3,-9.7,11.0,5.5,210,11,0
401704812,2024-11-18,New York Knicks,Washington Wizards,134,106,2025,28,240,0.0,True,True,2.0,False,False,same_region,0,0,0,2.4,-16.6,19.0,9.5,5.6,-12.5,18.1,9.05,211,11,0
401703391,2024-11-19,Brooklyn Nets,Charlotte Hornets,116,115,2025,1,231,5.0,False,False,1.0,False,False,same_region,0,0,0,-8.0,-4.0,-4.0,-2.0,-3.5,-6.0,2.5,1.25,212,11,0
401703392,2024-11-19,Memphis Grizzlies,Denver Nuggets,110,122,2025,-12,232,1.0,False,False,1.0,False,False,same_region,0,0,0,14.8,-1.0,15.8,7.9,11.6,2.7,8.899999999999999,4.449999999999999,213,11,0
401703390,2024-11-19,Boston Celtics,Cleveland Cavaliers,120,117,2025,3,237,2.0,False,False,5.0,False,False,same_region,0,0,0,7.4,10.2,-2.799999999999999,-1.3999999999999995,8.3,9.3,-1.0,-0.5,214,11,0
401703394,2024-11-19,San Antonio Spurs,Oklahoma City Thunder,110,104,2025,6,214,3.0,False,False,12.0,False,False,same_region,0,0,0,1.2,5.4,-4.2,-2.1,1.1,9.6,-8.5,-4.25,215,11,0
401703395,2024-11-19,Los Angeles Lakers,Utah Jazz,124,118,2025,6,242,5.0,False,False,1.0,False,True,same_region,0,0,0,9.0,-4.0,13.0,6.5,-0.6,-9.5,8.9,4.45,216,11,0
401703393,2024-11-19,Dallas Mavericks,New Orleans Pelicans,132,91,2025,41,223,2.0,False,False,5.0,False,False,same_region,0,0,0,2.4,-9.0,11.4,5.7,4.1,-9.5,13.6,6.8,217,11,0
401704820,2024-11-20,Houston Rockets,Indiana Pacers,130,113,2025,17,243,4.0,False,False,1.0,False,False,east_to_west,1,1,0,15.8,-1.6,17.400000000000002,8.700000000000001,9.5,-1.8,11.3,5.65,218,11,0
401704822,2024-11-20,Oklahoma City Thunder,Portland Trail Blazers,109,99,2025,10,208,2.0,False,False,11.0,False,False,same_region,0,0,0,6.4,-8.8,15.200000000000001,7.6000000000000005,6.7,-6.7,13.4,6.7,219,11,0
401704821,2024-11-20,Memphis Grizzlies,Philadelphia 76ers,117,111,2025,6,228,0.0,True,True,1.0,False,False,east_to_west,1,1,0,7.6,-9.4,17.0,8.5,11.7,-9.8,21.5,10.75,220,11,0
401704818,2024-11-20,Cleveland Cavaliers,New Orleans Pelicans,128,100,2025,28,228,2.0,False,False,0.0,True,False,west_to_east,1,0,1,8.6,-11.8,20.4,10.2,7.9,-12.1,20.0,10.0,221,11,0
401704824,2024-11-20,Golden State Warriors,Atlanta Hawks,120,97,2025,23,217,4.0,False,False,1.0,False,True,east_to_west,1,1,0,-0.6,-0.4,-0.19999999999999996,-0.09999999999999998,5.5,-2.1,7.6,3.8,222,11,0
401704823,2024-11-20,Phoenix Suns,New York Knicks,122,138,2025,-16,260,1.0,False,False,7.0,False,False,east_to_west,1,1,0,-8.8,10.2,-19.0,-9.5,-4.1,7.5,-11.6,-5.8,223,11,0
401704819,2024-11-20,Milwaukee Bucks,Chicago Bulls,122,106,2025,16,228,1.0,False,False,1.0,False,False,same_region,0,0,0,3.0,-9.8,12.8,6.4,-1.0,-9.0,8.0,4.0,224,11,0
401704825,2024-11-20,LA Clippers,Orlando Magic,104,93,2025,11,197,1.0,False,True,1.0,False,False,east_to_west,1,1,0,-4.2,15.6,-19.8,-9.9,-0.2,4.8,-5.0,-2.5,225,11,0
401704829,2024-11-21,Los Angeles Lakers,Orlando Magic,118,119,2025,-1,237,1.0,False,False,0.0,True,True,east_to_west,1,1,0,8.2,8.0,0.1999999999999993,0.09999999999999964,0.4,4.8,-4.3999999999999995,-2.1999999999999997,226,11,0
401704828,2024-11-21,San Antonio Spurs,Utah Jazz,126,118,2025,8,244,1.0,False,False,1.0,False,False,same_region,0,0,0,2.6,-5.4,8.0,4.0,-0.1,-8.4,8.3,4.15,227,11,0
401704826,2024-11-21,Charlotte Hornets,Detroit Pistons,123,121,2025,2,244,4.0,False,False,3.0,False,False,same_region,0,0,0,-8.2,1.8,-10.0,-5.0,-6.6,3.3,-9.899999999999999,-4.949999999999999,228,11,0
401704827,2024-11-21,Toronto Raptors,Minnesota Timberwolves,110,105,2025,5,215,2.0,False,False,5.0,False,False,west_to_east,1,0,1,-6.0,-3.2,-2.8,-1.4,-5.2,3.9,-9.1,-4.55,229,11,0
401703399,2024-11-22,Chicago Bulls,Atlanta Hawks,136,122,2025,14,258,4.0,False,False,1.0,False,False,same_region,0,0,0,-11.8,-2.6,-9.200000000000001,-4.6000000000000005,-9.8,-3.6,-6.200000000000001,-3.1000000000000005,230,11,0
401703396,2024-11-22,Philadelphia 76ers,Brooklyn Nets,113,98,2025,15,211,8.0,False,False,4.0,False,False,same_region,0,0,0,-11.0,-6.8,-4.2,-2.1,-9.4,-4.7,-4.7,-2.35,231,11,0
401703400,2024-11-22,Houston Rockets,Portland Trail Blazers,116,88,2025,28,204,1.0,False,False,1.0,False,False,same_region,0,0,0,16.2,-5.8,22.0,11.0,11.8,-7.8,19.6,9.8,232,11,0
401703401,2024-11-22,New Orleans Pelicans,Golden State Warriors,108,112,2025,-4,220,5.0,False,False,3.0,False,False,same_region,0,0,0,-17.0,7.8,-24.8,-12.4,-15.6,6.0,-21.6,-10.8,233,11,0
401703398,2024-11-22,Milwaukee Bucks,Indiana Pacers,129,117,2025,12,246,1.0,False,False,1.0,False,False,same_region,0,0,0,7.4,-7.2,14.600000000000001,7.300000000000001,2.9,-3.8,6.699999999999999,3.3499999999999996,234,11,0
401703397,2024-11-22,Washington Wizards,Boston Celtics,96,108,2025,-12,204,4.0,False,False,8.0,False,False,same_region,0,0,0,-16.8,7.2,-24.0,-12.0,-15.5,8.9,-24.4,-12.2,235,11,0
401703403,2024-11-22,LA Clippers,Sacramento Kings,104,88,2025,16,192,1.0,False,False,10.0,False,False,same_region,0,0,0,-0.8,0.4,-1.2000000000000002,-0.6000000000000001,2.2,1.5,0.7000000000000002,0.3500000000000001,236,11,0
401703402,2024-11-22,Denver Nuggets,Dallas Mavericks,120,123,2025,-3,243,11.0,False,False,4.0,False,False,same_region,0,0,0,1.0,11.0,-10.0,-5.0,3.7,8.8,-5.1000000000000005,-2.5500000000000003,237,11,0
401704836,2024-11-23,Los Angeles Lakers,Denver Nuggets,102,127,2025,-25,229,1.0,False,False,3.0,False,False,same_region,0,0,0,4.0,-2.2,6.2,3.1,2.7,2.9,-0.19999999999999973,-0.09999999999999987,238,11,0
401704830,2024-11-23,Utah Jazz,New York Knicks,121,106,2025,15,227,8.0,False,False,2.0,False,False,east_to_west,1,1,0,-5.4,11.0,-16.4,-8.2,-7.4,6.1,-13.5,-6.75,239,11,0
401704835,2024-11-23,San Antonio Spurs,Golden State Warriors,104,94,2025,10,198,1.0,False,False,0.0,True,False,same_region,0,0,0,0.2,6.4,-6.2,-3.1,-0.3,4.9,-5.2,-2.6,240,11,0
401704831,2024-11-23,Orlando Magic,Detroit Pistons,111,100,2025,11,211,7.0,False,False,1.0,False,False,same_region,0,0,0,3.2,1.0,2.2,1.1,7.2,1.7,5.5,2.75,241,11,0
401704833,2024-11-23,Houston Rockets,Portland Trail Blazers,98,104,2025,-6,202,0.0,True,True,0.0,True,True,same_region,0,0,0,20.2,-2.4,22.599999999999998,11.299999999999999,13.4,-8.3,21.700000000000003,10.850000000000001,242,11,0
401704832,2024-11-23,Chicago Bulls,Memphis Grizzlies,131,142,2025,-11,273,0.0,True,False,7.0,False,False,west_to_east,1,0,1,-9.2,-0.2,-9.0,-4.5,-7.5,10.0,-17.5,-8.75,243,11,0
401704834,2024-11-23,Milwaukee Bucks,Charlotte Hornets,125,119,2025,6,244,0.0,True,True,3.0,False,False,same_region,0,0,0,7.0,-7.4,14.4,7.2,4.2,-4.9,9.100000000000001,4.550000000000001,244,11,0
401704841,2024-11-24,Cleveland Cavaliers,Toronto Raptors,122,108,2025,14,230,3.0,False,False,7.0,False,False,same_region,0,0,0,13.0,-1.0,14.0,7.0,10.6,-4.1,14.7,7.35,245,11,0
401704839,2024-11-24,Miami Heat,Dallas Mavericks,123,118,2025,5,241,5.0,False,False,1.0,False,False,west_to_east,1,0,1,4.0,12.2,-8.2,-4.1,1.4,6.8,-5.4,-2.7,246,11,0
401704842,2024-11-24,Sacramento Kings,Brooklyn Nets,103,108,2025,-5,211,5.0,False,False,1.0,False,False,east_to_west,1,1,0,1.2,-10.2,11.399999999999999,5.699999999999999,0.2,-7.0,7.2,3.6,247,11,0
401704838,2024-11-24,Indiana Pacers,Washington Wizards,115,103,2025,12,218,6.0,False,False,5.0,False,False,same_region,0,0,0,-8.8,-16.2,7.399999999999999,3.6999999999999993,-4.3,-18.0,13.7,6.85,248,11,0
401704837,2024-11-24,Boston Celtics,Minnesota Timberwolves,107,105,2025,2,212,4.0,False,False,2.0,False,False,west_to_east,1,0,1,8.4,-4.0,12.4,6.2,8.6,3.1,5.5,2.75,249,11,0
401704840,2024-11-24,Philadelphia 76ers,LA Clippers,99,125,2025,-26,224,1.0,False,False,8.0,False,False,west_to_east,1,0,1,-5.6,4.0,-9.6,-4.8,-6.2,2.9,-9.1,-4.55,250,11,0
401704846,2024-11-25,Atlanta Hawks,Dallas Mavericks,119,129,2025,-10,248,9.0,False,False,0.0,True,True,west_to_east,1,0,1,-5.6,11.6,-17.2,-8.6,-6.5,7.0,-13.5,-6.75,251,11,0
401704845,2024-11-25,Indiana Pacers,New Orleans Pelicans,114,110,2025,4,224,0.0,True,False,4.0,False,False,west_to_east,1,0,1,-3.8,-14.2,10.399999999999999,5.199999999999999,-3.8,-14.5,10.7,5.35,252,11,0
401704844,2024-11-25,Detroit Pistons,Toronto Raptors,102,100,2025,2,202,6.0,False,False,0.0,True,False,same_region,0,0,0,0.2,-1.0,1.2,0.6,-0.6,-5.8,5.2,2.6,253,11,0
401704847,2024-11-25,Boston Celtics,LA Clippers,126,94,2025,32,220,0.0,True,False,0.0,True,False,west_to_east,1,0,1,9.0,13.4,-4.4,-2.2,7.8,4.3,3.5,1.75,254,11,0
401704849,2024-11-25,Denver Nuggets,New York Knicks,118,145,2025,-27,263,2.0,False,False,1.0,False,False,east_to_west,1,1,0,2.4,8.2,-5.799999999999999,-2.8999999999999995,5.7,5.8,-0.09999999999999964,-0.04999999999999982,255,11,0
401704848,2024-11-25,Memphis Grizzlies,Portland Trail Blazers,123,98,2025,25,221,4.0,False,False,1.0,False,True,same_region,0,0,0,3.0,-4.0,7.0,3.5,9.4,-7.1,16.5,8.25,256,11,0
401704851,2024-11-25,Sacramento Kings,Oklahoma City Thunder,109,130,2025,-21,239,0.0,True,False,5.0,False,False,same_region,0,0,0,-4.4,7.2,-11.600000000000001,-5.800000000000001,-0.4,6.4,-6.800000000000001,-3.4000000000000004,257,11,0
401704850,2024-11-25,Golden State Warriors,Brooklyn Nets,120,128,2025,-8,248,4.0,False,False,0.0,True,True,east_to_west,1,1,0,3.8,-4.2,8.0,4.0,3.3,-5.1,8.399999999999999,4.199999999999999,258,11,0
401704843,2024-11-25,Charlotte Hornets,Orlando Magic,84,95,2025,-11,179,3.0,False,False,3.0,False,False,same_region,0,0,0,-3.6,4.6,-8.2,-4.1,-4.5,9.9,-14.4,-7.2,259,11,0
401703408,2024-11-26,Phoenix Suns,Los Angeles Lakers,127,100,2025,27,227,5.0,False,False,9.0,False,False,same_region,0,0,0,-13.6,-2.0,-11.6,-5.8,-6.3,-0.4,-5.8999999999999995,-2.9499999999999997,260,11,0
401703407,2024-11-26,Utah Jazz,San Antonio Spurs,115,128,2025,-13,243,2.0,False,False,9.0,False,False,same_region,0,0,0,-2.8,0.4,-3.1999999999999997,-1.5999999999999999,-3.3,1.6,-4.9,-2.45,261,11,0
401703404,2024-11-26,Washington Wizards,Chicago Bulls,108,127,2025,-19,235,3.0,False,False,5.0,False,False,same_region,0,0,0,-16.8,-7.8,-9.0,-4.5,-17.2,-6.6,-10.6,-5.3,262,11,0
401703405,2024-11-26,Miami Heat,Milwaukee Bucks,103,106,2025,-3,209,1.0,False,False,9.0,False,False,same_region,0,0,0,4.8,6.8,-2.0,-1.0,2.8,5.0,-2.2,-1.1,263,11,0
401703406,2024-11-26,Minnesota Timberwolves,Houston Rockets,111,117,2025,-6,228,8.0,False,False,7.0,False,False,same_region,0,0,0,-1.6,14.8,-16.400000000000002,-8.200000000000001,3.9,10.1,-6.199999999999999,-3.0999999999999996,264,11,0
401704856,2024-11-27,Philadelphia 76ers,Houston Rockets,115,122,2025,-7,237,2.0,False,False,0.0,True,False,west_to_east,1,0,1,-9.2,8.8,-18.0,-9.0,-8.6,12.6,-21.2,-10.6,265,11,0
401704865,2024-11-27,Golden State Warriors,Oklahoma City Thunder,101,105,2025,-4,206,1.0,False,False,1.0,False,False,same_region,0,0,0,1.2,7.8,-6.6,-3.3,1.2,6.9,-5.7,-2.85,266,11,0
401704863,2024-11-27,Phoenix Suns,Brooklyn Nets,117,127,2025,-10,244,0.0,True,False,1.0,False,True,east_to_west,1,1,0,-3.6,-2.2,-1.4,-0.7,-3.8,-4.5,0.7000000000000002,0.3500000000000001,267,11,0
401704864,2024-11-27,Utah Jazz,Denver Nuggets,103,122,2025,-19,225,0.0,True,False,3.0,False,False,same_region,0,0,0,-4.6,-1.6,-2.9999999999999996,-1.4999999999999998,-5.5,0.4,-5.9,-2.95,268,11,0
401704862,2024-11-27,San Antonio Spurs,Los Angeles Lakers,101,119,2025,-18,220,3.0,False,False,0.0,True,False,same_region,0,0,0,4.0,-8.4,12.4,6.2,5.6,-1.9,7.5,3.75,269,11,0
401704860,2024-11-27,Minnesota Timberwolves,Sacramento Kings,104,115,2025,-11,219,0.0,True,False,4.0,False,False,same_region,0,0,0,-1.2,-7.8,6.6,3.3,1.2,-4.0,5.2,2.6,270,11,0
401704859,2024-11-27,Memphis Grizzlies,Detroit Pistons,131,111,2025,20,242,1.0,False,False,3.0,False,False,east_to_west,1,1,0,9.0,-0.2,9.2,4.6,12.1,-0.3,12.4,6.2,271,11,0
401704858,2024-11-27,Dallas Mavericks,New York Knicks,129,114,2025,15,243,7.0,False,False,1.0,False,False,east_to_west,1,1,0,10.2,13.2,-3.0,-1.5,6.0,9.0,-3.0,-1.5,272,11,0
401704852,2024-11-27,Charlotte Hornets,Miami Heat,94,98,2025,-4,192,1.0,False,False,9.0,False,False,same_region,0,0,0,-6.0,4.6,-10.6,-5.3,-3.5,0.5,-4.0,-2.0,273,11,0
401704853,2024-11-27,Cleveland Cavaliers,Atlanta Hawks,124,135,2025,-11,259,2.0,False,False,4.0,False,False,same_region,0,0,0,14.2,-10.0,24.2,12.1,11.8,-4.5,16.3,8.15,274,11,0
401704854,2024-11-27,Indiana Pacers,Portland Trail Blazers,121,114,2025,7,235,1.0,False,True,1.0,False,False,west_to_east,1,0,1,-4.8,-10.6,5.8,2.9,-4.1,-11.4,7.300000000000001,3.6500000000000004,275,11,0
401704855,2024-11-27,Orlando Magic,Chicago Bulls,133,119,2025,14,252,3.0,False,False,0.0,True,False,same_region,0,0,0,4.4,3.2,1.2000000000000002,0.6000000000000001,11.7,-3.1,14.799999999999999,7.3999999999999995,276,11,0
401704861,2024-11-27,New Orleans Pelicans,Toronto Raptors,93,119,2025,-26,212,4.0,False,False,1.0,False,True,east_to_west,1,1,0,-16.4,-0.6,-15.799999999999999,-7.8999999999999995,-13.1,-5.8,-7.3,-3.65,277,11,0
401704857,2024-11-27,Washington Wizards,LA Clippers,96,121,2025,-25,217,0.0,True,False,1.0,False,True,west_to_east,1,0,1,-18.2,4.8,-23.0,-11.5,-17.8,0.2,-18.0,-9.0,278,11,0
401703417,2024-11-29,Los Angeles Lakers,Oklahoma City Thunder,93,101,2025,-8,194,5.0,False,False,1.0,False,False,same_region,0,0,0,-5.8,5.4,-11.2,-5.6,1.6,7.5,-5.9,-2.95,279,11,0
401703415,2024-11-29,Miami Heat,Toronto Raptors,121,111,2025,10,232,2.0,False,False,1.0,False,False,same_region,0,0,0,2.8,5.2,-2.4000000000000004,-1.2000000000000002,1.0,-1.7,2.7,1.35,280,11,0
401703418,2024-11-29,Portland Trail Blazers,Sacramento Kings,115,106,2025,9,221,11.0,False,False,1.0,False,False,same_region,0,0,0,-12.8,-6.4,-6.4,-3.2,-10.8,-2.0,-8.8,-4.4,281,11,0
401703416,2024-11-29,Chicago Bulls,Boston Celtics,129,138,2025,-9,267,5.0,False,False,6.0,False,False,same_region,0,0,0,-1.6,10.4,-12.0,-6.0,-5.7,8.0,-13.7,-6.85,282,11,0
401703414,2024-11-29,Indiana Pacers,Detroit Pistons,106,130,2025,-24,236,1.0,False,False,1.0,False,False,same_region,0,0,0,-1.2,-8.2,6.999999999999999,3.4999999999999996,-1.4,-2.4,1.0,0.5,283,11,0
401703413,2024-11-29,Minnesota Timberwolves,LA Clippers,93,92,2025,1,185,1.0,False,True,1.0,False,False,same_region,0,0,0,-4.2,9.2,-13.399999999999999,-6.699999999999999,-1.5,2.5,-4.0,-2.0,284,11,0
401703412,2024-11-29,Brooklyn Nets,Orlando Magic,100,123,2025,-23,223,9.0,False,False,3.0,False,False,same_region,0,0,0,1.8,5.2,-3.4000000000000004,-1.7000000000000002,-3.1,10.4,-13.5,-6.75,285,11,0
401703411,2024-11-29,Memphis Grizzlies,New Orleans Pelicans,120,109,2025,11,229,1.0,False,False,3.0,False,False,same_region,0,0,0,10.0,-20.6,30.6,15.3,12.4,-14.8,27.200000000000003,13.600000000000001,286,11,0
401703410,2024-11-29,Atlanta Hawks,Cleveland Cavaliers,117,101,2025,16,218,3.0,False,False,9.0,False,False,same_region,0,0,0,-7.0,8.4,-15.4,-7.7,-3.9,9.8,-13.700000000000001,-6.8500000000000005,287,11,0
401703409,2024-11-29,Charlotte Hornets,New York Knicks,98,99,2025,-1,197,1.0,False,False,1.0,False,False,same_region,0,0,0,-4.0,8.2,-12.2,-6.1,-4.0,5.3,-9.3,-4.65,288,11,0
401704866,2024-11-30,Charlotte Hornets,Atlanta Hawks,104,107,2025,-3,211,0.0,True,True,2.0,False,False,same_region,0,0,0,-4.0,-4.0,0.0,0.0,-6.1,-2.2,-3.8999999999999995,-1.9499999999999997,289,11,0
401704867,2024-11-30,Detroit Pistons,Philadelphia 76ers,96,111,2025,-15,207,4.0,False,False,9.0,False,False,same_region,0,0,0,-1.4,-8.2,6.799999999999999,3.3999999999999995,0.2,-8.1,8.299999999999999,4.1499999999999995,290,11,0
401704868,2024-11-30,Milwaukee Bucks,Washington Wizards,124,114,2025,10,238,6.0,False,False,5.0,False,False,same_region,0,0,0,7.6,-19.2,26.799999999999997,13.399999999999999,3.0,-17.9,20.9,10.45,291,11,0
401704869,2024-11-30,Phoenix Suns,Golden State Warriors,113,105,2025,8,218,2.0,False,False,6.0,False,False,same_region,0,0,0,-2.4,1.0,-3.4,-1.7,-5.1,0.2,-5.3,-2.65,292,11,0
401704870,2024-11-30,Utah Jazz,Dallas Mavericks,94,106,2025,-12,200,2.0,False,False,4.0,False,False,same_region,0,0,0,-6.2,12.8,-19.0,-9.5,-5.1,7.6,-12.7,-6.35,293,11,0
401704877,2024-12-01,Utah Jazz,Los Angeles Lakers,104,105,2025,-1,209,0.0,True,False,3.0,False,False,same_region,0,0,0,-7.4,-8.6,1.1999999999999993,0.5999999999999996,-6.4,-0.2,-6.2,-3.1,294,12,0
401704880,2024-12-01,LA Clippers,Denver Nuggets,126,122,2025,4,248,8.0,False,False,3.0,False,False,same_region,0,0,0,6.8,5.2,1.5999999999999996,0.7999999999999998,3.0,2.1,0.8999999999999999,0.44999999999999996,295,12,0
401704875,2024-12-01,Toronto Raptors,Miami Heat,119,116,2025,3,235,9.0,False,False,3.0,False,False,same_region,0,0,0,1.0,6.6,-5.6,-2.8,-2.5,2.3,-4.8,-2.4,296,12,0
401704879,2024-12-01,Sacramento Kings,San Antonio Spurs,125,127,2025,-2,252,5.0,False,False,4.0,False,False,same_region,0,0,0,-8.0,3.8,-11.8,-5.9,-3.8,2.5,-6.3,-3.15,297,12,0
401704878,2024-12-01,Portland Trail Blazers,Dallas Mavericks,131,137,2025,-6,268,1.0,False,False,0.0,True,False,same_region,0,0,0,-9.0,7.0,-16.0,-8.0,-7.4,9.0,-16.4,-8.2,298,12,0
401704876,2024-12-01,Houston Rockets,Oklahoma City Thunder,119,116,2025,3,235,7.0,False,False,1.0,False,False,same_region,0,0,0,10.4,7.4,3.0,1.5,13.1,6.4,6.699999999999999,3.3499999999999996,299,12,0
401704872,2024-12-01,Memphis Grizzlies,Indiana Pacers,136,121,2025,15,257,1.0,False,False,8.0,False,False,east_to_west,1,1,0,14.6,-2.6,17.2,8.6,11.1,-4.9,16.0,8.0,300,12,0
401704871,2024-12-01,Brooklyn Nets,Orlando Magic,92,100,2025,-8,192,1.0,False,False,1.0,False,False,same_region,0,0,0,-3.0,12.0,-15.0,-7.5,-4.9,10.0,-14.9,-7.45,301,12,0
401704874,2024-12-01,New York Knicks,New Orleans Pelicans,118,85,2025,33,203,12.0,False,False,1.0,False,False,west_to_east,1,0,1,2.8,-14.6,17.4,8.7,6.5,-13.2,19.7,9.85,302,12,0
401704873,2024-12-01,Cleveland Cavaliers,Boston Celtics,115,111,2025,4,226,3.0,False,False,1.0,False,False,same_region,0,0,0,2.4,11.6,-9.2,-4.6,6.3,9.5,-3.2,-1.6,303,12,0
401704883,2024-12-02,Chicago Bulls,Brooklyn Nets,128,102,2025,26,230,2.0,False,False,4.0,False,False,same_region,0,0,0,-0.2,-1.6,1.4000000000000001,0.7000000000000001,-6.0,-5.9,-0.09999999999999964,-0.04999999999999982,304,12,0
401704884,2024-12-02,Minnesota Timberwolves,Los Angeles Lakers,109,80,2025,29,189,2.0,False,False,0.0,True,False,same_region,0,0,0,-4.6,-8.2,3.5999999999999996,1.7999999999999998,-3.9,-2.1,-1.7999999999999998,-0.8999999999999999,305,12,0
401704882,2024-12-02,Boston Celtics,Miami Heat,108,89,2025,19,197,6.0,False,False,0.0,True,False,same_region,0,0,0,10.2,2.6,7.6,3.8,8.7,3.3,5.3999999999999995,2.6999999999999997,306,12,0
401704881,2024-12-02,Atlanta Hawks,New Orleans Pelicans,124,112,2025,12,236,2.0,False,False,0.0,True,True,west_to_east,1,0,1,1.2,-15.6,16.8,8.4,-0.7,-16.3,15.600000000000001,7.800000000000001,307,12,0
401703427,2024-12-03,Denver Nuggets,Golden State Warriors,119,115,2025,4,234,7.0,False,False,2.0,False,False,same_region,0,0,0,2.0,-5.2,7.2,3.6,1.5,1.3,0.19999999999999996,0.09999999999999998,308,12,0
401703428,2024-12-03,Sacramento Kings,Houston Rockets,120,111,2025,9,231,1.0,False,False,5.0,False,False,same_region,0,0,0,-5.2,7.6,-12.8,-6.4,-2.0,11.9,-13.9,-6.95,309,12,0
401703426,2024-12-03,Phoenix Suns,San Antonio Spurs,104,93,2025,11,197,2.0,False,False,1.0,False,False,same_region,0,0,0,-0.2,3.0,-3.2,-1.6,-4.4,2.8,-7.2,-3.6,310,12,0
401703425,2024-12-03,Dallas Mavericks,Memphis Grizzlies,121,116,2025,5,237,5.0,False,False,9.0,False,False,same_region,0,0,0,7.6,16.4,-8.799999999999999,-4.3999999999999995,9.9,8.1,1.8000000000000007,0.9000000000000004,311,12,0
401703421,2024-12-03,Detroit Pistons,Milwaukee Bucks,107,128,2025,-21,235,2.0,False,False,6.0,False,False,same_region,0,0,0,-4.0,9.4,-13.4,-6.7,-1.5,6.2,-7.7,-3.85,312,12,0
401703429,2024-12-03,LA Clippers,Portland Trail Blazers,127,105,2025,22,232,1.0,False,False,5.0,False,False,same_region,0,0,0,4.4,-4.6,9.0,4.5,4.2,-3.5,7.7,3.85,313,12,0
401703423,2024-12-03,Toronto Raptors,Indiana Pacers,122,111,2025,11,233,1.0,False,False,1.0,False,False,same_region,0,0,0,0.6,-3.2,3.8000000000000003,1.9000000000000001,-0.2,-6.0,5.8,2.9,314,12,0
401703419,2024-12-03,Charlotte Hornets,Philadelphia 76ers,104,110,2025,-6,214,2.0,False,False,2.0,False,False,same_region,0,0,0,-5.0,-1.8,-3.2,-1.6,-6.2,-5.6,-0.6000000000000005,-0.30000000000000027,315,12,0
401703420,2024-12-03,Cleveland Cavaliers,Washington Wizards,118,87,2025,31,205,1.0,False,False,2.0,False,False,same_region,0,0,0,3.8,-15.6,19.4,9.7,6.2,-16.2,22.4,11.2,316,12,0
401703424,2024-12-03,Oklahoma City Thunder,Utah Jazz,133,106,2025,27,239,12.0,False,False,11.0,False,False,same_region,0,0,0,8.0,-6.0,14.0,7.0,7.2,-5.7,12.9,6.45,317,12,0
401703422,2024-12-03,New York Knicks,Orlando Magic,121,106,2025,15,227,1.0,False,False,1.0,False,False,same_region,0,0,0,6.2,13.4,-7.2,-3.6,8.6,8.3,0.29999999999999893,0.14999999999999947,318,12,0
401704888,2024-12-04,Philadelphia 76ers,Orlando Magic,102,106,2025,-4,208,6.0,False,False,0.0,True,True,same_region,0,0,0,0.6,8.2,-7.6,-3.8,-5.2,6.4,-11.600000000000001,-5.800000000000001,319,12,0
401704887,2024-12-04,Miami Heat,Los Angeles Lakers,134,93,2025,41,227,4.0,False,False,1.0,False,True,west_to_east,1,0,1,-2.2,-9.0,6.8,3.4,1.3,-5.5,6.8,3.4,320,12,0
401704886,2024-12-04,Brooklyn Nets,Indiana Pacers,99,90,2025,9,189,2.0,False,False,0.0,True,True,same_region,0,0,0,-7.8,-7.8,0.0,0.0,-6.0,-5.8,-0.20000000000000018,-0.10000000000000009,321,12,0
401704885,2024-12-04,Boston Celtics,Detroit Pistons,130,120,2025,10,250,1.0,False,False,4.0,False,False,same_region,0,0,0,11.6,-6.0,17.6,8.8,10.0,-2.9,12.9,6.45,322,12,0
401704889,2024-12-04,Milwaukee Bucks,Atlanta Hawks,104,119,2025,-15,223,3.0,False,False,3.0,False,False,same_region,0,0,0,10.4,6.4,4.0,2.0,8.9,0.4,8.5,4.25,323,12,0
401704890,2024-12-04,LA Clippers,Minnesota Timberwolves,80,108,2025,-28,188,0.0,True,True,9.0,False,False,same_region,0,0,0,3.6,2.2,1.4,0.7,8.5,-0.9,9.4,4.7,324,12,0
401704896,2024-12-05,New Orleans Pelicans,Phoenix Suns,126,124,2025,2,250,7.0,False,False,17.0,False,False,same_region,0,0,0,-17.2,4.0,-21.2,-10.6,-15.7,-2.4,-13.299999999999999,-6.6499999999999995,325,12,0
401704895,2024-12-05,Memphis Grizzlies,Sacramento Kings,115,110,2025,5,225,3.0,False,False,5.0,False,False,same_region,0,0,0,13.2,-2.4,15.6,7.8,8.1,-3.4,11.5,5.75,326,12,0
401704897,2024-12-05,San Antonio Spurs,Chicago Bulls,124,139,2025,-15,263,7.0,False,False,7.0,False,False,east_to_west,1,1,0,-0.8,2.2,-3.0,-1.5,-0.3,-3.5,3.2,1.6,327,12,0
401704898,2024-12-05,Golden State Warriors,Houston Rockets,99,93,2025,6,192,7.0,False,False,1.0,False,False,same_region,0,0,0,-6.8,0.2,-7.0,-3.5,-0.2,10.2,-10.399999999999999,-5.199999999999999,328,12,0
401704894,2024-12-05,Toronto Raptors,Oklahoma City Thunder,92,129,2025,-37,221,1.0,False,False,3.0,False,False,west_to_east,1,0,1,5.6,11.4,-5.800000000000001,-2.9000000000000004,2.3,9.3,-7.000000000000001,-3.5000000000000004,329,12,0
401704891,2024-12-05,Cleveland Cavaliers,Denver Nuggets,126,114,2025,12,240,1.0,False,False,3.0,False,False,west_to_east,1,0,1,4.4,3.4,1.0000000000000004,0.5000000000000002,8.7,0.6,8.1,4.05,330,12,0
401704893,2024-12-05,New York Knicks,Charlotte Hornets,125,101,2025,24,226,1.0,False,False,11.0,False,False,same_region,0,0,0,12.2,-5.0,17.2,8.6,10.2,-4.3,14.5,7.25,331,12,0
401704892,2024-12-05,Washington Wizards,Dallas Mavericks,101,137,2025,-36,238,7.0,False,False,3.0,False,False,west_to_east,1,0,1,-19.4,9.6,-29.0,-14.5,-17.8,10.6,-28.4,-14.2,332,12,0
401704905,2024-12-06,Portland Trail Blazers,Utah Jazz,99,141,2025,-42,240,4.0,False,False,2.0,False,False,same_region,0,0,0,-10.2,-14.4,4.200000000000001,2.1000000000000005,-7.1,-8.6,1.5,0.75,333,12,0
401704899,2024-12-06,Philadelphia 76ers,Orlando Magic,102,94,2025,8,196,1.0,False,False,1.0,False,True,same_region,0,0,0,-3.2,6.8,-10.0,-5.0,-4.4,5.6,-10.0,-5.0,334,12,0
401704902,2024-12-06,Chicago Bulls,Indiana Pacers,123,132,2025,-9,255,3.0,False,False,1.0,False,True,same_region,0,0,0,7.4,-10.4,17.8,8.9,-0.2,-7.6,7.3999999999999995,3.6999999999999997,335,12,0
401704903,2024-12-06,San Antonio Spurs,Sacramento Kings,113,140,2025,-27,253,0.0,True,False,0.0,True,False,same_region,0,0,0,-5.8,0.8,-6.6,-3.3,-2.7,-3.5,0.7999999999999998,0.3999999999999999,336,12,0
401704900,2024-12-06,Atlanta Hawks,Los Angeles Lakers,134,132,2025,2,266,3.0,False,False,1.0,False,False,west_to_east,1,0,1,11.4,-11.8,23.200000000000003,11.600000000000001,0.7,-10.1,10.799999999999999,5.3999999999999995,337,12,0
401704901,2024-12-06,Boston Celtics,Milwaukee Bucks,111,105,2025,6,216,1.0,False,False,2.0,False,False,same_region,0,0,0,13.2,5.0,8.2,4.1,11.1,6.0,5.1,2.55,338,12,0
401704904,2024-12-06,Golden State Warriors,Minnesota Timberwolves,90,107,2025,-17,197,0.0,True,False,1.0,False,False,same_region,0,0,0,-3.6,8.2,-11.799999999999999,-5.8999999999999995,0.1,3.3,-3.1999999999999997,-1.5999999999999999,339,12,0
401704906,2024-12-07,Charlotte Hornets,Cleveland Cavaliers,102,116,2025,-14,218,3.0,False,False,7.0,False,False,same_region,0,0,0,-7.6,4.0,-11.6,-5.8,-6.8,9.1,-15.899999999999999,-7.949999999999999,340,12,0
401704908,2024-12-07,New Orleans Pelicans,Oklahoma City Thunder,109,119,2025,-10,228,1.0,False,False,1.0,False,False,same_region,0,0,0,-16.0,14.6,-30.6,-15.3,-16.2,11.2,-27.4,-13.7,341,12,0
401704907,2024-12-07,Washington Wizards,Denver Nuggets,122,113,2025,9,235,1.0,False,False,1.0,False,False,west_to_east,1,0,1,-24.2,-4.0,-20.2,-10.1,-20.5,-0.8,-19.7,-9.85,342,12,0
401704910,2024-12-07,Toronto Raptors,Dallas Mavericks,118,125,2025,-7,243,1.0,False,False,1.0,False,False,west_to_east,1,0,1,-1.4,14.8,-16.2,-8.1,-1.0,12.5,-13.5,-6.75,343,12,0
401704909,2024-12-07,New York Knicks,Detroit Pistons,111,120,2025,-9,231,1.0,False,False,2.0,False,False,same_region,0,0,0,11.6,-8.4,20.0,10.0,12.4,-4.3,16.7,8.35,344,12,0
401704912,2024-12-07,Miami Heat,Phoenix Suns,121,111,2025,10,232,2.0,False,False,1.0,False,False,west_to_east,1,0,1,6.6,6.8,-0.20000000000000018,-0.10000000000000009,5.6,-3.4,9.0,4.5,345,12,0
401704911,2024-12-07,Boston Celtics,Memphis Grizzlies,121,127,2025,-6,248,0.0,True,True,3.0,False,False,west_to_east,1,0,1,8.0,9.2,-1.1999999999999993,-0.5999999999999996,9.2,9.1,0.09999999999999964,0.04999999999999982,346,12,0
401704924,2024-12-08,Los Angeles Lakers,Portland Trail Blazers,107,98,2025,9,205,8.0,False,False,4.0,False,False,same_region,0,0,0,-15.8,-13.6,-2.200000000000001,-1.1000000000000005,-10.8,-12.1,1.299999999999999,0.6499999999999995,347,12,0
401704921,2024-12-08,Golden State Warriors,Minnesota Timberwolves,114,106,2025,8,220,1.0,False,True,1.0,False,False,same_region,0,0,0,-5.4,12.8,-18.200000000000003,-9.100000000000001,-2.1,5.8,-7.9,-3.95,348,12,0
401704919,2024-12-08,Washington Wizards,Memphis Grizzlies,112,140,2025,-28,252,0.0,True,True,0.0,True,False,west_to_east,1,0,1,-18.6,6.4,-25.0,-12.5,-18.4,8.2,-26.599999999999998,-13.299999999999999,349,12,0
401704920,2024-12-08,San Antonio Spurs,New Orleans Pelicans,121,116,2025,5,237,1.0,False,True,5.0,False,False,same_region,0,0,0,-13.8,-12.8,-1.0,-0.5,-4.9,-16.7,11.799999999999999,5.8999999999999995,350,12,0
401704922,2024-12-08,LA Clippers,Houston Rockets,106,117,2025,-11,223,3.0,False,False,2.0,False,False,same_region,0,0,0,4.4,0.2,4.2,2.1,4.6,7.5,-2.9000000000000004,-1.4500000000000002,351,12,0
401704916,2024-12-08,Atlanta Hawks,Denver Nuggets,111,141,2025,-30,252,1.0,False,False,0.0,True,True,west_to_east,1,0,1,9.6,-0.4,10.0,5.0,1.3,-1.0,2.3,1.15,352,12,0
401704918,2024-12-08,Orlando Magic,Phoenix Suns,115,110,2025,5,225,10.0,False,False,0.0,True,True,west_to_east,1,0,1,2.4,-0.6,3.0,1.5,3.8,-2.1,5.9,2.95,353,12,0
401704913,2024-12-08,Chicago Bulls,Philadelphia 76ers,100,108,2025,-8,208,1.0,False,False,4.0,False,False,same_region,0,0,0,1.8,3.6,-1.8,-0.9,2.5,-2.8,5.3,2.65,354,12,0
401704914,2024-12-08,Brooklyn Nets,Milwaukee Bucks,113,118,2025,-5,231,3.0,False,False,1.0,False,False,same_region,0,0,0,-7.6,2.6,-10.2,-5.1,-4.9,4.7,-9.600000000000001,-4.800000000000001,355,12,0
401704923,2024-12-08,Sacramento Kings,Utah Jazz,141,97,2025,44,238,4.0,False,False,1.0,False,False,same_region,0,0,0,4.0,-3.4,7.4,3.7,-1.2,-4.0,2.8,1.4,356,12,0
401704915,2024-12-08,Indiana Pacers,Charlotte Hornets,109,113,2025,-4,222,8.0,False,False,2.0,False,False,same_region,0,0,0,-10.0,-9.6,-0.40000000000000036,-0.20000000000000018,-5.6,-6.8,1.2000000000000002,0.6000000000000001,357,12,0
401704917,2024-12-08,Miami Heat,Cleveland Cavaliers,122,113,2025,9,235,0.0,True,False,0.0,True,False,same_region,0,0,0,7.8,9.0,-1.2000000000000002,-0.6000000000000001,5.3,8.7,-3.3999999999999995,-1.6999999999999997,358,12,0
401704925,2024-12-09,Toronto Raptors,New York Knicks,108,113,2025,-5,221,1.0,False,False,9.0,False,False,same_region,0,0,0,-8.0,12.8,-20.8,-10.4,-1.4,10.5,-11.9,-5.95,359,12,0
401734902,2024-12-10,Milwaukee Bucks,Orlando Magic,114,109,2025,5,223,5.0,False,False,3.0,False,False,same_region,0,0,0,3.0,-1.2,4.2,2.1,5.3,5.4,-0.10000000000000053,-0.050000000000000266,360,12,0
401734903,2024-12-10,Oklahoma City Thunder,Dallas Mavericks,118,104,2025,14,222,6.0,False,False,2.0,False,False,same_region,0,0,0,15.8,13.2,2.6000000000000014,1.3000000000000007,10.6,13.0,-2.4000000000000004,-1.2000000000000002,361,12,0
401734904,2024-12-11,New York Knicks,Atlanta Hawks,100,108,2025,-8,208,3.0,False,False,6.0,False,False,same_region,0,0,0,13.6,0.4,13.2,6.6,8.2,-1.8,10.0,5.0,362,12,0
401734905,2024-12-11,Houston Rockets,Golden State Warriors,91,90,2025,1,181,9.0,False,False,7.0,False,False,same_region,0,0,0,1.2,-3.0,4.2,2.1,5.0,-1.0,6.0,3.0,363,12,0
401736800,2024-12-12,Miami Heat,Toronto Raptors,114,104,2025,10,218,3.0,False,False,12.0,False,False,same_region,0,0,0,7.6,-7.0,14.6,7.3,7.1,-3.0,10.1,5.05,364,12,0
401736801,2024-12-12,New Orleans Pelicans,Sacramento Kings,109,111,2025,-2,220,4.0,False,False,5.0,False,False,same_region,0,0,0,-11.6,14.6,-26.2,-13.1,-13.1,3.3,-16.4,-8.2,365,12,0
401736799,2024-12-12,Boston Celtics,Detroit Pistons,123,99,2025,24,222,4.0,False,False,4.0,False,False,same_region,0,0,0,5.0,-2.6,7.6,3.8,8.3,-5.4,13.700000000000001,6.8500000000000005,366,12,0
401736809,2024-12-13,Portland Trail Blazers,San Antonio Spurs,116,118,2025,-2,234,6.0,False,False,9.0,False,False,same_region,0,0,0,-14.0,-9.2,-4.800000000000001,-2.4000000000000004,-13.4,-2.7,-10.7,-5.35,367,12,0
401736803,2024-12-13,Philadelphia 76ers,Indiana Pacers,107,121,2025,-14,228,6.0,False,False,6.0,False,False,same_region,0,0,0,6.6,-6.0,12.6,6.3,-0.8,-4.3,3.5,1.75,368,12,0
401736802,2024-12-13,Cleveland Cavaliers,Washington Wizards,115,105,2025,10,220,7.0,False,False,9.0,False,False,same_region,0,0,0,10.4,-19.2,29.6,14.8,6.4,-19.2,25.6,12.8,369,12,0
401736806,2024-12-13,Chicago Bulls,Charlotte Hornets,109,95,2025,14,204,4.0,False,False,4.0,False,False,same_region,0,0,0,3.0,-8.6,11.6,5.8,0.7,-6.3,7.0,3.5,370,12,0
401736805,2024-12-13,Memphis Grizzlies,Brooklyn Nets,135,119,2025,16,254,7.0,False,False,10.0,False,False,east_to_west,1,1,0,9.8,-10.6,20.4,10.2,12.2,-4.4,16.6,8.3,371,12,0
401736804,2024-12-13,Minnesota Timberwolves,Los Angeles Lakers,97,87,2025,10,184,10.0,False,False,6.0,False,False,same_region,0,0,0,13.4,-12.4,25.8,12.9,4.6,-10.5,15.1,7.55,372,12,0
401736807,2024-12-13,Denver Nuggets,LA Clippers,120,98,2025,22,218,9.0,False,False,13.0,False,False,same_region,0,0,0,1.8,-2.8,4.6,2.3,3.5,3.2,0.2999999999999998,0.1499999999999999,373,12,0
401736808,2024-12-13,Utah Jazz,Phoenix Suns,126,134,2025,-8,260,11.0,False,False,4.0,False,False,same_region,0,0,0,-8.4,0.4,-8.8,-4.4,-7.3,-1.0,-6.3,-3.15,374,12,0
401734906,2024-12-14,Milwaukee Bucks,Atlanta Hawks,110,102,2025,8,212,3.0,False,False,2.0,False,False,same_region,0,0,0,2.0,1.4,0.6000000000000001,0.30000000000000004,5.7,1.3,4.4,2.2,375,12,0
401734907,2024-12-14,Oklahoma City Thunder,Houston Rockets,111,96,2025,15,207,3.0,False,False,5.0,False,False,same_region,0,0,0,17.0,0.0,17.0,8.5,12.2,5.2,6.999999999999999,3.4999999999999996,376,12,0
401736810,2024-12-15,Indiana Pacers,New Orleans Pelicans,119,104,2025,15,223,6.0,False,False,6.0,False,False,west_to_east,1,0,1,-0.2,-5.4,5.2,2.6,-1.7,-10.5,8.8,4.4,377,12,0
401736812,2024-12-15,San Antonio Spurs,Minnesota Timberwolves,92,106,2025,-14,198,6.0,False,False,6.0,False,False,same_region,0,0,0,-9.2,15.2,-24.4,-12.2,-3.1,5.3,-8.4,-4.2,378,12,0
401736811,2024-12-15,Washington Wizards,Boston Celtics,98,112,2025,-14,210,6.0,False,False,13.0,False,False,same_region,0,0,0,-19.2,10.6,-29.799999999999997,-14.899999999999999,-17.4,10.4,-27.799999999999997,-13.899999999999999,379,12,0
401736814,2024-12-15,Los Angeles Lakers,Memphis Grizzlies,116,110,2025,6,226,6.0,False,False,6.0,False,False,same_region,0,0,0,-14.6,10.0,-24.6,-12.3,-11.4,13.2,-24.6,-12.3,380,12,0
401736813,2024-12-15,Phoenix Suns,Portland Trail Blazers,116,109,2025,7,225,11.0,False,False,6.0,False,False,same_region,0,0,0,0.4,-16.2,16.599999999999998,8.299999999999999,0.1,-12.6,12.7,6.35,381,12,0
401737912,2024-12-15,Golden State Warriors,Dallas Mavericks,133,143,2025,-10,276,6.0,False,False,4.0,False,False,same_region,0,0,0,-1.6,8.0,-9.6,-4.8,-3.4,7.5,-10.9,-5.45,382,12,0
401737902,2024-12-15,Orlando Magic,New York Knicks,91,100,2025,-9,191,6.0,False,False,5.0,False,False,same_region,0,0,0,-3.8,5.4,-9.2,-4.6,4.8,5.8,-1.0,-0.5,383,12,0
401736820,2024-12-16,LA Clippers,Utah Jazz,144,107,2025,37,251,7.0,False,False,7.0,False,False,same_region,0,0,0,-7.0,-7.6,0.5999999999999996,0.2999999999999998,-0.1,-7.5,7.4,3.7,384,12,0
401736819,2024-12-16,Sacramento Kings,Denver Nuggets,129,130,2025,-1,259,7.0,False,False,7.0,False,False,same_region,0,0,0,15.4,7.0,8.4,4.2,5.1,4.5,0.5999999999999996,0.2999999999999998,385,12,0
401736817,2024-12-16,Toronto Raptors,Chicago Bulls,121,122,2025,-1,243,6.0,False,False,10.0,False,False,same_region,0,0,0,-9.6,7.6,-17.2,-8.6,-4.5,3.7,-8.2,-4.1,386,12,0
401736818,2024-12-16,Brooklyn Nets,Cleveland Cavaliers,101,130,2025,-29,231,7.0,False,False,7.0,False,False,same_region,0,0,0,-9.2,11.6,-20.799999999999997,-10.399999999999999,-6.1,7.7,-13.8,-6.9,387,12,0
401736815,2024-12-16,Charlotte Hornets,Philadelphia 76ers,108,121,2025,-13,229,8.0,False,False,7.0,False,False,same_region,0,0,0,-10.8,0.8,-11.600000000000001,-5.800000000000001,-7.9,-0.5,-7.4,-3.7,388,12,0
401736816,2024-12-16,Detroit Pistons,Miami Heat,125,124,2025,1,249,12.0,False,False,13.0,False,False,same_region,0,0,0,-12.2,10.2,-22.4,-11.2,-6.8,6.4,-13.2,-6.6,389,12,0
401734908,2024-12-17,Oklahoma City Thunder,Milwaukee Bucks,81,97,2025,-16,178,2.0,False,False,8.0,False,False,east_to_west,1,1,0,20.6,-0.6,21.200000000000003,10.600000000000001,14.3,4.9,9.4,4.7,390,12,0
401704931,2024-12-19,Houston Rockets,New Orleans Pelicans,133,113,2025,20,246,7.0,False,False,3.0,False,False,same_region,0,0,0,-3.6,-6.0,2.4,1.2,2.0,-11.6,13.6,6.8,391,12,0
401704937,2024-12-19,Portland Trail Blazers,Denver Nuggets,126,124,2025,2,250,5.0,False,False,2.0,False,False,same_region,0,0,0,-16.4,6.4,-22.799999999999997,-11.399999999999999,-10.5,4.9,-15.4,-7.7,392,12,0
401704938,2024-12-19,Sacramento Kings,Los Angeles Lakers,100,113,2025,-13,213,2.0,False,False,5.0,False,False,same_region,0,0,0,13.4,-7.6,21.0,10.5,5.5,-8.3,13.8,6.9,393,12,0
401704935,2024-12-19,Phoenix Suns,Indiana Pacers,111,120,2025,-9,231,3.0,False,False,5.0,False,False,east_to_west,1,1,0,-0.4,5.0,-5.4,-2.7,1.8,-1.4,3.2,1.6,394,12,0
401704934,2024-12-19,Dallas Mavericks,LA Clippers,95,118,2025,-23,213,15.0,False,False,5.0,False,False,same_region,0,0,0,8.8,-0.4,9.200000000000001,4.6000000000000005,8.2,2.0,6.199999999999999,3.0999999999999996,395,12,0
401704926,2024-12-19,Detroit Pistons,Utah Jazz,119,126,2025,-7,245,2.0,False,False,2.0,False,False,west_to_east,1,0,1,-9.0,-14.8,5.800000000000001,2.9000000000000004,-6.5,-10.4,3.9000000000000004,1.9500000000000002,396,12,0
401704933,2024-12-19,Minnesota Timberwolves,New York Knicks,107,133,2025,-26,240,5.0,False,False,3.0,False,False,east_to_west,1,1,0,12.2,4.2,7.999999999999999,3.9999999999999996,7.2,8.2,-0.9999999999999991,-0.49999999999999956,397,12,0
401704936,2024-12-19,San Antonio Spurs,Atlanta Hawks,133,126,2025,7,259,3.0,False,False,4.0,False,False,east_to_west,1,1,0,-9.8,-2.6,-7.200000000000001,-3.6000000000000005,-5.3,1.9,-7.199999999999999,-3.5999999999999996,398,12,0
401704929,2024-12-19,Boston Celtics,Chicago Bulls,108,117,2025,-9,225,6.0,False,False,2.0,False,False,same_region,0,0,0,9.6,2.6,7.0,3.5,10.6,2.4,8.2,4.1,399,12,0
401704927,2024-12-19,Orlando Magic,Oklahoma City Thunder,99,105,2025,-6,204,3.0,False,False,11.0,False,False,west_to_east,1,0,1,-2.6,12.0,-14.6,-7.3,2.8,11.7,-8.899999999999999,-4.449999999999999,400,12,0
401704928,2024-12-19,Washington Wizards,Charlotte Hornets,123,114,2025,9,237,3.0,False,False,5.0,False,False,same_region,0,0,0,-15.8,-12.2,-3.6000000000000014,-1.8000000000000007,-17.6,-8.6,-9.000000000000002,-4.500000000000001,401,12,0
401704932,2024-12-19,Memphis Grizzlies,Golden State Warriors,144,93,2025,51,237,5.0,False,False,7.0,False,False,same_region,0,0,0,9.8,-2.8,12.600000000000001,6.300000000000001,11.5,-4.8,16.3,8.15,402,12,0
401704930,2024-12-19,Toronto Raptors,Brooklyn Nets,94,101,2025,-7,195,2.0,False,False,5.0,False,False,same_region,0,0,0,-12.0,-13.4,1.4000000000000004,0.7000000000000002,-3.2,-7.5,4.3,2.15,403,12,0
401704939,2024-12-20,Philadelphia 76ers,Charlotte Hornets,108,98,2025,10,206,6.0,False,False,0.0,True,False,same_region,0,0,0,2.2,-9.2,11.399999999999999,5.699999999999999,1.4,-8.4,9.8,4.9,404,12,0
401704940,2024-12-20,Cleveland Cavaliers,Milwaukee Bucks,124,101,2025,23,225,6.0,False,False,2.0,False,False,same_region,0,0,0,11.2,5.6,5.6,2.8,7.8,5.3,2.5,1.25,405,12,0
401704941,2024-12-20,Miami Heat,Oklahoma City Thunder,97,104,2025,-7,201,7.0,False,False,0.0,True,False,west_to_east,1,0,1,13.8,5.8,8.0,4.0,5.8,10.2,-4.3999999999999995,-2.1999999999999997,406,12,0
401704949,2024-12-21,Minnesota Timberwolves,Golden State Warriors,103,113,2025,-10,216,1.0,False,False,1.0,False,False,same_region,0,0,0,1.4,-14.2,15.6,7.8,4.8,-8.9,13.7,6.85,407,12,0
401704947,2024-12-21,Chicago Bulls,Boston Celtics,98,123,2025,-25,221,7.0,False,False,5.0,False,False,same_region,0,0,0,1.4,5.8,-4.4,-2.2,4.4,9.5,-5.1,-2.55,408,12,0
401704952,2024-12-21,San Antonio Spurs,Portland Trail Blazers,114,94,2025,20,208,1.0,False,False,5.0,False,False,same_region,0,0,0,-5.4,-11.6,6.199999999999999,3.0999999999999996,-5.6,-10.9,5.300000000000001,2.6500000000000004,409,12,0
401704946,2024-12-21,Cleveland Cavaliers,Philadelphia 76ers,126,99,2025,27,225,0.0,True,False,4.0,False,False,same_region,0,0,0,13.4,5.0,8.4,4.2,8.7,0.9,7.799999999999999,3.8999999999999995,410,12,0
401704948,2024-12-21,Milwaukee Bucks,Washington Wizards,112,101,2025,11,213,6.0,False,False,7.0,False,False,same_region,0,0,0,2.2,-6.8,9.0,4.5,2.4,-15.5,17.9,8.95,411,12,0
401704942,2024-12-21,Sacramento Kings,Los Angeles Lakers,99,103,2025,-4,202,1.0,False,False,1.0,False,False,same_region,0,0,0,11.8,3.2,8.600000000000001,4.300000000000001,6.3,-4.3,10.6,5.3,412,12,0
401704950,2024-12-21,New Orleans Pelicans,New York Knicks,93,104,2025,-11,197,8.0,False,False,1.0,False,False,east_to_west,1,1,0,-10.4,4.6,-15.0,-7.5,-13.2,8.1,-21.299999999999997,-10.649999999999999,413,12,0
401704944,2024-12-21,Atlanta Hawks,Memphis Grizzlies,112,128,2025,-16,240,12.0,False,False,5.0,False,False,west_to_east,1,0,1,-7.0,19.0,-26.0,-13.0,2.2,14.1,-11.899999999999999,-5.949999999999999,414,12,0
401704945,2024-12-21,Brooklyn Nets,Utah Jazz,94,105,2025,-11,199,4.0,False,False,1.0,False,False,west_to_east,1,0,1,-6.8,-8.0,1.2000000000000002,0.6000000000000001,-7.3,-11.2,3.8999999999999995,1.9499999999999997,415,12,0
401704943,2024-12-21,Orlando Magic,Miami Heat,121,114,2025,7,235,1.0,False,False,4.0,False,False,same_region,0,0,0,-4.6,4.2,-8.8,-4.4,1.1,5.4,-4.300000000000001,-2.1500000000000004,416,12,0
401704951,2024-12-21,Dallas Mavericks,LA Clippers,113,97,2025,16,210,1.0,False,False,1.0,False,False,same_region,0,0,0,3.2,-0.2,3.4000000000000004,1.7000000000000002,6.4,1.7,4.7,2.35,417,12,0
401704953,2024-12-21,Phoenix Suns,Detroit Pistons,125,133,2025,-8,258,1.0,False,False,8.0,False,False,east_to_west,1,1,0,-1.8,-6.2,4.4,2.2,2.5,-6.1,8.6,4.3,418,12,0
401704955,2024-12-22,Sacramento Kings,Indiana Pacers,95,122,2025,-27,217,0.0,True,True,2.0,False,False,east_to_west,1,1,0,5.6,8.6,-3.0,-1.5,4.8,-0.9,5.7,2.85,419,12,0
401704954,2024-12-22,Toronto Raptors,Houston Rockets,110,114,2025,-4,224,2.0,False,False,7.0,False,False,west_to_east,1,0,1,-6.0,2.2,-8.2,-4.1,-3.7,1.2,-4.9,-2.45,420,12,0
401704956,2024-12-22,New Orleans Pelicans,Denver Nuggets,129,132,2025,-3,261,0.0,True,False,2.0,False,False,same_region,0,0,0,-10.6,8.4,-19.0,-9.5,-11.7,2.2,-13.899999999999999,-6.949999999999999,421,12,0
401704969,2024-12-23,Golden State Warriors,Indiana Pacers,105,111,2025,-6,216,7.0,False,False,0.0,True,False,east_to_west,1,1,0,-8.8,12.2,-21.0,-10.5,-7.1,1.1,-8.2,-4.1,422,12,0
401704970,2024-12-23,Los Angeles Lakers,Detroit Pistons,114,117,2025,-3,231,7.0,False,False,1.0,False,False,east_to_west,1,1,0,4.4,-2.6,7.0,3.5,-5.7,-5.5,-0.20000000000000018,-0.10000000000000009,423,12,0
401704968,2024-12-23,Denver Nuggets,Phoenix Suns,117,90,2025,27,207,9.0,False,False,9.0,False,False,same_region,0,0,0,10.8,-1.4,12.200000000000001,6.1000000000000005,5.2,-1.0,6.2,3.1,424,12,0
401704964,2024-12-23,Chicago Bulls,Milwaukee Bucks,91,112,2025,-21,203,1.0,False,False,2.0,False,False,same_region,0,0,0,-1.8,3.4,-5.2,-2.6,0.0,3.2,-3.2,-1.6,425,12,0
401704965,2024-12-23,Memphis Grizzlies,LA Clippers,110,114,2025,-4,224,3.0,False,False,1.0,False,False,same_region,0,0,0,21.0,2.2,18.8,9.4,13.7,3.3,10.399999999999999,5.199999999999999,426,12,0
401704966,2024-12-23,Oklahoma City Thunder,Washington Wizards,123,105,2025,18,228,5.0,False,False,1.0,False,False,east_to_west,1,1,0,5.2,-10.8,16.0,8.0,10.5,-14.7,25.2,12.6,427,12,0
401704967,2024-12-23,Dallas Mavericks,Portland Trail Blazers,132,108,2025,24,240,1.0,False,False,1.0,False,False,same_region,0,0,0,-0.8,-7.2,6.4,3.2,7.0,-10.4,17.4,8.7,428,12,0
401704962,2024-12-23,Miami Heat,Brooklyn Nets,110,95,2025,15,205,2.0,False,False,3.0,False,False,same_region,0,0,0,0.8,-10.8,11.600000000000001,5.800000000000001,4.3,-9.2,13.5,6.75,429,12,0
401704963,2024-12-23,New York Knicks,Toronto Raptors,139,125,2025,14,264,11.0,False,False,10.0,False,False,same_region,0,0,0,8.6,-5.4,14.0,7.0,10.7,-6.7,17.4,8.7,430,12,0
401704957,2024-12-23,Charlotte Hornets,Houston Rockets,101,114,2025,-13,215,6.0,False,False,0.0,True,False,west_to_east,1,0,1,-8.4,4.2,-12.600000000000001,-6.300000000000001,-9.0,2.2,-11.2,-5.6,431,12,0
401704959,2024-12-23,Orlando Magic,Boston Celtics,108,104,2025,4,212,1.0,False,False,1.0,False,False,same_region,0,0,0,-1.6,9.6,-11.2,-5.6,0.4,8.8,-8.4,-4.2,432,12,0
401704960,2024-12-23,Philadelphia 76ers,San Antonio Spurs,111,106,2025,5,217,2.0,False,False,9.0,False,False,west_to_east,1,0,1,-2.0,4.0,-6.0,-3.0,0.8,-4.9,5.7,2.85,433,12,0
401704961,2024-12-23,Atlanta Hawks,Minnesota Timberwolves,117,104,2025,13,221,1.0,False,False,7.0,False,False,west_to_east,1,0,1,-10.6,-4.0,-6.6,-3.3,-0.5,4.4,-4.9,-2.45,434,12,0
401704958,2024-12-23,Cleveland Cavaliers,Utah Jazz,124,113,2025,11,237,1.0,False,True,1.0,False,False,west_to_east,1,0,1,16.0,-14.2,30.2,15.1,12.5,-8.8,21.3,10.65,435,12,0
401704971,2024-12-25,New York Knicks,San Antonio Spurs,117,114,2025,3,231,1.0,False,False,1.0,False,False,west_to_east,1,0,1,10.4,2.0,8.4,4.2,12.0,-3.6,15.6,7.8,436,12,0
401704972,2024-12-25,Dallas Mavericks,Minnesota Timberwolves,99,105,2025,-6,204,1.0,False,False,1.0,False,False,same_region,0,0,0,2.6,-5.0,7.6,3.8,7.9,4.2,3.7,1.85,437,12,0
401704973,2024-12-25,Boston Celtics,Philadelphia 76ers,114,118,2025,-4,232,5.0,False,False,3.0,False,False,same_region,0,0,0,10.0,-2.6,12.6,6.3,7.5,2.0,5.5,2.75,438,12,0
401704974,2024-12-25,Golden State Warriors,Los Angeles Lakers,113,115,2025,-2,228,1.0,False,False,3.0,False,False,same_region,0,0,0,-11.6,2.0,-13.6,-6.8,-7.3,-5.2,-2.0999999999999996,-1.0499999999999998,439,12,0
401704975,2024-12-25,Phoenix Suns,Denver Nuggets,110,100,2025,10,210,3.0,False,False,2.0,False,False,same_region,0,0,0,-5.8,10.2,-16.0,-8.0,-2.7,6.0,-8.7,-4.35,440,12,0
401704980,2024-12-26,Memphis Grizzlies,Toronto Raptors,155,126,2025,29,281,2.0,False,False,2.0,False,False,east_to_west,1,1,0,14.6,-7.2,21.8,10.9,12.2,-7.1,19.299999999999997,9.649999999999999,441,12,0
401704978,2024-12-26,Washington Wizards,Charlotte Hornets,113,110,2025,3,223,6.0,False,False,5.0,False,False,same_region,0,0,0,-8.8,-11.8,3.0,1.5,-14.0,-10.2,-3.8000000000000007,-1.9000000000000004,442,12,0
401704984,2024-12-26,Sacramento Kings,Detroit Pistons,113,114,2025,-1,227,3.0,False,False,2.0,False,False,east_to_west,1,1,0,-8.6,-3.8,-4.8,-2.4,3.0,-3.2,6.2,3.1,443,12,0
401704981,2024-12-26,Milwaukee Bucks,Brooklyn Nets,105,111,2025,-6,216,4.0,False,False,2.0,False,False,same_region,0,0,0,6.6,-12.8,19.4,9.7,4.3,-11.7,16.0,8.0,444,12,0
401704976,2024-12-26,Indiana Pacers,Oklahoma City Thunder,114,120,2025,-6,234,10.0,False,False,5.0,False,False,west_to_east,1,0,1,14.2,6.0,8.2,4.1,4.1,11.5,-7.4,-3.7,445,12,0
401704979,2024-12-26,Atlanta Hawks,Chicago Bulls,141,133,2025,8,274,2.0,False,False,6.0,False,False,same_region,0,0,0,-2.0,-4.4,2.4000000000000004,1.2000000000000002,-0.8,-0.7,-0.10000000000000009,-0.050000000000000044,446,12,0
401704977,2024-12-26,Orlando Magic,Miami Heat,88,89,2025,-1,177,2.0,False,False,4.0,False,False,same_region,0,0,0,-1.8,2.0,-3.8,-1.9,-1.5,4.8,-6.3,-3.15,447,12,0
401704982,2024-12-26,New Orleans Pelicans,Houston Rockets,111,128,2025,-17,239,3.0,False,False,2.0,False,False,same_region,0,0,0,-10.2,4.6,-14.799999999999999,-7.3999999999999995,-10.9,2.9,-13.8,-6.9,448,12,0
401704983,2024-12-26,Portland Trail Blazers,Utah Jazz,122,120,2025,2,242,6.0,False,False,2.0,False,False,same_region,0,0,0,-10.2,-7.6,-2.5999999999999996,-1.2999999999999998,-12.1,-8.0,-4.1,-2.05,449,12,0
401704992,2024-12-27,LA Clippers,Golden State Warriors,102,92,2025,10,194,10.0,False,False,5.0,False,False,same_region,0,0,0,5.2,-11.8,17.0,8.5,1.2,-6.7,7.9,3.95,450,12,0
401704990,2024-12-27,Denver Nuggets,Cleveland Cavaliers,135,149,2025,-14,284,3.0,False,False,10.0,False,False,east_to_west,1,1,0,3.8,20.0,-16.2,-8.1,5.4,15.2,-9.799999999999999,-4.8999999999999995,451,12,0
401704988,2024-12-27,Houston Rockets,Minnesota Timberwolves,112,113,2025,-1,225,7.0,False,False,1.0,False,False,same_region,0,0,0,7.8,-5.8,13.6,6.8,3.9,4.7,-0.8000000000000003,-0.40000000000000013,452,12,0
401704991,2024-12-27,Phoenix Suns,Dallas Mavericks,89,98,2025,-9,187,1.0,False,False,11.0,False,False,same_region,0,0,0,-5.4,4.2,-9.600000000000001,-4.800000000000001,-2.5,6.1,-8.6,-4.3,453,12,0
401704986,2024-12-27,Boston Celtics,Indiana Pacers,142,105,2025,37,247,1.0,False,False,3.0,False,False,same_region,0,0,0,4.4,10.2,-5.799999999999999,-2.8999999999999995,7.5,5.0,2.5,1.25,454,12,0
401704987,2024-12-27,Brooklyn Nets,San Antonio Spurs,87,96,2025,-9,183,5.0,False,False,1.0,False,False,west_to_east,1,0,1,-8.4,1.0,-9.4,-4.7,-8.8,-4.1,-4.700000000000001,-2.3500000000000005,455,12,0
401704985,2024-12-27,Orlando Magic,New York Knicks,85,108,2025,-23,193,0.0,True,False,5.0,False,False,same_region,0,0,0,-1.0,12.6,-13.6,-6.8,-2.4,9.0,-11.4,-5.7,456,12,0
401704989,2024-12-27,New Orleans Pelicans,Memphis Grizzlies,124,132,2025,-8,256,0.0,True,False,5.0,False,False,same_region,0,0,0,-13.2,17.2,-30.4,-15.2,-9.3,13.6,-22.9,-11.45,457,12,0
401704998,2024-12-28,Denver Nuggets,Detroit Pistons,134,121,2025,13,255,0.0,True,False,1.0,False,False,east_to_west,1,1,0,0.8,1.2,-0.3999999999999999,-0.19999999999999996,3.6,-5.5,9.1,4.55,458,12,0
401705001,2024-12-28,Los Angeles Lakers,Sacramento Kings,132,122,2025,10,254,4.0,False,False,15.0,False,False,same_region,0,0,0,4.4,-9.2,13.6,6.8,-5.1,3.1,-8.2,-4.1,459,12,0
401704999,2024-12-28,Utah Jazz,Philadelphia 76ers,111,114,2025,-3,225,14.0,False,False,2.0,False,False,east_to_west,1,1,0,-6.4,1.0,-7.4,-3.7,-7.0,0.9,-7.9,-3.95,460,12,0
401705000,2024-12-28,Portland Trail Blazers,Dallas Mavericks,126,122,2025,4,248,1.0,False,False,0.0,True,False,same_region,0,0,0,-9.4,4.0,-13.4,-6.7,-12.8,6.4,-19.200000000000003,-9.600000000000001,461,12,0
401704996,2024-12-28,Chicago Bulls,Milwaukee Bucks,116,111,2025,5,227,4.0,False,False,4.0,False,False,same_region,0,0,0,-8.8,3.8,-12.600000000000001,-6.300000000000001,-0.6,1.6,-2.2,-1.1,462,12,0
401704995,2024-12-28,Washington Wizards,New York Knicks,132,136,2025,-4,268,1.0,False,False,0.0,True,False,same_region,0,0,0,-6.2,15.4,-21.6,-10.8,-12.7,9.8,-22.5,-11.25,463,12,0
401704993,2024-12-28,Atlanta Hawks,Miami Heat,120,110,2025,10,230,1.0,False,False,1.0,False,False,same_region,0,0,0,-2.0,0.2,-2.2,-1.1,-0.3,5.2,-5.5,-2.75,464,12,0
401704997,2024-12-28,Golden State Warriors,Phoenix Suns,109,105,2025,4,214,2.0,False,False,4.0,False,False,same_region,0,0,0,-11.8,-8.6,-3.200000000000001,-1.6000000000000005,-7.3,-4.5,-2.8,-1.4,465,12,0
401704994,2024-12-28,Charlotte Hornets,Oklahoma City Thunder,94,106,2025,-12,200,4.0,False,False,1.0,False,False,west_to_east,1,0,1,-9.6,4.2,-13.8,-6.9,-10.2,12.4,-22.6,-11.3,466,12,0
401705002,2024-12-29,Orlando Magic,Brooklyn Nets,102,101,2025,1,203,1.0,False,True,2.0,False,False,same_region,0,0,0,-3.8,-4.4,0.6000000000000005,0.30000000000000027,-3.2,-8.9,5.7,2.85,467,12,0
401705004,2024-12-29,Toronto Raptors,Atlanta Hawks,107,136,2025,-29,243,6.0,False,False,9.0,False,False,same_region,0,0,0,-11.0,1.6,-12.6,-6.3,-10.3,-0.5,-9.8,-4.9,468,12,0
401705003,2024-12-29,Boston Celtics,Indiana Pacers,114,123,2025,-9,237,1.0,False,False,1.0,False,False,same_region,0,0,0,9.0,-0.2,9.2,4.6,9.3,2.4,6.9,3.45,469,12,0
401705006,2024-12-29,Oklahoma City Thunder,Memphis Grizzlies,130,106,2025,24,236,5.0,False,False,1.0,False,False,same_region,0,0,0,9.8,20.0,-10.2,-5.1,10.9,14.9,-4.0,-2.0,470,12,0
401705005,2024-12-29,Houston Rockets,Miami Heat,100,104,2025,-4,204,1.0,False,False,0.0,True,True,east_to_west,1,1,0,10.6,-1.6,12.2,6.1,3.5,6.1,-2.5999999999999996,-1.2999999999999998,471,12,0
401705007,2024-12-29,Minnesota Timberwolves,San Antonio Spurs,112,110,2025,2,222,7.0,False,False,1.0,False,False,same_region,0,0,0,-8.4,5.6,-14.0,-7.0,1.9,-2.1,4.0,2.0,472,12,0
401705012,2024-12-30,Golden State Warriors,Cleveland Cavaliers,95,113,2025,-18,208,1.0,False,False,2.0,False,False,east_to_west,1,1,0,-0.8,20.8,-21.6,-10.8,-7.5,16.2,-23.7,-11.85,473,12,0
401705013,2024-12-30,Portland Trail Blazers,Philadelphia 76ers,103,125,2025,-22,228,1.0,False,False,1.0,False,False,east_to_west,1,1,0,-7.2,-1.0,-6.2,-3.1,-11.8,0.6,-12.4,-6.2,474,12,0
401705014,2024-12-30,Sacramento Kings,Dallas Mavericks,110,100,2025,10,210,3.0,False,False,1.0,False,True,same_region,0,0,0,-11.0,7.8,-18.8,-9.4,1.2,5.5,-4.3,-2.15,475,12,0
401705010,2024-12-30,New Orleans Pelicans,LA Clippers,113,116,2025,-3,229,2.0,False,False,6.0,False,False,same_region,0,0,0,-11.8,11.6,-23.4,-11.7,-8.9,2.3,-11.2,-5.6,476,12,0
401705008,2024-12-30,Charlotte Hornets,Chicago Bulls,108,115,2025,-7,223,1.0,False,False,3.0,False,False,same_region,0,0,0,-9.4,-8.0,-1.4000000000000004,-0.7000000000000002,-10.8,-2.7,-8.100000000000001,-4.050000000000001,477,12,0
401705009,2024-12-30,Washington Wizards,New York Knicks,106,126,2025,-20,232,1.0,False,False,1.0,False,True,same_region,0,0,0,-4.2,11.0,-15.2,-7.6,-10.0,7.8,-17.8,-8.9,478,12,0
401705011,2024-12-30,Utah Jazz,Denver Nuggets,121,132,2025,-11,253,1.0,False,False,4.0,False,False,same_region,0,0,0,0.4,3.8,-3.4,-1.7,-7.2,6.1,-13.3,-6.65,479,12,0
401705017,2024-12-31,San Antonio Spurs,LA Clippers,122,86,2025,36,208,9.0,False,False,0.0,True,False,same_region,0,0,0,3.8,4.8,-1.0,-0.5,-0.8,2.2,-3.0,-1.5,480,12,0
401705016,2024-12-31,Indiana Pacers,Milwaukee Bucks,112,120,2025,-8,232,4.0,False,False,2.0,False,False,same_region,0,0,0,-0.2,-0.4,0.2,0.1,4.2,2.6,1.6,0.8,481,12,0
401705015,2024-12-31,Boston Celtics,Toronto Raptors,125,71,2025,54,196,1.0,False,False,4.0,False,False,same_region,0,0,0,9.0,-16.6,25.6,12.8,7.4,-14.3,21.700000000000003,10.850000000000001,482,12,0
401705020,2024-12-31,Los Angeles Lakers,Cleveland Cavaliers,110,122,2025,-12,232,2.0,False,False,0.0,True,False,east_to_west,1,1,0,5.2,18.6,-13.400000000000002,-6.700000000000001,-1.2,14.9,-16.1,-8.05,483,12,0
401705019,2024-12-31,Phoenix Suns,Memphis Grizzlies,112,117,2025,-5,229,3.0,False,False,1.0,False,False,same_region,0,0,0,-7.6,5.0,-12.6,-6.3,-4.7,12.0,-16.7,-8.35,484,12,0
401705018,2024-12-31,Oklahoma City Thunder,Minnesota Timberwolves,113,105,2025,8,218,1.0,False,False,3.0,False,False,same_region,0,0,0,13.4,-2.8,16.2,8.1,9.6,-0.7,10.299999999999999,5.1499999999999995,485,12,0
401705021,2025-01-01,Detroit Pistons,Orlando Magic,105,96,2025,9,201,12.0,False,False,21.0,False,False,same_region,0,0,0,-1.6,-2.4,0.7999999999999998,0.3999999999999999,-5.3,-3.5,-1.7999999999999998,-0.8999999999999999,486,1,0
401705028,2025-01-01,Sacramento Kings,Philadelphia 76ers,113,107,2025,6,220,1.0,False,False,1.0,False,False,east_to_west,1,1,0,-6.4,1.4,-7.800000000000001,-3.9000000000000004,2.7,3.2,-0.5,-0.25,487,1,0
401705026,2025-01-01,Houston Rockets,Dallas Mavericks,110,99,2025,11,209,2.0,False,False,1.0,False,False,same_region,0,0,0,5.8,2.6,3.1999999999999997,1.5999999999999999,4.0,0.9,3.1,1.55,488,1,0
401705027,2025-01-01,Denver Nuggets,Atlanta Hawks,139,120,2025,19,259,3.0,False,False,2.0,False,False,east_to_west,1,1,0,5.4,8.8,-3.4000000000000004,-1.7000000000000002,8.1,0.9,7.199999999999999,3.5999999999999996,489,1,0
401705024,2025-01-01,New York Knicks,Utah Jazz,119,103,2025,16,222,6.0,False,False,5.0,False,False,west_to_east,1,0,1,12.8,-3.2,16.0,8.0,10.7,-5.6,16.299999999999997,8.149999999999999,490,1,0
401705022,2025-01-01,Washington Wizards,Chicago Bulls,125,107,2025,18,232,1.0,False,False,1.0,False,False,same_region,0,0,0,-10.0,-8.4,-1.5999999999999996,-0.7999999999999998,-8.4,-3.5,-4.9,-2.45,491,1,0
401705023,2025-01-01,Miami Heat,New Orleans Pelicans,119,108,2025,11,227,8.0,False,False,12.0,False,False,west_to_east,1,0,1,0.6,-8.4,9.0,4.5,2.4,-9.4,11.8,5.9,492,1,0
401705025,2025-01-01,Toronto Raptors,Brooklyn Nets,130,113,2025,17,243,2.0,False,False,2.0,False,False,same_region,0,0,0,-26.0,-6.0,-20.0,-10.0,-16.0,-6.4,-9.6,-4.8,493,1,0
401705030,2025-01-02,Minnesota Timberwolves,Boston Celtics,115,118,2025,-3,233,3.0,False,False,9.0,False,False,east_to_west,1,1,0,-2.4,14.8,-17.2,-8.6,-3.2,12.2,-15.399999999999999,-7.699999999999999,494,1,0
401705031,2025-01-02,Milwaukee Bucks,Brooklyn Nets,110,113,2025,-3,223,6.0,False,False,0.0,True,False,same_region,0,0,0,5.8,-7.2,13.0,6.5,4.0,-9.0,13.0,6.5,495,1,0
401705034,2025-01-02,Los Angeles Lakers,Portland Trail Blazers,114,106,2025,8,220,1.0,False,False,9.0,False,False,same_region,0,0,0,0.2,-12.0,12.2,6.1,1.7,-11.8,13.5,6.75,496,1,0
401705033,2025-01-02,Golden State Warriors,Philadelphia 76ers,139,105,2025,34,244,2.0,False,False,0.0,True,True,east_to_west,1,1,0,-6.4,5.6,-12.0,-6.0,-7.6,1.8,-9.4,-4.7,497,1,0
401705032,2025-01-02,Oklahoma City Thunder,LA Clippers,116,98,2025,18,214,1.0,False,False,1.0,False,True,same_region,0,0,0,13.6,-7.0,20.6,10.3,9.4,-3.6,13.0,6.5,498,1,0
401705029,2025-01-02,Miami Heat,Indiana Pacers,115,128,2025,-13,243,0.0,True,False,3.0,False,False,same_region,0,0,0,4.2,-7.2,11.4,5.7,2.5,2.5,0.0,0.0,499,1,0
401705039,2025-01-03,Oklahoma City Thunder,New York Knicks,117,107,2025,10,224,0.0,True,True,3.0,False,False,east_to_west,1,1,0,13.6,13.2,0.40000000000000036,0.20000000000000018,9.8,11.8,-2.0,-1.0,500,1,0
401705035,2025-01-03,Detroit Pistons,Charlotte Hornets,98,94,2025,4,192,1.0,False,False,7.0,False,False,same_region,0,0,0,1.6,-9.0,10.6,5.3,-2.3,-9.1,6.8,3.4,501,1,0
401705037,2025-01-03,Houston Rockets,Boston Celtics,86,109,2025,-23,195,1.0,False,False,0.0,True,False,east_to_west,1,1,0,7.2,16.2,-9.0,-4.5,5.7,13.1,-7.3999999999999995,-3.6999999999999997,502,1,0
401705038,2025-01-03,New Orleans Pelicans,Washington Wizards,132,120,2025,12,252,3.0,False,False,10.0,False,False,east_to_west,1,1,0,-8.4,-4.2,-4.2,-2.1,-9.5,-7.5,-2.0,-1.0,503,1,0
401705041,2025-01-03,Denver Nuggets,San Antonio Spurs,110,113,2025,-3,223,1.0,False,False,4.0,False,False,same_region,0,0,0,3.8,7.0,-3.2,-1.6,7.0,5.5,1.5,0.75,504,1,0
401705040,2025-01-03,Dallas Mavericks,Cleveland Cavaliers,122,134,2025,-12,256,8.0,False,False,2.0,False,False,east_to_west,1,1,0,-4.4,16.4,-20.799999999999997,-10.399999999999999,-0.9,14.9,-15.8,-7.9,505,1,0
401705043,2025-01-03,Los Angeles Lakers,Atlanta Hawks,119,102,2025,17,221,0.0,True,True,1.0,False,False,east_to_west,1,1,0,1.0,8.2,-7.199999999999999,-3.5999999999999996,2.7,-1.2,3.9000000000000004,1.9500000000000002,506,1,0
401705036,2025-01-03,Toronto Raptors,Orlando Magic,97,106,2025,-9,203,1.0,False,False,1.0,False,False,same_region,0,0,0,-21.8,-5.6,-16.200000000000003,-8.100000000000001,-13.6,-3.6,-10.0,-5.0,507,1,0
401705042,2025-01-03,Sacramento Kings,Memphis Grizzlies,138,133,2025,5,271,1.0,False,False,2.0,False,False,same_region,0,0,0,-4.4,2.8,-7.2,-3.6,0.6,11.9,-11.3,-5.65,508,1,0
401705046,2025-01-04,Indiana Pacers,Phoenix Suns,126,108,2025,18,234,3.0,False,False,6.0,False,False,west_to_east,1,0,1,-5.8,-7.0,1.2000000000000002,0.6000000000000001,4.2,-4.2,8.4,4.2,509,1,0
401705049,2025-01-04,Milwaukee Bucks,Portland Trail Blazers,102,105,2025,-3,207,1.0,False,False,1.0,False,False,west_to_east,1,0,1,3.0,-9.6,12.6,6.3,3.2,-8.4,11.600000000000001,5.800000000000001,510,1,0
401705052,2025-01-04,LA Clippers,Atlanta Hawks,131,105,2025,26,236,7.0,False,False,0.0,True,True,east_to_west,1,1,0,-7.4,2.2,-9.600000000000001,-4.800000000000001,-2.6,0.1,-2.7,-1.35,511,1,0
401705047,2025-01-04,Miami Heat,Utah Jazz,100,136,2025,-36,236,1.0,False,True,2.0,False,False,west_to_east,1,0,1,-1.4,-8.6,7.199999999999999,3.5999999999999996,0.3,-11.4,11.700000000000001,5.8500000000000005,512,1,0
401705048,2025-01-04,Chicago Bulls,New York Knicks,139,126,2025,13,265,6.0,False,False,0.0,True,False,same_region,0,0,0,-7.0,10.6,-17.6,-8.8,-4.4,11.6,-16.0,-8.0,513,1,0
401705051,2025-01-04,Golden State Warriors,Memphis Grizzlies,121,113,2025,8,234,1.0,False,False,0.0,True,False,same_region,0,0,0,1.6,2.6,-1.0,-0.5,-5.0,8.6,-13.6,-6.8,514,1,0
401705050,2025-01-04,San Antonio Spurs,Denver Nuggets,111,122,2025,-11,233,3.0,False,False,4.0,False,False,same_region,0,0,0,8.6,5.2,3.3999999999999995,1.6999999999999997,5.3,4.5,0.7999999999999998,0.3999999999999999,515,1,0
401705045,2025-01-04,Detroit Pistons,Minnesota Timberwolves,119,105,2025,14,224,0.0,True,True,3.0,False,False,west_to_east,1,0,1,0.8,-0.4,1.2000000000000002,0.6000000000000001,-0.9,-2.7,1.8000000000000003,0.9000000000000001,516,1,0
401705044,2025-01-04,Brooklyn Nets,Philadelphia 76ers,94,123,2025,-29,217,7.0,False,False,1.0,False,True,same_region,0,0,0,-3.6,-2.2,-1.4,-0.7,-8.2,-2.4,-5.799999999999999,-2.8999999999999995,517,1,0
401705053,2025-01-05,Oklahoma City Thunder,Boston Celtics,105,92,2025,13,197,1.0,False,True,1.0,False,True,east_to_west,1,1,0,14.4,21.6,-7.200000000000001,-3.6000000000000005,9.3,13.0,-3.6999999999999993,-1.8499999999999996,518,1,0
401705055,2025-01-05,Washington Wizards,New Orleans Pelicans,98,110,2025,-12,208,3.0,False,False,3.0,False,False,west_to_east,1,0,1,-3.0,-5.4,2.4000000000000004,1.2000000000000002,-5.9,-7.8,1.8999999999999995,0.9499999999999997,519,1,0
401705054,2025-01-05,Cleveland Cavaliers,Charlotte Hornets,115,105,2025,10,220,12.0,False,False,1.0,False,False,same_region,0,0,0,13.4,-7.8,21.2,10.6,14.7,-8.1,22.799999999999997,11.399999999999999,520,1,0
401705056,2025-01-05,Orlando Magic,Utah Jazz,92,105,2025,-13,197,6.0,False,False,0.0,True,False,west_to_east,1,0,1,-4.6,0.8,-5.3999999999999995,-2.6999999999999997,-3.2,-3.4,0.19999999999999973,0.09999999999999987,521,1,0
401705057,2025-01-05,Houston Rockets,Los Angeles Lakers,119,115,2025,4,234,1.0,False,False,10.0,False,False,same_region,0,0,0,0.0,5.0,-5.0,-2.5,2.3,3.5,-1.2000000000000002,-0.6000000000000001,522,1,0
401705058,2025-01-05,Golden State Warriors,Sacramento Kings,99,129,2025,-30,228,0.0,True,True,7.0,False,False,same_region,0,0,0,3.6,2.0,1.6,0.8,-4.1,-3.3,-0.7999999999999998,-0.3999999999999999,523,1,0
401705060,2025-01-06,Philadelphia 76ers,Phoenix Suns,99,109,2025,-10,208,13.0,False,False,1.0,False,False,west_to_east,1,0,1,2.8,-5.2,8.0,4.0,1.9,-5.5,7.4,3.7,524,1,0
401705067,2025-01-06,Sacramento Kings,Miami Heat,123,118,2025,5,241,2.0,False,False,7.0,False,False,east_to_west,1,1,0,8.2,-8.8,17.0,8.5,-0.5,-4.3,3.8,1.9,525,1,0
401705065,2025-01-06,Memphis Grizzlies,Dallas Mavericks,119,104,2025,15,223,10.0,False,False,4.0,False,False,same_region,0,0,0,-4.8,-5.6,0.7999999999999998,0.3999999999999999,6.2,-0.7,6.9,3.45,526,1,0
401705066,2025-01-06,Minnesota Timberwolves,LA Clippers,108,106,2025,2,214,3.0,False,False,3.0,False,False,same_region,0,0,0,-4.4,-3.0,-1.4000000000000004,-0.7000000000000002,-5.1,1.1,-6.199999999999999,-3.0999999999999996,527,1,0
401705059,2025-01-06,Detroit Pistons,Portland Trail Blazers,118,115,2025,3,233,1.0,False,True,1.0,False,False,west_to_east,1,0,1,3.0,-4.2,7.2,3.6,-0.4,-7.2,6.8,3.4,528,1,0
401705062,2025-01-06,New York Knicks,Orlando Magic,94,103,2025,-9,197,4.0,False,False,2.0,False,False,same_region,0,0,0,3.4,-7.0,10.4,5.2,9.4,-4.0,13.4,6.7,529,1,0
401705063,2025-01-06,Toronto Raptors,Milwaukee Bucks,104,128,2025,-24,232,2.0,False,False,5.0,False,False,same_region,0,0,0,-20.8,-1.8,-19.0,-9.5,-14.0,2.4,-16.4,-8.2,530,1,0
401705061,2025-01-06,Brooklyn Nets,Indiana Pacers,99,113,2025,-14,212,1.0,False,False,3.0,False,False,same_region,0,0,0,-10.6,-1.0,-9.6,-4.8,-9.5,4.6,-14.1,-7.05,531,1,0
401705064,2025-01-06,Chicago Bulls,San Antonio Spurs,114,110,2025,4,224,1.0,False,False,2.0,False,False,west_to_east,1,0,1,-0.2,7.0,-7.2,-3.6,-2.3,4.0,-6.3,-3.15,532,1,0
401705073,2025-01-07,Denver Nuggets,Boston Celtics,106,118,2025,-12,224,3.0,False,False,1.0,False,False,east_to_west,1,1,0,10.2,11.6,-1.4000000000000004,-0.7000000000000002,5.5,10.3,-4.800000000000001,-2.4000000000000004,533,1,0
401705074,2025-01-07,Golden State Warriors,Miami Heat,98,114,2025,-16,212,1.0,False,True,0.0,True,False,east_to_west,1,1,0,-0.4,-7.8,7.3999999999999995,3.6999999999999997,-6.1,-4.7,-1.3999999999999995,-0.6999999999999997,534,1,0
401705072,2025-01-07,Utah Jazz,Atlanta Hawks,121,124,2025,-3,245,7.0,False,False,2.0,False,False,east_to_west,1,1,0,3.8,-4.6,8.399999999999999,4.199999999999999,-1.3,-3.3,1.9999999999999998,0.9999999999999999,535,1,0
401705069,2025-01-07,Washington Wizards,Houston Rockets,112,135,2025,-23,247,1.0,False,False,11.0,False,False,west_to_east,1,0,1,-6.0,-2.6,-3.4,-1.7,-6.1,2.6,-8.7,-4.35,536,1,0
401705070,2025-01-07,Dallas Mavericks,Los Angeles Lakers,118,97,2025,21,215,3.0,False,False,1.0,False,False,same_region,0,0,0,-10.4,3.8,-14.2,-7.1,-3.2,4.1,-7.3,-3.65,537,1,0
401705068,2025-01-07,Charlotte Hornets,Phoenix Suns,115,104,2025,11,219,7.0,False,False,0.0,True,True,west_to_east,1,0,1,-7.2,-5.2,-2.0,-1.0,-9.5,-5.3,-4.2,-2.1,538,1,0
401705071,2025-01-07,New Orleans Pelicans,Minnesota Timberwolves,97,104,2025,-7,201,3.0,False,False,2.0,False,False,same_region,0,0,0,0.4,-4.2,4.6000000000000005,2.3000000000000003,-6.4,-6.3,-0.10000000000000053,-0.050000000000000266,539,1,0
401705081,2025-01-08,Denver Nuggets,LA Clippers,126,103,2025,23,229,0.0,True,False,1.0,False,False,same_region,0,0,0,5.2,-5.4,10.600000000000001,5.300000000000001,4.5,3.1,1.4,0.7,540,1,0
401705082,2025-01-08,Milwaukee Bucks,San Antonio Spurs,121,105,2025,16,226,3.0,False,False,1.0,False,False,west_to_east,1,0,1,4.2,4.4,-0.20000000000000018,-0.10000000000000009,4.0,5.0,-1.0,-0.5,541,1,0
401705080,2025-01-08,New Orleans Pelicans,Portland Trail Blazers,100,119,2025,-19,219,0.0,True,False,1.0,False,False,same_region,0,0,0,0.6,-5.2,5.8,2.9,-5.6,-7.3,1.7000000000000002,0.8500000000000001,542,1,0
401705077,2025-01-08,New York Knicks,Toronto Raptors,112,98,2025,14,210,1.0,False,False,7.0,False,False,same_region,0,0,0,0.8,-19.8,20.6,10.3,5.9,-15.4,21.3,10.65,543,1,0
401705079,2025-01-08,Brooklyn Nets,Detroit Pistons,98,113,2025,-15,211,1.0,False,False,10.0,False,False,same_region,0,0,0,-11.6,3.4,-15.0,-7.5,-8.0,2.3,-10.3,-5.15,544,1,0
401705076,2025-01-08,Indiana Pacers,Chicago Bulls,129,113,2025,16,242,3.0,False,False,6.0,False,False,same_region,0,0,0,9.2,2.2,6.999999999999999,3.4999999999999996,4.5,-3.3,7.8,3.9,545,1,0
401705075,2025-01-08,Cleveland Cavaliers,Oklahoma City Thunder,129,122,2025,7,251,2.0,False,False,10.0,False,False,west_to_east,1,0,1,13.2,14.6,-1.4000000000000004,-0.7000000000000002,16.6,12.2,4.400000000000002,2.200000000000001,546,1,0
401705078,2025-01-08,Philadelphia 76ers,Washington Wizards,109,103,2025,6,212,1.0,False,False,4.0,False,False,same_region,0,0,0,0.2,-9.8,10.0,5.0,-0.4,-7.0,6.6,3.3,547,1,0
401705086,2025-01-09,Memphis Grizzlies,Houston Rockets,115,119,2025,-4,234,2.0,False,False,1.0,False,False,same_region,0,0,0,-3.4,2.2,-5.6,-2.8,8.3,6.4,1.9000000000000004,0.9500000000000002,548,1,0
401705089,2025-01-09,Utah Jazz,Miami Heat,92,97,2025,-5,189,1.0,False,False,1.0,False,True,east_to_west,1,1,0,3.8,-5.4,9.2,4.6,2.1,-2.4,4.5,2.25,549,1,0
401705085,2025-01-09,Orlando Magic,Minnesota Timberwolves,89,104,2025,-15,193,3.0,False,False,1.0,False,False,west_to_east,1,0,1,-0.6,-3.2,2.6,1.3,-2.2,-3.0,0.7999999999999998,0.3999999999999999,550,1,0
401705084,2025-01-09,Detroit Pistons,Golden State Warriors,104,107,2025,-3,211,2.0,False,False,12.0,False,False,west_to_east,1,0,1,9.0,-4.4,13.4,6.7,3.7,-2.6,6.300000000000001,3.1500000000000004,551,1,0
401705083,2025-01-09,Cleveland Cavaliers,Toronto Raptors,132,126,2025,6,258,0.0,True,False,0.0,True,False,same_region,0,0,0,11.8,-16.8,28.6,14.3,16.3,-16.7,33.0,16.5,552,1,0
401705087,2025-01-09,Dallas Mavericks,Portland Trail Blazers,117,111,2025,6,228,1.0,False,False,0.0,True,True,same_region,0,0,0,-5.4,-2.2,-3.2,-1.6,1.2,-4.7,5.9,2.95,553,1,0
401705088,2025-01-09,Phoenix Suns,Atlanta Hawks,123,115,2025,8,238,8.0,False,False,1.0,False,False,east_to_west,1,1,0,-5.6,-6.0,0.40000000000000036,0.20000000000000018,-7.1,-2.2,-4.8999999999999995,-2.4499999999999997,554,1,0
401705091,2025-01-10,Indiana Pacers,Golden State Warriors,108,96,2025,12,204,1.0,False,False,0.0,True,False,west_to_east,1,0,1,10.6,-0.2,10.799999999999999,5.3999999999999995,5.2,-3.3,8.5,4.25,555,1,0
401705096,2025-01-10,Chicago Bulls,Washington Wizards,138,105,2025,33,243,3.0,False,False,1.0,False,False,same_region,0,0,0,-2.0,-7.0,5.0,2.5,-5.0,-8.5,3.5,1.75,556,1,0
401705094,2025-01-10,Boston Celtics,Sacramento Kings,97,114,2025,-17,211,9.0,False,False,4.0,False,False,west_to_east,1,0,1,15.8,11.2,4.600000000000001,2.3000000000000007,12.4,0.1,12.3,6.15,557,1,0
401705092,2025-01-10,Orlando Magic,Milwaukee Bucks,106,109,2025,-3,215,0.0,True,False,3.0,False,False,same_region,0,0,0,-3.8,8.4,-12.2,-6.1,-3.1,4.0,-7.1,-3.55,558,1,0
401705093,2025-01-10,Philadelphia 76ers,New Orleans Pelicans,115,123,2025,-8,238,1.0,False,False,4.0,False,False,west_to_east,1,0,1,-3.0,-2.6,-0.3999999999999999,-0.19999999999999996,-0.8,-5.5,4.7,2.35,559,1,0
401705095,2025-01-10,New York Knicks,Oklahoma City Thunder,101,126,2025,-25,227,1.0,False,False,1.0,False,False,west_to_east,1,0,1,-0.4,8.4,-8.8,-4.4,6.2,10.9,-4.7,-2.35,560,1,0
401705097,2025-01-10,Denver Nuggets,Brooklyn Nets,124,105,2025,19,229,1.0,False,True,7.0,False,False,east_to_west,1,1,0,7.6,-14.4,22.0,11.0,6.5,-10.2,16.7,8.35,561,1,0
401705100,2025-01-11,Detroit Pistons,Toronto Raptors,123,114,2025,9,237,1.0,False,False,1.0,False,True,same_region,0,0,0,6.6,-7.2,13.8,6.9,4.1,-16.6,20.700000000000003,10.350000000000001,562,1,0
401705099,2025-01-11,Phoenix Suns,Utah Jazz,114,106,2025,8,220,1.0,False,False,5.0,False,False,same_region,0,0,0,-3.2,5.0,-8.2,-4.1,-5.4,0.9,-6.300000000000001,-3.1500000000000004,563,1,0
401705102,2025-01-11,Portland Trail Blazers,Miami Heat,98,119,2025,-21,217,11.0,False,False,1.0,False,False,east_to_west,1,1,0,1.0,-6.6,7.6,3.8,-5.5,-1.2,-4.3,-2.15,564,1,0
401705101,2025-01-11,Minnesota Timberwolves,Memphis Grizzlies,125,127,2025,-2,252,4.0,False,False,6.0,False,False,same_region,0,0,0,1.4,0.6,0.7999999999999999,0.39999999999999997,-0.5,2.8,-3.3,-1.65,565,1,0
401705108,2025-01-12,Boston Celtics,New Orleans Pelicans,120,119,2025,1,239,1.0,False,False,1.0,False,False,west_to_east,1,0,1,1.6,1.2,0.40000000000000013,0.20000000000000007,8.2,-3.6,11.799999999999999,5.8999999999999995,566,1,0
401705112,2025-01-12,Utah Jazz,Brooklyn Nets,112,111,2025,1,223,2.0,False,False,1.0,False,False,east_to_west,1,1,0,6.6,-14.8,21.4,10.7,-1.0,-11.0,10.0,5.0,567,1,0
401705113,2025-01-12,Phoenix Suns,Charlotte Hornets,120,113,2025,7,233,0.0,True,True,6.0,False,False,east_to_west,1,1,0,-0.6,-4.4,3.8000000000000003,1.9000000000000001,-3.8,-7.0,3.2,1.6,568,1,0
401705106,2025-01-12,Dallas Mavericks,Denver Nuggets,101,112,2025,-11,213,2.0,False,False,7.0,False,False,same_region,0,0,0,-2.2,7.6,-9.8,-4.9,0.2,5.7,-5.5,-2.75,569,1,0
401705105,2025-01-12,New York Knicks,Milwaukee Bucks,140,106,2025,34,246,1.0,False,False,1.0,False,False,same_region,0,0,0,-8.6,7.4,-16.0,-8.0,2.3,6.6,-4.3,-2.15,570,1,0
401705107,2025-01-12,Chicago Bulls,Sacramento Kings,119,124,2025,-5,243,1.0,False,False,1.0,False,False,west_to_east,1,0,1,3.2,12.6,-9.399999999999999,-4.699999999999999,-2.6,3.1,-5.7,-2.85,571,1,0
401705111,2025-01-12,Washington Wizards,Oklahoma City Thunder,95,136,2025,-41,231,4.0,False,False,1.0,False,False,west_to_east,1,0,1,-17.2,11.8,-29.0,-14.5,-10.7,12.7,-23.4,-11.7,572,1,0
401705110,2025-01-12,Orlando Magic,Philadelphia 76ers,104,99,2025,5,203,1.0,False,True,7.0,False,False,same_region,0,0,0,-2.6,-3.4,0.7999999999999998,0.3999999999999999,-4.1,1.1,-5.199999999999999,-2.5999999999999996,573,1,0
401705109,2025-01-12,Cleveland Cavaliers,Indiana Pacers,93,108,2025,-15,201,2.0,False,False,5.0,False,False,same_region,0,0,0,9.4,14.6,-5.199999999999999,-2.5999999999999996,14.0,3.7,10.3,5.15,574,1,0
401705119,2025-01-13,LA Clippers,Miami Heat,109,98,2025,11,207,8.0,False,False,1.0,False,False,east_to_west,1,1,0,-10.6,0.2,-10.799999999999999,-5.3999999999999995,-2.9,-0.6,-2.3,-1.15,575,1,0
401705117,2025-01-13,Houston Rockets,Memphis Grizzlies,120,118,2025,2,238,7.0,False,False,1.0,False,False,same_region,0,0,0,3.8,0.0,3.8,1.9,4.8,1.4,3.4,1.7,576,1,0
401705118,2025-01-13,Los Angeles Lakers,San Antonio Spurs,102,126,2025,-24,228,9.0,False,False,4.0,False,False,same_region,0,0,0,-2.4,1.6,-4.0,-2.0,1.4,2.7,-1.3000000000000003,-0.6500000000000001,577,1,0
401705116,2025-01-13,Toronto Raptors,Golden State Warriors,104,101,2025,3,205,6.0,False,False,2.0,False,False,west_to_east,1,0,1,-12.4,-9.4,-3.0,-1.5,-17.1,-3.9,-13.200000000000001,-6.6000000000000005,578,1,0
401705114,2025-01-13,Washington Wizards,Minnesota Timberwolves,106,120,2025,-14,226,0.0,True,False,3.0,False,False,west_to_east,1,0,1,-23.0,1.6,-24.6,-12.3,-13.0,0.6,-13.6,-6.8,579,1,0
401705115,2025-01-13,New York Knicks,Detroit Pistons,119,124,2025,-5,243,0.0,True,True,4.0,False,False,same_region,0,0,0,0.2,7.6,-7.3999999999999995,-3.6999999999999997,5.4,4.2,1.2000000000000002,0.6000000000000001,580,1,0
401705122,2025-01-14,Atlanta Hawks,Phoenix Suns,122,117,2025,5,239,16.0,False,False,6.0,False,False,west_to_east,1,0,1,-13.4,4.4,-17.8,-8.9,-2.3,-0.4,-1.9,-0.95,581,1,0
401705121,2025-01-14,Philadelphia 76ers,Oklahoma City Thunder,102,118,2025,-16,220,3.0,False,False,1.0,False,False,west_to_east,1,0,1,2.4,16.4,-13.999999999999998,-6.999999999999999,0.1,15.0,-14.9,-7.45,582,1,0
401705123,2025-01-14,Chicago Bulls,New Orleans Pelicans,113,119,2025,-6,232,1.0,False,False,1.0,False,False,west_to_east,1,0,1,5.8,-1.4,7.199999999999999,3.5999999999999996,-0.6,-3.4,2.8,1.4,583,1,0
401705120,2025-01-14,Indiana Pacers,Cleveland Cavaliers,117,127,2025,-10,244,3.0,False,False,10.0,False,False,same_region,0,0,0,15.0,4.0,11.0,5.5,4.6,10.2,-5.6,-2.8,584,1,0
401705125,2025-01-14,Dallas Mavericks,Denver Nuggets,99,118,2025,-19,217,1.0,False,False,1.0,False,False,same_region,0,0,0,-2.2,10.4,-12.600000000000001,-6.300000000000001,-3.3,7.8,-11.1,-5.55,585,1,0
401705126,2025-01-14,Portland Trail Blazers,Brooklyn Nets,114,132,2025,-18,246,2.0,False,False,1.0,False,False,east_to_west,1,1,0,-1.6,-15.6,14.0,7.0,-5.6,-9.6,4.0,2.0,586,1,0
401705124,2025-01-14,Milwaukee Bucks,Sacramento Kings,130,115,2025,15,245,5.0,False,False,1.0,False,False,west_to_east,1,0,1,1.2,12.4,-11.200000000000001,-5.6000000000000005,2.1,4.0,-1.9,-0.95,587,1,0
401705137,2025-01-15,LA Clippers,Brooklyn Nets,126,67,2025,59,193,1.0,False,False,0.0,True,True,east_to_west,1,1,0,-1.2,-6.2,5.0,2.5,-4.1,-8.4,4.300000000000001,2.1500000000000004,588,1,0
401705136,2025-01-15,Los Angeles Lakers,Miami Heat,117,108,2025,9,225,1.0,False,False,1.0,False,False,east_to_west,1,1,0,-4.8,5.2,-10.0,-5.0,-2.3,-1.8,-0.4999999999999998,-0.2499999999999999,589,1,0
401705131,2025-01-15,Minnesota Timberwolves,Golden State Warriors,115,116,2025,-1,231,3.0,False,False,1.0,False,False,same_region,0,0,0,7.2,-11.6,18.8,9.4,1.4,-4.0,5.4,2.7,590,1,0
401705134,2025-01-15,Denver Nuggets,Houston Rockets,108,128,2025,-20,236,4.0,False,False,5.0,False,False,same_region,0,0,0,12.0,2.0,10.0,5.0,11.1,4.6,6.5,3.25,591,1,0
401705135,2025-01-15,Utah Jazz,Charlotte Hornets,112,117,2025,-5,229,2.0,False,False,2.0,False,False,east_to_west,1,1,0,-0.4,-3.4,3.0,1.5,0.2,-6.4,6.6000000000000005,3.3000000000000003,592,1,0
401705133,2025-01-15,San Antonio Spurs,Memphis Grizzlies,115,129,2025,-14,244,10.0,False,False,1.0,False,False,same_region,0,0,0,-0.8,0.6,-1.4,-0.7,3.1,1.6,1.5,0.75,593,1,0
401705130,2025-01-15,Milwaukee Bucks,Orlando Magic,122,93,2025,29,215,0.0,True,False,8.0,False,False,same_region,0,0,0,4.8,-3.4,8.2,4.1,1.5,-4.0,5.5,2.75,594,1,0
401705132,2025-01-15,New Orleans Pelicans,Dallas Mavericks,119,116,2025,3,235,6.0,False,False,8.0,False,False,same_region,0,0,0,-2.6,-3.6,1.0,0.5,-1.1,-4.6,3.4999999999999996,1.7499999999999998,595,1,0
401705128,2025-01-15,Toronto Raptors,Boston Celtics,110,97,2025,13,207,1.0,False,False,7.0,False,False,same_region,0,0,0,-10.0,1.2,-11.2,-5.6,-15.4,8.7,-24.1,-12.05,596,1,0
401705127,2025-01-15,Philadelphia 76ers,New York Knicks,119,125,2025,-6,244,0.0,True,False,10.0,False,False,same_region,0,0,0,-6.6,1.8,-8.4,-4.2,-1.9,2.6,-4.5,-2.25,597,1,0
401705129,2025-01-15,Chicago Bulls,Atlanta Hawks,94,110,2025,-16,204,0.0,True,True,5.0,False,False,same_region,0,0,0,2.0,-8.6,10.6,5.3,0.9,-0.2,1.1,0.55,598,1,0
401705141,2025-01-16,Portland Trail Blazers,LA Clippers,89,118,2025,-29,207,1.0,False,False,7.0,False,False,same_region,0,0,0,-5.8,14.2,-20.0,-10.0,-5.0,3.4,-8.4,-4.2,599,1,0
401705140,2025-01-16,Oklahoma City Thunder,Cleveland Cavaliers,134,114,2025,20,248,10.0,False,False,1.0,False,False,east_to_west,1,1,0,17.6,3.6,14.000000000000002,7.000000000000001,16.0,8.5,7.5,3.75,600,1,0
401705142,2025-01-16,Sacramento Kings,Houston Rockets,132,127,2025,5,259,9.0,False,False,0.0,True,False,same_region,0,0,0,8.4,10.6,-2.1999999999999993,-1.0999999999999996,5.2,5.3,-0.09999999999999964,-0.04999999999999982,601,1,0
401705139,2025-01-16,Washington Wizards,Phoenix Suns,123,130,2025,-7,253,2.0,False,False,1.0,False,False,west_to_east,1,0,1,-23.4,1.4,-24.799999999999997,-12.399999999999999,-14.7,-1.9,-12.799999999999999,-6.3999999999999995,602,1,0
401705138,2025-01-16,Detroit Pistons,Indiana Pacers,100,111,2025,-11,211,4.0,False,False,3.0,False,False,same_region,0,0,0,5.8,9.4,-3.6000000000000005,-1.8000000000000003,4.4,4.2,0.20000000000000018,0.10000000000000009,603,1,0
401705151,2025-01-17,Los Angeles Lakers,Brooklyn Nets,102,101,2025,1,203,1.0,False,False,1.0,False,True,east_to_west,1,1,0,-4.6,-15.2,10.6,5.3,-1.8,-13.4,11.6,5.8,604,1,0
401705149,2025-01-17,Dallas Mavericks,Oklahoma City Thunder,106,98,2025,8,204,2.0,False,False,2.0,False,False,same_region,0,0,0,-1.2,19.0,-20.2,-10.1,-5.8,16.8,-22.6,-11.3,605,1,0
401705145,2025-01-17,Miami Heat,Denver Nuggets,113,133,2025,-20,246,12.0,False,False,2.0,False,False,west_to_east,1,0,1,4.4,10.4,-6.0,-3.0,-1.7,7.8,-9.5,-4.75,606,1,0
401705143,2025-01-17,Boston Celtics,Orlando Magic,121,94,2025,27,215,4.0,False,False,1.0,False,False,same_region,0,0,0,-6.0,-6.6,0.5999999999999996,0.2999999999999998,7.8,-6.8,14.6,7.3,607,1,0
401705148,2025-01-17,San Antonio Spurs,Memphis Grizzlies,112,140,2025,-28,252,1.0,False,False,1.0,False,False,same_region,0,0,0,-4.2,5.0,-9.2,-4.6,2.2,0.1,2.1,1.05,608,1,0
401705150,2025-01-17,Chicago Bulls,Charlotte Hornets,123,125,2025,-2,248,1.0,False,True,1.0,False,False,same_region,0,0,0,-2.0,-1.0,-1.0,-0.5,0.1,-5.0,5.1,2.55,609,1,0
401705144,2025-01-17,New York Knicks,Minnesota Timberwolves,99,116,2025,-17,215,3.0,False,False,3.0,False,False,west_to_east,1,0,1,4.8,6.6,-1.7999999999999998,-0.8999999999999999,2.8,1.2,1.5999999999999999,0.7999999999999999,610,1,0
401705146,2025-01-17,Milwaukee Bucks,Toronto Raptors,130,112,2025,18,242,1.0,False,True,5.0,False,False,same_region,0,0,0,5.8,-2.6,8.4,4.2,5.0,-11.2,16.2,8.1,611,1,0
401705147,2025-01-17,New Orleans Pelicans,Utah Jazz,136,123,2025,13,259,1.0,False,False,5.0,False,False,same_region,0,0,0,-0.6,-4.0,3.4,1.7,0.0,-0.1,0.1,0.05,612,1,0
401705152,2025-01-18,Detroit Pistons,Phoenix Suns,121,125,2025,-4,246,1.0,False,False,1.0,False,False,west_to_east,1,0,1,3.0,5.0,-2.0,-1.0,3.2,-0.3,3.5,1.75,613,1,0
401705154,2025-01-18,Indiana Pacers,Philadelphia 76ers,115,102,2025,13,217,3.0,False,False,5.0,False,False,same_region,0,0,0,8.8,-5.8,14.600000000000001,7.300000000000001,9.0,-2.8,11.8,5.9,614,1,0
401705153,2025-01-18,Boston Celtics,Atlanta Hawks,115,119,2025,-4,234,0.0,True,False,2.0,False,False,same_region,0,0,0,2.0,-2.0,4.0,2.0,6.8,0.1,6.7,3.35,615,1,0
401705155,2025-01-18,Golden State Warriors,Washington Wizards,122,114,2025,8,236,10.0,False,False,7.0,False,False,east_to_west,1,1,0,-5.4,-20.2,14.799999999999999,7.3999999999999995,-2.9,-15.0,12.1,6.05,616,1,0
401705156,2025-01-18,Minnesota Timberwolves,Cleveland Cavaliers,117,124,2025,-7,241,2.0,False,False,1.0,False,False,east_to_west,1,1,0,8.6,-2.4,11.0,5.5,2.7,5.4,-2.7,-1.35,617,1,0
401705157,2025-01-18,Portland Trail Blazers,Houston Rockets,103,125,2025,-22,228,1.0,False,False,1.0,False,True,same_region,0,0,0,-11.0,8.8,-19.8,-9.9,-8.1,3.1,-11.2,-5.6,618,1,0
401705163,2025-01-19,Portland Trail Blazers,Chicago Bulls,113,102,2025,11,215,0.0,True,True,10.0,False,False,east_to_west,1,1,0,-19.2,0.8,-20.0,-10.0,-10.7,-0.6,-10.1,-5.05,619,1,0
401705162,2025-01-19,LA Clippers,Los Angeles Lakers,116,102,2025,14,218,3.0,False,False,11.0,False,False,same_region,0,0,0,14.8,-7.8,22.6,11.3,5.9,-1.4,7.300000000000001,3.6500000000000004,620,1,0
401705158,2025-01-19,Miami Heat,San Antonio Spurs,128,107,2025,21,235,1.0,False,False,5.0,False,False,west_to_east,1,0,1,-2.8,-7.6,4.8,2.4,-4.1,-0.3,-3.8,-1.9,621,1,0
401705164,2025-01-19,Sacramento Kings,Washington Wizards,123,100,2025,23,223,2.0,False,False,0.0,True,False,east_to_west,1,1,0,3.4,-20.6,24.0,12.0,5.8,-13.8,19.6,9.8,622,1,0
401705160,2025-01-19,Milwaukee Bucks,Philadelphia 76ers,123,109,2025,14,232,1.0,False,False,0.0,True,False,same_region,0,0,0,6.2,-9.6,15.8,7.9,7.3,-6.3,13.6,6.8,623,1,0
401705159,2025-01-19,Orlando Magic,Denver Nuggets,100,113,2025,-13,213,6.0,False,False,1.0,False,False,west_to_east,1,0,1,-13.8,9.8,-23.6,-11.8,-7.2,8.7,-15.899999999999999,-7.949999999999999,624,1,0
401705161,2025-01-19,Oklahoma City Thunder,Brooklyn Nets,127,101,2025,26,228,2.0,False,False,1.0,False,False,east_to_west,1,1,0,18.8,-12.4,31.200000000000003,15.600000000000001,13.6,-13.4,27.0,13.5,625,1,0
401705177,2025-01-20,LA Clippers,Chicago Bulls,99,112,2025,-13,211,0.0,True,False,0.0,True,False,east_to_west,1,1,0,18.0,-8.0,26.0,13.0,6.3,-2.4,8.7,4.35,626,1,0
401705171,2025-01-20,New Orleans Pelicans,Utah Jazz,123,119,2025,4,242,2.0,False,False,2.0,False,False,same_region,0,0,0,5.8,-6.0,11.8,5.9,1.6,-1.1,2.7,1.35,627,1,0
401705170,2025-01-20,Golden State Warriors,Boston Celtics,85,125,2025,-40,210,1.0,False,False,4.0,False,False,east_to_west,1,1,0,-0.6,-1.2,0.6,0.3,-2.5,7.3,-9.8,-4.9,628,1,0
401705165,2025-01-20,Charlotte Hornets,Dallas Mavericks,110,105,2025,5,215,12.0,False,False,4.0,False,False,west_to_east,1,0,1,0.2,-3.8,4.0,2.0,-3.8,-4.6,0.7999999999999998,0.3999999999999999,629,1,0
401705168,2025-01-20,New York Knicks,Atlanta Hawks,119,110,2025,9,229,2.0,False,False,1.0,False,False,same_region,0,0,0,-1.4,4.0,-5.4,-2.7,-0.9,-0.3,-0.6000000000000001,-0.30000000000000004,630,1,0
401705167,2025-01-20,Memphis Grizzlies,Minnesota Timberwolves,108,106,2025,2,214,10.0,False,False,2.0,False,False,same_region,0,0,0,7.6,4.2,3.3999999999999995,1.6999999999999997,2.1,2.8,-0.6999999999999997,-0.34999999999999987,631,1,0
401705169,2025-01-20,Cleveland Cavaliers,Phoenix Suns,118,92,2025,26,210,7.0,False,False,1.0,False,False,west_to_east,1,0,1,-2.4,4.2,-6.6,-3.3,4.7,0.5,4.2,2.1,632,1,0
401705166,2025-01-20,Houston Rockets,Detroit Pistons,96,107,2025,-11,203,6.0,False,False,6.0,False,False,east_to_west,1,1,0,8.6,-0.8,9.4,4.7,5.4,4.1,1.3000000000000007,0.6500000000000004,633,1,0
401705173,2025-01-21,Miami Heat,Portland Trail Blazers,107,116,2025,-9,223,1.0,False,False,11.0,False,False,west_to_east,1,0,1,0.4,-15.8,16.2,8.1,-3.1,-7.4,4.300000000000001,2.1500000000000004,634,1,0
401705172,2025-01-21,Brooklyn Nets,New York Knicks,95,99,2025,-4,194,12.0,False,False,5.0,False,False,same_region,0,0,0,-13.8,5.4,-19.200000000000003,-9.600000000000001,-14.3,-1.6,-12.700000000000001,-6.3500000000000005,635,1,0
401705175,2025-01-21,Denver Nuggets,Philadelphia 76ers,144,109,2025,35,253,5.0,False,False,1.0,False,True,east_to_west,1,1,0,8.6,-10.8,19.4,9.7,8.1,-7.1,15.2,7.6,636,1,0
401705176,2025-01-21,Los Angeles Lakers,Washington Wizards,111,88,2025,23,199,3.0,False,False,1.0,False,True,east_to_west,1,1,0,-9.8,-18.6,8.8,4.4,-3.0,-17.9,14.899999999999999,7.449999999999999,637,1,0
401705174,2025-01-21,Toronto Raptors,Orlando Magic,109,93,2025,16,202,5.0,False,False,3.0,False,False,same_region,0,0,0,-3.4,-13.4,10.0,5.0,-10.1,-8.6,-1.5,-0.75,638,1,0
401705182,2025-01-22,Memphis Grizzlies,Charlotte Hornets,132,120,2025,12,252,1.0,False,False,4.0,False,False,east_to_west,1,1,0,8.8,3.2,5.6000000000000005,2.8000000000000003,4.7,-2.0,6.7,3.35,639,1,0
401705181,2025-01-22,Houston Rockets,Cleveland Cavaliers,109,108,2025,1,217,1.0,False,False,3.0,False,False,east_to_west,1,1,0,5.6,1.6,3.9999999999999996,1.9999999999999998,4.7,5.5,-0.7999999999999998,-0.3999999999999999,640,1,0
401705185,2025-01-22,Sacramento Kings,Golden State Warriors,123,117,2025,6,240,2.0,False,False,6.0,False,False,same_region,0,0,0,7.0,-9.2,16.2,8.1,9.1,-4.7,13.8,6.9,641,1,0
401705186,2025-01-22,LA Clippers,Boston Celtics,113,117,2025,-4,230,1.0,False,True,1.0,False,False,east_to_west,1,1,0,20.0,10.2,9.8,4.9,4.7,5.9,-1.2000000000000002,-0.6000000000000001,642,1,0
401705178,2025-01-22,Atlanta Hawks,Detroit Pistons,104,114,2025,-10,218,7.0,False,False,1.0,False,False,same_region,0,0,0,1.6,2.0,-0.3999999999999999,-0.19999999999999996,-2.2,4.3,-6.5,-3.25,643,1,0
401705180,2025-01-22,Dallas Mavericks,Minnesota Timberwolves,114,115,2025,-1,229,4.0,False,False,1.0,False,False,same_region,0,0,0,-6.0,4.2,-10.2,-5.1,-4.1,2.9,-7.0,-3.5,644,1,0
401705184,2025-01-22,Oklahoma City Thunder,Utah Jazz,123,114,2025,9,237,2.0,False,False,1.0,False,False,same_region,0,0,0,19.0,-5.8,24.8,12.4,15.4,-0.4,15.8,7.9,645,1,0
401705179,2025-01-22,Brooklyn Nets,Phoenix Suns,84,108,2025,-24,192,0.0,True,False,1.0,False,False,west_to_east,1,0,1,-14.4,-2.6,-11.8,-5.9,-15.0,-1.6,-13.4,-6.7,646,1,0
401705195,2025-01-23,Los Angeles Lakers,Boston Celtics,117,96,2025,21,213,1.0,False,False,0.0,True,True,east_to_west,1,1,0,-1.0,10.8,-11.8,-5.9,-1.7,6.0,-7.7,-3.85,647,1,0
401705194,2025-01-23,Golden State Warriors,Chicago Bulls,131,106,2025,25,237,2.0,False,False,2.0,False,False,east_to_west,1,1,0,-8.0,-4.4,-3.5999999999999996,-1.7999999999999998,-8.7,0.7,-9.399999999999999,-4.699999999999999,648,1,0
401705192,2025-01-23,Denver Nuggets,Sacramento Kings,132,123,2025,9,255,1.0,False,False,8.0,False,False,same_region,0,0,0,13.4,4.8,8.600000000000001,4.300000000000001,11.9,8.7,3.200000000000001,1.6000000000000005,649,1,0
401705187,2025-01-23,Indiana Pacers,San Antonio Spurs,110,140,2025,-30,250,4.0,False,False,3.0,False,False,west_to_east,1,0,1,8.2,-11.0,19.2,9.6,9.4,-3.3,12.7,6.35,650,1,0
401705549,2025-01-23,LA Clippers,Washington Wizards,110,93,2025,17,203,0.0,True,True,1.0,False,False,east_to_west,1,1,0,17.0,-15.0,32.0,16.0,7.9,-19.0,26.9,13.45,651,1,0
401705189,2025-01-23,Atlanta Hawks,Toronto Raptors,119,122,2025,-3,241,0.0,True,False,5.0,False,False,same_region,0,0,0,1.2,1.0,0.19999999999999996,0.09999999999999998,-6.1,-3.1,-2.9999999999999996,-1.4999999999999998,652,1,0
401705188,2025-01-23,Orlando Magic,Portland Trail Blazers,79,101,2025,-22,180,3.0,False,False,1.0,False,False,west_to_east,1,0,1,-16.0,-9.8,-6.199999999999999,-3.0999999999999996,-9.3,-5.7,-3.6000000000000005,-1.8000000000000003,653,1,0
401705190,2025-01-23,Milwaukee Bucks,Miami Heat,125,96,2025,29,221,3.0,False,False,7.0,False,False,same_region,0,0,0,8.4,-5.6,14.0,7.0,7.9,-2.7,10.600000000000001,5.300000000000001,654,1,0
401705191,2025-01-23,Oklahoma City Thunder,Dallas Mavericks,115,121,2025,-6,236,0.0,True,False,2.0,False,False,same_region,0,0,0,12.6,-4.0,16.6,8.3,14.5,-3.1,17.6,8.8,655,1,0
401705197,2025-01-24,Philadelphia 76ers,Cleveland Cavaliers,132,129,2025,3,261,8.0,False,False,1.0,False,False,same_region,0,0,0,-16.8,4.4,-21.200000000000003,-10.600000000000001,-7.2,4.2,-11.4,-5.7,656,1,0
401705196,2025-01-24,Charlotte Hornets,Portland Trail Blazers,97,102,2025,-5,199,3.0,False,False,0.0,True,True,west_to_east,1,0,1,-1.4,-1.8,0.40000000000000013,0.20000000000000007,-2.9,-3.8,0.8999999999999999,0.44999999999999996,657,1,0
401705198,2025-01-24,Memphis Grizzlies,New Orleans Pelicans,139,126,2025,13,265,1.0,False,False,9.0,False,False,same_region,0,0,0,10.8,5.0,5.800000000000001,2.9000000000000004,5.4,3.1,2.3000000000000003,1.1500000000000001,658,1,0
401705207,2025-01-25,New York Knicks,Sacramento Kings,143,120,2025,23,263,4.0,False,False,1.0,False,False,west_to_east,1,0,1,-0.6,2.0,-2.6,-1.3,-0.2,7.2,-7.4,-3.7,659,1,0
401705204,2025-01-25,Orlando Magic,Detroit Pistons,121,113,2025,8,234,1.0,False,False,2.0,False,False,same_region,0,0,0,-21.4,2.2,-23.599999999999998,-11.799999999999999,-12.4,4.9,-17.3,-8.65,660,1,0
401705201,2025-01-25,Dallas Mavericks,Boston Celtics,107,122,2025,-15,229,2.0,False,False,1.0,False,True,east_to_west,1,1,0,1.0,9.2,-8.2,-4.1,-1.3,1.6,-2.9000000000000004,-1.4500000000000002,661,1,0
401705212,2025-01-25,LA Clippers,Milwaukee Bucks,127,117,2025,10,244,1.0,False,True,12.0,False,False,east_to_west,1,1,0,8.6,21.0,-12.4,-6.2,11.4,11.1,0.3000000000000007,0.15000000000000036,662,1,0
401705200,2025-01-25,Minnesota Timberwolves,Denver Nuggets,133,104,2025,29,237,6.0,False,False,5.0,False,False,same_region,0,0,0,1.6,11.4,-9.8,-4.9,4.4,11.7,-7.299999999999999,-3.6499999999999995,663,1,0
401705199,2025-01-25,San Antonio Spurs,Indiana Pacers,98,136,2025,-38,234,7.0,False,False,8.0,False,False,east_to_west,1,1,0,-1.8,-0.2,-1.6,-0.8,-0.1,7.2,-7.3,-3.65,664,1,0
401705202,2025-01-25,Brooklyn Nets,Miami Heat,97,106,2025,-9,203,2.0,False,False,1.0,False,False,same_region,0,0,0,-22.8,-9.2,-13.600000000000001,-6.800000000000001,-14.5,-2.0,-12.5,-6.25,665,1,0
401705211,2025-01-25,Phoenix Suns,Washington Wizards,119,109,2025,10,228,12.0,False,False,1.0,False,False,east_to_west,1,1,0,0.8,-15.6,16.4,8.2,2.6,-19.5,22.1,11.05,666,1,0
401705203,2025-01-25,Charlotte Hornets,New Orleans Pelicans,123,92,2025,31,215,0.0,True,False,0.0,True,False,west_to_east,1,0,1,-1.0,2.6,-3.6,-1.8,-2.2,0.6,-2.8000000000000003,-1.4000000000000001,667,1,0
401705209,2025-01-25,Memphis Grizzlies,Utah Jazz,125,103,2025,22,228,0.0,True,True,2.0,False,False,same_region,0,0,0,13.8,-6.0,19.8,9.9,7.2,0.3,6.9,3.45,668,1,0
401705206,2025-01-25,Cleveland Cavaliers,Houston Rockets,131,135,2025,-4,266,4.0,False,False,6.0,False,False,west_to_east,1,0,1,1.8,5.4,-3.6000000000000005,-1.8000000000000003,2.7,3.7,-1.0,-0.5,669,1,0
401705208,2025-01-25,Chicago Bulls,Philadelphia 76ers,97,109,2025,-12,206,7.0,False,False,3.0,False,False,same_region,0,0,0,-8.2,-13.0,4.800000000000001,2.4000000000000004,-3.1,-9.8,6.700000000000001,3.3500000000000005,670,1,0
401705205,2025-01-25,Atlanta Hawks,Toronto Raptors,94,117,2025,-23,211,1.0,False,True,1.0,False,False,same_region,0,0,0,-0.4,3.4,-3.8,-1.9,-4.5,-4.5,0.0,0.0,671,1,0
401705210,2025-01-25,Golden State Warriors,Los Angeles Lakers,108,118,2025,-10,226,1.0,False,False,5.0,False,False,same_region,0,0,0,-2.4,8.0,-10.4,-5.2,-7.0,1.6,-8.6,-4.3,672,1,0
401705213,2025-01-26,Portland Trail Blazers,Oklahoma City Thunder,108,118,2025,-10,226,6.0,False,False,8.0,False,False,same_region,0,0,0,5.0,8.2,-3.1999999999999993,-1.5999999999999996,-3.0,12.9,-15.9,-7.95,673,1,0
401705225,2025-01-27,Phoenix Suns,LA Clippers,111,109,2025,2,220,1.0,False,False,10.0,False,False,same_region,0,0,0,3.8,4.8,-1.0,-0.5,2.6,9.8,-7.200000000000001,-3.6000000000000005,674,1,0
401705224,2025-01-27,Utah Jazz,Milwaukee Bucks,110,125,2025,-15,235,11.0,False,False,1.0,False,False,east_to_west,1,1,0,-10.6,16.0,-26.6,-13.3,-5.5,10.4,-15.9,-7.95,675,1,0
401705223,2025-01-27,Dallas Mavericks,Washington Wizards,130,108,2025,22,238,1.0,False,False,1.0,False,False,east_to_west,1,1,0,-1.4,-16.2,14.799999999999999,7.3999999999999995,-1.3,-18.2,16.9,8.45,676,1,0
401705221,2025-01-27,Chicago Bulls,Denver Nuggets,129,121,2025,8,250,1.0,False,False,1.0,False,False,west_to_east,1,0,1,-7.4,9.6,-17.0,-8.5,-4.7,10.0,-14.7,-7.35,677,1,0
401705222,2025-01-27,Minnesota Timberwolves,Atlanta Hawks,100,92,2025,8,192,1.0,False,False,6.0,False,False,east_to_west,1,1,0,7.6,-8.2,15.799999999999999,7.8999999999999995,7.1,-5.1,12.2,6.1,678,1,0
401705216,2025-01-27,Boston Celtics,Houston Rockets,112,114,2025,-2,226,8.0,False,False,1.0,False,False,west_to_east,1,0,1,6.8,2.2,4.6,2.3,4.4,6.4,-2.0,-1.0,679,1,0
401705219,2025-01-27,New York Knicks,Memphis Grizzlies,143,106,2025,37,249,1.0,False,False,9.0,False,False,west_to_east,1,0,1,5.0,15.4,-10.4,-5.2,3.4,10.2,-6.799999999999999,-3.3999999999999995,680,1,0
401705218,2025-01-27,Miami Heat,Orlando Magic,125,119,2025,6,244,5.0,False,False,5.0,False,False,same_region,0,0,0,-5.6,-14.0,8.4,4.2,-0.6,-10.3,9.700000000000001,4.8500000000000005,681,1,0
401705220,2025-01-27,Toronto Raptors,New Orleans Pelicans,113,104,2025,9,217,5.0,False,False,1.0,False,True,west_to_east,1,0,1,7.4,-4.8,12.2,6.1,-1.3,-3.7,2.4000000000000004,1.2000000000000002,682,1,0
401705214,2025-01-27,Charlotte Hornets,Los Angeles Lakers,107,112,2025,-5,219,1.0,False,True,1.0,False,False,west_to_east,1,0,1,4.2,8.2,-3.999999999999999,-1.9999999999999996,1.6,1.8,-0.19999999999999996,-0.09999999999999998,683,1,0
401705215,2025-01-27,Cleveland Cavaliers,Detroit Pistons,110,91,2025,19,201,1.0,False,False,1.0,False,False,same_region,0,0,0,5.0,-0.4,5.4,2.7,1.3,2.7,-1.4000000000000001,-0.7000000000000001,684,1,0
401705217,2025-01-27,Brooklyn Nets,Sacramento Kings,96,110,2025,-14,206,1.0,False,False,1.0,False,False,west_to_east,1,0,1,-12.8,0.4,-13.200000000000001,-6.6000000000000005,-14.0,4.4,-18.4,-9.2,685,1,0
401705227,2025-01-28,Golden State Warriors,Utah Jazz,114,103,2025,11,217,2.0,False,False,2.0,False,False,same_region,0,0,0,-4.6,-12.6,8.0,4.0,-5.0,-8.3,3.3000000000000007,1.6500000000000004,686,1,0
401705228,2025-01-28,Portland Trail Blazers,Milwaukee Bucks,125,112,2025,13,237,1.0,False,False,0.0,True,True,east_to_west,1,1,0,7.4,13.2,-5.799999999999999,-2.8999999999999995,-5.9,9.5,-15.4,-7.7,687,1,0
401705226,2025-01-28,Philadelphia 76ers,Los Angeles Lakers,118,104,2025,14,222,3.0,False,False,0.0,True,True,west_to_east,1,0,1,-9.4,9.0,-18.4,-9.2,-7.6,0.6,-8.2,-4.1,688,1,0
401748705,2025-01-28,Atlanta Hawks,Houston Rockets,96,100,2025,-4,196,2.0,False,False,0.0,True,True,west_to_east,1,0,1,-10.6,3.6,-14.2,-7.1,-3.3,6.2,-9.5,-4.75,689,1,0
401705232,2025-01-29,Boston Celtics,Chicago Bulls,122,100,2025,22,222,1.0,False,False,5.0,False,False,same_region,0,0,0,7.2,-5.4,12.600000000000001,6.300000000000001,3.0,-2.3,5.3,2.65,690,1,0
401705238,2025-01-29,Phoenix Suns,Minnesota Timberwolves,113,121,2025,-8,234,1.0,False,False,6.0,False,False,same_region,0,0,0,2.8,5.8,-3.0,-1.5,3.9,7.2,-3.3000000000000003,-1.6500000000000001,691,1,0
401705236,2025-01-29,New Orleans Pelicans,Dallas Mavericks,136,137,2025,-1,273,8.0,False,False,5.0,False,False,same_region,0,0,0,-7.2,1.4,-8.6,-4.3,-3.9,-1.2,-2.7,-1.35,692,1,0
401705237,2025-01-29,San Antonio Spurs,LA Clippers,116,128,2025,-12,244,3.0,False,False,1.0,False,False,same_region,0,0,0,-14.2,1.6,-15.799999999999999,-7.8999999999999995,-7.5,9.8,-17.3,-8.65,693,1,0
401705229,2025-01-29,Charlotte Hornets,Brooklyn Nets,83,104,2025,-21,187,1.0,False,False,9.0,False,False,same_region,0,0,0,2.8,-15.4,18.2,9.1,1.5,-13.9,15.4,7.7,694,1,0
401705239,2025-01-29,Golden State Warriors,Oklahoma City Thunder,116,109,2025,7,225,0.0,True,False,2.0,False,False,same_region,0,0,0,-4.0,6.2,-10.2,-5.1,-2.3,12.6,-14.899999999999999,-7.449999999999999,695,1,0
401705234,2025-01-29,New York Knicks,Denver Nuggets,122,112,2025,10,234,1.0,False,False,1.0,False,False,west_to_east,1,0,1,11.2,4.0,7.199999999999999,3.5999999999999996,8.0,6.9,1.0999999999999996,0.5499999999999998,696,1,0
401705235,2025-01-29,Philadelphia 76ers,Sacramento Kings,117,104,2025,13,221,0.0,True,False,1.0,False,False,west_to_east,1,0,1,-4.0,2.2,-6.2,-3.1,-6.8,2.8,-9.6,-4.8,697,1,0
401705231,2025-01-29,Washington Wizards,Toronto Raptors,82,106,2025,-24,188,12.0,False,False,3.0,False,False,same_region,0,0,0,-19.0,6.6,-25.6,-12.8,-19.8,2.0,-21.8,-10.9,698,1,0
401705233,2025-01-29,Miami Heat,Cleveland Cavaliers,106,126,2025,-20,232,1.0,False,False,4.0,False,False,same_region,0,0,0,-0.4,7.4,-7.800000000000001,-3.9000000000000004,-1.6,2.5,-4.1,-2.05,699,1,0
401705230,2025-01-29,Indiana Pacers,Detroit Pistons,133,119,2025,14,252,5.0,False,False,1.0,False,False,same_region,0,0,0,4.4,-2.0,6.4,3.2,9.7,0.5,9.2,4.6,700,1,0
401705241,2025-01-30,Cleveland Cavaliers,Atlanta Hawks,137,115,2025,22,252,2.0,False,False,2.0,False,False,same_region,0,0,0,6.2,-9.6,15.8,7.9,3.9,-4.0,7.9,3.95,701,1,0
401705240,2025-01-30,Washington Wizards,Los Angeles Lakers,96,134,2025,-38,230,0.0,True,False,1.0,False,True,west_to_east,1,0,1,-19.2,9.0,-28.2,-14.1,-18.9,-0.4,-18.5,-9.25,702,1,0
401705243,2025-01-30,Utah Jazz,Minnesota Timberwolves,113,138,2025,-25,251,2.0,False,False,0.0,True,False,same_region,0,0,0,-12.2,8.8,-21.0,-10.5,-9.1,6.5,-15.6,-7.8,703,1,0
401705242,2025-01-30,Memphis Grizzlies,Houston Rockets,120,119,2025,1,239,4.0,False,False,1.0,False,True,same_region,0,0,0,2.4,0.0,2.4,1.2,5.0,4.3,0.7000000000000002,0.3500000000000001,704,1,0
401705244,2025-01-30,Portland Trail Blazers,Orlando Magic,119,90,2025,29,209,1.0,False,False,2.0,False,False,east_to_west,1,1,0,7.8,-9.8,17.6,8.8,-4.0,-11.8,7.800000000000001,3.9000000000000004,705,1,0
401705249,2025-01-31,New Orleans Pelicans,Boston Celtics,116,118,2025,-2,234,1.0,False,False,5.0,False,False,east_to_west,1,1,0,-10.0,3.6,-13.6,-6.8,-2.1,6.9,-9.0,-4.5,706,1,0
401705251,2025-01-31,Golden State Warriors,Phoenix Suns,105,130,2025,-25,235,1.0,False,True,8.0,False,False,same_region,0,0,0,5.4,0.4,5.0,2.5,-1.9,2.3,-4.199999999999999,-2.0999999999999996,707,1,0
401705250,2025-01-31,San Antonio Spurs,Milwaukee Bucks,144,118,2025,26,262,1.0,False,False,2.0,False,False,east_to_west,1,1,0,-13.8,7.0,-20.8,-10.4,-9.0,6.6,-15.6,-7.8,708,1,0
401705248,2025-01-31,Toronto Raptors,Chicago Bulls,106,122,2025,-16,228,3.0,False,False,1.0,False,False,same_region,0,0,0,15.0,-7.6,22.6,11.3,5.8,-7.8,13.6,6.8,709,1,0
401705245,2025-01-31,Charlotte Hornets,LA Clippers,104,112,2025,-8,216,1.0,False,False,1.0,False,False,west_to_east,1,0,1,-2.4,6.6,-9.0,-4.5,0.4,13.3,-12.9,-6.45,710,1,0
401705247,2025-01-31,Philadelphia 76ers,Denver Nuggets,134,137,2025,-3,271,1.0,False,True,1.0,False,False,west_to_east,1,0,1,1.4,-0.6,2.0,1.0,-4.7,4.0,-8.7,-4.35,711,1,0
401705246,2025-01-31,Detroit Pistons,Dallas Mavericks,117,102,2025,15,219,12.0,False,False,1.0,False,False,west_to_east,1,0,1,-4.0,2.6,-6.6,-3.3,-2.4,-1.7,-0.7,-0.35,712,1,0
401705260,2025-02-01,Portland Trail Blazers,Phoenix Suns,127,108,2025,19,235,1.0,False,False,0.0,True,False,same_region,0,0,0,11.8,10.6,1.200000000000001,0.6000000000000005,1.0,4.0,-3.0,-1.5,713,2,0
401705259,2025-02-01,San Antonio Spurs,Miami Heat,103,105,2025,-2,208,0.0,True,True,6.0,False,False,east_to_west,1,1,0,-3.0,-8.6,5.6,2.8,-5.3,-4.1,-1.2000000000000002,-0.6000000000000001,714,2,0
401705255,2025-02-01,Houston Rockets,Brooklyn Nets,98,110,2025,-12,208,9.0,False,False,2.0,False,False,east_to_west,1,1,0,2.0,-6.0,8.0,4.0,3.8,-9.9,13.7,6.85,715,2,0
401705253,2025-02-01,Utah Jazz,Orlando Magic,113,99,2025,14,212,1.0,False,False,1.0,False,False,east_to_west,1,1,0,-16.4,-13.0,-3.3999999999999986,-1.6999999999999993,-11.1,-13.2,2.0999999999999996,1.0499999999999998,716,2,0
401705258,2025-02-01,New York Knicks,Los Angeles Lakers,112,128,2025,-16,240,2.0,False,False,1.0,False,False,west_to_east,1,0,1,16.6,12.0,4.600000000000001,2.3000000000000007,7.6,5.5,2.0999999999999996,1.0499999999999998,717,2,0
401705254,2025-02-01,Charlotte Hornets,Denver Nuggets,104,107,2025,-3,211,0.0,True,True,0.0,True,True,west_to_east,1,0,1,-1.6,-7.0,5.4,2.7,-1.5,3.2,-4.7,-2.35,718,2,0
401705252,2025-02-01,Indiana Pacers,Atlanta Hawks,132,127,2025,5,259,2.0,False,False,1.0,False,False,same_region,0,0,0,9.2,-12.0,21.2,10.6,9.3,-5.4,14.700000000000001,7.3500000000000005,719,2,0
401705256,2025-02-01,Minnesota Timberwolves,Washington Wizards,103,105,2025,-2,208,4.0,False,False,4.0,False,False,east_to_west,1,1,0,14.2,-22.2,36.4,18.2,9.2,-18.6,27.8,13.9,720,2,0
401705257,2025-02-01,Oklahoma City Thunder,Sacramento Kings,144,110,2025,34,254,8.0,False,False,2.0,False,False,same_region,0,0,0,6.4,-5.0,11.4,5.7,12.6,1.0,11.6,5.8,721,2,0
401705261,2025-02-02,Detroit Pistons,Chicago Bulls,127,119,2025,8,246,1.0,False,False,1.0,False,False,same_region,0,0,0,-3.2,-7.0,3.8,1.9,-0.6,-5.7,5.1000000000000005,2.5500000000000003,722,2,0
401705263,2025-02-02,Toronto Raptors,LA Clippers,115,108,2025,7,223,1.0,False,False,1.0,False,False,west_to_east,1,0,1,8.6,9.0,-0.40000000000000036,-0.20000000000000018,4.8,13.0,-8.2,-4.1,723,2,0
401705262,2025-02-02,Cleveland Cavaliers,Dallas Mavericks,144,101,2025,43,245,2.0,False,False,1.0,False,False,west_to_east,1,0,1,10.8,-0.2,11.0,5.5,7.6,-2.1,9.7,4.85,724,2,0
401705264,2025-02-02,Philadelphia 76ers,Boston Celtics,110,118,2025,-8,228,1.0,False,False,1.0,False,False,same_region,0,0,0,7.8,3.2,4.6,2.3,-4.5,7.0,-11.5,-5.75,725,2,0
401705265,2025-02-02,Milwaukee Bucks,Memphis Grizzlies,119,132,2025,-13,251,9.0,False,False,5.0,False,False,west_to_east,1,0,1,-1.0,2.2,-3.2,-1.6,3.7,5.5,-1.7999999999999998,-0.8999999999999999,726,2,0
401705273,2025-02-03,Utah Jazz,Indiana Pacers,111,112,2025,-1,223,1.0,False,False,8.0,False,False,east_to_west,1,1,0,-11.8,8.0,-19.8,-9.9,-8.9,8.4,-17.3,-8.65,727,2,0
401705272,2025-02-03,Denver Nuggets,New Orleans Pelicans,125,113,2025,12,238,10.0,False,False,6.0,False,False,same_region,0,0,0,-8.2,-11.2,3.0,1.5,1.6,-3.1,4.7,2.35,728,2,0
401705274,2025-02-03,Golden State Warriors,Orlando Magic,104,99,2025,5,203,2.0,False,False,1.0,False,False,east_to_west,1,1,0,1.6,-12.6,14.2,7.1,-3.2,-14.3,11.100000000000001,5.550000000000001,729,2,0
401705268,2025-02-03,New York Knicks,Houston Rockets,124,118,2025,6,242,1.0,False,False,3.0,False,False,west_to_east,1,0,1,11.6,-0.6,12.2,6.1,8.5,2.4,6.1,3.05,730,2,0
401705275,2025-02-03,Portland Trail Blazers,Phoenix Suns,121,119,2025,2,240,1.0,False,False,1.0,False,True,same_region,0,0,0,11.2,2.0,9.2,4.6,4.7,1.4,3.3000000000000003,1.6500000000000001,731,2,0
401705267,2025-02-03,Detroit Pistons,Atlanta Hawks,130,132,2025,-2,262,0.0,True,True,1.0,False,False,same_region,0,0,0,-3.6,-12.4,8.8,4.4,-0.7,-6.4,5.7,2.85,732,2,0
401705266,2025-02-03,Charlotte Hornets,Washington Wizards,114,124,2025,-10,238,1.0,False,True,1.0,False,False,same_region,0,0,0,-1.2,-18.4,17.2,8.6,-1.1,-17.0,15.9,7.95,733,2,0
401705269,2025-02-03,Memphis Grizzlies,San Antonio Spurs,128,109,2025,19,237,3.0,False,False,10.0,False,False,same_region,0,0,0,2.4,0.8,1.5999999999999999,0.7999999999999999,6.6,-5.1,11.7,5.85,734,2,0
401705271,2025-02-03,Oklahoma City Thunder,Milwaukee Bucks,125,96,2025,29,221,1.0,False,False,2.0,False,False,east_to_west,1,1,0,8.0,-9.4,17.4,8.7,13.5,5.8,7.7,3.85,735,2,0
401705270,2025-02-03,Minnesota Timberwolves,Sacramento Kings,114,116,2025,-2,230,1.0,False,False,1.0,False,False,same_region,0,0,0,13.6,-13.0,26.6,13.3,7.6,-4.1,11.7,5.85,736,2,0
401705278,2025-02-04,Philadelphia 76ers,Dallas Mavericks,118,116,2025,2,234,1.0,False,False,1.0,False,False,west_to_east,1,0,1,5.6,-10.0,15.6,7.8,-3.7,-4.5,0.7999999999999998,0.3999999999999999,737,2,0
401705279,2025-02-04,Toronto Raptors,New York Knicks,115,121,2025,-6,236,1.0,False,False,13.0,False,False,same_region,0,0,0,9.4,12.0,-2.5999999999999996,-1.2999999999999998,6.4,5.7,0.7000000000000002,0.3500000000000001,738,2,0
401705277,2025-02-04,Brooklyn Nets,Houston Rockets,99,97,2025,2,196,7.0,False,False,0.0,True,False,west_to_east,1,0,1,-2.8,-2.6,-0.19999999999999973,-0.09999999999999987,-8.6,-0.2,-8.4,-4.2,739,2,0
401705276,2025-02-04,Cleveland Cavaliers,Boston Celtics,105,112,2025,-7,217,1.0,False,False,1.0,False,False,same_region,0,0,0,20.0,9.0,11.0,5.5,10.9,9.1,1.8000000000000007,0.9000000000000004,740,2,0
401705280,2025-02-04,Chicago Bulls,Miami Heat,133,124,2025,9,257,7.0,False,False,2.0,False,False,same_region,0,0,0,-3.6,-6.4,2.8000000000000003,1.4000000000000001,-5.9,-6.0,0.09999999999999964,0.04999999999999982,741,2,0
401705282,2025-02-04,Portland Trail Blazers,Indiana Pacers,112,89,2025,23,201,0.0,True,True,0.0,True,False,east_to_west,1,1,0,10.6,5.6,5.0,2.5,7.8,6.9,0.8999999999999995,0.44999999999999973,742,2,0
401705281,2025-02-04,LA Clippers,Los Angeles Lakers,97,122,2025,-25,219,9.0,False,False,2.0,False,False,same_region,0,0,0,4.2,11.0,-6.8,-3.4,6.4,9.5,-3.0999999999999996,-1.5499999999999998,743,2,0
401705291,2025-02-05,Utah Jazz,Golden State Warriors,131,128,2025,3,259,1.0,False,False,13.0,False,False,same_region,0,0,0,-7.6,-2.4,-5.199999999999999,-2.5999999999999996,-9.1,-2.4,-6.699999999999999,-3.3499999999999996,744,2,0
401705293,2025-02-05,Sacramento Kings,Orlando Magic,111,130,2025,-19,241,13.0,False,False,1.0,False,False,east_to_west,1,1,0,-10.8,-9.2,-1.6000000000000014,-0.8000000000000007,-4.4,-15.3,10.9,5.45,745,2,0
401705290,2025-02-05,Oklahoma City Thunder,Phoenix Suns,140,109,2025,31,249,1.0,False,False,1.0,False,False,same_region,0,0,0,12.0,-0.4,12.4,6.2,12.3,1.7,10.600000000000001,5.300000000000001,746,2,0
401705292,2025-02-05,Denver Nuggets,New Orleans Pelicans,144,119,2025,25,263,1.0,False,False,1.0,False,False,same_region,0,0,0,0.0,-11.0,11.0,5.5,4.8,-4.2,9.0,4.5,747,2,0
401705289,2025-02-05,Minnesota Timberwolves,Chicago Bulls,127,108,2025,19,235,1.0,False,False,2.0,False,False,east_to_west,1,1,0,7.4,0.6,6.800000000000001,3.4000000000000004,7.5,-3.4,10.9,5.45,748,2,0
401705283,2025-02-05,Charlotte Hornets,Milwaukee Bucks,102,112,2025,-10,214,1.0,False,False,1.0,False,False,same_region,0,0,0,-9.4,-13.2,3.799999999999999,1.8999999999999995,-2.6,1.4,-4.0,-2.0,749,2,0
401705287,2025-02-05,Philadelphia 76ers,Miami Heat,101,108,2025,-7,209,0.0,True,True,0.0,True,False,same_region,0,0,0,3.6,-2.4,6.0,3.0,-2.9,-5.8,2.9,1.45,750,2,0
401705284,2025-02-05,Detroit Pistons,Cleveland Cavaliers,115,118,2025,-3,233,1.0,False,True,6.0,False,False,same_region,0,0,0,-2.4,19.4,-21.799999999999997,-10.899999999999999,-1.4,12.2,-13.6,-6.8,751,2,0
401705285,2025-02-05,Atlanta Hawks,San Antonio Spurs,125,126,2025,-1,251,7.0,False,False,1.0,False,False,west_to_east,1,0,1,-7.4,-9.0,1.5999999999999996,0.7999999999999998,-7.8,-5.4,-2.3999999999999995,-1.1999999999999997,752,2,0
401705286,2025-02-05,Brooklyn Nets,Washington Wizards,102,119,2025,-17,221,0.0,True,False,1.0,False,False,same_region,0,0,0,2.4,-14.4,16.8,8.4,-10.2,-15.3,5.100000000000001,2.5500000000000007,753,2,0
401705288,2025-02-05,Toronto Raptors,Memphis Grizzlies,107,138,2025,-31,245,0.0,True,True,2.0,False,False,west_to_east,1,0,1,3.6,3.6,0.0,0.0,5.5,8.7,-3.1999999999999993,-1.5999999999999996,754,2,0
401705294,2025-02-06,Boston Celtics,Dallas Mavericks,120,127,2025,-7,247,7.0,False,False,1.0,False,False,west_to_east,1,0,1,7.4,-7.4,14.8,7.4,7.1,-4.4,11.5,5.75,755,2,0
401705295,2025-02-06,Minnesota Timberwolves,Houston Rockets,127,114,2025,13,241,0.0,True,True,1.0,False,True,same_region,0,0,0,9.6,-3.4,13.0,6.5,7.7,0.1,7.6000000000000005,3.8000000000000003,756,2,0
401705296,2025-02-06,Denver Nuggets,Orlando Magic,112,90,2025,22,202,0.0,True,True,0.0,True,True,east_to_west,1,1,0,6.6,-7.0,13.6,6.8,5.3,-10.5,15.8,7.9,757,2,0
401705298,2025-02-06,Portland Trail Blazers,Sacramento Kings,108,102,2025,6,210,1.0,False,True,2.0,False,False,same_region,0,0,0,17.2,-10.0,27.2,13.6,12.3,-4.8,17.1,8.55,758,2,0
401705297,2025-02-06,Los Angeles Lakers,Golden State Warriors,120,112,2025,8,232,13.0,False,False,0.0,True,False,same_region,0,0,0,14.0,-1.0,15.0,7.5,11.1,-2.8,13.899999999999999,6.949999999999999,759,2,0
401705299,2025-02-06,LA Clippers,Indiana Pacers,112,119,2025,-7,231,1.0,False,False,1.0,False,True,east_to_west,1,1,0,-2.8,7.0,-9.8,-4.9,1.0,3.4,-2.4,-1.2,760,2,0
401705306,2025-02-07,Phoenix Suns,Utah Jazz,135,127,2025,8,262,8.0,False,False,9.0,False,False,same_region,0,0,0,-7.0,-4.0,-3.0,-1.5,-2.1,-8.3,6.200000000000001,3.1000000000000005,761,2,0
401705305,2025-02-07,Oklahoma City Thunder,Toronto Raptors,121,109,2025,12,230,1.0,False,False,8.0,False,False,east_to_west,1,1,0,19.4,-4.4,23.799999999999997,11.899999999999999,13.8,1.1,12.700000000000001,6.3500000000000005,762,2,0
401705303,2025-02-07,Brooklyn Nets,Miami Heat,102,86,2025,16,188,1.0,False,True,1.0,False,True,same_region,0,0,0,0.8,-2.8,3.5999999999999996,1.7999999999999998,-6.0,-4.2,-1.7999999999999998,-0.8999999999999999,763,2,0
401705302,2025-02-07,Atlanta Hawks,Milwaukee Bucks,115,110,2025,5,225,1.0,False,False,1.0,False,False,same_region,0,0,0,-6.0,-14.2,8.2,4.1,-8.3,-0.5,-7.800000000000001,-3.9000000000000004,764,2,0
401705304,2025-02-07,Detroit Pistons,Philadelphia 76ers,125,112,2025,13,237,1.0,False,False,12.0,False,False,same_region,0,0,0,0.8,-0.6,1.4,0.7,-0.6,-2.3,1.6999999999999997,0.8499999999999999,765,2,0
401705300,2025-02-07,Charlotte Hornets,San Antonio Spurs,117,116,2025,1,233,1.0,False,False,1.0,False,False,west_to_east,1,0,1,-10.4,-1.2,-9.200000000000001,-4.6000000000000005,-3.8,-7.7,3.9000000000000004,1.9500000000000002,766,2,0
401705301,2025-02-07,Washington Wizards,Cleveland Cavaliers,124,134,2025,-10,258,7.0,False,False,1.0,False,False,same_region,0,0,0,-6.6,16.2,-22.799999999999997,-11.399999999999999,-12.8,11.8,-24.6,-12.3,767,2,0
401705311,2025-02-08,Chicago Bulls,Golden State Warriors,111,132,2025,-21,243,3.0,False,False,1.0,False,True,west_to_east,1,0,1,-4.8,-4.8,0.0,0.0,-5.1,-4.4,-0.6999999999999993,-0.34999999999999964,768,2,0
401705314,2025-02-08,New York Knicks,Boston Celtics,104,131,2025,-27,235,4.0,False,False,3.0,False,False,same_region,0,0,0,8.6,6.4,2.1999999999999993,1.0999999999999996,6.8,6.8,0.0,0.0,769,2,0
401705317,2025-02-08,LA Clippers,Utah Jazz,130,110,2025,20,240,1.0,False,False,0.0,True,False,same_region,0,0,0,-3.8,-3.4,-0.3999999999999999,-0.19999999999999996,-1.1,-7.8,6.699999999999999,3.3499999999999996,770,2,0
401705315,2025-02-08,Phoenix Suns,Denver Nuggets,105,122,2025,-17,227,0.0,True,False,6.0,False,False,same_region,0,0,0,-3.8,13.0,-16.8,-8.4,-1.7,6.2,-7.9,-3.95,771,2,0
401705309,2025-02-08,Orlando Magic,San Antonio Spurs,112,111,2025,1,223,13.0,False,False,0.0,True,True,west_to_east,1,0,1,-10.2,1.0,-11.2,-5.6,-10.0,-6.4,-3.5999999999999996,-1.7999999999999998,772,2,0
401705316,2025-02-08,Sacramento Kings,New Orleans Pelicans,123,118,2025,5,241,2.0,False,False,2.0,False,False,same_region,0,0,0,-14.0,-9.8,-4.199999999999999,-2.0999999999999996,-5.9,-7.3,1.3999999999999995,0.6999999999999997,773,2,0
401705313,2025-02-08,Minnesota Timberwolves,Portland Trail Blazers,114,98,2025,16,212,1.0,False,True,14.0,False,False,same_region,0,0,0,10.6,15.8,-5.200000000000001,-2.6000000000000005,9.7,11.8,-2.1000000000000014,-1.0500000000000007,774,2,0
401705310,2025-02-08,Washington Wizards,Atlanta Hawks,111,125,2025,-14,236,0.0,True,False,4.0,False,False,same_region,0,0,0,-3.8,-4.2,0.40000000000000036,0.20000000000000018,-11.5,-6.9,-4.6,-2.3,775,2,0
401705308,2025-02-08,Los Angeles Lakers,Indiana Pacers,124,117,2025,7,241,1.0,False,False,1.0,False,False,east_to_west,1,1,0,14.6,0.8,13.799999999999999,6.8999999999999995,11.8,2.6,9.200000000000001,4.6000000000000005,776,2,0
401705312,2025-02-08,Memphis Grizzlies,Oklahoma City Thunder,112,125,2025,-13,237,4.0,False,False,9.0,False,False,same_region,0,0,0,5.4,19.8,-14.4,-7.2,10.4,13.0,-2.5999999999999996,-1.2999999999999998,777,2,0
401705307,2025-02-08,Dallas Mavericks,Houston Rockets,116,105,2025,11,221,11.0,False,False,1.0,False,False,same_region,0,0,0,-10.4,-6.8,-3.6000000000000005,-1.8000000000000003,-4.5,-3.4,-1.1,-0.55,778,2,0
401705318,2025-02-09,Detroit Pistons,Charlotte Hornets,112,102,2025,10,214,1.0,False,False,17.0,False,False,same_region,0,0,0,6.2,-6.0,12.2,6.1,1.1,-4.2,5.300000000000001,2.6500000000000004,779,2,0
401705320,2025-02-09,Milwaukee Bucks,Philadelphia 76ers,135,127,2025,8,262,6.0,False,False,1.0,False,False,same_region,0,0,0,-12.6,-5.8,-6.8,-3.4,-2.8,-2.2,-0.5999999999999996,-0.2999999999999998,780,2,0
401705319,2025-02-09,Houston Rockets,Toronto Raptors,94,87,2025,7,181,7.0,False,False,1.0,False,False,east_to_west,1,1,0,-8.8,-11.6,2.799999999999999,1.3999999999999995,-3.4,1.7,-5.1,-2.55,781,2,0
401705328,2025-02-10,Dallas Mavericks,Sacramento Kings,128,129,2025,-1,257,1.0,False,False,3.0,False,False,same_region,0,0,0,-8.4,-10.4,2.0,1.0,-2.9,-7.7,4.800000000000001,2.4000000000000004,782,2,0
401705326,2025-02-10,Milwaukee Bucks,Golden State Warriors,111,125,2025,-14,236,0.0,True,False,1.0,False,False,west_to_east,1,0,1,-5.8,-2.0,-3.8,-1.9,-3.4,1.7,-5.1,-2.55,783,2,0
401705334,2025-02-10,Los Angeles Lakers,Utah Jazz,132,113,2025,19,245,1.0,False,False,1.0,False,True,same_region,0,0,0,18.8,-2.4,21.2,10.6,13.9,-9.4,23.3,11.65,784,2,0
401705327,2025-02-10,Oklahoma City Thunder,New Orleans Pelicans,137,101,2025,36,238,2.0,False,False,1.0,False,False,same_region,0,0,0,23.8,-9.0,32.8,16.4,15.1,-8.1,23.2,11.6,785,2,0
401705329,2025-02-10,Denver Nuggets,Portland Trail Blazers,146,117,2025,29,263,3.0,False,False,1.0,False,False,same_region,0,0,0,15.8,6.8,9.0,4.5,4.4,9.3,-4.9,-2.45,786,2,0
401705325,2025-02-10,Miami Heat,Boston Celtics,85,103,2025,-18,188,11.0,False,False,1.0,False,False,same_region,0,0,0,-7.2,7.4,-14.600000000000001,-7.300000000000001,-3.8,5.5,-9.3,-4.65,787,2,0
401705322,2025-02-10,Orlando Magic,Atlanta Hawks,106,112,2025,-6,218,1.0,False,False,1.0,False,False,same_region,0,0,0,-4.2,3.0,-7.2,-3.6,-8.6,-4.5,-4.1,-2.05,788,2,0
401705323,2025-02-10,Washington Wizards,San Antonio Spurs,121,131,2025,-10,252,1.0,False,True,1.0,False,True,west_to_east,1,0,1,1.0,-4.4,5.4,2.7,-10.6,-3.7,-6.8999999999999995,-3.4499999999999997,789,2,0
401705321,2025-02-10,Cleveland Cavaliers,Minnesota Timberwolves,128,107,2025,21,235,5.0,False,False,10.0,False,False,west_to_east,1,0,1,14.2,8.8,5.399999999999999,2.6999999999999993,10.2,11.5,-1.3000000000000007,-0.6500000000000004,790,2,0
401705324,2025-02-10,Brooklyn Nets,Charlotte Hornets,97,89,2025,8,186,2.0,False,False,0.0,True,False,same_region,0,0,0,6.8,-6.4,13.2,6.6,-4.3,-4.0,-0.2999999999999998,-0.1499999999999999,791,2,0
401705330,2025-02-11,Philadelphia 76ers,Toronto Raptors,103,106,2025,-3,209,5.0,False,False,1.0,False,False,same_region,0,0,0,-6.8,-9.8,3.000000000000001,1.5000000000000004,0.5,-0.6,1.1,0.55,792,2,0
401705331,2025-02-11,Indiana Pacers,New York Knicks,115,128,2025,-13,243,9.0,False,False,6.0,False,False,same_region,0,0,0,-3.4,-4.2,0.8000000000000003,0.40000000000000013,2.9,3.5,-0.6000000000000001,-0.30000000000000004,793,2,0
401705332,2025-02-11,Chicago Bulls,Detroit Pistons,92,132,2025,-40,224,2.0,False,False,12.0,False,False,same_region,0,0,0,-4.6,5.2,-9.8,-4.9,-6.1,1.0,-7.1,-3.55,794,2,0
401705333,2025-02-11,Phoenix Suns,Memphis Grizzlies,112,119,2025,-7,231,2.0,False,False,5.0,False,False,same_region,0,0,0,-12.2,10.2,-22.4,-11.2,-0.8,6.3,-7.1,-3.55,795,2,0
401705349,2025-02-12,LA Clippers,Memphis Grizzlies,128,114,2025,14,242,3.0,False,False,0.0,True,False,same_region,0,0,0,-2.2,11.4,-13.600000000000001,-6.800000000000001,2.2,6.8,-4.6,-2.3,796,2,0
401705348,2025-02-12,Dallas Mavericks,Golden State Warriors,111,107,2025,4,218,1.0,False,False,1.0,False,False,same_region,0,0,0,-5.6,5.8,-11.399999999999999,-5.699999999999999,-2.9,3.7,-6.6,-3.3,797,2,0
401705346,2025-02-12,Denver Nuggets,Portland Trail Blazers,132,121,2025,11,253,1.0,False,False,1.0,False,False,same_region,0,0,0,21.0,-2.8,23.8,11.9,6.4,4.2,2.2,1.1,798,2,0
401705345,2025-02-12,Houston Rockets,Phoenix Suns,119,111,2025,8,230,2.0,False,False,6.0,False,False,same_region,0,0,0,-5.0,-9.8,4.800000000000001,2.4000000000000004,-2.8,-3.9,1.1,0.55,799,2,0
401705341,2025-02-12,Chicago Bulls,Detroit Pistons,110,128,2025,-18,238,0.0,True,False,0.0,True,False,same_region,0,0,0,-15.8,11.6,-27.4,-13.7,-11.4,4.0,-15.4,-7.7,800,2,0
401705342,2025-02-12,Minnesota Timberwolves,Milwaukee Bucks,101,103,2025,-2,204,3.0,False,False,4.0,False,False,east_to_west,1,1,0,5.0,-6.0,11.0,5.5,9.3,-7.7,17.0,8.5,801,2,0
401705343,2025-02-12,New Orleans Pelicans,Sacramento Kings,111,119,2025,-8,230,11.0,False,False,1.0,False,False,same_region,0,0,0,-16.0,-3.4,-12.6,-6.3,-13.0,-8.2,-4.800000000000001,-2.4000000000000004,802,2,0
401705347,2025-02-12,Utah Jazz,Los Angeles Lakers,131,119,2025,12,250,6.0,False,False,7.0,False,False,same_region,0,0,0,-9.0,15.0,-24.0,-12.0,-10.4,13.5,-23.9,-11.95,803,2,0
401705338,2025-02-12,Brooklyn Nets,Philadelphia 76ers,100,96,2025,4,196,1.0,False,False,2.0,False,False,same_region,0,0,0,4.2,-5.8,10.0,5.0,-0.9,-0.1,-0.8,-0.4,804,2,0
401705339,2025-02-12,New York Knicks,Atlanta Hawks,149,148,2025,1,297,3.0,False,False,1.0,False,False,same_region,0,0,0,-3.6,5.2,-8.8,-4.4,6.5,-3.6,10.1,5.05,805,2,0
401705340,2025-02-12,Toronto Raptors,Cleveland Cavaliers,108,131,2025,-23,239,6.0,False,False,4.0,False,False,same_region,0,0,0,-10.6,14.0,-24.6,-12.3,-0.6,12.4,-13.0,-6.5,806,2,0
401705335,2025-02-12,Boston Celtics,San Antonio Spurs,116,103,2025,13,219,5.0,False,False,1.0,False,False,west_to_east,1,0,1,10.6,-2.0,12.6,6.3,6.9,-0.6,7.5,3.75,807,2,0
401705336,2025-02-12,Orlando Magic,Charlotte Hornets,102,86,2025,16,188,1.0,False,False,1.0,False,True,same_region,0,0,0,-2.6,-7.4,4.800000000000001,2.4000000000000004,-7.6,-4.3,-3.3,-1.65,808,2,0
401705337,2025-02-12,Washington Wizards,Indiana Pacers,130,134,2025,-4,264,1.0,False,False,3.0,False,False,same_region,0,0,0,-1.4,-7.0,5.6,2.8,-9.9,0.5,-10.4,-5.2,809,2,0
401705344,2025-02-12,Oklahoma City Thunder,Miami Heat,115,101,2025,14,216,1.0,False,False,4.0,False,False,east_to_west,1,1,0,24.2,-6.8,31.0,15.5,16.1,-7.7,23.8,11.9,810,2,0
401705351,2025-02-13,New Orleans Pelicans,Sacramento Kings,140,133,2025,7,273,0.0,True,False,0.0,True,True,same_region,0,0,0,-17.2,-2.2,-15.0,-7.5,-14.2,-6.5,-7.699999999999999,-3.8499999999999996,811,2,0
401705350,2025-02-13,Houston Rockets,Golden State Warriors,98,105,2025,-7,203,0.0,True,False,0.0,True,True,same_region,0,0,0,-2.2,4.0,-6.2,-3.1,-2.4,0.8,-3.2,-1.6,812,2,0
401705353,2025-02-13,Minnesota Timberwolves,Oklahoma City Thunder,116,101,2025,15,217,0.0,True,False,4.0,False,False,same_region,0,0,0,5.0,21.2,-16.2,-8.1,6.2,16.6,-10.400000000000002,-5.200000000000001,813,2,0
401705352,2025-02-13,Dallas Mavericks,Miami Heat,118,113,2025,5,231,0.0,True,True,0.0,True,False,east_to_west,1,1,0,3.8,-10.0,13.8,6.9,-3.1,-8.2,5.1,2.55,814,2,0
401705570,2025-02-13,Utah Jazz,LA Clippers,116,120,2025,-4,236,0.0,True,False,10.0,False,False,same_region,0,0,0,-6.4,-1.0,-5.4,-2.7,-7.0,4.0,-11.0,-5.5,815,2,0
401752957,2025-02-16,Team Chuck,Team Shaq,25,41,2025,-16,66,,False,False,,False,False,same_region,0,0,0,,,0.0,0.0,,,0.0,0.0,816,2,0
401752957,2025-02-16,Team Chuck,Team Shaq,25,41,2025,-16,66,,False,False,,False,False,same_region,0,0,0,,,0.0,0.0,,,0.0,0.0,817,2,0
401752957,2025-02-16,Team Chuck,Team Shaq,25,41,2025,-16,66,,False,False,,False,False,same_region,0,0,0,,,0.0,0.0,,7.0,-7.0,-3.5,818,2,0
401752957,2025-02-16,Team Chuck,Team Shaq,25,41,2025,-16,66,,False,False,,False,False,same_region,0,0,0,,,0.0,0.0,,10.0,-10.0,-5.0,819,2,0
401752957,2025-02-16,Team Chuck,Team Shaq,25,41,2025,-16,66,,False,False,,False,False,same_region,0,0,0,,,0.0,0.0,,11.5,-11.5,-5.75,820,2,0
401752957,2025-02-16,Team Chuck,Team Shaq,25,41,2025,-16,66,,False,False,,False,False,same_region,0,0,0,,,0.0,0.0,,12.4,-12.4,-6.2,821,2,0
401752957,2025-02-16,Team Chuck,Team Shaq,25,41,2025,-16,66,,False,False,,False,False,same_region,0,0,0,,,0.0,0.0,,,0.0,0.0,822,2,0
401752957,2025-02-16,Team Chuck,Team Shaq,25,41,2025,-16,66,,False,False,,False,False,same_region,0,0,0,,,0.0,0.0,,,0.0,0.0,823,2,0
401752957,2025-02-16,Team Chuck,Team Shaq,25,41,2025,-16,66,,False,False,,False,False,same_region,0,0,0,,,0.0,0.0,,7.0,-7.0,-3.5,824,2,0
401752957,2025-02-16,Team Chuck,Team Shaq,25,41,2025,-16,66,,False,False,,False,False,same_region,0,0,0,,,0.0,0.0,,10.0,-10.0,-5.0,825,2,0
401752957,2025-02-16,Team Chuck,Team Shaq,25,41,2025,-16,66,,False,False,,False,False,same_region,0,0,0,,,0.0,0.0,,11.5,-11.5,-5.75,826,2,0
401752957,2025-02-16,Team Chuck,Team Shaq,25,41,2025,-16,66,,False,False,,False,False,same_region,0,0,0,,,0.0,0.0,,12.4,-12.4,-6.2,827,2,0
401752957,2025-02-16,Team Chuck,Team Shaq,25,41,2025,-16,66,,False,False,,False,False,same_region,0,0,0,,,0.0,0.0,-16.0,,-16.0,-8.0,828,2,0
401752957,2025-02-16,Team Chuck,Team Shaq,25,41,2025,-16,66,,False,False,,False,False,same_region,0,0,0,,,0.0,0.0,-16.0,,-16.0,-8.0,829,2,0
401752957,2025-02-16,Team Chuck,Team Shaq,25,41,2025,-16,66,,False,False,,False,False,same_region,0,0,0,,,0.0,0.0,-16.0,7.0,-23.0,-11.5,830,2,0
401752957,2025-02-16,Team Chuck,Team Shaq,25,41,2025,-16,66,,False,False,,False,False,same_region,0,0,0,,,0.0,0.0,-16.0,10.0,-26.0,-13.0,831,2,0
401752957,2025-02-16,Team Chuck,Team Shaq,25,41,2025,-16,66,,False,False,,False,False,same_region,0,0,0,,,0.0,0.0,-16.0,11.5,-27.5,-13.75,832,2,0
401752957,2025-02-16,Team Chuck,Team Shaq,25,41,2025,-16,66,,False,False,,False,False,same_region,0,0,0,,,0.0,0.0,-16.0,12.4,-28.4,-14.2,833,2,0
401752957,2025-02-16,Team Chuck,Team Shaq,25,41,2025,-16,66,,False,False,,False,False,same_region,0,0,0,,,0.0,0.0,-16.0,,-16.0,-8.0,834,2,0
401752957,2025-02-16,Team Chuck,Team Shaq,25,41,2025,-16,66,,False,False,,False,False,same_region,0,0,0,,,0.0,0.0,-16.0,,-16.0,-8.0,835,2,0
401752957,2025-02-16,Team Chuck,Team Shaq,25,41,2025,-16,66,,False,False,,False,False,same_region,0,0,0,,,0.0,0.0,-16.0,7.0,-23.0,-11.5,836,2,0
401752957,2025-02-16,Team Chuck,Team Shaq,25,41,2025,-16,66,,False,False,,False,False,same_region,0,0,0,,,0.0,0.0,-16.0,10.0,-26.0,-13.0,837,2,0
401752957,2025-02-16,Team Chuck,Team Shaq,25,41,2025,-16,66,,False,False,,False,False,same_region,0,0,0,,,0.0,0.0,-16.0,11.5,-27.5,-13.75,838,2,0
401752957,2025-02-16,Team Chuck,Team Shaq,25,41,2025,-16,66,,False,False,,False,False,same_region,0,0,0,,,0.0,0.0,-16.0,12.4,-28.4,-14.2,839,2,0
401752957,2025-02-16,Team Chuck,Team Shaq,25,41,2025,-16,66,,False,False,,False,False,same_region,0,0,0,,,0.0,0.0,-16.0,,-16.0,-8.0,840,2,0
401752957,2025-02-16,Team Chuck,Team Shaq,25,41,2025,-16,66,,False,False,,False,False,same_region,0,0,0,,,0.0,0.0,-16.0,,-16.0,-8.0,841,2,0
401752957,2025-02-16,Team Chuck,Team Shaq,25,41,2025,-16,66,,False,False,,False,False,same_region,0,0,0,,,0.0,0.0,-16.0,7.0,-23.0,-11.5,842,2,0
401752957,2025-02-16,Team Chuck,Team Shaq,25,41,2025,-16,66,,False,False,,False,False,same_region,0,0,0,,,0.0,0.0,-16.0,10.0,-26.0,-13.0,843,2,0
401752957,2025-02-16,Team Chuck,Team Shaq,25,41,2025,-16,66,,False,False,,False,False,same_region,0,0,0,,,0.0,0.0,-16.0,11.5,-27.5,-13.75,844,2,0
401752957,2025-02-16,Team Chuck,Team Shaq,25,41,2025,-16,66,,False,False,,False,False,same_region,0,0,0,,,0.0,0.0,-16.0,12.4,-28.4,-14.2,845,2,0
401752957,2025-02-16,Team Chuck,Team Shaq,25,41,2025,-16,66,,False,False,,False,False,same_region,0,0,0,,,0.0,0.0,-11.0,,-11.0,-5.5,846,2,0
401752957,2025-02-16,Team Chuck,Team Shaq,25,41,2025,-16,66,,False,False,,False,False,same_region,0,0,0,,,0.0,0.0,-11.0,,-11.0,-5.5,847,2,0
401752957,2025-02-16,Team Chuck,Team Shaq,25,41,2025,-16,66,,False,False,,False,False,same_region,0,0,0,,,0.0,0.0,-11.0,7.0,-18.0,-9.0,848,2,0
401752957,2025-02-16,Team Chuck,Team Shaq,25,41,2025,-16,66,,False,False,,False,False,same_region,0,0,0,,,0.0,0.0,-11.0,10.0,-21.0,-10.5,849,2,0
401752957,2025-02-16,Team Chuck,Team Shaq,25,41,2025,-16,66,,False,False,,False,False,same_region,0,0,0,,,0.0,0.0,-11.0,11.5,-22.5,-11.25,850,2,0
401752957,2025-02-16,Team Chuck,Team Shaq,25,41,2025,-16,66,,False,False,,False,False,same_region,0,0,0,,,0.0,0.0,-11.0,12.4,-23.4,-11.7,851,2,0
401752957,2025-02-16,Team Chuck,Team Shaq,25,41,2025,-16,66,,False,False,,False,False,same_region,0,0,0,,,0.0,0.0,,,0.0,0.0,852,2,0
401752957,2025-02-16,Team Chuck,Team Shaq,25,41,2025,-16,66,,False,False,,False,False,same_region,0,0,0,,,0.0,0.0,,,0.0,0.0,853,2,0
401752957,2025-02-16,Team Chuck,Team Shaq,25,41,2025,-16,66,,False,False,,False,False,same_region,0,0,0,,,0.0,0.0,,7.0,-7.0,-3.5,854,2,0
401752957,2025-02-16,Team Chuck,Team Shaq,25,41,2025,-16,66,,False,False,,False,False,same_region,0,0,0,,,0.0,0.0,,10.0,-10.0,-5.0,855,2,0
401752957,2025-02-16,Team Chuck,Team Shaq,25,41,2025,-16,66,,False,False,,False,False,same_region,0,0,0,,,0.0,0.0,,11.5,-11.5,-5.75,856,2,0
401752957,2025-02-16,Team Chuck,Team Shaq,25,41,2025,-16,66,,False,False,,False,False,same_region,0,0,0,,,0.0,0.0,,12.4,-12.4,-6.2,857,2,0
401752957,2025-02-16,Team Chuck,Team Shaq,25,41,2025,-16,66,,False,False,,False,False,same_region,0,0,0,,,0.0,0.0,,,0.0,0.0,858,2,0
401752957,2025-02-16,Team Chuck,Team Shaq,25,41,2025,-16,66,,False,False,,False,False,same_region,0,0,0,,,0.0,0.0,,,0.0,0.0,859,2,0
401752957,2025-02-16,Team Chuck,Team Shaq,25,41,2025,-16,66,,False,False,,False,False,same_region,0,0,0,,,0.0,0.0,,7.0,-7.0,-3.5,860,2,0
401752957,2025-02-16,Team Chuck,Team Shaq,25,41,2025,-16,66,,False,False,,False,False,same_region,0,0,0,,,0.0,0.0,,10.0,-10.0,-5.0,861,2,0
401752957,2025-02-16,Team Chuck,Team Shaq,25,41,2025,-16,66,,False,False,,False,False,same_region,0,0,0,,,0.0,0.0,,11.5,-11.5,-5.75,862,2,0
401752957,2025-02-16,Team Chuck,Team Shaq,25,41,2025,-16,66,,False,False,,False,False,same_region,0,0,0,,,0.0,0.0,,12.4,-12.4,-6.2,863,2,0
401752957,2025-02-16,Team Chuck,Team Shaq,25,41,2025,-16,66,,False,False,,False,False,same_region,0,0,0,,,0.0,0.0,-16.0,,-16.0,-8.0,864,2,0
401752957,2025-02-16,Team Chuck,Team Shaq,25,41,2025,-16,66,,False,False,,False,False,same_region,0,0,0,,,0.0,0.0,-16.0,,-16.0,-8.0,865,2,0
401752957,2025-02-16,Team Chuck,Team Shaq,25,41,2025,-16,66,,False,False,,False,False,same_region,0,0,0,,,0.0,0.0,-16.0,7.0,-23.0,-11.5,866,2,0
401752957,2025-02-16,Team Chuck,Team Shaq,25,41,2025,-16,66,,False,False,,False,False,same_region,0,0,0,,,0.0,0.0,-16.0,10.0,-26.0,-13.0,867,2,0
401752957,2025-02-16,Team Chuck,Team Shaq,25,41,2025,-16,66,,False,False,,False,False,same_region,0,0,0,,,0.0,0.0,-16.0,11.5,-27.5,-13.75,868,2,0
401752957,2025-02-16,Team Chuck,Team Shaq,25,41,2025,-16,66,,False,False,,False,False,same_region,0,0,0,,,0.0,0.0,-16.0,12.4,-28.4,-14.2,869,2,0
401752957,2025-02-16,Team Chuck,Team Shaq,25,41,2025,-16,66,,False,False,,False,False,same_region,0,0,0,,,0.0,0.0,-16.0,,-16.0,-8.0,870,2,0
401752957,2025-02-16,Team Chuck,Team Shaq,25,41,2025,-16,66,,False,False,,False,False,same_region,0,0,0,,,0.0,0.0,-16.0,,-16.0,-8.0,871,2,0
401752957,2025-02-16,Team Chuck,Team Shaq,25,41,2025,-16,66,,False,False,,False,False,same_region,0,0,0,,,0.0,0.0,-16.0,7.0,-23.0,-11.5,872,2,0
401752957,2025-02-16,Team Chuck,Team Shaq,25,41,2025,-16,66,,False,False,,False,False,same_region,0,0,0,,,0.0,0.0,-16.0,10.0,-26.0,-13.0,873,2,0
401752957,2025-02-16,Team Chuck,Team Shaq,25,41,2025,-16,66,,False,False,,False,False,same_region,0,0,0,,,0.0,0.0,-16.0,11.5,-27.5,-13.75,874,2,0
401752957,2025-02-16,Team Chuck,Team Shaq,25,41,2025,-16,66,,False,False,,False,False,same_region,0,0,0,,,0.0,0.0,-16.0,12.4,-28.4,-14.2,875,2,0
401752957,2025-02-16,Team Chuck,Team Shaq,25,41,2025,-16,66,,False,False,,False,False,same_region,0,0,0,,,0.0,0.0,-16.0,,-16.0,-8.0,876,2,0
401752957,2025-02-16,Team Chuck,Team Shaq,25,41,2025,-16,66,,False,False,,False,False,same_region,0,0,0,,,0.0,0.0,-16.0,,-16.0,-8.0,877,2,0
401752957,2025-02-16,Team Chuck,Team Shaq,25,41,2025,-16,66,,False,False,,False,False,same_region,0,0,0,,,0.0,0.0,-16.0,7.0,-23.0,-11.5,878,2,0
401752957,2025-02-16,Team Chuck,Team Shaq,25,41,2025,-16,66,,False,False,,False,False,same_region,0,0,0,,,0.0,0.0,-16.0,10.0,-26.0,-13.0,879,2,0
401752957,2025-02-16,Team Chuck,Team Shaq,25,41,2025,-16,66,,False,False,,False,False,same_region,0,0,0,,,0.0,0.0,-16.0,11.5,-27.5,-13.75,880,2,0
401752957,2025-02-16,Team Chuck,Team Shaq,25,41,2025,-16,66,,False,False,,False,False,same_region,0,0,0,,,0.0,0.0,-16.0,12.4,-28.4,-14.2,881,2,0
401752957,2025-02-16,Team Chuck,Team Shaq,25,41,2025,-16,66,,False,False,,False,False,same_region,0,0,0,,,0.0,0.0,-11.0,,-11.0,-5.5,882,2,0
401752957,2025-02-16,Team Chuck,Team Shaq,25,41,2025,-16,66,,False,False,,False,False,same_region,0,0,0,,,0.0,0.0,-11.0,,-11.0,-5.5,883,2,0
401752957,2025-02-16,Team Chuck,Team Shaq,25,41,2025,-16,66,,False,False,,False,False,same_region,0,0,0,,,0.0,0.0,-11.0,7.0,-18.0,-9.0,884,2,0
401752957,2025-02-16,Team Chuck,Team Shaq,25,41,2025,-16,66,,False,False,,False,False,same_region,0,0,0,,,0.0,0.0,-11.0,10.0,-21.0,-10.5,885,2,0
401752957,2025-02-16,Team Chuck,Team Shaq,25,41,2025,-16,66,,False,False,,False,False,same_region,0,0,0,,,0.0,0.0,-11.0,11.5,-22.5,-11.25,886,2,0
401752957,2025-02-16,Team Chuck,Team Shaq,25,41,2025,-16,66,,False,False,,False,False,same_region,0,0,0,,,0.0,0.0,-11.0,12.4,-23.4,-11.7,887,2,0
401752957,2025-02-16,Team Chuck,Team Shaq,25,41,2025,-16,66,,False,False,,False,False,same_region,0,0,0,,,0.0,0.0,,,0.0,0.0,888,2,0
401752957,2025-02-16,Team Chuck,Team Shaq,25,41,2025,-16,66,,False,False,,False,False,same_region,0,0,0,,,0.0,0.0,,,0.0,0.0,889,2,0
401752957,2025-02-16,Team Chuck,Team Shaq,25,41,2025,-16,66,,False,False,,False,False,same_region,0,0,0,,,0.0,0.0,,7.0,-7.0,-3.5,890,2,0
401752957,2025-02-16,Team Chuck,Team Shaq,25,41,2025,-16,66,,False,False,,False,False,same_region,0,0,0,,,0.0,0.0,,10.0,-10.0,-5.0,891,2,0
401752957,2025-02-16,Team Chuck,Team Shaq,25,41,2025,-16,66,,False,False,,False,False,same_region,0,0,0,,,0.0,0.0,,11.5,-11.5,-5.75,892,2,0
401752957,2025-02-16,Team Chuck,Team Shaq,25,41,2025,-16,66,,False,False,,False,False,same_region,0,0,0,,,0.0,0.0,,12.4,-12.4,-6.2,893,2,0
401752957,2025-02-16,Team Chuck,Team Shaq,25,41,2025,-16,66,,False,False,,False,False,same_region,0,0,0,,,0.0,0.0,,,0.0,0.0,894,2,0
401752957,2025-02-16,Team Chuck,Team Shaq,25,41,2025,-16,66,,False,False,,False,False,same_region,0,0,0,,,0.0,0.0,,,0.0,0.0,895,2,0
401752957,2025-02-16,Team Chuck,Team Shaq,25,41,2025,-16,66,,False,False,,False,False,same_region,0,0,0,,,0.0,0.0,,7.0,-7.0,-3.5,896,2,0
401752957,2025-02-16,Team Chuck,Team Shaq,25,41,2025,-16,66,,False,False,,False,False,same_region,0,0,0,,,0.0,0.0,,10.0,-10.0,-5.0,897,2,0
401752957,2025-02-16,Team Chuck,Team Shaq,25,41,2025,-16,66,,False,False,,False,False,same_region,0,0,0,,,0.0,0.0,,11.5,-11.5,-5.75,898,2,0
401752957,2025-02-16,Team Chuck,Team Shaq,25,41,2025,-16,66,,False,False,,False,False,same_region,0,0,0,,,0.0,0.0,,12.4,-12.4,-6.2,899,2,0
401752957,2025-02-16,Team Chuck,Team Shaq,25,41,2025,-16,66,,False,False,,False,False,same_region,0,0,0,,,0.0,0.0,-16.0,,-16.0,-8.0,900,2,0
401752957,2025-02-16,Team Chuck,Team Shaq,25,41,2025,-16,66,,False,False,,False,False,same_region,0,0,0,,,0.0,0.0,-16.0,,-16.0,-8.0,901,2,0
401752957,2025-02-16,Team Chuck,Team Shaq,25,41,2025,-16,66,,False,False,,False,False,same_region,0,0,0,,,0.0,0.0,-16.0,7.0,-23.0,-11.5,902,2,0
401752957,2025-02-16,Team Chuck,Team Shaq,25,41,2025,-16,66,,False,False,,False,False,same_region,0,0,0,,,0.0,0.0,-16.0,10.0,-26.0,-13.0,903,2,0
401752957,2025-02-16,Team Chuck,Team Shaq,25,41,2025,-16,66,,False,False,,False,False,same_region,0,0,0,,,0.0,0.0,-16.0,11.5,-27.5,-13.75,904,2,0
401752957,2025-02-16,Team Chuck,Team Shaq,25,41,2025,-16,66,,False,False,,False,False,same_region,0,0,0,,,0.0,0.0,-16.0,12.4,-28.4,-14.2,905,2,0
401752957,2025-02-16,Team Chuck,Team Shaq,25,41,2025,-16,66,,False,False,,False,False,same_region,0,0,0,,,0.0,0.0,-16.0,,-16.0,-8.0,906,2,0
401752957,2025-02-16,Team Chuck,Team Shaq,25,41,2025,-16,66,,False,False,,False,False,same_region,0,0,0,,,0.0,0.0,-16.0,,-16.0,-8.0,907,2,0
401752957,2025-02-16,Team Chuck,Team Shaq,25,41,2025,-16,66,,False,False,,False,False,same_region,0,0,0,,,0.0,0.0,-16.0,7.0,-23.0,-11.5,908,2,0
401752957,2025-02-16,Team Chuck,Team Shaq,25,41,2025,-16,66,,False,False,,False,False,same_region,0,0,0,,,0.0,0.0,-16.0,10.0,-26.0,-13.0,909,2,0
401752957,2025-02-16,Team Chuck,Team Shaq,25,41,2025,-16,66,,False,False,,False,False,same_region,0,0,0,,,0.0,0.0,-16.0,11.5,-27.5,-13.75,910,2,0
401752957,2025-02-16,Team Chuck,Team Shaq,25,41,2025,-16,66,,False,False,,False,False,same_region,0,0,0,,,0.0,0.0,-16.0,12.4,-28.4,-14.2,911,2,0
401752957,2025-02-16,Team Chuck,Team Shaq,25,41,2025,-16,66,,False,False,,False,False,same_region,0,0,0,,,0.0,0.0,-16.0,,-16.0,-8.0,912,2,0
401752957,2025-02-16,Team Chuck,Team Shaq,25,41,2025,-16,66,,False,False,,False,False,same_region,0,0,0,,,0.0,0.0,-16.0,,-16.0,-8.0,913,2,0
401752957,2025-02-16,Team Chuck,Team Shaq,25,41,2025,-16,66,,False,False,,False,False,same_region,0,0,0,,,0.0,0.0,-16.0,7.0,-23.0,-11.5,914,2,0
401752957,2025-02-16,Team Chuck,Team Shaq,25,41,2025,-16,66,,False,False,,False,False,same_region,0,0,0,,,0.0,0.0,-16.0,10.0,-26.0,-13.0,915,2,0
401752957,2025-02-16,Team Chuck,Team Shaq,25,41,2025,-16,66,,False,False,,False,False,same_region,0,0,0,,,0.0,0.0,-16.0,11.5,-27.5,-13.75,916,2,0
401752957,2025-02-16,Team Chuck,Team Shaq,25,41,2025,-16,66,,False,False,,False,False,same_region,0,0,0,,,0.0,0.0,-16.0,12.4,-28.4,-14.2,917,2,0
401752957,2025-02-16,Team Chuck,Team Shaq,25,41,2025,-16,66,,False,False,,False,False,same_region,0,0,0,,,0.0,0.0,-11.0,,-11.0,-5.5,918,2,0
401752957,2025-02-16,Team Chuck,Team Shaq,25,41,2025,-16,66,,False,False,,False,False,same_region,0,0,0,,,0.0,0.0,-11.0,,-11.0,-5.5,919,2,0
401752957,2025-02-16,Team Chuck,Team Shaq,25,41,2025,-16,66,,False,False,,False,False,same_region,0,0,0,,,0.0,0.0,-11.0,7.0,-18.0,-9.0,920,2,0
401752957,2025-02-16,Team Chuck,Team Shaq,25,41,2025,-16,66,,False,False,,False,False,same_region,0,0,0,,,0.0,0.0,-11.0,10.0,-21.0,-10.5,921,2,0
401752957,2025-02-16,Team Chuck,Team Shaq,25,41,2025,-16,66,,False,False,,False,False,same_region,0,0,0,,,0.0,0.0,-11.0,11.5,-22.5,-11.25,922,2,0
401752957,2025-02-16,Team Chuck,Team Shaq,25,41,2025,-16,66,,False,False,,False,False,same_region,0,0,0,,,0.0,0.0,-11.0,12.4,-23.4,-11.7,923,2,0
401752957,2025-02-16,Team Chuck,Team Shaq,25,41,2025,-16,66,,False,False,,False,False,same_region,0,0,0,,,0.0,0.0,,,0.0,0.0,924,2,0
401752957,2025-02-16,Team Chuck,Team Shaq,25,41,2025,-16,66,,False,False,,False,False,same_region,0,0,0,,,0.0,0.0,,,0.0,0.0,925,2,0
401752957,2025-02-16,Team Chuck,Team Shaq,25,41,2025,-16,66,,False,False,,False,False,same_region,0,0,0,,,0.0,0.0,,7.0,-7.0,-3.5,926,2,0
401752957,2025-02-16,Team Chuck,Team Shaq,25,41,2025,-16,66,,False,False,,False,False,same_region,0,0,0,,,0.0,0.0,,10.0,-10.0,-5.0,927,2,0
401752957,2025-02-16,Team Chuck,Team Shaq,25,41,2025,-16,66,,False,False,,False,False,same_region,0,0,0,,,0.0,0.0,,11.5,-11.5,-5.75,928,2,0
401752957,2025-02-16,Team Chuck,Team Shaq,25,41,2025,-16,66,,False,False,,False,False,same_region,0,0,0,,,0.0,0.0,,12.4,-12.4,-6.2,929,2,0
401752957,2025-02-16,Team Chuck,Team Shaq,25,41,2025,-16,66,,False,False,,False,False,same_region,0,0,0,,,0.0,0.0,,,0.0,0.0,930,2,0
401752957,2025-02-16,Team Chuck,Team Shaq,25,41,2025,-16,66,,False,False,,False,False,same_region,0,0,0,,,0.0,0.0,,,0.0,0.0,931,2,0
401752957,2025-02-16,Team Chuck,Team Shaq,25,41,2025,-16,66,,False,False,,False,False,same_region,0,0,0,,,0.0,0.0,,7.0,-7.0,-3.5,932,2,0
401752957,2025-02-16,Team Chuck,Team Shaq,25,41,2025,-16,66,,False,False,,False,False,same_region,0,0,0,,,0.0,0.0,,10.0,-10.0,-5.0,933,2,0
401752957,2025-02-16,Team Chuck,Team Shaq,25,41,2025,-16,66,,False,False,,False,False,same_region,0,0,0,,,0.0,0.0,,11.5,-11.5,-5.75,934,2,0
401752957,2025-02-16,Team Chuck,Team Shaq,25,41,2025,-16,66,,False,False,,False,False,same_region,0,0,0,,,0.0,0.0,,12.4,-12.4,-6.2,935,2,0
401752957,2025-02-16,Team Chuck,Team Shaq,25,41,2025,-16,66,,False,False,,False,False,same_region,0,0,0,,,0.0,0.0,-16.0,,-16.0,-8.0,936,2,0
401752957,2025-02-16,Team Chuck,Team Shaq,25,41,2025,-16,66,,False,False,,False,False,same_region,0,0,0,,,0.0,0.0,-16.0,,-16.0,-8.0,937,2,0
401752957,2025-02-16,Team Chuck,Team Shaq,25,41,2025,-16,66,,False,False,,False,False,same_region,0,0,0,,,0.0,0.0,-16.0,7.0,-23.0,-11.5,938,2,0
401752957,2025-02-16,Team Chuck,Team Shaq,25,41,2025,-16,66,,False,False,,False,False,same_region,0,0,0,,,0.0,0.0,-16.0,10.0,-26.0,-13.0,939,2,0
401752957,2025-02-16,Team Chuck,Team Shaq,25,41,2025,-16,66,,False,False,,False,False,same_region,0,0,0,,,0.0,0.0,-16.0,11.5,-27.5,-13.75,940,2,0
401752957,2025-02-16,Team Chuck,Team Shaq,25,41,2025,-16,66,,False,False,,False,False,same_region,0,0,0,,,0.0,0.0,-16.0,12.4,-28.4,-14.2,941,2,0
401752957,2025-02-16,Team Chuck,Team Shaq,25,41,2025,-16,66,,False,False,,False,False,same_region,0,0,0,,,0.0,0.0,-16.0,,-16.0,-8.0,942,2,0
401752957,2025-02-16,Team Chuck,Team Shaq,25,41,2025,-16,66,,False,False,,False,False,same_region,0,0,0,,,0.0,0.0,-16.0,,-16.0,-8.0,943,2,0
401752957,2025-02-16,Team Chuck,Team Shaq,25,41,2025,-16,66,,False,False,,False,False,same_region,0,0,0,,,0.0,0.0,-16.0,7.0,-23.0,-11.5,944,2,0
401752957,2025-02-16,Team Chuck,Team Shaq,25,41,2025,-16,66,,False,False,,False,False,same_region,0,0,0,,,0.0,0.0,-16.0,10.0,-26.0,-13.0,945,2,0
401752957,2025-02-16,Team Chuck,Team Shaq,25,41,2025,-16,66,,False,False,,False,False,same_region,0,0,0,,,0.0,0.0,-16.0,11.5,-27.5,-13.75,946,2,0
401752957,2025-02-16,Team Chuck,Team Shaq,25,41,2025,-16,66,,False,False,,False,False,same_region,0,0,0,,,0.0,0.0,-16.0,12.4,-28.4,-14.2,947,2,0
401752957,2025-02-16,Team Chuck,Team Shaq,25,41,2025,-16,66,,False,False,,False,False,same_region,0,0,0,,,0.0,0.0,-16.0,,-16.0,-8.0,948,2,0
401752957,2025-02-16,Team Chuck,Team Shaq,25,41,2025,-16,66,,False,False,,False,False,same_region,0,0,0,,,0.0,0.0,-16.0,,-16.0,-8.0,949,2,0
401752957,2025-02-16,Team Chuck,Team Shaq,25,41,2025,-16,66,,False,False,,False,False,same_region,0,0,0,,,0.0,0.0,-16.0,7.0,-23.0,-11.5,950,2,0
401752957,2025-02-16,Team Chuck,Team Shaq,25,41,2025,-16,66,,False,False,,False,False,same_region,0,0,0,,,0.0,0.0,-16.0,10.0,-26.0,-13.0,951,2,0
401752957,2025-02-16,Team Chuck,Team Shaq,25,41,2025,-16,66,,False,False,,False,False,same_region,0,0,0,,,0.0,0.0,-16.0,11.5,-27.5,-13.75,952,2,0
401752957,2025-02-16,Team Chuck,Team Shaq,25,41,2025,-16,66,,False,False,,False,False,same_region,0,0,0,,,0.0,0.0,-16.0,12.4,-28.4,-14.2,953,2,0
401752957,2025-02-16,Team Chuck,Team Shaq,25,41,2025,-16,66,,False,False,,False,False,same_region,0,0,0,,,0.0,0.0,-11.0,,-11.0,-5.5,954,2,0
401752957,2025-02-16,Team Chuck,Team Shaq,25,41,2025,-16,66,,False,False,,False,False,same_region,0,0,0,,,0.0,0.0,-11.0,,-11.0,-5.5,955,2,0
401752957,2025-02-16,Team Chuck,Team Shaq,25,41,2025,-16,66,,False,False,,False,False,same_region,0,0,0,,,0.0,0.0,-11.0,7.0,-18.0,-9.0,956,2,0
401752957,2025-02-16,Team Chuck,Team Shaq,25,41,2025,-16,66,,False,False,,False,False,same_region,0,0,0,,,0.0,0.0,-11.0,10.0,-21.0,-10.5,957,2,0
401752957,2025-02-16,Team Chuck,Team Shaq,25,41,2025,-16,66,,False,False,,False,False,same_region,0,0,0,,,0.0,0.0,-11.0,11.5,-22.5,-11.25,958,2,0
401752957,2025-02-16,Team Chuck,Team Shaq,25,41,2025,-16,66,,False,False,,False,False,same_region,0,0,0,,,0.0,0.0,-11.0,12.4,-23.4,-11.7,959,2,0
401752955,2025-02-16,Team Chuck,Team Kenny,41,32,2025,9,73,-1.0,False,False,,False,False,same_region,0,0,0,,,0.0,0.0,,,0.0,0.0,960,2,0
401752955,2025-02-16,Team Chuck,Team Kenny,41,32,2025,9,73,-1.0,False,False,,False,False,same_region,0,0,0,,,0.0,0.0,,,0.0,0.0,961,2,0
401752955,2025-02-16,Team Chuck,Team Kenny,41,32,2025,9,73,-1.0,False,False,,False,False,same_region,0,0,0,,,0.0,0.0,,,0.0,0.0,962,2,0
401752955,2025-02-16,Team Chuck,Team Kenny,41,32,2025,9,73,-1.0,False,False,,False,False,same_region,0,0,0,,,0.0,0.0,,,0.0,0.0,963,2,0
401752955,2025-02-16,Team Chuck,Team Kenny,41,32,2025,9,73,-1.0,False,False,,False,False,same_region,0,0,0,,,0.0,0.0,-16.0,,-16.0,-8.0,964,2,0
401752955,2025-02-16,Team Chuck,Team Kenny,41,32,2025,9,73,-1.0,False,False,,False,False,same_region,0,0,0,,,0.0,0.0,-16.0,,-16.0,-8.0,965,2,0
401752955,2025-02-16,Team Chuck,Team Kenny,41,32,2025,9,73,-1.0,False,False,,False,False,same_region,0,0,0,,,0.0,0.0,-16.0,,-16.0,-8.0,966,2,0
401752955,2025-02-16,Team Chuck,Team Kenny,41,32,2025,9,73,-1.0,False,False,,False,False,same_region,0,0,0,,,0.0,0.0,-16.0,,-16.0,-8.0,967,2,0
401752955,2025-02-16,Team Chuck,Team Kenny,41,32,2025,9,73,-1.0,False,False,,False,False,same_region,0,0,0,,,0.0,0.0,-16.0,,-16.0,-8.0,968,2,0
401752955,2025-02-16,Team Chuck,Team Kenny,41,32,2025,9,73,-1.0,False,False,,False,False,same_region,0,0,0,,,0.0,0.0,-16.0,,-16.0,-8.0,969,2,0
401752955,2025-02-16,Team Chuck,Team Kenny,41,32,2025,9,73,-1.0,False,False,,False,False,same_region,0,0,0,,,0.0,0.0,-11.0,,-11.0,-5.5,970,2,0
401752955,2025-02-16,Team Chuck,Team Kenny,41,32,2025,9,73,-1.0,False,False,,False,False,same_region,0,0,0,,,0.0,0.0,-11.0,,-11.0,-5.5,971,2,0
401752956,2025-02-16,Team Shaq,Team Candace,42,35,2025,7,77,,False,False,,False,False,same_region,0,0,0,,,0.0,0.0,,,0.0,0.0,972,2,0
401752956,2025-02-16,Team Shaq,Team Candace,42,35,2025,7,77,,False,False,,False,False,same_region,0,0,0,,,0.0,0.0,,,0.0,0.0,973,2,0
401752956,2025-02-16,Team Shaq,Team Candace,42,35,2025,7,77,,False,False,,False,False,same_region,0,0,0,,,0.0,0.0,,,0.0,0.0,974,2,0
401752956,2025-02-16,Team Shaq,Team Candace,42,35,2025,7,77,,False,False,,False,False,same_region,0,0,0,,,0.0,0.0,,,0.0,0.0,975,2,0
401752956,2025-02-16,Team Shaq,Team Candace,42,35,2025,7,77,,False,False,,False,False,same_region,0,0,0,,,0.0,0.0,7.0,,7.0,3.5,976,2,0
401752956,2025-02-16,Team Shaq,Team Candace,42,35,2025,7,77,,False,False,,False,False,same_region,0,0,0,,,0.0,0.0,7.0,,7.0,3.5,977,2,0
401752956,2025-02-16,Team Shaq,Team Candace,42,35,2025,7,77,,False,False,,False,False,same_region,0,0,0,,,0.0,0.0,10.0,,10.0,5.0,978,2,0
401752956,2025-02-16,Team Shaq,Team Candace,42,35,2025,7,77,,False,False,,False,False,same_region,0,0,0,,,0.0,0.0,10.0,,10.0,5.0,979,2,0
401752956,2025-02-16,Team Shaq,Team Candace,42,35,2025,7,77,,False,False,,False,False,same_region,0,0,0,,,0.0,0.0,11.5,,11.5,5.75,980,2,0
401752956,2025-02-16,Team Shaq,Team Candace,42,35,2025,7,77,,False,False,,False,False,same_region,0,0,0,,,0.0,0.0,11.5,,11.5,5.75,981,2,0
401752956,2025-02-16,Team Shaq,Team Candace,42,35,2025,7,77,,False,False,,False,False,same_region,0,0,0,,,0.0,0.0,12.4,,12.4,6.2,982,2,0
401752956,2025-02-16,Team Shaq,Team Candace,42,35,2025,7,77,,False,False,,False,False,same_region,0,0,0,,,0.0,0.0,12.4,,12.4,6.2,983,2,0
401752955,2025-02-16,Team Chuck,Team Kenny,41,32,2025,9,73,-1.0,False,False,,False,False,same_region,0,0,0,,,0.0,0.0,,,0.0,0.0,984,2,0
401752955,2025-02-16,Team Chuck,Team Kenny,41,32,2025,9,73,-1.0,False,False,,False,False,same_region,0,0,0,,,0.0,0.0,,,0.0,0.0,985,2,0
401752955,2025-02-16,Team Chuck,Team Kenny,41,32,2025,9,73,-1.0,False,False,,False,False,same_region,0,0,0,,,0.0,0.0,,,0.0,0.0,986,2,0
401752955,2025-02-16,Team Chuck,Team Kenny,41,32,2025,9,73,-1.0,False,False,,False,False,same_region,0,0,0,,,0.0,0.0,,,0.0,0.0,987,2,0
401752955,2025-02-16,Team Chuck,Team Kenny,41,32,2025,9,73,-1.0,False,False,,False,False,same_region,0,0,0,,,0.0,0.0,-16.0,,-16.0,-8.0,988,2,0
401752955,2025-02-16,Team Chuck,Team Kenny,41,32,2025,9,73,-1.0,False,False,,False,False,same_region,0,0,0,,,0.0,0.0,-16.0,,-16.0,-8.0,989,2,0
401752955,2025-02-16,Team Chuck,Team Kenny,41,32,2025,9,73,-1.0,False,False,,False,False,same_region,0,0,0,,,0.0,0.0,-16.0,,-16.0,-8.0,990,2,0
401752955,2025-02-16,Team Chuck,Team Kenny,41,32,2025,9,73,-1.0,False,False,,False,False,same_region,0,0,0,,,0.0,0.0,-16.0,,-16.0,-8.0,991,2,0
401752955,2025-02-16,Team Chuck,Team Kenny,41,32,2025,9,73,-1.0,False,False,,False,False,same_region,0,0,0,,,0.0,0.0,-16.0,,-16.0,-8.0,992,2,0
401752955,2025-02-16,Team Chuck,Team Kenny,41,32,2025,9,73,-1.0,False,False,,False,False,same_region,0,0,0,,,0.0,0.0,-16.0,,-16.0,-8.0,993,2,0
401752955,2025-02-16,Team Chuck,Team Kenny,41,32,2025,9,73,-1.0,False,False,,False,False,same_region,0,0,0,,,0.0,0.0,-11.0,,-11.0,-5.5,994,2,0
401752955,2025-02-16,Team Chuck,Team Kenny,41,32,2025,9,73,-1.0,False,False,,False,False,same_region,0,0,0,,,0.0,0.0,-11.0,,-11.0,-5.5,995,2,0
401752956,2025-02-16,Team Shaq,Team Candace,42,35,2025,7,77,,False,False,,False,False,same_region,0,0,0,,,0.0,0.0,,,0.0,0.0,996,2,0
401752956,2025-02-16,Team Shaq,Team Candace,42,35,2025,7,77,,False,False,,False,False,same_region,0,0,0,,,0.0,0.0,,,0.0,0.0,997,2,0
401752956,2025-02-16,Team Shaq,Team Candace,42,35,2025,7,77,,False,False,,False,False,same_region,0,0,0,,,0.0,0.0,,,0.0,0.0,998,2,0
401752956,2025-02-16,Team Shaq,Team Candace,42,35,2025,7,77,,False,False,,False,False,same_region,0,0,0,,,0.0,0.0,,,0.0,0.0,999,2,0
401752956,2025-02-16,Team Shaq,Team Candace,42,35,2025,7,77,,False,False,,False,False,same_region,0,0,0,,,0.0,0.0,7.0,,7.0,3.5,1000,2,0
401752956,2025-02-16,Team Shaq,Team Candace,42,35,2025,7,77,,False,False,,False,False,same_region,0,0,0,,,0.0,0.0,7.0,,7.0,3.5,1001,2,0
401752956,2025-02-16,Team Shaq,Team Candace,42,35,2025,7,77,,False,False,,False,False,same_region,0,0,0,,,0.0,0.0,10.0,,10.0,5.0,1002,2,0
401752956,2025-02-16,Team Shaq,Team Candace,42,35,2025,7,77,,False,False,,False,False,same_region,0,0,0,,,0.0,0.0,10.0,,10.0,5.0,1003,2,0
401752956,2025-02-16,Team Shaq,Team Candace,42,35,2025,7,77,,False,False,,False,False,same_region,0,0,0,,,0.0,0.0,11.5,,11.5,5.75,1004,2,0
401752956,2025-02-16,Team Shaq,Team Candace,42,35,2025,7,77,,False,False,,False,False,same_region,0,0,0,,,0.0,0.0,11.5,,11.5,5.75,1005,2,0
401752956,2025-02-16,Team Shaq,Team Candace,42,35,2025,7,77,,False,False,,False,False,same_region,0,0,0,,,0.0,0.0,12.4,,12.4,6.2,1006,2,0
401752956,2025-02-16,Team Shaq,Team Candace,42,35,2025,7,77,,False,False,,False,False,same_region,0,0,0,,,0.0,0.0,12.4,,12.4,6.2,1007,2,0
401748704,2025-02-19,Los Angeles Lakers,Charlotte Hornets,97,100,2025,-3,197,8.0,False,False,6.0,False,False,east_to_west,1,1,0,9.4,-8.6,18.0,9.0,10.2,-9.0,19.2,9.6,1008,2,0
401705359,2025-02-20,Milwaukee Bucks,LA Clippers,116,110,2025,6,226,9.0,False,False,6.0,False,False,west_to_east,1,0,1,0.2,1.2,-1.0,-0.5,-6.5,2.7,-9.2,-4.6,1009,2,0
401705361,2025-02-20,San Antonio Spurs,Phoenix Suns,120,109,2025,11,229,18.0,False,False,7.0,False,False,same_region,0,0,0,-0.8,-11.0,10.2,5.1,-4.9,-5.7,0.7999999999999998,0.3999999999999999,1010,2,0
401705360,2025-02-20,Denver Nuggets,Charlotte Hornets,129,115,2025,14,244,7.0,False,False,0.0,True,False,east_to_west,1,1,0,20.8,-6.0,26.8,13.4,10.4,-8.2,18.6,9.3,1011,2,0
401705356,2025-02-20,Atlanta Hawks,Orlando Magic,108,114,2025,-6,222,12.0,False,False,13.0,False,False,same_region,0,0,0,4.6,1.6,2.9999999999999996,1.4999999999999998,-1.4,-3.8,2.4,1.2,1012,2,0
401705362,2025-02-20,Portland Trail Blazers,Los Angeles Lakers,102,110,2025,-8,212,13.0,False,False,7.0,False,False,same_region,0,0,0,-5.4,3.8,-9.2,-4.6,2.6,8.9,-6.300000000000001,-3.1500000000000004,1013,2,0
401705358,2025-02-20,New York Knicks,Chicago Bulls,113,111,2025,2,224,7.0,False,False,14.0,False,False,same_region,0,0,0,-0.2,-17.8,17.6,8.8,5.7,-10.7,16.4,8.2,1014,2,0
401705355,2025-02-20,Philadelphia 76ers,Boston Celtics,104,124,2025,-20,228,8.0,False,False,9.0,False,False,same_region,0,0,0,-7.0,11.6,-18.6,-9.3,-1.7,10.3,-12.0,-6.0,1015,2,0
401705357,2025-02-20,Brooklyn Nets,Cleveland Cavaliers,97,110,2025,-13,207,7.0,False,False,7.0,False,False,same_region,0,0,0,2.6,10.0,-7.4,-3.7,-0.1,15.0,-15.1,-7.55,1016,2,0
401705354,2025-02-20,Indiana Pacers,Memphis Grizzlies,127,113,2025,14,240,8.0,False,False,7.0,False,False,west_to_east,1,0,1,-6.4,6.0,-12.4,-6.2,-0.4,4.2,-4.6000000000000005,-2.3000000000000003,1017,2,0
401705371,2025-02-21,Sacramento Kings,Golden State Warriors,108,132,2025,-24,240,12.0,False,False,7.0,False,False,same_region,0,0,0,0.2,6.0,-5.8,-2.9,-4.9,2.5,-7.4,-3.7,1018,2,0
401705363,2025-02-21,Cleveland Cavaliers,New York Knicks,142,105,2025,37,247,10.0,False,False,9.0,False,False,same_region,0,0,0,14.0,-1.0,15.0,7.5,16.7,5.5,11.2,5.6,1019,2,0
401705365,2025-02-21,Washington Wizards,Milwaukee Bucks,101,104,2025,-3,205,8.0,False,False,8.0,False,False,same_region,0,0,0,-4.2,-0.6,-3.6,-1.8,-9.3,-7.4,-1.9000000000000004,-0.9500000000000002,1020,2,0
401705364,2025-02-21,Orlando Magic,Memphis Grizzlies,104,105,2025,-1,209,8.0,False,False,0.0,True,False,west_to_east,1,0,1,-1.0,-0.6,-0.4,-0.2,-4.0,1.5,-5.5,-2.75,1021,2,0
401705369,2025-02-21,Dallas Mavericks,New Orleans Pelicans,111,103,2025,8,214,7.0,False,False,10.0,False,False,same_region,0,0,0,5.2,-13.4,18.6,9.3,-1.1,-12.2,11.1,5.55,1022,2,0
401705366,2025-02-21,Toronto Raptors,Miami Heat,111,120,2025,-9,231,8.0,False,False,7.0,False,False,same_region,0,0,0,-14.0,-9.2,-4.800000000000001,-2.4000000000000004,-5.2,-5.8,0.5999999999999996,0.2999999999999998,1023,2,0
401705370,2025-02-21,Utah Jazz,Oklahoma City Thunder,107,130,2025,-23,237,7.0,False,False,7.0,False,False,same_region,0,0,0,-7.8,12.0,-19.8,-9.9,-5.9,15.7,-21.6,-10.8,1024,2,0
401705368,2025-02-21,San Antonio Spurs,Detroit Pistons,110,125,2025,-15,235,0.0,True,False,8.0,False,False,east_to_west,1,1,0,1.2,15.6,-14.4,-7.2,0.0,6.6,-6.6,-3.3,1025,2,0
401705367,2025-02-21,Houston Rockets,Minnesota Timberwolves,121,115,2025,6,236,7.0,False,False,10.0,False,False,same_region,0,0,0,-3.2,4.2,-7.4,-3.7,-3.3,6.9,-10.2,-5.1,1026,2,0
401705372,2025-02-22,Chicago Bulls,Phoenix Suns,117,121,2025,-4,238,9.0,False,False,1.0,False,False,west_to_east,1,0,1,-20.0,-7.0,-13.0,-6.5,-9.7,-7.0,-2.6999999999999993,-1.3499999999999996,1027,2,0
401705373,2025-02-22,Philadelphia 76ers,Brooklyn Nets,103,105,2025,-2,208,1.0,False,False,20.0,False,False,same_region,0,0,0,-9.6,-0.4,-9.2,-4.6,-5.1,1.0,-6.1,-3.05,1028,2,0
401705374,2025-02-22,Denver Nuggets,Los Angeles Lakers,100,123,2025,-23,223,1.0,False,False,1.0,False,False,same_region,0,0,0,18.6,3.8,14.8,7.4,12.6,9.2,3.4000000000000004,1.7000000000000002,1029,2,0
401705375,2025-02-22,Utah Jazz,Houston Rockets,124,115,2025,9,239,0.0,True,False,13.0,False,False,same_region,0,0,0,-10.8,0.6,-11.4,-5.7,-7.1,-3.1,-3.9999999999999996,-1.9999999999999998,1030,2,0
401705376,2025-02-22,Portland Trail Blazers,Charlotte Hornets,141,88,2025,53,229,1.0,False,False,1.0,False,True,east_to_west,1,1,0,-11.6,-9.0,-2.5999999999999996,-1.2999999999999998,2.8,-7.5,10.3,5.15,1031,2,0
401705384,2025-02-23,New Orleans Pelicans,San Antonio Spurs,114,96,2025,18,210,9.0,False,False,10.0,False,False,same_region,0,0,0,-10.0,-1.6,-8.4,-4.2,-9.9,-0.3,-9.6,-4.8,1032,2,0
401705385,2025-02-23,Cleveland Cavaliers,Memphis Grizzlies,129,123,2025,6,252,1.0,False,False,1.0,False,True,west_to_east,1,0,1,20.8,-6.6,27.4,13.7,18.5,-0.6,19.1,9.55,1033,2,0
401705382,2025-02-23,Toronto Raptors,Phoenix Suns,127,109,2025,18,236,1.0,False,False,0.0,True,True,west_to_east,1,0,1,-9.6,-7.8,-1.7999999999999998,-0.8999999999999999,-7.0,-5.8,-1.2000000000000002,-0.6000000000000001,1034,2,0
401705386,2025-02-23,Minnesota Timberwolves,Oklahoma City Thunder,123,130,2025,-7,253,9.0,False,False,1.0,False,False,same_region,0,0,0,0.4,14.2,-13.799999999999999,-6.8999999999999995,5.5,17.0,-11.5,-5.75,1035,2,0
401705380,2025-02-23,Atlanta Hawks,Detroit Pistons,143,148,2025,-5,291,2.0,False,False,1.0,False,False,same_region,0,0,0,3.6,19.2,-15.6,-7.8,-1.2,10.0,-11.2,-5.6,1036,2,0
401705379,2025-02-23,Indiana Pacers,LA Clippers,129,111,2025,18,240,2.0,False,False,2.0,False,False,west_to_east,1,0,1,1.0,5.0,-4.0,-2.0,4.0,1.1,2.9,1.45,1037,2,0
401705383,2025-02-23,Milwaukee Bucks,Miami Heat,120,113,2025,7,233,2.0,False,False,1.0,False,False,same_region,0,0,0,1.0,-8.8,9.8,4.9,-5.8,-5.8,0.0,0.0,1038,2,0
401705378,2025-02-23,Golden State Warriors,Dallas Mavericks,126,102,2025,24,228,19.0,False,False,16.0,False,False,same_region,0,0,0,12.4,5.4,7.0,3.5,3.8,-2.5,6.3,3.15,1039,2,0
401705381,2025-02-23,Orlando Magic,Washington Wizards,110,90,2025,20,200,1.0,False,False,17.0,False,False,same_region,0,0,0,3.2,-8.2,11.399999999999999,5.699999999999999,-3.5,-7.4,3.9000000000000004,1.9500000000000002,1040,2,0
401705377,2025-02-23,Boston Celtics,New York Knicks,118,105,2025,13,223,10.0,False,False,1.0,False,False,same_region,0,0,0,14.2,-9.6,23.799999999999997,11.899999999999999,10.8,-0.5,11.3,5.65,1041,2,0
401705387,2025-02-24,Detroit Pistons,LA Clippers,106,97,2025,9,203,14.0,False,False,0.0,True,False,west_to_east,1,0,1,17.6,2.8,14.8,7.4,11.9,-0.5,12.4,6.2,1042,2,0
401705389,2025-02-24,Philadelphia 76ers,Chicago Bulls,110,142,2025,-32,252,1.0,False,False,3.0,False,False,same_region,0,0,0,-7.4,-17.0,9.6,4.8,-6.6,-10.9,4.300000000000001,2.1500000000000004,1043,2,0
401705390,2025-02-24,Washington Wizards,Brooklyn Nets,107,99,2025,8,206,2.0,False,False,1.0,False,False,same_region,0,0,0,-10.2,3.4,-13.6,-6.8,-7.0,2.1,-9.1,-4.55,1044,2,0
401705388,2025-02-24,Indiana Pacers,Denver Nuggets,116,125,2025,-9,241,0.0,True,False,15.0,False,False,west_to_east,1,0,1,3.2,9.6,-6.3999999999999995,-3.1999999999999997,2.0,11.3,-9.3,-4.65,1045,2,0
401705391,2025-02-24,Atlanta Hawks,Miami Heat,98,86,2025,12,184,0.0,True,False,0.0,True,True,same_region,0,0,0,1.6,-7.0,8.6,4.3,-1.3,-7.1,5.8,2.9,1046,2,0
401705394,2025-02-24,Sacramento Kings,Charlotte Hornets,130,88,2025,42,218,2.0,False,False,1.0,False,False,east_to_west,1,1,0,-3.4,-17.6,14.200000000000001,7.1000000000000005,-8.7,-12.0,3.3000000000000007,1.6500000000000004,1047,2,0
401705392,2025-02-24,Oklahoma City Thunder,Minnesota Timberwolves,128,131,2025,-3,259,11.0,False,False,2.0,False,False,same_region,0,0,0,13.0,-4.2,17.2,8.6,18.4,2.3,16.099999999999998,8.049999999999999,1048,2,0
401705393,2025-02-24,Utah Jazz,Portland Trail Blazers,112,114,2025,-2,226,1.0,False,True,11.0,False,False,same_region,0,0,0,-5.0,-2.2,-2.8,-1.4,-3.7,6.8,-10.5,-5.25,1049,2,0
401705399,2025-02-25,New Orleans Pelicans,San Antonio Spurs,109,103,2025,6,212,1.0,False,False,1.0,False,False,same_region,0,0,0,-5.4,-5.0,-0.40000000000000036,-0.20000000000000018,-7.2,-4.7,-2.5,-1.25,1050,2,0
401705396,2025-02-25,Orlando Magic,Cleveland Cavaliers,82,122,2025,-40,204,1.0,False,False,4.0,False,False,same_region,0,0,0,7.0,20.0,-13.0,-6.5,1.4,17.1,-15.700000000000001,-7.8500000000000005,1051,2,0
401705400,2025-02-25,Golden State Warriors,Charlotte Hornets,128,92,2025,36,220,1.0,False,False,0.0,True,True,east_to_west,1,1,0,13.0,-24.4,37.4,18.7,5.5,-15.9,21.4,10.7,1052,2,0
401705395,2025-02-25,Toronto Raptors,Boston Celtics,101,111,2025,-10,212,1.0,False,False,4.0,False,False,same_region,0,0,0,-3.6,18.2,-21.8,-10.9,-7.6,12.3,-19.9,-9.95,1053,2,0
401705401,2025-02-25,Los Angeles Lakers,Dallas Mavericks,107,99,2025,8,206,5.0,False,False,1.0,False,False,same_region,0,0,0,7.0,-1.6,8.6,4.3,12.9,-5.0,17.9,8.95,1054,2,0
401705398,2025-02-25,Memphis Grizzlies,Phoenix Suns,151,148,2025,3,299,16.0,False,False,1.0,False,True,same_region,0,0,0,-5.2,-8.0,2.8,1.4,2.5,-10.1,12.6,6.3,1055,2,0
401705397,2025-02-25,Houston Rockets,Milwaukee Bucks,100,97,2025,3,197,3.0,False,False,3.0,False,False,east_to_west,1,1,0,1.0,0.8,0.19999999999999996,0.09999999999999998,-3.9,-2.5,-1.4,-0.7,1056,2,0
401705410,2025-02-26,Houston Rockets,San Antonio Spurs,118,106,2025,12,224,0.0,True,False,0.0,True,True,same_region,0,0,0,0.2,-8.2,8.399999999999999,4.199999999999999,-2.4,-5.1,2.6999999999999997,1.3499999999999999,1057,2,0
401705403,2025-02-26,Indiana Pacers,Toronto Raptors,111,91,2025,20,202,1.0,False,True,14.0,False,False,same_region,0,0,0,2.8,-4.2,7.0,3.5,-0.3,-7.0,6.7,3.35,1058,2,0
401705404,2025-02-26,New York Knicks,Philadelphia 76ers,110,105,2025,5,215,5.0,False,False,13.0,False,False,same_region,0,0,0,-6.8,-12.2,5.3999999999999995,2.6999999999999997,-5.5,-9.5,4.0,2.0,1059,2,0
401705402,2025-02-26,Detroit Pistons,Boston Celtics,117,97,2025,20,214,1.0,False,False,0.0,True,False,same_region,0,0,0,17.4,14.8,2.599999999999998,1.299999999999999,11.3,11.1,0.20000000000000107,0.10000000000000053,1060,2,0
401705409,2025-02-26,Utah Jazz,Sacramento Kings,101,118,2025,-17,219,1.0,False,False,12.0,False,False,same_region,0,0,0,-1.6,4.0,-5.6,-2.8,-5.3,-3.2,-2.0999999999999996,-1.0499999999999998,1061,2,0
401705406,2025-02-26,Brooklyn Nets,Oklahoma City Thunder,121,129,2025,-8,250,5.0,False,False,2.0,False,False,west_to_east,1,0,1,-1.4,5.2,-6.6,-3.3,2.7,14.7,-12.0,-6.0,1062,2,0
401705408,2025-02-26,Chicago Bulls,LA Clippers,117,122,2025,-5,239,3.0,False,False,1.0,False,True,west_to_east,1,0,1,-6.4,-3.0,-3.4000000000000004,-1.7000000000000002,-5.5,-2.6,-2.9,-1.45,1063,2,0
401705405,2025-02-26,Washington Wizards,Portland Trail Blazers,121,129,2025,-8,250,1.0,False,False,1.0,False,False,west_to_east,1,0,1,-5.8,1.4,-7.199999999999999,-3.5999999999999996,-2.4,4.1,-6.5,-3.25,1064,2,0
401705407,2025-02-26,Miami Heat,Atlanta Hawks,131,109,2025,22,240,15.0,False,False,13.0,False,False,same_region,0,0,0,-5.8,1.2,-7.0,-3.5,-6.3,2.1,-8.4,-4.2,1065,2,0
401705415,2025-02-27,Los Angeles Lakers,Minnesota Timberwolves,111,102,2025,9,213,1.0,False,False,2.0,False,False,same_region,0,0,0,4.8,0.6,4.2,2.1,9.9,2.8,7.1000000000000005,3.5500000000000003,1066,2,0
401705414,2025-02-27,Phoenix Suns,New Orleans Pelicans,116,124,2025,-8,240,15.0,False,False,5.0,False,False,same_region,0,0,0,-7.2,3.0,-10.2,-5.1,-8.5,-6.5,-2.0,-1.0,1067,2,0
401705412,2025-02-27,Milwaukee Bucks,Denver Nuggets,121,112,2025,9,233,3.0,False,False,2.0,False,False,west_to_east,1,0,1,3.0,8.0,-5.0,-2.5,-1.5,11.9,-13.4,-6.7,1068,2,0
401705411,2025-02-27,Orlando Magic,Golden State Warriors,115,121,2025,-6,236,1.0,False,False,5.0,False,False,west_to_east,1,0,1,0.2,17.4,-17.2,-8.6,-1.2,11.6,-12.799999999999999,-6.3999999999999995,1069,2,0
401705413,2025-02-27,Dallas Mavericks,Charlotte Hornets,103,96,2025,7,199,5.0,False,False,1.0,False,True,east_to_west,1,1,0,-3.0,-28.4,25.4,12.7,-4.3,-18.5,14.2,7.1,1070,2,0
401705416,2025-02-28,Detroit Pistons,Denver Nuggets,119,134,2025,-15,253,1.0,False,False,0.0,True,False,west_to_east,1,0,1,13.4,0.4,13.0,6.5,12.5,10.7,1.8000000000000007,0.9000000000000004,1071,2,0
401705419,2025-02-28,Brooklyn Nets,Portland Trail Blazers,102,121,2025,-19,223,1.0,False,False,1.0,False,False,west_to_east,1,0,1,-4.6,8.8,-13.4,-6.7,-0.2,3.0,-3.2,-1.6,1072,2,0
401705418,2025-02-28,Boston Celtics,Cleveland Cavaliers,116,123,2025,-7,239,4.0,False,False,2.0,False,False,same_region,0,0,0,7.2,23.8,-16.6,-8.3,8.9,18.9,-9.999999999999998,-4.999999999999999,1073,2,0
401705417,2025-02-28,Atlanta Hawks,Oklahoma City Thunder,119,135,2025,-16,254,3.0,False,False,1.0,False,False,west_to_east,1,0,1,-4.4,4.0,-8.4,-4.2,0.4,12.6,-12.2,-6.1,1074,2,0
401705422,2025-02-28,Memphis Grizzlies,New York Knicks,113,114,2025,-1,227,2.0,False,False,4.0,False,False,east_to_west,1,1,0,-6.0,-8.4,2.4000000000000004,1.2000000000000002,2.7,-6.0,8.7,4.35,1075,2,0
401705421,2025-02-28,Chicago Bulls,Toronto Raptors,125,115,2025,10,240,1.0,False,False,1.0,False,False,same_region,0,0,0,0.6,-8.8,9.4,4.7,-7.6,-9.7,2.0999999999999996,1.0499999999999998,1076,2,0
401705420,2025-02-28,Miami Heat,Indiana Pacers,125,120,2025,5,245,1.0,False,False,15.0,False,False,same_region,0,0,0,1.4,9.4,-8.0,-4.0,-4.3,1.2,-5.5,-2.75,1077,2,0
401705423,2025-02-28,Phoenix Suns,New Orleans Pelicans,125,108,2025,17,233,0.0,True,False,0.0,True,False,same_region,0,0,0,-7.2,6.2,-13.4,-6.7,-9.1,-5.5,-3.5999999999999996,-1.7999999999999998,1078,2,0
401705424,2025-02-28,Utah Jazz,Minnesota Timberwolves,117,116,2025,1,233,1.0,False,False,0.0,True,False,same_region,0,0,0,-7.4,-0.8,-6.6000000000000005,-3.3000000000000003,-6.9,2.1,-9.0,-4.5,1079,2,0
401705425,2025-02-28,Los Angeles Lakers,LA Clippers,106,102,2025,4,208,0.0,True,True,1.0,False,False,same_region,0,0,0,9.0,-4.8,13.8,6.9,9.2,-2.9,12.1,6.05,1080,2,0
401705431,2025-03-01,Dallas Mavericks,Milwaukee Bucks,117,132,2025,-15,249,1.0,False,False,3.0,False,False,east_to_west,1,1,0,-2.4,4.4,-6.800000000000001,-3.4000000000000004,0.7,2.3,-1.5999999999999999,-0.7999999999999999,1081,3,0
401705428,2025-03-01,Houston Rockets,Sacramento Kings,103,113,2025,-10,216,2.0,False,False,2.0,False,False,same_region,0,0,0,1.0,7.2,-6.2,-3.1,-0.6,1.9,-2.5,-1.25,1082,3,0
401705430,2025-03-01,Philadelphia 76ers,Golden State Warriors,126,119,2025,7,245,4.0,False,False,1.0,False,False,west_to_east,1,0,1,-12.6,19.4,-32.0,-16.0,-9.2,11.7,-20.9,-10.45,1083,3,0
401705427,2025-03-01,Detroit Pistons,Brooklyn Nets,115,94,2025,21,209,0.0,True,True,4.0,False,False,same_region,0,0,0,6.8,-9.2,16.0,8.0,11.2,-3.3,14.5,7.25,1084,3,0
401705429,2025-03-01,Memphis Grizzlies,San Antonio Spurs,128,130,2025,-2,258,0.0,True,False,2.0,False,False,same_region,0,0,0,-3.4,-8.0,4.6,2.3,1.3,-4.4,5.7,2.85,1085,3,0
401705426,2025-03-01,Charlotte Hornets,Washington Wizards,100,113,2025,-13,213,21.0,False,False,5.0,False,False,same_region,0,0,0,-30.4,-5.4,-25.0,-12.5,-18.2,-3.4,-14.799999999999999,-7.3999999999999995,1086,3,0
401705436,2025-03-02,Orlando Magic,Toronto Raptors,102,104,2025,-2,206,2.0,False,False,1.0,False,False,same_region,0,0,0,-4.2,-6.2,2.0,1.0,-1.3,-10.1,8.799999999999999,4.3999999999999995,1087,3,0
401705438,2025-03-02,Utah Jazz,New Orleans Pelicans,121,128,2025,-7,249,1.0,False,False,1.0,False,True,same_region,0,0,0,-6.4,1.4,-7.800000000000001,-3.9000000000000004,-7.1,-6.0,-1.0999999999999996,-0.5499999999999998,1088,3,0
401705437,2025-03-02,San Antonio Spurs,Oklahoma City Thunder,132,146,2025,-14,278,8.0,False,False,1.0,False,False,same_region,0,0,0,-9.8,10.2,-20.0,-10.0,-4.3,11.1,-15.399999999999999,-7.699999999999999,1089,3,0
401705440,2025-03-02,Los Angeles Lakers,LA Clippers,108,102,2025,6,210,1.0,False,True,1.0,False,False,same_region,0,0,0,10.4,-6.4,16.8,8.4,7.1,-2.6,9.7,4.85,1090,3,0
401705433,2025-03-02,Cleveland Cavaliers,Portland Trail Blazers,133,129,2025,4,262,6.0,False,False,1.0,False,False,west_to_east,1,0,1,20.6,14.8,5.800000000000001,2.9000000000000004,15.3,4.7,10.600000000000001,5.300000000000001,1091,3,0
401705434,2025-03-02,Indiana Pacers,Chicago Bulls,127,112,2025,15,239,3.0,False,False,5.0,False,False,same_region,0,0,0,7.6,6.2,1.3999999999999995,0.6999999999999997,0.6,-5.8,6.3999999999999995,3.1999999999999997,1092,3,0
401705432,2025-03-02,Boston Celtics,Denver Nuggets,110,103,2025,7,213,1.0,False,False,1.0,False,True,west_to_east,1,0,1,3.2,1.2,2.0,1.0,7.4,11.0,-3.5999999999999996,-1.7999999999999998,1093,3,0
401705435,2025-03-02,Miami Heat,New York Knicks,112,116,2025,-4,228,1.0,False,False,1.0,False,False,same_region,0,0,0,3.4,-8.4,11.8,5.9,-2.9,-4.3,1.4,0.7,1094,3,0
401705439,2025-03-02,Phoenix Suns,Minnesota Timberwolves,98,116,2025,-18,214,1.0,False,True,1.0,False,True,same_region,0,0,0,-1.6,-4.0,2.4,1.2,-4.3,0.1,-4.3999999999999995,-2.1999999999999997,1095,3,0
401705442,2025-03-03,Philadelphia 76ers,Portland Trail Blazers,102,119,2025,-17,221,1.0,False,False,0.0,True,True,west_to_east,1,0,1,-10.4,15.6,-26.0,-13.0,-8.7,2.0,-10.7,-5.35,1096,3,0
401705447,2025-03-03,Utah Jazz,Detroit Pistons,106,134,2025,-28,240,0.0,True,True,7.0,False,False,east_to_west,1,1,0,-3.2,8.0,-11.2,-5.6,-7.0,13.6,-20.6,-10.3,1097,3,0
401705441,2025-03-03,Charlotte Hornets,Golden State Warriors,101,119,2025,-18,220,1.0,False,False,1.0,False,False,west_to_east,1,0,1,-30.2,16.6,-46.8,-23.4,-19.6,11.3,-30.900000000000002,-15.450000000000001,1098,3,0
401705446,2025-03-03,Dallas Mavericks,Sacramento Kings,98,122,2025,-24,220,1.0,False,False,1.0,False,False,same_region,0,0,0,-6.4,7.6,-14.0,-7.0,-0.6,2.7,-3.3000000000000003,-1.6500000000000001,1099,3,0
401705444,2025-03-03,Memphis Grizzlies,Atlanta Hawks,130,132,2025,-2,262,1.0,False,True,4.0,False,False,east_to_west,1,1,0,-1.0,-7.4,6.4,3.2,-0.8,-1.4,0.5999999999999999,0.29999999999999993,1100,3,0
401705445,2025-03-03,Oklahoma City Thunder,Houston Rockets,137,128,2025,9,265,6.0,False,False,8.0,False,False,same_region,0,0,0,8.4,0.4,8.0,4.0,11.3,-1.4,12.700000000000001,6.3500000000000005,1101,3,0
401705443,2025-03-03,Miami Heat,Washington Wizards,106,90,2025,16,196,0.0,True,True,1.0,False,False,same_region,0,0,0,0.8,-2.0,2.8,1.4,-4.0,-3.1,-0.8999999999999999,-0.44999999999999996,1102,3,0
401705454,2025-03-04,San Antonio Spurs,Brooklyn Nets,127,113,2025,14,240,1.0,False,False,2.0,False,False,east_to_west,1,1,0,-9.6,-10.8,1.200000000000001,0.6000000000000005,-5.6,-5.6,0.0,0.0,1103,3,0
401705455,2025-03-04,Phoenix Suns,LA Clippers,119,117,2025,2,236,1.0,False,False,1.0,False,False,same_region,0,0,0,-6.0,-6.4,0.40000000000000036,0.20000000000000018,-6.9,-0.7,-6.2,-3.1,1104,3,0
401705452,2025-03-04,Chicago Bulls,Cleveland Cavaliers,117,139,2025,-22,256,3.0,False,False,3.0,False,False,same_region,0,0,0,3.6,18.8,-15.200000000000001,-7.6000000000000005,-8.2,16.4,-24.599999999999998,-12.299999999999999,1105,3,0
401705456,2025-03-04,Los Angeles Lakers,New Orleans Pelicans,136,115,2025,21,251,1.0,False,False,1.0,False,False,same_region,0,0,0,10.0,4.4,5.6,2.8,6.9,-2.8,9.7,4.85,1106,3,0
401705451,2025-03-04,New York Knicks,Golden State Warriors,102,114,2025,-12,216,5.0,False,False,0.0,True,True,west_to_east,1,0,1,-8.0,15.4,-23.4,-11.7,-4.5,13.9,-18.4,-9.2,1107,3,0
401705453,2025-03-04,Minnesota Timberwolves,Philadelphia 76ers,126,112,2025,14,238,8.0,False,False,5.0,False,False,east_to_west,1,1,0,0.8,-9.8,10.600000000000001,5.300000000000001,0.6,-9.7,10.299999999999999,5.1499999999999995,1108,3,0
401705448,2025-03-04,Indiana Pacers,Houston Rockets,115,102,2025,13,217,1.0,False,False,0.0,True,False,west_to_east,1,0,1,7.8,-2.6,10.4,5.2,4.4,-1.0,5.4,2.7,1109,3,0
401705449,2025-03-04,Orlando Magic,Toronto Raptors,113,114,2025,-1,227,1.0,False,False,1.0,False,False,same_region,0,0,0,-5.8,-4.0,-1.7999999999999998,-0.8999999999999999,-3.4,-6.8,3.4,1.7,1110,3,0
401705450,2025-03-04,Atlanta Hawks,Milwaukee Bucks,121,127,2025,-6,248,3.0,False,False,2.0,False,False,same_region,0,0,0,-5.8,6.2,-12.0,-6.0,-1.1,2.8,-3.9,-1.95,1111,3,0
401705464,2025-03-05,LA Clippers,Detroit Pistons,123,115,2025,8,238,20.0,False,False,1.0,False,False,east_to_west,1,1,0,-3.2,12.6,-15.8,-7.9,-0.2,15.1,-15.299999999999999,-7.6499999999999995,1112,3,0
401705462,2025-03-05,Denver Nuggets,Sacramento Kings,116,110,2025,6,226,10.0,False,False,1.0,False,False,same_region,0,0,0,-3.0,13.8,-16.8,-8.4,7.8,7.0,0.7999999999999998,0.3999999999999999,1113,3,0
401705463,2025-03-05,Milwaukee Bucks,Dallas Mavericks,137,107,2025,30,244,5.0,False,False,7.0,False,False,west_to_east,1,0,1,6.8,-12.8,19.6,9.8,3.9,-3.7,7.6,3.8,1114,3,0
401705461,2025-03-05,Memphis Grizzlies,Oklahoma City Thunder,103,120,2025,-17,223,1.0,False,False,2.0,False,False,same_region,0,0,0,-1.6,8.8,-10.4,-5.2,-4.1,10.9,-15.0,-7.5,1115,3,0
401705458,2025-03-05,Charlotte Hornets,Minnesota Timberwolves,110,125,2025,-15,235,1.0,False,False,2.0,False,False,west_to_east,1,0,1,-23.2,5.0,-28.2,-14.1,-20.4,0.4,-20.799999999999997,-10.399999999999999,1116,3,0
401705459,2025-03-05,Cleveland Cavaliers,Miami Heat,112,107,2025,5,219,2.0,False,False,8.0,False,False,same_region,0,0,0,15.8,5.4,10.4,5.2,18.3,-0.8,19.1,9.55,1117,3,0
401705460,2025-03-05,Washington Wizards,Utah Jazz,125,122,2025,3,247,6.0,False,False,22.0,False,False,west_to_east,1,0,1,-4.6,-10.6,6.0,3.0,-6.4,-7.8,1.3999999999999995,0.6999999999999997,1118,3,0
401705457,2025-03-05,Boston Celtics,Portland Trail Blazers,128,118,2025,10,246,2.0,False,False,1.0,False,True,west_to_east,1,0,1,0.6,8.4,-7.800000000000001,-3.9000000000000004,7.4,3.1,4.300000000000001,2.1500000000000004,1119,3,0
401705467,2025-03-06,Brooklyn Nets,Golden State Warriors,119,121,2025,-2,240,5.0,False,False,1.0,False,True,west_to_east,1,0,1,-14.0,13.0,-27.0,-13.5,-5.3,13.0,-18.3,-9.15,1120,3,0
401705465,2025-03-06,Atlanta Hawks,Indiana Pacers,124,118,2025,6,242,1.0,False,False,5.0,False,False,same_region,0,0,0,-6.0,6.8,-12.8,-6.4,-2.2,5.0,-7.2,-3.6,1121,3,0
401705466,2025-03-06,Boston Celtics,Philadelphia 76ers,123,105,2025,18,228,0.0,True,False,1.0,False,False,same_region,0,0,0,0.0,-12.2,12.2,6.1,9.1,-9.8,18.9,9.45,1122,3,0
401705510,2025-03-06,Orlando Magic,Chicago Bulls,123,125,2025,-2,248,1.0,False,False,3.0,False,False,same_region,0,0,0,-5.8,0.0,-5.8,-2.9,-1.3,-8.5,7.2,3.6,1123,3,0
401705468,2025-03-06,New Orleans Pelicans,Houston Rockets,97,109,2025,-12,206,8.0,False,False,1.0,False,True,same_region,0,0,0,-3.4,-3.4,0.0,0.0,-4.4,-1.2,-3.2,-1.6,1124,3,0
401705469,2025-03-06,Los Angeles Lakers,New York Knicks,113,109,2025,4,222,1.0,False,False,3.0,False,False,east_to_west,1,1,0,9.6,-3.0,12.6,6.3,8.3,-6.3,14.600000000000001,7.300000000000001,1125,3,0
401705472,2025-03-07,Dallas Mavericks,Memphis Grizzlies,111,122,2025,-11,233,3.0,False,False,11.0,False,False,same_region,0,0,0,-14.0,-3.8,-10.2,-5.1,-7.8,-4.5,-3.3,-1.65,1126,3,0
401705473,2025-03-07,Miami Heat,Minnesota Timberwolves,104,106,2025,-2,210,3.0,False,False,1.0,False,False,west_to_east,1,0,1,6.8,7.4,-0.6000000000000005,-0.30000000000000027,0.5,4.0,-3.5,-1.75,1127,3,0
401705470,2025-03-07,Charlotte Hornets,Cleveland Cavaliers,117,118,2025,-1,235,1.0,False,False,2.0,False,False,same_region,0,0,0,-17.8,15.6,-33.4,-16.7,-21.1,17.8,-38.900000000000006,-19.450000000000003,1128,3,0
401705474,2025-03-07,Oklahoma City Thunder,Portland Trail Blazers,107,89,2025,18,196,3.0,False,False,1.0,False,False,same_region,0,0,0,12.8,6.0,6.800000000000001,3.4000000000000004,9.0,3.7,5.3,2.65,1129,3,0
401705477,2025-03-07,LA Clippers,New York Knicks,105,95,2025,10,200,1.0,False,False,0.0,True,False,east_to_west,1,1,0,0.2,-1.2,1.4,0.7,-1.4,-4.0,2.6,1.3,1130,3,0
401705476,2025-03-07,Sacramento Kings,San Antonio Spurs,127,109,2025,18,236,10.0,False,False,5.0,False,False,same_region,0,0,0,17.4,-3.2,20.599999999999998,10.299999999999999,7.0,-4.1,11.1,5.55,1131,3,0
401705475,2025-03-07,Denver Nuggets,Phoenix Suns,149,141,2025,8,290,1.0,False,False,9.0,False,False,same_region,0,0,0,2.8,-2.0,4.8,2.4,6.2,-5.0,11.2,5.6,1132,3,0
401705471,2025-03-07,Toronto Raptors,Utah Jazz,118,109,2025,9,227,9.0,False,False,1.0,False,False,west_to_east,1,0,1,-7.4,-10.8,3.4000000000000004,1.7000000000000002,-5.5,-6.2,0.7000000000000002,0.3500000000000001,1133,3,0
401705484,2025-03-08,Boston Celtics,Los Angeles Lakers,111,101,2025,10,212,1.0,False,True,13.0,False,False,west_to_east,1,0,1,1.6,8.8,-7.200000000000001,-3.6000000000000005,8.2,6.8,1.3999999999999995,0.6999999999999997,1134,3,0
401705485,2025-03-08,Golden State Warriors,Detroit Pistons,115,110,2025,5,225,10.0,False,False,2.0,False,False,east_to_west,1,1,0,6.2,9.2,-2.999999999999999,-1.4999999999999996,11.8,13.3,-1.5,-0.75,1135,3,0
401705482,2025-03-08,Miami Heat,Chicago Bulls,109,114,2025,-5,223,0.0,True,False,1.0,False,False,same_region,0,0,0,2.0,-6.0,8.0,4.0,1.7,-6.2,7.9,3.95,1136,3,0
401705483,2025-03-08,Milwaukee Bucks,Orlando Magic,109,111,2025,-2,220,2.0,False,False,15.0,False,False,same_region,0,0,0,11.4,-10.2,21.6,10.8,6.1,-1.6,7.699999999999999,3.8499999999999996,1137,3,0
401705478,2025-03-08,Charlotte Hornets,Brooklyn Nets,105,102,2025,3,207,0.0,True,True,3.0,False,False,same_region,0,0,0,-10.8,-12.8,2.0,1.0,-19.6,-7.1,-12.500000000000002,-6.250000000000001,1138,3,0
401705481,2025-03-08,Toronto Raptors,Washington Wizards,117,118,2025,-1,235,0.0,True,False,4.0,False,False,same_region,0,0,0,-3.6,0.0,-3.6,-1.8,-3.9,-5.1,1.1999999999999997,0.5999999999999999,1139,3,0
401705479,2025-03-08,Houston Rockets,New Orleans Pelicans,146,117,2025,29,263,6.0,False,False,3.0,False,False,same_region,0,0,0,-1.6,-7.0,5.4,2.7,-0.7,-2.0,1.3,0.65,1140,3,0
401705480,2025-03-08,Atlanta Hawks,Indiana Pacers,120,118,2025,2,238,1.0,False,False,1.0,False,False,same_region,0,0,0,-7.2,7.4,-14.600000000000001,-7.300000000000001,-3.0,5.1,-8.1,-4.05,1141,3,0
401705488,2025-03-09,Milwaukee Bucks,Cleveland Cavaliers,100,112,2025,-12,212,0.0,True,False,1.0,False,False,same_region,0,0,0,11.6,7.8,3.8,1.9,7.3,15.8,-8.5,-4.25,1142,3,0
401705493,2025-03-09,LA Clippers,Sacramento Kings,111,110,2025,1,221,1.0,False,False,3.0,False,False,same_region,0,0,0,1.2,12.6,-11.4,-5.7,-1.8,8.3,-10.100000000000001,-5.050000000000001,1143,3,0
401705491,2025-03-09,Minnesota Timberwolves,San Antonio Spurs,141,124,2025,17,265,4.0,False,False,1.0,False,False,same_region,0,0,0,9.6,-5.6,15.2,7.6,4.4,-6.9,11.3,5.65,1144,3,0
401705492,2025-03-09,Portland Trail Blazers,Detroit Pistons,112,119,2025,-7,231,14.0,False,False,0.0,True,False,east_to_west,1,1,0,0.8,4.2,-3.4000000000000004,-1.7000000000000002,4.8,8.8,-4.000000000000001,-2.0000000000000004,1145,3,0
401705490,2025-03-09,Philadelphia 76ers,Utah Jazz,126,122,2025,4,248,5.0,False,False,1.0,False,False,west_to_east,1,0,1,-9.4,-9.2,-0.20000000000000107,-0.10000000000000053,-10.8,-8.3,-2.5,-1.25,1146,3,0
401705487,2025-03-09,Dallas Mavericks,Phoenix Suns,116,125,2025,-9,241,1.0,False,False,1.0,False,False,same_region,0,0,0,-14.6,-3.0,-11.6,-5.8,-8.8,-5.1,-3.700000000000001,-1.8500000000000005,1147,3,0
401705486,2025-03-09,Oklahoma City Thunder,Denver Nuggets,127,103,2025,24,230,1.0,False,False,6.0,False,False,same_region,0,0,0,14.8,2.6,12.200000000000001,6.1000000000000005,9.4,5.3,4.1000000000000005,2.0500000000000003,1148,3,0
401705489,2025-03-09,New Orleans Pelicans,Memphis Grizzlies,104,107,2025,-3,211,2.0,False,False,1.0,False,False,same_region,0,0,0,-14.4,-2.2,-12.2,-6.1,-4.1,-4.1,0.0,0.0,1149,3,0
401705505,2025-03-10,Sacramento Kings,New York Knicks,104,133,2025,-29,237,2.0,False,False,2.0,False,False,east_to_west,1,1,0,9.0,-4.2,13.2,6.6,8.1,-6.3,14.399999999999999,7.199999999999999,1150,3,0
401705504,2025-03-10,Golden State Warriors,Portland Trail Blazers,130,120,2025,10,250,1.0,False,False,2.0,False,False,same_region,0,0,0,6.0,-4.4,10.4,5.2,12.7,5.2,7.499999999999999,3.7499999999999996,1151,3,0
401705503,2025-03-10,San Antonio Spurs,Dallas Mavericks,129,133,2025,-4,262,5.0,False,False,4.0,False,False,same_region,0,0,0,-6.6,-17.8,11.200000000000001,5.6000000000000005,-7.3,-10.1,2.8,1.4,1152,3,0
401705499,2025-03-10,Chicago Bulls,Indiana Pacers,121,103,2025,18,224,5.0,False,False,1.0,False,False,same_region,0,0,0,-4.0,3.0,-7.0,-3.5,-1.7,6.2,-7.9,-3.95,1153,3,0
401705500,2025-03-10,Houston Rockets,Orlando Magic,97,84,2025,13,181,1.0,False,False,1.0,False,False,east_to_west,1,1,0,1.8,-1.8,3.6,1.8,1.4,-0.8,2.2,1.1,1154,3,0
401705502,2025-03-10,Oklahoma City Thunder,Denver Nuggets,127,140,2025,-13,267,0.0,True,True,0.0,True,False,same_region,0,0,0,16.4,-0.4,16.799999999999997,8.399999999999999,13.3,0.0,13.3,6.65,1155,3,0
401705495,2025-03-10,Boston Celtics,Utah Jazz,114,108,2025,6,222,1.0,False,False,0.0,True,True,west_to_east,1,0,1,7.6,-10.2,17.799999999999997,8.899999999999999,7.4,-8.3,15.700000000000001,7.8500000000000005,1156,3,0
401705496,2025-03-10,Brooklyn Nets,Los Angeles Lakers,111,108,2025,3,219,3.0,False,False,1.0,False,False,west_to_east,1,0,1,-11.8,5.0,-16.8,-8.4,-8.2,7.0,-15.2,-7.6,1157,3,0
401705497,2025-03-10,Miami Heat,Charlotte Hornets,102,105,2025,-3,207,1.0,False,True,10.0,False,False,same_region,0,0,0,0.0,-8.8,8.8,4.4,1.7,-19.6,21.3,10.65,1158,3,0
401705498,2025-03-10,Toronto Raptors,Washington Wizards,119,104,2025,15,223,1.0,False,True,1.0,False,False,same_region,0,0,0,0.2,-1.4,1.5999999999999999,0.7999999999999999,-4.3,-3.6,-0.6999999999999997,-0.34999999999999987,1159,3,0
401705501,2025-03-10,Memphis Grizzlies,Phoenix Suns,120,118,2025,2,238,4.0,False,False,0.0,True,True,same_region,0,0,0,-1.4,0.4,-1.7999999999999998,-0.8999999999999999,-2.4,-3.4,1.0,0.5,1160,3,0
401705494,2025-03-10,Atlanta Hawks,Philadelphia 76ers,132,123,2025,9,255,1.0,False,False,3.0,False,False,same_region,0,0,0,-2.4,-7.6,5.199999999999999,2.5999999999999996,-3.4,-10.1,6.699999999999999,3.3499999999999996,1161,3,0
401705509,2025-03-11,New Orleans Pelicans,LA Clippers,127,120,2025,7,247,1.0,False,False,6.0,False,False,same_region,0,0,0,-11.6,2.2,-13.8,-6.9,-5.1,-2.1,-2.9999999999999996,-1.4999999999999998,1162,3,0
401705508,2025-03-11,Indiana Pacers,Milwaukee Bucks,115,114,2025,1,229,6.0,False,False,6.0,False,False,same_region,0,0,0,0.4,7.4,-7.0,-3.5,4.0,5.9,-1.9000000000000004,-0.9500000000000002,1163,3,0
401705506,2025-03-11,Cleveland Cavaliers,Brooklyn Nets,109,104,2025,5,213,5.0,False,False,2.0,False,False,same_region,0,0,0,8.8,-7.4,16.200000000000003,8.100000000000001,14.7,-8.3,23.0,11.5,1164,3,0
401705507,2025-03-11,Detroit Pistons,Washington Wizards,123,103,2025,20,226,9.0,False,False,0.0,True,True,same_region,0,0,0,8.6,-2.8,11.399999999999999,5.699999999999999,7.7,-4.1,11.8,5.9,1165,3,0
401705513,2025-03-12,Toronto Raptors,Philadelphia 76ers,118,105,2025,13,223,1.0,False,False,1.0,False,False,same_region,0,0,0,5.2,-10.8,16.0,8.0,-0.5,-10.6,10.1,5.05,1166,3,0
401705512,2025-03-12,Boston Celtics,Oklahoma City Thunder,112,118,2025,-6,230,1.0,False,False,6.0,False,False,west_to_east,1,0,1,10.2,11.0,-0.8000000000000007,-0.40000000000000036,6.7,9.7,-2.999999999999999,-1.4999999999999996,1167,3,0
401705511,2025-03-12,Atlanta Hawks,Charlotte Hornets,123,110,2025,13,233,1.0,False,False,1.0,False,False,same_region,0,0,0,2.6,-5.6,8.2,4.1,-2.4,-17.9,15.499999999999998,7.749999999999999,1168,3,0
401705517,2025-03-12,San Antonio Spurs,Dallas Mavericks,126,116,2025,10,242,1.0,False,False,1.0,False,False,same_region,0,0,0,-7.8,-14.0,6.2,3.1,-8.8,-10.2,1.3999999999999986,0.6999999999999993,1169,3,0
401705516,2025-03-12,Memphis Grizzlies,Utah Jazz,122,115,2025,7,237,1.0,False,False,1.0,False,True,same_region,0,0,0,-0.6,-10.0,9.4,4.7,-0.8,-6.6,5.8,2.9,1170,3,0
401705515,2025-03-12,Houston Rockets,Phoenix Suns,111,104,2025,7,215,1.0,False,False,1.0,False,True,same_region,0,0,0,6.4,-3.4,9.8,4.9,3.4,-2.5,5.9,2.95,1171,3,0
401705514,2025-03-12,Miami Heat,LA Clippers,104,119,2025,-15,223,1.0,False,False,0.0,True,False,west_to_east,1,0,1,0.2,2.0,-1.8,-0.9,0.5,-2.2,2.7,1.35,1172,3,0
401705519,2025-03-12,Portland Trail Blazers,New York Knicks,113,114,2025,-1,227,2.0,False,False,1.0,False,False,east_to_west,1,1,0,-5.6,1.4,-7.0,-3.5,5.0,-3.5,8.5,4.25,1173,3,0
401705518,2025-03-12,Denver Nuggets,Minnesota Timberwolves,95,115,2025,-20,210,4.0,False,False,4.0,False,False,same_region,0,0,0,-0.8,13.2,-14.0,-7.0,0.2,4.6,-4.3999999999999995,-2.1999999999999997,1174,3,0
401705523,2025-03-13,Golden State Warriors,Sacramento Kings,130,104,2025,26,234,2.0,False,False,3.0,False,False,same_region,0,0,0,9.4,1.2,8.200000000000001,4.1000000000000005,13.0,4.4,8.6,4.3,1175,3,0
401705520,2025-03-13,Detroit Pistons,Washington Wizards,125,129,2025,-4,254,1.0,False,False,1.0,False,True,same_region,0,0,0,8.4,-9.4,17.8,8.9,8.2,-5.7,13.899999999999999,6.949999999999999,1176,3,0
401705521,2025-03-13,Milwaukee Bucks,Los Angeles Lakers,126,106,2025,20,232,3.0,False,False,2.0,False,False,west_to_east,1,0,1,4.2,3.6,0.6000000000000001,0.30000000000000004,5.2,7.0,-1.7999999999999998,-0.8999999999999999,1177,3,0
401705707,2025-03-13,New Orleans Pelicans,Orlando Magic,93,113,2025,-20,206,1.0,False,False,2.0,False,False,east_to_west,1,1,0,-11.6,-3.2,-8.399999999999999,-4.199999999999999,-3.6,-3.7,0.10000000000000009,0.050000000000000044,1178,3,0
401705522,2025-03-13,Chicago Bulls,Brooklyn Nets,116,110,2025,6,226,2.0,False,False,1.0,False,False,same_region,0,0,0,-2.4,-4.2,1.8000000000000003,0.9000000000000001,1.9,-7.5,9.4,4.7,1179,3,0
401705532,2025-03-14,Utah Jazz,Toronto Raptors,118,126,2025,-8,244,10.0,False,False,9.0,False,False,east_to_west,1,1,0,-5.8,7.4,-13.2,-6.6,-8.2,1.7,-9.899999999999999,-4.949999999999999,1180,3,0
401705527,2025-03-14,Houston Rockets,Dallas Mavericks,133,96,2025,37,229,1.0,False,False,1.0,False,False,same_region,0,0,0,9.6,-11.2,20.799999999999997,10.399999999999999,3.5,-12.0,15.5,7.75,1181,3,0
401705533,2025-03-14,Phoenix Suns,Sacramento Kings,122,106,2025,16,228,9.0,False,False,0.0,True,False,same_region,0,0,0,-1.2,-8.8,7.6000000000000005,3.8000000000000003,-3.6,2.5,-6.1,-3.05,1182,3,0
401705531,2025-03-14,Denver Nuggets,Los Angeles Lakers,131,126,2025,5,257,1.0,False,False,0.0,True,False,same_region,0,0,0,-3.4,-1.6,-1.7999999999999998,-0.8999999999999999,-3.2,4.2,-7.4,-3.7,1183,3,0
401705529,2025-03-14,Minnesota Timberwolves,Orlando Magic,118,111,2025,7,229,4.0,False,False,0.0,True,False,east_to_west,1,1,0,13.6,1.2,12.4,6.2,7.2,-2.3,9.5,4.75,1184,3,0
401705525,2025-03-14,Philadelphia 76ers,Indiana Pacers,100,112,2025,-12,212,4.0,False,False,3.0,False,False,same_region,0,0,0,-10.0,-2.4,-7.6,-3.8,-9.9,2.7,-12.600000000000001,-6.300000000000001,1185,3,0
401705524,2025-03-14,Miami Heat,Boston Celtics,91,103,2025,-12,194,1.0,False,False,15.0,False,False,same_region,0,0,0,-6.0,7.6,-13.6,-6.8,-0.3,4.1,-4.3999999999999995,-2.1999999999999997,1186,3,0
401705528,2025-03-14,Memphis Grizzlies,Cleveland Cavaliers,124,133,2025,-9,257,1.0,False,False,4.0,False,False,east_to_west,1,1,0,1.2,9.0,-7.8,-3.9,-0.2,13.9,-14.1,-7.05,1187,3,0
401705530,2025-03-14,San Antonio Spurs,Charlotte Hornets,134,145,2025,-11,279,1.0,False,False,1.0,False,False,east_to_west,1,1,0,-3.0,-4.6,1.5999999999999996,0.7999999999999998,-6.3,-13.9,7.6000000000000005,3.8000000000000003,1188,3,0
401705526,2025-03-14,Atlanta Hawks,LA Clippers,98,121,2025,-23,219,1.0,False,False,1.0,False,True,west_to_east,1,0,1,4.8,5.4,-0.6000000000000005,-0.30000000000000027,-0.5,1.1,-1.6,-0.8,1189,3,0
401705534,2025-03-15,Brooklyn Nets,Boston Celtics,113,115,2025,-2,228,4.0,False,False,0.0,True,False,same_region,0,0,0,-2.6,8.0,-10.6,-5.3,-8.3,4.0,-12.3,-6.15,1190,3,0
401705535,2025-03-15,Detroit Pistons,Oklahoma City Thunder,107,113,2025,-6,220,1.0,False,False,2.0,False,False,west_to_east,1,0,1,2.0,10.4,-8.4,-4.2,7.3,9.6,-2.3,-1.15,1191,3,0
401705538,2025-03-15,Milwaukee Bucks,Indiana Pacers,126,119,2025,7,245,1.0,False,False,0.0,True,False,same_region,0,0,0,7.0,-2.6,9.6,4.8,6.9,2.1,4.800000000000001,2.4000000000000004,1192,3,0
401705537,2025-03-15,Memphis Grizzlies,Miami Heat,125,91,2025,34,216,0.0,True,True,9.0,False,False,east_to_west,1,1,0,2.8,-7.4,10.2,5.1,-0.5,-0.3,-0.2,-0.1,1193,3,0
401705536,2025-03-15,Houston Rockets,Chicago Bulls,117,114,2025,3,231,0.0,True,True,6.0,False,False,east_to_west,1,1,0,19.6,1.8,17.8,8.9,8.1,2.7,5.3999999999999995,2.6999999999999997,1194,3,0
401705540,2025-03-15,Golden State Warriors,New York Knicks,97,94,2025,3,191,1.0,False,False,2.0,False,False,east_to_west,1,1,0,11.0,0.8,10.2,5.1,13.2,-3.6,16.8,8.4,1195,3,0
401705539,2025-03-15,San Antonio Spurs,New Orleans Pelicans,119,115,2025,4,234,0.0,True,True,6.0,False,False,same_region,0,0,0,-8.0,-11.4,3.4000000000000004,1.7000000000000002,-5.6,-7.4,1.8000000000000007,0.9000000000000004,1196,3,0
401705541,2025-03-15,Denver Nuggets,Washington Wizards,123,126,2025,-3,249,0.0,True,True,1.0,False,False,east_to_west,1,1,0,-3.6,-5.4,1.8000000000000003,0.9000000000000001,-0.4,-5.0,4.6,2.3,1197,3,0
401705547,2025-03-16,Minnesota Timberwolves,Utah Jazz,128,102,2025,26,230,1.0,False,False,3.0,False,False,same_region,0,0,0,12.2,-6.8,19.0,9.5,8.6,-8.8,17.4,8.7,1198,3,0
401748706,2025-03-16,LA Clippers,Charlotte Hornets,123,88,2025,35,211,6.0,False,False,1.0,False,False,east_to_west,1,1,0,8.4,0.6,7.800000000000001,3.9000000000000004,4.3,-8.6,12.899999999999999,6.449999999999999,1199,3,0
401705544,2025-03-16,Brooklyn Nets,Atlanta Hawks,122,114,2025,8,236,0.0,True,False,12.0,False,False,same_region,0,0,0,-2.6,1.4,-4.0,-2.0,-7.7,-2.3,-5.4,-2.7,1200,3,0
401705548,2025-03-16,Milwaukee Bucks,Oklahoma City Thunder,105,121,2025,-16,226,0.0,True,True,0.0,True,False,west_to_east,1,0,1,2.4,8.2,-5.799999999999999,-2.8999999999999995,6.9,10.5,-3.5999999999999996,-1.7999999999999998,1201,3,0
401705543,2025-03-16,Los Angeles Lakers,Phoenix Suns,107,96,2025,11,203,9.0,False,False,3.0,False,False,same_region,0,0,0,-6.8,1.6,-8.4,-4.2,1.4,-0.2,1.5999999999999999,0.7999999999999999,1202,3,0
401705542,2025-03-16,Dallas Mavericks,Philadelphia 76ers,125,130,2025,-5,255,6.0,False,False,3.0,False,False,east_to_west,1,1,0,-12.6,-9.6,-3.0,-1.5,-13.3,-10.9,-2.4000000000000004,-1.2000000000000002,1203,3,0
401705545,2025-03-16,Cleveland Cavaliers,Orlando Magic,103,108,2025,-5,211,4.0,False,False,1.0,False,True,same_region,0,0,0,6.4,0.0,6.4,3.2,11.1,-2.9,14.0,7.0,1204,3,0
401705546,2025-03-16,Portland Trail Blazers,Toronto Raptors,105,102,2025,3,207,3.0,False,False,1.0,False,False,east_to_west,1,1,0,-9.2,8.8,-18.0,-9.0,-0.4,0.7,-1.1,-0.55,1205,3,0
401705556,2025-03-17,Golden State Warriors,Denver Nuggets,105,114,2025,-9,219,1.0,False,False,6.0,False,False,same_region,0,0,0,9.2,-5.8,15.0,7.5,11.1,-1.6,12.7,6.35,1206,3,0
401754705,2025-03-17,Los Angeles Lakers,San Antonio Spurs,125,109,2025,16,234,0.0,True,False,7.0,False,False,same_region,0,0,0,-5.4,-3.6,-1.8000000000000003,-0.9000000000000001,1.7,-4.6,6.3,3.15,1207,3,0
401705558,2025-03-17,Sacramento Kings,Memphis Grizzlies,132,122,2025,10,254,6.0,False,False,7.0,False,False,same_region,0,0,0,-10.8,7.4,-18.200000000000003,-9.100000000000001,3.3,2.6,0.6999999999999997,0.34999999999999987,1208,3,0
401705561,2025-03-17,Portland Trail Blazers,Washington Wizards,112,97,2025,15,209,0.0,True,False,1.0,False,False,east_to_west,1,1,0,-6.6,-5.4,-1.1999999999999993,-0.5999999999999996,-0.3,-2.7,2.4000000000000004,1.2000000000000002,1209,3,0
401705557,2025-03-17,Phoenix Suns,Toronto Raptors,129,89,2025,40,218,2.0,False,False,0.0,True,True,east_to_west,1,1,0,1.0,6.4,-5.4,-2.7,-1.0,1.4,-2.4,-1.2,1210,3,0
401705551,2025-03-17,Houston Rockets,Philadelphia 76ers,144,137,2025,7,281,1.0,False,True,0.0,True,False,east_to_west,1,1,0,17.8,-5.0,22.8,11.4,8.1,-7.2,15.3,7.65,1211,3,0
401705552,2025-03-17,Minnesota Timberwolves,Indiana Pacers,130,132,2025,-2,262,0.0,True,True,1.0,False,True,east_to_west,1,1,0,14.4,-2.8,17.2,8.6,10.9,2.3,8.600000000000001,4.300000000000001,1212,3,0
401705550,2025-03-17,New York Knicks,Miami Heat,116,95,2025,21,211,12.0,False,False,1.0,False,False,same_region,0,0,0,2.6,-13.8,16.400000000000002,8.200000000000001,-0.2,-5.9,5.7,2.85,1213,3,0
401705555,2025-03-17,Utah Jazz,Chicago Bulls,97,111,2025,-14,208,2.0,False,False,1.0,False,False,east_to_west,1,1,0,-10.2,5.6,-15.799999999999999,-7.8999999999999995,-9.7,2.8,-12.5,-6.25,1214,3,0
401705553,2025-03-17,New Orleans Pelicans,Detroit Pistons,81,127,2025,-46,208,3.0,False,False,7.0,False,False,east_to_west,1,1,0,-9.8,2.4,-12.200000000000001,-6.1000000000000005,-8.4,5.8,-14.2,-7.1,1215,3,0
401705559,2025-03-18,Charlotte Hornets,Atlanta Hawks,102,134,2025,-32,236,9.0,False,False,1.0,False,False,same_region,0,0,0,-6.2,-1.4,-4.800000000000001,-2.4000000000000004,-8.5,-4.3,-4.2,-2.1,1216,3,0
401705560,2025-03-18,Boston Celtics,Brooklyn Nets,104,96,2025,8,200,5.0,False,False,4.0,False,False,same_region,0,0,0,4.8,-0.4,5.2,2.6,3.2,-6.1,9.3,4.65,1217,3,0
401705578,2025-03-18,Golden State Warriors,Milwaukee Bucks,104,93,2025,11,197,0.0,True,True,6.0,False,False,east_to_west,1,1,0,7.0,-0.4,7.4,3.7,6.6,5.6,1.0,0.5,1218,3,0
401705563,2025-03-18,LA Clippers,Cleveland Cavaliers,132,119,2025,13,251,1.0,False,False,3.0,False,False,east_to_west,1,1,0,13.4,4.4,9.0,4.5,7.3,10.0,-2.7,-1.35,1219,3,0
401705573,2025-03-19,Phoenix Suns,Chicago Bulls,127,121,2025,6,248,1.0,False,False,1.0,False,False,east_to_west,1,1,0,7.2,8.0,-0.7999999999999998,-0.3999999999999999,3.8,1.0,2.8,1.4,1220,3,0
401705568,2025-03-19,Oklahoma City Thunder,Philadelphia 76ers,133,100,2025,33,233,8.0,False,False,1.0,False,True,east_to_west,1,1,0,7.8,-7.2,15.0,7.5,11.3,-7.4,18.700000000000003,9.350000000000001,1221,3,0
401705575,2025-03-19,Sacramento Kings,Cleveland Cavaliers,123,119,2025,4,242,1.0,False,False,0.0,True,False,east_to_west,1,1,0,-12.4,1.6,-14.0,-7.0,0.1,4.7,-4.6000000000000005,-2.3000000000000003,1222,3,0
401705572,2025-03-19,Los Angeles Lakers,Denver Nuggets,120,108,2025,12,228,1.0,False,True,1.0,False,False,same_region,0,0,0,-0.2,0.8,-1.0,-0.5,2.4,0.2,2.1999999999999997,1.0999999999999999,1223,3,0
401705193,2025-03-19,Utah Jazz,Washington Wizards,128,112,2025,16,240,1.0,False,False,1.0,False,False,east_to_west,1,1,0,-12.2,-8.6,-3.5999999999999996,-1.7999999999999998,-11.2,-5.0,-6.199999999999999,-3.0999999999999996,1224,3,0
401705566,2025-03-19,Miami Heat,Detroit Pistons,113,116,2025,-3,229,4.0,False,False,1.0,False,False,same_region,0,0,0,-17.0,12.6,-29.6,-14.8,-8.5,8.4,-16.9,-8.45,1225,3,0
401705565,2025-03-19,Orlando Magic,Houston Rockets,108,116,2025,-8,224,12.0,False,False,12.0,False,False,west_to_east,1,0,1,1.4,13.4,-12.0,-6.0,-4.4,7.6,-12.0,-6.0,1226,3,0
401705564,2025-03-19,Indiana Pacers,Dallas Mavericks,135,131,2025,4,266,7.0,False,False,4.0,False,False,west_to_east,1,0,1,-2.0,-11.4,9.4,4.7,0.5,-13.0,13.5,6.75,1227,3,0
401705567,2025-03-19,Minnesota Timberwolves,New Orleans Pelicans,115,119,2025,-4,234,1.0,False,True,3.0,False,False,same_region,0,0,0,13.6,-13.2,26.799999999999997,13.399999999999999,11.6,-13.8,25.4,12.7,1228,3,0
401705569,2025-03-19,San Antonio Spurs,New York Knicks,120,105,2025,15,225,3.0,False,False,3.0,False,False,east_to_west,1,1,0,-3.4,7.6,-11.0,-5.5,-5.0,3.2,-8.2,-4.1,1229,3,0
401705574,2025-03-19,Portland Trail Blazers,Memphis Grizzlies,115,99,2025,16,214,1.0,False,True,1.0,False,False,same_region,0,0,0,0.0,4.8,-4.8,-2.4,0.4,1.7,-1.2999999999999998,-0.6499999999999999,1230,3,0
401705577,2025-03-20,Indiana Pacers,Brooklyn Nets,105,99,2025,6,204,0.0,True,False,1.0,False,False,same_region,0,0,0,2.4,-2.6,5.0,2.5,1.4,-5.0,6.4,3.2,1231,3,0
401705576,2025-03-20,Charlotte Hornets,New York Knicks,115,98,2025,17,213,1.0,False,False,0.0,True,False,same_region,0,0,0,-13.2,6.6,-19.799999999999997,-9.899999999999999,-11.0,1.2,-12.2,-6.1,1232,3,0
401705579,2025-03-20,Sacramento Kings,Chicago Bulls,116,128,2025,-12,244,0.0,True,True,0.0,True,True,east_to_west,1,1,0,-11.4,5.8,-17.2,-8.6,-1.2,0.9,-2.1,-1.05,1233,3,0
401705571,2025-03-20,Golden State Warriors,Toronto Raptors,117,114,2025,3,231,1.0,False,True,2.0,False,False,east_to_west,1,1,0,8.2,-1.4,9.6,4.8,7.1,-0.6,7.699999999999999,3.8499999999999996,1234,3,0
401705562,2025-03-20,Los Angeles Lakers,Milwaukee Bucks,89,118,2025,-29,207,0.0,True,True,1.0,False,False,east_to_west,1,1,0,2.8,-0.2,3.0,1.5,3.2,3.6,-0.3999999999999999,-0.19999999999999996,1235,3,0
401705582,2025-03-21,Minnesota Timberwolves,New Orleans Pelicans,134,93,2025,41,227,1.0,False,False,1.0,False,False,same_region,0,0,0,9.4,-11.8,21.200000000000003,10.600000000000001,11.3,-11.7,23.0,11.5,1236,3,0
401705589,2025-03-21,LA Clippers,Memphis Grizzlies,128,108,2025,20,236,2.0,False,False,1.0,False,False,same_region,0,0,0,15.8,1.2,14.600000000000001,7.300000000000001,9.0,0.3,8.7,4.35,1237,3,0
401705585,2025-03-21,Dallas Mavericks,Detroit Pistons,123,117,2025,6,240,4.0,False,False,1.0,False,False,east_to_west,1,1,0,-10.4,11.8,-22.200000000000003,-11.100000000000001,-14.1,10.2,-24.299999999999997,-12.149999999999999,1238,3,0
401705587,2025-03-21,Phoenix Suns,Cleveland Cavaliers,123,112,2025,11,235,1.0,False,False,1.0,False,True,east_to_west,1,1,0,8.8,-1.6,10.4,5.2,2.7,3.6,-0.8999999999999999,-0.44999999999999996,1239,3,0
401705586,2025-03-21,Utah Jazz,Boston Celtics,99,121,2025,-22,220,1.0,False,False,5.0,False,False,east_to_west,1,1,0,-7.8,4.4,-12.2,-6.1,-8.9,6.0,-14.9,-7.45,1240,3,0
401705581,2025-03-21,Miami Heat,Houston Rockets,98,102,2025,-4,200,1.0,False,False,1.0,False,False,west_to_east,1,0,1,-17.0,12.4,-29.4,-14.7,-8.4,9.4,-17.8,-8.9,1241,3,0
401705580,2025-03-21,Washington Wizards,Orlando Magic,105,120,2025,-15,225,15.0,False,False,4.0,False,False,same_region,0,0,0,-8.8,-0.6,-8.200000000000001,-4.1000000000000005,-5.8,-1.2,-4.6,-2.3,1242,3,0
401705583,2025-03-21,Oklahoma City Thunder,Charlotte Hornets,141,106,2025,35,247,1.0,False,False,4.0,False,False,east_to_west,1,1,0,9.6,-10.4,20.0,10.0,13.0,-8.0,21.0,10.5,1243,3,0
401705584,2025-03-21,San Antonio Spurs,Philadelphia 76ers,128,120,2025,8,248,1.0,False,False,1.0,False,False,east_to_west,1,1,0,0.4,-12.0,12.4,6.2,-3.7,-11.4,7.7,3.85,1244,3,0
401705588,2025-03-21,Portland Trail Blazers,Denver Nuggets,128,109,2025,19,237,1.0,False,False,1.0,False,False,same_region,0,0,0,4.6,-4.2,8.8,4.4,0.1,-2.5,2.6,1.3,1245,3,0
401705590,2025-03-22,Indiana Pacers,Brooklyn Nets,108,103,2025,5,211,1.0,False,True,1.0,False,False,same_region,0,0,0,3.4,-2.8,6.199999999999999,3.0999999999999996,0.5,-3.5,4.0,2.0,1246,3,0
401705591,2025-03-22,Atlanta Hawks,Golden State Warriors,124,115,2025,9,239,7.0,False,False,15.0,False,False,west_to_east,1,0,1,4.6,6.8,-2.2,-1.1,1.1,8.1,-7.0,-3.5,1247,3,0
401705592,2025-03-22,New York Knicks,Washington Wizards,122,103,2025,19,225,4.0,False,False,2.0,False,False,same_region,0,0,0,-2.6,-7.8,5.199999999999999,2.5999999999999996,-0.6,-8.6,8.0,4.0,1248,3,0
401705593,2025-03-22,Sacramento Kings,Milwaukee Bucks,108,114,2025,-6,222,1.0,False,True,1.0,False,False,east_to_west,1,1,0,-8.0,5.8,-13.8,-6.9,-3.4,5.0,-8.4,-4.2,1249,3,0
401705594,2025-03-22,Los Angeles Lakers,Chicago Bulls,115,146,2025,-31,261,1.0,False,True,1.0,False,True,east_to_west,1,1,0,1.0,4.6,-3.5999999999999996,-1.7999999999999998,-0.3,1.1,-1.4000000000000001,-0.7000000000000001,1250,3,0
401705600,2025-03-23,Portland Trail Blazers,Boston Celtics,116,129,2025,-13,245,1.0,False,False,1.0,False,False,east_to_west,1,1,0,10.4,7.6,2.8000000000000007,1.4000000000000004,2.4,8.9,-6.5,-3.25,1251,3,0
401705595,2025-03-23,Detroit Pistons,New Orleans Pelicans,136,130,2025,6,266,7.0,False,False,1.0,False,False,west_to_east,1,0,1,6.6,-21.4,28.0,14.0,7.5,-16.5,24.0,12.0,1252,3,0
401705596,2025-03-23,Utah Jazz,Cleveland Cavaliers,91,120,2025,-29,211,1.0,False,False,1.0,False,False,east_to_west,1,1,0,-10.8,-4.8,-6.000000000000001,-3.0000000000000004,-8.3,2.1,-10.4,-5.2,1253,3,0
401705602,2025-03-23,LA Clippers,Oklahoma City Thunder,101,103,2025,-2,204,1.0,False,False,6.0,False,False,same_region,0,0,0,21.2,19.2,2.0,1.0,11.6,15.1,-3.5,-1.75,1254,3,0
401705601,2025-03-23,Houston Rockets,Denver Nuggets,111,116,2025,-5,227,5.0,False,False,1.0,False,False,same_region,0,0,0,11.8,-4.0,15.8,7.9,10.7,-3.7,14.399999999999999,7.199999999999999,1255,3,0
401705598,2025-03-23,Miami Heat,Charlotte Hornets,122,105,2025,17,227,1.0,False,False,1.0,False,False,same_region,0,0,0,-14.8,-14.8,0.0,0.0,-10.4,-9.7,-0.7000000000000011,-0.35000000000000053,1256,3,0
401705597,2025-03-23,Atlanta Hawks,Philadelphia 76ers,132,119,2025,13,251,0.0,True,False,1.0,False,False,same_region,0,0,0,4.6,-11.0,15.6,7.8,3.6,-10.5,14.1,7.05,1257,3,0
401705599,2025-03-23,Toronto Raptors,San Antonio Spurs,89,123,2025,-34,212,10.0,False,False,5.0,False,False,west_to_east,1,0,1,-5.0,0.0,-5.0,-2.5,0.1,-1.5,1.6,0.8,1258,3,0
401705609,2025-03-24,Phoenix Suns,Milwaukee Bucks,108,106,2025,2,214,2.0,False,False,1.0,False,False,east_to_west,1,1,0,12.4,3.0,9.4,4.7,5.6,5.0,0.5999999999999996,0.2999999999999998,1259,3,0
401705608,2025-03-24,Denver Nuggets,Chicago Bulls,119,129,2025,-10,248,8.0,False,False,1.0,False,False,east_to_west,1,1,0,-4.0,9.6,-13.6,-6.8,-3.8,5.7,-9.5,-4.75,1260,3,0
401705607,2025-03-24,New Orleans Pelicans,Philadelphia 76ers,112,99,2025,13,211,6.0,False,False,0.0,True,True,east_to_west,1,1,0,-18.6,-11.2,-7.400000000000002,-3.700000000000001,-15.0,-10.4,-4.6,-2.3,1261,3,0
401705610,2025-03-24,Sacramento Kings,Boston Celtics,95,113,2025,-18,208,1.0,False,False,0.0,True,True,east_to_west,1,1,0,-4.0,11.4,-15.4,-7.7,-6.4,9.5,-15.9,-7.95,1262,3,0
401705603,2025-03-24,Indiana Pacers,Minnesota Timberwolves,119,103,2025,16,222,1.0,False,False,11.0,False,False,west_to_east,1,0,1,2.0,13.6,-11.6,-5.8,-0.3,13.6,-13.9,-6.95,1263,3,0
401705606,2025-03-24,Brooklyn Nets,Dallas Mavericks,101,120,2025,-19,221,7.0,False,False,4.0,False,False,west_to_east,1,0,1,-2.6,-10.0,7.4,3.7,-2.6,-12.0,9.4,4.7,1264,3,0
401705604,2025-03-24,Orlando Magic,Los Angeles Lakers,118,106,2025,12,224,4.0,False,False,9.0,False,False,west_to_east,1,0,1,5.0,-4.2,9.2,4.6,0.9,-5.5,6.4,3.2,1265,3,0
401705605,2025-03-24,Washington Wizards,Toronto Raptors,104,112,2025,-8,216,2.0,False,False,3.0,False,False,same_region,0,0,0,-12.4,-14.4,2.0,1.0,-8.9,-3.5,-5.4,-2.7,1266,3,0
401705617,2025-03-25,Portland Trail Blazers,Cleveland Cavaliers,111,122,2025,-11,233,1.0,False,False,1.0,False,False,east_to_west,1,1,0,8.0,-0.8,8.8,4.4,-0.6,2.8,-3.4,-1.7,1267,3,0
401705616,2025-03-25,Utah Jazz,Memphis Grizzlies,103,140,2025,-37,243,1.0,False,False,3.0,False,False,same_region,0,0,0,-15.0,-4.2,-10.8,-5.4,-10.9,-1.5,-9.4,-4.7,1268,3,0
401705615,2025-03-25,Houston Rockets,Atlanta Hawks,121,114,2025,7,235,1.0,False,False,6.0,False,False,east_to_west,1,1,0,3.4,4.6,-1.1999999999999997,-0.5999999999999999,11.5,4.7,6.8,3.4,1269,3,0
401705618,2025-03-25,Sacramento Kings,Oklahoma City Thunder,105,121,2025,-16,226,0.0,True,True,1.0,False,False,same_region,0,0,0,-4.4,18.4,-22.799999999999997,-11.399999999999999,-7.6,14.4,-22.0,-11.0,1270,3,0
401705614,2025-03-25,New York Knicks,Dallas Mavericks,128,113,2025,15,241,2.0,False,False,0.0,True,False,west_to_east,1,0,1,1.0,-4.2,5.2,2.6,0.9,-7.7,8.6,4.3,1271,3,0
401705611,2025-03-25,Charlotte Hornets,Orlando Magic,104,111,2025,-7,215,4.0,False,False,3.0,False,False,same_region,0,0,0,-20.4,3.4,-23.799999999999997,-11.899999999999999,-9.9,2.3,-12.2,-6.1,1272,3,0
401705613,2025-03-25,Miami Heat,Golden State Warriors,112,86,2025,26,198,1.0,False,False,2.0,False,False,west_to_east,1,0,1,-9.0,-0.2,-8.8,-4.4,-8.2,5.4,-13.6,-6.8,1273,3,0
401705612,2025-03-25,Detroit Pistons,San Antonio Spurs,122,96,2025,26,218,1.0,False,False,1.0,False,False,west_to_east,1,0,1,8.6,9.0,-0.40000000000000036,-0.20000000000000018,5.3,0.5,4.8,2.4,1274,3,0
401705619,2025-03-26,Philadelphia 76ers,Washington Wizards,114,119,2025,-5,233,11.0,False,False,3.0,False,False,same_region,0,0,0,-14.8,-14.6,-0.20000000000000107,-0.10000000000000053,-9.9,-10.0,0.09999999999999964,0.04999999999999982,1275,3,0
401705622,2025-03-26,New York Knicks,LA Clippers,113,126,2025,-13,239,0.0,True,False,11.0,False,False,west_to_east,1,0,1,4.6,17.8,-13.200000000000001,-6.6000000000000005,3.6,11.6,-8.0,-4.0,1276,3,0
401705621,2025-03-26,Indiana Pacers,Los Angeles Lakers,119,120,2025,-1,239,1.0,False,False,1.0,False,False,west_to_east,1,0,1,6.6,-8.8,15.4,7.7,1.9,-7.1,9.0,4.5,1277,3,0
401705620,2025-03-26,Brooklyn Nets,Toronto Raptors,86,116,2025,-30,202,1.0,False,False,1.0,False,False,same_region,0,0,0,-6.0,-14.4,8.4,4.2,-4.3,-2.8,-1.5,-0.75,1278,3,0
401705623,2025-03-26,Denver Nuggets,Milwaukee Bucks,127,117,2025,10,244,1.0,False,False,1.0,False,False,east_to_west,1,1,0,-5.4,1.2,-6.6000000000000005,-3.3000000000000003,-5.6,1.8,-7.3999999999999995,-3.6999999999999997,1279,3,0
401705624,2025-03-26,Phoenix Suns,Boston Celtics,102,132,2025,-30,234,1.0,False,False,1.0,False,True,east_to_west,1,1,0,9.6,12.6,-3.0,-1.5,5.6,10.3,-4.700000000000001,-2.3500000000000005,1280,3,0
401705629,2025-03-27,Chicago Bulls,Los Angeles Lakers,119,117,2025,2,236,13.0,False,False,0.0,True,True,west_to_east,1,0,1,12.2,-11.8,24.0,12.0,8.9,-6.0,14.9,7.45,1281,3,0
401705631,2025-03-27,Utah Jazz,Houston Rockets,110,121,2025,-11,231,1.0,False,False,5.0,False,False,same_region,0,0,0,-17.2,4.2,-21.4,-10.7,-13.7,11.0,-24.7,-12.35,1282,3,0
401705632,2025-03-27,Sacramento Kings,Portland Trail Blazers,128,107,2025,21,235,1.0,False,True,16.0,False,False,same_region,0,0,0,-9.6,5.2,-14.8,-7.4,-11.0,-0.7,-10.3,-5.15,1283,3,0
401705630,2025-03-27,Oklahoma City Thunder,Memphis Grizzlies,125,104,2025,21,229,5.0,False,False,1.0,False,False,same_region,0,0,0,20.4,5.0,15.399999999999999,7.699999999999999,14.3,3.9,10.4,5.2,1284,3,0
401705628,2025-03-27,Miami Heat,Atlanta Hawks,122,112,2025,10,234,1.0,False,False,1.0,False,False,same_region,0,0,0,3.0,7.8,-4.8,-2.4,-5.4,4.6,-10.0,-5.0,1285,3,0
401705626,2025-03-27,Orlando Magic,Dallas Mavericks,92,101,2025,-9,193,2.0,False,False,1.0,False,True,west_to_east,1,0,1,6.2,0.2,6.0,3.0,3.1,-6.2,9.3,4.65,1286,3,0
401705627,2025-03-27,Washington Wizards,Indiana Pacers,109,162,2025,-53,271,2.0,False,False,9.0,False,False,same_region,0,0,0,-10.6,6.0,-16.6,-8.3,-9.6,2.0,-11.6,-5.8,1287,3,0
401705625,2025-03-27,Cleveland Cavaliers,San Antonio Spurs,124,116,2025,8,240,10.0,False,False,1.0,False,False,west_to_east,1,0,1,2.4,3.0,-0.6000000000000001,-0.30000000000000004,3.4,-0.3,3.6999999999999997,1.8499999999999999,1288,3,0
401705633,2025-03-28,Detroit Pistons,Cleveland Cavaliers,133,122,2025,11,255,2.0,False,False,2.0,False,False,same_region,0,0,0,15.0,6.6,8.4,4.2,8.7,4.1,4.6,2.3,1289,3,0
401705635,2025-03-28,Toronto Raptors,Charlotte Hornets,108,97,2025,11,205,4.0,False,False,4.0,False,False,same_region,0,0,0,-7.8,-14.8,7.000000000000001,3.5000000000000004,-0.7,-10.5,9.8,4.9,1290,3,0
401705634,2025-03-28,Brooklyn Nets,LA Clippers,100,132,2025,-32,232,1.0,False,False,1.0,False,False,west_to_east,1,0,1,-13.6,15.8,-29.4,-14.7,-7.0,12.1,-19.1,-9.55,1291,3,0
401705638,2025-03-28,New Orleans Pelicans,Golden State Warriors,95,111,2025,-16,206,3.0,False,False,2.0,False,False,same_region,0,0,0,-15.2,-6.0,-9.2,-4.6,-12.5,1.6,-14.1,-7.05,1292,3,0
401705637,2025-03-28,Minnesota Timberwolves,Phoenix Suns,124,109,2025,15,233,6.0,False,False,11.0,False,False,same_region,0,0,0,9.0,5.8,3.2,1.6,10.6,3.4,7.199999999999999,3.5999999999999996,1293,3,0
401705636,2025-03-28,Milwaukee Bucks,New York Knicks,107,116,2025,-9,223,11.0,False,False,7.0,False,False,same_region,0,0,0,2.4,-2.2,4.6,2.3,1.0,2.7,-1.7000000000000002,-0.8500000000000001,1294,3,0
401705639,2025-03-28,Denver Nuggets,Utah Jazz,129,93,2025,36,222,1.0,False,False,11.0,False,False,same_region,0,0,0,-5.2,-16.6,11.400000000000002,5.700000000000001,-2.2,-14.4,12.2,6.1,1295,3,0
401705640,2025-03-29,Orlando Magic,Sacramento Kings,121,91,2025,30,212,1.0,False,False,14.0,False,False,west_to_east,1,0,1,3.4,-6.2,9.6,4.8,2.4,-8.8,11.200000000000001,5.6000000000000005,1296,3,0
401705644,2025-03-29,Memphis Grizzlies,Los Angeles Lakers,127,134,2025,-7,261,13.0,False,False,1.0,False,True,same_region,0,0,0,-6.0,-14.6,8.6,4.3,0.7,-5.9,6.6000000000000005,3.3000000000000003,1297,3,0
401705645,2025-03-29,Oklahoma City Thunder,Indiana Pacers,132,111,2025,21,243,1.0,False,False,1.0,False,False,east_to_west,1,1,0,21.4,15.8,5.599999999999998,2.799999999999999,14.6,9.1,5.5,2.75,1298,3,0
401705646,2025-03-29,San Antonio Spurs,Boston Celtics,111,121,2025,-10,232,7.0,False,False,2.0,False,False,east_to_west,1,1,0,4.6,18.2,-13.6,-6.8,0.6,11.5,-10.9,-5.45,1299,3,0
401705642,2025-03-29,Philadelphia 76ers,Miami Heat,95,118,2025,-23,213,2.0,False,False,11.0,False,False,same_region,0,0,0,-14.4,9.2,-23.6,-11.8,-10.8,-3.9,-6.9,-3.45,1300,3,0
401705641,2025-03-29,Washington Wizards,Brooklyn Nets,112,115,2025,-3,227,1.0,False,False,6.0,False,False,same_region,0,0,0,-18.0,-18.4,0.3999999999999986,0.1999999999999993,-13.4,-10.5,-2.9000000000000004,-1.4500000000000002,1301,3,0
401705643,2025-03-29,Chicago Bulls,Dallas Mavericks,119,120,2025,-1,239,1.0,False,False,1.0,False,False,west_to_east,1,0,1,9.8,3.0,6.800000000000001,3.4000000000000004,8.9,-4.2,13.100000000000001,6.550000000000001,1302,3,0
401705649,2025-03-30,Milwaukee Bucks,Atlanta Hawks,124,145,2025,-21,269,1.0,False,False,2.0,False,False,same_region,0,0,0,2.8,7.4,-4.6000000000000005,-2.3000000000000003,1.3,3.0,-1.7,-0.85,1303,3,0
401705648,2025-03-30,New York Knicks,Portland Trail Blazers,110,93,2025,17,203,3.0,False,False,2.0,False,False,west_to_east,1,0,1,2.6,-2.0,4.6,2.3,4.6,-1.0,5.6,2.8,1304,3,0
401705653,2025-03-30,Philadelphia 76ers,Toronto Raptors,109,127,2025,-18,236,0.0,True,False,3.0,False,False,same_region,0,0,0,-12.4,2.4,-14.8,-7.4,-12.2,0.5,-12.7,-6.35,1305,3,0
401705654,2025-03-30,Phoenix Suns,Houston Rockets,109,148,2025,-39,257,3.0,False,False,2.0,False,False,same_region,0,0,0,-5.2,5.0,-10.2,-5.1,1.0,9.2,-8.2,-4.1,1306,3,0
401705652,2025-03-30,San Antonio Spurs,Golden State Warriors,106,148,2025,-42,254,0.0,True,False,1.0,False,False,same_region,0,0,0,-0.4,-1.0,0.6,0.3,0.0,3.0,-3.0,-1.5,1307,3,0
401705647,2025-03-30,Cleveland Cavaliers,LA Clippers,127,122,2025,5,249,2.0,False,False,1.0,False,False,west_to_east,1,0,1,5.2,15.2,-10.0,-5.0,1.8,14.3,-12.5,-6.25,1308,3,0
401705650,2025-03-30,Minnesota Timberwolves,Detroit Pistons,123,104,2025,19,227,1.0,False,False,8.0,False,False,east_to_west,1,1,0,6.8,8.0,-1.2000000000000002,-0.6000000000000001,10.6,10.3,0.29999999999999893,0.14999999999999947,1309,3,0
401705651,2025-03-30,New Orleans Pelicans,Charlotte Hornets,98,94,2025,4,192,1.0,False,False,1.0,False,False,east_to_west,1,1,0,-9.2,-10.6,1.4000000000000004,0.7000000000000002,-11.2,-11.9,0.7000000000000011,0.35000000000000053,1310,3,0
401705658,2025-03-31,Washington Wizards,Miami Heat,94,120,2025,-26,214,1.0,False,False,1.0,False,False,same_region,0,0,0,-15.6,14.4,-30.0,-15.0,-11.7,-1.3,-10.399999999999999,-5.199999999999999,1311,3,0
401705657,2025-03-31,Orlando Magic,LA Clippers,87,96,2025,-9,183,1.0,False,False,0.0,True,True,west_to_east,1,0,1,11.0,11.6,-0.5999999999999996,-0.2999999999999998,5.2,13.7,-8.5,-4.25,1312,3,0
401705656,2025-03-31,Indiana Pacers,Sacramento Kings,111,109,2025,2,220,4.0,False,False,1.0,False,False,west_to_east,1,0,1,10.4,-9.8,20.200000000000003,10.100000000000001,6.9,-8.9,15.8,7.9,1313,3,0
401705655,2025-03-31,Charlotte Hornets,Utah Jazz,110,106,2025,4,216,5.0,False,False,2.0,False,False,west_to_east,1,0,1,-14.8,-27.0,12.2,6.1,-12.6,-17.4,4.799999999999999,2.3999999999999995,1314,3,0
401705659,2025-03-31,Memphis Grizzlies,Boston Celtics,103,117,2025,-14,220,1.0,False,False,1.0,False,False,east_to_west,1,1,0,-5.4,18.6,-24.0,-12.0,-0.3,11.5,-11.8,-5.9,1315,3,0
401705660,2025-03-31,Oklahoma City Thunder,Chicago Bulls,145,117,2025,28,262,1.0,False,False,6.0,False,False,east_to_west,1,1,0,19.0,10.8,8.2,4.1,14.3,8.3,6.0,3.0,1316,3,0
401705661,2025-03-31,Dallas Mavericks,Brooklyn Nets,109,113,2025,-4,222,9.0,False,False,1.0,False,False,east_to_west,1,1,0,4.0,-16.6,20.6,10.3,-3.2,-9.7,6.499999999999999,3.2499999999999996,1317,3,0
401705662,2025-03-31,Los Angeles Lakers,Houston Rockets,104,98,2025,6,202,8.0,False,False,0.0,True,False,same_region,0,0,0,-7.4,11.2,-18.6,-9.3,-3.2,11.8,-15.0,-7.5,1318,3,0
401705668,2025-04-01,Denver Nuggets,Minnesota Timberwolves,139,140,2025,-1,279,3.0,False,False,7.0,False,False,same_region,0,0,0,4.4,11.0,-6.6,-3.3,0.1,12.3,-12.200000000000001,-6.1000000000000005,1319,4,1
401705554,2025-04-01,San Antonio Spurs,Orlando Magic,105,116,2025,-11,221,1.0,False,True,6.0,False,False,east_to_west,1,1,0,-10.4,6.2,-16.6,-8.3,-5.2,5.6,-10.8,-5.4,1320,4,1
401705665,2025-04-01,Chicago Bulls,Toronto Raptors,137,118,2025,19,255,2.0,False,False,1.0,False,False,same_region,0,0,0,2.8,6.6,-3.8,-1.9,3.7,0.8,2.9000000000000004,1.4500000000000002,1321,4,1
401705667,2025-04-01,Milwaukee Bucks,Phoenix Suns,133,123,2025,10,256,1.0,False,False,3.0,False,False,west_to_east,1,0,1,-7.2,-14.2,6.999999999999999,3.4999999999999996,-0.7,-2.7,2.0,1.0,1322,4,1
401705663,2025-04-01,Atlanta Hawks,Portland Trail Blazers,113,127,2025,-14,240,8.0,False,False,1.0,False,False,west_to_east,1,0,1,5.2,-8.6,13.8,6.9,4.9,-2.0,6.9,3.45,1323,4,1
401705664,2025-04-01,New York Knicks,Philadelphia 76ers,105,91,2025,14,196,1.0,False,False,7.0,False,False,same_region,0,0,0,9.4,-14.4,23.8,11.9,3.4,-12.7,16.099999999999998,8.049999999999999,1324,4,1
401705666,2025-04-01,Memphis Grizzlies,Golden State Warriors,125,134,2025,-9,259,0.0,True,True,1.0,False,False,same_region,0,0,0,-5.0,5.2,-10.2,-5.1,-1.9,6.7,-8.6,-4.3,1325,4,1
401705674,2025-04-02,Oklahoma City Thunder,Detroit Pistons,119,103,2025,16,222,1.0,False,False,2.0,False,False,east_to_west,1,1,0,17.6,3.6,14.000000000000002,7.000000000000001,18.4,7.7,10.7,5.35,1326,4,1
401705671,2025-04-02,Washington Wizards,Sacramento Kings,116,111,2025,5,227,1.0,False,False,1.0,False,False,west_to_east,1,0,1,-17.0,-9.0,-8.0,-4.0,-14.7,-6.5,-8.2,-4.1,1327,4,1
401705677,2025-04-02,LA Clippers,New Orleans Pelicans,114,98,2025,16,212,9.0,False,False,9.0,False,False,same_region,0,0,0,9.4,-9.2,18.6,9.3,15.3,-10.5,25.8,12.9,1328,4,1
401705675,2025-04-02,Dallas Mavericks,Atlanta Hawks,120,118,2025,2,238,1.0,False,False,2.0,False,False,east_to_west,1,1,0,2.0,0.6,1.4,0.7,-4.0,2.6,-6.6,-3.3,1329,4,1
401705669,2025-04-02,Cleveland Cavaliers,New York Knicks,124,105,2025,19,229,2.0,False,False,4.0,False,False,same_region,0,0,0,8.4,8.4,0.0,0.0,1.8,4.7,-2.9000000000000004,-1.4500000000000002,1330,4,1
401705672,2025-04-02,Boston Celtics,Miami Heat,103,124,2025,-21,227,14.0,False,False,1.0,False,False,same_region,0,0,0,17.0,20.4,-3.3999999999999986,-1.6999999999999993,12.3,2.8,9.5,4.75,1331,4,1
401705670,2025-04-02,Indiana Pacers,Charlotte Hornets,119,105,2025,14,224,1.0,False,False,2.0,False,False,same_region,0,0,0,9.8,-7.0,16.8,8.4,5.9,-10.9,16.8,8.4,1332,4,1
401705673,2025-04-02,Houston Rockets,Utah Jazz,143,105,2025,38,248,7.0,False,False,1.0,False,False,same_region,0,0,0,9.2,-23.4,32.599999999999994,16.299999999999997,10.5,-17.1,27.6,13.8,1333,4,1
401705676,2025-04-02,Denver Nuggets,San Antonio Spurs,106,113,2025,-7,219,0.0,True,False,5.0,False,False,same_region,0,0,0,8.0,-19.4,27.4,13.7,2.0,-5.2,7.2,3.6,1334,4,1
401705681,2025-04-03,Philadelphia 76ers,Milwaukee Bucks,113,126,2025,-13,239,3.0,False,False,7.0,False,False,same_region,0,0,0,-14.6,-6.4,-8.2,-4.1,-12.9,-1.7,-11.200000000000001,-5.6000000000000005,1335,4,1
401705678,2025-04-03,Washington Wizards,Orlando Magic,97,109,2025,-12,206,0.0,True,True,1.0,False,False,same_region,0,0,0,-14.4,6.0,-20.4,-10.2,-14.5,4.7,-19.2,-9.6,1336,4,1
401705682,2025-04-03,Toronto Raptors,Portland Trail Blazers,103,112,2025,-9,215,5.0,False,False,1.0,False,False,west_to_east,1,0,1,9.6,-9.6,19.2,9.6,-2.4,0.4,-2.8,-1.4,1337,4,1
401705680,2025-04-03,Miami Heat,Memphis Grizzlies,108,110,2025,-2,218,6.0,False,False,6.0,False,False,west_to_east,1,0,1,21.2,-2.8,24.0,12.0,6.1,-3.5,9.6,4.8,1338,4,1
401705679,2025-04-03,Brooklyn Nets,Minnesota Timberwolves,90,105,2025,-15,195,5.0,False,False,1.0,False,False,west_to_east,1,0,1,-14.8,12.0,-26.8,-13.4,-8.7,10.7,-19.4,-9.7,1339,4,1
401705683,2025-04-03,Los Angeles Lakers,Golden State Warriors,116,123,2025,-7,239,2.0,False,False,1.0,False,False,same_region,0,0,0,0.0,6.4,-6.4,-3.2,-2.1,6.6,-8.7,-4.35,1340,4,1
401705691,2025-04-04,Golden State Warriors,Denver Nuggets,118,104,2025,14,222,14.0,False,False,11.0,False,False,same_region,0,0,0,9.6,5.6,4.0,2.0,4.7,0.8,3.9000000000000004,1.9500000000000002,1341,4,1
401705692,2025-04-04,Los Angeles Lakers,New Orleans Pelicans,124,108,2025,16,232,0.0,True,False,1.0,False,False,same_region,0,0,0,1.0,-4.2,5.2,2.6,-3.9,-12.8,8.9,4.45,1342,4,1
401705693,2025-04-04,LA Clippers,Dallas Mavericks,114,91,2025,23,205,1.0,False,False,5.0,False,False,same_region,0,0,0,13.0,-1.4,14.4,7.2,15.4,-2.8,18.2,9.1,1343,4,1
401705689,2025-04-04,Houston Rockets,Oklahoma City Thunder,125,111,2025,14,236,1.0,False,False,9.0,False,False,same_region,0,0,0,17.8,20.4,-2.599999999999998,-1.299999999999999,10.6,19.4,-8.799999999999999,-4.3999999999999995,1344,4,1
401705688,2025-04-04,Chicago Bulls,Portland Trail Blazers,118,113,2025,5,231,2.0,False,False,0.0,True,True,west_to_east,1,0,1,0.4,-5.2,5.6000000000000005,2.8000000000000003,5.0,1.4,3.6,1.8,1345,4,1
401705686,2025-04-04,Boston Celtics,Phoenix Suns,123,103,2025,20,226,1.0,False,False,2.0,False,False,west_to_east,1,0,1,10.2,-18.4,28.599999999999998,14.299999999999999,10.8,-3.0,13.8,6.9,1346,4,1
401705684,2025-04-04,Charlotte Hornets,Sacramento Kings,102,125,2025,-23,227,3.0,False,False,1.0,False,False,west_to_east,1,0,1,-6.4,-6.4,0.0,0.0,-13.4,-5.4,-8.0,-4.0,1347,4,1
401705690,2025-04-04,San Antonio Spurs,Cleveland Cavaliers,113,114,2025,-1,227,2.0,False,False,6.0,False,False,east_to_west,1,1,0,-12.8,6.4,-19.200000000000003,-9.600000000000001,-4.9,2.8,-7.7,-3.85,1348,4,1
401705687,2025-04-04,Toronto Raptors,Detroit Pistons,105,117,2025,-12,222,0.0,True,False,1.0,False,False,same_region,0,0,0,6.2,1.6,4.6,2.3,-4.1,4.1,-8.2,-4.1,1349,4,1
401705685,2025-04-04,Indiana Pacers,Utah Jazz,140,112,2025,28,252,1.0,False,False,1.0,False,False,west_to_east,1,0,1,9.4,-25.2,34.6,17.3,8.0,-20.1,28.1,14.05,1350,4,1
401705694,2025-04-05,Atlanta Hawks,New York Knicks,105,121,2025,-16,226,3.0,False,False,2.0,False,False,same_region,0,0,0,-2.4,1.6,-4.0,-2.0,1.1,3.1,-2.0,-1.0,1351,4,1
401705696,2025-04-05,Philadelphia 76ers,Minnesota Timberwolves,109,114,2025,-5,223,1.0,False,False,1.0,False,False,west_to_east,1,0,1,-14.6,6.8,-21.4,-10.7,-14.7,10.2,-24.9,-12.45,1352,4,1
401705695,2025-04-05,Detroit Pistons,Memphis Grizzlies,103,109,2025,-6,212,7.0,False,False,1.0,False,False,west_to_east,1,0,1,2.8,-9.8,12.600000000000001,6.300000000000001,5.7,-2.4,8.1,4.05,1353,4,1
401705697,2025-04-05,Miami Heat,Milwaukee Bucks,115,121,2025,-6,236,1.0,False,False,1.0,False,False,same_region,0,0,0,15.6,-3.4,19.0,9.5,9.3,-1.1,10.4,5.2,1354,4,1
401705698,2025-04-05,LA Clippers,Dallas Mavericks,135,104,2025,31,239,0.0,True,True,0.0,True,False,same_region,0,0,0,15.0,-3.0,18.0,9.0,15.4,-1.4,16.8,8.4,1355,4,1
401705702,2025-04-06,Atlanta Hawks,Utah Jazz,147,134,2025,13,281,0.0,True,False,1.0,False,False,west_to_east,1,0,1,-4.2,-23.4,19.2,9.6,1.8,-20.3,22.1,11.05,1356,4,1
401705709,2025-04-06,Golden State Warriors,Houston Rockets,96,106,2025,-10,202,1.0,False,False,5.0,False,False,same_region,0,0,0,17.6,19.2,-1.5999999999999979,-0.7999999999999989,5.8,11.7,-5.8999999999999995,-2.9499999999999997,1357,4,1
401705708,2025-04-06,Denver Nuggets,Indiana Pacers,120,125,2025,-5,245,3.0,False,False,7.0,False,False,east_to_west,1,1,0,4.8,15.2,-10.399999999999999,-5.199999999999999,-0.3,10.6,-10.9,-5.45,1358,4,1
401705706,2025-04-06,New York Knicks,Phoenix Suns,112,98,2025,14,210,4.0,False,False,1.0,False,False,west_to_east,1,0,1,7.4,-22.8,30.200000000000003,15.100000000000001,2.6,-6.6,9.2,4.6,1359,4,1
401705701,2025-04-06,Oklahoma City Thunder,Los Angeles Lakers,99,126,2025,-27,225,3.0,False,False,7.0,False,False,same_region,0,0,0,14.4,4.0,10.4,5.2,17.4,-3.9,21.299999999999997,10.649999999999999,1360,4,1
401754706,2025-04-06,New Orleans Pelicans,Milwaukee Bucks,107,111,2025,-4,218,6.0,False,False,0.0,True,True,east_to_west,1,1,0,-6.2,-0.2,-6.0,-3.0,-12.4,1.1,-13.5,-6.75,1361,4,1
401705705,2025-04-06,Portland Trail Blazers,San Antonio Spurs,120,109,2025,11,229,11.0,False,False,3.0,False,False,same_region,0,0,0,-4.0,-11.4,7.4,3.7,0.6,-3.4,4.0,2.0,1362,4,1
401705700,2025-04-06,Brooklyn Nets,Toronto Raptors,109,120,2025,-11,229,2.0,False,False,4.0,False,False,same_region,0,0,0,-14.0,-2.2,-11.8,-5.9,-10.0,-5.0,-5.0,-2.5,1363,4,1
401705699,2025-04-06,Charlotte Hornets,Chicago Bulls,117,131,2025,-14,248,1.0,False,False,5.0,False,False,same_region,0,0,0,-9.6,-0.6,-9.0,-4.5,-12.2,5.8,-18.0,-9.0,1364,4,1
401705703,2025-04-06,Boston Celtics,Washington Wizards,124,90,2025,34,214,1.0,False,False,10.0,False,False,same_region,0,0,0,10.6,-17.8,28.4,14.2,11.6,-14.2,25.799999999999997,12.899999999999999,1365,4,1
401705704,2025-04-06,Cleveland Cavaliers,Sacramento Kings,113,120,2025,-7,233,3.0,False,False,1.0,False,False,west_to_east,1,0,1,4.4,1.4,3.0000000000000004,1.5000000000000002,3.4,-4.1,7.5,3.75,1366,4,1
401705710,2025-04-07,Detroit Pistons,Sacramento Kings,117,127,2025,-10,244,1.0,False,False,0.0,True,True,west_to_east,1,0,1,-3.6,-1.4,-2.2,-1.1,5.7,-3.8,9.5,4.75,1367,4,1
401705711,2025-04-07,Miami Heat,Philadelphia 76ers,117,105,2025,12,222,1.0,False,False,5.0,False,False,same_region,0,0,0,12.4,-14.6,27.0,13.5,10.8,-14.5,25.3,12.65,1368,4,1
401705715,2025-04-08,Orlando Magic,Atlanta Hawks,119,112,2025,7,231,7.0,False,False,5.0,False,False,same_region,0,0,0,7.0,0.4,6.6,3.3,6.6,3.9,2.6999999999999997,1.3499999999999999,1369,4,1
401705718,2025-04-08,Milwaukee Bucks,Minnesota Timberwolves,110,103,2025,7,213,6.0,False,False,2.0,False,False,west_to_east,1,0,1,2.4,11.0,-8.6,-4.3,2.6,10.0,-7.4,-3.7,1370,4,1
401705721,2025-04-08,LA Clippers,San Antonio Spurs,122,117,2025,5,239,2.0,False,False,1.0,False,False,same_region,0,0,0,14.8,-11.6,26.4,13.2,15.0,-6.0,21.0,10.5,1371,4,1
401705720,2025-04-08,Phoenix Suns,Golden State Warriors,95,133,2025,-38,228,8.0,False,False,4.0,False,False,same_region,0,0,0,-19.6,12.4,-32.0,-16.0,-6.9,5.7,-12.600000000000001,-6.300000000000001,1372,4,1
401705719,2025-04-08,Oklahoma City Thunder,Los Angeles Lakers,136,120,2025,16,256,1.0,False,False,1.0,False,False,same_region,0,0,0,4.8,9.8,-5.000000000000001,-2.5000000000000004,13.1,-2.4,15.5,7.75,1373,4,1
401705712,2025-04-08,Charlotte Hornets,Memphis Grizzlies,100,124,2025,-24,224,1.0,False,False,2.0,False,False,west_to_east,1,0,1,-10.2,-4.4,-5.799999999999999,-2.8999999999999995,-10.4,-5.2,-5.2,-2.6,1374,4,1
401705713,2025-04-08,Cleveland Cavaliers,Chicago Bulls,135,113,2025,22,248,1.0,False,False,1.0,False,False,same_region,0,0,0,1.4,1.8,-0.40000000000000013,-0.20000000000000007,4.0,5.8,-1.7999999999999998,-0.8999999999999999,1375,4,1
401705714,2025-04-08,Indiana Pacers,Washington Wizards,104,98,2025,6,202,3.0,False,False,1.0,False,False,same_region,0,0,0,5.6,-14.0,19.6,9.8,10.7,-16.0,26.7,13.35,1376,4,1
401705716,2025-04-08,Brooklyn Nets,New Orleans Pelicans,119,114,2025,5,233,1.0,False,False,3.0,False,False,west_to_east,1,0,1,-10.2,-9.6,-0.5999999999999996,-0.2999999999999998,-11.9,-12.4,0.5,0.25,1377,4,1
401705717,2025-04-08,New York Knicks,Boston Celtics,117,119,2025,-2,236,1.0,False,False,7.0,False,False,same_region,0,0,0,8.4,11.4,-3.0,-1.5,5.5,14.8,-9.3,-4.65,1378,4,1
401705730,2025-04-09,Phoenix Suns,Oklahoma City Thunder,112,125,2025,-13,237,0.0,True,False,4.0,False,False,same_region,0,0,0,-24.2,3.8,-28.0,-14.0,-14.7,11.4,-26.1,-13.05,1379,4,1
401705732,2025-04-09,LA Clippers,Houston Rockets,134,117,2025,17,251,0.0,True,False,2.0,False,False,same_region,0,0,0,16.8,19.0,-2.1999999999999993,-1.0999999999999996,14.2,12.0,2.1999999999999993,1.0999999999999996,1380,4,1
401705729,2025-04-09,Golden State Warriors,San Antonio Spurs,111,114,2025,-3,225,2.0,False,False,0.0,True,True,same_region,0,0,0,11.6,-4.2,15.8,7.9,8.4,-7.3,15.7,7.85,1381,4,1
401705731,2025-04-09,Sacramento Kings,Denver Nuggets,116,124,2025,-8,240,12.0,False,False,4.0,False,False,same_region,0,0,0,6.6,1.8,4.8,2.4,-1.6,-1.7,0.09999999999999987,0.04999999999999993,1382,4,1
401705726,2025-04-09,Chicago Bulls,Miami Heat,119,111,2025,8,230,4.0,False,False,6.0,False,False,same_region,0,0,0,-2.4,10.2,-12.6,-6.3,4.2,12.3,-8.100000000000001,-4.050000000000001,1383,4,1
401705724,2025-04-09,Toronto Raptors,Charlotte Hornets,126,96,2025,30,222,4.0,False,False,6.0,False,False,same_region,0,0,0,-2.2,-14.2,12.0,6.0,0.1,-14.5,14.6,7.3,1384,4,1
401705723,2025-04-09,Washington Wizards,Philadelphia 76ers,103,122,2025,-19,225,5.0,False,False,1.0,False,False,same_region,0,0,0,-14.6,-12.4,-2.1999999999999993,-1.0999999999999996,-15.1,-12.4,-2.6999999999999993,-1.3499999999999996,1385,4,1
401705722,2025-04-09,Orlando Magic,Boston Celtics,96,76,2025,20,172,0.0,True,False,0.0,True,False,same_region,0,0,0,10.2,9.8,0.3999999999999986,0.1999999999999993,6.8,14.2,-7.3999999999999995,-3.6999999999999997,1386,4,1
401705728,2025-04-09,Utah Jazz,Portland Trail Blazers,133,126,2025,7,259,12.0,False,False,4.0,False,False,same_region,0,0,0,-23.8,2.4,-26.2,-13.1,-20.2,0.2,-20.4,-10.2,1387,4,1
401705725,2025-04-09,Dallas Mavericks,Los Angeles Lakers,97,112,2025,-15,209,6.0,False,False,0.0,True,True,same_region,0,0,0,-11.0,5.2,-16.2,-8.1,-4.0,-1.1,-2.9,-1.45,1388,4,1
401705727,2025-04-10,Milwaukee Bucks,New Orleans Pelicans,136,111,2025,25,247,1.0,False,False,1.0,False,False,west_to_east,1,0,1,8.0,-7.4,15.4,7.7,0.4,-8.3,8.700000000000001,4.3500000000000005,1389,4,1
401705733,2025-04-10,Detroit Pistons,New York Knicks,115,106,2025,9,221,2.0,False,False,4.0,False,False,same_region,0,0,0,-7.8,4.6,-12.399999999999999,-6.199999999999999,0.1,7.0,-6.9,-3.45,1390,4,1
401705736,2025-04-10,Memphis Grizzlies,Minnesota Timberwolves,125,141,2025,-16,266,8.0,False,False,1.0,False,False,same_region,0,0,0,1.8,6.6,-4.8,-2.4,-1.8,6.7,-8.5,-4.25,1391,4,1
401705735,2025-04-10,Brooklyn Nets,Atlanta Hawks,109,133,2025,-24,242,1.0,False,False,1.0,False,False,same_region,0,0,0,-2.8,-5.2,2.4000000000000004,1.2000000000000002,-10.6,0.0,-10.6,-5.3,1392,4,1
401705734,2025-04-10,Indiana Pacers,Cleveland Cavaliers,114,112,2025,2,226,1.0,False,False,5.0,False,False,same_region,0,0,0,11.0,8.0,3.0,1.5,10.7,6.6,4.1,2.05,1393,4,1
401705746,2025-04-11,Denver Nuggets,Memphis Grizzlies,117,109,2025,8,226,4.0,False,False,2.0,False,False,same_region,0,0,0,-3.8,1.4,-5.199999999999999,-2.5999999999999996,0.3,-1.8,2.1,1.05,1394,4,1
401705751,2025-04-11,Los Angeles Lakers,Houston Rockets,140,109,2025,31,249,6.0,False,False,1.0,False,False,same_region,0,0,0,7.0,7.8,-0.7999999999999998,-0.3999999999999999,3.5,9.5,-6.0,-3.0,1395,4,1
401705748,2025-04-11,Phoenix Suns,San Antonio Spurs,117,98,2025,19,215,1.0,False,True,1.0,False,True,same_region,0,0,0,-19.0,-1.4,-17.6,-8.8,-16.6,-10.4,-6.200000000000001,-3.1000000000000005,1396,4,1
401705747,2025-04-11,Utah Jazz,Oklahoma City Thunder,111,145,2025,-34,256,1.0,False,False,1.0,False,False,same_region,0,0,0,-15.2,0.8,-16.0,-8.0,-21.1,9.2,-30.3,-15.15,1397,4,1
401705750,2025-04-11,Sacramento Kings,LA Clippers,100,101,2025,-1,201,1.0,False,False,10.0,False,False,same_region,0,0,0,5.4,18.4,-12.999999999999998,-6.499999999999999,-1.8,13.9,-15.700000000000001,-7.8500000000000005,1398,4,1
401705745,2025-04-11,Minnesota Timberwolves,Brooklyn Nets,117,91,2025,26,208,11.0,False,False,10.0,False,False,east_to_west,1,1,0,6.0,-8.2,14.2,7.1,8.5,-12.4,20.9,10.45,1399,4,1
401705737,2025-04-11,Detroit Pistons,Milwaukee Bucks,119,125,2025,-6,244,0.0,True,False,4.0,False,False,same_region,0,0,0,-2.2,11.0,-13.2,-6.6,0.7,2.3,-1.5999999999999999,-0.7999999999999999,1400,4,1
401705749,2025-04-11,Portland Trail Blazers,Golden State Warriors,86,103,2025,-17,189,4.0,False,False,2.0,False,False,same_region,0,0,0,4.4,9.2,-4.799999999999999,-2.3999999999999995,-2.1,7.8,-9.9,-4.95,1401,4,1
401705740,2025-04-11,Boston Celtics,Charlotte Hornets,130,94,2025,36,224,4.0,False,False,1.0,False,False,same_region,0,0,0,3.0,-21.0,24.0,12.0,10.0,-14.0,24.0,12.0,1402,4,1
401705741,2025-04-11,New York Knicks,Cleveland Cavaliers,102,108,2025,-6,210,2.0,False,False,0.0,True,False,same_region,0,0,0,0.0,6.6,-6.6,-3.3,4.2,7.5,-3.3,-1.65,1403,4,1
401705744,2025-04-11,Dallas Mavericks,Toronto Raptors,124,102,2025,22,226,1.0,False,False,4.0,False,False,east_to_west,1,1,0,-14.2,0.2,-14.399999999999999,-7.199999999999999,-5.1,3.4,-8.5,-4.25,1404,4,1
401705738,2025-04-11,Indiana Pacers,Orlando Magic,115,129,2025,-14,244,0.0,True,True,7.0,False,False,same_region,0,0,0,11.0,8.2,2.8000000000000007,1.4000000000000004,10.4,9.6,0.8000000000000007,0.40000000000000036,1405,4,1
401705739,2025-04-11,Philadelphia 76ers,Atlanta Hawks,110,124,2025,-14,234,5.0,False,False,0.0,True,True,same_region,0,0,0,-5.0,2.4,-7.4,-3.7,-9.7,1.5,-11.2,-5.6,1406,4,1
401705743,2025-04-11,New Orleans Pelicans,Miami Heat,104,153,2025,-49,257,4.0,False,False,1.0,False,False,east_to_west,1,1,0,-13.2,3.4,-16.599999999999998,-8.299999999999999,-11.2,11.9,-23.1,-11.55,1407,4,1
401705742,2025-04-11,Chicago Bulls,Washington Wizards,119,89,2025,30,208,1.0,False,False,2.0,False,False,same_region,0,0,0,4.8,-13.2,18.0,9.0,3.8,-15.1,18.9,9.45,1408,4,1
401705755,2025-04-13,Cleveland Cavaliers,Indiana Pacers,118,126,2025,-8,244,4.0,False,False,6.0,False,False,same_region,0,0,0,4.0,5.4,-1.4000000000000004,-0.7000000000000002,5.2,7.4,-2.2,-1.1,1409,4,1
401705764,2025-04-13,Golden State Warriors,LA Clippers,119,124,2025,-5,243,3.0,False,False,1.0,False,False,same_region,0,0,0,11.2,15.4,-4.200000000000001,-2.1000000000000005,10.4,14.2,-3.799999999999999,-1.8999999999999995,1410,4,1
401705759,2025-04-13,Houston Rockets,Denver Nuggets,111,126,2025,-15,237,8.0,False,False,3.0,False,False,same_region,0,0,0,2.8,-2.0,4.8,2.4,6.0,3.0,3.0,1.5,1411,4,1
401705760,2025-04-13,Memphis Grizzlies,Dallas Mavericks,132,97,2025,35,229,2.0,False,False,7.0,False,False,same_region,0,0,0,1.6,-9.0,10.6,5.3,-0.6,-3.5,2.9,1.45,1412,4,1
401705761,2025-04-13,Minnesota Timberwolves,Utah Jazz,116,105,2025,11,221,1.0,False,False,6.0,False,False,same_region,0,0,0,11.0,-21.2,32.2,16.1,11.5,-22.3,33.8,16.9,1413,4,1
401705762,2025-04-13,New Orleans Pelicans,Oklahoma City Thunder,100,115,2025,-15,215,1.0,False,False,1.0,False,False,same_region,0,0,0,-19.8,4.4,-24.200000000000003,-12.100000000000001,-12.0,12.4,-24.4,-12.2,1414,4,1
401705765,2025-04-13,Portland Trail Blazers,Los Angeles Lakers,109,81,2025,28,190,1.0,False,False,3.0,False,False,same_region,0,0,0,-1.8,14.6,-16.4,-8.2,-5.7,7.8,-13.5,-6.75,1415,4,1
401705753,2025-04-13,Boston Celtics,Charlotte Hornets,93,86,2025,7,179,1.0,False,False,1.0,False,False,same_region,0,0,0,14.4,-25.4,39.8,19.9,12.3,-15.9,28.200000000000003,14.100000000000001,1416,4,1
401705752,2025-04-13,Atlanta Hawks,Orlando Magic,117,105,2025,12,222,6.0,False,False,1.0,False,False,same_region,0,0,0,5.6,12.8,-7.200000000000001,-3.6000000000000005,1.6,9.5,-7.9,-3.95,1417,4,1
401705754,2025-04-13,Brooklyn Nets,New York Knicks,105,113,2025,-8,218,2.0,False,False,2.0,False,False,same_region,0,0,0,-14.2,2.6,-16.8,-8.4,-14.5,2.1,-16.6,-8.3,1418,4,1
401705756,2025-04-13,Miami Heat,Washington Wizards,118,119,2025,-1,237,5.0,False,False,1.0,False,False,same_region,0,0,0,9.0,-20.2,29.2,14.6,15.1,-17.3,32.4,16.2,1419,4,1
401705757,2025-04-13,Philadelphia 76ers,Chicago Bulls,102,122,2025,-20,224,1.0,False,False,4.0,False,False,same_region,0,0,0,-5.0,7.0,-12.0,-6.0,-9.8,3.7,-13.5,-6.75,1420,4,1
401705758,2025-04-13,Milwaukee Bucks,Detroit Pistons,140,133,2025,7,273,2.0,False,False,8.0,False,False,same_region,0,0,0,9.6,-0.2,9.799999999999999,4.8999999999999995,3.1,0.7,2.4000000000000004,1.2000000000000002,1421,4,1
401705766,2025-04-13,Sacramento Kings,Phoenix Suns,109,98,2025,11,207,1.0,False,False,6.0,False,False,same_region,0,0,0,6.2,-13.2,19.4,9.7,-0.1,-15.8,15.700000000000001,7.8500000000000005,1422,4,1
401705763,2025-04-13,San Antonio Spurs,Toronto Raptors,125,118,2025,7,243,8.0,False,False,1.0,False,False,east_to_west,1,1,0,-6.6,-0.4,-6.199999999999999,-3.0999999999999996,-9.7,4.6,-14.299999999999999,-7.1499999999999995,1423,4,1
401766458,2025-04-15,Orlando Magic,Atlanta Hawks,120,95,2025,25,215,5.0,False,False,3.0,False,False,same_region,0,0,0,8.2,11.2,-3.0,-1.5,7.1,3.5,3.5999999999999996,1.7999999999999998,1424,4,1
401766459,2025-04-15,Golden State Warriors,Memphis Grizzlies,121,116,2025,5,237,1.0,False,False,3.0,False,False,same_region,0,0,0,7.4,8.2,-0.7999999999999989,-0.39999999999999947,12.5,-0.8,13.3,6.65,1425,4,1
401766460,2025-04-16,Chicago Bulls,Miami Heat,90,109,2025,-19,199,4.0,False,False,4.0,False,False,same_region,0,0,0,10.0,9.2,0.8000000000000007,0.40000000000000036,4.7,12.4,-7.7,-3.85,1426,4,1
401766461,2025-04-16,Sacramento Kings,Dallas Mavericks,106,120,2025,-14,226,2.0,False,False,2.0,False,False,same_region,0,0,0,3.8,-16.4,20.2,10.1,2.6,-8.9,11.5,5.75,1427,4,1
401766462,2025-04-18,Atlanta Hawks,Miami Heat,114,123,2025,-9,237,4.0,False,False,1.0,False,False,same_region,0,0,0,3.6,14.2,-10.6,-5.3,2.0,13.3,-11.3,-5.65,1428,4,1
401766463,2025-04-18,Memphis Grizzlies,Dallas Mavericks,120,106,2025,14,226,4.0,False,False,1.0,False,False,same_region,0,0,0,6.0,-9.0,15.0,7.5,0.8,-6.0,6.8,3.4,1429,4,1
401767821,2025-04-19,Los Angeles Lakers,Minnesota Timberwolves,95,117,2025,-22,212,7.0,False,False,8.0,False,False,same_region,0,0,0,5.8,10.2,-4.3999999999999995,-2.1999999999999997,4.9,8.5,-3.5999999999999996,-1.7999999999999998,1430,4,1
401767817,2025-04-19,Indiana Pacers,Milwaukee Bucks,117,98,2025,19,215,7.0,False,False,7.0,False,False,same_region,0,0,0,1.4,9.8,-8.4,-4.2,8.3,4.8,3.500000000000001,1.7500000000000004,1431,4,1
401767819,2025-04-19,Denver Nuggets,LA Clippers,112,110,2025,2,222,7.0,False,False,5.0,False,False,same_region,0,0,0,2.4,11.8,-9.4,-4.7,4.0,13.4,-9.4,-4.7,1432,4,1
401767820,2025-04-19,New York Knicks,Detroit Pistons,123,112,2025,11,235,7.0,False,False,5.0,False,False,same_region,0,0,0,1.0,-4.0,5.0,2.5,4.2,-0.6,4.8,2.4,1433,4,1
401767822,2025-04-20,Boston Celtics,Orlando Magic,103,86,2025,17,189,6.0,False,False,6.0,False,False,same_region,0,0,0,11.8,10.8,1.0,0.5,11.2,8.9,2.299999999999999,1.1499999999999995,1434,4,1
401767823,2025-04-20,Houston Rockets,Golden State Warriors,85,95,2025,-10,180,6.0,False,False,8.0,False,False,same_region,0,0,0,-7.8,10.4,-18.2,-9.1,5.0,11.4,-6.4,-3.2,1435,4,1
401767818,2025-04-20,Oklahoma City Thunder,Memphis Grizzlies,131,80,2025,51,211,11.0,False,False,4.0,False,False,same_region,0,0,0,10.2,4.0,6.199999999999999,3.0999999999999996,12.3,2.9,9.4,4.7,1436,4,1
401767816,2025-04-20,Cleveland Cavaliers,Miami Heat,121,100,2025,21,221,6.0,False,False,1.0,False,False,same_region,0,0,0,2.2,13.6,-11.399999999999999,-5.699999999999999,3.3,11.9,-8.600000000000001,-4.300000000000001,1437,4,1
401768041,2025-04-21,New York Knicks,Detroit Pistons,94,100,2025,-6,194,1.0,False,False,1.0,False,False,same_region,0,0,0,0.4,-5.0,5.4,2.7,4.4,-4.3,8.7,4.35,1438,4,1
401768061,2025-04-21,Denver Nuggets,LA Clippers,102,105,2025,-3,207,1.0,False,False,1.0,False,False,same_region,0,0,0,5.6,5.2,0.39999999999999947,0.19999999999999973,5.2,10.0,-4.8,-2.4,1439,4,1
401768047,2025-04-22,Indiana Pacers,Milwaukee Bucks,123,115,2025,8,238,2.0,False,False,2.0,False,False,same_region,0,0,0,4.2,5.2,-1.0,-0.5,4.9,3.8,1.1000000000000005,0.5500000000000003,1440,4,1
401767903,2025-04-22,Oklahoma City Thunder,Memphis Grizzlies,118,99,2025,19,217,1.0,False,False,1.0,False,False,same_region,0,0,0,25.8,-3.0,28.8,14.4,15.3,-0.8,16.1,8.05,1441,4,1
401767915,2025-04-22,Los Angeles Lakers,Minnesota Timberwolves,94,85,2025,9,179,2.0,False,False,2.0,False,False,same_region,0,0,0,-4.0,13.6,-17.6,-8.8,2.9,12.3,-9.4,-4.7,1442,4,1
401768029,2025-04-23,Boston Celtics,Orlando Magic,109,100,2025,9,209,2.0,False,False,2.0,False,False,same_region,0,0,0,8.4,6.0,2.4000000000000004,1.2000000000000002,9.9,8.1,1.8000000000000007,0.9000000000000004,1443,4,1
401767909,2025-04-23,Houston Rockets,Golden State Warriors,109,94,2025,15,203,2.0,False,False,2.0,False,False,same_region,0,0,0,-12.6,4.8,-17.4,-8.7,3.3,8.2,-4.8999999999999995,-2.4499999999999997,1444,4,1
401768035,2025-04-23,Cleveland Cavaliers,Miami Heat,121,112,2025,9,233,2.0,False,False,2.0,False,False,same_region,0,0,0,7.8,11.0,-3.2,-1.6,4.6,7.2,-2.6000000000000005,-1.3000000000000003,1445,4,1
401767904,2025-04-24,Memphis Grizzlies,Oklahoma City Thunder,108,114,2025,-6,222,5.0,False,False,10.0,False,False,same_region,0,0,0,-5.2,26.4,-31.599999999999998,-15.799999999999999,-1.8,15.1,-16.9,-8.45,1446,4,1
401768062,2025-04-24,LA Clippers,Denver Nuggets,117,83,2025,34,200,14.0,False,False,10.0,False,False,same_region,0,0,0,4.8,6.0,-1.2000000000000002,-0.6000000000000001,10.8,3.9,6.9,3.45,1447,4,1
401768042,2025-04-24,Detroit Pistons,New York Knicks,116,118,2025,-2,234,12.0,False,False,10.0,False,False,same_region,0,0,0,-1.8,-0.4,-1.4,-0.7,-4.8,2.1,-6.9,-3.45,1448,4,1
401768048,2025-04-25,Milwaukee Bucks,Indiana Pacers,117,101,2025,16,218,11.0,False,False,11.0,False,False,same_region,0,0,0,2.2,4.6,-2.3999999999999995,-1.1999999999999997,5.1,7.8,-2.7,-1.35,1449,4,1
401768056,2025-04-25,Minnesota Timberwolves,Los Angeles Lakers,116,104,2025,12,220,11.0,False,False,11.0,False,False,same_region,0,0,0,13.2,1.0,12.2,6.1,9.9,3.1,6.800000000000001,3.4000000000000004,1450,4,1
401768030,2025-04-25,Orlando Magic,Boston Celtics,95,93,2025,2,188,9.0,False,False,15.0,False,False,same_region,0,0,0,0.2,9.8,-9.600000000000001,-4.800000000000001,4.2,9.8,-5.6000000000000005,-2.8000000000000003,1451,4,1
401767910,2025-04-26,Golden State Warriors,Houston Rockets,104,93,2025,11,197,10.0,False,False,14.0,False,False,same_region,0,0,0,2.4,-11.6,14.0,7.0,5.8,3.7,2.0999999999999996,1.0499999999999998,1452,4,1
401767905,2025-04-26,Memphis Grizzlies,Oklahoma City Thunder,115,117,2025,-2,232,1.0,False,False,1.0,False,False,same_region,0,0,0,-13.4,25.0,-38.4,-19.2,-2.6,12.9,-15.5,-7.75,1453,4,1
401768036,2025-04-26,Miami Heat,Cleveland Cavaliers,87,124,2025,-37,211,12.0,False,False,14.0,False,False,same_region,0,0,0,-0.6,5.2,-5.8,-2.9,4.2,6.6,-2.3999999999999995,-1.1999999999999997,1454,4,1
401768063,2025-04-26,LA Clippers,Denver Nuggets,99,101,2025,-2,200,1.0,False,False,1.0,False,False,same_region,0,0,0,8.2,-2.4,10.6,5.3,13.3,-3.1,16.400000000000002,8.200000000000001,1455,4,1
401768031,2025-04-27,Orlando Magic,Boston Celtics,98,107,2025,-9,205,1.0,False,False,1.0,False,False,same_region,0,0,0,-2.2,13.4,-15.600000000000001,-7.800000000000001,5.3,8.2,-2.8999999999999995,-1.4499999999999997,1456,4,1
401768049,2025-04-27,Milwaukee Bucks,Indiana Pacers,103,129,2025,-26,232,1.0,False,False,1.0,False,False,same_region,0,0,0,0.4,1.0,-0.6,-0.3,5.7,6.0,-0.2999999999999998,-0.1499999999999999,1457,4,1
401768043,2025-04-27,Detroit Pistons,New York Knicks,93,94,2025,-1,187,2.0,False,False,2.0,False,False,same_region,0,0,0,-4.0,1.8,-5.8,-2.9,-3.1,0.9,-4.0,-2.0,1458,4,1
401768057,2025-04-27,Minnesota Timberwolves,Los Angeles Lakers,116,113,2025,3,229,1.0,False,False,1.0,False,False,same_region,0,0,0,12.4,-4.4,16.8,8.4,9.2,1.3,7.8999999999999995,3.9499999999999997,1459,4,1
401768037,2025-04-28,Miami Heat,Cleveland Cavaliers,83,138,2025,-55,221,1.0,False,False,1.0,False,False,same_region,0,0,0,-7.8,13.0,-20.8,-10.4,0.7,9.8,-9.100000000000001,-4.550000000000001,1460,4,1
401767911,2025-04-28,Golden State Warriors,Houston Rockets,109,106,2025,3,215,1.0,False,False,1.0,False,False,same_region,0,0,0,1.2,-10.4,11.6,5.8,6.2,-1.3,7.5,3.75,1461,4,1
401768064,2025-04-29,Denver Nuggets,LA Clippers,131,115,2025,16,246,7.0,False,False,7.0,False,False,same_region,0,0,0,-3.6,7.6,-11.2,-5.6,-2.8,11.5,-14.3,-7.15,1462,4,1
401768044,2025-04-29,New York Knicks,Detroit Pistons,103,106,2025,-3,209,7.0,False,False,7.0,False,False,same_region,0,0,0,3.2,-3.0,6.2,3.1,2.9,-1.6,4.5,2.25,1463,4,1
401768050,2025-04-29,Indiana Pacers,Milwaukee Bucks,119,118,2025,1,237,6.0,False,False,6.0,False,False,same_region,0,0,0,9.0,-6.0,15.0,7.5,7.2,1.8,5.4,2.7,1464,4,1
401768032,2025-04-29,Boston Celtics,Orlando Magic,120,89,2025,31,209,5.0,False,False,5.0,False,False,same_region,0,0,0,8.0,-1.6,9.6,4.8,11.2,3.3,7.8999999999999995,3.9499999999999997,1465,4,1
401767912,2025-04-30,Houston Rockets,Golden State Warriors,131,116,2025,15,247,6.0,False,False,6.0,False,False,same_region,0,0,0,-4.8,2.8,-7.6,-3.8,-1.0,5.1,-6.1,-3.05,1466,4,1
401768058,2025-04-30,Los Angeles Lakers,Minnesota Timberwolves,96,103,2025,-7,199,7.0,False,False,7.0,False,False,same_region,0,0,0,-11.2,7.8,-19.0,-9.5,1.7,9.4,-7.7,-3.85,1467,4,1
401768045,2025-05-01,Detroit Pistons,New York Knicks,113,116,2025,-3,229,3.0,False,False,3.0,False,False,same_region,0,0,0,-1.0,1.0,-2.0,-1.0,-2.5,1.0,-3.5,-1.75,1468,5,1
401768065,2025-05-01,LA Clippers,Denver Nuggets,111,105,2025,6,216,4.0,False,False,4.0,False,False,same_region,0,0,0,3.4,-3.4,6.8,3.4,7.6,-0.5,8.1,4.05,1469,5,1
401767913,2025-05-02,Golden State Warriors,Houston Rockets,107,115,2025,-8,222,3.0,False,False,3.0,False,False,same_region,0,0,0,-1.2,1.2,-2.4,-1.2,4.6,-3.3,7.8999999999999995,3.9499999999999997,1470,5,1
401768066,2025-05-03,Denver Nuggets,LA Clippers,120,101,2025,19,221,3.0,False,False,3.0,False,False,same_region,0,0,0,-5.0,5.0,-10.0,-5.0,0.3,5.1,-4.8,-2.4,1471,5,1
401767914,2025-05-04,Houston Rockets,Golden State Warriors,89,103,2025,-14,192,3.0,False,False,3.0,False,False,same_region,0,0,0,4.8,-4.8,9.6,4.8,-3.9,0.0,-3.9,-1.95,1472,5,1
401769689,2025-05-04,Cleveland Cavaliers,Indiana Pacers,112,121,2025,-9,233,10.0,False,False,6.0,False,False,same_region,0,0,0,22.8,7.6,15.200000000000001,7.6000000000000005,13.4,4.5,8.9,4.45,1473,5,1
401769746,2025-05-05,Boston Celtics,New York Knicks,105,108,2025,-3,213,5.0,False,False,3.0,False,False,same_region,0,0,0,12.8,-0.6,13.4,6.7,12.3,-0.1,12.4,6.2,1474,5,1
401769820,2025-05-05,Oklahoma City Thunder,Denver Nuggets,119,121,2025,-2,240,12.0,False,False,3.0,False,False,same_region,0,0,0,18.6,-0.6,19.200000000000003,9.600000000000001,11.5,2.7,8.8,4.4,1475,5,1
401769740,2025-05-06,Cleveland Cavaliers,Indiana Pacers,119,120,2025,-1,239,1.0,False,False,1.0,False,False,same_region,0,0,0,22.6,5.6,17.0,8.5,12.4,4.9,7.5,3.75,1476,5,1
401769837,2025-05-06,Minnesota Timberwolves,Golden State Warriors,88,99,2025,-11,187,8.0,False,False,1.0,False,False,same_region,0,0,0,7.0,1.0,6.0,3.0,8.6,1.7,6.8999999999999995,3.4499999999999997,1477,5,1
401769747,2025-05-07,Boston Celtics,New York Knicks,90,91,2025,-1,181,1.0,False,False,1.0,False,False,same_region,0,0,0,8.8,1.2,7.6000000000000005,3.8000000000000003,8.6,0.4,8.2,4.1,1478,5,1
401769821,2025-05-07,Oklahoma City Thunder,Denver Nuggets,149,106,2025,43,255,1.0,False,False,1.0,False,False,same_region,0,0,0,15.2,6.6,8.6,4.3,12.7,2.1,10.6,5.3,1479,5,1
401769838,2025-05-08,Minnesota Timberwolves,Golden State Warriors,117,93,2025,24,210,1.0,False,False,1.0,False,False,same_region,0,0,0,0.4,1.0,-0.6,-0.3,7.0,1.1,5.9,2.95,1480,5,1
401769741,2025-05-09,Indiana Pacers,Cleveland Cavaliers,104,126,2025,-22,230,9.0,False,False,10.0,False,False,same_region,0,0,0,4.2,18.2,-14.0,-7.0,4.4,13.0,-8.6,-4.3,1481,5,1
401769822,2025-05-09,Denver Nuggets,Oklahoma City Thunder,113,104,2025,9,217,5.0,False,False,12.0,False,False,same_region,0,0,0,-2.4,13.6,-16.0,-8.0,-3.0,19.7,-22.7,-11.35,1482,5,1
401769839,2025-05-10,Golden State Warriors,Minnesota Timberwolves,97,102,2025,-5,199,7.0,False,False,9.0,False,False,same_region,0,0,0,-4.4,7.0,-11.4,-5.7,-0.8,10.1,-10.9,-5.45,1483,5,1
401769748,2025-05-10,New York Knicks,Boston Celtics,93,115,2025,-22,208,10.0,False,False,12.0,False,False,same_region,0,0,0,1.0,6.8,-5.8,-2.9,1.4,8.3,-6.9,-3.45,1484,5,1
401769742,2025-05-11,Indiana Pacers,Cleveland Cavaliers,129,109,2025,20,238,1.0,False,False,1.0,False,False,same_region,0,0,0,3.0,20.8,-17.8,-8.9,2.0,13.0,-11.0,-5.5,1485,5,1
401769823,2025-05-11,Denver Nuggets,Oklahoma City Thunder,87,92,2025,-5,179,1.0,False,False,1.0,False,False,same_region,0,0,0,-3.8,8.0,-11.8,-5.9,-3.6,17.2,-20.8,-10.4,1486,5,1
401769749,2025-05-12,New York Knicks,Boston Celtics,121,113,2025,8,234,1.0,False,False,1.0,False,False,same_region,0,0,0,-3.6,11.6,-15.2,-7.6,-0.2,12.5,-12.7,-6.35,1487,5,1
401769840,2025-05-12,Golden State Warriors,Minnesota Timberwolves,110,117,2025,-7,227,1.0,False,False,1.0,False,False,same_region,0,0,0,-2.4,5.6,-8.0,-4.0,-1.8,9.0,-10.8,-5.4,1488,5,1
401769743,2025-05-13,Cleveland Cavaliers,Indiana Pacers,105,114,2025,-9,219,6.0,False,False,6.0,False,False,same_region,0,0,0,9.4,1.8,7.6000000000000005,3.8000000000000003,11.2,5.4,5.799999999999999,2.8999999999999995,1489,5,1
401769990,2025-05-13,Oklahoma City Thunder,Denver Nuggets,112,105,2025,7,217,5.0,False,False,5.0,False,False,same_region,0,0,0,7.8,-3.6,11.4,5.7,16.4,-4.3,20.7,10.35,1490,5,1
401769750,2025-05-14,Boston Celtics,New York Knicks,127,102,2025,25,229,6.0,False,False,6.0,False,False,same_region,0,0,0,8.2,-1.4,9.6,4.8,8.1,-0.2,8.299999999999999,4.1499999999999995,1491,5,1
401769987,2025-05-14,Minnesota Timberwolves,Golden State Warriors,121,110,2025,11,231,5.0,False,False,5.0,False,False,same_region,0,0,0,6.4,-2.2,8.600000000000001,4.300000000000001,7.1,-3.5,10.6,5.3,1492,5,1
401769991,2025-05-15,Denver Nuggets,Oklahoma City Thunder,119,107,2025,12,226,3.0,False,False,3.0,False,False,same_region,0,0,0,-8.8,8.8,-17.6,-8.8,-4.7,13.7,-18.4,-9.2,1493,5,1
401769751,2025-05-16,New York Knicks,Boston Celtics,119,81,2025,38,200,3.0,False,False,3.0,False,False,same_region,0,0,0,-7.0,7.0,-14.0,-7.0,-3.8,9.9,-13.7,-6.85,1494,5,1
401769992,2025-05-18,Oklahoma City Thunder,Denver Nuggets,125,93,2025,32,218,4.0,False,False,4.0,False,False,same_region,0,0,0,6.8,-6.8,13.6,6.8,11.0,-0.1,11.1,5.55,1495,5,1
401773148,2025-05-20,Oklahoma City Thunder,Minnesota Timberwolves,114,88,2025,26,202,1.0,False,False,7.0,False,False,same_region,0,0,0,4.6,7.2,-2.6000000000000005,-1.3000000000000003,9.1,7.1,2.0,1.0,1496,5,1
401772989,2025-05-21,New York Knicks,Indiana Pacers,135,138,2025,-3,273,4.0,False,False,7.0,False,False,same_region,0,0,0,0.0,3.4,-3.4,-1.7,0.6,5.5,-4.9,-2.45,1497,5,1
401773149,2025-05-22,Oklahoma City Thunder,Minnesota Timberwolves,118,103,2025,15,221,1.0,False,False,1.0,False,False,same_region,0,0,0,11.6,4.2,7.3999999999999995,3.6999999999999997,9.8,2.3,7.500000000000001,3.7500000000000004,1498,5,1
401772990,2025-05-23,New York Knicks,Indiana Pacers,109,114,2025,-5,223,1.0,False,False,1.0,False,False,same_region,0,0,0,-0.8,2.2,-3.0,-1.5,0.1,3.9,-3.8,-1.9,1499,5,1
401773150,2025-05-24,Minnesota Timberwolves,Oklahoma City Thunder,143,101,2025,42,244,9.0,False,False,8.0,False,False,same_region,0,0,0,-3.6,13.6,-17.2,-8.6,1.7,10.7,-9.0,-4.5,1500,5,1
401772991,2025-05-25,Indiana Pacers,New York Knicks,100,106,2025,-6,206,13.0,False,False,10.0,False,False,same_region,0,0,0,3.0,2.6,0.3999999999999999,0.19999999999999996,3.6,-0.5,4.1,2.05,1501,5,1
401773151,2025-05-26,Minnesota Timberwolves,Oklahoma City Thunder,126,128,2025,-2,254,1.0,False,False,1.0,False,False,same_region,0,0,0,3.8,3.8,0.0,0.0,4.7,6.3,-1.5999999999999996,-0.7999999999999998,1502,5,1
401772992,2025-05-27,Indiana Pacers,New York Knicks,130,121,2025,9,251,1.0,False,False,1.0,False,False,same_region,0,0,0,6.2,2.2,4.0,2.0,4.6,0.4,4.199999999999999,2.0999999999999996,1503,5,1
401773152,2025-05-28,Oklahoma City Thunder,Minnesota Timberwolves,124,94,2025,30,218,5.0,False,False,5.0,False,False,same_region,0,0,0,6.6,2.0,4.6,2.3,6.7,4.2,2.5,1.25,1504,5,1
401772993,2025-05-29,New York Knicks,Indiana Pacers,111,94,2025,17,205,5.0,False,False,5.0,False,False,same_region,0,0,0,5.4,4.0,1.4000000000000004,0.7000000000000002,-0.8,2.9,-3.7,-1.85,1505,5,1
401772994,2025-05-31,Indiana Pacers,New York Knicks,125,108,2025,17,233,3.0,False,False,3.0,False,False,same_region,0,0,0,-1.2,1.2,-2.4,-1.2,1.1,0.6,0.5000000000000001,0.25000000000000006,1506,5,1
401766122,2025-06-05,Oklahoma City Thunder,Indiana Pacers,110,111,2025,-1,221,7.0,False,False,6.0,False,False,east_to_west,1,1,0,6.2,1.6,4.6,2.3,5.4,1.9,3.5000000000000004,1.7500000000000002,1507,6,1
401766123,2025-06-08,Oklahoma City Thunder,Indiana Pacers,123,107,2025,16,230,2.0,False,False,2.0,False,False,east_to_west,1,1,0,0.8,0.8,0.0,0.0,6.2,1.9,4.300000000000001,2.1500000000000004,1508,6,1
401766124,2025-06-11,Indiana Pacers,Oklahoma City Thunder,116,107,2025,9,223,10.0,False,False,15.0,False,False,west_to_east,1,0,1,-1.2,1.0,-2.2,-1.1,2.5,7.3,-4.8,-2.4,1509,6,1
401766125,2025-06-13,Indiana Pacers,Oklahoma City Thunder,104,111,2025,-7,215,1.0,False,False,1.0,False,False,west_to_east,1,0,1,-1.2,7.6,-8.799999999999999,-4.3999999999999995,1.4,5.7,-4.300000000000001,-2.1500000000000004,1510,6,1
401766126,2025-06-16,Oklahoma City Thunder,Indiana Pacers,120,109,2025,11,229,7.0,False,False,7.0,False,False,east_to_west,1,1,0,8.6,0.8,7.8,3.9,7.6,-0.2,7.8,3.9,1511,6,1
401766127,2025-06-19,Indiana Pacers,Oklahoma City Thunder,108,91,2025,17,199,5.0,False,False,5.0,False,False,west_to_east,1,0,1,-4.8,4.8,-9.6,-4.8,-1.6,5.5,-7.1,-3.55,1512,6,1
401766128,2025-06-22,Oklahoma City Thunder,Indiana Pacers,103,91,2025,12,194,5.0,False,False,5.0,False,False,east_to_west,1,1,0,1.6,-1.6,3.2,1.6,1.2,-0.4,1.6,0.8,1513,6,1
