game_id,game_date,home_team,away_team,home_pts,away_pts,season,actual_spread,actual_total,home_rest_days,home_back_to_back,home_three_in_four,away_rest_days,away_back_to_back,away_three_in_four,travel_direction,long_travel,east_to_west,west_to_east,home_rolling_5g,away_rolling_5g,rolling_diff_5g,pred_spread_rolling_5g,home_rolling_10g,away_rolling_10g,rolling_diff_10g,pred_spread_rolling_10g,season_game_num,month,is_playoff
401468017,2022-10-18,Golden State Warriors,Los Angeles Lakers,123,109,2023,14,232,,False,False,,False,False,same_region,0,0,0,,,0.0,0.0,,,0.0,0.0,1,10,0
401468016,2022-10-18,Boston Celtics,Philadelphia 76ers,126,117,2023,9,243,,False,False,,False,False,same_region,0,0,0,,,0.0,0.0,,,0.0,0.0,2,10,0
401468022,2022-10-19,Miami Heat,Chicago Bulls,108,116,2023,-8,224,,False,False,,False,False,same_region,0,0,0,,,0.0,0.0,,,0.0,0.0,3,10,0
401468028,2022-10-19,Phoenix Suns,Dallas Mavericks,107,105,2023,2,212,,False,False,,False,False,same_region,0,0,0,,,0.0,0.0,,,0.0,0.0,4,10,0
401468018,2022-10-19,Detroit Pistons,Orlando Magic,113,109,2023,4,222,,False,False,,False,False,same_region,0,0,0,,,0.0,0.0,,,0.0,0.0,5,10,0
401468020,2022-10-19,Atlanta Hawks,Houston Rockets,117,107,2023,10,224,,False,False,,False,False,west_to_east,1,0,1,,,0.0,0.0,,,0.0,0.0,6,10,0
401468021,2022-10-19,Brooklyn Nets,New Orleans Pelicans,108,130,2023,-22,238,,False,False,,False,False,west_to_east,1,0,1,,,0.0,0.0,,,0.0,0.0,7,10,0
401468019,2022-10-19,Indiana Pacers,Washington Wizards,107,114,2023,-7,221,,False,False,,False,False,same_region,0,0,0,,,0.0,0.0,,,0.0,0.0,8,10,0
401468029,2022-10-19,Sacramento Kings,Portland Trail Blazers,108,115,2023,-7,223,,False,False,,False,False,same_region,0,0,0,,,0.0,0.0,,,0.0,0.0,9,10,0
401468024,2022-10-19,Memphis Grizzlies,New York Knicks,115,112,2023,3,227,,False,False,,False,False,east_to_west,1,1,0,,,0.0,0.0,,,0.0,0.0,10,10,0
401468026,2022-10-19,San Antonio Spurs,Charlotte Hornets,102,129,2023,-27,231,,False,False,,False,False,east_to_west,1,1,0,,,0.0,0.0,,,0.0,0.0,11,10,0
401468027,2022-10-19,Utah Jazz,Denver Nuggets,123,102,2023,21,225,,False,False,,False,False,same_region,0,0,0,,,0.0,0.0,,,0.0,0.0,12,10,0
401468023,2022-10-19,Toronto Raptors,Cleveland Cavaliers,108,105,2023,3,213,,False,False,,False,False,same_region,0,0,0,,,0.0,0.0,,,0.0,0.0,13,10,0
401468025,2022-10-19,Minnesota Timberwolves,Oklahoma City Thunder,115,108,2023,7,223,,False,False,,False,False,same_region,0,0,0,,,0.0,0.0,,,0.0,0.0,14,10,0
401468171,2022-10-20,Los Angeles Lakers,LA Clippers,97,103,2023,-6,200,,False,False,,False,False,same_region,0,0,0,,,0.0,0.0,,,0.0,0.0,15,10,0
401468170,2022-10-20,Philadelphia 76ers,Milwaukee Bucks,88,90,2023,-2,178,,False,False,,False,False,same_region,0,0,0,,,0.0,0.0,,,0.0,0.0,16,10,0
401468174,2022-10-21,Washington Wizards,Chicago Bulls,102,100,2023,2,202,,False,False,1.0,False,False,same_region,0,0,0,,,0.0,0.0,,,0.0,0.0,17,10,0
401468178,2022-10-21,New York Knicks,Detroit Pistons,130,106,2023,24,236,,False,False,,False,False,same_region,0,0,0,,,0.0,0.0,,,0.0,0.0,18,10,0
401468172,2022-10-21,Charlotte Hornets,New Orleans Pelicans,112,124,2023,-12,236,,False,False,1.0,False,False,west_to_east,1,0,1,,,0.0,0.0,,,0.0,0.0,19,10,0
401468173,2022-10-21,Indiana Pacers,San Antonio Spurs,134,137,2023,-3,271,1.0,False,False,,False,False,west_to_east,1,0,1,,,0.0,0.0,,,0.0,0.0,20,10,0
401468176,2022-10-21,Brooklyn Nets,Toronto Raptors,109,105,2023,4,214,1.0,False,False,,False,False,same_region,0,0,0,,,0.0,0.0,,,0.0,0.0,21,10,0
401468181,2022-10-21,Golden State Warriors,Denver Nuggets,123,128,2023,-5,251,2.0,False,False,1.0,False,False,same_region,0,0,0,,,0.0,0.0,,,0.0,0.0,22,10,0
401468179,2022-10-21,Houston Rockets,Memphis Grizzlies,122,129,2023,-7,251,,False,False,,False,False,same_region,0,0,0,,,0.0,0.0,,,0.0,0.0,23,10,0
401468182,2022-10-21,Portland Trail Blazers,Phoenix Suns,113,111,2023,2,224,,False,False,,False,False,same_region,0,0,0,,,0.0,0.0,,,0.0,0.0,24,10,0
401468177,2022-10-21,Miami Heat,Boston Celtics,104,111,2023,-7,215,1.0,False,False,,False,False,same_region,0,0,0,,,0.0,0.0,,,0.0,0.0,25,10,0
401468180,2022-10-21,Minnesota Timberwolves,Utah Jazz,126,132,2023,-6,258,1.0,False,False,,False,False,same_region,0,0,0,,,0.0,0.0,,,0.0,0.0,26,10,0
401468175,2022-10-21,Atlanta Hawks,Orlando Magic,108,98,2023,10,206,1.0,False,False,1.0,False,False,same_region,0,0,0,,,0.0,0.0,,,0.0,0.0,27,10,0
401468190,2022-10-22,Denver Nuggets,Oklahoma City Thunder,122,117,2023,5,239,,False,False,2.0,False,False,same_region,0,0,0,-8.0,,-8.0,-4.0,-8.0,,-8.0,-4.0,28,10,0
401468185,2022-10-22,Orlando Magic,Boston Celtics,120,126,2023,-6,246,,False,False,0.0,True,False,same_region,0,0,0,-7.0,8.0,-15.0,-7.5,-7.0,8.0,-15.0,-7.5,29,10,0
401468183,2022-10-22,Philadelphia 76ers,San Antonio Spurs,105,114,2023,-9,219,1.0,False,False,0.0,True,False,west_to_east,1,0,1,-5.5,-12.0,6.5,3.25,-5.5,-12.0,6.5,3.25,30,10,0
401468184,2022-10-22,Indiana Pacers,Detroit Pistons,124,115,2023,9,239,0.0,True,True,0.0,True,False,same_region,0,0,0,-5.0,-10.0,5.0,2.5,-5.0,-10.0,5.0,2.5,31,10,0
401468188,2022-10-22,Milwaukee Bucks,Houston Rockets,125,105,2023,20,230,,False,False,2.0,False,False,west_to_east,1,0,1,,-8.5,8.5,4.25,,-8.5,8.5,4.25,32,10,0
401468189,2022-10-22,Dallas Mavericks,Memphis Grizzlies,137,96,2023,41,233,,False,False,0.0,True,False,same_region,0,0,0,,5.0,-5.0,-2.5,,5.0,-5.0,-2.5,33,10,0
401468191,2022-10-22,Sacramento Kings,LA Clippers,109,111,2023,-2,220,2.0,False,False,1.0,False,False,same_region,0,0,0,,,0.0,0.0,,,0.0,0.0,34,10,0
401468187,2022-10-22,Chicago Bulls,Cleveland Cavaliers,96,128,2023,-32,224,,False,False,2.0,False,False,same_region,0,0,0,3.0,,3.0,1.5,3.0,,3.0,1.5,35,10,0
401468186,2022-10-22,Miami Heat,Toronto Raptors,112,109,2023,3,221,0.0,True,True,0.0,True,False,same_region,0,0,0,-7.5,-0.5,-7.0,-3.5,-7.5,-0.5,-7.0,-3.5,36,10,0
401468197,2022-10-23,Golden State Warriors,Sacramento Kings,130,125,2023,5,255,1.0,False,False,,False,False,same_region,0,0,0,4.5,-4.5,9.0,4.5,4.5,-4.5,9.0,4.5,37,10,0
401468196,2022-10-23,Oklahoma City Thunder,Minnesota Timberwolves,106,116,2023,-10,222,,False,False,,False,False,same_region,0,0,0,-6.0,0.5,-6.5,-3.25,-6.0,0.5,-6.5,-3.25,38,10,0
401468193,2022-10-23,Atlanta Hawks,Charlotte Hornets,109,126,2023,-17,235,1.0,False,False,3.0,False,False,same_region,0,0,0,10.0,7.5,2.5,1.25,10.0,7.5,2.5,1.25,39,10,0
401468198,2022-10-23,LA Clippers,Phoenix Suns,95,112,2023,-17,207,,False,False,1.0,False,False,same_region,0,0,0,4.0,0.0,4.0,2.0,4.0,0.0,4.0,2.0,40,10,0
401468192,2022-10-23,Los Angeles Lakers,Portland Trail Blazers,104,106,2023,-2,210,2.0,False,False,3.0,False,False,same_region,0,0,0,-10.0,4.5,-14.5,-7.25,-10.0,4.5,-14.5,-7.25,41,10,0
401468194,2022-10-23,Cleveland Cavaliers,Washington Wizards,117,107,2023,10,224,,False,False,3.0,False,False,same_region,0,0,0,14.5,4.5,10.0,5.0,14.5,4.5,10.0,5.0,42,10,0
401468195,2022-10-23,New Orleans Pelicans,Utah Jazz,121,122,2023,-1,243,,False,False,1.0,False,False,same_region,0,0,0,17.0,13.5,3.5,1.75,17.0,13.5,3.5,1.75,43,10,0
401468203,2022-10-24,Houston Rockets,Utah Jazz,114,108,2023,6,222,2.0,False,False,0.0,True,True,same_region,0,0,0,-12.333333333333334,9.333333333333334,-21.666666666666668,-10.833333333333334,-12.333333333333334,9.333333333333334,-21.666666666666668,-10.833333333333334,44,10,0
401468199,2022-10-24,Philadelphia 76ers,Indiana Pacers,120,106,2023,14,226,1.0,False,False,,False,False,same_region,0,0,0,-6.666666666666667,-0.3333333333333333,-6.333333333333334,-3.166666666666667,-6.666666666666667,-0.3333333333333333,-6.333333333333334,-3.166666666666667,45,10,0
401468201,2022-10-24,New York Knicks,Orlando Magic,115,102,2023,13,217,2.0,False,False,2.0,False,False,same_region,0,0,0,10.5,-6.666666666666667,17.166666666666668,8.583333333333334,10.5,-6.666666666666667,17.166666666666668,8.583333333333334,46,10,0
401468200,2022-10-24,Miami Heat,Toronto Raptors,90,98,2023,-8,188,1.0,False,True,1.0,False,True,same_region,0,0,0,-4.0,-1.3333333333333333,-2.666666666666667,-1.3333333333333335,-4.0,-1.3333333333333333,-2.666666666666667,-1.3333333333333335,47,10,0
401468206,2022-10-24,Portland Trail Blazers,Denver Nuggets,135,110,2023,25,245,2.0,False,False,2.0,False,False,same_region,0,0,0,3.6666666666666665,-3.6666666666666665,7.333333333333333,3.6666666666666665,3.6666666666666665,-3.6666666666666665,7.333333333333333,3.6666666666666665,48,10,0
401468204,2022-10-24,Memphis Grizzlies,Brooklyn Nets,134,124,2023,10,258,4.0,False,False,,False,False,east_to_west,1,1,0,-10.333333333333334,-9.0,-1.333333333333334,-0.666666666666667,-10.333333333333334,-9.0,-1.333333333333334,-0.666666666666667,49,10,0
401468202,2022-10-24,Chicago Bulls,Boston Celtics,120,102,2023,18,222,1.0,False,False,1.0,False,True,same_region,0,0,0,-8.666666666666666,7.333333333333333,-16.0,-8.0,-8.666666666666666,7.333333333333333,-16.0,-8.0,50,10,0
401468205,2022-10-24,Minnesota Timberwolves,San Antonio Spurs,106,115,2023,-9,221,2.0,False,False,1.0,False,True,same_region,0,0,0,3.6666666666666665,-5.0,8.666666666666666,4.333333333333333,3.6666666666666665,-5.0,8.666666666666666,4.333333333333333,51,10,0
401468210,2022-10-25,Phoenix Suns,Golden State Warriors,134,105,2023,29,239,5.0,False,False,,False,False,same_region,0,0,0,5.666666666666667,4.666666666666667,1.0,0.5,5.666666666666667,4.666666666666667,1.0,0.5,52,10,0
401468209,2022-10-25,Oklahoma City Thunder,LA Clippers,108,94,2023,14,202,1.0,False,False,2.0,False,False,same_region,0,0,0,-7.333333333333333,-3.0,-4.333333333333333,-2.1666666666666665,-7.333333333333333,-3.0,-4.333333333333333,-2.1666666666666665,53,10,0
401468208,2022-10-25,New Orleans Pelicans,Dallas Mavericks,113,111,2023,2,224,1.0,False,False,5.0,False,False,same_region,0,0,0,11.0,19.5,-8.5,-4.25,11.0,19.5,-8.5,-4.25,54,10,0
401468207,2022-10-25,Washington Wizards,Detroit Pistons,120,99,2023,21,219,3.0,False,False,2.0,False,False,same_region,0,0,0,-0.3333333333333333,-9.666666666666666,9.333333333333332,4.666666666666666,-0.3333333333333333,-9.666666666666666,9.333333333333332,4.666666666666666,55,10,0
401468211,2022-10-26,Cleveland Cavaliers,Orlando Magic,103,92,2023,11,195,2.0,False,False,1.0,False,False,same_region,0,0,0,13.0,-8.25,21.25,10.625,13.0,-8.25,21.25,10.625,56,10,0
401468212,2022-10-26,Detroit Pistons,Atlanta Hawks,113,118,2023,-5,231,6.0,False,False,,False,False,same_region,0,0,0,-12.5,1.0,-13.5,-6.75,-12.5,1.0,-13.5,-6.75,57,10,0
401468213,2022-10-26,New York Knicks,Charlotte Hornets,134,131,2023,3,265,1.0,False,False,2.0,False,False,same_region,0,0,0,11.333333333333334,10.666666666666666,0.6666666666666679,0.3333333333333339,11.333333333333334,10.666666666666666,0.6666666666666679,0.3333333333333339,58,10,0
401468215,2022-10-26,Milwaukee Bucks,Brooklyn Nets,110,99,2023,11,209,3.0,False,False,1.0,False,False,same_region,0,0,0,11.0,-9.333333333333334,20.333333333333336,10.166666666666668,11.0,-9.333333333333334,20.333333333333336,10.166666666666668,59,10,0
401468214,2022-10-26,Toronto Raptors,Philadelphia 76ers,119,109,2023,10,228,6.0,False,False,7.0,False,False,same_region,0,0,0,1.0,-1.5,2.5,1.25,1.0,-1.5,2.5,1.25,60,10,0
401468217,2022-10-26,Minnesota Timberwolves,San Antonio Spurs,134,122,2023,12,256,1.0,False,False,1.0,False,False,same_region,0,0,0,0.5,-1.5,2.0,1.0,0.5,-1.5,2.0,1.0,61,10,0
401468220,2022-10-26,Portland Trail Blazers,Miami Heat,98,119,2023,-21,217,1.0,False,False,,False,False,east_to_west,1,1,0,9.0,-5.0,14.0,7.0,9.0,-5.0,14.0,7.0,62,10,0
401468216,2022-10-26,Chicago Bulls,Indiana Pacers,124,109,2023,15,233,1.0,False,False,1.0,False,False,same_region,0,0,0,-2.0,-3.75,1.75,0.875,-2.0,-3.75,1.75,0.875,63,10,0
401468219,2022-10-26,Denver Nuggets,Los Angeles Lakers,110,99,2023,11,209,3.0,False,False,7.0,False,False,same_region,0,0,0,-9.0,-7.333333333333333,-1.666666666666667,-0.8333333333333335,-9.0,-7.333333333333333,-1.666666666666667,-0.8333333333333335,64,10,0
401468218,2022-10-26,Utah Jazz,Houston Rockets,109,101,2023,8,210,6.0,False,False,3.0,False,False,same_region,0,0,0,5.5,-7.75,13.25,6.625,5.5,-7.75,13.25,6.625,65,10,0
401468221,2022-10-27,Brooklyn Nets,Dallas Mavericks,125,129,2023,-4,254,5.0,False,False,1.0,False,False,west_to_east,1,0,1,-9.75,12.333333333333334,-22.083333333333336,-11.041666666666668,-9.75,12.333333333333334,-22.083333333333336,-11.041666666666668,66,10,0
401468224,2022-10-27,Sacramento Kings,Memphis Grizzlies,110,125,2023,-15,235,4.0,False,False,4.0,False,False,same_region,0,0,0,-4.666666666666667,-5.25,0.583333333333333,0.2916666666666665,-4.666666666666667,-5.25,0.583333333333333,0.2916666666666665,67,10,0
401468223,2022-10-27,Golden State Warriors,Miami Heat,123,110,2023,13,233,3.0,False,False,0.0,True,False,east_to_west,1,1,0,-3.75,0.2,-3.95,-1.975,-3.75,0.2,-3.95,-1.975,68,10,0
401468222,2022-10-27,Oklahoma City Thunder,LA Clippers,118,110,2023,8,228,1.0,False,False,1.0,False,False,same_region,0,0,0,-2.0,-5.75,3.75,1.875,-2.0,-5.75,3.75,1.875,69,10,0
401468230,2022-10-28,Milwaukee Bucks,New York Knicks,119,108,2023,11,227,1.0,False,False,8.0,False,False,same_region,0,0,0,11.0,9.25,1.75,0.875,11.0,9.25,1.75,0.875,70,10,0
401468234,2022-10-28,Phoenix Suns,New Orleans Pelicans,124,111,2023,13,235,2.0,False,False,6.0,False,False,same_region,0,0,0,11.5,8.75,2.75,1.375,11.5,8.75,2.75,1.375,71,10,0
401468225,2022-10-28,Detroit Pistons,Atlanta Hawks,112,136,2023,-24,248,1.0,False,False,1.0,False,False,same_region,0,0,0,-11.0,2.0,-13.0,-6.5,-11.0,2.0,-13.0,-6.5,72,10,0
401468232,2022-10-28,San Antonio Spurs,Chicago Bulls,129,124,2023,5,253,8.0,False,False,6.0,False,False,east_to_west,1,1,0,-3.6,1.4,-5.0,-2.5,-3.6,1.4,-5.0,-2.5,73,10,0
401468231,2022-10-28,Minnesota Timberwolves,Los Angeles Lakers,111,102,2023,9,213,1.0,False,False,1.0,False,False,same_region,0,0,0,2.8,-8.25,11.05,5.525,2.8,-8.25,11.05,5.525,74,10,0
401468227,2022-10-28,Boston Celtics,Cleveland Cavaliers,123,132,2023,-9,255,9.0,False,False,5.0,False,False,same_region,0,0,0,1.0,12.5,-11.5,-5.75,1.0,12.5,-11.5,-5.75,75,10,0
401468229,2022-10-28,Washington Wizards,Indiana Pacers,117,127,2023,-10,244,2.0,False,False,1.0,False,False,same_region,0,0,0,5.0,-6.0,11.0,5.5,5.0,-6.0,11.0,5.5,76,10,0
401468228,2022-10-28,Toronto Raptors,Philadelphia 76ers,90,112,2023,-22,202,1.0,False,False,1.0,False,False,same_region,0,0,0,2.8,-3.2,6.0,3.0,2.8,-3.2,6.0,3.0,77,10,0
401468226,2022-10-28,Orlando Magic,Charlotte Hornets,113,93,2023,20,206,5.0,False,False,1.0,False,False,same_region,0,0,0,-8.8,7.25,-16.05,-8.025,-8.8,7.25,-16.05,-8.025,78,10,0
401468235,2022-10-28,Portland Trail Blazers,Houston Rockets,125,111,2023,14,236,1.0,False,False,1.0,False,False,same_region,0,0,0,3.0,-7.8,10.8,5.4,3.0,-7.8,10.8,5.4,79,10,0
401468233,2022-10-28,Denver Nuggets,Utah Jazz,117,101,2023,16,218,1.0,False,False,3.0,False,False,same_region,0,0,0,-5.0,6.0,-11.0,-5.5,-5.0,6.0,-11.0,-5.5,80,10,0
401468237,2022-10-29,Charlotte Hornets,Golden State Warriors,120,113,2023,7,233,7.0,False,False,3.0,False,False,west_to_east,1,0,1,1.8,-0.4,2.2,1.1,1.8,-0.4,2.2,1.1,81,10,0
401468240,2022-10-29,Milwaukee Bucks,Atlanta Hawks,123,115,2023,8,238,0.0,True,True,0.0,True,True,same_region,0,0,0,11.0,6.4,4.6,2.3,11.0,6.4,4.6,2.3,82,10,0
401468236,2022-10-29,Sacramento Kings,Miami Heat,119,113,2023,6,232,1.0,False,False,1.0,False,True,east_to_west,1,1,0,-7.25,-0.8,-6.45,-3.225,-7.25,-2.0,-5.25,-2.625,83,10,0
401468241,2022-10-29,Dallas Mavericks,Oklahoma City Thunder,111,117,2023,-6,228,6.0,False,False,6.0,False,False,same_region,0,0,0,10.25,0.0,10.25,5.125,10.25,0.0,10.25,5.125,84,10,0
401468242,2022-10-29,Utah Jazz,Memphis Grizzlies,124,123,2023,1,247,2.0,False,False,1.0,False,False,same_region,0,0,0,-1.4,-1.2,-0.19999999999999996,-0.09999999999999998,2.3333333333333335,-1.2,3.533333333333333,1.7666666666666666,85,10,0
401468239,2022-10-29,Chicago Bulls,Philadelphia 76ers,109,114,2023,-5,223,2.0,False,False,0.0,True,True,same_region,0,0,0,-1.2,3.0,-4.2,-2.1,0.3333333333333333,1.0,-0.6666666666666667,-0.33333333333333337,86,10,0
401468238,2022-10-29,Brooklyn Nets,Indiana Pacers,116,125,2023,-9,241,1.0,False,False,0.0,True,True,same_region,0,0,0,-8.6,-2.6,-6.0,-3.0,-8.6,-3.3333333333333335,-5.266666666666666,-2.633333333333333,87,10,0
401468250,2022-10-30,Los Angeles Lakers,Denver Nuggets,121,110,2023,11,231,6.0,False,False,5.0,False,False,same_region,0,0,0,-8.4,2.4,-10.8,-5.4,-8.4,-1.5,-6.9,-3.45,88,10,0
401468243,2022-10-30,LA Clippers,New Orleans Pelicans,91,112,2023,-21,203,6.0,False,False,1.0,False,False,same_region,0,0,0,-6.2,4.4,-10.600000000000001,-5.300000000000001,-6.2,4.4,-10.600000000000001,-5.300000000000001,89,10,0
401468245,2022-10-30,Cleveland Cavaliers,New York Knicks,121,108,2023,13,229,3.0,False,False,1.0,False,False,same_region,0,0,0,11.8,5.2,6.6000000000000005,3.3000000000000003,11.8,5.2,6.6000000000000005,3.3000000000000003,90,10,0
401468244,2022-10-30,Boston Celtics,Washington Wizards,112,94,2023,18,206,1.0,False,False,6.0,False,False,same_region,0,0,0,-1.0,2.0,-3.0,-1.5,-1.0,2.0,-3.0,-1.5,91,10,0
401468247,2022-10-30,San Antonio Spurs,Minnesota Timberwolves,107,98,2023,9,205,1.0,False,False,6.0,False,False,same_region,0,0,0,2.8,3.2,-0.40000000000000036,-0.20000000000000018,-2.1666666666666665,3.8333333333333335,-6.0,-3.0,92,10,0
401468248,2022-10-30,Dallas Mavericks,Orlando Magic,114,105,2023,9,219,0.0,True,False,3.0,False,False,east_to_west,1,1,0,7.0,-4.0,11.0,5.5,7.0,-4.0,11.0,5.5,93,10,0
401468249,2022-10-30,Phoenix Suns,Houston Rockets,124,109,2023,15,233,1.0,False,False,1.0,False,False,same_region,0,0,0,11.8,-8.6,20.4,10.2,11.8,-8.833333333333334,20.633333333333333,10.316666666666666,94,10,0
401468246,2022-10-30,Detroit Pistons,Golden State Warriors,128,114,2023,14,242,1.0,False,False,0.0,True,False,west_to_east,1,0,1,-16.6,-4.6,-12.000000000000002,-6.000000000000001,-13.166666666666666,-1.5,-11.666666666666666,-5.833333333333333,95,10,0
401468251,2022-10-31,Charlotte Hornets,Sacramento Kings,108,115,2023,-7,223,1.0,False,False,7.0,False,False,west_to_east,1,0,1,-2.2,-4.6,2.3999999999999995,1.1999999999999997,2.6666666666666665,-4.6,7.266666666666666,3.633333333333333,96,10,0
401468257,2022-10-31,LA Clippers,Houston Rockets,95,93,2023,2,188,0.0,True,False,0.0,True,True,same_region,0,0,0,-11.6,-10.2,-1.4000000000000004,-0.7000000000000002,-8.666666666666666,-9.714285714285714,1.0476190476190474,0.5238095238095237,97,10,0
401468256,2022-10-31,Utah Jazz,Memphis Grizzlies,121,105,2023,16,226,1.0,False,False,1.0,False,False,same_region,0,0,0,-2.4,-2.0,-0.3999999999999999,-0.19999999999999996,2.142857142857143,-1.1666666666666667,3.3095238095238093,1.6547619047619047,98,10,0
401468255,2022-10-31,Milwaukee Bucks,Detroit Pistons,110,108,2023,2,218,1.0,False,True,5.0,False,False,same_region,0,0,0,10.4,-9.0,19.4,9.7,10.4,-9.285714285714286,19.685714285714287,9.842857142857143,99,10,0
401468254,2022-10-31,Toronto Raptors,Atlanta Hawks,139,109,2023,30,248,2.0,False,False,1.0,False,True,same_region,0,0,0,-2.2,2.8,-5.0,-2.5,-1.3333333333333333,4.0,-5.333333333333333,-2.6666666666666665,100,10,0
401468253,2022-10-31,Brooklyn Nets,Indiana Pacers,116,109,2023,7,225,1.0,False,False,1.0,False,True,same_region,0,0,0,-6.0,-0.2,-5.8,-2.9,-8.666666666666666,-1.5714285714285714,-7.095238095238095,-3.5476190476190474,101,10,0
401468252,2022-10-31,Washington Wizards,Philadelphia 76ers,111,118,2023,-7,229,2.0,False,False,1.0,False,True,same_region,0,0,0,-3.0,4.4,-7.4,-3.7,-1.3333333333333333,1.5714285714285714,-2.9047619047619047,-1.4523809523809523,102,10,0
401468259,2022-11-01,Miami Heat,Golden State Warriors,116,109,2023,7,225,7.0,False,False,1.0,False,True,west_to_east,1,0,1,-0.6,-6.4,5.800000000000001,2.9000000000000004,-2.5714285714285716,-3.2857142857142856,0.714285714285714,0.357142857142857,103,11,0
401468258,2022-11-01,Brooklyn Nets,Chicago Bulls,99,108,2023,-9,207,0.0,True,True,3.0,False,False,same_region,0,0,0,-5.4,-1.8,-3.6000000000000005,-1.8000000000000003,-6.428571428571429,-0.42857142857142855,-6.0,-3.0,104,11,0
401468260,2022-11-01,Oklahoma City Thunder,Orlando Magic,116,108,2023,8,224,4.0,False,False,1.0,False,False,east_to_west,1,1,0,2.6,-3.8,6.4,3.2,1.0,-4.714285714285714,5.714285714285714,2.857142857142857,105,11,0
401468261,2022-11-01,Phoenix Suns,Minnesota Timberwolves,116,107,2023,9,223,1.0,False,False,1.0,False,False,same_region,0,0,0,14.4,2.6,11.8,5.9,12.333333333333334,2.0,10.333333333333334,5.166666666666667,106,11,0
401468264,2022-11-02,Miami Heat,Sacramento Kings,110,107,2023,3,217,0.0,True,False,1.0,False,False,west_to_east,1,0,1,0.2,-1.8,2.0,1.0,-1.375,-2.6666666666666665,1.2916666666666665,0.6458333333333333,107,11,0
401468263,2022-11-02,Philadelphia 76ers,Washington Wizards,111,121,2023,-10,232,8.0,False,False,2.0,False,False,same_region,0,0,0,7.6,-4.8,12.399999999999999,6.199999999999999,2.25,-2.142857142857143,4.392857142857142,2.196428571428571,108,11,0
401468265,2022-11-02,New York Knicks,Atlanta Hawks,99,112,2023,-13,211,6.0,False,False,1.0,False,False,same_region,0,0,0,3.2,-5.2,8.4,4.2,2.1666666666666665,-0.8571428571428571,3.0238095238095237,1.5119047619047619,109,11,0
401468266,2022-11-02,Chicago Bulls,Charlotte Hornets,106,88,2023,18,194,3.0,False,False,4.0,False,False,same_region,0,0,0,6.4,-1.2,7.6000000000000005,3.8000000000000003,0.75,1.2857142857142858,-0.5357142857142858,-0.2678571428571429,110,11,0
401468271,2022-11-02,Portland Trail Blazers,Memphis Grizzlies,106,111,2023,-5,217,4.0,False,False,1.0,False,False,same_region,0,0,0,4.4,-6.6,11.0,5.5,4.833333333333333,-3.2857142857142856,8.119047619047619,4.059523809523809,111,11,0
401468262,2022-11-02,Cleveland Cavaliers,Boston Celtics,114,113,2023,1,227,2.0,False,False,8.0,False,False,same_region,0,0,0,15.0,0.8,14.2,7.1,12.0,2.1666666666666665,9.833333333333334,4.916666666666667,112,11,0
401468269,2022-11-02,San Antonio Spurs,Toronto Raptors,100,143,2023,-43,243,2.0,False,False,8.0,False,False,east_to_west,1,1,0,4.0,4.6,-0.5999999999999996,-0.2999999999999998,-0.5714285714285714,3.142857142857143,-3.7142857142857144,-1.8571428571428572,113,11,0
401468270,2022-11-02,Dallas Mavericks,Utah Jazz,103,100,2023,3,203,2.0,False,False,4.0,False,False,same_region,0,0,0,9.2,0.6,8.6,4.3,7.333333333333333,3.875,3.458333333333333,1.7291666666666665,114,11,0
401468272,2022-11-02,Los Angeles Lakers,New Orleans Pelicans,120,117,2023,3,237,2.0,False,False,2.0,False,False,same_region,0,0,0,-3.4,4.2,-7.6,-3.8,-5.166666666666667,7.166666666666667,-12.333333333333334,-6.166666666666667,115,11,0
401468267,2022-11-02,Houston Rockets,LA Clippers,101,109,2023,-8,210,8.0,False,False,5.0,False,False,same_region,0,0,0,-6.6,-11.6,5.0,2.5,-8.75,-7.142857142857143,-1.6071428571428568,-0.8035714285714284,116,11,0
401468268,2022-11-02,Milwaukee Bucks,Detroit Pistons,116,91,2023,25,207,1.0,False,False,1.0,False,False,same_region,0,0,0,10.4,-7.6,18.0,9.0,9.0,-8.375,17.375,8.6875,117,11,0
401468274,2022-11-03,Oklahoma City Thunder,Denver Nuggets,110,122,2023,-12,232,1.0,False,False,3.0,False,False,same_region,0,0,0,5.2,-0.8,6.0,3.0,2.0,-2.857142857142857,4.857142857142858,2.428571428571429,118,11,0
401468273,2022-11-03,Orlando Magic,Golden State Warriors,130,129,2023,1,259,5.0,False,False,1.0,False,False,west_to_east,1,0,1,-4.2,-8.8,4.6000000000000005,2.3000000000000003,-5.125,-3.75,-1.375,-0.6875,119,11,0
401468282,2022-11-04,Dallas Mavericks,Toronto Raptors,111,110,2023,1,221,1.0,False,False,1.0,False,False,east_to_west,1,1,0,1.6,13.8,-12.200000000000001,-6.1000000000000005,6.714285714285714,8.125,-1.4107142857142856,-0.7053571428571428,120,11,0
401468275,2022-11-04,Detroit Pistons,Cleveland Cavaliers,88,112,2023,-24,200,4.0,False,False,6.0,False,False,same_region,0,0,0,-8.4,8.8,-17.200000000000003,-8.600000000000001,-10.222222222222221,10.428571428571429,-20.650793650793652,-10.325396825396826,121,11,0
401468276,2022-11-04,Indiana Pacers,Miami Heat,101,99,2023,2,200,12.0,False,False,5.0,False,False,same_region,0,0,0,-3.4,2.4,-5.8,-2.9,-2.25,-0.8888888888888888,-1.3611111111111112,-0.6805555555555556,122,11,0
401468277,2022-11-04,Philadelphia 76ers,New York Knicks,104,106,2023,-2,210,1.0,False,False,4.0,False,False,same_region,0,0,0,2.8,-4.2,7.0,3.5,0.8888888888888888,0.0,0.8888888888888888,0.4444444444444444,123,11,0
401468278,2022-11-04,Washington Wizards,Brooklyn Nets,86,128,2023,-42,214,3.0,False,False,8.0,False,False,same_region,0,0,0,-0.8,-5.2,4.4,2.2,-0.625,-6.75,6.125,3.0625,124,11,0
401468279,2022-11-04,Boston Celtics,Chicago Bulls,123,119,2023,4,242,4.0,False,False,2.0,False,False,same_region,0,0,0,-0.8,6.4,-7.2,-3.6,1.7142857142857142,2.6666666666666665,-0.9523809523809523,-0.47619047619047616,125,11,0
401468283,2022-11-04,New Orleans Pelicans,Golden State Warriors,114,105,2023,9,219,9.0,False,False,0.0,True,True,same_region,0,0,0,1.2,-3.2,4.4,2.2,5.714285714285714,-3.4444444444444446,9.158730158730158,4.579365079365079,126,11,0
401468284,2022-11-04,Minnesota Timberwolves,Milwaukee Bucks,102,115,2023,-13,217,6.0,False,False,14.0,False,False,east_to_west,1,1,0,-1.2,11.4,-12.6,-6.3,0.625,11.285714285714286,-10.660714285714286,-5.330357142857143,127,11,0
401468285,2022-11-04,Phoenix Suns,Portland Trail Blazers,106,108,2023,-2,214,2.0,False,False,11.0,False,False,same_region,0,0,0,16.6,3.0,13.600000000000001,6.800000000000001,11.857142857142858,3.4285714285714284,8.428571428571429,4.214285714285714,128,11,0
401468286,2022-11-04,Los Angeles Lakers,Utah Jazz,116,130,2023,-14,246,1.0,False,False,1.0,False,False,same_region,0,0,0,-1.6,1.2,-2.8,-1.4,-4.0,3.111111111111111,-7.111111111111111,-3.5555555555555554,129,11,0
401468280,2022-11-04,Memphis Grizzlies,Charlotte Hornets,130,99,2023,31,229,10.0,False,False,1.0,False,False,east_to_west,1,1,0,2.6,-8.2,10.799999999999999,5.3999999999999995,-2.25,-1.125,-1.125,-0.5625,130,11,0
401468281,2022-11-04,San Antonio Spurs,LA Clippers,106,113,2023,-7,219,1.0,False,False,1.0,False,False,same_region,0,0,0,-6.4,-6.6,0.1999999999999993,0.09999999999999964,-5.875,-5.25,-0.625,-0.3125,131,11,0
401468287,2022-11-05,Orlando Magic,Sacramento Kings,123,126,2023,-3,249,1.0,False,False,2.0,False,False,west_to_east,1,0,1,-1.4,-2.0,0.6000000000000001,0.30000000000000004,-4.444444444444445,-2.7142857142857144,-1.7301587301587302,-0.8650793650793651,132,11,0
401468289,2022-11-05,Atlanta Hawks,New Orleans Pelicans,124,121,2023,3,245,12.0,False,False,2.0,False,False,west_to_east,1,0,1,0.8,3.2,-2.4000000000000004,-1.2000000000000002,0.875,6.125,-5.25,-2.625,133,11,0
401468290,2022-11-05,New York Knicks,Boston Celtics,118,133,2023,-15,251,2.0,False,False,2.0,False,False,same_region,0,0,0,-6.4,-1.2,-5.2,-2.6,0.25,2.0,-1.75,-0.875,134,11,0
401468288,2022-11-05,Charlotte Hornets,Brooklyn Nets,94,98,2023,-4,192,4.0,False,False,0.0,True,False,same_region,0,0,0,-13.8,5.4,-19.200000000000003,-9.600000000000001,-4.444444444444445,-1.3333333333333333,-3.1111111111111116,-1.5555555555555558,135,11,0
401468292,2022-11-05,Minnesota Timberwolves,Houston Rockets,129,117,2023,12,246,0.0,True,False,4.0,False,False,same_region,0,0,0,-2.0,-9.4,7.4,3.7,-0.8888888888888888,-8.666666666666666,7.777777777777777,3.8888888888888884,136,11,0
401468293,2022-11-05,Denver Nuggets,San Antonio Spurs,126,101,2023,25,227,7.0,False,False,9.0,False,False,same_region,0,0,0,0.6,-9.6,10.2,5.1,-1.0,-6.0,5.0,2.5,137,11,0
401468291,2022-11-05,Milwaukee Bucks,Oklahoma City Thunder,108,94,2023,14,202,2.0,False,False,6.0,False,False,west_to_east,1,0,1,11.8,4.8,7.000000000000001,3.5000000000000004,11.5,0.25,11.25,5.625,138,11,0
401468294,2022-11-05,Phoenix Suns,Portland Trail Blazers,102,82,2023,20,184,0.0,True,False,0.0,True,False,same_region,0,0,0,12.8,3.0,9.8,4.9,10.125,3.25,6.875,3.4375,139,11,0
401468298,2022-11-06,LA Clippers,Utah Jazz,102,110,2023,-8,212,5.0,False,False,1.0,False,False,same_region,0,0,0,-2.4,2.4,-4.8,-2.4,-3.888888888888889,4.2,-8.088888888888889,-4.044444444444444,140,11,0
401468297,2022-11-06,Memphis Grizzlies,Washington Wizards,103,97,2023,6,200,1.0,False,False,3.0,False,False,east_to_west,1,1,0,6.8,-13.4,20.2,10.1,1.4444444444444444,-5.222222222222222,6.666666666666667,3.3333333333333335,141,11,0
401468296,2022-11-06,Toronto Raptors,Chicago Bulls,113,104,2023,9,217,5.0,False,False,1.0,False,False,same_region,0,0,0,12.0,2.6,9.4,4.7,7.111111111111111,2.0,5.111111111111111,2.5555555555555554,142,11,0
401468295,2022-11-06,Los Angeles Lakers,Cleveland Cavaliers,100,114,2023,-14,214,1.0,False,False,1.0,False,False,east_to_west,1,1,0,-4.0,11.6,-15.6,-7.8,-5.25,12.125,-17.375,-8.6875,143,11,0
401468303,2022-11-07,Philadelphia 76ers,Phoenix Suns,100,88,2023,12,188,2.0,False,False,14.0,False,False,west_to_east,1,0,1,4.4,11.0,-6.6,-3.3,0.6,11.222222222222221,-10.622222222222222,-5.311111111111111,144,11,0
401468304,2022-11-07,Atlanta Hawks,Milwaukee Bucks,117,98,2023,19,215,1.0,False,False,2.0,False,False,same_region,0,0,0,0.4,12.4,-12.0,-6.0,1.1111111111111112,11.777777777777779,-10.666666666666668,-5.333333333333334,145,11,0
401468312,2022-11-07,Utah Jazz,Los Angeles Lakers,139,116,2023,23,255,6.0,False,False,9.0,False,False,same_region,0,0,0,7.2,-4.6,11.8,5.9,2.9,-6.222222222222222,9.122222222222222,4.561111111111111,146,11,0
401468300,2022-11-07,Orlando Magic,Houston Rockets,127,134,2023,-7,261,1.0,False,False,1.0,False,False,west_to_east,1,0,1,0.2,-10.2,10.399999999999999,5.199999999999999,-4.3,-9.0,4.7,2.35,147,11,0
401468301,2022-11-07,Detroit Pistons,Oklahoma City Thunder,112,103,2023,9,215,2.0,False,False,1.0,False,False,west_to_east,1,0,1,-12.2,-0.8,-11.399999999999999,-5.699999999999999,-11.6,-1.3333333333333333,-10.266666666666666,-5.133333333333333,148,11,0
401468302,2022-11-07,Indiana Pacers,New Orleans Pelicans,129,122,2023,7,251,2.0,False,False,1.0,False,False,west_to_east,1,0,1,-0.2,2.2,-2.4000000000000004,-1.2000000000000002,-1.7777777777777777,5.111111111111111,-6.888888888888888,-3.444444444444444,149,11,0
401468305,2022-11-07,Miami Heat,Portland Trail Blazers,107,110,2023,-3,217,4.0,False,False,1.0,False,True,west_to_east,1,0,1,-2.2,-6.0,3.8,1.9,-1.0,0.6666666666666666,-1.6666666666666665,-0.8333333333333333,150,11,0
401468313,2022-11-07,LA Clippers,Cleveland Cavaliers,119,117,2023,2,236,0.0,True,False,0.0,True,True,east_to_west,1,1,0,-2.4,12.2,-14.6,-7.3,-4.3,12.333333333333334,-16.633333333333333,-8.316666666666666,151,11,0
401468307,2022-11-07,Memphis Grizzlies,Boston Celtics,106,109,2023,-3,215,0.0,True,True,1.0,False,False,east_to_west,1,1,0,5.0,5.4,-0.40000000000000036,-0.20000000000000018,1.9,3.4444444444444446,-1.5444444444444447,-0.7722222222222224,152,11,0
401468309,2022-11-07,San Antonio Spurs,Denver Nuggets,109,115,2023,-6,224,2.0,False,False,3.0,False,False,same_region,0,0,0,-12.2,10.6,-22.799999999999997,-11.399999999999999,-7.9,1.8888888888888888,-9.78888888888889,-4.894444444444445,153,11,0
401468310,2022-11-07,Dallas Mavericks,Brooklyn Nets,96,94,2023,2,190,2.0,False,False,1.0,False,True,east_to_west,1,1,0,2.2,7.0,-4.8,-2.4,6.0,-0.8,6.8,3.4,154,11,0
401468311,2022-11-07,Golden State Warriors,Sacramento Kings,116,113,2023,3,229,10.0,False,False,1.0,False,False,same_region,0,0,0,-7.6,-0.4,-7.199999999999999,-3.5999999999999996,-4.0,-2.0,-2.0,-1.0,155,11,0
401468306,2022-11-07,Chicago Bulls,Toronto Raptors,111,97,2023,14,208,4.0,False,False,2.0,False,False,same_region,0,0,0,1.8,11.8,-10.0,-5.0,0.3,7.3,-7.0,-3.5,156,11,0
401468308,2022-11-07,Minnesota Timberwolves,New York Knicks,107,120,2023,-13,227,1.0,False,True,2.0,False,False,east_to_west,1,1,0,-2.0,-10.0,8.0,4.0,0.4,-1.4444444444444444,1.8444444444444446,0.9222222222222223,157,11,0
401468299,2022-11-07,Charlotte Hornets,Washington Wizards,100,108,2023,-8,208,1.0,False,False,0.0,True,False,same_region,0,0,0,-10.6,-12.6,2.0,1.0,-4.4,-5.3,0.8999999999999995,0.44999999999999973,158,11,0
401468320,2022-11-09,Toronto Raptors,Houston Rockets,116,109,2023,7,225,2.0,False,False,1.0,False,False,west_to_east,1,0,1,13.4,-6.0,19.4,9.7,5.6,-7.3,12.899999999999999,6.449999999999999,159,11,0
401468316,2022-11-09,Orlando Magic,Dallas Mavericks,94,87,2023,7,181,1.0,False,False,12.0,False,False,west_to_east,1,0,1,-5.2,1.8,-7.0,-3.5,-4.6,5.555555555555555,-10.155555555555555,-5.0777777777777775,160,11,0
401468319,2022-11-09,Brooklyn Nets,New York Knicks,112,85,2023,27,197,7.0,False,False,1.0,False,False,same_region,0,0,0,8.4,-5.2,13.600000000000001,6.800000000000001,1.2,0.0,1.2,0.6,161,11,0
401468315,2022-11-09,Indiana Pacers,Denver Nuggets,119,122,2023,-3,241,1.0,False,False,1.0,False,False,west_to_east,1,0,1,4.2,9.6,-5.3999999999999995,-2.6999999999999997,-0.9,2.3,-3.1999999999999997,-1.5999999999999999,162,11,0
401468317,2022-11-09,Atlanta Hawks,Utah Jazz,119,125,2023,-6,244,1.0,False,False,2.0,False,False,west_to_east,1,0,1,-0.6,11.6,-12.2,-6.1,2.9,4.6,-1.6999999999999997,-0.8499999999999999,163,11,0
401468314,2022-11-09,Charlotte Hornets,Portland Trail Blazers,95,105,2023,-10,200,1.0,False,False,1.0,False,False,west_to_east,1,0,1,-13.6,-1.2,-12.4,-6.2,-7.9,0.9,-8.8,-4.4,164,11,0
401468322,2022-11-09,Minnesota Timberwolves,Phoenix Suns,117,129,2023,-12,246,1.0,False,False,1.0,False,False,same_region,0,0,0,-6.4,6.0,-12.4,-6.2,-1.6,8.9,-10.5,-5.25,165,11,0
401468321,2022-11-09,Chicago Bulls,New Orleans Pelicans,111,115,2023,-4,226,1.0,False,False,1.0,False,False,west_to_east,1,0,1,5.6,3.4,2.1999999999999997,1.0999999999999999,1.9,3.9,-2.0,-1.0,166,11,0
401468325,2022-11-09,LA Clippers,Los Angeles Lakers,114,101,2023,13,215,1.0,False,True,1.0,False,False,same_region,0,0,0,2.2,-7.4,9.600000000000001,4.800000000000001,-4.7,-7.9,3.2,1.6,167,11,0
401468318,2022-11-09,Boston Celtics,Detroit Pistons,128,112,2023,16,240,4.0,False,False,6.0,False,False,same_region,0,0,0,7.8,-5.6,13.399999999999999,6.699999999999999,3.4,-11.1,14.5,7.25,168,11,0
401468323,2022-11-09,Oklahoma City Thunder,Milwaukee Bucks,132,136,2023,-4,268,5.0,False,False,1.0,False,False,east_to_west,1,1,0,-4.2,7.0,-11.2,-5.6,-2.1,8.7,-10.799999999999999,-5.3999999999999995,169,11,0
401468324,2022-11-09,San Antonio Spurs,Memphis Grizzlies,122,124,2023,-2,246,1.0,False,False,6.0,False,False,same_region,0,0,0,-14.4,4.6,-19.0,-9.5,-5.8,1.3,-7.1,-3.55,170,11,0
401468326,2022-11-09,Sacramento Kings,Cleveland Cavaliers,127,120,2023,7,247,10.0,False,False,1.0,False,True,east_to_west,1,1,0,2.0,10.0,-8.0,-4.0,-2.111111111111111,10.9,-13.011111111111111,-6.5055555555555555,171,11,0
401468330,2022-11-10,New Orleans Pelicans,Portland Trail Blazers,95,106,2023,-11,201,5.0,False,False,0.0,True,True,same_region,0,0,0,0.0,-2.0,2.0,1.0,2.1,1.2,0.9000000000000001,0.45000000000000007,172,11,0
401468329,2022-11-10,Miami Heat,Charlotte Hornets,117,112,2023,5,229,2.0,False,False,5.0,False,False,same_region,0,0,0,-0.2,-14.2,14.0,7.0,-0.5,-7.7,7.2,3.6,173,11,0
401468328,2022-11-10,Atlanta Hawks,Philadelphia 76ers,104,95,2023,9,199,0.0,True,True,9.0,False,False,same_region,0,0,0,-0.2,2.4,-2.6,-1.3,1.3,2.7,-1.4000000000000001,-0.7000000000000001,174,11,0
401468327,2022-11-10,Washington Wizards,Dallas Mavericks,113,105,2023,8,218,5.0,False,False,0.0,True,False,west_to_east,1,0,1,-7.4,1.6,-9.0,-4.5,-5.2,4.3,-9.5,-4.75,175,11,0
401468331,2022-11-11,Boston Celtics,Denver Nuggets,131,112,2023,19,243,1.0,False,False,1.0,False,False,west_to_east,1,0,1,7.4,7.0,0.40000000000000036,0.20000000000000018,4.1,4.7,-0.6000000000000005,-0.30000000000000027,176,11,0
401468333,2022-11-11,New York Knicks,Detroit Pistons,121,112,2023,9,233,5.0,False,False,1.0,False,False,same_region,0,0,0,-8.0,-11.6,3.5999999999999996,1.7999999999999998,-2.4,-10.3,7.9,3.95,177,11,0
401468334,2022-11-11,Oklahoma City Thunder,Toronto Raptors,132,113,2023,19,245,1.0,False,False,3.0,False,False,east_to_west,1,1,0,-6.2,8.8,-15.0,-7.5,-1.8,6.7,-8.5,-4.25,178,11,0
401468332,2022-11-11,Orlando Magic,Phoenix Suns,114,97,2023,17,211,1.0,False,False,1.0,False,False,west_to_east,1,0,1,-2.0,5.4,-7.4,-3.7,-2.9,9.9,-12.8,-6.4,179,11,0
401468335,2022-11-11,San Antonio Spurs,Milwaukee Bucks,111,93,2023,18,204,1.0,False,False,1.0,False,False,east_to_west,1,1,0,-16.6,7.4,-24.0,-12.0,-6.3,8.9,-15.2,-7.6,180,11,0
401468337,2022-11-11,Golden State Warriors,Cleveland Cavaliers,106,101,2023,5,207,3.0,False,False,1.0,False,False,east_to_west,1,1,0,-5.6,6.0,-11.6,-5.8,-5.1,10.5,-15.6,-7.8,181,11,0
401468338,2022-11-11,Los Angeles Lakers,Sacramento Kings,114,120,2023,-6,234,4.0,False,False,3.0,False,False,same_region,0,0,0,-12.2,2.2,-14.399999999999999,-7.199999999999999,-7.8,-1.2,-6.6,-3.3,182,11,0
401468336,2022-11-11,Memphis Grizzlies,Minnesota Timberwolves,114,103,2023,11,217,3.0,False,False,9.0,False,False,same_region,0,0,0,8.2,-7.0,15.2,7.6,0.8,-2.2,3.0,1.5,183,11,0
401468345,2022-11-12,Dallas Mavericks,Portland Trail Blazers,117,112,2023,5,229,4.0,False,False,1.0,False,True,same_region,0,0,0,-1.8,1.2,-3.0,-1.5,3.7,2.1,1.6,0.8,184,11,0
401468343,2022-11-12,Philadelphia 76ers,Atlanta Hawks,121,109,2023,12,230,4.0,False,False,9.0,False,False,same_region,0,0,0,-0.4,7.6,-8.0,-4.0,2.0,1.2,0.8,0.4,185,11,0
401468346,2022-11-12,New Orleans Pelicans,Houston Rockets,119,106,2023,13,225,1.0,False,False,2.0,False,False,same_region,0,0,0,-1.6,-4.4,2.8000000000000003,1.4000000000000001,-0.2,-7.3,7.1,3.55,186,11,0
401468344,2022-11-12,Miami Heat,Charlotte Hornets,132,115,2023,17,247,1.0,False,False,1.0,False,False,same_region,0,0,0,2.0,-11.6,13.6,6.8,0.7,-9.9,10.6,5.3,187,11,0
401468340,2022-11-12,Washington Wizards,Utah Jazz,121,112,2023,9,233,1.0,False,False,2.0,False,False,west_to_east,1,0,1,-4.4,9.6,-14.0,-7.0,-4.6,5.1,-9.7,-4.85,188,11,0
401468339,2022-11-12,LA Clippers,Brooklyn Nets,95,110,2023,-15,205,2.0,False,False,4.0,False,False,east_to_west,1,1,0,4.4,12.4,-8.0,-4.0,-3.6,3.5,-7.1,-3.55,189,11,0
401468341,2022-11-12,Detroit Pistons,Boston Celtics,108,117,2023,-9,225,4.0,False,False,4.0,False,False,same_region,0,0,0,-13.0,11.4,-24.4,-12.2,-10.3,5.3,-15.600000000000001,-7.800000000000001,190,11,0
401468342,2022-11-12,Indiana Pacers,Toronto Raptors,118,104,2023,14,222,2.0,False,False,0.0,True,False,same_region,0,0,0,1.6,-3.6,5.2,2.6,-0.5,5.1,-5.6,-2.8,191,11,0
401468349,2022-11-13,Washington Wizards,Memphis Grizzlies,102,92,2023,10,194,0.0,True,True,3.0,False,False,west_to_east,1,0,1,-4.6,9.4,-14.0,-7.0,-2.7,6.0,-8.7,-4.35,192,11,0
401468347,2022-11-13,New York Knicks,Oklahoma City Thunder,135,145,2023,-10,280,1.0,False,False,5.0,False,False,west_to_east,1,0,1,-3.6,-4.0,0.3999999999999999,0.19999999999999996,-3.9,0.6,-4.5,-2.25,193,11,0
401468353,2022-11-13,Los Angeles Lakers,Brooklyn Nets,116,103,2023,13,219,1.0,False,False,0.0,True,False,east_to_west,1,1,0,-14.0,17.2,-31.2,-15.6,-7.8,6.0,-13.8,-6.9,194,11,0
401468348,2022-11-13,Cleveland Cavaliers,Minnesota Timberwolves,124,129,2023,-5,253,10.0,False,False,1.0,False,False,west_to_east,1,0,1,4.8,-7.4,12.2,6.1,6.8,-4.3,11.1,5.55,195,11,0
401468351,2022-11-13,Chicago Bulls,Denver Nuggets,103,126,2023,-23,229,3.0,False,False,1.0,False,False,west_to_east,1,0,1,3.0,5.4,-2.4000000000000004,-1.2000000000000002,4.7,2.3,2.4000000000000004,1.2000000000000002,196,11,0
401468350,2022-11-13,Philadelphia 76ers,Utah Jazz,105,98,2023,7,203,0.0,True,False,0.0,True,False,west_to_east,1,0,1,0.6,8.4,-7.800000000000001,-3.9000000000000004,4.1,4.8,-0.7000000000000002,-0.3500000000000001,197,11,0
401468352,2022-11-13,Sacramento Kings,Golden State Warriors,122,115,2023,7,237,3.0,False,False,8.0,False,False,same_region,0,0,0,2.0,-1.8,3.8,1.9,0.1,-4.1,4.199999999999999,2.0999999999999996,198,11,0
401468356,2022-11-14,Boston Celtics,Oklahoma City Thunder,126,122,2023,4,248,2.0,False,False,0.0,True,False,west_to_east,1,0,1,12.4,0.4,12.0,6.0,5.6,2.6,2.9999999999999996,1.4999999999999998,199,11,0
401468355,2022-11-14,Orlando Magic,Charlotte Hornets,105,112,2023,-7,217,2.0,False,False,1.0,False,False,same_region,0,0,0,3.0,-8.8,11.8,5.9,-0.6,-11.3,10.700000000000001,5.3500000000000005,200,11,0
401468360,2022-11-14,Golden State Warriors,San Antonio Spurs,132,95,2023,37,227,2.0,False,False,8.0,False,False,same_region,0,0,0,-1.8,-4.4,2.6000000000000005,1.3000000000000003,-5.3,-5.4,0.10000000000000053,0.050000000000000266,201,11,0
401468359,2022-11-14,Milwaukee Bucks,Atlanta Hawks,106,121,2023,-15,227,8.0,False,False,1.0,False,False,same_region,0,0,0,-1.2,2.6,-3.8,-1.9,5.1,1.7,3.3999999999999995,1.6999999999999997,202,11,0
401468358,2022-11-14,Houston Rockets,LA Clippers,106,122,2023,-16,228,11.0,False,False,9.0,False,False,same_region,0,0,0,-6.6,-0.2,-6.3999999999999995,-3.1999999999999997,-6.6,-3.4,-3.1999999999999997,-1.5999999999999999,203,11,0
401468357,2022-11-14,Miami Heat,Phoenix Suns,113,112,2023,1,225,1.0,False,False,2.0,False,False,west_to_east,1,0,1,4.0,0.2,3.8,1.9,2.1,8.4,-6.300000000000001,-3.1500000000000004,204,11,0
401468354,2022-11-14,Detroit Pistons,Toronto Raptors,111,115,2023,-4,226,1.0,False,False,1.0,False,True,same_region,0,0,0,-9.8,-6.2,-3.6000000000000005,-1.8000000000000003,-9.1,2.9,-12.0,-6.0,205,11,0
401468361,2022-11-15,New Orleans Pelicans,Memphis Grizzlies,113,102,2023,11,215,2.0,False,False,1.0,False,False,same_region,0,0,0,-0.8,1.2,-2.0,-1.0,1.2,4.0,-2.8,-1.4,206,11,0
401468362,2022-11-15,Dallas Mavericks,LA Clippers,103,101,2023,2,204,2.0,False,False,0.0,True,False,same_region,0,0,0,-1.4,1.6,-3.0,-1.5,0.1,-0.4,0.5,0.25,207,11,0
401468365,2022-11-15,Sacramento Kings,Brooklyn Nets,153,121,2023,32,274,1.0,False,False,1.0,False,True,east_to_west,1,1,0,4.0,6.2,-2.2,-1.1,1.0,5.8,-4.8,-2.4,208,11,0
401468364,2022-11-15,Portland Trail Blazers,San Antonio Spurs,117,110,2023,7,227,12.0,False,False,0.0,True,False,same_region,0,0,0,-0.2,-10.4,10.200000000000001,5.1000000000000005,1.4,-10.0,11.4,5.7,209,11,0
401468363,2022-11-15,Utah Jazz,New York Knicks,111,118,2023,-7,229,7.0,False,False,5.0,False,False,east_to_west,1,1,0,4.2,-6.0,10.2,5.1,3.3,-6.2,9.5,4.75,210,11,0
401468375,2022-11-16,Phoenix Suns,Golden State Warriors,130,119,2023,11,249,10.0,False,False,2.0,False,False,same_region,0,0,0,0.4,5.8,-5.3999999999999995,-2.6999999999999997,6.6,1.3,5.3,2.65,211,11,0
401468368,2022-11-16,Washington Wizards,Oklahoma City Thunder,120,121,2023,-1,241,2.0,False,False,1.0,False,True,west_to_east,1,0,1,5.8,2.4,3.4,1.7,-3.8,0.8,-4.6,-2.3,212,11,0
401468367,2022-11-16,Orlando Magic,Minnesota Timberwolves,108,126,2023,-18,234,1.0,False,False,2.0,False,False,west_to_east,1,0,1,1.4,-3.8,5.199999999999999,2.5999999999999996,0.0,-2.9,2.9,1.45,213,11,0
401468369,2022-11-16,Atlanta Hawks,Boston Celtics,101,126,2023,-25,227,5.0,False,False,3.0,False,False,same_region,0,0,0,5.0,10.2,-5.199999999999999,-2.5999999999999996,2.7,7.8,-5.1,-2.55,214,11,0
401468366,2022-11-16,Charlotte Hornets,Indiana Pacers,113,125,2023,-12,238,6.0,False,False,15.0,False,False,same_region,0,0,0,-6.6,2.6,-9.2,-4.6,-8.6,1.2,-9.799999999999999,-4.8999999999999995,215,11,0
401468371,2022-11-16,Milwaukee Bucks,Cleveland Cavaliers,113,98,2023,15,211,1.0,False,False,4.0,False,False,same_region,0,0,0,-6.8,-1.0,-5.8,-2.9,2.5,5.3,-2.8,-1.4,216,11,0
401468372,2022-11-16,New Orleans Pelicans,Chicago Bulls,124,110,2023,14,234,0.0,True,False,9.0,False,False,east_to_west,1,1,0,2.0,-5.2,7.2,3.6,2.1,0.6,1.5,0.75,217,11,0
401468374,2022-11-16,Denver Nuggets,New York Knicks,103,106,2023,-3,209,10.0,False,False,0.0,True,False,east_to_west,1,1,0,7.6,-1.6,9.2,4.6,4.1,-5.8,9.899999999999999,4.949999999999999,218,11,0
401468370,2022-11-16,Toronto Raptors,Miami Heat,112,104,2023,8,216,6.0,False,False,11.0,False,False,same_region,0,0,0,-7.2,3.6,-10.8,-5.4,2.3,3.0,-0.7000000000000002,-0.3500000000000001,219,11,0
401468373,2022-11-16,Dallas Mavericks,Houston Rockets,92,101,2023,-9,193,0.0,True,False,3.0,False,False,same_region,0,0,0,-1.2,-8.2,6.999999999999999,3.4999999999999996,0.5,-8.8,9.3,4.65,220,11,0
401468378,2022-11-17,LA Clippers,Detroit Pistons,96,91,2023,5,187,4.0,False,False,5.0,False,False,east_to_west,1,1,0,2.8,-5.8,8.6,4.3,0.2,-9.0,9.2,4.6,221,11,0
401468377,2022-11-17,Sacramento Kings,San Antonio Spurs,130,112,2023,18,242,1.0,False,False,1.0,False,True,same_region,0,0,0,9.8,-6.8,16.6,8.3,4.7,-9.5,14.2,7.1,222,11,0
401468376,2022-11-17,Portland Trail Blazers,Brooklyn Nets,107,109,2023,-2,216,1.0,False,False,1.0,False,False,east_to_west,1,1,0,5.2,-1.0,6.2,3.1,-0.4,3.0,-3.4,-1.7,223,11,0
401468382,2022-11-18,Chicago Bulls,Orlando Magic,107,108,2023,-1,215,4.0,False,False,16.0,False,False,same_region,0,0,0,-7.2,-1.6,-5.6,-2.8,-2.3,-0.7,-1.5999999999999999,-0.7999999999999999,224,11,0
401468379,2022-11-18,Washington Wizards,Miami Heat,107,106,2023,1,213,1.0,False,False,1.0,False,False,same_region,0,0,0,6.8,2.4,4.4,2.2,-2.9,0.1,-3.0,-1.5,225,11,0
401468380,2022-11-18,Cleveland Cavaliers,Charlotte Hornets,132,122,2023,10,254,4.0,False,False,3.0,False,False,same_region,0,0,0,-6.8,-7.4,0.6000000000000005,0.30000000000000027,2.7,-10.5,13.2,6.6,226,11,0
401468381,2022-11-18,Philadelphia 76ers,Milwaukee Bucks,110,102,2023,8,212,4.0,False,False,6.0,False,False,same_region,0,0,0,4.0,-6.6,10.6,5.3,3.4,2.9,0.5,0.25,227,11,0
401468386,2022-11-18,New Orleans Pelicans,Boston Celtics,109,117,2023,-8,226,1.0,False,True,1.0,False,False,east_to_west,1,1,0,6.2,14.6,-8.399999999999999,-4.199999999999999,4.8,11.2,-6.3999999999999995,-3.1999999999999997,228,11,0
401468383,2022-11-18,Houston Rockets,Indiana Pacers,91,99,2023,-8,190,3.0,False,False,1.0,False,False,east_to_west,1,1,0,-4.0,6.4,-10.4,-5.2,-7.1,1.5,-8.6,-4.3,229,11,0
401468388,2022-11-18,Golden State Warriors,New York Knicks,111,101,2023,10,212,3.0,False,False,1.0,False,True,east_to_west,1,1,0,5.4,-3.6,9.0,4.5,-1.1,-4.4,3.3000000000000003,1.6500000000000001,230,11,0
401468389,2022-11-18,Los Angeles Lakers,Detroit Pistons,128,121,2023,7,249,4.0,False,False,0.0,True,False,east_to_west,1,1,0,-8.6,-8.6,0.0,0.0,-6.3,-7.1,0.7999999999999998,0.3999999999999999,231,11,0
401468384,2022-11-18,Memphis Grizzlies,Oklahoma City Thunder,121,110,2023,11,231,6.0,False,False,1.0,False,False,same_region,0,0,0,-2.2,4.4,-6.6000000000000005,-3.3000000000000003,1.4,0.1,1.2999999999999998,0.6499999999999999,232,11,0
401468387,2022-11-18,Utah Jazz,Phoenix Suns,134,133,2023,1,267,2.0,False,False,3.0,False,False,same_region,0,0,0,1.2,-1.4,2.5999999999999996,1.2999999999999998,4.2,4.8,-0.5999999999999996,-0.2999999999999998,233,11,0
401468385,2022-11-18,Dallas Mavericks,Denver Nuggets,127,99,2023,28,226,1.0,False,True,4.0,False,False,same_region,0,0,0,-3.4,2.0,-5.4,-2.7,-0.8,6.3,-7.1,-3.55,234,11,0
401468391,2022-11-19,Indiana Pacers,Orlando Magic,114,113,2023,1,227,6.0,False,False,0.0,True,False,same_region,0,0,0,7.6,0.0,7.6,3.8,3.7,-2.6,6.300000000000001,3.1500000000000004,235,11,0
401468390,2022-11-19,Atlanta Hawks,Toronto Raptors,124,122,2023,2,246,2.0,False,False,4.0,False,False,same_region,0,0,0,-3.8,-2.8,-1.0,-0.5,-2.2,5.3,-7.5,-3.75,236,11,0
401468394,2022-11-19,LA Clippers,San Antonio Spurs,119,97,2023,22,216,1.0,False,False,1.0,False,False,same_region,0,0,0,3.4,-9.2,12.6,6.3,2.8,-11.8,14.600000000000001,7.300000000000001,237,11,0
401468393,2022-11-19,Portland Trail Blazers,Utah Jazz,113,118,2023,-5,231,1.0,False,False,5.0,False,False,same_region,0,0,0,4.2,-3.2,7.4,3.7,1.5,4.2,-2.7,-1.35,238,11,0
401468392,2022-11-19,Philadelphia 76ers,Minnesota Timberwolves,109,112,2023,-3,221,0.0,True,False,2.0,False,False,west_to_east,1,0,1,6.0,-2.6,8.6,4.3,5.2,-2.3,7.5,3.75,239,11,0
401468398,2022-11-20,Brooklyn Nets,Memphis Grizzlies,127,115,2023,12,242,10.0,False,False,4.0,False,False,west_to_east,1,0,1,-0.2,0.6,-0.8,-0.4,4.1,2.6,1.4999999999999996,0.7499999999999998,240,11,0
401468396,2022-11-20,Washington Wizards,Charlotte Hornets,106,102,2023,4,208,1.0,False,False,1.0,False,False,same_region,0,0,0,5.4,-7.4,12.8,6.4,-1.0,-10.8,9.8,4.9,241,11,0
401468397,2022-11-20,Sacramento Kings,Detroit Pistons,137,129,2023,8,266,2.0,False,False,1.0,False,True,east_to_west,1,1,0,14.0,-6.8,20.8,10.4,8.0,-9.2,17.2,8.6,242,11,0
401468401,2022-11-20,Dallas Mavericks,Denver Nuggets,97,98,2023,-1,195,1.0,False,False,1.0,False,False,same_region,0,0,0,3.6,-4.8,8.4,4.2,2.6,2.4,0.20000000000000018,0.10000000000000009,243,11,0
401468399,2022-11-20,Cleveland Cavaliers,Miami Heat,113,87,2023,26,200,1.0,False,False,1.0,False,False,same_region,0,0,0,-4.4,2.8,-7.2,-3.6,2.8,1.3,1.4999999999999998,0.7499999999999999,244,11,0
401468400,2022-11-20,Houston Rockets,Golden State Warriors,120,127,2023,-7,247,1.0,False,False,3.0,False,False,same_region,0,0,0,-7.0,6.8,-13.8,-6.9,-6.5,0.6,-7.1,-3.55,245,11,0
401468402,2022-11-20,Los Angeles Lakers,San Antonio Spurs,123,92,2023,31,215,1.0,False,False,0.0,True,True,same_region,0,0,0,-4.4,-13.2,8.799999999999999,4.3999999999999995,-4.5,-14.9,10.4,5.2,246,11,0
401468395,2022-11-20,Phoenix Suns,New York Knicks,116,95,2023,21,211,3.0,False,False,1.0,False,False,east_to_west,1,1,0,0.8,-0.2,1.0,0.5,3.4,-4.1,7.5,3.75,247,11,0
401468404,2022-11-21,Indiana Pacers,Orlando Magic,123,102,2023,21,225,1.0,False,False,1.0,False,True,same_region,0,0,0,6.4,-1.6,8.0,4.0,5.3,-1.8,7.1,3.55,248,11,0
401468405,2022-11-21,Chicago Bulls,Boston Celtics,121,107,2023,14,228,2.0,False,False,2.0,False,False,same_region,0,0,0,-5.6,13.0,-18.6,-9.3,-1.9,10.2,-12.1,-6.05,249,11,0
401468408,2022-11-21,New Orleans Pelicans,Golden State Warriors,128,83,2023,45,211,2.0,False,False,0.0,True,False,same_region,0,0,0,3.8,7.2,-3.4000000000000004,-1.7000000000000002,1.9,2.7,-0.8000000000000003,-0.40000000000000013,250,11,0
401468403,2022-11-21,Cleveland Cavaliers,Atlanta Hawks,114,102,2023,12,216,0.0,True,True,6.0,False,False,same_region,0,0,0,2.2,-2.2,4.4,2.2,4.1,-1.2,5.3,2.65,251,11,0
401468410,2022-11-21,LA Clippers,Utah Jazz,121,114,2023,7,235,1.0,False,False,1.0,False,False,same_region,0,0,0,5.2,-3.4,8.6,4.3,4.8,3.1,1.6999999999999997,0.8499999999999999,252,11,0
401468409,2022-11-21,Oklahoma City Thunder,New York Knicks,119,129,2023,-10,248,9.0,False,False,0.0,True,True,east_to_west,1,1,0,3.0,-6.2,9.2,4.6,-1.6,-4.9,3.3000000000000003,1.6500000000000001,253,11,0
401468406,2022-11-21,Milwaukee Bucks,Portland Trail Blazers,119,111,2023,8,230,4.0,False,False,8.0,False,False,west_to_east,1,0,1,-4.4,1.2,-5.6000000000000005,-2.8000000000000003,1.3,-0.4,1.7000000000000002,0.8500000000000001,254,11,0
401468407,2022-11-21,Minnesota Timberwolves,Miami Heat,105,101,2023,4,206,11.0,False,False,0.0,True,True,east_to_west,1,1,0,0.6,-3.4,4.0,2.0,-2.9,-0.7,-2.2,-1.1,255,11,0
401468414,2022-11-22,Phoenix Suns,Los Angeles Lakers,115,105,2023,10,220,1.0,False,False,12.0,False,False,same_region,0,0,0,2.6,6.4,-3.8000000000000003,-1.9000000000000001,4.0,-0.5,4.5,2.25,256,11,0
401468413,2022-11-22,Denver Nuggets,Detroit Pistons,108,110,2023,-2,218,5.0,False,False,1.0,False,False,east_to_west,1,1,0,-5.2,-6.6,1.3999999999999995,0.6999999999999997,0.9,-9.8,10.700000000000001,5.3500000000000005,257,11,0
401468412,2022-11-22,Memphis Grizzlies,Sacramento Kings,109,113,2023,-4,222,3.0,False,False,10.0,False,False,same_region,0,0,0,-2.2,14.2,-16.4,-8.2,3.0,8.2,-5.199999999999999,-2.5999999999999996,258,11,0
401468411,2022-11-22,Philadelphia 76ers,Brooklyn Nets,115,106,2023,9,221,2.0,False,False,4.0,False,False,same_region,0,0,0,3.0,-3.2,6.2,3.1,2.7,4.6,-1.8999999999999995,-0.9499999999999997,259,11,0
401468415,2022-11-23,Charlotte Hornets,Philadelphia 76ers,107,101,2023,6,208,6.0,False,False,12.0,False,False,same_region,0,0,0,-7.2,6.6,-13.8,-6.9,-9.4,3.1,-12.5,-6.25,260,11,0
401468416,2022-11-23,Cleveland Cavaliers,Portland Trail Blazers,114,96,2023,18,210,1.0,False,True,1.0,False,False,west_to_east,1,0,1,5.6,-2.6,8.2,4.1,5.2,-0.7,5.9,2.95,261,11,0
401468417,2022-11-23,Indiana Pacers,Minnesota Timberwolves,101,115,2023,-14,216,1.0,False,False,3.0,False,False,west_to_east,1,0,1,11.2,3.8,7.3999999999999995,3.6999999999999997,6.4,-1.6,8.0,4.0,262,11,0
401468418,2022-11-23,Atlanta Hawks,Sacramento Kings,115,106,2023,9,221,3.0,False,False,0.0,True,False,west_to_east,1,0,1,-6.4,13.8,-20.200000000000003,-10.100000000000001,0.6,7.9,-7.300000000000001,-3.6500000000000004,263,11,0
401468420,2022-11-23,Miami Heat,Washington Wizards,113,105,2023,8,218,8.0,False,False,15.0,False,False,same_region,0,0,0,-7.6,4.6,-12.2,-6.1,-1.8,0.1,-1.9000000000000001,-0.9500000000000001,264,11,0
401468419,2022-11-23,Boston Celtics,Dallas Mavericks,125,112,2023,13,237,8.0,False,False,12.0,False,False,west_to_east,1,0,1,6.4,5.0,1.4000000000000004,0.7000000000000002,8.9,1.6,7.300000000000001,3.6500000000000004,265,11,0
401468422,2022-11-23,Milwaukee Bucks,Chicago Bulls,113,118,2023,-5,231,1.0,False,False,6.0,False,False,same_region,0,0,0,-3.6,-5.6,1.9999999999999996,0.9999999999999998,1.9,0.0,1.9,0.95,266,11,0
401468423,2022-11-23,Oklahoma City Thunder,Denver Nuggets,126,131,2023,-5,257,1.0,False,False,2.0,False,False,same_region,0,0,0,-2.8,-1.8,-0.9999999999999998,-0.4999999999999999,-3.4,1.8,-5.2,-2.6,267,11,0
401468424,2022-11-23,San Antonio Spurs,New Orleans Pelicans,110,129,2023,-19,239,11.0,False,False,13.0,False,False,same_region,0,0,0,-23.0,15.0,-38.0,-19.0,-13.7,6.7,-20.4,-10.2,268,11,0
401468425,2022-11-23,Utah Jazz,Detroit Pistons,116,125,2023,-9,241,4.0,False,False,0.0,True,True,east_to_west,1,1,0,-3.0,-4.4,1.4000000000000004,0.7000000000000002,2.7,-7.1,9.8,4.9,269,11,0
401468426,2022-11-23,Golden State Warriors,LA Clippers,124,107,2023,17,231,4.0,False,False,7.0,False,False,same_region,0,0,0,-0.4,9.6,-10.0,-5.0,-1.1,4.7,-5.800000000000001,-2.9000000000000004,270,11,0
401468421,2022-11-23,Toronto Raptors,Brooklyn Nets,98,112,2023,-14,210,6.0,False,False,0.0,True,False,same_region,0,0,0,-4.6,-8.0,3.4000000000000004,1.7000000000000002,2.1,4.6,-2.4999999999999996,-1.2499999999999998,271,11,0
401468437,2022-11-25,San Antonio Spurs,Los Angeles Lakers,94,105,2023,-11,199,1.0,False,False,2.0,False,False,same_region,0,0,0,-19.4,7.0,-26.4,-13.2,-14.9,-2.6,-12.3,-6.15,272,11,0
401468431,2022-11-25,Indiana Pacers,Brooklyn Nets,128,117,2023,11,245,1.0,False,False,1.0,False,True,same_region,0,0,0,5.6,-2.6,8.2,4.1,4.1,1.8,2.3,1.15,273,11,0
401468428,2022-11-25,Orlando Magic,Philadelphia 76ers,99,107,2023,-8,206,8.0,False,False,1.0,False,False,same_region,0,0,0,-9.2,3.0,-12.2,-6.1,-3.1,1.8,-4.9,-2.45,274,11,0
401468429,2022-11-25,New York Knicks,Portland Trail Blazers,129,132,2023,-3,261,11.0,False,False,1.0,False,False,west_to_east,1,0,1,-2.2,-5.2,3.0,1.5,-4.1,-2.7,-1.3999999999999995,-0.6999999999999997,275,11,0
401468430,2022-11-25,Boston Celtics,Sacramento Kings,122,104,2023,18,226,1.0,False,False,1.0,False,True,west_to_east,1,0,1,7.2,10.6,-3.3999999999999995,-1.6999999999999997,9.8,7.3,2.500000000000001,1.2500000000000004,276,11,0
401468432,2022-11-25,Miami Heat,Washington Wizards,110,107,2023,3,217,1.0,False,False,1.0,False,False,same_region,0,0,0,-6.2,1.2,-7.4,-3.7,-1.3,-1.7,0.3999999999999999,0.19999999999999996,277,11,0
401468427,2022-11-25,Charlotte Hornets,Minnesota Timberwolves,110,108,2023,2,218,1.0,False,False,1.0,False,False,west_to_east,1,0,1,-2.6,8.8,-11.4,-5.7,-5.7,0.7,-6.4,-3.2,278,11,0
401468440,2022-11-25,LA Clippers,Denver Nuggets,104,114,2023,-10,218,3.0,False,False,1.0,False,False,same_region,0,0,0,3.0,-5.4,8.4,4.2,2.3,1.1,1.1999999999999997,0.5999999999999999,279,11,0
401468435,2022-11-25,Milwaukee Bucks,Cleveland Cavaliers,117,102,2023,15,219,1.0,False,False,8.0,False,False,same_region,0,0,0,-1.0,10.2,-11.2,-5.6,-1.1,4.6,-5.699999999999999,-2.8499999999999996,280,11,0
401468436,2022-11-25,Oklahoma City Thunder,Chicago Bulls,123,119,2023,4,242,1.0,False,False,1.0,False,False,east_to_west,1,1,0,-5.8,-3.8,-2.0,-1.0,-2.7,-0.4,-2.3000000000000003,-1.1500000000000001,281,11,0
401468438,2022-11-25,Phoenix Suns,Detroit Pistons,108,102,2023,6,210,2.0,False,False,1.0,False,True,east_to_west,1,1,0,8.0,-1.8,9.8,4.9,4.1,-3.8,7.8999999999999995,3.9499999999999997,282,11,0
401468439,2022-11-25,Golden State Warriors,Utah Jazz,129,118,2023,11,247,1.0,False,False,3.0,False,False,same_region,0,0,0,-4.4,-3.4,-1.0000000000000004,-0.5000000000000002,0.7,0.4,0.29999999999999993,0.14999999999999997,283,11,0
401468433,2022-11-25,Houston Rockets,Atlanta Hawks,128,122,2023,6,250,4.0,False,False,3.0,False,False,east_to_west,1,1,0,-7.0,-2.2,-4.8,-2.4,-5.7,0.2,-5.9,-2.95,284,11,0
401468434,2022-11-25,Memphis Grizzlies,New Orleans Pelicans,132,111,2023,21,243,2.0,False,False,1.0,False,False,same_region,0,0,0,-5.2,16.2,-21.4,-10.7,2.1,7.7,-5.6,-2.8,285,11,0
401468444,2022-11-26,Phoenix Suns,Utah Jazz,113,112,2023,1,225,0.0,True,False,0.0,True,False,same_region,0,0,0,9.4,-4.2,13.600000000000001,6.800000000000001,4.9,-1.5,6.4,3.2,286,11,0
401468443,2022-11-26,San Antonio Spurs,Los Angeles Lakers,138,143,2023,-5,281,0.0,True,True,0.0,True,False,same_region,0,0,0,-20.2,10.4,-30.6,-15.3,-13.5,-1.8,-11.7,-5.85,287,11,0
401468442,2022-11-26,Houston Rockets,Oklahoma City Thunder,118,105,2023,13,223,0.0,True,False,7.0,False,False,same_region,0,0,0,-3.2,-4.2,1.0,0.5,-4.9,-0.9,-4.0,-2.0,288,11,0
401468441,2022-11-26,Toronto Raptors,Dallas Mavericks,105,100,2023,5,205,2.0,False,False,2.0,False,False,west_to_east,1,0,1,-3.6,1.4,-5.0,-2.5,-3.6,0.0,-3.6,-1.8,289,11,0
401468446,2022-11-27,Minnesota Timberwolves,Golden State Warriors,114,137,2023,-23,251,5.0,False,False,5.0,False,False,same_region,0,0,0,7.4,0.0,7.4,3.7,1.8,2.7,-0.9000000000000001,-0.45000000000000007,290,11,0
401468447,2022-11-27,LA Clippers,Indiana Pacers,114,100,2023,14,214,1.0,False,False,8.0,False,False,east_to_west,1,1,0,1.4,5.4,-4.0,-2.0,2.1,5.9,-3.8000000000000003,-1.9000000000000001,291,11,0
401468450,2022-11-27,Detroit Pistons,Cleveland Cavaliers,94,102,2023,-8,196,12.0,False,False,1.0,False,False,same_region,0,0,0,-2.0,10.2,-12.2,-6.1,-5.3,1.7,-7.0,-3.5,292,11,0
401468448,2022-11-27,Atlanta Hawks,Miami Heat,98,106,2023,-8,204,3.0,False,False,5.0,False,False,same_region,0,0,0,-6.4,-4.0,-2.4000000000000004,-1.2000000000000002,-0.7,-0.8,0.10000000000000009,0.050000000000000044,293,11,0
401468453,2022-11-27,Milwaukee Bucks,Dallas Mavericks,124,115,2023,9,239,1.0,False,False,0.0,True,False,west_to_east,1,0,1,5.0,0.0,5.0,2.5,-0.9,-0.6,-0.30000000000000004,-0.15000000000000002,294,11,0
401468452,2022-11-27,Orlando Magic,Philadelphia 76ers,103,133,2023,-30,236,1.0,False,False,1.0,False,False,same_region,0,0,0,-9.4,3.2,-12.600000000000001,-6.300000000000001,-4.0,3.6,-7.6,-3.8,295,11,0
401468449,2022-11-27,Boston Celtics,Washington Wizards,130,121,2023,9,251,1.0,False,False,1.0,False,False,same_region,0,0,0,10.0,-1.4,11.4,5.7,10.1,2.2,7.8999999999999995,3.9499999999999997,296,11,0
401468451,2022-11-27,New York Knicks,Memphis Grizzlies,123,127,2023,-4,250,1.0,False,False,6.0,False,False,west_to_east,1,0,1,-4.2,1.0,-5.2,-2.6,-2.9,1.1,-4.0,-2.0,297,11,0
401468445,2022-11-27,Brooklyn Nets,Portland Trail Blazers,111,97,2023,14,208,6.0,False,False,1.0,False,False,west_to_east,1,0,1,1.6,-6.0,7.6,3.8,0.3,-0.4,0.7,0.35,298,11,0
401468455,2022-11-28,Washington Wizards,Minnesota Timberwolves,142,127,2023,15,269,7.0,False,False,2.0,False,False,west_to_east,1,0,1,-3.0,-0.8,-2.2,-1.1,1.9,-1.7,3.5999999999999996,1.7999999999999998,299,11,0
401468454,2022-11-28,Philadelphia 76ers,Atlanta Hawks,104,101,2023,3,205,5.0,False,False,2.0,False,False,same_region,0,0,0,7.6,-3.0,10.6,5.3,6.8,-3.4,10.2,5.1,300,11,0
401468457,2022-11-28,Brooklyn Nets,Orlando Magic,109,102,2023,7,211,0.0,True,False,6.0,False,False,same_region,0,0,0,4.0,-11.8,15.8,7.9,1.9,-6.7,8.6,4.3,301,11,0
401468458,2022-11-28,Toronto Raptors,Cleveland Cavaliers,100,88,2023,12,188,1.0,False,False,0.0,True,True,same_region,0,0,0,0.2,9.8,-9.600000000000001,-4.800000000000001,-3.0,2.7,-5.7,-2.85,302,11,0
401468456,2022-11-28,Boston Celtics,Charlotte Hornets,140,105,2023,35,245,0.0,True,True,7.0,False,False,same_region,0,0,0,6.8,-3.6,10.4,5.2,10.7,-5.1,15.799999999999999,7.8999999999999995,303,11,0
401468460,2022-11-28,Denver Nuggets,Houston Rockets,129,113,2023,16,242,5.0,False,False,11.0,False,False,same_region,0,0,0,-2.8,2.6,-5.4,-2.7,-0.4,-2.8,2.4,1.2,304,11,0
401468461,2022-11-28,Utah Jazz,Chicago Bulls,107,114,2023,-7,221,4.0,False,False,2.0,False,False,east_to_west,1,1,0,-4.6,0.0,-4.6,-2.3,-3.9,-2.6,-1.2999999999999998,-0.6499999999999999,305,11,0
401468463,2022-11-28,Los Angeles Lakers,Indiana Pacers,115,116,2023,-1,231,7.0,False,False,0.0,True,False,east_to_west,1,1,0,8.8,1.0,7.800000000000001,3.9000000000000004,0.1,4.3,-4.2,-2.1,306,11,0
401468459,2022-11-28,New Orleans Pelicans,Oklahoma City Thunder,105,101,2023,4,206,6.0,False,False,1.0,False,False,same_region,0,0,0,9.8,-7.0,16.8,8.4,5.9,-1.3,7.2,3.6,307,11,0
401468462,2022-11-28,Sacramento Kings,Phoenix Suns,117,122,2023,-5,239,7.0,False,False,9.0,False,False,same_region,0,0,0,0.6,7.4,-6.800000000000001,-3.4000000000000004,5.2,3.0,2.2,1.1,308,11,0
401468466,2022-11-29,Portland Trail Blazers,LA Clippers,112,118,2023,-6,230,9.0,False,False,5.0,False,False,same_region,0,0,0,-8.4,3.2,-11.600000000000001,-5.800000000000001,-2.1,3.3,-5.4,-2.7,309,11,0
401468465,2022-11-29,Dallas Mavericks,Golden State Warriors,116,113,2023,3,229,8.0,False,False,1.0,False,False,same_region,0,0,0,0.0,2.6,-2.6,-1.3,-1.7,4.7,-6.4,-3.2,310,11,0
401468464,2022-11-29,Detroit Pistons,New York Knicks,110,140,2023,-30,250,1.0,False,False,7.0,False,False,same_region,0,0,0,-2.2,-5.6,3.3999999999999995,1.6999999999999997,-4.5,-4.6,0.09999999999999964,0.04999999999999982,311,11,0
401468470,2022-11-30,Brooklyn Nets,Washington Wizards,113,107,2023,6,220,1.0,False,True,2.0,False,False,same_region,0,0,0,3.0,-0.2,3.2,1.6,-0.1,2.6,-2.7,-1.35,312,11,0
401468478,2022-11-30,Sacramento Kings,Indiana Pacers,137,114,2023,23,251,1.0,False,False,1.0,False,True,east_to_west,1,1,0,-4.0,1.0,-5.0,-2.5,5.0,3.7,1.2999999999999998,0.6499999999999999,313,11,0
401468467,2022-11-30,Cleveland Cavaliers,Philadelphia 76ers,113,85,2023,28,198,6.0,False,False,2.0,False,False,same_region,0,0,0,2.2,8.8,-6.6000000000000005,-3.3000000000000003,2.2,5.9,-3.7,-1.85,314,11,0
401468468,2022-11-30,Orlando Magic,Atlanta Hawks,108,125,2023,-17,233,2.0,False,False,1.0,False,False,same_region,0,0,0,-13.4,-4.0,-9.4,-4.7,-6.7,-3.1,-3.6,-1.8,315,11,0
401468469,2022-11-30,Boston Celtics,Miami Heat,134,121,2023,13,255,1.0,False,True,2.0,False,False,same_region,0,0,0,12.2,-2.2,14.399999999999999,7.199999999999999,12.6,0.3,12.299999999999999,6.1499999999999995,316,11,0
401468472,2022-11-30,Minnesota Timberwolves,Memphis Grizzlies,109,101,2023,8,210,2.0,False,False,2.0,False,False,same_region,0,0,0,-4.4,4.0,-8.4,-4.2,-1.9,0.9,-2.8,-1.4,317,11,0
401468475,2022-11-30,Denver Nuggets,Houston Rockets,120,100,2023,20,220,1.0,False,False,1.0,False,False,same_region,0,0,0,6.0,-2.4,8.4,4.2,0.6,-3.2,3.8000000000000003,1.9000000000000001,318,11,0
401468474,2022-11-30,Oklahoma City Thunder,San Antonio Spurs,119,111,2023,8,230,4.0,False,False,9.0,False,False,same_region,0,0,0,-5.6,-17.6,12.000000000000002,6.000000000000001,-1.3,-13.4,12.1,6.05,319,11,0
401468476,2022-11-30,Phoenix Suns,Chicago Bulls,132,113,2023,19,245,3.0,False,False,1.0,False,False,east_to_west,1,1,0,8.6,4.2,4.3999999999999995,2.1999999999999997,4.7,-1.5,6.2,3.1,320,11,0
401468477,2022-11-30,Utah Jazz,LA Clippers,125,112,2023,13,237,1.0,False,False,0.0,True,False,same_region,0,0,0,-7.0,0.0,-7.0,-3.5,-5.2,2.6,-7.800000000000001,-3.9000000000000004,321,11,0
401468479,2022-11-30,Los Angeles Lakers,Portland Trail Blazers,128,109,2023,19,237,1.0,False,False,2.0,False,False,same_region,0,0,0,7.2,-8.6,15.8,7.9,1.4,-3.7,5.1,2.55,322,11,0
401468473,2022-11-30,New Orleans Pelicans,Toronto Raptors,126,108,2023,18,234,1.0,False,False,10.0,False,False,east_to_west,1,1,0,7.8,1.8,6.0,3.0,7.0,-2.7,9.7,4.85,323,11,0
401468471,2022-11-30,New York Knicks,Milwaukee Bucks,103,109,2023,-6,212,2.0,False,False,11.0,False,False,same_region,0,0,0,2.4,3.8,-1.4,-0.7,1.1,-1.4,2.5,1.25,324,11,0
401468480,2022-12-01,Detroit Pistons,Dallas Mavericks,131,125,2023,6,256,1.0,False,False,3.0,False,False,west_to_east,1,0,1,-6.6,-5.0,-1.5999999999999996,-0.7999999999999998,-6.6,-0.7,-5.8999999999999995,-2.9499999999999997,325,12,0
401468484,2022-12-02,Brooklyn Nets,Toronto Raptors,114,105,2023,9,219,1.0,False,False,1.0,False,False,same_region,0,0,0,6.0,-3.4,9.4,4.7,-1.0,-3.1,2.1,1.05,326,12,0
401468481,2022-12-02,Charlotte Hornets,Washington Wizards,117,116,2023,1,233,6.0,False,False,1.0,False,False,same_region,0,0,0,-8.2,-2.2,-5.999999999999999,-2.9999999999999996,-7.8,1.2,-9.0,-4.5,327,12,0
401468482,2022-12-02,Atlanta Hawks,Denver Nuggets,117,109,2023,8,226,4.0,False,False,6.0,False,False,west_to_east,1,0,1,1.8,9.8,-8.0,-4.0,-2.3,2.3,-4.6,-2.3,328,12,0
401468483,2022-12-02,Boston Celtics,Miami Heat,116,120,2023,-4,236,1.0,False,False,1.0,False,False,same_region,0,0,0,17.6,0.4,17.200000000000003,8.600000000000001,12.0,-1.5,13.5,6.75,329,12,0
401468487,2022-12-02,Memphis Grizzlies,Philadelphia 76ers,117,109,2023,8,226,6.0,False,False,1.0,False,False,east_to_west,1,1,0,0.2,1.4,-1.2,-0.6,0.4,4.0,-3.6,-1.8,330,12,0
401468491,2022-12-02,Golden State Warriors,Chicago Bulls,119,111,2023,8,230,6.0,False,False,1.0,False,False,east_to_west,1,1,0,0.6,0.6,0.0,0.0,3.9,-2.5,6.4,3.2,331,12,0
401468485,2022-12-02,Cleveland Cavaliers,Orlando Magic,107,96,2023,11,203,1.0,False,False,3.0,False,False,same_region,0,0,0,5.4,-16.6,22.0,11.0,5.5,-9.1,14.6,7.3,332,12,0
401468486,2022-12-02,Milwaukee Bucks,Los Angeles Lakers,129,133,2023,-4,262,4.0,False,False,5.0,False,False,west_to_east,1,0,1,6.6,4.8,1.7999999999999998,0.8999999999999999,1.1,5.6,-4.5,-2.25,333,12,0
401468488,2022-12-02,San Antonio Spurs,New Orleans Pelicans,99,117,2023,-18,216,5.0,False,False,6.0,False,False,same_region,0,0,0,-14.8,13.0,-27.8,-13.9,-14.0,8.4,-22.4,-11.2,334,12,0
401468489,2022-12-02,Phoenix Suns,Houston Rockets,121,122,2023,-1,243,1.0,False,False,1.0,False,False,same_region,0,0,0,8.2,-4.8,13.0,6.5,5.4,-5.9,11.3,5.65,335,12,0
401468490,2022-12-02,Utah Jazz,Indiana Pacers,139,119,2023,20,258,1.0,False,False,1.0,False,False,east_to_west,1,1,0,-3.0,-7.8,4.8,2.4,-3.0,1.7,-4.7,-2.35,336,12,0
401468498,2022-12-03,Utah Jazz,Portland Trail Blazers,111,116,2023,-5,227,0.0,True,True,2.0,False,False,same_region,0,0,0,2.8,-10.8,13.600000000000001,6.800000000000001,-0.3,-6.7,6.4,3.2,337,12,0
401468497,2022-12-03,Golden State Warriors,Houston Rockets,120,101,2023,19,221,0.0,True,False,0.0,True,True,same_region,0,0,0,11.2,-3.2,14.399999999999999,7.199999999999999,5.4,-5.1,10.5,5.25,338,12,0
401468496,2022-12-03,Minnesota Timberwolves,Oklahoma City Thunder,128,135,2023,-7,263,2.0,False,False,4.0,False,False,same_region,0,0,0,-3.6,-2.0,-1.6,-0.8,0.1,-2.4,2.5,1.25,339,12,0
401468495,2022-12-03,Toronto Raptors,Orlando Magic,121,108,2023,13,229,4.0,False,False,0.0,True,False,same_region,0,0,0,-4.8,-14.6,9.8,4.9,-4.7,-11.9,7.2,3.6,340,12,0
401468494,2022-12-03,Charlotte Hornets,Milwaukee Bucks,96,105,2023,-9,201,0.0,True,False,2.0,False,False,same_region,0,0,0,-6.0,4.2,-10.2,-5.1,-6.7,0.3,-7.0,-3.5,341,12,0
401468493,2022-12-03,LA Clippers,Sacramento Kings,96,123,2023,-27,219,5.0,False,False,7.0,False,False,same_region,0,0,0,-4.0,-1.0,-3.0,-1.5,2.8,6.6,-3.8,-1.9,342,12,0
401468492,2022-12-03,New York Knicks,Dallas Mavericks,100,121,2023,-21,221,2.0,False,False,1.0,False,False,west_to_east,1,0,1,5.4,-6.0,11.4,5.7,-0.4,-0.5,0.09999999999999998,0.04999999999999999,343,12,0
401468505,2022-12-04,Sacramento Kings,Chicago Bulls,110,101,2023,9,211,3.0,False,False,1.0,False,False,east_to_west,1,1,0,3.6,-3.8,7.4,3.7,8.7,-4.7,13.399999999999999,6.699999999999999,344,12,0
401468499,2022-12-04,New Orleans Pelicans,Denver Nuggets,121,106,2023,15,227,3.0,False,False,1.0,False,False,same_region,0,0,0,7.6,8.6,-1.0,-0.5,11.3,3.4,7.9,3.95,345,12,0
401468501,2022-12-04,Brooklyn Nets,Boston Celtics,92,103,2023,-11,195,1.0,False,False,12.0,False,False,same_region,0,0,0,5.0,14.2,-9.2,-4.6,1.2,10.7,-9.5,-4.75,346,12,0
401468500,2022-12-04,San Antonio Spurs,Phoenix Suns,95,133,2023,-38,228,1.0,False,False,5.0,False,False,same_region,0,0,0,-12.2,6.0,-18.2,-9.1,-17.6,7.0,-24.6,-12.3,347,12,0
401468503,2022-12-04,New York Knicks,Cleveland Cavaliers,92,81,2023,11,173,0.0,True,False,5.0,False,False,same_region,0,0,0,-0.8,4.0,-4.8,-2.4,-1.5,7.1,-8.6,-4.3,348,12,0
401468506,2022-12-04,Portland Trail Blazers,Indiana Pacers,116,100,2023,16,216,4.0,False,False,1.0,False,False,east_to_west,1,1,0,-6.2,-9.0,2.8,1.4,-5.7,-1.7,-4.0,-2.0,349,12,0
401468502,2022-12-04,Detroit Pistons,Memphis Grizzlies,112,122,2023,-10,234,2.0,False,False,3.0,False,False,west_to_east,1,0,1,-5.8,4.2,-10.0,-5.0,-5.1,1.0,-6.1,-3.05,350,12,0
401468504,2022-12-04,Washington Wizards,Los Angeles Lakers,119,130,2023,-11,249,5.0,False,False,1.0,False,False,west_to_east,1,0,1,-0.8,7.6,-8.4,-4.2,0.2,7.3,-7.1,-3.55,351,12,0
401468508,2022-12-05,Orlando Magic,Milwaukee Bucks,102,109,2023,-7,211,4.0,False,False,1.0,False,False,same_region,0,0,0,-15.6,7.0,-22.6,-11.3,-12.5,3.0,-15.5,-7.75,352,12,0
401468509,2022-12-05,Atlanta Hawks,Oklahoma City Thunder,114,121,2023,-7,235,2.0,False,False,1.0,False,False,west_to_east,1,0,1,1.6,0.4,1.2000000000000002,0.6000000000000001,-0.3,-2.7,2.4000000000000004,1.2000000000000002,353,12,0
401468510,2022-12-05,Toronto Raptors,Boston Celtics,110,116,2023,-6,226,1.0,False,False,0.0,True,False,same_region,0,0,0,0.6,12.8,-12.200000000000001,-6.1000000000000005,-1.5,11.4,-12.9,-6.45,354,12,0
401468507,2022-12-05,Charlotte Hornets,LA Clippers,117,119,2023,-2,236,1.0,False,True,4.0,False,False,west_to_east,1,0,1,-7.0,-6.0,-1.0,-0.5,-7.1,-1.5,-5.6,-2.8,355,12,0
401468512,2022-12-05,Memphis Grizzlies,Miami Heat,101,93,2023,8,194,2.0,False,False,2.0,False,False,east_to_west,1,1,0,7.0,2.0,5.0,2.5,0.9,-2.8,3.6999999999999997,1.8499999999999999,356,12,0
401468513,2022-12-05,Dallas Mavericks,Phoenix Suns,130,111,2023,19,241,5.0,False,False,0.0,True,False,same_region,0,0,0,0.8,12.4,-11.6,-5.8,1.1,10.9,-9.8,-4.9,357,12,0
401468511,2022-12-05,Houston Rockets,Philadelphia 76ers,132,123,2023,9,255,8.0,False,False,2.0,False,False,east_to_west,1,1,0,-8.2,1.0,-9.2,-4.6,-5.7,2.0,-7.7,-3.85,358,12,0
401468514,2022-12-05,Golden State Warriors,Indiana Pacers,104,112,2023,-8,216,1.0,False,True,0.0,True,True,east_to_west,1,1,0,11.6,-14.4,26.0,13.0,3.6,-4.5,8.1,4.05,359,12,0
401468517,2022-12-06,Denver Nuggets,Dallas Mavericks,115,116,2023,-1,231,5.0,False,False,2.0,False,False,same_region,0,0,0,4.6,5.6,-1.0,-0.5,-0.4,2.8,-3.1999999999999997,-1.5999999999999999,360,12,0
401468516,2022-12-06,Miami Heat,Detroit Pistons,96,116,2023,-20,212,10.0,False,False,10.0,False,False,same_region,0,0,0,-1.2,-9.6,8.4,4.2,-3.7,-5.7,2.0,1.0,361,12,0
401468515,2022-12-06,Cleveland Cavaliers,Los Angeles Lakers,116,102,2023,14,218,3.0,False,False,1.0,False,False,west_to_east,1,0,1,4.8,7.6,-2.8,-1.4,7.5,9.0,-1.5,-0.75,362,12,0
401468521,2022-12-07,Toronto Raptors,Los Angeles Lakers,126,113,2023,13,239,1.0,False,False,0.0,True,True,west_to_east,1,0,1,-1.6,3.8,-5.4,-2.7,-0.7,6.3,-7.0,-3.5,363,12,0
401468522,2022-12-07,Chicago Bulls,Washington Wizards,115,111,2023,4,226,15.0,False,False,4.0,False,False,same_region,0,0,0,-6.6,-2.4,-4.199999999999999,-2.0999999999999996,-5.2,-1.9,-3.3000000000000003,-1.6500000000000001,364,12,0
401468518,2022-12-07,Orlando Magic,LA Clippers,116,111,2023,5,227,1.0,False,False,1.0,False,False,west_to_east,1,0,1,-11.0,-3.6,-7.4,-3.7,-11.4,-1.1,-10.3,-5.15,365,12,0
401468520,2022-12-07,New York Knicks,Atlanta Hawks,113,89,2023,24,202,2.0,False,False,6.0,False,False,same_region,0,0,0,2.0,1.4,0.6000000000000001,0.30000000000000004,-1.1,-2.5,1.4,0.7,366,12,0
401468527,2022-12-07,Utah Jazz,Golden State Warriors,124,123,2023,1,247,3.0,False,False,7.0,False,False,same_region,0,0,0,4.0,7.8,-3.8,-1.9,-0.1,3.9,-4.0,-2.0,367,12,0
401468519,2022-12-07,Brooklyn Nets,Charlotte Hornets,122,116,2023,6,238,2.0,False,False,8.0,False,False,same_region,0,0,0,5.0,-8.6,13.6,6.8,3.3,-5.6,8.899999999999999,4.449999999999999,368,12,0
401468526,2022-12-07,New Orleans Pelicans,Detroit Pistons,104,98,2023,6,202,2.0,False,False,0.0,True,False,east_to_west,1,1,0,6.8,-4.4,11.2,5.6,11.5,-3.2,14.7,7.35,369,12,0
401468528,2022-12-07,Phoenix Suns,Boston Celtics,98,125,2023,-27,223,4.0,False,False,1.0,False,True,east_to_west,1,1,0,8.4,12.2,-3.799999999999999,-1.8999999999999995,7.9,9.5,-1.5999999999999996,-0.7999999999999998,370,12,0
401468523,2022-12-07,Memphis Grizzlies,Oklahoma City Thunder,123,102,2023,21,225,1.0,False,False,1.0,False,False,same_region,0,0,0,4.4,1.0,3.4000000000000004,1.7000000000000002,2.7,-1.6,4.300000000000001,2.1500000000000004,371,12,0
401468525,2022-12-07,Minnesota Timberwolves,Indiana Pacers,121,115,2023,6,236,3.0,False,False,1.0,False,True,east_to_west,1,1,0,-7.8,-10.0,2.2,1.1,0.5,-4.5,5.0,2.5,372,12,0
401468524,2022-12-07,Milwaukee Bucks,Sacramento Kings,126,113,2023,13,239,4.0,False,False,3.0,False,False,west_to_east,1,0,1,5.4,7.2,-1.7999999999999998,-0.8999999999999999,5.2,8.9,-3.7,-1.85,373,12,0
401468531,2022-12-08,Portland Trail Blazers,Denver Nuggets,120,121,2023,-1,241,3.0,False,False,3.0,False,False,same_region,0,0,0,-3.6,2.4,-6.0,-3.0,-4.8,-0.2,-4.6,-2.3,374,12,0
401468530,2022-12-08,San Antonio Spurs,Houston Rockets,118,109,2023,9,227,3.0,False,False,4.0,False,False,same_region,0,0,0,-16.0,-9.0,-7.0,-3.5,-17.7,-3.2,-14.5,-7.25,375,12,0
401468529,2022-12-08,Miami Heat,LA Clippers,115,110,2023,5,225,1.0,False,False,0.0,True,True,west_to_east,1,0,1,-5.8,-7.4,1.6000000000000005,0.8000000000000003,-4.9,-2.1,-2.8000000000000003,-1.4000000000000001,376,12,0
401468541,2022-12-09,Dallas Mavericks,Milwaukee Bucks,105,106,2023,-1,211,3.0,False,False,3.0,False,False,east_to_west,1,1,0,7.6,6.2,1.3999999999999995,0.6999999999999997,3.8,5.0,-1.2000000000000002,-0.6000000000000001,377,12,0
401468534,2022-12-09,Orlando Magic,Toronto Raptors,113,109,2023,4,222,1.0,False,False,6.0,False,False,same_region,0,0,0,-8.6,-1.4,-7.199999999999999,-3.5999999999999996,-11.0,0.2,-11.2,-5.6,378,12,0
401468532,2022-12-09,Charlotte Hornets,New York Knicks,102,121,2023,-19,223,3.0,False,False,9.0,False,False,same_region,0,0,0,-10.2,7.6,-17.799999999999997,-8.899999999999999,-6.9,1.0,-7.9,-3.95,379,12,0
401468535,2022-12-09,Brooklyn Nets,Atlanta Hawks,120,116,2023,4,236,1.0,False,False,1.0,False,False,same_region,0,0,0,3.4,-1.8,5.2,2.6,3.7,-2.4,6.1,3.05,380,12,0
401468533,2022-12-09,Indiana Pacers,Washington Wizards,121,111,2023,10,232,13.0,False,False,1.0,False,False,same_region,0,0,0,-11.4,-1.4,-10.0,-5.0,-5.2,-2.2,-3.0,-1.5,381,12,0
401468539,2022-12-09,New Orleans Pelicans,Phoenix Suns,128,117,2023,11,245,1.0,False,False,3.0,False,False,same_region,0,0,0,12.2,2.0,10.2,5.1,11.0,5.3,5.7,2.85,382,12,0
401468538,2022-12-09,Memphis Grizzlies,Detroit Pistons,114,103,2023,11,217,1.0,False,False,1.0,False,True,east_to_west,1,1,0,7.8,-4.0,11.8,5.9,5.9,-3.1,9.0,4.5,383,12,0
401468540,2022-12-09,Utah Jazz,Minnesota Timberwolves,108,118,2023,-10,226,1.0,False,False,10.0,False,False,same_region,0,0,0,4.4,-6.2,10.600000000000001,5.300000000000001,-0.1,0.6,-0.7,-0.35,384,12,0
401468536,2022-12-09,Cleveland Cavaliers,Sacramento Kings,95,106,2023,-11,201,2.0,False,False,1.0,False,False,west_to_east,1,0,1,6.0,8.2,-2.1999999999999993,-1.0999999999999996,7.9,4.4,3.5,1.75,385,12,0
401468537,2022-12-09,Philadelphia 76ers,Los Angeles Lakers,133,122,2023,11,255,10.0,False,False,1.0,False,True,west_to_east,1,0,1,-2.4,1.4,-3.8,-1.9,0.4,4.3,-3.9,-1.95,386,12,0
401468546,2022-12-10,Chicago Bulls,Dallas Mavericks,144,115,2023,29,259,2.0,False,False,3.0,False,False,west_to_east,1,0,1,-5.0,6.8,-11.8,-5.9,-2.5,0.9,-3.4,-1.7,387,12,0
401468549,2022-12-10,Portland Trail Blazers,Minnesota Timberwolves,124,118,2023,6,242,1.0,False,False,0.0,True,False,same_region,0,0,0,-1.0,0.4,-1.4,-0.7,-4.7,-0.2,-4.5,-2.25,388,12,0
401468548,2022-12-10,Denver Nuggets,Utah Jazz,115,110,2023,5,225,3.0,False,False,13.0,False,False,same_region,0,0,0,-0.6,3.8,-4.3999999999999995,-2.1999999999999997,2.7,-1.6,4.300000000000001,2.1500000000000004,389,12,0
401468547,2022-12-10,Golden State Warriors,Boston Celtics,123,107,2023,16,230,4.0,False,False,2.0,False,False,east_to_west,1,1,0,3.0,10.6,-7.6,-3.8,2.8,11.4,-8.600000000000001,-4.300000000000001,390,12,0
401468544,2022-12-10,Washington Wizards,LA Clippers,107,114,2023,-7,221,5.0,False,False,1.0,False,True,west_to_east,1,0,1,-6.4,-9.6,3.1999999999999993,1.5999999999999996,-3.3,-4.8,1.5,0.75,391,12,0
401468543,2022-12-10,Indiana Pacers,Brooklyn Nets,133,136,2023,-3,269,0.0,True,False,14.0,False,False,same_region,0,0,0,-4.8,2.8,-7.6,-3.8,-6.3,2.9,-9.2,-4.6,392,12,0
401468542,2022-12-10,Miami Heat,San Antonio Spurs,111,115,2023,-4,226,1.0,False,False,9.0,False,False,west_to_east,1,0,1,-6.4,-12.0,5.6,2.8,-4.3,-16.1,11.8,5.9,393,12,0
401468545,2022-12-10,Cleveland Cavaliers,Oklahoma City Thunder,110,102,2023,8,212,0.0,True,False,2.0,False,False,west_to_east,1,0,1,6.2,-0.6,6.8,3.4,4.2,-3.8,8.0,4.0,394,12,0
401468550,2022-12-11,New Orleans Pelicans,Phoenix Suns,129,124,2023,5,253,1.0,False,False,1.0,False,False,same_region,0,0,0,13.6,-4.0,17.6,8.8,10.7,2.1,8.6,4.3,395,12,0
401468552,2022-12-11,New York Knicks,Sacramento Kings,112,99,2023,13,211,3.0,False,False,1.0,False,False,west_to_east,1,0,1,5.4,11.4,-6.0,-3.0,3.9,3.7,0.19999999999999973,0.09999999999999987,396,12,0
401468553,2022-12-11,Orlando Magic,Toronto Raptors,111,99,2023,12,210,1.0,False,False,1.0,False,False,same_region,0,0,0,-4.4,1.4,-5.800000000000001,-2.9000000000000004,-10.5,-1.0,-9.5,-4.75,397,12,0
401468551,2022-12-11,Detroit Pistons,Los Angeles Lakers,117,124,2023,-7,241,6.0,False,False,1.0,False,False,west_to_east,1,0,1,-0.2,-4.6,4.3999999999999995,2.1999999999999997,-3.4,0.1,-3.5,-1.75,398,12,0
401468555,2022-12-11,Atlanta Hawks,Chicago Bulls,123,122,2023,1,245,5.0,False,False,6.0,False,False,same_region,0,0,0,-2.0,-0.6,-1.4,-0.7,-3.0,1.8,-4.8,-2.4,399,12,0
401468556,2022-12-11,Houston Rockets,Milwaukee Bucks,97,92,2023,5,189,5.0,False,False,1.0,False,False,east_to_west,1,1,0,-7.6,5.2,-12.8,-6.4,-5.0,5.9,-10.9,-5.45,400,12,0
401468554,2022-12-11,Philadelphia 76ers,Charlotte Hornets,131,113,2023,18,244,1.0,False,False,3.0,False,False,same_region,0,0,0,-6.2,-7.0,0.7999999999999998,0.3999999999999999,0.7,-7.6,8.299999999999999,4.1499999999999995,401,12,0
401468558,2022-12-12,Washington Wizards,Brooklyn Nets,100,112,2023,-12,212,1.0,False,False,1.0,False,False,same_region,0,0,0,-6.6,2.2,-8.8,-4.4,-4.4,4.1,-8.5,-4.25,402,12,0
401468559,2022-12-12,Memphis Grizzlies,Atlanta Hawks,128,103,2023,25,231,2.0,False,False,2.0,False,False,east_to_west,1,1,0,11.6,-5.2,16.8,8.4,5.9,-1.7,7.6000000000000005,3.8000000000000003,403,12,0
401468557,2022-12-12,Indiana Pacers,Miami Heat,82,87,2023,-5,169,1.0,False,True,6.0,False,False,same_region,0,0,0,-1.4,-4.6,3.1999999999999997,1.5999999999999999,-5.2,-2.1,-3.1,-1.55,404,12,0
401468561,2022-12-12,San Antonio Spurs,Cleveland Cavaliers,112,111,2023,1,223,3.0,False,False,7.0,False,False,east_to_west,1,1,0,-10.2,2.2,-12.399999999999999,-6.199999999999999,-13.9,3.8,-17.7,-8.85,405,12,0
401468562,2022-12-12,Portland Trail Blazers,Minnesota Timberwolves,133,112,2023,21,245,1.0,False,False,1.0,False,True,same_region,0,0,0,1.4,2.2,-0.8000000000000003,-0.40000000000000013,-3.6,-1.1,-2.5,-1.25,406,12,0
401468563,2022-12-12,LA Clippers,Boston Celtics,113,93,2023,20,206,8.0,False,False,1.0,False,False,east_to_west,1,1,0,-5.6,4.8,-10.399999999999999,-5.199999999999999,-4.8,11.2,-16.0,-8.0,407,12,0
401468560,2022-12-12,Dallas Mavericks,Oklahoma City Thunder,121,114,2023,7,235,2.0,False,False,1.0,False,False,same_region,0,0,0,2.2,-1.4,3.6,1.8,-1.9,-3.5,1.6,0.8,408,12,0
401468568,2022-12-13,Los Angeles Lakers,Boston Celtics,118,122,2023,-4,240,12.0,False,False,0.0,True,True,east_to_west,1,1,0,-4.0,1.6,-5.6,-2.8,1.8,7.9,-6.1000000000000005,-3.0500000000000003,409,12,0
401468564,2022-12-13,Philadelphia 76ers,Sacramento Kings,123,103,2023,20,226,1.0,False,False,1.0,False,False,west_to_east,1,0,1,-3.2,4.2,-7.4,-3.7,2.8,1.6,1.1999999999999997,0.5999999999999999,410,12,0
401468567,2022-12-13,Utah Jazz,New Orleans Pelicans,121,100,2023,21,221,3.0,False,False,10.0,False,False,same_region,0,0,0,0.2,11.0,-10.8,-5.4,-1.4,12.0,-13.4,-6.7,411,12,0
401468565,2022-12-13,Milwaukee Bucks,Golden State Warriors,128,111,2023,17,239,5.0,False,False,5.0,False,False,west_to_east,1,0,1,5.0,6.8,-1.7999999999999998,-0.8999999999999999,4.6,3.7,0.8999999999999995,0.44999999999999973,412,12,0
401468566,2022-12-13,Houston Rockets,Phoenix Suns,111,97,2023,14,208,1.0,False,False,1.0,False,False,same_region,0,0,0,-2.6,-4.8,2.1999999999999997,1.0999999999999999,-3.7,0.6,-4.3,-2.15,413,12,0
401468577,2022-12-14,Denver Nuggets,Washington Wizards,141,128,2023,13,269,3.0,False,False,4.0,False,False,east_to_west,1,1,0,-3.6,-8.8,5.200000000000001,2.6000000000000005,3.1,-4.8,7.9,3.95,414,12,0
401468569,2022-12-14,Charlotte Hornets,Detroit Pistons,134,141,2023,-7,275,4.0,False,False,4.0,False,False,same_region,0,0,0,-10.8,-2.8,-8.0,-4.0,-8.4,-4.3,-4.1000000000000005,-2.0500000000000003,415,12,0
401468570,2022-12-14,Indiana Pacers,Golden State Warriors,125,119,2023,6,244,1.0,False,False,0.0,True,False,west_to_east,1,0,1,0.8,1.8,-1.0,-0.5,-6.8,6.5,-13.3,-6.65,416,12,0
401468572,2022-12-14,Toronto Raptors,Sacramento Kings,123,124,2023,-1,247,6.0,False,False,0.0,True,True,west_to_east,1,0,1,0.8,-5.2,6.0,3.0,-2.0,-0.8,-1.2,-0.6,417,12,0
401468571,2022-12-14,Orlando Magic,Atlanta Hawks,135,124,2023,11,259,2.0,False,False,1.0,False,False,same_region,0,0,0,0.2,-11.8,12.0,6.0,-7.2,-5.1,-2.1000000000000005,-1.0500000000000003,418,12,0
401468574,2022-12-14,Oklahoma City Thunder,Miami Heat,108,110,2023,-2,218,13.0,False,False,1.0,False,False,east_to_west,1,1,0,-4.4,-4.4,0.0,0.0,-3.2,-1.2,-2.0,-1.0,419,12,0
401468578,2022-12-14,LA Clippers,Minnesota Timberwolves,99,88,2023,11,187,1.0,False,False,1.0,False,False,same_region,0,0,0,3.8,-3.6,7.4,3.7,-1.1,-3.6,2.5,1.25,420,12,0
401468575,2022-12-14,San Antonio Spurs,Portland Trail Blazers,112,128,2023,-16,240,1.0,False,False,10.0,False,False,same_region,0,0,0,-8.4,9.4,-17.8,-8.9,-11.6,-0.7,-10.9,-5.45,421,12,0
401468576,2022-12-14,Dallas Mavericks,Cleveland Cavaliers,90,105,2023,-15,195,1.0,False,False,1.0,False,False,east_to_west,1,1,0,-0.6,-0.2,-0.39999999999999997,-0.19999999999999998,0.1,1.9,-1.7999999999999998,-0.8999999999999999,422,12,0
401468573,2022-12-14,Chicago Bulls,New York Knicks,120,128,2023,-8,248,3.0,False,False,4.0,False,False,same_region,0,0,0,3.0,9.2,-6.199999999999999,-3.0999999999999996,1.8,7.3,-5.5,-2.75,423,12,0
401468582,2022-12-15,LA Clippers,Phoenix Suns,95,111,2023,-16,206,0.0,True,True,1.0,False,False,same_region,0,0,0,5.6,-15.2,20.799999999999997,10.399999999999999,1.0,-1.4,2.4,1.2,424,12,0
401468581,2022-12-15,Utah Jazz,New Orleans Pelicans,132,129,2023,3,261,1.0,False,False,1.0,False,False,same_region,0,0,0,0.4,3.2,-2.8000000000000003,-1.4000000000000001,1.6,5.4,-3.8000000000000003,-1.9000000000000001,425,12,0
401468580,2022-12-15,Memphis Grizzlies,Milwaukee Bucks,142,101,2023,41,243,2.0,False,False,3.0,False,False,east_to_west,1,1,0,15.0,6.6,8.4,4.2,9.6,6.8,2.8,1.4,426,12,0
401468579,2022-12-15,Houston Rockets,Miami Heat,108,111,2023,-3,219,1.0,False,False,0.0,True,True,east_to_west,1,1,0,0.0,-2.4,2.4,1.2,-1.6,-1.8,0.19999999999999996,0.09999999999999998,427,12,0
401468585,2022-12-16,Boston Celtics,Orlando Magic,109,117,2023,-8,226,13.0,False,False,12.0,False,False,same_region,0,0,0,0.2,5.0,-4.8,-2.4,6.5,-5.3,11.8,5.9,428,12,0
401468583,2022-12-16,Charlotte Hornets,Atlanta Hawks,106,125,2023,-19,231,1.0,False,False,1.0,False,False,same_region,0,0,0,-10.4,-12.6,2.1999999999999993,1.0999999999999996,-8.7,-5.6,-3.0999999999999996,-1.5499999999999998,429,12,0
401468584,2022-12-16,Detroit Pistons,Sacramento Kings,113,122,2023,-9,235,4.0,False,False,1.0,False,True,west_to_east,1,0,1,0.6,-6.8,7.3999999999999995,3.6999999999999997,-4.5,0.2,-4.7,-2.35,430,12,0
401468586,2022-12-16,Cleveland Cavaliers,Indiana Pacers,118,112,2023,6,230,5.0,False,False,8.0,False,False,same_region,0,0,0,5.0,0.4,4.6,2.3,4.9,-4.8,9.7,4.85,431,12,0
401468587,2022-12-16,Philadelphia 76ers,Golden State Warriors,118,106,2023,12,224,2.0,False,False,1.0,False,True,west_to_east,1,0,1,6.4,-3.2,9.600000000000001,4.800000000000001,3.9,4.2,-0.30000000000000027,-0.15000000000000013,432,12,0
401468590,2022-12-16,Oklahoma City Thunder,Minnesota Timberwolves,110,112,2023,-2,222,1.0,False,False,1.0,False,False,same_region,0,0,0,-6.2,-4.4,-1.7999999999999998,-0.8999999999999999,-2.9,-6.1,3.1999999999999997,1.5999999999999999,433,12,0
401468588,2022-12-16,Toronto Raptors,Brooklyn Nets,116,119,2023,-3,235,1.0,False,False,3.0,False,False,same_region,0,0,0,-2.0,2.8,-4.8,-2.4,-0.7,3.9,-4.6,-2.3,434,12,0
401468592,2022-12-16,Los Angeles Lakers,Denver Nuggets,126,108,2023,18,234,2.0,False,False,7.0,False,False,same_region,0,0,0,-7.0,0.6,-7.6,-3.8,0.3,4.6,-4.3,-2.15,435,12,0
401468591,2022-12-16,Dallas Mavericks,Portland Trail Blazers,130,110,2023,20,240,1.0,False,False,1.0,False,False,same_region,0,0,0,-7.4,11.6,-19.0,-9.5,-0.9,2.7,-3.6,-1.8,436,12,0
401468589,2022-12-16,Chicago Bulls,New York Knicks,91,114,2023,-23,205,1.0,False,False,1.0,False,False,same_region,0,0,0,3.0,15.0,-12.0,-6.0,-0.4,7.1,-7.5,-3.75,437,12,0
401468593,2022-12-17,LA Clippers,Washington Wizards,102,93,2023,9,195,1.0,False,True,2.0,False,False,east_to_west,1,1,0,3.4,-9.2,12.6,6.3,-2.0,-5.8,3.8,1.9,438,12,0
401468594,2022-12-17,San Antonio Spurs,Miami Heat,101,111,2023,-10,212,2.0,False,False,1.0,False,True,east_to_west,1,1,0,-8.0,2.2,-10.2,-5.1,-10.1,-1.8,-8.299999999999999,-4.1499999999999995,439,12,0
401468599,2022-12-17,Phoenix Suns,New Orleans Pelicans,118,114,2023,4,232,9.0,False,False,1.0,False,False,same_region,0,0,0,-8.2,-0.4,-7.799999999999999,-3.8999999999999995,0.1,3.2,-3.1,-1.55,440,12,0
401468595,2022-12-17,Cleveland Cavaliers,Dallas Mavericks,100,99,2023,1,199,0.0,True,False,6.0,False,False,west_to_east,1,0,1,3.4,-3.6,7.0,3.5,4.7,2.0,2.7,1.35,441,12,0
401468596,2022-12-17,Houston Rockets,Portland Trail Blazers,95,107,2023,-12,202,1.0,False,False,0.0,True,True,same_region,0,0,0,3.2,4.4,-1.2000000000000002,-0.6000000000000001,-2.5,0.4,-2.9,-1.45,442,12,0
401468598,2022-12-17,Oklahoma City Thunder,Memphis Grizzlies,115,109,2023,6,224,0.0,True,True,12.0,False,False,same_region,0,0,0,-8.0,21.2,-29.2,-14.6,-3.5,14.1,-17.6,-8.8,443,12,0
401468597,2022-12-17,Milwaukee Bucks,Utah Jazz,123,97,2023,26,220,3.0,False,False,6.0,False,False,west_to_east,1,0,1,-3.0,2.0,-5.0,-2.5,1.2,3.0,-1.8,-0.9,444,12,0
401468601,2022-12-18,Indiana Pacers,New York Knicks,106,109,2023,-3,215,3.0,False,False,1.0,False,False,same_region,0,0,0,0.4,17.4,-17.0,-8.5,-5.5,9.7,-15.2,-7.6,445,12,0
401468600,2022-12-18,Boston Celtics,Orlando Magic,92,95,2023,-3,187,1.0,False,False,1.0,False,False,same_region,0,0,0,-2.6,8.0,-10.6,-5.3,4.8,-1.5,6.3,3.15,446,12,0
401468606,2022-12-18,Los Angeles Lakers,Washington Wizards,119,117,2023,2,236,1.0,False,False,0.0,True,False,east_to_west,1,1,0,-0.6,-10.2,9.6,4.8,1.6,-5.8,7.4,3.7,447,12,0
401468605,2022-12-18,Denver Nuggets,Charlotte Hornets,119,115,2023,4,234,3.0,False,False,6.0,False,False,east_to_west,1,1,0,0.0,-13.8,13.8,6.9,2.3,-11.2,13.5,6.75,448,12,0
401468604,2022-12-18,Minnesota Timberwolves,Chicago Bulls,150,126,2023,24,276,10.0,False,False,6.0,False,False,east_to_west,1,1,0,-5.2,0.2,-5.4,-2.7,-5.7,-3.2,-2.5,-1.25,449,12,0
401468603,2022-12-18,Toronto Raptors,Golden State Warriors,110,126,2023,-16,236,1.0,False,False,1.0,False,False,west_to_east,1,0,1,-1.4,-4.0,2.6,1.3,-1.5,1.9,-3.4,-1.7,450,12,0
401468602,2022-12-18,Detroit Pistons,Brooklyn Nets,121,124,2023,-3,245,1.0,False,False,1.0,False,False,same_region,0,0,0,-5.2,5.6,-10.8,-5.4,-4.8,5.3,-10.1,-5.05,451,12,0
401468612,2022-12-19,New Orleans Pelicans,Milwaukee Bucks,119,128,2023,-9,247,7.0,False,False,3.0,False,False,east_to_west,1,1,0,-2.4,-0.4,-2.0,-1.0,4.9,2.9,2.0000000000000004,1.0000000000000002,452,12,0
401468608,2022-12-19,Philadelphia 76ers,Toronto Raptors,104,101,2023,3,205,2.0,False,False,7.0,False,False,same_region,0,0,0,10.4,-7.2,17.6,8.8,5.7,-4.3,10.0,5.0,453,12,0
401468609,2022-12-19,Atlanta Hawks,Orlando Magic,126,125,2023,1,251,7.0,False,False,0.0,True,True,same_region,0,0,0,-4.0,7.6,-11.6,-5.8,-2.9,-0.5,-2.4,-1.2,454,12,0
401468610,2022-12-19,Houston Rockets,San Antonio Spurs,105,124,2023,-19,229,1.0,False,False,8.0,False,False,same_region,0,0,0,-1.0,-2.4,1.4,0.7,-5.0,-9.2,4.199999999999999,2.0999999999999996,455,12,0
401468614,2022-12-19,Phoenix Suns,Los Angeles Lakers,130,104,2023,26,234,1.0,False,False,7.0,False,False,same_region,0,0,0,-2.0,2.4,-4.4,-2.2,0.0,1.9,-1.9,-0.95,456,12,0
401468613,2022-12-19,Oklahoma City Thunder,Portland Trail Blazers,123,121,2023,2,244,1.0,False,True,1.0,False,True,same_region,0,0,0,-2.6,7.0,-9.6,-4.8,-1.6,3.0,-4.6,-2.3,457,12,0
401468615,2022-12-19,Sacramento Kings,Charlotte Hornets,119,125,2023,-6,244,14.0,False,False,0.0,True,False,east_to_west,1,1,0,-2.4,-13.4,11.0,5.5,2.9,-11.8,14.700000000000001,7.3500000000000005,458,12,0
401468611,2022-12-19,Minnesota Timberwolves,Dallas Mavericks,116,106,2023,10,222,0.0,True,False,1.0,False,False,same_region,0,0,0,-2.4,-3.6,1.2000000000000002,0.6000000000000001,-1.0,1.6,-2.6,-1.3,459,12,0
401468607,2022-12-19,Cleveland Cavaliers,Utah Jazz,122,99,2023,23,221,1.0,False,True,1.0,False,False,west_to_east,1,0,1,5.8,-3.4,9.2,4.6,6.0,0.5,5.5,2.75,460,12,0
401468620,2022-12-20,Denver Nuggets,Memphis Grizzlies,105,91,2023,14,196,1.0,False,False,2.0,False,False,same_region,0,0,0,1.0,18.4,-17.4,-8.7,1.7,11.4,-9.700000000000001,-4.8500000000000005,461,12,0
401468619,2022-12-20,Phoenix Suns,Washington Wizards,110,113,2023,-3,223,0.0,True,True,1.0,False,True,east_to_west,1,1,0,5.4,-8.6,14.0,7.0,0.7,-7.5,8.2,4.1,462,12,0
401468618,2022-12-20,New York Knicks,Golden State Warriors,132,94,2023,38,226,8.0,False,False,1.0,False,False,west_to_east,1,0,1,13.2,-0.6,13.799999999999999,6.8999999999999995,10.4,1.2,9.200000000000001,4.6000000000000005,463,12,0
401468617,2022-12-20,Miami Heat,Chicago Bulls,103,113,2023,-10,216,9.0,False,False,1.0,False,False,same_region,0,0,0,3.2,-5.4,8.600000000000001,4.300000000000001,-1.6,-5.2,3.6,1.8,464,12,0
401468616,2022-12-20,Detroit Pistons,Utah Jazz,111,126,2023,-15,237,1.0,False,False,0.0,True,True,west_to_east,1,0,1,-4.6,-6.0,1.4000000000000004,0.7000000000000002,-4.3,-1.1,-3.1999999999999997,-1.5999999999999999,465,12,0
401468621,2022-12-21,Cleveland Cavaliers,Milwaukee Bucks,114,106,2023,8,220,1.0,False,False,1.0,False,False,same_region,0,0,0,8.8,1.2,7.6000000000000005,3.8000000000000003,5.5,3.2,2.3,1.15,466,12,0
401468623,2022-12-21,Atlanta Hawks,Chicago Bulls,108,110,2023,-2,218,1.0,False,False,0.0,True,True,same_region,0,0,0,-3.0,-9.2,6.199999999999999,3.0999999999999996,-2.5,-4.9,2.4000000000000004,1.2000000000000002,467,12,0
401468624,2022-12-21,Boston Celtics,Indiana Pacers,112,117,2023,-5,229,2.0,False,False,4.0,False,False,same_region,0,0,0,-8.6,-2.2,-6.3999999999999995,-3.1999999999999997,1.0,-3.5,4.5,2.25,468,12,0
401468625,2022-12-21,Brooklyn Nets,Golden State Warriors,143,113,2023,30,256,11.0,False,False,0.0,True,True,west_to_east,1,0,1,5.0,-11.4,16.4,8.2,4.2,-2.3,6.5,3.25,469,12,0
401468626,2022-12-21,New York Knicks,Toronto Raptors,106,113,2023,-7,219,0.0,True,False,1.0,False,False,same_region,0,0,0,17.0,-7.0,24.0,12.0,11.2,-2.8,14.0,7.0,470,12,0
401468622,2022-12-21,Philadelphia 76ers,Detroit Pistons,113,93,2023,20,206,1.0,False,False,6.0,False,False,same_region,0,0,0,12.8,-5.4,18.200000000000003,9.100000000000001,5.2,-2.8,8.0,4.0,471,12,0
401468628,2022-12-21,Minnesota Timberwolves,Dallas Mavericks,99,104,2023,-5,203,1.0,False,True,1.0,False,False,same_region,0,0,0,0.8,0.2,0.6000000000000001,0.30000000000000004,1.5,1.2,0.30000000000000004,0.15000000000000002,472,12,0
401468629,2022-12-21,Oklahoma City Thunder,Portland Trail Blazers,101,98,2023,3,199,1.0,False,False,1.0,False,False,same_region,0,0,0,-0.6,5.4,-6.0,-3.0,-1.0,3.4,-4.4,-2.2,473,12,0
401468630,2022-12-21,Sacramento Kings,Los Angeles Lakers,134,120,2023,14,254,1.0,False,False,1.0,False,False,same_region,0,0,0,-5.8,-0.6,-5.2,-2.6,2.8,-2.6,5.4,2.7,474,12,0
401468631,2022-12-21,LA Clippers,Charlotte Hornets,126,105,2023,21,231,3.0,False,False,1.0,False,True,east_to_west,1,1,0,6.2,-8.4,14.600000000000001,7.300000000000001,-1.7,-7.7,6.0,3.0,475,12,0
401468627,2022-12-21,Houston Rockets,Orlando Magic,110,116,2023,-6,226,1.0,False,False,1.0,False,True,east_to_west,1,1,0,-3.0,6.6,-9.6,-4.8,-5.3,1.1,-6.4,-3.2,476,12,0
401468633,2022-12-22,Utah Jazz,Washington Wizards,120,112,2023,8,232,6.0,False,False,1.0,False,False,east_to_west,1,1,0,-2.0,-6.6,4.6,2.3,-0.9,-6.6,5.699999999999999,2.8499999999999996,477,12,0
401468632,2022-12-22,New Orleans Pelicans,San Antonio Spurs,126,117,2023,9,243,2.0,False,False,2.0,False,False,same_region,0,0,0,-6.4,-0.4,-6.0,-3.0,3.6,-6.2,9.8,4.9,478,12,0
401468643,2022-12-23,Oklahoma City Thunder,New Orleans Pelicans,125,128,2023,-3,253,1.0,False,False,5.0,False,False,same_region,0,0,0,1.4,-5.6,7.0,3.5,-1.5,2.7,-4.2,-2.1,479,12,0
401468634,2022-12-23,Orlando Magic,San Antonio Spurs,133,113,2023,20,246,8.0,False,False,0.0,True,False,west_to_east,1,0,1,5.4,-3.0,8.4,4.2,2.8,-6.6,9.399999999999999,4.699999999999999,480,12,0
401468635,2022-12-23,Philadelphia 76ers,LA Clippers,119,114,2023,5,233,1.0,False,False,12.0,False,False,west_to_east,1,0,1,14.6,9.0,5.6,2.8,4.2,1.7,2.5,1.25,481,12,0
401468636,2022-12-23,Atlanta Hawks,Detroit Pistons,130,105,2023,25,235,1.0,False,False,1.0,False,False,same_region,0,0,0,-3.6,-8.0,4.4,2.2,-4.4,-5.4,1.0,0.5,482,12,0
401468637,2022-12-23,Boston Celtics,Minnesota Timberwolves,121,109,2023,12,230,1.0,False,False,6.0,False,False,west_to_east,1,0,1,-6.4,4.0,-10.4,-5.2,-0.8,0.2,-1.0,-0.5,483,12,0
401468639,2022-12-23,Cleveland Cavaliers,Toronto Raptors,107,118,2023,-11,225,1.0,False,False,1.0,False,False,same_region,0,0,0,10.6,-3.2,13.8,6.9,5.2,-1.2,6.4,3.2,484,12,0
401468638,2022-12-23,Brooklyn Nets,Milwaukee Bucks,118,100,2023,18,218,1.0,False,False,1.0,False,False,same_region,0,0,0,10.2,0.6,9.6,4.8,6.5,2.8,3.7,1.85,485,12,0
401468644,2022-12-23,Denver Nuggets,Portland Trail Blazers,120,107,2023,13,227,2.0,False,False,1.0,False,False,same_region,0,0,0,3.6,0.6,3.0,1.5,1.5,5.0,-3.5,-1.75,486,12,0
401468642,2022-12-23,Houston Rockets,Dallas Mavericks,106,112,2023,-6,218,1.0,False,False,1.0,False,False,same_region,0,0,0,-5.2,-0.2,-5.0,-2.5,-3.9,-0.4,-3.5,-1.75,487,12,0
401468645,2022-12-23,Phoenix Suns,Memphis Grizzlies,100,125,2023,-25,225,2.0,False,False,2.0,False,False,same_region,0,0,0,5.8,11.4,-5.6000000000000005,-2.8000000000000003,0.5,9.6,-9.1,-4.55,488,12,0
401468646,2022-12-23,Sacramento Kings,Washington Wizards,111,125,2023,-14,236,1.0,False,False,0.0,True,True,east_to_west,1,1,0,-0.4,-5.8,5.3999999999999995,2.6999999999999997,1.9,-7.3,9.2,4.6,489,12,0
401468647,2022-12-23,Los Angeles Lakers,Charlotte Hornets,130,134,2023,-4,264,4.0,False,False,1.0,False,False,east_to_west,1,1,0,-4.8,-9.0,4.2,2.1,-4.4,-9.9,5.5,2.75,490,12,0
401468640,2022-12-23,New York Knicks,Chicago Bulls,117,118,2023,-1,235,1.0,False,True,1.0,False,True,same_region,0,0,0,13.0,-8.6,21.6,10.8,11.1,-2.8,13.899999999999999,6.949999999999999,491,12,0
401468641,2022-12-23,Miami Heat,Indiana Pacers,108,111,2023,-3,219,2.0,False,False,1.0,False,False,same_region,0,0,0,2.0,-0.6,2.6,1.3,-1.3,-1.0,-0.30000000000000004,-0.15000000000000002,492,12,0
401468649,2022-12-25,Dallas Mavericks,Los Angeles Lakers,124,115,2023,9,239,8.0,False,False,3.0,False,False,same_region,0,0,0,4.0,-4.8,8.8,4.4,-1.7,-5.9,4.2,2.1,493,12,0
401468648,2022-12-25,New York Knicks,Philadelphia 76ers,112,119,2023,-7,231,1.0,False,False,19.0,False,False,same_region,0,0,0,11.2,12.0,-0.8000000000000007,-0.40000000000000036,13.1,4.4,8.7,4.35,494,12,0
401468650,2022-12-25,Boston Celtics,Milwaukee Bucks,139,118,2023,21,257,1.0,False,False,1.0,False,False,same_region,0,0,0,0.0,-6.4,6.4,3.2,0.8,0.1,0.7000000000000001,0.35000000000000003,495,12,0
401468652,2022-12-25,Denver Nuggets,Phoenix Suns,128,125,2023,3,253,1.0,False,False,9.0,False,False,same_region,0,0,0,5.2,3.6,1.6,0.8,0.8,-5.8,6.6,3.3,496,12,0
401468651,2022-12-25,Golden State Warriors,Memphis Grizzlies,123,109,2023,14,232,14.0,False,False,1.0,False,False,same_region,0,0,0,-14.0,14.2,-28.2,-14.1,-6.1,12.9,-19.0,-9.5,497,12,0
401468653,2022-12-26,Cleveland Cavaliers,Brooklyn Nets,117,125,2023,-8,242,2.0,False,False,7.0,False,False,same_region,0,0,0,5.4,13.2,-7.799999999999999,-3.8999999999999995,5.2,7.7,-2.5,-1.25,498,12,0
401468654,2022-12-26,Detroit Pistons,LA Clippers,131,142,2023,-11,273,5.0,False,False,2.0,False,False,west_to_east,1,0,1,-14.4,4.0,-18.4,-9.2,-6.9,3.9,-10.8,-5.4,499,12,0
401468655,2022-12-26,Miami Heat,Minnesota Timberwolves,113,110,2023,3,223,2.0,False,False,2.0,False,False,west_to_east,1,0,1,0.4,3.8,-3.4,-1.7,-2.0,-0.3,-1.7,-0.85,500,12,0
401468659,2022-12-26,Portland Trail Blazers,Charlotte Hornets,124,113,2023,11,237,13.0,False,False,2.0,False,False,east_to_west,1,1,0,-5.2,-6.8,1.5999999999999996,0.7999999999999998,3.2,-8.6,11.8,5.9,501,12,0
401468657,2022-12-26,New Orleans Pelicans,Indiana Pacers,113,93,2023,20,206,3.0,False,False,2.0,False,False,east_to_west,1,1,0,-0.8,1.0,-1.8,-0.9,1.2,0.9,0.29999999999999993,0.14999999999999997,502,12,0
401468658,2022-12-26,San Antonio Spurs,Utah Jazz,126,122,2023,4,248,8.0,False,False,5.0,False,False,same_region,0,0,0,-7.2,-4.6,-2.6000000000000005,-1.3000000000000003,-7.8,-2.1,-5.699999999999999,-2.8499999999999996,503,12,0
401468656,2022-12-26,Chicago Bulls,Houston Rockets,118,133,2023,-15,251,9.0,False,False,17.0,False,False,west_to_east,1,0,1,-6.8,-9.2,2.3999999999999995,1.1999999999999997,-1.9,-4.6,2.6999999999999997,1.3499999999999999,504,12,0
401468669,2022-12-27,Sacramento Kings,Denver Nuggets,106,113,2023,-7,219,3.0,False,False,10.0,False,False,same_region,0,0,0,0.8,3.2,-2.4000000000000004,-1.2000000000000002,-2.2,1.9,-4.1,-2.05,505,12,0
401468668,2022-12-27,Golden State Warriors,Charlotte Hornets,110,105,2023,5,215,1.0,False,False,0.0,True,False,east_to_west,1,1,0,-10.0,-5.2,-4.8,-2.4,-6.6,-9.5,2.9000000000000004,1.4500000000000002,506,12,0
401468667,2022-12-27,Dallas Mavericks,New York Knicks,126,121,2023,5,247,1.0,False,False,8.0,False,False,east_to_west,1,1,0,1.8,5.2,-3.4000000000000004,-1.7000000000000002,-0.9,11.3,-12.200000000000001,-6.1000000000000005,507,12,0
401468666,2022-12-27,Oklahoma City Thunder,San Antonio Spurs,130,114,2023,16,244,3.0,False,False,3.0,False,False,same_region,0,0,0,1.2,-3.2,4.4,2.2,-2.5,-5.6,3.0999999999999996,1.5499999999999998,508,12,0
401468665,2022-12-27,Memphis Grizzlies,Phoenix Suns,108,125,2023,-17,233,11.0,False,False,1.0,False,False,same_region,0,0,0,6.4,-0.2,6.6000000000000005,3.3000000000000003,10.7,-4.2,14.899999999999999,7.449999999999999,509,12,0
401468664,2022-12-27,Toronto Raptors,LA Clippers,113,124,2023,-11,237,8.0,False,False,0.0,True,False,west_to_east,1,0,1,-0.8,4.0,-4.8,-2.4,-1.4,4.8,-6.199999999999999,-3.0999999999999996,510,12,0
401468663,2022-12-27,Indiana Pacers,Atlanta Hawks,129,114,2023,15,243,8.0,False,False,10.0,False,False,same_region,0,0,0,-4.2,6.4,-10.600000000000001,-5.300000000000001,-1.9,-2.7,0.8000000000000003,0.40000000000000013,511,12,0
401468662,2022-12-27,Boston Celtics,Houston Rockets,126,102,2023,24,228,1.0,False,False,0.0,True,False,west_to_east,1,0,1,3.4,-5.6,9.0,4.5,1.8,-1.2,3.0,1.5,512,12,0
401468661,2022-12-27,Washington Wizards,Philadelphia 76ers,116,111,2023,5,227,14.0,False,False,1.0,False,False,same_region,0,0,0,-0.4,9.4,-9.8,-4.9,-4.8,7.9,-12.7,-6.35,513,12,0
401468660,2022-12-27,Orlando Magic,Los Angeles Lakers,110,129,2023,-19,239,3.0,False,False,1.0,False,False,west_to_east,1,0,1,7.2,-10.2,17.4,8.7,6.1,-5.4,11.5,5.75,514,12,0
401468675,2022-12-28,New Orleans Pelicans,Minnesota Timberwolves,119,118,2023,1,237,1.0,False,False,1.0,False,False,same_region,0,0,0,3.8,2.8,1.0,0.5,1.7,-1.2,2.9,1.45,515,12,0
401468671,2022-12-28,Washington Wizards,Phoenix Suns,127,102,2023,25,229,0.0,True,False,0.0,True,True,west_to_east,1,0,1,2.4,2.4,0.0,0.0,-3.9,0.2,-4.1,-2.05,516,12,0
401468672,2022-12-28,Atlanta Hawks,Brooklyn Nets,107,108,2023,-1,215,4.0,False,False,1.0,False,False,same_region,0,0,0,5.6,12.4,-6.800000000000001,-3.4000000000000004,-3.5,7.6,-11.1,-5.55,517,12,0
401468670,2022-12-28,Detroit Pistons,Orlando Magic,121,101,2023,20,222,1.0,False,False,6.0,False,False,same_region,0,0,0,-14.8,1.8,-16.6,-8.3,-10.0,4.9,-14.9,-7.45,518,12,0
401468674,2022-12-28,Chicago Bulls,Milwaukee Bucks,119,113,2023,6,232,1.0,False,False,2.0,False,False,same_region,0,0,0,-5.2,-2.4,-2.8000000000000003,-1.4000000000000001,-2.5,-2.7,0.20000000000000018,0.10000000000000009,519,12,0
401468676,2022-12-28,Golden State Warriors,Utah Jazz,112,107,2023,5,219,0.0,True,True,1.0,False,False,same_region,0,0,0,-6.6,-6.0,-0.5999999999999996,-0.2999999999999998,-5.3,-2.0,-3.3,-1.65,520,12,0
401468673,2022-12-28,Miami Heat,Los Angeles Lakers,112,98,2023,14,210,1.0,False,False,0.0,True,True,west_to_east,1,0,1,0.6,-6.8,7.3999999999999995,3.6999999999999997,-0.9,-2.2,1.3000000000000003,0.6500000000000001,521,12,0
401468677,2022-12-28,Sacramento Kings,Denver Nuggets,127,126,2023,1,253,0.0,True,False,0.0,True,False,same_region,0,0,0,-0.8,8.2,-9.0,-4.5,-3.8,4.1,-7.8999999999999995,-3.9499999999999997,522,12,0
401468683,2022-12-29,Dallas Mavericks,Houston Rockets,129,114,2023,15,243,1.0,False,False,1.0,False,True,same_region,0,0,0,3.0,-8.0,11.0,5.5,-0.3,-4.5,4.2,2.1,523,12,0
401468682,2022-12-29,San Antonio Spurs,New York Knicks,122,115,2023,7,237,2.0,False,False,1.0,False,False,east_to_west,1,1,0,-4.4,3.6,-8.0,-4.0,-3.4,8.4,-11.8,-5.9,524,12,0
401468681,2022-12-29,Toronto Raptors,Memphis Grizzlies,106,119,2023,-13,225,1.0,False,False,3.0,False,False,west_to_east,1,0,1,-2.4,-5.2,2.8000000000000003,1.4000000000000001,-1.9,8.0,-9.9,-4.95,525,12,0
401468680,2022-12-29,Boston Celtics,LA Clippers,116,110,2023,6,226,1.0,False,False,1.0,False,True,west_to_east,1,0,1,9.8,9.4,0.40000000000000036,0.20000000000000018,3.6,6.4,-2.8000000000000003,-1.4000000000000001,526,12,0
401468679,2022-12-29,Indiana Pacers,Cleveland Cavaliers,135,126,2023,9,261,1.0,False,False,14.0,False,False,same_region,0,0,0,0.0,2.6,-2.6,-1.3,0.2,3.0,-2.8,-1.4,527,12,0
401468678,2022-12-29,Charlotte Hornets,Oklahoma City Thunder,121,113,2023,8,234,12.0,False,False,16.0,False,False,west_to_east,1,0,1,-5.4,4.8,-10.2,-5.1,-9.4,-1.6,-7.800000000000001,-3.9000000000000004,528,12,0
401468687,2022-12-30,Chicago Bulls,Detroit Pistons,132,118,2023,14,250,1.0,False,False,6.0,False,False,same_region,0,0,0,0.8,-10.2,11.0,5.5,-2.3,-7.4,5.1000000000000005,2.5500000000000003,529,12,0
401468685,2022-12-30,Atlanta Hawks,Los Angeles Lakers,121,130,2023,-9,251,1.0,False,False,1.0,False,True,west_to_east,1,0,1,1.6,-4.4,6.0,3.0,-1.2,-2.5,1.3,0.65,530,12,0
401468686,2022-12-30,Toronto Raptors,Phoenix Suns,113,104,2023,9,217,0.0,True,True,1.0,False,True,west_to_east,1,0,1,-1.8,-7.8,6.0,3.0,-4.5,-1.2,-3.3,-1.65,531,12,0
401468692,2022-12-30,Sacramento Kings,Utah Jazz,126,125,2023,1,251,1.0,False,True,1.0,False,False,same_region,0,0,0,-2.4,-1.8,-0.5999999999999999,-0.29999999999999993,-2.4,-2.6,0.20000000000000018,0.10000000000000009,532,12,0
401468684,2022-12-30,Orlando Magic,Washington Wizards,100,119,2023,-19,219,2.0,False,False,6.0,False,False,same_region,0,0,0,-2.8,7.8,-10.6,-5.3,2.4,-0.4,2.8,1.4,533,12,0
401468688,2022-12-30,Milwaukee Bucks,Minnesota Timberwolves,123,114,2023,9,237,12.0,False,False,1.0,False,False,west_to_east,1,0,1,-8.8,-2.2,-6.6000000000000005,-3.3000000000000003,-4.6,-2.3,-2.3,-1.15,534,12,0
401468690,2022-12-30,Denver Nuggets,Miami Heat,124,119,2023,5,243,4.0,False,False,12.0,False,False,east_to_west,1,1,0,7.2,2.8,4.4,2.2,4.1,2.5,1.5999999999999996,0.7999999999999998,535,12,0
401468689,2022-12-30,New Orleans Pelicans,Philadelphia 76ers,127,116,2023,11,243,1.0,False,False,2.0,False,False,east_to_west,1,1,0,4.8,6.0,-1.2000000000000002,-0.6000000000000001,1.2,8.2,-6.999999999999999,-3.4999999999999996,536,12,0
401468691,2022-12-30,Golden State Warriors,Portland Trail Blazers,118,112,2023,6,230,1.0,False,True,6.0,False,False,same_region,0,0,0,-8.8,1.0,-9.8,-4.9,-4.7,2.7,-7.4,-3.7,537,12,0
401468693,2022-12-31,Indiana Pacers,LA Clippers,131,130,2023,1,261,1.0,False,False,1.0,False,False,west_to_east,1,0,1,2.4,6.4,-4.0,-2.0,0.1,6.3,-6.2,-3.1,538,12,0
401468696,2022-12-31,Houston Rockets,New York Knicks,88,108,2023,-20,196,7.0,False,False,1.0,False,False,east_to_west,1,1,0,-7.2,-5.4,-1.7999999999999998,-0.8999999999999999,-5.1,5.8,-10.899999999999999,-5.449999999999999,539,12,0
401468695,2022-12-31,Chicago Bulls,Cleveland Cavaliers,102,103,2023,-1,205,0.0,True,True,1.0,False,False,same_region,0,0,0,1.6,0.6,1.0,0.5,-3.8,3.2,-7.0,-3.5,540,12,0
401468700,2022-12-31,Oklahoma City Thunder,Philadelphia 76ers,96,115,2023,-19,211,3.0,False,False,0.0,True,False,east_to_west,1,1,0,2.0,3.2,-1.2000000000000002,-0.6000000000000001,-0.3,8.0,-8.3,-4.15,541,12,0
401468694,2022-12-31,Charlotte Hornets,Brooklyn Nets,106,123,2023,-17,229,1.0,False,False,2.0,False,False,same_region,0,0,0,-5.0,12.0,-17.0,-8.5,-6.7,8.8,-15.5,-7.75,542,12,0
401468698,2022-12-31,Memphis Grizzlies,New Orleans Pelicans,116,101,2023,15,217,3.0,False,False,7.0,False,False,same_region,0,0,0,-1.4,8.8,-10.200000000000001,-5.1000000000000005,8.5,1.2,7.3,3.65,543,12,0
401468697,2022-12-31,San Antonio Spurs,Dallas Mavericks,125,126,2023,-1,251,1.0,False,False,7.0,False,False,same_region,0,0,0,-6.8,8.0,-14.8,-7.4,-3.6,4.1,-7.699999999999999,-3.8499999999999996,544,12,0
401468701,2022-12-31,Utah Jazz,Miami Heat,123,126,2023,-3,249,8.0,False,False,0.0,True,False,east_to_west,1,1,0,2.6,-0.2,2.8000000000000003,1.4000000000000001,-1.7,1.5,-3.2,-1.6,545,12,0
401468699,2022-12-31,Minnesota Timberwolves,Detroit Pistons,104,116,2023,-12,220,9.0,False,False,0.0,True,False,east_to_west,1,1,0,-6.0,-10.0,4.0,2.0,-2.6,-7.7,5.1,2.55,546,12,0
401468704,2023-01-01,Denver Nuggets,Boston Celtics,123,111,2023,12,234,1.0,False,False,18.0,False,False,east_to_west,1,1,0,5.4,11.6,-6.199999999999999,-3.0999999999999996,4.5,1.5,3.0,1.5,547,1,0
401468703,2023-01-01,Milwaukee Bucks,Washington Wizards,95,118,2023,-23,213,1.0,False,False,1.0,False,False,same_region,0,0,0,-8.8,11.0,-19.8,-9.9,-3.8,2.2,-6.0,-3.0,548,1,0
401468702,2023-01-01,Memphis Grizzlies,Sacramento Kings,118,108,2023,10,226,0.0,True,False,15.0,False,False,same_region,0,0,0,4.4,-1.0,5.4,2.7,7.9,-3.4,11.3,5.65,549,1,0
401468709,2023-01-02,Philadelphia 76ers,New Orleans Pelicans,120,111,2023,9,231,9.0,False,False,1.0,False,False,west_to_east,1,0,1,3.0,4.0,-1.0,-0.5,8.8,-0.8,9.600000000000001,4.800000000000001,550,1,0
401468706,2023-01-02,Charlotte Hornets,Los Angeles Lakers,115,121,2023,-6,236,1.0,False,False,2.0,False,False,west_to_east,1,0,1,-4.2,0.2,-4.4,-2.2,-6.6,-2.3,-4.3,-2.15,551,1,0
401468707,2023-01-02,Cleveland Cavaliers,Chicago Bulls,145,134,2023,11,279,6.0,False,False,9.0,False,False,same_region,0,0,0,-3.8,1.0,-4.8,-2.4,2.5,-3.8,6.3,3.15,552,1,0
401468708,2023-01-02,Indiana Pacers,Toronto Raptors,122,114,2023,8,236,1.0,False,False,9.0,False,False,same_region,0,0,0,1.6,0.6,1.0,0.5,0.5,-3.2,3.7,1.85,553,1,0
401468705,2023-01-02,New York Knicks,Phoenix Suns,102,83,2023,19,185,7.0,False,False,2.0,False,False,west_to_east,1,0,1,0.0,-9.0,9.0,4.5,6.5,-1.6,8.1,4.05,554,1,0
401468711,2023-01-02,Houston Rockets,Dallas Mavericks,106,111,2023,-5,217,1.0,False,False,1.0,False,False,same_region,0,0,0,-10.0,7.2,-17.2,-8.6,-7.6,3.5,-11.1,-5.55,555,1,0
401468714,2023-01-02,Portland Trail Blazers,Detroit Pistons,135,106,2023,29,241,6.0,False,False,1.0,False,True,east_to_west,1,1,0,-2.6,-3.6,1.0,0.5,2.2,-5.8,8.0,4.0,556,1,0
401468710,2023-01-02,Brooklyn Nets,San Antonio Spurs,139,103,2023,36,242,9.0,False,False,5.0,False,False,west_to_east,1,0,1,14.8,-5.2,20.0,10.0,9.9,-4.1,14.0,7.0,557,1,0
401468712,2023-01-02,Minnesota Timberwolves,Denver Nuggets,124,111,2023,13,235,1.0,False,False,4.0,False,False,same_region,0,0,0,-7.4,5.2,-12.600000000000001,-6.300000000000001,-1.7,5.2,-6.9,-3.45,558,1,0
401468715,2023-01-02,LA Clippers,Miami Heat,100,110,2023,-10,210,11.0,False,False,1.0,False,True,east_to_west,1,1,0,2.0,2.4,-0.3999999999999999,-0.19999999999999996,5.5,2.2,3.3,1.65,559,1,0
401468713,2023-01-02,Golden State Warriors,Atlanta Hawks,143,141,2023,2,284,2.0,False,False,5.0,False,False,east_to_west,1,1,0,0.0,-0.4,0.4,0.2,-5.7,-1.7,-4.0,-2.0,560,1,0
401468718,2023-01-03,Utah Jazz,Sacramento Kings,115,117,2023,-2,232,2.0,False,False,1.0,False,False,same_region,0,0,0,-1.0,-5.8,4.8,2.4,-1.5,-3.1,1.6,0.8,561,1,0
401468717,2023-01-03,Oklahoma City Thunder,Boston Celtics,150,117,2023,33,267,2.0,False,False,1.0,False,False,east_to_west,1,1,0,-2.2,10.2,-12.399999999999999,-6.199999999999999,-1.4,1.9,-3.3,-1.65,562,1,0
401468716,2023-01-03,Milwaukee Bucks,Washington Wizards,123,113,2023,10,236,1.0,False,False,1.0,False,False,same_region,0,0,0,-11.8,17.2,-29.0,-14.5,-5.6,5.7,-11.3,-5.65,563,1,0
401468726,2023-01-04,Minnesota Timberwolves,Portland Trail Blazers,113,106,2023,7,219,1.0,False,False,4.0,False,False,same_region,0,0,0,-2.4,3.6,-6.0,-3.0,0.7,4.5,-3.8,-1.9,564,1,0
401468719,2023-01-04,Charlotte Hornets,Memphis Grizzlies,107,131,2023,-24,238,1.0,False,False,5.0,False,False,west_to_east,1,0,1,-6.2,1.4,-7.6,-3.8,-6.5,7.8,-14.3,-7.15,565,1,0
401468720,2023-01-04,Cleveland Cavaliers,Phoenix Suns,90,88,2023,2,178,1.0,False,False,1.0,False,False,west_to_east,1,0,1,-3.2,-7.8,4.6,2.3,3.7,-2.1,5.800000000000001,2.9000000000000004,566,1,0
401468722,2023-01-04,Philadelphia 76ers,Indiana Pacers,129,126,2023,3,255,1.0,False,False,8.0,False,False,same_region,0,0,0,3.8,2.6,1.1999999999999997,0.5999999999999999,7.9,1.8,6.1000000000000005,3.0500000000000003,567,1,0
401468723,2023-01-04,New York Knicks,San Antonio Spurs,117,114,2023,3,231,1.0,False,False,1.0,False,False,west_to_east,1,0,1,4.0,-8.4,12.4,6.2,7.6,-7.8,15.399999999999999,7.699999999999999,568,1,0
401468721,2023-01-04,Orlando Magic,Oklahoma City Thunder,126,115,2023,11,241,4.0,False,False,5.0,False,False,west_to_east,1,0,1,-6.4,3.8,-10.2,-5.1,0.1,2.6,-2.5,-1.25,569,1,0
401468730,2023-01-04,Sacramento Kings,Atlanta Hawks,117,120,2023,-3,237,4.0,False,False,1.0,False,False,east_to_west,1,1,0,-2.6,-0.4,-2.2,-1.1,-0.9,-2.0,1.1,0.55,570,1,0
401468727,2023-01-04,New Orleans Pelicans,Houston Rockets,119,108,2023,11,227,4.0,False,False,5.0,False,False,same_region,0,0,0,1.6,-9.8,11.4,5.7,0.4,-9.5,9.9,4.95,571,1,0
401468729,2023-01-04,Los Angeles Lakers,Miami Heat,112,109,2023,3,221,11.0,False,False,1.0,False,False,east_to_west,1,1,0,2.2,5.0,-2.8,-1.4,-1.3,2.7,-4.0,-2.0,572,1,0
401468724,2023-01-04,Toronto Raptors,Milwaukee Bucks,101,104,2023,-3,205,4.0,False,False,6.0,False,False,same_region,0,0,0,-2.4,-6.2,3.8000000000000003,1.9000000000000001,-2.8,-6.3,3.5,1.75,573,1,0
401468728,2023-01-04,Golden State Warriors,Detroit Pistons,119,122,2023,-3,241,1.0,False,False,1.0,False,False,east_to_west,1,1,0,6.4,-4.4,10.8,5.4,-3.8,-9.4,5.6000000000000005,2.8000000000000003,574,1,0
401468725,2023-01-04,Chicago Bulls,Brooklyn Nets,121,112,2023,9,233,3.0,False,False,3.0,False,False,same_region,0,0,0,-1.4,16.0,-17.4,-8.7,-4.1,13.1,-17.2,-8.6,575,1,0
401468732,2023-01-05,Dallas Mavericks,Boston Celtics,95,124,2023,-29,219,6.0,False,False,1.0,False,False,east_to_west,1,1,0,7.0,1.2,5.8,2.9,5.5,0.6,4.9,2.45,576,1,0
401468731,2023-01-05,Orlando Magic,Memphis Grizzlies,115,123,2023,-8,238,0.0,True,False,0.0,True,False,west_to_east,1,0,1,-5.4,9.0,-14.4,-7.2,0.0,7.7,-7.7,-3.85,577,1,0
401468733,2023-01-05,Houston Rockets,Utah Jazz,114,131,2023,-17,245,2.0,False,False,5.0,False,False,same_region,0,0,0,-15.0,-3.0,-12.0,-6.0,-10.3,-3.8,-6.500000000000001,-3.2500000000000004,578,1,0
401468734,2023-01-05,Denver Nuggets,LA Clippers,122,91,2023,31,213,3.0,False,False,4.0,False,False,same_region,0,0,0,2.0,1.0,1.0,0.5,2.6,2.5,0.10000000000000009,0.050000000000000044,579,1,0
401468743,2023-01-06,Denver Nuggets,Cleveland Cavaliers,121,108,2023,13,229,0.0,True,False,5.0,False,False,east_to_west,1,1,0,6.8,-0.6,7.3999999999999995,3.6999999999999997,7.5,2.4,5.1,2.55,580,1,0
401468739,2023-01-06,Oklahoma City Thunder,Washington Wizards,127,110,2023,17,237,2.0,False,False,2.0,False,False,east_to_west,1,1,0,2.2,12.4,-10.2,-5.1,1.7,6.0,-4.3,-2.15,581,1,0
401468744,2023-01-06,Phoenix Suns,Miami Heat,96,104,2023,-8,200,13.0,False,False,1.0,False,False,east_to_west,1,1,0,-7.6,3.8,-11.399999999999999,-5.699999999999999,-3.9,2.2,-6.1,-3.05,582,1,0
401468745,2023-01-06,Los Angeles Lakers,Atlanta Hawks,130,114,2023,16,244,1.0,False,False,1.0,False,False,east_to_west,1,1,0,4.6,-4.8,9.399999999999999,4.699999999999999,-2.8,0.8,-3.5999999999999996,-1.7999999999999998,583,1,0
401468737,2023-01-06,Toronto Raptors,New York Knicks,108,112,2023,-4,220,1.0,False,False,5.0,False,False,same_region,0,0,0,-5.2,6.0,-11.2,-5.6,-3.0,5.6,-8.6,-4.3,584,1,0
401468741,2023-01-06,New Orleans Pelicans,Brooklyn Nets,102,108,2023,-6,210,1.0,False,False,1.0,False,False,east_to_west,1,1,0,-0.2,10.6,-10.799999999999999,-5.3999999999999995,1.8,11.9,-10.1,-5.05,585,1,0
401468738,2023-01-06,Milwaukee Bucks,Charlotte Hornets,109,138,2023,-29,247,2.0,False,False,9.0,False,False,same_region,0,0,0,-1.4,-8.8,7.4,3.7,-1.9,-7.0,5.1,2.55,586,1,0
401468735,2023-01-06,Indiana Pacers,Portland Trail Blazers,108,99,2023,9,207,3.0,False,False,1.0,False,False,west_to_east,1,0,1,6.0,2.8,3.2,1.6,0.9,1.7,-0.7999999999999999,-0.39999999999999997,587,1,0
401468740,2023-01-06,San Antonio Spurs,Detroit Pistons,121,109,2023,12,230,5.0,False,False,1.0,False,False,east_to_west,1,1,0,-9.8,-1.6,-8.200000000000001,-4.1000000000000005,-6.5,-8.2,1.6999999999999993,0.8499999999999996,588,1,0
401468742,2023-01-06,Minnesota Timberwolves,LA Clippers,128,115,2023,13,243,1.0,False,False,0.0,True,False,same_region,0,0,0,-0.4,-7.4,7.0,3.5,1.2,-1.7,2.9,1.45,589,1,0
401468736,2023-01-06,Philadelphia 76ers,Chicago Bulls,112,126,2023,-14,238,1.0,False,False,3.0,False,False,same_region,0,0,0,3.0,3.4,-0.3999999999999999,-0.19999999999999996,6.2,-0.9,7.1000000000000005,3.5500000000000003,590,1,0
401468749,2023-01-07,Golden State Warriors,Orlando Magic,101,115,2023,-14,216,2.0,False,False,9.0,False,False,east_to_west,1,1,0,3.0,-11.0,14.0,7.0,-3.5,-1.9,-1.6,-0.8,591,1,0
401468747,2023-01-07,Chicago Bulls,Utah Jazz,126,118,2023,8,244,2.0,False,False,1.0,False,False,west_to_east,1,0,1,5.0,1.2,3.8,1.9,2.9,-2.4,5.3,2.65,592,1,0
401468750,2023-01-07,Sacramento Kings,Los Angeles Lakers,134,136,2023,-2,270,2.0,False,False,4.0,False,False,same_region,0,0,0,-1.8,4.0,-5.8,-2.9,-1.3,-1.4,0.09999999999999987,0.04999999999999993,593,1,0
401468746,2023-01-07,San Antonio Spurs,Boston Celtics,116,121,2023,-5,237,0.0,True,False,1.0,False,False,east_to_west,1,1,0,-4.2,2.8,-7.0,-3.5,-4.3,3.1,-7.4,-3.7,594,1,0
401468748,2023-01-07,Dallas Mavericks,New Orleans Pelicans,127,117,2023,10,244,1.0,False,False,4.0,False,False,same_region,0,0,0,-0.6,-1.6,1.0,0.5,0.6,1.6,-1.0,-0.5,595,1,0
401468755,2023-01-08,Memphis Grizzlies,Utah Jazz,123,118,2023,5,241,6.0,False,False,0.0,True,True,same_region,0,0,0,14.0,0.6,13.4,6.7,4.4,-0.6,5.0,2.5,596,1,0
401468752,2023-01-08,Toronto Raptors,Portland Trail Blazers,117,105,2023,12,222,1.0,False,False,1.0,False,False,west_to_east,1,0,1,-3.8,3.6,-7.4,-3.7,-3.1,-0.8,-2.3,-1.15,597,1,0
401468751,2023-01-08,Detroit Pistons,Philadelphia 76ers,111,123,2023,-12,234,10.0,False,False,7.0,False,False,same_region,0,0,0,-8.0,1.2,-9.2,-4.6,-9.1,3.6,-12.7,-6.35,598,1,0
401468753,2023-01-08,Indiana Pacers,Charlotte Hornets,116,111,2023,5,227,1.0,False,False,1.0,False,False,same_region,0,0,0,4.8,-2.0,6.8,3.4,2.4,-3.7,6.1,3.05,599,1,0
401468756,2023-01-08,Houston Rockets,Minnesota Timberwolves,96,104,2023,-8,200,2.0,False,False,8.0,False,False,same_region,0,0,0,-13.6,2.4,-16.0,-8.0,-10.8,0.1,-10.9,-5.45,600,1,0
401468757,2023-01-08,Oklahoma City Thunder,Dallas Mavericks,120,109,2023,11,229,1.0,False,False,5.0,False,False,same_region,0,0,0,2.4,0.4,2.0,1.0,3.6,1.7,1.9000000000000001,0.9500000000000001,601,1,0
401468759,2023-01-08,LA Clippers,Atlanta Hawks,108,112,2023,-4,220,5.0,False,False,1.0,False,False,east_to_west,1,1,0,-12.2,-5.0,-7.199999999999999,-3.5999999999999996,-1.4,0.3,-1.7,-0.85,602,1,0
401468758,2023-01-08,Phoenix Suns,Cleveland Cavaliers,98,112,2023,-14,210,1.0,False,False,1.0,False,False,east_to_west,1,1,0,-12.6,-1.6,-11.0,-5.5,-5.1,0.5,-5.6,-2.8,603,1,0
401468754,2023-01-08,Miami Heat,Brooklyn Nets,101,102,2023,-1,203,10.0,False,False,1.0,False,False,same_region,0,0,0,2.6,10.2,-7.6,-3.8,2.7,11.3,-8.600000000000001,-4.300000000000001,604,1,0
401468762,2023-01-09,New York Knicks,Milwaukee Bucks,107,111,2023,-4,218,4.0,False,False,4.0,False,False,same_region,0,0,0,7.8,-6.0,13.8,6.9,5.7,-7.4,13.100000000000001,6.550000000000001,605,1,0
401468761,2023-01-09,Boston Celtics,Chicago Bulls,107,99,2023,8,206,10.0,False,False,2.0,False,False,same_region,0,0,0,-1.0,3.8,-4.8,-2.4,4.4,2.7,1.7000000000000002,0.8500000000000001,606,1,0
401468765,2023-01-09,Sacramento Kings,Orlando Magic,136,111,2023,25,247,1.0,False,False,1.0,False,False,east_to_west,1,1,0,-2.4,-4.4,2.0000000000000004,1.0000000000000002,-2.4,-1.3,-1.0999999999999999,-0.5499999999999999,607,1,0
401468764,2023-01-09,Denver Nuggets,Los Angeles Lakers,122,109,2023,13,231,2.0,False,False,1.0,False,False,same_region,0,0,0,9.6,7.2,2.3999999999999995,1.1999999999999997,8.4,1.4,7.0,3.5,608,1,0
401468763,2023-01-09,Memphis Grizzlies,San Antonio Spurs,121,113,2023,8,234,0.0,True,False,4.0,False,False,same_region,0,0,0,12.4,-6.6,19.0,9.5,5.5,-6.7,12.2,6.1,609,1,0
401468760,2023-01-09,Washington Wizards,New Orleans Pelicans,112,132,2023,-20,244,11.0,False,False,1.0,False,False,west_to_east,1,0,1,8.0,-5.8,13.8,6.9,5.2,1.5,3.7,1.85,610,1,0
401468767,2023-01-10,Philadelphia 76ers,Detroit Pistons,147,116,2023,31,263,3.0,False,False,3.0,False,False,same_region,0,0,0,5.8,-7.6,13.399999999999999,6.699999999999999,4.5,-8.8,13.3,6.65,611,1,0
401468766,2023-01-10,Miami Heat,Oklahoma City Thunder,112,111,2023,1,223,1.0,False,False,5.0,False,False,west_to_east,1,0,1,3.4,6.2,-2.8000000000000003,-1.4000000000000001,1.6,4.1,-2.4999999999999996,-1.2499999999999998,612,1,0
401468768,2023-01-10,Toronto Raptors,Charlotte Hornets,132,120,2023,12,252,1.0,False,False,1.0,False,False,same_region,0,0,0,1.2,-4.6,5.8,2.9,-0.3,-4.8,4.5,2.25,613,1,0
401468772,2023-01-10,LA Clippers,Dallas Mavericks,113,101,2023,12,214,1.0,False,False,1.0,False,False,same_region,0,0,0,-11.8,-4.8,-7.000000000000001,-3.5000000000000004,-2.7,1.6,-4.300000000000001,-2.1500000000000004,614,1,0
401468770,2023-01-10,Golden State Warriors,Phoenix Suns,113,125,2023,-12,238,2.0,False,False,5.0,False,False,same_region,0,0,0,-0.8,-10.4,9.6,4.8,-3.7,-9.1,5.3999999999999995,2.6999999999999997,615,1,0
401468771,2023-01-10,Portland Trail Blazers,Orlando Magic,106,109,2023,-3,215,7.0,False,False,0.0,True,True,east_to_west,1,1,0,-1.0,-5.4,4.4,2.2,0.0,-4.1,4.1,2.05,616,1,0
401468769,2023-01-10,Utah Jazz,Cleveland Cavaliers,116,114,2023,2,230,6.0,False,False,1.0,False,False,east_to_west,1,1,0,-0.2,3.0,-3.2,-1.6,1.2,1.8,-0.6000000000000001,-0.30000000000000004,617,1,0
401468773,2023-01-11,Detroit Pistons,Minnesota Timberwolves,135,118,2023,17,253,2.0,False,False,2.0,False,False,west_to_east,1,0,1,-16.2,5.8,-22.0,-11.0,-9.9,-0.1,-9.8,-4.9,618,1,0
401468774,2023-01-11,Washington Wizards,Chicago Bulls,100,97,2023,3,197,1.0,False,False,1.0,False,False,same_region,0,0,0,-1.0,2.4,-3.4,-1.7,3.4,1.7,1.7,0.85,619,1,0
401468775,2023-01-11,Atlanta Hawks,Milwaukee Bucks,105,114,2023,-9,219,11.0,False,False,1.0,False,False,same_region,0,0,0,-4.0,-7.0,3.0,1.5,-1.2,-7.9,6.7,3.35,620,1,0
401468778,2023-01-11,Memphis Grizzlies,San Antonio Spurs,135,129,2023,6,264,1.0,False,True,1.0,False,False,same_region,0,0,0,11.0,-8.0,19.0,9.5,7.7,-6.6,14.3,7.15,621,1,0
401468777,2023-01-11,New York Knicks,Indiana Pacers,119,113,2023,6,232,1.0,False,False,6.0,False,False,same_region,0,0,0,8.4,4.0,4.4,2.2,1.5,3.2,-1.7000000000000002,-0.8500000000000001,622,1,0
401468779,2023-01-11,Denver Nuggets,Phoenix Suns,126,97,2023,29,223,1.0,False,False,0.0,True,False,same_region,0,0,0,11.2,-6.2,17.4,8.7,8.3,-7.6,15.9,7.95,623,1,0
401468780,2023-01-11,Sacramento Kings,Houston Rockets,135,115,2023,20,250,1.0,False,False,6.0,False,False,same_region,0,0,0,2.4,-12.2,14.6,7.3,0.7,-9.7,10.399999999999999,5.199999999999999,624,1,0
401468776,2023-01-11,Boston Celtics,New Orleans Pelicans,125,114,2023,11,239,1.0,False,False,1.0,False,False,west_to_east,1,0,1,-0.6,1.2,-1.7999999999999998,-0.8999999999999999,5.5,2.6,2.9,1.45,625,1,0
401468786,2023-01-12,Portland Trail Blazers,Cleveland Cavaliers,113,119,2023,-6,232,1.0,False,False,1.0,False,False,east_to_west,1,1,0,-0.4,2.4,-2.8,-1.4,-1.5,-0.7,-0.8,-0.4,626,1,0
401468785,2023-01-12,Los Angeles Lakers,Dallas Mavericks,115,119,2023,-4,234,5.0,False,False,1.0,False,False,same_region,0,0,0,2.8,-7.4,10.2,5.1,1.5,-0.1,1.6,0.8,627,1,0
401468784,2023-01-12,Toronto Raptors,Charlotte Hornets,124,114,2023,10,238,1.0,False,False,1.0,False,False,same_region,0,0,0,1.8,-3.6,5.4,2.7,1.2,-3.9,5.1,2.55,628,1,0
401468783,2023-01-12,Miami Heat,Milwaukee Bucks,108,102,2023,6,210,1.0,False,False,0.0,True,True,same_region,0,0,0,3.0,-0.6,3.6,1.8,2.7,-6.2,8.9,4.45,629,1,0
401468782,2023-01-12,Brooklyn Nets,Boston Celtics,98,109,2023,-11,207,9.0,False,False,4.0,False,False,same_region,0,0,0,10.2,4.0,6.199999999999999,3.0999999999999996,11.1,7.1,4.0,2.0,630,1,0
401468781,2023-01-12,Philadelphia 76ers,Oklahoma City Thunder,114,133,2023,-19,247,1.0,False,False,1.0,False,False,west_to_east,1,0,1,8.2,9.8,-1.6000000000000014,-0.8000000000000007,5.6,3.8,1.7999999999999998,0.8999999999999999,631,1,0
401468789,2023-01-13,Washington Wizards,New York Knicks,108,112,2023,-4,220,1.0,False,False,6.0,False,False,same_region,0,0,0,-4.2,5.6,-9.8,-4.9,3.4,2.8,0.6000000000000001,0.30000000000000004,632,1,0
401468794,2023-01-13,LA Clippers,Denver Nuggets,103,115,2023,-12,218,2.0,False,False,10.0,False,False,same_region,0,0,0,-9.2,14.6,-23.799999999999997,-11.899999999999999,-3.6,9.9,-13.5,-6.75,633,1,0
401468788,2023-01-13,Indiana Pacers,Atlanta Hawks,111,113,2023,-2,224,4.0,False,False,4.0,False,False,same_region,0,0,0,2.6,-4.0,6.6,3.3,2.1,-2.2,4.300000000000001,2.1500000000000004,634,1,0
401468790,2023-01-13,San Antonio Spurs,Golden State Warriors,113,144,2023,-31,257,5.0,False,False,22.0,False,False,same_region,0,0,0,-2.0,-4.2,2.2,1.1,-5.2,-6.5,1.2999999999999998,0.6499999999999999,635,1,0
401468793,2023-01-13,Utah Jazz,Orlando Magic,112,108,2023,4,220,2.0,False,False,2.0,False,False,east_to_west,1,1,0,0.8,-1.0,1.8,0.9,-0.1,-3.7,3.6,1.8,636,1,0
401468792,2023-01-13,Minnesota Timberwolves,Phoenix Suns,121,116,2023,5,237,6.0,False,False,1.0,False,True,same_region,0,0,0,4.8,-8.2,13.0,6.5,-1.3,-8.0,6.7,3.35,637,1,0
401468795,2023-01-13,Sacramento Kings,Houston Rockets,139,114,2023,25,253,1.0,False,False,1.0,False,False,same_region,0,0,0,8.4,-12.2,20.6,10.3,1.3,-11.1,12.4,6.2,638,1,0
401468791,2023-01-13,Chicago Bulls,Oklahoma City Thunder,110,124,2023,-14,234,5.0,False,False,0.0,True,True,west_to_east,1,0,1,4.0,7.0,-3.0,-1.5,1.3,5.4,-4.1000000000000005,-2.0500000000000003,639,1,0
401468787,2023-01-13,Detroit Pistons,New Orleans Pelicans,110,116,2023,-6,226,1.0,False,False,1.0,False,False,west_to_east,1,0,1,-7.0,0.8,-7.8,-3.9,-5.7,1.2,-6.9,-3.45,640,1,0
401468797,2023-01-14,Charlotte Hornets,Boston Celtics,106,122,2023,-16,228,9.0,False,False,1.0,False,False,same_region,0,0,0,-4.4,12.8,-17.200000000000003,-8.600000000000001,-5.3,7.0,-12.3,-6.15,641,1,0
401468796,2023-01-14,Miami Heat,Milwaukee Bucks,111,95,2023,16,206,1.0,False,False,1.0,False,True,same_region,0,0,0,2.2,-3.8,6.0,3.0,3.6,-5.0,8.6,4.3,642,1,0
401468798,2023-01-14,Indiana Pacers,Memphis Grizzlies,112,130,2023,-18,242,0.0,True,False,8.0,False,False,west_to_east,1,0,1,0.6,10.2,-9.6,-4.8,1.6,5.8,-4.199999999999999,-2.0999999999999996,643,1,0
401468801,2023-01-14,Utah Jazz,Philadelphia 76ers,117,118,2023,-1,235,0.0,True,False,5.0,False,False,east_to_west,1,1,0,2.0,2.6,-0.6000000000000001,-0.30000000000000004,-0.5,3.2,-3.7,-1.85,644,1,0
401468800,2023-01-14,Minnesota Timberwolves,Cleveland Cavaliers,110,102,2023,8,212,0.0,True,False,1.0,False,False,east_to_west,1,1,0,3.2,1.4,1.8000000000000003,0.9000000000000001,0.4,-0.9,1.3,0.65,645,1,0
401468802,2023-01-14,Portland Trail Blazers,Dallas Mavericks,136,119,2023,17,255,1.0,False,False,1.0,False,False,same_region,0,0,0,-7.4,-7.6,0.1999999999999993,0.09999999999999964,-1.9,-0.3,-1.5999999999999999,-0.7999999999999999,646,1,0
401468799,2023-01-14,Toronto Raptors,Atlanta Hawks,103,114,2023,-11,217,1.0,False,False,0.0,True,False,same_region,0,0,0,5.4,-3.2,8.600000000000001,4.300000000000001,1.5,-1.8,3.3,1.65,647,1,0
401468809,2023-01-15,Portland Trail Blazers,Dallas Mavericks,140,123,2023,17,263,0.0,True,True,0.0,True,True,same_region,0,0,0,-2.6,-5.2,2.6,1.3,0.1,-2.9,3.0,1.5,648,1,0
401468810,2023-01-15,Los Angeles Lakers,Philadelphia 76ers,112,113,2023,-1,225,2.0,False,False,0.0,True,False,east_to_west,1,1,0,0.8,2.2,-1.4000000000000001,-0.7000000000000001,1.5,2.6,-1.1,-0.55,649,1,0
401468808,2023-01-15,Denver Nuggets,Orlando Magic,119,116,2023,3,235,3.0,False,False,1.0,False,False,east_to_west,1,1,0,19.6,-4.0,23.6,11.8,10.8,-4.7,15.5,7.75,650,1,0
401468807,2023-01-15,San Antonio Spurs,Sacramento Kings,119,132,2023,-13,251,1.0,False,False,11.0,False,False,same_region,0,0,0,-7.6,13.0,-20.6,-10.3,-8.7,5.2,-13.899999999999999,-6.949999999999999,651,1,0
401468806,2023-01-15,Brooklyn Nets,Oklahoma City Thunder,102,112,2023,-10,214,2.0,False,False,1.0,False,True,west_to_east,1,0,1,4.6,12.0,-7.4,-3.7,9.7,7.1,2.5999999999999996,1.2999999999999998,652,1,0
401468804,2023-01-15,LA Clippers,Houston Rockets,121,100,2023,21,221,1.0,False,False,1.0,False,False,same_region,0,0,0,-9.6,-16.2,6.6,3.3,-4.3,-13.0,8.7,4.35,653,1,0
401468805,2023-01-15,Chicago Bulls,Golden State Warriors,132,118,2023,14,250,1.0,False,False,1.0,False,False,west_to_east,1,0,1,-0.6,0.8,-1.4,-0.7,1.4,0.4,0.9999999999999999,0.49999999999999994,654,1,0
401468803,2023-01-15,Detroit Pistons,New York Knicks,104,117,2023,-13,221,1.0,False,False,1.0,False,False,same_region,0,0,0,-8.8,2.6,-11.4,-5.7,-5.2,3.3,-8.5,-4.25,655,1,0
401468818,2023-01-16,Memphis Grizzlies,Phoenix Suns,136,106,2023,30,242,4.0,False,False,2.0,False,False,same_region,0,0,0,9.0,-8.8,17.8,8.9,9.0,-8.2,17.2,8.6,656,1,0
401468817,2023-01-16,Minnesota Timberwolves,Utah Jazz,125,126,2023,-1,251,1.0,False,True,7.0,False,False,same_region,0,0,0,3.4,-1.6,5.0,2.5,1.5,-0.2,1.7,0.85,657,1,0
401468819,2023-01-16,Los Angeles Lakers,Houston Rockets,140,132,2023,8,272,0.0,True,False,0.0,True,True,same_region,0,0,0,0.0,-18.2,18.2,9.1,2.3,-16.6,18.900000000000002,9.450000000000001,658,1,0
401468814,2023-01-16,New York Knicks,Toronto Raptors,121,123,2023,-2,244,4.0,False,False,13.0,False,False,same_region,0,0,0,4.6,3.8,0.7999999999999998,0.3999999999999999,5.3,-0.7,6.0,3.0,659,1,0
401468816,2023-01-16,Atlanta Hawks,Miami Heat,121,113,2023,8,234,4.0,False,False,9.0,False,False,same_region,0,0,0,-1.6,6.0,-7.6,-3.8,-3.2,4.9,-8.100000000000001,-4.050000000000001,660,1,0
401468815,2023-01-16,Washington Wizards,Golden State Warriors,118,127,2023,-9,245,2.0,False,False,0.0,True,True,west_to_east,1,0,1,-9.6,-2.4,-7.199999999999999,-3.5999999999999996,3.8,2.0,1.7999999999999998,0.8999999999999999,661,1,0
401468813,2023-01-16,Cleveland Cavaliers,New Orleans Pelicans,113,103,2023,10,216,11.0,False,False,2.0,False,False,west_to_east,1,0,1,-0.6,-0.2,-0.39999999999999997,-0.19999999999999998,-0.6,-0.2,-0.39999999999999997,-0.19999999999999998,662,1,0
401468812,2023-01-16,Milwaukee Bucks,Indiana Pacers,132,119,2023,13,251,9.0,False,False,4.0,False,False,same_region,0,0,0,-7.6,-2.4,-5.199999999999999,-2.5999999999999996,-4.5,1.8,-6.3,-3.15,663,1,0
401468811,2023-01-16,Charlotte Hornets,Boston Celtics,118,130,2023,-12,248,1.0,False,False,1.0,False,False,same_region,0,0,0,-2.8,10.2,-13.0,-6.5,-5.8,6.5,-12.3,-6.15,664,1,0
401468823,2023-01-17,LA Clippers,Philadelphia 76ers,110,120,2023,-10,230,1.0,False,False,1.0,False,True,east_to_west,1,1,0,0.8,5.2,-4.4,-2.2,-3.3,3.2,-6.5,-3.25,665,1,0
401468822,2023-01-17,Denver Nuggets,Portland Trail Blazers,122,113,2023,9,235,1.0,False,False,8.0,False,False,same_region,0,0,0,14.0,2.6,11.4,5.7,10.4,3.1,7.300000000000001,3.6500000000000004,666,1,0
401468821,2023-01-17,San Antonio Spurs,Brooklyn Nets,106,98,2023,8,204,1.0,False,False,8.0,False,False,east_to_west,1,1,0,-12.6,-4.6,-8.0,-4.0,-8.4,5.7,-14.100000000000001,-7.050000000000001,667,1,0
401468820,2023-01-17,Milwaukee Bucks,Toronto Raptors,130,122,2023,8,252,0.0,True,False,0.0,True,False,same_region,0,0,0,0.8,5.0,-4.2,-2.1,-2.6,0.6,-3.2,-1.6,668,1,0
401468830,2023-01-18,Utah Jazz,LA Clippers,126,103,2023,23,229,3.0,False,False,11.0,False,False,same_region,0,0,0,0.2,1.4,-1.2,-0.6,0.4,-5.4,5.800000000000001,2.9000000000000004,669,1,0
401468824,2023-01-18,New York Knicks,Washington Wizards,105,116,2023,-11,221,1.0,False,False,11.0,False,False,same_region,0,0,0,3.4,-9.4,12.8,6.4,5.6,1.5,4.1,2.05,670,1,0
401468826,2023-01-18,Houston Rockets,Charlotte Hornets,117,122,2023,-5,239,9.0,False,False,5.0,False,False,east_to_west,1,1,0,-16.4,-11.0,-5.399999999999999,-2.6999999999999993,-15.0,-6.5,-8.5,-4.25,671,1,0
401468827,2023-01-18,Memphis Grizzlies,Cleveland Cavaliers,115,114,2023,1,229,1.0,False,False,3.0,False,False,east_to_west,1,1,0,13.4,4.0,9.4,4.7,13.7,1.2,12.5,6.25,672,1,0
401468832,2023-01-18,Los Angeles Lakers,Sacramento Kings,111,116,2023,-5,227,1.0,False,True,2.0,False,False,same_region,0,0,0,-1.6,16.2,-17.8,-8.9,1.2,7.2,-6.0,-3.0,673,1,0
401468829,2023-01-18,Oklahoma City Thunder,Indiana Pacers,126,106,2023,20,232,9.0,False,False,1.0,False,False,east_to_west,1,1,0,10.6,-6.8,17.4,8.7,6.5,-1.0,7.5,3.75,674,1,0
401468831,2023-01-18,Denver Nuggets,Minnesota Timberwolves,122,118,2023,4,240,0.0,True,True,6.0,False,False,same_region,0,0,0,13.2,0.6,12.6,6.3,11.4,1.5,9.9,4.95,675,1,0
401468828,2023-01-18,New Orleans Pelicans,Miami Heat,98,124,2023,-26,222,11.0,False,False,1.0,False,False,east_to_west,1,1,0,-1.0,2.8,-3.8,-1.9,-1.3,2.7,-4.0,-2.0,676,1,0
401468825,2023-01-18,Dallas Mavericks,Atlanta Hawks,122,130,2023,-8,252,10.0,False,False,3.0,False,False,east_to_west,1,1,0,-10.6,3.2,-13.8,-6.9,-5.1,-0.9,-4.199999999999999,-2.0999999999999996,677,1,0
401468833,2023-01-19,Detroit Pistons,Chicago Bulls,108,126,2023,-18,234,3.0,False,False,7.0,False,False,same_region,0,0,0,-9.0,-0.6,-8.4,-4.2,-8.5,2.2,-10.7,-5.35,678,1,0
401468837,2023-01-19,Portland Trail Blazers,Philadelphia 76ers,95,105,2023,-10,200,3.0,False,False,1.0,False,False,east_to_west,1,1,0,3.2,4.8,-1.5999999999999996,-0.7999999999999998,1.1,5.3,-4.199999999999999,-2.0999999999999996,679,1,0
401468834,2023-01-19,Boston Celtics,Golden State Warriors,121,118,2023,3,239,7.0,False,False,2.0,False,False,west_to_east,1,0,1,11.6,0.0,11.6,5.8,5.3,1.5,3.8,1.9,680,1,0
401468835,2023-01-19,Minnesota Timberwolves,Toronto Raptors,128,126,2023,2,254,2.0,False,False,1.0,False,True,east_to_west,1,1,0,-1.8,1.0,-2.8,-1.4,2.0,1.1,0.8999999999999999,0.44999999999999996,681,1,0
401468836,2023-01-19,Phoenix Suns,Brooklyn Nets,117,112,2023,5,229,10.0,False,False,1.0,False,False,east_to_west,1,1,0,-13.2,-4.4,-8.799999999999999,-4.3999999999999995,-12.9,3.1,-16.0,-8.0,682,1,0
401468838,2023-01-20,Orlando Magic,New Orleans Pelicans,123,110,2023,13,233,14.0,False,False,3.0,False,False,west_to_east,1,0,1,-3.0,-4.2,1.2000000000000002,0.6000000000000001,-7.0,-5.0,-2.0,-1.0,683,1,0
401468839,2023-01-20,Atlanta Hawks,New York Knicks,139,124,2023,15,263,3.0,False,False,4.0,False,False,same_region,0,0,0,4.0,2.0,2.0,1.0,0.0,5.2,-5.2,-2.6,684,1,0
401468841,2023-01-20,Dallas Mavericks,Miami Heat,115,90,2023,25,205,1.0,False,False,1.0,False,False,east_to_west,1,1,0,-10.0,8.2,-18.2,-9.1,-7.4,5.8,-13.2,-6.6,685,1,0
401468845,2023-01-20,Los Angeles Lakers,Memphis Grizzlies,122,121,2023,1,243,1.0,False,False,5.0,False,False,same_region,0,0,0,-3.0,12.6,-15.6,-7.8,2.1,12.5,-10.4,-5.2,686,1,0
401468840,2023-01-20,Cleveland Cavaliers,Golden State Warriors,114,120,2023,-6,234,3.0,False,False,0.0,True,False,west_to_east,1,0,1,1.0,2.2,-1.2000000000000002,-0.6000000000000001,2.0,0.7,1.3,0.65,687,1,0
401468844,2023-01-20,Utah Jazz,Brooklyn Nets,106,117,2023,-11,223,1.0,False,False,0.0,True,True,east_to_west,1,1,0,5.8,-6.6,12.399999999999999,6.199999999999999,2.8,1.8,0.9999999999999998,0.4999999999999999,688,1,0
401468846,2023-01-20,Sacramento Kings,Oklahoma City Thunder,118,113,2023,5,231,6.0,False,False,4.0,False,False,same_region,0,0,0,17.6,12.4,5.200000000000001,2.6000000000000005,7.6,9.3,-1.700000000000001,-0.8500000000000005,689,1,0
401468842,2023-01-20,San Antonio Spurs,LA Clippers,126,131,2023,-5,257,2.0,False,False,1.0,False,False,same_region,0,0,0,-10.0,-2.4,-7.6,-3.8,-8.3,-7.1,-1.200000000000001,-0.6000000000000005,690,1,0
401468843,2023-01-20,Denver Nuggets,Indiana Pacers,134,111,2023,23,245,1.0,False,True,1.0,False,False,east_to_west,1,1,0,11.4,-11.8,23.200000000000003,11.600000000000001,11.3,-3.9,15.200000000000001,7.6000000000000005,691,1,0
401468849,2023-01-21,Atlanta Hawks,Charlotte Hornets,118,122,2023,-4,240,0.0,True,False,2.0,False,False,same_region,0,0,0,8.8,-9.0,17.8,8.9,2.4,-6.8,9.2,4.6,692,1,0
401468848,2023-01-21,Washington Wizards,Orlando Magic,138,118,2023,20,256,4.0,False,False,5.0,False,False,same_region,0,0,0,-3.8,-3.2,-0.5999999999999996,-0.2999999999999998,2.1,-3.8,5.9,2.95,693,1,0
401468853,2023-01-21,Sacramento Kings,Philadelphia 76ers,127,129,2023,-2,256,0.0,True,False,1.0,False,False,east_to_west,1,1,0,13.6,0.6,13.0,6.5,8.0,4.4,3.5999999999999996,1.7999999999999998,694,1,0
401468852,2023-01-21,Phoenix Suns,Indiana Pacers,112,107,2023,5,219,1.0,False,False,0.0,True,True,east_to_west,1,1,0,-9.4,-15.2,5.799999999999999,2.8999999999999995,-9.9,-6.3,-3.6000000000000005,-1.8000000000000003,695,1,0
401468851,2023-01-21,Minnesota Timberwolves,Houston Rockets,113,104,2023,9,217,1.0,False,False,4.0,False,False,same_region,0,0,0,2.0,-15.8,17.8,8.9,3.4,-14.0,17.4,8.7,696,1,0
401468850,2023-01-21,Cleveland Cavaliers,Milwaukee Bucks,114,102,2023,12,216,0.0,True,False,6.0,False,False,same_region,0,0,0,0.2,1.6,-1.4000000000000001,-0.7000000000000001,1.3,-2.7,4.0,2.0,697,1,0
401468847,2023-01-21,Toronto Raptors,Boston Celtics,104,106,2023,-2,210,6.0,False,False,4.0,False,False,same_region,0,0,0,-1.8,10.6,-12.4,-6.2,0.0,5.0,-5.0,-2.5,698,1,0
401468855,2023-01-22,Toronto Raptors,New York Knicks,125,116,2023,9,241,0.0,True,False,1.0,False,False,same_region,0,0,0,-4.2,-2.2,-2.0,-1.0,0.6,1.7,-1.1,-0.55,699,1,0
401468856,2023-01-22,Dallas Mavericks,LA Clippers,98,112,2023,-14,210,1.0,False,False,1.0,False,False,same_region,0,0,0,-2.6,-3.8,1.1999999999999997,0.5999999999999999,-5.0,-6.5,1.5,0.75,700,1,0
401468859,2023-01-22,Golden State Warriors,Brooklyn Nets,116,120,2023,-4,236,11.0,False,False,1.0,False,True,east_to_west,1,1,0,5.8,-4.6,10.399999999999999,5.199999999999999,0.8,2.8,-1.9999999999999998,-0.9999999999999999,701,1,0
401468854,2023-01-22,Miami Heat,New Orleans Pelicans,100,96,2023,4,196,7.0,False,False,1.0,False,False,west_to_east,1,0,1,3.0,-10.8,13.8,6.9,3.0,-4.8,7.8,3.9,702,1,0
401468858,2023-01-22,Phoenix Suns,Memphis Grizzlies,112,110,2023,2,222,0.0,True,True,1.0,False,False,same_region,0,0,0,-10.8,10.8,-21.6,-10.8,-8.5,10.9,-19.4,-9.7,703,1,0
401468860,2023-01-22,Portland Trail Blazers,Los Angeles Lakers,112,121,2023,-9,233,2.0,False,False,12.0,False,False,same_region,0,0,0,1.8,-0.2,2.0,1.0,0.7,1.3,-0.6000000000000001,-0.30000000000000004,704,1,0
401468857,2023-01-22,Denver Nuggets,Oklahoma City Thunder,99,101,2023,-2,200,1.0,False,False,1.0,False,False,same_region,0,0,0,10.2,11.6,-1.4000000000000004,-0.7000000000000002,12.4,10.7,1.700000000000001,0.8500000000000005,705,1,0
401468867,2023-01-23,Sacramento Kings,Memphis Grizzlies,133,100,2023,33,233,1.0,False,True,0.0,True,True,same_region,0,0,0,9.2,9.2,0.0,0.0,8.8,9.7,-0.8999999999999986,-0.4499999999999993,706,1,0
401468866,2023-01-23,Portland Trail Blazers,San Antonio Spurs,147,127,2023,20,274,0.0,True,False,11.0,False,False,same_region,0,0,0,1.2,-9.4,10.6,5.3,-3.1,-8.7,5.6,2.8,707,1,0
401468865,2023-01-23,Utah Jazz,Charlotte Hornets,120,102,2023,18,222,2.0,False,False,1.0,False,False,east_to_west,1,1,0,3.2,-5.8,9.0,4.5,2.0,-4.7,6.7,3.35,708,1,0
401468864,2023-01-23,Houston Rockets,Minnesota Timberwolves,119,114,2023,5,233,4.0,False,False,4.0,False,False,same_region,0,0,0,-13.6,2.8,-16.4,-8.2,-12.9,3.0,-15.9,-7.95,709,1,0
401468863,2023-01-23,Chicago Bulls,Atlanta Hawks,111,100,2023,11,211,7.0,False,False,4.0,False,False,same_region,0,0,0,1.4,7.6,-6.199999999999999,-3.0999999999999996,2.6,2.2,0.3999999999999999,0.19999999999999996,710,1,0
401468862,2023-01-23,Orlando Magic,Boston Celtics,113,98,2023,15,211,2.0,False,False,1.0,False,False,same_region,0,0,0,-2.2,8.8,-11.0,-5.5,-3.8,6.4,-10.2,-5.1,711,1,0
401468861,2023-01-23,Detroit Pistons,Milwaukee Bucks,130,150,2023,-20,280,3.0,False,False,1.0,False,False,same_region,0,0,0,-10.2,-2.6,-7.6,-3.8,-8.9,-1.6,-7.300000000000001,-3.6500000000000004,712,1,0
401468872,2023-01-24,Dallas Mavericks,Washington Wizards,126,127,2023,-1,253,1.0,False,False,5.0,False,False,east_to_west,1,1,0,-6.2,4.2,-10.4,-5.2,-6.9,1.6,-8.5,-4.25,713,1,0
401468869,2023-01-24,Miami Heat,Boston Celtics,98,95,2023,3,193,1.0,False,False,0.0,True,True,same_region,0,0,0,2.6,3.6,-1.0,-0.5,2.4,8.2,-5.799999999999999,-2.8999999999999995,714,1,0
401468870,2023-01-24,New York Knicks,Cleveland Cavaliers,105,103,2023,2,208,5.0,False,False,5.0,False,False,same_region,0,0,0,-4.8,1.4,-6.199999999999999,-3.0999999999999996,-1.1,1.4,-2.5,-1.25,715,1,0
401468874,2023-01-24,Los Angeles Lakers,LA Clippers,115,133,2023,-18,248,3.0,False,False,1.0,False,False,same_region,0,0,0,2.4,1.4,1.0,0.5,1.6,-4.1,5.699999999999999,2.8499999999999996,716,1,0
401468873,2023-01-24,Phoenix Suns,Charlotte Hornets,128,97,2023,31,225,1.0,False,True,0.0,True,True,east_to_west,1,1,0,-4.6,-7.4,2.8000000000000007,1.4000000000000004,-6.4,-5.9,-0.5,-0.25,717,1,0
401468871,2023-01-24,New Orleans Pelicans,Denver Nuggets,98,99,2023,-1,197,5.0,False,False,10.0,False,False,same_region,0,0,0,-9.4,7.4,-16.8,-8.4,-4.3,13.5,-17.8,-8.9,718,1,0
401468868,2023-01-24,Indiana Pacers,Chicago Bulls,116,110,2023,6,226,9.0,False,False,4.0,False,False,same_region,0,0,0,-15.8,5.2,-21.0,-10.5,-7.6,3.8,-11.399999999999999,-5.699999999999999,719,1,0
401468877,2023-01-25,Houston Rockets,Washington Wizards,103,108,2023,-5,211,1.0,False,False,0.0,True,False,east_to_west,1,1,0,-7.6,3.8,-11.399999999999999,-5.699999999999999,-11.9,-0.2,-11.700000000000001,-5.8500000000000005,720,1,0
401468880,2023-01-25,Oklahoma City Thunder,Atlanta Hawks,132,137,2023,-5,269,6.0,False,False,1.0,False,False,east_to_west,1,1,0,8.2,3.2,4.999999999999999,2.4999999999999996,7.6,0.8,6.8,3.4,721,1,0
401468878,2023-01-25,Milwaukee Bucks,Denver Nuggets,107,99,2023,8,206,7.0,False,False,0.0,True,False,west_to_east,1,0,1,2.6,7.0,-4.4,-2.2,-0.6,10.5,-11.1,-5.55,722,1,0
401468875,2023-01-25,Orlando Magic,Indiana Pacers,126,120,2023,6,246,1.0,False,False,3.0,False,False,same_region,0,0,0,0.2,-11.0,11.2,5.6,-0.4,-6.7,6.3,3.15,723,1,0
401468876,2023-01-25,Philadelphia 76ers,Brooklyn Nets,137,133,2023,4,270,12.0,False,False,2.0,False,False,same_region,0,0,0,4.8,-1.6,6.4,3.2,3.7,1.5,2.2,1.1,724,1,0
401468884,2023-01-25,Los Angeles Lakers,San Antonio Spurs,113,104,2023,9,217,0.0,True,False,1.0,False,False,same_region,0,0,0,-1.0,-12.2,11.2,5.6,-0.5,-7.1,6.6,3.3,725,1,0
401468883,2023-01-25,Sacramento Kings,Toronto Raptors,95,113,2023,-18,208,1.0,False,False,5.0,False,False,east_to_west,1,1,0,10.8,-0.2,11.0,5.5,11.9,1.8,10.1,5.05,726,1,0
401468879,2023-01-25,New Orleans Pelicans,Minnesota Timberwolves,102,111,2023,-9,213,0.0,True,False,1.0,False,False,same_region,0,0,0,-10.8,0.2,-11.0,-5.5,-5.5,1.8,-7.3,-3.65,727,1,0
401468882,2023-01-25,Portland Trail Blazers,Utah Jazz,134,124,2023,10,258,1.0,False,True,8.0,False,False,same_region,0,0,0,1.8,6.0,-4.2,-2.1,-0.4,4.0,-4.4,-2.2,728,1,0
401468881,2023-01-25,Golden State Warriors,Memphis Grizzlies,122,120,2023,2,242,2.0,False,False,1.0,False,True,same_region,0,0,0,-1.2,-1.0,-0.19999999999999996,-0.09999999999999998,-0.2,4.0,-4.2,-2.1,729,1,0
401468890,2023-01-26,LA Clippers,San Antonio Spurs,138,100,2023,38,238,8.0,False,False,0.0,True,True,same_region,0,0,0,0.8,-7.8,8.6,4.3,0.8,-7.7,8.5,4.25,730,1,0
401468889,2023-01-26,Phoenix Suns,Dallas Mavericks,95,99,2023,-4,194,1.0,False,False,10.0,False,False,same_region,0,0,0,2.6,-3.0,5.6,2.8,-3.1,-4.1,0.9999999999999996,0.4999999999999998,731,1,0
401468888,2023-01-26,Houston Rockets,Cleveland Cavaliers,95,113,2023,-18,208,0.0,True,True,1.0,False,False,east_to_west,1,1,0,-4.4,2.6,-7.0,-3.5,-11.3,1.0,-12.3,-6.15,732,1,0
401468887,2023-01-26,Charlotte Hornets,Chicago Bulls,111,96,2023,15,207,9.0,False,False,1.0,False,False,same_region,0,0,0,-10.4,4.6,-15.0,-7.5,-6.6,4.3,-10.899999999999999,-5.449999999999999,733,1,0
401468886,2023-01-26,Brooklyn Nets,Detroit Pistons,122,130,2023,-8,252,10.0,False,False,15.0,False,False,same_region,0,0,0,-0.4,-8.0,7.6,3.8,-2.5,-12.1,9.6,4.8,734,1,0
401468885,2023-01-26,Boston Celtics,New York Knicks,117,120,2023,-3,237,6.0,False,False,3.0,False,False,same_region,0,0,0,-0.2,-7.0,6.8,3.4,5.0,-1.2,6.2,3.1,735,1,0
401468894,2023-01-27,Oklahoma City Thunder,Cleveland Cavaliers,112,100,2023,12,212,1.0,False,False,0.0,True,True,east_to_west,1,1,0,4.4,4.2,0.20000000000000018,0.10000000000000009,8.2,4.1,4.1,2.05,736,1,0
401468893,2023-01-27,Miami Heat,Orlando Magic,110,105,2023,5,215,2.0,False,False,5.0,False,False,same_region,0,0,0,0.0,2.2,-2.2,-1.1,3.0,-0.9,3.9,1.95,737,1,0
401468891,2023-01-27,Indiana Pacers,Milwaukee Bucks,131,141,2023,-10,272,2.0,False,False,3.0,False,False,same_region,0,0,0,-9.6,7.4,-17.0,-8.5,-8.2,-0.1,-8.1,-4.05,738,1,0
401468892,2023-01-27,Minnesota Timberwolves,Memphis Grizzlies,111,100,2023,11,211,5.0,False,False,1.0,False,False,same_region,0,0,0,2.2,-7.4,9.600000000000001,4.800000000000001,1.4,3.0,-1.6,-0.8,739,1,0
401468895,2023-01-27,Golden State Warriors,Toronto Raptors,129,117,2023,12,246,1.0,False,False,1.0,False,False,east_to_west,1,1,0,2.0,3.0,-1.0,-0.5,-0.2,4.0,-4.2,-2.1,740,1,0
401468898,2023-01-28,Detroit Pistons,Houston Rockets,114,117,2023,-3,231,4.0,False,False,6.0,False,False,west_to_east,1,0,1,-9.8,-6.4,-3.4000000000000004,-1.7000000000000002,-8.4,-11.4,3.0,1.5,741,1,0
401468904,2023-01-28,Boston Celtics,Los Angeles Lakers,125,121,2023,4,246,1.0,False,False,5.0,False,False,west_to_east,1,0,1,-3.2,-0.8,-2.4000000000000004,-1.2000000000000002,4.2,-1.2,5.4,2.7,742,1,0
401468903,2023-01-28,San Antonio Spurs,Phoenix Suns,118,128,2023,-10,246,7.0,False,False,11.0,False,False,same_region,0,0,0,-12.8,7.8,-20.6,-10.3,-12.7,-2.7,-10.0,-5.0,743,1,0
401468900,2023-01-28,Atlanta Hawks,LA Clippers,113,120,2023,-7,233,6.0,False,False,3.0,False,False,west_to_east,1,0,1,2.6,10.4,-7.800000000000001,-3.9000000000000004,2.9,5.9,-3.0000000000000004,-1.5000000000000002,744,1,0
401468896,2023-01-28,Philadelphia 76ers,Denver Nuggets,126,119,2023,7,245,2.0,False,False,2.0,False,False,west_to_east,1,0,1,5.4,3.6,1.8000000000000003,0.9000000000000001,3.8,8.4,-4.6000000000000005,-2.3000000000000003,745,1,0
401468899,2023-01-28,Orlando Magic,Chicago Bulls,109,128,2023,-19,237,2.0,False,False,1.0,False,False,same_region,0,0,0,1.8,4.4,-2.6000000000000005,-1.3000000000000003,-0.6,1.9,-2.5,-1.25,746,1,0
401468901,2023-01-28,Minnesota Timberwolves,Sacramento Kings,117,110,2023,7,227,0.0,True,False,9.0,False,False,same_region,0,0,0,5.2,4.6,0.6000000000000005,0.30000000000000027,1.7,10.4,-8.700000000000001,-4.3500000000000005,747,1,0
401468906,2023-01-28,Portland Trail Blazers,Toronto Raptors,105,123,2023,-18,228,2.0,False,False,0.0,True,True,east_to_west,1,1,0,0.4,2.2,-1.8000000000000003,-0.9000000000000001,1.5,1.6,-0.10000000000000009,-0.050000000000000044,748,1,0
401468905,2023-01-28,Utah Jazz,Dallas Mavericks,108,100,2023,8,208,4.0,False,False,1.0,False,False,same_region,0,0,0,4.2,1.2,3.0,1.5,1.3,-4.7,6.0,3.0,749,1,0
401468897,2023-01-28,Brooklyn Nets,New York Knicks,122,115,2023,7,237,1.0,False,False,1.0,False,False,same_region,0,0,0,-0.4,-6.0,5.6,2.8,-2.4,-1.3,-1.0999999999999999,-0.5499999999999999,750,1,0
401468902,2023-01-28,New Orleans Pelicans,Washington Wizards,103,113,2023,-10,216,2.0,False,False,2.0,False,False,east_to_west,1,1,0,-10.6,5.6,-16.2,-8.1,-5.8,-2.0,-3.8,-1.9,751,1,0
401468910,2023-01-29,Milwaukee Bucks,New Orleans Pelicans,135,110,2023,25,245,3.0,False,False,6.0,False,False,west_to_east,1,0,1,6.8,-7.4,14.2,7.1,3.8,-5.8,9.6,4.8,752,1,0
401468909,2023-01-29,Cleveland Cavaliers,LA Clippers,122,99,2023,23,221,7.0,False,False,0.0,True,False,west_to_east,1,0,1,2.0,16.4,-14.399999999999999,-7.199999999999999,1.5,7.0,-5.5,-2.75,753,1,0
401468908,2023-01-29,Memphis Grizzlies,Indiana Pacers,112,100,2023,12,212,10.0,False,False,3.0,False,False,east_to_west,1,1,0,-9.8,-7.6,-2.200000000000001,-1.1000000000000005,1.4,-9.7,11.1,5.55,754,1,0
401468907,2023-01-29,Charlotte Hornets,Miami Heat,122,117,2023,5,239,2.0,False,False,8.0,False,False,same_region,0,0,0,-5.0,2.6,-7.6,-3.8,-8.0,2.7,-10.7,-5.35,755,1,0
401468914,2023-01-30,Oklahoma City Thunder,Golden State Warriors,120,128,2023,-8,248,2.0,False,False,9.0,False,False,same_region,0,0,0,4.8,2.6,2.1999999999999997,1.0999999999999999,7.7,1.3,6.4,3.2,756,1,0
401468916,2023-01-30,Dallas Mavericks,Detroit Pistons,111,105,2023,6,216,5.0,False,False,3.0,False,False,east_to_west,1,1,0,1.2,-9.2,10.399999999999999,5.199999999999999,-4.4,-9.0,4.6,2.3,757,1,0
401468915,2023-01-30,San Antonio Spurs,Washington Wizards,106,127,2023,-21,233,1.0,False,False,1.0,False,False,east_to_west,1,1,0,-16.4,9.4,-25.799999999999997,-12.899999999999999,-13.2,0.0,-13.2,-6.6,758,1,0
401468917,2023-01-30,Phoenix Suns,Toronto Raptors,114,106,2023,8,220,3.0,False,False,1.0,False,True,east_to_west,1,1,0,8.8,6.2,2.6000000000000005,1.3000000000000003,-0.3,2.2,-2.5,-1.25,759,1,0
401468918,2023-01-30,Portland Trail Blazers,Atlanta Hawks,129,125,2023,4,254,1.0,False,False,4.0,False,False,east_to_west,1,1,0,-1.4,-0.4,-0.9999999999999999,-0.49999999999999994,0.9,1.8,-0.9,-0.45,760,1,0
401468912,2023-01-30,Brooklyn Nets,Los Angeles Lakers,121,104,2023,17,225,1.0,False,False,1.0,False,False,west_to_east,1,0,1,2.0,-0.6,2.6,1.3,-2.3,-1.8,-0.4999999999999998,-0.2499999999999999,761,1,0
401468911,2023-01-30,Philadelphia 76ers,Orlando Magic,109,119,2023,-10,228,1.0,False,False,2.0,False,False,same_region,0,0,0,6.6,-4.6,11.2,5.6,5.9,-3.9,9.8,4.9,762,1,0
401468913,2023-01-30,Minnesota Timberwolves,Sacramento Kings,111,118,2023,-7,229,1.0,False,True,1.0,False,False,same_region,0,0,0,6.2,2.2,4.0,2.0,4.1,9.9,-5.800000000000001,-2.9000000000000004,763,1,0
401468920,2023-01-31,New York Knicks,Los Angeles Lakers,123,129,2023,-6,252,6.0,False,False,0.0,True,True,west_to_east,1,0,1,-5.2,-4.2,-1.0,-0.5,-1.6,-2.2,0.6000000000000001,0.30000000000000004,764,1,0
401468923,2023-01-31,Denver Nuggets,New Orleans Pelicans,122,113,2023,9,235,8.0,False,False,1.0,False,False,same_region,0,0,0,1.4,-9.8,11.200000000000001,5.6000000000000005,6.4,-10.3,16.700000000000003,8.350000000000001,765,1,0
401468919,2023-01-31,Cleveland Cavaliers,Miami Heat,97,100,2023,-3,197,1.0,False,False,1.0,False,False,same_region,0,0,0,7.8,-3.6,11.4,5.7,4.0,2.3,1.7000000000000002,0.8500000000000001,766,1,0
401468921,2023-01-31,Chicago Bulls,LA Clippers,103,108,2023,-5,211,7.0,False,False,1.0,False,True,west_to_east,1,0,1,5.4,10.8,-5.4,-2.7,2.4,3.5,-1.1,-0.55,767,1,0
401468922,2023-01-31,Milwaukee Bucks,Charlotte Hornets,124,115,2023,9,239,1.0,False,False,6.0,False,False,same_region,0,0,0,10.2,-5.0,15.2,7.6,5.9,-7.0,12.9,6.45,768,1,0
401468927,2023-02-01,Boston Celtics,Brooklyn Nets,139,96,2023,43,235,3.0,False,False,6.0,False,False,same_region,0,0,0,-3.0,3.2,-6.2,-3.1,3.8,-0.7,4.5,2.25,769,2,0
401468926,2023-02-01,Memphis Grizzlies,Portland Trail Blazers,112,122,2023,-10,234,2.0,False,False,14.0,False,False,same_region,0,0,0,-7.2,1.4,-8.6,-4.3,1.8,1.6,0.19999999999999996,0.09999999999999998,770,2,0
401468932,2023-02-01,Phoenix Suns,Atlanta Hawks,100,132,2023,-32,232,1.0,False,False,1.0,False,False,east_to_west,1,1,0,9.4,-4.2,13.600000000000001,6.800000000000001,-0.7,2.3,-3.0,-1.5,771,2,0
401468931,2023-02-01,Utah Jazz,Toronto Raptors,131,128,2023,3,259,3.0,False,False,1.0,False,False,east_to_west,1,1,0,5.6,5.0,0.5999999999999996,0.2999999999999998,2.9,0.4,2.5,1.25,772,2,0
401468930,2023-02-01,San Antonio Spurs,Sacramento Kings,109,119,2023,-10,228,1.0,False,False,1.0,False,False,same_region,0,0,0,-19.6,2.6,-22.200000000000003,-11.100000000000001,-14.5,8.1,-22.6,-11.3,773,2,0
401468929,2023-02-01,Minnesota Timberwolves,Golden State Warriors,119,114,2023,5,233,1.0,False,False,1.0,False,False,same_region,0,0,0,3.0,4.8,-1.7999999999999998,-0.8999999999999999,2.9,3.5,-0.6000000000000001,-0.30000000000000004,774,2,0
401468928,2023-02-01,Houston Rockets,Oklahoma City Thunder,112,106,2023,6,218,5.0,False,False,9.0,False,False,same_region,0,0,0,-4.8,-0.8,-4.0,-2.0,-10.3,5.8,-16.1,-8.05,775,2,0
401468925,2023-02-01,Philadelphia 76ers,Orlando Magic,105,94,2023,11,199,1.0,False,False,1.0,False,False,same_region,0,0,0,2.6,1.4,1.2000000000000002,0.6000000000000001,3.7,-0.4,4.1000000000000005,2.0500000000000003,776,2,0
401468936,2023-02-02,Chicago Bulls,Charlotte Hornets,114,98,2023,16,212,1.0,False,False,1.0,False,False,same_region,0,0,0,0.8,-7.6,8.4,4.2,1.1,-6.7,7.800000000000001,3.9000000000000004,777,2,0
401468934,2023-02-02,Cleveland Cavaliers,Memphis Grizzlies,128,113,2023,15,241,1.0,False,False,5.0,False,False,west_to_east,1,0,1,4.8,-8.8,13.600000000000001,6.800000000000001,3.1,0.2,2.9,1.45,778,2,0
401468933,2023-02-02,Indiana Pacers,Los Angeles Lakers,111,112,2023,-1,223,5.0,False,False,1.0,False,True,west_to_east,1,0,1,-5.4,-4.8,-0.6000000000000005,-0.30000000000000027,-10.3,-1.2,-9.100000000000001,-4.550000000000001,779,2,0
401468938,2023-02-02,Denver Nuggets,Golden State Warriors,134,117,2023,17,251,1.0,False,False,0.0,True,True,same_region,0,0,0,-1.4,2.6,-4.0,-2.0,4.4,4.2,0.20000000000000018,0.10000000000000009,780,2,0
401468937,2023-02-02,Dallas Mavericks,New Orleans Pelicans,111,106,2023,5,217,2.0,False,False,1.0,False,False,same_region,0,0,0,-2.6,-10.8,8.200000000000001,4.1000000000000005,-2.6,-10.1,7.5,3.75,781,2,0
401468935,2023-02-02,New York Knicks,Miami Heat,106,104,2023,2,210,1.0,False,False,1.0,False,False,same_region,0,0,0,-3.4,2.0,-5.4,-2.7,-2.8,2.5,-5.3,-2.65,782,2,0
401468939,2023-02-02,Milwaukee Bucks,LA Clippers,106,105,2023,1,211,1.0,False,False,1.0,False,False,west_to_east,1,0,1,14.4,9.0,5.4,2.7,5.9,5.2,0.7000000000000002,0.3500000000000001,783,2,0
401468941,2023-02-03,Indiana Pacers,Sacramento Kings,107,104,2023,3,211,0.0,True,False,1.0,False,False,west_to_east,1,0,1,-4.6,5.0,-9.6,-4.8,-10.2,7.1,-17.299999999999997,-8.649999999999999,784,2,0
401468942,2023-02-03,Washington Wizards,Portland Trail Blazers,116,124,2023,-8,240,12.0,False,False,1.0,False,False,west_to_east,1,0,1,11.4,5.2,6.2,3.1,3.8,3.2,0.5999999999999996,0.2999999999999998,785,2,0
401468945,2023-02-03,Minnesota Timberwolves,Orlando Magic,120,127,2023,-7,247,1.0,False,False,1.0,False,False,east_to_west,1,1,0,5.0,-3.8,8.8,4.4,2.6,-1.8,4.4,2.2,786,2,0
401468940,2023-02-03,Detroit Pistons,Charlotte Hornets,118,112,2023,6,230,5.0,False,False,0.0,True,True,same_region,0,0,0,-7.8,-7.2,-0.5999999999999996,-0.2999999999999998,-8.4,-7.3,-1.1000000000000005,-0.5500000000000003,787,2,0
401468947,2023-02-03,Utah Jazz,Atlanta Hawks,108,115,2023,-7,223,1.0,False,False,1.0,False,False,east_to_west,1,1,0,1.6,3.0,-1.4,-0.7,3.7,5.3,-1.5999999999999996,-0.7999999999999998,788,2,0
401468943,2023-02-03,Boston Celtics,Phoenix Suns,94,106,2023,-12,200,1.0,False,False,5.0,False,False,west_to_east,1,0,1,5.2,2.6,2.6,1.3,7.0,-1.0,8.0,4.0,789,2,0
401468946,2023-02-03,San Antonio Spurs,Philadelphia 76ers,125,137,2023,-12,262,1.0,False,False,12.0,False,False,east_to_west,1,1,0,-17.6,2.8,-20.400000000000002,-10.200000000000001,-14.9,1.7,-16.6,-8.3,790,2,0
401468944,2023-02-03,Houston Rockets,Toronto Raptors,111,117,2023,-6,228,1.0,False,False,1.0,False,False,east_to_west,1,1,0,-1.8,2.6,-4.4,-2.2,-7.7,1.2,-8.9,-4.45,791,2,0
401468948,2023-02-04,Brooklyn Nets,Washington Wizards,125,123,2023,2,248,4.0,False,False,4.0,False,False,same_region,0,0,0,-6.2,5.8,-12.0,-6.0,-3.9,5.0,-8.9,-4.45,792,2,0
401468949,2023-02-04,Detroit Pistons,Phoenix Suns,100,116,2023,-16,216,0.0,True,False,0.0,True,False,west_to_east,1,0,1,-3.0,-1.2,-1.8,-0.9,-6.6,0.7,-7.3,-3.65,793,2,0
401468950,2023-02-04,New York Knicks,LA Clippers,128,134,2023,-6,262,1.0,False,False,1.0,False,False,west_to_east,1,0,1,-1.2,5.2,-6.4,-3.2,-3.0,3.0,-6.0,-3.0,794,2,0
401468953,2023-02-04,New Orleans Pelicans,Los Angeles Lakers,131,126,2023,5,257,6.0,False,False,1.0,False,False,same_region,0,0,0,-11.6,-1.0,-10.6,-5.3,-11.2,-1.0,-10.2,-5.1,795,2,0
401468952,2023-02-04,Milwaukee Bucks,Miami Heat,123,115,2023,8,238,1.0,False,False,1.0,False,False,same_region,0,0,0,10.6,0.8,9.799999999999999,4.8999999999999995,6.6,1.7,4.8999999999999995,2.4499999999999997,796,2,0
401468954,2023-02-04,Oklahoma City Thunder,Houston Rockets,153,121,2023,32,274,4.0,False,False,6.0,False,False,same_region,0,0,0,-1.0,-4.0,3.0,1.5,5.3,-5.8,11.1,5.55,797,2,0
401468955,2023-02-04,Golden State Warriors,Dallas Mavericks,119,113,2023,6,232,7.0,False,False,6.0,False,False,same_region,0,0,0,0.0,1.2,-1.2,-0.6,-0.6,-2.5,1.9,0.95,798,2,0
401468956,2023-02-04,Denver Nuggets,Atlanta Hawks,128,108,2023,20,236,1.0,False,False,0.0,True,True,east_to_west,1,1,0,2.4,6.6,-4.199999999999999,-2.0999999999999996,4.9,4.9,0.0,0.0,799,2,0
401468951,2023-02-04,Chicago Bulls,Portland Trail Blazers,129,121,2023,8,250,1.0,False,False,0.0,True,True,west_to_east,1,0,1,1.8,2.8,-0.9999999999999998,-0.4999999999999999,3.5,2.3,1.2000000000000002,0.6000000000000001,800,2,0
401468960,2023-02-05,Memphis Grizzlies,Toronto Raptors,103,106,2023,-3,209,3.0,False,False,1.0,False,False,east_to_west,1,1,0,-5.2,0.2,-5.4,-2.7,-3.1,1.6,-4.7,-2.35,801,2,0
401468961,2023-02-05,Minnesota Timberwolves,Denver Nuggets,128,98,2023,30,226,1.0,False,False,7.0,False,False,same_region,0,0,0,1.8,6.2,-4.4,-2.2,2.0,6.6,-4.6,-2.3,802,2,0
401468962,2023-02-05,New Orleans Pelicans,Sacramento Kings,136,104,2023,32,240,0.0,True,False,1.0,False,False,same_region,0,0,0,-8.8,-2.2,-6.6000000000000005,-3.3000000000000003,-9.7,4.3,-14.0,-7.0,803,2,0
401468959,2023-02-05,New York Knicks,Philadelphia 76ers,108,97,2023,11,205,0.0,True,True,1.0,False,False,same_region,0,0,0,-2.8,4.8,-7.6,-3.8,-4.9,4.8,-9.7,-4.85,804,2,0
401468957,2023-02-05,Charlotte Hornets,Orlando Magic,113,119,2023,-6,232,6.0,False,False,1.0,False,False,same_region,0,0,0,-2.2,-3.6,1.4,0.7,-6.3,-0.7,-5.6,-2.8,805,2,0
401468958,2023-02-05,Indiana Pacers,Cleveland Cavaliers,103,122,2023,-19,225,1.0,False,True,8.0,False,False,same_region,0,0,0,-5.2,8.2,-13.399999999999999,-6.699999999999999,-8.1,5.4,-13.5,-6.75,806,2,0
401468970,2023-02-06,Portland Trail Blazers,Milwaukee Bucks,108,127,2023,-19,235,6.0,False,False,9.0,False,False,east_to_west,1,1,0,-0.8,10.6,-11.4,-5.7,-0.2,9.0,-9.2,-4.6,807,2,0
401468964,2023-02-06,Washington Wizards,Cleveland Cavaliers,91,114,2023,-23,205,2.0,False,False,0.0,True,False,same_region,0,0,0,5.2,8.4,-3.2,-1.6,4.5,6.3,-1.7999999999999998,-0.8999999999999999,808,2,0
401468965,2023-02-06,Brooklyn Nets,LA Clippers,116,124,2023,-8,240,1.0,False,False,1.0,False,False,west_to_east,1,0,1,-5.0,-1.2,-3.8,-1.9,-2.7,4.6,-7.3,-3.65,809,2,0
401468963,2023-02-06,Detroit Pistons,Boston Celtics,99,111,2023,-12,210,1.0,False,True,12.0,False,False,same_region,0,0,0,-2.2,5.8,-8.0,-4.0,-5.1,4.7,-9.8,-4.9,810,2,0
401468967,2023-02-06,Houston Rockets,Sacramento Kings,120,140,2023,-20,260,2.0,False,False,0.0,True,True,same_region,0,0,0,-9.4,-5.0,-4.4,-2.2,-6.9,-0.2,-6.7,-3.35,811,2,0
401468969,2023-02-06,Golden State Warriors,Oklahoma City Thunder,141,114,2023,27,255,1.0,False,False,4.0,False,False,same_region,0,0,0,0.8,5.0,-4.2,-2.1,1.4,6.6,-5.199999999999999,-2.5999999999999996,812,2,0
401468966,2023-02-06,Chicago Bulls,San Antonio Spurs,128,104,2023,24,232,1.0,False,False,10.0,False,False,west_to_east,1,0,1,4.6,-18.2,22.799999999999997,11.399999999999999,4.6,-13.0,17.6,8.8,813,2,0
401468968,2023-02-06,Utah Jazz,Dallas Mavericks,111,124,2023,-13,235,2.0,False,False,1.0,False,False,same_region,0,0,0,2.4,0.2,2.1999999999999997,1.0999999999999999,2.8,-1.4,4.199999999999999,2.0999999999999996,814,2,0
401468972,2023-02-07,Brooklyn Nets,Phoenix Suns,112,116,2023,-4,228,0.0,True,True,2.0,False,False,west_to_east,1,0,1,-5.0,2.8,-7.8,-3.9,-2.7,5.3,-8.0,-4.0,815,2,0
401468971,2023-02-07,Orlando Magic,New York Knicks,98,102,2023,-4,200,9.0,False,False,9.0,False,False,same_region,0,0,0,-1.4,-1.2,-0.19999999999999996,-0.09999999999999998,0.2,-3.6,3.8000000000000003,1.9000000000000001,816,2,0
401468976,2023-02-07,Los Angeles Lakers,Oklahoma City Thunder,130,133,2023,-3,263,12.0,False,False,0.0,True,False,same_region,0,0,0,-3.8,0.6,-4.3999999999999995,-2.1999999999999997,-2.3,2.5,-4.8,-2.4,817,2,0
401468975,2023-02-07,Denver Nuggets,Minnesota Timberwolves,146,112,2023,34,258,2.0,False,False,12.0,False,False,same_region,0,0,0,1.8,5.6,-3.8,-1.9,2.7,5.4,-2.7,-1.35,818,2,0
401468974,2023-02-07,Memphis Grizzlies,Chicago Bulls,104,89,2023,15,193,1.0,False,False,9.0,False,False,east_to_west,1,1,0,-5.4,12.4,-17.8,-8.9,-6.4,8.4,-14.8,-7.4,819,2,0
401468973,2023-02-07,New Orleans Pelicans,Atlanta Hawks,116,107,2023,9,223,1.0,False,True,2.0,False,False,east_to_west,1,1,0,-0.4,1.6,-2.0,-1.0,-3.9,2.1,-6.0,-3.0,820,2,0
401468981,2023-02-08,Toronto Raptors,San Antonio Spurs,112,98,2023,14,210,16.0,False,False,1.0,False,False,west_to_east,1,0,1,3.2,-15.4,18.6,9.3,2.7,-14.1,16.8,8.4,821,2,0
401468984,2023-02-08,LA Clippers,Dallas Mavericks,104,110,2023,-6,214,12.0,False,False,1.0,False,False,same_region,0,0,0,-1.0,2.0,-3.0,-1.5,7.7,1.6,6.1,3.05,822,2,0
401468979,2023-02-08,Boston Celtics,Philadelphia 76ers,106,99,2023,7,205,4.0,False,False,2.0,False,False,same_region,0,0,0,8.8,1.8,7.000000000000001,3.5000000000000004,4.3,3.6,0.6999999999999997,0.34999999999999987,823,2,0
401468977,2023-02-08,Cleveland Cavaliers,Detroit Pistons,113,85,2023,28,198,5.0,False,False,8.0,False,False,same_region,0,0,0,15.4,-6.2,21.6,10.8,8.7,-8.0,16.7,8.35,824,2,0
401468978,2023-02-08,Washington Wizards,Charlotte Hornets,118,104,2023,14,222,1.0,False,False,4.0,False,False,same_region,0,0,0,-0.4,-6.4,6.0,3.0,2.6,-5.7,8.3,4.15,825,2,0
401468985,2023-02-08,Portland Trail Blazers,Golden State Warriors,125,122,2023,3,247,1.0,False,False,5.0,False,False,same_region,0,0,0,-1.0,3.8,-4.8,-2.4,-1.2,3.2,-4.4,-2.2,826,2,0
401468982,2023-02-08,Houston Rockets,Sacramento Kings,128,130,2023,-2,258,1.0,False,False,1.0,False,True,same_region,0,0,0,-9.8,0.4,-10.200000000000001,-5.1000000000000005,-8.1,1.3,-9.4,-4.7,827,2,0
401468980,2023-02-08,Miami Heat,Indiana Pacers,116,111,2023,5,227,11.0,False,False,9.0,False,False,same_region,0,0,0,-1.4,-7.8,6.4,3.2,-0.7,-8.7,7.999999999999999,3.9999999999999996,828,2,0
401468983,2023-02-08,Utah Jazz,Minnesota Timberwolves,118,143,2023,-25,261,1.0,False,False,0.0,True,False,same_region,0,0,0,-3.8,-2.6,-1.1999999999999997,-0.5999999999999999,1.1,1.8,-0.7,-0.35,829,2,0
401468989,2023-02-09,Los Angeles Lakers,Milwaukee Bucks,106,115,2023,-9,221,1.0,False,False,2.0,False,False,east_to_west,1,1,0,-3.6,12.4,-16.0,-8.0,-2.1,9.6,-11.7,-5.85,830,2,0
401468988,2023-02-09,Brooklyn Nets,Chicago Bulls,116,105,2023,11,221,1.0,False,True,1.0,False,False,same_region,0,0,0,-7.2,5.6,-12.8,-6.4,-2.6,5.5,-8.1,-4.05,831,2,0
401468987,2023-02-09,Atlanta Hawks,Phoenix Suns,116,107,2023,9,223,11.0,False,False,1.0,False,False,west_to_east,1,0,1,1.2,1.6,-0.40000000000000013,-0.20000000000000007,0.4,5.2,-4.8,-2.4,832,2,0
401468986,2023-02-09,Orlando Magic,Denver Nuggets,115,104,2023,11,219,1.0,False,False,3.0,False,False,west_to_east,1,0,1,1.6,10.0,-8.4,-4.2,-1.5,5.7,-7.2,-3.6,833,2,0
401468991,2023-02-10,Indiana Pacers,Phoenix Suns,104,117,2023,-13,221,4.0,False,False,0.0,True,True,west_to_east,1,0,1,-6.8,-1.8,-5.0,-2.5,-7.2,3.8,-11.0,-5.5,834,2,0
401468992,2023-02-10,Philadelphia 76ers,New York Knicks,119,108,2023,11,227,8.0,False,False,2.0,False,False,same_region,0,0,0,-1.0,1.0,-2.0,-1.0,2.8,-2.1,4.9,2.45,835,2,0
401468993,2023-02-10,Boston Celtics,Charlotte Hornets,127,116,2023,11,243,1.0,False,False,1.0,False,False,same_region,0,0,0,10.8,-10.2,21.0,10.5,3.8,-7.6,11.399999999999999,5.699999999999999,836,2,0
401468994,2023-02-10,Toronto Raptors,Utah Jazz,116,122,2023,-6,238,1.0,False,False,15.0,False,False,west_to_east,1,0,1,2.4,-6.8,9.2,4.6,4.3,-1.3,5.6,2.8,837,2,0
401468999,2023-02-10,Sacramento Kings,Dallas Mavericks,114,122,2023,-8,236,15.0,False,False,1.0,False,False,same_region,0,0,0,-0.6,4.8,-5.3999999999999995,-2.6999999999999997,1.0,3.0,-2.0,-1.0,838,2,0
401468990,2023-02-10,Detroit Pistons,San Antonio Spurs,138,131,2023,7,269,3.0,False,False,1.0,False,False,west_to_east,1,0,1,-11.2,-16.2,5.0,2.5,-10.2,-16.3,6.100000000000001,3.0500000000000007,839,2,0
401468997,2023-02-10,New Orleans Pelicans,Cleveland Cavaliers,107,118,2023,-11,225,2.0,False,False,3.0,False,False,east_to_west,1,1,0,6.4,16.4,-9.999999999999998,-4.999999999999999,-1.7,12.1,-13.799999999999999,-6.8999999999999995,840,2,0
401468998,2023-02-10,Portland Trail Blazers,Oklahoma City Thunder,129,138,2023,-9,267,1.0,False,False,2.0,False,False,same_region,0,0,0,-1.2,-1.2,0.0,0.0,0.1,1.8,-1.7,-0.85,841,2,0
401469000,2023-02-10,LA Clippers,Milwaukee Bucks,106,119,2023,-13,225,1.0,False,False,0.0,True,False,east_to_west,1,1,0,2.4,9.2,-6.799999999999999,-3.3999999999999995,6.6,9.7,-3.0999999999999996,-1.5499999999999998,842,2,0
401468995,2023-02-10,Miami Heat,Houston Rockets,97,95,2023,2,192,1.0,False,False,5.0,False,False,west_to_east,1,0,1,-1.4,-10.8,9.4,4.7,0.6,-7.8,8.4,4.2,843,2,0
401468996,2023-02-10,Memphis Grizzlies,Minnesota Timberwolves,128,107,2023,21,235,2.0,False,False,1.0,False,True,same_region,0,0,0,-0.2,3.8,-4.0,-2.0,-5.0,3.4,-8.4,-4.2,844,2,0
401469004,2023-02-11,Washington Wizards,Indiana Pacers,127,113,2023,14,240,2.0,False,False,2.0,False,False,same_region,0,0,0,0.4,-7.0,7.4,3.7,4.9,-6.2,11.100000000000001,5.550000000000001,845,2,0
401469001,2023-02-11,Brooklyn Nets,Philadelphia 76ers,98,101,2023,-3,199,1.0,False,False,2.0,False,False,same_region,0,0,0,-8.4,3.2,-11.600000000000001,-5.800000000000001,-2.6,2.9,-5.5,-2.75,846,2,0
401469002,2023-02-11,Charlotte Hornets,Denver Nuggets,105,119,2023,-14,224,5.0,False,False,1.0,False,False,west_to_east,1,0,1,-10.6,6.0,-16.6,-8.3,-9.1,2.3,-11.399999999999999,-5.699999999999999,847,2,0
401469007,2023-02-11,Cleveland Cavaliers,Chicago Bulls,97,89,2023,8,186,2.0,False,False,1.0,False,False,same_region,0,0,0,19.2,4.4,14.799999999999999,7.3999999999999995,12.0,2.6,9.4,4.7,848,2,0
401469003,2023-02-11,Orlando Magic,Miami Heat,103,107,2023,-4,210,1.0,False,False,6.0,False,False,same_region,0,0,0,1.8,0.0,1.8,0.9,1.6,-1.8,3.4000000000000004,1.7000000000000002,849,2,0
401469008,2023-02-11,Golden State Warriors,Los Angeles Lakers,103,109,2023,-6,212,4.0,False,False,6.0,False,False,same_region,0,0,0,1.6,-2.0,3.6,1.8,3.2,-3.1,6.300000000000001,3.1500000000000004,850,2,0
401469009,2023-02-11,Sacramento Kings,Dallas Mavericks,133,128,2023,5,261,0.0,True,False,0.0,True,True,same_region,0,0,0,-4.2,5.2,-9.4,-4.7,0.4,1.3,-0.9,-0.45,851,2,0
401469005,2023-02-11,Atlanta Hawks,San Antonio Spurs,125,106,2023,19,231,1.0,False,False,0.0,True,True,west_to_east,1,0,1,3.8,-13.4,17.2,8.6,-0.2,-16.5,16.3,8.15,852,2,0
401469006,2023-02-11,New York Knicks,Utah Jazz,126,120,2023,6,246,5.0,False,False,0.0,True,False,west_to_east,1,0,1,0.0,-7.2,7.2,3.6,-1.7,-0.8,-0.8999999999999999,-0.44999999999999996,853,2,0
401469011,2023-02-12,Toronto Raptors,Detroit Pistons,119,118,2023,1,237,1.0,False,False,3.0,False,False,same_region,0,0,0,2.8,-8.6,11.399999999999999,5.699999999999999,3.9,-8.2,12.1,6.05,854,2,0
401469010,2023-02-12,Boston Celtics,Memphis Grizzlies,119,109,2023,10,228,1.0,False,False,9.0,False,False,west_to_east,1,0,1,12.2,1.6,10.6,5.3,4.6,-2.8,7.3999999999999995,3.6999999999999997,855,2,0
401469016,2023-02-13,Miami Heat,Denver Nuggets,108,112,2023,-4,220,2.0,False,False,1.0,False,False,west_to_east,1,0,1,0.2,5.4,-5.2,-2.6,1.1,3.9,-2.8,-1.4,856,2,0
401469015,2023-02-13,Philadelphia 76ers,Houston Rockets,123,104,2023,19,227,2.0,False,False,2.0,False,False,west_to_east,1,0,1,1.6,-12.4,14.0,7.0,2.2,-7.1,9.3,4.65,857,2,0
401469013,2023-02-13,Cleveland Cavaliers,San Antonio Spurs,117,109,2023,8,226,1.0,False,False,1.0,False,True,west_to_east,1,0,1,17.8,-15.2,33.0,16.5,13.0,-16.4,29.4,14.7,858,2,0
401469014,2023-02-13,Indiana Pacers,Utah Jazz,117,123,2023,-6,240,2.0,False,False,1.0,False,True,west_to_east,1,0,1,-9.6,-9.0,-0.5999999999999996,-0.2999999999999998,-7.1,-3.7,-3.3999999999999995,-1.6999999999999997,859,2,0
401469020,2023-02-13,Dallas Mavericks,Minnesota Timberwolves,121,124,2023,-3,245,10.0,False,False,2.0,False,False,same_region,0,0,0,3.2,-1.4,4.6,2.3,2.2,1.8,0.40000000000000013,0.20000000000000007,860,2,0
401469012,2023-02-13,Charlotte Hornets,Atlanta Hawks,144,138,2023,6,282,1.0,False,False,5.0,False,False,same_region,0,0,0,-10.2,1.2,-11.399999999999999,-5.699999999999999,-8.7,2.1,-10.799999999999999,-5.3999999999999995,861,2,0
401469021,2023-02-13,Golden State Warriors,Washington Wizards,135,126,2023,9,261,1.0,False,False,8.0,False,False,east_to_west,1,1,0,1.4,-1.0,2.4,1.2,2.0,5.2,-3.2,-1.6,862,2,0
401469017,2023-02-13,New York Knicks,Brooklyn Nets,124,106,2023,18,230,1.0,False,False,11.0,False,False,same_region,0,0,0,0.8,-0.4,1.2000000000000002,0.6000000000000001,-0.2,-3.3,3.0999999999999996,1.5499999999999998,863,2,0
401469019,2023-02-13,Oklahoma City Thunder,New Orleans Pelicans,100,103,2023,-3,203,8.0,False,False,10.0,False,False,same_region,0,0,0,2.2,6.0,-3.8,-1.9,0.7,-2.4,3.0999999999999996,1.5499999999999998,864,2,0
401469022,2023-02-13,Portland Trail Blazers,Los Angeles Lakers,127,115,2023,12,242,2.0,False,False,1.0,False,False,same_region,0,0,0,-5.0,-2.0,-3.0,-1.5,0.1,-3.4,3.5,1.75,865,2,0
401469018,2023-02-13,Chicago Bulls,Orlando Magic,91,100,2023,-9,191,6.0,False,False,7.0,False,False,same_region,0,0,0,-0.4,3.2,-3.6,-1.8,0.7,-0.3,1.0,0.5,866,2,0
401469027,2023-02-14,Portland Trail Blazers,Washington Wizards,101,126,2023,-25,227,0.0,True,False,0.0,True,False,east_to_west,1,1,0,-4.2,-1.2,-3.0,-1.5,-0.7,2.3,-3.0,-1.5,867,2,0
401469026,2023-02-14,LA Clippers,Golden State Warriors,134,124,2023,10,258,3.0,False,False,5.0,False,False,same_region,0,0,0,-1.2,6.6,-7.8,-3.9,3.9,3.3,0.6000000000000001,0.30000000000000004,868,2,0
401469025,2023-02-14,Phoenix Suns,Sacramento Kings,120,109,2023,11,229,12.0,False,False,5.0,False,False,same_region,0,0,0,7.2,-2.6,9.8,4.9,4.9,-2.4,7.300000000000001,3.6500000000000004,869,2,0
401469024,2023-02-14,Milwaukee Bucks,Boston Celtics,131,125,2023,6,256,9.0,False,False,7.0,False,False,same_region,0,0,0,10.0,5.6,4.4,2.2,12.2,5.4,6.799999999999999,3.3999999999999995,870,2,0
401469023,2023-02-14,Toronto Raptors,Orlando Magic,123,113,2023,10,236,1.0,False,False,0.0,True,False,same_region,0,0,0,3.6,3.6,0.0,0.0,3.1,0.0,3.1,1.55,871,2,0
401469037,2023-02-15,Los Angeles Lakers,New Orleans Pelicans,120,102,2023,18,222,5.0,False,False,1.0,False,False,same_region,0,0,0,-4.6,7.6,-12.2,-6.1,-2.8,-2.0,-0.7999999999999998,-0.3999999999999999,872,2,0
401469029,2023-02-15,Indiana Pacers,Chicago Bulls,117,113,2023,4,230,1.0,False,False,3.0,False,False,same_region,0,0,0,-11.4,-3.8,-7.6000000000000005,-3.8000000000000003,-8.3,0.4,-8.700000000000001,-4.3500000000000005,873,2,0
401469030,2023-02-15,Philadelphia 76ers,Cleveland Cavaliers,118,112,2023,6,230,1.0,False,False,4.0,False,False,same_region,0,0,0,3.0,15.6,-12.6,-6.3,3.9,12.0,-8.1,-4.05,874,2,0
401469031,2023-02-15,Atlanta Hawks,New York Knicks,101,122,2023,-21,223,3.0,False,False,4.0,False,False,same_region,0,0,0,-1.4,5.6,-7.0,-3.5,2.6,1.4,1.2000000000000002,0.6000000000000001,875,2,0
401469032,2023-02-15,Boston Celtics,Detroit Pistons,127,109,2023,18,236,2.0,False,False,2.0,False,False,same_region,0,0,0,6.8,-10.0,16.8,8.4,6.3,-6.5,12.8,6.4,876,2,0
401469033,2023-02-15,Brooklyn Nets,Miami Heat,116,105,2023,11,221,3.0,False,False,3.0,False,False,same_region,0,0,0,-4.4,-0.2,-4.2,-2.1,-4.7,0.3,-5.0,-2.5,877,2,0
401469034,2023-02-15,Memphis Grizzlies,Utah Jazz,117,111,2023,6,228,4.0,False,False,1.0,False,False,same_region,0,0,0,1.6,-6.4,8.0,4.0,-3.6,-2.0,-1.6,-0.8,878,2,0
401469036,2023-02-15,Denver Nuggets,Dallas Mavericks,118,109,2023,9,227,7.0,False,False,3.0,False,False,same_region,0,0,0,2.2,3.8,-1.5999999999999996,-0.7999999999999998,4.2,2.0,2.2,1.1,879,2,0
401469035,2023-02-15,Oklahoma City Thunder,Houston Rockets,133,96,2023,37,229,1.0,False,False,1.0,False,False,same_region,0,0,0,2.8,-15.0,17.8,8.9,0.9,-9.5,10.4,5.2,880,2,0
401469028,2023-02-15,Charlotte Hornets,San Antonio Spurs,120,110,2023,10,230,1.0,False,False,1.0,False,False,west_to_east,1,0,1,-7.8,-14.4,6.6000000000000005,3.3000000000000003,-5.0,-16.3,11.3,5.65,881,2,0
401469040,2023-02-16,Phoenix Suns,LA Clippers,107,116,2023,-9,223,1.0,False,False,9.0,False,False,same_region,0,0,0,7.0,1.0,6.0,3.0,2.9,3.1,-0.20000000000000018,-0.10000000000000009,882,2,0
401469038,2023-02-16,Chicago Bulls,Milwaukee Bucks,100,112,2023,-12,212,2.0,False,False,5.0,False,False,same_region,0,0,0,-9.4,11.0,-20.4,-10.2,1.5,10.8,-9.3,-4.65,883,2,0
401469039,2023-02-16,Minnesota Timberwolves,Washington Wizards,106,114,2023,-8,220,10.0,False,False,1.0,False,True,east_to_west,1,1,0,0.6,4.2,-3.6,-1.8,1.2,4.7,-3.5,-1.75,884,2,0
401524696,2023-02-19,Team LeBron,Team Giannis,175,184,2023,-9,359,,False,False,,False,False,same_region,0,0,0,,,0.0,0.0,,,0.0,0.0,885,2,0
401469043,2023-02-23,Orlando Magic,Detroit Pistons,108,106,2023,2,214,11.0,False,False,7.0,False,False,same_region,0,0,0,0.4,-10.4,10.8,5.4,-0.5,-6.3,5.8,2.9,886,2,0
401469042,2023-02-23,Indiana Pacers,Boston Celtics,138,142,2023,-4,280,7.0,False,False,8.0,False,False,same_region,0,0,0,-6.8,8.0,-14.8,-7.4,-7.3,8.4,-15.7,-7.85,887,2,0
401469049,2023-02-23,Sacramento Kings,Portland Trail Blazers,133,116,2023,17,249,11.0,False,False,18.0,False,False,same_region,0,0,0,1.6,-7.6,9.2,4.6,-1.7,-4.2,2.5,1.25,888,2,0
401469048,2023-02-23,Los Angeles Lakers,Golden State Warriors,124,111,2023,13,235,7.0,False,False,8.0,False,False,same_region,0,0,0,0.0,3.4,-3.4,-1.7,-1.9,2.1,-4.0,-2.0,889,2,0
401469047,2023-02-23,Utah Jazz,Oklahoma City Thunder,120,119,2023,1,239,14.0,False,False,12.0,False,False,same_region,0,0,0,-5.0,3.8,-8.8,-4.4,-4.4,4.4,-8.8,-4.4,890,2,0
401469046,2023-02-23,Dallas Mavericks,San Antonio Spurs,142,116,2023,26,258,9.0,False,False,7.0,False,False,same_region,0,0,0,-0.6,-11.6,11.0,5.5,0.7,-13.5,14.2,7.1,891,2,0
401469045,2023-02-23,Toronto Raptors,New Orleans Pelicans,115,110,2023,5,225,8.0,False,False,7.0,False,False,west_to_east,1,0,1,4.4,3.0,1.4000000000000004,0.7000000000000002,2.3,-2.9,5.199999999999999,2.5999999999999996,892,2,0
401469044,2023-02-23,Philadelphia 76ers,Memphis Grizzlies,110,105,2023,5,215,7.0,False,False,10.0,False,False,west_to_east,1,0,1,6.4,5.8,0.6000000000000005,0.30000000000000027,4.1,0.3,3.8,1.9,893,2,0
401469041,2023-02-23,Cleveland Cavaliers,Denver Nuggets,109,115,2023,-6,224,9.0,False,False,9.0,False,False,west_to_east,1,0,1,9.8,10.0,-0.1999999999999993,-0.09999999999999964,12.6,5.9,6.699999999999999,3.3499999999999996,894,2,0
401469053,2023-02-24,Minnesota Timberwolves,Charlotte Hornets,113,121,2023,-8,234,7.0,False,False,13.0,False,False,east_to_west,1,1,0,-7.0,-4.6,-2.4000000000000004,-1.2000000000000002,-0.7,-5.5,4.8,2.4,895,2,0
401469051,2023-02-24,Atlanta Hawks,Cleveland Cavaliers,136,119,2023,17,255,8.0,False,False,8.0,False,False,same_region,0,0,0,-1.6,3.0,-4.6,-2.3,0.0,9.7,-9.7,-4.85,896,2,0
401469052,2023-02-24,Milwaukee Bucks,Miami Heat,128,99,2023,29,227,9.0,False,False,8.0,False,False,same_region,0,0,0,11.8,-0.8,12.600000000000001,6.300000000000001,11.2,-1.1,12.299999999999999,6.1499999999999995,897,2,0
401469056,2023-02-24,Golden State Warriors,Houston Rockets,116,101,2023,15,217,10.0,False,False,8.0,False,False,same_region,0,0,0,-4.6,-16.0,11.4,5.7,-0.4,-12.7,12.299999999999999,6.1499999999999995,898,2,0
401469055,2023-02-24,Chicago Bulls,Brooklyn Nets,131,87,2023,44,218,7.0,False,False,10.0,False,False,same_region,0,0,0,-8.8,-0.6,-8.200000000000001,-4.1000000000000005,-1.6,-2.8,1.1999999999999997,0.5999999999999999,899,2,0
401469054,2023-02-24,Phoenix Suns,Oklahoma City Thunder,124,115,2023,9,239,7.0,False,False,0.0,True,False,same_region,0,0,0,2.0,9.0,-7.0,-3.5,2.4,4.8,-2.4,-1.2,900,2,0
401469057,2023-02-24,LA Clippers,Sacramento Kings,175,176,2023,-1,351,9.0,False,False,9.0,False,False,same_region,0,0,0,1.6,1.0,0.6000000000000001,0.30000000000000004,0.2,0.7,-0.49999999999999994,-0.24999999999999997,901,2,0
401469050,2023-02-24,Washington Wizards,New York Knicks,109,115,2023,-6,224,12.0,False,False,8.0,False,False,same_region,0,0,0,10.4,7.6,2.8000000000000007,1.4000000000000004,5.0,3.2,1.7999999999999998,0.8999999999999999,902,2,0
401469059,2023-02-25,Charlotte Hornets,Miami Heat,108,103,2023,5,211,9.0,False,False,0.0,True,False,same_region,0,0,0,-0.2,-7.6,7.3999999999999995,3.6999999999999997,-5.2,-4.5,-0.7000000000000002,-0.3500000000000001,903,2,0
401469058,2023-02-25,Detroit Pistons,Toronto Raptors,91,95,2023,-4,186,14.0,False,False,19.0,False,False,same_region,0,0,0,-8.4,4.8,-13.2,-6.6,-7.3,4.0,-11.3,-5.65,904,2,0
401469060,2023-02-25,Orlando Magic,Indiana Pacers,108,121,2023,-13,229,1.0,False,False,13.0,False,False,same_region,0,0,0,1.6,-6.6,8.2,4.1,1.6,-6.7,8.3,4.15,905,2,0
401469064,2023-02-25,Utah Jazz,San Antonio Spurs,118,102,2023,16,220,1.0,False,False,1.0,False,False,same_region,0,0,0,0.2,-14.0,14.2,7.1,-3.3,-15.1,11.8,5.9,906,2,0
401469063,2023-02-25,Philadelphia 76ers,Boston Celtics,107,110,2023,-3,217,1.0,False,False,1.0,False,False,same_region,0,0,0,8.8,7.4,1.4000000000000004,0.7000000000000002,3.9,9.1,-5.199999999999999,-2.5999999999999996,907,2,0
401469062,2023-02-25,Memphis Grizzlies,Denver Nuggets,112,94,2023,18,206,9.0,False,False,1.0,False,False,same_region,0,0,0,5.4,4.4,1.0,0.5,0.0,7.2,-7.2,-3.6,908,2,0
401469061,2023-02-25,New York Knicks,New Orleans Pelicans,128,106,2023,22,234,11.0,False,False,1.0,False,False,west_to_east,1,0,1,8.0,-4.4,12.4,6.2,4.5,-2.4,6.9,3.45,909,2,0
401469065,2023-02-26,Milwaukee Bucks,Phoenix Suns,104,101,2023,3,205,1.0,False,False,15.0,False,False,west_to_east,1,0,1,13.8,3.0,10.8,5.4,13.1,2.3,10.8,5.4,910,2,0
401469067,2023-02-26,Chicago Bulls,Washington Wizards,102,82,2023,20,184,1.0,False,False,9.0,False,False,same_region,0,0,0,2.2,6.4,-4.2,-2.1,3.3,3.4,-0.10000000000000009,-0.050000000000000044,911,2,0
401469068,2023-02-26,Dallas Mavericks,Los Angeles Lakers,108,111,2023,-3,219,2.0,False,False,12.0,False,False,same_region,0,0,0,3.4,3.2,0.19999999999999973,0.09999999999999987,4.1,-0.2,4.3,2.15,912,2,0
401469066,2023-02-26,Atlanta Hawks,Brooklyn Nets,129,127,2023,2,256,1.0,False,False,1.0,False,False,same_region,0,0,0,3.6,-8.6,12.2,6.1,2.4,-7.9,10.3,5.15,913,2,0
401469070,2023-02-26,Oklahoma City Thunder,Sacramento Kings,115,124,2023,-9,239,10.0,False,False,1.0,False,False,same_region,0,0,0,6.6,0.8,5.8,2.9,2.7,0.1,2.6,1.3,914,2,0
401469071,2023-02-26,Golden State Warriors,Minnesota Timberwolves,109,104,2023,5,213,1.0,False,False,12.0,False,False,same_region,0,0,0,-1.0,-1.8,0.8,0.4,0.3,-2.2,2.5,1.25,915,2,0
401469072,2023-02-26,Portland Trail Blazers,Houston Rockets,131,114,2023,17,245,11.0,False,False,1.0,False,False,same_region,0,0,0,-7.2,-15.0,7.8,3.9,-4.1,-12.4,8.3,4.15,916,2,0
401469073,2023-02-26,Denver Nuggets,LA Clippers,134,124,2023,10,258,10.0,False,False,9.0,False,False,same_region,0,0,0,3.0,-0.2,3.2,1.6,4.5,-0.6,5.1,2.55,917,2,0
401469069,2023-02-26,Cleveland Cavaliers,Toronto Raptors,118,93,2023,25,211,2.0,False,False,0.0,True,False,same_region,0,0,0,-2.6,2.8,-5.4,-2.7,8.3,2.6,5.700000000000001,2.8500000000000005,918,2,0
401469077,2023-02-27,New Orleans Pelicans,Orlando Magic,93,101,2023,-8,194,16.0,False,False,12.0,False,False,east_to_west,1,1,0,-10.6,-3.2,-7.3999999999999995,-3.6999999999999997,-2.1,-0.7,-1.4000000000000001,-0.7000000000000001,919,2,0
401469076,2023-02-27,New York Knicks,Boston Celtics,109,94,2023,15,203,1.0,False,False,1.0,False,False,same_region,0,0,0,14.6,5.8,8.8,4.4,7.3,9.0,-1.7000000000000002,-0.8500000000000001,920,2,0
401469075,2023-02-27,Philadelphia 76ers,Miami Heat,99,101,2023,-2,200,1.0,False,False,1.0,False,True,same_region,0,0,0,6.0,-9.0,15.0,7.5,4.6,-4.5,9.1,4.55,921,2,0
401469074,2023-02-27,Charlotte Hornets,Detroit Pistons,117,106,2023,11,223,1.0,False,False,3.0,False,False,same_region,0,0,0,3.0,-3.6,6.6,3.3,-3.8,-7.4,3.6000000000000005,1.8000000000000003,922,2,0
401469078,2023-02-28,Atlanta Hawks,Washington Wizards,116,119,2023,-3,235,1.0,False,False,1.0,False,False,same_region,0,0,0,2.2,-0.4,2.6,1.3,3.0,-0.7,3.7,1.85,923,2,0
401469079,2023-02-28,Brooklyn Nets,Milwaukee Bucks,104,118,2023,-14,222,12.0,False,False,11.0,False,False,same_region,0,0,0,-11.2,12.6,-23.799999999999997,-11.899999999999999,-9.8,10.9,-20.700000000000003,-10.350000000000001,924,2,0
401469081,2023-02-28,Houston Rockets,Denver Nuggets,112,133,2023,-21,245,19.0,False,False,2.0,False,False,same_region,0,0,0,-18.0,2.2,-20.2,-10.1,-14.4,3.8,-18.2,-9.1,925,2,0
401469080,2023-02-28,Toronto Raptors,Chicago Bulls,104,98,2023,6,202,4.0,False,False,12.0,False,False,same_region,0,0,0,-1.0,7.8,-8.8,-4.4,0.9,3.7,-2.8000000000000003,-1.4000000000000001,926,2,0
401469082,2023-02-28,Memphis Grizzlies,Los Angeles Lakers,121,109,2023,12,230,2.0,False,False,1.0,False,False,same_region,0,0,0,6.0,5.6,0.40000000000000036,0.20000000000000018,2.9,1.8,1.0999999999999999,0.5499999999999999,927,2,0
401469085,2023-02-28,Utah Jazz,San Antonio Spurs,94,102,2023,-8,196,2.0,False,False,2.0,False,False,same_region,0,0,0,2.2,-15.8,18.0,9.0,-2.5,-14.6,12.1,6.05,928,2,0
401469087,2023-02-28,LA Clippers,Minnesota Timberwolves,101,108,2023,-7,209,3.0,False,False,1.0,False,False,same_region,0,0,0,-1.0,-7.8,6.8,3.4,0.7,-2.0,2.7,1.35,929,2,0
401469084,2023-02-28,Dallas Mavericks,Indiana Pacers,122,124,2023,-2,246,1.0,False,False,2.0,False,False,east_to_west,1,1,0,1.2,-1.4,2.5999999999999996,1.2999999999999998,3.2,-4.2,7.4,3.7,930,2,0
401469083,2023-02-28,Oklahoma City Thunder,Sacramento Kings,117,123,2023,-6,240,1.0,False,False,1.0,False,False,same_region,0,0,0,3.0,4.2,-1.2000000000000002,-0.6000000000000001,2.6,0.0,2.6,1.3,931,2,0
401469086,2023-02-28,Golden State Warriors,Portland Trail Blazers,123,105,2023,18,228,1.0,False,False,4.0,False,False,same_region,0,0,0,1.2,-4.4,5.6000000000000005,2.8000000000000003,1.3,-2.8,4.1,2.05,932,2,0
401469096,2023-03-01,Portland Trail Blazers,New Orleans Pelicans,110,121,2023,-11,231,2.0,False,False,3.0,False,False,same_region,0,0,0,-6.2,-10.0,3.8,1.9,-5.6,-2.0,-3.5999999999999996,-1.7999999999999998,933,3,0
401469092,2023-03-01,New York Knicks,Brooklyn Nets,142,118,2023,24,260,1.0,False,False,2.0,False,False,same_region,0,0,0,16.4,-13.4,29.799999999999997,14.899999999999999,8.6,-6.9,15.5,7.75,934,3,0
401469088,2023-03-01,Charlotte Hornets,Phoenix Suns,91,105,2023,-14,196,1.0,False,False,2.0,False,False,west_to_east,1,0,1,8.0,4.2,3.8,1.9,-1.1,1.2,-2.3,-1.15,935,3,0
401469089,2023-03-01,Detroit Pistons,Chicago Bulls,115,117,2023,-2,232,3.0,False,False,0.0,True,False,same_region,0,0,0,-7.2,8.4,-15.600000000000001,-7.800000000000001,-7.9,2.3,-10.2,-5.1,936,3,0
401469091,2023-03-01,Miami Heat,Philadelphia 76ers,96,119,2023,-23,215,15.0,False,False,17.0,False,False,same_region,0,0,0,-9.4,5.0,-14.4,-7.2,-4.6,3.3,-7.8999999999999995,-3.9499999999999997,937,3,0
401469090,2023-03-01,Boston Celtics,Cleveland Cavaliers,117,113,2023,4,230,13.0,False,False,4.0,False,False,same_region,0,0,0,0.8,0.8,0.0,0.0,3.2,9.3,-6.1000000000000005,-3.0500000000000003,938,3,0
401469093,2023-03-01,Houston Rockets,Memphis Grizzlies,99,113,2023,-14,212,0.0,True,False,5.0,False,False,same_region,0,0,0,-21.8,4.2,-26.0,-13.0,-17.1,2.9,-20.0,-10.0,939,3,0
401469094,2023-03-01,Milwaukee Bucks,Orlando Magic,139,117,2023,22,256,2.0,False,False,1.0,False,False,same_region,0,0,0,12.8,-0.8,13.600000000000001,6.800000000000001,11.4,1.2,10.200000000000001,5.1000000000000005,940,3,0
401469095,2023-03-01,Oklahoma City Thunder,Los Angeles Lakers,117,123,2023,-6,240,0.0,True,True,0.0,True,True,same_region,0,0,0,2.4,2.0,0.3999999999999999,0.19999999999999996,2.6,0.0,2.6,1.3,941,3,0
401469099,2023-03-02,San Antonio Spurs,Indiana Pacers,110,99,2023,11,209,26.0,False,False,1.0,False,False,east_to_west,1,1,0,-10.4,1.8,-12.200000000000001,-6.1000000000000005,-12.8,-3.9,-8.9,-4.45,942,3,0
401469100,2023-03-02,Golden State Warriors,LA Clippers,115,91,2023,24,206,1.0,False,False,3.0,False,False,same_region,0,0,0,3.0,0.2,2.8,1.4,4.8,-0.5,5.3,2.65,943,3,0
401469097,2023-03-02,Washington Wizards,Toronto Raptors,119,108,2023,11,227,5.0,False,False,3.0,False,False,same_region,0,0,0,2.0,0.0,2.0,1.0,0.4,1.8,-1.4,-0.7,944,3,0
401469098,2023-03-02,Dallas Mavericks,Philadelphia 76ers,133,126,2023,7,259,1.0,False,False,0.0,True,False,east_to_west,1,1,0,1.8,5.8,-4.0,-2.0,2.5,4.4,-1.9000000000000004,-0.9500000000000002,945,3,0
401469103,2023-03-03,Boston Celtics,Brooklyn Nets,105,115,2023,-10,220,1.0,False,False,1.0,False,False,same_region,0,0,0,2.8,-14.6,17.4,8.7,4.8,-9.5,14.3,7.15,946,3,0
401469101,2023-03-03,Charlotte Hornets,Orlando Magic,106,117,2023,-11,223,1.0,False,False,1.0,False,False,same_region,0,0,0,4.0,-7.0,11.0,5.5,-1.9,-1.7,-0.19999999999999996,-0.09999999999999998,947,3,0
401469102,2023-03-03,Atlanta Hawks,Portland Trail Blazers,129,111,2023,18,240,2.0,False,False,2.0,False,False,west_to_east,1,0,1,-2.2,-10.8,8.600000000000001,4.300000000000001,-0.5,-7.5,7.0,3.5,948,3,0
401469104,2023-03-03,Miami Heat,New York Knicks,120,122,2023,-2,242,1.0,False,False,6.0,False,False,same_region,0,0,0,-13.2,17.6,-30.8,-15.4,-6.7,11.6,-18.3,-9.15,949,3,0
401469109,2023-03-03,Sacramento Kings,LA Clippers,128,127,2023,1,255,7.0,False,False,0.0,True,False,same_region,0,0,0,4.4,-6.6,11.0,5.5,0.9,-2.8,3.6999999999999997,1.8499999999999999,950,3,0
401469106,2023-03-03,Oklahoma City Thunder,Utah Jazz,130,103,2023,27,233,1.0,False,True,15.0,False,False,same_region,0,0,0,-6.2,1.8,-8.0,-4.0,-1.2,-3.6,2.4000000000000004,1.2000000000000002,951,3,0
401469105,2023-03-03,Chicago Bulls,Phoenix Suns,104,125,2023,-21,229,4.0,False,False,1.0,False,False,west_to_east,1,0,1,9.6,4.4,5.199999999999999,2.5999999999999996,0.1,5.8,-5.7,-2.85,952,3,0
401469110,2023-03-03,Los Angeles Lakers,Minnesota Timberwolves,102,110,2023,-8,212,7.0,False,False,2.0,False,False,same_region,0,0,0,5.6,-2.2,7.8,3.9,0.5,-1.8,2.3,1.15,953,3,0
401469108,2023-03-03,Golden State Warriors,New Orleans Pelicans,108,99,2023,9,207,0.0,True,True,1.0,False,False,same_region,0,0,0,9.8,-8.4,18.200000000000003,9.100000000000001,6.6,-0.4,7.0,3.5,954,3,0
401469107,2023-03-03,Denver Nuggets,Memphis Grizzlies,113,97,2023,16,210,4.0,False,False,1.0,False,False,same_region,0,0,0,5.6,9.0,-3.4000000000000004,-1.7000000000000002,3.9,5.3,-1.4,-0.7,955,3,0
401469116,2023-03-04,Sacramento Kings,Minnesota Timberwolves,134,138,2023,-4,272,0.0,True,False,0.0,True,False,same_region,0,0,0,6.8,-1.2,8.0,4.0,4.2,-0.3,4.5,2.25,956,3,0
401469115,2023-03-04,Milwaukee Bucks,Philadelphia 76ers,130,133,2023,-3,263,2.0,False,False,1.0,False,True,same_region,0,0,0,16.0,3.2,12.8,6.4,13.5,4.8,8.7,4.35,957,3,0
401469114,2023-03-04,San Antonio Spurs,Houston Rockets,110,122,2023,-12,232,1.0,False,False,5.0,False,False,same_region,0,0,0,-6.6,-20.8,14.200000000000001,7.1000000000000005,-10.5,-17.9,7.399999999999999,3.6999999999999993,958,3,0
401469113,2023-03-04,Miami Heat,Atlanta Hawks,117,109,2023,8,226,0.0,True,True,18.0,False,False,same_region,0,0,0,-11.4,2.6,-14.0,-7.0,-6.1,0.6,-6.699999999999999,-3.3499999999999996,959,3,0
401469112,2023-03-04,Cleveland Cavaliers,Detroit Pistons,114,90,2023,24,204,5.0,False,False,4.0,False,False,same_region,0,0,0,-1.6,-7.4,5.800000000000001,2.9000000000000004,7.0,-8.7,15.7,7.85,960,3,0
401469111,2023-03-04,Washington Wizards,Toronto Raptors,109,116,2023,-7,225,1.0,False,False,1.0,False,False,same_region,0,0,0,-0.8,-4.2,3.4000000000000004,1.7000000000000002,1.7,0.1,1.5999999999999999,0.7999999999999999,961,3,0
401469121,2023-03-05,Orlando Magic,Portland Trail Blazers,119,122,2023,-3,241,7.0,False,False,1.0,False,False,west_to_east,1,0,1,-2.8,-9.4,6.6000000000000005,3.3000000000000003,-1.2,-8.5,7.3,3.65,962,3,0
401469119,2023-03-05,Los Angeles Lakers,Golden State Warriors,113,105,2023,8,218,1.0,False,False,9.0,False,False,same_region,0,0,0,0.4,14.2,-13.799999999999999,-6.8999999999999995,0.2,4.8,-4.6,-2.3,963,3,0
401469117,2023-03-05,Dallas Mavericks,Phoenix Suns,126,130,2023,-4,256,2.0,False,False,1.0,False,False,same_region,0,0,0,3.8,6.4,-2.6000000000000005,-1.3000000000000003,3.8,6.7,-2.9000000000000004,-1.4500000000000002,964,3,0
401469120,2023-03-05,Brooklyn Nets,Charlotte Hornets,102,86,2023,16,188,4.0,False,False,8.0,False,False,same_region,0,0,0,-14.8,-0.2,-14.600000000000001,-7.300000000000001,-7.7,-2.4,-5.300000000000001,-2.6500000000000004,965,3,0
401469118,2023-03-05,Chicago Bulls,Indiana Pacers,122,125,2023,-3,247,1.0,False,False,2.0,False,False,same_region,0,0,0,7.8,0.8,7.0,3.5,-0.5,-5.3,4.8,2.4,966,3,0
401469124,2023-03-05,Boston Celtics,New York Knicks,129,131,2023,-2,260,1.0,False,False,1.0,False,False,same_region,0,0,0,-2.8,13.8,-16.6,-8.3,2.6,10.7,-8.1,-4.05,967,3,0
401469128,2023-03-05,Washington Wizards,Milwaukee Bucks,111,117,2023,-6,228,0.0,True,True,4.0,False,False,same_region,0,0,0,-3.8,13.0,-16.8,-8.4,3.3,12.4,-9.100000000000001,-4.550000000000001,968,3,0
401469125,2023-03-05,LA Clippers,Memphis Grizzlies,135,129,2023,6,264,4.0,False,False,1.0,False,False,same_region,0,0,0,-8.6,4.6,-13.2,-6.6,-3.5,5.2,-8.7,-4.35,969,3,0
401469122,2023-03-05,Houston Rockets,San Antonio Spurs,142,110,2023,32,252,3.0,False,False,4.0,False,False,same_region,0,0,0,-11.0,-7.0,-4.0,-2.0,-13.5,-9.3,-4.199999999999999,-2.0999999999999996,970,3,0
401469123,2023-03-05,Oklahoma City Thunder,Utah Jazz,129,119,2023,10,248,1.0,False,False,1.0,False,False,same_region,0,0,0,-0.6,-4.8,4.2,2.1,4.2,-5.6,9.8,4.9,971,3,0
401469127,2023-03-06,Indiana Pacers,Philadelphia 76ers,143,147,2023,-4,290,10.0,False,False,1.0,False,False,same_region,0,0,0,0.6,2.8,-2.1999999999999997,-1.0999999999999999,-3.1,5.8,-8.9,-4.45,972,3,0
401469132,2023-03-06,Detroit Pistons,Portland Trail Blazers,104,110,2023,-6,214,4.0,False,False,0.0,True,True,west_to_east,1,0,1,-8.6,-5.4,-3.1999999999999993,-1.5999999999999996,-9.5,-6.3,-3.2,-1.6,973,3,0
401469126,2023-03-06,Cleveland Cavaliers,Boston Celtics,118,114,2023,4,232,1.0,False,False,6.0,False,False,same_region,0,0,0,4.4,-4.0,8.4,4.2,7.1,1.7,5.3999999999999995,2.6999999999999997,974,3,0
401469130,2023-03-06,Denver Nuggets,Toronto Raptors,118,113,2023,5,231,2.0,False,False,1.0,False,False,east_to_west,1,1,0,7.0,-3.8,10.8,5.4,8.5,0.5,8.0,4.0,975,3,0
401469131,2023-03-06,Sacramento Kings,New Orleans Pelicans,123,108,2023,15,231,1.0,False,True,2.0,False,False,same_region,0,0,0,2.6,-6.6,9.2,4.6,1.8,-1.8,3.6,1.8,976,3,0
401469129,2023-03-06,Miami Heat,Atlanta Hawks,130,128,2023,2,258,1.0,False,True,1.0,False,False,same_region,0,0,0,-4.0,5.2,-9.2,-4.6,-5.8,1.8,-7.6,-3.8,977,3,0
401469138,2023-03-07,Dallas Mavericks,Utah Jazz,120,116,2023,4,236,1.0,False,False,1.0,False,False,same_region,0,0,0,4.8,-5.6,10.399999999999999,5.199999999999999,2.1,-5.3,7.4,3.7,978,3,0
401469139,2023-03-07,Los Angeles Lakers,Memphis Grizzlies,112,103,2023,9,215,1.0,False,False,1.0,False,False,same_region,0,0,0,-0.6,4.4,-5.0,-2.5,1.3,4.9,-3.6000000000000005,-1.8000000000000003,979,3,0
401526670,2023-03-07,Detroit Pistons,Washington Wizards,117,119,2023,-2,236,0.0,True,False,6.0,False,False,same_region,0,0,0,-9.4,-3.8,-5.6000000000000005,-2.8000000000000003,-8.9,1.3,-10.200000000000001,-5.1000000000000005,980,3,0
401469137,2023-03-07,Oklahoma City Thunder,Golden State Warriors,137,128,2023,9,265,1.0,False,False,1.0,False,False,same_region,0,0,0,3.2,9.6,-6.3999999999999995,-3.1999999999999997,4.9,4.3,0.6000000000000005,0.30000000000000027,981,3,0
401469134,2023-03-07,New York Knicks,Charlotte Hornets,105,112,2023,-7,217,5.0,False,False,1.0,False,False,same_region,0,0,0,13.0,-5.0,18.0,9.0,10.5,-2.6,13.1,6.55,982,3,0
401469135,2023-03-07,Minnesota Timberwolves,Philadelphia 76ers,94,117,2023,-23,211,10.0,False,False,0.0,True,True,east_to_west,1,1,0,1.2,4.2,-3.0,-1.5,-2.9,5.1,-8.0,-4.0,983,3,0
401469136,2023-03-07,Houston Rockets,Brooklyn Nets,96,118,2023,-22,214,1.0,False,False,3.0,False,False,east_to_west,1,1,0,-1.6,-2.8,1.1999999999999997,0.5999999999999999,-8.3,-5.7,-2.6000000000000005,-1.3000000000000003,984,3,0
401469133,2023-03-07,Orlando Magic,Milwaukee Bucks,123,134,2023,-11,257,1.0,False,False,1.0,False,False,same_region,0,0,0,-3.8,8.4,-12.2,-6.1,-1.1,11.1,-12.2,-6.1,985,3,0
401469142,2023-03-08,Miami Heat,Cleveland Cavaliers,100,104,2023,-4,204,1.0,False,False,6.0,False,False,same_region,0,0,0,-2.6,6.4,-9.0,-4.5,-5.8,4.7,-10.5,-5.25,986,3,0
401469141,2023-03-08,Boston Celtics,Portland Trail Blazers,115,93,2023,22,208,2.0,False,False,1.0,False,True,west_to_east,1,0,1,-5.4,-7.6,2.1999999999999993,1.0999999999999996,0.2,-6.0,6.2,3.1,987,3,0
401469146,2023-03-08,LA Clippers,Toronto Raptors,108,100,2023,8,208,2.0,False,False,1.0,False,False,east_to_west,1,1,0,-7.2,-5.6,-1.6000000000000005,-0.8000000000000003,-3.7,-1.4,-2.3000000000000003,-1.1500000000000001,988,3,0
401469140,2023-03-08,Washington Wizards,Atlanta Hawks,120,122,2023,-2,242,2.0,False,False,1.0,False,False,same_region,0,0,0,0.6,1.4,-0.7999999999999999,-0.39999999999999997,0.1,2.5,-2.4,-1.2,989,3,0
401469144,2023-03-08,Denver Nuggets,Chicago Bulls,96,117,2023,-21,213,1.0,False,False,6.0,False,False,east_to_west,1,1,0,6.8,-1.6,8.4,4.2,5.6,0.3,5.3,2.65,990,3,0
401469145,2023-03-08,Phoenix Suns,Oklahoma City Thunder,132,101,2023,31,233,11.0,False,False,11.0,False,False,same_region,0,0,0,9.0,6.8,2.2,1.1,5.5,4.9,0.5999999999999996,0.2999999999999998,991,3,0
401469143,2023-03-08,New Orleans Pelicans,Dallas Mavericks,113,106,2023,7,219,8.0,False,False,20.0,False,False,same_region,0,0,0,-8.6,0.4,-9.0,-4.5,-6.5,1.9,-8.4,-4.2,992,3,0
401469152,2023-03-09,Sacramento Kings,New York Knicks,122,117,2023,5,239,2.0,False,False,3.0,False,False,east_to_west,1,1,0,5.4,7.2,-1.7999999999999998,-0.8999999999999999,3.1,10.9,-7.800000000000001,-3.9000000000000004,993,3,0
401469150,2023-03-09,Milwaukee Bucks,Brooklyn Nets,118,113,2023,5,231,4.0,False,False,1.0,False,False,same_region,0,0,0,10.0,2.0,8.0,4.0,11.3,-4.6,15.9,7.95,994,3,0
401469151,2023-03-09,Memphis Grizzlies,Golden State Warriors,131,110,2023,21,241,8.0,False,False,1.0,False,False,same_region,0,0,0,-1.0,6.8,-7.8,-3.9,2.5,4.0,-1.5,-0.75,995,3,0
401469149,2023-03-09,Orlando Magic,Utah Jazz,124,131,2023,-7,255,1.0,False,False,1.0,False,False,west_to_east,1,0,1,-3.4,-6.6,3.1999999999999997,1.5999999999999999,-3.3,-3.2,-0.09999999999999964,-0.04999999999999982,996,3,0
401469148,2023-03-09,Indiana Pacers,Houston Rockets,134,125,2023,9,259,2.0,False,False,4.0,False,False,west_to_east,1,0,1,0.6,-2.6,3.2,1.6,-3.0,-10.3,7.300000000000001,3.6500000000000004,997,3,0
401469147,2023-03-09,Detroit Pistons,Charlotte Hornets,103,113,2023,-10,216,1.0,False,True,1.0,False,False,same_region,0,0,0,-9.0,-4.6,-4.4,-2.2,-6.3,-0.8,-5.5,-2.75,998,3,0
401469156,2023-03-10,Minnesota Timberwolves,Brooklyn Nets,123,124,2023,-1,247,2.0,False,False,0.0,True,True,east_to_west,1,1,0,-1.8,3.8,-5.6,-2.8,-1.8,-4.8,3.0,1.5,999,3,0
401469154,2023-03-10,Washington Wizards,Atlanta Hawks,107,114,2023,-7,221,1.0,False,False,1.0,False,False,same_region,0,0,0,-0.4,1.4,-1.7999999999999998,-0.8999999999999999,0.8,1.8,-1.0,-0.5,1000,3,0
401469153,2023-03-10,Philadelphia 76ers,Portland Trail Blazers,120,119,2023,1,239,10.0,False,False,1.0,False,False,west_to_east,1,0,1,9.2,-8.4,17.6,8.8,7.1,-7.3,14.399999999999999,7.199999999999999,1001,3,0
401469155,2023-03-10,Miami Heat,Cleveland Cavaliers,119,115,2023,4,234,1.0,False,False,1.0,False,False,same_region,0,0,0,-3.8,10.6,-14.399999999999999,-7.199999999999999,-6.6,4.0,-10.6,-5.3,1002,3,0
401469158,2023-03-10,Los Angeles Lakers,Toronto Raptors,122,112,2023,10,234,2.0,False,False,1.0,False,False,east_to_west,1,1,0,0.6,-2.2,2.8000000000000003,1.4000000000000001,3.1,-1.6,4.7,2.35,1003,3,0
401469157,2023-03-10,San Antonio Spurs,Denver Nuggets,128,120,2023,8,248,5.0,False,False,9.0,False,False,same_region,0,0,0,-8.2,6.2,-14.399999999999999,-7.199999999999999,-11.1,4.6,-15.7,-7.85,1004,3,0
401469159,2023-03-11,LA Clippers,New York Knicks,106,95,2023,11,201,2.0,False,False,1.0,False,False,east_to_west,1,1,0,-3.6,3.2,-6.800000000000001,-3.4000000000000004,-2.3,9.8,-12.100000000000001,-6.050000000000001,1005,3,0
401469161,2023-03-11,Detroit Pistons,Indiana Pacers,115,121,2023,-6,236,1.0,False,False,5.0,False,False,same_region,0,0,0,-8.8,-0.2,-8.600000000000001,-4.300000000000001,-8.0,-0.8,-7.2,-3.6,1006,3,0
401469162,2023-03-11,Orlando Magic,Miami Heat,126,114,2023,12,240,1.0,False,False,11.0,False,False,same_region,0,0,0,-6.4,1.6,-8.0,-4.0,-3.6,-5.8,2.1999999999999997,1.0999999999999999,1007,3,0
401469160,2023-03-11,Charlotte Hornets,Utah Jazz,111,119,2023,-8,230,7.0,False,False,1.0,False,False,west_to_east,1,0,1,-4.8,-8.4,3.6000000000000005,1.8000000000000003,1.6,-3.1,4.7,2.35,1008,3,0
401469163,2023-03-11,Atlanta Hawks,Boston Celtics,125,134,2023,-9,259,7.0,False,False,4.0,False,False,same_region,0,0,0,3.4,2.0,1.4,0.7,0.6,1.4,-0.7999999999999999,-0.39999999999999997,1009,3,0
401469166,2023-03-11,New Orleans Pelicans,Oklahoma City Thunder,96,110,2023,-14,206,2.0,False,False,2.0,False,False,same_region,0,0,0,-2.8,1.8,-4.6,-2.3,-6.7,2.1,-8.8,-4.4,1010,3,0
401469168,2023-03-11,Phoenix Suns,Sacramento Kings,119,128,2023,-9,247,2.0,False,False,10.0,False,False,same_region,0,0,0,13.4,4.6,8.8,4.4,8.2,4.4,3.799999999999999,1.8999999999999995,1011,3,0
401469164,2023-03-11,Houston Rockets,Chicago Bulls,111,119,2023,-8,230,3.0,False,False,2.0,False,False,east_to_west,1,1,0,-0.2,-1.4,1.2,0.6,-11.0,3.2,-14.2,-7.1,1012,3,0
401469167,2023-03-11,Golden State Warriors,Milwaukee Bucks,125,116,2023,9,241,7.0,False,False,3.0,False,False,east_to_west,1,1,0,-1.0,8.2,-9.2,-4.6,1.0,10.5,-9.5,-4.75,1013,3,0
401469165,2023-03-11,Memphis Grizzlies,Dallas Mavericks,112,108,2023,4,220,1.0,False,False,2.0,False,False,same_region,0,0,0,0.8,-0.4,1.2000000000000002,0.6000000000000001,2.5,0.4,2.1,1.05,1014,3,0
401469172,2023-03-12,New Orleans Pelicans,Portland Trail Blazers,127,110,2023,17,237,0.0,True,False,1.0,False,False,same_region,0,0,0,-4.0,-6.4,2.4000000000000004,1.2000000000000002,-7.0,-8.6,1.5999999999999996,0.7999999999999998,1015,3,0
401469173,2023-03-12,San Antonio Spurs,Oklahoma City Thunder,90,102,2023,-12,192,1.0,False,False,0.0,True,False,same_region,0,0,0,-3.4,5.8,-9.2,-4.6,-9.6,-0.2,-9.4,-4.7,1016,3,0
401469174,2023-03-12,Los Angeles Lakers,New York Knicks,108,112,2023,-4,220,1.0,False,False,0.0,True,True,east_to_west,1,1,0,5.0,-3.8,8.8,4.4,3.5,6.9,-3.4000000000000004,-1.7000000000000002,1017,3,0
401469171,2023-03-12,Philadelphia 76ers,Washington Wizards,112,93,2023,19,205,1.0,False,False,4.0,False,False,same_region,0,0,0,4.8,-4.0,8.8,4.4,5.3,-2.4,7.699999999999999,3.8499999999999996,1018,3,0
401469169,2023-03-12,Denver Nuggets,Brooklyn Nets,120,122,2023,-2,242,3.0,False,False,1.0,False,True,east_to_west,1,1,0,2.6,8.8,-6.200000000000001,-3.1000000000000005,2.4,-2.9,5.3,2.65,1019,3,0
401469170,2023-03-12,Charlotte Hornets,Cleveland Cavaliers,108,114,2023,-6,222,0.0,True,False,1.0,False,False,same_region,0,0,0,-3.6,4.8,-8.4,-4.2,0.2,2.8,-2.5999999999999996,-1.2999999999999998,1020,3,0
401469180,2023-03-13,Golden State Warriors,Phoenix Suns,123,112,2023,11,235,1.0,False,False,7.0,False,False,same_region,0,0,0,-4.0,12.2,-16.2,-8.1,2.9,8.2,-5.299999999999999,-2.6499999999999995,1021,3,0
401469178,2023-03-13,Dallas Mavericks,Memphis Grizzlies,88,104,2023,-16,192,5.0,False,False,5.0,False,False,same_region,0,0,0,-0.8,-1.2,0.3999999999999999,0.19999999999999996,0.5,3.9,-3.4,-1.7,1022,3,0
401469175,2023-03-13,Detroit Pistons,Indiana Pacers,117,97,2023,20,214,1.0,False,False,1.0,False,False,same_region,0,0,0,-9.6,0.6,-10.2,-5.1,-8.5,1.2,-9.7,-4.85,1023,3,0
401469176,2023-03-13,Atlanta Hawks,Minnesota Timberwolves,115,136,2023,-21,251,1.0,False,False,8.0,False,False,west_to_east,1,0,1,-2.0,-1.0,-1.0,-0.5,0.3,-4.4,4.7,2.35,1024,3,0
401469177,2023-03-13,Miami Heat,Utah Jazz,119,115,2023,4,234,2.0,False,False,1.0,False,False,west_to_east,1,0,1,-0.4,-5.2,4.8,2.4,-5.9,-1.7,-4.2,-2.1,1025,3,0
401469181,2023-03-13,Sacramento Kings,Milwaukee Bucks,124,133,2023,-9,257,3.0,False,False,1.0,False,False,east_to_west,1,1,0,5.2,2.0,3.2,1.6,4.8,9.0,-4.2,-2.1,1026,3,0
401469179,2023-03-13,Houston Rockets,Boston Celtics,111,109,2023,2,220,1.0,False,False,1.0,False,False,east_to_west,1,1,0,1.0,3.0,-2.0,-1.0,-9.9,2.9,-12.8,-6.4,1027,3,0
401469183,2023-03-14,Washington Wizards,Detroit Pistons,117,97,2023,20,214,3.0,False,False,9.0,False,False,same_region,0,0,0,-6.4,-0.8,-5.6000000000000005,-2.8000000000000003,-5.1,-4.7,-0.39999999999999947,-0.19999999999999973,1028,3,0
401469185,2023-03-14,New Orleans Pelicans,Los Angeles Lakers,108,123,2023,-15,231,1.0,False,True,12.0,False,False,same_region,0,0,0,-2.8,3.0,-5.8,-2.9,-5.6,4.3,-9.899999999999999,-4.949999999999999,1029,3,0
401469184,2023-03-14,Toronto Raptors,Denver Nuggets,125,110,2023,15,235,13.0,False,False,3.0,False,False,west_to_east,1,0,1,-5.4,-2.0,-3.4000000000000004,-1.7000000000000002,-2.7,1.8,-4.5,-2.25,1030,3,0
401469182,2023-03-14,Charlotte Hornets,Cleveland Cavaliers,104,120,2023,-16,224,1.0,False,True,1.0,False,False,same_region,0,0,0,-2.6,6.8,-9.4,-4.7,-1.4,2.6,-4.0,-2.0,1031,3,0
401469189,2023-03-14,Portland Trail Blazers,New York Knicks,107,123,2023,-16,230,12.0,False,False,1.0,False,True,east_to_west,1,1,0,-6.2,-3.4,-2.8000000000000003,-1.4000000000000001,-7.8,5.2,-13.0,-6.5,1032,3,0
401469186,2023-03-14,Oklahoma City Thunder,Brooklyn Nets,121,107,2023,14,228,6.0,False,False,1.0,False,False,east_to_west,1,1,0,2.8,7.2,-4.4,-2.2,1.1,-3.8,4.9,2.45,1033,3,0
401469188,2023-03-14,Phoenix Suns,Milwaukee Bucks,104,116,2023,-12,220,2.0,False,False,0.0,True,True,east_to_west,1,1,0,7.2,4.4,2.8,1.4,5.8,8.7,-2.8999999999999995,-1.4499999999999997,1034,3,0
401469187,2023-03-14,San Antonio Spurs,Orlando Magic,132,114,2023,18,246,1.0,False,False,10.0,False,False,east_to_west,1,1,0,-7.4,0.4,-7.800000000000001,-3.9000000000000004,-8.9,-3.3,-5.6000000000000005,-2.8000000000000003,1035,3,0
401469191,2023-03-15,Miami Heat,Memphis Grizzlies,138,119,2023,19,257,1.0,False,False,1.0,False,False,west_to_east,1,0,1,-1.2,5.2,-6.4,-3.2,-2.6,4.9,-7.5,-3.75,1036,3,0
401469192,2023-03-15,Chicago Bulls,Sacramento Kings,114,117,2023,-3,231,9.0,False,False,3.0,False,False,west_to_east,1,0,1,1.4,3.2,-1.8000000000000003,-0.9000000000000001,4.9,5.0,-0.09999999999999964,-0.04999999999999982,1037,3,0
401469193,2023-03-15,Houston Rockets,Los Angeles Lakers,114,110,2023,4,224,1.0,False,False,0.0,True,False,same_region,0,0,0,-1.0,7.6,-8.6,-4.3,-6.0,4.0,-10.0,-5.0,1038,3,0
401469190,2023-03-15,Cleveland Cavaliers,Philadelphia 76ers,109,118,2023,-9,227,8.0,False,False,7.0,False,False,same_region,0,0,0,5.2,10.0,-4.8,-2.4,4.8,6.6,-1.7999999999999998,-0.8999999999999999,1039,3,0
401469195,2023-03-15,San Antonio Spurs,Dallas Mavericks,128,137,2023,-9,265,0.0,True,True,3.0,False,False,same_region,0,0,0,-6.0,-5.4,-0.5999999999999996,-0.2999999999999998,-6.3,-0.8,-5.5,-2.75,1040,3,0
401469196,2023-03-15,LA Clippers,Golden State Warriors,134,126,2023,8,260,3.0,False,False,5.0,False,False,same_region,0,0,0,0.0,-3.6,3.6,1.8,0.1,5.3,-5.2,-2.6,1041,3,0
401469194,2023-03-15,Minnesota Timberwolves,Boston Celtics,102,104,2023,-2,206,4.0,False,False,1.0,False,False,east_to_west,1,1,0,1.8,4.6,-2.8,-1.4,-0.2,0.9,-1.1,-0.55,1042,3,0
401469201,2023-03-16,Phoenix Suns,Orlando Magic,116,113,2023,3,229,1.0,False,False,1.0,False,False,east_to_west,1,1,0,0.6,-5.4,6.0,3.0,3.5,-4.1,7.6,3.8,1043,3,0
401469200,2023-03-16,Milwaukee Bucks,Indiana Pacers,123,139,2023,-16,262,6.0,False,False,2.0,False,False,same_region,0,0,0,5.6,-1.2,6.8,3.4,7.0,-0.2,7.2,3.6,1044,3,0
401469199,2023-03-16,Toronto Raptors,Oklahoma City Thunder,128,111,2023,17,239,1.0,False,False,3.0,False,False,west_to_east,1,0,1,-0.2,3.6,-3.8000000000000003,-1.9000000000000001,-2.2,3.4,-5.6,-2.8,1045,3,0
401469198,2023-03-16,Brooklyn Nets,Sacramento Kings,96,101,2023,-5,197,10.0,False,False,0.0,True,False,west_to_east,1,0,1,1.2,4.6,-3.3999999999999995,-1.6999999999999997,-0.8,3.6,-4.4,-2.2,1046,3,0
401469197,2023-03-16,Detroit Pistons,Denver Nuggets,100,119,2023,-19,219,2.0,False,False,1.0,False,False,west_to_east,1,0,1,-3.6,-8.2,4.6,2.3,-6.5,-0.6,-5.9,-2.95,1047,3,0
401469205,2023-03-17,Chicago Bulls,Minnesota Timberwolves,139,131,2023,8,270,1.0,False,False,3.0,False,False,west_to_east,1,0,1,0.4,-0.2,0.6000000000000001,0.30000000000000004,5.0,-0.7,5.7,2.85,1048,3,0
401469202,2023-03-17,Charlotte Hornets,Philadelphia 76ers,82,121,2023,-39,203,2.0,False,False,1.0,False,False,same_region,0,0,0,-2.6,11.2,-13.799999999999999,-6.8999999999999995,-3.8,7.0,-10.8,-5.4,1049,3,0
401469204,2023-03-17,Cleveland Cavaliers,Washington Wizards,117,94,2023,23,211,1.0,False,False,4.0,False,False,same_region,0,0,0,2.6,-1.2,3.8,1.9,4.5,-2.5,7.0,3.5,1050,3,0
401469203,2023-03-17,Atlanta Hawks,Golden State Warriors,127,119,2023,8,246,3.0,False,False,1.0,False,False,west_to_east,1,0,1,-4.6,-3.6,-0.9999999999999996,-0.4999999999999998,0.3,3.0,-2.7,-1.35,1051,3,0
401469209,2023-03-17,Los Angeles Lakers,Dallas Mavericks,110,111,2023,-1,221,4.0,False,False,1.0,False,False,same_region,0,0,0,5.2,-2.8,8.0,4.0,2.3,1.0,1.2999999999999998,0.6499999999999999,1052,3,0
401469206,2023-03-17,Houston Rockets,New Orleans Pelicans,114,112,2023,2,226,1.0,False,False,10.0,False,False,same_region,0,0,0,-6.6,-4.0,-2.5999999999999996,-1.2999999999999998,-4.1,-5.3,1.2000000000000002,0.6000000000000001,1053,3,0
401469208,2023-03-17,Portland Trail Blazers,Boston Celtics,112,126,2023,-14,238,2.0,False,False,1.0,False,False,east_to_west,1,1,0,-10.0,5.4,-15.4,-7.7,-7.7,0.7,-8.4,-4.2,1054,3,0
401469207,2023-03-17,San Antonio Spurs,Memphis Grizzlies,120,126,2023,-6,246,1.0,False,True,1.0,False,False,same_region,0,0,0,-5.4,2.6,-8.0,-4.0,-6.2,3.5,-9.7,-4.85,1055,3,0
401469211,2023-03-18,LA Clippers,Orlando Magic,108,113,2023,-5,221,2.0,False,False,1.0,False,False,east_to_west,1,1,0,6.4,-5.4,11.8,5.9,-0.1,-4.6,4.5,2.25,1056,3,0
401469212,2023-03-18,Indiana Pacers,Philadelphia 76ers,121,141,2023,-20,262,8.0,False,False,0.0,True,True,same_region,0,0,0,1.4,18.2,-16.8,-8.4,1.0,11.2,-10.2,-5.1,1057,3,0
401469213,2023-03-18,Toronto Raptors,Minnesota Timberwolves,122,107,2023,15,229,1.0,False,False,0.0,True,False,west_to_east,1,0,1,1.8,-2.6,4.4,2.2,-1.0,-0.7,-0.30000000000000004,-0.15000000000000002,1058,3,0
401469210,2023-03-18,New York Knicks,Denver Nuggets,116,110,2023,6,226,10.0,False,False,1.0,False,False,west_to_east,1,0,1,-0.6,-5.4,4.800000000000001,2.4000000000000004,6.2,0.7,5.5,2.75,1059,3,0
401469215,2023-03-18,Chicago Bulls,Miami Heat,113,99,2023,14,212,0.0,True,True,6.0,False,False,same_region,0,0,0,6.2,2.2,4.0,2.0,7.0,-0.2,7.2,3.6,1060,3,0
401469216,2023-03-18,Memphis Grizzlies,Golden State Warriors,133,119,2023,14,252,6.0,False,False,0.0,True,True,same_region,0,0,0,5.6,-3.4,9.0,4.5,2.3,1.7,0.5999999999999999,0.29999999999999993,1061,3,0
401469217,2023-03-18,Utah Jazz,Boston Celtics,118,117,2023,1,235,17.0,False,False,0.0,True,True,east_to_west,1,1,0,-0.6,9.0,-9.6,-4.8,-2.7,1.8,-4.5,-2.25,1062,3,0
401469214,2023-03-18,Washington Wizards,Sacramento Kings,118,132,2023,-14,250,3.0,False,False,1.0,False,True,west_to_east,1,0,1,-6.2,2.6,-8.8,-4.4,-2.8,4.0,-6.8,-3.4,1063,3,0
401469224,2023-03-19,Portland Trail Blazers,LA Clippers,102,117,2023,-15,219,1.0,False,False,15.0,False,False,same_region,0,0,0,-14.0,5.6,-19.6,-9.8,-10.8,-1.5,-9.3,-4.65,1064,3,0
401469222,2023-03-19,Houston Rockets,New Orleans Pelicans,107,117,2023,-10,224,1.0,False,False,1.0,False,False,same_region,0,0,0,-1.8,-1.4,-0.40000000000000013,-0.20000000000000007,-2.2,-5.0,2.8,1.4,1065,3,0
401469223,2023-03-19,Milwaukee Bucks,Toronto Raptors,118,111,2023,7,229,2.0,False,False,8.0,False,False,same_region,0,0,0,0.2,5.8,-5.6,-2.8,5.1,0.1,5.0,2.5,1066,3,0
401469225,2023-03-19,Los Angeles Lakers,Orlando Magic,111,105,2023,6,216,1.0,False,False,0.0,True,True,east_to_west,1,1,0,3.2,-2.2,5.4,2.7,1.9,-2.8,4.699999999999999,2.3499999999999996,1067,3,0
401469221,2023-03-19,Detroit Pistons,Miami Heat,100,112,2023,-12,212,2.0,False,False,0.0,True,False,same_region,0,0,0,-7.0,0.2,-7.2,-3.6,-8.0,-1.8,-6.2,-3.1,1068,3,0
401469218,2023-03-19,Brooklyn Nets,Denver Nuggets,102,108,2023,-6,210,2.0,False,False,0.0,True,True,west_to_east,1,0,1,-4.2,-2.4,-1.8000000000000003,-0.9000000000000001,-1.1,1.9,-3.0,-1.5,1069,3,0
401469220,2023-03-19,San Antonio Spurs,Atlanta Hawks,126,118,2023,8,244,1.0,False,False,8.0,False,False,east_to_west,1,1,0,-0.2,-2.6,2.4,1.2,-4.2,-0.6,-3.6,-1.8,1070,3,0
401469219,2023-03-19,Oklahoma City Thunder,Phoenix Suns,124,120,2023,4,244,4.0,False,False,5.0,False,False,same_region,0,0,0,-1.6,0.4,-2.0,-1.0,2.6,4.7,-2.1,-1.05,1071,3,0
401469230,2023-03-20,Memphis Grizzlies,Dallas Mavericks,112,108,2023,4,220,1.0,False,False,2.0,False,False,same_region,0,0,0,4.2,-3.4,7.6,3.8,2.5,-1.5,4.0,2.0,1072,3,0
401469227,2023-03-20,Philadelphia 76ers,Chicago Bulls,105,109,2023,-4,214,7.0,False,False,8.0,False,False,same_region,0,0,0,17.6,9.6,8.000000000000002,4.000000000000001,13.4,4.0,9.4,4.7,1073,3,0
401469226,2023-03-20,Charlotte Hornets,Indiana Pacers,115,109,2023,6,224,2.0,False,False,3.0,False,False,same_region,0,0,0,-11.8,-1.8,-10.0,-5.0,-8.2,-0.6,-7.6,-3.8,1074,3,0
401469231,2023-03-20,Utah Jazz,Sacramento Kings,128,120,2023,8,248,1.0,False,False,1.0,False,False,same_region,0,0,0,1.6,4.4,-2.8000000000000003,-1.4000000000000001,-2.0,4.5,-6.5,-3.25,1075,3,0
401469228,2023-03-20,New York Knicks,Minnesota Timberwolves,134,140,2023,-6,274,1.0,False,False,1.0,False,True,west_to_east,1,0,1,2.0,-1.0,3.0,1.5,4.6,-1.4,6.0,3.0,1076,3,0
401469229,2023-03-20,Houston Rockets,Golden State Warriors,108,121,2023,-13,229,0.0,True,True,1.0,False,True,same_region,0,0,0,-2.0,-2.0,0.0,0.0,-1.1,-1.5,0.3999999999999999,0.19999999999999996,1077,3,0
401469236,2023-03-21,Sacramento Kings,Boston Celtics,109,132,2023,-23,241,7.0,False,False,2.0,False,False,east_to_west,1,1,0,1.0,4.4,-3.4000000000000004,-1.7000000000000002,3.1,3.2,-0.10000000000000009,-0.050000000000000044,1078,3,0
401469235,2023-03-21,New Orleans Pelicans,San Antonio Spurs,119,84,2023,35,203,6.0,False,False,15.0,False,False,same_region,0,0,0,-0.8,-0.2,-0.6000000000000001,-0.30000000000000004,-1.8,-1.8,0.0,0.0,1079,3,0
401469234,2023-03-21,Brooklyn Nets,Cleveland Cavaliers,109,115,2023,-6,224,1.0,False,False,6.0,False,False,same_region,0,0,0,-4.4,6.4,-10.8,-5.4,-0.3,8.5,-8.8,-4.4,1080,3,0
401469233,2023-03-21,Atlanta Hawks,Detroit Pistons,129,107,2023,22,236,3.0,False,False,6.0,False,False,same_region,0,0,0,-4.6,-7.4,2.8000000000000007,1.4000000000000004,-1.6,-8.1,6.5,3.25,1081,3,0
401469232,2023-03-21,Orlando Magic,Washington Wizards,122,112,2023,10,234,9.0,False,False,3.0,False,False,same_region,0,0,0,-2.0,-8.6,6.6,3.3,-4.2,-4.5,0.2999999999999998,0.1499999999999999,1082,3,0
401469237,2023-03-21,LA Clippers,Oklahoma City Thunder,100,101,2023,-1,201,2.0,False,False,4.0,False,False,same_region,0,0,0,7.4,5.4,2.0,1.0,0.1,3.6,-3.5,-1.75,1083,3,0
401469241,2023-03-22,Dallas Mavericks,Golden State Warriors,125,127,2023,-2,252,8.0,False,False,1.0,False,False,same_region,0,0,0,-2.8,-1.2,-1.5999999999999999,-0.7999999999999999,-1.6,-2.6,1.0,0.5,1084,3,0
401469239,2023-03-22,Miami Heat,New York Knicks,127,120,2023,7,247,6.0,False,False,7.0,False,False,same_region,0,0,0,1.8,1.8,0.0,0.0,1.7,2.5,-0.8,-0.4,1085,3,0
401469240,2023-03-22,Toronto Raptors,Indiana Pacers,114,118,2023,-4,232,3.0,False,False,1.0,False,False,same_region,0,0,0,6.0,-4.8,10.8,5.4,1.9,-2.5,4.4,2.2,1086,3,0
401469242,2023-03-22,Chicago Bulls,Philadelphia 76ers,91,116,2023,-25,207,3.0,False,False,3.0,False,False,same_region,0,0,0,6.2,16.6,-10.400000000000002,-5.200000000000001,2.4,10.7,-8.299999999999999,-4.1499999999999995,1087,3,0
401469238,2023-03-22,Washington Wizards,Denver Nuggets,104,118,2023,-14,222,3.0,False,False,2.0,False,False,west_to_east,1,0,1,-9.2,0.4,-9.6,-4.8,-6.6,1.5,-8.1,-4.05,1088,3,0
401469244,2023-03-22,Milwaukee Bucks,San Antonio Spurs,130,94,2023,36,224,2.0,False,False,0.0,True,False,west_to_east,1,0,1,0.6,-4.8,5.3999999999999995,2.6999999999999997,4.4,-6.1,10.5,5.25,1089,3,0
401469245,2023-03-22,Minnesota Timberwolves,Atlanta Hawks,125,124,2023,1,249,6.0,False,False,2.0,False,False,east_to_west,1,1,0,0.4,-1.6,2.0,1.0,-0.3,0.9,-1.2,-0.6,1090,3,0
401469246,2023-03-22,Utah Jazz,Portland Trail Blazers,115,127,2023,-12,242,1.0,False,False,9.0,False,False,same_region,0,0,0,4.0,-12.6,16.6,8.3,-1.3,-10.5,9.2,4.6,1091,3,0
401469243,2023-03-22,Memphis Grizzlies,Houston Rockets,130,125,2023,5,255,1.0,False,False,12.0,False,False,same_region,0,0,0,4.2,-3.0,7.2,3.6,1.5,-1.0,2.5,1.25,1092,3,0
401469247,2023-03-22,Los Angeles Lakers,Phoenix Suns,122,111,2023,11,233,2.0,False,False,2.0,False,False,same_region,0,0,0,2.4,-6.6,9.0,4.5,3.7,3.4,0.30000000000000027,0.15000000000000013,1093,3,0
401469251,2023-03-23,LA Clippers,Oklahoma City Thunder,127,105,2023,22,232,1.0,False,False,1.0,False,False,same_region,0,0,0,5.6,2.8,2.8,1.4,1.0,4.3,-3.3,-1.65,1094,3,0
401469250,2023-03-23,New Orleans Pelicans,Charlotte Hornets,115,96,2023,19,211,1.0,False,False,13.0,False,False,east_to_west,1,1,0,9.0,-12.6,21.6,10.8,2.5,-8.7,11.2,5.6,1095,3,0
401469249,2023-03-23,Brooklyn Nets,Cleveland Cavaliers,114,116,2023,-2,230,1.0,False,False,1.0,False,False,same_region,0,0,0,-5.8,8.4,-14.2,-7.1,1.5,6.6,-5.1,-2.55,1096,3,0
401469248,2023-03-23,Orlando Magic,New York Knicks,111,106,2023,5,217,1.0,False,False,0.0,True,False,same_region,0,0,0,-2.4,2.6,-5.0,-2.5,-1.0,-0.6,-0.4,-0.2,1097,3,0
401469261,2023-03-24,Los Angeles Lakers,Oklahoma City Thunder,116,111,2023,5,227,1.0,False,False,0.0,True,True,same_region,0,0,0,5.4,-4.0,9.4,4.7,4.2,-0.6,4.8,2.4,1098,3,0
401469254,2023-03-24,Toronto Raptors,Detroit Pistons,118,97,2023,21,215,1.0,False,False,2.0,False,False,same_region,0,0,0,7.2,-10.6,17.8,8.9,0.9,-10.1,11.0,5.5,1099,3,0
401469253,2023-03-24,Washington Wizards,San Antonio Spurs,136,124,2023,12,260,1.0,False,False,1.0,False,True,west_to_east,1,0,1,-8.2,-15.6,7.4,3.7,-7.3,-10.8,3.500000000000001,1.7500000000000004,1100,3,0
401469255,2023-03-24,Memphis Grizzlies,Houston Rockets,151,114,2023,37,265,1.0,False,False,1.0,False,False,same_region,0,0,0,2.0,-4.4,6.4,3.2,3.6,-2.7,6.300000000000001,3.1500000000000004,1101,3,0
401469252,2023-03-24,Boston Celtics,Indiana Pacers,120,95,2023,25,215,15.0,False,False,1.0,False,False,same_region,0,0,0,7.2,-5.2,12.4,6.2,5.1,-2.3,7.3999999999999995,3.6999999999999997,1102,3,0
401469260,2023-03-24,Sacramento Kings,Phoenix Suns,135,127,2023,8,262,2.0,False,False,1.0,False,False,same_region,0,0,0,-1.8,-7.0,5.2,2.6,0.7,2.6,-1.9000000000000001,-0.9500000000000001,1103,3,0
401469258,2023-03-24,Golden State Warriors,Philadelphia 76ers,120,112,2023,8,232,10.0,False,False,1.0,False,False,east_to_west,1,1,0,-3.0,17.8,-20.8,-10.4,-3.3,13.9,-17.2,-8.6,1104,3,0
401469259,2023-03-24,Portland Trail Blazers,Chicago Bulls,96,124,2023,-28,220,4.0,False,False,3.0,False,False,east_to_west,1,1,0,-10.0,-0.4,-9.6,-4.8,-8.2,0.5,-8.7,-4.35,1105,3,0
401469256,2023-03-24,Dallas Mavericks,Charlotte Hornets,109,117,2023,-8,226,1.0,False,False,0.0,True,False,east_to_west,1,1,0,-2.4,-14.8,12.4,6.2,-1.6,-9.2,7.6,3.8,1106,3,0
401469257,2023-03-24,Utah Jazz,Milwaukee Bucks,116,144,2023,-28,260,1.0,False,False,9.0,False,False,east_to_west,1,1,0,0.2,9.6,-9.4,-4.7,-4.1,5.8,-9.899999999999999,-4.949999999999999,1107,3,0
401469267,2023-03-25,LA Clippers,New Orleans Pelicans,110,131,2023,-21,241,1.0,False,False,5.0,False,False,same_region,0,0,0,7.8,9.4,-1.6000000000000005,-0.8000000000000003,3.9,3.3,0.6000000000000001,0.30000000000000004,1108,3,0
401469266,2023-03-25,Sacramento Kings,Utah Jazz,121,113,2023,8,234,0.0,True,False,11.0,False,False,same_region,0,0,0,-0.8,-7.0,6.2,3.1,1.9,-6.1,8.0,4.0,1109,3,0
401469265,2023-03-25,Phoenix Suns,Philadelphia 76ers,125,105,2023,20,230,8.0,False,False,0.0,True,True,east_to_west,1,1,0,-6.4,14.4,-20.8,-10.4,0.4,12.8,-12.4,-6.2,1110,3,0
401469264,2023-03-25,Denver Nuggets,Milwaukee Bucks,129,106,2023,23,235,12.0,False,False,0.0,True,False,east_to_west,1,1,0,3.6,13.4,-9.8,-4.9,0.8,8.9,-8.1,-4.05,1111,3,0
401469263,2023-03-25,Miami Heat,Brooklyn Nets,100,129,2023,-29,229,2.0,False,False,10.0,False,False,same_region,0,0,0,5.6,-6.6,12.2,6.1,2.6,0.3,2.3000000000000003,1.1500000000000001,1112,3,0
401469262,2023-03-25,Atlanta Hawks,Indiana Pacers,143,130,2023,13,273,3.0,False,False,0.0,True,True,same_region,0,0,0,0.0,-6.2,6.2,3.1,-1.0,-3.7,2.7,1.35,1113,3,0
401469268,2023-03-26,Charlotte Hornets,Dallas Mavericks,110,104,2023,6,214,5.0,False,False,5.0,False,False,west_to_east,1,0,1,-12.0,-0.8,-11.2,-5.6,-7.3,-3.1,-4.199999999999999,-2.0999999999999996,1114,3,0
401469269,2023-03-26,Los Angeles Lakers,Chicago Bulls,108,118,2023,-10,226,1.0,False,False,1.0,False,False,east_to_west,1,1,0,3.4,5.8,-2.4,-1.2,5.5,3.1,2.4,1.2,1115,3,0
401469270,2023-03-26,Atlanta Hawks,Memphis Grizzlies,119,123,2023,-4,242,0.0,True,False,8.0,False,False,west_to_east,1,0,1,6.8,13.2,-6.3999999999999995,-3.1999999999999997,1.1,7.9,-6.800000000000001,-3.4000000000000004,1116,3,0
401469271,2023-03-26,Boston Celtics,San Antonio Spurs,137,93,2023,44,230,1.0,False,False,1.0,False,False,west_to_east,1,0,1,12.6,-16.2,28.799999999999997,14.399999999999999,8.6,-10.8,19.4,9.7,1117,3,0
401469274,2023-03-26,Toronto Raptors,Washington Wizards,114,104,2023,10,218,1.0,False,False,4.0,False,False,same_region,0,0,0,8.4,-9.8,18.200000000000003,9.100000000000001,4.1,-5.5,9.6,4.8,1118,3,0
401469273,2023-03-26,Orlando Magic,Brooklyn Nets,119,106,2023,13,225,2.0,False,False,0.0,True,False,same_region,0,0,0,2.2,2.0,0.20000000000000018,0.10000000000000009,-1.6,1.6,-3.2,-1.6,1119,3,0
401469272,2023-03-26,Cleveland Cavaliers,Houston Rockets,108,91,2023,17,199,8.0,False,False,1.0,False,False,west_to_east,1,0,1,7.6,-12.6,20.2,10.1,7.2,-9.6,16.8,8.4,1120,3,0
401469275,2023-03-26,Portland Trail Blazers,Oklahoma City Thunder,112,118,2023,-6,230,1.0,False,False,1.0,False,True,same_region,0,0,0,-12.2,-7.8,-4.3999999999999995,-2.1999999999999997,-9.2,-2.1,-7.1,-3.55,1121,3,0
401469276,2023-03-26,Golden State Warriors,Minnesota Timberwolves,96,99,2023,-3,195,1.0,False,False,5.0,False,False,same_region,0,0,0,0.2,-3.6,3.8000000000000003,1.9000000000000001,-1.7,-0.9,-0.7999999999999999,-0.39999999999999997,1122,3,0
401469284,2023-03-27,LA Clippers,Chicago Bulls,124,112,2023,12,236,1.0,False,False,0.0,True,True,east_to_west,1,1,0,2.0,6.2,-4.2,-2.1,4.2,6.2,-2.0,-1.0,1123,3,0
401469283,2023-03-27,Sacramento Kings,Minnesota Timberwolves,115,119,2023,-4,234,1.0,False,True,0.0,True,False,same_region,0,0,0,-0.2,-2.6,2.4,1.2,1.2,-1.4,2.5999999999999996,1.2999999999999998,1124,3,0
401469282,2023-03-27,Portland Trail Blazers,New Orleans Pelicans,90,124,2023,-34,214,0.0,True,True,1.0,False,False,same_region,0,0,0,-10.2,16.6,-26.8,-13.4,-10.1,6.3,-16.4,-8.2,1125,3,0
401469281,2023-03-27,Denver Nuggets,Philadelphia 76ers,116,111,2023,5,227,1.0,False,False,1.0,False,True,east_to_west,1,1,0,11.2,2.6,8.6,4.3,1.5,10.4,-8.9,-4.45,1126,3,0
401469280,2023-03-27,Utah Jazz,Phoenix Suns,103,117,2023,-14,220,2.0,False,False,2.0,False,False,same_region,0,0,0,-7.8,0.0,-7.8,-3.9,-4.2,0.3,-4.5,-2.25,1127,3,0
401469279,2023-03-27,New York Knicks,Houston Rockets,137,115,2023,22,252,6.0,False,False,0.0,True,True,west_to_east,1,0,1,0.8,-16.4,17.2,8.6,-1.3,-9.1,7.8,3.9,1128,3,0
401469278,2023-03-27,Indiana Pacers,Dallas Mavericks,104,127,2023,-23,231,8.0,False,False,0.0,True,False,west_to_east,1,0,1,-12.0,-3.8,-8.2,-4.1,-5.3,-3.3,-2.0,-1.0,1129,3,0
401469277,2023-03-27,Detroit Pistons,Milwaukee Bucks,117,126,2023,-9,243,7.0,False,False,1.0,False,True,same_region,0,0,0,-18.8,6.4,-25.200000000000003,-12.600000000000001,-9.8,6.0,-15.8,-7.9,1130,3,0
401469285,2023-03-28,Washington Wizards,Boston Celtics,130,111,2023,19,241,3.0,False,False,6.0,False,False,same_region,0,0,0,-7.2,21.0,-28.2,-14.1,-6.7,13.2,-19.9,-9.95,1131,3,0
401469286,2023-03-28,Atlanta Hawks,Cleveland Cavaliers,120,118,2023,2,238,1.0,False,True,4.0,False,False,same_region,0,0,0,4.4,7.8,-3.3999999999999995,-1.6999999999999997,0.9,6.5,-5.6,-2.8,1132,3,0
401469289,2023-03-28,Oklahoma City Thunder,Charlotte Hornets,134,137,2023,-3,271,8.0,False,False,3.0,False,False,east_to_west,1,1,0,-3.2,-7.6,4.3999999999999995,2.1999999999999997,-2.4,-5.1,2.6999999999999997,1.3499999999999999,1133,3,0
401469288,2023-03-28,Memphis Grizzlies,Orlando Magic,113,108,2023,5,221,3.0,False,False,8.0,False,False,east_to_west,1,1,0,12.8,5.4,7.4,3.7,9.2,0.0,9.2,4.6,1134,3,0
401469290,2023-03-28,Golden State Warriors,New Orleans Pelicans,120,109,2023,11,229,1.0,False,False,0.0,True,True,same_region,0,0,0,1.2,23.8,-22.6,-11.3,-1.1,11.2,-12.299999999999999,-6.1499999999999995,1135,3,0
401469287,2023-03-28,Toronto Raptors,Miami Heat,106,92,2023,14,198,1.0,False,False,8.0,False,False,same_region,0,0,0,7.0,-1.0,8.0,4.0,4.4,-1.1,5.5,2.75,1136,3,0
401469300,2023-03-29,Portland Trail Blazers,Sacramento Kings,80,120,2023,-40,200,1.0,False,True,8.0,False,False,same_region,0,0,0,-14.2,-3.8,-10.399999999999999,-5.199999999999999,-14.1,0.3,-14.4,-7.2,1137,3,0
401469293,2023-03-29,New York Knicks,Miami Heat,101,92,2023,9,193,1.0,False,False,0.0,True,False,same_region,0,0,0,2.0,-7.6,9.6,4.8,0.7,-2.7,3.4000000000000004,1.7000000000000002,1138,3,0
401469292,2023-03-29,Brooklyn Nets,Houston Rockets,123,114,2023,9,237,5.0,False,False,1.0,False,True,west_to_east,1,0,1,0.4,-18.8,19.2,9.6,-1.9,-10.4,8.5,4.25,1139,3,0
401469294,2023-03-29,Philadelphia 76ers,Dallas Mavericks,116,108,2023,8,224,8.0,False,False,1.0,False,True,west_to_east,1,0,1,-2.4,0.6,-3.0,-1.5,7.6,-1.4,9.0,4.5,1140,3,0
401469291,2023-03-29,Indiana Pacers,Milwaukee Bucks,136,149,2023,-13,285,1.0,False,False,1.0,False,False,same_region,0,0,0,-12.6,11.4,-24.0,-12.0,-7.2,5.8,-13.0,-6.5,1141,3,0
401469295,2023-03-29,Chicago Bulls,Los Angeles Lakers,110,121,2023,-11,231,6.0,False,False,13.0,False,False,west_to_east,1,0,1,1.0,2.2,-1.2000000000000002,-0.6000000000000001,5.3,3.7,1.5999999999999996,0.7999999999999998,1142,3,0
401469297,2023-03-29,Oklahoma City Thunder,Detroit Pistons,107,106,2023,1,213,0.0,True,False,4.0,False,False,east_to_west,1,1,0,-4.6,-16.6,12.000000000000002,6.000000000000001,0.4,-10.1,10.5,5.25,1143,3,0
401469298,2023-03-29,San Antonio Spurs,Utah Jazz,117,128,2023,-11,245,9.0,False,False,3.0,False,False,same_region,0,0,0,-23.8,-10.8,-13.0,-6.5,-12.0,-4.6,-7.4,-3.7,1144,3,0
401469299,2023-03-29,Phoenix Suns,Minnesota Timberwolves,107,100,2023,7,207,3.0,False,False,1.0,False,True,same_region,0,0,0,2.2,-0.2,2.4000000000000004,1.2000000000000002,1.3,-1.4,2.7,1.35,1145,3,0
401469296,2023-03-29,Memphis Grizzlies,LA Clippers,132,141,2023,-9,273,0.0,True,False,9.0,False,False,same_region,0,0,0,11.0,5.4,5.6,2.8,7.6,5.5,2.0999999999999996,1.0499999999999998,1146,3,0
401469302,2023-03-30,Denver Nuggets,New Orleans Pelicans,88,107,2023,-19,195,2.0,False,False,1.0,False,True,same_region,0,0,0,8.4,19.6,-11.200000000000001,-5.6000000000000005,1.5,9.4,-7.9,-3.95,1147,3,0
401469301,2023-03-30,Milwaukee Bucks,Boston Celtics,99,140,2023,-41,239,7.0,False,False,1.0,False,False,same_region,0,0,0,12.6,14.4,-1.8000000000000007,-0.9000000000000004,6.6,11.7,-5.1,-2.55,1148,3,0
401469310,2023-03-31,Houston Rockets,Detroit Pistons,121,115,2023,6,236,10.0,False,False,1.0,False,False,east_to_west,1,1,0,-18.0,-13.0,-5.0,-2.5,-10.5,-10.0,-0.5,-0.25,1149,3,0
401469305,2023-03-31,Philadelphia 76ers,Toronto Raptors,117,110,2023,7,227,1.0,False,False,11.0,False,False,same_region,0,0,0,0.0,6.8,-6.8,-3.4,8.3,6.3,2.000000000000001,1.0000000000000004,1150,3,0
401469312,2023-03-31,Minnesota Timberwolves,Los Angeles Lakers,111,123,2023,-12,234,8.0,False,False,1.0,False,False,same_region,0,0,0,1.4,4.6,-3.1999999999999997,-1.5999999999999999,0.2,3.9,-3.6999999999999997,-1.8499999999999999,1151,3,0
401469303,2023-03-31,Charlotte Hornets,Chicago Bulls,91,121,2023,-30,212,4.0,False,False,3.0,False,False,same_region,0,0,0,0.8,-2.0,2.8,1.4,-5.5,2.1,-7.6,-3.8,1152,3,0
401469307,2023-03-31,Boston Celtics,Utah Jazz,122,114,2023,8,236,4.0,False,False,1.0,False,False,west_to_east,1,0,1,22.8,-10.2,33.0,16.5,13.6,-3.1,16.7,8.35,1153,3,0
401469304,2023-03-31,Indiana Pacers,Oklahoma City Thunder,121,117,2023,4,238,1.0,False,False,4.0,False,False,west_to_east,1,0,1,-14.0,-4.6,-9.4,-4.7,-9.4,-0.9,-8.5,-4.25,1154,3,0
401469306,2023-03-31,Washington Wizards,Orlando Magic,109,116,2023,-7,225,2.0,False,False,2.0,False,False,same_region,0,0,0,-0.6,3.4,-4.0,-2.0,-4.6,0.6,-5.199999999999999,-2.5999999999999996,1155,3,0
401469313,2023-03-31,Golden State Warriors,San Antonio Spurs,130,115,2023,15,245,2.0,False,False,4.0,False,False,same_region,0,0,0,6.2,-27.6,33.800000000000004,16.900000000000002,2.1,-13.9,16.0,8.0,1156,3,0
401469315,2023-03-31,Phoenix Suns,Denver Nuggets,100,93,2023,7,193,1.0,False,False,8.0,False,False,same_region,0,0,0,4.4,5.8,-1.3999999999999995,-0.6999999999999997,-1.1,1.7,-2.8,-1.4,1157,3,0
401469311,2023-03-31,Memphis Grizzlies,LA Clippers,108,94,2023,14,202,1.0,False,True,1.0,False,False,same_region,0,0,0,8.4,4.2,4.2,2.1,6.3,5.8,0.5,0.25,1158,3,0
401469308,2023-03-31,Brooklyn Nets,Atlanta Hawks,124,107,2023,17,231,1.0,False,False,8.0,False,False,same_region,0,0,0,3.4,6.4,-3.0000000000000004,-1.5000000000000002,-0.5,0.9,-1.4,-0.7,1159,3,0
401469309,2023-03-31,Cleveland Cavaliers,New York Knicks,116,130,2023,-14,246,4.0,False,False,7.0,False,False,same_region,0,0,0,9.2,2.6,6.6,3.3,5.9,2.3,3.6000000000000005,1.8000000000000003,1160,3,0
401469314,2023-03-31,Portland Trail Blazers,Sacramento Kings,114,138,2023,-24,252,1.0,False,False,1.0,False,False,same_region,0,0,0,-19.2,5.8,-25.0,-12.5,-15.9,3.4,-19.3,-9.65,1161,3,0
401469317,2023-04-01,New Orleans Pelicans,LA Clippers,122,114,2023,8,236,8.0,False,False,0.0,True,True,same_region,0,0,0,16.4,1.6,14.799999999999999,7.3999999999999995,12.7,3.6,9.1,4.55,1162,4,1
401469316,2023-04-01,Miami Heat,Dallas Mavericks,129,122,2023,7,251,6.0,False,False,2.0,False,False,west_to_east,1,0,1,-6.6,-0.2,-6.3999999999999995,-3.1999999999999997,-3.2,-1.5,-1.7000000000000002,-0.8500000000000001,1163,4,1
401469318,2023-04-02,Charlotte Hornets,Toronto Raptors,108,128,2023,-20,236,1.0,False,False,1.0,False,False,same_region,0,0,0,-6.4,6.8,-13.2,-6.6,-9.5,6.4,-15.9,-7.95,1164,4,1
401469319,2023-04-02,Brooklyn Nets,Utah Jazz,111,110,2023,1,221,1.0,False,False,1.0,False,False,west_to_east,1,0,1,8.0,-9.4,17.4,8.7,1.1,-4.6,5.699999999999999,2.8499999999999996,1165,4,1
401469321,2023-04-02,Minnesota Timberwolves,Portland Trail Blazers,105,107,2023,-2,212,1.0,False,False,10.0,False,False,same_region,0,0,0,-2.2,-26.4,24.2,12.1,-0.9,-18.2,17.3,8.65,1166,4,1
401469322,2023-04-02,Atlanta Hawks,Dallas Mavericks,132,130,2023,2,262,4.0,False,False,0.0,True,False,west_to_east,1,0,1,-1.4,-1.2,-0.19999999999999996,-0.09999999999999998,-1.5,-1.8,0.30000000000000004,0.15000000000000002,1167,4,1
401469323,2023-04-02,New York Knicks,Washington Wizards,118,109,2023,9,227,3.0,False,False,6.0,False,False,same_region,0,0,0,6.6,0.0,6.6,3.3,4.2,-4.6,8.8,4.4,1168,4,1
401469329,2023-04-02,Milwaukee Bucks,Philadelphia 76ers,117,104,2023,13,221,2.0,False,False,5.0,False,False,same_region,0,0,0,-2.8,-3.6,0.8000000000000003,0.40000000000000013,3.4,7.1,-3.6999999999999997,-1.8499999999999999,1169,4,1
401469320,2023-04-02,Chicago Bulls,Memphis Grizzlies,128,107,2023,21,235,3.0,False,False,6.0,False,False,west_to_east,1,0,1,9.0,10.2,-1.1999999999999993,-0.5999999999999996,4.3,6.1,-1.7999999999999998,-0.8999999999999999,1170,4,1
401469326,2023-04-02,Houston Rockets,Los Angeles Lakers,109,134,2023,-25,243,1.0,False,False,1.0,False,False,same_region,0,0,0,-15.8,5.8,-21.6,-10.8,-10.1,4.1,-14.2,-7.1,1171,4,1
401469327,2023-04-02,Oklahoma City Thunder,Phoenix Suns,118,128,2023,-10,246,3.0,False,False,5.0,False,False,same_region,0,0,0,-1.0,8.0,-9.0,-4.5,-2.5,0.5,-3.0,-1.5,1172,4,1
401469328,2023-04-02,Cleveland Cavaliers,Indiana Pacers,115,105,2023,10,220,1.0,False,False,7.0,False,False,same_region,0,0,0,1.8,-14.0,15.8,7.9,4.1,-9.6,13.7,6.85,1173,4,1
401469330,2023-04-02,Denver Nuggets,Golden State Warriors,112,110,2023,2,222,2.0,False,False,10.0,False,False,same_region,0,0,0,3.2,6.6,-3.3999999999999995,-1.6999999999999997,1.8,2.7,-0.9000000000000001,-0.45000000000000007,1174,4,1
401469324,2023-04-02,Orlando Magic,Detroit Pistons,128,102,2023,26,230,6.0,False,False,1.0,False,False,same_region,0,0,0,6.0,-11.8,17.8,8.9,2.0,-9.6,11.6,5.8,1175,4,1
401469325,2023-04-02,Sacramento Kings,San Antonio Spurs,134,142,2023,-8,276,5.0,False,False,1.0,False,False,same_region,0,0,0,15.2,-23.6,38.8,19.4,6.7,-14.2,20.9,10.45,1176,4,1
401469338,2023-04-04,Houston Rockets,Denver Nuggets,124,103,2023,21,227,1.0,False,False,3.0,False,False,same_region,0,0,0,-13.4,0.8,-14.200000000000001,-7.1000000000000005,-13.0,2.2,-15.2,-7.6,1177,4,1
401469331,2023-04-04,Charlotte Hornets,Toronto Raptors,100,120,2023,-20,220,1.0,False,False,1.0,False,False,same_region,0,0,0,-6.6,11.6,-18.2,-9.1,-10.7,9.4,-20.1,-10.05,1178,4,1
401469332,2023-04-04,Detroit Pistons,Miami Heat,105,118,2023,-13,223,7.0,False,False,5.0,False,False,same_region,0,0,0,-12.6,-7.6,-5.0,-2.5,-11.6,-2.9,-8.7,-4.35,1179,4,1
401469333,2023-04-04,Orlando Magic,Cleveland Cavaliers,113,117,2023,-4,230,1.0,False,False,6.0,False,False,same_region,0,0,0,9.2,2.6,6.6,3.3,3.4,5.5,-2.1,-1.05,1180,4,1
401469334,2023-04-04,Washington Wizards,Milwaukee Bucks,128,140,2023,-12,268,3.0,False,False,5.0,False,False,same_region,0,0,0,1.0,-5.8,6.8,3.4,-3.6,3.8,-7.4,-3.7,1181,4,1
401469336,2023-04-04,Philadelphia 76ers,Boston Celtics,103,101,2023,2,204,3.0,False,False,4.0,False,False,same_region,0,0,0,-4.6,19.8,-24.4,-12.2,4.9,13.5,-8.6,-4.3,1182,4,1
401469340,2023-04-04,New Orleans Pelicans,Sacramento Kings,103,121,2023,-18,224,2.0,False,False,3.0,False,False,same_region,0,0,0,14.2,12.0,2.1999999999999993,1.0999999999999996,11.8,5.6,6.200000000000001,3.1000000000000005,1183,4,1
401469339,2023-04-04,Memphis Grizzlies,Portland Trail Blazers,119,109,2023,10,228,3.0,False,False,1.0,False,False,same_region,0,0,0,-1.4,-20.4,19.0,9.5,5.9,-16.3,22.200000000000003,11.100000000000001,1184,4,1
401469341,2023-04-04,Utah Jazz,Los Angeles Lakers,133,135,2023,-2,268,7.0,False,False,1.0,False,False,same_region,0,0,0,-4.0,8.6,-12.6,-6.3,-5.5,7.0,-12.5,-6.25,1185,4,1
401469342,2023-04-04,Golden State Warriors,Oklahoma City Thunder,136,125,2023,11,261,3.0,False,False,3.0,False,False,same_region,0,0,0,5.8,-2.0,7.8,3.9,1.4,-4.9,6.300000000000001,3.1500000000000004,1186,4,1
401469343,2023-04-04,Phoenix Suns,San Antonio Spurs,115,94,2023,21,209,3.0,False,False,1.0,False,False,same_region,0,0,0,11.6,-14.8,26.4,13.2,2.6,-15.2,17.8,8.9,1187,4,1
401469337,2023-04-04,Chicago Bulls,Atlanta Hawks,105,123,2023,-18,228,1.0,False,False,3.0,False,False,same_region,0,0,0,7.6,-0.8,8.4,4.2,6.7,-0.4,7.1000000000000005,3.5500000000000003,1188,4,1
401469335,2023-04-04,Brooklyn Nets,Minnesota Timberwolves,102,107,2023,-5,209,1.0,False,False,5.0,False,False,west_to_east,1,0,1,8.6,-2.8,11.399999999999999,5.699999999999999,1.0,-3.2,4.2,2.1,1189,4,1
401469346,2023-04-05,Atlanta Hawks,Washington Wizards,134,116,2023,18,250,2.0,False,False,2.0,False,False,same_region,0,0,0,0.2,-3.8,4.0,2.0,3.5,-6.8,10.3,5.15,1190,4,1
401469345,2023-04-05,Indiana Pacers,New York Knicks,129,138,2023,-9,267,4.0,False,False,4.0,False,False,same_region,0,0,0,-11.0,9.8,-20.8,-10.4,-8.6,6.2,-14.8,-7.4,1191,4,1
401469347,2023-04-05,Boston Celtics,Toronto Raptors,97,93,2023,4,190,4.0,False,False,0.0,True,True,same_region,0,0,0,14.4,11.4,3.0,1.5,13.5,9.9,3.5999999999999996,1.7999999999999998,1192,4,1
401469344,2023-04-05,Detroit Pistons,Brooklyn Nets,108,123,2023,-15,231,0.0,True,False,9.0,False,False,same_region,0,0,0,-11.0,1.8,-12.8,-6.4,-14.9,1.9,-16.8,-8.4,1193,4,1
401469349,2023-04-05,New Orleans Pelicans,Memphis Grizzlies,138,131,2023,7,269,0.0,True,False,2.0,False,False,same_region,0,0,0,6.4,-0.2,6.6000000000000005,3.3000000000000003,11.5,6.3,5.2,2.6,1194,4,1
401469350,2023-04-05,Dallas Mavericks,Sacramento Kings,123,119,2023,4,242,11.0,False,False,0.0,True,False,same_region,0,0,0,0.0,14.0,-14.0,-7.0,-0.4,6.9,-7.300000000000001,-3.6500000000000004,1195,4,1
401469348,2023-04-05,Milwaukee Bucks,Chicago Bulls,105,92,2023,13,197,2.0,False,False,4.0,False,False,same_region,0,0,0,1.2,2.0,-0.8,-0.4,3.8,4.1,-0.2999999999999998,-0.1499999999999999,1196,4,1
401469351,2023-04-05,LA Clippers,Los Angeles Lakers,125,118,2023,7,243,8.0,False,False,0.0,True,True,same_region,0,0,0,-4.4,8.0,-12.4,-6.2,1.7,5.7,-4.0,-2.0,1197,4,1
401469352,2023-04-06,Orlando Magic,Cleveland Cavaliers,94,118,2023,-24,212,1.0,False,False,1.0,False,False,same_region,0,0,0,7.4,3.0,4.4,2.2,4.8,5.3,-0.5,-0.25,1198,4,1
401469353,2023-04-06,Philadelphia 76ers,Miami Heat,101,129,2023,-28,230,1.0,False,False,1.0,False,False,same_region,0,0,0,-0.2,-6.4,6.2,3.1,1.2,-0.4,1.6,0.8,1199,4,1
401469355,2023-04-06,Utah Jazz,Oklahoma City Thunder,98,114,2023,-16,212,1.0,False,False,1.0,False,False,same_region,0,0,0,-2.8,-5.4,2.6000000000000005,1.3000000000000003,-5.3,-4.3,-1.0,-0.5,1200,4,1
401469356,2023-04-06,Phoenix Suns,Denver Nuggets,119,115,2023,4,234,1.0,False,False,1.0,False,False,same_region,0,0,0,11.8,-8.0,19.8,9.9,5.9,1.6,4.300000000000001,2.1500000000000004,1201,4,1
401469354,2023-04-06,San Antonio Spurs,Portland Trail Blazers,129,127,2023,2,256,7.0,False,False,1.0,False,False,same_region,0,0,0,-16.6,-21.2,4.599999999999998,2.299999999999999,-16.4,-15.7,-0.6999999999999993,-0.34999999999999964,1202,4,1
401469357,2023-04-07,Charlotte Hornets,Houston Rockets,109,112,2023,-3,221,2.0,False,False,8.0,False,False,west_to_east,1,0,1,-12.2,-5.8,-6.3999999999999995,-3.1999999999999997,-12.1,-11.1,-1.0,-0.5,1203,4,1
401469358,2023-04-07,Indiana Pacers,Detroit Pistons,115,122,2023,-7,237,1.0,False,False,4.0,False,False,same_region,0,0,0,-10.2,-12.2,2.0,1.0,-11.1,-14.4,3.3000000000000007,1.6500000000000004,1204,4,1
401469362,2023-04-07,Brooklyn Nets,Orlando Magic,101,84,2023,17,185,2.0,False,False,6.0,False,False,same_region,0,0,0,7.4,0.0,7.4,3.7,3.9,2.7,1.1999999999999997,0.5999999999999999,1205,4,1
401469361,2023-04-07,Boston Celtics,Toronto Raptors,121,102,2023,19,223,1.0,False,False,1.0,False,True,same_region,0,0,0,6.4,8.6,-2.1999999999999993,-1.0999999999999996,13.7,7.8,5.8999999999999995,2.9499999999999997,1206,4,1
401469360,2023-04-07,Atlanta Hawks,Philadelphia 76ers,131,136,2023,-5,267,1.0,False,False,4.0,False,False,same_region,0,0,0,4.6,-4.8,9.399999999999999,4.699999999999999,4.5,-3.6,8.1,4.05,1207,4,1
401469365,2023-04-07,Dallas Mavericks,Chicago Bulls,112,115,2023,-3,227,1.0,False,False,1.0,False,False,east_to_west,1,1,0,2.0,1.8,0.19999999999999996,0.09999999999999998,-0.9,1.4,-2.3,-1.15,1208,4,1
401469364,2023-04-07,New Orleans Pelicans,New York Knicks,113,105,2023,8,218,1.0,False,True,1.0,False,False,east_to_west,1,1,0,1.0,12.6,-11.6,-5.8,12.4,6.7,5.7,2.85,1209,4,1
401469359,2023-04-07,Washington Wizards,Miami Heat,114,108,2023,6,222,2.0,False,False,0.0,True,True,same_region,0,0,0,-5.4,5.0,-10.4,-5.2,-6.3,2.0,-8.3,-4.15,1210,4,1
401469367,2023-04-07,Los Angeles Lakers,Phoenix Suns,121,107,2023,14,228,11.0,False,False,4.0,False,False,same_region,0,0,0,8.6,9.8,-1.200000000000001,-0.6000000000000005,5.4,6.0,-0.5999999999999996,-0.2999999999999998,1211,4,1
401469363,2023-04-07,Milwaukee Bucks,Memphis Grizzlies,114,137,2023,-23,251,1.0,False,False,1.0,False,False,west_to_east,1,0,1,2.0,-2.6,4.6,2.3,6.7,4.2,2.5,1.25,1212,4,1
401469366,2023-04-07,Sacramento Kings,Golden State Warriors,97,119,2023,-22,216,4.0,False,False,4.0,False,False,same_region,0,0,0,14.0,6.4,7.6,3.8,5.1,3.3,1.7999999999999998,0.8999999999999999,1213,4,1
401469370,2023-04-08,LA Clippers,Portland Trail Blazers,136,125,2023,11,261,2.0,False,False,1.0,False,False,same_region,0,0,0,1.2,-14.8,16.0,8.0,1.6,-14.5,16.1,8.05,1214,4,1
401469369,2023-04-08,San Antonio Spurs,Minnesota Timberwolves,131,151,2023,-20,282,1.0,False,False,3.0,False,False,same_region,0,0,0,-7.4,-2.4,-5.0,-2.5,-15.6,-2.5,-13.1,-6.55,1215,4,1
401469368,2023-04-08,Utah Jazz,Denver Nuggets,118,114,2023,4,232,1.0,False,False,1.0,False,False,same_region,0,0,0,-3.2,-9.8,6.6000000000000005,3.3000000000000003,-7.0,-0.7,-6.3,-3.15,1216,4,1
401469375,2023-04-09,New York Knicks,Indiana Pacers,136,141,2023,-5,277,6.0,False,False,6.0,False,False,same_region,0,0,0,6.6,-7.0,13.6,6.8,4.3,-9.8,14.100000000000001,7.050000000000001,1217,4,1
401469376,2023-04-09,Toronto Raptors,Milwaukee Bucks,121,105,2023,16,226,11.0,False,False,4.0,False,False,same_region,0,0,0,2.0,-5.2,7.2,3.6,4.4,3.7,0.7000000000000002,0.3500000000000001,1218,4,1
401469371,2023-04-09,Boston Celtics,Atlanta Hawks,120,114,2023,6,234,1.0,False,False,4.0,False,False,same_region,0,0,0,14.0,3.2,10.8,5.4,14.2,4.8,9.399999999999999,4.699999999999999,1219,4,1
401469372,2023-04-09,Brooklyn Nets,Philadelphia 76ers,105,134,2023,-29,239,1.0,False,False,1.0,False,False,same_region,0,0,0,9.0,-5.4,14.4,7.2,6.2,-2.7,8.9,4.45,1220,4,1
401469373,2023-04-09,Cleveland Cavaliers,Charlotte Hornets,95,106,2023,-11,201,6.0,False,False,11.0,False,False,same_region,0,0,0,4.4,-14.0,18.4,9.2,6.1,-10.8,16.9,8.45,1221,4,1
401469374,2023-04-09,Miami Heat,Orlando Magic,123,110,2023,13,233,7.0,False,False,1.0,False,False,same_region,0,0,0,6.6,-2.4,9.0,4.5,-0.5,0.5,-1.0,-0.5,1222,4,1
401469377,2023-04-09,Washington Wizards,Houston Rockets,109,114,2023,-5,223,1.0,False,False,1.0,False,False,west_to_east,1,0,1,-8.0,-0.8,-7.2,-3.6,-4.3,-9.8,5.500000000000001,2.7500000000000004,1223,4,1
401469382,2023-04-09,Denver Nuggets,Sacramento Kings,109,95,2023,14,204,6.0,False,False,3.0,False,False,same_region,0,0,0,-6.8,1.6,-8.4,-4.2,-0.5,3.7,-4.2,-2.1,1224,4,1
401469379,2023-04-09,Dallas Mavericks,San Antonio Spurs,117,138,2023,-21,255,1.0,False,False,4.0,False,False,same_region,0,0,0,-3.2,-9.2,5.999999999999999,2.9999999999999996,-1.3,-18.4,17.099999999999998,8.549999999999999,1225,4,1
401469381,2023-04-09,Oklahoma City Thunder,Memphis Grizzlies,115,100,2023,15,215,6.0,False,False,1.0,False,False,same_region,0,0,0,-1.6,3.8,-5.4,-2.7,-3.1,6.1,-9.2,-4.6,1226,4,1
401469383,2023-04-09,Los Angeles Lakers,Utah Jazz,128,117,2023,11,245,1.0,False,False,6.0,False,False,same_region,0,0,0,9.2,-4.6,13.799999999999999,6.8999999999999995,6.9,-7.4,14.3,7.15,1227,4,1
401469384,2023-04-09,Phoenix Suns,LA Clippers,114,119,2023,-5,233,2.0,False,False,7.0,False,False,same_region,0,0,0,5.6,1.0,4.6,2.3,5.0,3.2,1.7999999999999998,0.8999999999999999,1228,4,1
401469378,2023-04-09,Chicago Bulls,Detroit Pistons,103,81,2023,22,184,4.0,False,False,1.0,False,False,same_region,0,0,0,4.6,-10.6,15.2,7.6,1.3,-11.8,13.100000000000001,6.550000000000001,1229,4,1
401469385,2023-04-09,Portland Trail Blazers,Golden State Warriors,101,157,2023,-56,258,8.0,False,False,1.0,False,False,same_region,0,0,0,-9.0,11.4,-20.4,-10.2,-14.1,6.3,-20.4,-10.2,1230,4,1
401469380,2023-04-09,Minnesota Timberwolves,New Orleans Pelicans,113,108,2023,5,221,6.0,False,False,9.0,False,False,same_region,0,0,0,0.8,4.8,-4.0,-2.0,0.3,12.2,-11.899999999999999,-5.949999999999999,1231,4,1
401539672,2023-04-11,Los Angeles Lakers,Minnesota Timberwolves,108,102,2023,6,210,1.0,False,False,2.0,False,False,same_region,0,0,0,9.0,3.2,5.8,2.9,7.4,2.3,5.1000000000000005,2.5500000000000003,1232,4,1
401539671,2023-04-11,Miami Heat,Atlanta Hawks,105,116,2023,-11,221,1.0,False,False,1.0,False,False,same_region,0,0,0,11.0,5.4,5.6,2.8,2.2,2.0,0.20000000000000018,0.10000000000000009,1233,4,1
401539674,2023-04-12,New Orleans Pelicans,Oklahoma City Thunder,118,123,2023,-5,241,4.0,False,False,5.0,False,False,same_region,0,0,0,0.0,1.2,-1.2,-0.6,8.2,-1.7,9.899999999999999,4.949999999999999,1234,4,1
401539673,2023-04-12,Toronto Raptors,Chicago Bulls,105,109,2023,-4,214,2.0,False,False,4.0,False,False,same_region,0,0,0,6.6,3.0,3.5999999999999996,1.7999999999999998,6.7,6.0,0.7000000000000002,0.3500000000000001,1235,4,1
401539676,2023-04-14,Minnesota Timberwolves,Oklahoma City Thunder,120,95,2023,25,215,4.0,False,False,1.0,False,False,same_region,0,0,0,4.4,3.0,1.4000000000000004,0.7000000000000002,1.1,1.0,0.10000000000000009,0.050000000000000044,1236,4,1
401539675,2023-04-14,Miami Heat,Chicago Bulls,102,91,2023,11,193,2.0,False,False,1.0,False,False,same_region,0,0,0,7.4,-0.4,7.800000000000001,3.9000000000000004,-0.1,3.6,-3.7,-1.85,1237,4,1
401540750,2023-04-15,Philadelphia 76ers,Brooklyn Nets,121,101,2023,20,222,8.0,False,False,9.0,False,False,same_region,0,0,0,-1.0,-0.2,-0.8,-0.4,-2.3,3.9,-6.199999999999999,-3.0999999999999996,1238,4,1
401540752,2023-04-15,Cleveland Cavaliers,New York Knicks,97,101,2023,-4,198,5.0,False,False,7.0,False,False,same_region,0,0,0,2.6,3.8,-1.1999999999999997,-0.5999999999999999,5.9,3.2,2.7,1.35,1239,4,1
401540753,2023-04-15,Sacramento Kings,Golden State Warriors,126,123,2023,3,249,7.0,False,False,5.0,False,False,same_region,0,0,0,-6.0,20.4,-26.4,-13.2,4.6,13.3,-8.700000000000001,-4.3500000000000005,1240,4,1
401540751,2023-04-15,Boston Celtics,Atlanta Hawks,112,99,2023,13,211,5.0,False,False,3.0,False,False,same_region,0,0,0,7.0,7.2,-0.20000000000000018,-0.10000000000000009,14.9,3.2,11.7,5.85,1241,4,1
401540757,2023-04-16,Phoenix Suns,LA Clippers,110,115,2023,-5,225,6.0,False,False,6.0,False,False,same_region,0,0,0,3.2,0.2,3.0,1.5,5.6,2.2,3.3999999999999995,1.6999999999999997,1242,4,1
401540756,2023-04-16,Memphis Grizzlies,Los Angeles Lakers,112,128,2023,-16,240,11.0,False,False,10.0,False,False,same_region,0,0,0,-2.0,5.2,-7.2,-3.6,4.1,6.9,-2.8000000000000007,-1.4000000000000004,1243,4,1
401540755,2023-04-16,Denver Nuggets,Minnesota Timberwolves,109,80,2023,29,189,6.0,False,False,4.0,False,False,same_region,0,0,0,-2.6,9.8,-12.4,-6.2,0.3,3.5,-3.2,-1.6,1244,4,1
401540754,2023-04-16,Milwaukee Bucks,Miami Heat,117,130,2023,-13,247,8.0,False,False,8.0,False,False,same_region,0,0,0,-0.2,7.0,-7.2,-3.6,-1.5,0.3,-1.8,-0.9,1245,4,1
401541169,2023-04-17,Sacramento Kings,Golden State Warriors,114,106,2023,8,220,1.0,False,False,1.0,False,False,same_region,0,0,0,-3.8,16.8,-20.6,-10.3,4.1,11.7,-7.6,-3.8,1246,4,1
401541173,2023-04-17,Philadelphia 76ers,Brooklyn Nets,96,84,2023,12,180,1.0,False,False,1.0,False,False,same_region,0,0,0,5.6,-4.4,10.0,5.0,0.5,2.1,-1.6,-0.8,1247,4,1
401541170,2023-04-18,Phoenix Suns,LA Clippers,123,109,2023,14,232,1.0,False,False,1.0,False,False,same_region,0,0,0,0.2,4.0,-3.8,-1.9,5.9,2.8,3.1000000000000005,1.5500000000000003,1248,4,1
401541174,2023-04-18,Cleveland Cavaliers,New York Knicks,107,90,2023,17,197,2.0,False,False,2.0,False,False,same_region,0,0,0,4.6,1.8,2.8,1.4,3.2,4.2,-1.0,-0.5,1249,4,1
401541172,2023-04-18,Boston Celtics,Atlanta Hawks,119,106,2023,13,225,2.0,False,False,2.0,False,False,same_region,0,0,0,8.0,1.0,7.0,3.5,13.9,0.6,13.3,6.65,1250,4,1
401541167,2023-04-19,Denver Nuggets,Minnesota Timberwolves,122,113,2023,9,235,2.0,False,False,2.0,False,False,same_region,0,0,0,2.8,3.0,-0.20000000000000018,-0.10000000000000009,1.8,0.3,1.5,0.75,1251,4,1
401541168,2023-04-19,Memphis Grizzlies,Los Angeles Lakers,103,93,2023,10,196,2.0,False,False,2.0,False,False,same_region,0,0,0,-1.0,8.0,-9.0,-4.5,-1.2,8.0,-9.2,-4.6,1252,4,1
401541171,2023-04-19,Milwaukee Bucks,Miami Heat,138,122,2023,16,260,2.0,False,False,2.0,False,False,same_region,0,0,0,-5.4,4.0,-9.4,-4.7,-5.6,4.5,-10.1,-5.05,1253,4,1
401541178,2023-04-20,LA Clippers,Phoenix Suns,124,129,2023,-5,253,11.0,False,False,12.0,False,False,same_region,0,0,0,2.8,-1.2,4.0,2.0,-0.8,5.3,-6.1,-3.05,1254,4,1
401541177,2023-04-20,Golden State Warriors,Sacramento Kings,114,97,2023,17,211,15.0,False,False,10.0,False,False,same_region,0,0,0,15.6,-5.8,21.4,10.7,10.7,4.1,6.6,3.3,1255,4,1
401541181,2023-04-20,Brooklyn Nets,Philadelphia 76ers,97,102,2023,-5,199,10.0,False,False,10.0,False,False,same_region,0,0,0,-5.8,7.6,-13.399999999999999,-6.699999999999999,-2.0,3.7,-5.7,-2.85,1256,4,1
401541175,2023-04-21,Minnesota Timberwolves,Denver Nuggets,111,120,2023,-9,231,6.0,False,False,12.0,False,False,same_region,0,0,0,-2.8,8.8,-11.600000000000001,-5.800000000000001,-1.0,0.4,-1.4,-0.7,1257,4,1
401541182,2023-04-21,New York Knicks,Cleveland Cavaliers,99,79,2023,20,178,11.0,False,False,14.0,False,False,same_region,0,0,0,-3.4,6.0,-9.4,-4.7,3.2,4.3,-1.0999999999999996,-0.5499999999999998,1258,4,1
401541180,2023-04-21,Atlanta Hawks,Boston Celtics,130,122,2023,8,252,13.0,False,False,16.0,False,False,same_region,0,0,0,-5.2,11.0,-16.2,-8.1,-0.3,12.7,-13.0,-6.5,1259,4,1
401541189,2023-04-22,Brooklyn Nets,Philadelphia 76ers,88,96,2023,-8,184,1.0,False,False,1.0,False,False,same_region,0,0,0,-9.8,14.2,-24.0,-12.0,-1.2,4.7,-5.9,-2.95,1260,4,1
401541186,2023-04-22,LA Clippers,Phoenix Suns,100,112,2023,-12,212,1.0,False,False,1.0,False,False,same_region,0,0,0,0.4,-1.0,1.4,0.7,0.8,4.4,-3.6000000000000005,-1.8000000000000003,1261,4,1
401541176,2023-04-22,Los Angeles Lakers,Memphis Grizzlies,111,101,2023,10,212,10.0,False,False,12.0,False,False,same_region,0,0,0,7.4,-1.0,8.4,4.2,8.0,-0.6,8.6,4.3,1262,4,1
401541179,2023-04-22,Miami Heat,Milwaukee Bucks,121,99,2023,22,220,7.0,False,False,12.0,False,False,same_region,0,0,0,2.0,-4.6,6.6,3.3,4.3,-1.7,6.0,3.0,1263,4,1
401541185,2023-04-23,Golden State Warriors,Sacramento Kings,126,125,2023,1,251,2.0,False,False,2.0,False,False,same_region,0,0,0,16.8,-8.4,25.200000000000003,12.600000000000001,11.6,2.8,8.8,4.4,1264,4,1
401541188,2023-04-23,Atlanta Hawks,Boston Celtics,121,129,2023,-8,250,1.0,False,False,1.0,False,False,same_region,0,0,0,-2.6,8.6,-11.2,-5.6,0.3,7.5,-7.2,-3.6,1265,4,1
401541183,2023-04-23,Minnesota Timberwolves,Denver Nuggets,114,108,2023,6,222,1.0,False,False,1.0,False,False,same_region,0,0,0,-5.6,11.4,-17.0,-8.5,-1.2,0.8,-2.0,-1.0,1266,4,1
401541190,2023-04-23,New York Knicks,Cleveland Cavaliers,102,93,2023,9,195,1.0,False,False,1.0,False,False,same_region,0,0,0,-1.2,1.2,-2.4,-1.2,5.7,2.1,3.6,1.8,1267,4,1
401541184,2023-04-24,Los Angeles Lakers,Memphis Grizzlies,117,111,2023,6,228,1.0,False,False,1.0,False,False,same_region,0,0,0,6.6,-1.6,8.2,4.1,7.9,-2.1,10.0,5.0,1268,4,1
401541187,2023-04-24,Miami Heat,Milwaukee Bucks,119,114,2023,5,233,1.0,False,False,1.0,False,False,same_region,0,0,0,3.8,-11.6,15.399999999999999,7.699999999999999,7.4,-4.8,12.2,6.1,1269,4,1
401541237,2023-04-25,Phoenix Suns,LA Clippers,136,130,2023,6,266,6.0,False,False,6.0,False,False,same_region,0,0,0,4.2,-4.2,8.4,4.2,4.9,-1.6,6.5,3.25,1270,4,1
401541196,2023-04-25,Denver Nuggets,Minnesota Timberwolves,112,109,2023,3,221,5.0,False,False,5.0,False,False,same_region,0,0,0,11.0,-3.2,14.2,7.1,2.1,0.6,1.5,0.75,1271,4,1
401541243,2023-04-25,Boston Celtics,Atlanta Hawks,117,119,2023,-2,236,6.0,False,False,6.0,False,False,same_region,0,0,0,6.4,-3.0,9.4,4.7,10.2,1.2,9.0,4.5,1272,4,1
401541240,2023-04-26,Milwaukee Bucks,Miami Heat,126,128,2023,-2,254,6.0,False,False,6.0,False,False,same_region,0,0,0,-8.0,7.0,-15.0,-7.5,-6.6,7.2,-13.8,-6.9,1273,4,1
401541231,2023-04-26,Memphis Grizzlies,Los Angeles Lakers,116,99,2023,17,215,6.0,False,False,6.0,False,False,same_region,0,0,0,-7.4,5.6,-13.0,-6.5,-1.8,7.3,-9.1,-4.55,1274,4,1
401541249,2023-04-26,Cleveland Cavaliers,New York Knicks,95,106,2023,-11,201,7.0,False,False,7.0,False,False,same_region,0,0,0,-5.4,2.2,-7.6000000000000005,-3.8000000000000003,-0.5,4.4,-4.9,-2.45,1275,4,1
401541234,2023-04-26,Sacramento Kings,Golden State Warriors,116,123,2023,-7,239,8.0,False,False,8.0,False,False,same_region,0,0,0,-4.2,12.6,-16.8,-8.4,-1.3,12.0,-13.3,-6.65,1276,4,1
401541244,2023-04-27,Atlanta Hawks,Boston Celtics,120,128,2023,-8,248,3.0,False,False,3.0,False,False,same_region,0,0,0,-4.8,4.8,-9.6,-4.8,1.2,5.9,-4.7,-2.35,1277,4,1
401541232,2023-04-28,Los Angeles Lakers,Memphis Grizzlies,125,85,2023,40,210,3.0,False,False,3.0,False,False,same_region,0,0,0,1.0,-1.0,2.0,1.0,3.1,-1.5,4.6,2.3,1278,4,1
401541235,2023-04-28,Golden State Warriors,Sacramento Kings,99,118,2023,-19,217,4.0,False,False,4.0,False,False,same_region,0,0,0,2.8,-2.8,5.6,2.8,11.6,-4.4,16.0,8.0,1279,4,1
401544334,2023-04-29,Denver Nuggets,Phoenix Suns,125,107,2023,18,232,3.0,False,False,6.0,False,False,same_region,0,0,0,8.8,6.4,2.4000000000000004,1.2000000000000002,3.1,4.8,-1.6999999999999997,-0.8499999999999999,1280,4,1
401541236,2023-04-30,Sacramento Kings,Golden State Warriors,100,120,2023,-20,220,3.0,False,False,3.0,False,False,same_region,0,0,0,0.4,-0.4,0.8,0.4,-1.7,8.2,-9.899999999999999,-4.949999999999999,1281,4,1
401544973,2023-04-30,New York Knicks,Miami Heat,101,108,2023,-7,209,6.0,False,False,3.0,False,False,same_region,0,0,0,5.4,5.2,0.20000000000000018,0.10000000000000009,4.6,6.1,-1.5,-0.75,1282,4,1
401544335,2023-05-01,Denver Nuggets,Phoenix Suns,97,87,2023,10,184,1.0,False,False,1.0,False,False,same_region,0,0,0,6.6,3.8,2.8,1.4,4.7,2.0,2.7,1.35,1283,5,1
401545111,2023-05-01,Boston Celtics,Philadelphia 76ers,115,119,2023,-4,234,5.0,False,False,8.0,False,False,same_region,0,0,0,3.8,14.8,-11.0,-5.5,5.9,4.7,1.2000000000000002,0.6000000000000001,1284,5,1
401545231,2023-05-02,Golden State Warriors,Los Angeles Lakers,112,117,2023,-5,229,3.0,False,False,5.0,False,False,same_region,0,0,0,5.2,5.8,-0.5999999999999996,-0.2999999999999998,10.4,6.9,3.5,1.75,1285,5,1
401544974,2023-05-02,New York Knicks,Miami Heat,111,105,2023,6,216,1.0,False,False,1.0,False,False,same_region,0,0,0,3.2,4.0,-0.7999999999999998,-0.3999999999999999,2.5,4.0,-1.5,-0.75,1286,5,1
401545112,2023-05-03,Boston Celtics,Philadelphia 76ers,121,87,2023,34,208,1.0,False,False,1.0,False,False,same_region,0,0,0,0.4,9.8,-9.4,-4.7,5.7,4.4,1.2999999999999998,0.6499999999999999,1287,5,1
401545232,2023-05-04,Golden State Warriors,Los Angeles Lakers,127,100,2023,27,227,1.0,False,False,1.0,False,False,same_region,0,0,0,0.8,8.8,-8.0,-4.0,8.8,8.1,0.7000000000000011,0.35000000000000053,1288,5,1
401544336,2023-05-05,Phoenix Suns,Denver Nuggets,121,114,2023,7,235,9.0,False,False,11.0,False,False,same_region,0,0,0,-1.0,6.8,-7.8,-3.9,-1.1,7.8,-8.9,-4.45,1289,5,1
401545113,2023-05-05,Philadelphia 76ers,Boston Celtics,102,114,2023,-12,216,17.0,False,False,7.0,False,False,same_region,0,0,0,-1.0,8.8,-9.8,-4.9,2.3,8.7,-6.3999999999999995,-3.1999999999999997,1290,5,1
401544975,2023-05-06,Miami Heat,New York Knicks,105,86,2023,19,191,11.0,False,False,9.0,False,False,same_region,0,0,0,6.0,7.8,-1.7999999999999998,-0.8999999999999999,4.0,2.2,1.7999999999999998,0.8999999999999999,1291,5,1
401545233,2023-05-06,Los Angeles Lakers,Golden State Warriors,127,97,2023,30,224,7.0,False,False,5.0,False,False,same_region,0,0,0,1.4,6.0,-4.6,-2.3,4.0,9.3,-5.300000000000001,-2.6500000000000004,1292,5,1
401545114,2023-05-07,Philadelphia 76ers,Boston Celtics,116,115,2023,1,231,1.0,False,False,1.0,False,False,same_region,0,0,0,-5.8,9.6,-15.399999999999999,-7.699999999999999,0.9,8.0,-7.1,-3.55,1293,5,1
401544337,2023-05-07,Phoenix Suns,Denver Nuggets,129,124,2023,5,253,1.0,False,False,1.0,False,False,same_region,0,0,0,-0.6,3.6,-4.2,-2.1,-0.8,7.5,-8.3,-4.15,1294,5,1
401545234,2023-05-08,Los Angeles Lakers,Golden State Warriors,104,101,2023,3,205,1.0,False,False,1.0,False,False,same_region,0,0,0,6.2,-1.4,7.6,3.8,5.9,0.7,5.2,2.6,1295,5,1
401544976,2023-05-08,Miami Heat,New York Knicks,109,101,2023,8,210,1.0,False,False,1.0,False,False,same_region,0,0,0,5.4,0.0,5.4,2.7,4.6,-0.6,5.199999999999999,2.5999999999999996,1296,5,1
401544338,2023-05-09,Denver Nuggets,Phoenix Suns,118,102,2023,16,220,7.0,False,False,7.0,False,False,same_region,0,0,0,3.8,-2.0,5.8,2.9,7.4,1.1,6.300000000000001,3.1500000000000004,1297,5,1
401545115,2023-05-09,Boston Celtics,Philadelphia 76ers,103,115,2023,-12,218,5.0,False,False,5.0,False,False,same_region,0,0,0,9.8,-6.6,16.4,8.2,7.3,3.8,3.5,1.75,1298,5,1
401545235,2023-05-10,Golden State Warriors,Los Angeles Lakers,121,106,2023,15,227,5.0,False,False,5.0,False,False,same_region,0,0,0,1.8,10.2,-8.399999999999999,-4.199999999999999,0.7,5.6,-4.8999999999999995,-2.4499999999999997,1299,5,1
401544977,2023-05-10,New York Knicks,Miami Heat,112,103,2023,9,215,7.0,False,False,7.0,False,False,same_region,0,0,0,-3.4,6.0,-9.4,-4.7,-0.6,6.5,-7.1,-3.55,1300,5,1
401545116,2023-05-11,Philadelphia 76ers,Boston Celtics,86,95,2023,-9,181,3.0,False,False,3.0,False,False,same_region,0,0,0,-5.8,5.8,-11.6,-5.8,4.5,4.8,-0.2999999999999998,-0.1499999999999999,1301,5,1
401544339,2023-05-11,Phoenix Suns,Denver Nuggets,100,125,2023,-25,225,3.0,False,False,3.0,False,False,same_region,0,0,0,-6.4,6.4,-12.8,-6.4,0.0,7.6,-7.6,-3.8,1302,5,1
401545236,2023-05-12,Los Angeles Lakers,Golden State Warriors,122,101,2023,21,223,3.0,False,False,3.0,False,False,same_region,0,0,0,-0.8,0.8,-1.6,-0.8,2.5,3.0,-0.5,-0.25,1303,5,1
401544978,2023-05-12,Miami Heat,New York Knicks,96,92,2023,4,188,3.0,False,False,3.0,False,False,same_region,0,0,0,3.8,-3.8,7.6,3.8,4.5,0.8,3.7,1.85,1304,5,1
401545117,2023-05-14,Boston Celtics,Philadelphia 76ers,112,88,2023,24,200,4.0,False,False,4.0,False,False,same_region,0,0,0,8.4,-8.4,16.8,8.4,4.4,0.7,3.7,1.85,1305,5,1
401547679,2023-05-16,Denver Nuggets,Los Angeles Lakers,132,126,2023,6,258,6.0,False,False,5.0,False,False,same_region,0,0,0,7.8,2.4,5.4,2.7,7.2,5.6,1.6000000000000005,0.8000000000000003,1306,5,1
401547671,2023-05-17,Boston Celtics,Miami Heat,116,123,2023,-7,239,2.0,False,False,6.0,False,False,same_region,0,0,0,6.4,3.2,3.2,1.6,7.6,3.6,3.9999999999999996,1.9999999999999998,1307,5,1
401547682,2023-05-18,Denver Nuggets,Los Angeles Lakers,108,103,2023,5,211,1.0,False,False,1.0,False,False,same_region,0,0,0,7.0,6.6,0.40000000000000036,0.20000000000000018,6.9,4.0,2.9000000000000004,1.4500000000000002,1308,5,1
401547672,2023-05-19,Boston Celtics,Miami Heat,105,111,2023,-6,216,1.0,False,False,1.0,False,False,same_region,0,0,0,2.6,5.8,-3.1999999999999997,-1.5999999999999999,6.1,5.9,0.1999999999999993,0.09999999999999964,1309,5,1
401547683,2023-05-20,Los Angeles Lakers,Denver Nuggets,108,119,2023,-11,227,7.0,False,False,8.0,False,False,same_region,0,0,0,-0.4,9.4,-9.8,-4.9,2.9,6.5,-3.6,-1.8,1310,5,1
401547673,2023-05-21,Miami Heat,Boston Celtics,128,102,2023,26,230,8.0,False,False,9.0,False,False,same_region,0,0,0,3.2,1.6,1.6,0.8,4.3,5.7,-1.4000000000000004,-0.7000000000000002,1311,5,1
401547684,2023-05-22,Los Angeles Lakers,Denver Nuggets,111,113,2023,-2,224,1.0,False,False,1.0,False,False,same_region,0,0,0,-3.2,12.6,-15.8,-7.9,3.5,8.2,-4.699999999999999,-2.3499999999999996,1312,5,1
401547674,2023-05-23,Miami Heat,Boston Celtics,99,116,2023,-17,215,1.0,False,False,1.0,False,False,same_region,0,0,0,6.8,-1.2,8.0,4.0,6.4,2.3,4.1000000000000005,2.0500000000000003,1313,5,1
401547675,2023-05-25,Boston Celtics,Miami Heat,110,97,2023,13,207,5.0,False,False,5.0,False,False,same_region,0,0,0,0.4,5.2,-4.8,-2.4,4.4,4.5,-0.09999999999999964,-0.04999999999999982,1314,5,1
401547676,2023-05-27,Miami Heat,Boston Celtics,103,104,2023,-1,207,3.0,False,False,3.0,False,False,same_region,0,0,0,1.8,-1.8,3.6,1.8,2.5,2.3,0.20000000000000018,0.10000000000000009,1315,5,1
401547678,2023-05-29,Boston Celtics,Miami Heat,84,103,2023,-19,187,3.0,False,False,3.0,False,False,same_region,0,0,0,-0.2,0.2,-0.4,-0.2,1.2,3.0,-1.8,-0.9,1316,5,1
401544846,2023-06-01,Denver Nuggets,Miami Heat,104,93,2023,11,197,13.0,False,False,2.0,False,False,east_to_west,1,1,0,9.8,2.8,7.000000000000001,3.5000000000000004,8.1,3.0,5.1,2.55,1317,6,1
401544847,2023-06-04,Denver Nuggets,Miami Heat,108,111,2023,-3,219,2.0,False,False,2.0,False,False,east_to_west,1,1,0,7.0,-4.6,11.6,5.8,7.4,1.1,6.300000000000001,3.1500000000000004,1318,6,1
401544848,2023-06-07,Miami Heat,Denver Nuggets,94,109,2023,-15,203,10.0,False,False,15.0,False,False,west_to_east,1,0,1,-0.6,5.2,-5.8,-2.9,2.3,6.1,-3.8,-1.9,1319,6,1
401544849,2023-06-09,Miami Heat,Denver Nuggets,95,108,2023,-13,203,1.0,False,False,1.0,False,False,west_to_east,1,0,1,-1.0,7.2,-8.2,-4.1,0.4,8.3,-7.9,-3.95,1320,6,1
401544850,2023-06-12,Denver Nuggets,Miami Heat,94,89,2023,5,183,7.0,False,False,7.0,False,False,east_to_west,1,1,0,7.6,-3.4,11.0,5.5,10.1,-1.6,11.7,5.85,1321,6,1
