game_id,game_date,home_team,away_team,home_pts,away_pts,season,actual_spread,actual_total,home_rest_days,home_back_to_back,home_three_in_four,away_rest_days,away_back_to_back,away_three_in_four,travel_direction,long_travel,east_to_west,west_to_east,home_rolling_5g,away_rolling_5g,rolling_diff_5g,pred_spread_rolling_5g,home_rolling_10g,away_rolling_10g,rolling_diff_10g,pred_spread_rolling_10g,season_game_num,month,is_playoff
401358774,2021-10-19,Los Angeles Lakers,Golden State Warriors,114,121,2022,-7,235,,False,False,,False,False,same_region,0,0,0,,,0.0,0.0,,,0.0,0.0,1,10,0
401358773,2021-10-19,Milwaukee Bucks,Brooklyn Nets,127,104,2022,23,231,,False,False,,False,False,same_region,0,0,0,,,0.0,0.0,,,0.0,0.0,2,10,0
401359835,2021-10-20,Toronto Raptors,Washington Wizards,83,98,2022,-15,181,,False,False,,False,False,same_region,0,0,0,,,0.0,0.0,,,0.0,0.0,3,10,0
401358776,2021-10-20,Phoenix Suns,Denver Nuggets,98,110,2022,-12,208,,False,False,,False,False,same_region,0,0,0,,,0.0,0.0,,,0.0,0.0,4,10,0
401359833,2021-10-20,Charlotte Hornets,Indiana Pacers,123,122,2022,1,245,,False,False,,False,False,same_region,0,0,0,,,0.0,0.0,,,0.0,0.0,5,10,0
401358775,2021-10-20,New York Knicks,Boston Celtics,138,134,2022,4,272,,False,False,,False,False,same_region,0,0,0,,,0.0,0.0,,,0.0,0.0,6,10,0
401359840,2021-10-20,Utah Jazz,Oklahoma City Thunder,107,86,2022,21,193,,False,False,,False,False,same_region,0,0,0,,,0.0,0.0,,,0.0,0.0,7,10,0
401359834,2021-10-20,Detroit Pistons,Chicago Bulls,88,94,2022,-6,182,,False,False,,False,False,same_region,0,0,0,,,0.0,0.0,,,0.0,0.0,8,10,0
401359837,2021-10-20,Minnesota Timberwolves,Houston Rockets,124,106,2022,18,230,,False,False,,False,False,same_region,0,0,0,,,0.0,0.0,,,0.0,0.0,9,10,0
401359836,2021-10-20,Memphis Grizzlies,Cleveland Cavaliers,132,121,2022,11,253,,False,False,,False,False,east_to_west,1,1,0,,,0.0,0.0,,,0.0,0.0,10,10,0
401359838,2021-10-20,New Orleans Pelicans,Philadelphia 76ers,97,117,2022,-20,214,,False,False,,False,False,east_to_west,1,1,0,,,0.0,0.0,,,0.0,0.0,11,10,0
401359839,2021-10-20,San Antonio Spurs,Orlando Magic,123,97,2022,26,220,,False,False,,False,False,east_to_west,1,1,0,,,0.0,0.0,,,0.0,0.0,12,10,0
401359841,2021-10-20,Portland Trail Blazers,Sacramento Kings,121,124,2022,-3,245,,False,False,,False,False,same_region,0,0,0,,,0.0,0.0,,,0.0,0.0,13,10,0
401358778,2021-10-21,Golden State Warriors,LA Clippers,115,113,2022,2,228,,False,False,,False,False,same_region,0,0,0,,,0.0,0.0,,,0.0,0.0,14,10,0
401359842,2021-10-21,Miami Heat,Milwaukee Bucks,137,95,2022,42,232,,False,False,,False,False,same_region,0,0,0,,,0.0,0.0,,,0.0,0.0,15,10,0
401358777,2021-10-21,Atlanta Hawks,Dallas Mavericks,113,87,2022,26,200,,False,False,,False,False,west_to_east,1,0,1,,,0.0,0.0,,,0.0,0.0,16,10,0
401359844,2021-10-22,Orlando Magic,New York Knicks,96,121,2022,-25,217,,False,False,,False,False,same_region,0,0,0,,,0.0,0.0,,,0.0,0.0,17,10,0
401359847,2021-10-22,Chicago Bulls,New Orleans Pelicans,128,112,2022,16,240,,False,False,,False,False,west_to_east,1,0,1,,,0.0,0.0,,,0.0,0.0,18,10,0
401359843,2021-10-22,Cleveland Cavaliers,Charlotte Hornets,112,123,2022,-11,235,,False,False,,False,False,same_region,0,0,0,,,0.0,0.0,,,0.0,0.0,19,10,0
401359845,2021-10-22,Washington Wizards,Indiana Pacers,135,134,2022,1,269,,False,False,1.0,False,False,same_region,0,0,0,,,0.0,0.0,,,0.0,0.0,20,10,0
401358779,2021-10-22,Philadelphia 76ers,Brooklyn Nets,109,114,2022,-5,223,,False,False,2.0,False,False,same_region,0,0,0,,,0.0,0.0,,,0.0,0.0,21,10,0
401359849,2021-10-22,Denver Nuggets,San Antonio Spurs,102,96,2022,6,198,,False,False,,False,False,same_region,0,0,0,,,0.0,0.0,,,0.0,0.0,22,10,0
401359850,2021-10-22,Sacramento Kings,Utah Jazz,101,110,2022,-9,211,,False,False,,False,False,same_region,0,0,0,,,0.0,0.0,,,0.0,0.0,23,10,0
401359846,2021-10-22,Boston Celtics,Toronto Raptors,83,115,2022,-32,198,,False,False,,False,False,same_region,0,0,0,,,0.0,0.0,,,0.0,0.0,24,10,0
401358780,2021-10-22,Los Angeles Lakers,Phoenix Suns,105,115,2022,-10,220,2.0,False,False,,False,False,same_region,0,0,0,,,0.0,0.0,,,0.0,0.0,25,10,0
401359848,2021-10-22,Houston Rockets,Oklahoma City Thunder,124,91,2022,33,215,,False,False,1.0,False,False,same_region,0,0,0,,,0.0,0.0,,,0.0,0.0,26,10,0
401359852,2021-10-23,Indiana Pacers,Miami Heat,102,91,2022,11,193,,False,False,,False,False,same_region,0,0,0,-1.0,,-1.0,-0.5,-1.0,,-1.0,-0.5,27,10,0
401359857,2021-10-23,Portland Trail Blazers,Phoenix Suns,134,105,2022,29,239,2.0,False,False,0.0,True,False,same_region,0,0,0,,-1.0,1.0,0.5,,-1.0,1.0,0.5,28,10,0
401359851,2021-10-23,Cleveland Cavaliers,Atlanta Hawks,101,95,2022,6,196,0.0,True,False,,False,False,same_region,0,0,0,-11.0,,-11.0,-5.5,-11.0,,-11.0,-5.5,29,10,0
401359853,2021-10-23,Toronto Raptors,Dallas Mavericks,95,103,2022,-8,198,2.0,False,False,1.0,False,False,west_to_east,1,0,1,8.5,,8.5,4.25,8.5,,8.5,4.25,30,10,0
401359856,2021-10-23,San Antonio Spurs,Milwaukee Bucks,111,121,2022,-10,232,2.0,False,False,1.0,False,False,east_to_west,1,1,0,10.0,-9.5,19.5,9.75,10.0,-9.5,19.5,9.75,31,10,0
401359858,2021-10-23,LA Clippers,Memphis Grizzlies,114,120,2022,-6,234,,False,False,,False,False,same_region,0,0,0,,,0.0,0.0,,,0.0,0.0,32,10,0
401359854,2021-10-23,Chicago Bulls,Detroit Pistons,97,82,2022,15,179,0.0,True,False,,False,False,same_region,0,0,0,11.0,,11.0,5.5,11.0,,11.0,5.5,33,10,0
401359855,2021-10-23,Minnesota Timberwolves,New Orleans Pelicans,96,89,2022,7,185,2.0,False,False,0.0,True,False,same_region,0,0,0,,-18.0,18.0,9.0,,-18.0,18.0,9.0,34,10,0
401359860,2021-10-24,New York Knicks,Orlando Magic,104,110,2022,-6,214,3.0,False,False,3.0,False,False,same_region,0,0,0,14.5,-25.5,40.0,20.0,14.5,-25.5,40.0,20.0,35,10,0
401359859,2021-10-24,Brooklyn Nets,Charlotte Hornets,95,111,2022,-16,206,,False,False,1.0,False,False,same_region,0,0,0,-9.0,6.0,-15.0,-7.5,-9.0,6.0,-15.0,-7.5,36,10,0
401359864,2021-10-24,Los Angeles Lakers,Memphis Grizzlies,121,118,2022,3,239,1.0,False,False,0.0,True,False,same_region,0,0,0,-8.5,8.5,-17.0,-8.5,-8.5,8.5,-17.0,-8.5,37,10,0
401359863,2021-10-24,Sacramento Kings,Golden State Warriors,107,119,2022,-12,226,1.0,False,False,4.0,False,False,same_region,0,0,0,-3.0,4.5,-7.5,-3.75,-3.0,4.5,-7.5,-3.75,38,10,0
401359862,2021-10-24,Oklahoma City Thunder,Philadelphia 76ers,103,115,2022,-12,218,,False,False,3.0,False,False,east_to_west,1,1,0,-27.0,7.5,-34.5,-17.25,-27.0,7.5,-34.5,-17.25,39,10,0
401359861,2021-10-24,Houston Rockets,Boston Celtics,97,107,2022,-10,204,1.0,False,False,3.0,False,False,east_to_west,1,1,0,7.5,-18.0,25.5,12.75,7.5,-18.0,25.5,12.75,40,10,0
401359865,2021-10-25,Charlotte Hornets,Boston Celtics,129,140,2022,-11,269,4.0,False,False,0.0,True,False,same_region,0,0,0,9.333333333333334,-8.666666666666666,18.0,9.0,9.333333333333334,-8.666666666666666,18.0,9.0,41,10,0
401359866,2021-10-25,Indiana Pacers,Milwaukee Bucks,109,119,2022,-10,228,1.0,False,False,1.0,False,False,same_region,0,0,0,3.0,-3.0,6.0,3.0,3.0,-3.0,6.0,3.0,42,10,0
401359870,2021-10-25,Toronto Raptors,Chicago Bulls,108,111,2022,-3,219,1.0,False,False,4.0,False,False,same_region,0,0,0,3.0,12.333333333333334,-9.333333333333334,-4.666666666666667,3.0,12.333333333333334,-9.333333333333334,-4.666666666666667,43,10,0
401359868,2021-10-25,Brooklyn Nets,Washington Wizards,104,90,2022,14,194,0.0,True,False,4.0,False,False,same_region,0,0,0,-11.333333333333334,8.0,-19.333333333333336,-9.666666666666668,-11.333333333333334,8.0,-19.333333333333336,-9.666666666666668,44,10,0
401359871,2021-10-25,Minnesota Timberwolves,New Orleans Pelicans,98,107,2022,-9,205,1.0,False,False,1.0,False,True,same_region,0,0,0,12.5,-14.333333333333334,26.833333333333336,13.416666666666668,12.5,-14.333333333333334,26.833333333333336,13.416666666666668,45,10,0
401359869,2021-10-25,Miami Heat,Orlando Magic,107,90,2022,17,197,3.0,False,False,0.0,True,False,same_region,0,0,0,15.5,-15.0,30.5,15.25,15.5,-15.0,30.5,15.25,46,10,0
401359872,2021-10-25,Denver Nuggets,Cleveland Cavaliers,87,99,2022,-12,186,2.0,False,False,4.0,False,False,east_to_west,1,1,0,9.0,-5.333333333333333,14.333333333333332,7.166666666666666,9.0,-5.333333333333333,14.333333333333332,7.166666666666666,47,10,0
401359873,2021-10-25,LA Clippers,Portland Trail Blazers,116,86,2022,30,202,1.0,False,False,,False,False,same_region,0,0,0,-4.0,13.0,-17.0,-8.5,-4.0,13.0,-17.0,-8.5,48,10,0
401359867,2021-10-25,Atlanta Hawks,Detroit Pistons,122,104,2022,18,226,3.0,False,False,1.0,False,False,same_region,0,0,0,10.0,-10.5,20.5,10.25,10.0,-10.5,20.5,10.25,49,10,0
401359878,2021-10-26,Utah Jazz,Denver Nuggets,122,110,2022,12,232,5.0,False,False,5.0,False,False,same_region,0,0,0,15.0,2.0,13.0,6.5,15.0,2.0,13.0,6.5,50,10,0
401359877,2021-10-26,San Antonio Spurs,Los Angeles Lakers,121,125,2022,-4,246,2.0,False,False,,False,False,same_region,0,0,0,3.3333333333333335,-4.666666666666667,8.0,4.0,3.3333333333333335,-4.666666666666667,8.0,4.0,51,10,0
401359876,2021-10-26,Dallas Mavericks,Houston Rockets,116,106,2022,10,222,,False,False,5.0,False,False,same_region,0,0,0,-9.0,1.6666666666666667,-10.666666666666666,-5.333333333333333,-9.0,1.6666666666666667,-10.666666666666666,-5.333333333333333,52,10,0
401359875,2021-10-26,Oklahoma City Thunder,Golden State Warriors,98,106,2022,-8,204,1.0,False,False,1.0,False,False,same_region,0,0,0,-22.0,7.0,-29.0,-14.5,-22.0,7.0,-29.0,-14.5,53,10,0
401359874,2021-10-26,New York Knicks,Philadelphia 76ers,112,99,2022,13,211,1.0,False,False,1.0,False,False,same_region,0,0,0,7.666666666666667,9.0,-1.333333333333333,-0.6666666666666665,7.666666666666667,9.0,-1.333333333333333,-0.6666666666666665,54,10,0
401359880,2021-10-27,Boston Celtics,Washington Wizards,107,116,2022,-9,223,4.0,False,False,1.0,False,False,same_region,0,0,0,-3.75,0.6666666666666666,-4.416666666666667,-2.2083333333333335,-3.75,0.6666666666666666,-4.416666666666667,-2.2083333333333335,55,10,0
401359881,2021-10-27,Brooklyn Nets,Miami Heat,93,106,2022,-13,199,1.0,False,True,3.0,False,False,same_region,0,0,0,-5.0,16.0,-21.0,-10.5,-5.0,16.0,-21.0,-10.5,56,10,0
401359882,2021-10-27,Toronto Raptors,Indiana Pacers,118,100,2022,18,218,1.0,False,False,4.0,False,False,same_region,0,0,0,1.5,-0.25,1.75,0.875,1.5,-0.25,1.75,0.875,57,10,0
401359883,2021-10-27,New Orleans Pelicans,Atlanta Hawks,99,102,2022,-3,201,6.0,False,False,3.0,False,False,east_to_west,1,1,0,-8.5,12.666666666666666,-21.166666666666664,-10.583333333333332,-8.5,12.666666666666666,-21.166666666666664,-10.583333333333332,58,10,0
401359879,2021-10-27,Orlando Magic,Charlotte Hornets,111,120,2022,-9,231,4.0,False,False,2.0,False,False,same_region,0,0,0,-15.5,4.25,-19.75,-9.875,-15.5,4.25,-19.75,-9.875,59,10,0
401359885,2021-10-27,Oklahoma City Thunder,Los Angeles Lakers,123,115,2022,8,238,0.0,True,True,0.0,True,False,same_region,0,0,0,-18.5,-2.5,-16.0,-8.0,-18.5,-2.5,-16.0,-8.0,60,10,0
401359886,2021-10-27,Phoenix Suns,Sacramento Kings,107,110,2022,-3,217,6.0,False,False,6.0,False,False,same_region,0,0,0,-10.333333333333334,-6.0,-4.333333333333334,-2.166666666666667,-10.333333333333334,-6.0,-4.333333333333334,-2.166666666666667,61,10,0
401359887,2021-10-27,Portland Trail Blazers,Memphis Grizzlies,116,96,2022,20,212,3.0,False,False,2.0,False,False,same_region,0,0,0,-1.3333333333333333,4.666666666666667,-6.0,-3.0,-1.3333333333333333,4.666666666666667,-6.0,-3.0,62,10,0
401359884,2021-10-27,Milwaukee Bucks,Minnesota Timberwolves,108,113,2022,-5,221,7.0,False,False,,False,False,west_to_east,1,0,1,0.25,5.333333333333333,-5.083333333333333,-2.5416666666666665,0.25,5.333333333333333,-5.083333333333333,-2.5416666666666665,63,10,0
401359888,2021-10-27,LA Clippers,Cleveland Cavaliers,79,92,2022,-13,171,1.0,False,False,1.0,False,False,east_to_west,1,1,0,7.333333333333333,-1.0,8.333333333333332,4.166666666666666,7.333333333333333,-1.0,8.333333333333332,4.166666666666666,64,10,0
401359889,2021-10-28,Philadelphia 76ers,Detroit Pistons,110,102,2022,8,212,5.0,False,False,2.0,False,False,same_region,0,0,0,3.5,-13.0,16.5,8.25,3.5,-13.0,16.5,8.25,65,10,0
401359890,2021-10-28,Washington Wizards,Atlanta Hawks,122,111,2022,11,233,5.0,False,False,0.0,True,False,same_region,0,0,0,2.75,10.25,-7.5,-3.75,2.75,10.25,-7.5,-3.75,66,10,0
401359893,2021-10-28,Dallas Mavericks,San Antonio Spurs,104,99,2022,5,203,1.0,False,False,5.0,False,False,same_region,0,0,0,-2.6666666666666665,1.5,-4.166666666666666,-2.083333333333333,-2.6666666666666665,1.5,-4.166666666666666,-2.083333333333333,67,10,0
401359892,2021-10-28,Houston Rockets,Utah Jazz,91,122,2022,-31,213,3.0,False,False,5.0,False,False,same_region,0,0,0,-1.25,14.0,-15.25,-7.625,-1.25,14.0,-15.25,-7.625,68,10,0
401359894,2021-10-28,Golden State Warriors,Memphis Grizzlies,101,104,2022,-3,205,6.0,False,False,0.0,True,False,same_region,0,0,0,7.25,-1.5,8.75,4.375,7.25,-1.5,8.75,4.375,69,10,0
401359891,2021-10-28,Chicago Bulls,New York Knicks,103,104,2022,-1,207,4.0,False,False,5.0,False,False,same_region,0,0,0,10.0,9.0,1.0,0.5,10.0,9.0,1.0,0.5,70,10,0
401359897,2021-10-29,Miami Heat,Charlotte Hornets,114,99,2022,15,213,3.0,False,False,1.0,False,False,same_region,0,0,0,15.25,5.2,10.05,5.025,15.25,5.2,10.05,5.025,71,10,0
401359899,2021-10-29,Denver Nuggets,Dallas Mavericks,106,75,2022,31,181,3.0,False,False,5.0,False,False,same_region,0,0,0,-1.5,-0.75,-0.75,-0.375,-1.5,-0.75,-0.75,-0.375,72,10,0
401359898,2021-10-29,New Orleans Pelicans,Sacramento Kings,109,113,2022,-4,222,1.0,False,False,1.0,False,False,same_region,0,0,0,-7.4,-3.75,-3.6500000000000004,-1.8250000000000002,-7.4,-3.75,-3.6500000000000004,-1.8250000000000002,73,10,0
401359900,2021-10-29,Portland Trail Blazers,LA Clippers,111,92,2022,19,203,1.0,False,False,7.0,False,False,same_region,0,0,0,4.0,2.25,1.75,0.875,4.0,2.25,1.75,0.875,74,10,0
401359896,2021-10-29,Brooklyn Nets,Indiana Pacers,105,98,2022,7,203,1.0,False,False,1.0,False,False,same_region,0,0,0,-6.6,-3.8,-2.8,-1.4,-6.6,-3.8,-2.8,-1.4,75,10,0
401359895,2021-10-29,Toronto Raptors,Orlando Magic,110,109,2022,1,219,1.0,False,False,3.0,False,False,same_region,0,0,0,4.8,-14.2,19.0,9.5,4.8,-14.2,19.0,9.5,76,10,0
401359901,2021-10-29,Los Angeles Lakers,Cleveland Cavaliers,113,101,2022,12,214,4.0,False,False,1.0,False,False,east_to_west,1,1,0,-3.6,1.8,-5.4,-2.7,-3.6,1.8,-5.4,-2.7,77,10,0
401359903,2021-10-30,Detroit Pistons,Orlando Magic,110,103,2022,7,213,9.0,False,False,0.0,True,False,same_region,0,0,0,-11.75,-9.2,-2.5500000000000007,-1.2750000000000004,-11.75,-12.0,0.25,0.125,78,10,0
401359907,2021-10-30,Chicago Bulls,Utah Jazz,107,99,2022,8,206,1.0,False,False,1.0,False,False,west_to_east,1,0,1,7.8,18.25,-10.45,-5.225,7.8,18.25,-10.45,-5.225,79,10,0
401359906,2021-10-30,Philadelphia 76ers,Atlanta Hawks,122,94,2022,28,216,1.0,False,False,1.0,False,True,same_region,0,0,0,4.4,6.0,-1.5999999999999996,-0.7999999999999998,4.4,6.0,-1.5999999999999996,-0.7999999999999998,80,10,0
401359902,2021-10-30,Washington Wizards,Boston Celtics,115,112,2022,3,227,1.0,False,False,4.0,False,False,same_region,0,0,0,4.4,-4.8,9.2,4.6,4.4,-4.8,9.2,4.6,81,10,0
401359904,2021-10-30,New Orleans Pelicans,New York Knicks,117,123,2022,-6,240,0.0,True,True,1.0,False,False,east_to_west,1,1,0,-4.2,7.4,-11.600000000000001,-5.800000000000001,-6.833333333333333,7.4,-14.233333333333334,-7.116666666666667,82,10,0
401359909,2021-10-30,Milwaukee Bucks,San Antonio Spurs,93,102,2022,-9,195,2.0,False,False,1.0,False,False,west_to_east,1,0,1,-0.8,0.2,-1.0,-0.5,-0.8,0.2,-1.0,-0.5,83,10,0
401359911,2021-10-30,Minnesota Timberwolves,Denver Nuggets,91,93,2022,-2,184,4.0,False,False,3.0,False,False,same_region,0,0,0,5.25,5.0,0.25,0.125,5.25,5.0,0.25,0.125,84,10,0
401359912,2021-10-30,Phoenix Suns,Cleveland Cavaliers,101,92,2022,9,193,2.0,False,False,0.0,True,True,east_to_west,1,1,0,-8.5,1.6,-10.1,-5.05,-8.5,-0.5,-8.0,-4.0,85,10,0
401359908,2021-10-30,Memphis Grizzlies,Miami Heat,103,129,2022,-26,232,9.0,False,False,2.0,False,False,east_to_west,1,1,0,-0.6,15.2,-15.799999999999999,-7.8999999999999995,-0.6,15.2,-15.799999999999999,-7.8999999999999995,86,10,0
401359910,2021-10-30,Golden State Warriors,Oklahoma City Thunder,103,82,2022,21,185,1.0,False,False,7.0,False,False,same_region,0,0,0,5.2,-13.2,18.4,9.2,5.2,-13.2,18.4,9.2,87,10,0
401359905,2021-10-30,Indiana Pacers,Toronto Raptors,94,97,2022,-3,191,4.0,False,False,7.0,False,False,same_region,0,0,0,-5.0,8.0,-13.0,-6.5,-4.333333333333333,4.166666666666667,-8.5,-4.25,88,10,0
401359917,2021-10-31,Los Angeles Lakers,Houston Rockets,95,85,2022,10,180,1.0,False,False,4.0,False,False,same_region,0,0,0,0.2,-7.2,7.4,3.7,-1.0,-7.2,6.2,3.1,89,10,0
401359916,2021-10-31,Brooklyn Nets,Detroit Pistons,117,91,2022,26,208,1.0,False,False,2.0,False,False,same_region,0,0,0,-0.6,-8.0,7.4,3.7,-4.333333333333333,-8.0,3.666666666666667,1.8333333333333335,90,10,0
401359915,2021-10-31,Milwaukee Bucks,Utah Jazz,95,107,2022,-12,202,0.0,True,False,0.0,True,True,west_to_east,1,0,1,-7.2,13.0,-20.2,-10.1,-2.1666666666666665,13.0,-15.166666666666666,-7.583333333333333,91,10,0
401359914,2021-10-31,Charlotte Hornets,Portland Trail Blazers,125,113,2022,12,238,5.0,False,False,5.0,False,False,west_to_east,1,0,1,2.0,7.0,-5.0,-2.5,1.8333333333333333,7.0,-5.166666666666667,-2.5833333333333335,92,10,0
401359913,2021-10-31,Dallas Mavericks,Sacramento Kings,105,99,2022,6,204,2.0,False,False,1.0,False,False,same_region,0,0,0,-6.8,-2.2,-4.6,-2.3,-6.8,-2.2,-4.6,-2.3,93,10,0
401359921,2021-11-01,Atlanta Hawks,Washington Wizards,118,111,2022,7,229,6.0,False,False,4.0,False,False,same_region,0,0,0,-4.8,2.0,-6.8,-3.4,0.3333333333333333,4.166666666666667,-3.8333333333333335,-1.9166666666666667,94,11,0
401359919,2021-11-01,Indiana Pacers,San Antonio Spurs,131,118,2022,13,249,1.0,False,False,1.0,False,False,west_to_east,1,0,1,-5.4,-3.2,-2.2,-1.1,-4.142857142857143,1.6666666666666667,-5.80952380952381,-2.904761904761905,95,11,0
401359920,2021-11-01,Philadelphia 76ers,Portland Trail Blazers,113,103,2022,10,216,1.0,False,False,0.0,True,False,west_to_east,1,0,1,6.0,5.2,0.7999999999999998,0.3999999999999999,8.333333333333334,3.8333333333333335,4.5,2.25,96,11,0
401359925,2021-11-01,Minnesota Timberwolves,Orlando Magic,97,115,2022,-18,212,1.0,False,False,1.0,False,True,east_to_west,1,1,0,3.8,-5.6,9.399999999999999,4.699999999999999,3.8,-11.285714285714286,15.085714285714285,7.542857142857143,97,11,0
401359918,2021-11-01,Charlotte Hornets,Cleveland Cavaliers,110,113,2022,-3,223,0.0,True,False,1.0,False,True,same_region,0,0,0,2.2,2.0,0.20000000000000018,0.10000000000000009,3.2857142857142856,-1.7142857142857142,5.0,2.5,98,11,0
401359923,2021-11-01,New York Knicks,Toronto Raptors,104,113,2022,-9,217,5.0,False,False,1.0,False,False,same_region,0,0,0,7.8,2.2,5.6,2.8,7.166666666666667,4.0,3.166666666666667,1.5833333333333335,99,11,0
401359924,2021-11-01,Memphis Grizzlies,Denver Nuggets,106,97,2022,9,203,1.0,False,False,1.0,False,False,same_region,0,0,0,-8.0,3.0,-11.0,-5.5,-4.833333333333333,4.5,-9.333333333333332,-4.666666666666666,100,11,0
401359922,2021-11-01,Boston Celtics,Chicago Bulls,114,128,2022,-14,242,4.0,False,False,6.0,False,False,same_region,0,0,0,-4.6,8.2,-12.799999999999999,-6.3999999999999995,-4.5,7.833333333333333,-12.333333333333332,-6.166666666666666,101,11,0
401359926,2021-11-01,LA Clippers,Oklahoma City Thunder,99,94,2022,5,193,4.0,False,False,1.0,False,False,same_region,0,0,0,-2.0,-13.2,11.2,5.6,-2.0,-14.5,12.5,6.25,102,11,0
401359927,2021-11-02,Detroit Pistons,Milwaukee Bucks,89,117,2022,-28,206,2.0,False,False,7.0,False,False,same_region,0,0,0,-12.0,-1.2,-10.8,-5.4,-11.0,-3.5714285714285716,-7.428571428571429,-3.7142857142857144,103,11,0
401359928,2021-11-02,Dallas Mavericks,Miami Heat,110,125,2022,-15,235,1.0,False,False,2.0,False,False,east_to_west,1,1,0,-0.4,12.0,-12.4,-6.2,-4.666666666666667,17.0,-21.666666666666668,-10.833333333333334,104,11,0
401359930,2021-11-02,Phoenix Suns,New Orleans Pelicans,112,100,2022,12,212,2.0,False,False,7.0,False,False,same_region,0,0,0,-5.0,-2.2,-2.8,-1.4,-5.0,-6.714285714285714,1.7142857142857144,0.8571428571428572,105,11,0
401359929,2021-11-02,Utah Jazz,Sacramento Kings,119,113,2022,6,232,6.0,False,False,1.0,False,False,same_region,0,0,0,11.2,-4.0,15.2,7.6,12.833333333333334,-2.8333333333333335,15.666666666666668,7.833333333333334,106,11,0
401359931,2021-11-02,Los Angeles Lakers,Houston Rockets,119,117,2022,2,236,1.0,False,False,1.0,False,False,same_region,0,0,0,4.2,-5.6,9.8,4.9,0.5714285714285714,-7.666666666666667,8.238095238095239,4.1190476190476195,107,11,0
401359942,2021-11-03,Sacramento Kings,New Orleans Pelicans,112,99,2022,13,211,9.0,False,False,0.0,True,False,same_region,0,0,0,-3.4,-3.2,-0.19999999999999973,-0.09999999999999987,-3.2857142857142856,-7.375,4.089285714285714,2.044642857142857,108,11,0
401359932,2021-11-03,Cleveland Cavaliers,Portland Trail Blazers,107,104,2022,3,211,10.0,False,False,1.0,False,True,west_to_east,1,0,1,1.4,-2.6,4.0,2.0,-1.125,1.8571428571428572,-2.982142857142857,-1.4910714285714286,109,11,0
401359934,2021-11-03,Orlando Magic,Boston Celtics,79,92,2022,-13,171,6.0,False,False,3.0,False,False,same_region,0,0,0,-3.2,-1.0,-2.2,-1.1,-7.625,-5.857142857142857,-1.7678571428571432,-0.8839285714285716,110,11,0
401359936,2021-11-03,Washington Wizards,Toronto Raptors,100,109,2022,-9,209,3.0,False,False,1.0,False,False,same_region,0,0,0,0.4,5.6,-5.199999999999999,-2.5999999999999996,2.5714285714285716,4.625,-2.0535714285714284,-1.0267857142857142,111,11,0
401359941,2021-11-03,Golden State Warriors,Charlotte Hornets,114,92,2022,22,206,3.0,False,False,4.0,False,False,east_to_west,1,1,0,8.0,-1.6,9.6,4.8,7.833333333333333,2.5,5.333333333333333,2.6666666666666665,112,11,0
401359938,2021-11-03,Memphis Grizzlies,Denver Nuggets,108,106,2022,2,214,1.0,False,False,1.0,False,False,same_region,0,0,0,-7.4,0.0,-7.4,-3.7,-2.857142857142857,2.5714285714285716,-5.428571428571429,-2.7142857142857144,113,11,0
401359939,2021-11-03,Minnesota Timberwolves,LA Clippers,115,126,2022,-11,241,1.0,False,False,4.0,False,False,same_region,0,0,0,-3.4,-0.6,-2.8,-1.4,0.16666666666666666,-0.8333333333333334,1.0,0.5,114,11,0
401359940,2021-11-03,San Antonio Spurs,Dallas Mavericks,108,109,2022,-1,217,7.0,False,False,4.0,False,False,same_region,0,0,0,-4.6,-5.0,0.40000000000000036,0.20000000000000018,-0.42857142857142855,-6.142857142857143,5.714285714285714,2.857142857142857,115,11,0
401359935,2021-11-03,Philadelphia 76ers,Chicago Bulls,103,98,2022,5,201,1.0,False,False,1.0,False,False,same_region,0,0,0,9.0,7.8,1.2000000000000002,0.6000000000000001,8.571428571428571,8.714285714285714,-0.14285714285714235,-0.07142857142857117,116,11,0
401359933,2021-11-03,Indiana Pacers,New York Knicks,111,98,2022,13,209,1.0,False,False,3.0,False,False,same_region,0,0,0,-5.0,1.0,-6.0,-3.0,-2.0,4.857142857142857,-6.857142857142857,-3.4285714285714284,117,11,0
401359937,2021-11-03,Brooklyn Nets,Atlanta Hawks,117,108,2022,9,225,2.0,False,False,3.0,False,False,same_region,0,0,0,3.6,-2.2,5.800000000000001,2.9000000000000004,0.0,1.2857142857142858,-1.2857142857142858,-0.6428571428571429,118,11,0
401359947,2021-11-04,Los Angeles Lakers,Oklahoma City Thunder,104,107,2022,-3,211,1.0,False,False,2.0,False,False,same_region,0,0,0,4.0,-7.6,11.6,5.8,0.75,-13.142857142857142,13.892857142857142,6.946428571428571,119,11,0
401359946,2021-11-04,Phoenix Suns,Houston Rockets,123,111,2022,12,234,1.0,False,False,1.0,False,False,same_region,0,0,0,-0.2,-12.6,12.4,6.2,-2.1666666666666665,-6.857142857142857,4.69047619047619,2.345238095238095,120,11,0
401359945,2021-11-04,Miami Heat,Boston Celtics,78,95,2022,-17,173,5.0,False,False,0.0,True,False,same_region,0,0,0,17.2,-0.4,17.599999999999998,8.799999999999999,16.714285714285715,-3.5,20.214285714285715,10.107142857142858,121,11,0
401359944,2021-11-04,Atlanta Hawks,Utah Jazz,98,116,2022,-18,214,2.0,False,False,3.0,False,False,west_to_east,1,0,1,-7.6,10.6,-18.2,-9.1,0.0,11.857142857142858,-11.857142857142858,-5.928571428571429,122,11,0
401359943,2021-11-04,Detroit Pistons,Philadelphia 76ers,98,109,2022,-11,207,1.0,False,False,8.0,False,False,same_region,0,0,0,-14.6,7.6,-22.2,-11.1,-13.428571428571429,8.125,-21.55357142857143,-10.776785714285715,123,11,0
401359949,2021-11-05,Orlando Magic,San Antonio Spurs,89,102,2022,-13,191,1.0,False,False,3.0,False,False,west_to_east,1,0,1,-2.4,-2.8,0.3999999999999999,0.19999999999999996,-8.222222222222221,-0.5,-7.722222222222221,-3.8611111111111107,124,11,0
401359950,2021-11-05,Washington Wizards,Memphis Grizzlies,115,87,2022,28,202,1.0,False,False,7.0,False,False,west_to_east,1,0,1,1.4,-6.4,7.800000000000001,3.9000000000000004,1.125,-2.25,3.375,1.6875,125,11,0
401359948,2021-11-05,Detroit Pistons,Brooklyn Nets,90,96,2022,-6,186,0.0,True,True,13.0,False,False,same_region,0,0,0,-13.2,8.6,-21.799999999999997,-10.899999999999999,-13.125,1.125,-14.25,-7.125,126,11,0
401359952,2021-11-05,Milwaukee Bucks,New York Knicks,98,113,2022,-15,211,4.0,False,False,1.0,False,False,same_region,0,0,0,2.4,-0.4,2.8,1.4,0.375,2.625,-2.25,-1.125,127,11,0
401359951,2021-11-05,Toronto Raptors,Cleveland Cavaliers,101,102,2022,-1,203,6.0,False,False,3.0,False,False,same_region,0,0,0,8.0,-0.4,8.4,4.2,5.111111111111111,-0.6666666666666666,5.777777777777778,2.888888888888889,128,11,0
401359953,2021-11-05,Minnesota Timberwolves,LA Clippers,84,104,2022,-20,188,1.0,False,False,1.0,False,False,same_region,0,0,0,-7.0,2.8,-9.8,-4.9,-1.4285714285714286,0.8571428571428571,-2.2857142857142856,-1.1428571428571428,129,11,0
401359954,2021-11-05,Golden State Warriors,New Orleans Pelicans,126,85,2022,41,211,1.0,False,False,1.0,False,True,same_region,0,0,0,12.0,-7.6,19.6,9.8,9.857142857142858,-8.0,17.857142857142858,8.928571428571429,130,11,0
401359955,2021-11-05,Portland Trail Blazers,Indiana Pacers,110,106,2022,4,216,6.0,False,False,6.0,False,False,east_to_west,1,1,0,2.8,-0.4,3.1999999999999997,1.5999999999999999,1.25,-0.3333333333333333,1.5833333333333333,0.7916666666666666,131,11,0
401359956,2021-11-05,Sacramento Kings,Charlotte Hornets,140,110,2022,30,250,1.0,False,False,1.0,False,False,east_to_west,1,1,0,1.6,-3.8,5.4,2.7,-1.25,-0.2222222222222222,-1.0277777777777777,-0.5138888888888888,132,11,0
401359962,2021-11-06,Portland Trail Blazers,Los Angeles Lakers,105,90,2022,15,195,0.0,True,False,9.0,False,False,same_region,0,0,0,-0.4,2.6,-3.0,-1.5,1.5555555555555556,0.3333333333333333,1.2222222222222223,0.6111111111111112,133,11,0
401359961,2021-11-06,Phoenix Suns,Atlanta Hawks,121,117,2022,4,238,1.0,False,False,2.0,False,False,east_to_west,1,1,0,0.2,-11.8,12.0,6.0,-0.14285714285714285,-2.0,1.8571428571428572,0.9285714285714286,134,11,0
401359960,2021-11-06,Dallas Mavericks,Boston Celtics,107,104,2022,3,211,3.0,False,False,1.0,False,True,east_to_west,1,1,0,-6.8,0.8,-7.6,-3.8,-5.25,-1.2222222222222223,-4.027777777777778,-2.013888888888889,135,11,0
401359959,2021-11-06,Chicago Bulls,Philadelphia 76ers,105,114,2022,-9,219,6.0,False,False,1.0,False,False,same_region,0,0,0,3.8,12.4,-8.600000000000001,-4.300000000000001,7.0,8.444444444444445,-1.4444444444444446,-0.7222222222222223,136,11,0
401359958,2021-11-06,Miami Heat,Utah Jazz,118,115,2022,3,233,1.0,False,False,1.0,False,False,west_to_east,1,0,1,10.4,11.8,-1.4000000000000004,-0.7000000000000002,12.5,12.625,-0.125,-0.0625,137,11,0
401359957,2021-11-06,Denver Nuggets,Houston Rockets,95,94,2022,1,189,7.0,False,False,1.0,False,False,same_region,0,0,0,2.0,-13.0,15.0,7.5,2.0,-7.5,9.5,4.75,138,11,0
401359966,2021-11-07,Washington Wizards,Milwaukee Bucks,101,94,2022,7,195,1.0,False,False,4.0,False,False,same_region,0,0,0,5.2,-2.6,7.800000000000001,3.9000000000000004,4.111111111111111,-1.3333333333333333,5.444444444444444,2.722222222222222,139,11,0
401359963,2021-11-07,Toronto Raptors,Brooklyn Nets,103,116,2022,-13,219,1.0,False,False,1.0,False,False,same_region,0,0,0,4.2,7.0,-2.8,-1.4,4.5,1.6666666666666667,2.833333333333333,1.4166666666666665,140,11,0
401359964,2021-11-07,New York Knicks,Cleveland Cavaliers,109,126,2022,-17,235,5.0,False,False,1.0,False,False,same_region,0,0,0,0.0,-2.8,2.8,1.4,4.0,-0.5,4.5,2.25,141,11,0
401359965,2021-11-07,Orlando Magic,Utah Jazz,107,100,2022,7,207,1.0,False,False,0.0,True,True,west_to_east,1,0,1,-3.2,5.0,-8.2,-4.1,-8.7,10.88888888888889,-19.58888888888889,-9.794444444444444,142,11,0
401359967,2021-11-07,Sacramento Kings,Indiana Pacers,91,94,2022,-3,185,1.0,False,False,1.0,False,False,east_to_west,1,1,0,7.0,2.4,4.6,2.3,2.2222222222222223,-0.7,2.9222222222222225,1.4611111111111112,143,11,0
401359970,2021-11-07,LA Clippers,Charlotte Hornets,120,106,2022,14,226,5.0,False,False,1.0,False,False,east_to_west,1,1,0,0.8,-11.6,12.4,6.2,3.25,-3.2,6.45,3.225,144,11,0
401359969,2021-11-07,Golden State Warriors,Houston Rockets,120,107,2022,13,227,1.0,False,False,0.0,True,True,same_region,0,0,0,17.8,-11.2,29.0,14.5,13.75,-6.777777777777778,20.52777777777778,10.26388888888889,145,11,0
401359968,2021-11-07,Oklahoma City Thunder,San Antonio Spurs,99,94,2022,5,193,10.0,False,False,1.0,False,False,same_region,0,0,0,-4.6,0.6,-5.199999999999999,-2.5999999999999996,-11.125,1.0,-12.125,-6.0625,146,11,0
401359971,2021-11-08,Philadelphia 76ers,New York Knicks,96,103,2022,-7,199,4.0,False,False,2.0,False,False,same_region,0,0,0,12.6,-3.6,16.2,8.1,8.5,1.9,6.6,3.3,147,11,0
401359973,2021-11-08,Memphis Grizzlies,Minnesota Timberwolves,125,118,2022,7,243,4.0,False,False,11.0,False,False,same_region,0,0,0,-8.0,-9.2,1.1999999999999993,0.5999999999999996,-5.111111111111111,-3.75,-1.3611111111111107,-0.6805555555555554,148,11,0
401359974,2021-11-08,Dallas Mavericks,New Orleans Pelicans,108,92,2022,16,200,1.0,False,False,2.0,False,False,same_region,0,0,0,-7.2,-15.2,7.999999999999999,3.9999999999999996,-4.333333333333333,-11.3,6.966666666666668,3.483333333333334,149,11,0
401359972,2021-11-08,Chicago Bulls,Brooklyn Nets,118,95,2022,23,213,1.0,False,False,0.0,True,True,same_region,0,0,0,1.4,12.2,-10.799999999999999,-5.3999999999999995,5.222222222222222,2.8,2.4222222222222225,1.2111111111111112,150,11,0
401359976,2021-11-08,Golden State Warriors,Atlanta Hawks,127,113,2022,14,240,0.0,True,True,1.0,False,False,east_to_west,1,1,0,18.8,-10.4,29.200000000000003,14.600000000000001,13.666666666666666,-2.2,15.866666666666667,7.933333333333334,151,11,0
401359977,2021-11-08,Sacramento Kings,Phoenix Suns,104,109,2022,-5,213,0.0,True,True,15.0,False,False,same_region,0,0,0,5.6,6.8,-1.2000000000000002,-0.6000000000000001,1.7,0.375,1.325,0.6625,152,11,0
401359978,2021-11-08,Los Angeles Lakers,Charlotte Hornets,126,123,2022,3,249,3.0,False,False,0.0,True,True,east_to_west,1,1,0,1.2,-11.4,12.6,6.3,-1.2,-4.7,3.5,1.75,153,11,0
401359975,2021-11-08,Denver Nuggets,Miami Heat,113,96,2022,17,209,1.0,False,False,5.0,False,False,east_to_west,1,1,0,4.6,8.4,-3.8000000000000007,-1.9000000000000004,1.8888888888888888,11.444444444444445,-9.555555555555555,-4.777777777777778,154,11,0
401359981,2021-11-09,LA Clippers,Portland Trail Blazers,117,109,2022,8,226,1.0,False,False,5.0,False,False,same_region,0,0,0,6.2,-1.2,7.4,3.7,4.444444444444445,2.9,1.5444444444444447,0.7722222222222224,155,11,0
401359980,2021-11-09,Utah Jazz,Atlanta Hawks,110,98,2022,12,208,6.0,False,False,0.0,True,True,east_to_west,1,1,0,5.2,-7.6,12.8,6.4,9.1,-6.2,15.3,7.65,156,11,0
401359979,2021-11-09,Philadelphia 76ers,Milwaukee Bucks,109,118,2022,-9,227,0.0,True,False,1.0,False,False,same_region,0,0,0,5.6,-3.0,8.6,4.3,5.8,-1.9,7.699999999999999,3.8499999999999996,157,11,0
401359982,2021-11-10,Cleveland Cavaliers,Washington Wizards,94,97,2022,-3,191,6.0,False,False,8.0,False,False,same_region,0,0,0,3.0,4.4,-1.4000000000000004,-0.7000000000000002,2.3,4.4,-2.1000000000000005,-1.0500000000000003,158,11,0
401359983,2021-11-10,Orlando Magic,Brooklyn Nets,90,123,2022,-33,213,2.0,False,False,1.0,False,True,same_region,0,0,0,-1.6,6.2,-7.800000000000001,-3.9000000000000004,-5.4,2.8,-8.2,-4.1,159,11,0
401359987,2021-11-10,Chicago Bulls,Dallas Mavericks,117,107,2022,10,224,1.0,False,False,6.0,False,False,west_to_east,1,0,1,6.2,2.2,4.0,2.0,7.0,-2.3,9.3,4.65,160,11,0
401359985,2021-11-10,New York Knicks,Milwaukee Bucks,100,112,2022,-12,212,2.0,False,False,0.0,True,True,same_region,0,0,0,-3.4,0.6,-4.0,-2.0,2.2,-3.3,5.5,2.75,161,11,0
401359984,2021-11-10,Boston Celtics,Toronto Raptors,104,88,2022,16,192,8.0,False,False,6.0,False,False,same_region,0,0,0,2.0,1.4,0.6000000000000001,0.30000000000000004,-1.4,4.7,-6.1,-3.05,162,11,0
401359993,2021-11-10,Golden State Warriors,Minnesota Timberwolves,123,110,2022,13,233,1.0,False,True,1.0,False,False,same_region,0,0,0,22.2,-11.6,33.8,16.9,13.7,-4.111111111111111,17.81111111111111,8.905555555555555,163,11,0
401359986,2021-11-10,Houston Rockets,Detroit Pistons,104,112,2022,-8,216,12.0,False,False,9.0,False,False,east_to_west,1,1,0,-7.6,-12.8,5.200000000000001,2.6000000000000005,-7.4,-12.333333333333334,4.933333333333334,2.466666666666667,164,11,0
401359994,2021-11-10,Los Angeles Lakers,Miami Heat,120,117,2022,3,237,1.0,False,False,1.0,False,False,east_to_west,1,1,0,-0.6,2.0,-2.6,-1.3,-0.2,8.6,-8.799999999999999,-4.3999999999999995,165,11,0
401359991,2021-11-10,Denver Nuggets,Indiana Pacers,101,98,2022,3,199,1.0,False,False,2.0,False,False,east_to_west,1,1,0,1.8,4.4,-2.6000000000000005,-1.3000000000000003,3.4,-0.3,3.6999999999999997,1.8499999999999999,166,11,0
401359992,2021-11-10,Phoenix Suns,Portland Trail Blazers,119,109,2022,10,228,3.0,False,False,0.0,True,False,same_region,0,0,0,8.4,-0.4,8.8,4.4,0.8888888888888888,2.4,-1.511111111111111,-0.7555555555555555,167,11,0
401359989,2021-11-10,New Orleans Pelicans,Oklahoma City Thunder,100,108,2022,-8,208,10.0,False,False,5.0,False,False,same_region,0,0,0,-17.6,-2.0,-15.600000000000001,-7.800000000000001,-10.9,-9.333333333333334,-1.5666666666666664,-0.7833333333333332,168,11,0
401359990,2021-11-10,San Antonio Spurs,Sacramento Kings,136,117,2022,19,253,6.0,False,False,7.0,False,False,same_region,0,0,0,0.6,5.8,-5.2,-2.6,0.4,0.9,-0.5,-0.25,169,11,0
401359988,2021-11-10,Memphis Grizzlies,Charlotte Hornets,108,118,2022,-10,226,1.0,False,False,1.0,False,True,east_to_west,1,1,0,-7.2,-14.4,7.2,3.6,-3.9,-6.1,2.1999999999999997,1.0999999999999999,170,11,0
401359997,2021-11-11,LA Clippers,Miami Heat,112,109,2022,3,221,1.0,False,False,0.0,True,True,east_to_west,1,1,0,11.6,-3.8,15.399999999999999,7.699999999999999,4.8,4.1,0.7000000000000002,0.3500000000000001,171,11,0
401359996,2021-11-11,Utah Jazz,Indiana Pacers,100,111,2022,-11,211,1.0,False,False,0.0,True,False,east_to_west,1,1,0,5.2,4.4,0.7999999999999998,0.3999999999999999,8.2,-0.5,8.7,4.35,172,11,0
401359995,2021-11-11,Philadelphia 76ers,Toronto Raptors,109,115,2022,-6,224,1.0,False,True,0.0,True,False,same_region,0,0,0,1.8,-2.4,4.2,2.1,5.4,-0.1,5.5,2.75,173,11,0
401360004,2021-11-12,Oklahoma City Thunder,Sacramento Kings,105,103,2022,2,208,4.0,False,False,1.0,False,False,same_region,0,0,0,-2.0,3.2,-5.2,-2.6,-7.6,-0.1,-7.5,-3.75,174,11,0
401359999,2021-11-12,Boston Celtics,Milwaukee Bucks,122,113,2022,9,235,1.0,False,False,1.0,False,True,same_region,0,0,0,5.8,5.4,0.39999999999999947,0.19999999999999973,0.6,2.1,-1.5,-0.75,175,11,0
401360000,2021-11-12,Cleveland Cavaliers,Detroit Pistons,98,78,2022,20,176,1.0,False,False,1.0,False,False,same_region,0,0,0,4.2,-12.6,16.8,8.4,3.1,-10.3,13.4,6.7,176,11,0
401360001,2021-11-12,Houston Rockets,Portland Trail Blazers,92,104,2022,-12,196,1.0,False,False,1.0,False,True,same_region,0,0,0,-7.2,-0.4,-6.8,-3.4,-6.4,-1.5,-4.9,-2.45,177,11,0
401360002,2021-11-12,Memphis Grizzlies,Phoenix Suns,94,119,2022,-25,213,1.0,False,False,3.0,False,False,same_region,0,0,0,-4.0,8.6,-12.6,-6.3,-6.0,1.8,-7.8,-3.9,178,11,0
401360005,2021-11-12,San Antonio Spurs,Dallas Mavericks,109,123,2022,-14,232,1.0,False,False,1.0,False,False,same_region,0,0,0,2.6,-1.0,3.6,1.8,-0.3,-0.7,0.39999999999999997,0.19999999999999998,179,11,0
401360006,2021-11-12,Denver Nuggets,Atlanta Hawks,105,96,2022,9,201,1.0,False,False,2.0,False,False,east_to_west,1,1,0,2.0,-11.4,13.4,6.7,2.5,-6.8,9.3,4.65,180,11,0
401360007,2021-11-12,Golden State Warriors,Chicago Bulls,119,93,2022,26,212,1.0,False,False,8.0,False,False,east_to_west,1,1,0,20.6,6.6,14.000000000000002,7.000000000000001,14.3,7.4,6.9,3.45,181,11,0
401360008,2021-11-12,Los Angeles Lakers,Minnesota Timberwolves,83,107,2022,-24,190,1.0,False,False,1.0,False,False,same_region,0,0,0,-2.0,-13.8,11.8,5.9,1.1,-5.0,6.1,3.05,182,11,0
401360003,2021-11-12,New Orleans Pelicans,Brooklyn Nets,112,120,2022,-8,232,1.0,False,False,1.0,False,False,east_to_west,1,1,0,-18.0,7.6,-25.6,-12.8,-10.1,5.6,-15.7,-7.85,183,11,0
401359998,2021-11-12,Charlotte Hornets,New York Knicks,104,96,2022,8,200,10.0,False,False,3.0,False,False,same_region,0,0,0,-11.8,-4.0,-7.800000000000001,-3.9000000000000004,-6.7,-1.5,-5.2,-2.6,184,11,0
401360014,2021-11-13,Cleveland Cavaliers,Boston Celtics,91,89,2022,2,180,0.0,True,True,6.0,False,False,same_region,0,0,0,7.6,10.4,-2.8000000000000007,-1.4000000000000004,4.5,4.7,-0.20000000000000018,-0.10000000000000009,185,11,0
401360012,2021-11-13,New Orleans Pelicans,Memphis Grizzlies,112,101,2022,11,213,0.0,True,True,7.0,False,False,same_region,0,0,0,-17.2,-10.8,-6.399999999999999,-3.1999999999999993,-10.2,-9.1,-1.0999999999999996,-0.5499999999999998,186,11,0
401360013,2021-11-13,Toronto Raptors,Detroit Pistons,121,127,2022,-6,248,5.0,False,False,0.0,True,True,same_region,0,0,0,-3.0,-11.4,8.4,4.2,1.3,-11.7,13.0,6.5,187,11,0
401360010,2021-11-13,Indiana Pacers,Philadelphia 76ers,118,113,2022,5,231,9.0,False,False,6.0,False,False,same_region,0,0,0,4.0,-0.4,4.4,2.2,-0.5,3.6,-4.1,-2.05,188,11,0
401360011,2021-11-13,Orlando Magic,Washington Wizards,92,104,2022,-12,196,2.0,False,False,2.0,False,False,same_region,0,0,0,-6.8,4.4,-11.2,-5.6,-6.2,3.2,-9.4,-4.7,189,11,0
401360009,2021-11-13,Utah Jazz,Miami Heat,105,111,2022,-6,216,1.0,False,False,1.0,False,True,east_to_west,1,1,0,1.8,-7.4,9.200000000000001,4.6000000000000005,6.2,4.9,1.2999999999999998,0.6499999999999999,190,11,0
401360015,2021-11-13,LA Clippers,Minnesota Timberwolves,129,102,2022,27,231,1.0,False,False,0.0,True,True,same_region,0,0,0,11.2,-5.4,16.6,8.3,5.3,-4.4,9.7,4.85,191,11,0
401360016,2021-11-14,Los Angeles Lakers,San Antonio Spurs,114,106,2022,8,220,1.0,False,False,6.0,False,False,same_region,0,0,0,-7.2,2.4,-9.6,-4.8,-1.6,-1.1,-0.5,-0.25,192,11,0
401360017,2021-11-14,Atlanta Hawks,Milwaukee Bucks,120,100,2022,20,220,9.0,False,False,1.0,False,False,same_region,0,0,0,-11.4,-2.0,-9.4,-4.7,-9.5,0.2,-9.7,-4.85,193,11,0
401360018,2021-11-14,Charlotte Hornets,Golden State Warriors,106,102,2022,4,208,1.0,False,False,18.0,False,False,west_to_east,1,0,1,-5.8,21.4,-27.2,-13.6,-4.8,16.7,-21.5,-10.75,194,11,0
401360022,2021-11-14,LA Clippers,Chicago Bulls,90,100,2022,-10,190,0.0,True,True,1.0,False,False,east_to_west,1,1,0,14.4,-1.4,15.8,7.9,8.6,3.2,5.3999999999999995,2.6999999999999997,195,11,0
401360020,2021-11-14,Oklahoma City Thunder,Brooklyn Nets,96,120,2022,-24,216,1.0,False,False,1.0,False,False,east_to_west,1,1,0,2.6,7.4,-4.800000000000001,-2.4000000000000004,-5.3,8.0,-13.3,-6.65,196,11,0
401360021,2021-11-14,Denver Nuggets,Portland Trail Blazers,124,95,2022,29,219,1.0,False,False,1.0,False,False,same_region,0,0,0,5.6,2.6,2.9999999999999996,1.4999999999999998,2.8,2.7,0.09999999999999964,0.04999999999999982,197,11,0
401360019,2021-11-14,Houston Rockets,Phoenix Suns,89,115,2022,-26,204,1.0,False,False,1.0,False,False,same_region,0,0,0,-9.2,11.2,-20.4,-10.2,-10.9,5.5,-16.4,-8.2,198,11,0
401360027,2021-11-15,New York Knicks,Indiana Pacers,92,84,2022,8,176,4.0,False,False,3.0,False,False,same_region,0,0,0,-3.0,2.4,-5.4,-2.7,-1.7,1.0,-2.7,-1.35,199,11,0
401360023,2021-11-15,Cleveland Cavaliers,Boston Celtics,92,98,2022,-6,190,1.0,False,True,1.0,False,False,same_region,0,0,0,7.4,7.4,0.0,0.0,3.5,3.5,0.0,0.0,200,11,0
401360026,2021-11-15,Atlanta Hawks,Orlando Magic,129,111,2022,18,240,0.0,True,False,13.0,False,False,same_region,0,0,0,-3.8,-12.8,9.0,4.5,-7.8,-8.0,0.20000000000000018,0.10000000000000009,201,11,0
401360025,2021-11-15,Washington Wizards,New Orleans Pelicans,105,100,2022,5,205,7.0,False,False,6.0,False,False,west_to_east,1,0,1,8.2,-12.4,20.6,10.3,4.3,-10.0,14.3,7.15,202,11,0
401360024,2021-11-15,Detroit Pistons,Sacramento Kings,107,129,2022,-22,236,9.0,False,False,2.0,False,False,west_to_east,1,0,1,-4.6,0.2,-4.8,-2.4,-9.6,0.9,-10.5,-5.25,203,11,0
401360029,2021-11-15,Memphis Grizzlies,Houston Rockets,136,102,2022,34,238,2.0,False,False,7.0,False,False,same_region,0,0,0,-13.4,-12.0,-1.4000000000000004,-0.7000000000000002,-9.9,-12.5,2.5999999999999996,1.2999999999999998,204,11,0
401360028,2021-11-15,Dallas Mavericks,Denver Nuggets,111,101,2022,10,212,6.0,False,False,11.0,False,False,same_region,0,0,0,4.8,11.8,-7.000000000000001,-3.5000000000000004,-0.1,6.9,-7.0,-3.5,205,11,0
401360033,2021-11-15,Los Angeles Lakers,Chicago Bulls,103,121,2022,-18,224,0.0,True,True,0.0,True,True,east_to_west,1,1,0,-5.0,1.6,-6.6,-3.3,-1.2,2.7,-3.9000000000000004,-1.9500000000000002,206,11,0
401360031,2021-11-15,Oklahoma City Thunder,Miami Heat,90,103,2022,-13,193,0.0,True,True,1.0,False,False,east_to_west,1,1,0,-1.2,-2.8,1.5999999999999999,0.7999999999999999,-4.4,3.8,-8.2,-4.1,207,11,0
401360032,2021-11-15,Portland Trail Blazers,Toronto Raptors,118,113,2022,5,231,8.0,False,False,3.0,False,False,east_to_west,1,1,0,-4.0,-6.0,2.0,1.0,-2.2,1.0,-3.2,-1.6,208,11,0
401360030,2021-11-15,Minnesota Timberwolves,Phoenix Suns,96,99,2022,-3,195,9.0,False,False,0.0,True,True,same_region,0,0,0,-8.6,14.0,-22.6,-11.3,-7.8,7.1,-14.899999999999999,-7.449999999999999,209,11,0
401360036,2021-11-16,LA Clippers,San Antonio Spurs,106,92,2022,14,198,1.0,False,True,1.0,False,False,same_region,0,0,0,8.4,1.0,7.4,3.7,4.6,-0.9,5.5,2.75,210,11,0
401360035,2021-11-16,Utah Jazz,Philadelphia 76ers,120,85,2022,35,205,2.0,False,False,2.0,False,False,east_to_west,1,1,0,-3.0,-3.6,0.6000000000000001,0.30000000000000004,4.4,4.4,0.0,0.0,211,11,0
401360034,2021-11-16,Brooklyn Nets,Golden State Warriors,99,117,2022,-18,216,12.0,False,False,1.0,False,False,west_to_east,1,0,1,11.0,12.4,-1.4000000000000004,-0.7000000000000002,9.0,15.1,-6.1,-3.05,212,11,0
401360037,2021-11-17,Charlotte Hornets,Washington Wizards,97,87,2022,10,184,2.0,False,False,3.0,False,False,same_region,0,0,0,1.0,11.0,-10.0,-5.0,-5.3,6.2,-11.5,-5.75,213,11,0
401360039,2021-11-17,Atlanta Hawks,Boston Celtics,110,99,2022,11,209,1.0,False,True,1.0,False,False,same_region,0,0,0,0.6,5.2,-4.6000000000000005,-2.3000000000000003,-4.9,3.0,-7.9,-3.95,214,11,0
401360040,2021-11-17,Brooklyn Nets,Cleveland Cavaliers,109,99,2022,10,208,0.0,True,False,9.0,False,False,same_region,0,0,0,4.8,6.0,-1.2000000000000002,-0.6000000000000001,8.5,1.6,6.9,3.45,215,11,0
401360043,2021-11-17,Milwaukee Bucks,Los Angeles Lakers,109,102,2022,7,211,11.0,False,False,10.0,False,False,west_to_east,1,0,1,-3.0,-5.6,2.5999999999999996,1.2999999999999998,-2.8,-2.2,-0.5999999999999996,-0.2999999999999998,216,11,0
401360044,2021-11-17,Minnesota Timberwolves,Sacramento Kings,107,97,2022,10,204,1.0,False,False,1.0,False,False,same_region,0,0,0,-5.2,-1.4,-3.8000000000000003,-1.9000000000000001,-7.2,2.8,-10.0,-5.0,217,11,0
401360045,2021-11-17,Oklahoma City Thunder,Houston Rockets,101,89,2022,12,190,1.0,False,True,1.0,False,False,same_region,0,0,0,-4.4,-18.6,14.200000000000001,7.1000000000000005,-4.5,-14.9,10.4,5.2,218,11,0
401360042,2021-11-17,New York Knicks,Orlando Magic,98,104,2022,-6,202,1.0,False,False,1.0,False,False,same_region,0,0,0,-4.4,-13.8,9.4,4.7,-2.2,-8.1,5.8999999999999995,2.9499999999999997,219,11,0
401360046,2021-11-17,Phoenix Suns,Dallas Mavericks,105,98,2022,7,203,6.0,False,False,4.0,False,False,same_region,0,0,0,13.8,6.6,7.200000000000001,3.6000000000000005,10.3,-0.1,10.4,5.2,220,11,0
401360047,2021-11-17,Portland Trail Blazers,Chicago Bulls,112,107,2022,5,219,1.0,False,False,1.0,False,True,east_to_west,1,1,0,-6.0,7.0,-13.0,-6.5,-3.6,4.2,-7.800000000000001,-3.9000000000000004,221,11,0
401360041,2021-11-17,Miami Heat,New Orleans Pelicans,113,98,2022,15,211,10.0,False,False,1.0,False,False,west_to_east,1,0,1,-0.8,-5.2,4.4,2.2,3.8,-10.2,14.0,7.0,222,11,0
401360038,2021-11-17,Detroit Pistons,Indiana Pacers,97,89,2022,8,186,1.0,False,False,1.0,False,False,same_region,0,0,0,-6.8,1.6,-8.4,-4.2,-10.0,2.0,-12.0,-6.0,223,11,0
401360049,2021-11-18,Miami Heat,Washington Wizards,112,97,2022,15,209,0.0,True,False,0.0,True,False,same_region,0,0,0,5.6,3.4,2.1999999999999997,1.0999999999999999,3.8,4.3,-0.5,-0.25,224,11,0
401360048,2021-11-18,Cleveland Cavaliers,Golden State Warriors,89,104,2022,-15,193,2.0,False,False,1.0,False,False,west_to_east,1,0,1,0.6,13.4,-12.8,-6.4,1.8,16.1,-14.3,-7.15,225,11,0
401360050,2021-11-18,Memphis Grizzlies,LA Clippers,120,108,2022,12,228,2.0,False,False,12.0,False,False,same_region,0,0,0,-1.0,8.4,-9.4,-4.7,-4.5,7.3,-11.8,-5.9,226,11,0
401360052,2021-11-18,Denver Nuggets,Philadelphia 76ers,89,103,2022,-14,192,3.0,False,False,1.0,False,False,east_to_west,1,1,0,9.6,-12.4,22.0,11.0,7.1,0.1,7.0,3.5,227,11,0
401360053,2021-11-18,Utah Jazz,Toronto Raptors,119,103,2022,16,222,1.0,False,False,2.0,False,False,east_to_west,1,1,0,4.6,-6.8,11.399999999999999,5.699999999999999,4.8,-1.3,6.1,3.05,228,11,0
401360051,2021-11-18,Minnesota Timberwolves,San Antonio Spurs,115,90,2022,25,205,0.0,True,True,1.0,False,False,same_region,0,0,0,-1.8,-4.4,2.6000000000000005,1.3000000000000003,-6.7,-1.9,-4.800000000000001,-2.4000000000000004,229,11,0
401360054,2021-11-19,Charlotte Hornets,Indiana Pacers,121,118,2022,3,239,1.0,False,False,1.0,False,False,same_region,0,0,0,5.8,-0.6,6.3999999999999995,3.1999999999999997,-2.8,1.9,-4.699999999999999,-2.3499999999999996,230,11,0
401360062,2021-11-19,Sacramento Kings,Toronto Raptors,89,108,2022,-19,197,10.0,False,False,0.0,True,False,east_to_west,1,1,0,-2.8,-7.4,4.6000000000000005,2.3000000000000003,1.4,-3.0,4.4,2.2,231,11,0
401360061,2021-11-19,Phoenix Suns,Dallas Mavericks,112,104,2022,8,216,1.0,False,False,1.0,False,False,same_region,0,0,0,14.2,4.6,9.6,4.8,11.3,-1.3,12.600000000000001,6.300000000000001,232,11,0
401360060,2021-11-19,Denver Nuggets,Chicago Bulls,108,114,2022,-6,222,0.0,True,False,1.0,False,False,east_to_west,1,1,0,3.4,1.4,2.0,1.0,2.6,3.8,-1.1999999999999997,-0.5999999999999999,233,11,0
401360059,2021-11-19,New Orleans Pelicans,LA Clippers,94,81,2022,13,175,5.0,False,False,0.0,True,False,same_region,0,0,0,-5.0,4.4,-9.4,-4.7,-11.3,8.0,-19.3,-9.65,234,11,0
401360058,2021-11-19,Milwaukee Bucks,Oklahoma City Thunder,96,89,2022,7,185,1.0,False,False,8.0,False,False,west_to_east,1,0,1,-0.2,-3.0,2.8,1.4,-1.6,-2.5,0.8999999999999999,0.44999999999999996,235,11,0
401360057,2021-11-19,Brooklyn Nets,Orlando Magic,115,113,2022,2,228,1.0,False,True,1.0,False,False,same_region,0,0,0,11.4,-10.0,21.4,10.7,8.8,-6.6,15.4,7.7,236,11,0
401360056,2021-11-19,Boston Celtics,Los Angeles Lakers,130,108,2022,22,238,6.0,False,False,1.0,False,False,west_to_east,1,0,1,3.6,-7.6,11.2,5.6,2.8,-4.1,6.8999999999999995,3.4499999999999997,237,11,0
401360055,2021-11-19,Detroit Pistons,Golden State Warriors,102,105,2022,-3,207,1.0,False,False,0.0,True,True,west_to_east,1,0,1,-4.0,13.6,-17.6,-8.8,-8.4,17.9,-26.299999999999997,-13.149999999999999,238,11,0
401360066,2021-11-20,Atlanta Hawks,Charlotte Hornets,115,105,2022,10,220,2.0,False,False,9.0,False,False,same_region,0,0,0,5.6,7.0,-1.4000000000000004,-0.7000000000000002,-1.0,-3.7,2.7,1.35,239,11,0
401360063,2021-11-20,New York Knicks,Houston Rockets,106,99,2022,7,205,2.0,False,False,2.0,False,False,west_to_east,1,0,1,-2.2,-18.4,16.2,8.1,-2.9,-13.0,10.1,5.05,240,11,0
401360068,2021-11-20,Milwaukee Bucks,Orlando Magic,117,108,2022,9,225,0.0,True,True,0.0,True,True,same_region,0,0,0,-0.6,-11.8,11.200000000000001,5.6000000000000005,0.0,-6.7,6.7,3.35,241,11,0
401360071,2021-11-20,Sacramento Kings,Utah Jazz,105,123,2022,-18,228,0.0,True,False,12.0,False,False,same_region,0,0,0,-5.6,9.2,-14.799999999999999,-7.3999999999999995,0.1,7.2,-7.1000000000000005,-3.5500000000000003,242,11,0
401360067,2021-11-20,Boston Celtics,Oklahoma City Thunder,111,105,2022,6,216,0.0,True,False,0.0,True,False,west_to_east,1,0,1,4.8,-6.0,10.8,5.4,5.3,-4.0,9.3,4.65,243,11,0
401360069,2021-11-20,Minnesota Timberwolves,Memphis Grizzlies,138,95,2022,43,233,1.0,False,True,6.0,False,False,same_region,0,0,0,5.8,0.0,5.8,2.9,-4.0,-3.6,-0.3999999999999999,-0.19999999999999996,244,11,0
401360070,2021-11-20,Portland Trail Blazers,Philadelphia 76ers,118,111,2022,7,229,2.0,False,False,1.0,False,False,east_to_west,1,1,0,-3.4,-8.2,4.799999999999999,2.3999999999999995,-1.9,-1.3,-0.5999999999999999,-0.29999999999999993,245,11,0
401360065,2021-11-20,Washington Wizards,Miami Heat,103,100,2022,3,203,4.0,False,False,4.0,False,False,same_region,0,0,0,-1.0,9.2,-10.2,-5.1,1.7,2.7,-1.0000000000000002,-0.5000000000000001,246,11,0
401360064,2021-11-20,Indiana Pacers,New Orleans Pelicans,111,94,2022,17,205,6.0,False,False,2.0,False,False,west_to_east,1,0,1,-0.6,-0.8,0.20000000000000007,0.10000000000000003,1.9,-9.4,11.3,5.65,247,11,0
401360076,2021-11-21,Golden State Warriors,Toronto Raptors,119,104,2022,15,223,8.0,False,False,1.0,False,True,east_to_west,1,1,0,11.6,-0.4,12.0,6.0,16.1,-1.4,17.5,8.75,248,11,0
401360075,2021-11-21,Phoenix Suns,Denver Nuggets,126,97,2022,29,223,1.0,False,False,5.0,False,False,same_region,0,0,0,13.8,1.6,12.200000000000001,6.1000000000000005,11.2,1.8,9.399999999999999,4.699999999999999,249,11,0
401360074,2021-11-21,Chicago Bulls,New York Knicks,109,103,2022,6,212,10.0,False,False,8.0,False,False,same_region,0,0,0,0.6,-2.2,2.8000000000000003,1.4000000000000001,3.6,-2.8,6.4,3.2,250,11,0
401360073,2021-11-21,Detroit Pistons,Los Angeles Lakers,116,121,2022,-5,237,1.0,False,False,1.0,False,False,west_to_east,1,0,1,-6.2,-12.6,6.3999999999999995,3.1999999999999997,-9.4,-7.3,-2.1000000000000005,-1.0500000000000003,251,11,0
401360072,2021-11-21,LA Clippers,Dallas Mavericks,97,91,2022,6,188,4.0,False,False,1.0,False,False,same_region,0,0,0,1.2,-0.2,1.4,0.7,6.2,1.0,5.2,2.6,252,11,0
401360084,2021-11-22,San Antonio Spurs,Phoenix Suns,111,115,2022,-4,226,9.0,False,False,6.0,False,False,same_region,0,0,0,-8.4,14.6,-23.0,-11.5,-3.9,12.9,-16.8,-8.4,253,11,0
401360078,2021-11-22,Washington Wizards,Charlotte Hornets,103,109,2022,-6,212,1.0,False,False,1.0,False,False,same_region,0,0,0,-1.0,3.0,-4.0,-2.0,1.7,-4.4,6.1000000000000005,3.0500000000000003,254,11,0
401360079,2021-11-22,Atlanta Hawks,Oklahoma City Thunder,113,101,2022,12,214,1.0,False,False,1.0,False,True,west_to_east,1,0,1,10.0,-7.6,17.6,8.8,-0.7,-2.5,1.8,0.9,255,11,0
401360080,2021-11-22,Boston Celtics,Houston Rockets,108,90,2022,18,198,1.0,False,True,1.0,False,False,west_to_east,1,0,1,4.2,-18.2,22.4,11.2,7.3,-12.7,20.0,10.0,256,11,0
401360077,2021-11-22,Cleveland Cavaliers,Brooklyn Nets,112,117,2022,-5,229,3.0,False,False,7.0,False,False,same_region,0,0,0,-1.8,5.2,-7.0,-3.5,1.2,6.4,-5.2,-2.6,257,11,0
401360082,2021-11-22,Milwaukee Bucks,Orlando Magic,123,92,2022,31,215,1.0,False,True,1.0,False,True,same_region,0,0,0,-1.2,-7.0,5.8,2.9,2.1,-6.9,9.0,4.5,258,11,0
401360083,2021-11-22,New Orleans Pelicans,Minnesota Timberwolves,96,110,2022,-14,206,2.0,False,False,8.0,False,False,same_region,0,0,0,-2.6,9.6,-12.2,-6.1,-9.9,2.1,-12.0,-6.0,259,11,0
401360085,2021-11-22,Utah Jazz,Memphis Grizzlies,118,119,2022,-1,237,3.0,False,False,1.0,False,False,same_region,0,0,0,10.4,-6.6,17.0,8.5,7.8,-5.3,13.1,6.55,260,11,0
401360081,2021-11-22,Chicago Bulls,Indiana Pacers,77,109,2022,-32,186,0.0,True,False,2.0,False,False,same_region,0,0,0,7.0,0.6,6.4,3.2,2.8,2.3,0.5,0.25,261,11,0
401360086,2021-11-22,Sacramento Kings,Philadelphia 76ers,94,102,2022,-8,196,1.0,False,True,1.0,False,False,east_to_west,1,1,0,-5.4,-7.8,2.3999999999999995,1.1999999999999997,-1.1,-3.0,1.9,0.95,262,11,0
401360088,2021-11-23,New York Knicks,Los Angeles Lakers,106,100,2022,6,206,2.0,False,False,1.0,False,False,west_to_east,1,0,1,-1.0,-6.8,5.8,2.9,-2.5,-7.0,4.5,2.25,263,11,0
401360087,2021-11-23,Detroit Pistons,Miami Heat,92,100,2022,-8,192,1.0,False,False,2.0,False,False,same_region,0,0,0,-3.2,9.2,-12.399999999999999,-6.199999999999999,-7.3,0.9,-8.2,-4.1,264,11,0
401360090,2021-11-23,LA Clippers,Dallas Mavericks,104,112,2022,-8,216,1.0,False,False,1.0,False,False,same_region,0,0,0,-3.0,0.6,-3.6,-1.8,5.7,-0.2,5.9,2.95,265,11,0
401360089,2021-11-23,Portland Trail Blazers,Denver Nuggets,119,100,2022,19,219,2.0,False,False,1.0,False,False,same_region,0,0,0,0.0,-6.0,6.0,3.0,-0.2,-0.2,0.0,0.0,266,11,0
401360103,2021-11-24,Sacramento Kings,Portland Trail Blazers,125,121,2022,4,246,1.0,False,False,9.0,False,False,same_region,0,0,0,-6.6,1.4,-8.0,-4.0,-3.2,2.0,-5.2,-2.6,267,11,0
401360102,2021-11-24,Golden State Warriors,Philadelphia 76ers,116,96,2022,20,212,2.0,False,False,1.0,False,False,east_to_west,1,1,0,9.4,-5.0,14.4,7.2,15.4,-2.7,18.1,9.05,268,11,0
401360091,2021-11-24,Cleveland Cavaliers,Phoenix Suns,115,120,2022,-5,235,1.0,False,False,1.0,False,False,west_to_east,1,0,1,-6.8,10.2,-17.0,-8.5,0.4,12.1,-11.7,-5.85,269,11,0
401360092,2021-11-24,Indiana Pacers,Los Angeles Lakers,116,124,2022,-8,240,3.0,False,False,0.0,True,True,west_to_east,1,0,1,6.0,-9.6,15.6,7.8,4.2,-7.3,11.5,5.75,270,11,0
401360093,2021-11-24,Orlando Magic,Charlotte Hornets,99,106,2022,-7,205,10.0,False,False,1.0,False,False,same_region,0,0,0,-10.8,2.6,-13.4,-6.7,-11.8,-1.6,-10.200000000000001,-5.1000000000000005,271,11,0
401360096,2021-11-24,Memphis Grizzlies,Toronto Raptors,113,126,2022,-13,239,5.0,False,False,2.0,False,False,east_to_west,1,1,0,-1.4,-4.6,3.1999999999999997,1.5999999999999999,-6.1,-3.8,-2.3,-1.15,272,11,0
401360094,2021-11-24,Boston Celtics,Brooklyn Nets,104,123,2022,-19,227,1.0,False,False,1.0,False,False,same_region,0,0,0,8.2,4.6,3.5999999999999996,1.7999999999999998,7.8,6.0,1.7999999999999998,0.8999999999999999,273,11,0
401360098,2021-11-24,Minnesota Timberwolves,Miami Heat,113,101,2022,12,214,3.0,False,False,0.0,True,False,east_to_west,1,1,0,17.8,9.6,8.200000000000001,4.1000000000000005,4.6,3.4,1.1999999999999997,0.5999999999999999,274,11,0
401360100,2021-11-24,Oklahoma City Thunder,Utah Jazz,104,110,2022,-6,214,6.0,False,False,3.0,False,False,same_region,0,0,0,-5.2,12.4,-17.6,-8.8,-3.2,7.1,-10.3,-5.15,275,11,0
401360101,2021-11-24,San Antonio Spurs,Atlanta Hawks,106,124,2022,-18,230,1.0,False,False,11.0,False,False,east_to_west,1,1,0,-13.0,14.2,-27.2,-13.6,-5.2,1.4,-6.6,-3.3,276,11,0
401360097,2021-11-24,Milwaukee Bucks,Detroit Pistons,114,93,2022,21,207,1.0,False,False,10.0,False,False,same_region,0,0,0,6.8,-6.0,12.8,6.4,2.4,-5.3,7.699999999999999,3.8499999999999996,277,11,0
401360095,2021-11-24,Houston Rockets,Chicago Bulls,118,113,2022,5,231,9.0,False,False,4.0,False,False,east_to_west,1,1,0,-19.4,-1.4,-18.0,-9.0,-14.3,0.1,-14.4,-7.2,278,11,0
401360099,2021-11-24,New Orleans Pelicans,Washington Wizards,127,102,2022,25,229,1.0,False,False,5.0,False,False,east_to_west,1,1,0,-7.6,-4.6,-3.0,-1.5,-10.0,1.8,-11.8,-5.9,279,11,0
401360109,2021-11-26,Memphis Grizzlies,Atlanta Hawks,100,132,2022,-32,232,1.0,False,False,1.0,False,False,east_to_west,1,1,0,-1.8,13.8,-15.600000000000001,-7.800000000000001,-7.6,5.0,-12.6,-6.3,280,11,0
401360108,2021-11-26,Indiana Pacers,Toronto Raptors,114,97,2022,17,211,1.0,False,False,1.0,False,False,same_region,0,0,0,6.0,-0.8,6.8,3.4,3.8,-3.4,7.199999999999999,3.5999999999999996,281,11,0
401360104,2021-11-26,LA Clippers,Detroit Pistons,107,96,2022,11,203,2.0,False,False,1.0,False,False,east_to_west,1,1,0,-2.6,-5.8,3.1999999999999997,1.5999999999999999,2.9,-6.3,9.2,4.6,282,11,0
401360105,2021-11-26,Charlotte Hornets,Minnesota Timberwolves,133,115,2022,18,248,6.0,False,False,3.0,False,False,west_to_east,1,0,1,3.2,20.8,-17.6,-8.8,2.1,7.8,-5.699999999999999,-2.8499999999999996,283,11,0
401360106,2021-11-26,New York Knicks,Phoenix Suns,97,118,2022,-21,215,2.0,False,False,1.0,False,False,west_to_east,1,0,1,1.8,10.6,-8.799999999999999,-4.3999999999999995,-0.6,12.2,-12.799999999999999,-6.3999999999999995,284,11,0
401360107,2021-11-26,Orlando Magic,Chicago Bulls,88,123,2022,-35,211,1.0,False,False,1.0,False,False,same_region,0,0,0,-8.6,-6.0,-2.5999999999999996,-1.2999999999999998,-11.2,0.5,-11.7,-5.85,285,11,0
401360112,2021-11-26,Denver Nuggets,Milwaukee Bucks,109,120,2022,-11,229,6.0,False,False,11.0,False,False,east_to_west,1,1,0,-15.6,15.0,-30.6,-15.3,-1.9,6.0,-7.9,-3.95,286,11,0
401360113,2021-11-26,Utah Jazz,New Orleans Pelicans,97,98,2022,-1,195,3.0,False,False,5.0,False,False,same_region,0,0,0,14.8,-1.6,16.400000000000002,8.200000000000001,5.9,-3.4,9.3,4.65,287,11,0
401360114,2021-11-26,Golden State Warriors,Portland Trail Blazers,118,103,2022,15,221,1.0,False,False,1.0,False,False,same_region,0,0,0,14.2,6.4,7.799999999999999,3.8999999999999995,13.3,1.2,12.100000000000001,6.050000000000001,288,11,0
401360115,2021-11-26,Los Angeles Lakers,Sacramento Kings,137,141,2022,-4,278,10.0,False,False,8.0,False,False,same_region,0,0,0,-4.4,-10.2,5.799999999999999,2.8999999999999995,-5.0,-5.8,0.7999999999999998,0.3999999999999999,289,11,0
401360110,2021-11-26,Oklahoma City Thunder,Washington Wizards,99,101,2022,-2,200,1.0,False,False,1.0,False,False,east_to_west,1,1,0,-3.8,-10.6,6.8,3.4,-4.1,0.2,-4.3,-2.15,290,11,0
401360111,2021-11-26,San Antonio Spurs,Boston Celtics,96,88,2022,8,184,1.0,False,False,8.0,False,False,east_to_west,1,1,0,-13.8,3.2,-17.0,-8.5,-5.7,4.2,-9.9,-4.95,291,11,0
401360119,2021-11-27,Cleveland Cavaliers,Orlando Magic,105,92,2022,13,197,2.0,False,False,4.0,False,False,same_region,0,0,0,-8.2,-16.8,8.600000000000001,4.300000000000001,-0.4,-13.4,13.0,6.5,292,11,0
401360117,2021-11-27,Atlanta Hawks,New York Knicks,90,99,2022,-9,189,4.0,False,False,5.0,False,False,same_region,0,0,0,16.6,-4.0,20.6,10.3,8.6,-4.2,12.8,6.4,293,11,0
401360116,2021-11-27,Philadelphia 76ers,Minnesota Timberwolves,120,121,2022,-1,241,15.0,False,False,0.0,True,False,west_to_east,1,0,1,-8.0,15.2,-23.2,-11.6,-5.8,6.7,-12.5,-6.25,294,11,0
401360118,2021-11-27,Brooklyn Nets,Phoenix Suns,107,113,2022,-6,220,7.0,False,False,0.0,True,True,west_to_east,1,0,1,3.6,13.4,-9.8,-4.9,7.3,13.8,-6.500000000000001,-3.2500000000000004,295,11,0
401360123,2021-11-27,Utah Jazz,New Orleans Pelicans,127,105,2022,22,232,0.0,True,False,0.0,True,False,same_region,0,0,0,7.6,1.6,6.0,3.0,6.1,-1.7,7.8,3.9,296,11,0
401360120,2021-11-27,Chicago Bulls,Miami Heat,104,107,2022,-3,211,4.0,False,False,2.0,False,False,same_region,0,0,0,2.0,4.6,-2.5999999999999996,-1.2999999999999998,1.7,1.9,-0.19999999999999996,-0.09999999999999998,297,11,0
401360121,2021-11-27,Houston Rockets,Charlotte Hornets,146,143,2022,3,289,2.0,False,False,2.0,False,False,east_to_west,1,1,0,-13.2,4.8,-18.0,-9.0,-12.6,5.3,-17.9,-8.95,298,11,0
401360122,2021-11-27,Dallas Mavericks,Washington Wizards,114,120,2022,-6,234,11.0,False,False,0.0,True,True,east_to_west,1,1,0,-0.6,-8.2,7.6,3.8,2.1,-2.4,4.5,2.25,299,11,0
401360128,2021-11-28,Los Angeles Lakers,Detroit Pistons,110,106,2022,4,216,1.0,False,False,1.0,False,False,east_to_west,1,1,0,-3.8,-9.6,5.8,2.9,-5.7,-6.8,1.0999999999999996,0.5499999999999998,300,11,0
401360127,2021-11-28,Memphis Grizzlies,Sacramento Kings,128,101,2022,27,229,1.0,False,False,1.0,False,False,same_region,0,0,0,-15.0,-7.4,-7.6,-3.8,-8.0,-5.1,-2.9000000000000004,-1.4500000000000002,301,11,0
401360126,2021-11-28,Toronto Raptors,Boston Celtics,97,109,2022,-12,206,14.0,False,False,1.0,False,False,same_region,0,0,0,-3.2,3.8,-7.0,-3.5,-5.0,3.7,-8.7,-4.35,302,11,0
401360125,2021-11-28,Indiana Pacers,Milwaukee Bucks,100,118,2022,-18,218,1.0,False,False,1.0,False,False,same_region,0,0,0,11.0,15.8,-4.800000000000001,-2.4000000000000004,5.2,7.8,-2.5999999999999996,-1.2999999999999998,303,11,0
401360124,2021-11-28,LA Clippers,Golden State Warriors,90,105,2022,-15,195,1.0,False,False,8.0,False,False,same_region,0,0,0,-3.2,13.6,-16.8,-8.4,2.6,13.5,-10.9,-5.45,304,11,0
401360137,2021-11-29,LA Clippers,New Orleans Pelicans,104,123,2022,-19,227,0.0,True,True,1.0,False,True,same_region,0,0,0,-3.8,-5.4,1.6000000000000005,0.8000000000000003,0.3,-3.1,3.4,1.7,305,11,0
401360134,2021-11-29,Dallas Mavericks,Cleveland Cavaliers,96,114,2022,-18,210,1.0,False,False,11.0,False,False,east_to_west,1,1,0,-3.8,-4.4,0.6000000000000005,0.30000000000000027,1.4,0.8,0.5999999999999999,0.29999999999999993,306,11,0
401360129,2021-11-29,Philadelphia 76ers,Orlando Magic,101,96,2022,5,197,1.0,False,False,1.0,False,False,same_region,0,0,0,-1.2,-19.0,17.8,8.9,-6.8,-15.4,8.600000000000001,4.300000000000001,307,11,0
401360132,2021-11-29,Houston Rockets,Oklahoma City Thunder,102,89,2022,13,191,1.0,False,False,6.0,False,False,same_region,0,0,0,-5.8,-6.6,0.7999999999999998,0.3999999999999999,-12.2,-4.8,-7.3999999999999995,-3.6999999999999997,308,11,0
401360130,2021-11-29,Miami Heat,Denver Nuggets,111,120,2022,-9,231,10.0,False,False,5.0,False,False,west_to_east,1,0,1,2.2,-15.8,18.0,9.0,3.9,-3.1,7.0,3.5,309,11,0
401360133,2021-11-29,Minnesota Timberwolves,Indiana Pacers,100,98,2022,2,198,4.0,False,False,6.0,False,False,east_to_west,1,1,0,10.4,8.0,2.4000000000000004,1.2000000000000002,8.1,3.7,4.3999999999999995,2.1999999999999997,310,11,0
401360136,2021-11-29,Utah Jazz,Portland Trail Blazers,129,107,2022,22,236,1.0,False,True,2.0,False,False,same_region,0,0,0,8.8,2.4,6.4,3.2,9.0,-1.8,10.8,5.4,311,11,0
401360131,2021-11-29,Chicago Bulls,Charlotte Hornets,133,119,2022,14,252,1.0,False,False,1.0,False,False,same_region,0,0,0,0.2,3.6,-3.4,-1.7,0.4,5.3,-4.8999999999999995,-2.4499999999999997,312,11,0
401360135,2021-11-29,San Antonio Spurs,Washington Wizards,116,99,2022,17,215,2.0,False,False,1.0,False,True,east_to_west,1,1,0,-10.6,-4.0,-6.6,-3.3,-4.8,-2.5,-2.3,-1.15,313,11,0
401360142,2021-11-30,Sacramento Kings,Los Angeles Lakers,92,117,2022,-25,209,5.0,False,False,5.0,False,False,same_region,0,0,0,-9.0,1.4,-10.4,-5.2,-7.3,-5.6,-1.7000000000000002,-0.8500000000000001,314,11,0
401360141,2021-11-30,Portland Trail Blazers,Detroit Pistons,110,92,2022,18,202,6.0,False,False,1.0,False,False,east_to_west,1,1,0,-3.0,-9.8,6.800000000000001,3.4000000000000004,-3.2,-8.0,4.8,2.4,315,11,0
401360140,2021-11-30,Phoenix Suns,Golden State Warriors,104,96,2022,8,200,8.0,False,False,1.0,False,False,same_region,0,0,0,13.0,13.6,-0.5999999999999996,-0.2999999999999998,13.4,13.6,-0.1999999999999993,-0.09999999999999964,316,11,0
401360139,2021-11-30,Toronto Raptors,Memphis Grizzlies,91,98,2022,-7,189,1.0,False,False,7.0,False,False,west_to_east,1,0,1,-2.4,-12.0,9.6,4.8,-4.9,-6.0,1.0999999999999996,0.5499999999999998,317,11,0
401360138,2021-11-30,Brooklyn Nets,New York Knicks,112,110,2022,2,222,2.0,False,False,2.0,False,False,same_region,0,0,0,6.0,-1.0,7.0,3.5,5.4,-1.6,7.0,3.5,318,11,0
401360146,2021-12-01,Boston Celtics,Philadelphia 76ers,88,87,2022,1,175,6.0,False,False,6.0,False,False,same_region,0,0,0,1.8,-3.0,4.8,2.4,3.3,-5.6,8.899999999999999,4.449999999999999,319,12,0
401360144,2021-12-01,Orlando Magic,Denver Nuggets,108,103,2022,5,211,4.0,False,False,1.0,False,False,west_to_east,1,0,1,-18.2,-11.2,-7.0,-3.5,-12.6,-3.9,-8.7,-4.35,320,12,0
401360145,2021-12-01,Washington Wizards,Minnesota Timberwolves,115,107,2022,8,222,8.0,False,False,3.0,False,False,west_to_east,1,0,1,-8.0,2.2,-10.2,-5.1,-4.5,5.9,-10.4,-5.2,321,12,0
401360151,2021-12-01,LA Clippers,Sacramento Kings,115,124,2022,-9,239,1.0,False,True,2.0,False,False,same_region,0,0,0,-5.0,-10.4,5.4,2.7,-1.9,-7.9,6.0,3.0,322,12,0
401360143,2021-12-01,Indiana Pacers,Atlanta Hawks,111,114,2022,-3,225,2.0,False,False,4.0,False,False,same_region,0,0,0,4.2,12.6,-8.399999999999999,-4.199999999999999,2.4,9.1,-6.699999999999999,-3.3499999999999996,323,12,0
401360148,2021-12-01,Milwaukee Bucks,Charlotte Hornets,127,125,2022,2,252,6.0,False,False,1.0,False,False,same_region,0,0,0,18.0,2.8,15.2,7.6,8.7,2.9,5.799999999999999,2.8999999999999995,324,12,0
401360149,2021-12-01,New Orleans Pelicans,Dallas Mavericks,107,139,2022,-32,246,6.0,False,False,7.0,False,False,same_region,0,0,0,1.8,-6.0,7.8,3.9,-0.4,-0.7,0.29999999999999993,0.14999999999999997,325,12,0
401360147,2021-12-01,Miami Heat,Cleveland Cavaliers,85,111,2022,-26,196,1.0,False,False,1.0,False,False,same_region,0,0,0,-2.6,1.2,-3.8,-1.9,3.3,0.9,2.4,1.2,326,12,0
401360150,2021-12-01,Oklahoma City Thunder,Houston Rockets,110,114,2022,-4,224,4.0,False,False,8.0,False,False,same_region,0,0,0,-7.8,-0.8,-7.0,-3.5,-6.9,-9.6,2.6999999999999993,1.3499999999999996,327,12,0
401360153,2021-12-02,Toronto Raptors,Milwaukee Bucks,97,93,2022,4,190,1.0,False,False,3.0,False,False,same_region,0,0,0,-7.6,16.6,-24.200000000000003,-12.100000000000001,-4.0,7.7,-11.7,-5.85,328,12,0
401360152,2021-12-02,New York Knicks,Chicago Bulls,115,119,2022,-4,234,5.0,False,False,5.0,False,False,same_region,0,0,0,-2.8,1.8,-4.6,-2.3,-2.5,4.4,-6.9,-3.45,329,12,0
401360155,2021-12-02,Phoenix Suns,Detroit Pistons,114,103,2022,11,217,1.0,False,False,1.0,False,False,east_to_west,1,1,0,8.8,-12.4,21.200000000000003,10.600000000000001,11.7,-7.8,19.5,9.75,330,12,0
401360154,2021-12-02,Memphis Grizzlies,Oklahoma City Thunder,152,79,2022,73,231,3.0,False,False,2.0,False,False,same_region,0,0,0,-2.0,-7.4,5.4,2.7,-4.3,-7.5,3.2,1.6,331,12,0
401360156,2021-12-02,Portland Trail Blazers,San Antonio Spurs,83,114,2022,-31,197,1.0,False,False,13.0,False,False,same_region,0,0,0,-0.8,-4.4,3.6000000000000005,1.8000000000000003,-0.4,-4.4,4.0,2.0,332,12,0
401360158,2021-12-03,Washington Wizards,Cleveland Cavaliers,101,116,2022,-15,217,1.0,False,False,1.0,False,False,same_region,0,0,0,-5.2,9.4,-14.600000000000001,-7.300000000000001,-4.9,3.8,-8.7,-4.35,333,12,0
401360159,2021-12-03,Atlanta Hawks,Philadelphia 76ers,96,98,2022,-2,194,5.0,False,False,1.0,False,False,same_region,0,0,0,11.2,-1.8,13.0,6.5,10.6,-4.8,15.399999999999999,7.699999999999999,334,12,0
401360165,2021-12-03,Los Angeles Lakers,LA Clippers,115,119,2022,-4,234,4.0,False,False,13.0,False,False,same_region,0,0,0,5.4,-8.0,13.4,6.7,-0.7,-5.5,4.8,2.4,335,12,0
401360160,2021-12-03,Brooklyn Nets,Minnesota Timberwolves,110,105,2022,5,215,2.0,False,False,1.0,False,False,west_to_east,1,0,1,4.4,-2.2,6.6000000000000005,3.3000000000000003,7.9,7.8,0.10000000000000053,0.050000000000000266,336,12,0
401360163,2021-12-03,Utah Jazz,Boston Celtics,137,130,2022,7,267,3.0,False,False,4.0,False,False,east_to_west,1,1,0,9.6,0.8,8.799999999999999,4.3999999999999995,10.0,2.5,7.5,3.75,337,12,0
401360162,2021-12-03,Dallas Mavericks,New Orleans Pelicans,91,107,2022,-16,198,3.0,False,False,3.0,False,False,same_region,0,0,0,2.0,-1.8,3.8,1.9,0.9,-4.7,5.6000000000000005,2.8000000000000003,338,12,0
401360161,2021-12-03,Houston Rockets,Orlando Magic,118,116,2022,2,234,3.0,False,False,3.0,False,False,east_to_west,1,1,0,1.4,-11.0,12.4,6.2,-8.4,-10.9,2.5,1.25,339,12,0
401360157,2021-12-03,Indiana Pacers,Miami Heat,104,113,2022,-9,217,1.0,False,False,5.0,False,False,same_region,0,0,0,-2.8,-7.2,4.4,2.2,1.6,1.0,0.6000000000000001,0.30000000000000004,340,12,0
401360164,2021-12-03,Golden State Warriors,Phoenix Suns,118,96,2022,22,214,6.0,False,False,5.0,False,False,same_region,0,0,0,11.4,10.2,1.200000000000001,0.6000000000000005,11.5,10.2,1.3000000000000007,0.6500000000000004,341,12,0
401360167,2021-12-04,Brooklyn Nets,Chicago Bulls,107,111,2022,-4,218,0.0,True,False,1.0,False,False,same_region,0,0,0,5.0,9.0,-4.0,-2.0,5.1,3.8,1.2999999999999998,0.6499999999999999,342,12,0
401360168,2021-12-04,Milwaukee Bucks,Miami Heat,124,102,2022,22,226,2.0,False,False,0.0,True,False,same_region,0,0,0,9.6,-7.0,16.6,8.3,8.2,1.3,6.8999999999999995,3.4499999999999997,343,12,0
401360166,2021-12-04,New York Knicks,Denver Nuggets,99,113,2022,-14,212,1.0,False,False,2.0,False,False,west_to_east,1,0,1,-2.4,-11.0,8.6,4.3,-1.7,-4.7,3.0,1.5,344,12,0
401360170,2021-12-04,Golden State Warriors,San Antonio Spurs,107,112,2022,-5,219,0.0,True,False,1.0,False,False,same_region,0,0,0,12.8,6.8,6.000000000000001,3.0000000000000004,11.1,-0.8,11.9,5.95,345,12,0
401360171,2021-12-04,Portland Trail Blazers,Boston Celtics,117,145,2022,-28,262,1.0,False,False,0.0,True,False,east_to_west,1,1,0,-10.8,-4.2,-6.6000000000000005,-3.3000000000000003,-4.7,2.0,-6.7,-3.35,346,12,0
401360172,2021-12-04,Sacramento Kings,LA Clippers,104,99,2022,5,203,3.0,False,False,0.0,True,False,same_region,0,0,0,-7.0,-5.6,-1.4000000000000004,-0.7000000000000002,-6.8,-4.1,-2.7,-1.35,347,12,0
401360169,2021-12-04,Dallas Mavericks,Memphis Grizzlies,90,97,2022,-7,187,0.0,True,False,3.0,False,False,same_region,0,0,0,0.0,12.4,-12.4,-6.2,0.3,5.5,-5.2,-2.6,348,12,0
401360176,2021-12-05,Houston Rockets,New Orleans Pelicans,118,108,2022,10,226,1.0,False,False,1.0,False,False,same_region,0,0,0,5.4,-3.6,9.0,4.5,-7.0,-2.6,-4.4,-2.2,349,12,0
401360175,2021-12-05,Toronto Raptors,Washington Wizards,102,90,2022,12,192,2.0,False,False,5.0,False,False,same_region,0,0,0,-3.8,-3.2,-0.5999999999999996,-0.2999999999999998,-4.2,-6.9,2.7,1.35,350,12,0
401360174,2021-12-05,Atlanta Hawks,Charlotte Hornets,127,130,2022,-3,257,1.0,False,False,3.0,False,False,same_region,0,0,0,8.4,1.2,7.2,3.6,11.3,1.9,9.4,4.7,351,12,0
401360173,2021-12-05,Cleveland Cavaliers,Utah Jazz,108,109,2022,-1,217,7.0,False,False,10.0,False,False,west_to_east,1,0,1,13.4,11.2,2.200000000000001,1.1000000000000005,3.3,11.8,-8.5,-4.25,352,12,0
401360180,2021-12-06,Miami Heat,Memphis Grizzlies,90,105,2022,-15,195,4.0,False,False,1.0,False,False,west_to_east,1,0,1,-9.0,16.4,-25.4,-12.7,-2.2,7.3,-9.5,-4.75,353,12,0
401360177,2021-12-06,Charlotte Hornets,Philadelphia 76ers,124,127,2022,-3,251,9.0,False,False,2.0,False,False,same_region,0,0,0,0.4,-3.0,3.4,1.7,1.8,-4.0,5.8,2.9,354,12,0
401360179,2021-12-06,Indiana Pacers,Washington Wizards,116,110,2022,6,226,2.0,False,False,0.0,True,False,same_region,0,0,0,-3.0,-6.0,3.0,1.5,1.5,-7.1,8.6,4.3,355,12,0
401360181,2021-12-06,Chicago Bulls,Denver Nuggets,109,97,2022,12,206,6.0,False,False,1.0,False,False,west_to_east,1,0,1,10.8,-2.4,13.200000000000001,6.6000000000000005,2.4,-4.2,6.6,3.3,356,12,0
401360178,2021-12-06,Detroit Pistons,Oklahoma City Thunder,103,114,2022,-11,217,12.0,False,False,3.0,False,False,west_to_east,1,0,1,-13.0,-19.6,6.600000000000001,3.3000000000000007,-9.5,-12.4,2.9000000000000004,1.4500000000000002,357,12,0
401360183,2021-12-06,Minnesota Timberwolves,Atlanta Hawks,110,121,2022,-11,231,6.0,False,False,4.0,False,False,east_to_west,1,1,0,-5.6,4.2,-9.8,-4.9,7.6,9.0,-1.4000000000000004,-0.7000000000000002,358,12,0
401360184,2021-12-06,Phoenix Suns,San Antonio Spurs,108,104,2022,4,212,3.0,False,False,1.0,False,False,same_region,0,0,0,4.8,8.6,-3.8,-1.9,7.7,-2.2,9.9,4.95,359,12,0
401360186,2021-12-06,Portland Trail Blazers,LA Clippers,90,102,2022,-12,192,1.0,False,False,1.0,False,True,same_region,0,0,0,-15.6,-8.8,-6.799999999999999,-3.3999999999999995,-4.6,-6.0,1.4000000000000004,0.7000000000000002,360,12,0
401360182,2021-12-06,Milwaukee Bucks,Cleveland Cavaliers,112,104,2022,8,216,1.0,False,False,2.0,False,False,same_region,0,0,0,9.8,14.2,-4.399999999999999,-2.1999999999999993,12.4,3.0,9.4,4.7,361,12,0
401360185,2021-12-06,Golden State Warriors,Orlando Magic,126,95,2022,31,221,1.0,False,True,2.0,False,False,east_to_west,1,1,0,7.8,-10.0,17.8,8.9,11.0,-9.3,20.3,10.15,362,12,0
401360189,2021-12-07,Los Angeles Lakers,Boston Celtics,117,102,2022,15,219,3.0,False,False,2.0,False,False,east_to_west,1,1,0,5.8,5.2,0.5999999999999996,0.2999999999999998,-1.9,4.2,-6.1,-3.05,363,12,0
401360188,2021-12-07,San Antonio Spurs,New York Knicks,109,121,2022,-12,230,7.0,False,False,6.0,False,False,east_to_west,1,1,0,11.4,-6.4,17.8,8.9,-1.2,-2.3,1.0999999999999999,0.5499999999999999,364,12,0
401360187,2021-12-07,Dallas Mavericks,Brooklyn Nets,99,102,2022,-3,201,2.0,False,False,12.0,False,False,east_to_west,1,1,0,-3.0,3.2,-6.2,-3.1,-1.8,3.9,-5.7,-2.85,365,12,0
401360199,2021-12-08,New Orleans Pelicans,Denver Nuggets,114,120,2022,-6,234,6.0,False,False,1.0,False,False,same_region,0,0,0,-5.8,-1.0,-4.8,-2.4,-2.1,-8.3,6.200000000000001,3.1000000000000005,366,12,0
401360190,2021-12-08,Charlotte Hornets,Philadelphia 76ers,106,110,2022,-4,216,1.0,False,False,1.0,False,False,same_region,0,0,0,-3.8,1.6,-5.4,-2.7,0.5,-3.2,3.7,1.85,367,12,0
401360191,2021-12-08,Cleveland Cavaliers,Chicago Bulls,115,92,2022,23,207,2.0,False,False,3.0,False,False,same_region,0,0,0,10.0,6.2,3.8,1.9,2.8,4.1,-1.2999999999999998,-0.6499999999999999,368,12,0
401360192,2021-12-08,Detroit Pistons,Washington Wizards,116,119,2022,-3,235,1.0,False,False,1.0,False,True,same_region,0,0,0,-11.0,-8.4,-2.5999999999999996,-1.2999999999999998,-8.4,-6.2,-2.2,-1.1,369,12,0
401360194,2021-12-08,Miami Heat,Milwaukee Bucks,113,104,2022,9,217,1.0,False,False,5.0,False,False,same_region,0,0,0,-12.6,9.2,-21.799999999999997,-10.899999999999999,-5.2,12.5,-17.7,-8.85,370,12,0
401360195,2021-12-08,Toronto Raptors,Oklahoma City Thunder,109,110,2022,-1,219,2.0,False,False,1.0,False,False,west_to_east,1,0,1,-4.0,-16.2,12.2,6.1,-2.4,-10.0,7.6,3.8,371,12,0
401360200,2021-12-08,Golden State Warriors,Portland Trail Blazers,104,94,2022,10,198,1.0,False,False,8.0,False,False,same_region,0,0,0,11.0,-15.0,26.0,13.0,12.3,-6.3,18.6,9.3,372,12,0
401360197,2021-12-08,Memphis Grizzlies,Dallas Mavericks,96,104,2022,-8,200,5.0,False,False,6.0,False,False,same_region,0,0,0,25.8,-2.4,28.2,14.1,5.4,-3.1,8.5,4.25,373,12,0
401360198,2021-12-08,Minnesota Timberwolves,Utah Jazz,104,136,2022,-32,240,1.0,False,False,2.0,False,False,same_region,0,0,0,-4.2,10.2,-14.399999999999999,-7.199999999999999,5.5,12.5,-7.0,-3.5,374,12,0
401360201,2021-12-08,Sacramento Kings,Orlando Magic,142,130,2022,12,272,3.0,False,False,1.0,False,False,east_to_west,1,1,0,-6.8,-9.2,2.3999999999999995,1.1999999999999997,-8.5,-13.0,4.5,2.25,375,12,0
401360202,2021-12-08,LA Clippers,Boston Celtics,114,111,2022,3,225,6.0,False,False,0.0,True,False,east_to_west,1,1,0,-3.4,3.8,-7.199999999999999,-3.5999999999999996,-3.6,3.8,-7.4,-3.7,376,12,0
401360196,2021-12-08,Houston Rockets,Brooklyn Nets,114,104,2022,10,218,2.0,False,False,0.0,True,False,east_to_west,1,1,0,6.4,0.0,6.4,3.2,-3.4,1.8,-5.2,-2.6,377,12,0
401360193,2021-12-08,Indiana Pacers,New York Knicks,122,102,2022,20,224,1.0,False,False,0.0,True,False,same_region,0,0,0,-5.2,0.2,-5.4,-2.7,2.9,-1.9,4.8,2.4,378,12,0
401360203,2021-12-09,Philadelphia 76ers,Utah Jazz,96,118,2022,-22,214,9.0,False,False,0.0,True,False,west_to_east,1,0,1,2.6,16.8,-14.200000000000001,-7.1000000000000005,0.7,12.2,-11.5,-5.75,379,12,0
401360204,2021-12-09,Memphis Grizzlies,Los Angeles Lakers,108,95,2022,13,203,0.0,True,False,8.0,False,False,same_region,0,0,0,18.8,7.2,11.600000000000001,5.800000000000001,3.4,1.4,2.0,1.0,380,12,0
401360205,2021-12-09,San Antonio Spurs,Denver Nuggets,123,111,2022,12,234,1.0,False,False,0.0,True,True,same_region,0,0,0,7.4,2.4,5.0,2.5,-1.6,-6.7,5.1,2.55,381,12,0
401360214,2021-12-10,Phoenix Suns,Boston Celtics,111,90,2022,21,201,3.0,False,False,1.0,False,True,east_to_west,1,1,0,1.4,0.8,0.5999999999999999,0.29999999999999993,7.4,1.3,6.1000000000000005,3.0500000000000003,382,12,0
401360213,2021-12-10,Oklahoma City Thunder,Los Angeles Lakers,95,116,2022,-21,211,8.0,False,False,0.0,True,False,same_region,0,0,0,-15.6,5.4,-21.0,-10.5,-11.1,0.8,-11.9,-5.95,383,12,0
401360212,2021-12-10,New Orleans Pelicans,Detroit Pistons,109,93,2022,16,202,1.0,False,False,7.0,False,False,east_to_west,1,1,0,-2.6,-9.4,6.800000000000001,3.4000000000000004,-4.0,-9.5,5.5,2.75,384,12,0
401360211,2021-12-10,Minnesota Timberwolves,Cleveland Cavaliers,106,123,2022,-17,229,1.0,False,False,3.0,False,False,east_to_west,1,1,0,-10.8,11.0,-21.8,-10.9,-0.2,6.1,-6.3,-3.15,385,12,0
401360210,2021-12-10,Houston Rockets,Milwaukee Bucks,114,123,2022,-9,237,1.0,False,False,1.0,False,False,east_to_west,1,1,0,7.8,3.8,4.0,2.0,1.0,10.9,-9.9,-4.95,386,12,0
401360209,2021-12-10,Toronto Raptors,New York Knicks,90,87,2022,3,177,1.0,False,False,1.0,False,True,same_region,0,0,0,-0.8,-5.6,4.8,2.4,-2.0,-3.3,1.2999999999999998,0.6499999999999999,387,12,0
401360208,2021-12-10,Atlanta Hawks,Brooklyn Nets,105,113,2022,-8,218,4.0,False,False,1.0,False,True,same_region,0,0,0,0.0,-0.8,0.8,0.4,8.3,2.6,5.700000000000001,2.8500000000000005,388,12,0
401360207,2021-12-10,Indiana Pacers,Dallas Mavericks,106,93,2022,13,199,1.0,False,False,1.0,False,False,west_to_east,1,0,1,2.4,2.8,-0.3999999999999999,-0.19999999999999996,5.2,-1.6,6.800000000000001,3.4000000000000004,389,12,0
401360206,2021-12-10,Charlotte Hornets,Sacramento Kings,124,123,2022,1,247,1.0,False,False,8.0,False,False,west_to_east,1,0,1,-4.0,-5.2,1.2000000000000002,0.6000000000000001,-0.2,-6.3,6.1,3.05,390,12,0
401360215,2021-12-11,LA Clippers,Orlando Magic,106,104,2022,2,210,2.0,False,False,2.0,False,False,east_to_west,1,1,0,1.0,-9.0,10.0,5.0,-2.0,-14.0,12.0,6.0,391,12,0
401360216,2021-12-11,Washington Wizards,Utah Jazz,98,123,2022,-25,221,7.0,False,False,1.0,False,True,west_to_east,1,0,1,-4.4,16.8,-21.200000000000003,-10.600000000000001,-6.2,12.8,-19.0,-9.5,392,12,0
401360217,2021-12-11,Cleveland Cavaliers,Sacramento Kings,117,103,2022,14,220,2.0,False,False,0.0,True,False,west_to_east,1,0,1,9.2,0.0,9.2,4.6,9.3,-4.5,13.8,6.9,393,12,0
401360221,2021-12-11,San Antonio Spurs,Denver Nuggets,112,127,2022,-15,239,1.0,False,False,1.0,False,True,same_region,0,0,0,6.4,-1.8,8.200000000000001,4.1000000000000005,1.0,-6.5,7.5,3.75,394,12,0
401360219,2021-12-11,Memphis Grizzlies,Houston Rockets,113,106,2022,7,219,1.0,False,True,9.0,False,False,same_region,0,0,0,20.0,3.4,16.6,8.3,9.0,1.3,7.7,3.85,395,12,0
401360220,2021-12-11,Philadelphia 76ers,Golden State Warriors,102,93,2022,9,195,1.0,False,False,10.0,False,False,west_to_east,1,0,1,-2.8,10.0,-12.8,-6.4,-2.9,11.8,-14.700000000000001,-7.3500000000000005,396,12,0
401360218,2021-12-11,Miami Heat,Chicago Bulls,118,92,2022,26,210,2.0,False,False,2.0,False,False,same_region,0,0,0,-9.0,2.2,-11.2,-5.6,-5.8,1.2,-7.0,-3.5,397,12,0
401360224,2021-12-12,Oklahoma City Thunder,Dallas Mavericks,84,103,2022,-19,187,1.0,False,False,1.0,False,False,same_region,0,0,0,-17.2,-6.2,-11.0,-5.5,-12.5,-2.1,-10.4,-5.2,398,12,0
401360222,2021-12-12,New York Knicks,Milwaukee Bucks,97,112,2022,-15,209,7.0,False,False,1.0,False,False,same_region,0,0,0,-5.8,5.2,-11.0,-5.5,-4.3,10.9,-15.2,-7.6,399,12,0
401360223,2021-12-12,Detroit Pistons,Brooklyn Nets,104,116,2022,-12,220,3.0,False,False,1.0,False,False,same_region,0,0,0,-11.8,0.4,-12.200000000000001,-6.1000000000000005,-10.8,2.4,-13.200000000000001,-6.6000000000000005,400,12,0
401360226,2021-12-12,Portland Trail Blazers,Minnesota Timberwolves,111,116,2022,-5,227,5.0,False,False,8.0,False,False,same_region,0,0,0,-12.6,-14.6,2.0,1.0,-7.8,-6.2,-1.5999999999999996,-0.7999999999999998,401,12,0
401360227,2021-12-12,Los Angeles Lakers,Orlando Magic,106,94,2022,12,200,4.0,False,False,0.0,True,False,east_to_west,1,1,0,8.8,-8.4,17.200000000000003,8.600000000000001,5.1,-13.3,18.4,9.2,402,12,0
401360225,2021-12-12,San Antonio Spurs,New Orleans Pelicans,112,97,2022,15,209,0.0,True,True,6.0,False,False,same_region,0,0,0,-2.8,-3.2,0.40000000000000036,0.20000000000000018,2.0,-0.7,2.7,1.35,403,12,0
401360234,2021-12-13,Dallas Mavericks,Charlotte Hornets,120,96,2022,24,216,5.0,False,False,7.0,False,False,east_to_west,1,1,0,0.8,-1.0,1.8,0.9,0.4,0.9,-0.5,-0.25,404,12,0
401360235,2021-12-13,Denver Nuggets,Washington Wizards,113,107,2022,6,220,16.0,False,False,4.0,False,False,east_to_west,1,1,0,2.2,-11.0,13.2,6.6,-4.4,-8.1,3.6999999999999993,1.8499999999999996,405,12,0
401360228,2021-12-13,Cleveland Cavaliers,Miami Heat,105,94,2022,11,199,1.0,False,False,8.0,False,False,same_region,0,0,0,9.0,1.4,7.6,3.8,11.2,-2.9,14.1,7.05,406,12,0
401360230,2021-12-13,Toronto Raptors,Sacramento Kings,124,101,2022,23,225,2.0,False,False,1.0,False,True,west_to_east,1,0,1,2.2,2.2,0.0,0.0,-0.1,-4.1,3.9999999999999996,1.9999999999999998,407,12,0
401360231,2021-12-13,Atlanta Hawks,Houston Rockets,126,132,2022,-6,258,2.0,False,False,1.0,False,False,west_to_east,1,0,1,0.2,1.2,-1.0,-0.5,6.4,1.3,5.1000000000000005,2.5500000000000003,408,12,0
401360229,2021-12-13,Indiana Pacers,Golden State Warriors,100,102,2022,-2,202,2.0,False,False,1.0,False,False,west_to_east,1,0,1,5.4,9.8,-4.4,-2.2,4.8,10.6,-5.8,-2.9,409,12,0
401360233,2021-12-13,Memphis Grizzlies,Philadelphia 76ers,126,91,2022,35,217,1.0,False,False,4.0,False,False,east_to_west,1,1,0,6.8,-0.8,7.6,3.8,9.6,-1.3,10.9,5.45,410,12,0
401360236,2021-12-13,LA Clippers,Phoenix Suns,111,95,2022,16,206,1.0,False,False,9.0,False,False,same_region,0,0,0,3.2,4.4,-1.2000000000000002,-0.6000000000000001,-2.4,8.7,-11.1,-5.55,411,12,0
401360232,2021-12-13,Boston Celtics,Milwaukee Bucks,117,103,2022,14,220,11.0,False,False,0.0,True,True,same_region,0,0,0,-3.6,9.0,-12.6,-6.3,-1.4,9.3,-10.700000000000001,-5.3500000000000005,412,12,0
401360240,2021-12-14,Portland Trail Blazers,Phoenix Suns,107,111,2022,-4,218,1.0,False,False,0.0,True,False,same_region,0,0,0,-17.2,-0.4,-16.8,-8.4,-9.0,4.2,-13.2,-6.6,413,12,0
401360238,2021-12-14,New York Knicks,Golden State Warriors,96,105,2022,-9,201,1.0,False,False,0.0,True,True,west_to_east,1,0,1,-8.0,5.8,-13.8,-6.9,-5.2,9.3,-14.5,-7.25,414,12,0
401360237,2021-12-14,Brooklyn Nets,Toronto Raptors,131,129,2022,2,260,9.0,False,False,17.0,False,False,same_region,0,0,0,1.8,8.2,-6.3999999999999995,-3.1999999999999997,3.4,0.3,3.1,1.55,415,12,0
401360242,2021-12-15,Orlando Magic,Atlanta Hawks,99,111,2022,-12,210,13.0,False,False,8.0,False,False,same_region,0,0,0,-11.8,-1.6,-10.200000000000001,-5.1000000000000005,-11.4,4.8,-16.2,-8.1,416,12,0
401360243,2021-12-15,Philadelphia 76ers,Miami Heat,96,101,2022,-5,197,3.0,False,False,1.0,False,False,same_region,0,0,0,-8.2,-2.6,-5.6,-2.8,-5.6,-4.8,-0.7999999999999998,-0.3999999999999999,417,12,0
401360244,2021-12-15,Dallas Mavericks,Los Angeles Lakers,104,107,2022,-3,211,1.0,False,False,4.0,False,False,same_region,0,0,0,7.0,6.2,0.7999999999999998,0.3999999999999999,2.0,5.8,-3.8,-1.9,418,12,0
401360241,2021-12-15,Cleveland Cavaliers,Houston Rockets,124,89,2022,35,213,1.0,False,False,1.0,False,False,west_to_east,1,0,1,11.4,2.0,9.4,4.7,12.8,3.7,9.100000000000001,4.550000000000001,419,12,0
401360251,2021-12-15,Sacramento Kings,Washington Wizards,119,105,2022,14,224,6.0,False,False,1.0,False,False,east_to_west,1,1,0,-4.2,-9.2,4.999999999999999,2.4999999999999996,-5.6,-6.2,0.6000000000000005,0.30000000000000027,420,12,0
401360246,2021-12-15,Oklahoma City Thunder,New Orleans Pelicans,110,113,2022,-3,223,2.0,False,False,2.0,False,False,same_region,0,0,0,-20.2,0.2,-20.4,-10.2,-13.8,-0.8,-13.0,-6.5,421,12,0
401360249,2021-12-15,Utah Jazz,LA Clippers,124,103,2022,21,227,11.0,False,False,8.0,False,False,same_region,0,0,0,17.4,5.6,11.799999999999999,5.8999999999999995,13.5,0.0,13.5,6.75,422,12,0
401360250,2021-12-15,Portland Trail Blazers,Memphis Grizzlies,103,113,2022,-10,216,0.0,True,True,8.0,False,False,same_region,0,0,0,-11.8,12.4,-24.200000000000003,-12.100000000000001,-11.3,14.4,-25.700000000000003,-12.850000000000001,423,12,0
401360247,2021-12-15,San Antonio Spurs,Charlotte Hornets,115,131,2022,-16,246,2.0,False,False,1.0,False,False,east_to_west,1,1,0,-0.8,-5.4,4.6000000000000005,2.3000000000000003,3.9,-2.1,6.0,3.0,424,12,0
401360248,2021-12-15,Denver Nuggets,Minnesota Timberwolves,107,124,2022,-17,231,1.0,False,False,2.0,False,False,same_region,0,0,0,0.6,-12.0,12.6,6.3,-0.9,-7.1,6.199999999999999,3.0999999999999996,425,12,0
401360245,2021-12-15,Milwaukee Bucks,Indiana Pacers,114,99,2022,15,213,8.0,False,False,15.0,False,False,same_region,0,0,0,1.8,5.6,-3.8,-1.9,5.8,1.4,4.4,2.2,426,12,0
401360256,2021-12-16,Phoenix Suns,Washington Wizards,118,98,2022,20,216,5.0,False,False,0.0,True,True,east_to_west,1,1,0,-1.8,-9.6,7.8,3.9,4.2,-7.8,12.0,6.0,427,12,0
401360255,2021-12-16,Houston Rockets,New York Knicks,103,116,2022,-13,219,5.0,False,False,5.0,False,False,east_to_west,1,1,0,-7.0,-7.0,0.0,0.0,-0.3,-6.7,6.4,3.2,428,12,0
401360253,2021-12-16,Brooklyn Nets,Philadelphia 76ers,114,105,2022,9,219,1.0,False,False,2.0,False,False,same_region,0,0,0,3.0,-9.8,12.8,6.4,3.1,-4.1,7.199999999999999,3.5999999999999996,429,12,0
401360252,2021-12-16,Indiana Pacers,Detroit Pistons,122,113,2022,9,235,2.0,False,False,5.0,False,False,same_region,0,0,0,4.4,-10.6,15.0,7.5,0.7,-11.5,12.2,6.1,430,12,0
401360263,2021-12-17,Portland Trail Blazers,Charlotte Hornets,125,116,2022,9,241,1.0,False,True,1.0,False,False,east_to_west,1,1,0,-8.2,-2.8,-5.3999999999999995,-2.6999999999999997,-11.9,-1.2,-10.700000000000001,-5.3500000000000005,431,12,0
401360258,2021-12-17,Atlanta Hawks,Denver Nuggets,115,133,2022,-18,248,3.0,False,False,5.0,False,False,west_to_east,1,0,1,1.2,-0.4,1.6,0.8,4.8,-0.7,5.5,2.75,432,12,0
401360259,2021-12-17,Boston Celtics,Golden State Warriors,107,111,2022,-4,218,3.0,False,False,2.0,False,False,west_to_east,1,0,1,0.6,8.6,-8.0,-4.0,-1.8,8.2,-10.0,-5.0,433,12,0
401360257,2021-12-17,Orlando Magic,Miami Heat,105,115,2022,-10,220,1.0,False,False,1.0,False,False,same_region,0,0,0,-13.8,2.8,-16.6,-8.3,-11.9,-3.1,-8.8,-4.4,434,12,0
401360262,2021-12-17,New Orleans Pelicans,Milwaukee Bucks,116,112,2022,4,228,6.0,False,False,3.0,False,False,east_to_west,1,1,0,-2.4,3.2,-5.6,-2.8,-3.0,6.2,-9.2,-4.6,435,12,0
401360260,2021-12-17,Minnesota Timberwolves,Los Angeles Lakers,110,92,2022,18,202,6.0,False,False,1.0,False,False,same_region,0,0,0,-7.6,7.6,-15.2,-7.6,-6.6,6.7,-13.3,-6.65,436,12,0
401360264,2021-12-17,Sacramento Kings,Memphis Grizzlies,105,124,2022,-19,229,1.0,False,False,1.0,False,False,same_region,0,0,0,-2.4,11.4,-13.8,-6.9,-4.6,18.6,-23.200000000000003,-11.600000000000001,437,12,0
401360261,2021-12-17,Utah Jazz,San Antonio Spurs,126,128,2022,-2,254,1.0,False,False,10.0,False,False,same_region,0,0,0,20.2,-3.2,23.4,11.7,15.7,4.1,11.6,5.8,438,12,0
401360268,2021-12-18,Oklahoma City Thunder,LA Clippers,104,103,2022,1,207,2.0,False,False,2.0,False,False,same_region,0,0,0,-6.2,2.4,-8.6,-4.3,-12.9,-3.2,-9.7,-4.85,439,12,0
401360269,2021-12-18,Boston Celtics,New York Knicks,114,107,2022,7,221,0.0,True,False,1.0,False,False,same_region,0,0,0,-5.8,-6.8,1.0,0.5,-0.3,-3.3,3.0,1.5,440,12,0
401360266,2021-12-18,Brooklyn Nets,Orlando Magic,93,100,2022,-7,193,1.0,False,False,5.0,False,False,same_region,0,0,0,4.2,-9.6,13.8,6.9,2.1,-9.4,11.5,5.75,441,12,0
401360271,2021-12-18,Utah Jazz,Washington Wizards,103,109,2022,-6,212,0.0,True,True,1.0,False,True,east_to_west,1,1,0,19.6,-12.4,32.0,16.0,14.9,-10.4,25.3,12.65,442,12,0
401360270,2021-12-18,Milwaukee Bucks,Cleveland Cavaliers,90,119,2022,-29,209,2.0,False,False,7.0,False,False,same_region,0,0,0,4.2,20.0,-15.8,-7.9,4.0,15.0,-11.0,-5.5,443,12,0
401360265,2021-12-18,Detroit Pistons,Houston Rockets,107,116,2022,-9,223,5.0,False,False,2.0,False,False,west_to_east,1,0,1,-10.2,-11.6,1.4000000000000004,0.7000000000000002,-11.6,-1.9,-9.7,-4.85,444,12,0
401360267,2021-12-18,Toronto Raptors,Golden State Warriors,119,100,2022,19,219,4.0,False,False,0.0,True,False,west_to_east,1,0,1,7.0,3.2,3.8,1.9,1.6,7.1,-5.5,-2.75,445,12,0
401360280,2021-12-19,Phoenix Suns,Charlotte Hornets,137,106,2022,31,243,2.0,False,False,1.0,False,False,east_to_west,1,1,0,6.6,-4.0,10.6,5.3,5.7,-3.9,9.6,4.8,446,12,0
401360279,2021-12-19,Minnesota Timberwolves,Dallas Mavericks,111,105,2022,6,216,1.0,False,False,6.0,False,False,same_region,0,0,0,-1.8,7.0,-8.8,-4.4,-3.0,2.3,-5.3,-2.65,447,12,0
401360272,2021-12-19,Chicago Bulls,Los Angeles Lakers,115,110,2022,5,225,12.0,False,False,1.0,False,False,west_to_east,1,0,1,-5.8,1.0,-6.8,-3.4,-2.0,4.1,-6.1,-3.05,448,12,0
401360275,2021-12-19,Sacramento Kings,San Antonio Spurs,121,114,2022,7,235,1.0,False,False,1.0,False,False,same_region,0,0,0,-8.6,-0.4,-8.2,-4.1,-6.9,3.5,-10.4,-5.2,449,12,0
401360274,2021-12-19,Memphis Grizzlies,Portland Trail Blazers,100,105,2022,-5,205,5.0,False,False,10.0,False,False,same_region,0,0,0,16.8,-4.0,20.8,10.4,17.8,-9.5,27.3,13.65,450,12,0
401360273,2021-12-19,Detroit Pistons,Miami Heat,100,90,2022,10,190,0.0,True,False,1.0,False,False,same_region,0,0,0,-9.8,7.8,-17.6,-8.8,-10.4,-2.4,-8.0,-4.0,451,12,0
401360287,2021-12-20,LA Clippers,San Antonio Spurs,92,116,2022,-24,208,6.0,False,False,0.0,True,True,same_region,0,0,0,-0.2,-4.2,4.0,2.0,-1.8,1.1,-2.9000000000000004,-1.4500000000000002,452,12,0
401360286,2021-12-20,Golden State Warriors,Sacramento Kings,113,98,2022,15,211,11.0,False,False,6.0,False,False,same_region,0,0,0,-2.6,-7.0,4.4,2.2,3.7,-3.5,7.2,3.6,453,12,0
401360285,2021-12-20,Utah Jazz,Charlotte Hornets,112,102,2022,10,214,1.0,False,True,0.0,True,True,east_to_west,1,1,0,12.0,-9.4,21.4,10.7,14.4,-6.7,21.1,10.55,454,12,0
401360284,2021-12-20,Memphis Grizzlies,Oklahoma City Thunder,99,102,2022,-3,201,0.0,True,False,11.0,False,False,same_region,0,0,0,13.2,-8.2,21.4,10.7,16.6,-12.2,28.8,14.4,455,12,0
401360283,2021-12-20,Chicago Bulls,Houston Rockets,133,118,2022,15,251,0.0,True,False,1.0,False,False,west_to_east,1,0,1,-5.6,-8.0,2.4000000000000004,1.2000000000000002,1.7,-2.3,4.0,2.0,456,12,0
401360281,2021-12-20,Boston Celtics,Philadelphia 76ers,103,108,2022,-5,211,1.0,False,True,3.0,False,False,same_region,0,0,0,-1.4,-12.4,11.0,5.5,1.2,-4.9,6.1000000000000005,3.0500000000000003,457,12,0
401360289,2021-12-21,Miami Heat,Indiana Pacers,125,96,2022,29,221,9.0,False,False,5.0,False,False,same_region,0,0,0,4.0,5.0,-1.0,-0.5,-2.5,-0.1,-2.4,-1.2,458,12,0
401360291,2021-12-21,New Orleans Pelicans,Portland Trail Blazers,111,97,2022,14,208,3.0,False,False,1.0,False,False,same_region,0,0,0,0.4,-1.0,1.4,0.7,-2.7,-6.8,4.1,2.05,459,12,0
401360290,2021-12-21,New York Knicks,Detroit Pistons,105,91,2022,14,196,6.0,False,False,4.0,False,False,same_region,0,0,0,-4.2,-7.2,3.0,1.5,-4.9,-8.3,3.4000000000000004,1.7000000000000002,460,12,0
401360292,2021-12-21,Dallas Mavericks,Minnesota Timberwolves,114,102,2022,12,216,5.0,False,False,5.0,False,False,same_region,0,0,0,4.2,5.8,-1.5999999999999996,-0.7999999999999998,3.5,-2.5,6.0,3.0,461,12,0
401360293,2021-12-21,Los Angeles Lakers,Phoenix Suns,90,108,2022,-18,198,8.0,False,False,6.0,False,False,same_region,0,0,0,2.6,12.0,-9.4,-4.7,4.0,6.7,-2.7,-1.35,462,12,0
401360299,2021-12-22,Sacramento Kings,LA Clippers,89,105,2022,-16,194,2.0,False,False,3.0,False,False,same_region,0,0,0,-7.2,-5.6,-1.6000000000000005,-0.8000000000000003,-2.5,-2.3,-0.20000000000000018,-0.10000000000000009,463,12,0
401360298,2021-12-22,Oklahoma City Thunder,Denver Nuggets,108,94,2022,14,202,3.0,False,False,4.0,False,False,same_region,0,0,0,-7.8,2.0,-9.8,-4.9,-11.7,2.2,-13.899999999999999,-6.949999999999999,464,12,0
401360297,2021-12-22,Milwaukee Bucks,Houston Rockets,126,106,2022,20,232,3.0,False,False,1.0,False,False,west_to_east,1,0,1,-3.4,-9.6,6.199999999999999,3.0999999999999996,0.9,-4.2,5.1000000000000005,2.5500000000000003,465,12,0
401360295,2021-12-22,Boston Celtics,Cleveland Cavaliers,111,101,2022,10,212,1.0,False,False,3.0,False,False,same_region,0,0,0,-1.8,21.2,-23.0,-11.5,-0.5,16.1,-16.6,-8.3,466,12,0
401360294,2021-12-22,Atlanta Hawks,Orlando Magic,98,104,2022,-6,202,4.0,False,False,3.0,False,False,same_region,0,0,0,-1.8,-5.8,4.0,2.0,1.2,-7.4,8.6,4.3,467,12,0
401360303,2021-12-23,Miami Heat,Detroit Pistons,115,112,2022,3,227,1.0,False,False,1.0,False,False,same_region,0,0,0,4.6,-6.8,11.399999999999999,5.699999999999999,3.0,-9.3,12.3,6.15,468,12,0
401360306,2021-12-23,Denver Nuggets,Charlotte Hornets,107,115,2022,-8,222,7.0,False,False,2.0,False,False,east_to_west,1,1,0,1.6,-11.6,13.2,6.6,-0.1,-6.3,6.2,3.1,469,12,0
401360301,2021-12-23,Orlando Magic,New Orleans Pelicans,104,110,2022,-6,214,5.0,False,False,7.0,False,False,west_to_east,1,0,1,-4.2,4.4,-8.600000000000001,-4.300000000000001,-6.3,0.9,-7.2,-3.6,470,12,0
401360302,2021-12-23,Philadelphia 76ers,Atlanta Hawks,96,98,2022,-2,194,7.0,False,False,7.0,False,False,same_region,0,0,0,-7.0,-5.2,-1.7999999999999998,-0.8999999999999999,-4.9,-2.6,-2.3000000000000003,-1.1500000000000001,471,12,0
401360300,2021-12-23,Indiana Pacers,Houston Rockets,118,106,2022,12,224,6.0,False,False,0.0,True,True,west_to_east,1,0,1,-4.8,-14.8,10.0,5.0,-1.2,-6.4,5.2,2.6,472,12,0
401360308,2021-12-23,Utah Jazz,Minnesota Timberwolves,128,116,2022,12,244,2.0,False,False,1.0,False,False,same_region,0,0,0,9.6,6.8,2.8,1.4,13.2,-3.9,17.099999999999998,8.549999999999999,473,12,0
401360307,2021-12-23,Phoenix Suns,Oklahoma City Thunder,113,101,2022,12,214,3.0,False,False,2.0,False,False,same_region,0,0,0,11.4,-0.8,12.200000000000001,6.1000000000000005,7.9,-9.0,16.9,8.45,474,12,0
401360311,2021-12-23,Los Angeles Lakers,San Antonio Spurs,110,138,2022,-28,248,1.0,False,False,2.0,False,False,same_region,0,0,0,-5.2,3.6,-8.8,-4.4,1.8,0.4,1.4,0.7,475,12,0
401360305,2021-12-23,Dallas Mavericks,Milwaukee Bucks,95,102,2022,-7,197,1.0,False,False,5.0,False,False,east_to_west,1,1,0,9.2,-2.4,11.6,5.8,1.5,3.3,-1.7999999999999998,-0.8999999999999999,476,12,0
401360304,2021-12-23,New York Knicks,Washington Wizards,117,124,2022,-7,241,1.0,False,False,4.0,False,False,same_region,0,0,0,-0.8,-11.8,11.0,5.5,-3.3,-8.1,4.8,2.4,477,12,0
401360309,2021-12-23,Golden State Warriors,Memphis Grizzlies,113,104,2022,9,217,2.0,False,False,5.0,False,False,same_region,0,0,0,2.2,11.2,-9.0,-4.5,6.0,9.0,-3.0,-1.5,478,12,0
401358784,2021-12-25,Los Angeles Lakers,Brooklyn Nets,115,122,2022,-7,237,1.0,False,False,12.0,False,False,east_to_west,1,1,0,-13.2,4.8,-18.0,-9.0,-3.5,2.0,-5.5,-2.75,479,12,0
401358785,2021-12-25,Utah Jazz,Dallas Mavericks,120,116,2022,4,236,1.0,False,False,5.0,False,False,same_region,0,0,0,7.0,4.0,3.0,1.5,12.2,2.4,9.799999999999999,4.8999999999999995,480,12,0
401358783,2021-12-25,Phoenix Suns,Golden State Warriors,107,116,2022,-9,223,1.0,False,False,6.0,False,False,same_region,0,0,0,17.0,3.6,13.4,6.7,8.3,4.7,3.6000000000000005,1.8000000000000003,481,12,0
401358781,2021-12-25,New York Knicks,Atlanta Hawks,101,87,2022,14,188,1.0,False,False,1.0,False,False,same_region,0,0,0,0.8,-3.2,4.0,2.0,-3.6,-1.5,-2.1,-1.05,482,12,0
401358782,2021-12-25,Milwaukee Bucks,Boston Celtics,117,113,2022,4,230,2.0,False,False,14.0,False,False,same_region,0,0,0,1.8,4.4,-2.6000000000000005,-1.3000000000000003,1.8,0.4,1.4,0.7,483,12,0
401360312,2021-12-26,Miami Heat,Orlando Magic,93,83,2022,10,176,2.0,False,False,3.0,False,False,same_region,0,0,0,7.4,-3.0,10.4,5.2,2.4,-7.4,9.8,4.9,484,12,0
401360313,2021-12-26,Cleveland Cavaliers,Toronto Raptors,144,99,2022,45,243,10.0,False,False,11.0,False,False,same_region,0,0,0,15.8,8.4,7.4,3.7,12.5,2.2,10.3,5.15,485,12,0
401360314,2021-12-26,Washington Wizards,Philadelphia 76ers,96,117,2022,-21,213,14.0,False,False,5.0,False,False,same_region,0,0,0,-5.4,-9.2,3.799999999999999,1.8999999999999995,-8.2,-5.0,-3.1999999999999993,-1.5999999999999996,486,12,0
401360319,2021-12-26,LA Clippers,Denver Nuggets,100,103,2022,-3,203,5.0,False,False,3.0,False,False,same_region,0,0,0,-2.8,-3.0,0.20000000000000018,0.10000000000000009,0.2,-0.4,0.6000000000000001,0.30000000000000004,487,12,0
401360316,2021-12-26,Oklahoma City Thunder,New Orleans Pelicans,117,112,2022,5,229,3.0,False,False,2.0,False,False,same_region,0,0,0,0.6,2.4,-1.7999999999999998,-0.8999999999999999,-9.8,-0.4,-9.4,-4.7,488,12,0
401360317,2021-12-26,San Antonio Spurs,Detroit Pistons,144,109,2022,35,253,10.0,False,False,2.0,False,False,east_to_west,1,1,0,6.2,-5.0,11.2,5.6,2.7,-7.8,10.5,5.25,489,12,0
401360318,2021-12-26,Chicago Bulls,Indiana Pacers,113,105,2022,8,218,5.0,False,False,4.0,False,False,same_region,0,0,0,-3.4,-5.0,1.6,0.8,3.7,0.2,3.5,1.75,490,12,0
401360315,2021-12-26,Sacramento Kings,Memphis Grizzlies,102,127,2022,-25,229,3.0,False,False,2.0,False,False,same_region,0,0,0,-5.8,2.4,-8.2,-4.1,-5.0,7.4,-12.4,-6.2,491,12,0
401360324,2021-12-27,Phoenix Suns,Memphis Grizzlies,113,114,2022,-1,227,1.0,False,False,0.0,True,False,same_region,0,0,0,14.4,5.4,9.0,4.5,6.3,8.4,-2.1000000000000005,-1.0500000000000003,492,12,0
401360322,2021-12-27,Minnesota Timberwolves,Boston Celtics,108,103,2022,5,211,7.0,False,False,1.0,False,False,east_to_west,1,1,0,3.4,0.8,2.5999999999999996,1.2999999999999998,-4.3,0.7,-5.0,-2.5,493,12,0
401360321,2021-12-27,Atlanta Hawks,Chicago Bulls,118,130,2022,-12,248,4.0,False,False,15.0,False,False,same_region,0,0,0,-4.8,-4.2,-0.5999999999999996,-0.2999999999999998,-3.2,1.0,-4.2,-2.1,494,12,0
401360326,2021-12-27,LA Clippers,Brooklyn Nets,108,124,2022,-16,232,0.0,True,False,1.0,False,False,east_to_west,1,1,0,-6.6,4.6,-11.2,-5.6,-0.5,2.5,-3.0,-1.5,495,12,0
401360323,2021-12-27,San Antonio Spurs,Utah Jazz,104,110,2022,-6,214,0.0,True,False,15.0,False,False,same_region,0,0,0,16.4,3.6,12.799999999999999,6.3999999999999995,6.6,11.9,-5.300000000000001,-2.6500000000000004,496,12,0
401360325,2021-12-27,Portland Trail Blazers,Dallas Mavericks,117,132,2022,-15,249,9.0,False,False,1.0,False,False,same_region,0,0,0,-2.8,-1.6,-1.1999999999999997,-0.5999999999999999,-10.0,2.7,-12.7,-6.35,497,12,0
401360320,2021-12-27,Charlotte Hornets,Houston Rockets,123,99,2022,24,222,16.0,False,False,3.0,False,False,west_to_east,1,0,1,-5.2,-10.2,4.999999999999999,2.4999999999999996,-5.3,-8.6,3.3,1.65,498,12,0
401360332,2021-12-28,New Orleans Pelicans,Cleveland Cavaliers,108,104,2022,4,212,6.0,False,False,5.0,False,False,east_to_west,1,1,0,4.4,22.0,-17.6,-8.8,2.3,15.5,-13.2,-6.6,499,12,0
401360327,2021-12-28,Orlando Magic,Milwaukee Bucks,110,127,2022,-17,237,4.0,False,False,4.0,False,False,same_region,0,0,0,-2.6,-0.4,-2.2,-1.1,-8.2,1.4,-9.6,-4.8,500,12,0
401360328,2021-12-28,Miami Heat,Washington Wizards,119,112,2022,7,231,1.0,False,False,4.0,False,False,same_region,0,0,0,8.4,-8.4,16.8,8.4,5.6,-8.8,14.4,7.2,501,12,0
401360329,2021-12-28,Toronto Raptors,Philadelphia 76ers,109,114,2022,-5,223,9.0,False,False,1.0,False,False,same_region,0,0,0,-0.4,2.0,-2.4,-1.2,-0.6,-3.1,2.5,1.25,502,12,0
401360333,2021-12-28,Golden State Warriors,Denver Nuggets,86,89,2022,-3,175,4.0,False,False,1.0,False,False,same_region,0,0,0,3.6,-3.6,7.2,3.6,6.1,-1.5,7.6,3.8,503,12,0
401360334,2021-12-28,Sacramento Kings,Oklahoma City Thunder,117,111,2022,6,228,1.0,False,False,4.0,False,False,same_region,0,0,0,-13.6,2.2,-15.8,-7.9,-8.0,-2.0,-6.0,-3.0,504,12,0
401360330,2021-12-28,Houston Rockets,Los Angeles Lakers,123,132,2022,-9,255,11.0,False,False,8.0,False,False,same_region,0,0,0,-12.4,-15.2,2.799999999999999,1.3999999999999995,-12.0,-3.8,-8.2,-4.1,505,12,0
401360331,2021-12-28,Minnesota Timberwolves,New York Knicks,88,96,2022,-8,184,0.0,True,False,9.0,False,False,east_to_west,1,1,0,1.0,5.4,-4.4,-2.2,-3.3,-0.8,-2.5,-1.25,506,12,0
401360336,2021-12-29,Indiana Pacers,Charlotte Hornets,108,116,2022,-8,224,5.0,False,False,5.0,False,False,same_region,0,0,0,-6.2,-3.6,-2.6,-1.3,-0.3,-3.2,2.9000000000000004,1.4500000000000002,507,12,0
401360335,2021-12-29,Detroit Pistons,New York Knicks,85,94,2022,-9,179,9.0,False,False,0.0,True,False,same_region,0,0,0,-10.2,4.4,-14.6,-7.3,-10.2,-1.2,-9.0,-4.5,508,12,0
401360338,2021-12-29,Chicago Bulls,Atlanta Hawks,131,117,2022,14,248,2.0,False,False,3.0,False,False,same_region,0,0,0,2.8,-9.6,12.399999999999999,6.199999999999999,2.5,-4.2,6.7,3.35,509,12,0
401360337,2021-12-29,Boston Celtics,LA Clippers,82,91,2022,-9,173,6.0,False,False,6.0,False,False,west_to_east,1,0,1,0.6,-5.6,6.199999999999999,3.0999999999999996,-2.6,-1.6,-1.0,-0.5,510,12,0
401360341,2021-12-29,Phoenix Suns,Oklahoma City Thunder,115,97,2022,18,212,1.0,False,False,0.0,True,False,same_region,0,0,0,10.2,0.8,9.399999999999999,4.699999999999999,8.4,-3.7,12.100000000000001,6.050000000000001,511,12,0
401360343,2021-12-29,Sacramento Kings,Dallas Mavericks,95,94,2022,1,189,0.0,True,True,1.0,False,False,same_region,0,0,0,-8.6,2.0,-10.6,-5.3,-8.6,4.5,-13.1,-6.55,512,12,0
401360339,2021-12-29,Memphis Grizzlies,Los Angeles Lakers,104,99,2022,5,203,8.0,False,False,0.0,True,False,same_region,0,0,0,1.8,-9.8,11.600000000000001,5.800000000000001,9.3,-4.4,13.700000000000001,6.8500000000000005,513,12,0
401360342,2021-12-29,Portland Trail Blazers,Utah Jazz,105,120,2022,-15,225,1.0,False,False,1.0,False,False,same_region,0,0,0,-5.0,5.2,-10.2,-5.1,-8.4,12.4,-20.8,-10.4,514,12,0
401360346,2021-12-30,Washington Wizards,Cleveland Cavaliers,110,93,2022,17,203,3.0,False,False,1.0,False,False,same_region,0,0,0,-7.0,19.0,-26.0,-13.0,-8.3,15.2,-23.5,-11.75,515,12,0
401360345,2021-12-30,Orlando Magic,Milwaukee Bucks,118,136,2022,-18,254,1.0,False,False,1.0,False,False,same_region,0,0,0,-4.0,3.8,-7.8,-3.9,-6.8,4.0,-10.8,-5.4,516,12,0
401360344,2021-12-30,Brooklyn Nets,Philadelphia 76ers,102,110,2022,-8,212,11.0,False,False,1.0,False,False,same_region,0,0,0,5.4,4.0,1.4000000000000004,0.7000000000000002,3.6,-2.9,6.5,3.25,517,12,0
401360348,2021-12-31,Boston Celtics,Phoenix Suns,123,108,2022,15,231,1.0,False,False,9.0,False,False,west_to_east,1,0,1,-2.6,7.6,-10.2,-5.1,-2.0,9.8,-11.8,-5.9,518,12,0
401360355,2021-12-31,Oklahoma City Thunder,New York Knicks,95,80,2022,15,175,4.0,False,False,1.0,False,True,east_to_west,1,1,0,-3.4,7.6,-11.0,-5.5,-5.6,1.7,-7.3,-3.65,519,12,0
401360350,2021-12-31,Sacramento Kings,Dallas Mavericks,96,112,2022,-16,208,1.0,False,True,1.0,False,False,same_region,0,0,0,-9.8,3.0,-12.8,-6.4,-8.4,3.6,-12.0,-6.0,520,12,0
401360351,2021-12-31,Houston Rockets,Miami Heat,110,120,2022,-10,230,2.0,False,False,11.0,False,False,east_to_west,1,1,0,-16.0,7.8,-23.8,-11.9,-12.0,7.8,-19.8,-9.9,521,12,0
401360349,2021-12-31,Indiana Pacers,Chicago Bulls,106,108,2022,-2,214,1.0,False,False,3.0,False,False,same_region,0,0,0,-4.8,10.8,-15.600000000000001,-7.800000000000001,-0.2,2.5,-2.7,-1.35,522,12,0
401360353,2021-12-31,Toronto Raptors,LA Clippers,116,108,2022,8,224,2.0,False,False,1.0,False,False,west_to_east,1,0,1,-2.0,-3.6,1.6,0.8,0.1,-1.9,2.0,1.0,523,12,0
401360357,2021-12-31,Los Angeles Lakers,Portland Trail Blazers,139,106,2022,33,245,5.0,False,False,9.0,False,False,same_region,0,0,0,-9.8,-6.0,-3.8000000000000007,-1.9000000000000004,-3.6,-7.1,3.4999999999999996,1.7499999999999998,524,12,0
401360352,2021-12-31,Cleveland Cavaliers,Atlanta Hawks,118,121,2022,-3,239,4.0,False,False,1.0,False,False,same_region,0,0,0,8.6,-8.8,17.4,8.7,14.3,-5.3,19.6,9.8,525,12,0
401360356,2021-12-31,Utah Jazz,Minnesota Timberwolves,120,108,2022,12,228,5.0,False,False,7.0,False,False,same_region,0,0,0,9.4,-4.2,13.600000000000001,6.800000000000001,10.7,-3.0,13.7,6.85,526,12,0
401360354,2021-12-31,Memphis Grizzlies,San Antonio Spurs,118,105,2022,13,223,1.0,False,False,7.0,False,False,same_region,0,0,0,3.8,14.8,-11.0,-5.5,8.5,7.2,1.2999999999999998,0.6499999999999999,527,12,0
401360363,2022-01-01,Utah Jazz,Golden State Warriors,116,123,2022,-7,239,0.0,True,False,6.0,False,False,same_region,0,0,0,9.8,2.2,7.6000000000000005,3.8000000000000003,9.7,2.7,6.999999999999999,3.4999999999999996,528,1,0
401360362,2022-01-01,Houston Rockets,Denver Nuggets,111,124,2022,-13,235,0.0,True,False,3.0,False,False,same_region,0,0,0,-15.0,0.4,-15.4,-7.7,-12.3,0.0,-12.3,-6.15,529,1,0
401360361,2022-01-01,Brooklyn Nets,LA Clippers,116,120,2022,-4,236,1.0,False,False,0.0,True,True,west_to_east,1,0,1,3.4,-0.4,3.8,1.9,3.2,-3.0,6.2,3.1,530,1,0
401360360,2022-01-01,Washington Wizards,Chicago Bulls,119,120,2022,-1,239,1.0,False,False,0.0,True,False,same_region,0,0,0,0.4,10.2,-9.799999999999999,-4.8999999999999995,-6.0,2.3,-8.3,-4.15,531,1,0
401360359,2022-01-01,Detroit Pistons,San Antonio Spurs,117,116,2022,1,233,2.0,False,False,0.0,True,False,west_to_east,1,0,1,-10.2,13.6,-23.799999999999997,-11.899999999999999,-10.0,4.7,-14.7,-7.35,532,1,0
401360358,2022-01-01,Milwaukee Bucks,New Orleans Pelicans,136,113,2022,23,249,6.0,False,False,5.0,False,False,west_to_east,1,0,1,13.2,4.6,8.6,4.3,4.9,1.1,3.8000000000000003,1.9000000000000001,533,1,0
401360368,2022-01-02,Charlotte Hornets,Phoenix Suns,99,133,2022,-34,232,5.0,False,False,1.0,False,False,west_to_east,1,0,1,-0.2,1.0,-1.2,-0.6,-2.1,6.2,-8.3,-4.15,534,1,0
401360366,2022-01-02,Cleveland Cavaliers,Indiana Pacers,108,104,2022,4,212,1.0,False,False,6.0,False,False,same_region,0,0,0,2.2,-7.0,9.2,4.6,11.7,-1.0,12.7,6.35,535,1,0
401360365,2022-01-02,Boston Celtics,Orlando Magic,116,111,2022,5,227,1.0,False,False,6.0,False,False,same_region,0,0,0,1.4,-9.0,10.4,5.2,-0.2,-7.4,7.2,3.6,536,1,0
401360367,2022-01-02,Sacramento Kings,Miami Heat,115,113,2022,2,228,1.0,False,False,1.0,False,False,east_to_west,1,1,0,-10.0,11.8,-21.8,-10.9,-8.6,7.9,-16.5,-8.25,537,1,0
401360370,2022-01-02,Los Angeles Lakers,Minnesota Timberwolves,108,103,2022,5,211,1.0,False,False,1.0,False,False,same_region,0,0,0,0.4,-7.8,8.2,4.1,-2.4,-1.0,-1.4,-0.7,538,1,0
401360369,2022-01-02,Oklahoma City Thunder,Dallas Mavericks,86,95,2022,-9,181,1.0,False,False,1.0,False,False,same_region,0,0,0,-3.2,3.8,-7.0,-3.5,-2.0,6.5,-8.5,-4.25,539,1,0
401360364,2022-01-02,Toronto Raptors,New York Knicks,120,105,2022,15,225,1.0,False,False,1.0,False,False,same_region,0,0,0,-5.0,1.8,-6.8,-3.4,1.6,0.5,1.1,0.55,540,1,0
401360375,2022-01-03,Milwaukee Bucks,Detroit Pistons,106,115,2022,-9,221,1.0,False,False,7.0,False,False,same_region,0,0,0,13.8,-12.0,25.8,12.9,5.7,-9.6,15.3,7.65,541,1,0
401360371,2022-01-03,Philadelphia 76ers,Houston Rockets,133,113,2022,20,246,10.0,False,False,6.0,False,False,west_to_east,1,0,1,7.4,-13.6,21.0,10.5,-2.5,-14.2,11.7,5.85,542,1,0
401360372,2022-01-03,Washington Wizards,Charlotte Hornets,124,121,2022,3,245,1.0,False,False,4.0,False,False,same_region,0,0,0,-1.0,-0.8,-0.19999999999999996,-0.09999999999999998,-6.4,-5.1,-1.3000000000000007,-0.6500000000000004,543,1,0
401360374,2022-01-03,Chicago Bulls,Orlando Magic,102,98,2022,4,200,4.0,False,False,0.0,True,False,same_region,0,0,0,7.4,-11.2,18.6,9.3,2.0,-7.7,9.7,4.85,544,1,0
401360373,2022-01-03,Brooklyn Nets,Memphis Grizzlies,104,118,2022,-14,222,1.0,False,False,6.0,False,False,west_to_east,1,0,1,0.8,7.0,-6.2,-3.1,2.5,9.1,-6.6,-3.3,545,1,0
401360380,2022-01-03,LA Clippers,Minnesota Timberwolves,104,122,2022,-18,226,6.0,False,False,0.0,True,True,same_region,0,0,0,-2.8,-6.4,3.6000000000000005,1.8000000000000003,-2.8,0.2,-3.0,-1.5,546,1,0
401360379,2022-01-03,Portland Trail Blazers,Atlanta Hawks,136,131,2022,5,267,4.0,False,False,2.0,False,False,east_to_west,1,1,0,-14.4,-7.0,-7.4,-3.7,-9.2,-6.1,-3.0999999999999996,-1.5499999999999998,547,1,0
401360376,2022-01-03,New Orleans Pelicans,Utah Jazz,104,115,2022,-11,219,5.0,False,False,4.0,False,False,same_region,0,0,0,-0.8,6.0,-6.8,-3.4,-0.2,6.5,-6.7,-3.35,548,1,0
401360378,2022-01-03,Golden State Warriors,Miami Heat,115,108,2022,7,223,5.0,False,False,0.0,True,True,east_to_west,1,1,0,7.4,5.6,1.8000000000000007,0.9000000000000004,2.4,5.1,-2.6999999999999997,-1.3499999999999999,549,1,0
401360377,2022-01-03,Dallas Mavericks,Denver Nuggets,103,89,2022,14,192,10.0,False,False,1.0,False,False,same_region,0,0,0,7.0,-0.6,7.6,3.8,5.5,0.7,4.8,2.4,550,1,0
401360385,2022-01-04,Los Angeles Lakers,Sacramento Kings,122,114,2022,8,236,1.0,False,False,14.0,False,False,same_region,0,0,0,7.0,-6.4,13.4,6.7,-3.1,-6.1,2.9999999999999996,1.4999999999999998,551,1,0
401360384,2022-01-04,New Orleans Pelicans,Phoenix Suns,110,123,2022,-13,233,0.0,True,False,1.0,False,False,same_region,0,0,0,-5.8,5.4,-11.2,-5.6,-0.7,11.2,-11.899999999999999,-5.949999999999999,552,1,0
401360383,2022-01-04,New York Knicks,Indiana Pacers,104,94,2022,10,198,9.0,False,False,1.0,False,False,same_region,0,0,0,0.2,-2.0,2.2,1.1,0.5,-3.4,3.9,1.95,553,1,0
401360382,2022-01-04,Toronto Raptors,San Antonio Spurs,129,104,2022,25,233,1.0,False,False,2.0,False,False,west_to_east,1,0,1,-1.6,8.6,-10.2,-5.1,2.7,6.1,-3.3999999999999995,-1.6999999999999997,554,1,0
401360381,2022-01-04,Cleveland Cavaliers,Memphis Grizzlies,106,110,2022,-4,216,1.0,False,False,0.0,True,False,west_to_east,1,0,1,5.0,11.6,-6.6,-3.3,10.4,7.0,3.4000000000000004,1.7000000000000002,555,1,0
401360390,2022-01-05,Indiana Pacers,Brooklyn Nets,121,129,2022,-8,250,4.0,False,False,8.0,False,False,same_region,0,0,0,-6.4,-0.6,-5.800000000000001,-2.9000000000000004,-5.7,2.1,-7.800000000000001,-3.9000000000000004,556,1,0
401360389,2022-01-05,Boston Celtics,San Antonio Spurs,97,99,2022,-2,196,2.0,False,False,0.0,True,False,west_to_east,1,0,1,0.4,-2.0,2.4,1.2,2.4,2.1,0.2999999999999998,0.1499999999999999,557,1,0
401360387,2022-01-05,Orlando Magic,Philadelphia 76ers,106,116,2022,-10,222,5.0,False,False,5.0,False,False,same_region,0,0,0,-10.8,10.4,-21.200000000000003,-10.600000000000001,-6.9,1.7,-8.6,-4.3,558,1,0
401360388,2022-01-05,Washington Wizards,Houston Rockets,111,114,2022,-3,225,1.0,False,False,1.0,False,False,west_to_east,1,0,1,-1.8,-15.2,13.399999999999999,6.699999999999999,-3.6,-12.7,9.1,4.55,559,1,0
401360394,2022-01-05,Denver Nuggets,Utah Jazz,109,115,2022,-6,224,12.0,False,False,1.0,False,False,same_region,0,0,0,-0.6,7.4,-8.0,-4.0,0.5,5.5,-5.0,-2.5,560,1,0
401360386,2022-01-05,Charlotte Hornets,Detroit Pistons,140,111,2022,29,251,2.0,False,False,1.0,False,False,same_region,0,0,0,0.6,-7.4,8.0,4.0,-5.5,-7.1,1.5999999999999996,0.7999999999999998,561,1,0
401360392,2022-01-05,Milwaukee Bucks,Toronto Raptors,111,117,2022,-6,228,1.0,False,False,9.0,False,False,same_region,0,0,0,10.6,-0.4,11.0,5.5,6.2,4.0,2.2,1.1,562,1,0
401360393,2022-01-05,Minnesota Timberwolves,Oklahoma City Thunder,98,90,2022,8,188,7.0,False,False,6.0,False,False,same_region,0,0,0,-0.4,-2.6,2.2,1.1,1.5,-1.0,2.5,1.25,563,1,0
401360395,2022-01-05,Portland Trail Blazers,Miami Heat,109,115,2022,-6,224,1.0,False,False,1.0,False,True,east_to_west,1,1,0,-14.4,3.6,-18.0,-9.0,-7.7,5.5,-13.2,-6.6,564,1,0
401360391,2022-01-05,Dallas Mavericks,Golden State Warriors,99,82,2022,17,181,1.0,False,False,3.0,False,False,same_region,0,0,0,10.6,5.8,4.8,2.4,4.5,4.0,0.5,0.25,565,1,0
401360396,2022-01-05,Sacramento Kings,Atlanta Hawks,102,108,2022,-6,210,2.0,False,False,1.0,False,False,east_to_west,1,1,0,-3.0,-8.4,5.4,2.7,-8.3,-5.8,-2.500000000000001,-1.2500000000000004,566,1,0
401360400,2022-01-06,Phoenix Suns,LA Clippers,106,89,2022,17,195,7.0,False,False,4.0,False,False,same_region,0,0,0,9.8,-5.8,15.600000000000001,7.800000000000001,12.1,-6.2,18.3,9.15,567,1,0
401360399,2022-01-06,New Orleans Pelicans,Golden State Warriors,101,96,2022,5,197,1.0,False,True,0.0,True,False,same_region,0,0,0,-9.6,0.6,-10.2,-5.1,-3.6,2.1,-5.7,-2.85,568,1,0
401360398,2022-01-06,Memphis Grizzlies,Detroit Pistons,118,88,2022,30,206,5.0,False,False,0.0,True,True,east_to_west,1,1,0,7.4,-12.6,20.0,10.0,6.4,-8.8,15.200000000000001,7.6000000000000005,569,1,0
401360397,2022-01-06,New York Knicks,Boston Celtics,108,105,2022,3,213,1.0,False,False,9.0,False,False,same_region,0,0,0,-0.6,0.8,-1.4,-0.7,2.4,0.8,1.5999999999999999,0.7999999999999999,570,1,0
401360406,2022-01-07,Oklahoma City Thunder,Minnesota Timberwolves,105,135,2022,-30,240,4.0,False,False,3.0,False,False,same_region,0,0,0,-5.2,0.2,-5.4,-2.7,-1.5,0.6,-2.1,-1.05,571,1,0
401360402,2022-01-07,Brooklyn Nets,Milwaukee Bucks,109,121,2022,-12,230,3.0,False,False,7.0,False,False,same_region,0,0,0,-0.4,8.6,-9.0,-4.5,2.1,4.1,-1.9999999999999996,-0.9999999999999998,572,1,0
401360404,2022-01-07,Chicago Bulls,Washington Wizards,130,122,2022,8,252,3.0,False,False,9.0,False,False,same_region,0,0,0,6.6,1.8,4.8,2.4,1.2,-3.3,4.5,2.25,573,1,0
401360401,2022-01-07,Philadelphia 76ers,San Antonio Spurs,119,100,2022,19,219,3.0,False,False,1.0,False,True,west_to_east,1,0,1,12.8,-8.6,21.4,10.7,1.8,3.9,-2.0999999999999996,-1.0499999999999998,574,1,0
401360409,2022-01-07,Portland Trail Blazers,Cleveland Cavaliers,101,114,2022,-13,215,1.0,False,False,7.0,False,False,east_to_west,1,1,0,-12.8,-4.8,-8.0,-4.0,-7.8,8.6,-16.4,-8.2,575,1,0
401360407,2022-01-07,Denver Nuggets,Sacramento Kings,121,111,2022,10,232,1.0,False,False,2.0,False,False,same_region,0,0,0,-0.2,-5.4,5.2,2.6,-1.6,-7.0,5.4,2.7,576,1,0
401360408,2022-01-07,Los Angeles Lakers,Atlanta Hawks,134,118,2022,16,252,2.0,False,False,1.0,False,False,east_to_west,1,1,0,10.0,-4.4,14.4,7.2,-2.6,-4.6,1.9999999999999996,0.9999999999999998,577,1,0
401360405,2022-01-07,Houston Rockets,Dallas Mavericks,106,130,2022,-24,236,5.0,False,False,4.0,False,False,same_region,0,0,0,-9.8,11.0,-20.8,-10.4,-11.1,6.5,-17.6,-8.8,578,1,0
401360403,2022-01-07,Toronto Raptors,Utah Jazz,122,108,2022,14,230,2.0,False,False,1.0,False,False,west_to_east,1,0,1,9.8,7.4,2.4000000000000004,1.2000000000000002,4.7,6.3,-1.5999999999999996,-0.7999999999999998,579,1,0
401360412,2022-01-08,Detroit Pistons,Orlando Magic,97,92,2022,5,189,6.0,False,False,4.0,False,False,same_region,0,0,0,-11.6,-10.8,-0.7999999999999989,-0.39999999999999947,-10.9,-6.7,-4.2,-2.1,580,1,0
401360411,2022-01-08,Charlotte Hornets,Milwaukee Bucks,114,106,2022,8,220,2.0,False,False,0.0,True,False,same_region,0,0,0,4.8,7.6,-2.8,-1.4,-0.2,5.7,-5.9,-2.95,581,1,0
401360410,2022-01-08,LA Clippers,Memphis Grizzlies,108,123,2022,-15,231,4.0,False,False,3.0,False,False,same_region,0,0,0,-6.0,13.2,-19.2,-9.6,-5.8,7.5,-13.3,-6.65,582,1,0
401360414,2022-01-08,Boston Celtics,New York Knicks,99,75,2022,24,174,2.0,False,False,5.0,False,False,same_region,0,0,0,1.2,-1.6,2.8,1.4,0.9,1.4,-0.4999999999999999,-0.24999999999999994,583,1,0
401360413,2022-01-08,Indiana Pacers,Utah Jazz,125,113,2022,12,238,2.0,False,False,0.0,True,True,west_to_east,1,0,1,-6.4,1.6,-8.0,-4.0,-6.3,5.5,-11.8,-5.9,584,1,0
401360415,2022-01-08,Phoenix Suns,Miami Heat,100,123,2022,-23,223,1.0,False,False,2.0,False,False,east_to_west,1,1,0,13.4,2.8,10.600000000000001,5.300000000000001,11.8,5.6,6.200000000000001,3.1000000000000005,585,1,0
401360420,2022-01-09,Oklahoma City Thunder,Denver Nuggets,95,99,2022,-4,194,1.0,False,False,5.0,False,False,same_region,0,0,0,-10.0,1.2,-11.2,-5.6,-4.6,-1.2,-3.3999999999999995,-1.6999999999999997,586,1,0
401360424,2022-01-09,Portland Trail Blazers,Sacramento Kings,103,88,2022,15,191,1.0,False,False,1.0,False,False,same_region,0,0,0,-12.4,-7.6,-4.800000000000001,-2.4000000000000004,-8.7,-8.7,0.0,0.0,587,1,0
401360423,2022-01-09,Golden State Warriors,Cleveland Cavaliers,96,82,2022,14,178,5.0,False,False,1.0,False,False,east_to_west,1,1,0,-2.2,-1.4,-0.8000000000000003,-0.40000000000000013,0.7,8.8,-8.100000000000001,-4.050000000000001,588,1,0
401360422,2022-01-09,Dallas Mavericks,Chicago Bulls,113,99,2022,14,212,3.0,False,False,7.0,False,False,east_to_west,1,1,0,16.0,5.8,10.2,5.1,9.5,4.3,5.2,2.6,589,1,0
401360425,2022-01-09,Los Angeles Lakers,Memphis Grizzlies,119,127,2022,-8,246,1.0,False,False,0.0,True,False,same_region,0,0,0,11.4,15.2,-3.799999999999999,-1.8999999999999995,0.8,9.5,-8.7,-4.35,590,1,0
401360419,2022-01-09,Houston Rockets,Minnesota Timberwolves,123,141,2022,-18,264,1.0,False,False,1.0,False,False,same_region,0,0,0,-12.8,7.8,-20.6,-10.3,-14.4,1.8,-16.2,-8.1,591,1,0
401360418,2022-01-09,Toronto Raptors,New Orleans Pelicans,105,101,2022,4,206,1.0,False,False,7.0,False,False,west_to_east,1,0,1,13.6,-7.6,21.2,10.6,5.8,-1.6,7.4,3.7,592,1,0
401360417,2022-01-09,Orlando Magic,Washington Wizards,100,102,2022,-2,202,3.0,False,False,1.0,False,False,same_region,0,0,0,-8.4,1.6,-10.0,-5.0,-6.2,-2.7,-3.5,-1.75,593,1,0
401360421,2022-01-09,Brooklyn Nets,San Antonio Spurs,121,119,2022,2,240,1.0,False,False,1.0,False,False,west_to_east,1,0,1,-6.0,-11.2,5.199999999999999,2.5999999999999996,-0.3,1.8,-2.1,-1.05,594,1,0
401360416,2022-01-09,LA Clippers,Atlanta Hawks,106,93,2022,13,199,0.0,True,False,1.0,False,False,east_to_west,1,1,0,-10.8,-5.2,-5.6000000000000005,-2.8000000000000003,-7.2,-7.4,0.20000000000000018,0.10000000000000009,595,1,0
401360427,2022-01-10,Detroit Pistons,Utah Jazz,126,116,2022,10,242,1.0,False,False,1.0,False,True,west_to_east,1,0,1,-8.8,-3.2,-5.6000000000000005,-2.8000000000000003,-9.5,3.3,-12.8,-6.4,596,1,0
401360428,2022-01-10,Boston Celtics,Indiana Pacers,101,98,2022,3,199,1.0,False,False,5.0,False,False,same_region,0,0,0,7.8,-2.4,10.2,5.1,2.6,-3.6,6.2,3.1,597,1,0
401360426,2022-01-10,Charlotte Hornets,Milwaukee Bucks,103,99,2022,4,202,1.0,False,False,1.0,False,True,same_region,0,0,0,1.6,2.4,-0.7999999999999998,-0.3999999999999999,-1.0,7.8,-8.8,-4.4,598,1,0
401360530,2022-01-10,Houston Rockets,Philadelphia 76ers,91,111,2022,-20,202,0.0,True,True,4.0,False,False,east_to_west,1,1,0,-14.4,12.4,-26.8,-13.4,-14.7,7.2,-21.9,-10.95,599,1,0
401360430,2022-01-10,Sacramento Kings,Cleveland Cavaliers,108,109,2022,-1,217,4.0,False,False,0.0,True,True,east_to_west,1,1,0,-7.4,-0.8,-6.6000000000000005,-3.3000000000000003,-8.7,3.9,-12.6,-6.3,600,1,0
401401133,2022-01-10,Portland Trail Blazers,Brooklyn Nets,114,108,2022,6,222,0.0,True,True,4.0,False,False,east_to_west,1,1,0,-6.4,-4.0,-2.4000000000000004,-1.2000000000000002,-6.2,-0.3,-5.9,-2.95,601,1,0
401360429,2022-01-10,New York Knicks,San Antonio Spurs,111,96,2022,15,207,3.0,False,False,0.0,True,True,west_to_east,1,0,1,-8.2,-9.0,0.8000000000000007,0.40000000000000036,-0.3,2.3,-2.5999999999999996,-1.2999999999999998,602,1,0
401360435,2022-01-11,LA Clippers,Denver Nuggets,87,85,2022,2,172,1.0,False,True,1.0,False,False,same_region,0,0,0,-6.6,1.4,-8.0,-4.0,-3.5,0.9,-4.4,-2.2,603,1,0
401360434,2022-01-11,New Orleans Pelicans,Minnesota Timberwolves,128,125,2022,3,253,4.0,False,False,1.0,False,False,same_region,0,0,0,-9.2,13.8,-23.0,-11.5,-2.3,3.0,-5.3,-2.65,604,1,0
401401138,2022-01-11,Chicago Bulls,Detroit Pistons,133,87,2022,46,220,3.0,False,False,4.0,False,False,same_region,0,0,0,0.2,-7.0,7.2,3.6,5.5,-9.5,15.0,7.5,605,1,0
401360431,2022-01-11,Washington Wizards,Oklahoma City Thunder,122,118,2022,4,240,5.0,False,False,5.0,False,False,west_to_east,1,0,1,-1.4,-7.2,5.800000000000001,2.9000000000000004,-0.5,-5.3,4.8,2.4,606,1,0
401360432,2022-01-11,Toronto Raptors,Phoenix Suns,95,99,2022,-4,194,1.0,False,False,6.0,False,False,west_to_east,1,0,1,12.8,5.2,7.6000000000000005,3.8000000000000003,3.9,6.4,-2.5000000000000004,-1.2500000000000002,607,1,0
401360433,2022-01-11,Memphis Grizzlies,Golden State Warriors,116,108,2022,8,224,4.0,False,False,4.0,False,False,same_region,0,0,0,14.2,1.2,13.0,6.5,10.6,1.7,8.9,4.45,608,1,0
401360437,2022-01-12,Indiana Pacers,Boston Celtics,100,119,2022,-19,219,3.0,False,False,5.0,False,False,same_region,0,0,0,-2.6,5.4,-8.0,-4.0,-4.8,3.4,-8.2,-4.1,609,1,0
401360440,2022-01-12,Atlanta Hawks,Miami Heat,91,115,2022,-24,206,15.0,False,False,3.0,False,False,same_region,0,0,0,-5.0,6.0,-11.0,-5.5,-6.9,6.9,-13.8,-6.9,610,1,0
401360439,2022-01-12,Washington Wizards,Orlando Magic,112,106,2022,6,218,0.0,True,False,3.0,False,False,same_region,0,0,0,-0.4,-5.2,4.8,2.4,-0.7,-7.1,6.3999999999999995,3.1999999999999997,611,1,0
401360443,2022-01-12,Utah Jazz,Cleveland Cavaliers,91,111,2022,-20,202,10.0,False,False,1.0,False,True,east_to_west,1,1,0,-3.8,0.0,-3.8,-1.9,1.1,1.1,0.0,0.0,612,1,0
401360438,2022-01-12,Philadelphia 76ers,Charlotte Hornets,98,109,2022,-11,207,4.0,False,False,8.0,False,False,same_region,0,0,0,15.4,0.8,14.6,7.3,9.7,0.3,9.399999999999999,4.699999999999999,613,1,0
401360442,2022-01-12,San Antonio Spurs,Houston Rockets,124,128,2022,-4,252,15.0,False,False,6.0,False,False,same_region,0,0,0,-11.8,-15.8,4.0,2.0,-1.6,-14.7,13.1,6.55,614,1,0
401360441,2022-01-12,New York Knicks,Dallas Mavericks,108,85,2022,23,193,1.0,False,False,4.0,False,False,west_to_east,1,0,1,-2.2,15.6,-17.8,-8.9,-0.2,9.7,-9.899999999999999,-4.949999999999999,615,1,0
401360445,2022-01-12,Sacramento Kings,Los Angeles Lakers,125,116,2022,9,241,1.0,False,False,13.0,False,False,same_region,0,0,0,-8.0,10.8,-18.8,-9.4,-7.2,0.5,-7.7,-3.85,616,1,0
401360444,2022-01-12,Chicago Bulls,Brooklyn Nets,112,138,2022,-26,250,0.0,True,False,1.0,False,False,same_region,0,0,0,9.0,-4.4,13.4,6.7,9.6,-1.8,11.4,5.7,617,1,0
401360450,2022-01-13,Denver Nuggets,Portland Trail Blazers,140,108,2022,32,248,5.0,False,False,12.0,False,False,same_region,0,0,0,-1.6,1.4,-3.0,-1.5,-1.1,-6.5,5.4,2.7,618,1,0
401360448,2022-01-13,New Orleans Pelicans,LA Clippers,113,89,2022,24,202,1.0,False,False,6.0,False,False,same_region,0,0,0,-4.0,-7.0,3.0,1.5,-2.4,-4.9,2.5000000000000004,1.2500000000000002,619,1,0
401360446,2022-01-13,Milwaukee Bucks,Golden State Warriors,118,99,2022,19,217,7.0,False,False,1.0,False,False,west_to_east,1,0,1,-3.0,-1.8,-1.2,-0.6,5.4,2.8,2.6000000000000005,1.3000000000000003,620,1,0
401360447,2022-01-13,Memphis Grizzlies,Minnesota Timberwolves,116,108,2022,8,224,1.0,False,False,1.0,False,False,same_region,0,0,0,13.0,14.2,-1.1999999999999993,-0.5999999999999996,12.3,3.9,8.4,4.2,621,1,0
401360449,2022-01-13,Brooklyn Nets,Oklahoma City Thunder,109,130,2022,-21,239,3.0,False,False,1.0,False,False,west_to_east,1,0,1,3.6,-11.0,14.6,7.3,1.5,-7.1,8.6,4.3,622,1,0
401360456,2022-01-14,Chicago Bulls,Golden State Warriors,96,138,2022,-42,234,1.0,False,True,0.0,True,True,west_to_east,1,0,1,3.6,-7.0,10.6,5.3,5.5,-0.6,6.1,3.05,623,1,0
401360457,2022-01-14,San Antonio Spurs,Cleveland Cavaliers,109,114,2022,-5,223,1.0,False,False,1.0,False,False,east_to_west,1,1,0,-7.6,3.2,-10.8,-5.4,-4.8,4.1,-8.899999999999999,-4.449999999999999,624,1,0
401360459,2022-01-14,Sacramento Kings,Houston Rockets,126,114,2022,12,240,1.0,False,False,1.0,False,False,same_region,0,0,0,-4.6,-11.0,6.4,3.2,-3.8,-13.1,9.3,4.65,625,1,0
401360455,2022-01-14,Miami Heat,Atlanta Hawks,124,118,2022,6,242,16.0,False,False,4.0,False,False,same_region,0,0,0,8.8,-10.4,19.200000000000003,9.600000000000001,10.3,-8.7,19.0,9.5,626,1,0
401360453,2022-01-14,Indiana Pacers,Phoenix Suns,94,112,2022,-18,206,1.0,False,False,2.0,False,False,west_to_east,1,0,1,-5.6,9.0,-14.6,-7.3,-3.8,5.0,-8.8,-4.4,627,1,0
401360454,2022-01-14,Philadelphia 76ers,Boston Celtics,111,99,2022,12,210,1.0,False,False,1.0,False,False,same_region,0,0,0,11.6,8.2,3.4000000000000004,1.7000000000000002,9.5,4.3,5.2,2.6,628,1,0
401360452,2022-01-14,Detroit Pistons,Toronto Raptors,103,87,2022,16,190,3.0,False,False,8.0,False,False,same_region,0,0,0,-18.0,9.0,-27.0,-13.5,-12.7,3.7,-16.4,-8.2,629,1,0
401360451,2022-01-14,Charlotte Hornets,Orlando Magic,109,116,2022,-7,225,3.0,False,False,1.0,False,False,same_region,0,0,0,9.8,-5.4,15.200000000000001,7.6000000000000005,4.5,-8.3,12.8,6.4,630,1,0
401360458,2022-01-14,Memphis Grizzlies,Dallas Mavericks,85,112,2022,-27,197,0.0,True,True,1.0,False,False,same_region,0,0,0,13.8,9.2,4.600000000000001,2.3000000000000007,10.6,8.1,2.5,1.25,631,1,0
401360469,2022-01-15,Dallas Mavericks,Orlando Magic,108,92,2022,16,200,5.0,False,False,0.0,True,True,east_to_west,1,1,0,11.8,-3.2,15.0,7.5,11.2,-7.0,18.2,9.1,632,1,0
401360460,2022-01-15,Milwaukee Bucks,Toronto Raptors,96,103,2022,-7,199,1.0,False,False,0.0,True,False,same_region,0,0,0,2.6,0.8,1.8,0.9,6.6,0.2,6.3999999999999995,3.1999999999999997,633,1,0
401360462,2022-01-15,Atlanta Hawks,New York Knicks,108,117,2022,-9,225,2.0,False,False,6.0,False,False,same_region,0,0,0,-10.6,5.4,-16.0,-8.0,-9.5,2.8,-12.3,-6.15,634,1,0
401360463,2022-01-15,Brooklyn Nets,New Orleans Pelicans,120,105,2022,15,225,1.0,False,False,5.0,False,False,west_to_east,1,0,1,-2.2,3.0,-5.2,-2.6,-1.3,-1.4,0.09999999999999987,0.04999999999999993,635,1,0
401360461,2022-01-15,Washington Wizards,Portland Trail Blazers,110,115,2022,-5,225,2.0,False,False,1.0,False,False,west_to_east,1,0,1,0.2,-6.0,6.2,3.1,-0.8,-10.2,9.399999999999999,4.699999999999999,636,1,0
401360465,2022-01-15,Oklahoma City Thunder,Cleveland Cavaliers,102,107,2022,-5,209,5.0,False,False,0.0,True,True,east_to_west,1,1,0,-5.0,5.0,-10.0,-5.0,-3.8,0.1,-3.9,-1.95,637,1,0
401360466,2022-01-15,Boston Celtics,Chicago Bulls,114,112,2022,2,226,4.0,False,False,5.0,False,False,same_region,0,0,0,6.2,-5.6,11.8,5.9,3.5,0.5,3.0,1.5,638,1,0
401360468,2022-01-15,Denver Nuggets,Los Angeles Lakers,133,96,2022,37,229,1.0,False,False,2.0,False,False,same_region,0,0,0,7.6,2.4,5.199999999999999,2.5999999999999996,3.5,1.4,2.1,1.05,639,1,0
401360464,2022-01-15,Miami Heat,Philadelphia 76ers,98,109,2022,-11,207,0.0,True,False,4.0,False,False,same_region,0,0,0,10.4,10.0,0.40000000000000036,0.20000000000000018,8.0,10.2,-2.1999999999999993,-1.0999999999999996,640,1,0
401360467,2022-01-15,San Antonio Spurs,LA Clippers,101,94,2022,7,195,0.0,True,True,1.0,False,False,same_region,0,0,0,-9.0,-8.2,-0.8000000000000007,-0.40000000000000036,-8.8,-7.0,-1.8000000000000007,-0.9000000000000004,641,1,0
401360436,2022-01-16,Detroit Pistons,Phoenix Suns,108,135,2022,-27,243,1.0,False,False,1.0,False,False,west_to_east,1,0,1,-9.0,5.8,-14.8,-7.4,-10.8,5.6,-16.4,-8.2,642,1,0
401360472,2022-01-16,Denver Nuggets,Utah Jazz,102,125,2022,-23,227,0.0,True,True,5.0,False,False,same_region,0,0,0,16.2,-10.0,26.2,13.1,8.0,-1.3,9.3,4.65,643,1,0
401360471,2022-01-16,Minnesota Timberwolves,Golden State Warriors,119,99,2022,20,218,10.0,False,False,1.0,False,True,same_region,0,0,0,9.0,4.8,4.2,2.1,4.3,2.7,1.5999999999999996,0.7999999999999998,644,1,0
401360470,2022-01-16,Sacramento Kings,Houston Rockets,112,118,2022,-6,230,1.0,False,False,1.0,False,False,same_region,0,0,0,-1.0,-14.0,13.0,6.5,-3.2,-11.9,8.7,4.35,645,1,0
401360478,2022-01-17,LA Clippers,Indiana Pacers,139,133,2022,6,272,5.0,False,False,6.0,False,False,east_to_west,1,1,0,-6.2,-7.2,1.0,0.5,-6.1,-6.8,0.7000000000000002,0.3500000000000001,646,1,0
401360476,2022-01-17,Cleveland Cavaliers,Brooklyn Nets,114,107,2022,7,221,12.0,False,False,4.0,False,False,same_region,0,0,0,3.4,3.2,0.19999999999999973,0.09999999999999987,1.0,-1.4,2.4,1.2,647,1,0
401360474,2022-01-17,New York Knicks,Charlotte Hornets,87,97,2022,-10,184,4.0,False,False,4.0,False,False,same_region,0,0,0,5.2,9.0,-3.8,-1.9,2.3,4.8,-2.5,-1.25,648,1,0
401360475,2022-01-17,Washington Wizards,Philadelphia 76ers,117,98,2022,19,215,1.0,False,False,1.0,False,False,same_region,0,0,0,-0.2,10.2,-10.399999999999999,-5.199999999999999,0.8,11.5,-10.7,-5.35,649,1,0
401360477,2022-01-17,Memphis Grizzlies,Chicago Bulls,119,106,2022,13,225,2.0,False,False,1.0,False,False,east_to_west,1,1,0,2.4,-7.6,10.0,5.0,7.8,-0.9,8.7,4.35,650,1,0
401360473,2022-01-17,Boston Celtics,New Orleans Pelicans,104,92,2022,12,196,1.0,False,False,1.0,False,False,west_to_east,1,0,1,7.2,2.6,4.6,2.3,4.2,-3.5,7.7,3.85,651,1,0
401360481,2022-01-17,Miami Heat,Toronto Raptors,104,99,2022,5,203,1.0,False,True,1.0,False,True,same_region,0,0,0,9.6,1.0,8.6,4.3,6.6,5.4,1.1999999999999993,0.5999999999999996,652,1,0
401360482,2022-01-17,Dallas Mavericks,Oklahoma City Thunder,104,102,2022,2,206,1.0,False,False,3.0,False,False,same_region,0,0,0,11.6,-4.4,16.0,8.0,11.3,-4.8,16.1,8.05,653,1,0
401360483,2022-01-17,San Antonio Spurs,Phoenix Suns,107,121,2022,-14,228,1.0,False,True,0.0,True,True,same_region,0,0,0,-3.8,8.6,-12.399999999999999,-6.199999999999999,-7.5,9.2,-16.7,-8.35,654,1,0
401360484,2022-01-17,Los Angeles Lakers,Utah Jazz,101,95,2022,6,196,7.0,False,False,0.0,True,False,same_region,0,0,0,-6.0,-6.6,0.5999999999999996,0.2999999999999998,0.5,0.4,0.09999999999999998,0.04999999999999999,655,1,0
401360479,2022-01-17,Atlanta Hawks,Milwaukee Bucks,121,114,2022,7,235,1.0,False,False,6.0,False,False,same_region,0,0,0,-13.6,2.4,-16.0,-8.0,-9.0,5.5,-14.5,-7.25,656,1,0
401360480,2022-01-17,Orlando Magic,Portland Trail Blazers,88,98,2022,-10,186,7.0,False,False,1.0,False,False,west_to_east,1,0,1,-4.4,-3.8,-0.6000000000000005,-0.30000000000000027,-7.6,-8.3,0.7000000000000011,0.35000000000000053,657,1,0
401360486,2022-01-18,Golden State Warriors,Detroit Pistons,102,86,2022,16,188,8.0,False,False,6.0,False,False,east_to_west,1,1,0,1.8,-8.4,10.200000000000001,5.1000000000000005,-0.2,-10.0,9.8,4.9,658,1,0
401360485,2022-01-18,New York Knicks,Minnesota Timberwolves,110,112,2022,-2,222,0.0,True,False,4.0,False,False,west_to_east,1,0,1,2.6,11.4,-8.8,-4.4,0.5,5.8,-5.3,-2.65,659,1,0
401360494,2022-01-19,Dallas Mavericks,Toronto Raptors,102,98,2022,4,200,1.0,False,False,1.0,False,False,east_to_west,1,1,0,7.2,-2.8,10.0,5.0,11.6,5.4,6.199999999999999,3.0999999999999996,660,1,0
401360499,2022-01-19,Los Angeles Lakers,Indiana Pacers,104,111,2022,-7,215,1.0,False,False,1.0,False,False,east_to_west,1,1,0,-6.4,-6.8,0.39999999999999947,0.19999999999999973,1.8,-6.6,8.4,4.2,661,1,0
401360498,2022-01-19,Sacramento Kings,Detroit Pistons,131,133,2022,-2,264,2.0,False,False,0.0,True,False,east_to_west,1,1,0,-0.2,-12.6,12.4,6.2,-3.9,-10.7,6.799999999999999,3.3999999999999995,662,1,0
401360492,2022-01-19,Chicago Bulls,Cleveland Cavaliers,117,104,2022,13,221,4.0,False,False,3.0,False,False,same_region,0,0,0,-7.4,7.6,-15.0,-7.5,-3.6,3.4,-7.0,-3.5,663,1,0
401360496,2022-01-19,Utah Jazz,Houston Rockets,111,116,2022,-5,227,6.0,False,False,2.0,False,False,same_region,0,0,0,-5.0,-8.0,3.0,1.5,-1.7,-10.4,8.700000000000001,4.3500000000000005,664,1,0
401360493,2022-01-19,Milwaukee Bucks,Memphis Grizzlies,126,114,2022,12,240,3.0,False,False,9.0,False,False,west_to_east,1,0,1,-1.4,2.0,-3.4,-1.7,3.1,8.6,-5.5,-2.75,665,1,0
401360487,2022-01-19,Philadelphia 76ers,Orlando Magic,123,110,2022,13,233,4.0,False,False,3.0,False,False,same_region,0,0,0,2.6,-5.4,8.0,4.0,7.5,-6.9,14.4,7.2,666,1,0
401360491,2022-01-19,Miami Heat,Portland Trail Blazers,104,92,2022,12,196,1.0,False,False,1.0,False,False,west_to_east,1,0,1,9.4,0.8,8.6,4.3,6.1,-5.8,11.899999999999999,5.949999999999999,667,1,0
401360489,2022-01-19,Atlanta Hawks,Minnesota Timberwolves,134,122,2022,12,256,1.0,False,False,0.0,True,False,west_to_east,1,0,1,-9.0,5.8,-14.8,-7.4,-7.1,6.8,-13.899999999999999,-6.949999999999999,668,1,0
401360488,2022-01-19,Washington Wizards,Brooklyn Nets,118,119,2022,-1,237,1.0,False,False,1.0,False,False,same_region,0,0,0,5.2,1.4,3.8000000000000003,1.9000000000000001,3.4,-1.3,4.7,2.35,669,1,0
401360497,2022-01-19,Denver Nuggets,LA Clippers,130,128,2022,2,258,2.0,False,False,3.0,False,False,same_region,0,0,0,9.6,-2.0,11.6,5.8,5.4,-6.4,11.8,5.9,670,1,0
401360495,2022-01-19,San Antonio Spurs,Oklahoma City Thunder,118,96,2022,22,214,1.0,False,False,1.0,False,False,same_region,0,0,0,-6.2,1.2,-7.4,-3.7,-7.6,-4.4,-3.1999999999999993,-1.5999999999999996,671,1,0
401360490,2022-01-19,Boston Celtics,Charlotte Hornets,102,111,2022,-9,213,1.0,False,False,1.0,False,False,same_region,0,0,0,4.8,5.2,-0.40000000000000036,-0.20000000000000018,6.3,5.0,1.2999999999999998,0.6499999999999999,672,1,0
401360500,2022-01-20,New York Knicks,New Orleans Pelicans,91,102,2022,-11,193,1.0,False,True,2.0,False,False,west_to_east,1,0,1,7.0,-0.8,7.8,3.9,-0.6,-4.2,3.6,1.8,673,1,0
401360502,2022-01-20,Golden State Warriors,Indiana Pacers,117,121,2022,-4,238,1.0,False,False,0.0,True,True,east_to_west,1,1,0,2.2,-7.8,10.0,5.0,1.7,-5.1,6.8,3.4,674,1,0
401360501,2022-01-20,Dallas Mavericks,Phoenix Suns,101,109,2022,-8,210,0.0,True,True,2.0,False,False,same_region,0,0,0,5.2,8.0,-2.8,-1.4,10.4,10.7,-0.29999999999999893,-0.14999999999999947,675,1,0
401360506,2022-01-21,Atlanta Hawks,Miami Heat,110,108,2022,2,218,1.0,False,False,8.0,False,False,same_region,0,0,0,-4.0,7.2,-11.2,-5.6,-4.5,6.6,-11.1,-5.55,676,1,0
401360508,2022-01-21,Washington Wizards,Toronto Raptors,105,109,2022,-4,214,1.0,False,False,1.0,False,False,same_region,0,0,0,4.6,-4.4,9.0,4.5,1.6,4.2,-2.6,-1.3,677,1,0
401360504,2022-01-21,Orlando Magic,Los Angeles Lakers,105,116,2022,-11,221,3.0,False,False,5.0,False,False,west_to_east,1,0,1,-7.6,-11.0,3.4000000000000004,1.7000000000000002,-6.4,0.2,-6.6000000000000005,-3.3000000000000003,678,1,0
401360505,2022-01-21,Philadelphia 76ers,LA Clippers,101,102,2022,-1,203,1.0,False,False,1.0,False,False,west_to_east,1,0,1,1.2,-5.0,6.2,3.1,8.3,-5.8,14.100000000000001,7.050000000000001,679,1,0
401360503,2022-01-21,Charlotte Hornets,Oklahoma City Thunder,121,98,2022,23,219,6.0,False,False,1.0,False,False,west_to_east,1,0,1,5.4,-2.4,7.800000000000001,3.9000000000000004,3.5,-4.8,8.3,4.15,680,1,0
401360511,2022-01-21,Denver Nuggets,Memphis Grizzlies,118,122,2022,-4,240,1.0,False,False,1.0,False,False,same_region,0,0,0,9.2,-2.0,11.2,5.6,5.3,6.1,-0.7999999999999998,-0.3999999999999999,681,1,0
401360509,2022-01-21,Milwaukee Bucks,Chicago Bulls,94,90,2022,4,184,1.0,False,False,3.0,False,False,same_region,0,0,0,2.6,-14.0,16.6,8.3,2.5,-2.5,5.0,2.5,682,1,0
401360510,2022-01-21,San Antonio Spurs,Brooklyn Nets,102,117,2022,-15,219,1.0,False,False,1.0,False,False,east_to_west,1,1,0,1.2,2.8,-1.5999999999999999,-0.7999999999999999,-5.3,-0.8,-4.5,-2.25,683,1,0
401360507,2022-01-21,Boston Celtics,Portland Trail Blazers,105,109,2022,-4,214,1.0,False,False,1.0,False,False,west_to_east,1,0,1,2.4,-4.6,7.0,3.5,3.9,-5.5,9.4,4.7,684,1,0
401360512,2022-01-21,Utah Jazz,Detroit Pistons,111,101,2022,10,212,1.0,False,False,1.0,False,True,east_to_west,1,1,0,-3.6,-14.2,10.6,5.3,-3.4,-10.6,7.199999999999999,3.5999999999999996,685,1,0
401360513,2022-01-21,Golden State Warriors,Houston Rockets,105,103,2022,2,208,0.0,True,True,1.0,False,False,same_region,0,0,0,3.0,-3.4,6.4,3.2,0.6,-8.9,9.5,4.75,686,1,0
401360516,2022-01-22,Phoenix Suns,Indiana Pacers,113,103,2022,10,216,13.0,False,False,1.0,False,True,east_to_west,1,1,0,14.2,-6.4,20.6,10.3,9.7,-4.5,14.2,7.1,687,1,0
401360514,2022-01-22,Cleveland Cavaliers,Oklahoma City Thunder,94,87,2022,7,181,4.0,False,False,0.0,True,True,west_to_east,1,0,1,4.8,-6.2,11.0,5.5,2.4,-8.6,11.0,5.5,688,1,0
401360515,2022-01-22,Milwaukee Bucks,Sacramento Kings,133,127,2022,6,260,0.0,True,True,12.0,False,False,west_to_east,1,0,1,4.2,2.4,1.8000000000000003,0.9000000000000001,0.6,-2.5,3.1,1.55,689,1,0
401360517,2022-01-23,New York Knicks,LA Clippers,110,102,2022,8,212,2.0,False,False,1.0,False,False,west_to_east,1,0,1,1.8,-5.2,7.0,3.5,-0.2,-6.1,5.8999999999999995,2.9499999999999997,690,1,0
401360521,2022-01-23,Toronto Raptors,Portland Trail Blazers,105,114,2022,-9,219,11.0,False,False,1.0,False,False,west_to_east,1,0,1,-2.8,-5.0,2.2,1.1,3.1,-1.8,4.9,2.45,691,1,0
401360527,2022-01-23,Golden State Warriors,Utah Jazz,94,92,2022,2,186,1.0,False,True,5.0,False,False,same_region,0,0,0,7.2,0.4,6.8,3.4,0.1,-1.7,1.8,0.9,692,1,0
401360520,2022-01-23,Orlando Magic,Chicago Bulls,114,95,2022,19,209,1.0,False,False,1.0,False,False,same_region,0,0,0,-8.6,-9.6,1.0,0.5,-7.0,-3.0,-4.0,-2.0,693,1,0
401360524,2022-01-23,Dallas Mavericks,Memphis Grizzlies,104,91,2022,13,195,2.0,False,False,1.0,False,False,same_region,0,0,0,8.2,-2.8,11.0,5.5,8.7,5.1,3.5999999999999996,1.7999999999999998,694,1,0
401360519,2022-01-23,Miami Heat,Los Angeles Lakers,113,107,2022,6,220,3.0,False,False,1.0,False,False,west_to_east,1,0,1,2.0,-7.2,9.2,4.6,5.4,1.8,3.6000000000000005,1.8000000000000003,695,1,0
401360523,2022-01-23,San Antonio Spurs,Philadelphia 76ers,109,115,2022,-6,224,1.0,False,False,5.0,False,False,east_to_west,1,1,0,-1.0,3.2,-4.2,-2.1,-4.3,7.4,-11.7,-5.85,696,1,0
401360526,2022-01-23,Denver Nuggets,Detroit Pistons,117,111,2022,6,228,1.0,False,False,1.0,False,False,east_to_west,1,1,0,8.8,-7.0,15.8,7.9,3.6,-12.5,16.1,8.05,697,1,0
401360522,2022-01-23,Charlotte Hornets,Atlanta Hawks,91,113,2022,-22,204,1.0,False,False,8.0,False,False,same_region,0,0,0,9.2,1.2,7.999999999999999,3.9999999999999996,5.0,-4.6,9.6,4.8,698,1,0
401360525,2022-01-23,Minnesota Timberwolves,Brooklyn Nets,136,125,2022,11,261,6.0,False,False,1.0,False,False,east_to_west,1,1,0,-0.2,0.6,-0.8,-0.4,6.8,2.1,4.699999999999999,2.3499999999999996,699,1,0
401360518,2022-01-23,Washington Wizards,Boston Celtics,87,116,2022,-29,203,1.0,False,False,8.0,False,False,same_region,0,0,0,3.0,-2.2,5.2,2.6,1.3,3.0,-1.7,-0.85,700,1,0
401360531,2022-01-24,New Orleans Pelicans,Indiana Pacers,117,113,2022,4,230,10.0,False,False,1.0,False,False,east_to_west,1,1,0,2.2,-4.6,6.8,3.4,-3.5,-5.1,1.5999999999999996,0.7999999999999998,701,1,0
401360528,2022-01-24,Cleveland Cavaliers,New York Knicks,95,93,2022,2,188,1.0,False,False,8.0,False,False,same_region,0,0,0,2.2,-1.2,3.4000000000000004,1.7000000000000002,2.7,2.1,0.6000000000000001,0.30000000000000004,702,1,0
401360532,2022-01-24,Phoenix Suns,Utah Jazz,115,109,2022,6,224,1.0,False,False,0.0,True,False,same_region,0,0,0,15.4,4.0,11.4,5.7,12.2,-3.0,15.2,7.6,703,1,0
401360549,2022-01-24,Oklahoma City Thunder,Chicago Bulls,110,111,2022,-1,221,8.0,False,False,0.0,True,True,east_to_west,1,1,0,-11.8,-5.0,-6.800000000000001,-3.4000000000000004,-8.4,-5.3,-3.1000000000000005,-1.5500000000000003,704,1,0
401360540,2022-01-25,Portland Trail Blazers,Minnesota Timberwolves,107,109,2022,-2,216,14.0,False,False,5.0,False,False,same_region,0,0,0,3.2,2.6,0.6000000000000001,0.30000000000000004,-1.4,8.4,-9.8,-4.9,705,1,0
401360534,2022-01-25,Toronto Raptors,Charlotte Hornets,125,113,2022,12,238,1.0,False,False,5.0,False,False,same_region,0,0,0,-1.4,2.6,-4.0,-2.0,-0.3,6.2,-6.5,-3.25,706,1,0
401360535,2022-01-25,Washington Wizards,LA Clippers,115,116,2022,-1,231,1.0,False,False,1.0,False,False,west_to_east,1,0,1,-4.0,-2.0,-2.0,-1.0,-1.9,-5.1,3.1999999999999997,1.5999999999999999,707,1,0
401401137,2022-01-25,Philadelphia 76ers,New Orleans Pelicans,117,107,2022,10,224,3.0,False,False,4.0,False,False,west_to_east,1,0,1,2.0,2.4,-0.3999999999999999,-0.19999999999999996,6.0,-0.8,6.8,3.4,708,1,0
401360538,2022-01-25,Houston Rockets,San Antonio Spurs,104,134,2022,-30,238,14.0,False,False,14.0,False,False,same_region,0,0,0,0.2,-1.2,1.4,0.7,-7.8,-5.1,-2.7,-1.35,709,1,0
401360537,2022-01-25,Brooklyn Nets,Los Angeles Lakers,96,106,2022,-10,202,9.0,False,False,1.0,False,False,west_to_east,1,0,1,2.6,-6.6,9.2,4.6,0.2,-2.1,2.3000000000000003,1.1500000000000001,710,1,0
401360536,2022-01-25,Boston Celtics,Sacramento Kings,128,75,2022,53,203,3.0,False,False,2.0,False,False,west_to_east,1,0,1,6.0,1.4,4.6,2.3,6.1,-3.3,9.399999999999999,4.699999999999999,711,1,0
401360533,2022-01-25,Detroit Pistons,Denver Nuggets,105,110,2022,-5,215,8.0,False,False,13.0,False,False,west_to_east,1,0,1,-11.4,3.6,-15.0,-7.5,-10.2,5.6,-15.799999999999999,-7.8999999999999995,712,1,0
401360539,2022-01-25,Golden State Warriors,Dallas Mavericks,130,92,2022,38,222,1.0,False,False,10.0,False,False,same_region,0,0,0,-0.8,5.4,-6.2,-3.1,2.0,8.6,-6.6,-3.3,713,1,0
401360543,2022-01-26,Orlando Magic,LA Clippers,102,111,2022,-9,213,2.0,False,False,0.0,True,True,west_to_east,1,0,1,-6.2,-0.4,-5.8,-2.9,-4.7,-3.3,-1.4000000000000004,-0.7000000000000002,714,1,0
401360541,2022-01-26,Cleveland Cavaliers,Milwaukee Bucks,115,99,2022,16,214,1.0,False,False,8.0,False,False,same_region,0,0,0,1.6,1.6,0.0,0.0,3.3,2.1,1.1999999999999997,0.5999999999999999,715,1,0
401360542,2022-01-26,Indiana Pacers,Charlotte Hornets,126,158,2022,-32,284,11.0,False,False,0.0,True,False,same_region,0,0,0,-1.8,1.6,-3.4000000000000004,-1.7000000000000002,-4.5,5.3,-9.8,-4.9,716,1,0
401360546,2022-01-26,Miami Heat,New York Knicks,110,96,2022,14,206,2.0,False,False,1.0,False,False,same_region,0,0,0,2.0,-3.4,5.4,2.7,6.2,0.9,5.3,2.65,717,1,0
401360544,2022-01-26,Atlanta Hawks,Sacramento Kings,121,104,2022,17,225,4.0,False,False,0.0,True,False,west_to_east,1,0,1,6.8,-11.0,17.8,8.9,-1.9,-7.8,5.9,2.95,718,1,0
401401140,2022-01-26,Chicago Bulls,Toronto Raptors,111,105,2022,6,216,6.0,False,False,4.0,False,False,same_region,0,0,0,-4.4,-0.4,-4.0,-2.0,-6.0,0.3,-6.3,-3.15,719,1,0
401360550,2022-01-26,Utah Jazz,Phoenix Suns,97,105,2022,-8,202,4.0,False,False,5.0,False,False,same_region,0,0,0,-1.8,13.0,-14.8,-7.4,-4.2,9.4,-13.600000000000001,-6.800000000000001,720,1,0
401360551,2022-01-26,Portland Trail Blazers,Dallas Mavericks,112,132,2022,-20,244,0.0,True,False,0.0,True,False,same_region,0,0,0,1.8,-5.4,7.2,3.6,-1.0,3.1,-4.1,-2.05,721,1,0
401401134,2022-01-26,Brooklyn Nets,Denver Nuggets,118,124,2022,-6,242,0.0,True,False,0.0,True,False,west_to_east,1,0,1,-2.4,-2.8,0.3999999999999999,0.19999999999999996,0.4,6.7,-6.3,-3.15,722,1,0
401360547,2022-01-26,San Antonio Spurs,Memphis Grizzlies,110,118,2022,-8,228,2.0,False,False,2.0,False,False,same_region,0,0,0,3.4,-7.0,10.4,5.2,-0.2,3.4,-3.6,-1.8,723,1,0
401360553,2022-01-27,Golden State Warriors,Minnesota Timberwolves,124,115,2022,9,239,1.0,False,False,1.0,False,False,same_region,0,0,0,10.8,4.6,6.200000000000001,3.1000000000000005,6.3,6.8,-0.5,-0.25,724,1,0
401360552,2022-01-27,Philadelphia 76ers,Los Angeles Lakers,105,87,2022,18,192,1.0,False,False,1.0,False,False,west_to_east,1,0,1,1.8,2.8,-0.9999999999999998,-0.4999999999999999,6.0,-1.6,7.6,3.8,725,1,0
401360556,2022-01-28,Atlanta Hawks,Boston Celtics,108,92,2022,16,200,1.0,False,False,4.0,False,False,same_region,0,0,0,12.0,16.2,-4.199999999999999,-2.0999999999999996,-0.8,11.7,-12.5,-6.25,726,1,0
401360548,2022-01-28,New Orleans Pelicans,Denver Nuggets,105,116,2022,-11,221,3.0,False,False,1.0,False,True,same_region,0,0,0,-4.4,3.0,-7.4,-3.7,-0.7,6.3,-7.0,-3.5,727,1,0
401360561,2022-01-28,San Antonio Spurs,Chicago Bulls,131,122,2022,9,253,1.0,False,False,3.0,False,False,east_to_west,1,1,0,4.6,-0.6,5.199999999999999,2.5999999999999996,-0.8,-4.0,3.2,1.6,728,1,0
401360554,2022-01-28,Charlotte Hornets,Los Angeles Lakers,117,114,2022,3,231,4.0,False,False,0.0,True,True,west_to_east,1,0,1,6.0,-2.0,8.0,4.0,5.6,-4.2,9.8,4.9,729,1,0
401360557,2022-01-28,Miami Heat,LA Clippers,121,114,2022,7,235,1.0,False,False,1.0,False,True,west_to_east,1,0,1,7.0,0.2,6.8,3.4,8.3,-0.9,9.200000000000001,4.6000000000000005,730,1,0
401360563,2022-01-28,Milwaukee Bucks,New York Knicks,123,108,2022,15,231,5.0,False,False,1.0,False,False,same_region,0,0,0,-0.2,-4.2,4.0,2.0,1.1,-0.8,1.9000000000000001,0.9500000000000001,731,1,0
401360559,2022-01-28,Memphis Grizzlies,Utah Jazz,119,109,2022,10,228,10.0,False,False,3.0,False,False,same_region,0,0,0,0.0,-2.2,2.2,1.1,1.2,-3.6,4.8,2.4,732,1,0
401360562,2022-01-28,Phoenix Suns,Minnesota Timberwolves,134,124,2022,10,258,3.0,False,False,0.0,True,True,same_region,0,0,0,9.2,-1.2,10.399999999999999,5.199999999999999,8.9,5.1,3.8000000000000007,1.9000000000000004,733,1,0
401360558,2022-01-28,Houston Rockets,Portland Trail Blazers,110,125,2022,-15,235,2.0,False,False,4.0,False,False,same_region,0,0,0,-6.6,-4.2,-2.3999999999999995,-1.1999999999999997,-8.8,-1.7,-7.1000000000000005,-3.5500000000000003,734,1,0
401360560,2022-01-28,Oklahoma City Thunder,Indiana Pacers,110,113,2022,-3,223,3.0,False,False,3.0,False,False,east_to_west,1,1,0,-11.0,-7.0,-4.0,-2.0,-7.7,-6.9,-0.7999999999999998,-0.3999999999999999,735,1,0
401360555,2022-01-28,Orlando Magic,Detroit Pistons,119,103,2022,16,222,1.0,False,False,4.0,False,False,same_region,0,0,0,-4.8,-7.0,2.2,1.1,-4.6,-7.7,3.1000000000000005,1.5500000000000003,736,1,0
401360569,2022-01-29,Golden State Warriors,Brooklyn Nets,110,106,2022,4,216,1.0,False,False,5.0,False,False,east_to_west,1,1,0,9.4,-2.2,11.600000000000001,5.800000000000001,5.8,-0.4,6.2,3.1,737,1,0
401360568,2022-01-29,Memphis Grizzlies,Washington Wizards,115,95,2022,20,210,0.0,True,False,19.0,False,False,east_to_west,1,1,0,-0.6,-3.2,2.6,1.3,0.7,-1.7,2.4,1.2,738,1,0
401360567,2022-01-29,Miami Heat,Toronto Raptors,120,124,2022,-4,244,0.0,True,True,2.0,False,False,same_region,0,0,0,7.4,-0.6,8.0,4.0,8.4,-1.7,10.1,5.05,739,1,0
401360566,2022-01-29,Philadelphia 76ers,Sacramento Kings,103,101,2022,2,204,1.0,False,False,2.0,False,False,west_to_east,1,0,1,9.2,-16.8,26.0,13.0,5.9,-8.9,14.8,7.4,740,1,0
401360565,2022-01-29,Dallas Mavericks,Indiana Pacers,132,105,2022,27,237,5.0,False,False,0.0,True,False,east_to_west,1,1,0,-1.8,-7.8,6.0,3.0,2.7,-7.8,10.5,5.25,741,1,0
401360564,2022-01-29,New Orleans Pelicans,Boston Celtics,97,107,2022,-10,204,0.0,True,False,0.0,True,False,east_to_west,1,1,0,-3.6,10.6,-14.2,-7.1,-0.5,7.7,-8.2,-4.1,742,1,0
401360571,2022-01-30,Charlotte Hornets,LA Clippers,90,115,2022,-25,205,1.0,False,False,1.0,False,False,west_to_east,1,0,1,4.8,-0.8,5.6,2.8,5.1,-2.9,8.0,4.0,743,1,0
401360572,2022-01-30,Chicago Bulls,Portland Trail Blazers,130,116,2022,14,246,3.0,False,False,1.0,False,False,west_to_east,1,0,1,-5.0,1.2,-6.2,-3.1,-9.5,-1.7,-7.8,-3.9,744,1,0
401360573,2022-01-30,Detroit Pistons,Cleveland Cavaliers,115,105,2022,10,220,4.0,False,False,10.0,False,False,same_region,0,0,0,-7.0,3.8,-10.8,-5.4,-9.8,3.6,-13.4,-6.7,745,1,0
401360570,2022-01-30,Atlanta Hawks,Los Angeles Lakers,129,121,2022,8,250,1.0,False,False,1.0,False,True,west_to_east,1,0,1,13.8,-1.2,15.0,7.5,2.4,-6.1,8.5,4.25,746,1,0
401360575,2022-01-30,Milwaukee Bucks,Denver Nuggets,100,136,2022,-36,236,1.0,False,False,1.0,False,False,west_to_east,1,0,1,4.2,4.8,-0.5999999999999996,-0.2999999999999998,1.4,7.0,-5.6,-2.8,747,1,0
401360574,2022-01-30,Orlando Magic,Dallas Mavericks,110,108,2022,2,218,1.0,False,False,3.0,False,False,west_to_east,1,0,1,0.4,2.8,-2.4,-1.2,-2.5,4.0,-6.5,-3.25,748,1,0
401360577,2022-01-30,Phoenix Suns,San Antonio Spurs,115,110,2022,5,225,1.0,False,False,4.0,False,False,same_region,0,0,0,8.4,2.0,6.4,3.2,8.2,1.6,6.6,3.3,749,1,0
401360576,2022-01-30,Minnesota Timberwolves,Utah Jazz,126,106,2022,20,232,6.0,False,False,1.0,False,False,same_region,0,0,0,-3.6,-3.2,-0.3999999999999999,-0.19999999999999996,1.1,-3.4,4.5,2.25,750,1,0
401360584,2022-01-31,Oklahoma City Thunder,Portland Trail Blazers,98,81,2022,17,179,2.0,False,False,0.0,True,True,same_region,0,0,0,-11.2,-2.4,-8.799999999999999,-4.3999999999999995,-5.0,-3.7,-1.2999999999999998,-0.6499999999999999,751,1,0
401360583,2022-01-31,Houston Rockets,Golden State Warriors,108,122,2022,-14,230,2.0,False,False,14.0,False,False,same_region,0,0,0,-7.2,11.0,-18.2,-9.1,-10.6,7.0,-17.6,-8.8,752,1,0
401360586,2022-01-31,Atlanta Hawks,Toronto Raptors,100,106,2022,-6,206,0.0,True,True,1.0,False,False,same_region,0,0,0,13.0,1.0,12.0,6.0,4.5,-1.7,6.2,3.1,753,1,0
401360582,2022-01-31,New York Knicks,Sacramento Kings,116,96,2022,20,212,7.0,False,False,1.0,False,False,west_to_east,1,0,1,-6.8,-16.0,9.2,4.6,0.1,-8.1,8.2,4.1,754,1,0
401360581,2022-01-31,Boston Celtics,Miami Heat,122,92,2022,30,214,5.0,False,False,9.0,False,False,same_region,0,0,0,14.4,4.2,10.2,5.1,8.4,5.7,2.7,1.35,755,1,0
401360580,2022-01-31,Philadelphia 76ers,Memphis Grizzlies,122,119,2022,3,241,1.0,False,False,4.0,False,False,west_to_east,1,0,1,7.0,5.8,1.2000000000000002,0.6000000000000001,4.1,1.9,2.1999999999999997,1.0999999999999999,756,1,0
401360579,2022-01-31,Indiana Pacers,LA Clippers,122,116,2022,6,238,4.0,False,False,0.0,True,True,west_to_east,1,0,1,-14.0,4.0,-18.0,-9.0,-10.2,-0.6,-9.6,-4.8,757,1,0
401360578,2022-01-31,Cleveland Cavaliers,New Orleans Pelicans,93,90,2022,3,183,4.0,False,False,5.0,False,False,west_to_east,1,0,1,0.4,-3.2,3.6,1.8,4.0,-2.0,6.0,3.0,758,1,0
401360585,2022-02-01,Detroit Pistons,New Orleans Pelicans,101,111,2022,-10,212,1.0,False,False,0.0,True,False,west_to_east,1,0,1,-5.4,-6.0,0.5999999999999996,0.2999999999999998,-9.8,-1.9,-7.9,-3.95,759,2,0
401360587,2022-02-01,Milwaukee Bucks,Washington Wizards,112,98,2022,14,210,1.0,False,False,2.0,False,False,same_region,0,0,0,-5.4,-11.0,5.6,2.8,-1.4,-2.9,1.5,0.75,760,2,0
401360603,2022-02-01,Toronto Raptors,Miami Heat,110,106,2022,4,216,6.0,False,False,0.0,True,False,same_region,0,0,0,1.4,-1.4,2.8,1.4,-0.7,0.3,-1.0,-0.5,761,2,0
401360590,2022-02-01,San Antonio Spurs,Golden State Warriors,120,124,2022,-4,244,3.0,False,False,0.0,True,False,same_region,0,0,0,4.0,13.4,-9.4,-4.7,1.5,10.3,-8.8,-4.4,762,2,0
401360589,2022-02-01,Minnesota Timberwolves,Denver Nuggets,130,115,2022,15,245,1.0,False,False,1.0,False,False,same_region,0,0,0,2.8,12.8,-10.0,-5.0,1.3,10.8,-9.5,-4.75,763,2,0
401360588,2022-02-01,Chicago Bulls,Orlando Magic,126,115,2022,11,241,1.0,False,False,12.0,False,False,same_region,0,0,0,-1.4,3.4,-4.8,-2.4,-5.5,-2.1,-3.4,-1.7,764,2,0
401360591,2022-02-01,Phoenix Suns,Brooklyn Nets,121,111,2022,10,232,1.0,False,False,2.0,False,False,east_to_west,1,1,0,7.8,-3.2,11.0,5.5,11.0,-0.2,11.2,5.6,765,2,0
401360592,2022-02-02,Indiana Pacers,Orlando Magic,118,119,2022,-1,237,1.0,False,False,0.0,True,False,same_region,0,0,0,-10.8,3.4,-14.200000000000001,-7.1000000000000005,-7.7,-2.6,-5.1,-2.55,766,2,0
401360596,2022-02-02,Houston Rockets,Cleveland Cavaliers,115,104,2022,11,219,1.0,False,False,2.0,False,False,east_to_west,1,1,0,-11.2,3.6,-14.799999999999999,-7.3999999999999995,-9.6,4.2,-13.8,-6.9,767,2,0
401360595,2022-02-02,New York Knicks,Memphis Grizzlies,108,120,2022,-12,228,1.0,False,False,1.0,False,False,west_to_east,1,0,1,-0.6,4.4,-5.0,-2.5,0.6,0.8,-0.20000000000000007,-0.10000000000000003,768,2,0
401360593,2022-02-02,Philadelphia 76ers,Washington Wizards,103,106,2022,-3,209,1.0,False,False,0.0,True,False,same_region,0,0,0,7.8,-13.6,21.4,10.7,5.5,-4.5,10.0,5.0,769,2,0
401360598,2022-02-02,Utah Jazz,Denver Nuggets,108,104,2022,4,212,6.0,False,False,0.0,True,True,same_region,0,0,0,-9.2,8.6,-17.799999999999997,-8.899999999999999,-4.4,6.1,-10.5,-5.25,770,2,0
401360600,2022-02-02,Los Angeles Lakers,Portland Trail Blazers,99,94,2022,5,193,13.0,False,False,1.0,False,True,same_region,0,0,0,-5.0,-7.6,2.5999999999999996,1.2999999999999998,-6.1,-2.2,-3.8999999999999995,-1.9499999999999997,771,2,0
401360597,2022-02-02,Dallas Mavericks,Oklahoma City Thunder,114,120,2022,-6,234,3.0,False,False,10.0,False,False,same_region,0,0,0,4.0,-3.4,7.4,3.7,6.1,-2.9,9.0,4.5,772,2,0
401360599,2022-02-02,Sacramento Kings,Brooklyn Nets,112,101,2022,11,213,13.0,False,False,0.0,True,False,east_to_west,1,1,0,-19.6,-8.2,-11.400000000000002,-5.700000000000001,-8.6,-3.8,-4.8,-2.4,773,2,0
401360594,2022-02-02,Boston Celtics,Charlotte Hornets,113,107,2022,6,220,1.0,False,False,6.0,False,False,same_region,0,0,0,21.2,-4.8,26.0,13.0,9.5,2.2,7.3,3.65,774,2,0
401401143,2022-02-03,San Antonio Spurs,Miami Heat,95,112,2022,-17,207,1.0,False,False,1.0,False,True,east_to_west,1,1,0,4.4,-3.4,7.800000000000001,3.9000000000000004,1.6,-0.7,2.3,1.15,775,2,0
401360601,2022-02-03,Detroit Pistons,Minnesota Timberwolves,117,128,2022,-11,245,1.0,False,False,5.0,False,False,west_to_east,1,0,1,-5.4,3.6,-9.0,-4.5,-6.2,3.1,-9.3,-4.65,776,2,0
401360605,2022-02-03,LA Clippers,Los Angeles Lakers,111,110,2022,1,221,16.0,False,False,3.0,False,False,same_region,0,0,0,4.4,-2.8,7.2,3.6,1.2,-4.7,5.9,2.95,777,2,0
401360604,2022-02-03,Golden State Warriors,Sacramento Kings,126,114,2022,12,240,4.0,False,False,2.0,False,False,same_region,0,0,0,13.8,-16.2,30.0,15.0,6.5,-7.4,13.9,6.95,778,2,0
401401141,2022-02-03,Toronto Raptors,Chicago Bulls,127,120,2022,7,247,1.0,False,False,5.0,False,False,same_region,0,0,0,4.0,4.6,-0.5999999999999996,-0.2999999999999998,1.3,-0.2,1.5,0.75,779,2,0
401360602,2022-02-03,Atlanta Hawks,Phoenix Suns,124,115,2022,9,239,2.0,False,False,7.0,False,False,west_to_east,1,0,1,11.4,7.8,3.6000000000000005,1.8000000000000003,6.3,11.6,-5.3,-2.65,780,2,0
401360614,2022-02-04,Portland Trail Blazers,Oklahoma City Thunder,93,96,2022,-3,189,8.0,False,False,1.0,False,False,same_region,0,0,0,-8.2,2.4,-10.6,-5.3,-3.2,-1.9,-1.3000000000000003,-0.6500000000000001,781,2,0
401360607,2022-02-04,Detroit Pistons,Boston Celtics,93,102,2022,-9,195,0.0,True,True,5.0,False,False,same_region,0,0,0,-6.4,16.6,-23.0,-11.5,-8.9,11.3,-20.200000000000003,-10.100000000000001,782,2,0
401360608,2022-02-04,Indiana Pacers,Chicago Bulls,115,122,2022,-7,237,1.0,False,False,0.0,True,False,same_region,0,0,0,-10.2,3.0,-13.2,-6.6,-6.0,-0.7,-5.3,-2.65,783,2,0
401360613,2022-02-04,Denver Nuggets,New Orleans Pelicans,105,113,2022,-8,218,11.0,False,False,2.0,False,False,same_region,0,0,0,6.8,-4.8,11.6,5.8,2.0,-1.2,3.2,1.6,784,2,0
401360610,2022-02-04,Dallas Mavericks,Philadelphia 76ers,107,98,2022,9,205,1.0,False,False,11.0,False,False,east_to_west,1,1,0,0.2,6.0,-5.8,-2.9,2.8,4.0,-1.2000000000000002,-0.6000000000000001,785,2,0
401360612,2022-02-04,Utah Jazz,Brooklyn Nets,125,102,2022,23,227,1.0,False,False,1.0,False,True,east_to_west,1,1,0,-8.0,-8.2,0.1999999999999993,0.09999999999999964,-2.0,-2.8,0.7999999999999998,0.3999999999999999,786,2,0
401360609,2022-02-04,Toronto Raptors,Atlanta Hawks,125,114,2022,11,239,0.0,True,True,11.0,False,False,same_region,0,0,0,3.0,8.8,-5.800000000000001,-2.9000000000000004,1.3,7.8,-6.5,-3.25,787,2,0
401360606,2022-02-04,Charlotte Hornets,Cleveland Cavaliers,101,102,2022,-1,203,4.0,False,False,1.0,False,False,same_region,0,0,0,-1.6,0.0,-1.6,-0.8,0.5,1.1,-0.6000000000000001,-0.30000000000000004,788,2,0
401360611,2022-02-04,San Antonio Spurs,Houston Rockets,131,106,2022,25,237,0.0,True,True,13.0,False,False,same_region,0,0,0,-5.0,-10.0,5.0,2.5,-0.8,-6.7,5.9,2.95,789,2,0
401360616,2022-02-05,Charlotte Hornets,Miami Heat,86,104,2022,-18,190,0.0,True,False,1.0,False,False,same_region,0,0,0,0.6,-2.8,3.4,1.7,1.1,2.1,-1.0,-0.5,790,2,0
401360619,2022-02-05,Portland Trail Blazers,Milwaukee Bucks,108,137,2022,-29,245,0.0,True,False,9.0,False,False,east_to_west,1,1,0,-4.8,-3.4,-1.4,-0.7,-4.5,0.4,-4.9,-2.45,791,2,0
401360615,2022-02-05,Orlando Magic,Memphis Grizzlies,115,135,2022,-20,250,5.0,False,False,2.0,False,False,west_to_east,1,0,1,-0.2,9.4,-9.6,-4.8,-3.2,1.2,-4.4,-2.2,792,2,0
401360617,2022-02-05,Washington Wizards,Phoenix Suns,80,95,2022,-15,175,10.0,False,False,1.0,False,False,west_to_east,1,0,1,-12.2,4.8,-17.0,-8.5,-4.6,8.9,-13.5,-6.75,793,2,0
401360620,2022-02-05,Sacramento Kings,Oklahoma City Thunder,113,103,2022,10,216,2.0,False,False,0.0,True,True,same_region,0,0,0,-8.0,4.4,-12.4,-6.2,-9.5,-3.7,-5.8,-2.9,794,2,0
401360618,2022-02-05,Los Angeles Lakers,New York Knicks,122,115,2022,7,237,2.0,False,False,7.0,False,False,east_to_west,1,1,0,-5.0,-4.6,-0.40000000000000036,-0.20000000000000018,-1.1,-2.9,1.7999999999999998,0.8999999999999999,795,2,0
401360628,2022-02-06,LA Clippers,Milwaukee Bucks,113,137,2022,-24,250,2.0,False,False,0.0,True,False,east_to_west,1,1,0,4.4,1.2,3.2,1.6,2.0,1.4,0.6000000000000001,0.30000000000000004,796,2,0
401360622,2022-02-06,Minnesota Timberwolves,Detroit Pistons,118,105,2022,13,223,4.0,False,False,8.0,False,False,east_to_west,1,1,0,5.4,-7.2,12.600000000000001,6.300000000000001,5.0,-7.1,12.1,6.05,797,2,0
401360623,2022-02-06,Denver Nuggets,Brooklyn Nets,124,104,2022,20,228,1.0,False,False,1.0,False,False,east_to_west,1,1,0,4.0,-10.8,14.8,7.4,3.5,-6.6,10.1,5.05,798,2,0
401360624,2022-02-06,Cleveland Cavaliers,Indiana Pacers,98,85,2022,13,183,5.0,False,False,7.0,False,False,same_region,0,0,0,-0.2,-5.2,5.0,2.5,0.7,-6.1,6.8,3.4,799,2,0
401360621,2022-02-06,Chicago Bulls,Philadelphia 76ers,108,119,2022,-11,227,4.0,False,False,1.0,False,False,same_region,0,0,0,3.2,2.2,1.0,0.5,1.3,2.0,-0.7,-0.35,800,2,0
401360626,2022-02-06,Dallas Mavericks,Atlanta Hawks,103,94,2022,9,197,1.0,False,False,1.0,False,False,east_to_west,1,1,0,9.6,3.2,6.3999999999999995,3.1999999999999997,2.1,7.6,-5.5,-2.75,801,2,0
401360627,2022-02-06,Houston Rockets,New Orleans Pelicans,107,120,2022,-13,227,3.0,False,False,1.0,False,False,same_region,0,0,0,-14.6,-1.2,-13.4,-6.7,-7.2,-2.8,-4.4,-2.2,802,2,0
401360625,2022-02-06,Orlando Magic,Boston Celtics,83,116,2022,-33,199,0.0,True,False,1.0,False,False,same_region,0,0,0,-2.4,7.8,-10.2,-5.1,-3.6,12.0,-15.6,-7.8,803,2,0
401360630,2022-02-07,Washington Wizards,Miami Heat,100,121,2022,-21,221,1.0,False,False,1.0,False,False,same_region,0,0,0,-9.4,-0.6,-8.8,-4.4,-6.7,3.4,-10.1,-5.05,804,2,0
401360629,2022-02-07,Charlotte Hornets,Toronto Raptors,101,116,2022,-15,217,1.0,False,True,6.0,False,False,same_region,0,0,0,-9.4,6.4,-15.8,-7.9,-1.7,2.9,-4.6,-2.3,805,2,0
401360633,2022-02-07,Utah Jazz,New York Knicks,113,104,2022,9,217,2.0,False,False,1.0,False,False,east_to_west,1,1,0,-2.2,-5.6,3.3999999999999995,1.6999999999999997,-2.0,-4.5,2.5,1.25,806,2,0
401360632,2022-02-07,Oklahoma City Thunder,Golden State Warriors,98,110,2022,-12,208,6.0,False,False,5.0,False,False,same_region,0,0,0,2.6,8.6,-6.0,-3.0,-4.2,9.7,-13.899999999999999,-6.949999999999999,807,2,0
401360631,2022-02-07,Chicago Bulls,Phoenix Suns,124,127,2022,-3,251,0.0,True,False,1.0,False,False,west_to_east,1,0,1,2.8,6.2,-3.4000000000000004,-1.7000000000000002,-1.1,7.7,-8.8,-4.4,808,2,0
401360635,2022-02-08,Atlanta Hawks,Indiana Pacers,133,112,2022,21,245,4.0,False,False,1.0,False,False,same_region,0,0,0,-1.8,-8.4,6.6000000000000005,3.3000000000000003,6.0,-8.1,14.1,7.05,809,2,0
401360638,2022-02-08,New Orleans Pelicans,Houston Rockets,110,97,2022,13,207,9.0,False,False,3.0,False,False,same_region,0,0,0,3.6,-11.2,14.799999999999999,7.3999999999999995,0.0,-8.9,8.9,4.45,810,2,0
401360637,2022-02-08,Memphis Grizzlies,LA Clippers,135,109,2022,26,244,9.0,False,False,7.0,False,False,same_region,0,0,0,11.8,-2.2,14.0,7.0,5.9,-1.0,6.9,3.45,811,2,0
401360634,2022-02-08,Philadelphia 76ers,Phoenix Suns,109,114,2022,-5,223,5.0,False,False,0.0,True,True,west_to_east,1,0,1,0.8,4.8,-4.0,-2.0,5.0,6.6,-1.5999999999999996,-0.7999999999999998,812,2,0
401360636,2022-02-08,Brooklyn Nets,Boston Celtics,91,126,2022,-35,217,12.0,False,False,1.0,False,False,same_region,0,0,0,-13.6,17.6,-31.200000000000003,-15.600000000000001,-7.9,14.1,-22.0,-11.0,813,2,0
401360642,2022-02-08,Portland Trail Blazers,Orlando Magic,95,113,2022,-18,208,2.0,False,False,5.0,False,False,east_to_west,1,1,0,-13.6,-12.2,-1.4000000000000004,-0.7000000000000002,-6.2,-5.9,-0.2999999999999998,-0.1499999999999999,814,2,0
401360643,2022-02-08,Sacramento Kings,Minnesota Timberwolves,114,134,2022,-20,248,2.0,False,False,4.0,False,False,same_region,0,0,0,-2.6,9.8,-12.4,-6.2,-9.7,4.3,-14.0,-7.0,815,2,0
401360639,2022-02-08,Dallas Mavericks,Detroit Pistons,116,86,2022,30,202,1.0,False,False,1.0,False,False,east_to_west,1,1,0,7.4,-6.6,14.0,7.0,2.8,-6.8,9.6,4.8,816,2,0
401360641,2022-02-08,Los Angeles Lakers,Milwaukee Bucks,116,131,2022,-15,247,2.0,False,False,1.0,False,True,east_to_west,1,1,0,0.0,9.2,-9.2,-4.6,-1.0,4.5,-5.5,-2.75,817,2,0
401360640,2022-02-08,Denver Nuggets,New York Knicks,132,115,2022,17,247,1.0,False,False,0.0,True,True,east_to_west,1,1,0,5.8,-4.6,10.399999999999999,5.199999999999999,5.3,-4.4,9.7,4.85,818,2,0
401360649,2022-02-09,Sacramento Kings,Minnesota Timberwolves,132,119,2022,13,251,0.0,True,False,0.0,True,False,same_region,0,0,0,-6.2,15.8,-22.0,-11.0,-11.1,6.1,-17.2,-8.6,819,2,0
401360648,2022-02-09,Portland Trail Blazers,Los Angeles Lakers,107,105,2022,2,212,0.0,True,False,5.0,False,False,same_region,0,0,0,-14.4,-2.4,-12.0,-6.0,-8.4,-1.8,-6.6000000000000005,-3.3000000000000003,820,2,0
401360647,2022-02-09,Utah Jazz,Golden State Warriors,111,85,2022,26,196,1.0,False,False,1.0,False,False,same_region,0,0,0,1.2,9.2,-7.999999999999999,-3.9999999999999996,-0.5,9.3,-9.8,-4.9,821,2,0
401360646,2022-02-09,Oklahoma City Thunder,Toronto Raptors,98,117,2022,-19,215,1.0,False,False,1.0,False,False,east_to_west,1,1,0,0.8,8.6,-7.8,-3.9,-5.2,4.8,-10.0,-5.0,822,2,0
401360645,2022-02-09,Charlotte Hornets,Chicago Bulls,109,121,2022,-12,230,1.0,False,False,4.0,False,False,same_region,0,0,0,-13.0,-0.6,-12.4,-6.2,-4.1,-1.0,-3.0999999999999996,-1.5499999999999998,823,2,0
401360644,2022-02-09,Cleveland Cavaliers,San Antonio Spurs,105,92,2022,13,197,2.0,False,False,9.0,False,False,west_to_east,1,0,1,-0.8,1.6,-2.4000000000000004,-1.2000000000000002,1.5,3.1,-1.6,-0.8,824,2,0
401360650,2022-02-10,Detroit Pistons,Memphis Grizzlies,107,132,2022,-25,239,5.0,False,False,4.0,False,False,west_to_east,1,0,1,-14.6,15.0,-29.6,-14.8,-10.0,7.2,-17.2,-8.6,825,2,0
401360651,2022-02-10,Washington Wizards,Brooklyn Nets,113,112,2022,1,225,2.0,False,False,3.0,False,False,same_region,0,0,0,-13.4,-19.8,6.4,3.2,-8.3,-11.5,3.1999999999999993,1.5999999999999996,826,2,0
401360652,2022-02-10,New Orleans Pelicans,Miami Heat,97,112,2022,-15,209,1.0,False,False,2.0,False,False,east_to_west,1,1,0,8.2,4.4,3.799999999999999,1.8999999999999995,2.5,4.3,-1.7999999999999998,-0.8999999999999999,827,2,0
401360656,2022-02-10,Golden State Warriors,New York Knicks,114,116,2022,-2,230,6.0,False,False,1.0,False,True,east_to_west,1,1,0,3.2,-5.0,8.2,4.1,7.1,-5.9,13.0,6.5,828,2,0
401360654,2022-02-10,Dallas Mavericks,LA Clippers,112,105,2022,7,217,1.0,False,False,1.0,False,False,same_region,0,0,0,8.0,-6.0,14.0,7.0,5.4,-3.4,8.8,4.4,829,2,0
401360655,2022-02-10,Phoenix Suns,Milwaukee Bucks,131,107,2022,24,238,8.0,False,False,1.0,False,False,east_to_west,1,1,0,4.8,9.2,-4.3999999999999995,-2.1999999999999997,6.3,6.7,-0.40000000000000036,-0.20000000000000018,830,2,0
401360653,2022-02-10,Houston Rockets,Toronto Raptors,120,139,2022,-19,259,3.0,False,False,0.0,True,True,east_to_west,1,1,0,-10.8,11.2,-22.0,-11.0,-9.0,6.3,-15.3,-7.65,831,2,0
401360663,2022-02-11,Utah Jazz,Orlando Magic,114,99,2022,15,213,1.0,False,False,2.0,False,False,east_to_west,1,1,0,8.4,-9.0,17.4,8.7,2.6,-2.8,5.4,2.7,832,2,0
401360658,2022-02-11,Indiana Pacers,Cleveland Cavaliers,113,120,2022,-7,233,6.0,False,False,6.0,False,False,same_region,0,0,0,-7.2,3.8,-11.0,-5.5,-10.6,2.1,-12.7,-6.35,833,2,0
401360659,2022-02-11,Philadelphia 76ers,Oklahoma City Thunder,100,87,2022,13,187,2.0,False,False,5.0,False,False,west_to_east,1,0,1,-0.6,-6.4,5.800000000000001,2.9000000000000004,3.2,-4.9,8.100000000000001,4.050000000000001,834,2,0
401360660,2022-02-11,Atlanta Hawks,San Antonio Spurs,121,136,2022,-15,257,2.0,False,False,1.0,False,False,west_to_east,1,0,1,0.8,-2.8,3.5999999999999996,1.7999999999999998,6.9,-0.4,7.300000000000001,3.6500000000000004,835,2,0
401360661,2022-02-11,Boston Celtics,Denver Nuggets,108,102,2022,6,210,8.0,False,False,8.0,False,False,west_to_east,1,0,1,22.6,2.0,20.6,10.3,18.5,7.4,11.1,5.55,836,2,0
401360657,2022-02-11,Detroit Pistons,Charlotte Hornets,119,141,2022,-22,260,0.0,True,False,8.0,False,False,same_region,0,0,0,-17.6,-10.4,-7.200000000000001,-3.6000000000000005,-11.5,-7.6,-3.9000000000000004,-1.9500000000000002,837,2,0
401360662,2022-02-11,Chicago Bulls,Minnesota Timberwolves,134,122,2022,12,256,3.0,False,False,1.0,False,True,west_to_east,1,0,1,-0.4,9.2,-9.6,-4.8,2.1,6.0,-3.9,-1.95,838,2,0
401360667,2022-02-12,New Orleans Pelicans,San Antonio Spurs,114,124,2022,-10,238,1.0,False,False,0.0,True,True,same_region,0,0,0,5.8,1.2,4.6,2.3,-0.1,2.6,-2.7,-1.35,839,2,0
401360664,2022-02-12,Portland Trail Blazers,New York Knicks,112,103,2022,9,215,2.0,False,False,1.0,False,False,east_to_west,1,1,0,-10.6,-8.6,-2.0,-1.0,-9.1,-4.6,-4.5,-2.25,840,2,0
401360665,2022-02-12,Charlotte Hornets,Memphis Grizzlies,118,125,2022,-7,243,2.0,False,False,1.0,False,False,west_to_east,1,0,1,-4.8,16.0,-20.8,-10.4,-3.2,10.9,-14.100000000000001,-7.050000000000001,841,2,0
401360666,2022-02-12,Washington Wizards,Sacramento Kings,110,123,2022,-13,233,1.0,False,False,8.0,False,False,west_to_east,1,0,1,-9.2,0.4,-9.6,-4.8,-10.1,-9.6,-0.5,-0.25,842,2,0
401360671,2022-02-12,Chicago Bulls,Oklahoma City Thunder,106,101,2022,5,207,0.0,True,False,0.0,True,False,west_to_east,1,0,1,3.4,-10.2,13.6,6.8,3.2,-3.9,7.1,3.55,843,2,0
401360668,2022-02-12,Philadelphia 76ers,Cleveland Cavaliers,103,93,2022,10,196,0.0,True,False,0.0,True,False,same_region,0,0,0,1.4,4.6,-3.1999999999999997,-1.5999999999999999,4.6,4.1,0.5,0.25,844,2,0
401360672,2022-02-12,Dallas Mavericks,LA Clippers,97,99,2022,-2,196,1.0,False,False,1.0,False,False,same_region,0,0,0,9.8,-12.4,22.200000000000003,11.100000000000001,6.9,-4.2,11.100000000000001,5.550000000000001,845,2,0
401360673,2022-02-12,Golden State Warriors,Los Angeles Lakers,117,115,2022,2,232,1.0,False,False,2.0,False,False,same_region,0,0,0,0.0,-1.2,1.2,0.6,6.7,-3.1,9.8,4.9,846,2,0
401360674,2022-02-12,Phoenix Suns,Orlando Magic,132,105,2022,27,237,1.0,False,False,0.0,True,False,east_to_west,1,1,0,7.6,-9.8,17.4,8.7,7.7,-3.2,10.9,5.45,847,2,0
401360669,2022-02-12,Toronto Raptors,Denver Nuggets,109,110,2022,-1,219,7.0,False,False,0.0,True,False,west_to_east,1,0,1,14.2,3.8,10.399999999999999,5.199999999999999,9.1,6.2,2.8999999999999995,1.4499999999999997,848,2,0
401360670,2022-02-12,Miami Heat,Brooklyn Nets,115,111,2022,4,226,13.0,False,False,1.0,False,False,same_region,0,0,0,13.4,-18.0,31.4,15.7,6.0,-13.1,19.1,9.55,849,2,0
401360676,2022-02-13,Indiana Pacers,Minnesota Timberwolves,120,129,2022,-9,249,1.0,False,False,1.0,False,False,west_to_east,1,0,1,-9.8,3.8,-13.600000000000001,-6.800000000000001,-10.3,3.7,-14.0,-7.0,850,2,0
401360675,2022-02-13,Boston Celtics,Atlanta Hawks,105,95,2022,10,200,1.0,False,False,6.0,False,False,same_region,0,0,0,17.8,-1.0,18.8,9.4,19.5,5.2,14.3,7.15,851,2,0
401360677,2022-02-14,Washington Wizards,Detroit Pistons,103,94,2022,9,197,1.0,False,False,5.0,False,False,same_region,0,0,0,-9.0,-19.8,10.8,5.4,-11.3,-13.1,1.799999999999999,0.8999999999999995,852,2,0
401360683,2022-02-14,Denver Nuggets,Orlando Magic,121,111,2022,10,232,5.0,False,False,1.0,False,True,east_to_west,1,1,0,4.8,-15.4,20.2,10.1,5.8,-7.8,13.6,6.8,853,2,0
401360679,2022-02-14,New York Knicks,Oklahoma City Thunder,123,127,2022,-4,250,11.0,False,False,1.0,False,True,west_to_east,1,0,1,-8.0,-11.8,3.8000000000000007,1.9000000000000004,-6.3,-3.7,-2.5999999999999996,-1.2999999999999998,854,2,0
401360680,2022-02-14,Chicago Bulls,San Antonio Spurs,120,109,2022,11,229,1.0,False,True,1.0,False,True,west_to_east,1,0,1,3.0,4.0,-1.0,-0.5,3.1,4.2,-1.1,-0.55,855,2,0
401360685,2022-02-14,LA Clippers,Golden State Warriors,119,104,2022,15,223,7.0,False,False,4.0,False,False,same_region,0,0,0,-10.8,-0.4,-10.4,-5.2,-3.2,6.7,-9.9,-4.95,856,2,0
401360682,2022-02-14,New Orleans Pelicans,Toronto Raptors,120,90,2022,30,210,1.0,False,False,3.0,False,False,east_to_west,1,1,0,1.8,12.6,-10.799999999999999,-5.3999999999999995,-1.5,7.8,-9.3,-4.65,857,2,0
401360681,2022-02-14,Milwaukee Bucks,Portland Trail Blazers,107,122,2022,-15,229,12.0,False,False,11.0,False,False,west_to_east,1,0,1,11.6,-7.8,19.4,9.7,3.1,-8.0,11.1,5.55,858,2,0
401360684,2022-02-14,Utah Jazz,Houston Rockets,135,101,2022,34,236,2.0,False,False,5.0,False,False,same_region,0,0,0,15.4,-11.8,27.200000000000003,13.600000000000001,3.1,-11.5,14.6,7.3,859,2,0
401360678,2022-02-14,Brooklyn Nets,Sacramento Kings,109,85,2022,24,194,5.0,False,False,1.0,False,False,west_to_east,1,0,1,-16.6,0.8,-17.400000000000002,-8.700000000000001,-12.4,-7.7,-4.7,-2.35,860,2,0
401360692,2022-02-15,Phoenix Suns,LA Clippers,103,96,2022,7,199,2.0,False,False,2.0,False,False,same_region,0,0,0,14.8,-8.0,22.8,11.4,9.8,-1.8,11.600000000000001,5.800000000000001,861,2,0
401360691,2022-02-15,New Orleans Pelicans,Memphis Grizzlies,109,121,2022,-12,230,0.0,True,True,2.0,False,False,same_region,0,0,0,6.2,18.0,-11.8,-5.9,2.5,11.2,-8.7,-4.35,862,2,0
401360690,2022-02-15,Minnesota Timberwolves,Charlotte Hornets,126,120,2022,6,246,8.0,False,False,3.0,False,False,east_to_west,1,1,0,3.4,-6.0,9.4,4.7,4.4,-2.7,7.1000000000000005,3.5500000000000003,863,2,0
401360689,2022-02-15,Milwaukee Bucks,Indiana Pacers,128,119,2022,9,247,0.0,True,False,6.0,False,False,same_region,0,0,0,5.8,-11.4,17.2,8.6,1.2,-10.8,12.0,6.0,864,2,0
401360688,2022-02-15,Philadelphia 76ers,Boston Celtics,87,135,2022,-48,222,2.0,False,False,6.0,False,False,same_region,0,0,0,4.0,18.6,-14.600000000000001,-7.300000000000001,5.0,17.6,-12.600000000000001,-6.300000000000001,865,2,0
401360687,2022-02-15,Miami Heat,Dallas Mavericks,99,107,2022,-8,206,2.0,False,False,15.0,False,False,west_to_east,1,0,1,15.0,10.6,4.4,2.2,5.8,5.4,0.39999999999999947,0.19999999999999973,866,2,0
401360686,2022-02-15,Atlanta Hawks,Cleveland Cavaliers,124,116,2022,8,240,3.0,False,False,2.0,False,False,same_region,0,0,0,-4.8,4.8,-9.6,-4.8,2.0,2.4,-0.3999999999999999,-0.19999999999999996,867,2,0
401360697,2022-02-16,Chicago Bulls,Sacramento Kings,125,118,2022,7,243,1.0,False,False,1.0,False,False,west_to_east,1,0,1,7.4,-1.6,9.0,4.5,5.1,-4.8,9.899999999999999,4.949999999999999,868,2,0
401360694,2022-02-16,Boston Celtics,Detroit Pistons,111,112,2022,-1,223,2.0,False,False,1.0,False,False,same_region,0,0,0,26.4,-19.8,46.2,23.1,17.1,-13.5,30.6,15.3,869,2,0
401360693,2022-02-16,Orlando Magic,Atlanta Hawks,109,130,2022,-21,239,9.0,False,False,2.0,False,False,same_region,0,0,0,-13.4,-1.0,-12.4,-6.2,-7.9,1.1,-9.0,-4.5,870,2,0
401360696,2022-02-16,New York Knicks,Brooklyn Nets,106,111,2022,-5,217,1.0,False,False,3.0,False,False,same_region,0,0,0,-7.4,-7.2,-0.20000000000000018,-0.10000000000000009,-6.5,-9.0,2.5,1.25,871,2,0
401360700,2022-02-16,Oklahoma City Thunder,San Antonio Spurs,106,114,2022,-8,220,6.0,False,False,1.0,False,False,same_region,0,0,0,-9.0,5.2,-14.2,-7.1,-3.2,0.1,-3.3000000000000003,-1.6500000000000001,872,2,0
401360695,2022-02-16,Indiana Pacers,Washington Wizards,113,108,2022,5,221,2.0,False,False,13.0,False,False,same_region,0,0,0,-11.8,-7.8,-4.000000000000001,-2.0000000000000004,-8.5,-10.0,1.5,0.75,873,2,0
401360702,2022-02-16,Golden State Warriors,Denver Nuggets,116,117,2022,-1,233,3.0,False,False,3.0,False,False,same_region,0,0,0,-5.8,8.4,-14.2,-7.1,1.4,6.2,-4.800000000000001,-2.4000000000000004,874,2,0
401360703,2022-02-16,Los Angeles Lakers,Utah Jazz,106,101,2022,5,207,7.0,False,False,16.0,False,False,same_region,0,0,0,-2.6,21.4,-24.0,-12.0,-2.7,6.7,-9.4,-4.7,875,2,0
401360699,2022-02-16,Minnesota Timberwolves,Toronto Raptors,91,103,2022,-12,194,0.0,True,False,1.0,False,False,east_to_west,1,1,0,2.0,4.4,-2.4000000000000004,-1.2000000000000002,5.9,5.4,0.5,0.25,876,2,0
401360698,2022-02-16,Memphis Grizzlies,Portland Trail Blazers,119,123,2022,-4,242,7.0,False,False,1.0,False,False,same_region,0,0,0,18.0,-4.2,22.2,11.1,13.7,-4.5,18.2,9.1,877,2,0
401360701,2022-02-16,Phoenix Suns,Houston Rockets,124,121,2022,3,245,0.0,True,False,1.0,False,False,same_region,0,0,0,13.2,-20.8,34.0,17.0,9.7,-15.4,25.1,12.55,878,2,0
401360707,2022-02-17,LA Clippers,Houston Rockets,142,111,2022,31,253,2.0,False,False,0.0,True,True,same_region,0,0,0,-4.6,-16.4,11.799999999999999,5.8999999999999995,-3.4,-15.5,12.1,6.05,879,2,0
401360706,2022-02-17,Milwaukee Bucks,Philadelphia 76ers,120,123,2022,-3,243,1.0,False,True,10.0,False,False,same_region,0,0,0,1.8,-3.8,5.6,2.8,1.5,-0.8,2.3,1.15,880,2,0
401360705,2022-02-17,New Orleans Pelicans,Dallas Mavericks,118,125,2022,-7,243,1.0,False,True,1.0,False,False,same_region,0,0,0,1.2,10.4,-9.200000000000001,-4.6000000000000005,2.4,10.0,-7.6,-3.8,881,2,0
401401136,2022-02-17,Brooklyn Nets,Washington Wizards,103,117,2022,-14,220,2.0,False,False,0.0,True,False,same_region,0,0,0,-2.2,-5.8,3.5999999999999996,1.7999999999999998,-7.9,-7.6,-0.3000000000000007,-0.15000000000000036,882,2,0
401360704,2022-02-17,Charlotte Hornets,Miami Heat,107,111,2022,-4,218,4.0,False,False,6.0,False,False,same_region,0,0,0,-3.6,10.0,-13.6,-6.8,-6.5,3.6,-10.1,-5.05,883,2,0
401410564,2022-02-20,Team LeBron,Team Durant,163,160,2022,3,323,,False,False,,False,False,same_region,0,0,0,,,0.0,0.0,,,0.0,0.0,884,2,0
401360708,2022-02-24,Detroit Pistons,Cleveland Cavaliers,106,103,2022,3,209,12.0,False,False,8.0,False,False,same_region,0,0,0,-17.0,3.0,-20.0,-10.0,-11.8,1.4,-13.200000000000001,-6.6000000000000005,885,2,0
401360712,2022-02-24,Oklahoma City Thunder,Phoenix Suns,104,124,2022,-20,228,7.0,False,False,15.0,False,False,same_region,0,0,0,-8.2,13.2,-21.4,-10.7,-3.7,9.0,-12.7,-6.35,886,2,0
401360713,2022-02-24,Portland Trail Blazers,Golden State Warriors,95,132,2022,-37,227,11.0,False,False,9.0,False,False,same_region,0,0,0,2.4,-8.4,10.8,5.4,-5.6,0.4,-6.0,-3.0,887,2,0
401360711,2022-02-24,Minnesota Timberwolves,Memphis Grizzlies,119,114,2022,5,233,7.0,False,False,8.0,False,False,same_region,0,0,0,-4.4,13.2,-17.6,-8.8,5.7,12.5,-6.8,-3.4,888,2,0
401360714,2022-02-24,Sacramento Kings,Denver Nuggets,110,128,2022,-18,238,14.0,False,False,7.0,False,False,same_region,0,0,0,-5.0,4.6,-9.6,-4.8,-3.8,5.2,-9.0,-4.5,889,2,0
401360709,2022-02-24,Brooklyn Nets,Boston Celtics,106,129,2022,-23,235,6.0,False,False,8.0,False,False,same_region,0,0,0,2.0,19.6,-17.6,-8.8,-8.9,18.6,-27.5,-13.75,890,2,0
401360710,2022-02-24,Chicago Bulls,Atlanta Hawks,112,108,2022,4,220,7.0,False,False,7.0,False,False,same_region,0,0,0,9.4,5.0,4.4,2.2,4.4,1.6,2.8000000000000003,1.4000000000000001,891,2,0
401360717,2022-02-25,Orlando Magic,Houston Rockets,119,111,2022,8,230,8.0,False,False,7.0,False,False,west_to_east,1,0,1,-11.0,-20.0,9.0,4.5,-11.6,-15.6,4.0,2.0,892,2,0
401360718,2022-02-25,Washington Wizards,San Antonio Spurs,153,157,2022,-4,310,10.0,False,False,8.0,False,False,west_to_east,1,0,1,1.2,1.8,-0.6000000000000001,-0.30000000000000004,-6.1,1.7,-7.8,-3.9,893,2,0
401360715,2022-02-25,Charlotte Hornets,Toronto Raptors,125,93,2022,32,218,7.0,False,False,8.0,False,False,same_region,0,0,0,-1.4,3.8,-5.199999999999999,-2.5999999999999996,-7.2,6.2,-13.4,-6.7,894,2,0
401360716,2022-02-25,Indiana Pacers,Oklahoma City Thunder,125,129,2022,-4,254,8.0,False,False,10.0,False,False,west_to_east,1,0,1,-8.2,-8.4,0.20000000000000107,0.10000000000000053,-8.3,-7.4,-0.9000000000000004,-0.4500000000000002,895,2,0
401360719,2022-02-25,New York Knicks,Miami Heat,100,115,2022,-15,215,8.0,False,False,7.0,False,False,same_region,0,0,0,-6.6,7.2,-13.8,-6.9,-5.6,3.3,-8.899999999999999,-4.449999999999999,896,2,0
401360722,2022-02-25,Utah Jazz,Dallas Mavericks,114,109,2022,5,223,10.0,False,False,7.0,False,False,same_region,0,0,0,15.8,10.0,5.800000000000001,2.9000000000000004,6.8,8.7,-1.8999999999999995,-0.9499999999999997,897,2,0
401360723,2022-02-25,Los Angeles Lakers,LA Clippers,102,105,2022,-3,207,8.0,False,False,9.0,False,False,same_region,0,0,0,-1.4,6.8,-8.2,-4.1,-3.2,0.4,-3.6,-1.8,898,2,0
401360720,2022-02-25,Minnesota Timberwolves,Philadelphia 76ers,102,133,2022,-31,235,0.0,True,False,7.0,False,False,east_to_west,1,1,0,-0.8,-5.4,4.6000000000000005,2.3000000000000003,4.2,-2.3,6.5,3.25,899,2,0
401360721,2022-02-25,Phoenix Suns,New Orleans Pelicans,102,117,2022,-15,219,8.0,False,False,18.0,False,False,same_region,0,0,0,16.2,-2.8,19.0,9.5,10.5,2.7,7.8,3.9,900,2,0
401360730,2022-02-26,Denver Nuggets,Sacramento Kings,115,110,2022,5,225,11.0,False,False,9.0,False,False,same_region,0,0,0,4.8,-4.6,9.399999999999999,4.699999999999999,3.4,-5.4,8.8,4.4,901,2,0
401360729,2022-02-26,Milwaukee Bucks,Brooklyn Nets,123,126,2022,-3,249,8.0,False,False,9.0,False,False,same_region,0,0,0,-3.6,-2.4,-1.2000000000000002,-0.6000000000000001,2.8,-10.2,13.0,6.5,902,2,0
401360724,2022-02-26,Detroit Pistons,Boston Celtics,104,113,2022,-9,217,1.0,False,False,1.0,False,False,same_region,0,0,0,-10.4,17.2,-27.6,-13.8,-12.5,19.9,-32.4,-16.2,903,2,0
401360728,2022-02-26,Chicago Bulls,Memphis Grizzlies,110,116,2022,-6,226,1.0,False,False,1.0,False,False,west_to_east,1,0,1,7.8,7.0,0.7999999999999998,0.3999999999999999,3.7,11.0,-7.3,-3.65,904,2,0
401360726,2022-02-26,Cleveland Cavaliers,Washington Wizards,92,86,2022,6,178,16.0,False,False,8.0,False,False,same_region,0,0,0,-0.2,0.2,-0.4,-0.2,-0.5,-4.5,4.0,2.0,905,2,0
401360725,2022-02-26,Atlanta Hawks,Toronto Raptors,127,100,2022,27,227,10.0,False,False,0.0,True,False,same_region,0,0,0,0.0,-6.4,6.4,3.2,0.4,2.4,-2.0,-1.0,906,2,0
401360727,2022-02-26,Miami Heat,San Antonio Spurs,133,129,2022,4,262,10.0,False,False,0.0,True,False,west_to_east,1,0,1,6.0,5.2,0.7999999999999998,0.3999999999999999,5.2,1.2,4.0,2.0,907,2,0
401360731,2022-02-27,New York Knicks,Philadelphia 76ers,109,125,2022,-16,234,1.0,False,False,1.0,False,False,same_region,0,0,0,-6.2,1.8,-8.0,-4.0,-5.6,0.6,-6.199999999999999,-3.0999999999999996,908,2,0
401360732,2022-02-27,Phoenix Suns,Utah Jazz,114,118,2022,-4,232,1.0,False,False,10.0,False,False,same_region,0,0,0,8.4,15.0,-6.6,-3.3,8.0,8.1,-0.09999999999999964,-0.04999999999999982,909,2,0
401360733,2022-02-27,Indiana Pacers,Boston Celtics,128,107,2022,21,235,1.0,False,False,0.0,True,True,same_region,0,0,0,-4.8,17.8,-22.6,-11.3,-6.0,17.8,-23.8,-11.9,910,2,0
401360738,2022-02-27,Los Angeles Lakers,New Orleans Pelicans,95,123,2022,-28,218,1.0,False,False,1.0,False,False,same_region,0,0,0,-3.4,3.2,-6.6,-3.3,-1.7,4.5,-6.2,-3.1,911,2,0
401360735,2022-02-27,Houston Rockets,LA Clippers,98,99,2022,-1,197,16.0,False,False,1.0,False,False,same_region,0,0,0,-19.0,8.8,-27.8,-13.9,-14.9,-1.8,-13.1,-6.55,912,2,0
401360736,2022-02-27,Golden State Warriors,Dallas Mavericks,101,107,2022,-6,208,10.0,False,False,1.0,False,False,same_region,0,0,0,4.2,3.0,1.2000000000000002,0.6000000000000001,3.7,5.5,-1.7999999999999998,-0.8999999999999999,913,2,0
401360737,2022-02-27,Portland Trail Blazers,Denver Nuggets,92,124,2022,-32,216,2.0,False,False,2.0,False,False,same_region,0,0,0,-1.4,7.0,-8.4,-4.2,-7.9,5.4,-13.3,-6.65,914,2,0
401360734,2022-02-27,Charlotte Hornets,Detroit Pistons,126,127,2022,-1,253,1.0,False,False,10.0,False,False,same_region,0,0,0,7.4,-7.2,14.600000000000001,7.300000000000001,-1.5,-12.4,10.9,5.45,915,2,0
401360742,2022-02-28,Memphis Grizzlies,San Antonio Spurs,118,105,2022,13,223,11.0,False,False,1.0,False,True,same_region,0,0,0,3.2,1.4,1.8000000000000003,0.9000000000000001,9.6,1.3,8.299999999999999,4.1499999999999995,916,2,0
401360739,2022-02-28,Cleveland Cavaliers,Minnesota Timberwolves,122,127,2022,-5,249,1.0,False,False,14.0,False,False,west_to_east,1,0,1,-1.6,-4.6,2.9999999999999996,1.4999999999999998,1.1,-0.4,1.5,0.75,917,2,0
401360545,2022-02-28,Brooklyn Nets,Toronto Raptors,97,133,2022,-36,230,3.0,False,False,1.0,False,True,same_region,0,0,0,-1.0,-15.6,14.6,7.3,-8.8,-0.7,-8.100000000000001,-4.050000000000001,918,2,0
401360744,2022-02-28,Oklahoma City Thunder,Sacramento Kings,110,131,2022,-21,241,3.0,False,False,1.0,False,False,same_region,0,0,0,-5.0,-8.2,3.1999999999999993,1.5999999999999996,-7.6,-3.9,-3.6999999999999997,-1.8499999999999999,919,2,0
401360743,2022-02-28,Milwaukee Bucks,Charlotte Hornets,130,106,2022,24,236,1.0,False,False,12.0,False,False,same_region,0,0,0,-7.2,2.8,-10.0,-5.0,1.0,-1.0,2.0,1.0,920,2,0
401360741,2022-02-28,Miami Heat,Chicago Bulls,112,99,2022,13,211,1.0,False,False,18.0,False,False,same_region,0,0,0,3.8,4.2,-0.40000000000000036,-0.20000000000000018,8.6,3.8,4.8,2.4,921,2,0
401360740,2022-02-28,Orlando Magic,Indiana Pacers,119,103,2022,16,222,2.0,False,False,12.0,False,False,same_region,0,0,0,-13.0,0.8,-13.8,-6.9,-11.0,-4.5,-6.5,-3.25,922,2,0
401360750,2022-03-01,Los Angeles Lakers,Dallas Mavericks,104,109,2022,-5,213,1.0,False,False,1.0,False,False,same_region,0,0,0,-6.0,2.8,-8.8,-4.4,-4.2,6.3,-10.5,-5.25,923,3,0
401360749,2022-03-01,Minnesota Timberwolves,Golden State Warriors,129,114,2022,15,243,3.0,False,False,4.0,False,False,same_region,0,0,0,-5.4,3.4,-8.8,-4.4,-1.0,1.7,-2.7,-1.35,924,3,0
401360748,2022-03-01,Houston Rockets,LA Clippers,100,113,2022,-13,213,1.0,False,False,1.0,False,False,same_region,0,0,0,-15.4,8.6,-24.0,-12.0,-13.6,-1.1,-12.5,-6.25,925,3,0
401360747,2022-03-01,Toronto Raptors,Brooklyn Nets,109,108,2022,1,217,16.0,False,False,2.0,False,False,same_region,0,0,0,-8.2,-13.0,4.800000000000001,2.4000000000000004,2.2,-10.1,12.3,6.15,926,3,0
401360746,2022-03-01,Boston Celtics,Atlanta Hawks,107,98,2022,9,205,12.0,False,False,4.0,False,False,same_region,0,0,0,11.6,8.4,3.1999999999999993,1.5999999999999996,15.1,3.7,11.399999999999999,5.699999999999999,927,3,0
401360745,2022-03-01,Washington Wizards,Detroit Pistons,116,113,2022,3,229,3.0,False,False,1.0,False,False,same_region,0,0,0,1.6,-2.6,4.2,2.1,-3.7,-11.2,7.499999999999999,3.7499999999999996,928,3,0
401360757,2022-03-02,Denver Nuggets,Oklahoma City Thunder,107,119,2022,-12,226,3.0,False,False,4.0,False,False,same_region,0,0,0,13.2,-8.2,21.4,10.7,9.0,-10.0,19.0,9.5,929,3,0
401360752,2022-03-02,Orlando Magic,Indiana Pacers,114,122,2022,-8,236,1.0,False,False,1.0,False,False,same_region,0,0,0,-6.8,-0.6,-6.2,-3.1,-8.3,-6.0,-2.3000000000000007,-1.1500000000000004,930,3,0
401360753,2022-03-02,Philadelphia 76ers,New York Knicks,123,108,2022,15,231,14.0,False,False,17.0,False,False,same_region,0,0,0,2.4,-9.8,12.200000000000001,6.1000000000000005,1.9,-9.2,11.1,5.55,931,3,0
401360751,2022-03-02,Cleveland Cavaliers,Charlotte Hornets,98,119,2022,-21,217,1.0,False,False,1.0,False,False,same_region,0,0,0,-4.0,-0.6,-3.4,-1.7,0.3,-3.3,3.5999999999999996,1.7999999999999998,932,3,0
401360754,2022-03-02,Houston Rockets,Utah Jazz,127,132,2022,-5,259,0.0,True,True,2.0,False,False,same_region,0,0,0,-11.2,10.6,-21.799999999999997,-10.899999999999999,-16.0,9.5,-25.5,-12.75,933,3,0
401360756,2022-03-02,New Orleans Pelicans,Sacramento Kings,125,95,2022,30,220,12.0,False,False,1.0,False,False,same_region,0,0,0,10.8,-6.6,17.4,8.7,6.3,-2.9,9.2,4.6,934,3,0
401360758,2022-03-02,Phoenix Suns,Portland Trail Blazers,120,90,2022,30,210,2.0,False,False,13.0,False,False,same_region,0,0,0,2.2,-8.2,10.399999999999999,5.199999999999999,8.5,-9.4,17.9,8.95,935,3,0
401360755,2022-03-02,Milwaukee Bucks,Miami Heat,120,119,2022,1,239,1.0,False,False,4.0,False,False,same_region,0,0,0,2.4,5.6,-3.1999999999999997,-1.5999999999999999,7.0,10.3,-3.3000000000000007,-1.6500000000000004,936,3,0
401360529,2022-03-03,Atlanta Hawks,Chicago Bulls,130,124,2022,6,254,4.0,False,False,2.0,False,False,same_region,0,0,0,8.6,0.6,8.0,4.0,1.9,1.8,0.09999999999999987,0.04999999999999993,937,3,0
401360760,2022-03-03,Brooklyn Nets,Miami Heat,107,113,2022,-6,220,2.0,False,False,0.0,True,False,same_region,0,0,0,-14.2,7.0,-21.2,-10.6,-8.2,8.5,-16.7,-8.35,938,3,0
401360762,2022-03-03,Dallas Mavericks,Golden State Warriors,122,113,2022,9,235,18.0,False,False,1.0,False,False,same_region,0,0,0,4.2,0.0,4.2,2.1,7.4,-0.2,7.6000000000000005,3.8000000000000003,939,3,0
401360759,2022-03-03,Boston Celtics,Memphis Grizzlies,120,107,2022,13,227,1.0,False,False,4.0,False,False,west_to_east,1,0,1,3.8,4.4,-0.6000000000000005,-0.30000000000000027,15.1,11.2,3.9000000000000004,1.9500000000000002,940,3,0
401360761,2022-03-03,Toronto Raptors,Detroit Pistons,106,108,2022,-2,214,1.0,False,False,1.0,False,False,same_region,0,0,0,-2.0,-1.4,-0.6000000000000001,-0.30000000000000004,1.2,-10.6,11.799999999999999,5.8999999999999995,941,3,0
401360763,2022-03-03,San Antonio Spurs,Sacramento Kings,112,115,2022,-3,227,26.0,False,False,0.0,True,True,same_region,0,0,0,-3.2,-7.8,4.6,2.3,0.4,-4.7,5.1000000000000005,2.5500000000000003,942,3,0
401360764,2022-03-03,LA Clippers,Los Angeles Lakers,132,111,2022,21,243,13.0,False,False,18.0,False,False,same_region,0,0,0,8.2,-6.6,14.799999999999999,7.3999999999999995,0.1,-3.9,4.0,2.0,943,3,0
401360765,2022-03-04,Detroit Pistons,Indiana Pacers,111,106,2022,5,217,5.0,False,False,1.0,False,False,same_region,0,0,0,-1.2,2.8,-4.0,-2.0,-9.1,-4.5,-4.6,-2.3,944,3,0
401360766,2022-03-04,Philadelphia 76ers,Cleveland Cavaliers,125,119,2022,6,244,1.0,False,False,7.0,False,False,same_region,0,0,0,3.4,-6.2,9.6,4.8,3.7,-0.7,4.4,2.2,945,3,0
401401142,2022-03-04,Toronto Raptors,Orlando Magic,97,103,2022,-6,200,0.0,True,True,17.0,False,False,same_region,0,0,0,-4.8,-3.0,-1.7999999999999998,-0.8999999999999999,-0.5,-9.2,8.7,4.35,946,3,0
401360772,2022-03-04,Phoenix Suns,New York Knicks,115,114,2022,1,229,1.0,False,False,1.0,False,False,east_to_west,1,1,0,6.8,-11.0,17.8,8.9,10.0,-9.5,19.5,9.75,947,3,0
401360768,2022-03-04,Chicago Bulls,Milwaukee Bucks,112,118,2022,-6,230,5.0,False,False,21.0,False,False,same_region,0,0,0,-2.8,5.6,-8.399999999999999,-4.199999999999999,2.3,5.7,-3.4000000000000004,-1.7000000000000002,948,3,0
401360771,2022-03-04,Denver Nuggets,Houston Rockets,116,101,2022,15,217,1.0,False,False,6.0,False,False,same_region,0,0,0,8.8,-11.6,20.4,10.2,8.6,-14.0,22.6,11.3,949,3,0
401360767,2022-03-04,Washington Wizards,Atlanta Hawks,114,117,2022,-3,231,2.0,False,False,2.0,False,False,same_region,0,0,0,0.4,8.2,-7.799999999999999,-3.8999999999999995,-3.7,3.6,-7.300000000000001,-3.6500000000000004,950,3,0
401360769,2022-03-04,New Orleans Pelicans,Utah Jazz,124,90,2022,34,214,1.0,False,False,1.0,False,False,same_region,0,0,0,10.8,8.6,2.200000000000001,1.1000000000000005,8.5,12.0,-3.5,-1.75,951,3,0
401360770,2022-03-04,Oklahoma City Thunder,Minnesota Timberwolves,101,138,2022,-37,239,3.0,False,False,3.0,False,False,same_region,0,0,0,-6.6,-3.6,-2.9999999999999996,-1.4999999999999998,-7.8,-0.8,-7.0,-3.5,952,3,0
401360775,2022-03-05,Miami Heat,Philadelphia 76ers,99,82,2022,17,181,4.0,False,False,5.0,False,False,same_region,0,0,0,7.4,14.2,-6.799999999999999,-3.3999999999999995,7.3,5.2,2.0999999999999996,1.0499999999999998,953,3,0
401360774,2022-03-05,Charlotte Hornets,San Antonio Spurs,123,117,2022,6,240,5.0,False,False,4.0,False,False,west_to_east,1,0,1,4.8,-1.6,6.4,3.2,0.6,1.8,-1.2000000000000002,-0.6000000000000001,954,3,0
401360773,2022-03-05,Dallas Mavericks,Sacramento Kings,114,113,2022,1,227,1.0,False,False,1.0,False,True,same_region,0,0,0,4.4,-5.8,10.2,5.1,7.4,-5.4,12.8,6.4,955,3,0
401360778,2022-03-05,Los Angeles Lakers,Golden State Warriors,124,116,2022,8,240,3.0,False,False,1.0,False,False,same_region,0,0,0,-10.4,1.2,-11.6,-5.8,-6.5,-2.3,-4.2,-2.1,956,3,0
401360777,2022-03-05,Minnesota Timberwolves,Portland Trail Blazers,135,121,2022,14,256,3.0,False,False,2.0,False,False,same_region,0,0,0,6.2,-16.0,22.2,11.1,0.9,-11.9,12.8,6.4,957,3,0
401360776,2022-03-05,Memphis Grizzlies,Orlando Magic,124,96,2022,28,220,4.0,False,False,0.0,True,False,east_to_west,1,1,0,-0.6,0.2,-0.8,-0.4,8.7,-6.6,15.299999999999999,7.6499999999999995,958,3,0
401360779,2022-03-06,Boston Celtics,Brooklyn Nets,126,120,2022,6,246,2.0,False,False,4.0,False,False,same_region,0,0,0,6.6,-12.6,19.2,9.6,13.1,-5.3,18.4,9.2,959,3,0
401360782,2022-03-06,Washington Wizards,Indiana Pacers,133,123,2022,10,256,1.0,False,False,1.0,False,False,same_region,0,0,0,0.8,0.8,0.0,0.0,-2.5,-3.7,1.2000000000000002,0.6000000000000001,960,3,0
401360786,2022-03-06,Denver Nuggets,New Orleans Pelicans,138,130,2022,8,268,1.0,False,False,6.0,False,False,same_region,0,0,0,11.6,20.0,-8.4,-4.2,8.1,10.6,-2.5,-1.25,961,3,0
401360780,2022-03-06,Milwaukee Bucks,Phoenix Suns,132,122,2022,10,254,3.0,False,False,9.0,False,False,west_to_east,1,0,1,5.0,6.4,-1.4000000000000004,-0.7000000000000002,3.4,9.8,-6.4,-3.2,962,3,0
401360785,2022-03-06,LA Clippers,New York Knicks,93,116,2022,-23,209,2.0,False,False,1.0,False,False,east_to_west,1,1,0,13.8,-10.4,24.200000000000003,12.100000000000001,4.6,-8.9,13.5,6.75,963,3,0
401360783,2022-03-06,Houston Rockets,Memphis Grizzlies,123,112,2022,11,235,3.0,False,False,2.0,False,False,same_region,0,0,0,-8.4,5.8,-14.2,-7.1,-14.2,9.5,-23.7,-11.85,964,3,0
401360781,2022-03-06,Cleveland Cavaliers,Toronto Raptors,104,96,2022,8,200,3.0,False,False,5.0,False,False,same_region,0,0,0,-5.8,0.4,-6.2,-3.1,-1.4,-3.0,1.6,0.8,965,3,0
401360784,2022-03-06,Oklahoma City Thunder,Utah Jazz,103,116,2022,-13,219,1.0,False,False,1.0,False,False,same_region,0,0,0,-12.4,-5.0,-7.4,-3.7,-10.3,8.2,-18.5,-9.25,966,3,0
401360793,2022-03-07,Sacramento Kings,New York Knicks,115,131,2022,-16,246,10.0,False,False,0.0,True,True,east_to_west,1,1,0,-2.4,-4.8,2.4,1.2,-3.5,-5.7,2.2,1.1,967,3,0
401401144,2022-03-07,Denver Nuggets,Golden State Warriors,131,124,2022,7,255,0.0,True,True,1.0,False,False,same_region,0,0,0,9.6,-0.2,9.799999999999999,4.8999999999999995,7.2,-4.3,11.5,5.75,968,3,0
401360792,2022-03-07,San Antonio Spurs,Los Angeles Lakers,117,110,2022,7,227,3.0,False,False,3.0,False,False,same_region,0,0,0,-4.4,-9.8,5.4,2.7,-1.3,-5.6,4.3,2.15,969,3,0
401360791,2022-03-07,Dallas Mavericks,Utah Jazz,111,103,2022,8,214,1.0,False,False,0.0,True,True,same_region,0,0,0,3.2,-1.4,4.6,2.3,6.6,7.2,-0.6000000000000005,-0.30000000000000027,970,3,0
401360790,2022-03-07,Minnesota Timberwolves,Portland Trail Blazers,124,81,2022,43,205,1.0,False,False,1.0,False,False,same_region,0,0,0,8.0,-21.8,29.8,14.9,3.6,-13.0,16.6,8.3,971,3,0
401360789,2022-03-07,Miami Heat,Houston Rockets,123,106,2022,17,229,1.0,False,False,2.0,False,False,west_to_east,1,0,1,7.8,-4.6,12.399999999999999,6.199999999999999,6.9,-11.8,18.700000000000003,9.350000000000001,972,3,0
401360788,2022-03-07,Philadelphia 76ers,Chicago Bulls,121,106,2022,15,227,2.0,False,False,3.0,False,False,same_region,0,0,0,10.2,-5.4,15.6,7.8,2.4,2.0,0.3999999999999999,0.19999999999999996,973,3,0
401360787,2022-03-07,Detroit Pistons,Atlanta Hawks,113,110,2022,3,223,2.0,False,False,2.0,False,False,same_region,0,0,0,-0.8,4.6,-5.3999999999999995,-2.6999999999999997,-5.6,4.8,-10.399999999999999,-5.199999999999999,974,3,0
401360799,2022-03-08,Golden State Warriors,LA Clippers,112,97,2022,15,209,8.0,False,False,6.0,False,False,same_region,0,0,0,-9.0,3.0,-12.0,-6.0,-2.4,4.9,-7.300000000000001,-3.6500000000000004,975,3,0
401360795,2022-03-08,Indiana Pacers,Cleveland Cavaliers,124,127,2022,-3,251,8.0,False,False,3.0,False,False,same_region,0,0,0,-0.4,-3.6,3.2,1.6,-2.6,-1.9,-0.7000000000000002,-0.3500000000000001,976,3,0
401360794,2022-03-08,Charlotte Hornets,Brooklyn Nets,121,132,2022,-11,253,2.0,False,False,1.0,False,False,same_region,0,0,0,6.8,-9.2,16.0,8.0,2.7,-5.8,8.5,4.25,977,3,0
401360796,2022-03-08,Orlando Magic,Phoenix Suns,99,102,2022,-3,201,5.0,False,False,1.0,False,False,west_to_east,1,0,1,-1.2,0.4,-1.6,-0.8,-6.1,8.3,-14.4,-7.2,978,3,0
401360798,2022-03-08,Oklahoma City Thunder,Milwaukee Bucks,115,142,2022,-27,257,1.0,False,False,3.0,False,False,east_to_west,1,1,0,-11.0,7.6,-18.6,-9.3,-9.7,2.0,-11.7,-5.85,979,3,0
401360797,2022-03-08,Memphis Grizzlies,New Orleans Pelicans,132,111,2022,21,243,2.0,False,False,1.0,False,False,same_region,0,0,0,4.6,19.8,-15.200000000000001,-7.6000000000000005,5.8,8.5,-2.7,-1.35,980,3,0
401360804,2022-03-09,Houston Rockets,Los Angeles Lakers,139,130,2022,9,269,2.0,False,False,1.0,False,False,same_region,0,0,0,-7.8,-10.6,2.8,1.4,-11.6,-7.0,-4.6,-2.3,981,3,0
401360811,2022-03-09,LA Clippers,Washington Wizards,115,109,2022,6,224,2.0,False,False,10.0,False,False,east_to_west,1,1,0,-0.6,0.0,-0.6,-0.3,4.1,0.6,3.4999999999999996,1.7499999999999998,982,3,0
401360800,2022-03-09,Charlotte Hornets,Boston Celtics,101,115,2022,-14,216,0.0,True,False,9.0,False,False,same_region,0,0,0,-1.8,3.2,-5.0,-2.5,2.8,10.2,-7.3999999999999995,-3.6999999999999997,983,3,0
401360801,2022-03-09,Detroit Pistons,Chicago Bulls,108,114,2022,-6,222,1.0,False,False,1.0,False,False,same_region,0,0,0,1.6,-9.2,10.799999999999999,5.3999999999999995,-2.8,-0.7,-2.0999999999999996,-1.0499999999999998,984,3,0
401360802,2022-03-09,Miami Heat,Phoenix Suns,90,111,2022,-21,201,1.0,False,False,0.0,True,True,west_to_east,1,0,1,10.4,4.0,6.4,3.2,7.1,6.2,0.8999999999999995,0.44999999999999973,985,3,0
401360803,2022-03-09,Milwaukee Bucks,Atlanta Hawks,124,115,2022,9,239,2.0,False,False,1.0,False,False,same_region,0,0,0,13.6,4.8,8.8,4.4,3.2,2.4,0.8000000000000003,0.40000000000000013,986,3,0
401360807,2022-03-09,Dallas Mavericks,New York Knicks,77,107,2022,-30,184,1.0,False,False,1.0,False,True,east_to_west,1,1,0,5.8,1.4,4.4,2.2,4.4,-2.4,6.800000000000001,3.4000000000000004,987,3,0
401360808,2022-03-09,San Antonio Spurs,Toronto Raptors,104,119,2022,-15,223,1.0,False,False,2.0,False,False,east_to_west,1,1,0,-3.8,4.2,-8.0,-4.0,0.7,-5.7,6.4,3.2,988,3,0
401360809,2022-03-09,Utah Jazz,Portland Trail Blazers,123,85,2022,38,208,11.0,False,False,1.0,False,False,same_region,0,0,0,-4.0,-31.2,27.2,13.6,5.5,-14.4,19.9,9.95,989,3,0
401360810,2022-03-09,Sacramento Kings,Denver Nuggets,100,106,2022,-6,206,1.0,False,False,9.0,False,False,same_region,0,0,0,-4.6,10.0,-14.6,-7.3,-6.4,8.5,-14.9,-7.45,990,3,0
401360805,2022-03-09,Minnesota Timberwolves,Oklahoma City Thunder,132,102,2022,30,234,1.0,False,False,6.0,False,False,same_region,0,0,0,22.8,-17.2,40.0,20.0,9.1,-11.1,20.2,10.1,991,3,0
401360806,2022-03-09,New Orleans Pelicans,Orlando Magic,102,108,2022,-6,210,4.0,False,False,3.0,False,False,east_to_west,1,1,0,12.6,-3.4,16.0,8.0,7.9,-8.2,16.1,8.05,992,3,0
401360813,2022-03-10,Denver Nuggets,Golden State Warriors,102,113,2022,-11,215,2.0,False,False,2.0,False,False,same_region,0,0,0,4.8,-4.8,9.6,4.8,9.0,-0.7,9.7,4.85,993,3,0
401360812,2022-03-10,Philadelphia 76ers,Brooklyn Nets,100,129,2022,-29,229,2.0,False,False,1.0,False,False,same_region,0,0,0,7.0,-7.6,14.6,7.3,4.4,-4.3,8.7,4.35,994,3,0
401360817,2022-03-11,Miami Heat,Cleveland Cavaliers,117,105,2022,12,222,1.0,False,False,2.0,False,False,same_region,0,0,0,3.6,-4.2,7.800000000000001,3.9000000000000004,4.6,-2.9,7.5,3.75,995,3,0
401360815,2022-03-11,Atlanta Hawks,LA Clippers,112,106,2022,6,218,7.0,False,False,2.0,False,False,west_to_east,1,0,1,-2.4,0.4,-2.8,-1.4,3.0,4.5,-1.5,-0.75,996,3,0
401360823,2022-03-11,Los Angeles Lakers,Washington Wizards,122,109,2022,13,231,5.0,False,False,1.0,False,False,east_to_west,1,1,0,-6.8,-0.4,-6.3999999999999995,-3.1999999999999997,-6.4,-0.1,-6.300000000000001,-3.1500000000000004,997,3,0
401360814,2022-03-11,Orlando Magic,Minnesota Timberwolves,118,110,2022,8,228,2.0,False,False,6.0,False,False,west_to_east,1,0,1,-5.4,27.8,-33.2,-16.6,-6.1,11.2,-17.299999999999997,-8.649999999999999,998,3,0
401360816,2022-03-11,Boston Celtics,Detroit Pistons,114,103,2022,11,217,4.0,False,False,7.0,False,False,same_region,0,0,0,4.2,0.2,4.0,2.0,11.0,-1.2,12.2,6.1,999,3,0
401360822,2022-03-11,Phoenix Suns,Toronto Raptors,112,117,2022,-5,229,6.0,False,False,1.0,False,False,east_to_west,1,1,0,9.0,0.0,9.0,4.5,5.6,-4.1,9.7,4.85,1000,3,0
401360818,2022-03-11,Houston Rockets,Dallas Mavericks,100,113,2022,-13,213,1.0,False,False,9.0,False,False,same_region,0,0,0,-3.4,-1.4,-2.0,-1.0,-7.3,0.7,-8.0,-4.0,1001,3,0
401360821,2022-03-11,San Antonio Spurs,Utah Jazz,104,102,2022,2,206,1.0,False,False,3.0,False,False,same_region,0,0,0,-6.0,2.8,-8.8,-4.4,-2.3,6.7,-9.0,-4.5,1002,3,0
401360819,2022-03-11,Memphis Grizzlies,New York Knicks,118,114,2022,4,232,2.0,False,False,1.0,False,False,east_to_west,1,1,0,7.6,10.6,-3.0,-1.5,5.4,0.4,5.0,2.5,1003,3,0
401360820,2022-03-11,New Orleans Pelicans,Charlotte Hornets,120,142,2022,-22,262,1.0,False,False,8.0,False,False,east_to_west,1,1,0,5.8,-4.4,10.2,5.1,8.3,-0.8,9.100000000000001,4.550000000000001,1004,3,0
401360830,2022-03-12,Portland Trail Blazers,Washington Wizards,127,118,2022,9,245,12.0,False,False,0.0,True,True,east_to_west,1,1,0,-31.4,-1.8,-29.599999999999998,-14.799999999999999,-16.4,-0.1,-16.299999999999997,-8.149999999999999,1005,3,0
401360829,2022-03-12,Utah Jazz,Sacramento Kings,134,125,2022,9,259,2.0,False,False,6.0,False,False,same_region,0,0,0,1.4,-10.0,11.4,5.7,5.0,-8.3,13.3,6.65,1006,3,0
401360828,2022-03-12,Denver Nuggets,Toronto Raptors,115,127,2022,-12,242,1.0,False,False,0.0,True,True,east_to_west,1,1,0,5.0,0.8,4.2,2.1,6.9,-0.6,7.5,3.75,1007,3,0
401360827,2022-03-12,Golden State Warriors,Milwaukee Bucks,122,109,2022,13,231,3.0,False,False,3.0,False,False,east_to_west,1,1,0,0.4,10.6,-10.2,-5.1,0.2,6.5,-6.3,-3.15,1008,3,0
401360826,2022-03-12,San Antonio Spurs,Indiana Pacers,108,119,2022,-11,227,0.0,True,True,5.0,False,False,east_to_west,1,1,0,-3.0,-5.2,2.2,1.1,-3.1,-2.2,-0.8999999999999999,-0.44999999999999996,1009,3,0
401360825,2022-03-12,Chicago Bulls,Cleveland Cavaliers,101,91,2022,10,192,7.0,False,False,0.0,True,False,same_region,0,0,0,-6.8,-5.6,-1.2000000000000002,-0.6000000000000001,-1.3,-4.8,3.5,1.75,1010,3,0
401360824,2022-03-12,Miami Heat,Minnesota Timberwolves,104,113,2022,-9,217,0.0,True,True,0.0,True,False,west_to_east,1,0,1,6.2,23.2,-17.0,-8.5,6.6,9.8,-3.200000000000001,-1.6000000000000005,1011,3,0
401360831,2022-03-13,Brooklyn Nets,New York Knicks,110,107,2022,3,217,9.0,False,False,1.0,False,False,same_region,0,0,0,5.4,12.8,-7.4,-3.7,-3.8,0.9,-4.7,-2.35,1012,3,0
401360836,2022-03-13,New Orleans Pelicans,Houston Rockets,130,105,2022,25,235,1.0,False,False,5.0,False,False,same_region,0,0,0,-4.6,-5.0,0.40000000000000036,0.20000000000000018,3.1,-8.3,11.4,5.7,1013,3,0
401360833,2022-03-13,Boston Celtics,Dallas Mavericks,92,95,2022,-3,187,1.0,False,False,1.0,False,False,west_to_east,1,0,1,10.6,0.2,10.4,5.2,11.1,2.2,8.899999999999999,4.449999999999999,1014,3,0
401360832,2022-03-13,Detroit Pistons,LA Clippers,102,106,2022,-4,208,3.0,False,False,1.0,False,False,west_to_east,1,0,1,-1.4,-3.4,2.0,1.0,-1.4,2.4,-3.8,-1.9,1015,3,0
401360834,2022-03-13,Orlando Magic,Philadelphia 76ers,114,116,2022,-2,230,1.0,False,False,7.0,False,False,same_region,0,0,0,-2.2,-2.0,-0.20000000000000018,-0.10000000000000009,-2.6,0.2,-2.8000000000000003,-1.4000000000000001,1016,3,0
401360837,2022-03-13,Oklahoma City Thunder,Memphis Grizzlies,118,125,2022,-7,243,4.0,False,False,6.0,False,False,same_region,0,0,0,-19.0,5.8,-24.8,-12.4,-13.6,5.1,-18.7,-9.35,1017,3,0
401360838,2022-03-13,Phoenix Suns,Los Angeles Lakers,140,111,2022,29,251,1.0,False,False,3.0,False,False,same_region,0,0,0,2.0,-3.2,5.2,2.6,4.4,-4.9,9.3,4.65,1018,3,0
401360835,2022-03-13,Atlanta Hawks,Indiana Pacers,131,128,2022,3,259,1.0,False,False,0.0,True,False,same_region,0,0,0,0.6,0.2,0.39999999999999997,0.19999999999999998,4.6,-0.2,4.8,2.4,1019,3,0
401360847,2022-03-14,Los Angeles Lakers,Toronto Raptors,103,114,2022,-11,217,2.0,False,False,1.0,False,True,east_to_west,1,1,0,-4.8,3.6,-8.4,-4.2,-7.6,-0.6,-7.0,-3.5,1020,3,0
401360840,2022-03-14,Atlanta Hawks,Portland Trail Blazers,122,113,2022,9,235,0.0,True,True,4.0,False,False,west_to_east,1,0,1,0.0,-23.2,23.2,11.6,4.1,-15.7,19.799999999999997,9.899999999999999,1021,3,0
401360839,2022-03-14,Cleveland Cavaliers,LA Clippers,120,111,2022,9,231,7.0,False,False,0.0,True,True,west_to_east,1,0,1,-3.4,-6.8,3.4,1.7,-4.8,3.5,-8.3,-4.15,1022,3,0
401360842,2022-03-14,Oklahoma City Thunder,Charlotte Hornets,116,134,2022,-18,250,0.0,True,False,2.0,False,False,east_to_west,1,1,0,-22.8,4.8,-27.6,-13.8,-14.7,2.1,-16.8,-8.4,1023,3,0
401360843,2022-03-14,San Antonio Spurs,Minnesota Timberwolves,139,149,2022,-10,288,1.0,False,True,1.0,False,True,same_region,0,0,0,-4.6,17.6,-22.200000000000003,-11.100000000000001,-3.1,11.9,-15.0,-7.5,1024,3,0
401360844,2022-03-14,Golden State Warriors,Washington Wizards,126,112,2022,14,238,1.0,False,False,1.0,False,True,east_to_west,1,1,0,4.8,-4.2,9.0,4.5,3.0,-1.9,4.9,2.45,1025,3,0
401360846,2022-03-14,Utah Jazz,Milwaukee Bucks,111,117,2022,-6,228,1.0,False,False,1.0,False,False,east_to_west,1,1,0,10.0,7.8,2.2,1.1,2.5,6.7,-4.2,-2.1,1026,3,0
401360845,2022-03-14,Sacramento Kings,Chicago Bulls,112,103,2022,9,215,4.0,False,False,4.0,False,False,east_to_west,1,1,0,-5.8,-2.2,-3.5999999999999996,-1.7999999999999998,-6.8,-0.8,-6.0,-3.0,1027,3,0
401360841,2022-03-14,Philadelphia 76ers,Denver Nuggets,110,114,2022,-4,224,3.0,False,False,4.0,False,False,west_to_east,1,0,1,-4.6,-0.4,-4.199999999999999,-2.0999999999999996,-0.6,5.6,-6.199999999999999,-3.0999999999999996,1028,3,0
401360849,2022-03-15,Orlando Magic,Brooklyn Nets,108,150,2022,-42,258,1.0,False,False,4.0,False,False,same_region,0,0,0,-3.8,6.2,-10.0,-5.0,-1.8,-4.0,2.2,1.1,1029,3,0
401360848,2022-03-15,Indiana Pacers,Memphis Grizzlies,102,135,2022,-33,237,6.0,False,False,1.0,False,False,west_to_east,1,0,1,-2.0,9.8,-11.8,-5.9,0.4,4.6,-4.199999999999999,-2.0999999999999996,1030,3,0
401360851,2022-03-15,New Orleans Pelicans,Phoenix Suns,115,131,2022,-16,246,1.0,False,False,5.0,False,False,same_region,0,0,0,-6.4,7.6,-14.0,-7.0,6.8,7.0,-0.20000000000000018,-0.10000000000000009,1031,3,0
401360850,2022-03-15,Miami Heat,Detroit Pistons,105,98,2022,7,203,2.0,False,False,3.0,False,False,same_region,0,0,0,3.2,-2.6,5.800000000000001,2.9000000000000004,5.3,-1.9,7.199999999999999,3.5999999999999996,1032,3,0
401360857,2022-03-16,Houston Rockets,Phoenix Suns,112,129,2022,-17,241,4.0,False,False,0.0,True,False,same_region,0,0,0,-7.0,12.8,-19.8,-9.9,-7.7,6.6,-14.3,-7.15,1033,3,0
401360859,2022-03-16,San Antonio Spurs,Oklahoma City Thunder,122,120,2022,2,242,1.0,False,False,6.0,False,False,same_region,0,0,0,-5.4,-19.0,13.6,6.8,-4.9,-15.7,10.799999999999999,5.3999999999999995,1034,3,0
401360853,2022-03-16,Cleveland Cavaliers,Philadelphia 76ers,114,118,2022,-4,232,1.0,False,False,2.0,False,False,same_region,0,0,0,-0.4,-6.6,6.199999999999999,3.0999999999999996,-3.1,3.8,-6.9,-3.45,1035,3,0
401360856,2022-03-16,New York Knicks,Portland Trail Blazers,128,98,2022,30,226,16.0,False,False,1.0,False,False,west_to_east,1,0,1,12.4,-19.0,31.4,15.7,1.0,-17.5,18.5,9.25,1036,3,0
401360854,2022-03-16,Washington Wizards,Denver Nuggets,109,127,2022,-18,236,9.0,False,False,1.0,False,False,west_to_east,1,0,1,-6.4,-1.2,-5.2,-2.6,-2.8,4.2,-7.0,-3.5,1037,3,0
401360852,2022-03-16,Charlotte Hornets,Atlanta Hawks,116,106,2022,10,222,6.0,False,False,6.0,False,False,same_region,0,0,0,4.2,1.2,3.0,1.5,4.5,2.9,1.6,0.8,1038,3,0
401360858,2022-03-16,Minnesota Timberwolves,Los Angeles Lakers,124,104,2022,20,228,6.0,False,False,2.0,False,False,same_region,0,0,0,16.8,-8.6,25.4,12.7,12.4,-9.2,21.6,10.8,1039,3,0
401360861,2022-03-16,Golden State Warriors,Boston Celtics,88,110,2022,-22,198,1.0,False,False,6.0,False,False,east_to_west,1,1,0,9.2,8.2,1.0,0.5,4.5,6.0,-1.5,-0.75,1040,3,0
401360855,2022-03-16,Brooklyn Nets,Dallas Mavericks,111,113,2022,-2,224,2.0,False,False,2.0,False,False,west_to_east,1,0,1,15.8,-1.0,16.8,8.4,1.6,1.7,-0.09999999999999987,-0.04999999999999993,1041,3,0
401360863,2022-03-16,LA Clippers,Toronto Raptors,100,103,2022,-3,203,6.0,False,False,1.0,False,False,east_to_west,1,1,0,-4.0,7.0,-11.0,-5.5,-0.5,3.7,-4.2,-2.1,1042,3,0
401360860,2022-03-16,Utah Jazz,Chicago Bulls,125,110,2022,15,235,1.0,False,False,1.0,False,False,east_to_west,1,1,0,6.2,-2.8,9.0,4.5,2.4,-2.8,5.199999999999999,2.5999999999999996,1043,3,0
401360862,2022-03-16,Sacramento Kings,Milwaukee Bucks,126,135,2022,-9,261,1.0,False,False,1.0,False,False,east_to_west,1,1,0,-4.6,7.8,-12.399999999999999,-6.199999999999999,-5.2,6.4,-11.600000000000001,-5.800000000000001,1044,3,0
401360864,2022-03-17,Orlando Magic,Detroit Pistons,120,134,2022,-14,254,1.0,False,False,1.0,False,False,same_region,0,0,0,-6.6,-5.0,-1.5999999999999996,-0.7999999999999998,-3.9,-2.9,-1.0,-0.5,1045,3,0
401360870,2022-03-18,Utah Jazz,LA Clippers,121,92,2022,29,213,1.0,False,False,3.0,False,False,same_region,0,0,0,10.8,-1.6,12.4,6.2,3.4,-1.1,4.5,2.25,1046,3,0
401360869,2022-03-18,San Antonio Spurs,New Orleans Pelicans,91,124,2022,-33,215,1.0,False,False,9.0,False,False,same_region,0,0,0,-6.4,-8.0,1.5999999999999996,0.7999999999999998,-5.1,5.9,-11.0,-5.5,1047,3,0
401360866,2022-03-18,Toronto Raptors,Los Angeles Lakers,123,128,2022,-5,251,13.0,False,False,1.0,False,False,west_to_east,1,0,1,9.2,-11.2,20.4,10.2,6.7,-10.9,17.6,8.8,1048,3,0
401360876,2022-03-18,Phoenix Suns,Chicago Bulls,129,102,2022,27,231,4.0,False,False,1.0,False,False,east_to_west,1,1,0,15.6,-4.6,20.2,10.1,9.8,-5.0,14.8,7.4,1049,3,0
401360871,2022-03-18,Sacramento Kings,Boston Celtics,97,126,2022,-29,223,1.0,False,False,1.0,False,False,east_to_west,1,1,0,-6.2,10.0,-16.2,-8.1,-4.3,8.3,-12.600000000000001,-6.300000000000001,1050,3,0
401360868,2022-03-18,Houston Rockets,Indiana Pacers,118,121,2022,-3,239,1.0,False,False,4.0,False,False,east_to_west,1,1,0,-12.6,-7.6,-5.0,-2.5,-8.6,-3.4,-5.199999999999999,-2.5999999999999996,1051,3,0
401360867,2022-03-18,Miami Heat,Oklahoma City Thunder,120,108,2022,12,228,2.0,False,False,1.0,False,False,west_to_east,1,0,1,1.2,-16.8,18.0,9.0,4.5,-13.9,18.4,9.2,1052,3,0
401360872,2022-03-18,Atlanta Hawks,Memphis Grizzlies,120,105,2022,15,225,3.0,False,False,2.0,False,False,west_to_east,1,0,1,-0.2,10.8,-11.0,-5.5,2.3,8.3,-6.000000000000001,-3.0000000000000004,1053,3,0
401360865,2022-03-18,New York Knicks,Washington Wizards,100,97,2022,3,197,1.0,False,False,3.0,False,False,same_region,0,0,0,13.8,-12.0,25.8,12.9,4.5,-6.0,10.5,5.25,1054,3,0
401360875,2022-03-18,Philadelphia 76ers,Dallas Mavericks,111,101,2022,10,212,3.0,False,False,1.0,False,False,west_to_east,1,0,1,-2.4,-0.8,-1.5999999999999999,-0.7999999999999999,3.9,1.2,2.7,1.35,1055,3,0
401360874,2022-03-18,Cleveland Cavaliers,Denver Nuggets,119,116,2022,3,235,1.0,False,False,1.0,False,False,west_to_east,1,0,1,-2.8,1.0,-3.8,-1.9,-3.2,5.5,-8.7,-4.35,1056,3,0
401360873,2022-03-18,Brooklyn Nets,Portland Trail Blazers,128,123,2022,5,251,1.0,False,False,1.0,False,False,west_to_east,1,0,1,16.6,-22.2,38.8,19.4,3.7,-22.0,25.7,12.85,1057,3,0
401360878,2022-03-19,Charlotte Hornets,Dallas Mavericks,129,108,2022,21,237,2.0,False,False,0.0,True,True,west_to_east,1,0,1,5.0,-4.4,9.4,4.7,5.9,0.7,5.2,2.6,1058,3,0
401360877,2022-03-19,Minnesota Timberwolves,Milwaukee Bucks,138,119,2022,19,257,2.0,False,False,2.0,False,False,east_to_west,1,1,0,12.2,7.6,4.6,2.3,17.5,7.6,9.9,4.95,1059,3,0
401360879,2022-03-19,Cleveland Cavaliers,Detroit Pistons,113,109,2022,4,222,0.0,True,True,1.0,False,False,same_region,0,0,0,-2.8,-2.8,0.0,0.0,-3.5,-0.6,-2.9,-1.45,1060,3,0
401360880,2022-03-19,Washington Wizards,Los Angeles Lakers,127,119,2022,8,246,2.0,False,False,0.0,True,True,west_to_east,1,0,1,-11.4,-8.4,-3.0,-1.5,-5.9,-7.6,1.6999999999999993,0.8499999999999996,1061,3,0
401360888,2022-03-20,Philadelphia 76ers,Toronto Raptors,88,93,2022,-5,181,1.0,False,False,3.0,False,False,same_region,0,0,0,-3.4,5.2,-8.6,-4.3,1.8,2.6,-0.8,-0.4,1062,3,0
401360885,2022-03-20,Sacramento Kings,Phoenix Suns,124,127,2022,-3,251,1.0,False,False,3.0,False,False,same_region,0,0,0,-8.8,16.8,-25.6,-12.8,-6.7,12.9,-19.6,-9.8,1063,3,0
401360883,2022-03-20,Atlanta Hawks,New Orleans Pelicans,112,117,2022,-5,229,1.0,False,False,1.0,False,False,west_to_east,1,0,1,4.6,2.8,1.7999999999999998,0.8999999999999999,1.1,7.7,-6.6,-3.3,1064,3,0
401360881,2022-03-20,Indiana Pacers,Portland Trail Blazers,129,98,2022,31,227,4.0,False,False,1.0,False,False,west_to_east,1,0,1,-5.0,-14.6,9.6,4.8,-2.7,-22.9,20.2,10.1,1065,3,0
401360882,2022-03-20,Houston Rockets,Memphis Grizzlies,98,122,2022,-24,220,1.0,False,False,1.0,False,False,same_region,0,0,0,-9.8,10.0,-19.8,-9.9,-8.8,7.3,-16.1,-8.05,1066,3,0
401360884,2022-03-20,Orlando Magic,Oklahoma City Thunder,90,85,2022,5,175,2.0,False,False,1.0,False,False,west_to_east,1,0,1,-8.8,-13.8,5.0,2.5,-6.1,-15.5,9.4,4.7,1067,3,0
401360889,2022-03-20,Golden State Warriors,San Antonio Spurs,108,110,2022,-2,218,3.0,False,False,14.0,False,False,same_region,0,0,0,6.2,-10.0,16.2,8.1,-1.4,-8.0,6.6,3.3,1068,3,0
401360886,2022-03-20,New York Knicks,Utah Jazz,93,108,2022,-15,201,1.0,False,False,8.0,False,False,west_to_east,1,0,1,11.2,9.0,2.1999999999999993,1.0999999999999996,6.3,5.9,0.39999999999999947,0.19999999999999973,1069,3,0
401360887,2022-03-20,Denver Nuggets,Boston Celtics,104,124,2022,-20,228,7.0,False,False,1.0,False,False,east_to_west,1,1,0,-0.8,14.6,-15.4,-7.7,2.0,8.9,-6.9,-3.45,1070,3,0
401360898,2022-03-21,Dallas Mavericks,Minnesota Timberwolves,110,108,2022,2,218,11.0,False,False,6.0,False,False,same_region,0,0,0,-2.6,10.0,-12.6,-6.3,-2.0,18.9,-20.9,-10.45,1071,3,0
401360897,2022-03-21,Oklahoma City Thunder,Boston Celtics,123,132,2022,-9,255,6.0,False,False,0.0,True,True,east_to_west,1,1,0,-8.8,15.8,-24.6,-12.3,-13.9,10.0,-23.9,-11.95,1072,3,0
401360896,2022-03-21,Houston Rockets,Washington Wizards,115,97,2022,18,212,0.0,True,True,2.0,False,False,east_to_west,1,1,0,-16.4,-7.2,-9.2,-4.6,-9.9,-4.5,-5.4,-2.7,1073,3,0
401360890,2022-03-21,Charlotte Hornets,New Orleans Pelicans,106,103,2022,3,209,1.0,False,False,0.0,True,True,west_to_east,1,0,1,11.4,5.0,6.4,3.2,4.8,5.4,-0.6000000000000005,-0.30000000000000027,1074,3,0
401360895,2022-03-21,Chicago Bulls,Toronto Raptors,113,99,2022,14,212,8.0,False,False,0.0,True,False,same_region,0,0,0,-7.0,5.2,-12.2,-6.1,-8.1,3.0,-11.1,-5.55,1075,3,0
401360893,2022-03-21,Philadelphia 76ers,Miami Heat,113,106,2022,7,219,0.0,True,True,17.0,False,False,same_region,0,0,0,1.4,0.2,1.2,0.6,-0.3,5.3,-5.6,-2.8,1076,3,0
401360892,2022-03-21,Detroit Pistons,Portland Trail Blazers,115,119,2022,-4,234,7.0,False,False,0.0,True,True,west_to_east,1,0,1,-2.4,-13.2,10.799999999999999,5.3999999999999995,-1.1,-22.3,21.2,10.6,1077,3,0
401360891,2022-03-21,Cleveland Cavaliers,Los Angeles Lakers,120,131,2022,-11,251,1.0,False,True,1.0,False,True,west_to_east,1,0,1,0.4,-12.6,13.0,6.5,-2.6,-7.9,5.300000000000001,2.6500000000000004,1078,3,0
401360894,2022-03-21,Brooklyn Nets,Utah Jazz,114,106,2022,8,220,2.0,False,False,0.0,True,False,west_to_east,1,0,1,15.4,12.4,3.0,1.5,3.9,6.9,-3.0000000000000004,-1.5000000000000002,1079,3,0
401360900,2022-03-22,New York Knicks,Atlanta Hawks,111,117,2022,-6,228,1.0,False,False,5.0,False,False,same_region,0,0,0,2.2,2.4,-0.19999999999999973,-0.09999999999999987,6.4,1.5,4.9,2.45,1080,3,0
401360899,2022-03-22,Orlando Magic,Golden State Warriors,94,90,2022,4,184,1.0,False,False,11.0,False,False,west_to_east,1,0,1,-9.0,2.8,-11.8,-5.9,-7.2,-1.0,-6.2,-3.1,1081,3,0
401360901,2022-03-22,Milwaukee Bucks,Chicago Bulls,126,98,2022,28,224,12.0,False,False,3.0,False,False,same_region,0,0,0,-1.6,-5.4,3.8000000000000003,1.9000000000000001,6.0,-6.1,12.1,6.05,1082,3,0
401360902,2022-03-22,Denver Nuggets,LA Clippers,127,115,2022,12,242,1.0,False,False,3.0,False,False,same_region,0,0,0,-2.6,-8.6,6.0,3.0,1.2,-4.1,5.3,2.65,1083,3,0
401360905,2022-03-23,Indiana Pacers,Sacramento Kings,109,110,2022,-1,219,2.0,False,False,10.0,False,False,west_to_east,1,0,1,1.8,-8.2,10.0,5.0,-1.7,-9.1,7.3999999999999995,3.6999999999999997,1084,3,0
401360903,2022-03-23,Charlotte Hornets,New York Knicks,106,121,2022,-15,227,1.0,False,False,9.0,False,False,same_region,0,0,0,14.8,1.8,13.0,6.5,5.2,7.3,-2.0999999999999996,-1.0499999999999998,1085,3,0
401360906,2022-03-23,Boston Celtics,Utah Jazz,125,97,2022,28,222,9.0,False,False,1.0,False,True,west_to_east,1,0,1,15.4,9.0,6.4,3.2,13.0,9.5,3.5,1.75,1086,3,0
401360907,2022-03-23,Miami Heat,Golden State Warriors,104,118,2022,-14,222,4.0,False,False,0.0,True,False,west_to_east,1,0,1,3.0,-0.2,3.2,1.6,3.3,0.1,3.1999999999999997,1.5999999999999999,1087,3,0
401360912,2022-03-23,Los Angeles Lakers,Philadelphia 76ers,121,126,2022,-5,247,8.0,False,False,6.0,False,False,east_to_west,1,1,0,-4.6,2.4,-7.0,-3.5,-4.7,-1.1,-3.6,-1.8,1088,3,0
401360904,2022-03-23,Detroit Pistons,Atlanta Hawks,122,101,2022,21,223,1.0,False,False,0.0,True,False,same_region,0,0,0,-1.0,3.0,-4.0,-2.0,-1.2,1.5,-2.7,-1.35,1089,3,0
401360910,2022-03-23,Oklahoma City Thunder,Orlando Magic,118,102,2022,16,220,1.0,False,False,13.0,False,False,east_to_west,1,1,0,-9.2,-9.8,0.6000000000000014,0.3000000000000007,-16.0,-6.0,-10.0,-5.0,1090,3,0
401360911,2022-03-23,Dallas Mavericks,Houston Rockets,110,91,2022,19,201,1.0,False,False,9.0,False,False,same_region,0,0,0,-4.8,-10.2,5.3999999999999995,2.6999999999999997,-2.3,-7.6,5.3,2.65,1091,3,0
401360913,2022-03-23,Portland Trail Blazers,San Antonio Spurs,96,133,2022,-37,229,10.0,False,False,2.0,False,False,same_region,0,0,0,-14.2,-10.0,-4.199999999999999,-2.0999999999999996,-18.7,-6.5,-12.2,-6.1,1092,3,0
401360908,2022-03-23,Memphis Grizzlies,Brooklyn Nets,132,120,2022,12,252,11.0,False,False,7.0,False,False,east_to_west,1,1,0,10.6,11.2,-0.5999999999999996,-0.2999999999999998,9.1,8.3,0.7999999999999989,0.39999999999999947,1093,3,0
401360909,2022-03-23,Minnesota Timberwolves,Phoenix Suns,116,125,2022,-9,241,3.0,False,False,2.0,False,False,same_region,0,0,0,11.2,18.4,-7.199999999999999,-3.5999999999999996,17.2,10.2,7.0,3.5,1094,3,0
401360918,2022-03-24,Denver Nuggets,Phoenix Suns,130,140,2022,-10,270,1.0,False,False,0.0,True,False,same_region,0,0,0,2.2,14.4,-12.2,-6.1,0.9,11.0,-10.1,-5.05,1095,3,0
401360917,2022-03-24,New Orleans Pelicans,Chicago Bulls,126,109,2022,17,235,8.0,False,False,1.0,False,False,east_to_west,1,1,0,8.8,-13.0,21.8,10.9,2.1,-7.6,9.7,4.85,1096,3,0
401360916,2022-03-24,Milwaukee Bucks,Washington Wizards,114,102,2022,12,216,1.0,False,False,2.0,False,False,same_region,0,0,0,2.2,-9.0,11.2,5.6,6.4,-6.6,13.0,6.5,1097,3,0
401360915,2022-03-24,Memphis Grizzlies,Indiana Pacers,133,103,2022,30,236,0.0,True,False,5.0,False,False,east_to_west,1,1,0,12.2,-0.6,12.799999999999999,6.3999999999999995,9.0,-0.2,9.2,4.6,1098,3,0
401360914,2022-03-24,Toronto Raptors,Cleveland Cavaliers,117,104,2022,13,221,5.0,False,False,11.0,False,False,same_region,0,0,0,0.0,0.2,-0.2,-0.1,1.8,-1.6,3.4000000000000004,1.7000000000000002,1099,3,0
401360920,2022-03-25,Detroit Pistons,Washington Wizards,97,100,2022,-3,197,1.0,False,False,0.0,True,False,same_region,0,0,0,4.0,-8.6,12.6,6.3,0.7,-7.5,8.2,4.1,1100,3,0
401360919,2022-03-25,Charlotte Hornets,Utah Jazz,107,101,2022,6,208,1.0,False,False,1.0,False,False,west_to_east,1,0,1,7.4,4.6,2.8000000000000007,1.4000000000000004,6.1,5.4,0.6999999999999993,0.34999999999999964,1101,3,0
401360921,2022-03-25,Atlanta Hawks,Golden State Warriors,121,110,2022,11,231,4.0,False,False,1.0,False,True,west_to_east,1,0,1,-3.0,0.0,-3.0,-1.5,-0.9,2.4,-3.3,-1.65,1102,3,0
401360925,2022-03-25,LA Clippers,Philadelphia 76ers,97,122,2022,-25,219,8.0,False,False,1.0,False,False,east_to_west,1,1,0,-9.8,4.2,-14.0,-7.0,-6.6,-1.2,-5.3999999999999995,-2.6999999999999997,1103,3,0
401360923,2022-03-25,Minnesota Timberwolves,Dallas Mavericks,116,95,2022,21,211,1.0,False,False,5.0,False,False,same_region,0,0,0,7.6,-1.6,9.2,4.6,12.6,-1.3,13.9,6.95,1104,3,0
401360922,2022-03-25,Miami Heat,New York Knicks,103,111,2022,-8,214,1.0,False,False,1.0,False,False,same_region,0,0,0,-2.2,5.4,-7.6000000000000005,-3.8000000000000003,2.0,8.9,-6.9,-3.45,1105,3,0
401360924,2022-03-25,Portland Trail Blazers,Houston Rockets,106,125,2022,-19,231,1.0,False,False,1.0,False,False,same_region,0,0,0,-19.8,-9.0,-10.8,-5.4,-19.4,-8.0,-11.399999999999999,-5.699999999999999,1106,3,0
401360926,2022-03-26,New Orleans Pelicans,San Antonio Spurs,103,107,2022,-4,210,1.0,False,False,2.0,False,False,same_region,0,0,0,7.2,-0.4,7.6000000000000005,3.8000000000000003,0.4,-2.5,2.9,1.45,1107,3,0
401360928,2022-03-26,Toronto Raptors,Indiana Pacers,131,91,2022,40,222,1.0,False,False,1.0,False,False,same_region,0,0,0,0.4,-6.0,6.4,3.2,3.7,-4.0,7.7,3.85,1108,3,0
401360929,2022-03-26,Cleveland Cavaliers,Chicago Bulls,94,98,2022,-4,192,4.0,False,False,1.0,False,False,same_region,0,0,0,-4.2,-14.6,10.399999999999999,5.199999999999999,-2.3,-8.7,6.3999999999999995,3.1999999999999997,1109,3,0
401360927,2022-03-26,Orlando Magic,Sacramento Kings,110,114,2022,-4,224,3.0,False,False,2.0,False,False,west_to_east,1,0,1,-12.6,-6.2,-6.3999999999999995,-3.1999999999999997,-8.2,-6.0,-2.1999999999999993,-1.0999999999999996,1110,3,0
401360931,2022-03-26,Memphis Grizzlies,Milwaukee Bucks,127,102,2022,25,229,1.0,False,True,6.0,False,False,east_to_west,1,1,0,16.8,7.2,9.600000000000001,4.800000000000001,13.3,7.5,5.800000000000001,2.9000000000000004,1111,3,0
401360932,2022-03-26,Denver Nuggets,Oklahoma City Thunder,113,107,2022,6,220,1.0,False,False,5.0,False,False,same_region,0,0,0,-0.6,-2.4,1.7999999999999998,0.8999999999999999,-0.9,-10.7,9.799999999999999,4.8999999999999995,1112,3,0
401360933,2022-03-26,Portland Trail Blazers,Houston Rockets,98,115,2022,-17,213,0.0,True,True,0.0,True,True,same_region,0,0,0,-17.6,-1.8,-15.8,-7.9,-19.9,-7.2,-12.7,-6.35,1113,3,0
401360930,2022-03-26,Miami Heat,Brooklyn Nets,95,110,2022,-15,205,0.0,True,True,2.0,False,False,same_region,0,0,0,-2.0,8.2,-10.2,-5.1,0.6,7.2,-6.6000000000000005,-3.3000000000000003,1114,3,0
401360939,2022-03-27,Brooklyn Nets,Charlotte Hornets,110,119,2022,-9,229,5.0,False,False,12.0,False,False,same_region,0,0,0,2.8,5.0,-2.2,-1.1,9.3,4.6,4.700000000000001,2.3500000000000005,1115,3,0
401360938,2022-03-27,New Orleans Pelicans,Los Angeles Lakers,116,108,2022,8,224,0.0,True,True,5.0,False,False,same_region,0,0,0,9.6,-3.4,13.0,6.5,0.8,-6.0,6.8,3.4,1116,3,0
401360937,2022-03-27,Phoenix Suns,Philadelphia 76ers,114,104,2022,10,218,8.0,False,False,1.0,False,False,east_to_west,1,1,0,13.2,8.4,4.799999999999999,2.3999999999999995,13.0,3.0,10.0,5.0,1117,3,0
401360936,2022-03-27,Washington Wizards,Golden State Warriors,123,115,2022,8,238,7.0,False,False,1.0,False,False,west_to_east,1,0,1,-4.4,-5.0,0.5999999999999996,0.2999999999999998,-8.2,2.1,-10.299999999999999,-5.1499999999999995,1118,3,0
401360935,2022-03-27,Boston Celtics,Minnesota Timberwolves,134,112,2022,22,246,3.0,False,False,5.0,False,False,west_to_east,1,0,1,21.6,9.8,11.8,5.9,14.9,13.3,1.5999999999999996,0.7999999999999998,1119,3,0
401360934,2022-03-27,Detroit Pistons,New York Knicks,102,104,2022,-2,206,1.0,False,False,1.0,False,False,same_region,0,0,0,4.8,1.0,3.8,1.9,-0.1,7.4,-7.5,-3.75,1120,3,0
401360940,2022-03-27,Dallas Mavericks,Utah Jazz,114,100,2022,14,214,3.0,False,False,1.0,False,False,same_region,0,0,0,-6.2,0.4,-6.6000000000000005,-3.3000000000000003,-3.5,5.6,-9.1,-4.55,1121,3,0
401360941,2022-03-28,Charlotte Hornets,Denver Nuggets,109,113,2022,-4,222,2.0,False,False,9.0,False,False,west_to_east,1,0,1,4.8,-3.0,7.8,3.9,4.9,-1.0,5.9,2.95,1122,3,0
401360948,2022-03-28,Memphis Grizzlies,Golden State Warriors,123,95,2022,28,218,1.0,False,False,0.0,True,True,same_region,0,0,0,15.2,-2.2,17.4,8.7,13.0,2.0,11.0,5.5,1123,3,0
401360943,2022-03-28,Indiana Pacers,Atlanta Hawks,123,132,2022,-9,255,4.0,False,False,4.0,False,False,same_region,0,0,0,-7.4,1.2,-8.6,-4.3,-7.5,0.5,-8.0,-4.0,1124,3,0
401360944,2022-03-28,Miami Heat,Sacramento Kings,123,100,2022,23,223,1.0,False,True,1.0,False,False,west_to_east,1,0,1,-6.4,-7.2,0.7999999999999998,0.3999999999999999,-2.6,-5.9,3.3000000000000003,1.6500000000000001,1125,3,0
401360947,2022-03-28,Houston Rockets,San Antonio Spurs,120,123,2022,-3,243,6.0,False,False,1.0,False,False,same_region,0,0,0,2.2,2.4,-0.19999999999999973,-0.09999999999999987,-3.8,-1.5,-2.3,-1.15,1126,3,0
401360946,2022-03-28,Toronto Raptors,Boston Celtics,115,112,2022,3,227,1.0,False,False,6.0,False,False,same_region,0,0,0,7.8,21.6,-13.8,-6.9,8.5,15.8,-7.300000000000001,-3.6500000000000004,1127,3,0
401360949,2022-03-28,Portland Trail Blazers,Oklahoma City Thunder,131,134,2022,-3,265,1.0,False,True,1.0,False,False,same_region,0,0,0,-20.0,-3.2,-16.8,-8.4,-17.3,-10.0,-7.300000000000001,-3.6500000000000004,1128,3,0
401360945,2022-03-28,New York Knicks,Chicago Bulls,109,104,2022,5,213,5.0,False,False,1.0,False,False,same_region,0,0,0,0.8,-10.8,11.600000000000001,5.800000000000001,6.0,-7.7,13.7,6.85,1129,3,0
401360942,2022-03-28,Cleveland Cavaliers,Orlando Magic,107,101,2022,6,208,1.0,False,False,4.0,False,False,same_region,0,0,0,-4.2,-5.0,0.7999999999999998,0.3999999999999999,-3.5,-5.8,2.3,1.15,1130,3,0
401360954,2022-03-29,LA Clippers,Utah Jazz,121,115,2022,6,236,3.0,False,False,1.0,False,False,same_region,0,0,0,-15.6,-8.2,-7.4,-3.7,-11.2,0.4,-11.6,-5.8,1131,3,0
401360953,2022-03-29,Dallas Mavericks,Los Angeles Lakers,128,110,2022,18,238,1.0,False,False,1.0,False,False,same_region,0,0,0,-1.4,-1.0,-0.3999999999999999,-0.19999999999999996,-2.9,-6.1,3.1999999999999997,1.5999999999999999,1132,3,0
401360952,2022-03-29,Brooklyn Nets,Detroit Pistons,130,123,2022,7,253,1.0,False,False,9.0,False,False,same_region,0,0,0,1.4,1.6,-0.20000000000000018,-0.10000000000000009,9.0,-0.6,9.6,4.8,1133,3,0
401360951,2022-03-29,Washington Wizards,Chicago Bulls,94,107,2022,-13,201,1.0,False,False,0.0,True,True,same_region,0,0,0,-2.2,-6.4,4.2,2.1,-6.8,-6.7,-0.09999999999999964,-0.04999999999999982,1134,3,0
401360950,2022-03-29,Philadelphia 76ers,Milwaukee Bucks,116,118,2022,-2,234,7.0,False,False,2.0,False,False,same_region,0,0,0,4.4,1.0,3.4000000000000004,1.7000000000000002,0.5,4.4,-3.9000000000000004,-1.9500000000000002,1135,3,0
401360955,2022-03-30,Cleveland Cavaliers,Dallas Mavericks,112,120,2022,-8,232,1.0,False,False,4.0,False,False,west_to_east,1,0,1,-3.6,6.4,-10.0,-5.0,-3.2,1.9,-5.1,-2.55,1136,3,0
401360957,2022-03-30,Washington Wizards,Orlando Magic,127,110,2022,17,237,0.0,True,True,1.0,False,False,same_region,0,0,0,-6.4,-3.4,-3.0000000000000004,-1.5000000000000002,-6.8,-6.1,-0.7000000000000002,-0.3500000000000001,1137,3,0
401360958,2022-03-30,Boston Celtics,Miami Heat,98,106,2022,-8,204,2.0,False,False,8.0,False,False,same_region,0,0,0,15.2,-4.2,19.4,9.7,14.9,-2.0,16.9,8.45,1138,3,0
401360959,2022-03-30,New York Knicks,Charlotte Hornets,114,125,2022,-11,239,1.0,False,False,2.0,False,False,same_region,0,0,0,4.8,-0.2,5.0,2.5,3.5,5.6,-2.0999999999999996,-1.0499999999999998,1139,3,0
401360965,2022-03-30,Portland Trail Blazers,New Orleans Pelicans,107,117,2022,-10,224,1.0,False,False,8.0,False,False,same_region,0,0,0,-14.4,4.6,-19.0,-9.5,-13.8,3.7,-17.5,-8.75,1140,3,0
401360956,2022-03-30,Indiana Pacers,Denver Nuggets,118,125,2022,-7,243,1.0,False,False,1.0,False,False,west_to_east,1,0,1,-9.8,-1.6,-8.200000000000001,-4.1000000000000005,-7.4,-1.2,-6.2,-3.1,1141,3,0
401360962,2022-03-30,Oklahoma City Thunder,Atlanta Hawks,118,136,2022,-18,254,6.0,False,False,1.0,False,False,east_to_west,1,1,0,-0.2,0.0,-0.2,-0.1,-7.0,2.3,-9.3,-4.65,1142,3,0
401360963,2022-03-30,San Antonio Spurs,Memphis Grizzlies,111,112,2022,-1,223,11.0,False,False,9.0,False,False,same_region,0,0,0,2.6,23.8,-21.2,-10.6,-1.9,16.9,-18.799999999999997,-9.399999999999999,1143,3,0
401360964,2022-03-30,Golden State Warriors,Phoenix Suns,103,107,2022,-4,210,9.0,False,False,5.0,False,False,same_region,0,0,0,-7.4,11.8,-19.200000000000003,-9.600000000000001,-2.3,13.7,-16.0,-8.0,1144,3,0
401360960,2022-03-30,Toronto Raptors,Minnesota Timberwolves,125,102,2022,23,227,1.0,False,False,2.0,False,False,west_to_east,1,0,1,9.4,1.4,8.0,4.0,7.3,6.8,0.5,0.25,1145,3,0
401360961,2022-03-30,Houston Rockets,Sacramento Kings,118,121,2022,-3,239,1.0,False,False,1.0,False,False,same_region,0,0,0,6.4,-10.0,16.4,8.2,-5.0,-8.1,3.0999999999999996,1.5499999999999998,1146,3,0
401360969,2022-03-31,Utah Jazz,Los Angeles Lakers,122,109,2022,13,231,12.0,False,False,1.0,False,False,same_region,0,0,0,-12.4,-5.6,-6.800000000000001,-3.4000000000000004,0.0,-7.0,7.0,3.5,1147,3,0
401360968,2022-03-31,Chicago Bulls,LA Clippers,135,130,2022,5,265,9.0,False,False,8.0,False,False,west_to_east,1,0,1,-6.6,-12.6,6.0,3.0,-6.0,-8.3,2.3000000000000007,1.1500000000000004,1148,3,0
401401145,2022-03-31,Atlanta Hawks,Cleveland Cavaliers,131,107,2022,24,238,5.0,False,False,6.0,False,False,same_region,0,0,0,4.6,-6.0,10.6,5.3,3.5,-2.8,6.3,3.15,1149,3,0
401360967,2022-03-31,Brooklyn Nets,Milwaukee Bucks,119,120,2022,-1,239,1.0,False,False,1.0,False,False,same_region,0,0,0,1.8,-0.4,2.2,1.1,8.6,3.6,5.0,2.5,1150,3,0
401360966,2022-03-31,Detroit Pistons,Philadelphia 76ers,102,94,2022,8,196,3.0,False,False,3.0,False,False,same_region,0,0,0,1.0,5.0,-4.0,-2.0,-0.7,3.2,-3.9000000000000004,-1.9500000000000002,1151,3,0
401360978,2022-04-01,Denver Nuggets,Minnesota Timberwolves,130,136,2022,-6,266,5.0,False,False,1.0,False,False,same_region,0,0,0,3.8,-7.0,10.8,5.4,0.6,1.5,-0.9,-0.45,1152,4,1
401360971,2022-04-01,Washington Wizards,Dallas Mavericks,135,103,2022,32,238,1.0,False,True,1.0,False,False,west_to_east,1,0,1,0.6,7.6,-7.0,-3.5,-4.2,1.4,-5.6,-2.8,1153,4,1
401360972,2022-04-01,Boston Celtics,Indiana Pacers,128,123,2022,5,251,1.0,False,False,5.0,False,False,same_region,0,0,0,9.6,-17.4,27.0,13.5,12.7,-7.8,20.5,10.25,1154,4,1
401360973,2022-04-01,Houston Rockets,Sacramento Kings,117,122,2022,-5,239,1.0,False,False,1.0,False,False,same_region,0,0,0,2.2,-3.6,5.800000000000001,2.9000000000000004,-4.0,-6.2,2.2,1.1,1155,4,1
401360970,2022-04-01,Orlando Magic,Toronto Raptors,89,102,2022,-13,191,5.0,False,False,10.0,False,False,same_region,0,0,0,-7.8,13.0,-20.8,-10.4,-8.4,9.1,-17.5,-8.75,1156,4,1
401360974,2022-04-01,Memphis Grizzlies,Phoenix Suns,122,114,2022,8,236,3.0,False,False,1.0,False,False,same_region,0,0,0,19.2,7.2,12.0,6.0,14.9,12.0,2.9000000000000004,1.4500000000000002,1157,4,1
401360976,2022-04-01,Oklahoma City Thunder,Detroit Pistons,101,110,2022,-9,211,1.0,False,False,2.0,False,False,east_to_west,1,1,0,-2.8,3.4,-6.199999999999999,-3.0999999999999996,-5.8,1.2,-7.0,-3.5,1158,4,1
401360977,2022-04-01,San Antonio Spurs,Portland Trail Blazers,130,111,2022,19,241,1.0,False,False,10.0,False,False,same_region,0,0,0,9.0,-17.2,26.2,13.1,-0.5,-15.7,15.2,7.6,1159,4,1
401360979,2022-04-01,Los Angeles Lakers,New Orleans Pelicans,111,114,2022,-3,225,8.0,False,False,1.0,False,False,same_region,0,0,0,-6.6,5.6,-12.2,-6.1,-9.6,5.3,-14.899999999999999,-7.449999999999999,1160,4,1
401360975,2022-04-01,Milwaukee Bucks,LA Clippers,119,153,2022,-34,272,7.0,False,False,0.0,True,False,west_to_east,1,0,1,3.6,-13.0,16.6,8.3,1.0,-7.3,8.3,4.15,1161,4,1
401360983,2022-04-02,Chicago Bulls,Miami Heat,109,127,2022,-18,236,1.0,False,False,2.0,False,False,same_region,0,0,0,0.0,-1.2,1.2,0.6,-6.5,0.9,-7.4,-3.7,1162,4,1
401360981,2022-04-02,New York Knicks,Cleveland Cavaliers,101,119,2022,-18,220,2.0,False,False,1.0,False,False,same_region,0,0,0,3.8,-8.6,12.399999999999999,6.199999999999999,2.8,-4.2,7.0,3.5,1163,4,1
401360982,2022-04-02,Atlanta Hawks,Brooklyn Nets,122,115,2022,7,237,1.0,False,False,6.0,False,False,same_region,0,0,0,8.2,0.0,8.2,4.1,5.6,5.6,0.0,0.0,1164,4,1
401360984,2022-04-02,Golden State Warriors,Utah Jazz,111,107,2022,4,218,2.0,False,False,3.0,False,False,same_region,0,0,0,-7.4,-8.2,0.7999999999999989,0.39999999999999947,-3.8,0.4,-4.2,-2.1,1165,4,1
401360980,2022-04-02,Philadelphia 76ers,Charlotte Hornets,144,114,2022,30,258,3.0,False,False,2.0,False,False,same_region,0,0,0,2.0,1.4,0.6000000000000001,0.30000000000000004,2.2,8.1,-5.8999999999999995,-2.9499999999999997,1166,4,1
401360985,2022-04-03,Boston Celtics,Washington Wizards,144,102,2022,42,246,1.0,False,False,8.0,False,False,same_region,0,0,0,8.8,9.4,-0.5999999999999996,-0.2999999999999998,12.1,0.4,11.7,5.85,1167,4,1
401360988,2022-04-03,Indiana Pacers,Detroit Pistons,117,121,2022,-4,238,3.0,False,False,1.0,False,False,same_region,0,0,0,-18.2,1.0,-19.2,-9.6,-9.4,2.5,-11.9,-5.95,1168,4,1
401360986,2022-04-03,Milwaukee Bucks,Dallas Mavericks,112,118,2022,-6,230,1.0,False,False,1.0,False,False,west_to_east,1,0,1,-8.8,-2.6,-6.200000000000001,-3.1000000000000005,-3.3,-2.1,-1.1999999999999997,-0.5999999999999999,1169,4,1
401360987,2022-04-03,Los Angeles Lakers,Denver Nuggets,118,129,2022,-11,247,1.0,False,False,3.0,False,False,same_region,0,0,0,-9.4,0.2,-9.6,-4.8,-7.0,1.2,-8.2,-4.1,1170,4,1
401360990,2022-04-03,Orlando Magic,New York Knicks,88,118,2022,-30,206,1.0,False,False,6.0,False,False,same_region,0,0,0,-11.2,-2.8,-8.399999999999999,-4.199999999999999,-10.5,1.3,-11.8,-5.9,1171,4,1
401360994,2022-04-03,San Antonio Spurs,Portland Trail Blazers,113,92,2022,21,205,1.0,False,False,1.0,False,False,same_region,0,0,0,12.4,-13.6,26.0,13.0,1.2,-16.7,17.9,8.95,1172,4,1
401360989,2022-04-03,Cleveland Cavaliers,Philadelphia 76ers,108,112,2022,-4,220,3.0,False,False,2.0,False,False,same_region,0,0,0,-2.4,7.0,-9.4,-4.7,-3.3,5.6,-8.899999999999999,-4.449999999999999,1173,4,1
401360993,2022-04-03,Oklahoma City Thunder,Phoenix Suns,117,96,2022,21,213,1.0,False,False,1.0,False,False,same_region,0,0,0,-2.8,5.0,-7.8,-3.9,-6.0,11.7,-17.7,-8.85,1174,4,1
401360995,2022-04-03,Sacramento Kings,Golden State Warriors,90,109,2022,-19,199,13.0,False,False,5.0,False,False,same_region,0,0,0,-2.0,-9.4,7.4,3.7,-5.1,-4.7,-0.39999999999999947,-0.19999999999999973,1175,4,1
401360996,2022-04-03,LA Clippers,New Orleans Pelicans,119,100,2022,19,219,4.0,False,False,1.0,False,False,same_region,0,0,0,-0.4,6.8,-7.2,-3.6,-4.5,7.8,-12.3,-6.15,1176,4,1
401360991,2022-04-03,Toronto Raptors,Miami Heat,109,114,2022,-5,223,3.0,False,False,0.0,True,False,same_region,0,0,0,18.4,5.2,13.2,6.6,9.2,1.5,7.699999999999999,3.8499999999999996,1177,4,1
401360992,2022-04-03,Houston Rockets,Minnesota Timberwolves,132,139,2022,-7,271,1.0,False,False,1.0,False,False,same_region,0,0,0,5.0,-5.4,10.4,5.2,-2.0,2.9,-4.9,-2.45,1178,4,1
401360999,2022-04-05,Brooklyn Nets,Houston Rockets,118,105,2022,13,223,4.0,False,False,9.0,False,False,west_to_east,1,0,1,1.0,-0.2,1.2,0.6,4.6,-1.0,5.6,2.8,1179,4,1
401361000,2022-04-05,Miami Heat,Charlotte Hornets,144,115,2022,29,259,7.0,False,False,2.0,False,False,same_region,0,0,0,7.8,-1.6,9.4,4.7,2.9,2.9,0.0,0.0,1180,4,1
401361001,2022-04-05,Toronto Raptors,Atlanta Hawks,118,108,2022,10,226,1.0,False,False,5.0,False,False,same_region,0,0,0,14.8,13.8,1.0,0.5,7.6,5.4,2.1999999999999993,1.0999999999999996,1181,4,1
401360997,2022-04-05,Indiana Pacers,Philadelphia 76ers,122,131,2022,-9,253,1.0,False,False,1.0,False,False,same_region,0,0,0,-13.0,2.8,-15.8,-7.9,-9.5,5.6,-15.1,-7.55,1182,4,1
401360998,2022-04-05,Orlando Magic,Cleveland Cavaliers,120,115,2022,5,235,1.0,False,False,2.0,False,False,same_region,0,0,0,-14.0,-2.4,-11.6,-5.8,-13.3,-3.3,-10.0,-5.0,1183,4,1
401361002,2022-04-05,Chicago Bulls,Milwaukee Bucks,106,127,2022,-21,233,2.0,False,False,4.0,False,False,same_region,0,0,0,-0.2,-12.4,12.200000000000001,6.1000000000000005,-7.4,-2.6,-4.800000000000001,-2.4000000000000004,1184,4,1
401361005,2022-04-05,Denver Nuggets,San Antonio Spurs,97,116,2022,-19,213,3.0,False,False,7.0,False,False,same_region,0,0,0,4.4,9.2,-4.799999999999999,-2.3999999999999995,1.9,4.4,-2.5000000000000004,-1.2500000000000002,1185,4,1
401361006,2022-04-05,Utah Jazz,Memphis Grizzlies,121,115,2022,6,236,4.0,False,False,5.0,False,False,same_region,0,0,0,-3.4,18.4,-21.799999999999997,-10.899999999999999,0.6,15.3,-14.700000000000001,-7.3500000000000005,1186,4,1
401361007,2022-04-05,Sacramento Kings,New Orleans Pelicans,109,123,2022,-14,232,1.0,False,False,1.0,False,False,same_region,0,0,0,-6.0,-0.4,-5.6,-2.8,-6.1,3.4,-9.5,-4.75,1187,4,1
401361003,2022-04-05,Minnesota Timberwolves,Washington Wizards,114,132,2022,-18,246,10.0,False,False,1.0,False,False,east_to_west,1,1,0,-2.2,0.4,-2.6,-1.3,2.7,-2.0,4.7,2.35,1188,4,1
401361008,2022-04-05,Phoenix Suns,Los Angeles Lakers,121,110,2022,11,231,8.0,False,False,4.0,False,False,same_region,0,0,0,-1.0,-10.6,9.6,4.8,6.7,-7.0,13.7,6.85,1189,4,1
401361004,2022-04-05,Oklahoma City Thunder,Portland Trail Blazers,98,94,2022,4,192,1.0,False,False,1.0,False,False,same_region,0,0,0,-1.8,-14.0,12.2,6.1,-2.1,-15.8,13.700000000000001,6.8500000000000005,1190,4,1
401361014,2022-04-06,LA Clippers,Phoenix Suns,113,109,2022,4,222,2.0,False,False,2.0,False,False,same_region,0,0,0,5.8,-0.8,6.6,3.3,-2.0,6.2,-8.2,-4.1,1191,4,1
401361013,2022-04-06,Utah Jazz,Oklahoma City Thunder,137,101,2022,36,238,0.0,True,False,8.0,False,False,same_region,0,0,0,-1.0,0.2,-1.2,-0.6,-0.3,-1.5,1.2,0.6,1192,4,1
401361012,2022-04-06,Chicago Bulls,Boston Celtics,94,117,2022,-23,211,0.0,True,False,8.0,False,False,same_region,0,0,0,-5.2,11.6,-16.8,-8.4,-8.0,16.6,-24.6,-12.3,1193,4,1
401361011,2022-04-06,Atlanta Hawks,Washington Wizards,118,103,2022,15,221,3.0,False,False,0.0,True,True,same_region,0,0,0,9.6,2.4,7.199999999999999,3.5999999999999996,5.4,0.1,5.300000000000001,2.6500000000000004,1194,4,1
401361010,2022-04-06,New York Knicks,Brooklyn Nets,98,110,2022,-12,208,3.0,False,False,3.0,False,False,same_region,0,0,0,1.6,0.6,1.0,0.5,1.3,1.7,-0.3999999999999999,-0.19999999999999996,1195,4,1
401361009,2022-04-06,Detroit Pistons,Dallas Mavericks,113,131,2022,-18,244,5.0,False,False,2.0,False,False,west_to_east,1,0,1,2.4,2.8,-0.3999999999999999,-0.19999999999999996,3.6,-1.7,5.3,2.65,1196,4,1
401361016,2022-04-07,Toronto Raptors,Philadelphia 76ers,119,114,2022,5,233,1.0,False,False,1.0,False,False,same_region,0,0,0,8.8,6.6,2.200000000000001,1.1000000000000005,8.3,5.5,2.8000000000000007,1.4000000000000004,1197,4,1
401361015,2022-04-07,Charlotte Hornets,Orlando Magic,128,101,2022,27,229,9.0,False,False,7.0,False,False,same_region,0,0,0,-8.6,-12.2,3.5999999999999996,1.7999999999999998,-1.8,-8.6,6.8,3.4,1198,4,1
401361018,2022-04-07,Minnesota Timberwolves,San Antonio Spurs,127,121,2022,6,248,1.0,False,False,1.0,False,False,same_region,0,0,0,-10.0,12.2,-22.2,-11.1,-0.1,7.3,-7.3999999999999995,-3.6999999999999997,1199,4,1
401361017,2022-04-07,Milwaukee Bucks,Boston Celtics,127,121,2022,6,248,3.0,False,False,0.0,True,False,same_region,0,0,0,-3.2,11.8,-15.0,-7.5,-1.1,16.7,-17.8,-8.9,1200,4,1
401361020,2022-04-07,Denver Nuggets,Memphis Grizzlies,122,109,2022,13,231,1.0,False,False,1.0,False,False,same_region,0,0,0,-0.6,11.2,-11.799999999999999,-5.8999999999999995,-1.8,14.0,-15.8,-7.9,1201,4,1
401361019,2022-04-07,New Orleans Pelicans,Portland Trail Blazers,127,94,2022,33,221,10.0,False,False,1.0,False,False,same_region,0,0,0,3.2,-11.4,14.600000000000001,7.300000000000001,6.4,-15.7,22.1,11.05,1202,4,1
401361021,2022-04-07,Golden State Warriors,Los Angeles Lakers,128,112,2022,16,240,4.0,False,False,1.0,False,False,same_region,0,0,0,-3.4,-11.2,7.799999999999999,3.8999999999999995,-4.2,-6.1,1.8999999999999995,0.9499999999999997,1203,4,1
401361030,2022-04-08,Los Angeles Lakers,Oklahoma City Thunder,120,101,2022,19,221,4.0,False,False,1.0,False,False,same_region,0,0,0,-10.8,-7.6,-3.200000000000001,-1.6000000000000005,-8.2,-3.9,-4.299999999999999,-2.1499999999999995,1204,4,1
401361022,2022-04-08,Detroit Pistons,Milwaukee Bucks,101,131,2022,-30,232,1.0,False,False,2.0,False,False,same_region,0,0,0,-0.8,-2.4,1.5999999999999999,0.7999999999999999,0.4,-1.4,1.7999999999999998,0.8999999999999999,1205,4,1
401361023,2022-04-08,Washington Wizards,New York Knicks,92,114,2022,-22,206,6.0,False,False,4.0,False,False,same_region,0,0,0,2.0,-1.2,3.2,1.6,-2.2,-0.2,-2.0,-1.0,1206,4,1
401361025,2022-04-08,Toronto Raptors,Houston Rockets,117,115,2022,2,232,0.0,True,True,2.0,False,False,west_to_east,1,0,1,9.2,-6.2,15.399999999999999,7.699999999999999,9.3,-2.0,11.3,5.65,1207,4,1
401361026,2022-04-08,Miami Heat,Atlanta Hawks,113,109,2022,4,222,2.0,False,False,2.0,False,False,same_region,0,0,0,16.6,10.8,5.800000000000001,2.9000000000000004,5.1,5.4,-0.3000000000000007,-0.15000000000000036,1208,4,1
401361027,2022-04-08,Chicago Bulls,Charlotte Hornets,117,133,2022,-16,250,1.0,False,True,2.0,False,False,same_region,0,0,0,-8.8,-5.0,-3.8000000000000007,-1.9000000000000004,-7.6,-0.1,-7.5,-3.75,1209,4,1
401361028,2022-04-08,Dallas Mavericks,Portland Trail Blazers,128,78,2022,50,206,9.0,False,False,0.0,True,True,same_region,0,0,0,3.6,-17.4,21.0,10.5,1.1,-15.9,17.0,8.5,1210,4,1
401361029,2022-04-08,Utah Jazz,Phoenix Suns,105,111,2022,-6,216,1.0,False,True,1.0,False,False,same_region,0,0,0,9.0,-3.6,12.6,6.3,0.4,4.1,-3.6999999999999997,-1.8499999999999999,1211,4,1
401361024,2022-04-08,Brooklyn Nets,Cleveland Cavaliers,118,107,2022,11,225,2.0,False,False,2.0,False,False,same_region,0,0,0,4.8,-4.6,9.399999999999999,4.699999999999999,3.1,-4.1,7.199999999999999,3.5999999999999996,1212,4,1
401361031,2022-04-09,LA Clippers,Sacramento Kings,117,98,2022,19,215,2.0,False,False,7.0,False,False,same_region,0,0,0,11.6,-9.6,21.2,10.6,-2.0,-8.4,6.4,3.2,1213,4,1
401361034,2022-04-09,San Antonio Spurs,Golden State Warriors,94,100,2022,-6,194,5.0,False,False,5.0,False,False,same_region,0,0,0,10.4,1.4,9.0,4.5,6.5,-0.4,6.9,3.45,1214,4,1
401361032,2022-04-09,Memphis Grizzlies,New Orleans Pelicans,141,114,2022,27,255,7.0,False,False,3.0,False,False,same_region,0,0,0,3.6,8.2,-4.6,-2.3,9.4,6.4,3.0,1.5,1215,4,1
401361033,2022-04-09,Philadelphia 76ers,Indiana Pacers,133,120,2022,13,253,6.0,False,False,7.0,False,False,same_region,0,0,0,6.0,-6.8,12.8,6.4,5.5,-7.1,12.6,6.3,1216,4,1
401361037,2022-04-10,Cleveland Cavaliers,Milwaukee Bucks,133,115,2022,18,248,6.0,False,False,1.0,False,False,same_region,0,0,0,-5.2,3.4,-8.6,-4.3,-5.6,3.5,-9.1,-4.55,1217,4,1
401361040,2022-04-10,Houston Rockets,Atlanta Hawks,114,130,2022,-16,244,6.0,False,False,1.0,False,False,east_to_west,1,1,0,-6.0,6.4,-12.4,-6.2,0.2,5.5,-5.3,-2.65,1218,4,1
401361042,2022-04-10,Memphis Grizzlies,Boston Celtics,110,139,2022,-29,249,0.0,True,False,2.0,False,False,east_to_west,1,1,0,3.4,11.2,-7.799999999999999,-3.8999999999999995,13.6,13.2,0.40000000000000036,0.20000000000000018,1219,4,1
401361036,2022-04-10,Charlotte Hornets,Washington Wizards,124,108,2022,16,232,2.0,False,False,3.0,False,False,same_region,0,0,0,-1.0,-5.8,4.8,2.4,-0.6,-2.6,2.0,1.0,1220,4,1
401361035,2022-04-10,Brooklyn Nets,Indiana Pacers,134,126,2022,8,260,1.0,False,False,0.0,True,False,same_region,0,0,0,5.6,-7.6,13.2,6.6,3.7,-8.7,12.399999999999999,6.199999999999999,1221,4,1
401361045,2022-04-10,New York Knicks,Toronto Raptors,105,94,2022,11,199,3.0,False,False,8.0,False,False,same_region,0,0,0,2.2,5.0,-2.8,-1.4,3.5,9.0,-5.5,-2.75,1222,4,1
401361038,2022-04-10,Dallas Mavericks,San Antonio Spurs,130,120,2022,10,250,1.0,False,False,2.0,False,False,same_region,0,0,0,10.0,9.4,0.5999999999999996,0.2999999999999998,8.2,9.2,-1.0,-0.5,1223,4,1
401361046,2022-04-10,Orlando Magic,Miami Heat,125,111,2022,14,236,4.0,False,False,6.0,False,False,same_region,0,0,0,-16.4,12.8,-29.2,-14.6,-9.9,4.3,-14.2,-7.1,1224,4,1
401361039,2022-04-10,Denver Nuggets,Los Angeles Lakers,141,146,2022,-5,287,2.0,False,False,2.0,False,False,same_region,0,0,0,1.2,-4.4,5.6000000000000005,2.8000000000000003,-0.2,-5.5,5.3,2.65,1225,4,1
401361043,2022-04-10,Minnesota Timberwolves,Chicago Bulls,120,124,2022,-4,244,2.0,False,False,11.0,False,False,east_to_west,1,1,0,-4.4,-14.6,10.2,5.1,-1.5,-10.6,9.1,4.55,1226,4,1
401361047,2022-04-10,Philadelphia 76ers,Detroit Pistons,118,106,2022,12,224,0.0,True,False,6.0,False,False,same_region,0,0,0,10.2,-5.4,15.6,7.8,6.1,-2.2,8.3,4.15,1227,4,1
401361049,2022-04-10,Portland Trail Blazers,Utah Jazz,80,111,2022,-31,191,10.0,False,False,7.0,False,False,same_region,0,0,0,-25.4,9.0,-34.4,-17.2,-21.3,-1.7,-19.6,-9.8,1228,4,1
401361041,2022-04-10,LA Clippers,Oklahoma City Thunder,138,88,2022,50,226,0.0,True,False,1.0,False,False,same_region,0,0,0,14.2,-7.8,22.0,11.0,0.8,-5.3,6.1,3.05,1229,4,1
401361044,2022-04-10,New Orleans Pelicans,Golden State Warriors,107,128,2022,-21,235,2.0,False,False,0.0,True,False,same_region,0,0,0,0.8,8.2,-7.3999999999999995,-3.6999999999999997,3.2,0.4,2.8000000000000003,1.4000000000000001,1230,4,1
401361048,2022-04-10,Phoenix Suns,Sacramento Kings,109,116,2022,-7,225,4.0,False,False,0.0,True,False,same_region,0,0,0,-3.2,-8.8,5.6000000000000005,2.8000000000000003,2.0,-9.4,11.4,5.7,1231,4,1
401428071,2022-04-12,Minnesota Timberwolves,LA Clippers,109,104,2022,5,213,1.0,False,False,10.0,False,False,same_region,0,0,0,-0.6,25.2,-25.8,-12.9,-3.8,6.1,-9.899999999999999,-4.949999999999999,1232,4,1
401428070,2022-04-12,Brooklyn Nets,Cleveland Cavaliers,115,108,2022,7,223,1.0,False,False,3.0,False,False,same_region,0,0,0,7.4,3.2,4.2,2.1,3.7,-2.7,6.4,3.2,1233,4,1
401428073,2022-04-13,New Orleans Pelicans,San Antonio Spurs,113,103,2022,10,216,2.0,False,False,2.0,False,False,same_region,0,0,0,-4.0,3.6,-7.6,-3.8,1.4,8.0,-6.6,-3.3,1234,4,1
401428072,2022-04-13,Atlanta Hawks,Charlotte Hornets,132,103,2022,29,235,6.0,False,False,4.0,False,False,same_region,0,0,0,4.8,0.0,4.8,2.4,6.5,0.7,5.8,2.9,1235,4,1
401428075,2022-04-15,LA Clippers,New Orleans Pelicans,101,105,2022,-4,206,4.0,False,False,5.0,False,False,same_region,0,0,0,17.4,1.8,15.599999999999998,7.799999999999999,8.5,0.7,7.8,3.9,1236,4,1
401428074,2022-04-15,Cleveland Cavaliers,Atlanta Hawks,101,107,2022,-6,208,4.0,False,False,4.0,False,False,same_region,0,0,0,-1.8,9.2,-11.0,-5.5,-2.1,11.5,-13.6,-6.8,1237,4,1
401429873,2022-04-16,Memphis Grizzlies,Minnesota Timberwolves,117,130,2022,-13,247,5.0,False,False,12.0,False,False,same_region,0,0,0,-2.6,-0.8,-1.8,-0.9,8.3,-3.1,11.4,5.7,1238,4,1
401429872,2022-04-16,Dallas Mavericks,Utah Jazz,93,99,2022,-6,192,5.0,False,False,5.0,False,False,same_region,0,0,0,10.4,12.6,-2.1999999999999993,-1.0999999999999996,9.0,2.2,6.8,3.4,1239,4,1
401429875,2022-04-16,Golden State Warriors,Denver Nuggets,123,107,2022,16,230,8.0,False,False,12.0,False,False,same_region,0,0,0,13.2,-1.2,14.399999999999999,7.199999999999999,2.9,1.3,1.5999999999999999,0.7999999999999999,1240,4,1
401429874,2022-04-16,Philadelphia 76ers,Toronto Raptors,131,111,2022,20,242,5.0,False,False,5.0,False,False,same_region,0,0,0,6.6,0.2,6.3999999999999995,3.1999999999999997,6.8,9.3,-2.500000000000001,-1.2500000000000004,1241,4,1
401429891,2022-04-17,Miami Heat,Atlanta Hawks,115,91,2022,24,206,8.0,False,False,1.0,False,False,same_region,0,0,0,8.4,12.4,-4.0,-2.0,3.6,11.0,-7.4,-3.7,1242,4,1
401429890,2022-04-17,Boston Celtics,Brooklyn Nets,115,114,2022,1,229,13.0,False,False,10.0,False,False,same_region,0,0,0,18.6,10.2,8.400000000000002,4.200000000000001,14.1,5.6,8.5,4.25,1243,4,1
401429892,2022-04-17,Milwaukee Bucks,Chicago Bulls,93,86,2022,7,179,9.0,False,False,6.0,False,False,same_region,0,0,0,6.6,-14.8,21.4,10.7,-1.1,-7.4,6.300000000000001,3.1500000000000004,1244,4,1
401429893,2022-04-17,Phoenix Suns,New Orleans Pelicans,110,99,2022,11,209,6.0,False,False,1.0,False,False,same_region,0,0,0,-3.0,-0.2,-2.8,-1.4,1.0,1.5,-0.5,-0.25,1245,4,1
401430232,2022-04-18,Dallas Mavericks,Utah Jazz,110,104,2022,6,214,1.0,False,False,1.0,False,False,same_region,0,0,0,15.6,14.6,1.0,0.5,6.5,5.6,0.9000000000000004,0.4500000000000002,1246,4,1
401430247,2022-04-18,Golden State Warriors,Denver Nuggets,126,106,2022,20,232,1.0,False,False,1.0,False,False,same_region,0,0,0,15.6,-3.2,18.8,9.4,3.1,-1.5,4.6,2.3,1247,4,1
401430233,2022-04-18,Philadelphia 76ers,Toronto Raptors,112,97,2022,15,209,1.0,False,False,1.0,False,False,same_region,0,0,0,9.8,-2.8,12.600000000000001,6.300000000000001,6.3,6.0,0.2999999999999998,0.1499999999999999,1248,4,1
401430222,2022-04-19,Phoenix Suns,New Orleans Pelicans,114,125,2022,-11,239,1.0,False,False,1.0,False,False,same_region,0,0,0,3.4,-9.0,12.4,6.2,1.2,-0.4,1.6,0.8,1249,4,1
401430223,2022-04-19,Memphis Grizzlies,Minnesota Timberwolves,124,96,2022,28,220,2.0,False,False,2.0,False,False,same_region,0,0,0,-6.8,0.4,-7.2,-3.6,5.8,-0.9,6.7,3.35,1250,4,1
401430216,2022-04-19,Miami Heat,Atlanta Hawks,115,105,2022,10,220,1.0,False,False,1.0,False,False,same_region,0,0,0,9.6,4.6,5.0,2.5,7.4,7.7,-0.2999999999999998,-0.1499999999999999,1251,4,1
401430236,2022-04-20,Toronto Raptors,Philadelphia 76ers,101,104,2022,-3,205,11.0,False,False,12.0,False,False,same_region,0,0,0,-7.8,11.0,-18.8,-9.4,0.5,8.8,-8.3,-4.15,1252,4,1
401430210,2022-04-20,Boston Celtics,Brooklyn Nets,114,107,2022,7,221,2.0,False,False,2.0,False,False,same_region,0,0,0,17.8,7.4,10.4,5.2,13.3,4.0,9.3,4.65,1253,4,1
401430246,2022-04-20,Milwaukee Bucks,Chicago Bulls,110,114,2022,-4,224,2.0,False,False,2.0,False,False,same_region,0,0,0,9.2,-12.6,21.799999999999997,10.899999999999999,-1.6,-6.4,4.800000000000001,2.4000000000000004,1254,4,1
401430227,2022-04-21,Minnesota Timberwolves,Memphis Grizzlies,95,104,2022,-9,199,8.0,False,False,13.0,False,False,same_region,0,0,0,-1.6,0.0,-1.6,-0.8,-5.8,5.6,-11.399999999999999,-5.699999999999999,1255,4,1
401430250,2022-04-21,Denver Nuggets,Golden State Warriors,113,118,2022,-5,231,10.0,False,False,10.0,False,False,same_region,0,0,0,-9.4,15.8,-25.200000000000003,-12.600000000000001,-2.5,6.2,-8.7,-4.35,1256,4,1
401430235,2022-04-21,Utah Jazz,Dallas Mavericks,118,126,2022,-8,244,12.0,False,False,14.0,False,False,same_region,0,0,0,12.2,15.6,-3.4000000000000004,-1.7000000000000002,5.6,9.2,-3.5999999999999996,-1.7999999999999998,1257,4,1
401430248,2022-04-22,Chicago Bulls,Milwaukee Bucks,81,111,2022,-30,192,13.0,False,False,11.0,False,False,same_region,0,0,0,-7.6,4.2,-11.8,-5.9,-6.4,0.5,-6.9,-3.45,1258,4,1
401430217,2022-04-22,Atlanta Hawks,Miami Heat,111,110,2022,1,221,8.0,False,False,11.0,False,False,same_region,0,0,0,3.4,10.6,-7.199999999999999,-3.5999999999999996,4.9,9.2,-4.299999999999999,-2.1499999999999995,1259,4,1
401430224,2022-04-22,New Orleans Pelicans,Phoenix Suns,111,114,2022,-3,225,8.0,False,False,13.0,False,False,same_region,0,0,0,-1.4,-1.0,-0.3999999999999999,-0.19999999999999996,-0.3,-0.9,0.6000000000000001,0.30000000000000004,1260,4,1
401430211,2022-04-23,Brooklyn Nets,Boston Celtics,103,109,2022,-6,212,10.0,False,False,12.0,False,False,same_region,0,0,0,3.6,10.8,-7.200000000000001,-3.6000000000000005,4.2,11.2,-6.999999999999999,-3.4999999999999996,1261,4,1
401430230,2022-04-23,Minnesota Timberwolves,Memphis Grizzlies,119,118,2022,1,237,1.0,False,False,1.0,False,False,same_region,0,0,0,-4.6,4.4,-9.0,-4.5,-4.5,4.0,-8.5,-4.25,1262,4,1
401430240,2022-04-23,Toronto Raptors,Philadelphia 76ers,110,102,2022,8,212,2.0,False,False,2.0,False,False,same_region,0,0,0,-9.4,12.6,-22.0,-11.0,-0.1,9.3,-9.4,-4.7,1263,4,1
401430237,2022-04-23,Utah Jazz,Dallas Mavericks,100,99,2022,1,199,1.0,False,False,1.0,False,False,same_region,0,0,0,3.4,13.6,-10.2,-5.1,6.2,8.6,-2.3999999999999995,-1.1999999999999997,1264,4,1
401430249,2022-04-24,Chicago Bulls,Milwaukee Bucks,95,119,2022,-24,214,1.0,False,False,1.0,False,False,same_region,0,0,0,-9.0,9.0,-18.0,-9.0,-8.9,3.3,-12.2,-6.1,1265,4,1
401430218,2022-04-24,Atlanta Hawks,Miami Heat,86,110,2022,-24,196,1.0,False,False,1.0,False,False,same_region,0,0,0,0.4,4.6,-4.199999999999999,-2.0999999999999996,2.6,10.6,-8.0,-4.0,1266,4,1
401430225,2022-04-24,New Orleans Pelicans,Phoenix Suns,118,103,2022,15,221,1.0,False,False,1.0,False,False,same_region,0,0,0,2.2,0.4,1.8000000000000003,0.9000000000000001,-0.9,-1.6,0.7000000000000001,0.35000000000000003,1267,4,1
401430253,2022-04-24,Denver Nuggets,Golden State Warriors,126,121,2022,5,247,2.0,False,False,2.0,False,False,same_region,0,0,0,-6.6,13.6,-20.2,-10.1,-3.6,7.5,-11.1,-5.55,1268,4,1
401430243,2022-04-25,Philadelphia 76ers,Toronto Raptors,88,103,2022,-15,191,6.0,False,False,6.0,False,False,same_region,0,0,0,8.4,-8.2,16.6,8.3,9.3,-1.6,10.9,5.45,1269,4,1
401430212,2022-04-25,Brooklyn Nets,Boston Celtics,112,116,2022,-4,228,1.0,False,False,1.0,False,False,same_region,0,0,0,0.2,7.4,-7.2,-3.6,2.9,9.6,-6.699999999999999,-3.3499999999999996,1270,4,1
401430239,2022-04-25,Dallas Mavericks,Utah Jazz,102,77,2022,25,179,6.0,False,False,6.0,False,False,same_region,0,0,0,3.4,4.8,-1.4,-0.7,6.7,6.9,-0.20000000000000018,-0.10000000000000009,1271,4,1
401430231,2022-04-26,Memphis Grizzlies,Minnesota Timberwolves,111,109,2022,2,220,6.0,False,False,6.0,False,False,same_region,0,0,0,-1.2,-3.6,2.4000000000000004,1.2000000000000002,1.1,-2.1,3.2,1.6,1272,4,1
401430219,2022-04-26,Miami Heat,Atlanta Hawks,97,94,2022,3,191,6.0,False,False,6.0,False,False,same_region,0,0,0,8.6,-10.2,18.799999999999997,9.399999999999999,10.7,-0.5,11.2,5.6,1273,4,1
401430226,2022-04-26,Phoenix Suns,New Orleans Pelicans,112,97,2022,15,209,6.0,False,False,6.0,False,False,same_region,0,0,0,-3.8,3.2,-7.0,-3.5,-3.5,2.5,-6.0,-3.0,1274,4,1
401430251,2022-04-27,Milwaukee Bucks,Chicago Bulls,116,100,2022,16,216,6.0,False,False,6.0,False,False,same_region,0,0,0,7.8,-10.6,18.4,9.2,5.6,-12.6,18.2,9.1,1275,4,1
401430255,2022-04-27,Golden State Warriors,Denver Nuggets,102,98,2022,4,200,8.0,False,False,8.0,False,False,same_region,0,0,0,11.4,-8.2,19.6,9.8,9.8,-3.5,13.3,6.65,1276,4,1
401430228,2022-04-28,New Orleans Pelicans,Phoenix Suns,109,115,2022,-6,224,3.0,False,False,3.0,False,False,same_region,0,0,0,-0.6,0.6,-1.2,-0.6,-0.4,-1.2,0.7999999999999999,0.39999999999999997,1277,4,1
401430244,2022-04-28,Toronto Raptors,Philadelphia 76ers,97,132,2022,-35,229,4.0,False,False,4.0,False,False,same_region,0,0,0,-3.0,3.0,-6.0,-3.0,-1.4,4.8,-6.199999999999999,-3.0999999999999996,1278,4,1
401430241,2022-04-28,Utah Jazz,Dallas Mavericks,96,98,2022,-2,194,4.0,False,False,4.0,False,False,same_region,0,0,0,-6.4,6.4,-12.8,-6.4,3.1,8.4,-5.300000000000001,-2.6500000000000004,1279,4,1
401430234,2022-04-29,Minnesota Timberwolves,Memphis Grizzlies,106,114,2022,-8,220,5.0,False,False,5.0,False,False,same_region,0,0,0,-5.0,5.0,-10.0,-5.0,-2.9,1.2,-4.1,-2.05,1280,4,1
401434770,2022-05-01,Memphis Grizzlies,Golden State Warriors,116,117,2022,-1,233,4.0,False,False,6.0,False,False,same_region,0,0,0,9.2,8.0,1.1999999999999993,0.5999999999999996,1.2,10.6,-9.4,-4.7,1281,5,1
401433610,2022-05-01,Boston Celtics,Milwaukee Bucks,89,101,2022,-12,190,10.0,False,False,6.0,False,False,same_region,0,0,0,9.4,14.6,-5.199999999999999,-2.5999999999999996,10.3,10.6,-0.29999999999999893,-0.14999999999999947,1282,5,1
401434070,2022-05-02,Phoenix Suns,Dallas Mavericks,121,114,2022,7,235,5.0,False,False,3.0,False,False,same_region,0,0,0,-0.4,8.0,-8.4,-4.2,1.5,11.8,-10.3,-5.15,1283,5,1
401434050,2022-05-02,Miami Heat,Philadelphia 76ers,106,92,2022,14,198,5.0,False,False,3.0,False,False,same_region,0,0,0,12.0,6.0,6.0,3.0,10.2,7.9,2.299999999999999,1.1499999999999995,1284,5,1
401434771,2022-05-03,Memphis Grizzlies,Golden State Warriors,106,101,2022,5,207,1.0,False,False,1.0,False,False,same_region,0,0,0,3.4,5.0,-1.6,-0.8,1.7,10.3,-8.600000000000001,-4.300000000000001,1285,5,1
401433611,2022-05-03,Boston Celtics,Milwaukee Bucks,109,86,2022,23,195,1.0,False,False,1.0,False,False,same_region,0,0,0,1.2,15.6,-14.4,-7.2,9.9,12.4,-2.5,-1.25,1286,5,1
401434110,2022-05-04,Phoenix Suns,Dallas Mavericks,129,109,2022,20,238,1.0,False,False,1.0,False,False,same_region,0,0,0,3.2,5.4,-2.2,-1.1,1.1,10.5,-9.4,-4.7,1287,5,1
401434051,2022-05-04,Miami Heat,Philadelphia 76ers,119,103,2022,16,222,1.0,False,False,1.0,False,False,same_region,0,0,0,10.0,0.2,9.8,4.9,9.8,5.6,4.200000000000001,2.1000000000000005,1288,5,1
401434111,2022-05-06,Dallas Mavericks,Phoenix Suns,103,94,2022,9,197,10.0,False,False,7.0,False,False,same_region,0,0,0,-0.2,6.6,-6.8,-3.4,6.7,3.5,3.2,1.6,1289,5,1
401434052,2022-05-06,Philadelphia 76ers,Miami Heat,99,79,2022,20,178,10.0,False,False,11.0,False,False,same_region,0,0,0,-3.6,11.2,-14.799999999999999,-7.3999999999999995,4.5,10.9,-6.4,-3.2,1290,5,1
401434772,2022-05-07,Golden State Warriors,Memphis Grizzlies,142,112,2022,30,254,9.0,False,False,7.0,False,False,same_region,0,0,0,0.0,2.6,-2.6,-1.3,7.9,3.5,4.4,2.2,1291,5,1
401433612,2022-05-07,Milwaukee Bucks,Boston Celtics,103,101,2022,2,204,9.0,False,False,11.0,False,False,same_region,0,0,0,11.8,5.6,6.200000000000001,3.1000000000000005,8.0,11.7,-3.6999999999999993,-1.8499999999999996,1292,5,1
401434053,2022-05-08,Philadelphia 76ers,Miami Heat,116,108,2022,8,224,1.0,False,False,1.0,False,False,same_region,0,0,0,2.0,7.4,-5.4,-2.7,5.2,6.0,-0.7999999999999998,-0.3999999999999999,1293,5,1
401434112,2022-05-08,Dallas Mavericks,Phoenix Suns,111,101,2022,10,212,1.0,False,False,1.0,False,False,same_region,0,0,0,1.8,7.8,-6.0,-3.0,2.6,2.0,0.6000000000000001,0.30000000000000004,1294,5,1
401433613,2022-05-09,Milwaukee Bucks,Boston Celtics,108,116,2022,-8,224,1.0,False,False,1.0,False,False,same_region,0,0,0,6.2,3.8,2.4000000000000004,1.2000000000000002,7.6,7.3,0.2999999999999998,0.1499999999999999,1295,5,1
401434773,2022-05-09,Golden State Warriors,Memphis Grizzlies,101,98,2022,3,199,1.0,False,False,1.0,False,False,same_region,0,0,0,5.0,-3.2,8.2,4.1,9.3,-2.2,11.5,5.75,1296,5,1
401434054,2022-05-10,Miami Heat,Philadelphia 76ers,120,85,2022,35,205,5.0,False,False,5.0,False,False,same_region,0,0,0,1.0,6.6,-5.6,-2.8,4.8,4.8,0.0,0.0,1297,5,1
401434113,2022-05-10,Phoenix Suns,Dallas Mavericks,110,80,2022,30,190,5.0,False,False,5.0,False,False,same_region,0,0,0,2.8,-1.2,4.0,2.0,1.7,2.6,-0.9000000000000001,-0.45000000000000007,1298,5,1
401434774,2022-05-11,Memphis Grizzlies,Golden State Warriors,134,95,2022,39,229,7.0,False,False,7.0,False,False,same_region,0,0,0,-4.2,6.6,-10.8,-5.4,0.4,9.0,-8.6,-4.3,1299,5,1
401433614,2022-05-11,Boston Celtics,Milwaukee Bucks,107,110,2022,-3,217,7.0,False,False,7.0,False,False,same_region,0,0,0,4.2,-0.2,4.4,2.2,5.8,3.8,2.0,1.0,1300,5,1
401434114,2022-05-12,Dallas Mavericks,Phoenix Suns,113,86,2022,27,199,3.0,False,False,3.0,False,False,same_region,0,0,0,-7.6,7.6,-15.2,-7.6,0.2,3.6,-3.4,-1.7,1301,5,1
401434055,2022-05-12,Philadelphia 76ers,Miami Heat,90,99,2022,-9,189,3.0,False,False,3.0,False,False,same_region,0,0,0,-7.4,7.4,-14.8,-7.4,-0.7,9.7,-10.399999999999999,-5.199999999999999,1302,5,1
401434775,2022-05-13,Golden State Warriors,Memphis Grizzlies,110,96,2022,14,206,3.0,False,False,3.0,False,False,same_region,0,0,0,-2.0,2.0,-4.0,-2.0,3.0,5.6,-2.5999999999999996,-1.2999999999999998,1303,5,1
401433615,2022-05-13,Milwaukee Bucks,Boston Celtics,95,108,2022,-13,203,3.0,False,False,3.0,False,False,same_region,0,0,0,-2.8,2.8,-5.6,-2.8,5.9,6.1,-0.1999999999999993,-0.09999999999999964,1304,5,1
401433616,2022-05-15,Boston Celtics,Milwaukee Bucks,109,81,2022,28,190,3.0,False,False,3.0,False,False,same_region,0,0,0,7.8,-7.8,15.6,7.8,4.5,3.9,0.6000000000000001,0.30000000000000004,1305,5,1
401434115,2022-05-15,Phoenix Suns,Dallas Mavericks,90,123,2022,-33,213,4.0,False,False,4.0,False,False,same_region,0,0,0,0.8,-0.8,1.6,0.8,2.0,2.3,-0.2999999999999998,-0.1499999999999999,1306,5,1
401438130,2022-05-17,Miami Heat,Boston Celtics,118,107,2022,11,225,6.0,False,False,3.0,False,False,same_region,0,0,0,6.4,8.8,-2.4000000000000004,-1.2000000000000002,8.2,7.2,0.9999999999999991,0.49999999999999956,1307,5,1
401438944,2022-05-18,Golden State Warriors,Dallas Mavericks,112,87,2022,25,199,4.0,False,False,2.0,False,False,same_region,0,0,0,0.6,9.8,-9.200000000000001,-4.6000000000000005,2.8,4.8,-2.0,-1.0,1308,5,1
401438131,2022-05-19,Miami Heat,Boston Celtics,102,127,2022,-25,229,1.0,False,False,1.0,False,False,same_region,0,0,0,5.4,7.0,-1.5999999999999996,-0.7999999999999998,8.3,5.4,2.9000000000000004,1.4500000000000002,1309,5,1
401438945,2022-05-20,Golden State Warriors,Dallas Mavericks,126,117,2022,9,243,1.0,False,False,1.0,False,False,same_region,0,0,0,6.6,3.0,3.5999999999999996,1.7999999999999998,3.3,2.4,0.8999999999999999,0.44999999999999996,1310,5,1
401438132,2022-05-21,Boston Celtics,Miami Heat,103,109,2022,-6,212,5.0,False,False,8.0,False,False,same_region,0,0,0,10.4,4.4,6.0,3.0,7.3,5.9,1.3999999999999995,0.6999999999999997,1311,5,1
401438946,2022-05-22,Dallas Mavericks,Golden State Warriors,100,109,2022,-9,209,9.0,False,False,10.0,False,False,same_region,0,0,0,-0.8,2.4,-3.2,-1.6,-1.0,3.7,-4.7,-2.35,1312,5,1
401438133,2022-05-23,Boston Celtics,Miami Heat,102,82,2022,20,184,1.0,False,False,1.0,False,False,same_region,0,0,0,9.8,7.2,2.6000000000000005,1.3000000000000003,6.3,4.1,2.2,1.1,1313,5,1
401438947,2022-05-24,Dallas Mavericks,Golden State Warriors,119,109,2022,10,228,1.0,False,False,1.0,False,False,same_region,0,0,0,3.4,3.6,-0.20000000000000018,-0.10000000000000009,-2.1,5.1,-7.199999999999999,-3.5999999999999996,1314,5,1
401438134,2022-05-25,Miami Heat,Boston Celtics,80,93,2022,-13,173,5.0,False,False,5.0,False,False,same_region,0,0,0,-3.8,11.2,-15.0,-7.5,1.8,9.5,-7.7,-3.85,1315,5,1
401438948,2022-05-26,Golden State Warriors,Dallas Mavericks,120,110,2022,10,230,5.0,False,False,5.0,False,False,same_region,0,0,0,9.4,0.0,9.4,4.7,3.7,-0.4,4.1000000000000005,2.0500000000000003,1316,5,1
401438135,2022-05-27,Boston Celtics,Miami Heat,103,111,2022,-8,214,3.0,False,False,3.0,False,False,same_region,0,0,0,8.2,-8.2,16.4,8.2,8.5,-0.9,9.4,4.7,1317,5,1
401438136,2022-05-29,Miami Heat,Boston Celtics,96,100,2022,-4,196,3.0,False,False,3.0,False,False,same_region,0,0,0,-8.8,8.8,-17.6,-8.8,-1.7,7.9,-9.6,-4.8,1318,5,1
401442530,2022-06-02,Golden State Warriors,Boston Celtics,108,120,2022,-12,228,6.0,False,False,3.0,False,False,east_to_west,1,1,0,8.6,4.6,4.0,2.0,4.6,7.5,-2.9000000000000004,-1.4500000000000002,1319,6,1
401442531,2022-06-05,Golden State Warriors,Boston Celtics,107,88,2022,19,195,2.0,False,False,2.0,False,False,east_to_west,1,1,0,1.2,8.2,-6.999999999999999,-3.4999999999999996,3.9,9.0,-5.1,-2.55,1320,6,1
401442532,2022-06-08,Boston Celtics,Golden State Warriors,116,100,2022,16,216,11.0,False,False,14.0,False,False,west_to_east,1,0,1,0.4,3.2,-2.8000000000000003,-1.4000000000000001,5.8,2.8,3.0,1.5,1321,6,1
401442533,2022-06-10,Boston Celtics,Golden State Warriors,97,107,2022,-10,204,1.0,False,False,1.0,False,False,west_to_east,1,0,1,1.0,-1.8,2.8,1.4,4.6,0.9,3.6999999999999997,1.8499999999999999,1322,6,1
401442534,2022-06-13,Golden State Warriors,Boston Celtics,104,94,2022,10,198,7.0,False,False,7.0,False,False,east_to_west,1,1,0,2.2,0.6,1.6,0.8,5.8,4.7,1.0999999999999996,0.5499999999999998,1323,6,1
401442535,2022-06-16,Boston Celtics,Golden State Warriors,90,103,2022,-13,193,5.0,False,False,5.0,False,False,west_to_east,1,0,1,-2.2,2.2,-4.4,-2.2,1.2,5.4,-4.2,-2.1,1324,6,1
401468017,2022-10-18,Golden State Warriors,Los Angeles Lakers,123,109,2023,14,232,,False,False,,False,False,same_region,0,0,0,,,0.0,0.0,,,0.0,0.0,1,10,0
401468016,2022-10-18,Boston Celtics,Philadelphia 76ers,126,117,2023,9,243,,False,False,,False,False,same_region,0,0,0,,,0.0,0.0,,,0.0,0.0,2,10,0
401468022,2022-10-19,Miami Heat,Chicago Bulls,108,116,2023,-8,224,,False,False,,False,False,same_region,0,0,0,,,0.0,0.0,,,0.0,0.0,3,10,0
401468028,2022-10-19,Phoenix Suns,Dallas Mavericks,107,105,2023,2,212,,False,False,,False,False,same_region,0,0,0,,,0.0,0.0,,,0.0,0.0,4,10,0
401468018,2022-10-19,Detroit Pistons,Orlando Magic,113,109,2023,4,222,,False,False,,False,False,same_region,0,0,0,,,0.0,0.0,,,0.0,0.0,5,10,0
401468020,2022-10-19,Atlanta Hawks,Houston Rockets,117,107,2023,10,224,,False,False,,False,False,west_to_east,1,0,1,,,0.0,0.0,,,0.0,0.0,6,10,0
401468021,2022-10-19,Brooklyn Nets,New Orleans Pelicans,108,130,2023,-22,238,,False,False,,False,False,west_to_east,1,0,1,,,0.0,0.0,,,0.0,0.0,7,10,0
401468019,2022-10-19,Indiana Pacers,Washington Wizards,107,114,2023,-7,221,,False,False,,False,False,same_region,0,0,0,,,0.0,0.0,,,0.0,0.0,8,10,0
401468029,2022-10-19,Sacramento Kings,Portland Trail Blazers,108,115,2023,-7,223,,False,False,,False,False,same_region,0,0,0,,,0.0,0.0,,,0.0,0.0,9,10,0
401468024,2022-10-19,Memphis Grizzlies,New York Knicks,115,112,2023,3,227,,False,False,,False,False,east_to_west,1,1,0,,,0.0,0.0,,,0.0,0.0,10,10,0
401468026,2022-10-19,San Antonio Spurs,Charlotte Hornets,102,129,2023,-27,231,,False,False,,False,False,east_to_west,1,1,0,,,0.0,0.0,,,0.0,0.0,11,10,0
401468027,2022-10-19,Utah Jazz,Denver Nuggets,123,102,2023,21,225,,False,False,,False,False,same_region,0,0,0,,,0.0,0.0,,,0.0,0.0,12,10,0
401468023,2022-10-19,Toronto Raptors,Cleveland Cavaliers,108,105,2023,3,213,,False,False,,False,False,same_region,0,0,0,,,0.0,0.0,,,0.0,0.0,13,10,0
401468025,2022-10-19,Minnesota Timberwolves,Oklahoma City Thunder,115,108,2023,7,223,,False,False,,False,False,same_region,0,0,0,,,0.0,0.0,,,0.0,0.0,14,10,0
401468171,2022-10-20,Los Angeles Lakers,LA Clippers,97,103,2023,-6,200,,False,False,,False,False,same_region,0,0,0,,,0.0,0.0,,,0.0,0.0,15,10,0
401468170,2022-10-20,Philadelphia 76ers,Milwaukee Bucks,88,90,2023,-2,178,,False,False,,False,False,same_region,0,0,0,,,0.0,0.0,,,0.0,0.0,16,10,0
401468174,2022-10-21,Washington Wizards,Chicago Bulls,102,100,2023,2,202,,False,False,1.0,False,False,same_region,0,0,0,,,0.0,0.0,,,0.0,0.0,17,10,0
401468178,2022-10-21,New York Knicks,Detroit Pistons,130,106,2023,24,236,,False,False,,False,False,same_region,0,0,0,,,0.0,0.0,,,0.0,0.0,18,10,0
401468172,2022-10-21,Charlotte Hornets,New Orleans Pelicans,112,124,2023,-12,236,,False,False,1.0,False,False,west_to_east,1,0,1,,,0.0,0.0,,,0.0,0.0,19,10,0
401468173,2022-10-21,Indiana Pacers,San Antonio Spurs,134,137,2023,-3,271,1.0,False,False,,False,False,west_to_east,1,0,1,,,0.0,0.0,,,0.0,0.0,20,10,0
401468176,2022-10-21,Brooklyn Nets,Toronto Raptors,109,105,2023,4,214,1.0,False,False,,False,False,same_region,0,0,0,,,0.0,0.0,,,0.0,0.0,21,10,0
401468181,2022-10-21,Golden State Warriors,Denver Nuggets,123,128,2023,-5,251,2.0,False,False,1.0,False,False,same_region,0,0,0,,,0.0,0.0,,,0.0,0.0,22,10,0
401468179,2022-10-21,Houston Rockets,Memphis Grizzlies,122,129,2023,-7,251,,False,False,,False,False,same_region,0,0,0,,,0.0,0.0,,,0.0,0.0,23,10,0
401468182,2022-10-21,Portland Trail Blazers,Phoenix Suns,113,111,2023,2,224,,False,False,,False,False,same_region,0,0,0,,,0.0,0.0,,,0.0,0.0,24,10,0
401468177,2022-10-21,Miami Heat,Boston Celtics,104,111,2023,-7,215,1.0,False,False,,False,False,same_region,0,0,0,,,0.0,0.0,,,0.0,0.0,25,10,0
401468180,2022-10-21,Minnesota Timberwolves,Utah Jazz,126,132,2023,-6,258,1.0,False,False,,False,False,same_region,0,0,0,,,0.0,0.0,,,0.0,0.0,26,10,0
401468175,2022-10-21,Atlanta Hawks,Orlando Magic,108,98,2023,10,206,1.0,False,False,1.0,False,False,same_region,0,0,0,,,0.0,0.0,,,0.0,0.0,27,10,0
401468190,2022-10-22,Denver Nuggets,Oklahoma City Thunder,122,117,2023,5,239,,False,False,2.0,False,False,same_region,0,0,0,-8.0,,-8.0,-4.0,-8.0,,-8.0,-4.0,28,10,0
401468185,2022-10-22,Orlando Magic,Boston Celtics,120,126,2023,-6,246,,False,False,0.0,True,False,same_region,0,0,0,-7.0,8.0,-15.0,-7.5,-7.0,8.0,-15.0,-7.5,29,10,0
401468183,2022-10-22,Philadelphia 76ers,San Antonio Spurs,105,114,2023,-9,219,1.0,False,False,0.0,True,False,west_to_east,1,0,1,-5.5,-12.0,6.5,3.25,-5.5,-12.0,6.5,3.25,30,10,0
401468184,2022-10-22,Indiana Pacers,Detroit Pistons,124,115,2023,9,239,0.0,True,True,0.0,True,False,same_region,0,0,0,-5.0,-10.0,5.0,2.5,-5.0,-10.0,5.0,2.5,31,10,0
401468188,2022-10-22,Milwaukee Bucks,Houston Rockets,125,105,2023,20,230,,False,False,2.0,False,False,west_to_east,1,0,1,,-8.5,8.5,4.25,,-8.5,8.5,4.25,32,10,0
401468189,2022-10-22,Dallas Mavericks,Memphis Grizzlies,137,96,2023,41,233,,False,False,0.0,True,False,same_region,0,0,0,,5.0,-5.0,-2.5,,5.0,-5.0,-2.5,33,10,0
401468191,2022-10-22,Sacramento Kings,LA Clippers,109,111,2023,-2,220,2.0,False,False,1.0,False,False,same_region,0,0,0,,,0.0,0.0,,,0.0,0.0,34,10,0
401468187,2022-10-22,Chicago Bulls,Cleveland Cavaliers,96,128,2023,-32,224,,False,False,2.0,False,False,same_region,0,0,0,3.0,,3.0,1.5,3.0,,3.0,1.5,35,10,0
401468186,2022-10-22,Miami Heat,Toronto Raptors,112,109,2023,3,221,0.0,True,True,0.0,True,False,same_region,0,0,0,-7.5,-0.5,-7.0,-3.5,-7.5,-0.5,-7.0,-3.5,36,10,0
401468197,2022-10-23,Golden State Warriors,Sacramento Kings,130,125,2023,5,255,1.0,False,False,,False,False,same_region,0,0,0,4.5,-4.5,9.0,4.5,4.5,-4.5,9.0,4.5,37,10,0
401468196,2022-10-23,Oklahoma City Thunder,Minnesota Timberwolves,106,116,2023,-10,222,,False,False,,False,False,same_region,0,0,0,-6.0,0.5,-6.5,-3.25,-6.0,0.5,-6.5,-3.25,38,10,0
401468193,2022-10-23,Atlanta Hawks,Charlotte Hornets,109,126,2023,-17,235,1.0,False,False,3.0,False,False,same_region,0,0,0,10.0,7.5,2.5,1.25,10.0,7.5,2.5,1.25,39,10,0
401468198,2022-10-23,LA Clippers,Phoenix Suns,95,112,2023,-17,207,,False,False,1.0,False,False,same_region,0,0,0,4.0,0.0,4.0,2.0,4.0,0.0,4.0,2.0,40,10,0
401468192,2022-10-23,Los Angeles Lakers,Portland Trail Blazers,104,106,2023,-2,210,2.0,False,False,3.0,False,False,same_region,0,0,0,-10.0,4.5,-14.5,-7.25,-10.0,4.5,-14.5,-7.25,41,10,0
401468194,2022-10-23,Cleveland Cavaliers,Washington Wizards,117,107,2023,10,224,,False,False,3.0,False,False,same_region,0,0,0,14.5,4.5,10.0,5.0,14.5,4.5,10.0,5.0,42,10,0
401468195,2022-10-23,New Orleans Pelicans,Utah Jazz,121,122,2023,-1,243,,False,False,1.0,False,False,same_region,0,0,0,17.0,13.5,3.5,1.75,17.0,13.5,3.5,1.75,43,10,0
401468203,2022-10-24,Houston Rockets,Utah Jazz,114,108,2023,6,222,2.0,False,False,0.0,True,True,same_region,0,0,0,-12.333333333333334,9.333333333333334,-21.666666666666668,-10.833333333333334,-12.333333333333334,9.333333333333334,-21.666666666666668,-10.833333333333334,44,10,0
401468199,2022-10-24,Philadelphia 76ers,Indiana Pacers,120,106,2023,14,226,1.0,False,False,,False,False,same_region,0,0,0,-6.666666666666667,-0.3333333333333333,-6.333333333333334,-3.166666666666667,-6.666666666666667,-0.3333333333333333,-6.333333333333334,-3.166666666666667,45,10,0
401468201,2022-10-24,New York Knicks,Orlando Magic,115,102,2023,13,217,2.0,False,False,2.0,False,False,same_region,0,0,0,10.5,-6.666666666666667,17.166666666666668,8.583333333333334,10.5,-6.666666666666667,17.166666666666668,8.583333333333334,46,10,0
401468200,2022-10-24,Miami Heat,Toronto Raptors,90,98,2023,-8,188,1.0,False,True,1.0,False,True,same_region,0,0,0,-4.0,-1.3333333333333333,-2.666666666666667,-1.3333333333333335,-4.0,-1.3333333333333333,-2.666666666666667,-1.3333333333333335,47,10,0
401468206,2022-10-24,Portland Trail Blazers,Denver Nuggets,135,110,2023,25,245,2.0,False,False,2.0,False,False,same_region,0,0,0,3.6666666666666665,-3.6666666666666665,7.333333333333333,3.6666666666666665,3.6666666666666665,-3.6666666666666665,7.333333333333333,3.6666666666666665,48,10,0
401468204,2022-10-24,Memphis Grizzlies,Brooklyn Nets,134,124,2023,10,258,4.0,False,False,,False,False,east_to_west,1,1,0,-10.333333333333334,-9.0,-1.333333333333334,-0.666666666666667,-10.333333333333334,-9.0,-1.333333333333334,-0.666666666666667,49,10,0
401468202,2022-10-24,Chicago Bulls,Boston Celtics,120,102,2023,18,222,1.0,False,False,1.0,False,True,same_region,0,0,0,-8.666666666666666,7.333333333333333,-16.0,-8.0,-8.666666666666666,7.333333333333333,-16.0,-8.0,50,10,0
401468205,2022-10-24,Minnesota Timberwolves,San Antonio Spurs,106,115,2023,-9,221,2.0,False,False,1.0,False,True,same_region,0,0,0,3.6666666666666665,-5.0,8.666666666666666,4.333333333333333,3.6666666666666665,-5.0,8.666666666666666,4.333333333333333,51,10,0
401468210,2022-10-25,Phoenix Suns,Golden State Warriors,134,105,2023,29,239,5.0,False,False,,False,False,same_region,0,0,0,5.666666666666667,4.666666666666667,1.0,0.5,5.666666666666667,4.666666666666667,1.0,0.5,52,10,0
401468209,2022-10-25,Oklahoma City Thunder,LA Clippers,108,94,2023,14,202,1.0,False,False,2.0,False,False,same_region,0,0,0,-7.333333333333333,-3.0,-4.333333333333333,-2.1666666666666665,-7.333333333333333,-3.0,-4.333333333333333,-2.1666666666666665,53,10,0
401468208,2022-10-25,New Orleans Pelicans,Dallas Mavericks,113,111,2023,2,224,1.0,False,False,5.0,False,False,same_region,0,0,0,11.0,19.5,-8.5,-4.25,11.0,19.5,-8.5,-4.25,54,10,0
401468207,2022-10-25,Washington Wizards,Detroit Pistons,120,99,2023,21,219,3.0,False,False,2.0,False,False,same_region,0,0,0,-0.3333333333333333,-9.666666666666666,9.333333333333332,4.666666666666666,-0.3333333333333333,-9.666666666666666,9.333333333333332,4.666666666666666,55,10,0
401468211,2022-10-26,Cleveland Cavaliers,Orlando Magic,103,92,2023,11,195,2.0,False,False,1.0,False,False,same_region,0,0,0,13.0,-8.25,21.25,10.625,13.0,-8.25,21.25,10.625,56,10,0
401468212,2022-10-26,Detroit Pistons,Atlanta Hawks,113,118,2023,-5,231,6.0,False,False,,False,False,same_region,0,0,0,-12.5,1.0,-13.5,-6.75,-12.5,1.0,-13.5,-6.75,57,10,0
401468213,2022-10-26,New York Knicks,Charlotte Hornets,134,131,2023,3,265,1.0,False,False,2.0,False,False,same_region,0,0,0,11.333333333333334,10.666666666666666,0.6666666666666679,0.3333333333333339,11.333333333333334,10.666666666666666,0.6666666666666679,0.3333333333333339,58,10,0
401468215,2022-10-26,Milwaukee Bucks,Brooklyn Nets,110,99,2023,11,209,3.0,False,False,1.0,False,False,same_region,0,0,0,11.0,-9.333333333333334,20.333333333333336,10.166666666666668,11.0,-9.333333333333334,20.333333333333336,10.166666666666668,59,10,0
401468214,2022-10-26,Toronto Raptors,Philadelphia 76ers,119,109,2023,10,228,6.0,False,False,7.0,False,False,same_region,0,0,0,1.0,-1.5,2.5,1.25,1.0,-1.5,2.5,1.25,60,10,0
401468217,2022-10-26,Minnesota Timberwolves,San Antonio Spurs,134,122,2023,12,256,1.0,False,False,1.0,False,False,same_region,0,0,0,0.5,-1.5,2.0,1.0,0.5,-1.5,2.0,1.0,61,10,0
401468220,2022-10-26,Portland Trail Blazers,Miami Heat,98,119,2023,-21,217,1.0,False,False,,False,False,east_to_west,1,1,0,9.0,-5.0,14.0,7.0,9.0,-5.0,14.0,7.0,62,10,0
401468216,2022-10-26,Chicago Bulls,Indiana Pacers,124,109,2023,15,233,1.0,False,False,1.0,False,False,same_region,0,0,0,-2.0,-3.75,1.75,0.875,-2.0,-3.75,1.75,0.875,63,10,0
401468219,2022-10-26,Denver Nuggets,Los Angeles Lakers,110,99,2023,11,209,3.0,False,False,7.0,False,False,same_region,0,0,0,-9.0,-7.333333333333333,-1.666666666666667,-0.8333333333333335,-9.0,-7.333333333333333,-1.666666666666667,-0.8333333333333335,64,10,0
401468218,2022-10-26,Utah Jazz,Houston Rockets,109,101,2023,8,210,6.0,False,False,3.0,False,False,same_region,0,0,0,5.5,-7.75,13.25,6.625,5.5,-7.75,13.25,6.625,65,10,0
401468221,2022-10-27,Brooklyn Nets,Dallas Mavericks,125,129,2023,-4,254,5.0,False,False,1.0,False,False,west_to_east,1,0,1,-9.75,12.333333333333334,-22.083333333333336,-11.041666666666668,-9.75,12.333333333333334,-22.083333333333336,-11.041666666666668,66,10,0
401468224,2022-10-27,Sacramento Kings,Memphis Grizzlies,110,125,2023,-15,235,4.0,False,False,4.0,False,False,same_region,0,0,0,-4.666666666666667,-5.25,0.583333333333333,0.2916666666666665,-4.666666666666667,-5.25,0.583333333333333,0.2916666666666665,67,10,0
401468223,2022-10-27,Golden State Warriors,Miami Heat,123,110,2023,13,233,3.0,False,False,0.0,True,False,east_to_west,1,1,0,-3.75,0.2,-3.95,-1.975,-3.75,0.2,-3.95,-1.975,68,10,0
401468222,2022-10-27,Oklahoma City Thunder,LA Clippers,118,110,2023,8,228,1.0,False,False,1.0,False,False,same_region,0,0,0,-2.0,-5.75,3.75,1.875,-2.0,-5.75,3.75,1.875,69,10,0
401468230,2022-10-28,Milwaukee Bucks,New York Knicks,119,108,2023,11,227,1.0,False,False,8.0,False,False,same_region,0,0,0,11.0,9.25,1.75,0.875,11.0,9.25,1.75,0.875,70,10,0
401468234,2022-10-28,Phoenix Suns,New Orleans Pelicans,124,111,2023,13,235,2.0,False,False,6.0,False,False,same_region,0,0,0,11.5,8.75,2.75,1.375,11.5,8.75,2.75,1.375,71,10,0
401468225,2022-10-28,Detroit Pistons,Atlanta Hawks,112,136,2023,-24,248,1.0,False,False,1.0,False,False,same_region,0,0,0,-11.0,2.0,-13.0,-6.5,-11.0,2.0,-13.0,-6.5,72,10,0
401468232,2022-10-28,San Antonio Spurs,Chicago Bulls,129,124,2023,5,253,8.0,False,False,6.0,False,False,east_to_west,1,1,0,-3.6,1.4,-5.0,-2.5,-3.6,1.4,-5.0,-2.5,73,10,0
401468231,2022-10-28,Minnesota Timberwolves,Los Angeles Lakers,111,102,2023,9,213,1.0,False,False,1.0,False,False,same_region,0,0,0,2.8,-8.25,11.05,5.525,2.8,-8.25,11.05,5.525,74,10,0
401468227,2022-10-28,Boston Celtics,Cleveland Cavaliers,123,132,2023,-9,255,9.0,False,False,5.0,False,False,same_region,0,0,0,1.0,12.5,-11.5,-5.75,1.0,12.5,-11.5,-5.75,75,10,0
401468229,2022-10-28,Washington Wizards,Indiana Pacers,117,127,2023,-10,244,2.0,False,False,1.0,False,False,same_region,0,0,0,5.0,-6.0,11.0,5.5,5.0,-6.0,11.0,5.5,76,10,0
401468228,2022-10-28,Toronto Raptors,Philadelphia 76ers,90,112,2023,-22,202,1.0,False,False,1.0,False,False,same_region,0,0,0,2.8,-3.2,6.0,3.0,2.8,-3.2,6.0,3.0,77,10,0
401468226,2022-10-28,Orlando Magic,Charlotte Hornets,113,93,2023,20,206,5.0,False,False,1.0,False,False,same_region,0,0,0,-8.8,7.25,-16.05,-8.025,-8.8,7.25,-16.05,-8.025,78,10,0
401468235,2022-10-28,Portland Trail Blazers,Houston Rockets,125,111,2023,14,236,1.0,False,False,1.0,False,False,same_region,0,0,0,3.0,-7.8,10.8,5.4,3.0,-7.8,10.8,5.4,79,10,0
401468233,2022-10-28,Denver Nuggets,Utah Jazz,117,101,2023,16,218,1.0,False,False,3.0,False,False,same_region,0,0,0,-5.0,6.0,-11.0,-5.5,-5.0,6.0,-11.0,-5.5,80,10,0
401468237,2022-10-29,Charlotte Hornets,Golden State Warriors,120,113,2023,7,233,7.0,False,False,3.0,False,False,west_to_east,1,0,1,1.8,-0.4,2.2,1.1,1.8,-0.4,2.2,1.1,81,10,0
401468240,2022-10-29,Milwaukee Bucks,Atlanta Hawks,123,115,2023,8,238,0.0,True,True,0.0,True,True,same_region,0,0,0,11.0,6.4,4.6,2.3,11.0,6.4,4.6,2.3,82,10,0
401468236,2022-10-29,Sacramento Kings,Miami Heat,119,113,2023,6,232,1.0,False,False,1.0,False,True,east_to_west,1,1,0,-7.25,-0.8,-6.45,-3.225,-7.25,-2.0,-5.25,-2.625,83,10,0
401468241,2022-10-29,Dallas Mavericks,Oklahoma City Thunder,111,117,2023,-6,228,6.0,False,False,6.0,False,False,same_region,0,0,0,10.25,0.0,10.25,5.125,10.25,0.0,10.25,5.125,84,10,0
401468242,2022-10-29,Utah Jazz,Memphis Grizzlies,124,123,2023,1,247,2.0,False,False,1.0,False,False,same_region,0,0,0,-1.4,-1.2,-0.19999999999999996,-0.09999999999999998,2.3333333333333335,-1.2,3.533333333333333,1.7666666666666666,85,10,0
401468239,2022-10-29,Chicago Bulls,Philadelphia 76ers,109,114,2023,-5,223,2.0,False,False,0.0,True,True,same_region,0,0,0,-1.2,3.0,-4.2,-2.1,0.3333333333333333,1.0,-0.6666666666666667,-0.33333333333333337,86,10,0
401468238,2022-10-29,Brooklyn Nets,Indiana Pacers,116,125,2023,-9,241,1.0,False,False,0.0,True,True,same_region,0,0,0,-8.6,-2.6,-6.0,-3.0,-8.6,-3.3333333333333335,-5.266666666666666,-2.633333333333333,87,10,0
401468250,2022-10-30,Los Angeles Lakers,Denver Nuggets,121,110,2023,11,231,6.0,False,False,5.0,False,False,same_region,0,0,0,-8.4,2.4,-10.8,-5.4,-8.4,-1.5,-6.9,-3.45,88,10,0
401468243,2022-10-30,LA Clippers,New Orleans Pelicans,91,112,2023,-21,203,6.0,False,False,1.0,False,False,same_region,0,0,0,-6.2,4.4,-10.600000000000001,-5.300000000000001,-6.2,4.4,-10.600000000000001,-5.300000000000001,89,10,0
401468245,2022-10-30,Cleveland Cavaliers,New York Knicks,121,108,2023,13,229,3.0,False,False,1.0,False,False,same_region,0,0,0,11.8,5.2,6.6000000000000005,3.3000000000000003,11.8,5.2,6.6000000000000005,3.3000000000000003,90,10,0
401468244,2022-10-30,Boston Celtics,Washington Wizards,112,94,2023,18,206,1.0,False,False,6.0,False,False,same_region,0,0,0,-1.0,2.0,-3.0,-1.5,-1.0,2.0,-3.0,-1.5,91,10,0
401468247,2022-10-30,San Antonio Spurs,Minnesota Timberwolves,107,98,2023,9,205,1.0,False,False,6.0,False,False,same_region,0,0,0,2.8,3.2,-0.40000000000000036,-0.20000000000000018,-2.1666666666666665,3.8333333333333335,-6.0,-3.0,92,10,0
401468248,2022-10-30,Dallas Mavericks,Orlando Magic,114,105,2023,9,219,0.0,True,False,3.0,False,False,east_to_west,1,1,0,7.0,-4.0,11.0,5.5,7.0,-4.0,11.0,5.5,93,10,0
401468249,2022-10-30,Phoenix Suns,Houston Rockets,124,109,2023,15,233,1.0,False,False,1.0,False,False,same_region,0,0,0,11.8,-8.6,20.4,10.2,11.8,-8.833333333333334,20.633333333333333,10.316666666666666,94,10,0
401468246,2022-10-30,Detroit Pistons,Golden State Warriors,128,114,2023,14,242,1.0,False,False,0.0,True,False,west_to_east,1,0,1,-16.6,-4.6,-12.000000000000002,-6.000000000000001,-13.166666666666666,-1.5,-11.666666666666666,-5.833333333333333,95,10,0
401468251,2022-10-31,Charlotte Hornets,Sacramento Kings,108,115,2023,-7,223,1.0,False,False,7.0,False,False,west_to_east,1,0,1,-2.2,-4.6,2.3999999999999995,1.1999999999999997,2.6666666666666665,-4.6,7.266666666666666,3.633333333333333,96,10,0
401468257,2022-10-31,LA Clippers,Houston Rockets,95,93,2023,2,188,0.0,True,False,0.0,True,True,same_region,0,0,0,-11.6,-10.2,-1.4000000000000004,-0.7000000000000002,-8.666666666666666,-9.714285714285714,1.0476190476190474,0.5238095238095237,97,10,0
401468256,2022-10-31,Utah Jazz,Memphis Grizzlies,121,105,2023,16,226,1.0,False,False,1.0,False,False,same_region,0,0,0,-2.4,-2.0,-0.3999999999999999,-0.19999999999999996,2.142857142857143,-1.1666666666666667,3.3095238095238093,1.6547619047619047,98,10,0
401468255,2022-10-31,Milwaukee Bucks,Detroit Pistons,110,108,2023,2,218,1.0,False,True,5.0,False,False,same_region,0,0,0,10.4,-9.0,19.4,9.7,10.4,-9.285714285714286,19.685714285714287,9.842857142857143,99,10,0
401468254,2022-10-31,Toronto Raptors,Atlanta Hawks,139,109,2023,30,248,2.0,False,False,1.0,False,True,same_region,0,0,0,-2.2,2.8,-5.0,-2.5,-1.3333333333333333,4.0,-5.333333333333333,-2.6666666666666665,100,10,0
401468253,2022-10-31,Brooklyn Nets,Indiana Pacers,116,109,2023,7,225,1.0,False,False,1.0,False,True,same_region,0,0,0,-6.0,-0.2,-5.8,-2.9,-8.666666666666666,-1.5714285714285714,-7.095238095238095,-3.5476190476190474,101,10,0
401468252,2022-10-31,Washington Wizards,Philadelphia 76ers,111,118,2023,-7,229,2.0,False,False,1.0,False,True,same_region,0,0,0,-3.0,4.4,-7.4,-3.7,-1.3333333333333333,1.5714285714285714,-2.9047619047619047,-1.4523809523809523,102,10,0
401468259,2022-11-01,Miami Heat,Golden State Warriors,116,109,2023,7,225,7.0,False,False,1.0,False,True,west_to_east,1,0,1,-0.6,-6.4,5.800000000000001,2.9000000000000004,-2.5714285714285716,-3.2857142857142856,0.714285714285714,0.357142857142857,103,11,0
401468258,2022-11-01,Brooklyn Nets,Chicago Bulls,99,108,2023,-9,207,0.0,True,True,3.0,False,False,same_region,0,0,0,-5.4,-1.8,-3.6000000000000005,-1.8000000000000003,-6.428571428571429,-0.42857142857142855,-6.0,-3.0,104,11,0
401468260,2022-11-01,Oklahoma City Thunder,Orlando Magic,116,108,2023,8,224,4.0,False,False,1.0,False,False,east_to_west,1,1,0,2.6,-3.8,6.4,3.2,1.0,-4.714285714285714,5.714285714285714,2.857142857142857,105,11,0
401468261,2022-11-01,Phoenix Suns,Minnesota Timberwolves,116,107,2023,9,223,1.0,False,False,1.0,False,False,same_region,0,0,0,14.4,2.6,11.8,5.9,12.333333333333334,2.0,10.333333333333334,5.166666666666667,106,11,0
401468264,2022-11-02,Miami Heat,Sacramento Kings,110,107,2023,3,217,0.0,True,False,1.0,False,False,west_to_east,1,0,1,0.2,-1.8,2.0,1.0,-1.375,-2.6666666666666665,1.2916666666666665,0.6458333333333333,107,11,0
401468263,2022-11-02,Philadelphia 76ers,Washington Wizards,111,121,2023,-10,232,8.0,False,False,2.0,False,False,same_region,0,0,0,7.6,-4.8,12.399999999999999,6.199999999999999,2.25,-2.142857142857143,4.392857142857142,2.196428571428571,108,11,0
401468265,2022-11-02,New York Knicks,Atlanta Hawks,99,112,2023,-13,211,6.0,False,False,1.0,False,False,same_region,0,0,0,3.2,-5.2,8.4,4.2,2.1666666666666665,-0.8571428571428571,3.0238095238095237,1.5119047619047619,109,11,0
401468266,2022-11-02,Chicago Bulls,Charlotte Hornets,106,88,2023,18,194,3.0,False,False,4.0,False,False,same_region,0,0,0,6.4,-1.2,7.6000000000000005,3.8000000000000003,0.75,1.2857142857142858,-0.5357142857142858,-0.2678571428571429,110,11,0
401468271,2022-11-02,Portland Trail Blazers,Memphis Grizzlies,106,111,2023,-5,217,4.0,False,False,1.0,False,False,same_region,0,0,0,4.4,-6.6,11.0,5.5,4.833333333333333,-3.2857142857142856,8.119047619047619,4.059523809523809,111,11,0
401468262,2022-11-02,Cleveland Cavaliers,Boston Celtics,114,113,2023,1,227,2.0,False,False,8.0,False,False,same_region,0,0,0,15.0,0.8,14.2,7.1,12.0,2.1666666666666665,9.833333333333334,4.916666666666667,112,11,0
401468269,2022-11-02,San Antonio Spurs,Toronto Raptors,100,143,2023,-43,243,2.0,False,False,8.0,False,False,east_to_west,1,1,0,4.0,4.6,-0.5999999999999996,-0.2999999999999998,-0.5714285714285714,3.142857142857143,-3.7142857142857144,-1.8571428571428572,113,11,0
401468270,2022-11-02,Dallas Mavericks,Utah Jazz,103,100,2023,3,203,2.0,False,False,4.0,False,False,same_region,0,0,0,9.2,0.6,8.6,4.3,7.333333333333333,3.875,3.458333333333333,1.7291666666666665,114,11,0
401468272,2022-11-02,Los Angeles Lakers,New Orleans Pelicans,120,117,2023,3,237,2.0,False,False,2.0,False,False,same_region,0,0,0,-3.4,4.2,-7.6,-3.8,-5.166666666666667,7.166666666666667,-12.333333333333334,-6.166666666666667,115,11,0
401468267,2022-11-02,Houston Rockets,LA Clippers,101,109,2023,-8,210,8.0,False,False,5.0,False,False,same_region,0,0,0,-6.6,-11.6,5.0,2.5,-8.75,-7.142857142857143,-1.6071428571428568,-0.8035714285714284,116,11,0
401468268,2022-11-02,Milwaukee Bucks,Detroit Pistons,116,91,2023,25,207,1.0,False,False,1.0,False,False,same_region,0,0,0,10.4,-7.6,18.0,9.0,9.0,-8.375,17.375,8.6875,117,11,0
401468274,2022-11-03,Oklahoma City Thunder,Denver Nuggets,110,122,2023,-12,232,1.0,False,False,3.0,False,False,same_region,0,0,0,5.2,-0.8,6.0,3.0,2.0,-2.857142857142857,4.857142857142858,2.428571428571429,118,11,0
401468273,2022-11-03,Orlando Magic,Golden State Warriors,130,129,2023,1,259,5.0,False,False,1.0,False,False,west_to_east,1,0,1,-4.2,-8.8,4.6000000000000005,2.3000000000000003,-5.125,-3.75,-1.375,-0.6875,119,11,0
401468282,2022-11-04,Dallas Mavericks,Toronto Raptors,111,110,2023,1,221,1.0,False,False,1.0,False,False,east_to_west,1,1,0,1.6,13.8,-12.200000000000001,-6.1000000000000005,6.714285714285714,8.125,-1.4107142857142856,-0.7053571428571428,120,11,0
401468275,2022-11-04,Detroit Pistons,Cleveland Cavaliers,88,112,2023,-24,200,4.0,False,False,6.0,False,False,same_region,0,0,0,-8.4,8.8,-17.200000000000003,-8.600000000000001,-10.222222222222221,10.428571428571429,-20.650793650793652,-10.325396825396826,121,11,0
401468276,2022-11-04,Indiana Pacers,Miami Heat,101,99,2023,2,200,12.0,False,False,5.0,False,False,same_region,0,0,0,-3.4,2.4,-5.8,-2.9,-2.25,-0.8888888888888888,-1.3611111111111112,-0.6805555555555556,122,11,0
401468277,2022-11-04,Philadelphia 76ers,New York Knicks,104,106,2023,-2,210,1.0,False,False,4.0,False,False,same_region,0,0,0,2.8,-4.2,7.0,3.5,0.8888888888888888,0.0,0.8888888888888888,0.4444444444444444,123,11,0
401468278,2022-11-04,Washington Wizards,Brooklyn Nets,86,128,2023,-42,214,3.0,False,False,8.0,False,False,same_region,0,0,0,-0.8,-5.2,4.4,2.2,-0.625,-6.75,6.125,3.0625,124,11,0
401468279,2022-11-04,Boston Celtics,Chicago Bulls,123,119,2023,4,242,4.0,False,False,2.0,False,False,same_region,0,0,0,-0.8,6.4,-7.2,-3.6,1.7142857142857142,2.6666666666666665,-0.9523809523809523,-0.47619047619047616,125,11,0
401468283,2022-11-04,New Orleans Pelicans,Golden State Warriors,114,105,2023,9,219,9.0,False,False,0.0,True,True,same_region,0,0,0,1.2,-3.2,4.4,2.2,5.714285714285714,-3.4444444444444446,9.158730158730158,4.579365079365079,126,11,0
401468284,2022-11-04,Minnesota Timberwolves,Milwaukee Bucks,102,115,2023,-13,217,6.0,False,False,14.0,False,False,east_to_west,1,1,0,-1.2,11.4,-12.6,-6.3,0.625,11.285714285714286,-10.660714285714286,-5.330357142857143,127,11,0
401468285,2022-11-04,Phoenix Suns,Portland Trail Blazers,106,108,2023,-2,214,2.0,False,False,11.0,False,False,same_region,0,0,0,16.6,3.0,13.600000000000001,6.800000000000001,11.857142857142858,3.4285714285714284,8.428571428571429,4.214285714285714,128,11,0
401468286,2022-11-04,Los Angeles Lakers,Utah Jazz,116,130,2023,-14,246,1.0,False,False,1.0,False,False,same_region,0,0,0,-1.6,1.2,-2.8,-1.4,-4.0,3.111111111111111,-7.111111111111111,-3.5555555555555554,129,11,0
401468280,2022-11-04,Memphis Grizzlies,Charlotte Hornets,130,99,2023,31,229,10.0,False,False,1.0,False,False,east_to_west,1,1,0,2.6,-8.2,10.799999999999999,5.3999999999999995,-2.25,-1.125,-1.125,-0.5625,130,11,0
401468281,2022-11-04,San Antonio Spurs,LA Clippers,106,113,2023,-7,219,1.0,False,False,1.0,False,False,same_region,0,0,0,-6.4,-6.6,0.1999999999999993,0.09999999999999964,-5.875,-5.25,-0.625,-0.3125,131,11,0
401468287,2022-11-05,Orlando Magic,Sacramento Kings,123,126,2023,-3,249,1.0,False,False,2.0,False,False,west_to_east,1,0,1,-1.4,-2.0,0.6000000000000001,0.30000000000000004,-4.444444444444445,-2.7142857142857144,-1.7301587301587302,-0.8650793650793651,132,11,0
401468289,2022-11-05,Atlanta Hawks,New Orleans Pelicans,124,121,2023,3,245,12.0,False,False,2.0,False,False,west_to_east,1,0,1,0.8,3.2,-2.4000000000000004,-1.2000000000000002,0.875,6.125,-5.25,-2.625,133,11,0
401468290,2022-11-05,New York Knicks,Boston Celtics,118,133,2023,-15,251,2.0,False,False,2.0,False,False,same_region,0,0,0,-6.4,-1.2,-5.2,-2.6,0.25,2.0,-1.75,-0.875,134,11,0
401468288,2022-11-05,Charlotte Hornets,Brooklyn Nets,94,98,2023,-4,192,4.0,False,False,0.0,True,False,same_region,0,0,0,-13.8,5.4,-19.200000000000003,-9.600000000000001,-4.444444444444445,-1.3333333333333333,-3.1111111111111116,-1.5555555555555558,135,11,0
401468292,2022-11-05,Minnesota Timberwolves,Houston Rockets,129,117,2023,12,246,0.0,True,False,4.0,False,False,same_region,0,0,0,-2.0,-9.4,7.4,3.7,-0.8888888888888888,-8.666666666666666,7.777777777777777,3.8888888888888884,136,11,0
401468293,2022-11-05,Denver Nuggets,San Antonio Spurs,126,101,2023,25,227,7.0,False,False,9.0,False,False,same_region,0,0,0,0.6,-9.6,10.2,5.1,-1.0,-6.0,5.0,2.5,137,11,0
401468291,2022-11-05,Milwaukee Bucks,Oklahoma City Thunder,108,94,2023,14,202,2.0,False,False,6.0,False,False,west_to_east,1,0,1,11.8,4.8,7.000000000000001,3.5000000000000004,11.5,0.25,11.25,5.625,138,11,0
401468294,2022-11-05,Phoenix Suns,Portland Trail Blazers,102,82,2023,20,184,0.0,True,False,0.0,True,False,same_region,0,0,0,12.8,3.0,9.8,4.9,10.125,3.25,6.875,3.4375,139,11,0
401468298,2022-11-06,LA Clippers,Utah Jazz,102,110,2023,-8,212,5.0,False,False,1.0,False,False,same_region,0,0,0,-2.4,2.4,-4.8,-2.4,-3.888888888888889,4.2,-8.088888888888889,-4.044444444444444,140,11,0
401468297,2022-11-06,Memphis Grizzlies,Washington Wizards,103,97,2023,6,200,1.0,False,False,3.0,False,False,east_to_west,1,1,0,6.8,-13.4,20.2,10.1,1.4444444444444444,-5.222222222222222,6.666666666666667,3.3333333333333335,141,11,0
401468296,2022-11-06,Toronto Raptors,Chicago Bulls,113,104,2023,9,217,5.0,False,False,1.0,False,False,same_region,0,0,0,12.0,2.6,9.4,4.7,7.111111111111111,2.0,5.111111111111111,2.5555555555555554,142,11,0
401468295,2022-11-06,Los Angeles Lakers,Cleveland Cavaliers,100,114,2023,-14,214,1.0,False,False,1.0,False,False,east_to_west,1,1,0,-4.0,11.6,-15.6,-7.8,-5.25,12.125,-17.375,-8.6875,143,11,0
401468303,2022-11-07,Philadelphia 76ers,Phoenix Suns,100,88,2023,12,188,2.0,False,False,14.0,False,False,west_to_east,1,0,1,4.4,11.0,-6.6,-3.3,0.6,11.222222222222221,-10.622222222222222,-5.311111111111111,144,11,0
401468304,2022-11-07,Atlanta Hawks,Milwaukee Bucks,117,98,2023,19,215,1.0,False,False,2.0,False,False,same_region,0,0,0,0.4,12.4,-12.0,-6.0,1.1111111111111112,11.777777777777779,-10.666666666666668,-5.333333333333334,145,11,0
401468312,2022-11-07,Utah Jazz,Los Angeles Lakers,139,116,2023,23,255,6.0,False,False,9.0,False,False,same_region,0,0,0,7.2,-4.6,11.8,5.9,2.9,-6.222222222222222,9.122222222222222,4.561111111111111,146,11,0
401468300,2022-11-07,Orlando Magic,Houston Rockets,127,134,2023,-7,261,1.0,False,False,1.0,False,False,west_to_east,1,0,1,0.2,-10.2,10.399999999999999,5.199999999999999,-4.3,-9.0,4.7,2.35,147,11,0
401468301,2022-11-07,Detroit Pistons,Oklahoma City Thunder,112,103,2023,9,215,2.0,False,False,1.0,False,False,west_to_east,1,0,1,-12.2,-0.8,-11.399999999999999,-5.699999999999999,-11.6,-1.3333333333333333,-10.266666666666666,-5.133333333333333,148,11,0
401468302,2022-11-07,Indiana Pacers,New Orleans Pelicans,129,122,2023,7,251,2.0,False,False,1.0,False,False,west_to_east,1,0,1,-0.2,2.2,-2.4000000000000004,-1.2000000000000002,-1.7777777777777777,5.111111111111111,-6.888888888888888,-3.444444444444444,149,11,0
401468305,2022-11-07,Miami Heat,Portland Trail Blazers,107,110,2023,-3,217,4.0,False,False,1.0,False,True,west_to_east,1,0,1,-2.2,-6.0,3.8,1.9,-1.0,0.6666666666666666,-1.6666666666666665,-0.8333333333333333,150,11,0
401468313,2022-11-07,LA Clippers,Cleveland Cavaliers,119,117,2023,2,236,0.0,True,False,0.0,True,True,east_to_west,1,1,0,-2.4,12.2,-14.6,-7.3,-4.3,12.333333333333334,-16.633333333333333,-8.316666666666666,151,11,0
401468307,2022-11-07,Memphis Grizzlies,Boston Celtics,106,109,2023,-3,215,0.0,True,True,1.0,False,False,east_to_west,1,1,0,5.0,5.4,-0.40000000000000036,-0.20000000000000018,1.9,3.4444444444444446,-1.5444444444444447,-0.7722222222222224,152,11,0
401468309,2022-11-07,San Antonio Spurs,Denver Nuggets,109,115,2023,-6,224,2.0,False,False,3.0,False,False,same_region,0,0,0,-12.2,10.6,-22.799999999999997,-11.399999999999999,-7.9,1.8888888888888888,-9.78888888888889,-4.894444444444445,153,11,0
401468310,2022-11-07,Dallas Mavericks,Brooklyn Nets,96,94,2023,2,190,2.0,False,False,1.0,False,True,east_to_west,1,1,0,2.2,7.0,-4.8,-2.4,6.0,-0.8,6.8,3.4,154,11,0
401468311,2022-11-07,Golden State Warriors,Sacramento Kings,116,113,2023,3,229,10.0,False,False,1.0,False,False,same_region,0,0,0,-7.6,-0.4,-7.199999999999999,-3.5999999999999996,-4.0,-2.0,-2.0,-1.0,155,11,0
401468306,2022-11-07,Chicago Bulls,Toronto Raptors,111,97,2023,14,208,4.0,False,False,2.0,False,False,same_region,0,0,0,1.8,11.8,-10.0,-5.0,0.3,7.3,-7.0,-3.5,156,11,0
401468308,2022-11-07,Minnesota Timberwolves,New York Knicks,107,120,2023,-13,227,1.0,False,True,2.0,False,False,east_to_west,1,1,0,-2.0,-10.0,8.0,4.0,0.4,-1.4444444444444444,1.8444444444444446,0.9222222222222223,157,11,0
401468299,2022-11-07,Charlotte Hornets,Washington Wizards,100,108,2023,-8,208,1.0,False,False,0.0,True,False,same_region,0,0,0,-10.6,-12.6,2.0,1.0,-4.4,-5.3,0.8999999999999995,0.44999999999999973,158,11,0
401468320,2022-11-09,Toronto Raptors,Houston Rockets,116,109,2023,7,225,2.0,False,False,1.0,False,False,west_to_east,1,0,1,13.4,-6.0,19.4,9.7,5.6,-7.3,12.899999999999999,6.449999999999999,159,11,0
401468316,2022-11-09,Orlando Magic,Dallas Mavericks,94,87,2023,7,181,1.0,False,False,12.0,False,False,west_to_east,1,0,1,-5.2,1.8,-7.0,-3.5,-4.6,5.555555555555555,-10.155555555555555,-5.0777777777777775,160,11,0
401468319,2022-11-09,Brooklyn Nets,New York Knicks,112,85,2023,27,197,7.0,False,False,1.0,False,False,same_region,0,0,0,8.4,-5.2,13.600000000000001,6.800000000000001,1.2,0.0,1.2,0.6,161,11,0
401468315,2022-11-09,Indiana Pacers,Denver Nuggets,119,122,2023,-3,241,1.0,False,False,1.0,False,False,west_to_east,1,0,1,4.2,9.6,-5.3999999999999995,-2.6999999999999997,-0.9,2.3,-3.1999999999999997,-1.5999999999999999,162,11,0
401468317,2022-11-09,Atlanta Hawks,Utah Jazz,119,125,2023,-6,244,1.0,False,False,2.0,False,False,west_to_east,1,0,1,-0.6,11.6,-12.2,-6.1,2.9,4.6,-1.6999999999999997,-0.8499999999999999,163,11,0
401468314,2022-11-09,Charlotte Hornets,Portland Trail Blazers,95,105,2023,-10,200,1.0,False,False,1.0,False,False,west_to_east,1,0,1,-13.6,-1.2,-12.4,-6.2,-7.9,0.9,-8.8,-4.4,164,11,0
401468322,2022-11-09,Minnesota Timberwolves,Phoenix Suns,117,129,2023,-12,246,1.0,False,False,1.0,False,False,same_region,0,0,0,-6.4,6.0,-12.4,-6.2,-1.6,8.9,-10.5,-5.25,165,11,0
401468321,2022-11-09,Chicago Bulls,New Orleans Pelicans,111,115,2023,-4,226,1.0,False,False,1.0,False,False,west_to_east,1,0,1,5.6,3.4,2.1999999999999997,1.0999999999999999,1.9,3.9,-2.0,-1.0,166,11,0
401468325,2022-11-09,LA Clippers,Los Angeles Lakers,114,101,2023,13,215,1.0,False,True,1.0,False,False,same_region,0,0,0,2.2,-7.4,9.600000000000001,4.800000000000001,-4.7,-7.9,3.2,1.6,167,11,0
401468318,2022-11-09,Boston Celtics,Detroit Pistons,128,112,2023,16,240,4.0,False,False,6.0,False,False,same_region,0,0,0,7.8,-5.6,13.399999999999999,6.699999999999999,3.4,-11.1,14.5,7.25,168,11,0
401468323,2022-11-09,Oklahoma City Thunder,Milwaukee Bucks,132,136,2023,-4,268,5.0,False,False,1.0,False,False,east_to_west,1,1,0,-4.2,7.0,-11.2,-5.6,-2.1,8.7,-10.799999999999999,-5.3999999999999995,169,11,0
401468324,2022-11-09,San Antonio Spurs,Memphis Grizzlies,122,124,2023,-2,246,1.0,False,False,6.0,False,False,same_region,0,0,0,-14.4,4.6,-19.0,-9.5,-5.8,1.3,-7.1,-3.55,170,11,0
401468326,2022-11-09,Sacramento Kings,Cleveland Cavaliers,127,120,2023,7,247,10.0,False,False,1.0,False,True,east_to_west,1,1,0,2.0,10.0,-8.0,-4.0,-2.111111111111111,10.9,-13.011111111111111,-6.5055555555555555,171,11,0
401468330,2022-11-10,New Orleans Pelicans,Portland Trail Blazers,95,106,2023,-11,201,5.0,False,False,0.0,True,True,same_region,0,0,0,0.0,-2.0,2.0,1.0,2.1,1.2,0.9000000000000001,0.45000000000000007,172,11,0
401468329,2022-11-10,Miami Heat,Charlotte Hornets,117,112,2023,5,229,2.0,False,False,5.0,False,False,same_region,0,0,0,-0.2,-14.2,14.0,7.0,-0.5,-7.7,7.2,3.6,173,11,0
401468328,2022-11-10,Atlanta Hawks,Philadelphia 76ers,104,95,2023,9,199,0.0,True,True,9.0,False,False,same_region,0,0,0,-0.2,2.4,-2.6,-1.3,1.3,2.7,-1.4000000000000001,-0.7000000000000001,174,11,0
401468327,2022-11-10,Washington Wizards,Dallas Mavericks,113,105,2023,8,218,5.0,False,False,0.0,True,False,west_to_east,1,0,1,-7.4,1.6,-9.0,-4.5,-5.2,4.3,-9.5,-4.75,175,11,0
401468331,2022-11-11,Boston Celtics,Denver Nuggets,131,112,2023,19,243,1.0,False,False,1.0,False,False,west_to_east,1,0,1,7.4,7.0,0.40000000000000036,0.20000000000000018,4.1,4.7,-0.6000000000000005,-0.30000000000000027,176,11,0
401468333,2022-11-11,New York Knicks,Detroit Pistons,121,112,2023,9,233,5.0,False,False,1.0,False,False,same_region,0,0,0,-8.0,-11.6,3.5999999999999996,1.7999999999999998,-2.4,-10.3,7.9,3.95,177,11,0
401468334,2022-11-11,Oklahoma City Thunder,Toronto Raptors,132,113,2023,19,245,1.0,False,False,3.0,False,False,east_to_west,1,1,0,-6.2,8.8,-15.0,-7.5,-1.8,6.7,-8.5,-4.25,178,11,0
401468332,2022-11-11,Orlando Magic,Phoenix Suns,114,97,2023,17,211,1.0,False,False,1.0,False,False,west_to_east,1,0,1,-2.0,5.4,-7.4,-3.7,-2.9,9.9,-12.8,-6.4,179,11,0
401468335,2022-11-11,San Antonio Spurs,Milwaukee Bucks,111,93,2023,18,204,1.0,False,False,1.0,False,False,east_to_west,1,1,0,-16.6,7.4,-24.0,-12.0,-6.3,8.9,-15.2,-7.6,180,11,0
401468337,2022-11-11,Golden State Warriors,Cleveland Cavaliers,106,101,2023,5,207,3.0,False,False,1.0,False,False,east_to_west,1,1,0,-5.6,6.0,-11.6,-5.8,-5.1,10.5,-15.6,-7.8,181,11,0
401468338,2022-11-11,Los Angeles Lakers,Sacramento Kings,114,120,2023,-6,234,4.0,False,False,3.0,False,False,same_region,0,0,0,-12.2,2.2,-14.399999999999999,-7.199999999999999,-7.8,-1.2,-6.6,-3.3,182,11,0
401468336,2022-11-11,Memphis Grizzlies,Minnesota Timberwolves,114,103,2023,11,217,3.0,False,False,9.0,False,False,same_region,0,0,0,8.2,-7.0,15.2,7.6,0.8,-2.2,3.0,1.5,183,11,0
401468345,2022-11-12,Dallas Mavericks,Portland Trail Blazers,117,112,2023,5,229,4.0,False,False,1.0,False,True,same_region,0,0,0,-1.8,1.2,-3.0,-1.5,3.7,2.1,1.6,0.8,184,11,0
401468343,2022-11-12,Philadelphia 76ers,Atlanta Hawks,121,109,2023,12,230,4.0,False,False,9.0,False,False,same_region,0,0,0,-0.4,7.6,-8.0,-4.0,2.0,1.2,0.8,0.4,185,11,0
401468346,2022-11-12,New Orleans Pelicans,Houston Rockets,119,106,2023,13,225,1.0,False,False,2.0,False,False,same_region,0,0,0,-1.6,-4.4,2.8000000000000003,1.4000000000000001,-0.2,-7.3,7.1,3.55,186,11,0
401468344,2022-11-12,Miami Heat,Charlotte Hornets,132,115,2023,17,247,1.0,False,False,1.0,False,False,same_region,0,0,0,2.0,-11.6,13.6,6.8,0.7,-9.9,10.6,5.3,187,11,0
401468340,2022-11-12,Washington Wizards,Utah Jazz,121,112,2023,9,233,1.0,False,False,2.0,False,False,west_to_east,1,0,1,-4.4,9.6,-14.0,-7.0,-4.6,5.1,-9.7,-4.85,188,11,0
401468339,2022-11-12,LA Clippers,Brooklyn Nets,95,110,2023,-15,205,2.0,False,False,4.0,False,False,east_to_west,1,1,0,4.4,12.4,-8.0,-4.0,-3.6,3.5,-7.1,-3.55,189,11,0
401468341,2022-11-12,Detroit Pistons,Boston Celtics,108,117,2023,-9,225,4.0,False,False,4.0,False,False,same_region,0,0,0,-13.0,11.4,-24.4,-12.2,-10.3,5.3,-15.600000000000001,-7.800000000000001,190,11,0
401468342,2022-11-12,Indiana Pacers,Toronto Raptors,118,104,2023,14,222,2.0,False,False,0.0,True,False,same_region,0,0,0,1.6,-3.6,5.2,2.6,-0.5,5.1,-5.6,-2.8,191,11,0
401468349,2022-11-13,Washington Wizards,Memphis Grizzlies,102,92,2023,10,194,0.0,True,True,3.0,False,False,west_to_east,1,0,1,-4.6,9.4,-14.0,-7.0,-2.7,6.0,-8.7,-4.35,192,11,0
401468347,2022-11-13,New York Knicks,Oklahoma City Thunder,135,145,2023,-10,280,1.0,False,False,5.0,False,False,west_to_east,1,0,1,-3.6,-4.0,0.3999999999999999,0.19999999999999996,-3.9,0.6,-4.5,-2.25,193,11,0
401468353,2022-11-13,Los Angeles Lakers,Brooklyn Nets,116,103,2023,13,219,1.0,False,False,0.0,True,False,east_to_west,1,1,0,-14.0,17.2,-31.2,-15.6,-7.8,6.0,-13.8,-6.9,194,11,0
401468348,2022-11-13,Cleveland Cavaliers,Minnesota Timberwolves,124,129,2023,-5,253,10.0,False,False,1.0,False,False,west_to_east,1,0,1,4.8,-7.4,12.2,6.1,6.8,-4.3,11.1,5.55,195,11,0
401468351,2022-11-13,Chicago Bulls,Denver Nuggets,103,126,2023,-23,229,3.0,False,False,1.0,False,False,west_to_east,1,0,1,3.0,5.4,-2.4000000000000004,-1.2000000000000002,4.7,2.3,2.4000000000000004,1.2000000000000002,196,11,0
401468350,2022-11-13,Philadelphia 76ers,Utah Jazz,105,98,2023,7,203,0.0,True,False,0.0,True,False,west_to_east,1,0,1,0.6,8.4,-7.800000000000001,-3.9000000000000004,4.1,4.8,-0.7000000000000002,-0.3500000000000001,197,11,0
401468352,2022-11-13,Sacramento Kings,Golden State Warriors,122,115,2023,7,237,3.0,False,False,8.0,False,False,same_region,0,0,0,2.0,-1.8,3.8,1.9,0.1,-4.1,4.199999999999999,2.0999999999999996,198,11,0
401468356,2022-11-14,Boston Celtics,Oklahoma City Thunder,126,122,2023,4,248,2.0,False,False,0.0,True,False,west_to_east,1,0,1,12.4,0.4,12.0,6.0,5.6,2.6,2.9999999999999996,1.4999999999999998,199,11,0
401468355,2022-11-14,Orlando Magic,Charlotte Hornets,105,112,2023,-7,217,2.0,False,False,1.0,False,False,same_region,0,0,0,3.0,-8.8,11.8,5.9,-0.6,-11.3,10.700000000000001,5.3500000000000005,200,11,0
401468360,2022-11-14,Golden State Warriors,San Antonio Spurs,132,95,2023,37,227,2.0,False,False,8.0,False,False,same_region,0,0,0,-1.8,-4.4,2.6000000000000005,1.3000000000000003,-5.3,-5.4,0.10000000000000053,0.050000000000000266,201,11,0
401468359,2022-11-14,Milwaukee Bucks,Atlanta Hawks,106,121,2023,-15,227,8.0,False,False,1.0,False,False,same_region,0,0,0,-1.2,2.6,-3.8,-1.9,5.1,1.7,3.3999999999999995,1.6999999999999997,202,11,0
401468358,2022-11-14,Houston Rockets,LA Clippers,106,122,2023,-16,228,11.0,False,False,9.0,False,False,same_region,0,0,0,-6.6,-0.2,-6.3999999999999995,-3.1999999999999997,-6.6,-3.4,-3.1999999999999997,-1.5999999999999999,203,11,0
401468357,2022-11-14,Miami Heat,Phoenix Suns,113,112,2023,1,225,1.0,False,False,2.0,False,False,west_to_east,1,0,1,4.0,0.2,3.8,1.9,2.1,8.4,-6.300000000000001,-3.1500000000000004,204,11,0
401468354,2022-11-14,Detroit Pistons,Toronto Raptors,111,115,2023,-4,226,1.0,False,False,1.0,False,True,same_region,0,0,0,-9.8,-6.2,-3.6000000000000005,-1.8000000000000003,-9.1,2.9,-12.0,-6.0,205,11,0
401468361,2022-11-15,New Orleans Pelicans,Memphis Grizzlies,113,102,2023,11,215,2.0,False,False,1.0,False,False,same_region,0,0,0,-0.8,1.2,-2.0,-1.0,1.2,4.0,-2.8,-1.4,206,11,0
401468362,2022-11-15,Dallas Mavericks,LA Clippers,103,101,2023,2,204,2.0,False,False,0.0,True,False,same_region,0,0,0,-1.4,1.6,-3.0,-1.5,0.1,-0.4,0.5,0.25,207,11,0
401468365,2022-11-15,Sacramento Kings,Brooklyn Nets,153,121,2023,32,274,1.0,False,False,1.0,False,True,east_to_west,1,1,0,4.0,6.2,-2.2,-1.1,1.0,5.8,-4.8,-2.4,208,11,0
401468364,2022-11-15,Portland Trail Blazers,San Antonio Spurs,117,110,2023,7,227,12.0,False,False,0.0,True,False,same_region,0,0,0,-0.2,-10.4,10.200000000000001,5.1000000000000005,1.4,-10.0,11.4,5.7,209,11,0
401468363,2022-11-15,Utah Jazz,New York Knicks,111,118,2023,-7,229,7.0,False,False,5.0,False,False,east_to_west,1,1,0,4.2,-6.0,10.2,5.1,3.3,-6.2,9.5,4.75,210,11,0
401468375,2022-11-16,Phoenix Suns,Golden State Warriors,130,119,2023,11,249,10.0,False,False,2.0,False,False,same_region,0,0,0,0.4,5.8,-5.3999999999999995,-2.6999999999999997,6.6,1.3,5.3,2.65,211,11,0
401468368,2022-11-16,Washington Wizards,Oklahoma City Thunder,120,121,2023,-1,241,2.0,False,False,1.0,False,True,west_to_east,1,0,1,5.8,2.4,3.4,1.7,-3.8,0.8,-4.6,-2.3,212,11,0
401468367,2022-11-16,Orlando Magic,Minnesota Timberwolves,108,126,2023,-18,234,1.0,False,False,2.0,False,False,west_to_east,1,0,1,1.4,-3.8,5.199999999999999,2.5999999999999996,0.0,-2.9,2.9,1.45,213,11,0
401468369,2022-11-16,Atlanta Hawks,Boston Celtics,101,126,2023,-25,227,5.0,False,False,3.0,False,False,same_region,0,0,0,5.0,10.2,-5.199999999999999,-2.5999999999999996,2.7,7.8,-5.1,-2.55,214,11,0
401468366,2022-11-16,Charlotte Hornets,Indiana Pacers,113,125,2023,-12,238,6.0,False,False,15.0,False,False,same_region,0,0,0,-6.6,2.6,-9.2,-4.6,-8.6,1.2,-9.799999999999999,-4.8999999999999995,215,11,0
401468371,2022-11-16,Milwaukee Bucks,Cleveland Cavaliers,113,98,2023,15,211,1.0,False,False,4.0,False,False,same_region,0,0,0,-6.8,-1.0,-5.8,-2.9,2.5,5.3,-2.8,-1.4,216,11,0
401468372,2022-11-16,New Orleans Pelicans,Chicago Bulls,124,110,2023,14,234,0.0,True,False,9.0,False,False,east_to_west,1,1,0,2.0,-5.2,7.2,3.6,2.1,0.6,1.5,0.75,217,11,0
401468374,2022-11-16,Denver Nuggets,New York Knicks,103,106,2023,-3,209,10.0,False,False,0.0,True,False,east_to_west,1,1,0,7.6,-1.6,9.2,4.6,4.1,-5.8,9.899999999999999,4.949999999999999,218,11,0
401468370,2022-11-16,Toronto Raptors,Miami Heat,112,104,2023,8,216,6.0,False,False,11.0,False,False,same_region,0,0,0,-7.2,3.6,-10.8,-5.4,2.3,3.0,-0.7000000000000002,-0.3500000000000001,219,11,0
401468373,2022-11-16,Dallas Mavericks,Houston Rockets,92,101,2023,-9,193,0.0,True,False,3.0,False,False,same_region,0,0,0,-1.2,-8.2,6.999999999999999,3.4999999999999996,0.5,-8.8,9.3,4.65,220,11,0
401468378,2022-11-17,LA Clippers,Detroit Pistons,96,91,2023,5,187,4.0,False,False,5.0,False,False,east_to_west,1,1,0,2.8,-5.8,8.6,4.3,0.2,-9.0,9.2,4.6,221,11,0
401468377,2022-11-17,Sacramento Kings,San Antonio Spurs,130,112,2023,18,242,1.0,False,False,1.0,False,True,same_region,0,0,0,9.8,-6.8,16.6,8.3,4.7,-9.5,14.2,7.1,222,11,0
401468376,2022-11-17,Portland Trail Blazers,Brooklyn Nets,107,109,2023,-2,216,1.0,False,False,1.0,False,False,east_to_west,1,1,0,5.2,-1.0,6.2,3.1,-0.4,3.0,-3.4,-1.7,223,11,0
401468382,2022-11-18,Chicago Bulls,Orlando Magic,107,108,2023,-1,215,4.0,False,False,16.0,False,False,same_region,0,0,0,-7.2,-1.6,-5.6,-2.8,-2.3,-0.7,-1.5999999999999999,-0.7999999999999999,224,11,0
401468379,2022-11-18,Washington Wizards,Miami Heat,107,106,2023,1,213,1.0,False,False,1.0,False,False,same_region,0,0,0,6.8,2.4,4.4,2.2,-2.9,0.1,-3.0,-1.5,225,11,0
401468380,2022-11-18,Cleveland Cavaliers,Charlotte Hornets,132,122,2023,10,254,4.0,False,False,3.0,False,False,same_region,0,0,0,-6.8,-7.4,0.6000000000000005,0.30000000000000027,2.7,-10.5,13.2,6.6,226,11,0
401468381,2022-11-18,Philadelphia 76ers,Milwaukee Bucks,110,102,2023,8,212,4.0,False,False,6.0,False,False,same_region,0,0,0,4.0,-6.6,10.6,5.3,3.4,2.9,0.5,0.25,227,11,0
401468386,2022-11-18,New Orleans Pelicans,Boston Celtics,109,117,2023,-8,226,1.0,False,True,1.0,False,False,east_to_west,1,1,0,6.2,14.6,-8.399999999999999,-4.199999999999999,4.8,11.2,-6.3999999999999995,-3.1999999999999997,228,11,0
401468383,2022-11-18,Houston Rockets,Indiana Pacers,91,99,2023,-8,190,3.0,False,False,1.0,False,False,east_to_west,1,1,0,-4.0,6.4,-10.4,-5.2,-7.1,1.5,-8.6,-4.3,229,11,0
401468388,2022-11-18,Golden State Warriors,New York Knicks,111,101,2023,10,212,3.0,False,False,1.0,False,True,east_to_west,1,1,0,5.4,-3.6,9.0,4.5,-1.1,-4.4,3.3000000000000003,1.6500000000000001,230,11,0
401468389,2022-11-18,Los Angeles Lakers,Detroit Pistons,128,121,2023,7,249,4.0,False,False,0.0,True,False,east_to_west,1,1,0,-8.6,-8.6,0.0,0.0,-6.3,-7.1,0.7999999999999998,0.3999999999999999,231,11,0
401468384,2022-11-18,Memphis Grizzlies,Oklahoma City Thunder,121,110,2023,11,231,6.0,False,False,1.0,False,False,same_region,0,0,0,-2.2,4.4,-6.6000000000000005,-3.3000000000000003,1.4,0.1,1.2999999999999998,0.6499999999999999,232,11,0
401468387,2022-11-18,Utah Jazz,Phoenix Suns,134,133,2023,1,267,2.0,False,False,3.0,False,False,same_region,0,0,0,1.2,-1.4,2.5999999999999996,1.2999999999999998,4.2,4.8,-0.5999999999999996,-0.2999999999999998,233,11,0
401468385,2022-11-18,Dallas Mavericks,Denver Nuggets,127,99,2023,28,226,1.0,False,True,4.0,False,False,same_region,0,0,0,-3.4,2.0,-5.4,-2.7,-0.8,6.3,-7.1,-3.55,234,11,0
401468391,2022-11-19,Indiana Pacers,Orlando Magic,114,113,2023,1,227,6.0,False,False,0.0,True,False,same_region,0,0,0,7.6,0.0,7.6,3.8,3.7,-2.6,6.300000000000001,3.1500000000000004,235,11,0
401468390,2022-11-19,Atlanta Hawks,Toronto Raptors,124,122,2023,2,246,2.0,False,False,4.0,False,False,same_region,0,0,0,-3.8,-2.8,-1.0,-0.5,-2.2,5.3,-7.5,-3.75,236,11,0
401468394,2022-11-19,LA Clippers,San Antonio Spurs,119,97,2023,22,216,1.0,False,False,1.0,False,False,same_region,0,0,0,3.4,-9.2,12.6,6.3,2.8,-11.8,14.600000000000001,7.300000000000001,237,11,0
401468393,2022-11-19,Portland Trail Blazers,Utah Jazz,113,118,2023,-5,231,1.0,False,False,5.0,False,False,same_region,0,0,0,4.2,-3.2,7.4,3.7,1.5,4.2,-2.7,-1.35,238,11,0
401468392,2022-11-19,Philadelphia 76ers,Minnesota Timberwolves,109,112,2023,-3,221,0.0,True,False,2.0,False,False,west_to_east,1,0,1,6.0,-2.6,8.6,4.3,5.2,-2.3,7.5,3.75,239,11,0
401468398,2022-11-20,Brooklyn Nets,Memphis Grizzlies,127,115,2023,12,242,10.0,False,False,4.0,False,False,west_to_east,1,0,1,-0.2,0.6,-0.8,-0.4,4.1,2.6,1.4999999999999996,0.7499999999999998,240,11,0
401468396,2022-11-20,Washington Wizards,Charlotte Hornets,106,102,2023,4,208,1.0,False,False,1.0,False,False,same_region,0,0,0,5.4,-7.4,12.8,6.4,-1.0,-10.8,9.8,4.9,241,11,0
401468397,2022-11-20,Sacramento Kings,Detroit Pistons,137,129,2023,8,266,2.0,False,False,1.0,False,True,east_to_west,1,1,0,14.0,-6.8,20.8,10.4,8.0,-9.2,17.2,8.6,242,11,0
401468401,2022-11-20,Dallas Mavericks,Denver Nuggets,97,98,2023,-1,195,1.0,False,False,1.0,False,False,same_region,0,0,0,3.6,-4.8,8.4,4.2,2.6,2.4,0.20000000000000018,0.10000000000000009,243,11,0
401468399,2022-11-20,Cleveland Cavaliers,Miami Heat,113,87,2023,26,200,1.0,False,False,1.0,False,False,same_region,0,0,0,-4.4,2.8,-7.2,-3.6,2.8,1.3,1.4999999999999998,0.7499999999999999,244,11,0
401468400,2022-11-20,Houston Rockets,Golden State Warriors,120,127,2023,-7,247,1.0,False,False,3.0,False,False,same_region,0,0,0,-7.0,6.8,-13.8,-6.9,-6.5,0.6,-7.1,-3.55,245,11,0
401468402,2022-11-20,Los Angeles Lakers,San Antonio Spurs,123,92,2023,31,215,1.0,False,False,0.0,True,True,same_region,0,0,0,-4.4,-13.2,8.799999999999999,4.3999999999999995,-4.5,-14.9,10.4,5.2,246,11,0
401468395,2022-11-20,Phoenix Suns,New York Knicks,116,95,2023,21,211,3.0,False,False,1.0,False,False,east_to_west,1,1,0,0.8,-0.2,1.0,0.5,3.4,-4.1,7.5,3.75,247,11,0
401468404,2022-11-21,Indiana Pacers,Orlando Magic,123,102,2023,21,225,1.0,False,False,1.0,False,True,same_region,0,0,0,6.4,-1.6,8.0,4.0,5.3,-1.8,7.1,3.55,248,11,0
401468405,2022-11-21,Chicago Bulls,Boston Celtics,121,107,2023,14,228,2.0,False,False,2.0,False,False,same_region,0,0,0,-5.6,13.0,-18.6,-9.3,-1.9,10.2,-12.1,-6.05,249,11,0
401468408,2022-11-21,New Orleans Pelicans,Golden State Warriors,128,83,2023,45,211,2.0,False,False,0.0,True,False,same_region,0,0,0,3.8,7.2,-3.4000000000000004,-1.7000000000000002,1.9,2.7,-0.8000000000000003,-0.40000000000000013,250,11,0
401468403,2022-11-21,Cleveland Cavaliers,Atlanta Hawks,114,102,2023,12,216,0.0,True,True,6.0,False,False,same_region,0,0,0,2.2,-2.2,4.4,2.2,4.1,-1.2,5.3,2.65,251,11,0
401468410,2022-11-21,LA Clippers,Utah Jazz,121,114,2023,7,235,1.0,False,False,1.0,False,False,same_region,0,0,0,5.2,-3.4,8.6,4.3,4.8,3.1,1.6999999999999997,0.8499999999999999,252,11,0
401468409,2022-11-21,Oklahoma City Thunder,New York Knicks,119,129,2023,-10,248,9.0,False,False,0.0,True,True,east_to_west,1,1,0,3.0,-6.2,9.2,4.6,-1.6,-4.9,3.3000000000000003,1.6500000000000001,253,11,0
401468406,2022-11-21,Milwaukee Bucks,Portland Trail Blazers,119,111,2023,8,230,4.0,False,False,8.0,False,False,west_to_east,1,0,1,-4.4,1.2,-5.6000000000000005,-2.8000000000000003,1.3,-0.4,1.7000000000000002,0.8500000000000001,254,11,0
401468407,2022-11-21,Minnesota Timberwolves,Miami Heat,105,101,2023,4,206,11.0,False,False,0.0,True,True,east_to_west,1,1,0,0.6,-3.4,4.0,2.0,-2.9,-0.7,-2.2,-1.1,255,11,0
401468414,2022-11-22,Phoenix Suns,Los Angeles Lakers,115,105,2023,10,220,1.0,False,False,12.0,False,False,same_region,0,0,0,2.6,6.4,-3.8000000000000003,-1.9000000000000001,4.0,-0.5,4.5,2.25,256,11,0
401468413,2022-11-22,Denver Nuggets,Detroit Pistons,108,110,2023,-2,218,5.0,False,False,1.0,False,False,east_to_west,1,1,0,-5.2,-6.6,1.3999999999999995,0.6999999999999997,0.9,-9.8,10.700000000000001,5.3500000000000005,257,11,0
401468412,2022-11-22,Memphis Grizzlies,Sacramento Kings,109,113,2023,-4,222,3.0,False,False,10.0,False,False,same_region,0,0,0,-2.2,14.2,-16.4,-8.2,3.0,8.2,-5.199999999999999,-2.5999999999999996,258,11,0
401468411,2022-11-22,Philadelphia 76ers,Brooklyn Nets,115,106,2023,9,221,2.0,False,False,4.0,False,False,same_region,0,0,0,3.0,-3.2,6.2,3.1,2.7,4.6,-1.8999999999999995,-0.9499999999999997,259,11,0
401468415,2022-11-23,Charlotte Hornets,Philadelphia 76ers,107,101,2023,6,208,6.0,False,False,12.0,False,False,same_region,0,0,0,-7.2,6.6,-13.8,-6.9,-9.4,3.1,-12.5,-6.25,260,11,0
401468416,2022-11-23,Cleveland Cavaliers,Portland Trail Blazers,114,96,2023,18,210,1.0,False,True,1.0,False,False,west_to_east,1,0,1,5.6,-2.6,8.2,4.1,5.2,-0.7,5.9,2.95,261,11,0
401468417,2022-11-23,Indiana Pacers,Minnesota Timberwolves,101,115,2023,-14,216,1.0,False,False,3.0,False,False,west_to_east,1,0,1,11.2,3.8,7.3999999999999995,3.6999999999999997,6.4,-1.6,8.0,4.0,262,11,0
401468418,2022-11-23,Atlanta Hawks,Sacramento Kings,115,106,2023,9,221,3.0,False,False,0.0,True,False,west_to_east,1,0,1,-6.4,13.8,-20.200000000000003,-10.100000000000001,0.6,7.9,-7.300000000000001,-3.6500000000000004,263,11,0
401468420,2022-11-23,Miami Heat,Washington Wizards,113,105,2023,8,218,8.0,False,False,15.0,False,False,same_region,0,0,0,-7.6,4.6,-12.2,-6.1,-1.8,0.1,-1.9000000000000001,-0.9500000000000001,264,11,0
401468419,2022-11-23,Boston Celtics,Dallas Mavericks,125,112,2023,13,237,8.0,False,False,12.0,False,False,west_to_east,1,0,1,6.4,5.0,1.4000000000000004,0.7000000000000002,8.9,1.6,7.300000000000001,3.6500000000000004,265,11,0
401468422,2022-11-23,Milwaukee Bucks,Chicago Bulls,113,118,2023,-5,231,1.0,False,False,6.0,False,False,same_region,0,0,0,-3.6,-5.6,1.9999999999999996,0.9999999999999998,1.9,0.0,1.9,0.95,266,11,0
401468423,2022-11-23,Oklahoma City Thunder,Denver Nuggets,126,131,2023,-5,257,1.0,False,False,2.0,False,False,same_region,0,0,0,-2.8,-1.8,-0.9999999999999998,-0.4999999999999999,-3.4,1.8,-5.2,-2.6,267,11,0
401468424,2022-11-23,San Antonio Spurs,New Orleans Pelicans,110,129,2023,-19,239,11.0,False,False,13.0,False,False,same_region,0,0,0,-23.0,15.0,-38.0,-19.0,-13.7,6.7,-20.4,-10.2,268,11,0
401468425,2022-11-23,Utah Jazz,Detroit Pistons,116,125,2023,-9,241,4.0,False,False,0.0,True,True,east_to_west,1,1,0,-3.0,-4.4,1.4000000000000004,0.7000000000000002,2.7,-7.1,9.8,4.9,269,11,0
401468426,2022-11-23,Golden State Warriors,LA Clippers,124,107,2023,17,231,4.0,False,False,7.0,False,False,same_region,0,0,0,-0.4,9.6,-10.0,-5.0,-1.1,4.7,-5.800000000000001,-2.9000000000000004,270,11,0
401468421,2022-11-23,Toronto Raptors,Brooklyn Nets,98,112,2023,-14,210,6.0,False,False,0.0,True,False,same_region,0,0,0,-4.6,-8.0,3.4000000000000004,1.7000000000000002,2.1,4.6,-2.4999999999999996,-1.2499999999999998,271,11,0
401468437,2022-11-25,San Antonio Spurs,Los Angeles Lakers,94,105,2023,-11,199,1.0,False,False,2.0,False,False,same_region,0,0,0,-19.4,7.0,-26.4,-13.2,-14.9,-2.6,-12.3,-6.15,272,11,0
401468431,2022-11-25,Indiana Pacers,Brooklyn Nets,128,117,2023,11,245,1.0,False,False,1.0,False,True,same_region,0,0,0,5.6,-2.6,8.2,4.1,4.1,1.8,2.3,1.15,273,11,0
401468428,2022-11-25,Orlando Magic,Philadelphia 76ers,99,107,2023,-8,206,8.0,False,False,1.0,False,False,same_region,0,0,0,-9.2,3.0,-12.2,-6.1,-3.1,1.8,-4.9,-2.45,274,11,0
401468429,2022-11-25,New York Knicks,Portland Trail Blazers,129,132,2023,-3,261,11.0,False,False,1.0,False,False,west_to_east,1,0,1,-2.2,-5.2,3.0,1.5,-4.1,-2.7,-1.3999999999999995,-0.6999999999999997,275,11,0
401468430,2022-11-25,Boston Celtics,Sacramento Kings,122,104,2023,18,226,1.0,False,False,1.0,False,True,west_to_east,1,0,1,7.2,10.6,-3.3999999999999995,-1.6999999999999997,9.8,7.3,2.500000000000001,1.2500000000000004,276,11,0
401468432,2022-11-25,Miami Heat,Washington Wizards,110,107,2023,3,217,1.0,False,False,1.0,False,False,same_region,0,0,0,-6.2,1.2,-7.4,-3.7,-1.3,-1.7,0.3999999999999999,0.19999999999999996,277,11,0
401468427,2022-11-25,Charlotte Hornets,Minnesota Timberwolves,110,108,2023,2,218,1.0,False,False,1.0,False,False,west_to_east,1,0,1,-2.6,8.8,-11.4,-5.7,-5.7,0.7,-6.4,-3.2,278,11,0
401468440,2022-11-25,LA Clippers,Denver Nuggets,104,114,2023,-10,218,3.0,False,False,1.0,False,False,same_region,0,0,0,3.0,-5.4,8.4,4.2,2.3,1.1,1.1999999999999997,0.5999999999999999,279,11,0
401468435,2022-11-25,Milwaukee Bucks,Cleveland Cavaliers,117,102,2023,15,219,1.0,False,False,8.0,False,False,same_region,0,0,0,-1.0,10.2,-11.2,-5.6,-1.1,4.6,-5.699999999999999,-2.8499999999999996,280,11,0
401468436,2022-11-25,Oklahoma City Thunder,Chicago Bulls,123,119,2023,4,242,1.0,False,False,1.0,False,False,east_to_west,1,1,0,-5.8,-3.8,-2.0,-1.0,-2.7,-0.4,-2.3000000000000003,-1.1500000000000001,281,11,0
401468438,2022-11-25,Phoenix Suns,Detroit Pistons,108,102,2023,6,210,2.0,False,False,1.0,False,True,east_to_west,1,1,0,8.0,-1.8,9.8,4.9,4.1,-3.8,7.8999999999999995,3.9499999999999997,282,11,0
401468439,2022-11-25,Golden State Warriors,Utah Jazz,129,118,2023,11,247,1.0,False,False,3.0,False,False,same_region,0,0,0,-4.4,-3.4,-1.0000000000000004,-0.5000000000000002,0.7,0.4,0.29999999999999993,0.14999999999999997,283,11,0
401468433,2022-11-25,Houston Rockets,Atlanta Hawks,128,122,2023,6,250,4.0,False,False,3.0,False,False,east_to_west,1,1,0,-7.0,-2.2,-4.8,-2.4,-5.7,0.2,-5.9,-2.95,284,11,0
401468434,2022-11-25,Memphis Grizzlies,New Orleans Pelicans,132,111,2023,21,243,2.0,False,False,1.0,False,False,same_region,0,0,0,-5.2,16.2,-21.4,-10.7,2.1,7.7,-5.6,-2.8,285,11,0
401468444,2022-11-26,Phoenix Suns,Utah Jazz,113,112,2023,1,225,0.0,True,False,0.0,True,False,same_region,0,0,0,9.4,-4.2,13.600000000000001,6.800000000000001,4.9,-1.5,6.4,3.2,286,11,0
401468443,2022-11-26,San Antonio Spurs,Los Angeles Lakers,138,143,2023,-5,281,0.0,True,True,0.0,True,False,same_region,0,0,0,-20.2,10.4,-30.6,-15.3,-13.5,-1.8,-11.7,-5.85,287,11,0
401468442,2022-11-26,Houston Rockets,Oklahoma City Thunder,118,105,2023,13,223,0.0,True,False,7.0,False,False,same_region,0,0,0,-3.2,-4.2,1.0,0.5,-4.9,-0.9,-4.0,-2.0,288,11,0
401468441,2022-11-26,Toronto Raptors,Dallas Mavericks,105,100,2023,5,205,2.0,False,False,2.0,False,False,west_to_east,1,0,1,-3.6,1.4,-5.0,-2.5,-3.6,0.0,-3.6,-1.8,289,11,0
401468446,2022-11-27,Minnesota Timberwolves,Golden State Warriors,114,137,2023,-23,251,5.0,False,False,5.0,False,False,same_region,0,0,0,7.4,0.0,7.4,3.7,1.8,2.7,-0.9000000000000001,-0.45000000000000007,290,11,0
401468447,2022-11-27,LA Clippers,Indiana Pacers,114,100,2023,14,214,1.0,False,False,8.0,False,False,east_to_west,1,1,0,1.4,5.4,-4.0,-2.0,2.1,5.9,-3.8000000000000003,-1.9000000000000001,291,11,0
401468450,2022-11-27,Detroit Pistons,Cleveland Cavaliers,94,102,2023,-8,196,12.0,False,False,1.0,False,False,same_region,0,0,0,-2.0,10.2,-12.2,-6.1,-5.3,1.7,-7.0,-3.5,292,11,0
401468448,2022-11-27,Atlanta Hawks,Miami Heat,98,106,2023,-8,204,3.0,False,False,5.0,False,False,same_region,0,0,0,-6.4,-4.0,-2.4000000000000004,-1.2000000000000002,-0.7,-0.8,0.10000000000000009,0.050000000000000044,293,11,0
401468453,2022-11-27,Milwaukee Bucks,Dallas Mavericks,124,115,2023,9,239,1.0,False,False,0.0,True,False,west_to_east,1,0,1,5.0,0.0,5.0,2.5,-0.9,-0.6,-0.30000000000000004,-0.15000000000000002,294,11,0
401468452,2022-11-27,Orlando Magic,Philadelphia 76ers,103,133,2023,-30,236,1.0,False,False,1.0,False,False,same_region,0,0,0,-9.4,3.2,-12.600000000000001,-6.300000000000001,-4.0,3.6,-7.6,-3.8,295,11,0
401468449,2022-11-27,Boston Celtics,Washington Wizards,130,121,2023,9,251,1.0,False,False,1.0,False,False,same_region,0,0,0,10.0,-1.4,11.4,5.7,10.1,2.2,7.8999999999999995,3.9499999999999997,296,11,0
401468451,2022-11-27,New York Knicks,Memphis Grizzlies,123,127,2023,-4,250,1.0,False,False,6.0,False,False,west_to_east,1,0,1,-4.2,1.0,-5.2,-2.6,-2.9,1.1,-4.0,-2.0,297,11,0
401468445,2022-11-27,Brooklyn Nets,Portland Trail Blazers,111,97,2023,14,208,6.0,False,False,1.0,False,False,west_to_east,1,0,1,1.6,-6.0,7.6,3.8,0.3,-0.4,0.7,0.35,298,11,0
401468455,2022-11-28,Washington Wizards,Minnesota Timberwolves,142,127,2023,15,269,7.0,False,False,2.0,False,False,west_to_east,1,0,1,-3.0,-0.8,-2.2,-1.1,1.9,-1.7,3.5999999999999996,1.7999999999999998,299,11,0
401468454,2022-11-28,Philadelphia 76ers,Atlanta Hawks,104,101,2023,3,205,5.0,False,False,2.0,False,False,same_region,0,0,0,7.6,-3.0,10.6,5.3,6.8,-3.4,10.2,5.1,300,11,0
401468457,2022-11-28,Brooklyn Nets,Orlando Magic,109,102,2023,7,211,0.0,True,False,6.0,False,False,same_region,0,0,0,4.0,-11.8,15.8,7.9,1.9,-6.7,8.6,4.3,301,11,0
401468458,2022-11-28,Toronto Raptors,Cleveland Cavaliers,100,88,2023,12,188,1.0,False,False,0.0,True,True,same_region,0,0,0,0.2,9.8,-9.600000000000001,-4.800000000000001,-3.0,2.7,-5.7,-2.85,302,11,0
401468456,2022-11-28,Boston Celtics,Charlotte Hornets,140,105,2023,35,245,0.0,True,True,7.0,False,False,same_region,0,0,0,6.8,-3.6,10.4,5.2,10.7,-5.1,15.799999999999999,7.8999999999999995,303,11,0
401468460,2022-11-28,Denver Nuggets,Houston Rockets,129,113,2023,16,242,5.0,False,False,11.0,False,False,same_region,0,0,0,-2.8,2.6,-5.4,-2.7,-0.4,-2.8,2.4,1.2,304,11,0
401468461,2022-11-28,Utah Jazz,Chicago Bulls,107,114,2023,-7,221,4.0,False,False,2.0,False,False,east_to_west,1,1,0,-4.6,0.0,-4.6,-2.3,-3.9,-2.6,-1.2999999999999998,-0.6499999999999999,305,11,0
401468463,2022-11-28,Los Angeles Lakers,Indiana Pacers,115,116,2023,-1,231,7.0,False,False,0.0,True,False,east_to_west,1,1,0,8.8,1.0,7.800000000000001,3.9000000000000004,0.1,4.3,-4.2,-2.1,306,11,0
401468459,2022-11-28,New Orleans Pelicans,Oklahoma City Thunder,105,101,2023,4,206,6.0,False,False,1.0,False,False,same_region,0,0,0,9.8,-7.0,16.8,8.4,5.9,-1.3,7.2,3.6,307,11,0
401468462,2022-11-28,Sacramento Kings,Phoenix Suns,117,122,2023,-5,239,7.0,False,False,9.0,False,False,same_region,0,0,0,0.6,7.4,-6.800000000000001,-3.4000000000000004,5.2,3.0,2.2,1.1,308,11,0
401468466,2022-11-29,Portland Trail Blazers,LA Clippers,112,118,2023,-6,230,9.0,False,False,5.0,False,False,same_region,0,0,0,-8.4,3.2,-11.600000000000001,-5.800000000000001,-2.1,3.3,-5.4,-2.7,309,11,0
401468465,2022-11-29,Dallas Mavericks,Golden State Warriors,116,113,2023,3,229,8.0,False,False,1.0,False,False,same_region,0,0,0,0.0,2.6,-2.6,-1.3,-1.7,4.7,-6.4,-3.2,310,11,0
401468464,2022-11-29,Detroit Pistons,New York Knicks,110,140,2023,-30,250,1.0,False,False,7.0,False,False,same_region,0,0,0,-2.2,-5.6,3.3999999999999995,1.6999999999999997,-4.5,-4.6,0.09999999999999964,0.04999999999999982,311,11,0
401468470,2022-11-30,Brooklyn Nets,Washington Wizards,113,107,2023,6,220,1.0,False,True,2.0,False,False,same_region,0,0,0,3.0,-0.2,3.2,1.6,-0.1,2.6,-2.7,-1.35,312,11,0
401468478,2022-11-30,Sacramento Kings,Indiana Pacers,137,114,2023,23,251,1.0,False,False,1.0,False,True,east_to_west,1,1,0,-4.0,1.0,-5.0,-2.5,5.0,3.7,1.2999999999999998,0.6499999999999999,313,11,0
401468467,2022-11-30,Cleveland Cavaliers,Philadelphia 76ers,113,85,2023,28,198,6.0,False,False,2.0,False,False,same_region,0,0,0,2.2,8.8,-6.6000000000000005,-3.3000000000000003,2.2,5.9,-3.7,-1.85,314,11,0
401468468,2022-11-30,Orlando Magic,Atlanta Hawks,108,125,2023,-17,233,2.0,False,False,1.0,False,False,same_region,0,0,0,-13.4,-4.0,-9.4,-4.7,-6.7,-3.1,-3.6,-1.8,315,11,0
401468469,2022-11-30,Boston Celtics,Miami Heat,134,121,2023,13,255,1.0,False,True,2.0,False,False,same_region,0,0,0,12.2,-2.2,14.399999999999999,7.199999999999999,12.6,0.3,12.299999999999999,6.1499999999999995,316,11,0
401468472,2022-11-30,Minnesota Timberwolves,Memphis Grizzlies,109,101,2023,8,210,2.0,False,False,2.0,False,False,same_region,0,0,0,-4.4,4.0,-8.4,-4.2,-1.9,0.9,-2.8,-1.4,317,11,0
401468475,2022-11-30,Denver Nuggets,Houston Rockets,120,100,2023,20,220,1.0,False,False,1.0,False,False,same_region,0,0,0,6.0,-2.4,8.4,4.2,0.6,-3.2,3.8000000000000003,1.9000000000000001,318,11,0
401468474,2022-11-30,Oklahoma City Thunder,San Antonio Spurs,119,111,2023,8,230,4.0,False,False,9.0,False,False,same_region,0,0,0,-5.6,-17.6,12.000000000000002,6.000000000000001,-1.3,-13.4,12.1,6.05,319,11,0
401468476,2022-11-30,Phoenix Suns,Chicago Bulls,132,113,2023,19,245,3.0,False,False,1.0,False,False,east_to_west,1,1,0,8.6,4.2,4.3999999999999995,2.1999999999999997,4.7,-1.5,6.2,3.1,320,11,0
401468477,2022-11-30,Utah Jazz,LA Clippers,125,112,2023,13,237,1.0,False,False,0.0,True,False,same_region,0,0,0,-7.0,0.0,-7.0,-3.5,-5.2,2.6,-7.800000000000001,-3.9000000000000004,321,11,0
401468479,2022-11-30,Los Angeles Lakers,Portland Trail Blazers,128,109,2023,19,237,1.0,False,False,2.0,False,False,same_region,0,0,0,7.2,-8.6,15.8,7.9,1.4,-3.7,5.1,2.55,322,11,0
401468473,2022-11-30,New Orleans Pelicans,Toronto Raptors,126,108,2023,18,234,1.0,False,False,10.0,False,False,east_to_west,1,1,0,7.8,1.8,6.0,3.0,7.0,-2.7,9.7,4.85,323,11,0
401468471,2022-11-30,New York Knicks,Milwaukee Bucks,103,109,2023,-6,212,2.0,False,False,11.0,False,False,same_region,0,0,0,2.4,3.8,-1.4,-0.7,1.1,-1.4,2.5,1.25,324,11,0
401468480,2022-12-01,Detroit Pistons,Dallas Mavericks,131,125,2023,6,256,1.0,False,False,3.0,False,False,west_to_east,1,0,1,-6.6,-5.0,-1.5999999999999996,-0.7999999999999998,-6.6,-0.7,-5.8999999999999995,-2.9499999999999997,325,12,0
401468484,2022-12-02,Brooklyn Nets,Toronto Raptors,114,105,2023,9,219,1.0,False,False,1.0,False,False,same_region,0,0,0,6.0,-3.4,9.4,4.7,-1.0,-3.1,2.1,1.05,326,12,0
401468481,2022-12-02,Charlotte Hornets,Washington Wizards,117,116,2023,1,233,6.0,False,False,1.0,False,False,same_region,0,0,0,-8.2,-2.2,-5.999999999999999,-2.9999999999999996,-7.8,1.2,-9.0,-4.5,327,12,0
401468482,2022-12-02,Atlanta Hawks,Denver Nuggets,117,109,2023,8,226,4.0,False,False,6.0,False,False,west_to_east,1,0,1,1.8,9.8,-8.0,-4.0,-2.3,2.3,-4.6,-2.3,328,12,0
401468483,2022-12-02,Boston Celtics,Miami Heat,116,120,2023,-4,236,1.0,False,False,1.0,False,False,same_region,0,0,0,17.6,0.4,17.200000000000003,8.600000000000001,12.0,-1.5,13.5,6.75,329,12,0
401468487,2022-12-02,Memphis Grizzlies,Philadelphia 76ers,117,109,2023,8,226,6.0,False,False,1.0,False,False,east_to_west,1,1,0,0.2,1.4,-1.2,-0.6,0.4,4.0,-3.6,-1.8,330,12,0
401468491,2022-12-02,Golden State Warriors,Chicago Bulls,119,111,2023,8,230,6.0,False,False,1.0,False,False,east_to_west,1,1,0,0.6,0.6,0.0,0.0,3.9,-2.5,6.4,3.2,331,12,0
401468485,2022-12-02,Cleveland Cavaliers,Orlando Magic,107,96,2023,11,203,1.0,False,False,3.0,False,False,same_region,0,0,0,5.4,-16.6,22.0,11.0,5.5,-9.1,14.6,7.3,332,12,0
401468486,2022-12-02,Milwaukee Bucks,Los Angeles Lakers,129,133,2023,-4,262,4.0,False,False,5.0,False,False,west_to_east,1,0,1,6.6,4.8,1.7999999999999998,0.8999999999999999,1.1,5.6,-4.5,-2.25,333,12,0
401468488,2022-12-02,San Antonio Spurs,New Orleans Pelicans,99,117,2023,-18,216,5.0,False,False,6.0,False,False,same_region,0,0,0,-14.8,13.0,-27.8,-13.9,-14.0,8.4,-22.4,-11.2,334,12,0
401468489,2022-12-02,Phoenix Suns,Houston Rockets,121,122,2023,-1,243,1.0,False,False,1.0,False,False,same_region,0,0,0,8.2,-4.8,13.0,6.5,5.4,-5.9,11.3,5.65,335,12,0
401468490,2022-12-02,Utah Jazz,Indiana Pacers,139,119,2023,20,258,1.0,False,False,1.0,False,False,east_to_west,1,1,0,-3.0,-7.8,4.8,2.4,-3.0,1.7,-4.7,-2.35,336,12,0
401468498,2022-12-03,Utah Jazz,Portland Trail Blazers,111,116,2023,-5,227,0.0,True,True,2.0,False,False,same_region,0,0,0,2.8,-10.8,13.600000000000001,6.800000000000001,-0.3,-6.7,6.4,3.2,337,12,0
401468497,2022-12-03,Golden State Warriors,Houston Rockets,120,101,2023,19,221,0.0,True,False,0.0,True,True,same_region,0,0,0,11.2,-3.2,14.399999999999999,7.199999999999999,5.4,-5.1,10.5,5.25,338,12,0
401468496,2022-12-03,Minnesota Timberwolves,Oklahoma City Thunder,128,135,2023,-7,263,2.0,False,False,4.0,False,False,same_region,0,0,0,-3.6,-2.0,-1.6,-0.8,0.1,-2.4,2.5,1.25,339,12,0
401468495,2022-12-03,Toronto Raptors,Orlando Magic,121,108,2023,13,229,4.0,False,False,0.0,True,False,same_region,0,0,0,-4.8,-14.6,9.8,4.9,-4.7,-11.9,7.2,3.6,340,12,0
401468494,2022-12-03,Charlotte Hornets,Milwaukee Bucks,96,105,2023,-9,201,0.0,True,False,2.0,False,False,same_region,0,0,0,-6.0,4.2,-10.2,-5.1,-6.7,0.3,-7.0,-3.5,341,12,0
401468493,2022-12-03,LA Clippers,Sacramento Kings,96,123,2023,-27,219,5.0,False,False,7.0,False,False,same_region,0,0,0,-4.0,-1.0,-3.0,-1.5,2.8,6.6,-3.8,-1.9,342,12,0
401468492,2022-12-03,New York Knicks,Dallas Mavericks,100,121,2023,-21,221,2.0,False,False,1.0,False,False,west_to_east,1,0,1,5.4,-6.0,11.4,5.7,-0.4,-0.5,0.09999999999999998,0.04999999999999999,343,12,0
401468505,2022-12-04,Sacramento Kings,Chicago Bulls,110,101,2023,9,211,3.0,False,False,1.0,False,False,east_to_west,1,1,0,3.6,-3.8,7.4,3.7,8.7,-4.7,13.399999999999999,6.699999999999999,344,12,0
401468499,2022-12-04,New Orleans Pelicans,Denver Nuggets,121,106,2023,15,227,3.0,False,False,1.0,False,False,same_region,0,0,0,7.6,8.6,-1.0,-0.5,11.3,3.4,7.9,3.95,345,12,0
401468501,2022-12-04,Brooklyn Nets,Boston Celtics,92,103,2023,-11,195,1.0,False,False,12.0,False,False,same_region,0,0,0,5.0,14.2,-9.2,-4.6,1.2,10.7,-9.5,-4.75,346,12,0
401468500,2022-12-04,San Antonio Spurs,Phoenix Suns,95,133,2023,-38,228,1.0,False,False,5.0,False,False,same_region,0,0,0,-12.2,6.0,-18.2,-9.1,-17.6,7.0,-24.6,-12.3,347,12,0
401468503,2022-12-04,New York Knicks,Cleveland Cavaliers,92,81,2023,11,173,0.0,True,False,5.0,False,False,same_region,0,0,0,-0.8,4.0,-4.8,-2.4,-1.5,7.1,-8.6,-4.3,348,12,0
401468506,2022-12-04,Portland Trail Blazers,Indiana Pacers,116,100,2023,16,216,4.0,False,False,1.0,False,False,east_to_west,1,1,0,-6.2,-9.0,2.8,1.4,-5.7,-1.7,-4.0,-2.0,349,12,0
401468502,2022-12-04,Detroit Pistons,Memphis Grizzlies,112,122,2023,-10,234,2.0,False,False,3.0,False,False,west_to_east,1,0,1,-5.8,4.2,-10.0,-5.0,-5.1,1.0,-6.1,-3.05,350,12,0
401468504,2022-12-04,Washington Wizards,Los Angeles Lakers,119,130,2023,-11,249,5.0,False,False,1.0,False,False,west_to_east,1,0,1,-0.8,7.6,-8.4,-4.2,0.2,7.3,-7.1,-3.55,351,12,0
401468508,2022-12-05,Orlando Magic,Milwaukee Bucks,102,109,2023,-7,211,4.0,False,False,1.0,False,False,same_region,0,0,0,-15.6,7.0,-22.6,-11.3,-12.5,3.0,-15.5,-7.75,352,12,0
401468509,2022-12-05,Atlanta Hawks,Oklahoma City Thunder,114,121,2023,-7,235,2.0,False,False,1.0,False,False,west_to_east,1,0,1,1.6,0.4,1.2000000000000002,0.6000000000000001,-0.3,-2.7,2.4000000000000004,1.2000000000000002,353,12,0
401468510,2022-12-05,Toronto Raptors,Boston Celtics,110,116,2023,-6,226,1.0,False,False,0.0,True,False,same_region,0,0,0,0.6,12.8,-12.200000000000001,-6.1000000000000005,-1.5,11.4,-12.9,-6.45,354,12,0
401468507,2022-12-05,Charlotte Hornets,LA Clippers,117,119,2023,-2,236,1.0,False,True,4.0,False,False,west_to_east,1,0,1,-7.0,-6.0,-1.0,-0.5,-7.1,-1.5,-5.6,-2.8,355,12,0
401468512,2022-12-05,Memphis Grizzlies,Miami Heat,101,93,2023,8,194,2.0,False,False,2.0,False,False,east_to_west,1,1,0,7.0,2.0,5.0,2.5,0.9,-2.8,3.6999999999999997,1.8499999999999999,356,12,0
401468513,2022-12-05,Dallas Mavericks,Phoenix Suns,130,111,2023,19,241,5.0,False,False,0.0,True,False,same_region,0,0,0,0.8,12.4,-11.6,-5.8,1.1,10.9,-9.8,-4.9,357,12,0
401468511,2022-12-05,Houston Rockets,Philadelphia 76ers,132,123,2023,9,255,8.0,False,False,2.0,False,False,east_to_west,1,1,0,-8.2,1.0,-9.2,-4.6,-5.7,2.0,-7.7,-3.85,358,12,0
401468514,2022-12-05,Golden State Warriors,Indiana Pacers,104,112,2023,-8,216,1.0,False,True,0.0,True,True,east_to_west,1,1,0,11.6,-14.4,26.0,13.0,3.6,-4.5,8.1,4.05,359,12,0
401468517,2022-12-06,Denver Nuggets,Dallas Mavericks,115,116,2023,-1,231,5.0,False,False,2.0,False,False,same_region,0,0,0,4.6,5.6,-1.0,-0.5,-0.4,2.8,-3.1999999999999997,-1.5999999999999999,360,12,0
401468516,2022-12-06,Miami Heat,Detroit Pistons,96,116,2023,-20,212,10.0,False,False,10.0,False,False,same_region,0,0,0,-1.2,-9.6,8.4,4.2,-3.7,-5.7,2.0,1.0,361,12,0
401468515,2022-12-06,Cleveland Cavaliers,Los Angeles Lakers,116,102,2023,14,218,3.0,False,False,1.0,False,False,west_to_east,1,0,1,4.8,7.6,-2.8,-1.4,7.5,9.0,-1.5,-0.75,362,12,0
401468521,2022-12-07,Toronto Raptors,Los Angeles Lakers,126,113,2023,13,239,1.0,False,False,0.0,True,True,west_to_east,1,0,1,-1.6,3.8,-5.4,-2.7,-0.7,6.3,-7.0,-3.5,363,12,0
401468522,2022-12-07,Chicago Bulls,Washington Wizards,115,111,2023,4,226,15.0,False,False,4.0,False,False,same_region,0,0,0,-6.6,-2.4,-4.199999999999999,-2.0999999999999996,-5.2,-1.9,-3.3000000000000003,-1.6500000000000001,364,12,0
401468518,2022-12-07,Orlando Magic,LA Clippers,116,111,2023,5,227,1.0,False,False,1.0,False,False,west_to_east,1,0,1,-11.0,-3.6,-7.4,-3.7,-11.4,-1.1,-10.3,-5.15,365,12,0
401468520,2022-12-07,New York Knicks,Atlanta Hawks,113,89,2023,24,202,2.0,False,False,6.0,False,False,same_region,0,0,0,2.0,1.4,0.6000000000000001,0.30000000000000004,-1.1,-2.5,1.4,0.7,366,12,0
401468527,2022-12-07,Utah Jazz,Golden State Warriors,124,123,2023,1,247,3.0,False,False,7.0,False,False,same_region,0,0,0,4.0,7.8,-3.8,-1.9,-0.1,3.9,-4.0,-2.0,367,12,0
401468519,2022-12-07,Brooklyn Nets,Charlotte Hornets,122,116,2023,6,238,2.0,False,False,8.0,False,False,same_region,0,0,0,5.0,-8.6,13.6,6.8,3.3,-5.6,8.899999999999999,4.449999999999999,368,12,0
401468526,2022-12-07,New Orleans Pelicans,Detroit Pistons,104,98,2023,6,202,2.0,False,False,0.0,True,False,east_to_west,1,1,0,6.8,-4.4,11.2,5.6,11.5,-3.2,14.7,7.35,369,12,0
401468528,2022-12-07,Phoenix Suns,Boston Celtics,98,125,2023,-27,223,4.0,False,False,1.0,False,True,east_to_west,1,1,0,8.4,12.2,-3.799999999999999,-1.8999999999999995,7.9,9.5,-1.5999999999999996,-0.7999999999999998,370,12,0
401468523,2022-12-07,Memphis Grizzlies,Oklahoma City Thunder,123,102,2023,21,225,1.0,False,False,1.0,False,False,same_region,0,0,0,4.4,1.0,3.4000000000000004,1.7000000000000002,2.7,-1.6,4.300000000000001,2.1500000000000004,371,12,0
401468525,2022-12-07,Minnesota Timberwolves,Indiana Pacers,121,115,2023,6,236,3.0,False,False,1.0,False,True,east_to_west,1,1,0,-7.8,-10.0,2.2,1.1,0.5,-4.5,5.0,2.5,372,12,0
401468524,2022-12-07,Milwaukee Bucks,Sacramento Kings,126,113,2023,13,239,4.0,False,False,3.0,False,False,west_to_east,1,0,1,5.4,7.2,-1.7999999999999998,-0.8999999999999999,5.2,8.9,-3.7,-1.85,373,12,0
401468531,2022-12-08,Portland Trail Blazers,Denver Nuggets,120,121,2023,-1,241,3.0,False,False,3.0,False,False,same_region,0,0,0,-3.6,2.4,-6.0,-3.0,-4.8,-0.2,-4.6,-2.3,374,12,0
401468530,2022-12-08,San Antonio Spurs,Houston Rockets,118,109,2023,9,227,3.0,False,False,4.0,False,False,same_region,0,0,0,-16.0,-9.0,-7.0,-3.5,-17.7,-3.2,-14.5,-7.25,375,12,0
401468529,2022-12-08,Miami Heat,LA Clippers,115,110,2023,5,225,1.0,False,False,0.0,True,True,west_to_east,1,0,1,-5.8,-7.4,1.6000000000000005,0.8000000000000003,-4.9,-2.1,-2.8000000000000003,-1.4000000000000001,376,12,0
401468541,2022-12-09,Dallas Mavericks,Milwaukee Bucks,105,106,2023,-1,211,3.0,False,False,3.0,False,False,east_to_west,1,1,0,7.6,6.2,1.3999999999999995,0.6999999999999997,3.8,5.0,-1.2000000000000002,-0.6000000000000001,377,12,0
401468534,2022-12-09,Orlando Magic,Toronto Raptors,113,109,2023,4,222,1.0,False,False,6.0,False,False,same_region,0,0,0,-8.6,-1.4,-7.199999999999999,-3.5999999999999996,-11.0,0.2,-11.2,-5.6,378,12,0
401468532,2022-12-09,Charlotte Hornets,New York Knicks,102,121,2023,-19,223,3.0,False,False,9.0,False,False,same_region,0,0,0,-10.2,7.6,-17.799999999999997,-8.899999999999999,-6.9,1.0,-7.9,-3.95,379,12,0
401468535,2022-12-09,Brooklyn Nets,Atlanta Hawks,120,116,2023,4,236,1.0,False,False,1.0,False,False,same_region,0,0,0,3.4,-1.8,5.2,2.6,3.7,-2.4,6.1,3.05,380,12,0
401468533,2022-12-09,Indiana Pacers,Washington Wizards,121,111,2023,10,232,13.0,False,False,1.0,False,False,same_region,0,0,0,-11.4,-1.4,-10.0,-5.0,-5.2,-2.2,-3.0,-1.5,381,12,0
401468539,2022-12-09,New Orleans Pelicans,Phoenix Suns,128,117,2023,11,245,1.0,False,False,3.0,False,False,same_region,0,0,0,12.2,2.0,10.2,5.1,11.0,5.3,5.7,2.85,382,12,0
401468538,2022-12-09,Memphis Grizzlies,Detroit Pistons,114,103,2023,11,217,1.0,False,False,1.0,False,True,east_to_west,1,1,0,7.8,-4.0,11.8,5.9,5.9,-3.1,9.0,4.5,383,12,0
401468540,2022-12-09,Utah Jazz,Minnesota Timberwolves,108,118,2023,-10,226,1.0,False,False,10.0,False,False,same_region,0,0,0,4.4,-6.2,10.600000000000001,5.300000000000001,-0.1,0.6,-0.7,-0.35,384,12,0
401468536,2022-12-09,Cleveland Cavaliers,Sacramento Kings,95,106,2023,-11,201,2.0,False,False,1.0,False,False,west_to_east,1,0,1,6.0,8.2,-2.1999999999999993,-1.0999999999999996,7.9,4.4,3.5,1.75,385,12,0
401468537,2022-12-09,Philadelphia 76ers,Los Angeles Lakers,133,122,2023,11,255,10.0,False,False,1.0,False,True,west_to_east,1,0,1,-2.4,1.4,-3.8,-1.9,0.4,4.3,-3.9,-1.95,386,12,0
401468546,2022-12-10,Chicago Bulls,Dallas Mavericks,144,115,2023,29,259,2.0,False,False,3.0,False,False,west_to_east,1,0,1,-5.0,6.8,-11.8,-5.9,-2.5,0.9,-3.4,-1.7,387,12,0
401468549,2022-12-10,Portland Trail Blazers,Minnesota Timberwolves,124,118,2023,6,242,1.0,False,False,0.0,True,False,same_region,0,0,0,-1.0,0.4,-1.4,-0.7,-4.7,-0.2,-4.5,-2.25,388,12,0
401468548,2022-12-10,Denver Nuggets,Utah Jazz,115,110,2023,5,225,3.0,False,False,13.0,False,False,same_region,0,0,0,-0.6,3.8,-4.3999999999999995,-2.1999999999999997,2.7,-1.6,4.300000000000001,2.1500000000000004,389,12,0
401468547,2022-12-10,Golden State Warriors,Boston Celtics,123,107,2023,16,230,4.0,False,False,2.0,False,False,east_to_west,1,1,0,3.0,10.6,-7.6,-3.8,2.8,11.4,-8.600000000000001,-4.300000000000001,390,12,0
401468544,2022-12-10,Washington Wizards,LA Clippers,107,114,2023,-7,221,5.0,False,False,1.0,False,True,west_to_east,1,0,1,-6.4,-9.6,3.1999999999999993,1.5999999999999996,-3.3,-4.8,1.5,0.75,391,12,0
401468543,2022-12-10,Indiana Pacers,Brooklyn Nets,133,136,2023,-3,269,0.0,True,False,14.0,False,False,same_region,0,0,0,-4.8,2.8,-7.6,-3.8,-6.3,2.9,-9.2,-4.6,392,12,0
401468542,2022-12-10,Miami Heat,San Antonio Spurs,111,115,2023,-4,226,1.0,False,False,9.0,False,False,west_to_east,1,0,1,-6.4,-12.0,5.6,2.8,-4.3,-16.1,11.8,5.9,393,12,0
401468545,2022-12-10,Cleveland Cavaliers,Oklahoma City Thunder,110,102,2023,8,212,0.0,True,False,2.0,False,False,west_to_east,1,0,1,6.2,-0.6,6.8,3.4,4.2,-3.8,8.0,4.0,394,12,0
401468550,2022-12-11,New Orleans Pelicans,Phoenix Suns,129,124,2023,5,253,1.0,False,False,1.0,False,False,same_region,0,0,0,13.6,-4.0,17.6,8.8,10.7,2.1,8.6,4.3,395,12,0
401468552,2022-12-11,New York Knicks,Sacramento Kings,112,99,2023,13,211,3.0,False,False,1.0,False,False,west_to_east,1,0,1,5.4,11.4,-6.0,-3.0,3.9,3.7,0.19999999999999973,0.09999999999999987,396,12,0
401468553,2022-12-11,Orlando Magic,Toronto Raptors,111,99,2023,12,210,1.0,False,False,1.0,False,False,same_region,0,0,0,-4.4,1.4,-5.800000000000001,-2.9000000000000004,-10.5,-1.0,-9.5,-4.75,397,12,0
401468551,2022-12-11,Detroit Pistons,Los Angeles Lakers,117,124,2023,-7,241,6.0,False,False,1.0,False,False,west_to_east,1,0,1,-0.2,-4.6,4.3999999999999995,2.1999999999999997,-3.4,0.1,-3.5,-1.75,398,12,0
401468555,2022-12-11,Atlanta Hawks,Chicago Bulls,123,122,2023,1,245,5.0,False,False,6.0,False,False,same_region,0,0,0,-2.0,-0.6,-1.4,-0.7,-3.0,1.8,-4.8,-2.4,399,12,0
401468556,2022-12-11,Houston Rockets,Milwaukee Bucks,97,92,2023,5,189,5.0,False,False,1.0,False,False,east_to_west,1,1,0,-7.6,5.2,-12.8,-6.4,-5.0,5.9,-10.9,-5.45,400,12,0
401468554,2022-12-11,Philadelphia 76ers,Charlotte Hornets,131,113,2023,18,244,1.0,False,False,3.0,False,False,same_region,0,0,0,-6.2,-7.0,0.7999999999999998,0.3999999999999999,0.7,-7.6,8.299999999999999,4.1499999999999995,401,12,0
401468558,2022-12-12,Washington Wizards,Brooklyn Nets,100,112,2023,-12,212,1.0,False,False,1.0,False,False,same_region,0,0,0,-6.6,2.2,-8.8,-4.4,-4.4,4.1,-8.5,-4.25,402,12,0
401468559,2022-12-12,Memphis Grizzlies,Atlanta Hawks,128,103,2023,25,231,2.0,False,False,2.0,False,False,east_to_west,1,1,0,11.6,-5.2,16.8,8.4,5.9,-1.7,7.6000000000000005,3.8000000000000003,403,12,0
401468557,2022-12-12,Indiana Pacers,Miami Heat,82,87,2023,-5,169,1.0,False,True,6.0,False,False,same_region,0,0,0,-1.4,-4.6,3.1999999999999997,1.5999999999999999,-5.2,-2.1,-3.1,-1.55,404,12,0
401468561,2022-12-12,San Antonio Spurs,Cleveland Cavaliers,112,111,2023,1,223,3.0,False,False,7.0,False,False,east_to_west,1,1,0,-10.2,2.2,-12.399999999999999,-6.199999999999999,-13.9,3.8,-17.7,-8.85,405,12,0
401468562,2022-12-12,Portland Trail Blazers,Minnesota Timberwolves,133,112,2023,21,245,1.0,False,False,1.0,False,True,same_region,0,0,0,1.4,2.2,-0.8000000000000003,-0.40000000000000013,-3.6,-1.1,-2.5,-1.25,406,12,0
401468563,2022-12-12,LA Clippers,Boston Celtics,113,93,2023,20,206,8.0,False,False,1.0,False,False,east_to_west,1,1,0,-5.6,4.8,-10.399999999999999,-5.199999999999999,-4.8,11.2,-16.0,-8.0,407,12,0
401468560,2022-12-12,Dallas Mavericks,Oklahoma City Thunder,121,114,2023,7,235,2.0,False,False,1.0,False,False,same_region,0,0,0,2.2,-1.4,3.6,1.8,-1.9,-3.5,1.6,0.8,408,12,0
401468568,2022-12-13,Los Angeles Lakers,Boston Celtics,118,122,2023,-4,240,12.0,False,False,0.0,True,True,east_to_west,1,1,0,-4.0,1.6,-5.6,-2.8,1.8,7.9,-6.1000000000000005,-3.0500000000000003,409,12,0
401468564,2022-12-13,Philadelphia 76ers,Sacramento Kings,123,103,2023,20,226,1.0,False,False,1.0,False,False,west_to_east,1,0,1,-3.2,4.2,-7.4,-3.7,2.8,1.6,1.1999999999999997,0.5999999999999999,410,12,0
401468567,2022-12-13,Utah Jazz,New Orleans Pelicans,121,100,2023,21,221,3.0,False,False,10.0,False,False,same_region,0,0,0,0.2,11.0,-10.8,-5.4,-1.4,12.0,-13.4,-6.7,411,12,0
401468565,2022-12-13,Milwaukee Bucks,Golden State Warriors,128,111,2023,17,239,5.0,False,False,5.0,False,False,west_to_east,1,0,1,5.0,6.8,-1.7999999999999998,-0.8999999999999999,4.6,3.7,0.8999999999999995,0.44999999999999973,412,12,0
401468566,2022-12-13,Houston Rockets,Phoenix Suns,111,97,2023,14,208,1.0,False,False,1.0,False,False,same_region,0,0,0,-2.6,-4.8,2.1999999999999997,1.0999999999999999,-3.7,0.6,-4.3,-2.15,413,12,0
401468577,2022-12-14,Denver Nuggets,Washington Wizards,141,128,2023,13,269,3.0,False,False,4.0,False,False,east_to_west,1,1,0,-3.6,-8.8,5.200000000000001,2.6000000000000005,3.1,-4.8,7.9,3.95,414,12,0
401468569,2022-12-14,Charlotte Hornets,Detroit Pistons,134,141,2023,-7,275,4.0,False,False,4.0,False,False,same_region,0,0,0,-10.8,-2.8,-8.0,-4.0,-8.4,-4.3,-4.1000000000000005,-2.0500000000000003,415,12,0
401468570,2022-12-14,Indiana Pacers,Golden State Warriors,125,119,2023,6,244,1.0,False,False,0.0,True,False,west_to_east,1,0,1,0.8,1.8,-1.0,-0.5,-6.8,6.5,-13.3,-6.65,416,12,0
401468572,2022-12-14,Toronto Raptors,Sacramento Kings,123,124,2023,-1,247,6.0,False,False,0.0,True,True,west_to_east,1,0,1,0.8,-5.2,6.0,3.0,-2.0,-0.8,-1.2,-0.6,417,12,0
401468571,2022-12-14,Orlando Magic,Atlanta Hawks,135,124,2023,11,259,2.0,False,False,1.0,False,False,same_region,0,0,0,0.2,-11.8,12.0,6.0,-7.2,-5.1,-2.1000000000000005,-1.0500000000000003,418,12,0
401468574,2022-12-14,Oklahoma City Thunder,Miami Heat,108,110,2023,-2,218,13.0,False,False,1.0,False,False,east_to_west,1,1,0,-4.4,-4.4,0.0,0.0,-3.2,-1.2,-2.0,-1.0,419,12,0
401468578,2022-12-14,LA Clippers,Minnesota Timberwolves,99,88,2023,11,187,1.0,False,False,1.0,False,False,same_region,0,0,0,3.8,-3.6,7.4,3.7,-1.1,-3.6,2.5,1.25,420,12,0
401468575,2022-12-14,San Antonio Spurs,Portland Trail Blazers,112,128,2023,-16,240,1.0,False,False,10.0,False,False,same_region,0,0,0,-8.4,9.4,-17.8,-8.9,-11.6,-0.7,-10.9,-5.45,421,12,0
401468576,2022-12-14,Dallas Mavericks,Cleveland Cavaliers,90,105,2023,-15,195,1.0,False,False,1.0,False,False,east_to_west,1,1,0,-0.6,-0.2,-0.39999999999999997,-0.19999999999999998,0.1,1.9,-1.7999999999999998,-0.8999999999999999,422,12,0
401468573,2022-12-14,Chicago Bulls,New York Knicks,120,128,2023,-8,248,3.0,False,False,4.0,False,False,same_region,0,0,0,3.0,9.2,-6.199999999999999,-3.0999999999999996,1.8,7.3,-5.5,-2.75,423,12,0
401468582,2022-12-15,LA Clippers,Phoenix Suns,95,111,2023,-16,206,0.0,True,True,1.0,False,False,same_region,0,0,0,5.6,-15.2,20.799999999999997,10.399999999999999,1.0,-1.4,2.4,1.2,424,12,0
401468581,2022-12-15,Utah Jazz,New Orleans Pelicans,132,129,2023,3,261,1.0,False,False,1.0,False,False,same_region,0,0,0,0.4,3.2,-2.8000000000000003,-1.4000000000000001,1.6,5.4,-3.8000000000000003,-1.9000000000000001,425,12,0
401468580,2022-12-15,Memphis Grizzlies,Milwaukee Bucks,142,101,2023,41,243,2.0,False,False,3.0,False,False,east_to_west,1,1,0,15.0,6.6,8.4,4.2,9.6,6.8,2.8,1.4,426,12,0
401468579,2022-12-15,Houston Rockets,Miami Heat,108,111,2023,-3,219,1.0,False,False,0.0,True,True,east_to_west,1,1,0,0.0,-2.4,2.4,1.2,-1.6,-1.8,0.19999999999999996,0.09999999999999998,427,12,0
401468585,2022-12-16,Boston Celtics,Orlando Magic,109,117,2023,-8,226,13.0,False,False,12.0,False,False,same_region,0,0,0,0.2,5.0,-4.8,-2.4,6.5,-5.3,11.8,5.9,428,12,0
401468583,2022-12-16,Charlotte Hornets,Atlanta Hawks,106,125,2023,-19,231,1.0,False,False,1.0,False,False,same_region,0,0,0,-10.4,-12.6,2.1999999999999993,1.0999999999999996,-8.7,-5.6,-3.0999999999999996,-1.5499999999999998,429,12,0
401468584,2022-12-16,Detroit Pistons,Sacramento Kings,113,122,2023,-9,235,4.0,False,False,1.0,False,True,west_to_east,1,0,1,0.6,-6.8,7.3999999999999995,3.6999999999999997,-4.5,0.2,-4.7,-2.35,430,12,0
401468586,2022-12-16,Cleveland Cavaliers,Indiana Pacers,118,112,2023,6,230,5.0,False,False,8.0,False,False,same_region,0,0,0,5.0,0.4,4.6,2.3,4.9,-4.8,9.7,4.85,431,12,0
401468587,2022-12-16,Philadelphia 76ers,Golden State Warriors,118,106,2023,12,224,2.0,False,False,1.0,False,True,west_to_east,1,0,1,6.4,-3.2,9.600000000000001,4.800000000000001,3.9,4.2,-0.30000000000000027,-0.15000000000000013,432,12,0
401468590,2022-12-16,Oklahoma City Thunder,Minnesota Timberwolves,110,112,2023,-2,222,1.0,False,False,1.0,False,False,same_region,0,0,0,-6.2,-4.4,-1.7999999999999998,-0.8999999999999999,-2.9,-6.1,3.1999999999999997,1.5999999999999999,433,12,0
401468588,2022-12-16,Toronto Raptors,Brooklyn Nets,116,119,2023,-3,235,1.0,False,False,3.0,False,False,same_region,0,0,0,-2.0,2.8,-4.8,-2.4,-0.7,3.9,-4.6,-2.3,434,12,0
401468592,2022-12-16,Los Angeles Lakers,Denver Nuggets,126,108,2023,18,234,2.0,False,False,7.0,False,False,same_region,0,0,0,-7.0,0.6,-7.6,-3.8,0.3,4.6,-4.3,-2.15,435,12,0
401468591,2022-12-16,Dallas Mavericks,Portland Trail Blazers,130,110,2023,20,240,1.0,False,False,1.0,False,False,same_region,0,0,0,-7.4,11.6,-19.0,-9.5,-0.9,2.7,-3.6,-1.8,436,12,0
401468589,2022-12-16,Chicago Bulls,New York Knicks,91,114,2023,-23,205,1.0,False,False,1.0,False,False,same_region,0,0,0,3.0,15.0,-12.0,-6.0,-0.4,7.1,-7.5,-3.75,437,12,0
401468593,2022-12-17,LA Clippers,Washington Wizards,102,93,2023,9,195,1.0,False,True,2.0,False,False,east_to_west,1,1,0,3.4,-9.2,12.6,6.3,-2.0,-5.8,3.8,1.9,438,12,0
401468594,2022-12-17,San Antonio Spurs,Miami Heat,101,111,2023,-10,212,2.0,False,False,1.0,False,True,east_to_west,1,1,0,-8.0,2.2,-10.2,-5.1,-10.1,-1.8,-8.299999999999999,-4.1499999999999995,439,12,0
401468599,2022-12-17,Phoenix Suns,New Orleans Pelicans,118,114,2023,4,232,9.0,False,False,1.0,False,False,same_region,0,0,0,-8.2,-0.4,-7.799999999999999,-3.8999999999999995,0.1,3.2,-3.1,-1.55,440,12,0
401468595,2022-12-17,Cleveland Cavaliers,Dallas Mavericks,100,99,2023,1,199,0.0,True,False,6.0,False,False,west_to_east,1,0,1,3.4,-3.6,7.0,3.5,4.7,2.0,2.7,1.35,441,12,0
401468596,2022-12-17,Houston Rockets,Portland Trail Blazers,95,107,2023,-12,202,1.0,False,False,0.0,True,True,same_region,0,0,0,3.2,4.4,-1.2000000000000002,-0.6000000000000001,-2.5,0.4,-2.9,-1.45,442,12,0
401468598,2022-12-17,Oklahoma City Thunder,Memphis Grizzlies,115,109,2023,6,224,0.0,True,True,12.0,False,False,same_region,0,0,0,-8.0,21.2,-29.2,-14.6,-3.5,14.1,-17.6,-8.8,443,12,0
401468597,2022-12-17,Milwaukee Bucks,Utah Jazz,123,97,2023,26,220,3.0,False,False,6.0,False,False,west_to_east,1,0,1,-3.0,2.0,-5.0,-2.5,1.2,3.0,-1.8,-0.9,444,12,0
401468601,2022-12-18,Indiana Pacers,New York Knicks,106,109,2023,-3,215,3.0,False,False,1.0,False,False,same_region,0,0,0,0.4,17.4,-17.0,-8.5,-5.5,9.7,-15.2,-7.6,445,12,0
401468600,2022-12-18,Boston Celtics,Orlando Magic,92,95,2023,-3,187,1.0,False,False,1.0,False,False,same_region,0,0,0,-2.6,8.0,-10.6,-5.3,4.8,-1.5,6.3,3.15,446,12,0
401468606,2022-12-18,Los Angeles Lakers,Washington Wizards,119,117,2023,2,236,1.0,False,False,0.0,True,False,east_to_west,1,1,0,-0.6,-10.2,9.6,4.8,1.6,-5.8,7.4,3.7,447,12,0
401468605,2022-12-18,Denver Nuggets,Charlotte Hornets,119,115,2023,4,234,3.0,False,False,6.0,False,False,east_to_west,1,1,0,0.0,-13.8,13.8,6.9,2.3,-11.2,13.5,6.75,448,12,0
401468604,2022-12-18,Minnesota Timberwolves,Chicago Bulls,150,126,2023,24,276,10.0,False,False,6.0,False,False,east_to_west,1,1,0,-5.2,0.2,-5.4,-2.7,-5.7,-3.2,-2.5,-1.25,449,12,0
401468603,2022-12-18,Toronto Raptors,Golden State Warriors,110,126,2023,-16,236,1.0,False,False,1.0,False,False,west_to_east,1,0,1,-1.4,-4.0,2.6,1.3,-1.5,1.9,-3.4,-1.7,450,12,0
401468602,2022-12-18,Detroit Pistons,Brooklyn Nets,121,124,2023,-3,245,1.0,False,False,1.0,False,False,same_region,0,0,0,-5.2,5.6,-10.8,-5.4,-4.8,5.3,-10.1,-5.05,451,12,0
401468612,2022-12-19,New Orleans Pelicans,Milwaukee Bucks,119,128,2023,-9,247,7.0,False,False,3.0,False,False,east_to_west,1,1,0,-2.4,-0.4,-2.0,-1.0,4.9,2.9,2.0000000000000004,1.0000000000000002,452,12,0
401468608,2022-12-19,Philadelphia 76ers,Toronto Raptors,104,101,2023,3,205,2.0,False,False,7.0,False,False,same_region,0,0,0,10.4,-7.2,17.6,8.8,5.7,-4.3,10.0,5.0,453,12,0
401468609,2022-12-19,Atlanta Hawks,Orlando Magic,126,125,2023,1,251,7.0,False,False,0.0,True,True,same_region,0,0,0,-4.0,7.6,-11.6,-5.8,-2.9,-0.5,-2.4,-1.2,454,12,0
401468610,2022-12-19,Houston Rockets,San Antonio Spurs,105,124,2023,-19,229,1.0,False,False,8.0,False,False,same_region,0,0,0,-1.0,-2.4,1.4,0.7,-5.0,-9.2,4.199999999999999,2.0999999999999996,455,12,0
401468614,2022-12-19,Phoenix Suns,Los Angeles Lakers,130,104,2023,26,234,1.0,False,False,7.0,False,False,same_region,0,0,0,-2.0,2.4,-4.4,-2.2,0.0,1.9,-1.9,-0.95,456,12,0
401468613,2022-12-19,Oklahoma City Thunder,Portland Trail Blazers,123,121,2023,2,244,1.0,False,True,1.0,False,True,same_region,0,0,0,-2.6,7.0,-9.6,-4.8,-1.6,3.0,-4.6,-2.3,457,12,0
401468615,2022-12-19,Sacramento Kings,Charlotte Hornets,119,125,2023,-6,244,14.0,False,False,0.0,True,False,east_to_west,1,1,0,-2.4,-13.4,11.0,5.5,2.9,-11.8,14.700000000000001,7.3500000000000005,458,12,0
401468611,2022-12-19,Minnesota Timberwolves,Dallas Mavericks,116,106,2023,10,222,0.0,True,False,1.0,False,False,same_region,0,0,0,-2.4,-3.6,1.2000000000000002,0.6000000000000001,-1.0,1.6,-2.6,-1.3,459,12,0
401468607,2022-12-19,Cleveland Cavaliers,Utah Jazz,122,99,2023,23,221,1.0,False,True,1.0,False,False,west_to_east,1,0,1,5.8,-3.4,9.2,4.6,6.0,0.5,5.5,2.75,460,12,0
401468620,2022-12-20,Denver Nuggets,Memphis Grizzlies,105,91,2023,14,196,1.0,False,False,2.0,False,False,same_region,0,0,0,1.0,18.4,-17.4,-8.7,1.7,11.4,-9.700000000000001,-4.8500000000000005,461,12,0
401468619,2022-12-20,Phoenix Suns,Washington Wizards,110,113,2023,-3,223,0.0,True,True,1.0,False,True,east_to_west,1,1,0,5.4,-8.6,14.0,7.0,0.7,-7.5,8.2,4.1,462,12,0
401468618,2022-12-20,New York Knicks,Golden State Warriors,132,94,2023,38,226,8.0,False,False,1.0,False,False,west_to_east,1,0,1,13.2,-0.6,13.799999999999999,6.8999999999999995,10.4,1.2,9.200000000000001,4.6000000000000005,463,12,0
401468617,2022-12-20,Miami Heat,Chicago Bulls,103,113,2023,-10,216,9.0,False,False,1.0,False,False,same_region,0,0,0,3.2,-5.4,8.600000000000001,4.300000000000001,-1.6,-5.2,3.6,1.8,464,12,0
401468616,2022-12-20,Detroit Pistons,Utah Jazz,111,126,2023,-15,237,1.0,False,False,0.0,True,True,west_to_east,1,0,1,-4.6,-6.0,1.4000000000000004,0.7000000000000002,-4.3,-1.1,-3.1999999999999997,-1.5999999999999999,465,12,0
401468621,2022-12-21,Cleveland Cavaliers,Milwaukee Bucks,114,106,2023,8,220,1.0,False,False,1.0,False,False,same_region,0,0,0,8.8,1.2,7.6000000000000005,3.8000000000000003,5.5,3.2,2.3,1.15,466,12,0
401468623,2022-12-21,Atlanta Hawks,Chicago Bulls,108,110,2023,-2,218,1.0,False,False,0.0,True,True,same_region,0,0,0,-3.0,-9.2,6.199999999999999,3.0999999999999996,-2.5,-4.9,2.4000000000000004,1.2000000000000002,467,12,0
401468624,2022-12-21,Boston Celtics,Indiana Pacers,112,117,2023,-5,229,2.0,False,False,4.0,False,False,same_region,0,0,0,-8.6,-2.2,-6.3999999999999995,-3.1999999999999997,1.0,-3.5,4.5,2.25,468,12,0
401468625,2022-12-21,Brooklyn Nets,Golden State Warriors,143,113,2023,30,256,11.0,False,False,0.0,True,True,west_to_east,1,0,1,5.0,-11.4,16.4,8.2,4.2,-2.3,6.5,3.25,469,12,0
401468626,2022-12-21,New York Knicks,Toronto Raptors,106,113,2023,-7,219,0.0,True,False,1.0,False,False,same_region,0,0,0,17.0,-7.0,24.0,12.0,11.2,-2.8,14.0,7.0,470,12,0
401468622,2022-12-21,Philadelphia 76ers,Detroit Pistons,113,93,2023,20,206,1.0,False,False,6.0,False,False,same_region,0,0,0,12.8,-5.4,18.200000000000003,9.100000000000001,5.2,-2.8,8.0,4.0,471,12,0
401468628,2022-12-21,Minnesota Timberwolves,Dallas Mavericks,99,104,2023,-5,203,1.0,False,True,1.0,False,False,same_region,0,0,0,0.8,0.2,0.6000000000000001,0.30000000000000004,1.5,1.2,0.30000000000000004,0.15000000000000002,472,12,0
401468629,2022-12-21,Oklahoma City Thunder,Portland Trail Blazers,101,98,2023,3,199,1.0,False,False,1.0,False,False,same_region,0,0,0,-0.6,5.4,-6.0,-3.0,-1.0,3.4,-4.4,-2.2,473,12,0
401468630,2022-12-21,Sacramento Kings,Los Angeles Lakers,134,120,2023,14,254,1.0,False,False,1.0,False,False,same_region,0,0,0,-5.8,-0.6,-5.2,-2.6,2.8,-2.6,5.4,2.7,474,12,0
401468631,2022-12-21,LA Clippers,Charlotte Hornets,126,105,2023,21,231,3.0,False,False,1.0,False,True,east_to_west,1,1,0,6.2,-8.4,14.600000000000001,7.300000000000001,-1.7,-7.7,6.0,3.0,475,12,0
401468627,2022-12-21,Houston Rockets,Orlando Magic,110,116,2023,-6,226,1.0,False,False,1.0,False,True,east_to_west,1,1,0,-3.0,6.6,-9.6,-4.8,-5.3,1.1,-6.4,-3.2,476,12,0
401468633,2022-12-22,Utah Jazz,Washington Wizards,120,112,2023,8,232,6.0,False,False,1.0,False,False,east_to_west,1,1,0,-2.0,-6.6,4.6,2.3,-0.9,-6.6,5.699999999999999,2.8499999999999996,477,12,0
401468632,2022-12-22,New Orleans Pelicans,San Antonio Spurs,126,117,2023,9,243,2.0,False,False,2.0,False,False,same_region,0,0,0,-6.4,-0.4,-6.0,-3.0,3.6,-6.2,9.8,4.9,478,12,0
401468643,2022-12-23,Oklahoma City Thunder,New Orleans Pelicans,125,128,2023,-3,253,1.0,False,False,5.0,False,False,same_region,0,0,0,1.4,-5.6,7.0,3.5,-1.5,2.7,-4.2,-2.1,479,12,0
401468634,2022-12-23,Orlando Magic,San Antonio Spurs,133,113,2023,20,246,8.0,False,False,0.0,True,False,west_to_east,1,0,1,5.4,-3.0,8.4,4.2,2.8,-6.6,9.399999999999999,4.699999999999999,480,12,0
401468635,2022-12-23,Philadelphia 76ers,LA Clippers,119,114,2023,5,233,1.0,False,False,12.0,False,False,west_to_east,1,0,1,14.6,9.0,5.6,2.8,4.2,1.7,2.5,1.25,481,12,0
401468636,2022-12-23,Atlanta Hawks,Detroit Pistons,130,105,2023,25,235,1.0,False,False,1.0,False,False,same_region,0,0,0,-3.6,-8.0,4.4,2.2,-4.4,-5.4,1.0,0.5,482,12,0
401468637,2022-12-23,Boston Celtics,Minnesota Timberwolves,121,109,2023,12,230,1.0,False,False,6.0,False,False,west_to_east,1,0,1,-6.4,4.0,-10.4,-5.2,-0.8,0.2,-1.0,-0.5,483,12,0
401468639,2022-12-23,Cleveland Cavaliers,Toronto Raptors,107,118,2023,-11,225,1.0,False,False,1.0,False,False,same_region,0,0,0,10.6,-3.2,13.8,6.9,5.2,-1.2,6.4,3.2,484,12,0
401468638,2022-12-23,Brooklyn Nets,Milwaukee Bucks,118,100,2023,18,218,1.0,False,False,1.0,False,False,same_region,0,0,0,10.2,0.6,9.6,4.8,6.5,2.8,3.7,1.85,485,12,0
401468644,2022-12-23,Denver Nuggets,Portland Trail Blazers,120,107,2023,13,227,2.0,False,False,1.0,False,False,same_region,0,0,0,3.6,0.6,3.0,1.5,1.5,5.0,-3.5,-1.75,486,12,0
401468642,2022-12-23,Houston Rockets,Dallas Mavericks,106,112,2023,-6,218,1.0,False,False,1.0,False,False,same_region,0,0,0,-5.2,-0.2,-5.0,-2.5,-3.9,-0.4,-3.5,-1.75,487,12,0
401468645,2022-12-23,Phoenix Suns,Memphis Grizzlies,100,125,2023,-25,225,2.0,False,False,2.0,False,False,same_region,0,0,0,5.8,11.4,-5.6000000000000005,-2.8000000000000003,0.5,9.6,-9.1,-4.55,488,12,0
401468646,2022-12-23,Sacramento Kings,Washington Wizards,111,125,2023,-14,236,1.0,False,False,0.0,True,True,east_to_west,1,1,0,-0.4,-5.8,5.3999999999999995,2.6999999999999997,1.9,-7.3,9.2,4.6,489,12,0
401468647,2022-12-23,Los Angeles Lakers,Charlotte Hornets,130,134,2023,-4,264,4.0,False,False,1.0,False,False,east_to_west,1,1,0,-4.8,-9.0,4.2,2.1,-4.4,-9.9,5.5,2.75,490,12,0
401468640,2022-12-23,New York Knicks,Chicago Bulls,117,118,2023,-1,235,1.0,False,True,1.0,False,True,same_region,0,0,0,13.0,-8.6,21.6,10.8,11.1,-2.8,13.899999999999999,6.949999999999999,491,12,0
401468641,2022-12-23,Miami Heat,Indiana Pacers,108,111,2023,-3,219,2.0,False,False,1.0,False,False,same_region,0,0,0,2.0,-0.6,2.6,1.3,-1.3,-1.0,-0.30000000000000004,-0.15000000000000002,492,12,0
401468649,2022-12-25,Dallas Mavericks,Los Angeles Lakers,124,115,2023,9,239,8.0,False,False,3.0,False,False,same_region,0,0,0,4.0,-4.8,8.8,4.4,-1.7,-5.9,4.2,2.1,493,12,0
401468648,2022-12-25,New York Knicks,Philadelphia 76ers,112,119,2023,-7,231,1.0,False,False,19.0,False,False,same_region,0,0,0,11.2,12.0,-0.8000000000000007,-0.40000000000000036,13.1,4.4,8.7,4.35,494,12,0
401468650,2022-12-25,Boston Celtics,Milwaukee Bucks,139,118,2023,21,257,1.0,False,False,1.0,False,False,same_region,0,0,0,0.0,-6.4,6.4,3.2,0.8,0.1,0.7000000000000001,0.35000000000000003,495,12,0
401468652,2022-12-25,Denver Nuggets,Phoenix Suns,128,125,2023,3,253,1.0,False,False,9.0,False,False,same_region,0,0,0,5.2,3.6,1.6,0.8,0.8,-5.8,6.6,3.3,496,12,0
401468651,2022-12-25,Golden State Warriors,Memphis Grizzlies,123,109,2023,14,232,14.0,False,False,1.0,False,False,same_region,0,0,0,-14.0,14.2,-28.2,-14.1,-6.1,12.9,-19.0,-9.5,497,12,0
401468653,2022-12-26,Cleveland Cavaliers,Brooklyn Nets,117,125,2023,-8,242,2.0,False,False,7.0,False,False,same_region,0,0,0,5.4,13.2,-7.799999999999999,-3.8999999999999995,5.2,7.7,-2.5,-1.25,498,12,0
401468654,2022-12-26,Detroit Pistons,LA Clippers,131,142,2023,-11,273,5.0,False,False,2.0,False,False,west_to_east,1,0,1,-14.4,4.0,-18.4,-9.2,-6.9,3.9,-10.8,-5.4,499,12,0
401468655,2022-12-26,Miami Heat,Minnesota Timberwolves,113,110,2023,3,223,2.0,False,False,2.0,False,False,west_to_east,1,0,1,0.4,3.8,-3.4,-1.7,-2.0,-0.3,-1.7,-0.85,500,12,0
401468659,2022-12-26,Portland Trail Blazers,Charlotte Hornets,124,113,2023,11,237,13.0,False,False,2.0,False,False,east_to_west,1,1,0,-5.2,-6.8,1.5999999999999996,0.7999999999999998,3.2,-8.6,11.8,5.9,501,12,0
401468657,2022-12-26,New Orleans Pelicans,Indiana Pacers,113,93,2023,20,206,3.0,False,False,2.0,False,False,east_to_west,1,1,0,-0.8,1.0,-1.8,-0.9,1.2,0.9,0.29999999999999993,0.14999999999999997,502,12,0
401468658,2022-12-26,San Antonio Spurs,Utah Jazz,126,122,2023,4,248,8.0,False,False,5.0,False,False,same_region,0,0,0,-7.2,-4.6,-2.6000000000000005,-1.3000000000000003,-7.8,-2.1,-5.699999999999999,-2.8499999999999996,503,12,0
401468656,2022-12-26,Chicago Bulls,Houston Rockets,118,133,2023,-15,251,9.0,False,False,17.0,False,False,west_to_east,1,0,1,-6.8,-9.2,2.3999999999999995,1.1999999999999997,-1.9,-4.6,2.6999999999999997,1.3499999999999999,504,12,0
401468669,2022-12-27,Sacramento Kings,Denver Nuggets,106,113,2023,-7,219,3.0,False,False,10.0,False,False,same_region,0,0,0,0.8,3.2,-2.4000000000000004,-1.2000000000000002,-2.2,1.9,-4.1,-2.05,505,12,0
401468668,2022-12-27,Golden State Warriors,Charlotte Hornets,110,105,2023,5,215,1.0,False,False,0.0,True,False,east_to_west,1,1,0,-10.0,-5.2,-4.8,-2.4,-6.6,-9.5,2.9000000000000004,1.4500000000000002,506,12,0
401468667,2022-12-27,Dallas Mavericks,New York Knicks,126,121,2023,5,247,1.0,False,False,8.0,False,False,east_to_west,1,1,0,1.8,5.2,-3.4000000000000004,-1.7000000000000002,-0.9,11.3,-12.200000000000001,-6.1000000000000005,507,12,0
401468666,2022-12-27,Oklahoma City Thunder,San Antonio Spurs,130,114,2023,16,244,3.0,False,False,3.0,False,False,same_region,0,0,0,1.2,-3.2,4.4,2.2,-2.5,-5.6,3.0999999999999996,1.5499999999999998,508,12,0
401468665,2022-12-27,Memphis Grizzlies,Phoenix Suns,108,125,2023,-17,233,11.0,False,False,1.0,False,False,same_region,0,0,0,6.4,-0.2,6.6000000000000005,3.3000000000000003,10.7,-4.2,14.899999999999999,7.449999999999999,509,12,0
401468664,2022-12-27,Toronto Raptors,LA Clippers,113,124,2023,-11,237,8.0,False,False,0.0,True,False,west_to_east,1,0,1,-0.8,4.0,-4.8,-2.4,-1.4,4.8,-6.199999999999999,-3.0999999999999996,510,12,0
401468663,2022-12-27,Indiana Pacers,Atlanta Hawks,129,114,2023,15,243,8.0,False,False,10.0,False,False,same_region,0,0,0,-4.2,6.4,-10.600000000000001,-5.300000000000001,-1.9,-2.7,0.8000000000000003,0.40000000000000013,511,12,0
401468662,2022-12-27,Boston Celtics,Houston Rockets,126,102,2023,24,228,1.0,False,False,0.0,True,False,west_to_east,1,0,1,3.4,-5.6,9.0,4.5,1.8,-1.2,3.0,1.5,512,12,0
401468661,2022-12-27,Washington Wizards,Philadelphia 76ers,116,111,2023,5,227,14.0,False,False,1.0,False,False,same_region,0,0,0,-0.4,9.4,-9.8,-4.9,-4.8,7.9,-12.7,-6.35,513,12,0
401468660,2022-12-27,Orlando Magic,Los Angeles Lakers,110,129,2023,-19,239,3.0,False,False,1.0,False,False,west_to_east,1,0,1,7.2,-10.2,17.4,8.7,6.1,-5.4,11.5,5.75,514,12,0
401468675,2022-12-28,New Orleans Pelicans,Minnesota Timberwolves,119,118,2023,1,237,1.0,False,False,1.0,False,False,same_region,0,0,0,3.8,2.8,1.0,0.5,1.7,-1.2,2.9,1.45,515,12,0
401468671,2022-12-28,Washington Wizards,Phoenix Suns,127,102,2023,25,229,0.0,True,False,0.0,True,True,west_to_east,1,0,1,2.4,2.4,0.0,0.0,-3.9,0.2,-4.1,-2.05,516,12,0
401468672,2022-12-28,Atlanta Hawks,Brooklyn Nets,107,108,2023,-1,215,4.0,False,False,1.0,False,False,same_region,0,0,0,5.6,12.4,-6.800000000000001,-3.4000000000000004,-3.5,7.6,-11.1,-5.55,517,12,0
401468670,2022-12-28,Detroit Pistons,Orlando Magic,121,101,2023,20,222,1.0,False,False,6.0,False,False,same_region,0,0,0,-14.8,1.8,-16.6,-8.3,-10.0,4.9,-14.9,-7.45,518,12,0
401468674,2022-12-28,Chicago Bulls,Milwaukee Bucks,119,113,2023,6,232,1.0,False,False,2.0,False,False,same_region,0,0,0,-5.2,-2.4,-2.8000000000000003,-1.4000000000000001,-2.5,-2.7,0.20000000000000018,0.10000000000000009,519,12,0
401468676,2022-12-28,Golden State Warriors,Utah Jazz,112,107,2023,5,219,0.0,True,True,1.0,False,False,same_region,0,0,0,-6.6,-6.0,-0.5999999999999996,-0.2999999999999998,-5.3,-2.0,-3.3,-1.65,520,12,0
401468673,2022-12-28,Miami Heat,Los Angeles Lakers,112,98,2023,14,210,1.0,False,False,0.0,True,True,west_to_east,1,0,1,0.6,-6.8,7.3999999999999995,3.6999999999999997,-0.9,-2.2,1.3000000000000003,0.6500000000000001,521,12,0
401468677,2022-12-28,Sacramento Kings,Denver Nuggets,127,126,2023,1,253,0.0,True,False,0.0,True,False,same_region,0,0,0,-0.8,8.2,-9.0,-4.5,-3.8,4.1,-7.8999999999999995,-3.9499999999999997,522,12,0
401468683,2022-12-29,Dallas Mavericks,Houston Rockets,129,114,2023,15,243,1.0,False,False,1.0,False,True,same_region,0,0,0,3.0,-8.0,11.0,5.5,-0.3,-4.5,4.2,2.1,523,12,0
401468682,2022-12-29,San Antonio Spurs,New York Knicks,122,115,2023,7,237,2.0,False,False,1.0,False,False,east_to_west,1,1,0,-4.4,3.6,-8.0,-4.0,-3.4,8.4,-11.8,-5.9,524,12,0
401468681,2022-12-29,Toronto Raptors,Memphis Grizzlies,106,119,2023,-13,225,1.0,False,False,3.0,False,False,west_to_east,1,0,1,-2.4,-5.2,2.8000000000000003,1.4000000000000001,-1.9,8.0,-9.9,-4.95,525,12,0
401468680,2022-12-29,Boston Celtics,LA Clippers,116,110,2023,6,226,1.0,False,False,1.0,False,True,west_to_east,1,0,1,9.8,9.4,0.40000000000000036,0.20000000000000018,3.6,6.4,-2.8000000000000003,-1.4000000000000001,526,12,0
401468679,2022-12-29,Indiana Pacers,Cleveland Cavaliers,135,126,2023,9,261,1.0,False,False,14.0,False,False,same_region,0,0,0,0.0,2.6,-2.6,-1.3,0.2,3.0,-2.8,-1.4,527,12,0
401468678,2022-12-29,Charlotte Hornets,Oklahoma City Thunder,121,113,2023,8,234,12.0,False,False,16.0,False,False,west_to_east,1,0,1,-5.4,4.8,-10.2,-5.1,-9.4,-1.6,-7.800000000000001,-3.9000000000000004,528,12,0
401468687,2022-12-30,Chicago Bulls,Detroit Pistons,132,118,2023,14,250,1.0,False,False,6.0,False,False,same_region,0,0,0,0.8,-10.2,11.0,5.5,-2.3,-7.4,5.1000000000000005,2.5500000000000003,529,12,0
401468685,2022-12-30,Atlanta Hawks,Los Angeles Lakers,121,130,2023,-9,251,1.0,False,False,1.0,False,True,west_to_east,1,0,1,1.6,-4.4,6.0,3.0,-1.2,-2.5,1.3,0.65,530,12,0
401468686,2022-12-30,Toronto Raptors,Phoenix Suns,113,104,2023,9,217,0.0,True,True,1.0,False,True,west_to_east,1,0,1,-1.8,-7.8,6.0,3.0,-4.5,-1.2,-3.3,-1.65,531,12,0
401468692,2022-12-30,Sacramento Kings,Utah Jazz,126,125,2023,1,251,1.0,False,True,1.0,False,False,same_region,0,0,0,-2.4,-1.8,-0.5999999999999999,-0.29999999999999993,-2.4,-2.6,0.20000000000000018,0.10000000000000009,532,12,0
401468684,2022-12-30,Orlando Magic,Washington Wizards,100,119,2023,-19,219,2.0,False,False,6.0,False,False,same_region,0,0,0,-2.8,7.8,-10.6,-5.3,2.4,-0.4,2.8,1.4,533,12,0
401468688,2022-12-30,Milwaukee Bucks,Minnesota Timberwolves,123,114,2023,9,237,12.0,False,False,1.0,False,False,west_to_east,1,0,1,-8.8,-2.2,-6.6000000000000005,-3.3000000000000003,-4.6,-2.3,-2.3,-1.15,534,12,0
401468690,2022-12-30,Denver Nuggets,Miami Heat,124,119,2023,5,243,4.0,False,False,12.0,False,False,east_to_west,1,1,0,7.2,2.8,4.4,2.2,4.1,2.5,1.5999999999999996,0.7999999999999998,535,12,0
401468689,2022-12-30,New Orleans Pelicans,Philadelphia 76ers,127,116,2023,11,243,1.0,False,False,2.0,False,False,east_to_west,1,1,0,4.8,6.0,-1.2000000000000002,-0.6000000000000001,1.2,8.2,-6.999999999999999,-3.4999999999999996,536,12,0
401468691,2022-12-30,Golden State Warriors,Portland Trail Blazers,118,112,2023,6,230,1.0,False,True,6.0,False,False,same_region,0,0,0,-8.8,1.0,-9.8,-4.9,-4.7,2.7,-7.4,-3.7,537,12,0
401468693,2022-12-31,Indiana Pacers,LA Clippers,131,130,2023,1,261,1.0,False,False,1.0,False,False,west_to_east,1,0,1,2.4,6.4,-4.0,-2.0,0.1,6.3,-6.2,-3.1,538,12,0
401468696,2022-12-31,Houston Rockets,New York Knicks,88,108,2023,-20,196,7.0,False,False,1.0,False,False,east_to_west,1,1,0,-7.2,-5.4,-1.7999999999999998,-0.8999999999999999,-5.1,5.8,-10.899999999999999,-5.449999999999999,539,12,0
401468695,2022-12-31,Chicago Bulls,Cleveland Cavaliers,102,103,2023,-1,205,0.0,True,True,1.0,False,False,same_region,0,0,0,1.6,0.6,1.0,0.5,-3.8,3.2,-7.0,-3.5,540,12,0
401468700,2022-12-31,Oklahoma City Thunder,Philadelphia 76ers,96,115,2023,-19,211,3.0,False,False,0.0,True,False,east_to_west,1,1,0,2.0,3.2,-1.2000000000000002,-0.6000000000000001,-0.3,8.0,-8.3,-4.15,541,12,0
401468694,2022-12-31,Charlotte Hornets,Brooklyn Nets,106,123,2023,-17,229,1.0,False,False,2.0,False,False,same_region,0,0,0,-5.0,12.0,-17.0,-8.5,-6.7,8.8,-15.5,-7.75,542,12,0
401468698,2022-12-31,Memphis Grizzlies,New Orleans Pelicans,116,101,2023,15,217,3.0,False,False,7.0,False,False,same_region,0,0,0,-1.4,8.8,-10.200000000000001,-5.1000000000000005,8.5,1.2,7.3,3.65,543,12,0
401468697,2022-12-31,San Antonio Spurs,Dallas Mavericks,125,126,2023,-1,251,1.0,False,False,7.0,False,False,same_region,0,0,0,-6.8,8.0,-14.8,-7.4,-3.6,4.1,-7.699999999999999,-3.8499999999999996,544,12,0
401468701,2022-12-31,Utah Jazz,Miami Heat,123,126,2023,-3,249,8.0,False,False,0.0,True,False,east_to_west,1,1,0,2.6,-0.2,2.8000000000000003,1.4000000000000001,-1.7,1.5,-3.2,-1.6,545,12,0
401468699,2022-12-31,Minnesota Timberwolves,Detroit Pistons,104,116,2023,-12,220,9.0,False,False,0.0,True,False,east_to_west,1,1,0,-6.0,-10.0,4.0,2.0,-2.6,-7.7,5.1,2.55,546,12,0
401468704,2023-01-01,Denver Nuggets,Boston Celtics,123,111,2023,12,234,1.0,False,False,18.0,False,False,east_to_west,1,1,0,5.4,11.6,-6.199999999999999,-3.0999999999999996,4.5,1.5,3.0,1.5,547,1,0
401468703,2023-01-01,Milwaukee Bucks,Washington Wizards,95,118,2023,-23,213,1.0,False,False,1.0,False,False,same_region,0,0,0,-8.8,11.0,-19.8,-9.9,-3.8,2.2,-6.0,-3.0,548,1,0
401468702,2023-01-01,Memphis Grizzlies,Sacramento Kings,118,108,2023,10,226,0.0,True,False,15.0,False,False,same_region,0,0,0,4.4,-1.0,5.4,2.7,7.9,-3.4,11.3,5.65,549,1,0
401468709,2023-01-02,Philadelphia 76ers,New Orleans Pelicans,120,111,2023,9,231,9.0,False,False,1.0,False,False,west_to_east,1,0,1,3.0,4.0,-1.0,-0.5,8.8,-0.8,9.600000000000001,4.800000000000001,550,1,0
401468706,2023-01-02,Charlotte Hornets,Los Angeles Lakers,115,121,2023,-6,236,1.0,False,False,2.0,False,False,west_to_east,1,0,1,-4.2,0.2,-4.4,-2.2,-6.6,-2.3,-4.3,-2.15,551,1,0
401468707,2023-01-02,Cleveland Cavaliers,Chicago Bulls,145,134,2023,11,279,6.0,False,False,9.0,False,False,same_region,0,0,0,-3.8,1.0,-4.8,-2.4,2.5,-3.8,6.3,3.15,552,1,0
401468708,2023-01-02,Indiana Pacers,Toronto Raptors,122,114,2023,8,236,1.0,False,False,9.0,False,False,same_region,0,0,0,1.6,0.6,1.0,0.5,0.5,-3.2,3.7,1.85,553,1,0
401468705,2023-01-02,New York Knicks,Phoenix Suns,102,83,2023,19,185,7.0,False,False,2.0,False,False,west_to_east,1,0,1,0.0,-9.0,9.0,4.5,6.5,-1.6,8.1,4.05,554,1,0
401468711,2023-01-02,Houston Rockets,Dallas Mavericks,106,111,2023,-5,217,1.0,False,False,1.0,False,False,same_region,0,0,0,-10.0,7.2,-17.2,-8.6,-7.6,3.5,-11.1,-5.55,555,1,0
401468714,2023-01-02,Portland Trail Blazers,Detroit Pistons,135,106,2023,29,241,6.0,False,False,1.0,False,True,east_to_west,1,1,0,-2.6,-3.6,1.0,0.5,2.2,-5.8,8.0,4.0,556,1,0
401468710,2023-01-02,Brooklyn Nets,San Antonio Spurs,139,103,2023,36,242,9.0,False,False,5.0,False,False,west_to_east,1,0,1,14.8,-5.2,20.0,10.0,9.9,-4.1,14.0,7.0,557,1,0
401468712,2023-01-02,Minnesota Timberwolves,Denver Nuggets,124,111,2023,13,235,1.0,False,False,4.0,False,False,same_region,0,0,0,-7.4,5.2,-12.600000000000001,-6.300000000000001,-1.7,5.2,-6.9,-3.45,558,1,0
401468715,2023-01-02,LA Clippers,Miami Heat,100,110,2023,-10,210,11.0,False,False,1.0,False,True,east_to_west,1,1,0,2.0,2.4,-0.3999999999999999,-0.19999999999999996,5.5,2.2,3.3,1.65,559,1,0
401468713,2023-01-02,Golden State Warriors,Atlanta Hawks,143,141,2023,2,284,2.0,False,False,5.0,False,False,east_to_west,1,1,0,0.0,-0.4,0.4,0.2,-5.7,-1.7,-4.0,-2.0,560,1,0
401468718,2023-01-03,Utah Jazz,Sacramento Kings,115,117,2023,-2,232,2.0,False,False,1.0,False,False,same_region,0,0,0,-1.0,-5.8,4.8,2.4,-1.5,-3.1,1.6,0.8,561,1,0
401468717,2023-01-03,Oklahoma City Thunder,Boston Celtics,150,117,2023,33,267,2.0,False,False,1.0,False,False,east_to_west,1,1,0,-2.2,10.2,-12.399999999999999,-6.199999999999999,-1.4,1.9,-3.3,-1.65,562,1,0
401468716,2023-01-03,Milwaukee Bucks,Washington Wizards,123,113,2023,10,236,1.0,False,False,1.0,False,False,same_region,0,0,0,-11.8,17.2,-29.0,-14.5,-5.6,5.7,-11.3,-5.65,563,1,0
401468726,2023-01-04,Minnesota Timberwolves,Portland Trail Blazers,113,106,2023,7,219,1.0,False,False,4.0,False,False,same_region,0,0,0,-2.4,3.6,-6.0,-3.0,0.7,4.5,-3.8,-1.9,564,1,0
401468719,2023-01-04,Charlotte Hornets,Memphis Grizzlies,107,131,2023,-24,238,1.0,False,False,5.0,False,False,west_to_east,1,0,1,-6.2,1.4,-7.6,-3.8,-6.5,7.8,-14.3,-7.15,565,1,0
401468720,2023-01-04,Cleveland Cavaliers,Phoenix Suns,90,88,2023,2,178,1.0,False,False,1.0,False,False,west_to_east,1,0,1,-3.2,-7.8,4.6,2.3,3.7,-2.1,5.800000000000001,2.9000000000000004,566,1,0
401468722,2023-01-04,Philadelphia 76ers,Indiana Pacers,129,126,2023,3,255,1.0,False,False,8.0,False,False,same_region,0,0,0,3.8,2.6,1.1999999999999997,0.5999999999999999,7.9,1.8,6.1000000000000005,3.0500000000000003,567,1,0
401468723,2023-01-04,New York Knicks,San Antonio Spurs,117,114,2023,3,231,1.0,False,False,1.0,False,False,west_to_east,1,0,1,4.0,-8.4,12.4,6.2,7.6,-7.8,15.399999999999999,7.699999999999999,568,1,0
401468721,2023-01-04,Orlando Magic,Oklahoma City Thunder,126,115,2023,11,241,4.0,False,False,5.0,False,False,west_to_east,1,0,1,-6.4,3.8,-10.2,-5.1,0.1,2.6,-2.5,-1.25,569,1,0
401468730,2023-01-04,Sacramento Kings,Atlanta Hawks,117,120,2023,-3,237,4.0,False,False,1.0,False,False,east_to_west,1,1,0,-2.6,-0.4,-2.2,-1.1,-0.9,-2.0,1.1,0.55,570,1,0
401468727,2023-01-04,New Orleans Pelicans,Houston Rockets,119,108,2023,11,227,4.0,False,False,5.0,False,False,same_region,0,0,0,1.6,-9.8,11.4,5.7,0.4,-9.5,9.9,4.95,571,1,0
401468729,2023-01-04,Los Angeles Lakers,Miami Heat,112,109,2023,3,221,11.0,False,False,1.0,False,False,east_to_west,1,1,0,2.2,5.0,-2.8,-1.4,-1.3,2.7,-4.0,-2.0,572,1,0
401468724,2023-01-04,Toronto Raptors,Milwaukee Bucks,101,104,2023,-3,205,4.0,False,False,6.0,False,False,same_region,0,0,0,-2.4,-6.2,3.8000000000000003,1.9000000000000001,-2.8,-6.3,3.5,1.75,573,1,0
401468728,2023-01-04,Golden State Warriors,Detroit Pistons,119,122,2023,-3,241,1.0,False,False,1.0,False,False,east_to_west,1,1,0,6.4,-4.4,10.8,5.4,-3.8,-9.4,5.6000000000000005,2.8000000000000003,574,1,0
401468725,2023-01-04,Chicago Bulls,Brooklyn Nets,121,112,2023,9,233,3.0,False,False,3.0,False,False,same_region,0,0,0,-1.4,16.0,-17.4,-8.7,-4.1,13.1,-17.2,-8.6,575,1,0
401468732,2023-01-05,Dallas Mavericks,Boston Celtics,95,124,2023,-29,219,6.0,False,False,1.0,False,False,east_to_west,1,1,0,7.0,1.2,5.8,2.9,5.5,0.6,4.9,2.45,576,1,0
401468731,2023-01-05,Orlando Magic,Memphis Grizzlies,115,123,2023,-8,238,0.0,True,False,0.0,True,False,west_to_east,1,0,1,-5.4,9.0,-14.4,-7.2,0.0,7.7,-7.7,-3.85,577,1,0
401468733,2023-01-05,Houston Rockets,Utah Jazz,114,131,2023,-17,245,2.0,False,False,5.0,False,False,same_region,0,0,0,-15.0,-3.0,-12.0,-6.0,-10.3,-3.8,-6.500000000000001,-3.2500000000000004,578,1,0
401468734,2023-01-05,Denver Nuggets,LA Clippers,122,91,2023,31,213,3.0,False,False,4.0,False,False,same_region,0,0,0,2.0,1.0,1.0,0.5,2.6,2.5,0.10000000000000009,0.050000000000000044,579,1,0
401468743,2023-01-06,Denver Nuggets,Cleveland Cavaliers,121,108,2023,13,229,0.0,True,False,5.0,False,False,east_to_west,1,1,0,6.8,-0.6,7.3999999999999995,3.6999999999999997,7.5,2.4,5.1,2.55,580,1,0
401468739,2023-01-06,Oklahoma City Thunder,Washington Wizards,127,110,2023,17,237,2.0,False,False,2.0,False,False,east_to_west,1,1,0,2.2,12.4,-10.2,-5.1,1.7,6.0,-4.3,-2.15,581,1,0
401468744,2023-01-06,Phoenix Suns,Miami Heat,96,104,2023,-8,200,13.0,False,False,1.0,False,False,east_to_west,1,1,0,-7.6,3.8,-11.399999999999999,-5.699999999999999,-3.9,2.2,-6.1,-3.05,582,1,0
401468745,2023-01-06,Los Angeles Lakers,Atlanta Hawks,130,114,2023,16,244,1.0,False,False,1.0,False,False,east_to_west,1,1,0,4.6,-4.8,9.399999999999999,4.699999999999999,-2.8,0.8,-3.5999999999999996,-1.7999999999999998,583,1,0
401468737,2023-01-06,Toronto Raptors,New York Knicks,108,112,2023,-4,220,1.0,False,False,5.0,False,False,same_region,0,0,0,-5.2,6.0,-11.2,-5.6,-3.0,5.6,-8.6,-4.3,584,1,0
401468741,2023-01-06,New Orleans Pelicans,Brooklyn Nets,102,108,2023,-6,210,1.0,False,False,1.0,False,False,east_to_west,1,1,0,-0.2,10.6,-10.799999999999999,-5.3999999999999995,1.8,11.9,-10.1,-5.05,585,1,0
401468738,2023-01-06,Milwaukee Bucks,Charlotte Hornets,109,138,2023,-29,247,2.0,False,False,9.0,False,False,same_region,0,0,0,-1.4,-8.8,7.4,3.7,-1.9,-7.0,5.1,2.55,586,1,0
401468735,2023-01-06,Indiana Pacers,Portland Trail Blazers,108,99,2023,9,207,3.0,False,False,1.0,False,False,west_to_east,1,0,1,6.0,2.8,3.2,1.6,0.9,1.7,-0.7999999999999999,-0.39999999999999997,587,1,0
401468740,2023-01-06,San Antonio Spurs,Detroit Pistons,121,109,2023,12,230,5.0,False,False,1.0,False,False,east_to_west,1,1,0,-9.8,-1.6,-8.200000000000001,-4.1000000000000005,-6.5,-8.2,1.6999999999999993,0.8499999999999996,588,1,0
401468742,2023-01-06,Minnesota Timberwolves,LA Clippers,128,115,2023,13,243,1.0,False,False,0.0,True,False,same_region,0,0,0,-0.4,-7.4,7.0,3.5,1.2,-1.7,2.9,1.45,589,1,0
401468736,2023-01-06,Philadelphia 76ers,Chicago Bulls,112,126,2023,-14,238,1.0,False,False,3.0,False,False,same_region,0,0,0,3.0,3.4,-0.3999999999999999,-0.19999999999999996,6.2,-0.9,7.1000000000000005,3.5500000000000003,590,1,0
401468749,2023-01-07,Golden State Warriors,Orlando Magic,101,115,2023,-14,216,2.0,False,False,9.0,False,False,east_to_west,1,1,0,3.0,-11.0,14.0,7.0,-3.5,-1.9,-1.6,-0.8,591,1,0
401468747,2023-01-07,Chicago Bulls,Utah Jazz,126,118,2023,8,244,2.0,False,False,1.0,False,False,west_to_east,1,0,1,5.0,1.2,3.8,1.9,2.9,-2.4,5.3,2.65,592,1,0
401468750,2023-01-07,Sacramento Kings,Los Angeles Lakers,134,136,2023,-2,270,2.0,False,False,4.0,False,False,same_region,0,0,0,-1.8,4.0,-5.8,-2.9,-1.3,-1.4,0.09999999999999987,0.04999999999999993,593,1,0
401468746,2023-01-07,San Antonio Spurs,Boston Celtics,116,121,2023,-5,237,0.0,True,False,1.0,False,False,east_to_west,1,1,0,-4.2,2.8,-7.0,-3.5,-4.3,3.1,-7.4,-3.7,594,1,0
401468748,2023-01-07,Dallas Mavericks,New Orleans Pelicans,127,117,2023,10,244,1.0,False,False,4.0,False,False,same_region,0,0,0,-0.6,-1.6,1.0,0.5,0.6,1.6,-1.0,-0.5,595,1,0
401468755,2023-01-08,Memphis Grizzlies,Utah Jazz,123,118,2023,5,241,6.0,False,False,0.0,True,True,same_region,0,0,0,14.0,0.6,13.4,6.7,4.4,-0.6,5.0,2.5,596,1,0
401468752,2023-01-08,Toronto Raptors,Portland Trail Blazers,117,105,2023,12,222,1.0,False,False,1.0,False,False,west_to_east,1,0,1,-3.8,3.6,-7.4,-3.7,-3.1,-0.8,-2.3,-1.15,597,1,0
401468751,2023-01-08,Detroit Pistons,Philadelphia 76ers,111,123,2023,-12,234,10.0,False,False,7.0,False,False,same_region,0,0,0,-8.0,1.2,-9.2,-4.6,-9.1,3.6,-12.7,-6.35,598,1,0
401468753,2023-01-08,Indiana Pacers,Charlotte Hornets,116,111,2023,5,227,1.0,False,False,1.0,False,False,same_region,0,0,0,4.8,-2.0,6.8,3.4,2.4,-3.7,6.1,3.05,599,1,0
401468756,2023-01-08,Houston Rockets,Minnesota Timberwolves,96,104,2023,-8,200,2.0,False,False,8.0,False,False,same_region,0,0,0,-13.6,2.4,-16.0,-8.0,-10.8,0.1,-10.9,-5.45,600,1,0
401468757,2023-01-08,Oklahoma City Thunder,Dallas Mavericks,120,109,2023,11,229,1.0,False,False,5.0,False,False,same_region,0,0,0,2.4,0.4,2.0,1.0,3.6,1.7,1.9000000000000001,0.9500000000000001,601,1,0
401468759,2023-01-08,LA Clippers,Atlanta Hawks,108,112,2023,-4,220,5.0,False,False,1.0,False,False,east_to_west,1,1,0,-12.2,-5.0,-7.199999999999999,-3.5999999999999996,-1.4,0.3,-1.7,-0.85,602,1,0
401468758,2023-01-08,Phoenix Suns,Cleveland Cavaliers,98,112,2023,-14,210,1.0,False,False,1.0,False,False,east_to_west,1,1,0,-12.6,-1.6,-11.0,-5.5,-5.1,0.5,-5.6,-2.8,603,1,0
401468754,2023-01-08,Miami Heat,Brooklyn Nets,101,102,2023,-1,203,10.0,False,False,1.0,False,False,same_region,0,0,0,2.6,10.2,-7.6,-3.8,2.7,11.3,-8.600000000000001,-4.300000000000001,604,1,0
401468762,2023-01-09,New York Knicks,Milwaukee Bucks,107,111,2023,-4,218,4.0,False,False,4.0,False,False,same_region,0,0,0,7.8,-6.0,13.8,6.9,5.7,-7.4,13.100000000000001,6.550000000000001,605,1,0
401468761,2023-01-09,Boston Celtics,Chicago Bulls,107,99,2023,8,206,10.0,False,False,2.0,False,False,same_region,0,0,0,-1.0,3.8,-4.8,-2.4,4.4,2.7,1.7000000000000002,0.8500000000000001,606,1,0
401468765,2023-01-09,Sacramento Kings,Orlando Magic,136,111,2023,25,247,1.0,False,False,1.0,False,False,east_to_west,1,1,0,-2.4,-4.4,2.0000000000000004,1.0000000000000002,-2.4,-1.3,-1.0999999999999999,-0.5499999999999999,607,1,0
401468764,2023-01-09,Denver Nuggets,Los Angeles Lakers,122,109,2023,13,231,2.0,False,False,1.0,False,False,same_region,0,0,0,9.6,7.2,2.3999999999999995,1.1999999999999997,8.4,1.4,7.0,3.5,608,1,0
401468763,2023-01-09,Memphis Grizzlies,San Antonio Spurs,121,113,2023,8,234,0.0,True,False,4.0,False,False,same_region,0,0,0,12.4,-6.6,19.0,9.5,5.5,-6.7,12.2,6.1,609,1,0
401468760,2023-01-09,Washington Wizards,New Orleans Pelicans,112,132,2023,-20,244,11.0,False,False,1.0,False,False,west_to_east,1,0,1,8.0,-5.8,13.8,6.9,5.2,1.5,3.7,1.85,610,1,0
401468767,2023-01-10,Philadelphia 76ers,Detroit Pistons,147,116,2023,31,263,3.0,False,False,3.0,False,False,same_region,0,0,0,5.8,-7.6,13.399999999999999,6.699999999999999,4.5,-8.8,13.3,6.65,611,1,0
401468766,2023-01-10,Miami Heat,Oklahoma City Thunder,112,111,2023,1,223,1.0,False,False,5.0,False,False,west_to_east,1,0,1,3.4,6.2,-2.8000000000000003,-1.4000000000000001,1.6,4.1,-2.4999999999999996,-1.2499999999999998,612,1,0
401468768,2023-01-10,Toronto Raptors,Charlotte Hornets,132,120,2023,12,252,1.0,False,False,1.0,False,False,same_region,0,0,0,1.2,-4.6,5.8,2.9,-0.3,-4.8,4.5,2.25,613,1,0
401468772,2023-01-10,LA Clippers,Dallas Mavericks,113,101,2023,12,214,1.0,False,False,1.0,False,False,same_region,0,0,0,-11.8,-4.8,-7.000000000000001,-3.5000000000000004,-2.7,1.6,-4.300000000000001,-2.1500000000000004,614,1,0
401468770,2023-01-10,Golden State Warriors,Phoenix Suns,113,125,2023,-12,238,2.0,False,False,5.0,False,False,same_region,0,0,0,-0.8,-10.4,9.6,4.8,-3.7,-9.1,5.3999999999999995,2.6999999999999997,615,1,0
401468771,2023-01-10,Portland Trail Blazers,Orlando Magic,106,109,2023,-3,215,7.0,False,False,0.0,True,True,east_to_west,1,1,0,-1.0,-5.4,4.4,2.2,0.0,-4.1,4.1,2.05,616,1,0
401468769,2023-01-10,Utah Jazz,Cleveland Cavaliers,116,114,2023,2,230,6.0,False,False,1.0,False,False,east_to_west,1,1,0,-0.2,3.0,-3.2,-1.6,1.2,1.8,-0.6000000000000001,-0.30000000000000004,617,1,0
401468773,2023-01-11,Detroit Pistons,Minnesota Timberwolves,135,118,2023,17,253,2.0,False,False,2.0,False,False,west_to_east,1,0,1,-16.2,5.8,-22.0,-11.0,-9.9,-0.1,-9.8,-4.9,618,1,0
401468774,2023-01-11,Washington Wizards,Chicago Bulls,100,97,2023,3,197,1.0,False,False,1.0,False,False,same_region,0,0,0,-1.0,2.4,-3.4,-1.7,3.4,1.7,1.7,0.85,619,1,0
401468775,2023-01-11,Atlanta Hawks,Milwaukee Bucks,105,114,2023,-9,219,11.0,False,False,1.0,False,False,same_region,0,0,0,-4.0,-7.0,3.0,1.5,-1.2,-7.9,6.7,3.35,620,1,0
401468778,2023-01-11,Memphis Grizzlies,San Antonio Spurs,135,129,2023,6,264,1.0,False,True,1.0,False,False,same_region,0,0,0,11.0,-8.0,19.0,9.5,7.7,-6.6,14.3,7.15,621,1,0
401468777,2023-01-11,New York Knicks,Indiana Pacers,119,113,2023,6,232,1.0,False,False,6.0,False,False,same_region,0,0,0,8.4,4.0,4.4,2.2,1.5,3.2,-1.7000000000000002,-0.8500000000000001,622,1,0
401468779,2023-01-11,Denver Nuggets,Phoenix Suns,126,97,2023,29,223,1.0,False,False,0.0,True,False,same_region,0,0,0,11.2,-6.2,17.4,8.7,8.3,-7.6,15.9,7.95,623,1,0
401468780,2023-01-11,Sacramento Kings,Houston Rockets,135,115,2023,20,250,1.0,False,False,6.0,False,False,same_region,0,0,0,2.4,-12.2,14.6,7.3,0.7,-9.7,10.399999999999999,5.199999999999999,624,1,0
401468776,2023-01-11,Boston Celtics,New Orleans Pelicans,125,114,2023,11,239,1.0,False,False,1.0,False,False,west_to_east,1,0,1,-0.6,1.2,-1.7999999999999998,-0.8999999999999999,5.5,2.6,2.9,1.45,625,1,0
401468786,2023-01-12,Portland Trail Blazers,Cleveland Cavaliers,113,119,2023,-6,232,1.0,False,False,1.0,False,False,east_to_west,1,1,0,-0.4,2.4,-2.8,-1.4,-1.5,-0.7,-0.8,-0.4,626,1,0
401468785,2023-01-12,Los Angeles Lakers,Dallas Mavericks,115,119,2023,-4,234,5.0,False,False,1.0,False,False,same_region,0,0,0,2.8,-7.4,10.2,5.1,1.5,-0.1,1.6,0.8,627,1,0
401468784,2023-01-12,Toronto Raptors,Charlotte Hornets,124,114,2023,10,238,1.0,False,False,1.0,False,False,same_region,0,0,0,1.8,-3.6,5.4,2.7,1.2,-3.9,5.1,2.55,628,1,0
401468783,2023-01-12,Miami Heat,Milwaukee Bucks,108,102,2023,6,210,1.0,False,False,0.0,True,True,same_region,0,0,0,3.0,-0.6,3.6,1.8,2.7,-6.2,8.9,4.45,629,1,0
401468782,2023-01-12,Brooklyn Nets,Boston Celtics,98,109,2023,-11,207,9.0,False,False,4.0,False,False,same_region,0,0,0,10.2,4.0,6.199999999999999,3.0999999999999996,11.1,7.1,4.0,2.0,630,1,0
401468781,2023-01-12,Philadelphia 76ers,Oklahoma City Thunder,114,133,2023,-19,247,1.0,False,False,1.0,False,False,west_to_east,1,0,1,8.2,9.8,-1.6000000000000014,-0.8000000000000007,5.6,3.8,1.7999999999999998,0.8999999999999999,631,1,0
401468789,2023-01-13,Washington Wizards,New York Knicks,108,112,2023,-4,220,1.0,False,False,6.0,False,False,same_region,0,0,0,-4.2,5.6,-9.8,-4.9,3.4,2.8,0.6000000000000001,0.30000000000000004,632,1,0
401468794,2023-01-13,LA Clippers,Denver Nuggets,103,115,2023,-12,218,2.0,False,False,10.0,False,False,same_region,0,0,0,-9.2,14.6,-23.799999999999997,-11.899999999999999,-3.6,9.9,-13.5,-6.75,633,1,0
401468788,2023-01-13,Indiana Pacers,Atlanta Hawks,111,113,2023,-2,224,4.0,False,False,4.0,False,False,same_region,0,0,0,2.6,-4.0,6.6,3.3,2.1,-2.2,4.300000000000001,2.1500000000000004,634,1,0
401468790,2023-01-13,San Antonio Spurs,Golden State Warriors,113,144,2023,-31,257,5.0,False,False,22.0,False,False,same_region,0,0,0,-2.0,-4.2,2.2,1.1,-5.2,-6.5,1.2999999999999998,0.6499999999999999,635,1,0
401468793,2023-01-13,Utah Jazz,Orlando Magic,112,108,2023,4,220,2.0,False,False,2.0,False,False,east_to_west,1,1,0,0.8,-1.0,1.8,0.9,-0.1,-3.7,3.6,1.8,636,1,0
401468792,2023-01-13,Minnesota Timberwolves,Phoenix Suns,121,116,2023,5,237,6.0,False,False,1.0,False,True,same_region,0,0,0,4.8,-8.2,13.0,6.5,-1.3,-8.0,6.7,3.35,637,1,0
401468795,2023-01-13,Sacramento Kings,Houston Rockets,139,114,2023,25,253,1.0,False,False,1.0,False,False,same_region,0,0,0,8.4,-12.2,20.6,10.3,1.3,-11.1,12.4,6.2,638,1,0
401468791,2023-01-13,Chicago Bulls,Oklahoma City Thunder,110,124,2023,-14,234,5.0,False,False,0.0,True,True,west_to_east,1,0,1,4.0,7.0,-3.0,-1.5,1.3,5.4,-4.1000000000000005,-2.0500000000000003,639,1,0
401468787,2023-01-13,Detroit Pistons,New Orleans Pelicans,110,116,2023,-6,226,1.0,False,False,1.0,False,False,west_to_east,1,0,1,-7.0,0.8,-7.8,-3.9,-5.7,1.2,-6.9,-3.45,640,1,0
401468797,2023-01-14,Charlotte Hornets,Boston Celtics,106,122,2023,-16,228,9.0,False,False,1.0,False,False,same_region,0,0,0,-4.4,12.8,-17.200000000000003,-8.600000000000001,-5.3,7.0,-12.3,-6.15,641,1,0
401468796,2023-01-14,Miami Heat,Milwaukee Bucks,111,95,2023,16,206,1.0,False,False,1.0,False,True,same_region,0,0,0,2.2,-3.8,6.0,3.0,3.6,-5.0,8.6,4.3,642,1,0
401468798,2023-01-14,Indiana Pacers,Memphis Grizzlies,112,130,2023,-18,242,0.0,True,False,8.0,False,False,west_to_east,1,0,1,0.6,10.2,-9.6,-4.8,1.6,5.8,-4.199999999999999,-2.0999999999999996,643,1,0
401468801,2023-01-14,Utah Jazz,Philadelphia 76ers,117,118,2023,-1,235,0.0,True,False,5.0,False,False,east_to_west,1,1,0,2.0,2.6,-0.6000000000000001,-0.30000000000000004,-0.5,3.2,-3.7,-1.85,644,1,0
401468800,2023-01-14,Minnesota Timberwolves,Cleveland Cavaliers,110,102,2023,8,212,0.0,True,False,1.0,False,False,east_to_west,1,1,0,3.2,1.4,1.8000000000000003,0.9000000000000001,0.4,-0.9,1.3,0.65,645,1,0
401468802,2023-01-14,Portland Trail Blazers,Dallas Mavericks,136,119,2023,17,255,1.0,False,False,1.0,False,False,same_region,0,0,0,-7.4,-7.6,0.1999999999999993,0.09999999999999964,-1.9,-0.3,-1.5999999999999999,-0.7999999999999999,646,1,0
401468799,2023-01-14,Toronto Raptors,Atlanta Hawks,103,114,2023,-11,217,1.0,False,False,0.0,True,False,same_region,0,0,0,5.4,-3.2,8.600000000000001,4.300000000000001,1.5,-1.8,3.3,1.65,647,1,0
401468809,2023-01-15,Portland Trail Blazers,Dallas Mavericks,140,123,2023,17,263,0.0,True,True,0.0,True,True,same_region,0,0,0,-2.6,-5.2,2.6,1.3,0.1,-2.9,3.0,1.5,648,1,0
401468810,2023-01-15,Los Angeles Lakers,Philadelphia 76ers,112,113,2023,-1,225,2.0,False,False,0.0,True,False,east_to_west,1,1,0,0.8,2.2,-1.4000000000000001,-0.7000000000000001,1.5,2.6,-1.1,-0.55,649,1,0
401468808,2023-01-15,Denver Nuggets,Orlando Magic,119,116,2023,3,235,3.0,False,False,1.0,False,False,east_to_west,1,1,0,19.6,-4.0,23.6,11.8,10.8,-4.7,15.5,7.75,650,1,0
401468807,2023-01-15,San Antonio Spurs,Sacramento Kings,119,132,2023,-13,251,1.0,False,False,11.0,False,False,same_region,0,0,0,-7.6,13.0,-20.6,-10.3,-8.7,5.2,-13.899999999999999,-6.949999999999999,651,1,0
401468806,2023-01-15,Brooklyn Nets,Oklahoma City Thunder,102,112,2023,-10,214,2.0,False,False,1.0,False,True,west_to_east,1,0,1,4.6,12.0,-7.4,-3.7,9.7,7.1,2.5999999999999996,1.2999999999999998,652,1,0
401468804,2023-01-15,LA Clippers,Houston Rockets,121,100,2023,21,221,1.0,False,False,1.0,False,False,same_region,0,0,0,-9.6,-16.2,6.6,3.3,-4.3,-13.0,8.7,4.35,653,1,0
401468805,2023-01-15,Chicago Bulls,Golden State Warriors,132,118,2023,14,250,1.0,False,False,1.0,False,False,west_to_east,1,0,1,-0.6,0.8,-1.4,-0.7,1.4,0.4,0.9999999999999999,0.49999999999999994,654,1,0
401468803,2023-01-15,Detroit Pistons,New York Knicks,104,117,2023,-13,221,1.0,False,False,1.0,False,False,same_region,0,0,0,-8.8,2.6,-11.4,-5.7,-5.2,3.3,-8.5,-4.25,655,1,0
401468818,2023-01-16,Memphis Grizzlies,Phoenix Suns,136,106,2023,30,242,4.0,False,False,2.0,False,False,same_region,0,0,0,9.0,-8.8,17.8,8.9,9.0,-8.2,17.2,8.6,656,1,0
401468817,2023-01-16,Minnesota Timberwolves,Utah Jazz,125,126,2023,-1,251,1.0,False,True,7.0,False,False,same_region,0,0,0,3.4,-1.6,5.0,2.5,1.5,-0.2,1.7,0.85,657,1,0
401468819,2023-01-16,Los Angeles Lakers,Houston Rockets,140,132,2023,8,272,0.0,True,False,0.0,True,True,same_region,0,0,0,0.0,-18.2,18.2,9.1,2.3,-16.6,18.900000000000002,9.450000000000001,658,1,0
401468814,2023-01-16,New York Knicks,Toronto Raptors,121,123,2023,-2,244,4.0,False,False,13.0,False,False,same_region,0,0,0,4.6,3.8,0.7999999999999998,0.3999999999999999,5.3,-0.7,6.0,3.0,659,1,0
401468816,2023-01-16,Atlanta Hawks,Miami Heat,121,113,2023,8,234,4.0,False,False,9.0,False,False,same_region,0,0,0,-1.6,6.0,-7.6,-3.8,-3.2,4.9,-8.100000000000001,-4.050000000000001,660,1,0
401468815,2023-01-16,Washington Wizards,Golden State Warriors,118,127,2023,-9,245,2.0,False,False,0.0,True,True,west_to_east,1,0,1,-9.6,-2.4,-7.199999999999999,-3.5999999999999996,3.8,2.0,1.7999999999999998,0.8999999999999999,661,1,0
401468813,2023-01-16,Cleveland Cavaliers,New Orleans Pelicans,113,103,2023,10,216,11.0,False,False,2.0,False,False,west_to_east,1,0,1,-0.6,-0.2,-0.39999999999999997,-0.19999999999999998,-0.6,-0.2,-0.39999999999999997,-0.19999999999999998,662,1,0
401468812,2023-01-16,Milwaukee Bucks,Indiana Pacers,132,119,2023,13,251,9.0,False,False,4.0,False,False,same_region,0,0,0,-7.6,-2.4,-5.199999999999999,-2.5999999999999996,-4.5,1.8,-6.3,-3.15,663,1,0
401468811,2023-01-16,Charlotte Hornets,Boston Celtics,118,130,2023,-12,248,1.0,False,False,1.0,False,False,same_region,0,0,0,-2.8,10.2,-13.0,-6.5,-5.8,6.5,-12.3,-6.15,664,1,0
401468823,2023-01-17,LA Clippers,Philadelphia 76ers,110,120,2023,-10,230,1.0,False,False,1.0,False,True,east_to_west,1,1,0,0.8,5.2,-4.4,-2.2,-3.3,3.2,-6.5,-3.25,665,1,0
401468822,2023-01-17,Denver Nuggets,Portland Trail Blazers,122,113,2023,9,235,1.0,False,False,8.0,False,False,same_region,0,0,0,14.0,2.6,11.4,5.7,10.4,3.1,7.300000000000001,3.6500000000000004,666,1,0
401468821,2023-01-17,San Antonio Spurs,Brooklyn Nets,106,98,2023,8,204,1.0,False,False,8.0,False,False,east_to_west,1,1,0,-12.6,-4.6,-8.0,-4.0,-8.4,5.7,-14.100000000000001,-7.050000000000001,667,1,0
401468820,2023-01-17,Milwaukee Bucks,Toronto Raptors,130,122,2023,8,252,0.0,True,False,0.0,True,False,same_region,0,0,0,0.8,5.0,-4.2,-2.1,-2.6,0.6,-3.2,-1.6,668,1,0
401468830,2023-01-18,Utah Jazz,LA Clippers,126,103,2023,23,229,3.0,False,False,11.0,False,False,same_region,0,0,0,0.2,1.4,-1.2,-0.6,0.4,-5.4,5.800000000000001,2.9000000000000004,669,1,0
401468824,2023-01-18,New York Knicks,Washington Wizards,105,116,2023,-11,221,1.0,False,False,11.0,False,False,same_region,0,0,0,3.4,-9.4,12.8,6.4,5.6,1.5,4.1,2.05,670,1,0
401468826,2023-01-18,Houston Rockets,Charlotte Hornets,117,122,2023,-5,239,9.0,False,False,5.0,False,False,east_to_west,1,1,0,-16.4,-11.0,-5.399999999999999,-2.6999999999999993,-15.0,-6.5,-8.5,-4.25,671,1,0
401468827,2023-01-18,Memphis Grizzlies,Cleveland Cavaliers,115,114,2023,1,229,1.0,False,False,3.0,False,False,east_to_west,1,1,0,13.4,4.0,9.4,4.7,13.7,1.2,12.5,6.25,672,1,0
401468832,2023-01-18,Los Angeles Lakers,Sacramento Kings,111,116,2023,-5,227,1.0,False,True,2.0,False,False,same_region,0,0,0,-1.6,16.2,-17.8,-8.9,1.2,7.2,-6.0,-3.0,673,1,0
401468829,2023-01-18,Oklahoma City Thunder,Indiana Pacers,126,106,2023,20,232,9.0,False,False,1.0,False,False,east_to_west,1,1,0,10.6,-6.8,17.4,8.7,6.5,-1.0,7.5,3.75,674,1,0
401468831,2023-01-18,Denver Nuggets,Minnesota Timberwolves,122,118,2023,4,240,0.0,True,True,6.0,False,False,same_region,0,0,0,13.2,0.6,12.6,6.3,11.4,1.5,9.9,4.95,675,1,0
401468828,2023-01-18,New Orleans Pelicans,Miami Heat,98,124,2023,-26,222,11.0,False,False,1.0,False,False,east_to_west,1,1,0,-1.0,2.8,-3.8,-1.9,-1.3,2.7,-4.0,-2.0,676,1,0
401468825,2023-01-18,Dallas Mavericks,Atlanta Hawks,122,130,2023,-8,252,10.0,False,False,3.0,False,False,east_to_west,1,1,0,-10.6,3.2,-13.8,-6.9,-5.1,-0.9,-4.199999999999999,-2.0999999999999996,677,1,0
401468833,2023-01-19,Detroit Pistons,Chicago Bulls,108,126,2023,-18,234,3.0,False,False,7.0,False,False,same_region,0,0,0,-9.0,-0.6,-8.4,-4.2,-8.5,2.2,-10.7,-5.35,678,1,0
401468837,2023-01-19,Portland Trail Blazers,Philadelphia 76ers,95,105,2023,-10,200,3.0,False,False,1.0,False,False,east_to_west,1,1,0,3.2,4.8,-1.5999999999999996,-0.7999999999999998,1.1,5.3,-4.199999999999999,-2.0999999999999996,679,1,0
401468834,2023-01-19,Boston Celtics,Golden State Warriors,121,118,2023,3,239,7.0,False,False,2.0,False,False,west_to_east,1,0,1,11.6,0.0,11.6,5.8,5.3,1.5,3.8,1.9,680,1,0
401468835,2023-01-19,Minnesota Timberwolves,Toronto Raptors,128,126,2023,2,254,2.0,False,False,1.0,False,True,east_to_west,1,1,0,-1.8,1.0,-2.8,-1.4,2.0,1.1,0.8999999999999999,0.44999999999999996,681,1,0
401468836,2023-01-19,Phoenix Suns,Brooklyn Nets,117,112,2023,5,229,10.0,False,False,1.0,False,False,east_to_west,1,1,0,-13.2,-4.4,-8.799999999999999,-4.3999999999999995,-12.9,3.1,-16.0,-8.0,682,1,0
401468838,2023-01-20,Orlando Magic,New Orleans Pelicans,123,110,2023,13,233,14.0,False,False,3.0,False,False,west_to_east,1,0,1,-3.0,-4.2,1.2000000000000002,0.6000000000000001,-7.0,-5.0,-2.0,-1.0,683,1,0
401468839,2023-01-20,Atlanta Hawks,New York Knicks,139,124,2023,15,263,3.0,False,False,4.0,False,False,same_region,0,0,0,4.0,2.0,2.0,1.0,0.0,5.2,-5.2,-2.6,684,1,0
401468841,2023-01-20,Dallas Mavericks,Miami Heat,115,90,2023,25,205,1.0,False,False,1.0,False,False,east_to_west,1,1,0,-10.0,8.2,-18.2,-9.1,-7.4,5.8,-13.2,-6.6,685,1,0
401468845,2023-01-20,Los Angeles Lakers,Memphis Grizzlies,122,121,2023,1,243,1.0,False,False,5.0,False,False,same_region,0,0,0,-3.0,12.6,-15.6,-7.8,2.1,12.5,-10.4,-5.2,686,1,0
401468840,2023-01-20,Cleveland Cavaliers,Golden State Warriors,114,120,2023,-6,234,3.0,False,False,0.0,True,False,west_to_east,1,0,1,1.0,2.2,-1.2000000000000002,-0.6000000000000001,2.0,0.7,1.3,0.65,687,1,0
401468844,2023-01-20,Utah Jazz,Brooklyn Nets,106,117,2023,-11,223,1.0,False,False,0.0,True,True,east_to_west,1,1,0,5.8,-6.6,12.399999999999999,6.199999999999999,2.8,1.8,0.9999999999999998,0.4999999999999999,688,1,0
401468846,2023-01-20,Sacramento Kings,Oklahoma City Thunder,118,113,2023,5,231,6.0,False,False,4.0,False,False,same_region,0,0,0,17.6,12.4,5.200000000000001,2.6000000000000005,7.6,9.3,-1.700000000000001,-0.8500000000000005,689,1,0
401468842,2023-01-20,San Antonio Spurs,LA Clippers,126,131,2023,-5,257,2.0,False,False,1.0,False,False,same_region,0,0,0,-10.0,-2.4,-7.6,-3.8,-8.3,-7.1,-1.200000000000001,-0.6000000000000005,690,1,0
401468843,2023-01-20,Denver Nuggets,Indiana Pacers,134,111,2023,23,245,1.0,False,True,1.0,False,False,east_to_west,1,1,0,11.4,-11.8,23.200000000000003,11.600000000000001,11.3,-3.9,15.200000000000001,7.6000000000000005,691,1,0
401468849,2023-01-21,Atlanta Hawks,Charlotte Hornets,118,122,2023,-4,240,0.0,True,False,2.0,False,False,same_region,0,0,0,8.8,-9.0,17.8,8.9,2.4,-6.8,9.2,4.6,692,1,0
401468848,2023-01-21,Washington Wizards,Orlando Magic,138,118,2023,20,256,4.0,False,False,5.0,False,False,same_region,0,0,0,-3.8,-3.2,-0.5999999999999996,-0.2999999999999998,2.1,-3.8,5.9,2.95,693,1,0
401468853,2023-01-21,Sacramento Kings,Philadelphia 76ers,127,129,2023,-2,256,0.0,True,False,1.0,False,False,east_to_west,1,1,0,13.6,0.6,13.0,6.5,8.0,4.4,3.5999999999999996,1.7999999999999998,694,1,0
401468852,2023-01-21,Phoenix Suns,Indiana Pacers,112,107,2023,5,219,1.0,False,False,0.0,True,True,east_to_west,1,1,0,-9.4,-15.2,5.799999999999999,2.8999999999999995,-9.9,-6.3,-3.6000000000000005,-1.8000000000000003,695,1,0
401468851,2023-01-21,Minnesota Timberwolves,Houston Rockets,113,104,2023,9,217,1.0,False,False,4.0,False,False,same_region,0,0,0,2.0,-15.8,17.8,8.9,3.4,-14.0,17.4,8.7,696,1,0
401468850,2023-01-21,Cleveland Cavaliers,Milwaukee Bucks,114,102,2023,12,216,0.0,True,False,6.0,False,False,same_region,0,0,0,0.2,1.6,-1.4000000000000001,-0.7000000000000001,1.3,-2.7,4.0,2.0,697,1,0
401468847,2023-01-21,Toronto Raptors,Boston Celtics,104,106,2023,-2,210,6.0,False,False,4.0,False,False,same_region,0,0,0,-1.8,10.6,-12.4,-6.2,0.0,5.0,-5.0,-2.5,698,1,0
401468855,2023-01-22,Toronto Raptors,New York Knicks,125,116,2023,9,241,0.0,True,False,1.0,False,False,same_region,0,0,0,-4.2,-2.2,-2.0,-1.0,0.6,1.7,-1.1,-0.55,699,1,0
401468856,2023-01-22,Dallas Mavericks,LA Clippers,98,112,2023,-14,210,1.0,False,False,1.0,False,False,same_region,0,0,0,-2.6,-3.8,1.1999999999999997,0.5999999999999999,-5.0,-6.5,1.5,0.75,700,1,0
401468859,2023-01-22,Golden State Warriors,Brooklyn Nets,116,120,2023,-4,236,11.0,False,False,1.0,False,True,east_to_west,1,1,0,5.8,-4.6,10.399999999999999,5.199999999999999,0.8,2.8,-1.9999999999999998,-0.9999999999999999,701,1,0
401468854,2023-01-22,Miami Heat,New Orleans Pelicans,100,96,2023,4,196,7.0,False,False,1.0,False,False,west_to_east,1,0,1,3.0,-10.8,13.8,6.9,3.0,-4.8,7.8,3.9,702,1,0
401468858,2023-01-22,Phoenix Suns,Memphis Grizzlies,112,110,2023,2,222,0.0,True,True,1.0,False,False,same_region,0,0,0,-10.8,10.8,-21.6,-10.8,-8.5,10.9,-19.4,-9.7,703,1,0
401468860,2023-01-22,Portland Trail Blazers,Los Angeles Lakers,112,121,2023,-9,233,2.0,False,False,12.0,False,False,same_region,0,0,0,1.8,-0.2,2.0,1.0,0.7,1.3,-0.6000000000000001,-0.30000000000000004,704,1,0
401468857,2023-01-22,Denver Nuggets,Oklahoma City Thunder,99,101,2023,-2,200,1.0,False,False,1.0,False,False,same_region,0,0,0,10.2,11.6,-1.4000000000000004,-0.7000000000000002,12.4,10.7,1.700000000000001,0.8500000000000005,705,1,0
401468867,2023-01-23,Sacramento Kings,Memphis Grizzlies,133,100,2023,33,233,1.0,False,True,0.0,True,True,same_region,0,0,0,9.2,9.2,0.0,0.0,8.8,9.7,-0.8999999999999986,-0.4499999999999993,706,1,0
401468866,2023-01-23,Portland Trail Blazers,San Antonio Spurs,147,127,2023,20,274,0.0,True,False,11.0,False,False,same_region,0,0,0,1.2,-9.4,10.6,5.3,-3.1,-8.7,5.6,2.8,707,1,0
401468865,2023-01-23,Utah Jazz,Charlotte Hornets,120,102,2023,18,222,2.0,False,False,1.0,False,False,east_to_west,1,1,0,3.2,-5.8,9.0,4.5,2.0,-4.7,6.7,3.35,708,1,0
401468864,2023-01-23,Houston Rockets,Minnesota Timberwolves,119,114,2023,5,233,4.0,False,False,4.0,False,False,same_region,0,0,0,-13.6,2.8,-16.4,-8.2,-12.9,3.0,-15.9,-7.95,709,1,0
401468863,2023-01-23,Chicago Bulls,Atlanta Hawks,111,100,2023,11,211,7.0,False,False,4.0,False,False,same_region,0,0,0,1.4,7.6,-6.199999999999999,-3.0999999999999996,2.6,2.2,0.3999999999999999,0.19999999999999996,710,1,0
401468862,2023-01-23,Orlando Magic,Boston Celtics,113,98,2023,15,211,2.0,False,False,1.0,False,False,same_region,0,0,0,-2.2,8.8,-11.0,-5.5,-3.8,6.4,-10.2,-5.1,711,1,0
401468861,2023-01-23,Detroit Pistons,Milwaukee Bucks,130,150,2023,-20,280,3.0,False,False,1.0,False,False,same_region,0,0,0,-10.2,-2.6,-7.6,-3.8,-8.9,-1.6,-7.300000000000001,-3.6500000000000004,712,1,0
401468872,2023-01-24,Dallas Mavericks,Washington Wizards,126,127,2023,-1,253,1.0,False,False,5.0,False,False,east_to_west,1,1,0,-6.2,4.2,-10.4,-5.2,-6.9,1.6,-8.5,-4.25,713,1,0
401468869,2023-01-24,Miami Heat,Boston Celtics,98,95,2023,3,193,1.0,False,False,0.0,True,True,same_region,0,0,0,2.6,3.6,-1.0,-0.5,2.4,8.2,-5.799999999999999,-2.8999999999999995,714,1,0
401468870,2023-01-24,New York Knicks,Cleveland Cavaliers,105,103,2023,2,208,5.0,False,False,5.0,False,False,same_region,0,0,0,-4.8,1.4,-6.199999999999999,-3.0999999999999996,-1.1,1.4,-2.5,-1.25,715,1,0
401468874,2023-01-24,Los Angeles Lakers,LA Clippers,115,133,2023,-18,248,3.0,False,False,1.0,False,False,same_region,0,0,0,2.4,1.4,1.0,0.5,1.6,-4.1,5.699999999999999,2.8499999999999996,716,1,0
401468873,2023-01-24,Phoenix Suns,Charlotte Hornets,128,97,2023,31,225,1.0,False,True,0.0,True,True,east_to_west,1,1,0,-4.6,-7.4,2.8000000000000007,1.4000000000000004,-6.4,-5.9,-0.5,-0.25,717,1,0
401468871,2023-01-24,New Orleans Pelicans,Denver Nuggets,98,99,2023,-1,197,5.0,False,False,10.0,False,False,same_region,0,0,0,-9.4,7.4,-16.8,-8.4,-4.3,13.5,-17.8,-8.9,718,1,0
401468868,2023-01-24,Indiana Pacers,Chicago Bulls,116,110,2023,6,226,9.0,False,False,4.0,False,False,same_region,0,0,0,-15.8,5.2,-21.0,-10.5,-7.6,3.8,-11.399999999999999,-5.699999999999999,719,1,0
401468877,2023-01-25,Houston Rockets,Washington Wizards,103,108,2023,-5,211,1.0,False,False,0.0,True,False,east_to_west,1,1,0,-7.6,3.8,-11.399999999999999,-5.699999999999999,-11.9,-0.2,-11.700000000000001,-5.8500000000000005,720,1,0
401468880,2023-01-25,Oklahoma City Thunder,Atlanta Hawks,132,137,2023,-5,269,6.0,False,False,1.0,False,False,east_to_west,1,1,0,8.2,3.2,4.999999999999999,2.4999999999999996,7.6,0.8,6.8,3.4,721,1,0
401468878,2023-01-25,Milwaukee Bucks,Denver Nuggets,107,99,2023,8,206,7.0,False,False,0.0,True,False,west_to_east,1,0,1,2.6,7.0,-4.4,-2.2,-0.6,10.5,-11.1,-5.55,722,1,0
401468875,2023-01-25,Orlando Magic,Indiana Pacers,126,120,2023,6,246,1.0,False,False,3.0,False,False,same_region,0,0,0,0.2,-11.0,11.2,5.6,-0.4,-6.7,6.3,3.15,723,1,0
401468876,2023-01-25,Philadelphia 76ers,Brooklyn Nets,137,133,2023,4,270,12.0,False,False,2.0,False,False,same_region,0,0,0,4.8,-1.6,6.4,3.2,3.7,1.5,2.2,1.1,724,1,0
401468884,2023-01-25,Los Angeles Lakers,San Antonio Spurs,113,104,2023,9,217,0.0,True,False,1.0,False,False,same_region,0,0,0,-1.0,-12.2,11.2,5.6,-0.5,-7.1,6.6,3.3,725,1,0
401468883,2023-01-25,Sacramento Kings,Toronto Raptors,95,113,2023,-18,208,1.0,False,False,5.0,False,False,east_to_west,1,1,0,10.8,-0.2,11.0,5.5,11.9,1.8,10.1,5.05,726,1,0
401468879,2023-01-25,New Orleans Pelicans,Minnesota Timberwolves,102,111,2023,-9,213,0.0,True,False,1.0,False,False,same_region,0,0,0,-10.8,0.2,-11.0,-5.5,-5.5,1.8,-7.3,-3.65,727,1,0
401468882,2023-01-25,Portland Trail Blazers,Utah Jazz,134,124,2023,10,258,1.0,False,True,8.0,False,False,same_region,0,0,0,1.8,6.0,-4.2,-2.1,-0.4,4.0,-4.4,-2.2,728,1,0
401468881,2023-01-25,Golden State Warriors,Memphis Grizzlies,122,120,2023,2,242,2.0,False,False,1.0,False,True,same_region,0,0,0,-1.2,-1.0,-0.19999999999999996,-0.09999999999999998,-0.2,4.0,-4.2,-2.1,729,1,0
401468890,2023-01-26,LA Clippers,San Antonio Spurs,138,100,2023,38,238,8.0,False,False,0.0,True,True,same_region,0,0,0,0.8,-7.8,8.6,4.3,0.8,-7.7,8.5,4.25,730,1,0
401468889,2023-01-26,Phoenix Suns,Dallas Mavericks,95,99,2023,-4,194,1.0,False,False,10.0,False,False,same_region,0,0,0,2.6,-3.0,5.6,2.8,-3.1,-4.1,0.9999999999999996,0.4999999999999998,731,1,0
401468888,2023-01-26,Houston Rockets,Cleveland Cavaliers,95,113,2023,-18,208,0.0,True,True,1.0,False,False,east_to_west,1,1,0,-4.4,2.6,-7.0,-3.5,-11.3,1.0,-12.3,-6.15,732,1,0
401468887,2023-01-26,Charlotte Hornets,Chicago Bulls,111,96,2023,15,207,9.0,False,False,1.0,False,False,same_region,0,0,0,-10.4,4.6,-15.0,-7.5,-6.6,4.3,-10.899999999999999,-5.449999999999999,733,1,0
401468886,2023-01-26,Brooklyn Nets,Detroit Pistons,122,130,2023,-8,252,10.0,False,False,15.0,False,False,same_region,0,0,0,-0.4,-8.0,7.6,3.8,-2.5,-12.1,9.6,4.8,734,1,0
401468885,2023-01-26,Boston Celtics,New York Knicks,117,120,2023,-3,237,6.0,False,False,3.0,False,False,same_region,0,0,0,-0.2,-7.0,6.8,3.4,5.0,-1.2,6.2,3.1,735,1,0
401468894,2023-01-27,Oklahoma City Thunder,Cleveland Cavaliers,112,100,2023,12,212,1.0,False,False,0.0,True,True,east_to_west,1,1,0,4.4,4.2,0.20000000000000018,0.10000000000000009,8.2,4.1,4.1,2.05,736,1,0
401468893,2023-01-27,Miami Heat,Orlando Magic,110,105,2023,5,215,2.0,False,False,5.0,False,False,same_region,0,0,0,0.0,2.2,-2.2,-1.1,3.0,-0.9,3.9,1.95,737,1,0
401468891,2023-01-27,Indiana Pacers,Milwaukee Bucks,131,141,2023,-10,272,2.0,False,False,3.0,False,False,same_region,0,0,0,-9.6,7.4,-17.0,-8.5,-8.2,-0.1,-8.1,-4.05,738,1,0
401468892,2023-01-27,Minnesota Timberwolves,Memphis Grizzlies,111,100,2023,11,211,5.0,False,False,1.0,False,False,same_region,0,0,0,2.2,-7.4,9.600000000000001,4.800000000000001,1.4,3.0,-1.6,-0.8,739,1,0
401468895,2023-01-27,Golden State Warriors,Toronto Raptors,129,117,2023,12,246,1.0,False,False,1.0,False,False,east_to_west,1,1,0,2.0,3.0,-1.0,-0.5,-0.2,4.0,-4.2,-2.1,740,1,0
401468898,2023-01-28,Detroit Pistons,Houston Rockets,114,117,2023,-3,231,4.0,False,False,6.0,False,False,west_to_east,1,0,1,-9.8,-6.4,-3.4000000000000004,-1.7000000000000002,-8.4,-11.4,3.0,1.5,741,1,0
401468904,2023-01-28,Boston Celtics,Los Angeles Lakers,125,121,2023,4,246,1.0,False,False,5.0,False,False,west_to_east,1,0,1,-3.2,-0.8,-2.4000000000000004,-1.2000000000000002,4.2,-1.2,5.4,2.7,742,1,0
401468903,2023-01-28,San Antonio Spurs,Phoenix Suns,118,128,2023,-10,246,7.0,False,False,11.0,False,False,same_region,0,0,0,-12.8,7.8,-20.6,-10.3,-12.7,-2.7,-10.0,-5.0,743,1,0
401468900,2023-01-28,Atlanta Hawks,LA Clippers,113,120,2023,-7,233,6.0,False,False,3.0,False,False,west_to_east,1,0,1,2.6,10.4,-7.800000000000001,-3.9000000000000004,2.9,5.9,-3.0000000000000004,-1.5000000000000002,744,1,0
401468896,2023-01-28,Philadelphia 76ers,Denver Nuggets,126,119,2023,7,245,2.0,False,False,2.0,False,False,west_to_east,1,0,1,5.4,3.6,1.8000000000000003,0.9000000000000001,3.8,8.4,-4.6000000000000005,-2.3000000000000003,745,1,0
401468899,2023-01-28,Orlando Magic,Chicago Bulls,109,128,2023,-19,237,2.0,False,False,1.0,False,False,same_region,0,0,0,1.8,4.4,-2.6000000000000005,-1.3000000000000003,-0.6,1.9,-2.5,-1.25,746,1,0
401468901,2023-01-28,Minnesota Timberwolves,Sacramento Kings,117,110,2023,7,227,0.0,True,False,9.0,False,False,same_region,0,0,0,5.2,4.6,0.6000000000000005,0.30000000000000027,1.7,10.4,-8.700000000000001,-4.3500000000000005,747,1,0
401468906,2023-01-28,Portland Trail Blazers,Toronto Raptors,105,123,2023,-18,228,2.0,False,False,0.0,True,True,east_to_west,1,1,0,0.4,2.2,-1.8000000000000003,-0.9000000000000001,1.5,1.6,-0.10000000000000009,-0.050000000000000044,748,1,0
401468905,2023-01-28,Utah Jazz,Dallas Mavericks,108,100,2023,8,208,4.0,False,False,1.0,False,False,same_region,0,0,0,4.2,1.2,3.0,1.5,1.3,-4.7,6.0,3.0,749,1,0
401468897,2023-01-28,Brooklyn Nets,New York Knicks,122,115,2023,7,237,1.0,False,False,1.0,False,False,same_region,0,0,0,-0.4,-6.0,5.6,2.8,-2.4,-1.3,-1.0999999999999999,-0.5499999999999999,750,1,0
401468902,2023-01-28,New Orleans Pelicans,Washington Wizards,103,113,2023,-10,216,2.0,False,False,2.0,False,False,east_to_west,1,1,0,-10.6,5.6,-16.2,-8.1,-5.8,-2.0,-3.8,-1.9,751,1,0
401468910,2023-01-29,Milwaukee Bucks,New Orleans Pelicans,135,110,2023,25,245,3.0,False,False,6.0,False,False,west_to_east,1,0,1,6.8,-7.4,14.2,7.1,3.8,-5.8,9.6,4.8,752,1,0
401468909,2023-01-29,Cleveland Cavaliers,LA Clippers,122,99,2023,23,221,7.0,False,False,0.0,True,False,west_to_east,1,0,1,2.0,16.4,-14.399999999999999,-7.199999999999999,1.5,7.0,-5.5,-2.75,753,1,0
401468908,2023-01-29,Memphis Grizzlies,Indiana Pacers,112,100,2023,12,212,10.0,False,False,3.0,False,False,east_to_west,1,1,0,-9.8,-7.6,-2.200000000000001,-1.1000000000000005,1.4,-9.7,11.1,5.55,754,1,0
401468907,2023-01-29,Charlotte Hornets,Miami Heat,122,117,2023,5,239,2.0,False,False,8.0,False,False,same_region,0,0,0,-5.0,2.6,-7.6,-3.8,-8.0,2.7,-10.7,-5.35,755,1,0
401468914,2023-01-30,Oklahoma City Thunder,Golden State Warriors,120,128,2023,-8,248,2.0,False,False,9.0,False,False,same_region,0,0,0,4.8,2.6,2.1999999999999997,1.0999999999999999,7.7,1.3,6.4,3.2,756,1,0
401468916,2023-01-30,Dallas Mavericks,Detroit Pistons,111,105,2023,6,216,5.0,False,False,3.0,False,False,east_to_west,1,1,0,1.2,-9.2,10.399999999999999,5.199999999999999,-4.4,-9.0,4.6,2.3,757,1,0
401468915,2023-01-30,San Antonio Spurs,Washington Wizards,106,127,2023,-21,233,1.0,False,False,1.0,False,False,east_to_west,1,1,0,-16.4,9.4,-25.799999999999997,-12.899999999999999,-13.2,0.0,-13.2,-6.6,758,1,0
401468917,2023-01-30,Phoenix Suns,Toronto Raptors,114,106,2023,8,220,3.0,False,False,1.0,False,True,east_to_west,1,1,0,8.8,6.2,2.6000000000000005,1.3000000000000003,-0.3,2.2,-2.5,-1.25,759,1,0
401468918,2023-01-30,Portland Trail Blazers,Atlanta Hawks,129,125,2023,4,254,1.0,False,False,4.0,False,False,east_to_west,1,1,0,-1.4,-0.4,-0.9999999999999999,-0.49999999999999994,0.9,1.8,-0.9,-0.45,760,1,0
401468912,2023-01-30,Brooklyn Nets,Los Angeles Lakers,121,104,2023,17,225,1.0,False,False,1.0,False,False,west_to_east,1,0,1,2.0,-0.6,2.6,1.3,-2.3,-1.8,-0.4999999999999998,-0.2499999999999999,761,1,0
401468911,2023-01-30,Philadelphia 76ers,Orlando Magic,109,119,2023,-10,228,1.0,False,False,2.0,False,False,same_region,0,0,0,6.6,-4.6,11.2,5.6,5.9,-3.9,9.8,4.9,762,1,0
401468913,2023-01-30,Minnesota Timberwolves,Sacramento Kings,111,118,2023,-7,229,1.0,False,True,1.0,False,False,same_region,0,0,0,6.2,2.2,4.0,2.0,4.1,9.9,-5.800000000000001,-2.9000000000000004,763,1,0
401468920,2023-01-31,New York Knicks,Los Angeles Lakers,123,129,2023,-6,252,6.0,False,False,0.0,True,True,west_to_east,1,0,1,-5.2,-4.2,-1.0,-0.5,-1.6,-2.2,0.6000000000000001,0.30000000000000004,764,1,0
401468923,2023-01-31,Denver Nuggets,New Orleans Pelicans,122,113,2023,9,235,8.0,False,False,1.0,False,False,same_region,0,0,0,1.4,-9.8,11.200000000000001,5.6000000000000005,6.4,-10.3,16.700000000000003,8.350000000000001,765,1,0
401468919,2023-01-31,Cleveland Cavaliers,Miami Heat,97,100,2023,-3,197,1.0,False,False,1.0,False,False,same_region,0,0,0,7.8,-3.6,11.4,5.7,4.0,2.3,1.7000000000000002,0.8500000000000001,766,1,0
401468921,2023-01-31,Chicago Bulls,LA Clippers,103,108,2023,-5,211,7.0,False,False,1.0,False,True,west_to_east,1,0,1,5.4,10.8,-5.4,-2.7,2.4,3.5,-1.1,-0.55,767,1,0
401468922,2023-01-31,Milwaukee Bucks,Charlotte Hornets,124,115,2023,9,239,1.0,False,False,6.0,False,False,same_region,0,0,0,10.2,-5.0,15.2,7.6,5.9,-7.0,12.9,6.45,768,1,0
401468927,2023-02-01,Boston Celtics,Brooklyn Nets,139,96,2023,43,235,3.0,False,False,6.0,False,False,same_region,0,0,0,-3.0,3.2,-6.2,-3.1,3.8,-0.7,4.5,2.25,769,2,0
401468926,2023-02-01,Memphis Grizzlies,Portland Trail Blazers,112,122,2023,-10,234,2.0,False,False,14.0,False,False,same_region,0,0,0,-7.2,1.4,-8.6,-4.3,1.8,1.6,0.19999999999999996,0.09999999999999998,770,2,0
401468932,2023-02-01,Phoenix Suns,Atlanta Hawks,100,132,2023,-32,232,1.0,False,False,1.0,False,False,east_to_west,1,1,0,9.4,-4.2,13.600000000000001,6.800000000000001,-0.7,2.3,-3.0,-1.5,771,2,0
401468931,2023-02-01,Utah Jazz,Toronto Raptors,131,128,2023,3,259,3.0,False,False,1.0,False,False,east_to_west,1,1,0,5.6,5.0,0.5999999999999996,0.2999999999999998,2.9,0.4,2.5,1.25,772,2,0
401468930,2023-02-01,San Antonio Spurs,Sacramento Kings,109,119,2023,-10,228,1.0,False,False,1.0,False,False,same_region,0,0,0,-19.6,2.6,-22.200000000000003,-11.100000000000001,-14.5,8.1,-22.6,-11.3,773,2,0
401468929,2023-02-01,Minnesota Timberwolves,Golden State Warriors,119,114,2023,5,233,1.0,False,False,1.0,False,False,same_region,0,0,0,3.0,4.8,-1.7999999999999998,-0.8999999999999999,2.9,3.5,-0.6000000000000001,-0.30000000000000004,774,2,0
401468928,2023-02-01,Houston Rockets,Oklahoma City Thunder,112,106,2023,6,218,5.0,False,False,9.0,False,False,same_region,0,0,0,-4.8,-0.8,-4.0,-2.0,-10.3,5.8,-16.1,-8.05,775,2,0
401468925,2023-02-01,Philadelphia 76ers,Orlando Magic,105,94,2023,11,199,1.0,False,False,1.0,False,False,same_region,0,0,0,2.6,1.4,1.2000000000000002,0.6000000000000001,3.7,-0.4,4.1000000000000005,2.0500000000000003,776,2,0
401468936,2023-02-02,Chicago Bulls,Charlotte Hornets,114,98,2023,16,212,1.0,False,False,1.0,False,False,same_region,0,0,0,0.8,-7.6,8.4,4.2,1.1,-6.7,7.800000000000001,3.9000000000000004,777,2,0
401468934,2023-02-02,Cleveland Cavaliers,Memphis Grizzlies,128,113,2023,15,241,1.0,False,False,5.0,False,False,west_to_east,1,0,1,4.8,-8.8,13.600000000000001,6.800000000000001,3.1,0.2,2.9,1.45,778,2,0
401468933,2023-02-02,Indiana Pacers,Los Angeles Lakers,111,112,2023,-1,223,5.0,False,False,1.0,False,True,west_to_east,1,0,1,-5.4,-4.8,-0.6000000000000005,-0.30000000000000027,-10.3,-1.2,-9.100000000000001,-4.550000000000001,779,2,0
401468938,2023-02-02,Denver Nuggets,Golden State Warriors,134,117,2023,17,251,1.0,False,False,0.0,True,True,same_region,0,0,0,-1.4,2.6,-4.0,-2.0,4.4,4.2,0.20000000000000018,0.10000000000000009,780,2,0
401468937,2023-02-02,Dallas Mavericks,New Orleans Pelicans,111,106,2023,5,217,2.0,False,False,1.0,False,False,same_region,0,0,0,-2.6,-10.8,8.200000000000001,4.1000000000000005,-2.6,-10.1,7.5,3.75,781,2,0
401468935,2023-02-02,New York Knicks,Miami Heat,106,104,2023,2,210,1.0,False,False,1.0,False,False,same_region,0,0,0,-3.4,2.0,-5.4,-2.7,-2.8,2.5,-5.3,-2.65,782,2,0
401468939,2023-02-02,Milwaukee Bucks,LA Clippers,106,105,2023,1,211,1.0,False,False,1.0,False,False,west_to_east,1,0,1,14.4,9.0,5.4,2.7,5.9,5.2,0.7000000000000002,0.3500000000000001,783,2,0
401468941,2023-02-03,Indiana Pacers,Sacramento Kings,107,104,2023,3,211,0.0,True,False,1.0,False,False,west_to_east,1,0,1,-4.6,5.0,-9.6,-4.8,-10.2,7.1,-17.299999999999997,-8.649999999999999,784,2,0
401468942,2023-02-03,Washington Wizards,Portland Trail Blazers,116,124,2023,-8,240,12.0,False,False,1.0,False,False,west_to_east,1,0,1,11.4,5.2,6.2,3.1,3.8,3.2,0.5999999999999996,0.2999999999999998,785,2,0
401468945,2023-02-03,Minnesota Timberwolves,Orlando Magic,120,127,2023,-7,247,1.0,False,False,1.0,False,False,east_to_west,1,1,0,5.0,-3.8,8.8,4.4,2.6,-1.8,4.4,2.2,786,2,0
401468940,2023-02-03,Detroit Pistons,Charlotte Hornets,118,112,2023,6,230,5.0,False,False,0.0,True,True,same_region,0,0,0,-7.8,-7.2,-0.5999999999999996,-0.2999999999999998,-8.4,-7.3,-1.1000000000000005,-0.5500000000000003,787,2,0
401468947,2023-02-03,Utah Jazz,Atlanta Hawks,108,115,2023,-7,223,1.0,False,False,1.0,False,False,east_to_west,1,1,0,1.6,3.0,-1.4,-0.7,3.7,5.3,-1.5999999999999996,-0.7999999999999998,788,2,0
401468943,2023-02-03,Boston Celtics,Phoenix Suns,94,106,2023,-12,200,1.0,False,False,5.0,False,False,west_to_east,1,0,1,5.2,2.6,2.6,1.3,7.0,-1.0,8.0,4.0,789,2,0
401468946,2023-02-03,San Antonio Spurs,Philadelphia 76ers,125,137,2023,-12,262,1.0,False,False,12.0,False,False,east_to_west,1,1,0,-17.6,2.8,-20.400000000000002,-10.200000000000001,-14.9,1.7,-16.6,-8.3,790,2,0
401468944,2023-02-03,Houston Rockets,Toronto Raptors,111,117,2023,-6,228,1.0,False,False,1.0,False,False,east_to_west,1,1,0,-1.8,2.6,-4.4,-2.2,-7.7,1.2,-8.9,-4.45,791,2,0
401468948,2023-02-04,Brooklyn Nets,Washington Wizards,125,123,2023,2,248,4.0,False,False,4.0,False,False,same_region,0,0,0,-6.2,5.8,-12.0,-6.0,-3.9,5.0,-8.9,-4.45,792,2,0
401468949,2023-02-04,Detroit Pistons,Phoenix Suns,100,116,2023,-16,216,0.0,True,False,0.0,True,False,west_to_east,1,0,1,-3.0,-1.2,-1.8,-0.9,-6.6,0.7,-7.3,-3.65,793,2,0
401468950,2023-02-04,New York Knicks,LA Clippers,128,134,2023,-6,262,1.0,False,False,1.0,False,False,west_to_east,1,0,1,-1.2,5.2,-6.4,-3.2,-3.0,3.0,-6.0,-3.0,794,2,0
401468953,2023-02-04,New Orleans Pelicans,Los Angeles Lakers,131,126,2023,5,257,6.0,False,False,1.0,False,False,same_region,0,0,0,-11.6,-1.0,-10.6,-5.3,-11.2,-1.0,-10.2,-5.1,795,2,0
401468952,2023-02-04,Milwaukee Bucks,Miami Heat,123,115,2023,8,238,1.0,False,False,1.0,False,False,same_region,0,0,0,10.6,0.8,9.799999999999999,4.8999999999999995,6.6,1.7,4.8999999999999995,2.4499999999999997,796,2,0
401468954,2023-02-04,Oklahoma City Thunder,Houston Rockets,153,121,2023,32,274,4.0,False,False,6.0,False,False,same_region,0,0,0,-1.0,-4.0,3.0,1.5,5.3,-5.8,11.1,5.55,797,2,0
401468955,2023-02-04,Golden State Warriors,Dallas Mavericks,119,113,2023,6,232,7.0,False,False,6.0,False,False,same_region,0,0,0,0.0,1.2,-1.2,-0.6,-0.6,-2.5,1.9,0.95,798,2,0
401468956,2023-02-04,Denver Nuggets,Atlanta Hawks,128,108,2023,20,236,1.0,False,False,0.0,True,True,east_to_west,1,1,0,2.4,6.6,-4.199999999999999,-2.0999999999999996,4.9,4.9,0.0,0.0,799,2,0
401468951,2023-02-04,Chicago Bulls,Portland Trail Blazers,129,121,2023,8,250,1.0,False,False,0.0,True,True,west_to_east,1,0,1,1.8,2.8,-0.9999999999999998,-0.4999999999999999,3.5,2.3,1.2000000000000002,0.6000000000000001,800,2,0
401468960,2023-02-05,Memphis Grizzlies,Toronto Raptors,103,106,2023,-3,209,3.0,False,False,1.0,False,False,east_to_west,1,1,0,-5.2,0.2,-5.4,-2.7,-3.1,1.6,-4.7,-2.35,801,2,0
401468961,2023-02-05,Minnesota Timberwolves,Denver Nuggets,128,98,2023,30,226,1.0,False,False,7.0,False,False,same_region,0,0,0,1.8,6.2,-4.4,-2.2,2.0,6.6,-4.6,-2.3,802,2,0
401468962,2023-02-05,New Orleans Pelicans,Sacramento Kings,136,104,2023,32,240,0.0,True,False,1.0,False,False,same_region,0,0,0,-8.8,-2.2,-6.6000000000000005,-3.3000000000000003,-9.7,4.3,-14.0,-7.0,803,2,0
401468959,2023-02-05,New York Knicks,Philadelphia 76ers,108,97,2023,11,205,0.0,True,True,1.0,False,False,same_region,0,0,0,-2.8,4.8,-7.6,-3.8,-4.9,4.8,-9.7,-4.85,804,2,0
401468957,2023-02-05,Charlotte Hornets,Orlando Magic,113,119,2023,-6,232,6.0,False,False,1.0,False,False,same_region,0,0,0,-2.2,-3.6,1.4,0.7,-6.3,-0.7,-5.6,-2.8,805,2,0
401468958,2023-02-05,Indiana Pacers,Cleveland Cavaliers,103,122,2023,-19,225,1.0,False,True,8.0,False,False,same_region,0,0,0,-5.2,8.2,-13.399999999999999,-6.699999999999999,-8.1,5.4,-13.5,-6.75,806,2,0
401468970,2023-02-06,Portland Trail Blazers,Milwaukee Bucks,108,127,2023,-19,235,6.0,False,False,9.0,False,False,east_to_west,1,1,0,-0.8,10.6,-11.4,-5.7,-0.2,9.0,-9.2,-4.6,807,2,0
401468964,2023-02-06,Washington Wizards,Cleveland Cavaliers,91,114,2023,-23,205,2.0,False,False,0.0,True,False,same_region,0,0,0,5.2,8.4,-3.2,-1.6,4.5,6.3,-1.7999999999999998,-0.8999999999999999,808,2,0
401468965,2023-02-06,Brooklyn Nets,LA Clippers,116,124,2023,-8,240,1.0,False,False,1.0,False,False,west_to_east,1,0,1,-5.0,-1.2,-3.8,-1.9,-2.7,4.6,-7.3,-3.65,809,2,0
401468963,2023-02-06,Detroit Pistons,Boston Celtics,99,111,2023,-12,210,1.0,False,True,12.0,False,False,same_region,0,0,0,-2.2,5.8,-8.0,-4.0,-5.1,4.7,-9.8,-4.9,810,2,0
401468967,2023-02-06,Houston Rockets,Sacramento Kings,120,140,2023,-20,260,2.0,False,False,0.0,True,True,same_region,0,0,0,-9.4,-5.0,-4.4,-2.2,-6.9,-0.2,-6.7,-3.35,811,2,0
401468969,2023-02-06,Golden State Warriors,Oklahoma City Thunder,141,114,2023,27,255,1.0,False,False,4.0,False,False,same_region,0,0,0,0.8,5.0,-4.2,-2.1,1.4,6.6,-5.199999999999999,-2.5999999999999996,812,2,0
401468966,2023-02-06,Chicago Bulls,San Antonio Spurs,128,104,2023,24,232,1.0,False,False,10.0,False,False,west_to_east,1,0,1,4.6,-18.2,22.799999999999997,11.399999999999999,4.6,-13.0,17.6,8.8,813,2,0
401468968,2023-02-06,Utah Jazz,Dallas Mavericks,111,124,2023,-13,235,2.0,False,False,1.0,False,False,same_region,0,0,0,2.4,0.2,2.1999999999999997,1.0999999999999999,2.8,-1.4,4.199999999999999,2.0999999999999996,814,2,0
401468972,2023-02-07,Brooklyn Nets,Phoenix Suns,112,116,2023,-4,228,0.0,True,True,2.0,False,False,west_to_east,1,0,1,-5.0,2.8,-7.8,-3.9,-2.7,5.3,-8.0,-4.0,815,2,0
401468971,2023-02-07,Orlando Magic,New York Knicks,98,102,2023,-4,200,9.0,False,False,9.0,False,False,same_region,0,0,0,-1.4,-1.2,-0.19999999999999996,-0.09999999999999998,0.2,-3.6,3.8000000000000003,1.9000000000000001,816,2,0
401468976,2023-02-07,Los Angeles Lakers,Oklahoma City Thunder,130,133,2023,-3,263,12.0,False,False,0.0,True,False,same_region,0,0,0,-3.8,0.6,-4.3999999999999995,-2.1999999999999997,-2.3,2.5,-4.8,-2.4,817,2,0
401468975,2023-02-07,Denver Nuggets,Minnesota Timberwolves,146,112,2023,34,258,2.0,False,False,12.0,False,False,same_region,0,0,0,1.8,5.6,-3.8,-1.9,2.7,5.4,-2.7,-1.35,818,2,0
401468974,2023-02-07,Memphis Grizzlies,Chicago Bulls,104,89,2023,15,193,1.0,False,False,9.0,False,False,east_to_west,1,1,0,-5.4,12.4,-17.8,-8.9,-6.4,8.4,-14.8,-7.4,819,2,0
401468973,2023-02-07,New Orleans Pelicans,Atlanta Hawks,116,107,2023,9,223,1.0,False,True,2.0,False,False,east_to_west,1,1,0,-0.4,1.6,-2.0,-1.0,-3.9,2.1,-6.0,-3.0,820,2,0
401468981,2023-02-08,Toronto Raptors,San Antonio Spurs,112,98,2023,14,210,16.0,False,False,1.0,False,False,west_to_east,1,0,1,3.2,-15.4,18.6,9.3,2.7,-14.1,16.8,8.4,821,2,0
401468984,2023-02-08,LA Clippers,Dallas Mavericks,104,110,2023,-6,214,12.0,False,False,1.0,False,False,same_region,0,0,0,-1.0,2.0,-3.0,-1.5,7.7,1.6,6.1,3.05,822,2,0
401468979,2023-02-08,Boston Celtics,Philadelphia 76ers,106,99,2023,7,205,4.0,False,False,2.0,False,False,same_region,0,0,0,8.8,1.8,7.000000000000001,3.5000000000000004,4.3,3.6,0.6999999999999997,0.34999999999999987,823,2,0
401468977,2023-02-08,Cleveland Cavaliers,Detroit Pistons,113,85,2023,28,198,5.0,False,False,8.0,False,False,same_region,0,0,0,15.4,-6.2,21.6,10.8,8.7,-8.0,16.7,8.35,824,2,0
401468978,2023-02-08,Washington Wizards,Charlotte Hornets,118,104,2023,14,222,1.0,False,False,4.0,False,False,same_region,0,0,0,-0.4,-6.4,6.0,3.0,2.6,-5.7,8.3,4.15,825,2,0
401468985,2023-02-08,Portland Trail Blazers,Golden State Warriors,125,122,2023,3,247,1.0,False,False,5.0,False,False,same_region,0,0,0,-1.0,3.8,-4.8,-2.4,-1.2,3.2,-4.4,-2.2,826,2,0
401468982,2023-02-08,Houston Rockets,Sacramento Kings,128,130,2023,-2,258,1.0,False,False,1.0,False,True,same_region,0,0,0,-9.8,0.4,-10.200000000000001,-5.1000000000000005,-8.1,1.3,-9.4,-4.7,827,2,0
401468980,2023-02-08,Miami Heat,Indiana Pacers,116,111,2023,5,227,11.0,False,False,9.0,False,False,same_region,0,0,0,-1.4,-7.8,6.4,3.2,-0.7,-8.7,7.999999999999999,3.9999999999999996,828,2,0
401468983,2023-02-08,Utah Jazz,Minnesota Timberwolves,118,143,2023,-25,261,1.0,False,False,0.0,True,False,same_region,0,0,0,-3.8,-2.6,-1.1999999999999997,-0.5999999999999999,1.1,1.8,-0.7,-0.35,829,2,0
401468989,2023-02-09,Los Angeles Lakers,Milwaukee Bucks,106,115,2023,-9,221,1.0,False,False,2.0,False,False,east_to_west,1,1,0,-3.6,12.4,-16.0,-8.0,-2.1,9.6,-11.7,-5.85,830,2,0
401468988,2023-02-09,Brooklyn Nets,Chicago Bulls,116,105,2023,11,221,1.0,False,True,1.0,False,False,same_region,0,0,0,-7.2,5.6,-12.8,-6.4,-2.6,5.5,-8.1,-4.05,831,2,0
401468987,2023-02-09,Atlanta Hawks,Phoenix Suns,116,107,2023,9,223,11.0,False,False,1.0,False,False,west_to_east,1,0,1,1.2,1.6,-0.40000000000000013,-0.20000000000000007,0.4,5.2,-4.8,-2.4,832,2,0
401468986,2023-02-09,Orlando Magic,Denver Nuggets,115,104,2023,11,219,1.0,False,False,3.0,False,False,west_to_east,1,0,1,1.6,10.0,-8.4,-4.2,-1.5,5.7,-7.2,-3.6,833,2,0
401468991,2023-02-10,Indiana Pacers,Phoenix Suns,104,117,2023,-13,221,4.0,False,False,0.0,True,True,west_to_east,1,0,1,-6.8,-1.8,-5.0,-2.5,-7.2,3.8,-11.0,-5.5,834,2,0
401468992,2023-02-10,Philadelphia 76ers,New York Knicks,119,108,2023,11,227,8.0,False,False,2.0,False,False,same_region,0,0,0,-1.0,1.0,-2.0,-1.0,2.8,-2.1,4.9,2.45,835,2,0
401468993,2023-02-10,Boston Celtics,Charlotte Hornets,127,116,2023,11,243,1.0,False,False,1.0,False,False,same_region,0,0,0,10.8,-10.2,21.0,10.5,3.8,-7.6,11.399999999999999,5.699999999999999,836,2,0
401468994,2023-02-10,Toronto Raptors,Utah Jazz,116,122,2023,-6,238,1.0,False,False,15.0,False,False,west_to_east,1,0,1,2.4,-6.8,9.2,4.6,4.3,-1.3,5.6,2.8,837,2,0
401468999,2023-02-10,Sacramento Kings,Dallas Mavericks,114,122,2023,-8,236,15.0,False,False,1.0,False,False,same_region,0,0,0,-0.6,4.8,-5.3999999999999995,-2.6999999999999997,1.0,3.0,-2.0,-1.0,838,2,0
401468990,2023-02-10,Detroit Pistons,San Antonio Spurs,138,131,2023,7,269,3.0,False,False,1.0,False,False,west_to_east,1,0,1,-11.2,-16.2,5.0,2.5,-10.2,-16.3,6.100000000000001,3.0500000000000007,839,2,0
401468997,2023-02-10,New Orleans Pelicans,Cleveland Cavaliers,107,118,2023,-11,225,2.0,False,False,3.0,False,False,east_to_west,1,1,0,6.4,16.4,-9.999999999999998,-4.999999999999999,-1.7,12.1,-13.799999999999999,-6.8999999999999995,840,2,0
401468998,2023-02-10,Portland Trail Blazers,Oklahoma City Thunder,129,138,2023,-9,267,1.0,False,False,2.0,False,False,same_region,0,0,0,-1.2,-1.2,0.0,0.0,0.1,1.8,-1.7,-0.85,841,2,0
401469000,2023-02-10,LA Clippers,Milwaukee Bucks,106,119,2023,-13,225,1.0,False,False,0.0,True,False,east_to_west,1,1,0,2.4,9.2,-6.799999999999999,-3.3999999999999995,6.6,9.7,-3.0999999999999996,-1.5499999999999998,842,2,0
401468995,2023-02-10,Miami Heat,Houston Rockets,97,95,2023,2,192,1.0,False,False,5.0,False,False,west_to_east,1,0,1,-1.4,-10.8,9.4,4.7,0.6,-7.8,8.4,4.2,843,2,0
401468996,2023-02-10,Memphis Grizzlies,Minnesota Timberwolves,128,107,2023,21,235,2.0,False,False,1.0,False,True,same_region,0,0,0,-0.2,3.8,-4.0,-2.0,-5.0,3.4,-8.4,-4.2,844,2,0
401469004,2023-02-11,Washington Wizards,Indiana Pacers,127,113,2023,14,240,2.0,False,False,2.0,False,False,same_region,0,0,0,0.4,-7.0,7.4,3.7,4.9,-6.2,11.100000000000001,5.550000000000001,845,2,0
401469001,2023-02-11,Brooklyn Nets,Philadelphia 76ers,98,101,2023,-3,199,1.0,False,False,2.0,False,False,same_region,0,0,0,-8.4,3.2,-11.600000000000001,-5.800000000000001,-2.6,2.9,-5.5,-2.75,846,2,0
401469002,2023-02-11,Charlotte Hornets,Denver Nuggets,105,119,2023,-14,224,5.0,False,False,1.0,False,False,west_to_east,1,0,1,-10.6,6.0,-16.6,-8.3,-9.1,2.3,-11.399999999999999,-5.699999999999999,847,2,0
401469007,2023-02-11,Cleveland Cavaliers,Chicago Bulls,97,89,2023,8,186,2.0,False,False,1.0,False,False,same_region,0,0,0,19.2,4.4,14.799999999999999,7.3999999999999995,12.0,2.6,9.4,4.7,848,2,0
401469003,2023-02-11,Orlando Magic,Miami Heat,103,107,2023,-4,210,1.0,False,False,6.0,False,False,same_region,0,0,0,1.8,0.0,1.8,0.9,1.6,-1.8,3.4000000000000004,1.7000000000000002,849,2,0
401469008,2023-02-11,Golden State Warriors,Los Angeles Lakers,103,109,2023,-6,212,4.0,False,False,6.0,False,False,same_region,0,0,0,1.6,-2.0,3.6,1.8,3.2,-3.1,6.300000000000001,3.1500000000000004,850,2,0
401469009,2023-02-11,Sacramento Kings,Dallas Mavericks,133,128,2023,5,261,0.0,True,False,0.0,True,True,same_region,0,0,0,-4.2,5.2,-9.4,-4.7,0.4,1.3,-0.9,-0.45,851,2,0
401469005,2023-02-11,Atlanta Hawks,San Antonio Spurs,125,106,2023,19,231,1.0,False,False,0.0,True,True,west_to_east,1,0,1,3.8,-13.4,17.2,8.6,-0.2,-16.5,16.3,8.15,852,2,0
401469006,2023-02-11,New York Knicks,Utah Jazz,126,120,2023,6,246,5.0,False,False,0.0,True,False,west_to_east,1,0,1,0.0,-7.2,7.2,3.6,-1.7,-0.8,-0.8999999999999999,-0.44999999999999996,853,2,0
401469011,2023-02-12,Toronto Raptors,Detroit Pistons,119,118,2023,1,237,1.0,False,False,3.0,False,False,same_region,0,0,0,2.8,-8.6,11.399999999999999,5.699999999999999,3.9,-8.2,12.1,6.05,854,2,0
401469010,2023-02-12,Boston Celtics,Memphis Grizzlies,119,109,2023,10,228,1.0,False,False,9.0,False,False,west_to_east,1,0,1,12.2,1.6,10.6,5.3,4.6,-2.8,7.3999999999999995,3.6999999999999997,855,2,0
401469016,2023-02-13,Miami Heat,Denver Nuggets,108,112,2023,-4,220,2.0,False,False,1.0,False,False,west_to_east,1,0,1,0.2,5.4,-5.2,-2.6,1.1,3.9,-2.8,-1.4,856,2,0
401469015,2023-02-13,Philadelphia 76ers,Houston Rockets,123,104,2023,19,227,2.0,False,False,2.0,False,False,west_to_east,1,0,1,1.6,-12.4,14.0,7.0,2.2,-7.1,9.3,4.65,857,2,0
401469013,2023-02-13,Cleveland Cavaliers,San Antonio Spurs,117,109,2023,8,226,1.0,False,False,1.0,False,True,west_to_east,1,0,1,17.8,-15.2,33.0,16.5,13.0,-16.4,29.4,14.7,858,2,0
401469014,2023-02-13,Indiana Pacers,Utah Jazz,117,123,2023,-6,240,2.0,False,False,1.0,False,True,west_to_east,1,0,1,-9.6,-9.0,-0.5999999999999996,-0.2999999999999998,-7.1,-3.7,-3.3999999999999995,-1.6999999999999997,859,2,0
401469020,2023-02-13,Dallas Mavericks,Minnesota Timberwolves,121,124,2023,-3,245,10.0,False,False,2.0,False,False,same_region,0,0,0,3.2,-1.4,4.6,2.3,2.2,1.8,0.40000000000000013,0.20000000000000007,860,2,0
401469012,2023-02-13,Charlotte Hornets,Atlanta Hawks,144,138,2023,6,282,1.0,False,False,5.0,False,False,same_region,0,0,0,-10.2,1.2,-11.399999999999999,-5.699999999999999,-8.7,2.1,-10.799999999999999,-5.3999999999999995,861,2,0
401469021,2023-02-13,Golden State Warriors,Washington Wizards,135,126,2023,9,261,1.0,False,False,8.0,False,False,east_to_west,1,1,0,1.4,-1.0,2.4,1.2,2.0,5.2,-3.2,-1.6,862,2,0
401469017,2023-02-13,New York Knicks,Brooklyn Nets,124,106,2023,18,230,1.0,False,False,11.0,False,False,same_region,0,0,0,0.8,-0.4,1.2000000000000002,0.6000000000000001,-0.2,-3.3,3.0999999999999996,1.5499999999999998,863,2,0
401469019,2023-02-13,Oklahoma City Thunder,New Orleans Pelicans,100,103,2023,-3,203,8.0,False,False,10.0,False,False,same_region,0,0,0,2.2,6.0,-3.8,-1.9,0.7,-2.4,3.0999999999999996,1.5499999999999998,864,2,0
401469022,2023-02-13,Portland Trail Blazers,Los Angeles Lakers,127,115,2023,12,242,2.0,False,False,1.0,False,False,same_region,0,0,0,-5.0,-2.0,-3.0,-1.5,0.1,-3.4,3.5,1.75,865,2,0
401469018,2023-02-13,Chicago Bulls,Orlando Magic,91,100,2023,-9,191,6.0,False,False,7.0,False,False,same_region,0,0,0,-0.4,3.2,-3.6,-1.8,0.7,-0.3,1.0,0.5,866,2,0
401469027,2023-02-14,Portland Trail Blazers,Washington Wizards,101,126,2023,-25,227,0.0,True,False,0.0,True,False,east_to_west,1,1,0,-4.2,-1.2,-3.0,-1.5,-0.7,2.3,-3.0,-1.5,867,2,0
401469026,2023-02-14,LA Clippers,Golden State Warriors,134,124,2023,10,258,3.0,False,False,5.0,False,False,same_region,0,0,0,-1.2,6.6,-7.8,-3.9,3.9,3.3,0.6000000000000001,0.30000000000000004,868,2,0
401469025,2023-02-14,Phoenix Suns,Sacramento Kings,120,109,2023,11,229,12.0,False,False,5.0,False,False,same_region,0,0,0,7.2,-2.6,9.8,4.9,4.9,-2.4,7.300000000000001,3.6500000000000004,869,2,0
401469024,2023-02-14,Milwaukee Bucks,Boston Celtics,131,125,2023,6,256,9.0,False,False,7.0,False,False,same_region,0,0,0,10.0,5.6,4.4,2.2,12.2,5.4,6.799999999999999,3.3999999999999995,870,2,0
401469023,2023-02-14,Toronto Raptors,Orlando Magic,123,113,2023,10,236,1.0,False,False,0.0,True,False,same_region,0,0,0,3.6,3.6,0.0,0.0,3.1,0.0,3.1,1.55,871,2,0
401469037,2023-02-15,Los Angeles Lakers,New Orleans Pelicans,120,102,2023,18,222,5.0,False,False,1.0,False,False,same_region,0,0,0,-4.6,7.6,-12.2,-6.1,-2.8,-2.0,-0.7999999999999998,-0.3999999999999999,872,2,0
401469029,2023-02-15,Indiana Pacers,Chicago Bulls,117,113,2023,4,230,1.0,False,False,3.0,False,False,same_region,0,0,0,-11.4,-3.8,-7.6000000000000005,-3.8000000000000003,-8.3,0.4,-8.700000000000001,-4.3500000000000005,873,2,0
401469030,2023-02-15,Philadelphia 76ers,Cleveland Cavaliers,118,112,2023,6,230,1.0,False,False,4.0,False,False,same_region,0,0,0,3.0,15.6,-12.6,-6.3,3.9,12.0,-8.1,-4.05,874,2,0
401469031,2023-02-15,Atlanta Hawks,New York Knicks,101,122,2023,-21,223,3.0,False,False,4.0,False,False,same_region,0,0,0,-1.4,5.6,-7.0,-3.5,2.6,1.4,1.2000000000000002,0.6000000000000001,875,2,0
401469032,2023-02-15,Boston Celtics,Detroit Pistons,127,109,2023,18,236,2.0,False,False,2.0,False,False,same_region,0,0,0,6.8,-10.0,16.8,8.4,6.3,-6.5,12.8,6.4,876,2,0
401469033,2023-02-15,Brooklyn Nets,Miami Heat,116,105,2023,11,221,3.0,False,False,3.0,False,False,same_region,0,0,0,-4.4,-0.2,-4.2,-2.1,-4.7,0.3,-5.0,-2.5,877,2,0
401469034,2023-02-15,Memphis Grizzlies,Utah Jazz,117,111,2023,6,228,4.0,False,False,1.0,False,False,same_region,0,0,0,1.6,-6.4,8.0,4.0,-3.6,-2.0,-1.6,-0.8,878,2,0
401469036,2023-02-15,Denver Nuggets,Dallas Mavericks,118,109,2023,9,227,7.0,False,False,3.0,False,False,same_region,0,0,0,2.2,3.8,-1.5999999999999996,-0.7999999999999998,4.2,2.0,2.2,1.1,879,2,0
401469035,2023-02-15,Oklahoma City Thunder,Houston Rockets,133,96,2023,37,229,1.0,False,False,1.0,False,False,same_region,0,0,0,2.8,-15.0,17.8,8.9,0.9,-9.5,10.4,5.2,880,2,0
401469028,2023-02-15,Charlotte Hornets,San Antonio Spurs,120,110,2023,10,230,1.0,False,False,1.0,False,False,west_to_east,1,0,1,-7.8,-14.4,6.6000000000000005,3.3000000000000003,-5.0,-16.3,11.3,5.65,881,2,0
401469040,2023-02-16,Phoenix Suns,LA Clippers,107,116,2023,-9,223,1.0,False,False,9.0,False,False,same_region,0,0,0,7.0,1.0,6.0,3.0,2.9,3.1,-0.20000000000000018,-0.10000000000000009,882,2,0
401469038,2023-02-16,Chicago Bulls,Milwaukee Bucks,100,112,2023,-12,212,2.0,False,False,5.0,False,False,same_region,0,0,0,-9.4,11.0,-20.4,-10.2,1.5,10.8,-9.3,-4.65,883,2,0
401469039,2023-02-16,Minnesota Timberwolves,Washington Wizards,106,114,2023,-8,220,10.0,False,False,1.0,False,True,east_to_west,1,1,0,0.6,4.2,-3.6,-1.8,1.2,4.7,-3.5,-1.75,884,2,0
401524696,2023-02-19,Team LeBron,Team Giannis,175,184,2023,-9,359,,False,False,,False,False,same_region,0,0,0,,,0.0,0.0,,,0.0,0.0,885,2,0
401469043,2023-02-23,Orlando Magic,Detroit Pistons,108,106,2023,2,214,11.0,False,False,7.0,False,False,same_region,0,0,0,0.4,-10.4,10.8,5.4,-0.5,-6.3,5.8,2.9,886,2,0
401469042,2023-02-23,Indiana Pacers,Boston Celtics,138,142,2023,-4,280,7.0,False,False,8.0,False,False,same_region,0,0,0,-6.8,8.0,-14.8,-7.4,-7.3,8.4,-15.7,-7.85,887,2,0
401469049,2023-02-23,Sacramento Kings,Portland Trail Blazers,133,116,2023,17,249,11.0,False,False,18.0,False,False,same_region,0,0,0,1.6,-7.6,9.2,4.6,-1.7,-4.2,2.5,1.25,888,2,0
401469048,2023-02-23,Los Angeles Lakers,Golden State Warriors,124,111,2023,13,235,7.0,False,False,8.0,False,False,same_region,0,0,0,0.0,3.4,-3.4,-1.7,-1.9,2.1,-4.0,-2.0,889,2,0
401469047,2023-02-23,Utah Jazz,Oklahoma City Thunder,120,119,2023,1,239,14.0,False,False,12.0,False,False,same_region,0,0,0,-5.0,3.8,-8.8,-4.4,-4.4,4.4,-8.8,-4.4,890,2,0
401469046,2023-02-23,Dallas Mavericks,San Antonio Spurs,142,116,2023,26,258,9.0,False,False,7.0,False,False,same_region,0,0,0,-0.6,-11.6,11.0,5.5,0.7,-13.5,14.2,7.1,891,2,0
401469045,2023-02-23,Toronto Raptors,New Orleans Pelicans,115,110,2023,5,225,8.0,False,False,7.0,False,False,west_to_east,1,0,1,4.4,3.0,1.4000000000000004,0.7000000000000002,2.3,-2.9,5.199999999999999,2.5999999999999996,892,2,0
401469044,2023-02-23,Philadelphia 76ers,Memphis Grizzlies,110,105,2023,5,215,7.0,False,False,10.0,False,False,west_to_east,1,0,1,6.4,5.8,0.6000000000000005,0.30000000000000027,4.1,0.3,3.8,1.9,893,2,0
401469041,2023-02-23,Cleveland Cavaliers,Denver Nuggets,109,115,2023,-6,224,9.0,False,False,9.0,False,False,west_to_east,1,0,1,9.8,10.0,-0.1999999999999993,-0.09999999999999964,12.6,5.9,6.699999999999999,3.3499999999999996,894,2,0
401469053,2023-02-24,Minnesota Timberwolves,Charlotte Hornets,113,121,2023,-8,234,7.0,False,False,13.0,False,False,east_to_west,1,1,0,-7.0,-4.6,-2.4000000000000004,-1.2000000000000002,-0.7,-5.5,4.8,2.4,895,2,0
401469051,2023-02-24,Atlanta Hawks,Cleveland Cavaliers,136,119,2023,17,255,8.0,False,False,8.0,False,False,same_region,0,0,0,-1.6,3.0,-4.6,-2.3,0.0,9.7,-9.7,-4.85,896,2,0
401469052,2023-02-24,Milwaukee Bucks,Miami Heat,128,99,2023,29,227,9.0,False,False,8.0,False,False,same_region,0,0,0,11.8,-0.8,12.600000000000001,6.300000000000001,11.2,-1.1,12.299999999999999,6.1499999999999995,897,2,0
401469056,2023-02-24,Golden State Warriors,Houston Rockets,116,101,2023,15,217,10.0,False,False,8.0,False,False,same_region,0,0,0,-4.6,-16.0,11.4,5.7,-0.4,-12.7,12.299999999999999,6.1499999999999995,898,2,0
401469055,2023-02-24,Chicago Bulls,Brooklyn Nets,131,87,2023,44,218,7.0,False,False,10.0,False,False,same_region,0,0,0,-8.8,-0.6,-8.200000000000001,-4.1000000000000005,-1.6,-2.8,1.1999999999999997,0.5999999999999999,899,2,0
401469054,2023-02-24,Phoenix Suns,Oklahoma City Thunder,124,115,2023,9,239,7.0,False,False,0.0,True,False,same_region,0,0,0,2.0,9.0,-7.0,-3.5,2.4,4.8,-2.4,-1.2,900,2,0
401469057,2023-02-24,LA Clippers,Sacramento Kings,175,176,2023,-1,351,9.0,False,False,9.0,False,False,same_region,0,0,0,1.6,1.0,0.6000000000000001,0.30000000000000004,0.2,0.7,-0.49999999999999994,-0.24999999999999997,901,2,0
401469050,2023-02-24,Washington Wizards,New York Knicks,109,115,2023,-6,224,12.0,False,False,8.0,False,False,same_region,0,0,0,10.4,7.6,2.8000000000000007,1.4000000000000004,5.0,3.2,1.7999999999999998,0.8999999999999999,902,2,0
401469059,2023-02-25,Charlotte Hornets,Miami Heat,108,103,2023,5,211,9.0,False,False,0.0,True,False,same_region,0,0,0,-0.2,-7.6,7.3999999999999995,3.6999999999999997,-5.2,-4.5,-0.7000000000000002,-0.3500000000000001,903,2,0
401469058,2023-02-25,Detroit Pistons,Toronto Raptors,91,95,2023,-4,186,14.0,False,False,19.0,False,False,same_region,0,0,0,-8.4,4.8,-13.2,-6.6,-7.3,4.0,-11.3,-5.65,904,2,0
401469060,2023-02-25,Orlando Magic,Indiana Pacers,108,121,2023,-13,229,1.0,False,False,13.0,False,False,same_region,0,0,0,1.6,-6.6,8.2,4.1,1.6,-6.7,8.3,4.15,905,2,0
401469064,2023-02-25,Utah Jazz,San Antonio Spurs,118,102,2023,16,220,1.0,False,False,1.0,False,False,same_region,0,0,0,0.2,-14.0,14.2,7.1,-3.3,-15.1,11.8,5.9,906,2,0
401469063,2023-02-25,Philadelphia 76ers,Boston Celtics,107,110,2023,-3,217,1.0,False,False,1.0,False,False,same_region,0,0,0,8.8,7.4,1.4000000000000004,0.7000000000000002,3.9,9.1,-5.199999999999999,-2.5999999999999996,907,2,0
401469062,2023-02-25,Memphis Grizzlies,Denver Nuggets,112,94,2023,18,206,9.0,False,False,1.0,False,False,same_region,0,0,0,5.4,4.4,1.0,0.5,0.0,7.2,-7.2,-3.6,908,2,0
401469061,2023-02-25,New York Knicks,New Orleans Pelicans,128,106,2023,22,234,11.0,False,False,1.0,False,False,west_to_east,1,0,1,8.0,-4.4,12.4,6.2,4.5,-2.4,6.9,3.45,909,2,0
401469065,2023-02-26,Milwaukee Bucks,Phoenix Suns,104,101,2023,3,205,1.0,False,False,15.0,False,False,west_to_east,1,0,1,13.8,3.0,10.8,5.4,13.1,2.3,10.8,5.4,910,2,0
401469067,2023-02-26,Chicago Bulls,Washington Wizards,102,82,2023,20,184,1.0,False,False,9.0,False,False,same_region,0,0,0,2.2,6.4,-4.2,-2.1,3.3,3.4,-0.10000000000000009,-0.050000000000000044,911,2,0
401469068,2023-02-26,Dallas Mavericks,Los Angeles Lakers,108,111,2023,-3,219,2.0,False,False,12.0,False,False,same_region,0,0,0,3.4,3.2,0.19999999999999973,0.09999999999999987,4.1,-0.2,4.3,2.15,912,2,0
401469066,2023-02-26,Atlanta Hawks,Brooklyn Nets,129,127,2023,2,256,1.0,False,False,1.0,False,False,same_region,0,0,0,3.6,-8.6,12.2,6.1,2.4,-7.9,10.3,5.15,913,2,0
401469070,2023-02-26,Oklahoma City Thunder,Sacramento Kings,115,124,2023,-9,239,10.0,False,False,1.0,False,False,same_region,0,0,0,6.6,0.8,5.8,2.9,2.7,0.1,2.6,1.3,914,2,0
401469071,2023-02-26,Golden State Warriors,Minnesota Timberwolves,109,104,2023,5,213,1.0,False,False,12.0,False,False,same_region,0,0,0,-1.0,-1.8,0.8,0.4,0.3,-2.2,2.5,1.25,915,2,0
401469072,2023-02-26,Portland Trail Blazers,Houston Rockets,131,114,2023,17,245,11.0,False,False,1.0,False,False,same_region,0,0,0,-7.2,-15.0,7.8,3.9,-4.1,-12.4,8.3,4.15,916,2,0
401469073,2023-02-26,Denver Nuggets,LA Clippers,134,124,2023,10,258,10.0,False,False,9.0,False,False,same_region,0,0,0,3.0,-0.2,3.2,1.6,4.5,-0.6,5.1,2.55,917,2,0
401469069,2023-02-26,Cleveland Cavaliers,Toronto Raptors,118,93,2023,25,211,2.0,False,False,0.0,True,False,same_region,0,0,0,-2.6,2.8,-5.4,-2.7,8.3,2.6,5.700000000000001,2.8500000000000005,918,2,0
401469077,2023-02-27,New Orleans Pelicans,Orlando Magic,93,101,2023,-8,194,16.0,False,False,12.0,False,False,east_to_west,1,1,0,-10.6,-3.2,-7.3999999999999995,-3.6999999999999997,-2.1,-0.7,-1.4000000000000001,-0.7000000000000001,919,2,0
401469076,2023-02-27,New York Knicks,Boston Celtics,109,94,2023,15,203,1.0,False,False,1.0,False,False,same_region,0,0,0,14.6,5.8,8.8,4.4,7.3,9.0,-1.7000000000000002,-0.8500000000000001,920,2,0
401469075,2023-02-27,Philadelphia 76ers,Miami Heat,99,101,2023,-2,200,1.0,False,False,1.0,False,True,same_region,0,0,0,6.0,-9.0,15.0,7.5,4.6,-4.5,9.1,4.55,921,2,0
401469074,2023-02-27,Charlotte Hornets,Detroit Pistons,117,106,2023,11,223,1.0,False,False,3.0,False,False,same_region,0,0,0,3.0,-3.6,6.6,3.3,-3.8,-7.4,3.6000000000000005,1.8000000000000003,922,2,0
401469078,2023-02-28,Atlanta Hawks,Washington Wizards,116,119,2023,-3,235,1.0,False,False,1.0,False,False,same_region,0,0,0,2.2,-0.4,2.6,1.3,3.0,-0.7,3.7,1.85,923,2,0
401469079,2023-02-28,Brooklyn Nets,Milwaukee Bucks,104,118,2023,-14,222,12.0,False,False,11.0,False,False,same_region,0,0,0,-11.2,12.6,-23.799999999999997,-11.899999999999999,-9.8,10.9,-20.700000000000003,-10.350000000000001,924,2,0
401469081,2023-02-28,Houston Rockets,Denver Nuggets,112,133,2023,-21,245,19.0,False,False,2.0,False,False,same_region,0,0,0,-18.0,2.2,-20.2,-10.1,-14.4,3.8,-18.2,-9.1,925,2,0
401469080,2023-02-28,Toronto Raptors,Chicago Bulls,104,98,2023,6,202,4.0,False,False,12.0,False,False,same_region,0,0,0,-1.0,7.8,-8.8,-4.4,0.9,3.7,-2.8000000000000003,-1.4000000000000001,926,2,0
401469082,2023-02-28,Memphis Grizzlies,Los Angeles Lakers,121,109,2023,12,230,2.0,False,False,1.0,False,False,same_region,0,0,0,6.0,5.6,0.40000000000000036,0.20000000000000018,2.9,1.8,1.0999999999999999,0.5499999999999999,927,2,0
401469085,2023-02-28,Utah Jazz,San Antonio Spurs,94,102,2023,-8,196,2.0,False,False,2.0,False,False,same_region,0,0,0,2.2,-15.8,18.0,9.0,-2.5,-14.6,12.1,6.05,928,2,0
401469087,2023-02-28,LA Clippers,Minnesota Timberwolves,101,108,2023,-7,209,3.0,False,False,1.0,False,False,same_region,0,0,0,-1.0,-7.8,6.8,3.4,0.7,-2.0,2.7,1.35,929,2,0
401469084,2023-02-28,Dallas Mavericks,Indiana Pacers,122,124,2023,-2,246,1.0,False,False,2.0,False,False,east_to_west,1,1,0,1.2,-1.4,2.5999999999999996,1.2999999999999998,3.2,-4.2,7.4,3.7,930,2,0
401469083,2023-02-28,Oklahoma City Thunder,Sacramento Kings,117,123,2023,-6,240,1.0,False,False,1.0,False,False,same_region,0,0,0,3.0,4.2,-1.2000000000000002,-0.6000000000000001,2.6,0.0,2.6,1.3,931,2,0
401469086,2023-02-28,Golden State Warriors,Portland Trail Blazers,123,105,2023,18,228,1.0,False,False,4.0,False,False,same_region,0,0,0,1.2,-4.4,5.6000000000000005,2.8000000000000003,1.3,-2.8,4.1,2.05,932,2,0
401469096,2023-03-01,Portland Trail Blazers,New Orleans Pelicans,110,121,2023,-11,231,2.0,False,False,3.0,False,False,same_region,0,0,0,-6.2,-10.0,3.8,1.9,-5.6,-2.0,-3.5999999999999996,-1.7999999999999998,933,3,0
401469092,2023-03-01,New York Knicks,Brooklyn Nets,142,118,2023,24,260,1.0,False,False,2.0,False,False,same_region,0,0,0,16.4,-13.4,29.799999999999997,14.899999999999999,8.6,-6.9,15.5,7.75,934,3,0
401469088,2023-03-01,Charlotte Hornets,Phoenix Suns,91,105,2023,-14,196,1.0,False,False,2.0,False,False,west_to_east,1,0,1,8.0,4.2,3.8,1.9,-1.1,1.2,-2.3,-1.15,935,3,0
401469089,2023-03-01,Detroit Pistons,Chicago Bulls,115,117,2023,-2,232,3.0,False,False,0.0,True,False,same_region,0,0,0,-7.2,8.4,-15.600000000000001,-7.800000000000001,-7.9,2.3,-10.2,-5.1,936,3,0
401469091,2023-03-01,Miami Heat,Philadelphia 76ers,96,119,2023,-23,215,15.0,False,False,17.0,False,False,same_region,0,0,0,-9.4,5.0,-14.4,-7.2,-4.6,3.3,-7.8999999999999995,-3.9499999999999997,937,3,0
401469090,2023-03-01,Boston Celtics,Cleveland Cavaliers,117,113,2023,4,230,13.0,False,False,4.0,False,False,same_region,0,0,0,0.8,0.8,0.0,0.0,3.2,9.3,-6.1000000000000005,-3.0500000000000003,938,3,0
401469093,2023-03-01,Houston Rockets,Memphis Grizzlies,99,113,2023,-14,212,0.0,True,False,5.0,False,False,same_region,0,0,0,-21.8,4.2,-26.0,-13.0,-17.1,2.9,-20.0,-10.0,939,3,0
401469094,2023-03-01,Milwaukee Bucks,Orlando Magic,139,117,2023,22,256,2.0,False,False,1.0,False,False,same_region,0,0,0,12.8,-0.8,13.600000000000001,6.800000000000001,11.4,1.2,10.200000000000001,5.1000000000000005,940,3,0
401469095,2023-03-01,Oklahoma City Thunder,Los Angeles Lakers,117,123,2023,-6,240,0.0,True,True,0.0,True,True,same_region,0,0,0,2.4,2.0,0.3999999999999999,0.19999999999999996,2.6,0.0,2.6,1.3,941,3,0
401469099,2023-03-02,San Antonio Spurs,Indiana Pacers,110,99,2023,11,209,26.0,False,False,1.0,False,False,east_to_west,1,1,0,-10.4,1.8,-12.200000000000001,-6.1000000000000005,-12.8,-3.9,-8.9,-4.45,942,3,0
401469100,2023-03-02,Golden State Warriors,LA Clippers,115,91,2023,24,206,1.0,False,False,3.0,False,False,same_region,0,0,0,3.0,0.2,2.8,1.4,4.8,-0.5,5.3,2.65,943,3,0
401469097,2023-03-02,Washington Wizards,Toronto Raptors,119,108,2023,11,227,5.0,False,False,3.0,False,False,same_region,0,0,0,2.0,0.0,2.0,1.0,0.4,1.8,-1.4,-0.7,944,3,0
401469098,2023-03-02,Dallas Mavericks,Philadelphia 76ers,133,126,2023,7,259,1.0,False,False,0.0,True,False,east_to_west,1,1,0,1.8,5.8,-4.0,-2.0,2.5,4.4,-1.9000000000000004,-0.9500000000000002,945,3,0
401469103,2023-03-03,Boston Celtics,Brooklyn Nets,105,115,2023,-10,220,1.0,False,False,1.0,False,False,same_region,0,0,0,2.8,-14.6,17.4,8.7,4.8,-9.5,14.3,7.15,946,3,0
401469101,2023-03-03,Charlotte Hornets,Orlando Magic,106,117,2023,-11,223,1.0,False,False,1.0,False,False,same_region,0,0,0,4.0,-7.0,11.0,5.5,-1.9,-1.7,-0.19999999999999996,-0.09999999999999998,947,3,0
401469102,2023-03-03,Atlanta Hawks,Portland Trail Blazers,129,111,2023,18,240,2.0,False,False,2.0,False,False,west_to_east,1,0,1,-2.2,-10.8,8.600000000000001,4.300000000000001,-0.5,-7.5,7.0,3.5,948,3,0
401469104,2023-03-03,Miami Heat,New York Knicks,120,122,2023,-2,242,1.0,False,False,6.0,False,False,same_region,0,0,0,-13.2,17.6,-30.8,-15.4,-6.7,11.6,-18.3,-9.15,949,3,0
401469109,2023-03-03,Sacramento Kings,LA Clippers,128,127,2023,1,255,7.0,False,False,0.0,True,False,same_region,0,0,0,4.4,-6.6,11.0,5.5,0.9,-2.8,3.6999999999999997,1.8499999999999999,950,3,0
401469106,2023-03-03,Oklahoma City Thunder,Utah Jazz,130,103,2023,27,233,1.0,False,True,15.0,False,False,same_region,0,0,0,-6.2,1.8,-8.0,-4.0,-1.2,-3.6,2.4000000000000004,1.2000000000000002,951,3,0
401469105,2023-03-03,Chicago Bulls,Phoenix Suns,104,125,2023,-21,229,4.0,False,False,1.0,False,False,west_to_east,1,0,1,9.6,4.4,5.199999999999999,2.5999999999999996,0.1,5.8,-5.7,-2.85,952,3,0
401469110,2023-03-03,Los Angeles Lakers,Minnesota Timberwolves,102,110,2023,-8,212,7.0,False,False,2.0,False,False,same_region,0,0,0,5.6,-2.2,7.8,3.9,0.5,-1.8,2.3,1.15,953,3,0
401469108,2023-03-03,Golden State Warriors,New Orleans Pelicans,108,99,2023,9,207,0.0,True,True,1.0,False,False,same_region,0,0,0,9.8,-8.4,18.200000000000003,9.100000000000001,6.6,-0.4,7.0,3.5,954,3,0
401469107,2023-03-03,Denver Nuggets,Memphis Grizzlies,113,97,2023,16,210,4.0,False,False,1.0,False,False,same_region,0,0,0,5.6,9.0,-3.4000000000000004,-1.7000000000000002,3.9,5.3,-1.4,-0.7,955,3,0
401469116,2023-03-04,Sacramento Kings,Minnesota Timberwolves,134,138,2023,-4,272,0.0,True,False,0.0,True,False,same_region,0,0,0,6.8,-1.2,8.0,4.0,4.2,-0.3,4.5,2.25,956,3,0
401469115,2023-03-04,Milwaukee Bucks,Philadelphia 76ers,130,133,2023,-3,263,2.0,False,False,1.0,False,True,same_region,0,0,0,16.0,3.2,12.8,6.4,13.5,4.8,8.7,4.35,957,3,0
401469114,2023-03-04,San Antonio Spurs,Houston Rockets,110,122,2023,-12,232,1.0,False,False,5.0,False,False,same_region,0,0,0,-6.6,-20.8,14.200000000000001,7.1000000000000005,-10.5,-17.9,7.399999999999999,3.6999999999999993,958,3,0
401469113,2023-03-04,Miami Heat,Atlanta Hawks,117,109,2023,8,226,0.0,True,True,18.0,False,False,same_region,0,0,0,-11.4,2.6,-14.0,-7.0,-6.1,0.6,-6.699999999999999,-3.3499999999999996,959,3,0
401469112,2023-03-04,Cleveland Cavaliers,Detroit Pistons,114,90,2023,24,204,5.0,False,False,4.0,False,False,same_region,0,0,0,-1.6,-7.4,5.800000000000001,2.9000000000000004,7.0,-8.7,15.7,7.85,960,3,0
401469111,2023-03-04,Washington Wizards,Toronto Raptors,109,116,2023,-7,225,1.0,False,False,1.0,False,False,same_region,0,0,0,-0.8,-4.2,3.4000000000000004,1.7000000000000002,1.7,0.1,1.5999999999999999,0.7999999999999999,961,3,0
401469121,2023-03-05,Orlando Magic,Portland Trail Blazers,119,122,2023,-3,241,7.0,False,False,1.0,False,False,west_to_east,1,0,1,-2.8,-9.4,6.6000000000000005,3.3000000000000003,-1.2,-8.5,7.3,3.65,962,3,0
401469119,2023-03-05,Los Angeles Lakers,Golden State Warriors,113,105,2023,8,218,1.0,False,False,9.0,False,False,same_region,0,0,0,0.4,14.2,-13.799999999999999,-6.8999999999999995,0.2,4.8,-4.6,-2.3,963,3,0
401469117,2023-03-05,Dallas Mavericks,Phoenix Suns,126,130,2023,-4,256,2.0,False,False,1.0,False,False,same_region,0,0,0,3.8,6.4,-2.6000000000000005,-1.3000000000000003,3.8,6.7,-2.9000000000000004,-1.4500000000000002,964,3,0
401469120,2023-03-05,Brooklyn Nets,Charlotte Hornets,102,86,2023,16,188,4.0,False,False,8.0,False,False,same_region,0,0,0,-14.8,-0.2,-14.600000000000001,-7.300000000000001,-7.7,-2.4,-5.300000000000001,-2.6500000000000004,965,3,0
401469118,2023-03-05,Chicago Bulls,Indiana Pacers,122,125,2023,-3,247,1.0,False,False,2.0,False,False,same_region,0,0,0,7.8,0.8,7.0,3.5,-0.5,-5.3,4.8,2.4,966,3,0
401469124,2023-03-05,Boston Celtics,New York Knicks,129,131,2023,-2,260,1.0,False,False,1.0,False,False,same_region,0,0,0,-2.8,13.8,-16.6,-8.3,2.6,10.7,-8.1,-4.05,967,3,0
401469128,2023-03-05,Washington Wizards,Milwaukee Bucks,111,117,2023,-6,228,0.0,True,True,4.0,False,False,same_region,0,0,0,-3.8,13.0,-16.8,-8.4,3.3,12.4,-9.100000000000001,-4.550000000000001,968,3,0
401469125,2023-03-05,LA Clippers,Memphis Grizzlies,135,129,2023,6,264,4.0,False,False,1.0,False,False,same_region,0,0,0,-8.6,4.6,-13.2,-6.6,-3.5,5.2,-8.7,-4.35,969,3,0
401469122,2023-03-05,Houston Rockets,San Antonio Spurs,142,110,2023,32,252,3.0,False,False,4.0,False,False,same_region,0,0,0,-11.0,-7.0,-4.0,-2.0,-13.5,-9.3,-4.199999999999999,-2.0999999999999996,970,3,0
401469123,2023-03-05,Oklahoma City Thunder,Utah Jazz,129,119,2023,10,248,1.0,False,False,1.0,False,False,same_region,0,0,0,-0.6,-4.8,4.2,2.1,4.2,-5.6,9.8,4.9,971,3,0
401469127,2023-03-06,Indiana Pacers,Philadelphia 76ers,143,147,2023,-4,290,10.0,False,False,1.0,False,False,same_region,0,0,0,0.6,2.8,-2.1999999999999997,-1.0999999999999999,-3.1,5.8,-8.9,-4.45,972,3,0
401469132,2023-03-06,Detroit Pistons,Portland Trail Blazers,104,110,2023,-6,214,4.0,False,False,0.0,True,True,west_to_east,1,0,1,-8.6,-5.4,-3.1999999999999993,-1.5999999999999996,-9.5,-6.3,-3.2,-1.6,973,3,0
401469126,2023-03-06,Cleveland Cavaliers,Boston Celtics,118,114,2023,4,232,1.0,False,False,6.0,False,False,same_region,0,0,0,4.4,-4.0,8.4,4.2,7.1,1.7,5.3999999999999995,2.6999999999999997,974,3,0
401469130,2023-03-06,Denver Nuggets,Toronto Raptors,118,113,2023,5,231,2.0,False,False,1.0,False,False,east_to_west,1,1,0,7.0,-3.8,10.8,5.4,8.5,0.5,8.0,4.0,975,3,0
401469131,2023-03-06,Sacramento Kings,New Orleans Pelicans,123,108,2023,15,231,1.0,False,True,2.0,False,False,same_region,0,0,0,2.6,-6.6,9.2,4.6,1.8,-1.8,3.6,1.8,976,3,0
401469129,2023-03-06,Miami Heat,Atlanta Hawks,130,128,2023,2,258,1.0,False,True,1.0,False,False,same_region,0,0,0,-4.0,5.2,-9.2,-4.6,-5.8,1.8,-7.6,-3.8,977,3,0
401469138,2023-03-07,Dallas Mavericks,Utah Jazz,120,116,2023,4,236,1.0,False,False,1.0,False,False,same_region,0,0,0,4.8,-5.6,10.399999999999999,5.199999999999999,2.1,-5.3,7.4,3.7,978,3,0
401469139,2023-03-07,Los Angeles Lakers,Memphis Grizzlies,112,103,2023,9,215,1.0,False,False,1.0,False,False,same_region,0,0,0,-0.6,4.4,-5.0,-2.5,1.3,4.9,-3.6000000000000005,-1.8000000000000003,979,3,0
401526670,2023-03-07,Detroit Pistons,Washington Wizards,117,119,2023,-2,236,0.0,True,False,6.0,False,False,same_region,0,0,0,-9.4,-3.8,-5.6000000000000005,-2.8000000000000003,-8.9,1.3,-10.200000000000001,-5.1000000000000005,980,3,0
401469137,2023-03-07,Oklahoma City Thunder,Golden State Warriors,137,128,2023,9,265,1.0,False,False,1.0,False,False,same_region,0,0,0,3.2,9.6,-6.3999999999999995,-3.1999999999999997,4.9,4.3,0.6000000000000005,0.30000000000000027,981,3,0
401469134,2023-03-07,New York Knicks,Charlotte Hornets,105,112,2023,-7,217,5.0,False,False,1.0,False,False,same_region,0,0,0,13.0,-5.0,18.0,9.0,10.5,-2.6,13.1,6.55,982,3,0
401469135,2023-03-07,Minnesota Timberwolves,Philadelphia 76ers,94,117,2023,-23,211,10.0,False,False,0.0,True,True,east_to_west,1,1,0,1.2,4.2,-3.0,-1.5,-2.9,5.1,-8.0,-4.0,983,3,0
401469136,2023-03-07,Houston Rockets,Brooklyn Nets,96,118,2023,-22,214,1.0,False,False,3.0,False,False,east_to_west,1,1,0,-1.6,-2.8,1.1999999999999997,0.5999999999999999,-8.3,-5.7,-2.6000000000000005,-1.3000000000000003,984,3,0
401469133,2023-03-07,Orlando Magic,Milwaukee Bucks,123,134,2023,-11,257,1.0,False,False,1.0,False,False,same_region,0,0,0,-3.8,8.4,-12.2,-6.1,-1.1,11.1,-12.2,-6.1,985,3,0
401469142,2023-03-08,Miami Heat,Cleveland Cavaliers,100,104,2023,-4,204,1.0,False,False,6.0,False,False,same_region,0,0,0,-2.6,6.4,-9.0,-4.5,-5.8,4.7,-10.5,-5.25,986,3,0
401469141,2023-03-08,Boston Celtics,Portland Trail Blazers,115,93,2023,22,208,2.0,False,False,1.0,False,True,west_to_east,1,0,1,-5.4,-7.6,2.1999999999999993,1.0999999999999996,0.2,-6.0,6.2,3.1,987,3,0
401469146,2023-03-08,LA Clippers,Toronto Raptors,108,100,2023,8,208,2.0,False,False,1.0,False,False,east_to_west,1,1,0,-7.2,-5.6,-1.6000000000000005,-0.8000000000000003,-3.7,-1.4,-2.3000000000000003,-1.1500000000000001,988,3,0
401469140,2023-03-08,Washington Wizards,Atlanta Hawks,120,122,2023,-2,242,2.0,False,False,1.0,False,False,same_region,0,0,0,0.6,1.4,-0.7999999999999999,-0.39999999999999997,0.1,2.5,-2.4,-1.2,989,3,0
401469144,2023-03-08,Denver Nuggets,Chicago Bulls,96,117,2023,-21,213,1.0,False,False,6.0,False,False,east_to_west,1,1,0,6.8,-1.6,8.4,4.2,5.6,0.3,5.3,2.65,990,3,0
401469145,2023-03-08,Phoenix Suns,Oklahoma City Thunder,132,101,2023,31,233,11.0,False,False,11.0,False,False,same_region,0,0,0,9.0,6.8,2.2,1.1,5.5,4.9,0.5999999999999996,0.2999999999999998,991,3,0
401469143,2023-03-08,New Orleans Pelicans,Dallas Mavericks,113,106,2023,7,219,8.0,False,False,20.0,False,False,same_region,0,0,0,-8.6,0.4,-9.0,-4.5,-6.5,1.9,-8.4,-4.2,992,3,0
401469152,2023-03-09,Sacramento Kings,New York Knicks,122,117,2023,5,239,2.0,False,False,3.0,False,False,east_to_west,1,1,0,5.4,7.2,-1.7999999999999998,-0.8999999999999999,3.1,10.9,-7.800000000000001,-3.9000000000000004,993,3,0
401469150,2023-03-09,Milwaukee Bucks,Brooklyn Nets,118,113,2023,5,231,4.0,False,False,1.0,False,False,same_region,0,0,0,10.0,2.0,8.0,4.0,11.3,-4.6,15.9,7.95,994,3,0
401469151,2023-03-09,Memphis Grizzlies,Golden State Warriors,131,110,2023,21,241,8.0,False,False,1.0,False,False,same_region,0,0,0,-1.0,6.8,-7.8,-3.9,2.5,4.0,-1.5,-0.75,995,3,0
401469149,2023-03-09,Orlando Magic,Utah Jazz,124,131,2023,-7,255,1.0,False,False,1.0,False,False,west_to_east,1,0,1,-3.4,-6.6,3.1999999999999997,1.5999999999999999,-3.3,-3.2,-0.09999999999999964,-0.04999999999999982,996,3,0
401469148,2023-03-09,Indiana Pacers,Houston Rockets,134,125,2023,9,259,2.0,False,False,4.0,False,False,west_to_east,1,0,1,0.6,-2.6,3.2,1.6,-3.0,-10.3,7.300000000000001,3.6500000000000004,997,3,0
401469147,2023-03-09,Detroit Pistons,Charlotte Hornets,103,113,2023,-10,216,1.0,False,True,1.0,False,False,same_region,0,0,0,-9.0,-4.6,-4.4,-2.2,-6.3,-0.8,-5.5,-2.75,998,3,0
401469156,2023-03-10,Minnesota Timberwolves,Brooklyn Nets,123,124,2023,-1,247,2.0,False,False,0.0,True,True,east_to_west,1,1,0,-1.8,3.8,-5.6,-2.8,-1.8,-4.8,3.0,1.5,999,3,0
401469154,2023-03-10,Washington Wizards,Atlanta Hawks,107,114,2023,-7,221,1.0,False,False,1.0,False,False,same_region,0,0,0,-0.4,1.4,-1.7999999999999998,-0.8999999999999999,0.8,1.8,-1.0,-0.5,1000,3,0
401469153,2023-03-10,Philadelphia 76ers,Portland Trail Blazers,120,119,2023,1,239,10.0,False,False,1.0,False,False,west_to_east,1,0,1,9.2,-8.4,17.6,8.8,7.1,-7.3,14.399999999999999,7.199999999999999,1001,3,0
401469155,2023-03-10,Miami Heat,Cleveland Cavaliers,119,115,2023,4,234,1.0,False,False,1.0,False,False,same_region,0,0,0,-3.8,10.6,-14.399999999999999,-7.199999999999999,-6.6,4.0,-10.6,-5.3,1002,3,0
401469158,2023-03-10,Los Angeles Lakers,Toronto Raptors,122,112,2023,10,234,2.0,False,False,1.0,False,False,east_to_west,1,1,0,0.6,-2.2,2.8000000000000003,1.4000000000000001,3.1,-1.6,4.7,2.35,1003,3,0
401469157,2023-03-10,San Antonio Spurs,Denver Nuggets,128,120,2023,8,248,5.0,False,False,9.0,False,False,same_region,0,0,0,-8.2,6.2,-14.399999999999999,-7.199999999999999,-11.1,4.6,-15.7,-7.85,1004,3,0
401469159,2023-03-11,LA Clippers,New York Knicks,106,95,2023,11,201,2.0,False,False,1.0,False,False,east_to_west,1,1,0,-3.6,3.2,-6.800000000000001,-3.4000000000000004,-2.3,9.8,-12.100000000000001,-6.050000000000001,1005,3,0
401469161,2023-03-11,Detroit Pistons,Indiana Pacers,115,121,2023,-6,236,1.0,False,False,5.0,False,False,same_region,0,0,0,-8.8,-0.2,-8.600000000000001,-4.300000000000001,-8.0,-0.8,-7.2,-3.6,1006,3,0
401469162,2023-03-11,Orlando Magic,Miami Heat,126,114,2023,12,240,1.0,False,False,11.0,False,False,same_region,0,0,0,-6.4,1.6,-8.0,-4.0,-3.6,-5.8,2.1999999999999997,1.0999999999999999,1007,3,0
401469160,2023-03-11,Charlotte Hornets,Utah Jazz,111,119,2023,-8,230,7.0,False,False,1.0,False,False,west_to_east,1,0,1,-4.8,-8.4,3.6000000000000005,1.8000000000000003,1.6,-3.1,4.7,2.35,1008,3,0
401469163,2023-03-11,Atlanta Hawks,Boston Celtics,125,134,2023,-9,259,7.0,False,False,4.0,False,False,same_region,0,0,0,3.4,2.0,1.4,0.7,0.6,1.4,-0.7999999999999999,-0.39999999999999997,1009,3,0
401469166,2023-03-11,New Orleans Pelicans,Oklahoma City Thunder,96,110,2023,-14,206,2.0,False,False,2.0,False,False,same_region,0,0,0,-2.8,1.8,-4.6,-2.3,-6.7,2.1,-8.8,-4.4,1010,3,0
401469168,2023-03-11,Phoenix Suns,Sacramento Kings,119,128,2023,-9,247,2.0,False,False,10.0,False,False,same_region,0,0,0,13.4,4.6,8.8,4.4,8.2,4.4,3.799999999999999,1.8999999999999995,1011,3,0
401469164,2023-03-11,Houston Rockets,Chicago Bulls,111,119,2023,-8,230,3.0,False,False,2.0,False,False,east_to_west,1,1,0,-0.2,-1.4,1.2,0.6,-11.0,3.2,-14.2,-7.1,1012,3,0
401469167,2023-03-11,Golden State Warriors,Milwaukee Bucks,125,116,2023,9,241,7.0,False,False,3.0,False,False,east_to_west,1,1,0,-1.0,8.2,-9.2,-4.6,1.0,10.5,-9.5,-4.75,1013,3,0
401469165,2023-03-11,Memphis Grizzlies,Dallas Mavericks,112,108,2023,4,220,1.0,False,False,2.0,False,False,same_region,0,0,0,0.8,-0.4,1.2000000000000002,0.6000000000000001,2.5,0.4,2.1,1.05,1014,3,0
401469172,2023-03-12,New Orleans Pelicans,Portland Trail Blazers,127,110,2023,17,237,0.0,True,False,1.0,False,False,same_region,0,0,0,-4.0,-6.4,2.4000000000000004,1.2000000000000002,-7.0,-8.6,1.5999999999999996,0.7999999999999998,1015,3,0
401469173,2023-03-12,San Antonio Spurs,Oklahoma City Thunder,90,102,2023,-12,192,1.0,False,False,0.0,True,False,same_region,0,0,0,-3.4,5.8,-9.2,-4.6,-9.6,-0.2,-9.4,-4.7,1016,3,0
401469174,2023-03-12,Los Angeles Lakers,New York Knicks,108,112,2023,-4,220,1.0,False,False,0.0,True,True,east_to_west,1,1,0,5.0,-3.8,8.8,4.4,3.5,6.9,-3.4000000000000004,-1.7000000000000002,1017,3,0
401469171,2023-03-12,Philadelphia 76ers,Washington Wizards,112,93,2023,19,205,1.0,False,False,4.0,False,False,same_region,0,0,0,4.8,-4.0,8.8,4.4,5.3,-2.4,7.699999999999999,3.8499999999999996,1018,3,0
401469169,2023-03-12,Denver Nuggets,Brooklyn Nets,120,122,2023,-2,242,3.0,False,False,1.0,False,True,east_to_west,1,1,0,2.6,8.8,-6.200000000000001,-3.1000000000000005,2.4,-2.9,5.3,2.65,1019,3,0
401469170,2023-03-12,Charlotte Hornets,Cleveland Cavaliers,108,114,2023,-6,222,0.0,True,False,1.0,False,False,same_region,0,0,0,-3.6,4.8,-8.4,-4.2,0.2,2.8,-2.5999999999999996,-1.2999999999999998,1020,3,0
401469180,2023-03-13,Golden State Warriors,Phoenix Suns,123,112,2023,11,235,1.0,False,False,7.0,False,False,same_region,0,0,0,-4.0,12.2,-16.2,-8.1,2.9,8.2,-5.299999999999999,-2.6499999999999995,1021,3,0
401469178,2023-03-13,Dallas Mavericks,Memphis Grizzlies,88,104,2023,-16,192,5.0,False,False,5.0,False,False,same_region,0,0,0,-0.8,-1.2,0.3999999999999999,0.19999999999999996,0.5,3.9,-3.4,-1.7,1022,3,0
401469175,2023-03-13,Detroit Pistons,Indiana Pacers,117,97,2023,20,214,1.0,False,False,1.0,False,False,same_region,0,0,0,-9.6,0.6,-10.2,-5.1,-8.5,1.2,-9.7,-4.85,1023,3,0
401469176,2023-03-13,Atlanta Hawks,Minnesota Timberwolves,115,136,2023,-21,251,1.0,False,False,8.0,False,False,west_to_east,1,0,1,-2.0,-1.0,-1.0,-0.5,0.3,-4.4,4.7,2.35,1024,3,0
401469177,2023-03-13,Miami Heat,Utah Jazz,119,115,2023,4,234,2.0,False,False,1.0,False,False,west_to_east,1,0,1,-0.4,-5.2,4.8,2.4,-5.9,-1.7,-4.2,-2.1,1025,3,0
401469181,2023-03-13,Sacramento Kings,Milwaukee Bucks,124,133,2023,-9,257,3.0,False,False,1.0,False,False,east_to_west,1,1,0,5.2,2.0,3.2,1.6,4.8,9.0,-4.2,-2.1,1026,3,0
401469179,2023-03-13,Houston Rockets,Boston Celtics,111,109,2023,2,220,1.0,False,False,1.0,False,False,east_to_west,1,1,0,1.0,3.0,-2.0,-1.0,-9.9,2.9,-12.8,-6.4,1027,3,0
401469183,2023-03-14,Washington Wizards,Detroit Pistons,117,97,2023,20,214,3.0,False,False,9.0,False,False,same_region,0,0,0,-6.4,-0.8,-5.6000000000000005,-2.8000000000000003,-5.1,-4.7,-0.39999999999999947,-0.19999999999999973,1028,3,0
401469185,2023-03-14,New Orleans Pelicans,Los Angeles Lakers,108,123,2023,-15,231,1.0,False,True,12.0,False,False,same_region,0,0,0,-2.8,3.0,-5.8,-2.9,-5.6,4.3,-9.899999999999999,-4.949999999999999,1029,3,0
401469184,2023-03-14,Toronto Raptors,Denver Nuggets,125,110,2023,15,235,13.0,False,False,3.0,False,False,west_to_east,1,0,1,-5.4,-2.0,-3.4000000000000004,-1.7000000000000002,-2.7,1.8,-4.5,-2.25,1030,3,0
401469182,2023-03-14,Charlotte Hornets,Cleveland Cavaliers,104,120,2023,-16,224,1.0,False,True,1.0,False,False,same_region,0,0,0,-2.6,6.8,-9.4,-4.7,-1.4,2.6,-4.0,-2.0,1031,3,0
401469189,2023-03-14,Portland Trail Blazers,New York Knicks,107,123,2023,-16,230,12.0,False,False,1.0,False,True,east_to_west,1,1,0,-6.2,-3.4,-2.8000000000000003,-1.4000000000000001,-7.8,5.2,-13.0,-6.5,1032,3,0
401469186,2023-03-14,Oklahoma City Thunder,Brooklyn Nets,121,107,2023,14,228,6.0,False,False,1.0,False,False,east_to_west,1,1,0,2.8,7.2,-4.4,-2.2,1.1,-3.8,4.9,2.45,1033,3,0
401469188,2023-03-14,Phoenix Suns,Milwaukee Bucks,104,116,2023,-12,220,2.0,False,False,0.0,True,True,east_to_west,1,1,0,7.2,4.4,2.8,1.4,5.8,8.7,-2.8999999999999995,-1.4499999999999997,1034,3,0
401469187,2023-03-14,San Antonio Spurs,Orlando Magic,132,114,2023,18,246,1.0,False,False,10.0,False,False,east_to_west,1,1,0,-7.4,0.4,-7.800000000000001,-3.9000000000000004,-8.9,-3.3,-5.6000000000000005,-2.8000000000000003,1035,3,0
401469191,2023-03-15,Miami Heat,Memphis Grizzlies,138,119,2023,19,257,1.0,False,False,1.0,False,False,west_to_east,1,0,1,-1.2,5.2,-6.4,-3.2,-2.6,4.9,-7.5,-3.75,1036,3,0
401469192,2023-03-15,Chicago Bulls,Sacramento Kings,114,117,2023,-3,231,9.0,False,False,3.0,False,False,west_to_east,1,0,1,1.4,3.2,-1.8000000000000003,-0.9000000000000001,4.9,5.0,-0.09999999999999964,-0.04999999999999982,1037,3,0
401469193,2023-03-15,Houston Rockets,Los Angeles Lakers,114,110,2023,4,224,1.0,False,False,0.0,True,False,same_region,0,0,0,-1.0,7.6,-8.6,-4.3,-6.0,4.0,-10.0,-5.0,1038,3,0
401469190,2023-03-15,Cleveland Cavaliers,Philadelphia 76ers,109,118,2023,-9,227,8.0,False,False,7.0,False,False,same_region,0,0,0,5.2,10.0,-4.8,-2.4,4.8,6.6,-1.7999999999999998,-0.8999999999999999,1039,3,0
401469195,2023-03-15,San Antonio Spurs,Dallas Mavericks,128,137,2023,-9,265,0.0,True,True,3.0,False,False,same_region,0,0,0,-6.0,-5.4,-0.5999999999999996,-0.2999999999999998,-6.3,-0.8,-5.5,-2.75,1040,3,0
401469196,2023-03-15,LA Clippers,Golden State Warriors,134,126,2023,8,260,3.0,False,False,5.0,False,False,same_region,0,0,0,0.0,-3.6,3.6,1.8,0.1,5.3,-5.2,-2.6,1041,3,0
401469194,2023-03-15,Minnesota Timberwolves,Boston Celtics,102,104,2023,-2,206,4.0,False,False,1.0,False,False,east_to_west,1,1,0,1.8,4.6,-2.8,-1.4,-0.2,0.9,-1.1,-0.55,1042,3,0
401469201,2023-03-16,Phoenix Suns,Orlando Magic,116,113,2023,3,229,1.0,False,False,1.0,False,False,east_to_west,1,1,0,0.6,-5.4,6.0,3.0,3.5,-4.1,7.6,3.8,1043,3,0
401469200,2023-03-16,Milwaukee Bucks,Indiana Pacers,123,139,2023,-16,262,6.0,False,False,2.0,False,False,same_region,0,0,0,5.6,-1.2,6.8,3.4,7.0,-0.2,7.2,3.6,1044,3,0
401469199,2023-03-16,Toronto Raptors,Oklahoma City Thunder,128,111,2023,17,239,1.0,False,False,3.0,False,False,west_to_east,1,0,1,-0.2,3.6,-3.8000000000000003,-1.9000000000000001,-2.2,3.4,-5.6,-2.8,1045,3,0
401469198,2023-03-16,Brooklyn Nets,Sacramento Kings,96,101,2023,-5,197,10.0,False,False,0.0,True,False,west_to_east,1,0,1,1.2,4.6,-3.3999999999999995,-1.6999999999999997,-0.8,3.6,-4.4,-2.2,1046,3,0
401469197,2023-03-16,Detroit Pistons,Denver Nuggets,100,119,2023,-19,219,2.0,False,False,1.0,False,False,west_to_east,1,0,1,-3.6,-8.2,4.6,2.3,-6.5,-0.6,-5.9,-2.95,1047,3,0
401469205,2023-03-17,Chicago Bulls,Minnesota Timberwolves,139,131,2023,8,270,1.0,False,False,3.0,False,False,west_to_east,1,0,1,0.4,-0.2,0.6000000000000001,0.30000000000000004,5.0,-0.7,5.7,2.85,1048,3,0
401469202,2023-03-17,Charlotte Hornets,Philadelphia 76ers,82,121,2023,-39,203,2.0,False,False,1.0,False,False,same_region,0,0,0,-2.6,11.2,-13.799999999999999,-6.8999999999999995,-3.8,7.0,-10.8,-5.4,1049,3,0
401469204,2023-03-17,Cleveland Cavaliers,Washington Wizards,117,94,2023,23,211,1.0,False,False,4.0,False,False,same_region,0,0,0,2.6,-1.2,3.8,1.9,4.5,-2.5,7.0,3.5,1050,3,0
401469203,2023-03-17,Atlanta Hawks,Golden State Warriors,127,119,2023,8,246,3.0,False,False,1.0,False,False,west_to_east,1,0,1,-4.6,-3.6,-0.9999999999999996,-0.4999999999999998,0.3,3.0,-2.7,-1.35,1051,3,0
401469209,2023-03-17,Los Angeles Lakers,Dallas Mavericks,110,111,2023,-1,221,4.0,False,False,1.0,False,False,same_region,0,0,0,5.2,-2.8,8.0,4.0,2.3,1.0,1.2999999999999998,0.6499999999999999,1052,3,0
401469206,2023-03-17,Houston Rockets,New Orleans Pelicans,114,112,2023,2,226,1.0,False,False,10.0,False,False,same_region,0,0,0,-6.6,-4.0,-2.5999999999999996,-1.2999999999999998,-4.1,-5.3,1.2000000000000002,0.6000000000000001,1053,3,0
401469208,2023-03-17,Portland Trail Blazers,Boston Celtics,112,126,2023,-14,238,2.0,False,False,1.0,False,False,east_to_west,1,1,0,-10.0,5.4,-15.4,-7.7,-7.7,0.7,-8.4,-4.2,1054,3,0
401469207,2023-03-17,San Antonio Spurs,Memphis Grizzlies,120,126,2023,-6,246,1.0,False,True,1.0,False,False,same_region,0,0,0,-5.4,2.6,-8.0,-4.0,-6.2,3.5,-9.7,-4.85,1055,3,0
401469211,2023-03-18,LA Clippers,Orlando Magic,108,113,2023,-5,221,2.0,False,False,1.0,False,False,east_to_west,1,1,0,6.4,-5.4,11.8,5.9,-0.1,-4.6,4.5,2.25,1056,3,0
401469212,2023-03-18,Indiana Pacers,Philadelphia 76ers,121,141,2023,-20,262,8.0,False,False,0.0,True,True,same_region,0,0,0,1.4,18.2,-16.8,-8.4,1.0,11.2,-10.2,-5.1,1057,3,0
401469213,2023-03-18,Toronto Raptors,Minnesota Timberwolves,122,107,2023,15,229,1.0,False,False,0.0,True,False,west_to_east,1,0,1,1.8,-2.6,4.4,2.2,-1.0,-0.7,-0.30000000000000004,-0.15000000000000002,1058,3,0
401469210,2023-03-18,New York Knicks,Denver Nuggets,116,110,2023,6,226,10.0,False,False,1.0,False,False,west_to_east,1,0,1,-0.6,-5.4,4.800000000000001,2.4000000000000004,6.2,0.7,5.5,2.75,1059,3,0
401469215,2023-03-18,Chicago Bulls,Miami Heat,113,99,2023,14,212,0.0,True,True,6.0,False,False,same_region,0,0,0,6.2,2.2,4.0,2.0,7.0,-0.2,7.2,3.6,1060,3,0
401469216,2023-03-18,Memphis Grizzlies,Golden State Warriors,133,119,2023,14,252,6.0,False,False,0.0,True,True,same_region,0,0,0,5.6,-3.4,9.0,4.5,2.3,1.7,0.5999999999999999,0.29999999999999993,1061,3,0
401469217,2023-03-18,Utah Jazz,Boston Celtics,118,117,2023,1,235,17.0,False,False,0.0,True,True,east_to_west,1,1,0,-0.6,9.0,-9.6,-4.8,-2.7,1.8,-4.5,-2.25,1062,3,0
401469214,2023-03-18,Washington Wizards,Sacramento Kings,118,132,2023,-14,250,3.0,False,False,1.0,False,True,west_to_east,1,0,1,-6.2,2.6,-8.8,-4.4,-2.8,4.0,-6.8,-3.4,1063,3,0
401469224,2023-03-19,Portland Trail Blazers,LA Clippers,102,117,2023,-15,219,1.0,False,False,15.0,False,False,same_region,0,0,0,-14.0,5.6,-19.6,-9.8,-10.8,-1.5,-9.3,-4.65,1064,3,0
401469222,2023-03-19,Houston Rockets,New Orleans Pelicans,107,117,2023,-10,224,1.0,False,False,1.0,False,False,same_region,0,0,0,-1.8,-1.4,-0.40000000000000013,-0.20000000000000007,-2.2,-5.0,2.8,1.4,1065,3,0
401469223,2023-03-19,Milwaukee Bucks,Toronto Raptors,118,111,2023,7,229,2.0,False,False,8.0,False,False,same_region,0,0,0,0.2,5.8,-5.6,-2.8,5.1,0.1,5.0,2.5,1066,3,0
401469225,2023-03-19,Los Angeles Lakers,Orlando Magic,111,105,2023,6,216,1.0,False,False,0.0,True,True,east_to_west,1,1,0,3.2,-2.2,5.4,2.7,1.9,-2.8,4.699999999999999,2.3499999999999996,1067,3,0
401469221,2023-03-19,Detroit Pistons,Miami Heat,100,112,2023,-12,212,2.0,False,False,0.0,True,False,same_region,0,0,0,-7.0,0.2,-7.2,-3.6,-8.0,-1.8,-6.2,-3.1,1068,3,0
401469218,2023-03-19,Brooklyn Nets,Denver Nuggets,102,108,2023,-6,210,2.0,False,False,0.0,True,True,west_to_east,1,0,1,-4.2,-2.4,-1.8000000000000003,-0.9000000000000001,-1.1,1.9,-3.0,-1.5,1069,3,0
401469220,2023-03-19,San Antonio Spurs,Atlanta Hawks,126,118,2023,8,244,1.0,False,False,8.0,False,False,east_to_west,1,1,0,-0.2,-2.6,2.4,1.2,-4.2,-0.6,-3.6,-1.8,1070,3,0
401469219,2023-03-19,Oklahoma City Thunder,Phoenix Suns,124,120,2023,4,244,4.0,False,False,5.0,False,False,same_region,0,0,0,-1.6,0.4,-2.0,-1.0,2.6,4.7,-2.1,-1.05,1071,3,0
401469230,2023-03-20,Memphis Grizzlies,Dallas Mavericks,112,108,2023,4,220,1.0,False,False,2.0,False,False,same_region,0,0,0,4.2,-3.4,7.6,3.8,2.5,-1.5,4.0,2.0,1072,3,0
401469227,2023-03-20,Philadelphia 76ers,Chicago Bulls,105,109,2023,-4,214,7.0,False,False,8.0,False,False,same_region,0,0,0,17.6,9.6,8.000000000000002,4.000000000000001,13.4,4.0,9.4,4.7,1073,3,0
401469226,2023-03-20,Charlotte Hornets,Indiana Pacers,115,109,2023,6,224,2.0,False,False,3.0,False,False,same_region,0,0,0,-11.8,-1.8,-10.0,-5.0,-8.2,-0.6,-7.6,-3.8,1074,3,0
401469231,2023-03-20,Utah Jazz,Sacramento Kings,128,120,2023,8,248,1.0,False,False,1.0,False,False,same_region,0,0,0,1.6,4.4,-2.8000000000000003,-1.4000000000000001,-2.0,4.5,-6.5,-3.25,1075,3,0
401469228,2023-03-20,New York Knicks,Minnesota Timberwolves,134,140,2023,-6,274,1.0,False,False,1.0,False,True,west_to_east,1,0,1,2.0,-1.0,3.0,1.5,4.6,-1.4,6.0,3.0,1076,3,0
401469229,2023-03-20,Houston Rockets,Golden State Warriors,108,121,2023,-13,229,0.0,True,True,1.0,False,True,same_region,0,0,0,-2.0,-2.0,0.0,0.0,-1.1,-1.5,0.3999999999999999,0.19999999999999996,1077,3,0
401469236,2023-03-21,Sacramento Kings,Boston Celtics,109,132,2023,-23,241,7.0,False,False,2.0,False,False,east_to_west,1,1,0,1.0,4.4,-3.4000000000000004,-1.7000000000000002,3.1,3.2,-0.10000000000000009,-0.050000000000000044,1078,3,0
401469235,2023-03-21,New Orleans Pelicans,San Antonio Spurs,119,84,2023,35,203,6.0,False,False,15.0,False,False,same_region,0,0,0,-0.8,-0.2,-0.6000000000000001,-0.30000000000000004,-1.8,-1.8,0.0,0.0,1079,3,0
401469234,2023-03-21,Brooklyn Nets,Cleveland Cavaliers,109,115,2023,-6,224,1.0,False,False,6.0,False,False,same_region,0,0,0,-4.4,6.4,-10.8,-5.4,-0.3,8.5,-8.8,-4.4,1080,3,0
401469233,2023-03-21,Atlanta Hawks,Detroit Pistons,129,107,2023,22,236,3.0,False,False,6.0,False,False,same_region,0,0,0,-4.6,-7.4,2.8000000000000007,1.4000000000000004,-1.6,-8.1,6.5,3.25,1081,3,0
401469232,2023-03-21,Orlando Magic,Washington Wizards,122,112,2023,10,234,9.0,False,False,3.0,False,False,same_region,0,0,0,-2.0,-8.6,6.6,3.3,-4.2,-4.5,0.2999999999999998,0.1499999999999999,1082,3,0
401469237,2023-03-21,LA Clippers,Oklahoma City Thunder,100,101,2023,-1,201,2.0,False,False,4.0,False,False,same_region,0,0,0,7.4,5.4,2.0,1.0,0.1,3.6,-3.5,-1.75,1083,3,0
401469241,2023-03-22,Dallas Mavericks,Golden State Warriors,125,127,2023,-2,252,8.0,False,False,1.0,False,False,same_region,0,0,0,-2.8,-1.2,-1.5999999999999999,-0.7999999999999999,-1.6,-2.6,1.0,0.5,1084,3,0
401469239,2023-03-22,Miami Heat,New York Knicks,127,120,2023,7,247,6.0,False,False,7.0,False,False,same_region,0,0,0,1.8,1.8,0.0,0.0,1.7,2.5,-0.8,-0.4,1085,3,0
401469240,2023-03-22,Toronto Raptors,Indiana Pacers,114,118,2023,-4,232,3.0,False,False,1.0,False,False,same_region,0,0,0,6.0,-4.8,10.8,5.4,1.9,-2.5,4.4,2.2,1086,3,0
401469242,2023-03-22,Chicago Bulls,Philadelphia 76ers,91,116,2023,-25,207,3.0,False,False,3.0,False,False,same_region,0,0,0,6.2,16.6,-10.400000000000002,-5.200000000000001,2.4,10.7,-8.299999999999999,-4.1499999999999995,1087,3,0
401469238,2023-03-22,Washington Wizards,Denver Nuggets,104,118,2023,-14,222,3.0,False,False,2.0,False,False,west_to_east,1,0,1,-9.2,0.4,-9.6,-4.8,-6.6,1.5,-8.1,-4.05,1088,3,0
401469244,2023-03-22,Milwaukee Bucks,San Antonio Spurs,130,94,2023,36,224,2.0,False,False,0.0,True,False,west_to_east,1,0,1,0.6,-4.8,5.3999999999999995,2.6999999999999997,4.4,-6.1,10.5,5.25,1089,3,0
401469245,2023-03-22,Minnesota Timberwolves,Atlanta Hawks,125,124,2023,1,249,6.0,False,False,2.0,False,False,east_to_west,1,1,0,0.4,-1.6,2.0,1.0,-0.3,0.9,-1.2,-0.6,1090,3,0
401469246,2023-03-22,Utah Jazz,Portland Trail Blazers,115,127,2023,-12,242,1.0,False,False,9.0,False,False,same_region,0,0,0,4.0,-12.6,16.6,8.3,-1.3,-10.5,9.2,4.6,1091,3,0
401469243,2023-03-22,Memphis Grizzlies,Houston Rockets,130,125,2023,5,255,1.0,False,False,12.0,False,False,same_region,0,0,0,4.2,-3.0,7.2,3.6,1.5,-1.0,2.5,1.25,1092,3,0
401469247,2023-03-22,Los Angeles Lakers,Phoenix Suns,122,111,2023,11,233,2.0,False,False,2.0,False,False,same_region,0,0,0,2.4,-6.6,9.0,4.5,3.7,3.4,0.30000000000000027,0.15000000000000013,1093,3,0
401469251,2023-03-23,LA Clippers,Oklahoma City Thunder,127,105,2023,22,232,1.0,False,False,1.0,False,False,same_region,0,0,0,5.6,2.8,2.8,1.4,1.0,4.3,-3.3,-1.65,1094,3,0
401469250,2023-03-23,New Orleans Pelicans,Charlotte Hornets,115,96,2023,19,211,1.0,False,False,13.0,False,False,east_to_west,1,1,0,9.0,-12.6,21.6,10.8,2.5,-8.7,11.2,5.6,1095,3,0
401469249,2023-03-23,Brooklyn Nets,Cleveland Cavaliers,114,116,2023,-2,230,1.0,False,False,1.0,False,False,same_region,0,0,0,-5.8,8.4,-14.2,-7.1,1.5,6.6,-5.1,-2.55,1096,3,0
401469248,2023-03-23,Orlando Magic,New York Knicks,111,106,2023,5,217,1.0,False,False,0.0,True,False,same_region,0,0,0,-2.4,2.6,-5.0,-2.5,-1.0,-0.6,-0.4,-0.2,1097,3,0
401469261,2023-03-24,Los Angeles Lakers,Oklahoma City Thunder,116,111,2023,5,227,1.0,False,False,0.0,True,True,same_region,0,0,0,5.4,-4.0,9.4,4.7,4.2,-0.6,4.8,2.4,1098,3,0
401469254,2023-03-24,Toronto Raptors,Detroit Pistons,118,97,2023,21,215,1.0,False,False,2.0,False,False,same_region,0,0,0,7.2,-10.6,17.8,8.9,0.9,-10.1,11.0,5.5,1099,3,0
401469253,2023-03-24,Washington Wizards,San Antonio Spurs,136,124,2023,12,260,1.0,False,False,1.0,False,True,west_to_east,1,0,1,-8.2,-15.6,7.4,3.7,-7.3,-10.8,3.500000000000001,1.7500000000000004,1100,3,0
401469255,2023-03-24,Memphis Grizzlies,Houston Rockets,151,114,2023,37,265,1.0,False,False,1.0,False,False,same_region,0,0,0,2.0,-4.4,6.4,3.2,3.6,-2.7,6.300000000000001,3.1500000000000004,1101,3,0
401469252,2023-03-24,Boston Celtics,Indiana Pacers,120,95,2023,25,215,15.0,False,False,1.0,False,False,same_region,0,0,0,7.2,-5.2,12.4,6.2,5.1,-2.3,7.3999999999999995,3.6999999999999997,1102,3,0
401469260,2023-03-24,Sacramento Kings,Phoenix Suns,135,127,2023,8,262,2.0,False,False,1.0,False,False,same_region,0,0,0,-1.8,-7.0,5.2,2.6,0.7,2.6,-1.9000000000000001,-0.9500000000000001,1103,3,0
401469258,2023-03-24,Golden State Warriors,Philadelphia 76ers,120,112,2023,8,232,10.0,False,False,1.0,False,False,east_to_west,1,1,0,-3.0,17.8,-20.8,-10.4,-3.3,13.9,-17.2,-8.6,1104,3,0
401469259,2023-03-24,Portland Trail Blazers,Chicago Bulls,96,124,2023,-28,220,4.0,False,False,3.0,False,False,east_to_west,1,1,0,-10.0,-0.4,-9.6,-4.8,-8.2,0.5,-8.7,-4.35,1105,3,0
401469256,2023-03-24,Dallas Mavericks,Charlotte Hornets,109,117,2023,-8,226,1.0,False,False,0.0,True,False,east_to_west,1,1,0,-2.4,-14.8,12.4,6.2,-1.6,-9.2,7.6,3.8,1106,3,0
401469257,2023-03-24,Utah Jazz,Milwaukee Bucks,116,144,2023,-28,260,1.0,False,False,9.0,False,False,east_to_west,1,1,0,0.2,9.6,-9.4,-4.7,-4.1,5.8,-9.899999999999999,-4.949999999999999,1107,3,0
401469267,2023-03-25,LA Clippers,New Orleans Pelicans,110,131,2023,-21,241,1.0,False,False,5.0,False,False,same_region,0,0,0,7.8,9.4,-1.6000000000000005,-0.8000000000000003,3.9,3.3,0.6000000000000001,0.30000000000000004,1108,3,0
401469266,2023-03-25,Sacramento Kings,Utah Jazz,121,113,2023,8,234,0.0,True,False,11.0,False,False,same_region,0,0,0,-0.8,-7.0,6.2,3.1,1.9,-6.1,8.0,4.0,1109,3,0
401469265,2023-03-25,Phoenix Suns,Philadelphia 76ers,125,105,2023,20,230,8.0,False,False,0.0,True,True,east_to_west,1,1,0,-6.4,14.4,-20.8,-10.4,0.4,12.8,-12.4,-6.2,1110,3,0
401469264,2023-03-25,Denver Nuggets,Milwaukee Bucks,129,106,2023,23,235,12.0,False,False,0.0,True,False,east_to_west,1,1,0,3.6,13.4,-9.8,-4.9,0.8,8.9,-8.1,-4.05,1111,3,0
401469263,2023-03-25,Miami Heat,Brooklyn Nets,100,129,2023,-29,229,2.0,False,False,10.0,False,False,same_region,0,0,0,5.6,-6.6,12.2,6.1,2.6,0.3,2.3000000000000003,1.1500000000000001,1112,3,0
401469262,2023-03-25,Atlanta Hawks,Indiana Pacers,143,130,2023,13,273,3.0,False,False,0.0,True,True,same_region,0,0,0,0.0,-6.2,6.2,3.1,-1.0,-3.7,2.7,1.35,1113,3,0
401469268,2023-03-26,Charlotte Hornets,Dallas Mavericks,110,104,2023,6,214,5.0,False,False,5.0,False,False,west_to_east,1,0,1,-12.0,-0.8,-11.2,-5.6,-7.3,-3.1,-4.199999999999999,-2.0999999999999996,1114,3,0
401469269,2023-03-26,Los Angeles Lakers,Chicago Bulls,108,118,2023,-10,226,1.0,False,False,1.0,False,False,east_to_west,1,1,0,3.4,5.8,-2.4,-1.2,5.5,3.1,2.4,1.2,1115,3,0
401469270,2023-03-26,Atlanta Hawks,Memphis Grizzlies,119,123,2023,-4,242,0.0,True,False,8.0,False,False,west_to_east,1,0,1,6.8,13.2,-6.3999999999999995,-3.1999999999999997,1.1,7.9,-6.800000000000001,-3.4000000000000004,1116,3,0
401469271,2023-03-26,Boston Celtics,San Antonio Spurs,137,93,2023,44,230,1.0,False,False,1.0,False,False,west_to_east,1,0,1,12.6,-16.2,28.799999999999997,14.399999999999999,8.6,-10.8,19.4,9.7,1117,3,0
401469274,2023-03-26,Toronto Raptors,Washington Wizards,114,104,2023,10,218,1.0,False,False,4.0,False,False,same_region,0,0,0,8.4,-9.8,18.200000000000003,9.100000000000001,4.1,-5.5,9.6,4.8,1118,3,0
401469273,2023-03-26,Orlando Magic,Brooklyn Nets,119,106,2023,13,225,2.0,False,False,0.0,True,False,same_region,0,0,0,2.2,2.0,0.20000000000000018,0.10000000000000009,-1.6,1.6,-3.2,-1.6,1119,3,0
401469272,2023-03-26,Cleveland Cavaliers,Houston Rockets,108,91,2023,17,199,8.0,False,False,1.0,False,False,west_to_east,1,0,1,7.6,-12.6,20.2,10.1,7.2,-9.6,16.8,8.4,1120,3,0
401469275,2023-03-26,Portland Trail Blazers,Oklahoma City Thunder,112,118,2023,-6,230,1.0,False,False,1.0,False,True,same_region,0,0,0,-12.2,-7.8,-4.3999999999999995,-2.1999999999999997,-9.2,-2.1,-7.1,-3.55,1121,3,0
401469276,2023-03-26,Golden State Warriors,Minnesota Timberwolves,96,99,2023,-3,195,1.0,False,False,5.0,False,False,same_region,0,0,0,0.2,-3.6,3.8000000000000003,1.9000000000000001,-1.7,-0.9,-0.7999999999999999,-0.39999999999999997,1122,3,0
401469284,2023-03-27,LA Clippers,Chicago Bulls,124,112,2023,12,236,1.0,False,False,0.0,True,True,east_to_west,1,1,0,2.0,6.2,-4.2,-2.1,4.2,6.2,-2.0,-1.0,1123,3,0
401469283,2023-03-27,Sacramento Kings,Minnesota Timberwolves,115,119,2023,-4,234,1.0,False,True,0.0,True,False,same_region,0,0,0,-0.2,-2.6,2.4,1.2,1.2,-1.4,2.5999999999999996,1.2999999999999998,1124,3,0
401469282,2023-03-27,Portland Trail Blazers,New Orleans Pelicans,90,124,2023,-34,214,0.0,True,True,1.0,False,False,same_region,0,0,0,-10.2,16.6,-26.8,-13.4,-10.1,6.3,-16.4,-8.2,1125,3,0
401469281,2023-03-27,Denver Nuggets,Philadelphia 76ers,116,111,2023,5,227,1.0,False,False,1.0,False,True,east_to_west,1,1,0,11.2,2.6,8.6,4.3,1.5,10.4,-8.9,-4.45,1126,3,0
401469280,2023-03-27,Utah Jazz,Phoenix Suns,103,117,2023,-14,220,2.0,False,False,2.0,False,False,same_region,0,0,0,-7.8,0.0,-7.8,-3.9,-4.2,0.3,-4.5,-2.25,1127,3,0
401469279,2023-03-27,New York Knicks,Houston Rockets,137,115,2023,22,252,6.0,False,False,0.0,True,True,west_to_east,1,0,1,0.8,-16.4,17.2,8.6,-1.3,-9.1,7.8,3.9,1128,3,0
401469278,2023-03-27,Indiana Pacers,Dallas Mavericks,104,127,2023,-23,231,8.0,False,False,0.0,True,False,west_to_east,1,0,1,-12.0,-3.8,-8.2,-4.1,-5.3,-3.3,-2.0,-1.0,1129,3,0
401469277,2023-03-27,Detroit Pistons,Milwaukee Bucks,117,126,2023,-9,243,7.0,False,False,1.0,False,True,same_region,0,0,0,-18.8,6.4,-25.200000000000003,-12.600000000000001,-9.8,6.0,-15.8,-7.9,1130,3,0
401469285,2023-03-28,Washington Wizards,Boston Celtics,130,111,2023,19,241,3.0,False,False,6.0,False,False,same_region,0,0,0,-7.2,21.0,-28.2,-14.1,-6.7,13.2,-19.9,-9.95,1131,3,0
401469286,2023-03-28,Atlanta Hawks,Cleveland Cavaliers,120,118,2023,2,238,1.0,False,True,4.0,False,False,same_region,0,0,0,4.4,7.8,-3.3999999999999995,-1.6999999999999997,0.9,6.5,-5.6,-2.8,1132,3,0
401469289,2023-03-28,Oklahoma City Thunder,Charlotte Hornets,134,137,2023,-3,271,8.0,False,False,3.0,False,False,east_to_west,1,1,0,-3.2,-7.6,4.3999999999999995,2.1999999999999997,-2.4,-5.1,2.6999999999999997,1.3499999999999999,1133,3,0
401469288,2023-03-28,Memphis Grizzlies,Orlando Magic,113,108,2023,5,221,3.0,False,False,8.0,False,False,east_to_west,1,1,0,12.8,5.4,7.4,3.7,9.2,0.0,9.2,4.6,1134,3,0
401469290,2023-03-28,Golden State Warriors,New Orleans Pelicans,120,109,2023,11,229,1.0,False,False,0.0,True,True,same_region,0,0,0,1.2,23.8,-22.6,-11.3,-1.1,11.2,-12.299999999999999,-6.1499999999999995,1135,3,0
401469287,2023-03-28,Toronto Raptors,Miami Heat,106,92,2023,14,198,1.0,False,False,8.0,False,False,same_region,0,0,0,7.0,-1.0,8.0,4.0,4.4,-1.1,5.5,2.75,1136,3,0
401469300,2023-03-29,Portland Trail Blazers,Sacramento Kings,80,120,2023,-40,200,1.0,False,True,8.0,False,False,same_region,0,0,0,-14.2,-3.8,-10.399999999999999,-5.199999999999999,-14.1,0.3,-14.4,-7.2,1137,3,0
401469293,2023-03-29,New York Knicks,Miami Heat,101,92,2023,9,193,1.0,False,False,0.0,True,False,same_region,0,0,0,2.0,-7.6,9.6,4.8,0.7,-2.7,3.4000000000000004,1.7000000000000002,1138,3,0
401469292,2023-03-29,Brooklyn Nets,Houston Rockets,123,114,2023,9,237,5.0,False,False,1.0,False,True,west_to_east,1,0,1,0.4,-18.8,19.2,9.6,-1.9,-10.4,8.5,4.25,1139,3,0
401469294,2023-03-29,Philadelphia 76ers,Dallas Mavericks,116,108,2023,8,224,8.0,False,False,1.0,False,True,west_to_east,1,0,1,-2.4,0.6,-3.0,-1.5,7.6,-1.4,9.0,4.5,1140,3,0
401469291,2023-03-29,Indiana Pacers,Milwaukee Bucks,136,149,2023,-13,285,1.0,False,False,1.0,False,False,same_region,0,0,0,-12.6,11.4,-24.0,-12.0,-7.2,5.8,-13.0,-6.5,1141,3,0
401469295,2023-03-29,Chicago Bulls,Los Angeles Lakers,110,121,2023,-11,231,6.0,False,False,13.0,False,False,west_to_east,1,0,1,1.0,2.2,-1.2000000000000002,-0.6000000000000001,5.3,3.7,1.5999999999999996,0.7999999999999998,1142,3,0
401469297,2023-03-29,Oklahoma City Thunder,Detroit Pistons,107,106,2023,1,213,0.0,True,False,4.0,False,False,east_to_west,1,1,0,-4.6,-16.6,12.000000000000002,6.000000000000001,0.4,-10.1,10.5,5.25,1143,3,0
401469298,2023-03-29,San Antonio Spurs,Utah Jazz,117,128,2023,-11,245,9.0,False,False,3.0,False,False,same_region,0,0,0,-23.8,-10.8,-13.0,-6.5,-12.0,-4.6,-7.4,-3.7,1144,3,0
401469299,2023-03-29,Phoenix Suns,Minnesota Timberwolves,107,100,2023,7,207,3.0,False,False,1.0,False,True,same_region,0,0,0,2.2,-0.2,2.4000000000000004,1.2000000000000002,1.3,-1.4,2.7,1.35,1145,3,0
401469296,2023-03-29,Memphis Grizzlies,LA Clippers,132,141,2023,-9,273,0.0,True,False,9.0,False,False,same_region,0,0,0,11.0,5.4,5.6,2.8,7.6,5.5,2.0999999999999996,1.0499999999999998,1146,3,0
401469302,2023-03-30,Denver Nuggets,New Orleans Pelicans,88,107,2023,-19,195,2.0,False,False,1.0,False,True,same_region,0,0,0,8.4,19.6,-11.200000000000001,-5.6000000000000005,1.5,9.4,-7.9,-3.95,1147,3,0
401469301,2023-03-30,Milwaukee Bucks,Boston Celtics,99,140,2023,-41,239,7.0,False,False,1.0,False,False,same_region,0,0,0,12.6,14.4,-1.8000000000000007,-0.9000000000000004,6.6,11.7,-5.1,-2.55,1148,3,0
401469310,2023-03-31,Houston Rockets,Detroit Pistons,121,115,2023,6,236,10.0,False,False,1.0,False,False,east_to_west,1,1,0,-18.0,-13.0,-5.0,-2.5,-10.5,-10.0,-0.5,-0.25,1149,3,0
401469305,2023-03-31,Philadelphia 76ers,Toronto Raptors,117,110,2023,7,227,1.0,False,False,11.0,False,False,same_region,0,0,0,0.0,6.8,-6.8,-3.4,8.3,6.3,2.000000000000001,1.0000000000000004,1150,3,0
401469312,2023-03-31,Minnesota Timberwolves,Los Angeles Lakers,111,123,2023,-12,234,8.0,False,False,1.0,False,False,same_region,0,0,0,1.4,4.6,-3.1999999999999997,-1.5999999999999999,0.2,3.9,-3.6999999999999997,-1.8499999999999999,1151,3,0
401469303,2023-03-31,Charlotte Hornets,Chicago Bulls,91,121,2023,-30,212,4.0,False,False,3.0,False,False,same_region,0,0,0,0.8,-2.0,2.8,1.4,-5.5,2.1,-7.6,-3.8,1152,3,0
401469307,2023-03-31,Boston Celtics,Utah Jazz,122,114,2023,8,236,4.0,False,False,1.0,False,False,west_to_east,1,0,1,22.8,-10.2,33.0,16.5,13.6,-3.1,16.7,8.35,1153,3,0
401469304,2023-03-31,Indiana Pacers,Oklahoma City Thunder,121,117,2023,4,238,1.0,False,False,4.0,False,False,west_to_east,1,0,1,-14.0,-4.6,-9.4,-4.7,-9.4,-0.9,-8.5,-4.25,1154,3,0
401469306,2023-03-31,Washington Wizards,Orlando Magic,109,116,2023,-7,225,2.0,False,False,2.0,False,False,same_region,0,0,0,-0.6,3.4,-4.0,-2.0,-4.6,0.6,-5.199999999999999,-2.5999999999999996,1155,3,0
401469313,2023-03-31,Golden State Warriors,San Antonio Spurs,130,115,2023,15,245,2.0,False,False,4.0,False,False,same_region,0,0,0,6.2,-27.6,33.800000000000004,16.900000000000002,2.1,-13.9,16.0,8.0,1156,3,0
401469315,2023-03-31,Phoenix Suns,Denver Nuggets,100,93,2023,7,193,1.0,False,False,8.0,False,False,same_region,0,0,0,4.4,5.8,-1.3999999999999995,-0.6999999999999997,-1.1,1.7,-2.8,-1.4,1157,3,0
401469311,2023-03-31,Memphis Grizzlies,LA Clippers,108,94,2023,14,202,1.0,False,True,1.0,False,False,same_region,0,0,0,8.4,4.2,4.2,2.1,6.3,5.8,0.5,0.25,1158,3,0
401469308,2023-03-31,Brooklyn Nets,Atlanta Hawks,124,107,2023,17,231,1.0,False,False,8.0,False,False,same_region,0,0,0,3.4,6.4,-3.0000000000000004,-1.5000000000000002,-0.5,0.9,-1.4,-0.7,1159,3,0
401469309,2023-03-31,Cleveland Cavaliers,New York Knicks,116,130,2023,-14,246,4.0,False,False,7.0,False,False,same_region,0,0,0,9.2,2.6,6.6,3.3,5.9,2.3,3.6000000000000005,1.8000000000000003,1160,3,0
401469314,2023-03-31,Portland Trail Blazers,Sacramento Kings,114,138,2023,-24,252,1.0,False,False,1.0,False,False,same_region,0,0,0,-19.2,5.8,-25.0,-12.5,-15.9,3.4,-19.3,-9.65,1161,3,0
401469317,2023-04-01,New Orleans Pelicans,LA Clippers,122,114,2023,8,236,8.0,False,False,0.0,True,True,same_region,0,0,0,16.4,1.6,14.799999999999999,7.3999999999999995,12.7,3.6,9.1,4.55,1162,4,1
401469316,2023-04-01,Miami Heat,Dallas Mavericks,129,122,2023,7,251,6.0,False,False,2.0,False,False,west_to_east,1,0,1,-6.6,-0.2,-6.3999999999999995,-3.1999999999999997,-3.2,-1.5,-1.7000000000000002,-0.8500000000000001,1163,4,1
401469318,2023-04-02,Charlotte Hornets,Toronto Raptors,108,128,2023,-20,236,1.0,False,False,1.0,False,False,same_region,0,0,0,-6.4,6.8,-13.2,-6.6,-9.5,6.4,-15.9,-7.95,1164,4,1
401469319,2023-04-02,Brooklyn Nets,Utah Jazz,111,110,2023,1,221,1.0,False,False,1.0,False,False,west_to_east,1,0,1,8.0,-9.4,17.4,8.7,1.1,-4.6,5.699999999999999,2.8499999999999996,1165,4,1
401469321,2023-04-02,Minnesota Timberwolves,Portland Trail Blazers,105,107,2023,-2,212,1.0,False,False,10.0,False,False,same_region,0,0,0,-2.2,-26.4,24.2,12.1,-0.9,-18.2,17.3,8.65,1166,4,1
401469322,2023-04-02,Atlanta Hawks,Dallas Mavericks,132,130,2023,2,262,4.0,False,False,0.0,True,False,west_to_east,1,0,1,-1.4,-1.2,-0.19999999999999996,-0.09999999999999998,-1.5,-1.8,0.30000000000000004,0.15000000000000002,1167,4,1
401469323,2023-04-02,New York Knicks,Washington Wizards,118,109,2023,9,227,3.0,False,False,6.0,False,False,same_region,0,0,0,6.6,0.0,6.6,3.3,4.2,-4.6,8.8,4.4,1168,4,1
401469329,2023-04-02,Milwaukee Bucks,Philadelphia 76ers,117,104,2023,13,221,2.0,False,False,5.0,False,False,same_region,0,0,0,-2.8,-3.6,0.8000000000000003,0.40000000000000013,3.4,7.1,-3.6999999999999997,-1.8499999999999999,1169,4,1
401469320,2023-04-02,Chicago Bulls,Memphis Grizzlies,128,107,2023,21,235,3.0,False,False,6.0,False,False,west_to_east,1,0,1,9.0,10.2,-1.1999999999999993,-0.5999999999999996,4.3,6.1,-1.7999999999999998,-0.8999999999999999,1170,4,1
401469326,2023-04-02,Houston Rockets,Los Angeles Lakers,109,134,2023,-25,243,1.0,False,False,1.0,False,False,same_region,0,0,0,-15.8,5.8,-21.6,-10.8,-10.1,4.1,-14.2,-7.1,1171,4,1
401469327,2023-04-02,Oklahoma City Thunder,Phoenix Suns,118,128,2023,-10,246,3.0,False,False,5.0,False,False,same_region,0,0,0,-1.0,8.0,-9.0,-4.5,-2.5,0.5,-3.0,-1.5,1172,4,1
401469328,2023-04-02,Cleveland Cavaliers,Indiana Pacers,115,105,2023,10,220,1.0,False,False,7.0,False,False,same_region,0,0,0,1.8,-14.0,15.8,7.9,4.1,-9.6,13.7,6.85,1173,4,1
401469330,2023-04-02,Denver Nuggets,Golden State Warriors,112,110,2023,2,222,2.0,False,False,10.0,False,False,same_region,0,0,0,3.2,6.6,-3.3999999999999995,-1.6999999999999997,1.8,2.7,-0.9000000000000001,-0.45000000000000007,1174,4,1
401469324,2023-04-02,Orlando Magic,Detroit Pistons,128,102,2023,26,230,6.0,False,False,1.0,False,False,same_region,0,0,0,6.0,-11.8,17.8,8.9,2.0,-9.6,11.6,5.8,1175,4,1
401469325,2023-04-02,Sacramento Kings,San Antonio Spurs,134,142,2023,-8,276,5.0,False,False,1.0,False,False,same_region,0,0,0,15.2,-23.6,38.8,19.4,6.7,-14.2,20.9,10.45,1176,4,1
401469338,2023-04-04,Houston Rockets,Denver Nuggets,124,103,2023,21,227,1.0,False,False,3.0,False,False,same_region,0,0,0,-13.4,0.8,-14.200000000000001,-7.1000000000000005,-13.0,2.2,-15.2,-7.6,1177,4,1
401469331,2023-04-04,Charlotte Hornets,Toronto Raptors,100,120,2023,-20,220,1.0,False,False,1.0,False,False,same_region,0,0,0,-6.6,11.6,-18.2,-9.1,-10.7,9.4,-20.1,-10.05,1178,4,1
401469332,2023-04-04,Detroit Pistons,Miami Heat,105,118,2023,-13,223,7.0,False,False,5.0,False,False,same_region,0,0,0,-12.6,-7.6,-5.0,-2.5,-11.6,-2.9,-8.7,-4.35,1179,4,1
401469333,2023-04-04,Orlando Magic,Cleveland Cavaliers,113,117,2023,-4,230,1.0,False,False,6.0,False,False,same_region,0,0,0,9.2,2.6,6.6,3.3,3.4,5.5,-2.1,-1.05,1180,4,1
401469334,2023-04-04,Washington Wizards,Milwaukee Bucks,128,140,2023,-12,268,3.0,False,False,5.0,False,False,same_region,0,0,0,1.0,-5.8,6.8,3.4,-3.6,3.8,-7.4,-3.7,1181,4,1
401469336,2023-04-04,Philadelphia 76ers,Boston Celtics,103,101,2023,2,204,3.0,False,False,4.0,False,False,same_region,0,0,0,-4.6,19.8,-24.4,-12.2,4.9,13.5,-8.6,-4.3,1182,4,1
401469340,2023-04-04,New Orleans Pelicans,Sacramento Kings,103,121,2023,-18,224,2.0,False,False,3.0,False,False,same_region,0,0,0,14.2,12.0,2.1999999999999993,1.0999999999999996,11.8,5.6,6.200000000000001,3.1000000000000005,1183,4,1
401469339,2023-04-04,Memphis Grizzlies,Portland Trail Blazers,119,109,2023,10,228,3.0,False,False,1.0,False,False,same_region,0,0,0,-1.4,-20.4,19.0,9.5,5.9,-16.3,22.200000000000003,11.100000000000001,1184,4,1
401469341,2023-04-04,Utah Jazz,Los Angeles Lakers,133,135,2023,-2,268,7.0,False,False,1.0,False,False,same_region,0,0,0,-4.0,8.6,-12.6,-6.3,-5.5,7.0,-12.5,-6.25,1185,4,1
401469342,2023-04-04,Golden State Warriors,Oklahoma City Thunder,136,125,2023,11,261,3.0,False,False,3.0,False,False,same_region,0,0,0,5.8,-2.0,7.8,3.9,1.4,-4.9,6.300000000000001,3.1500000000000004,1186,4,1
401469343,2023-04-04,Phoenix Suns,San Antonio Spurs,115,94,2023,21,209,3.0,False,False,1.0,False,False,same_region,0,0,0,11.6,-14.8,26.4,13.2,2.6,-15.2,17.8,8.9,1187,4,1
401469337,2023-04-04,Chicago Bulls,Atlanta Hawks,105,123,2023,-18,228,1.0,False,False,3.0,False,False,same_region,0,0,0,7.6,-0.8,8.4,4.2,6.7,-0.4,7.1000000000000005,3.5500000000000003,1188,4,1
401469335,2023-04-04,Brooklyn Nets,Minnesota Timberwolves,102,107,2023,-5,209,1.0,False,False,5.0,False,False,west_to_east,1,0,1,8.6,-2.8,11.399999999999999,5.699999999999999,1.0,-3.2,4.2,2.1,1189,4,1
401469346,2023-04-05,Atlanta Hawks,Washington Wizards,134,116,2023,18,250,2.0,False,False,2.0,False,False,same_region,0,0,0,0.2,-3.8,4.0,2.0,3.5,-6.8,10.3,5.15,1190,4,1
401469345,2023-04-05,Indiana Pacers,New York Knicks,129,138,2023,-9,267,4.0,False,False,4.0,False,False,same_region,0,0,0,-11.0,9.8,-20.8,-10.4,-8.6,6.2,-14.8,-7.4,1191,4,1
401469347,2023-04-05,Boston Celtics,Toronto Raptors,97,93,2023,4,190,4.0,False,False,0.0,True,True,same_region,0,0,0,14.4,11.4,3.0,1.5,13.5,9.9,3.5999999999999996,1.7999999999999998,1192,4,1
401469344,2023-04-05,Detroit Pistons,Brooklyn Nets,108,123,2023,-15,231,0.0,True,False,9.0,False,False,same_region,0,0,0,-11.0,1.8,-12.8,-6.4,-14.9,1.9,-16.8,-8.4,1193,4,1
401469349,2023-04-05,New Orleans Pelicans,Memphis Grizzlies,138,131,2023,7,269,0.0,True,False,2.0,False,False,same_region,0,0,0,6.4,-0.2,6.6000000000000005,3.3000000000000003,11.5,6.3,5.2,2.6,1194,4,1
401469350,2023-04-05,Dallas Mavericks,Sacramento Kings,123,119,2023,4,242,11.0,False,False,0.0,True,False,same_region,0,0,0,0.0,14.0,-14.0,-7.0,-0.4,6.9,-7.300000000000001,-3.6500000000000004,1195,4,1
401469348,2023-04-05,Milwaukee Bucks,Chicago Bulls,105,92,2023,13,197,2.0,False,False,4.0,False,False,same_region,0,0,0,1.2,2.0,-0.8,-0.4,3.8,4.1,-0.2999999999999998,-0.1499999999999999,1196,4,1
401469351,2023-04-05,LA Clippers,Los Angeles Lakers,125,118,2023,7,243,8.0,False,False,0.0,True,True,same_region,0,0,0,-4.4,8.0,-12.4,-6.2,1.7,5.7,-4.0,-2.0,1197,4,1
401469352,2023-04-06,Orlando Magic,Cleveland Cavaliers,94,118,2023,-24,212,1.0,False,False,1.0,False,False,same_region,0,0,0,7.4,3.0,4.4,2.2,4.8,5.3,-0.5,-0.25,1198,4,1
401469353,2023-04-06,Philadelphia 76ers,Miami Heat,101,129,2023,-28,230,1.0,False,False,1.0,False,False,same_region,0,0,0,-0.2,-6.4,6.2,3.1,1.2,-0.4,1.6,0.8,1199,4,1
401469355,2023-04-06,Utah Jazz,Oklahoma City Thunder,98,114,2023,-16,212,1.0,False,False,1.0,False,False,same_region,0,0,0,-2.8,-5.4,2.6000000000000005,1.3000000000000003,-5.3,-4.3,-1.0,-0.5,1200,4,1
401469356,2023-04-06,Phoenix Suns,Denver Nuggets,119,115,2023,4,234,1.0,False,False,1.0,False,False,same_region,0,0,0,11.8,-8.0,19.8,9.9,5.9,1.6,4.300000000000001,2.1500000000000004,1201,4,1
401469354,2023-04-06,San Antonio Spurs,Portland Trail Blazers,129,127,2023,2,256,7.0,False,False,1.0,False,False,same_region,0,0,0,-16.6,-21.2,4.599999999999998,2.299999999999999,-16.4,-15.7,-0.6999999999999993,-0.34999999999999964,1202,4,1
401469357,2023-04-07,Charlotte Hornets,Houston Rockets,109,112,2023,-3,221,2.0,False,False,8.0,False,False,west_to_east,1,0,1,-12.2,-5.8,-6.3999999999999995,-3.1999999999999997,-12.1,-11.1,-1.0,-0.5,1203,4,1
401469358,2023-04-07,Indiana Pacers,Detroit Pistons,115,122,2023,-7,237,1.0,False,False,4.0,False,False,same_region,0,0,0,-10.2,-12.2,2.0,1.0,-11.1,-14.4,3.3000000000000007,1.6500000000000004,1204,4,1
401469362,2023-04-07,Brooklyn Nets,Orlando Magic,101,84,2023,17,185,2.0,False,False,6.0,False,False,same_region,0,0,0,7.4,0.0,7.4,3.7,3.9,2.7,1.1999999999999997,0.5999999999999999,1205,4,1
401469361,2023-04-07,Boston Celtics,Toronto Raptors,121,102,2023,19,223,1.0,False,False,1.0,False,True,same_region,0,0,0,6.4,8.6,-2.1999999999999993,-1.0999999999999996,13.7,7.8,5.8999999999999995,2.9499999999999997,1206,4,1
401469360,2023-04-07,Atlanta Hawks,Philadelphia 76ers,131,136,2023,-5,267,1.0,False,False,4.0,False,False,same_region,0,0,0,4.6,-4.8,9.399999999999999,4.699999999999999,4.5,-3.6,8.1,4.05,1207,4,1
401469365,2023-04-07,Dallas Mavericks,Chicago Bulls,112,115,2023,-3,227,1.0,False,False,1.0,False,False,east_to_west,1,1,0,2.0,1.8,0.19999999999999996,0.09999999999999998,-0.9,1.4,-2.3,-1.15,1208,4,1
401469364,2023-04-07,New Orleans Pelicans,New York Knicks,113,105,2023,8,218,1.0,False,True,1.0,False,False,east_to_west,1,1,0,1.0,12.6,-11.6,-5.8,12.4,6.7,5.7,2.85,1209,4,1
401469359,2023-04-07,Washington Wizards,Miami Heat,114,108,2023,6,222,2.0,False,False,0.0,True,True,same_region,0,0,0,-5.4,5.0,-10.4,-5.2,-6.3,2.0,-8.3,-4.15,1210,4,1
401469367,2023-04-07,Los Angeles Lakers,Phoenix Suns,121,107,2023,14,228,11.0,False,False,4.0,False,False,same_region,0,0,0,8.6,9.8,-1.200000000000001,-0.6000000000000005,5.4,6.0,-0.5999999999999996,-0.2999999999999998,1211,4,1
401469363,2023-04-07,Milwaukee Bucks,Memphis Grizzlies,114,137,2023,-23,251,1.0,False,False,1.0,False,False,west_to_east,1,0,1,2.0,-2.6,4.6,2.3,6.7,4.2,2.5,1.25,1212,4,1
401469366,2023-04-07,Sacramento Kings,Golden State Warriors,97,119,2023,-22,216,4.0,False,False,4.0,False,False,same_region,0,0,0,14.0,6.4,7.6,3.8,5.1,3.3,1.7999999999999998,0.8999999999999999,1213,4,1
401469370,2023-04-08,LA Clippers,Portland Trail Blazers,136,125,2023,11,261,2.0,False,False,1.0,False,False,same_region,0,0,0,1.2,-14.8,16.0,8.0,1.6,-14.5,16.1,8.05,1214,4,1
401469369,2023-04-08,San Antonio Spurs,Minnesota Timberwolves,131,151,2023,-20,282,1.0,False,False,3.0,False,False,same_region,0,0,0,-7.4,-2.4,-5.0,-2.5,-15.6,-2.5,-13.1,-6.55,1215,4,1
401469368,2023-04-08,Utah Jazz,Denver Nuggets,118,114,2023,4,232,1.0,False,False,1.0,False,False,same_region,0,0,0,-3.2,-9.8,6.6000000000000005,3.3000000000000003,-7.0,-0.7,-6.3,-3.15,1216,4,1
401469375,2023-04-09,New York Knicks,Indiana Pacers,136,141,2023,-5,277,6.0,False,False,6.0,False,False,same_region,0,0,0,6.6,-7.0,13.6,6.8,4.3,-9.8,14.100000000000001,7.050000000000001,1217,4,1
401469376,2023-04-09,Toronto Raptors,Milwaukee Bucks,121,105,2023,16,226,11.0,False,False,4.0,False,False,same_region,0,0,0,2.0,-5.2,7.2,3.6,4.4,3.7,0.7000000000000002,0.3500000000000001,1218,4,1
401469371,2023-04-09,Boston Celtics,Atlanta Hawks,120,114,2023,6,234,1.0,False,False,4.0,False,False,same_region,0,0,0,14.0,3.2,10.8,5.4,14.2,4.8,9.399999999999999,4.699999999999999,1219,4,1
401469372,2023-04-09,Brooklyn Nets,Philadelphia 76ers,105,134,2023,-29,239,1.0,False,False,1.0,False,False,same_region,0,0,0,9.0,-5.4,14.4,7.2,6.2,-2.7,8.9,4.45,1220,4,1
401469373,2023-04-09,Cleveland Cavaliers,Charlotte Hornets,95,106,2023,-11,201,6.0,False,False,11.0,False,False,same_region,0,0,0,4.4,-14.0,18.4,9.2,6.1,-10.8,16.9,8.45,1221,4,1
401469374,2023-04-09,Miami Heat,Orlando Magic,123,110,2023,13,233,7.0,False,False,1.0,False,False,same_region,0,0,0,6.6,-2.4,9.0,4.5,-0.5,0.5,-1.0,-0.5,1222,4,1
401469377,2023-04-09,Washington Wizards,Houston Rockets,109,114,2023,-5,223,1.0,False,False,1.0,False,False,west_to_east,1,0,1,-8.0,-0.8,-7.2,-3.6,-4.3,-9.8,5.500000000000001,2.7500000000000004,1223,4,1
401469382,2023-04-09,Denver Nuggets,Sacramento Kings,109,95,2023,14,204,6.0,False,False,3.0,False,False,same_region,0,0,0,-6.8,1.6,-8.4,-4.2,-0.5,3.7,-4.2,-2.1,1224,4,1
401469379,2023-04-09,Dallas Mavericks,San Antonio Spurs,117,138,2023,-21,255,1.0,False,False,4.0,False,False,same_region,0,0,0,-3.2,-9.2,5.999999999999999,2.9999999999999996,-1.3,-18.4,17.099999999999998,8.549999999999999,1225,4,1
401469381,2023-04-09,Oklahoma City Thunder,Memphis Grizzlies,115,100,2023,15,215,6.0,False,False,1.0,False,False,same_region,0,0,0,-1.6,3.8,-5.4,-2.7,-3.1,6.1,-9.2,-4.6,1226,4,1
401469383,2023-04-09,Los Angeles Lakers,Utah Jazz,128,117,2023,11,245,1.0,False,False,6.0,False,False,same_region,0,0,0,9.2,-4.6,13.799999999999999,6.8999999999999995,6.9,-7.4,14.3,7.15,1227,4,1
401469384,2023-04-09,Phoenix Suns,LA Clippers,114,119,2023,-5,233,2.0,False,False,7.0,False,False,same_region,0,0,0,5.6,1.0,4.6,2.3,5.0,3.2,1.7999999999999998,0.8999999999999999,1228,4,1
401469378,2023-04-09,Chicago Bulls,Detroit Pistons,103,81,2023,22,184,4.0,False,False,1.0,False,False,same_region,0,0,0,4.6,-10.6,15.2,7.6,1.3,-11.8,13.100000000000001,6.550000000000001,1229,4,1
401469385,2023-04-09,Portland Trail Blazers,Golden State Warriors,101,157,2023,-56,258,8.0,False,False,1.0,False,False,same_region,0,0,0,-9.0,11.4,-20.4,-10.2,-14.1,6.3,-20.4,-10.2,1230,4,1
401469380,2023-04-09,Minnesota Timberwolves,New Orleans Pelicans,113,108,2023,5,221,6.0,False,False,9.0,False,False,same_region,0,0,0,0.8,4.8,-4.0,-2.0,0.3,12.2,-11.899999999999999,-5.949999999999999,1231,4,1
401539672,2023-04-11,Los Angeles Lakers,Minnesota Timberwolves,108,102,2023,6,210,1.0,False,False,2.0,False,False,same_region,0,0,0,9.0,3.2,5.8,2.9,7.4,2.3,5.1000000000000005,2.5500000000000003,1232,4,1
401539671,2023-04-11,Miami Heat,Atlanta Hawks,105,116,2023,-11,221,1.0,False,False,1.0,False,False,same_region,0,0,0,11.0,5.4,5.6,2.8,2.2,2.0,0.20000000000000018,0.10000000000000009,1233,4,1
401539674,2023-04-12,New Orleans Pelicans,Oklahoma City Thunder,118,123,2023,-5,241,4.0,False,False,5.0,False,False,same_region,0,0,0,0.0,1.2,-1.2,-0.6,8.2,-1.7,9.899999999999999,4.949999999999999,1234,4,1
401539673,2023-04-12,Toronto Raptors,Chicago Bulls,105,109,2023,-4,214,2.0,False,False,4.0,False,False,same_region,0,0,0,6.6,3.0,3.5999999999999996,1.7999999999999998,6.7,6.0,0.7000000000000002,0.3500000000000001,1235,4,1
401539676,2023-04-14,Minnesota Timberwolves,Oklahoma City Thunder,120,95,2023,25,215,4.0,False,False,1.0,False,False,same_region,0,0,0,4.4,3.0,1.4000000000000004,0.7000000000000002,1.1,1.0,0.10000000000000009,0.050000000000000044,1236,4,1
401539675,2023-04-14,Miami Heat,Chicago Bulls,102,91,2023,11,193,2.0,False,False,1.0,False,False,same_region,0,0,0,7.4,-0.4,7.800000000000001,3.9000000000000004,-0.1,3.6,-3.7,-1.85,1237,4,1
401540750,2023-04-15,Philadelphia 76ers,Brooklyn Nets,121,101,2023,20,222,8.0,False,False,9.0,False,False,same_region,0,0,0,-1.0,-0.2,-0.8,-0.4,-2.3,3.9,-6.199999999999999,-3.0999999999999996,1238,4,1
401540752,2023-04-15,Cleveland Cavaliers,New York Knicks,97,101,2023,-4,198,5.0,False,False,7.0,False,False,same_region,0,0,0,2.6,3.8,-1.1999999999999997,-0.5999999999999999,5.9,3.2,2.7,1.35,1239,4,1
401540753,2023-04-15,Sacramento Kings,Golden State Warriors,126,123,2023,3,249,7.0,False,False,5.0,False,False,same_region,0,0,0,-6.0,20.4,-26.4,-13.2,4.6,13.3,-8.700000000000001,-4.3500000000000005,1240,4,1
401540751,2023-04-15,Boston Celtics,Atlanta Hawks,112,99,2023,13,211,5.0,False,False,3.0,False,False,same_region,0,0,0,7.0,7.2,-0.20000000000000018,-0.10000000000000009,14.9,3.2,11.7,5.85,1241,4,1
401540757,2023-04-16,Phoenix Suns,LA Clippers,110,115,2023,-5,225,6.0,False,False,6.0,False,False,same_region,0,0,0,3.2,0.2,3.0,1.5,5.6,2.2,3.3999999999999995,1.6999999999999997,1242,4,1
401540756,2023-04-16,Memphis Grizzlies,Los Angeles Lakers,112,128,2023,-16,240,11.0,False,False,10.0,False,False,same_region,0,0,0,-2.0,5.2,-7.2,-3.6,4.1,6.9,-2.8000000000000007,-1.4000000000000004,1243,4,1
401540755,2023-04-16,Denver Nuggets,Minnesota Timberwolves,109,80,2023,29,189,6.0,False,False,4.0,False,False,same_region,0,0,0,-2.6,9.8,-12.4,-6.2,0.3,3.5,-3.2,-1.6,1244,4,1
401540754,2023-04-16,Milwaukee Bucks,Miami Heat,117,130,2023,-13,247,8.0,False,False,8.0,False,False,same_region,0,0,0,-0.2,7.0,-7.2,-3.6,-1.5,0.3,-1.8,-0.9,1245,4,1
401541169,2023-04-17,Sacramento Kings,Golden State Warriors,114,106,2023,8,220,1.0,False,False,1.0,False,False,same_region,0,0,0,-3.8,16.8,-20.6,-10.3,4.1,11.7,-7.6,-3.8,1246,4,1
401541173,2023-04-17,Philadelphia 76ers,Brooklyn Nets,96,84,2023,12,180,1.0,False,False,1.0,False,False,same_region,0,0,0,5.6,-4.4,10.0,5.0,0.5,2.1,-1.6,-0.8,1247,4,1
401541170,2023-04-18,Phoenix Suns,LA Clippers,123,109,2023,14,232,1.0,False,False,1.0,False,False,same_region,0,0,0,0.2,4.0,-3.8,-1.9,5.9,2.8,3.1000000000000005,1.5500000000000003,1248,4,1
401541174,2023-04-18,Cleveland Cavaliers,New York Knicks,107,90,2023,17,197,2.0,False,False,2.0,False,False,same_region,0,0,0,4.6,1.8,2.8,1.4,3.2,4.2,-1.0,-0.5,1249,4,1
401541172,2023-04-18,Boston Celtics,Atlanta Hawks,119,106,2023,13,225,2.0,False,False,2.0,False,False,same_region,0,0,0,8.0,1.0,7.0,3.5,13.9,0.6,13.3,6.65,1250,4,1
401541167,2023-04-19,Denver Nuggets,Minnesota Timberwolves,122,113,2023,9,235,2.0,False,False,2.0,False,False,same_region,0,0,0,2.8,3.0,-0.20000000000000018,-0.10000000000000009,1.8,0.3,1.5,0.75,1251,4,1
401541168,2023-04-19,Memphis Grizzlies,Los Angeles Lakers,103,93,2023,10,196,2.0,False,False,2.0,False,False,same_region,0,0,0,-1.0,8.0,-9.0,-4.5,-1.2,8.0,-9.2,-4.6,1252,4,1
401541171,2023-04-19,Milwaukee Bucks,Miami Heat,138,122,2023,16,260,2.0,False,False,2.0,False,False,same_region,0,0,0,-5.4,4.0,-9.4,-4.7,-5.6,4.5,-10.1,-5.05,1253,4,1
401541178,2023-04-20,LA Clippers,Phoenix Suns,124,129,2023,-5,253,11.0,False,False,12.0,False,False,same_region,0,0,0,2.8,-1.2,4.0,2.0,-0.8,5.3,-6.1,-3.05,1254,4,1
401541177,2023-04-20,Golden State Warriors,Sacramento Kings,114,97,2023,17,211,15.0,False,False,10.0,False,False,same_region,0,0,0,15.6,-5.8,21.4,10.7,10.7,4.1,6.6,3.3,1255,4,1
401541181,2023-04-20,Brooklyn Nets,Philadelphia 76ers,97,102,2023,-5,199,10.0,False,False,10.0,False,False,same_region,0,0,0,-5.8,7.6,-13.399999999999999,-6.699999999999999,-2.0,3.7,-5.7,-2.85,1256,4,1
401541175,2023-04-21,Minnesota Timberwolves,Denver Nuggets,111,120,2023,-9,231,6.0,False,False,12.0,False,False,same_region,0,0,0,-2.8,8.8,-11.600000000000001,-5.800000000000001,-1.0,0.4,-1.4,-0.7,1257,4,1
401541182,2023-04-21,New York Knicks,Cleveland Cavaliers,99,79,2023,20,178,11.0,False,False,14.0,False,False,same_region,0,0,0,-3.4,6.0,-9.4,-4.7,3.2,4.3,-1.0999999999999996,-0.5499999999999998,1258,4,1
401541180,2023-04-21,Atlanta Hawks,Boston Celtics,130,122,2023,8,252,13.0,False,False,16.0,False,False,same_region,0,0,0,-5.2,11.0,-16.2,-8.1,-0.3,12.7,-13.0,-6.5,1259,4,1
401541189,2023-04-22,Brooklyn Nets,Philadelphia 76ers,88,96,2023,-8,184,1.0,False,False,1.0,False,False,same_region,0,0,0,-9.8,14.2,-24.0,-12.0,-1.2,4.7,-5.9,-2.95,1260,4,1
401541186,2023-04-22,LA Clippers,Phoenix Suns,100,112,2023,-12,212,1.0,False,False,1.0,False,False,same_region,0,0,0,0.4,-1.0,1.4,0.7,0.8,4.4,-3.6000000000000005,-1.8000000000000003,1261,4,1
401541176,2023-04-22,Los Angeles Lakers,Memphis Grizzlies,111,101,2023,10,212,10.0,False,False,12.0,False,False,same_region,0,0,0,7.4,-1.0,8.4,4.2,8.0,-0.6,8.6,4.3,1262,4,1
401541179,2023-04-22,Miami Heat,Milwaukee Bucks,121,99,2023,22,220,7.0,False,False,12.0,False,False,same_region,0,0,0,2.0,-4.6,6.6,3.3,4.3,-1.7,6.0,3.0,1263,4,1
401541185,2023-04-23,Golden State Warriors,Sacramento Kings,126,125,2023,1,251,2.0,False,False,2.0,False,False,same_region,0,0,0,16.8,-8.4,25.200000000000003,12.600000000000001,11.6,2.8,8.8,4.4,1264,4,1
401541188,2023-04-23,Atlanta Hawks,Boston Celtics,121,129,2023,-8,250,1.0,False,False,1.0,False,False,same_region,0,0,0,-2.6,8.6,-11.2,-5.6,0.3,7.5,-7.2,-3.6,1265,4,1
401541183,2023-04-23,Minnesota Timberwolves,Denver Nuggets,114,108,2023,6,222,1.0,False,False,1.0,False,False,same_region,0,0,0,-5.6,11.4,-17.0,-8.5,-1.2,0.8,-2.0,-1.0,1266,4,1
401541190,2023-04-23,New York Knicks,Cleveland Cavaliers,102,93,2023,9,195,1.0,False,False,1.0,False,False,same_region,0,0,0,-1.2,1.2,-2.4,-1.2,5.7,2.1,3.6,1.8,1267,4,1
401541184,2023-04-24,Los Angeles Lakers,Memphis Grizzlies,117,111,2023,6,228,1.0,False,False,1.0,False,False,same_region,0,0,0,6.6,-1.6,8.2,4.1,7.9,-2.1,10.0,5.0,1268,4,1
401541187,2023-04-24,Miami Heat,Milwaukee Bucks,119,114,2023,5,233,1.0,False,False,1.0,False,False,same_region,0,0,0,3.8,-11.6,15.399999999999999,7.699999999999999,7.4,-4.8,12.2,6.1,1269,4,1
401541237,2023-04-25,Phoenix Suns,LA Clippers,136,130,2023,6,266,6.0,False,False,6.0,False,False,same_region,0,0,0,4.2,-4.2,8.4,4.2,4.9,-1.6,6.5,3.25,1270,4,1
401541196,2023-04-25,Denver Nuggets,Minnesota Timberwolves,112,109,2023,3,221,5.0,False,False,5.0,False,False,same_region,0,0,0,11.0,-3.2,14.2,7.1,2.1,0.6,1.5,0.75,1271,4,1
401541243,2023-04-25,Boston Celtics,Atlanta Hawks,117,119,2023,-2,236,6.0,False,False,6.0,False,False,same_region,0,0,0,6.4,-3.0,9.4,4.7,10.2,1.2,9.0,4.5,1272,4,1
401541240,2023-04-26,Milwaukee Bucks,Miami Heat,126,128,2023,-2,254,6.0,False,False,6.0,False,False,same_region,0,0,0,-8.0,7.0,-15.0,-7.5,-6.6,7.2,-13.8,-6.9,1273,4,1
401541231,2023-04-26,Memphis Grizzlies,Los Angeles Lakers,116,99,2023,17,215,6.0,False,False,6.0,False,False,same_region,0,0,0,-7.4,5.6,-13.0,-6.5,-1.8,7.3,-9.1,-4.55,1274,4,1
401541249,2023-04-26,Cleveland Cavaliers,New York Knicks,95,106,2023,-11,201,7.0,False,False,7.0,False,False,same_region,0,0,0,-5.4,2.2,-7.6000000000000005,-3.8000000000000003,-0.5,4.4,-4.9,-2.45,1275,4,1
401541234,2023-04-26,Sacramento Kings,Golden State Warriors,116,123,2023,-7,239,8.0,False,False,8.0,False,False,same_region,0,0,0,-4.2,12.6,-16.8,-8.4,-1.3,12.0,-13.3,-6.65,1276,4,1
401541244,2023-04-27,Atlanta Hawks,Boston Celtics,120,128,2023,-8,248,3.0,False,False,3.0,False,False,same_region,0,0,0,-4.8,4.8,-9.6,-4.8,1.2,5.9,-4.7,-2.35,1277,4,1
401541232,2023-04-28,Los Angeles Lakers,Memphis Grizzlies,125,85,2023,40,210,3.0,False,False,3.0,False,False,same_region,0,0,0,1.0,-1.0,2.0,1.0,3.1,-1.5,4.6,2.3,1278,4,1
401541235,2023-04-28,Golden State Warriors,Sacramento Kings,99,118,2023,-19,217,4.0,False,False,4.0,False,False,same_region,0,0,0,2.8,-2.8,5.6,2.8,11.6,-4.4,16.0,8.0,1279,4,1
401544334,2023-04-29,Denver Nuggets,Phoenix Suns,125,107,2023,18,232,3.0,False,False,6.0,False,False,same_region,0,0,0,8.8,6.4,2.4000000000000004,1.2000000000000002,3.1,4.8,-1.6999999999999997,-0.8499999999999999,1280,4,1
401541236,2023-04-30,Sacramento Kings,Golden State Warriors,100,120,2023,-20,220,3.0,False,False,3.0,False,False,same_region,0,0,0,0.4,-0.4,0.8,0.4,-1.7,8.2,-9.899999999999999,-4.949999999999999,1281,4,1
401544973,2023-04-30,New York Knicks,Miami Heat,101,108,2023,-7,209,6.0,False,False,3.0,False,False,same_region,0,0,0,5.4,5.2,0.20000000000000018,0.10000000000000009,4.6,6.1,-1.5,-0.75,1282,4,1
401544335,2023-05-01,Denver Nuggets,Phoenix Suns,97,87,2023,10,184,1.0,False,False,1.0,False,False,same_region,0,0,0,6.6,3.8,2.8,1.4,4.7,2.0,2.7,1.35,1283,5,1
401545111,2023-05-01,Boston Celtics,Philadelphia 76ers,115,119,2023,-4,234,5.0,False,False,8.0,False,False,same_region,0,0,0,3.8,14.8,-11.0,-5.5,5.9,4.7,1.2000000000000002,0.6000000000000001,1284,5,1
401545231,2023-05-02,Golden State Warriors,Los Angeles Lakers,112,117,2023,-5,229,3.0,False,False,5.0,False,False,same_region,0,0,0,5.2,5.8,-0.5999999999999996,-0.2999999999999998,10.4,6.9,3.5,1.75,1285,5,1
401544974,2023-05-02,New York Knicks,Miami Heat,111,105,2023,6,216,1.0,False,False,1.0,False,False,same_region,0,0,0,3.2,4.0,-0.7999999999999998,-0.3999999999999999,2.5,4.0,-1.5,-0.75,1286,5,1
401545112,2023-05-03,Boston Celtics,Philadelphia 76ers,121,87,2023,34,208,1.0,False,False,1.0,False,False,same_region,0,0,0,0.4,9.8,-9.4,-4.7,5.7,4.4,1.2999999999999998,0.6499999999999999,1287,5,1
401545232,2023-05-04,Golden State Warriors,Los Angeles Lakers,127,100,2023,27,227,1.0,False,False,1.0,False,False,same_region,0,0,0,0.8,8.8,-8.0,-4.0,8.8,8.1,0.7000000000000011,0.35000000000000053,1288,5,1
401544336,2023-05-05,Phoenix Suns,Denver Nuggets,121,114,2023,7,235,9.0,False,False,11.0,False,False,same_region,0,0,0,-1.0,6.8,-7.8,-3.9,-1.1,7.8,-8.9,-4.45,1289,5,1
401545113,2023-05-05,Philadelphia 76ers,Boston Celtics,102,114,2023,-12,216,17.0,False,False,7.0,False,False,same_region,0,0,0,-1.0,8.8,-9.8,-4.9,2.3,8.7,-6.3999999999999995,-3.1999999999999997,1290,5,1
401544975,2023-05-06,Miami Heat,New York Knicks,105,86,2023,19,191,11.0,False,False,9.0,False,False,same_region,0,0,0,6.0,7.8,-1.7999999999999998,-0.8999999999999999,4.0,2.2,1.7999999999999998,0.8999999999999999,1291,5,1
401545233,2023-05-06,Los Angeles Lakers,Golden State Warriors,127,97,2023,30,224,7.0,False,False,5.0,False,False,same_region,0,0,0,1.4,6.0,-4.6,-2.3,4.0,9.3,-5.300000000000001,-2.6500000000000004,1292,5,1
401545114,2023-05-07,Philadelphia 76ers,Boston Celtics,116,115,2023,1,231,1.0,False,False,1.0,False,False,same_region,0,0,0,-5.8,9.6,-15.399999999999999,-7.699999999999999,0.9,8.0,-7.1,-3.55,1293,5,1
401544337,2023-05-07,Phoenix Suns,Denver Nuggets,129,124,2023,5,253,1.0,False,False,1.0,False,False,same_region,0,0,0,-0.6,3.6,-4.2,-2.1,-0.8,7.5,-8.3,-4.15,1294,5,1
401545234,2023-05-08,Los Angeles Lakers,Golden State Warriors,104,101,2023,3,205,1.0,False,False,1.0,False,False,same_region,0,0,0,6.2,-1.4,7.6,3.8,5.9,0.7,5.2,2.6,1295,5,1
401544976,2023-05-08,Miami Heat,New York Knicks,109,101,2023,8,210,1.0,False,False,1.0,False,False,same_region,0,0,0,5.4,0.0,5.4,2.7,4.6,-0.6,5.199999999999999,2.5999999999999996,1296,5,1
401544338,2023-05-09,Denver Nuggets,Phoenix Suns,118,102,2023,16,220,7.0,False,False,7.0,False,False,same_region,0,0,0,3.8,-2.0,5.8,2.9,7.4,1.1,6.300000000000001,3.1500000000000004,1297,5,1
401545115,2023-05-09,Boston Celtics,Philadelphia 76ers,103,115,2023,-12,218,5.0,False,False,5.0,False,False,same_region,0,0,0,9.8,-6.6,16.4,8.2,7.3,3.8,3.5,1.75,1298,5,1
401545235,2023-05-10,Golden State Warriors,Los Angeles Lakers,121,106,2023,15,227,5.0,False,False,5.0,False,False,same_region,0,0,0,1.8,10.2,-8.399999999999999,-4.199999999999999,0.7,5.6,-4.8999999999999995,-2.4499999999999997,1299,5,1
401544977,2023-05-10,New York Knicks,Miami Heat,112,103,2023,9,215,7.0,False,False,7.0,False,False,same_region,0,0,0,-3.4,6.0,-9.4,-4.7,-0.6,6.5,-7.1,-3.55,1300,5,1
401545116,2023-05-11,Philadelphia 76ers,Boston Celtics,86,95,2023,-9,181,3.0,False,False,3.0,False,False,same_region,0,0,0,-5.8,5.8,-11.6,-5.8,4.5,4.8,-0.2999999999999998,-0.1499999999999999,1301,5,1
401544339,2023-05-11,Phoenix Suns,Denver Nuggets,100,125,2023,-25,225,3.0,False,False,3.0,False,False,same_region,0,0,0,-6.4,6.4,-12.8,-6.4,0.0,7.6,-7.6,-3.8,1302,5,1
401545236,2023-05-12,Los Angeles Lakers,Golden State Warriors,122,101,2023,21,223,3.0,False,False,3.0,False,False,same_region,0,0,0,-0.8,0.8,-1.6,-0.8,2.5,3.0,-0.5,-0.25,1303,5,1
401544978,2023-05-12,Miami Heat,New York Knicks,96,92,2023,4,188,3.0,False,False,3.0,False,False,same_region,0,0,0,3.8,-3.8,7.6,3.8,4.5,0.8,3.7,1.85,1304,5,1
401545117,2023-05-14,Boston Celtics,Philadelphia 76ers,112,88,2023,24,200,4.0,False,False,4.0,False,False,same_region,0,0,0,8.4,-8.4,16.8,8.4,4.4,0.7,3.7,1.85,1305,5,1
401547679,2023-05-16,Denver Nuggets,Los Angeles Lakers,132,126,2023,6,258,6.0,False,False,5.0,False,False,same_region,0,0,0,7.8,2.4,5.4,2.7,7.2,5.6,1.6000000000000005,0.8000000000000003,1306,5,1
401547671,2023-05-17,Boston Celtics,Miami Heat,116,123,2023,-7,239,2.0,False,False,6.0,False,False,same_region,0,0,0,6.4,3.2,3.2,1.6,7.6,3.6,3.9999999999999996,1.9999999999999998,1307,5,1
401547682,2023-05-18,Denver Nuggets,Los Angeles Lakers,108,103,2023,5,211,1.0,False,False,1.0,False,False,same_region,0,0,0,7.0,6.6,0.40000000000000036,0.20000000000000018,6.9,4.0,2.9000000000000004,1.4500000000000002,1308,5,1
401547672,2023-05-19,Boston Celtics,Miami Heat,105,111,2023,-6,216,1.0,False,False,1.0,False,False,same_region,0,0,0,2.6,5.8,-3.1999999999999997,-1.5999999999999999,6.1,5.9,0.1999999999999993,0.09999999999999964,1309,5,1
401547683,2023-05-20,Los Angeles Lakers,Denver Nuggets,108,119,2023,-11,227,7.0,False,False,8.0,False,False,same_region,0,0,0,-0.4,9.4,-9.8,-4.9,2.9,6.5,-3.6,-1.8,1310,5,1
401547673,2023-05-21,Miami Heat,Boston Celtics,128,102,2023,26,230,8.0,False,False,9.0,False,False,same_region,0,0,0,3.2,1.6,1.6,0.8,4.3,5.7,-1.4000000000000004,-0.7000000000000002,1311,5,1
401547684,2023-05-22,Los Angeles Lakers,Denver Nuggets,111,113,2023,-2,224,1.0,False,False,1.0,False,False,same_region,0,0,0,-3.2,12.6,-15.8,-7.9,3.5,8.2,-4.699999999999999,-2.3499999999999996,1312,5,1
401547674,2023-05-23,Miami Heat,Boston Celtics,99,116,2023,-17,215,1.0,False,False,1.0,False,False,same_region,0,0,0,6.8,-1.2,8.0,4.0,6.4,2.3,4.1000000000000005,2.0500000000000003,1313,5,1
401547675,2023-05-25,Boston Celtics,Miami Heat,110,97,2023,13,207,5.0,False,False,5.0,False,False,same_region,0,0,0,0.4,5.2,-4.8,-2.4,4.4,4.5,-0.09999999999999964,-0.04999999999999982,1314,5,1
401547676,2023-05-27,Miami Heat,Boston Celtics,103,104,2023,-1,207,3.0,False,False,3.0,False,False,same_region,0,0,0,1.8,-1.8,3.6,1.8,2.5,2.3,0.20000000000000018,0.10000000000000009,1315,5,1
401547678,2023-05-29,Boston Celtics,Miami Heat,84,103,2023,-19,187,3.0,False,False,3.0,False,False,same_region,0,0,0,-0.2,0.2,-0.4,-0.2,1.2,3.0,-1.8,-0.9,1316,5,1
401544846,2023-06-01,Denver Nuggets,Miami Heat,104,93,2023,11,197,13.0,False,False,2.0,False,False,east_to_west,1,1,0,9.8,2.8,7.000000000000001,3.5000000000000004,8.1,3.0,5.1,2.55,1317,6,1
401544847,2023-06-04,Denver Nuggets,Miami Heat,108,111,2023,-3,219,2.0,False,False,2.0,False,False,east_to_west,1,1,0,7.0,-4.6,11.6,5.8,7.4,1.1,6.300000000000001,3.1500000000000004,1318,6,1
401544848,2023-06-07,Miami Heat,Denver Nuggets,94,109,2023,-15,203,10.0,False,False,15.0,False,False,west_to_east,1,0,1,-0.6,5.2,-5.8,-2.9,2.3,6.1,-3.8,-1.9,1319,6,1
401544849,2023-06-09,Miami Heat,Denver Nuggets,95,108,2023,-13,203,1.0,False,False,1.0,False,False,west_to_east,1,0,1,-1.0,7.2,-8.2,-4.1,0.4,8.3,-7.9,-3.95,1320,6,1
401544850,2023-06-12,Denver Nuggets,Miami Heat,94,89,2023,5,183,7.0,False,False,7.0,False,False,east_to_west,1,1,0,7.6,-3.4,11.0,5.5,10.1,-1.6,11.7,5.85,1321,6,1
401584690,2023-10-24,Golden State Warriors,Phoenix Suns,104,108,2024,-4,212,,False,False,,False,False,same_region,0,0,0,,,0.0,0.0,,,0.0,0.0,1,10,0
401584689,2023-10-24,Denver Nuggets,Los Angeles Lakers,119,107,2024,12,226,,False,False,,False,False,same_region,0,0,0,,,0.0,0.0,,,0.0,0.0,2,10,0
401584695,2023-10-25,Brooklyn Nets,Cleveland Cavaliers,113,114,2024,-1,227,,False,False,,False,False,same_region,0,0,0,,,0.0,0.0,,,0.0,0.0,3,10,0
401584701,2023-10-25,San Antonio Spurs,Dallas Mavericks,119,126,2024,-7,245,,False,False,,False,False,same_region,0,0,0,,,0.0,0.0,,,0.0,0.0,4,10,0
401584691,2023-10-25,Charlotte Hornets,Atlanta Hawks,116,110,2024,6,226,,False,False,,False,False,same_region,0,0,0,,,0.0,0.0,,,0.0,0.0,5,10,0
401584693,2023-10-25,New York Knicks,Boston Celtics,104,108,2024,-4,212,,False,False,,False,False,same_region,0,0,0,,,0.0,0.0,,,0.0,0.0,6,10,0
401584694,2023-10-25,Orlando Magic,Houston Rockets,116,86,2024,30,202,,False,False,,False,False,west_to_east,1,0,1,,,0.0,0.0,,,0.0,0.0,7,10,0
401584692,2023-10-25,Indiana Pacers,Washington Wizards,143,120,2024,23,263,,False,False,,False,False,same_region,0,0,0,,,0.0,0.0,,,0.0,0.0,8,10,0
401584702,2023-10-25,LA Clippers,Portland Trail Blazers,123,111,2024,12,234,,False,False,,False,False,same_region,0,0,0,,,0.0,0.0,,,0.0,0.0,9,10,0
401584697,2023-10-25,Toronto Raptors,Minnesota Timberwolves,97,94,2024,3,191,,False,False,,False,False,west_to_east,1,0,1,,,0.0,0.0,,,0.0,0.0,10,10,0
401584699,2023-10-25,Memphis Grizzlies,New Orleans Pelicans,104,111,2024,-7,215,,False,False,,False,False,same_region,0,0,0,,,0.0,0.0,,,0.0,0.0,11,10,0
401584700,2023-10-25,Utah Jazz,Sacramento Kings,114,130,2024,-16,244,,False,False,,False,False,same_region,0,0,0,,,0.0,0.0,,,0.0,0.0,12,10,0
401584696,2023-10-25,Miami Heat,Detroit Pistons,103,102,2024,1,205,,False,False,,False,False,same_region,0,0,0,,,0.0,0.0,,,0.0,0.0,13,10,0
401584698,2023-10-25,Chicago Bulls,Oklahoma City Thunder,104,124,2024,-20,228,,False,False,,False,False,west_to_east,1,0,1,,,0.0,0.0,,,0.0,0.0,14,10,0
401584704,2023-10-26,Los Angeles Lakers,Phoenix Suns,100,95,2024,5,195,,False,False,1.0,False,False,same_region,0,0,0,,,0.0,0.0,,,0.0,0.0,15,10,0
401584703,2023-10-26,Milwaukee Bucks,Philadelphia 76ers,118,117,2024,1,235,,False,False,,False,False,same_region,0,0,0,,,0.0,0.0,,,0.0,0.0,16,10,0
401584707,2023-10-27,Atlanta Hawks,New York Knicks,120,126,2024,-6,246,,False,False,,False,False,same_region,0,0,0,,,0.0,0.0,,,0.0,0.0,17,10,0
401584709,2023-10-27,Cleveland Cavaliers,Oklahoma City Thunder,105,108,2024,-3,213,,False,False,1.0,False,False,west_to_east,1,0,1,,,0.0,0.0,,,0.0,0.0,18,10,0
401584705,2023-10-27,Charlotte Hornets,Detroit Pistons,99,111,2024,-12,210,1.0,False,False,1.0,False,False,same_region,0,0,0,,,0.0,0.0,,,0.0,0.0,19,10,0
401584706,2023-10-27,Memphis Grizzlies,Denver Nuggets,104,108,2024,-4,212,1.0,False,False,,False,False,same_region,0,0,0,,,0.0,0.0,,,0.0,0.0,20,10,0
401584712,2023-10-27,Dallas Mavericks,Brooklyn Nets,125,120,2024,5,245,,False,False,,False,False,east_to_west,1,1,0,,,0.0,0.0,,,0.0,0.0,21,10,0
401584708,2023-10-27,Boston Celtics,Miami Heat,119,111,2024,8,230,,False,False,,False,False,same_region,0,0,0,,,0.0,0.0,,,0.0,0.0,22,10,0
401584714,2023-10-27,Portland Trail Blazers,Orlando Magic,97,102,2024,-5,199,,False,False,,False,False,east_to_west,1,1,0,,,0.0,0.0,,,0.0,0.0,23,10,0
401584715,2023-10-27,Sacramento Kings,Golden State Warriors,114,122,2024,-8,236,,False,False,,False,False,same_region,0,0,0,,,0.0,0.0,,,0.0,0.0,24,10,0
401584710,2023-10-27,Chicago Bulls,Toronto Raptors,104,103,2024,1,207,1.0,False,False,,False,False,same_region,0,0,0,,,0.0,0.0,,,0.0,0.0,25,10,0
401584713,2023-10-27,Utah Jazz,LA Clippers,120,118,2024,2,238,1.0,False,False,,False,False,same_region,0,0,0,,,0.0,0.0,,,0.0,0.0,26,10,0
401584711,2023-10-27,San Antonio Spurs,Houston Rockets,126,122,2024,4,248,1.0,False,False,1.0,False,False,same_region,0,0,0,,,0.0,0.0,,,0.0,0.0,27,10,0
401584718,2023-10-28,New Orleans Pelicans,New York Knicks,96,87,2024,9,183,,False,False,0.0,True,False,east_to_west,1,1,0,,1.0,-1.0,-0.5,,1.0,-1.0,-0.5,28,10,0
401584717,2023-10-28,Washington Wizards,Memphis Grizzlies,113,106,2024,7,219,,False,False,,False,False,west_to_east,1,0,1,,-5.5,5.5,2.75,,-5.5,5.5,2.75,29,10,0
401584720,2023-10-28,Toronto Raptors,Philadelphia 76ers,107,114,2024,-7,221,2.0,False,False,1.0,False,False,same_region,0,0,0,1.0,,1.0,0.5,1.0,,1.0,0.5,30,10,0
401584716,2023-10-28,Detroit Pistons,Chicago Bulls,118,102,2024,16,220,,False,False,,False,False,same_region,0,0,0,5.5,-9.5,15.0,7.5,5.5,-9.5,15.0,7.5,31,10,0
401584721,2023-10-28,Minnesota Timberwolves,Miami Heat,106,90,2024,16,196,,False,False,0.0,True,False,east_to_west,1,1,0,,-3.5,3.5,1.75,,-3.5,3.5,1.75,32,10,0
401584719,2023-10-28,Cleveland Cavaliers,Indiana Pacers,113,125,2024,-12,238,0.0,True,False,,False,False,same_region,0,0,0,-1.0,,-1.0,-0.5,-1.0,,-1.0,-0.5,33,10,0
401584722,2023-10-28,Phoenix Suns,Utah Jazz,126,104,2024,22,230,,False,False,,False,False,same_region,0,0,0,-0.5,-7.0,6.5,3.25,-0.5,-7.0,6.5,3.25,34,10,0
401584724,2023-10-29,Houston Rockets,Golden State Warriors,95,106,2024,-11,201,,False,False,1.0,False,False,same_region,0,0,0,-17.0,2.0,-19.0,-9.5,-17.0,2.0,-19.0,-9.5,35,10,0
401584723,2023-10-29,Oklahoma City Thunder,Denver Nuggets,95,128,2024,-33,223,,False,False,1.0,False,False,same_region,0,0,0,11.5,8.0,3.5,1.75,11.5,8.0,3.5,1.75,36,10,0
401584728,2023-10-29,Sacramento Kings,Los Angeles Lakers,132,127,2024,5,259,1.0,False,False,4.0,False,False,same_region,0,0,0,4.0,-3.5,7.5,3.75,4.0,-3.5,7.5,3.75,37,10,0
401584727,2023-10-29,LA Clippers,San Antonio Spurs,123,83,2024,40,206,3.0,False,False,,False,False,same_region,0,0,0,5.0,-1.5,6.5,3.25,5.0,-1.5,6.5,3.25,38,10,0
401584726,2023-10-29,Philadelphia 76ers,Portland Trail Blazers,126,98,2024,28,224,,False,False,3.0,False,False,west_to_east,1,0,1,3.0,-8.5,11.5,5.75,3.0,-8.5,11.5,5.75,39,10,0
401584725,2023-10-29,Milwaukee Bucks,Atlanta Hawks,110,127,2024,-17,237,2.0,False,False,3.0,False,False,same_region,0,0,0,,-6.0,6.0,3.0,,-6.0,6.0,3.0,40,10,0
401584730,2023-10-30,Indiana Pacers,Chicago Bulls,105,112,2024,-7,217,4.0,False,False,1.0,False,False,same_region,0,0,0,17.5,-11.666666666666666,29.166666666666664,14.583333333333332,17.5,-11.666666666666666,29.166666666666664,14.583333333333332,41,10,0
401584731,2023-10-30,Washington Wizards,Boston Celtics,107,126,2024,-19,233,1.0,False,False,4.0,False,False,same_region,0,0,0,-8.0,6.0,-14.0,-7.0,-8.0,6.0,-14.0,-7.0,42,10,0
401584734,2023-10-30,Memphis Grizzlies,Dallas Mavericks,110,125,2024,-15,235,2.0,False,False,4.0,False,False,same_region,0,0,0,-6.0,6.0,-12.0,-6.0,-6.0,6.0,-12.0,-6.0,43,10,0
401584729,2023-10-30,Charlotte Hornets,Brooklyn Nets,121,133,2024,-12,254,2.0,False,False,2.0,False,False,same_region,0,0,0,-3.0,-3.0,0.0,0.0,-3.0,-3.0,0.0,0.0,44,10,0
401584733,2023-10-30,Toronto Raptors,Portland Trail Blazers,91,99,2024,-8,190,1.0,False,False,0.0,True,False,west_to_east,1,0,1,-1.6666666666666667,-15.0,13.333333333333334,6.666666666666667,-1.6666666666666667,-15.0,13.333333333333334,6.666666666666667,45,10,0
401584737,2023-10-30,Oklahoma City Thunder,Detroit Pistons,124,112,2024,12,236,0.0,True,False,2.0,False,False,east_to_west,1,1,0,-3.3333333333333335,9.0,-12.333333333333334,-6.166666666666667,-3.3333333333333335,9.0,-12.333333333333334,-6.166666666666667,46,10,0
401584735,2023-10-30,Milwaukee Bucks,Miami Heat,122,114,2024,8,236,0.0,True,False,1.0,False,True,same_region,0,0,0,-8.0,-7.666666666666667,-0.33333333333333304,-0.16666666666666652,-8.0,-7.666666666666667,-0.33333333333333304,-0.16666666666666652,47,10,0
401584738,2023-10-30,Denver Nuggets,Utah Jazz,110,102,2024,8,212,5.0,False,False,1.0,False,False,same_region,0,0,0,16.333333333333332,-12.0,28.333333333333332,14.166666666666666,16.333333333333332,-12.0,28.333333333333332,14.166666666666666,48,10,0
401584739,2023-10-30,Los Angeles Lakers,Orlando Magic,106,103,2024,3,209,3.0,False,False,2.0,False,False,east_to_west,1,1,0,-4.0,17.5,-21.5,-10.75,-4.0,17.5,-21.5,-10.75,49,10,0
401584736,2023-10-30,New Orleans Pelicans,Golden State Warriors,102,130,2024,-28,232,1.0,False,False,0.0,True,True,same_region,0,0,0,8.0,5.0,3.0,1.5,8.0,5.0,3.0,1.5,50,10,0
401584732,2023-10-30,Atlanta Hawks,Minnesota Timberwolves,127,113,2024,14,240,2.0,False,False,4.0,False,False,west_to_east,1,0,1,1.6666666666666667,6.5,-4.833333333333333,-2.4166666666666665,1.6666666666666667,6.5,-4.833333333333333,-2.4166666666666665,51,10,0
401584742,2023-10-31,LA Clippers,Orlando Magic,118,102,2024,16,220,1.0,False,False,0.0,True,False,east_to_west,1,1,0,16.666666666666668,10.666666666666666,6.000000000000002,3.000000000000001,16.666666666666668,10.666666666666666,6.000000000000002,3.000000000000001,52,10,0
401584741,2023-10-31,Phoenix Suns,San Antonio Spurs,114,115,2024,-1,229,2.0,False,False,1.0,False,False,same_region,0,0,0,7.0,-14.333333333333334,21.333333333333336,10.666666666666668,7.0,-14.333333333333334,21.333333333333336,10.666666666666668,53,10,0
401584740,2023-10-31,Cleveland Cavaliers,New York Knicks,91,109,2024,-18,200,2.0,False,False,2.0,False,False,same_region,0,0,0,-4.666666666666667,-2.3333333333333335,-2.3333333333333335,-1.1666666666666667,-4.666666666666667,-2.3333333333333335,-2.3333333333333335,-1.1666666666666667,54,10,0
401584745,2023-11-01,Atlanta Hawks,Washington Wizards,130,121,2024,9,251,1.0,False,False,6.0,False,False,same_region,0,0,0,4.75,-11.666666666666666,16.416666666666664,8.208333333333332,4.75,-11.666666666666666,16.416666666666664,8.208333333333332,55,11,0
401584743,2023-11-01,Detroit Pistons,Portland Trail Blazers,101,110,2024,-9,211,3.0,False,False,1.0,False,True,west_to_east,1,0,1,3.75,-9.25,13.0,6.5,3.75,-9.25,13.0,6.5,56,11,0
401584744,2023-11-01,Toronto Raptors,Milwaukee Bucks,130,111,2024,19,241,1.0,False,False,,False,False,same_region,0,0,0,-3.25,-2.6666666666666665,-0.5833333333333335,-0.29166666666666674,-3.25,-2.6666666666666665,-0.5833333333333335,-0.29166666666666674,57,11,0
401584747,2023-11-01,Miami Heat,Brooklyn Nets,105,109,2024,-4,214,6.0,False,False,1.0,False,False,same_region,0,0,0,-7.75,2.0,-9.75,-4.875,-7.75,2.0,-9.75,-4.875,58,11,0
401584748,2023-11-01,New York Knicks,Cleveland Cavaliers,89,95,2024,-6,184,6.0,False,False,6.0,False,False,same_region,0,0,0,2.75,-8.0,10.75,5.375,2.75,-8.0,10.75,5.375,59,11,0
401584755,2023-11-01,Los Angeles Lakers,LA Clippers,130,125,2024,5,255,1.0,False,False,4.0,False,False,same_region,0,0,0,-2.25,16.5,-18.75,-9.375,-2.25,16.5,-18.75,-9.375,60,11,0
401584746,2023-11-01,Boston Celtics,Indiana Pacers,155,104,2024,51,259,4.0,False,False,3.0,False,False,same_region,0,0,0,10.333333333333334,9.333333333333334,1.0,0.5,10.333333333333334,9.333333333333334,1.0,0.5,61,11,0
401584751,2023-11-01,Minnesota Timberwolves,Denver Nuggets,110,89,2024,21,199,3.0,False,False,2.0,False,False,same_region,0,0,0,-0.3333333333333333,14.25,-14.583333333333334,-7.291666666666667,-0.3333333333333333,14.25,-14.583333333333334,-7.291666666666667,62,11,0
401584752,2023-11-01,Dallas Mavericks,Chicago Bulls,114,105,2024,9,219,4.0,False,False,1.0,False,False,east_to_west,1,1,0,9.0,-7.0,16.0,8.0,9.0,-7.0,16.0,8.0,63,11,0
401584753,2023-11-01,Utah Jazz,Memphis Grizzlies,133,109,2024,24,242,4.0,False,False,3.0,False,False,same_region,0,0,0,-11.0,-8.25,-2.75,-1.375,-11.0,-8.25,-2.75,-1.375,64,11,0
401584754,2023-11-01,Golden State Warriors,Sacramento Kings,102,101,2024,1,203,7.0,False,False,6.0,False,False,same_region,0,0,0,10.75,4.333333333333333,6.416666666666667,3.2083333333333335,10.75,4.333333333333333,6.416666666666667,3.2083333333333335,65,11,0
401584749,2023-11-01,Oklahoma City Thunder,New Orleans Pelicans,106,110,2024,-4,216,1.0,False,True,6.0,False,False,same_region,0,0,0,0.5,-4.0,4.5,2.25,0.5,-4.0,4.5,2.25,66,11,0
401584750,2023-11-01,Houston Rockets,Charlotte Hornets,128,119,2024,9,247,2.0,False,False,,False,False,east_to_west,1,1,0,-15.0,-6.0,-9.0,-4.5,-15.0,-6.0,-9.0,-4.5,67,11,0
401584759,2023-11-02,Phoenix Suns,San Antonio Spurs,121,132,2024,-11,253,1.0,False,False,1.0,False,False,same_region,0,0,0,5.0,-10.5,15.5,7.75,5.0,-10.5,15.5,7.75,68,11,0
401584758,2023-11-02,Utah Jazz,Orlando Magic,113,115,2024,-2,228,0.0,True,False,1.0,False,True,east_to_west,1,1,0,-4.0,4.0,-8.0,-4.0,-4.0,4.0,-8.0,-4.0,69,11,0
401584757,2023-11-02,New Orleans Pelicans,Detroit Pistons,125,116,2024,9,241,2.0,False,False,2.0,False,False,east_to_west,1,1,0,-2.0,1.2,-3.2,-1.6,-2.0,1.2,-3.2,-1.6,70,11,0
401584756,2023-11-02,Philadelphia 76ers,Toronto Raptors,114,99,2024,15,213,3.0,False,False,5.0,False,False,same_region,0,0,0,11.333333333333334,1.2,10.133333333333335,5.066666666666667,11.333333333333334,1.2,10.133333333333335,5.066666666666667,71,11,0
401584095,2023-11-03,Portland Trail Blazers,Memphis Grizzlies,115,113,2024,2,228,6.0,False,False,1.0,False,False,same_region,0,0,0,-5.6,-11.4,5.800000000000001,2.9000000000000004,-5.6,-11.4,5.800000000000001,2.9000000000000004,72,11,0
401584090,2023-11-03,Milwaukee Bucks,New York Knicks,110,105,2024,5,215,3.0,False,False,2.0,False,False,same_region,0,0,0,-6.75,1.0,-7.75,-3.875,-6.75,1.0,-7.75,-3.875,73,11,0
401584091,2023-11-03,Miami Heat,Washington Wizards,121,114,2024,7,235,1.0,False,False,1.0,False,False,same_region,0,0,0,-7.0,-11.0,4.0,2.0,-7.0,-11.0,4.0,2.0,74,11,0
401584092,2023-11-03,Chicago Bulls,Brooklyn Nets,107,109,2024,-2,216,6.0,False,False,1.0,False,False,same_region,0,0,0,-7.4,2.5,-9.9,-4.95,-7.4,2.5,-9.9,-4.95,75,11,0
401584093,2023-11-03,Oklahoma City Thunder,Golden State Warriors,139,141,2024,-2,280,1.0,False,False,3.0,False,False,same_region,0,0,0,-0.4,8.8,-9.200000000000001,-4.6000000000000005,-0.4,8.8,-9.200000000000001,-4.6000000000000005,76,11,0
401584094,2023-11-03,Denver Nuggets,Dallas Mavericks,125,114,2024,11,239,3.0,False,False,3.0,False,False,same_region,0,0,0,7.2,9.0,-1.7999999999999998,-0.8999999999999999,7.2,9.0,-1.7999999999999998,-0.8999999999999999,77,11,0
401584089,2023-11-03,Indiana Pacers,Cleveland Cavaliers,121,116,2024,5,237,3.0,False,False,1.0,False,False,same_region,0,0,0,-5.75,-5.2,-0.5499999999999998,-0.2749999999999999,-5.75,-5.2,-0.5499999999999998,-0.2749999999999999,78,11,0
401584763,2023-11-04,New Orleans Pelicans,Atlanta Hawks,105,123,2024,-18,228,1.0,False,False,5.0,False,False,east_to_west,1,1,0,0.2,5.6,-5.3999999999999995,-2.6999999999999997,0.2,5.6,-5.3999999999999995,-2.6999999999999997,79,11,0
401584762,2023-11-04,Orlando Magic,Los Angeles Lakers,120,101,2024,19,221,9.0,False,False,5.0,False,False,west_to_east,1,0,1,3.6,-0.8,4.4,2.2,3.6,-0.8,4.4,2.2,80,11,0
401584761,2023-11-04,Indiana Pacers,Charlotte Hornets,124,125,2024,-1,249,0.0,True,False,2.0,False,False,same_region,0,0,0,-3.6,-6.75,3.15,1.575,-3.6,-6.75,3.15,1.575,81,11,0
401584760,2023-11-04,Philadelphia 76ers,Phoenix Suns,112,100,2024,12,212,1.0,False,False,8.0,False,False,west_to_east,1,0,1,12.25,1.8,10.45,5.225,12.25,1.8,10.45,5.225,82,11,0
401584767,2023-11-04,Denver Nuggets,Chicago Bulls,123,101,2024,22,224,0.0,True,False,2.0,False,False,east_to_west,1,1,0,7.0,-3.8,10.8,5.4,7.833333333333333,-6.5,14.333333333333332,7.166666666666666,83,11,0
401584766,2023-11-04,Minnesota Timberwolves,Utah Jazz,123,95,2024,28,218,2.0,False,False,4.0,False,False,same_region,0,0,0,5.0,-1.2,6.2,3.1,5.0,-3.6666666666666665,8.666666666666666,4.333333333333333,84,11,0
401584765,2023-11-04,Houston Rockets,Sacramento Kings,107,89,2024,18,196,2.0,False,False,2.0,False,False,same_region,0,0,0,-9.0,3.0,-12.0,-6.0,-9.0,3.0,-12.0,-6.0,85,11,0
401584764,2023-11-04,Brooklyn Nets,Boston Celtics,114,124,2024,-10,238,9.0,False,False,4.0,False,False,same_region,0,0,0,2.4,20.5,-18.1,-9.05,2.4,20.5,-18.1,-9.05,86,11,0
401584768,2023-11-05,Detroit Pistons,Phoenix Suns,106,120,2024,-14,226,3.0,False,False,0.0,True,False,west_to_east,1,0,1,-0.4,-1.4,0.9999999999999999,0.49999999999999994,-0.5,-0.5,0.0,0.0,87,11,0
401584769,2023-11-05,San Antonio Spurs,Toronto Raptors,116,123,2024,-7,239,8.0,False,False,2.0,False,False,east_to_west,1,1,0,-6.2,-2.4,-3.8000000000000003,-1.9000000000000001,-6.2,-1.5,-4.7,-2.35,88,11,0
401584771,2023-11-05,Dallas Mavericks,Charlotte Hornets,124,118,2024,6,242,3.0,False,False,0.0,True,False,east_to_west,1,1,0,5.0,-5.2,10.2,5.1,5.0,-5.2,10.2,5.1,89,11,0
401584772,2023-11-05,Portland Trail Blazers,Memphis Grizzlies,100,112,2024,-12,212,1.0,False,False,1.0,False,False,same_region,0,0,0,-2.8,-10.4,7.6000000000000005,3.8000000000000003,-4.333333333333333,-9.833333333333334,5.500000000000001,2.7500000000000004,90,11,0
401584770,2023-11-05,Cleveland Cavaliers,Golden State Warriors,115,104,2024,11,219,4.0,False,False,1.0,False,False,west_to_east,1,0,1,-6.4,10.0,-16.4,-8.2,-5.166666666666667,7.666666666666667,-12.833333333333334,-6.416666666666667,91,11,0
401584773,2023-11-06,Detroit Pistons,Golden State Warriors,109,120,2024,-11,229,0.0,True,False,0.0,True,True,west_to_east,1,0,1,-5.6,6.2,-11.8,-5.9,-2.4285714285714284,5.0,-7.428571428571429,-3.7142857142857144,92,11,0
401584774,2023-11-06,Indiana Pacers,San Antonio Spurs,152,111,2024,41,263,1.0,False,True,3.0,False,False,west_to_east,1,0,1,-8.4,-6.2,-2.2,-1.1,-3.1666666666666665,-6.333333333333333,3.1666666666666665,1.5833333333333333,93,11,0
401584775,2023-11-06,Orlando Magic,Dallas Mavericks,102,117,2024,-15,219,1.0,False,False,2.0,False,False,west_to_east,1,0,1,1.4,4.8,-3.4,-1.7,6.166666666666667,5.166666666666667,1.0,0.5,94,11,0
401584777,2023-11-06,Brooklyn Nets,Milwaukee Bucks,125,129,2024,-4,254,1.0,False,False,4.0,False,False,same_region,0,0,0,0.6,-4.4,5.0,2.5,0.3333333333333333,-4.4,4.733333333333333,2.3666666666666667,95,11,0
401584778,2023-11-06,Miami Heat,Los Angeles Lakers,108,107,2024,1,215,2.0,False,False,1.0,False,False,west_to_east,1,0,1,-5.8,-2.2,-3.5999999999999996,-1.7999999999999998,-4.666666666666667,-3.8333333333333335,-0.8333333333333335,-0.41666666666666674,96,11,0
401584776,2023-11-06,Philadelphia 76ers,Washington Wizards,146,128,2024,18,274,1.0,False,False,2.0,False,False,same_region,0,0,0,12.2,-10.2,22.4,11.2,12.2,-10.2,22.4,11.2,97,11,0
401584780,2023-11-06,Chicago Bulls,Utah Jazz,130,113,2024,17,243,2.0,False,False,1.0,False,False,west_to_east,1,0,1,-8.4,-7.2,-1.2000000000000002,-0.6000000000000001,-8.714285714285714,-7.142857142857143,-1.5714285714285703,-0.7857142857142851,98,11,0
401584781,2023-11-06,Houston Rockets,Sacramento Kings,122,97,2024,25,219,1.0,False,False,1.0,False,False,same_region,0,0,0,-3.6,-1.2,-2.4000000000000004,-1.2000000000000002,-3.6,-1.2,-2.4000000000000004,-1.2000000000000002,99,11,0
401584782,2023-11-06,Minnesota Timberwolves,Boston Celtics,114,109,2024,5,223,1.0,False,False,1.0,False,False,east_to_west,1,1,0,9.6,18.4,-8.799999999999999,-4.3999999999999995,9.6,18.4,-8.799999999999999,-4.3999999999999995,100,11,0
401584783,2023-11-06,Oklahoma City Thunder,Atlanta Hawks,126,117,2024,9,243,2.0,False,False,1.0,False,False,east_to_west,1,1,0,-4.8,10.4,-15.2,-7.6,-0.6666666666666666,7.666666666666667,-8.333333333333334,-4.166666666666667,101,11,0
401584784,2023-11-06,Denver Nuggets,New Orleans Pelicans,134,116,2024,18,250,1.0,False,True,4.0,False,False,same_region,0,0,0,10.6,-4.8,15.399999999999999,7.699999999999999,9.857142857142858,-2.8333333333333335,12.690476190476192,6.345238095238096,102,11,0
401584779,2023-11-06,New York Knicks,LA Clippers,111,97,2024,14,208,4.0,False,False,4.0,False,False,west_to_east,1,0,1,0.8,12.2,-11.399999999999999,-5.699999999999999,0.0,12.2,-12.2,-6.1,103,11,0
401584790,2023-11-08,Chicago Bulls,Phoenix Suns,115,116,2024,-1,231,1.0,False,False,2.0,False,False,west_to_east,1,0,1,-1.8,2.4,-4.2,-2.1,-5.5,1.5714285714285714,-7.071428571428571,-3.5357142857142856,104,11,0
401584789,2023-11-08,New York Knicks,San Antonio Spurs,126,105,2024,21,231,1.0,False,False,1.0,False,False,west_to_east,1,0,1,2.4,-15.2,17.599999999999998,8.799999999999999,2.0,-11.285714285714286,13.285714285714286,6.642857142857143,105,11,0
401584785,2023-11-08,Charlotte Hornets,Washington Wizards,116,132,2024,-16,248,8.0,False,False,1.0,False,False,same_region,0,0,0,-7.6,-9.2,1.5999999999999996,0.7999999999999998,-5.333333333333333,-11.5,6.166666666666667,3.0833333333333335,106,11,0
401584786,2023-11-08,Indiana Pacers,Utah Jazz,134,118,2024,16,252,1.0,False,False,1.0,False,False,west_to_east,1,0,1,-2.6,-6.2,3.6,1.8,3.142857142857143,-8.375,11.517857142857142,5.758928571428571,107,11,0
401584787,2023-11-08,Philadelphia 76ers,Boston Celtics,106,103,2024,3,209,1.0,False,False,1.0,False,False,same_region,0,0,0,16.0,16.6,-0.6000000000000014,-0.3000000000000007,13.166666666666666,14.5,-1.333333333333334,-0.666666666666667,108,11,0
401584788,2023-11-08,Brooklyn Nets,LA Clippers,100,93,2024,7,193,1.0,False,False,1.0,False,False,west_to_east,1,0,1,0.8,7.0,-6.2,-3.1,-0.2857142857142857,7.833333333333333,-8.119047619047619,-4.059523809523809,109,11,0
401584795,2023-11-08,Oklahoma City Thunder,Cleveland Cavaliers,128,120,2024,8,248,1.0,False,False,4.0,False,False,east_to_west,1,1,0,-3.6,-3.6,0.0,0.0,0.7142857142857143,-2.857142857142857,3.5714285714285716,1.7857142857142858,110,11,0
401584792,2023-11-08,Memphis Grizzlies,Miami Heat,102,108,2024,-6,210,8.0,False,False,8.0,False,False,east_to_west,1,1,0,-7.2,-4.0,-3.2,-1.6,-6.714285714285714,-3.857142857142857,-2.857142857142857,-1.4285714285714286,111,11,0
401584794,2023-11-08,Minnesota Timberwolves,New Orleans Pelicans,122,101,2024,21,223,1.0,False,False,1.0,False,False,same_region,0,0,0,11.2,-10.2,21.4,10.7,8.833333333333334,-5.0,13.833333333333334,6.916666666666667,112,11,0
401584796,2023-11-08,Dallas Mavericks,Toronto Raptors,116,127,2024,-11,243,2.0,False,False,2.0,False,False,east_to_west,1,1,0,6.8,-0.8,7.6,3.8,6.571428571428571,-0.2857142857142857,6.857142857142857,3.4285714285714284,113,11,0
401584797,2023-11-08,Denver Nuggets,Golden State Warriors,108,105,2024,3,213,1.0,False,False,1.0,False,True,same_region,0,0,0,7.6,6.2,1.3999999999999995,0.6999999999999997,10.875,5.75,5.125,2.5625,114,11,0
401584798,2023-11-08,Sacramento Kings,Portland Trail Blazers,121,118,2024,3,239,9.0,False,False,6.0,False,False,same_region,0,0,0,-9.4,-4.2,-5.2,-2.6,-5.166666666666667,-5.428571428571429,0.26190476190476186,0.13095238095238093,115,11,0
401584791,2023-11-08,Houston Rockets,Los Angeles Lakers,128,94,2024,34,222,1.0,False,False,1.0,False,False,same_region,0,0,0,7.4,-3.4,10.8,5.4,1.1666666666666667,-3.4285714285714284,4.595238095238095,2.2976190476190474,116,11,0
401584793,2023-11-08,Milwaukee Bucks,Detroit Pistons,120,118,2024,2,238,4.0,False,False,5.0,False,False,same_region,0,0,0,-3.8,-11.0,7.2,3.6,-3.0,-3.5,0.5,0.25,117,11,0
401584800,2023-11-09,Orlando Magic,Atlanta Hawks,119,120,2024,-1,239,2.0,False,False,2.0,False,False,same_region,0,0,0,-2.6,9.8,-12.4,-6.2,3.142857142857143,5.285714285714286,-2.142857142857143,-1.0714285714285714,118,11,0
401584799,2023-11-09,Indiana Pacers,Milwaukee Bucks,126,124,2024,2,250,0.0,True,True,2.0,False,False,same_region,0,0,0,2.0,0.0,2.0,1.0,4.75,-2.2857142857142856,7.035714285714286,3.517857142857143,119,11,0
401584099,2023-11-10,Houston Rockets,New Orleans Pelicans,104,101,2024,3,205,1.0,False,False,1.0,False,False,same_region,0,0,0,15.0,-8.8,23.8,11.9,5.857142857142857,-7.0,12.857142857142858,6.428571428571429,120,11,0
401584098,2023-11-10,Boston Celtics,Brooklyn Nets,121,107,2024,14,228,8.0,False,False,6.0,False,False,same_region,0,0,0,14.4,-0.2,14.6,7.3,12.0,0.625,11.375,5.6875,121,11,0
401584097,2023-11-10,Washington Wizards,Charlotte Hornets,117,124,2024,-7,241,10.0,False,False,4.0,False,False,same_region,0,0,0,-7.4,-8.4,1.0,0.5,-7.571428571428571,-6.857142857142857,-0.7142857142857144,-0.3571428571428572,122,11,0
401584096,2023-11-10,Detroit Pistons,Philadelphia 76ers,106,114,2024,-8,220,3.0,False,False,12.0,False,False,same_region,0,0,0,-9.0,15.2,-24.2,-12.1,-3.3333333333333335,11.714285714285714,-15.047619047619047,-7.523809523809524,123,11,0
401584101,2023-11-10,San Antonio Spurs,Minnesota Timberwolves,110,117,2024,-7,227,4.0,False,False,10.0,False,False,same_region,0,0,0,-11.4,12.2,-23.6,-11.8,-12.5,10.571428571428571,-23.07142857142857,-11.535714285714285,124,11,0
401584104,2023-11-10,Sacramento Kings,Oklahoma City Thunder,105,98,2024,7,203,1.0,False,False,13.0,False,False,same_region,0,0,0,-7.2,4.6,-11.8,-5.9,-4.0,1.625,-5.625,-2.8125,125,11,0
401584102,2023-11-10,Dallas Mavericks,LA Clippers,144,126,2024,18,270,1.0,False,False,1.0,False,False,same_region,0,0,0,1.6,6.0,-4.4,-2.2,4.375,5.714285714285714,-1.3392857142857144,-0.6696428571428572,126,11,0
401584103,2023-11-10,Phoenix Suns,Los Angeles Lakers,119,122,2024,-3,241,7.0,False,False,1.0,False,False,same_region,0,0,0,-1.8,-9.2,7.3999999999999995,3.6999999999999997,1.5,-7.25,8.75,4.375,127,11,0
401584100,2023-11-10,Memphis Grizzlies,Utah Jazz,121,127,2024,-6,248,1.0,False,False,1.0,False,False,same_region,0,0,0,-7.0,-7.8,0.7999999999999998,0.3999999999999999,-6.625,-9.222222222222221,2.5972222222222214,1.2986111111111107,128,11,0
401584804,2023-11-11,Golden State Warriors,Cleveland Cavaliers,110,118,2024,-8,228,9.0,False,False,2.0,False,False,east_to_west,1,1,0,0.0,-2.8,2.8,1.4,4.777777777777778,-3.5,8.277777777777779,4.138888888888889,129,11,0
401584803,2023-11-11,Atlanta Hawks,Miami Heat,109,117,2024,-8,226,9.0,False,False,2.0,False,False,same_region,0,0,0,6.6,0.4,6.199999999999999,3.0999999999999996,4.75,-2.625,7.375,3.6875,130,11,0
401584802,2023-11-11,Boston Celtics,Toronto Raptors,117,94,2024,23,211,0.0,True,False,2.0,False,False,same_region,0,0,0,13.4,2.8,10.600000000000001,5.300000000000001,12.25,1.125,11.125,5.5625,131,11,0
401584801,2023-11-11,Orlando Magic,Milwaukee Bucks,112,97,2024,15,209,1.0,False,False,1.0,False,False,same_region,0,0,0,-2.2,-2.0,-0.20000000000000018,-0.10000000000000009,2.625,-2.25,4.875,2.4375,132,11,0
401584809,2023-11-12,Chicago Bulls,Detroit Pistons,119,108,2024,11,227,3.0,False,False,3.0,False,False,same_region,0,0,0,-3.4,-8.8,5.4,2.7,-5.0,-3.8,-1.2000000000000002,-0.6000000000000001,133,11,0
401584806,2023-11-12,Brooklyn Nets,Washington Wizards,102,94,2024,8,196,3.0,False,False,3.0,False,False,same_region,0,0,0,-3.8,-5.0,1.2000000000000002,0.6000000000000001,-1.0,-7.5,6.5,3.25,134,11,0
401584807,2023-11-12,LA Clippers,Memphis Grizzlies,101,105,2024,-4,206,11.0,False,False,6.0,False,False,same_region,0,0,0,-5.6,-5.2,-0.39999999999999947,-0.19999999999999973,2.75,-6.555555555555555,9.305555555555555,4.652777777777778,135,11,0
401584808,2023-11-12,Philadelphia 76ers,Indiana Pacers,137,126,2024,11,263,3.0,False,False,10.0,False,False,same_region,0,0,0,11.2,12.6,-1.4000000000000004,-0.7000000000000002,11.25,4.444444444444445,6.805555555555555,3.4027777777777777,136,11,0
401584810,2023-11-12,Houston Rockets,Denver Nuggets,107,104,2024,3,211,1.0,False,False,10.0,False,False,same_region,0,0,0,17.8,6.6,11.200000000000001,5.6000000000000005,5.5,10.0,-4.5,-2.25,137,11,0
401584805,2023-11-12,New York Knicks,Charlotte Hornets,129,107,2024,22,236,3.0,False,False,1.0,False,False,same_region,0,0,0,8.4,-4.6,13.0,6.5,4.375,-5.125,9.5,4.75,138,11,0
401584811,2023-11-12,New Orleans Pelicans,Dallas Mavericks,124,136,2024,-12,260,7.0,False,False,5.0,False,False,same_region,0,0,0,-10.2,3.4,-13.6,-6.8,-6.555555555555555,5.888888888888889,-12.444444444444445,-6.222222222222222,139,11,0
401584814,2023-11-12,Golden State Warriors,Minnesota Timberwolves,110,116,2024,-6,226,0.0,True,False,1.0,False,False,same_region,0,0,0,-1.8,16.4,-18.2,-9.1,3.5,10.125,-6.625,-3.3125,140,11,0
401584815,2023-11-12,Los Angeles Lakers,Portland Trail Blazers,116,110,2024,6,226,10.0,False,False,3.0,False,False,same_region,0,0,0,-9.2,0.8,-10.0,-5.0,-6.111111111111111,-5.125,-0.9861111111111107,-0.49305555555555536,141,11,0
401584813,2023-11-12,Phoenix Suns,Oklahoma City Thunder,99,111,2024,-12,210,1.0,False,False,1.0,False,False,same_region,0,0,0,-2.2,0.8,-3.0,-1.5,1.0,0.6666666666666666,0.33333333333333337,0.16666666666666669,142,11,0
401584812,2023-11-12,San Antonio Spurs,Miami Heat,113,118,2024,-5,231,1.0,False,False,0.0,True,False,east_to_west,1,1,0,-13.0,3.6,-16.6,-8.3,-11.88888888888889,-1.4444444444444444,-10.444444444444445,-5.222222222222222,143,11,0
401584816,2023-11-13,Boston Celtics,New York Knicks,114,98,2024,16,212,1.0,False,True,9.0,False,False,same_region,0,0,0,7.8,9.2,-1.3999999999999995,-0.6999999999999997,13.444444444444445,6.333333333333333,7.111111111111112,3.555555555555556,144,11,0
401584818,2023-11-13,Milwaukee Bucks,Chicago Bulls,118,109,2024,9,227,4.0,False,False,8.0,False,False,same_region,0,0,0,-1.2,0.6,-1.7999999999999998,-0.8999999999999999,-3.6666666666666665,-3.4,-0.2666666666666666,-0.1333333333333333,145,11,0
401584819,2023-11-13,Sacramento Kings,Cleveland Cavaliers,132,120,2024,12,252,2.0,False,False,1.0,False,False,east_to_west,1,1,0,-6.8,2.4,-9.2,-4.6,-2.625,-2.2222222222222223,-0.4027777777777777,-0.20138888888888884,146,11,0
401584817,2023-11-13,Toronto Raptors,Washington Wizards,111,107,2024,4,218,11.0,False,False,0.0,True,False,same_region,0,0,0,-0.2,-4.8,4.6,2.3,-1.5555555555555556,-7.555555555555555,6.0,3.0,147,11,0
401584106,2023-11-14,Detroit Pistons,Atlanta Hawks,120,126,2024,-6,246,3.0,False,False,4.0,False,False,same_region,0,0,0,-9.2,2.2,-11.399999999999999,-5.699999999999999,-4.8,3.3333333333333335,-8.133333333333333,-4.066666666666666,148,11,0
401584105,2023-11-14,Charlotte Hornets,Miami Heat,105,111,2024,-6,216,5.0,False,False,1.0,False,True,same_region,0,0,0,-7.2,5.4,-12.600000000000001,-6.300000000000001,-7.0,-0.8,-6.2,-3.1,149,11,0
401584108,2023-11-14,Brooklyn Nets,Orlando Magic,124,104,2024,20,228,1.0,False,False,11.0,False,False,same_region,0,0,0,-2.6,4.0,-6.6,-3.3,-0.1,4.0,-4.1,-2.05,150,11,0
401584109,2023-11-14,Oklahoma City Thunder,San Antonio Spurs,123,87,2024,36,210,5.0,False,False,5.0,False,False,same_region,0,0,0,4.0,-16.2,20.2,10.1,1.8,-11.2,13.0,6.5,151,11,0
401584107,2023-11-14,Philadelphia 76ers,Indiana Pacers,126,132,2024,-6,258,1.0,False,False,1.0,False,False,same_region,0,0,0,10.4,9.4,1.0,0.5,11.222222222222221,2.9,8.322222222222221,4.1611111111111105,152,11,0
401584114,2023-11-14,Los Angeles Lakers,Memphis Grizzlies,134,107,2024,27,241,1.0,False,False,1.0,False,False,same_region,0,0,0,-9.0,0.4,-9.4,-4.7,-4.9,-5.5,0.5999999999999996,0.2999999999999998,153,11,0
401584112,2023-11-14,Denver Nuggets,LA Clippers,111,108,2024,3,219,5.0,False,False,3.0,False,False,same_region,0,0,0,10.2,-9.6,19.799999999999997,9.899999999999999,8.7,2.0,6.699999999999999,3.3499999999999996,154,11,0
401584113,2023-11-14,Golden State Warriors,Minnesota Timberwolves,101,104,2024,-3,205,1.0,False,True,1.0,False,False,same_region,0,0,0,-3.4,13.4,-16.8,-8.4,3.3,9.666666666666666,-6.366666666666666,-3.183333333333333,155,11,0
401584110,2023-11-14,New Orleans Pelicans,Dallas Mavericks,131,110,2024,21,241,1.0,False,False,1.0,False,False,same_region,0,0,0,-14.4,8.0,-22.4,-11.2,-7.1,6.5,-13.6,-6.8,156,11,0
401584111,2023-11-14,Utah Jazz,Portland Trail Blazers,115,99,2024,16,214,11.0,False,False,1.0,False,False,same_region,0,0,0,-11.4,-2.0,-9.4,-4.7,-7.7,-5.222222222222222,-2.477777777777778,-1.238888888888889,157,11,0
401584827,2023-11-15,Portland Trail Blazers,Cleveland Cavaliers,95,109,2024,-14,204,9.0,False,False,1.0,False,False,east_to_west,1,1,0,-7.0,-1.2,-5.8,-2.9,-6.3,-3.2,-3.0999999999999996,-1.5499999999999998,158,11,0
401584826,2023-11-15,Los Angeles Lakers,Sacramento Kings,110,125,2024,-15,235,0.0,True,True,8.0,False,False,same_region,0,0,0,0.2,-4.2,4.4,2.2,-1.0,-1.0,0.0,0.0,159,11,0
401584825,2023-11-15,Phoenix Suns,Minnesota Timberwolves,133,115,2024,18,248,2.0,False,False,0.0,True,True,same_region,0,0,0,-2.4,8.4,-10.8,-5.4,-0.3,9.0,-9.3,-4.65,160,11,0
401584824,2023-11-15,Chicago Bulls,Orlando Magic,94,96,2024,-2,190,2.0,False,False,0.0,True,False,same_region,0,0,0,-0.8,-0.4,-0.4,-0.2,-2.3,1.6,-3.9,-1.95,161,11,0
401584823,2023-11-15,Toronto Raptors,Milwaukee Bucks,112,128,2024,-16,240,1.0,False,False,3.0,False,False,same_region,0,0,0,-3.2,-0.4,-2.8000000000000003,-1.4000000000000001,-1.0,-2.4,1.4,0.7,162,11,0
401584822,2023-11-15,Philadelphia 76ers,Boston Celtics,107,117,2024,-10,224,0.0,True,True,6.0,False,False,same_region,0,0,0,6.8,9.0,-2.2,-1.1,9.5,13.7,-4.199999999999999,-2.0999999999999996,163,11,0
401584821,2023-11-15,Atlanta Hawks,New York Knicks,114,116,2024,-2,230,3.0,False,False,1.0,False,False,same_region,0,0,0,1.6,7.2,-5.6,-2.8,3.6,4.1,-0.49999999999999956,-0.24999999999999978,164,11,0
401584820,2023-11-15,Washington Wizards,Dallas Mavericks,117,130,2024,-13,247,4.0,False,False,0.0,True,True,west_to_east,1,0,1,-4.2,2.6,-6.800000000000001,-3.4000000000000004,-7.2,3.7,-10.9,-5.45,165,11,0
401584829,2023-11-16,Golden State Warriors,Oklahoma City Thunder,109,128,2024,-19,237,1.0,False,False,3.0,False,False,same_region,0,0,0,-1.8,11.6,-13.4,-6.7,2.2,3.4,-1.1999999999999997,-0.5999999999999999,166,11,0
401584828,2023-11-16,Miami Heat,Brooklyn Nets,122,115,2024,7,237,9.0,False,False,5.0,False,False,same_region,0,0,0,5.2,3.4,1.8000000000000003,0.9000000000000001,-0.3,2.0,-2.3,-1.15,167,11,0
401584115,2023-11-17,Charlotte Hornets,Milwaukee Bucks,99,130,2024,-31,229,2.0,False,False,1.0,False,False,same_region,0,0,0,-8.6,2.0,-10.6,-5.3,-6.9,-0.9,-6.0,-3.0,168,11,0
401584116,2023-11-17,Washington Wizards,New York Knicks,99,120,2024,-21,219,1.0,False,False,1.0,False,False,same_region,0,0,0,-3.2,8.6,-11.8,-5.9,-6.2,4.7,-10.9,-5.45,169,11,0
401584117,2023-11-17,Atlanta Hawks,Philadelphia 76ers,116,126,2024,-10,242,1.0,False,False,6.0,False,False,same_region,0,0,0,-2.4,1.2,-3.5999999999999996,-1.7999999999999998,4.0,8.6,-4.6,-2.3,170,11,0
401584118,2023-11-17,Cleveland Cavaliers,Detroit Pistons,108,100,2024,8,208,11.0,False,False,4.0,False,False,same_region,0,0,0,2.6,-7.6,10.2,5.1,-1.9,-6.6,4.699999999999999,2.3499999999999996,171,11,0
401584119,2023-11-17,Toronto Raptors,Boston Celtics,105,108,2024,-3,213,1.0,False,False,1.0,False,False,same_region,0,0,0,-3.4,12.0,-15.4,-7.7,-2.9,14.3,-17.2,-8.6,172,11,0
401584125,2023-11-17,LA Clippers,Houston Rockets,106,100,2024,6,206,4.0,False,False,20.0,False,False,same_region,0,0,0,-9.2,16.6,-25.8,-12.9,1.5,5.222222222222222,-3.7222222222222223,-1.8611111111111112,173,11,0
401584121,2023-11-17,Chicago Bulls,Orlando Magic,97,103,2024,-6,200,1.0,False,False,1.0,False,True,same_region,0,0,0,3.2,-3.8,7.0,3.5,-2.6,-1.2,-1.4000000000000001,-0.7000000000000001,174,11,0
401584122,2023-11-17,New Orleans Pelicans,Denver Nuggets,115,110,2024,5,225,2.0,False,False,4.0,False,False,same_region,0,0,0,-6.6,8.6,-15.2,-7.6,-5.7,7.8,-13.5,-6.75,175,11,0
401584123,2023-11-17,Utah Jazz,Phoenix Suns,128,131,2024,-3,259,2.0,False,False,8.0,False,False,same_region,0,0,0,-7.8,3.6,-11.4,-5.7,-4.5,1.1,-5.6,-2.8,176,11,0
401584124,2023-11-17,Portland Trail Blazers,Los Angeles Lakers,95,107,2024,-12,202,1.0,False,False,6.0,False,False,same_region,0,0,0,-10.2,-2.6,-7.6,-3.8,-6.5,-3.0,-3.5,-1.75,177,11,0
401584120,2023-11-17,San Antonio Spurs,Sacramento Kings,120,129,2024,-9,249,4.0,False,False,1.0,False,False,same_region,0,0,0,-22.0,2.4,-24.4,-12.2,-14.1,0.6,-14.7,-7.35,178,11,0
401584835,2023-11-18,Golden State Warriors,Oklahoma City Thunder,123,130,2024,-7,253,1.0,False,False,1.0,False,False,same_region,0,0,0,-7.8,13.6,-21.4,-10.7,-0.8,5.0,-5.8,-2.9,179,11,0
401584830,2023-11-18,Charlotte Hornets,New York Knicks,108,122,2024,-14,230,0.0,True,False,0.0,True,True,same_region,0,0,0,-13.6,10.0,-23.6,-11.8,-10.6,6.2,-16.8,-8.4,180,11,0
401584834,2023-11-18,San Antonio Spurs,Memphis Grizzlies,108,120,2024,-12,228,0.0,True,False,3.0,False,False,same_region,0,0,0,-15.6,-4.6,-11.0,-5.5,-15.4,-7.5,-7.9,-3.95,181,11,0
401584832,2023-11-18,Chicago Bulls,Miami Heat,102,97,2024,5,199,0.0,True,True,3.0,False,False,same_region,0,0,0,-1.4,6.4,-7.800000000000001,-3.9000000000000004,-1.6,1.2,-2.8,-1.4,182,11,0
401584831,2023-11-18,New Orleans Pelicans,Minnesota Timberwolves,120,121,2024,-1,241,0.0,True,False,2.0,False,False,same_region,0,0,0,-2.0,3.8,-5.8,-2.9,-6.1,7.5,-13.6,-6.8,183,11,0
401584833,2023-11-18,Milwaukee Bucks,Dallas Mavericks,132,125,2024,7,257,4.0,False,False,2.0,False,False,west_to_east,1,0,1,7.8,2.2,5.6,2.8,3.9,4.5,-0.6000000000000001,-0.30000000000000004,184,11,0
401584838,2023-11-19,Cleveland Cavaliers,Denver Nuggets,121,109,2024,12,230,1.0,False,False,1.0,False,False,west_to_east,1,0,1,2.0,3.2,-1.2000000000000002,-0.6000000000000001,-0.8,6.9,-7.7,-3.85,185,11,0
401584839,2023-11-19,Toronto Raptors,Detroit Pistons,142,113,2024,29,255,1.0,False,False,1.0,False,False,same_region,0,0,0,-5.4,-7.0,1.5999999999999996,0.7999999999999998,-3.1,-9.0,5.9,2.95,186,11,0
401584837,2023-11-19,Indiana Pacers,Orlando Magic,116,128,2024,-12,244,9.0,False,False,1.0,False,False,same_region,0,0,0,10.8,0.4,10.4,5.2,1.2,-1.1,2.3,1.15,187,11,0
401584844,2023-11-19,Los Angeles Lakers,Houston Rockets,105,104,2024,1,209,3.0,False,False,1.0,False,False,same_region,0,0,0,6.6,11.8,-5.200000000000001,-2.6000000000000005,-1.3,4.1,-5.3999999999999995,-2.6999999999999997,188,11,0
401584836,2023-11-19,Brooklyn Nets,Philadelphia 76ers,99,121,2024,-22,220,4.0,False,False,1.0,False,False,same_region,0,0,0,2.8,2.6,0.19999999999999973,0.09999999999999987,1.8,8.9,-7.1000000000000005,-3.5500000000000003,189,11,0
401584841,2023-11-19,Memphis Grizzlies,Boston Celtics,100,102,2024,-2,202,8.0,False,False,1.0,False,False,east_to_west,1,1,0,-4.6,13.2,-17.799999999999997,-8.899999999999999,-5.9,13.8,-19.700000000000003,-9.850000000000001,190,11,0
401584842,2023-11-19,Utah Jazz,Phoenix Suns,137,140,2024,-3,277,1.0,False,False,1.0,False,False,same_region,0,0,0,-2.8,1.4,-4.199999999999999,-2.0999999999999996,-5.0,1.9,-6.9,-3.45,191,11,0
401584840,2023-11-19,Dallas Mavericks,Sacramento Kings,113,129,2024,-16,242,8.0,False,False,1.0,False,False,same_region,0,0,0,3.0,9.2,-6.199999999999999,-3.0999999999999996,2.3,-0.1,2.4,1.2,192,11,0
401584843,2023-11-19,Portland Trail Blazers,Oklahoma City Thunder,91,134,2024,-43,225,1.0,False,False,0.0,True,True,same_region,0,0,0,-10.2,13.4,-23.6,-11.8,-7.2,9.0,-16.2,-8.1,193,11,0
401584846,2023-11-20,Detroit Pistons,Denver Nuggets,103,107,2024,-4,210,5.0,False,False,0.0,True,True,west_to_east,1,0,1,-12.4,-2.8,-9.600000000000001,-4.800000000000001,-10.7,2.4,-13.1,-6.55,194,11,0
401584845,2023-11-20,Charlotte Hornets,Boston Celtics,121,118,2024,3,239,1.0,False,True,0.0,True,True,same_region,0,0,0,-13.2,10.8,-24.0,-12.0,-10.8,12.1,-22.9,-11.45,195,11,0
401584847,2023-11-20,Washington Wizards,Milwaukee Bucks,129,142,2024,-13,271,2.0,False,False,2.0,False,False,same_region,0,0,0,-10.6,9.6,-20.2,-10.1,-9.0,3.8,-12.8,-6.4,196,11,0
401584852,2023-11-20,Golden State Warriors,Houston Rockets,121,116,2024,5,237,1.0,False,False,0.0,True,True,same_region,0,0,0,-8.6,6.6,-15.2,-7.6,-4.3,7.0,-11.3,-5.65,197,11,0
401584849,2023-11-20,Minnesota Timberwolves,New York Knicks,117,100,2024,17,217,11.0,False,False,1.0,False,True,east_to_west,1,1,0,-0.2,8.6,-8.799999999999999,-4.3999999999999995,6.0,8.5,-2.5,-1.25,198,11,0
401584850,2023-11-20,New Orleans Pelicans,Sacramento Kings,129,93,2024,36,222,1.0,False,True,0.0,True,True,same_region,0,0,0,2.0,11.8,-9.8,-4.9,-3.4,2.3,-5.699999999999999,-2.8499999999999996,199,11,0
401584851,2023-11-20,San Antonio Spurs,LA Clippers,99,124,2024,-25,223,1.0,False,True,5.0,False,False,same_region,0,0,0,-13.8,-5.2,-8.600000000000001,-4.300000000000001,-12.6,0.9,-13.5,-6.75,200,11,0
401584848,2023-11-20,Chicago Bulls,Miami Heat,100,118,2024,-18,218,1.0,False,True,1.0,False,False,same_region,0,0,0,-0.2,4.2,-4.4,-2.2,-1.8,2.3,-4.1,-2.05,201,11,0
401584129,2023-11-21,Phoenix Suns,Portland Trail Blazers,120,107,2024,13,227,5.0,False,False,6.0,False,False,same_region,0,0,0,1.8,-18.2,20.0,10.0,0.0,-8.7,8.7,4.35,202,11,0
401584130,2023-11-21,Los Angeles Lakers,Utah Jazz,131,99,2024,32,230,1.0,False,False,10.0,False,False,same_region,0,0,0,6.2,0.0,6.2,3.1,-1.5,-3.1,1.6,0.8,203,11,0
401584128,2023-11-21,Philadelphia 76ers,Cleveland Cavaliers,119,122,2024,-3,241,5.0,False,False,5.0,False,False,same_region,0,0,0,5.4,6.0,-0.5999999999999996,-0.2999999999999998,8.3,1.6,6.700000000000001,3.3500000000000005,204,11,0
401584126,2023-11-21,Orlando Magic,Toronto Raptors,126,107,2024,19,233,9.0,False,False,9.0,False,False,same_region,0,0,0,3.0,-1.8,4.8,2.4,0.4,0.5,-0.09999999999999998,-0.04999999999999999,205,11,0
401584127,2023-11-21,Atlanta Hawks,Indiana Pacers,152,157,2024,-5,309,3.0,False,False,6.0,False,False,same_region,0,0,0,-2.6,0.2,-2.8000000000000003,-1.4000000000000001,3.6,-1.2,4.8,2.4,206,11,0
401584853,2023-11-22,Charlotte Hornets,Washington Wizards,117,114,2024,3,231,1.0,False,False,8.0,False,False,same_region,0,0,0,-14.0,-11.8,-2.1999999999999993,-1.0999999999999996,-9.3,-8.4,-0.9000000000000004,-0.4500000000000002,207,11,0
401584859,2023-11-22,Houston Rockets,Memphis Grizzlies,111,91,2024,20,202,9.0,False,False,3.0,False,False,same_region,0,0,0,-1.2,-3.8,2.5999999999999996,1.2999999999999998,6.9,-5.4,12.3,6.15,208,11,0
401584863,2023-11-22,San Antonio Spurs,LA Clippers,102,109,2024,-7,211,1.0,False,False,1.0,False,False,same_region,0,0,0,-17.4,1.2,-18.599999999999998,-9.299999999999999,-15.2,3.6,-18.8,-9.4,209,11,0
401584854,2023-11-22,Orlando Magic,Denver Nuggets,124,119,2024,5,243,0.0,True,False,1.0,False,True,west_to_east,1,0,1,3.8,-2.6,6.4,3.2,3.9,2.0,1.9,0.95,210,11,0
401584855,2023-11-22,Atlanta Hawks,Brooklyn Nets,147,145,2024,2,292,0.0,True,False,5.0,False,False,same_region,0,0,0,-3.8,-3.0,-0.7999999999999998,-0.3999999999999999,1.4,-1.6,3.0,1.5,211,11,0
401584858,2023-11-22,Indiana Pacers,Toronto Raptors,131,132,2024,-1,263,2.0,False,False,0.0,True,False,same_region,0,0,0,-2.0,-1.0,-1.0,-0.5,0.0,-0.6,0.6,0.3,212,11,0
401584857,2023-11-22,Cleveland Cavaliers,Miami Heat,96,129,2024,-33,225,2.0,False,False,1.0,False,False,same_region,0,0,0,5.0,6.2,-1.2000000000000002,-0.6000000000000001,3.7,4.9,-1.2000000000000002,-0.6000000000000001,213,11,0
401584860,2023-11-22,Minnesota Timberwolves,Philadelphia 76ers,112,99,2024,13,211,1.0,False,False,2.0,False,False,east_to_west,1,1,0,1.8,2.6,-0.8,-0.4,9.1,6.5,2.5999999999999996,1.2999999999999998,214,11,0
401584866,2023-11-22,Los Angeles Lakers,Dallas Mavericks,101,104,2024,-3,205,0.0,True,True,3.0,False,False,same_region,0,0,0,11.4,-3.8,15.2,7.6,1.2,-0.2,1.4,0.7,215,11,0
401584862,2023-11-22,Oklahoma City Thunder,Chicago Bulls,116,102,2024,14,218,7.0,False,False,8.0,False,False,east_to_west,1,1,0,23.4,-6.0,29.4,14.7,12.1,-2.7,14.8,7.4,216,11,0
401584864,2023-11-22,Phoenix Suns,Golden State Warriors,123,115,2024,8,238,0.0,True,False,13.0,False,False,same_region,0,0,0,5.0,-6.0,11.0,5.5,1.4,-3.9,5.3,2.65,217,11,0
401584861,2023-11-22,New Orleans Pelicans,Sacramento Kings,117,112,2024,5,229,1.0,False,False,1.0,False,True,same_region,0,0,0,9.8,3.2,6.6000000000000005,3.3000000000000003,-0.2,-1.8,1.6,0.8,218,11,0
401584865,2023-11-22,Portland Trail Blazers,Utah Jazz,121,105,2024,16,226,2.0,False,False,0.0,True,False,same_region,0,0,0,-19.6,-3.2,-16.400000000000002,-8.200000000000001,-10.8,-5.5,-5.300000000000001,-2.6500000000000004,219,11,0
401584856,2023-11-22,Boston Celtics,Milwaukee Bucks,119,116,2024,3,235,8.0,False,False,1.0,False,False,same_region,0,0,0,5.6,15.2,-9.6,-4.8,6.7,7.0,-0.2999999999999998,-0.1499999999999999,220,11,0
401584131,2023-11-24,Orlando Magic,Boston Celtics,113,96,2024,17,209,1.0,False,True,3.0,False,False,same_region,0,0,0,8.8,3.0,5.800000000000001,2.9000000000000004,4.2,6.0,-1.7999999999999998,-0.8999999999999999,221,11,0
401584135,2023-11-24,Indiana Pacers,Detroit Pistons,136,113,2024,23,249,1.0,False,False,4.0,False,False,same_region,0,0,0,-2.6,-11.6,9.0,4.5,5.0,-10.2,15.2,7.6,222,11,0
401584132,2023-11-24,Memphis Grizzlies,Phoenix Suns,89,110,2024,-21,199,4.0,False,False,4.0,False,False,same_region,0,0,0,-6.6,9.0,-15.6,-7.8,-5.9,3.3,-9.2,-4.6,223,11,0
401584133,2023-11-24,New York Knicks,Miami Heat,100,98,2024,2,198,11.0,False,False,1.0,False,False,same_region,0,0,0,0.8,11.8,-11.0,-5.5,5.0,8.6,-3.5999999999999996,-1.7999999999999998,224,11,0
401584134,2023-11-24,Toronto Raptors,Chicago Bulls,121,108,2024,13,229,4.0,False,False,1.0,False,False,same_region,0,0,0,-1.6,-7.0,5.4,2.7,-2.4,-3.9,1.5,0.75,225,11,0
401584138,2023-11-24,Minnesota Timberwolves,Sacramento Kings,111,124,2024,-13,235,1.0,False,False,1.0,False,False,same_region,0,0,0,3.2,-0.2,3.4000000000000004,1.7000000000000002,8.3,-2.2,10.5,5.25,226,11,0
401584140,2023-11-24,LA Clippers,New Orleans Pelicans,106,116,2024,-10,222,6.0,False,False,13.0,False,False,same_region,0,0,0,6.2,13.2,-6.999999999999999,-3.4999999999999996,0.3,-0.6,0.8999999999999999,0.44999999999999996,227,11,0
401584136,2023-11-24,Houston Rockets,Denver Nuggets,105,86,2024,19,191,1.0,False,False,1.0,False,False,same_region,0,0,0,2.2,-3.0,5.2,2.6,10.0,3.6,6.4,3.2,228,11,0
401584137,2023-11-24,Milwaukee Bucks,Washington Wizards,131,128,2024,3,259,5.0,False,False,1.0,False,False,same_region,0,0,0,12.8,-10.8,23.6,11.8,6.2,-7.8,14.0,7.0,229,11,0
401584139,2023-11-24,Golden State Warriors,San Antonio Spurs,118,112,2024,6,230,3.0,False,False,9.0,False,False,same_region,0,0,0,-6.4,-17.8,11.4,5.7,-4.9,-17.0,12.1,6.05,230,11,0
401584868,2023-11-25,Brooklyn Nets,Miami Heat,112,97,2024,15,209,5.0,False,False,0.0,True,True,same_region,0,0,0,-0.6,10.2,-10.799999999999999,-5.3999999999999995,-2.2,7.7,-9.9,-4.95,231,11,0
401584869,2023-11-25,Washington Wizards,Atlanta Hawks,108,136,2024,-28,244,4.0,False,False,10.0,False,False,same_region,0,0,0,-10.6,-1.8,-8.799999999999999,-4.3999999999999995,-7.4,0.2,-7.6000000000000005,-3.8000000000000003,232,11,0
401584867,2023-11-25,Oklahoma City Thunder,Philadelphia 76ers,123,127,2024,-4,250,2.0,False,False,2.0,False,False,east_to_west,1,1,0,23.8,1.2,22.6,11.3,13.9,4.0,9.9,4.95,233,11,0
401584872,2023-11-25,LA Clippers,Dallas Mavericks,107,88,2024,19,195,0.0,True,False,2.0,False,False,same_region,0,0,0,5.0,-5.6,10.6,5.3,-2.3,1.2,-3.5,-1.75,234,11,0
401584870,2023-11-25,Cleveland Cavaliers,Los Angeles Lakers,115,121,2024,-6,236,2.0,False,False,7.0,False,False,west_to_east,1,0,1,0.8,5.4,-4.6000000000000005,-2.3000000000000003,-0.2,2.8,-3.0,-1.5,235,11,0
401584871,2023-11-25,Utah Jazz,New Orleans Pelicans,105,100,2024,5,205,5.0,False,False,0.0,True,False,same_region,0,0,0,-7.6,11.0,-18.6,-9.3,-9.5,2.2,-11.7,-5.85,236,11,0
401584880,2023-11-26,Denver Nuggets,San Antonio Spurs,132,120,2024,12,252,11.0,False,False,1.0,False,False,same_region,0,0,0,-7.4,-11.8,4.4,2.2,0.6,-16.9,17.5,8.75,237,11,0
401584879,2023-11-26,Cleveland Cavaliers,Toronto Raptors,105,102,2024,3,207,0.0,True,False,3.0,False,False,same_region,0,0,0,-3.2,4.2,-7.4,-3.7,-0.3,0.4,-0.7,-0.35,238,11,0
401584878,2023-11-26,Brooklyn Nets,Chicago Bulls,118,109,2024,9,227,0.0,True,False,1.0,False,False,same_region,0,0,0,0.8,-9.2,10.0,5.0,-0.9,-3.0,2.1,1.05,239,11,0
401584877,2023-11-26,Memphis Grizzlies,Minnesota Timberwolves,97,119,2024,-22,216,1.0,False,False,7.0,False,False,same_region,0,0,0,-11.6,0.0,-11.6,-5.8,-5.6,4.2,-9.8,-4.9,240,11,0
401584876,2023-11-26,Orlando Magic,Charlotte Hornets,130,117,2024,13,247,1.0,False,False,13.0,False,False,same_region,0,0,0,11.8,-9.0,20.8,10.4,4.0,-8.1,12.1,6.05,241,11,0
401584875,2023-11-26,New York Knicks,Phoenix Suns,113,116,2024,-3,229,1.0,False,False,1.0,False,False,west_to_east,1,0,1,4.4,9.6,-5.199999999999999,-2.5999999999999996,5.8,6.6,-0.7999999999999998,-0.3999999999999999,242,11,0
401584874,2023-11-26,Boston Celtics,Atlanta Hawks,113,103,2024,10,216,3.0,False,False,0.0,True,False,same_region,0,0,0,-2.4,2.6,-5.0,-2.5,4.8,2.1,2.6999999999999997,1.3499999999999999,243,11,0
401584873,2023-11-26,Milwaukee Bucks,Portland Trail Blazers,108,102,2024,6,210,1.0,False,False,4.0,False,False,west_to_east,1,0,1,10.2,-13.2,23.4,11.7,6.1,-10.1,16.2,8.1,244,11,0
401584884,2023-11-27,Utah Jazz,New Orleans Pelicans,114,112,2024,2,226,1.0,False,False,1.0,False,True,same_region,0,0,0,-9.8,9.0,-18.8,-9.4,-8.8,3.5,-12.3,-6.15,245,11,0
401584882,2023-11-27,Indiana Pacers,Portland Trail Blazers,110,114,2024,-4,224,2.0,False,False,0.0,True,False,west_to_east,1,0,1,4.2,-11.6,15.8,7.9,6.8,-10.9,17.7,8.85,246,11,0
401584883,2023-11-27,Philadelphia 76ers,Los Angeles Lakers,138,94,2024,44,232,5.0,False,False,1.0,False,False,west_to_east,1,0,1,4.0,9.6,-5.6,-2.8,2.6,3.5,-0.8999999999999999,-0.44999999999999996,247,11,0
401584885,2023-11-27,LA Clippers,Denver Nuggets,104,113,2024,-9,217,1.0,False,True,2.0,False,False,same_region,0,0,0,9.4,-4.0,13.4,6.7,0.1,-0.4,0.5,0.25,248,11,0
401584881,2023-11-27,Detroit Pistons,Washington Wizards,107,126,2024,-19,233,6.0,False,False,2.0,False,False,same_region,0,0,0,-14.0,-13.6,-0.40000000000000036,-0.20000000000000018,-11.6,-8.4,-3.1999999999999993,-1.5999999999999996,249,11,0
401584148,2023-11-28,Sacramento Kings,Golden State Warriors,124,123,2024,1,247,14.0,False,False,5.0,False,False,same_region,0,0,0,-0.6,-4.6,3.9999999999999996,1.9999999999999998,0.9,-3.2,4.1000000000000005,2.0500000000000003,250,11,0
401584147,2023-11-28,Dallas Mavericks,Houston Rockets,121,115,2024,6,236,8.0,False,False,7.0,False,False,same_region,0,0,0,-5.2,5.4,-10.600000000000001,-5.300000000000001,-1.3,11.0,-12.3,-6.15,251,11,0
401584146,2023-11-28,Minnesota Timberwolves,Oklahoma City Thunder,106,103,2024,3,209,3.0,False,False,8.0,False,False,same_region,0,0,0,8.0,15.8,-7.800000000000001,-3.9000000000000004,5.9,13.7,-7.799999999999999,-3.8999999999999995,252,11,0
401584145,2023-11-28,New York Knicks,Charlotte Hornets,115,91,2024,24,206,1.0,False,False,1.0,False,False,same_region,0,0,0,3.4,-10.4,13.8,6.9,6.0,-9.5,15.5,7.75,253,11,0
401584144,2023-11-28,Miami Heat,Milwaukee Bucks,124,131,2024,-7,255,11.0,False,False,5.0,False,False,same_region,0,0,0,5.8,5.2,0.5999999999999996,0.2999999999999998,6.1,6.5,-0.40000000000000036,-0.20000000000000018,254,11,0
401584143,2023-11-28,Cleveland Cavaliers,Atlanta Hawks,128,105,2024,23,233,1.0,False,True,1.0,False,True,same_region,0,0,0,-4.2,1.0,-5.2,-2.6,-1.1,-0.7,-0.40000000000000013,-0.20000000000000007,255,11,0
401584142,2023-11-28,Brooklyn Nets,Toronto Raptors,115,103,2024,12,218,1.0,False,True,1.0,False,False,same_region,0,0,0,-1.4,4.2,-5.6,-2.8,1.0,-0.6,1.6,0.8,256,11,0
401584141,2023-11-28,Boston Celtics,Chicago Bulls,124,97,2024,27,221,1.0,False,False,1.0,False,False,same_region,0,0,0,-1.0,-9.8,8.8,4.4,6.1,-5.6,11.7,5.85,257,11,0
401584892,2023-11-29,Sacramento Kings,LA Clippers,117,131,2024,-14,248,0.0,True,False,6.0,False,False,same_region,0,0,0,-2.2,6.4,-8.600000000000001,-4.300000000000001,3.5,0.6,2.9,1.45,258,11,0
401584887,2023-11-29,Orlando Magic,Washington Wizards,139,120,2024,19,259,2.0,False,False,1.0,False,False,same_region,0,0,0,13.2,-5.6,18.799999999999997,9.399999999999999,6.8,-8.1,14.899999999999999,7.449999999999999,259,11,0
401584888,2023-11-29,Toronto Raptors,Phoenix Suns,112,105,2024,7,217,4.0,False,False,2.0,False,False,west_to_east,1,0,1,-4.0,9.6,-13.6,-6.8,-2.9,5.5,-8.4,-4.2,260,11,0
401584889,2023-11-29,Memphis Grizzlies,Utah Jazz,105,91,2024,14,196,2.0,False,False,6.0,False,False,same_region,0,0,0,-10.6,-8.8,-1.799999999999999,-0.8999999999999995,-7.6,-5.8,-1.7999999999999998,-0.8999999999999999,261,11,0
401584890,2023-11-29,New Orleans Pelicans,Philadelphia 76ers,124,114,2024,10,238,6.0,False,False,3.0,False,False,east_to_west,1,1,0,8.8,10.8,-2.0,-1.0,5.4,6.7,-1.2999999999999998,-0.6499999999999999,262,11,0
401584891,2023-11-29,Denver Nuggets,Houston Rockets,134,124,2024,10,258,2.0,False,False,0.0,True,False,same_region,0,0,0,0.2,5.4,-5.2,-2.6,-1.3,8.6,-9.9,-4.95,263,11,0
401584886,2023-11-29,Detroit Pistons,Los Angeles Lakers,107,133,2024,-26,240,1.0,False,False,1.0,False,False,west_to_east,1,0,1,-16.6,-1.6,-15.000000000000002,-7.500000000000001,-12.1,2.5,-14.6,-7.3,264,11,0
401584894,2023-11-30,Brooklyn Nets,Charlotte Hornets,128,129,2024,-1,257,1.0,False,False,1.0,False,False,same_region,0,0,0,2.4,-9.0,11.4,5.7,2.6,-11.3,13.9,6.95,265,11,0
401584900,2023-11-30,San Antonio Spurs,Atlanta Hawks,135,137,2024,-2,272,7.0,False,False,1.0,False,False,east_to_west,1,1,0,-12.4,-1.6,-10.8,-5.4,-14.0,-2.1,-11.9,-5.95,266,11,0
401584895,2023-11-30,Miami Heat,Indiana Pacers,142,132,2024,10,274,1.0,False,False,8.0,False,False,same_region,0,0,0,5.4,2.2,3.2,1.6,4.8,6.5,-1.7000000000000002,-0.8500000000000001,267,11,0
401584896,2023-11-30,New York Knicks,Detroit Pistons,118,112,2024,6,230,1.0,False,False,5.0,False,False,same_region,0,0,0,4.0,-20.2,24.2,12.1,7.0,-13.6,20.6,10.3,268,11,0
401584897,2023-11-30,Chicago Bulls,Milwaukee Bucks,120,113,2024,7,233,9.0,False,False,1.0,False,False,same_region,0,0,0,-16.2,5.2,-21.4,-10.7,-8.2,7.4,-15.6,-7.8,269,11,0
401584898,2023-11-30,Minnesota Timberwolves,Utah Jazz,101,90,2024,11,191,1.0,False,False,0.0,True,False,same_region,0,0,0,8.4,-11.0,19.4,9.7,4.1,-5.5,9.6,4.8,270,11,0
401584901,2023-11-30,Golden State Warriors,LA Clippers,120,114,2024,6,234,5.0,False,False,0.0,True,False,same_region,0,0,0,-1.0,4.2,-5.2,-2.6,-4.4,2.7,-7.1000000000000005,-3.5500000000000003,271,11,0
401584899,2023-11-30,Oklahoma City Thunder,Los Angeles Lakers,133,110,2024,23,243,4.0,False,False,0.0,True,True,same_region,0,0,0,11.4,3.4,8.0,4.0,12.5,4.8,7.7,3.85,272,11,0
401584893,2023-11-30,Cleveland Cavaliers,Portland Trail Blazers,95,103,2024,-8,198,1.0,False,False,2.0,False,False,west_to_east,1,0,1,-2.0,-8.4,6.4,3.2,2.0,-9.3,11.3,5.65,273,11,0
401584907,2023-12-01,Phoenix Suns,Denver Nuggets,111,119,2024,-8,230,8.0,False,False,3.0,False,False,same_region,0,0,0,7.6,1.4,6.199999999999999,3.0999999999999996,4.7,-0.6,5.3,2.65,274,12,0
401584906,2023-12-01,New Orleans Pelicans,San Antonio Spurs,121,106,2024,15,227,1.0,False,False,4.0,False,False,same_region,0,0,0,3.6,-10.4,14.0,7.0,6.7,-12.1,18.8,9.4,275,12,0
401584905,2023-12-01,Dallas Mavericks,Memphis Grizzlies,94,108,2024,-14,202,2.0,False,False,8.0,False,False,same_region,0,0,0,-6.6,-10.2,3.5999999999999996,1.7999999999999998,-2.2,-7.4,5.2,2.6,276,12,0
401584904,2023-12-01,Toronto Raptors,New York Knicks,106,119,2024,-13,225,1.0,False,False,10.0,False,False,same_region,0,0,0,1.2,2.4,-1.2,-0.6,0.1,5.5,-5.4,-2.7,277,12,0
401584903,2023-12-01,Boston Celtics,Philadelphia 76ers,125,119,2024,6,244,2.0,False,False,1.0,False,False,same_region,0,0,0,4.0,4.4,-0.40000000000000036,-0.20000000000000018,7.4,4.9,2.5,1.25,278,12,0
401584902,2023-12-01,Orlando Magic,Washington Wizards,130,125,2024,5,255,1.0,False,False,1.0,False,False,same_region,0,0,0,14.6,-6.8,21.4,10.7,8.8,-9.3,18.1,9.05,279,12,0
401584912,2023-12-02,Miami Heat,Indiana Pacers,129,144,2024,-15,273,1.0,False,False,1.0,False,False,same_region,0,0,0,3.8,2.6,1.1999999999999997,0.5999999999999999,5.0,1.4,3.6,1.8,280,12,0
401584910,2023-12-02,Brooklyn Nets,Orlando Magic,129,101,2024,28,230,1.0,False,False,12.0,False,False,same_region,0,0,0,6.6,11.8,-5.200000000000001,-2.6000000000000005,1.8,7.8,-6.0,-3.0,281,12,0
401584911,2023-12-02,Detroit Pistons,Cleveland Cavaliers,101,110,2024,-9,211,2.0,False,False,10.0,False,False,same_region,0,0,0,-15.6,-4.2,-11.399999999999999,-5.699999999999999,-14.0,0.4,-14.4,-7.2,282,12,0
401584909,2023-12-02,Charlotte Hornets,Minnesota Timberwolves,117,123,2024,-6,240,9.0,False,False,5.0,False,False,west_to_east,1,0,1,-6.0,7.2,-13.2,-6.6,-9.6,4.5,-14.1,-7.05,283,12,0
401584913,2023-12-02,Chicago Bulls,New Orleans Pelicans,124,118,2024,6,242,1.0,False,False,4.0,False,False,west_to_east,1,0,1,-11.2,5.6,-16.799999999999997,-8.399999999999999,-8.6,9.4,-18.0,-9.0,284,12,0
401584908,2023-12-02,LA Clippers,Golden State Warriors,113,112,2024,1,225,4.0,False,False,3.0,False,False,same_region,0,0,0,1.6,1.6,0.0,0.0,3.9,-3.5,7.4,3.7,285,12,0
401584915,2023-12-02,Dallas Mavericks,Oklahoma City Thunder,120,126,2024,-6,246,0.0,True,False,3.0,False,False,same_region,0,0,0,-8.0,14.6,-22.6,-11.3,-2.5,14.0,-16.5,-8.25,286,12,0
401584919,2023-12-02,Los Angeles Lakers,Houston Rockets,107,97,2024,10,204,9.0,False,False,2.0,False,False,same_region,0,0,0,-7.6,3.6,-11.2,-5.6,1.9,5.1,-3.1999999999999997,-1.5999999999999999,287,12,0
401584916,2023-12-02,Phoenix Suns,Memphis Grizzlies,116,109,2024,7,225,0.0,True,False,0.0,True,False,same_region,0,0,0,3.4,-7.0,10.4,5.2,4.2,-5.4,9.600000000000001,4.800000000000001,288,12,0
401584918,2023-12-02,Sacramento Kings,Denver Nuggets,123,117,2024,6,240,2.0,False,False,0.0,True,False,same_region,0,0,0,-8.2,4.0,-12.2,-6.1,1.8,0.5,1.3,0.65,289,12,0
401584917,2023-12-02,Utah Jazz,Portland Trail Blazers,118,113,2024,5,231,4.0,False,False,1.0,False,False,same_region,0,0,0,-6.8,1.8,-8.6,-4.3,-5.0,-8.2,3.1999999999999993,1.5999999999999996,290,12,0
401584914,2023-12-02,Milwaukee Bucks,Atlanta Hawks,132,121,2024,11,253,5.0,False,False,1.0,False,False,same_region,0,0,0,1.2,-0.2,1.4,0.7,8.2,-2.0,10.2,5.1,291,12,0
401607492,2023-12-04,Sacramento Kings,New Orleans Pelicans,117,127,2024,-10,244,1.0,False,False,1.0,False,False,same_region,0,0,0,0.2,2.4,-2.1999999999999997,-1.0999999999999999,1.7,6.7,-5.0,-2.5,292,12,0
401607491,2023-12-04,Indiana Pacers,Boston Celtics,122,112,2024,10,234,6.0,False,False,9.0,False,False,same_region,0,0,0,4.6,5.8,-1.2000000000000002,-0.6000000000000001,1.3,5.7,-4.4,-2.2,293,12,0
401607490,2023-12-05,Los Angeles Lakers,Phoenix Suns,106,103,2024,3,209,2.0,False,False,5.0,False,False,same_region,0,0,0,-5.0,3.2,-8.2,-4.1,0.2,6.1,-5.8999999999999995,-2.9499999999999997,294,12,0
401607489,2023-12-05,Milwaukee Bucks,New York Knicks,146,122,2024,24,268,2.0,False,False,3.0,False,False,same_region,0,0,0,4.0,8.4,-4.4,-2.2,8.4,4.6,3.8000000000000007,1.9000000000000004,295,12,0
401616466,2023-12-06,Houston Rockets,Oklahoma City Thunder,110,101,2024,9,211,11.0,False,False,3.0,False,False,same_region,0,0,0,2.6,7.2,-4.6,-2.3,0.7,15.3,-14.600000000000001,-7.300000000000001,296,12,0
401616468,2023-12-06,Golden State Warriors,Portland Trail Blazers,110,106,2024,4,216,5.0,False,False,3.0,False,False,same_region,0,0,0,0.4,3.4,-3.0,-1.5,-2.8,-8.1,5.3,2.65,297,12,0
401616462,2023-12-06,Washington Wizards,Philadelphia 76ers,126,131,2024,-5,257,10.0,False,False,4.0,False,False,same_region,0,0,0,-7.2,3.8,-11.0,-5.5,-9.0,3.2,-12.2,-6.1,298,12,0
401616463,2023-12-06,Atlanta Hawks,Brooklyn Nets,113,114,2024,-1,227,13.0,False,False,13.0,False,False,same_region,0,0,0,-2.8,12.6,-15.399999999999999,-7.699999999999999,-2.3,6.0,-8.3,-4.15,299,12,0
401616461,2023-12-06,Toronto Raptors,Miami Heat,103,112,2024,-9,215,4.0,False,False,10.0,False,False,same_region,0,0,0,-1.6,-5.8,4.199999999999999,2.0999999999999996,-1.6,3.0,-4.6,-2.3,300,12,0
401616459,2023-12-06,Cleveland Cavaliers,Orlando Magic,121,111,2024,10,232,5.0,False,False,3.0,False,False,same_region,0,0,0,4.2,5.2,-1.0,-0.5,2.5,7.0,-4.5,-2.25,301,12,0
401616467,2023-12-06,Dallas Mavericks,Utah Jazz,147,97,2024,50,244,3.0,False,False,5.0,False,False,same_region,0,0,0,-6.0,-2.6,-3.4,-1.7,-4.9,-5.1,0.1999999999999993,0.09999999999999964,302,12,0
401616469,2023-12-06,LA Clippers,Denver Nuggets,111,102,2024,9,213,3.0,False,False,3.0,False,False,same_region,0,0,0,3.8,6.6,-2.8,-1.4,4.4,-0.4,4.800000000000001,2.4000000000000004,303,12,0
401616460,2023-12-06,Detroit Pistons,Memphis Grizzlies,102,116,2024,-14,218,3.0,False,False,3.0,False,False,west_to_east,1,0,1,-16.6,-4.4,-12.200000000000001,-6.1000000000000005,-14.1,-5.5,-8.6,-4.3,304,12,0
401616465,2023-12-06,Chicago Bulls,Charlotte Hornets,111,100,2024,11,211,3.0,False,False,5.0,False,False,same_region,0,0,0,-7.2,-7.8,0.5999999999999996,0.2999999999999998,-7.1,-10.9,3.8000000000000007,1.9000000000000004,305,12,0
401616464,2023-12-06,Minnesota Timberwolves,San Antonio Spurs,102,94,2024,8,196,5.0,False,False,4.0,False,False,same_region,0,0,0,5.8,-8.4,14.2,7.1,4.5,-12.9,17.4,8.7,306,12,0
401607493,2023-12-07,Los Angeles Lakers,New Orleans Pelicans,133,89,2024,44,222,1.0,False,False,2.0,False,False,same_region,0,0,0,-5.6,5.4,-11.0,-5.5,2.0,7.2,-5.2,-2.6,307,12,0
401607494,2023-12-07,Milwaukee Bucks,Indiana Pacers,119,128,2024,-9,247,1.0,False,False,4.0,False,False,same_region,0,0,0,8.2,6.8,1.3999999999999995,0.6999999999999997,9.2,2.1,7.1,3.55,308,12,0
401616480,2023-12-08,Portland Trail Blazers,Dallas Mavericks,112,125,2024,-13,237,15.0,False,False,12.0,False,False,same_region,0,0,0,-0.6,3.4,-4.0,-2.0,-6.9,-1.1,-5.800000000000001,-2.9000000000000004,309,12,0
401616473,2023-12-08,Brooklyn Nets,Washington Wizards,124,97,2024,27,221,5.0,False,False,6.0,False,False,same_region,0,0,0,9.8,-7.6,17.4,8.7,5.3,-9.1,14.399999999999999,7.199999999999999,310,12,0
401616470,2023-12-08,Charlotte Hornets,Toronto Raptors,119,116,2024,3,235,5.0,False,False,9.0,False,False,same_region,0,0,0,-10.6,-6.0,-4.6,-2.3,-9.8,-0.9,-8.9,-4.45,311,12,0
401616471,2023-12-08,Orlando Magic,Detroit Pistons,123,91,2024,32,214,6.0,False,False,7.0,False,False,same_region,0,0,0,-0.2,-14.8,14.600000000000001,7.300000000000001,5.8,-14.4,20.2,10.1,312,12,0
401617579,2023-12-08,Boston Celtics,New York Knicks,133,123,2024,10,256,6.0,False,False,2.0,False,False,same_region,0,0,0,3.2,3.2,0.0,0.0,3.1,3.8,-0.6999999999999997,-0.34999999999999987,313,12,0
401616474,2023-12-08,Miami Heat,Cleveland Cavaliers,99,111,2024,-12,210,5.0,False,False,5.0,False,False,same_region,0,0,0,-3.6,7.4,-11.0,-5.5,3.3,2.1,1.1999999999999997,0.5999999999999999,314,12,0
401616472,2023-12-08,Philadelphia 76ers,Atlanta Hawks,125,114,2024,11,239,10.0,False,False,5.0,False,False,same_region,0,0,0,7.4,-8.6,16.0,8.0,4.3,-3.0,7.3,3.65,315,12,0
401616476,2023-12-08,Oklahoma City Thunder,Golden State Warriors,138,136,2024,2,274,7.0,False,False,5.0,False,False,same_region,0,0,0,2.6,2.8,-0.19999999999999973,-0.09999999999999987,13.2,-1.8,15.0,7.5,316,12,0
401616477,2023-12-08,San Antonio Spurs,Chicago Bulls,112,121,2024,-9,233,7.0,False,False,9.0,False,False,east_to_west,1,1,0,-8.6,-2.4,-6.199999999999999,-3.0999999999999996,-13.2,-5.8,-7.3999999999999995,-3.6999999999999997,317,12,0
401617581,2023-12-08,Phoenix Suns,Sacramento Kings,106,114,2024,-8,220,5.0,False,False,13.0,False,False,same_region,0,0,0,-1.6,-0.8,-0.8,-0.4,4.0,-0.5,4.5,2.25,318,12,0
401616479,2023-12-08,Utah Jazz,LA Clippers,103,117,2024,-14,220,5.0,False,False,7.0,False,False,same_region,0,0,0,-13.6,1.8,-15.4,-7.7,-11.7,5.6,-17.299999999999997,-8.649999999999999,319,12,0
401616475,2023-12-08,Memphis Grizzlies,Minnesota Timberwolves,103,127,2024,-24,230,8.0,False,False,5.0,False,False,same_region,0,0,0,2.6,10.0,-7.4,-3.7,-4.5,5.0,-9.5,-4.75,320,12,0
401616478,2023-12-08,Denver Nuggets,Houston Rockets,106,114,2024,-8,220,8.0,False,False,5.0,False,False,same_region,0,0,0,2.4,0.4,2.0,1.0,-0.8,1.3,-2.1,-1.05,321,12,0
401607495,2023-12-09,Los Angeles Lakers,Indiana Pacers,123,109,2024,14,232,1.0,False,False,1.0,False,False,east_to_west,1,1,0,12.0,4.0,8.0,4.0,5.2,4.1,1.1000000000000005,0.5500000000000003,322,12,0
401584926,2023-12-11,Houston Rockets,San Antonio Spurs,93,82,2024,11,175,4.0,False,False,4.0,False,False,same_region,0,0,0,-1.8,-9.2,7.3999999999999995,3.6999999999999997,1.8,-10.5,12.3,6.15,323,12,0
401584920,2023-12-11,Charlotte Hornets,Miami Heat,114,116,2024,-2,230,2.0,False,False,4.0,False,False,same_region,0,0,0,-7.4,-3.0,-4.4,-2.2,-8.9,1.4,-10.3,-5.15,324,12,0
401584921,2023-12-11,Detroit Pistons,Indiana Pacers,123,131,2024,-8,254,4.0,False,False,1.0,False,False,same_region,0,0,0,-17.4,2.0,-19.4,-9.7,-17.0,2.1,-19.1,-9.55,325,12,0
401584922,2023-12-11,Orlando Magic,Cleveland Cavaliers,104,94,2024,10,198,2.0,False,False,2.0,False,False,same_region,0,0,0,3.6,9.2,-5.6,-2.8,8.4,2.5,5.9,2.95,326,12,0
401584925,2023-12-11,New York Knicks,Toronto Raptors,136,130,2024,6,266,10.0,False,False,2.0,False,False,same_region,0,0,0,1.8,-6.0,7.8,3.9,2.6,-0.9,3.5,1.75,327,12,0
401584923,2023-12-11,Philadelphia 76ers,Washington Wizards,146,101,2024,45,247,2.0,False,False,2.0,False,False,same_region,0,0,0,8.8,-7.4,16.200000000000003,8.100000000000001,6.4,-10.5,16.9,8.45,328,12,0
401584928,2023-12-11,Milwaukee Bucks,Chicago Bulls,133,129,2024,4,262,3.0,False,False,2.0,False,False,same_region,0,0,0,5.2,1.2,4.0,2.0,5.2,-4.3,9.5,4.75,329,12,0
401584927,2023-12-11,Memphis Grizzlies,Dallas Mavericks,113,120,2024,-7,233,2.0,False,False,2.0,False,False,same_region,0,0,0,2.2,9.8,-7.6000000000000005,-3.8000000000000003,-4.2,2.3,-6.5,-3.25,330,12,0
401584931,2023-12-11,Sacramento Kings,Brooklyn Nets,131,118,2024,13,249,6.0,False,False,4.0,False,False,east_to_west,1,1,0,-1.8,13.4,-15.200000000000001,-7.6000000000000005,-1.2,6.0,-7.2,-3.6,331,12,0
401584924,2023-12-11,Atlanta Hawks,Denver Nuggets,122,129,2024,-7,251,4.0,False,False,4.0,False,False,west_to_east,1,0,1,-8.8,-1.0,-7.800000000000001,-3.9000000000000004,-3.9,-0.4,-3.5,-1.75,332,12,0
401584929,2023-12-11,New Orleans Pelicans,Minnesota Timberwolves,121,107,2024,14,228,9.0,False,False,2.0,False,False,same_region,0,0,0,-3.0,10.4,-13.4,-6.7,2.9,9.2,-6.299999999999999,-3.1499999999999995,333,12,0
401584930,2023-12-11,Oklahoma City Thunder,Utah Jazz,134,120,2024,14,254,2.0,False,False,4.0,False,False,same_region,0,0,0,3.8,-16.8,20.6,10.3,9.8,-12.8,22.6,11.3,334,12,0
401584932,2023-12-11,LA Clippers,Portland Trail Blazers,132,127,2024,5,259,4.0,False,False,4.0,False,False,same_region,0,0,0,6.4,-2.0,8.4,4.2,6.4,-6.8,13.2,6.6,335,12,0
401584937,2023-12-12,LA Clippers,Sacramento Kings,119,99,2024,20,218,0.0,True,False,3.0,False,False,same_region,0,0,0,4.6,0.6,3.9999999999999996,1.9999999999999998,4.4,-0.8,5.2,2.6,336,12,0
401584936,2023-12-12,Phoenix Suns,Golden State Warriors,119,116,2024,3,235,3.0,False,False,3.0,False,False,same_region,0,0,0,-3.8,1.2,-5.0,-2.5,2.9,-1.7,4.6,2.3,337,12,0
401584935,2023-12-12,Chicago Bulls,Denver Nuggets,106,114,2024,-8,220,5.0,False,False,0.0,True,False,west_to_east,1,0,1,5.8,-1.6,7.4,3.7,-5.2,-0.1,-5.1000000000000005,-2.5500000000000003,338,12,0
401584934,2023-12-12,Dallas Mavericks,Los Angeles Lakers,127,125,2024,2,252,5.0,False,False,11.0,False,False,same_region,0,0,0,10.0,9.6,0.40000000000000036,0.20000000000000018,1.7,6.5,-4.8,-2.4,339,12,0
401584933,2023-12-12,Boston Celtics,Cleveland Cavaliers,120,113,2024,7,233,3.0,False,False,0.0,True,False,same_region,0,0,0,8.6,2.6,6.0,3.0,3.1,0.3,2.8000000000000003,1.4000000000000001,340,12,0
401584938,2023-12-13,Detroit Pistons,Philadelphia 76ers,111,129,2024,-18,240,1.0,False,False,6.0,False,False,same_region,0,0,0,-13.8,9.0,-22.8,-11.4,-17.0,9.9,-26.9,-13.45,341,12,0
401584939,2023-12-13,Washington Wizards,New Orleans Pelicans,122,142,2024,-20,264,6.0,False,False,5.0,False,False,west_to_east,1,0,1,-20.2,-2.2,-18.0,-9.0,-12.9,0.7,-13.6,-6.8,342,12,0
401584940,2023-12-13,Miami Heat,Charlotte Hornets,115,104,2024,11,219,4.0,False,False,6.0,False,False,same_region,0,0,0,-1.2,-3.0,1.8,0.9,2.1,-6.0,8.1,4.05,343,12,0
401584942,2023-12-13,Houston Rockets,Memphis Grizzlies,117,104,2024,13,221,1.0,False,False,6.0,False,False,same_region,0,0,0,1.6,-2.0,3.6,1.8,3.5,-6.1,9.6,4.8,344,12,0
401584941,2023-12-13,Toronto Raptors,Atlanta Hawks,135,128,2024,7,263,6.0,False,False,4.0,False,False,same_region,0,0,0,-4.8,-5.6,0.7999999999999998,0.3999999999999999,-4.4,-3.6,-0.8000000000000003,-0.40000000000000013,345,12,0
401584943,2023-12-13,Milwaukee Bucks,Indiana Pacers,140,126,2024,14,266,1.0,False,False,1.0,False,False,same_region,0,0,0,4.6,5.6,-1.0,-0.5,4.9,4.1,0.8000000000000007,0.40000000000000036,346,12,0
401584945,2023-12-13,Phoenix Suns,Brooklyn Nets,112,116,2024,-4,228,0.0,True,False,1.0,False,False,east_to_west,1,1,0,-1.8,8.4,-10.200000000000001,-5.1000000000000005,2.9,5.4,-2.5000000000000004,-1.2500000000000002,347,12,0
401584946,2023-12-13,Utah Jazz,New York Knicks,117,113,2024,4,230,4.0,False,False,4.0,False,False,east_to_west,1,1,0,-16.8,-1.8,-15.0,-7.5,-13.9,1.1,-15.0,-7.5,348,12,0
401584944,2023-12-13,San Antonio Spurs,Los Angeles Lakers,119,122,2024,-3,241,4.0,False,False,0.0,True,False,same_region,0,0,0,-9.0,13.8,-22.8,-11.4,-10.7,3.1,-13.799999999999999,-6.8999999999999995,349,12,0
401584948,2023-12-14,Miami Heat,Chicago Bulls,116,124,2024,-8,240,0.0,True,False,2.0,False,False,same_region,0,0,0,-1.0,2.8,-3.8,-1.9,1.4,-4.2,5.6,2.8,350,12,0
401584949,2023-12-14,Dallas Mavericks,Minnesota Timberwolves,101,119,2024,-18,220,1.0,False,False,2.0,False,False,same_region,0,0,0,13.2,7.0,6.199999999999999,3.0999999999999996,2.6,7.7,-5.1,-2.55,351,12,0
401584947,2023-12-14,Boston Celtics,Cleveland Cavaliers,116,107,2024,9,223,1.0,False,False,1.0,False,True,same_region,0,0,0,8.0,2.8,5.2,2.6,3.5,-0.7,4.2,2.1,352,12,0
401584951,2023-12-14,Portland Trail Blazers,Utah Jazz,114,122,2024,-8,236,5.0,False,False,2.0,False,False,same_region,0,0,0,-3.8,-13.8,10.0,5.0,-6.1,-10.3,4.200000000000001,2.1000000000000005,353,12,0
401584952,2023-12-14,Sacramento Kings,Oklahoma City Thunder,128,123,2024,5,251,2.0,False,False,7.0,False,False,same_region,0,0,0,-0.6,7.2,-7.8,-3.9,-4.4,9.3,-13.700000000000001,-6.8500000000000005,354,12,0
401584953,2023-12-14,LA Clippers,Golden State Warriors,121,113,2024,8,234,1.0,False,True,1.0,False,False,same_region,0,0,0,9.8,0.8,9.0,4.5,5.7,-0.1,5.8,2.9,355,12,0
401584950,2023-12-14,Denver Nuggets,Brooklyn Nets,124,101,2024,23,225,5.0,False,False,0.0,True,True,east_to_west,1,1,0,-1.6,9.4,-11.0,-5.5,1.2,8.0,-6.8,-3.4,356,12,0
401584958,2023-12-15,Toronto Raptors,Atlanta Hawks,104,125,2024,-21,229,1.0,False,False,1.0,False,False,same_region,0,0,0,-4.8,-7.4,2.6000000000000005,1.3000000000000003,-1.8,-3.8,1.9999999999999998,0.9999999999999999,357,12,0
401584960,2023-12-15,Memphis Grizzlies,Houston Rockets,96,103,2024,-7,199,3.0,False,False,6.0,False,False,same_region,0,0,0,-7.4,6.2,-13.600000000000001,-6.800000000000001,-7.2,4.9,-12.100000000000001,-6.050000000000001,358,12,0
401584959,2023-12-15,San Antonio Spurs,Los Angeles Lakers,129,115,2024,14,244,1.0,False,False,1.0,False,True,same_region,0,0,0,-9.2,12.4,-21.6,-10.8,-9.8,3.7,-13.5,-6.75,359,12,0
401584961,2023-12-15,Phoenix Suns,New York Knicks,122,139,2024,-17,261,1.0,False,True,1.0,False,False,east_to_west,1,1,0,-1.0,-3.8,2.8,1.4,1.2,-0.7,1.9,0.95,360,12,0
401584954,2023-12-15,Charlotte Hornets,New Orleans Pelicans,107,112,2024,-5,219,3.0,False,False,1.0,False,False,west_to_east,1,0,1,-5.4,-1.2,-4.2,-2.1,-5.7,2.2,-7.9,-3.95,361,12,0
401584956,2023-12-15,Washington Wizards,Indiana Pacers,137,123,2024,14,260,1.0,False,False,1.0,False,False,same_region,0,0,0,-20.4,-0.2,-20.2,-10.1,-13.6,2.2,-15.8,-7.9,362,12,0
401584955,2023-12-15,Philadelphia 76ers,Detroit Pistons,124,92,2024,32,216,3.0,False,False,6.0,False,False,same_region,0,0,0,14.6,-16.2,30.799999999999997,15.399999999999999,9.5,-15.9,25.4,12.7,363,12,0
401584957,2023-12-15,Boston Celtics,Orlando Magic,128,111,2024,17,239,0.0,True,True,8.0,False,False,same_region,0,0,0,4.4,1.8,2.6000000000000005,1.3000000000000003,4.2,8.2,-3.999999999999999,-1.9999999999999996,364,12,0
401584964,2023-12-16,Cleveland Cavaliers,Atlanta Hawks,127,119,2024,8,246,9.0,False,False,0.0,True,True,same_region,0,0,0,-0.8,-1.0,0.19999999999999996,0.09999999999999998,1.7,-1.9,3.5999999999999996,1.7999999999999998,365,12,0
401584971,2023-12-16,LA Clippers,New York Knicks,144,122,2024,22,266,1.0,False,False,0.0,True,True,east_to_west,1,1,0,11.2,-3.0,14.2,7.1,7.5,2.7,4.8,2.4,366,12,0
401584962,2023-12-16,Milwaukee Bucks,Detroit Pistons,146,114,2024,32,260,2.0,False,False,0.0,True,False,same_region,0,0,0,8.8,-20.8,29.6,14.8,5.0,-18.7,23.7,11.85,367,12,0
401584963,2023-12-16,Charlotte Hornets,Philadelphia 76ers,82,135,2024,-53,217,0.0,True,False,2.0,False,False,same_region,0,0,0,-5.2,22.2,-27.4,-13.7,-6.5,13.0,-19.5,-9.75,368,12,0
401584965,2023-12-16,Miami Heat,Chicago Bulls,118,116,2024,2,234,1.0,False,True,1.0,False,False,same_region,0,0,0,0.4,3.2,-2.8000000000000003,-1.4000000000000001,-2.7,-2.0,-0.7000000000000002,-0.3500000000000001,369,12,0
401584969,2023-12-16,Portland Trail Blazers,Dallas Mavericks,120,131,2024,-11,251,1.0,False,False,4.0,False,False,same_region,0,0,0,-7.0,10.8,-17.8,-8.9,-2.6,2.4,-5.0,-2.5,370,12,0
401584970,2023-12-16,Sacramento Kings,Utah Jazz,125,104,2024,21,229,1.0,False,False,1.0,False,False,same_region,0,0,0,-0.8,-13.2,12.399999999999999,6.199999999999999,-0.3,-7.9,7.6000000000000005,3.8000000000000003,371,12,0
401584966,2023-12-16,Minnesota Timberwolves,Indiana Pacers,127,109,2024,18,236,9.0,False,False,0.0,True,True,east_to_west,1,1,0,8.4,-5.0,13.4,6.7,7.8,0.9,6.8999999999999995,3.4499999999999997,372,12,0
401584968,2023-12-16,Denver Nuggets,Oklahoma City Thunder,117,118,2024,-1,235,1.0,False,False,1.0,False,False,same_region,0,0,0,4.2,1.6,2.6,1.3,5.4,8.1,-2.6999999999999993,-1.3499999999999996,373,12,0
401584967,2023-12-16,Golden State Warriors,Brooklyn Nets,124,120,2024,4,244,9.0,False,False,1.0,False,True,east_to_west,1,1,0,-2.0,-0.8,-1.2,-0.6,-0.2,5.9,-6.1000000000000005,-3.0500000000000003,374,12,0
401584972,2023-12-17,Boston Celtics,Orlando Magic,114,97,2024,17,211,1.0,False,True,1.0,False,False,same_region,0,0,0,6.6,-2.6,9.2,4.6,6.2,4.6,1.6000000000000005,0.8000000000000003,375,12,0
401584973,2023-12-17,San Antonio Spurs,New Orleans Pelicans,110,146,2024,-36,256,1.0,False,False,1.0,False,False,same_region,0,0,0,-3.4,1.0,-4.4,-2.2,-5.9,1.7,-7.6000000000000005,-3.8000000000000003,376,12,0
401584976,2023-12-17,Portland Trail Blazers,Golden State Warriors,114,118,2024,-4,232,0.0,True,True,2.0,False,False,same_region,0,0,0,-8.2,-1.0,-7.199999999999999,-3.5999999999999996,-2.4,-0.3,-2.1,-1.05,377,12,0
401584975,2023-12-17,Phoenix Suns,Washington Wizards,112,108,2024,4,220,1.0,False,False,5.0,False,False,east_to_west,1,1,0,-5.8,-16.6,10.8,5.4,-1.3,-11.9,10.6,5.3,378,12,0
401584974,2023-12-17,Milwaukee Bucks,Houston Rockets,128,119,2024,9,247,0.0,True,False,1.0,False,False,west_to_east,1,0,1,13.0,9.6,3.4000000000000004,1.7000000000000002,8.5,6.1,2.4000000000000004,1.2000000000000002,379,12,0
401584977,2023-12-18,Cleveland Cavaliers,Houston Rockets,135,130,2024,5,265,1.0,False,False,0.0,True,True,west_to_east,1,0,1,-1.2,6.0,-7.2,-3.6,3.1,3.2,-0.10000000000000009,-0.050000000000000044,380,12,0
401584978,2023-12-18,Indiana Pacers,LA Clippers,127,151,2024,-24,278,13.0,False,False,9.0,False,False,west_to_east,1,0,1,-10.4,13.8,-24.200000000000003,-12.100000000000001,-3.2,7.8,-11.0,-5.5,381,12,0
401584979,2023-12-18,Philadelphia 76ers,Chicago Bulls,104,108,2024,-4,212,2.0,False,False,1.0,False,False,same_region,0,0,0,31.8,0.6,31.2,15.6,19.6,-0.9,20.5,10.25,382,12,0
401584981,2023-12-18,Miami Heat,Minnesota Timberwolves,108,112,2024,-4,220,1.0,False,False,3.0,False,False,west_to_east,1,0,1,-1.0,10.8,-11.8,-5.9,-2.3,8.3,-10.600000000000001,-5.300000000000001,383,12,0
401584985,2023-12-18,Utah Jazz,Brooklyn Nets,125,108,2024,17,233,4.0,False,False,1.0,False,False,east_to_west,1,1,0,-7.4,-1.8,-5.6000000000000005,-2.8000000000000003,-10.5,4.0,-14.5,-7.25,384,12,0
401584980,2023-12-18,Atlanta Hawks,Detroit Pistons,130,124,2024,6,254,6.0,False,False,1.0,False,True,same_region,0,0,0,-2.4,-24.4,22.0,11.0,-5.5,-19.6,14.100000000000001,7.050000000000001,385,12,0
401584984,2023-12-18,Denver Nuggets,Dallas Mavericks,130,104,2024,26,234,1.0,False,False,1.0,False,False,same_region,0,0,0,5.8,3.0,2.8,1.4,4.1,3.2,0.8999999999999995,0.44999999999999973,386,12,0
401584986,2023-12-18,Sacramento Kings,Washington Wizards,143,131,2024,12,274,1.0,False,False,0.0,True,False,east_to_west,1,1,0,5.4,-16.4,21.799999999999997,10.899999999999999,2.3,-12.0,14.3,7.15,387,12,0
401584982,2023-12-18,Toronto Raptors,Charlotte Hornets,114,99,2024,15,213,2.0,False,False,4.0,False,False,same_region,0,0,0,-6.4,-13.6,7.199999999999999,3.5999999999999996,-4.0,-12.1,8.1,4.05,388,12,0
401584987,2023-12-18,Los Angeles Lakers,New York Knicks,109,114,2024,-5,223,8.0,False,False,1.0,False,True,east_to_west,1,1,0,9.0,-2.6,11.6,5.8,1.7,0.3,1.4,0.7,389,12,0
401584983,2023-12-18,Oklahoma City Thunder,Memphis Grizzlies,116,97,2024,19,213,6.0,False,False,4.0,False,False,same_region,0,0,0,0.6,-7.4,8.0,4.0,3.9,-5.9,9.8,4.9,390,12,0
401584991,2023-12-19,Portland Trail Blazers,Phoenix Suns,109,104,2024,5,213,1.0,False,True,13.0,False,False,same_region,0,0,0,-8.2,-4.4,-3.799999999999999,-1.8999999999999995,-4.4,-3.0,-1.4000000000000004,-0.7000000000000002,391,12,0
401584990,2023-12-19,Golden State Warriors,Boston Celtics,132,126,2024,6,258,2.0,False,False,14.0,False,False,east_to_west,1,1,0,-1.0,12.0,-13.0,-6.5,0.9,7.6,-6.699999999999999,-3.3499999999999996,392,12,0
401584989,2023-12-19,Milwaukee Bucks,San Antonio Spurs,132,119,2024,13,251,1.0,False,True,7.0,False,False,west_to_east,1,0,1,10.0,-9.0,19.0,9.5,9.1,-8.8,17.9,8.95,393,12,0
401584988,2023-12-19,New Orleans Pelicans,Memphis Grizzlies,113,115,2024,-2,228,7.0,False,False,0.0,True,False,same_region,0,0,0,6.2,-14.0,20.2,10.1,5.8,-5.7,11.5,5.75,394,12,0
401585001,2023-12-20,Sacramento Kings,Boston Celtics,119,144,2024,-25,263,1.0,False,False,0.0,True,False,east_to_west,1,1,0,6.2,8.8,-2.6000000000000005,-1.3000000000000003,2.2,8.7,-6.499999999999999,-3.2499999999999996,395,12,0
401584992,2023-12-20,Cleveland Cavaliers,Utah Jazz,124,116,2024,8,240,1.0,False,False,3.0,False,False,west_to_east,1,0,1,-2.6,-1.2,-1.4000000000000001,-0.7000000000000001,3.3,-9.0,12.3,6.15,396,12,0
401584993,2023-12-20,Indiana Pacers,Charlotte Hornets,144,113,2024,31,257,1.0,False,False,1.0,False,False,same_region,0,0,0,-12.4,-17.2,4.799999999999999,2.3999999999999995,-5.2,-12.3,7.1000000000000005,3.5500000000000003,397,12,0
401584994,2023-12-20,Orlando Magic,Miami Heat,106,115,2024,-9,221,8.0,False,False,8.0,False,False,same_region,0,0,0,-0.4,0.6,-1.0,-0.5,2.4,-1.2,3.5999999999999996,1.7999999999999998,398,12,0
401585000,2023-12-20,Dallas Mavericks,LA Clippers,111,120,2024,-9,231,5.0,False,False,1.0,False,False,same_region,0,0,0,-4.8,15.8,-20.6,-10.3,2.5,11.1,-8.6,-4.3,399,12,0
401584997,2023-12-20,Toronto Raptors,Denver Nuggets,104,113,2024,-9,217,1.0,False,False,7.0,False,False,west_to_east,1,0,1,-1.6,12.6,-14.2,-7.1,-3.8,5.8,-9.6,-4.8,400,12,0
401584998,2023-12-20,Chicago Bulls,Los Angeles Lakers,124,108,2024,16,232,7.0,False,False,4.0,False,False,west_to_east,1,0,1,-0.4,-0.8,0.4,0.2,0.4,5.6,-5.199999999999999,-2.5999999999999996,401,12,0
401584995,2023-12-20,Philadelphia 76ers,Minnesota Timberwolves,127,113,2024,14,240,1.0,False,False,1.0,False,False,west_to_east,1,0,1,28.8,10.0,18.8,9.4,18.8,10.0,8.8,4.4,402,12,0
401584999,2023-12-20,Houston Rockets,Atlanta Hawks,127,134,2024,-7,261,6.0,False,False,3.0,False,False,east_to_west,1,1,0,3.4,1.0,2.4,1.2,0.8,-3.9,4.7,2.35,403,12,0
401584996,2023-12-20,Brooklyn Nets,New York Knicks,102,121,2024,-19,223,11.0,False,False,1.0,False,False,same_region,0,0,0,-10.6,0.4,-11.0,-5.5,1.4,1.1,0.2999999999999998,0.1499999999999999,404,12,0
401585009,2023-12-21,Portland Trail Blazers,Washington Wizards,117,118,2024,-1,235,1.0,False,False,2.0,False,False,east_to_west,1,1,0,-4.6,-13.4,8.8,4.4,-3.3,-10.4,7.1000000000000005,3.5500000000000003,405,12,0
401585006,2023-12-21,Milwaukee Bucks,Orlando Magic,118,114,2024,4,232,1.0,False,False,3.0,False,False,same_region,0,0,0,14.4,-0.2,14.6,7.3,9.8,-0.2,10.0,5.0,406,12,0
401585007,2023-12-21,Oklahoma City Thunder,LA Clippers,134,115,2024,19,249,2.0,False,False,0.0,True,True,same_region,0,0,0,6.2,16.6,-10.400000000000002,-5.200000000000001,4.4,10.6,-6.199999999999999,-3.0999999999999996,407,12,0
401585008,2023-12-21,Minnesota Timberwolves,Los Angeles Lakers,118,111,2024,7,229,4.0,False,False,0.0,True,False,same_region,0,0,0,2.4,-6.8,9.2,4.6,6.4,1.4,5.0,2.5,408,12,0
401585005,2023-12-21,Memphis Grizzlies,Indiana Pacers,116,103,2024,13,219,5.0,False,False,4.0,False,False,east_to_west,1,1,0,-8.8,-7.8,-1.0000000000000009,-0.5000000000000004,-3.3,-1.1,-2.1999999999999997,-1.0999999999999999,409,12,0
401585002,2023-12-21,Detroit Pistons,Utah Jazz,111,119,2024,-8,230,7.0,False,False,0.0,True,False,west_to_east,1,0,1,-19.2,0.0,-19.2,-9.6,-18.3,-8.4,-9.9,-4.95,410,12,0
401585003,2023-12-21,Cleveland Cavaliers,New Orleans Pelicans,104,123,2024,-19,227,0.0,True,True,3.0,False,False,west_to_east,1,0,1,1.0,14.6,-13.6,-6.8,1.8,5.8,-4.0,-2.0,411,12,0
401585004,2023-12-21,Chicago Bulls,San Antonio Spurs,114,95,2024,19,209,0.0,True,False,1.0,False,False,west_to_east,1,0,1,3.6,-9.8,13.4,6.7,4.7,-9.5,14.2,7.1,412,12,0
401585010,2023-12-22,Philadelphia 76ers,Toronto Raptors,121,111,2024,10,232,1.0,False,False,10.0,False,False,same_region,0,0,0,22.6,-2.8,25.400000000000002,12.700000000000001,15.8,-4.4,20.200000000000003,10.100000000000001,413,12,0
401585011,2023-12-22,Brooklyn Nets,Denver Nuggets,117,122,2024,-5,239,1.0,False,False,1.0,False,False,west_to_east,1,0,1,-11.8,13.0,-24.8,-12.4,-1.7,5.7,-7.4,-3.7,414,12,0
401585014,2023-12-22,Golden State Warriors,Washington Wizards,129,118,2024,11,247,2.0,False,False,0.0,True,False,east_to_west,1,1,0,0.6,-4.2,4.8,2.4,0.9,-12.2,13.1,6.55,415,12,0
401585013,2023-12-22,Houston Rockets,Dallas Mavericks,122,96,2024,26,218,1.0,False,False,3.0,False,False,same_region,0,0,0,-0.2,-8.0,7.8,3.9,0.7,1.0,-0.30000000000000004,-0.15000000000000002,416,12,0
401585015,2023-12-22,Sacramento Kings,Phoenix Suns,120,105,2024,15,225,1.0,False,False,2.0,False,False,same_region,0,0,0,-1.4,-3.8,2.4,1.2,-0.4,-3.8,3.4,1.7,417,12,0
401585012,2023-12-22,Miami Heat,Atlanta Hawks,122,113,2024,9,235,3.0,False,False,1.0,False,False,same_region,0,0,0,2.0,3.8,-1.7999999999999998,-0.8999999999999999,0.4,-0.9,1.3,0.65,418,12,0
401585021,2023-12-23,Atlanta Hawks,Memphis Grizzlies,119,125,2024,-6,244,4.0,False,False,3.0,False,False,west_to_east,1,0,1,3.4,-4.8,8.2,4.1,-2.0,-3.4,1.4,0.7,419,12,0
401585016,2023-12-23,New York Knicks,Milwaukee Bucks,111,130,2024,-19,241,11.0,False,False,22.0,False,False,same_region,0,0,0,3.0,14.4,-11.4,-5.7,0.6,9.5,-8.9,-4.45,420,12,0
401585017,2023-12-23,LA Clippers,Boston Celtics,108,145,2024,-37,253,6.0,False,False,2.0,False,False,east_to_west,1,1,0,8.8,12.4,-3.5999999999999996,-1.7999999999999998,9.3,10.2,-0.8999999999999986,-0.4499999999999993,421,12,0
401585019,2023-12-23,Indiana Pacers,Orlando Magic,110,117,2024,-7,227,2.0,False,False,1.0,False,False,same_region,0,0,0,-7.6,-7.4,-0.1999999999999993,-0.09999999999999964,-3.9,-1.9,-2.0,-1.0,422,12,0
401585020,2023-12-23,New Orleans Pelicans,Houston Rockets,104,106,2024,-2,210,3.0,False,False,4.0,False,False,same_region,0,0,0,15.6,2.4,13.2,6.6,6.7,4.3,2.4000000000000004,1.2000000000000002,423,12,0
401585026,2023-12-23,Dallas Mavericks,San Antonio Spurs,144,119,2024,25,263,2.0,False,False,1.0,False,False,same_region,0,0,0,-13.6,-11.4,-2.1999999999999993,-1.0999999999999996,-0.2,-10.2,10.0,5.0,424,12,0
401585018,2023-12-23,Charlotte Hornets,Denver Nuggets,95,102,2024,-7,197,6.0,False,False,0.0,True,True,west_to_east,1,0,1,-23.0,12.4,-35.4,-17.7,-13.0,5.4,-18.4,-9.2,425,12,0
401585024,2023-12-23,Chicago Bulls,Cleveland Cavaliers,95,109,2024,-14,204,1.0,False,True,8.0,False,False,same_region,0,0,0,9.0,-1.4,10.4,5.2,5.9,0.7,5.2,2.6,426,12,0
401585025,2023-12-23,Oklahoma City Thunder,Los Angeles Lakers,120,129,2024,-9,249,1.0,False,False,1.0,False,True,same_region,0,0,0,9.6,-7.8,17.4,8.7,6.7,3.0,3.7,1.85,427,12,0
401585027,2023-12-23,Golden State Warriors,Portland Trail Blazers,126,106,2024,20,232,0.0,True,False,11.0,False,False,same_region,0,0,0,3.4,-3.8,7.199999999999999,3.5999999999999996,2.1,-3.8,5.9,2.95,428,12,0
401585028,2023-12-23,Sacramento Kings,Minnesota Timberwolves,98,110,2024,-12,208,0.0,True,True,2.0,False,False,same_region,0,0,0,5.6,6.6,-1.0,-0.5,2.5,6.8,-4.3,-2.15,429,12,0
401585023,2023-12-23,Toronto Raptors,Utah Jazz,119,126,2024,-7,245,2.0,False,False,1.0,False,True,west_to_east,1,0,1,-3.6,0.8,-4.4,-2.2,-4.2,-6.5,2.3,1.15,430,12,0
401585022,2023-12-23,Brooklyn Nets,Detroit Pistons,126,115,2024,11,241,0.0,True,True,4.0,False,False,same_region,0,0,0,-13.6,-19.2,5.6,2.8,-2.1,-16.5,14.4,7.2,431,12,0
401585030,2023-12-25,Denver Nuggets,Golden State Warriors,120,114,2024,6,234,6.0,False,False,7.0,False,False,same_region,0,0,0,9.2,9.0,0.1999999999999993,0.09999999999999964,6.7,3.5,3.2,1.6,432,12,0
401585031,2023-12-25,Los Angeles Lakers,Boston Celtics,115,126,2024,-11,241,6.0,False,False,1.0,False,False,east_to_west,1,1,0,-6.6,18.0,-24.6,-12.3,2.9,11.2,-8.299999999999999,-4.1499999999999995,433,12,0
401585029,2023-12-25,New York Knicks,Milwaukee Bucks,129,122,2024,7,251,1.0,False,False,1.0,False,False,same_region,0,0,0,0.0,15.4,-15.4,-7.7,-1.9,12.1,-14.0,-7.0,434,12,0
401585033,2023-12-25,Phoenix Suns,Dallas Mavericks,114,128,2024,-14,242,7.0,False,False,2.0,False,False,same_region,0,0,0,-7.4,-5.0,-2.4000000000000004,-1.2000000000000002,-4.6,2.9,-7.5,-3.75,435,12,0
401585032,2023-12-25,Miami Heat,Philadelphia 76ers,119,113,2024,6,232,2.0,False,False,8.0,False,False,same_region,0,0,0,1.6,21.0,-19.4,-9.7,0.3,17.8,-17.5,-8.75,436,12,0
401585035,2023-12-26,Washington Wizards,Orlando Magic,119,127,2024,-8,246,10.0,False,False,2.0,False,False,same_region,0,0,0,-2.4,-8.0,5.6,2.8,-11.4,-3.1,-8.3,-4.15,437,12,0
401585036,2023-12-26,Chicago Bulls,Atlanta Hawks,118,113,2024,5,231,2.0,False,False,3.0,False,False,same_region,0,0,0,4.6,-2.0,6.6,3.3,3.9,-1.5,5.4,2.7,438,12,0
401585037,2023-12-26,Houston Rockets,Indiana Pacers,117,123,2024,-6,240,3.0,False,False,4.0,False,False,east_to_west,1,1,0,1.4,-6.2,7.6,3.8,5.5,-5.6,11.1,5.55,439,12,0
401585034,2023-12-26,Detroit Pistons,Brooklyn Nets,112,118,2024,-6,230,4.0,False,False,7.0,False,False,same_region,0,0,0,-17.8,-6.8,-11.0,-5.5,-17.0,-3.8,-13.2,-6.6,440,12,0
401585039,2023-12-26,Oklahoma City Thunder,Minnesota Timberwolves,129,106,2024,23,235,2.0,False,False,2.0,False,False,same_region,0,0,0,5.0,5.4,-0.40000000000000036,-0.20000000000000018,6.1,6.9,-0.8000000000000007,-0.40000000000000036,441,12,0
401585040,2023-12-26,San Antonio Spurs,Utah Jazz,118,130,2024,-12,248,8.0,False,False,2.0,False,False,same_region,0,0,0,-15.8,0.6,-16.400000000000002,-8.200000000000001,-12.5,-6.3,-6.2,-3.1,442,12,0
401585041,2023-12-26,Portland Trail Blazers,Sacramento Kings,130,113,2024,17,243,4.0,False,False,13.0,False,False,same_region,0,0,0,-6.2,2.2,-8.4,-4.2,-6.6,0.7,-7.3,-3.65,443,12,0
401585042,2023-12-26,LA Clippers,Charlotte Hornets,113,104,2024,9,217,2.0,False,False,5.0,False,False,east_to_west,1,1,0,-0.2,-22.2,22.0,11.0,5.5,-13.8,19.3,9.65,444,12,0
401585038,2023-12-26,New Orleans Pelicans,Memphis Grizzlies,115,116,2024,-1,231,2.0,False,False,2.0,False,False,same_region,0,0,0,11.2,-1.0,12.2,6.1,5.0,-4.2,9.2,4.6,445,12,0
401585046,2023-12-27,Houston Rockets,Phoenix Suns,113,129,2024,-16,242,0.0,True,False,4.0,False,False,same_region,0,0,0,2.0,-9.4,11.4,5.7,4.0,-5.2,9.2,4.6,446,12,0
401585047,2023-12-27,Oklahoma City Thunder,New York Knicks,129,120,2024,9,249,0.0,True,False,6.0,False,False,east_to_west,1,1,0,10.6,-2.0,12.6,6.3,6.1,-2.5,8.6,4.3,447,12,0
401585048,2023-12-27,Dallas Mavericks,Cleveland Cavaliers,110,113,2024,-3,223,3.0,False,False,3.0,False,False,east_to_west,1,1,0,-4.4,3.2,-7.6000000000000005,-3.8000000000000003,-0.7,1.2,-1.9,-0.95,448,12,0
401585045,2023-12-27,Brooklyn Nets,Milwaukee Bucks,122,144,2024,-22,266,3.0,False,False,1.0,False,False,same_region,0,0,0,-4.8,7.6,-12.399999999999999,-6.199999999999999,-3.3,10.3,-13.600000000000001,-6.800000000000001,449,12,0
401585043,2023-12-27,Orlando Magic,Philadelphia 76ers,92,112,2024,-20,204,6.0,False,False,1.0,False,False,same_region,0,0,0,-3.0,13.4,-16.4,-8.2,-2.8,17.8,-20.6,-10.3,450,12,0
401585044,2023-12-27,Washington Wizards,Toronto Raptors,102,132,2024,-30,234,0.0,True,False,4.0,False,False,same_region,0,0,0,-6.8,-6.4,-0.39999999999999947,-0.19999999999999973,-11.7,-5.6,-6.1,-3.05,451,12,0
401585049,2023-12-28,Boston Celtics,Detroit Pistons,128,122,2024,6,250,10.0,False,False,4.0,False,False,same_region,0,0,0,16.8,-12.6,29.4,14.7,11.7,-16.7,28.4,14.2,452,12,0
401585050,2023-12-28,Chicago Bulls,Indiana Pacers,104,120,2024,-16,224,1.0,False,False,1.0,False,False,same_region,0,0,0,6.0,-1.4,7.4,3.7,3.3,-5.9,9.2,4.6,453,12,0
401585051,2023-12-28,Minnesota Timberwolves,Dallas Mavericks,118,110,2024,8,228,6.0,False,False,2.0,False,False,same_region,0,0,0,-2.8,0.2,-3.0,-1.5,4.0,-2.3,6.3,3.15,454,12,0
401585054,2023-12-28,Golden State Warriors,Miami Heat,102,114,2024,-12,216,4.0,False,False,7.0,False,False,east_to_west,1,1,0,7.0,4.4,2.5999999999999996,1.2999999999999998,3.0,2.4,0.6000000000000001,0.30000000000000004,455,12,0
401585053,2023-12-28,Denver Nuggets,Memphis Grizzlies,142,105,2024,37,247,2.0,False,False,1.0,False,False,same_region,0,0,0,10.6,0.6,10.0,5.0,8.2,-3.4,11.6,5.8,456,12,0
401585055,2023-12-28,Portland Trail Blazers,San Antonio Spurs,105,118,2024,-13,223,1.0,False,False,4.0,False,False,same_region,0,0,0,-0.6,-21.0,20.4,10.2,-4.4,-12.2,7.799999999999999,3.8999999999999995,457,12,0
401585056,2023-12-28,Los Angeles Lakers,Charlotte Hornets,133,112,2024,21,245,2.0,False,False,1.0,False,False,east_to_west,1,1,0,-6.0,-23.0,17.0,8.5,1.5,-14.1,15.6,7.8,458,12,0
401585052,2023-12-28,New Orleans Pelicans,Utah Jazz,112,105,2024,7,217,1.0,False,False,1.0,False,False,same_region,0,0,0,10.0,7.2,2.8,1.4,5.5,-0.1,5.6,2.8,459,12,0
401585062,2023-12-29,Houston Rockets,Philadelphia 76ers,127,131,2024,-4,258,1.0,False,True,1.0,False,False,east_to_west,1,1,0,-0.2,6.8,-7.0,-3.5,1.6,19.3,-17.7,-8.85,460,12,0
401585065,2023-12-29,Portland Trail Blazers,San Antonio Spurs,134,128,2024,6,262,0.0,True,True,0.0,True,False,same_region,0,0,0,-2.4,-11.2,8.799999999999999,4.3999999999999995,-5.3,-10.1,4.8,2.4,461,12,0
401585064,2023-12-29,Phoenix Suns,Charlotte Hornets,133,119,2024,14,252,3.0,False,False,0.0,True,True,east_to_west,1,1,0,-2.8,-16.6,13.8,6.9,-4.3,-15.1,10.8,5.4,462,12,0
401585063,2023-12-29,Denver Nuggets,Oklahoma City Thunder,93,119,2024,-26,212,0.0,True,False,12.0,False,False,same_region,0,0,0,12.8,12.2,0.6000000000000014,0.3000000000000007,12.7,6.4,6.299999999999999,3.1499999999999995,463,12,0
401585066,2023-12-29,LA Clippers,Memphis Grizzlies,117,106,2024,11,223,2.0,False,False,0.0,True,True,same_region,0,0,0,-2.8,-3.0,0.20000000000000018,0.10000000000000009,5.5,-8.5,14.0,7.0,464,12,0
401585057,2023-12-29,Orlando Magic,New York Knicks,117,108,2024,9,225,1.0,False,False,1.0,False,False,same_region,0,0,0,-3.6,0.6,-4.2,-2.1,-2.0,-1.0,-1.0,-0.5,465,12,0
401585060,2023-12-29,Boston Celtics,Toronto Raptors,120,118,2024,2,238,0.0,True,False,1.0,False,False,same_region,0,0,0,14.6,3.8,10.8,5.4,13.3,-1.3,14.600000000000001,7.300000000000001,466,12,0
401585059,2023-12-29,Atlanta Hawks,Sacramento Kings,110,117,2024,-7,227,5.0,False,False,2.0,False,False,west_to_east,1,0,1,-1.4,-5.4,4.0,2.0,-1.9,0.0,-1.9,-0.95,467,12,0
401585058,2023-12-29,Washington Wizards,Brooklyn Nets,110,104,2024,6,214,1.0,False,True,2.0,False,False,same_region,0,0,0,-12.0,-5.8,-6.2,-3.1,-14.2,-8.2,-6.0,-3.0,468,12,0
401585061,2023-12-29,Cleveland Cavaliers,Milwaukee Bucks,111,119,2024,-8,230,7.0,False,False,1.0,False,False,same_region,0,0,0,2.2,10.2,-7.999999999999999,-3.9999999999999996,0.5,10.1,-9.6,-4.8,469,12,0
401585069,2023-12-30,Indiana Pacers,New York Knicks,140,126,2024,14,266,6.0,False,False,0.0,True,True,same_region,0,0,0,6.6,-2.2,8.8,4.4,-2.9,-0.9,-2.0,-1.0,470,12,0
401585068,2023-12-30,Detroit Pistons,Toronto Raptors,129,127,2024,2,256,3.0,False,False,0.0,True,True,same_region,0,0,0,-7.4,0.4,-7.800000000000001,-3.9000000000000004,-15.9,-0.6,-15.3,-7.65,471,12,0
401585067,2023-12-30,Utah Jazz,Miami Heat,117,109,2024,8,226,11.0,False,False,1.0,False,False,east_to_west,1,1,0,2.4,6.4,-4.0,-2.0,0.6,2.7,-2.1,-1.05,472,12,0
401585072,2023-12-30,Golden State Warriors,Dallas Mavericks,122,132,2024,-10,254,1.0,False,False,1.0,False,False,same_region,0,0,0,3.8,0.4,3.4,1.7,1.4,-3.8,5.199999999999999,2.5999999999999996,473,12,0
401585070,2023-12-30,Chicago Bulls,Philadelphia 76ers,105,92,2024,13,197,1.0,False,False,0.0,True,True,same_region,0,0,0,2.0,8.4,-6.4,-3.2,0.8,18.6,-17.8,-8.9,474,12,0
401585071,2023-12-30,Minnesota Timberwolves,Los Angeles Lakers,108,106,2024,2,214,1.0,False,False,6.0,False,False,same_region,0,0,0,-2.0,-0.8,-1.2,-0.6,4.0,-0.8,4.8,2.4,475,12,0
401585078,2023-12-31,Phoenix Suns,Orlando Magic,112,107,2024,5,219,1.0,False,False,4.0,False,False,east_to_west,1,1,0,-0.8,0.0,-0.8,-0.4,-2.6,-0.1,-2.5,-1.25,476,12,0
401585077,2023-12-31,Memphis Grizzlies,Sacramento Kings,92,123,2024,-31,215,9.0,False,False,1.0,False,False,same_region,0,0,0,-5.6,-6.4,0.8000000000000007,0.40000000000000036,-7.2,-0.1,-7.1000000000000005,-3.5500000000000003,477,12,0
401585076,2023-12-31,San Antonio Spurs,Boston Celtics,101,134,2024,-33,235,4.0,False,False,5.0,False,False,east_to_west,1,1,0,-9.8,16.2,-26.0,-13.0,-9.8,12.5,-22.3,-11.15,478,12,0
401585075,2023-12-31,Oklahoma City Thunder,Brooklyn Nets,124,108,2024,16,232,3.0,False,False,1.0,False,False,east_to_west,1,1,0,13.6,-3.2,16.8,8.4,9.9,-7.5,17.4,8.7,479,12,0
401585074,2023-12-31,New Orleans Pelicans,Los Angeles Lakers,129,109,2024,20,238,2.0,False,False,0.0,True,False,same_region,0,0,0,4.2,2.0,2.2,1.1,5.2,-2.4,7.6,3.8,480,12,0
401585073,2023-12-31,Washington Wizards,Atlanta Hawks,126,130,2024,-4,256,1.0,False,False,4.0,False,False,same_region,0,0,0,-8.4,-4.0,-4.4,-2.2,-10.9,-1.5,-9.4,-4.7,481,12,0
401585085,2024-01-01,Utah Jazz,Dallas Mavericks,127,90,2024,37,217,1.0,False,False,1.0,False,False,same_region,0,0,0,5.6,7.6,-2.0,-1.0,2.8,-3.0,5.8,2.9,482,1,0
401585080,2024-01-01,Toronto Raptors,Cleveland Cavaliers,124,121,2024,3,245,8.0,False,False,4.0,False,False,same_region,0,0,0,1.8,-0.4,2.2,1.1,-0.5,-1.5,1.0,0.5,483,1,0
401585081,2024-01-01,Houston Rockets,Detroit Pistons,136,113,2024,23,249,2.0,False,False,3.0,False,False,east_to_west,1,1,0,0.4,-5.8,6.2,3.1,0.1,-12.5,12.6,6.3,484,1,0
401585079,2024-01-01,New York Knicks,Minnesota Timberwolves,112,106,2024,6,218,6.0,False,False,5.0,False,False,west_to_east,1,0,1,-8.8,1.2,-10.0,-5.0,-2.9,1.8,-4.7,-2.35,485,1,0
401585082,2024-01-01,Milwaukee Bucks,Indiana Pacers,113,122,2024,-9,235,10.0,False,False,3.0,False,False,same_region,0,0,0,9.2,3.2,5.999999999999999,2.9999999999999996,11.8,-2.3,14.100000000000001,7.050000000000001,486,1,0
401585084,2024-01-01,Phoenix Suns,Portland Trail Blazers,109,88,2024,21,197,0.0,True,True,8.0,False,False,same_region,0,0,0,1.2,-2.2,3.4000000000000004,1.7000000000000002,-1.3,-3.4,2.0999999999999996,1.0499999999999998,487,1,0
401585086,2024-01-01,LA Clippers,Miami Heat,121,104,2024,17,225,2.0,False,False,1.0,False,False,east_to_west,1,1,0,-5.4,5.6,-11.0,-5.5,5.2,3.1,2.1,1.05,488,1,0
401585083,2024-01-01,Denver Nuggets,Charlotte Hornets,111,93,2024,18,204,2.0,False,False,2.0,False,False,east_to_west,1,1,0,5.8,-16.4,22.2,11.1,9.4,-16.8,26.200000000000003,13.100000000000001,489,1,0
401585088,2024-01-02,Memphis Grizzlies,San Antonio Spurs,106,98,2024,8,204,1.0,False,False,3.0,False,False,same_region,0,0,0,-14.4,-12.6,-1.8000000000000007,-0.9000000000000004,-9.6,-12.0,2.4000000000000004,1.2000000000000002,490,1,0
401585089,2024-01-02,New Orleans Pelicans,Brooklyn Nets,112,85,2024,27,197,1.0,False,False,1.0,False,False,east_to_west,1,1,0,8.6,-5.4,14.0,7.0,11.6,-9.5,21.1,10.55,491,1,0
401585087,2024-01-02,Philadelphia 76ers,Chicago Bulls,110,97,2024,13,207,10.0,False,False,14.0,False,False,same_region,0,0,0,3.0,1.4,1.6,0.8,12.8,2.5,10.3,5.15,492,1,0
401585091,2024-01-02,Golden State Warriors,Orlando Magic,121,115,2024,6,236,2.0,False,False,1.0,False,False,east_to_west,1,1,0,0.6,-0.2,0.8,0.4,0.6,-3.8,4.3999999999999995,2.1999999999999997,493,1,0
401585090,2024-01-02,Oklahoma City Thunder,Boston Celtics,127,123,2024,4,250,1.0,False,False,1.0,False,False,east_to_west,1,1,0,13.0,17.8,-4.800000000000001,-2.4000000000000004,11.3,15.1,-3.799999999999999,-1.8999999999999995,494,1,0
401585092,2024-01-02,Sacramento Kings,Charlotte Hornets,104,111,2024,-7,215,9.0,False,False,0.0,True,False,east_to_west,1,1,0,4.8,-13.8,18.6,9.3,1.7,-18.4,20.099999999999998,10.049999999999999,495,1,0
401585102,2024-01-03,Utah Jazz,Detroit Pistons,154,148,2024,6,302,1.0,False,False,1.0,False,False,east_to_west,1,1,0,11.4,-8.8,20.200000000000003,10.100000000000001,6.1,-14.0,20.1,10.05,496,1,0
401585093,2024-01-03,Cleveland Cavaliers,Washington Wizards,140,101,2024,39,241,4.0,False,False,11.0,False,False,same_region,0,0,0,-2.6,-9.4,6.800000000000001,3.4000000000000004,-0.8,-6.8,6.0,3.0,497,1,0
401585094,2024-01-03,Indiana Pacers,Milwaukee Bucks,142,130,2024,12,272,3.0,False,False,4.0,False,False,same_region,0,0,0,7.6,6.6,1.0,0.5,0.0,10.5,-10.5,-5.25,498,1,0
401585097,2024-01-03,Houston Rockets,Brooklyn Nets,112,101,2024,11,213,1.0,False,False,0.0,True,True,east_to_west,1,1,0,-0.2,-13.0,12.8,6.4,1.1,-9.9,11.0,5.5,499,1,0
401585098,2024-01-03,Memphis Grizzlies,Toronto Raptors,111,116,2024,-5,227,0.0,True,True,3.0,False,False,east_to_west,1,1,0,-14.0,4.4,-18.4,-9.2,-7.5,0.4,-7.9,-3.95,500,1,0
401585095,2024-01-03,Atlanta Hawks,Oklahoma City Thunder,141,138,2024,3,279,4.0,False,False,4.0,False,False,west_to_east,1,0,1,-4.6,15.6,-20.2,-10.1,-0.4,10.3,-10.700000000000001,-5.3500000000000005,501,1,0
401585096,2024-01-03,New York Knicks,Chicago Bulls,116,100,2024,16,216,1.0,False,False,0.0,True,False,same_region,0,0,0,-3.8,-5.0,1.2000000000000002,0.6000000000000001,-1.9,2.0,-3.9,-1.95,502,1,0
401585100,2024-01-03,Dallas Mavericks,Portland Trail Blazers,126,97,2024,29,223,6.0,False,False,1.0,False,False,same_region,0,0,0,-4.8,-6.2,1.4000000000000004,0.7000000000000002,-4.9,-5.0,0.09999999999999964,0.04999999999999982,503,1,0
401585103,2024-01-03,Los Angeles Lakers,Miami Heat,96,110,2024,-14,206,5.0,False,False,1.0,False,False,east_to_west,1,1,0,-0.6,0.4,-1.0,-0.5,-4.2,1.2,-5.4,-2.7,504,1,0
401585104,2024-01-03,Sacramento Kings,Orlando Magic,138,135,2024,3,273,0.0,True,False,0.0,True,True,east_to_west,1,1,0,0.4,-2.8,3.1999999999999997,1.5999999999999999,3.0,-5.4,8.4,4.2,505,1,0
401585099,2024-01-03,Minnesota Timberwolves,New Orleans Pelicans,106,117,2024,-11,223,3.0,False,False,12.0,False,False,same_region,0,0,0,-1.4,10.2,-11.6,-5.8,2.6,12.9,-10.3,-5.15,506,1,0
401585101,2024-01-03,Phoenix Suns,LA Clippers,122,131,2024,-9,253,1.0,False,True,12.0,False,False,same_region,0,0,0,8.4,-3.8,12.2,6.1,0.5,6.4,-5.9,-2.95,507,1,0
401585106,2024-01-04,Golden State Warriors,Denver Nuggets,127,130,2024,-3,257,1.0,False,False,11.0,False,False,same_region,0,0,0,-0.4,8.4,-8.8,-4.4,1.5,10.4,-8.9,-4.45,508,1,0
401585105,2024-01-04,San Antonio Spurs,Milwaukee Bucks,121,125,2024,-4,246,3.0,False,False,0.0,True,False,east_to_west,1,1,0,-9.2,0.4,-9.6,-4.8,-12.5,7.9,-20.4,-10.2,509,1,0
401585113,2024-01-05,Houston Rockets,Minnesota Timberwolves,95,122,2024,-27,217,1.0,False,False,3.0,False,False,same_region,0,0,0,1.6,-6.0,7.6,3.8,1.5,-0.3,1.8,0.9,510,1,0
401585109,2024-01-05,Brooklyn Nets,Oklahoma City Thunder,124,115,2024,9,239,8.0,False,False,1.0,False,False,west_to_east,1,0,1,-16.4,10.4,-26.799999999999997,-13.399999999999999,-10.6,10.5,-21.1,-10.55,511,1,0
401585107,2024-01-05,Boston Celtics,Utah Jazz,126,97,2024,29,223,6.0,False,False,7.0,False,False,west_to_east,1,0,1,9.6,11.2,-1.5999999999999996,-0.7999999999999998,13.8,5.9,7.9,3.95,512,1,0
401585108,2024-01-05,Indiana Pacers,Atlanta Hawks,150,116,2024,34,266,1.0,False,False,4.0,False,False,same_region,0,0,0,11.4,-2.2,13.600000000000001,6.800000000000001,2.6,0.6,2.0,1.0,513,1,0
401585111,2024-01-05,Philadelphia 76ers,New York Knicks,92,128,2024,-36,220,2.0,False,False,5.0,False,False,same_region,0,0,0,3.6,-2.0,5.6,2.8,12.3,-2.0,14.3,7.15,514,1,0
401585112,2024-01-05,Chicago Bulls,Charlotte Hornets,104,91,2024,13,195,5.0,False,False,2.0,False,False,same_region,0,0,0,-5.4,-11.0,5.6,2.8,-0.4,-16.6,16.200000000000003,8.100000000000001,515,1,0
401585110,2024-01-05,Cleveland Cavaliers,Washington Wizards,114,90,2024,24,204,1.0,False,False,1.0,False,False,same_region,0,0,0,9.0,-15.0,24.0,12.0,3.8,-8.7,12.5,6.25,516,1,0
401585119,2024-01-05,Los Angeles Lakers,Memphis Grizzlies,113,127,2024,-14,240,1.0,False,False,6.0,False,False,same_region,0,0,0,-5.2,-15.2,10.0,5.0,-5.9,-7.3,1.3999999999999995,0.6999999999999997,517,1,0
401585117,2024-01-05,Phoenix Suns,Miami Heat,113,97,2024,16,210,1.0,False,False,1.0,False,False,east_to_west,1,1,0,9.4,1.4,8.0,4.0,0.0,1.5,-1.5,-0.75,518,1,0
401585120,2024-01-05,Sacramento Kings,Toronto Raptors,135,130,2024,5,265,1.0,False,True,1.0,False,False,east_to_west,1,1,0,3.4,6.8,-3.4,-1.7,2.8,0.2,2.5999999999999996,1.2999999999999998,519,1,0
401585118,2024-01-05,Golden State Warriors,Detroit Pistons,113,109,2024,4,222,0.0,True,True,1.0,False,False,east_to_west,1,1,0,-5.0,-7.8,2.8,1.4,2.0,-12.8,14.8,7.4,520,1,0
401585114,2024-01-05,New Orleans Pelicans,LA Clippers,95,111,2024,-16,206,2.0,False,False,1.0,False,False,same_region,0,0,0,12.8,1.8,11.0,5.5,12.0,5.3,6.7,3.35,521,1,0
401585116,2024-01-05,Denver Nuggets,Orlando Magic,120,122,2024,-2,242,3.0,False,False,1.0,False,True,east_to_west,1,1,0,7.6,-5.0,12.6,6.3,8.4,-4.0,12.4,6.2,522,1,0
401585115,2024-01-05,Dallas Mavericks,Portland Trail Blazers,139,103,2024,36,242,1.0,False,False,1.0,False,False,same_region,0,0,0,-1.8,-8.0,6.2,3.1,-3.1,-7.1,3.9999999999999996,1.9999999999999998,523,1,0
401585124,2024-01-06,Houston Rockets,Milwaukee Bucks,112,108,2024,4,220,0.0,True,True,1.0,False,True,east_to_west,1,1,0,-2.6,2.6,-5.2,-2.6,-0.3,5.1,-5.3999999999999995,-2.6999999999999997,524,1,0
401585123,2024-01-06,Philadelphia 76ers,Utah Jazz,109,120,2024,-11,229,0.0,True,False,0.0,True,False,west_to_east,1,0,1,-2.4,3.0,-5.4,-2.7,5.5,5.1,0.40000000000000036,0.20000000000000018,525,1,0
401585122,2024-01-06,Washington Wizards,New York Knicks,105,121,2024,-16,226,5.0,False,False,0.0,True,False,same_region,0,0,0,-18.2,7.0,-25.2,-12.6,-12.5,3.8,-16.3,-8.15,526,1,0
401585121,2024-01-06,Indiana Pacers,Boston Celtics,101,118,2024,-17,219,0.0,True,True,3.0,False,False,same_region,0,0,0,17.0,13.2,3.8000000000000007,1.9000000000000004,7.8,15.0,-7.2,-3.6,527,1,0
401585127,2024-01-07,Orlando Magic,Atlanta Hawks,117,110,2024,7,227,8.0,False,False,1.0,False,False,same_region,0,0,0,-0.6,-7.8,7.2,3.6,-2.1,-4.9,2.8000000000000003,1.4000000000000001,528,1,0
401585125,2024-01-07,Cleveland Cavaliers,San Antonio Spurs,117,115,2024,2,232,1.0,False,False,4.0,False,False,west_to_east,1,0,1,11.0,-7.6,18.6,9.3,7.1,-14.3,21.4,10.7,529,1,0
401585128,2024-01-07,Sacramento Kings,New Orleans Pelicans,100,133,2024,-33,233,1.0,False,False,3.0,False,False,same_region,0,0,0,7.8,9.8,-2.000000000000001,-1.0000000000000004,1.2,9.9,-8.700000000000001,-4.3500000000000005,530,1,0
401585131,2024-01-07,Phoenix Suns,Memphis Grizzlies,115,121,2024,-6,236,1.0,False,False,1.0,False,False,same_region,0,0,0,9.4,-5.0,14.4,7.2,3.3,-4.0,7.3,3.65,531,1,0
401585126,2024-01-07,Brooklyn Nets,Portland Trail Blazers,127,134,2024,-7,261,1.0,False,False,1.0,False,False,west_to_east,1,0,1,-10.2,-18.6,8.400000000000002,4.200000000000001,-8.0,-9.6,1.5999999999999996,0.7999999999999998,532,1,0
401585129,2024-01-07,Dallas Mavericks,Minnesota Timberwolves,115,108,2024,7,223,1.0,False,False,1.0,False,False,same_region,0,0,0,6.0,4.0,2.0,1.0,3.1,0.6,2.5,1.25,533,1,0
401585132,2024-01-07,Golden State Warriors,Toronto Raptors,118,133,2024,-15,251,1.0,False,True,1.0,False,False,east_to_west,1,1,0,-3.0,-0.2,-2.8,-1.4,2.0,1.8,0.19999999999999996,0.09999999999999998,534,1,0
401585130,2024-01-07,Denver Nuggets,Detroit Pistons,131,114,2024,17,245,1.0,False,False,1.0,False,False,east_to_west,1,1,0,6.0,-7.4,13.4,6.7,8.3,-10.0,18.3,9.15,535,1,0
401585133,2024-01-07,Los Angeles Lakers,LA Clippers,106,103,2024,3,209,1.0,False,False,1.0,False,False,same_region,0,0,0,-5.8,12.4,-18.2,-9.1,-5.9,6.1,-12.0,-6.0,536,1,0
401585134,2024-01-08,Charlotte Hornets,Chicago Bulls,112,119,2024,-7,231,15.0,False,False,4.0,False,False,same_region,0,0,0,-11.8,-3.8,-8.0,-4.0,-17.4,1.1,-18.5,-9.25,537,1,0
401585135,2024-01-08,Indiana Pacers,Boston Celtics,133,131,2024,2,264,1.0,False,True,1.0,False,False,same_region,0,0,0,10.4,15.4,-5.0,-2.5,8.5,15.0,-6.5,-3.25,538,1,0
401585137,2024-01-08,Miami Heat,Houston Rockets,120,113,2024,7,233,13.0,False,False,15.0,False,False,west_to_east,1,0,1,-3.0,1.4,-4.4,-2.2,0.7,0.6,0.09999999999999998,0.04999999999999999,539,1,0
401585139,2024-01-08,LA Clippers,Phoenix Suns,138,111,2024,27,249,6.0,False,False,11.0,False,False,same_region,0,0,0,10.0,5.4,4.6,2.3,3.6,2.3,1.3000000000000003,0.6500000000000001,540,1,0
401585138,2024-01-08,Milwaukee Bucks,Utah Jazz,116,132,2024,-16,248,6.0,False,False,1.0,False,True,west_to_east,1,0,1,-2.6,6.6,-9.2,-4.6,3.8,4.5,-0.7000000000000002,-0.3500000000000001,541,1,0
401585136,2024-01-08,Washington Wizards,Oklahoma City Thunder,128,136,2024,-8,264,1.0,False,False,2.0,False,False,west_to_east,1,0,1,-15.4,6.8,-22.2,-11.1,-13.7,9.5,-23.2,-11.6,542,1,0
401585144,2024-01-09,Los Angeles Lakers,Toronto Raptors,132,131,2024,1,263,1.0,False,False,1.0,False,False,east_to_west,1,1,0,-9.4,3.2,-12.600000000000001,-6.300000000000001,-5.1,1.8,-6.8999999999999995,-3.4499999999999997,543,1,0
401585143,2024-01-09,Dallas Mavericks,Memphis Grizzlies,103,120,2024,-17,223,1.0,False,False,1.0,False,False,same_region,0,0,0,9.0,-1.6,10.6,5.3,4.7,-3.6,8.3,4.15,544,1,0
401585142,2024-01-09,New York Knicks,Portland Trail Blazers,112,84,2024,28,196,5.0,False,False,1.0,False,False,west_to_east,1,0,1,12.0,-14.6,26.6,13.3,4.9,-8.5,13.4,6.7,545,1,0
401585141,2024-01-09,Orlando Magic,Minnesota Timberwolves,92,113,2024,-21,205,1.0,False,False,1.0,False,False,west_to_east,1,0,1,-1.0,1.0,-2.0,-1.0,-0.5,-0.5,0.0,0.0,546,1,0
401585140,2024-01-09,Detroit Pistons,Sacramento Kings,110,131,2024,-21,241,9.0,False,False,8.0,False,False,west_to_east,1,0,1,-9.6,-0.2,-9.4,-4.7,-8.5,-3.3,-5.2,-2.6,547,1,0
401585145,2024-01-10,Boston Celtics,Minnesota Timberwolves,127,120,2024,7,247,4.0,False,False,0.0,True,True,west_to_east,1,0,1,14.6,4.8,9.8,4.9,15.4,3.0,12.4,6.2,548,1,0
401585146,2024-01-10,Charlotte Hornets,Sacramento Kings,98,123,2024,-25,221,1.0,False,False,0.0,True,False,west_to_east,1,0,1,-9.0,-2.2,-6.8,-3.4,-12.8,1.3,-14.100000000000001,-7.050000000000001,549,1,0
401585147,2024-01-10,Detroit Pistons,San Antonio Spurs,108,130,2024,-22,238,0.0,True,False,2.0,False,False,west_to_east,1,0,1,-14.2,-10.6,-3.5999999999999996,-1.7999999999999998,-10.0,-10.9,0.9000000000000004,0.4500000000000002,550,1,0
401585149,2024-01-10,Atlanta Hawks,Philadelphia 76ers,139,132,2024,7,271,6.0,False,False,10.0,False,False,same_region,0,0,0,-8.2,-8.6,0.40000000000000036,0.20000000000000018,-4.8,-0.9,-3.9,-1.95,551,1,0
401585148,2024-01-10,Indiana Pacers,Washington Wizards,112,104,2024,8,216,1.0,False,False,4.0,False,False,same_region,0,0,0,8.0,-18.2,26.2,13.1,5.6,-13.3,18.9,9.45,552,1,0
401585151,2024-01-10,Chicago Bulls,Houston Rockets,124,119,2024,5,243,4.0,False,False,1.0,False,False,west_to_east,1,0,1,0.8,0.8,0.0,0.0,1.4,0.6,0.7999999999999999,0.39999999999999997,553,1,0
401585152,2024-01-10,Utah Jazz,Denver Nuggets,124,111,2024,13,235,6.0,False,False,5.0,False,False,same_region,0,0,0,8.2,2.0,6.199999999999999,3.0999999999999996,6.9,7.4,-0.5,-0.25,554,1,0
401585150,2024-01-10,Miami Heat,Oklahoma City Thunder,120,128,2024,-8,248,1.0,False,False,1.0,False,False,west_to_east,1,0,1,-4.0,3.2,-7.2,-3.6,1.2,8.4,-7.2,-3.6,555,1,0
401585154,2024-01-10,LA Clippers,Toronto Raptors,126,120,2024,6,246,1.0,False,False,0.0,True,True,east_to_west,1,1,0,13.2,3.4,9.799999999999999,4.8999999999999995,3.9,2.6,1.2999999999999998,0.6499999999999999,556,1,0
401585153,2024-01-10,Golden State Warriors,New Orleans Pelicans,105,141,2024,-36,246,2.0,False,False,2.0,False,False,same_region,0,0,0,-3.6,15.0,-18.6,-9.3,0.1,9.6,-9.5,-4.75,557,1,0
401585155,2024-01-11,Cleveland Cavaliers,Brooklyn Nets,111,102,2024,9,213,3.0,False,False,7.0,False,False,same_region,0,0,0,10.8,-10.4,21.200000000000003,10.600000000000001,6.5,-6.8,13.3,6.65,558,1,0
401585156,2024-01-11,Milwaukee Bucks,Boston Celtics,135,102,2024,33,237,2.0,False,False,2.0,False,False,same_region,0,0,0,-7.4,9.4,-16.8,-8.4,0.9,13.6,-12.7,-6.35,559,1,0
401585159,2024-01-11,Los Angeles Lakers,Phoenix Suns,109,127,2024,-18,236,1.0,False,False,2.0,False,False,same_region,0,0,0,-8.8,-1.0,-7.800000000000001,-3.9000000000000004,-3.4,0.1,-3.5,-1.75,560,1,0
401585158,2024-01-11,Dallas Mavericks,New York Knicks,128,124,2024,4,252,1.0,False,False,4.0,False,False,east_to_west,1,1,0,3.6,20.4,-16.799999999999997,-8.399999999999999,5.6,5.8,-0.20000000000000018,-0.10000000000000009,561,1,0
401585157,2024-01-11,Oklahoma City Thunder,Portland Trail Blazers,139,77,2024,62,216,8.0,False,False,1.0,False,False,same_region,0,0,0,1.6,-21.4,23.0,11.5,7.3,-11.8,19.1,9.55,562,1,0
401585165,2024-01-12,Memphis Grizzlies,LA Clippers,119,128,2024,-9,247,8.0,False,False,4.0,False,False,same_region,0,0,0,8.0,11.0,-3.0,-1.5,-3.2,3.6,-6.800000000000001,-3.4000000000000004,563,1,0
401585160,2024-01-12,Philadelphia 76ers,Sacramento Kings,112,93,2024,19,205,5.0,False,False,1.0,False,True,west_to_east,1,0,1,-10.8,4.2,-15.0,-7.5,-1.2,2.3,-3.5,-1.75,564,1,0
401585169,2024-01-12,San Antonio Spurs,Charlotte Hornets,135,99,2024,36,234,7.0,False,False,6.0,False,False,east_to_west,1,1,0,-5.0,-11.2,6.199999999999999,3.0999999999999996,-7.4,-13.8,6.4,3.2,565,1,0
401585166,2024-01-12,Minnesota Timberwolves,Portland Trail Blazers,116,93,2024,23,209,8.0,False,False,0.0,True,True,same_region,0,0,0,4.6,-29.6,34.2,17.1,1.6,-17.9,19.5,9.75,566,1,0
401585168,2024-01-12,Utah Jazz,Toronto Raptors,145,113,2024,32,258,1.0,False,False,1.0,False,True,east_to_west,1,1,0,3.4,1.6,1.7999999999999998,0.8999999999999999,7.4,3.0,4.4,2.2,567,1,0
401585161,2024-01-12,Atlanta Hawks,Indiana Pacers,108,126,2024,-18,234,1.0,False,False,10.0,False,False,same_region,0,0,0,-5.4,7.8,-13.2,-6.6,-4.7,7.7,-12.4,-6.2,568,1,0
401585163,2024-01-12,Miami Heat,Orlando Magic,99,96,2024,3,195,1.0,False,False,6.0,False,False,same_region,0,0,0,-4.0,-4.2,0.20000000000000018,0.10000000000000009,0.8,-2.2,3.0,1.5,569,1,0
401585162,2024-01-12,Detroit Pistons,Houston Rockets,110,112,2024,-2,222,1.0,False,True,1.0,False,False,west_to_east,1,0,1,-14.0,-4.8,-9.2,-4.6,-11.4,-2.5,-8.9,-4.45,570,1,0
401585167,2024-01-12,Denver Nuggets,New Orleans Pelicans,125,113,2024,12,238,4.0,False,False,1.0,False,False,same_region,0,0,0,4.6,18.2,-13.6,-6.8,5.2,13.4,-8.2,-4.1,571,1,0
401585164,2024-01-12,Chicago Bulls,Golden State Warriors,131,140,2024,-9,271,1.0,False,False,17.0,False,False,west_to_east,1,0,1,-0.8,-8.8,8.0,4.0,0.3,-4.1,4.3999999999999995,2.1999999999999997,572,1,0
401585171,2024-01-13,Atlanta Hawks,Washington Wizards,99,127,2024,-28,226,0.0,True,True,2.0,False,False,same_region,0,0,0,-9.8,-19.0,9.2,4.6,-7.2,-14.2,6.999999999999999,3.4999999999999996,573,1,0
401585173,2024-01-13,Milwaukee Bucks,Golden State Warriors,129,118,2024,11,247,1.0,False,False,0.0,True,False,west_to_east,1,0,1,1.0,-8.2,9.2,4.6,3.8,-4.3,8.1,4.05,574,1,0
401585170,2024-01-13,Boston Celtics,Houston Rockets,145,113,2024,32,258,2.0,False,False,0.0,True,True,west_to_east,1,0,1,3.6,-6.6,10.2,5.1,6.6,-2.5,9.1,4.55,575,1,0
401585172,2024-01-13,Memphis Grizzlies,New York Knicks,94,106,2024,-12,200,0.0,True,False,1.0,False,False,east_to_west,1,1,0,4.6,18.4,-13.799999999999999,-6.8999999999999995,-4.7,7.3,-12.0,-6.0,576,1,0
401585175,2024-01-13,Dallas Mavericks,New Orleans Pelicans,108,118,2024,-10,226,1.0,False,False,0.0,True,True,same_region,0,0,0,11.8,10.4,1.4000000000000004,0.7000000000000002,3.5,10.3,-6.800000000000001,-3.4000000000000004,577,1,0
401585176,2024-01-13,San Antonio Spurs,Chicago Bulls,116,122,2024,-6,238,0.0,True,False,4.0,False,False,east_to_west,1,1,0,8.8,0.0,8.8,4.4,-1.9,-2.5,0.6000000000000001,0.30000000000000004,578,1,0
401585174,2024-01-13,Oklahoma City Thunder,Orlando Magic,112,100,2024,12,212,1.0,False,False,0.0,True,False,east_to_west,1,1,0,13.2,-3.6,16.8,8.4,14.4,-3.2,17.6,8.8,579,1,0
401585177,2024-01-13,Utah Jazz,Los Angeles Lakers,132,125,2024,7,257,0.0,True,True,12.0,False,False,same_region,0,0,0,8.6,-8.4,17.0,8.5,9.9,-4.5,14.4,7.2,580,1,0
401585178,2024-01-14,Denver Nuggets,Indiana Pacers,117,109,2024,8,226,1.0,False,False,1.0,False,False,east_to_west,1,1,0,3.4,9.0,-5.6,-2.8,5.9,10.2,-4.299999999999999,-2.1499999999999995,581,1,0
401585179,2024-01-14,Miami Heat,Charlotte Hornets,104,87,2024,17,191,1.0,False,False,1.0,False,False,same_region,0,0,0,0.0,-14.8,14.8,7.4,0.2,-14.3,14.5,7.25,582,1,0
401585181,2024-01-14,Minnesota Timberwolves,LA Clippers,109,105,2024,4,214,1.0,False,False,1.0,False,False,same_region,0,0,0,11.4,11.0,0.40000000000000036,0.20000000000000018,2.7,6.4,-3.7,-1.85,583,1,0
401585182,2024-01-14,Portland Trail Blazers,Phoenix Suns,116,127,2024,-11,243,15.0,False,False,2.0,False,False,same_region,0,0,0,-28.4,-1.6,-26.799999999999997,-13.399999999999999,-18.2,3.4,-21.599999999999998,-10.799999999999999,584,1,0
401585180,2024-01-14,Milwaukee Bucks,Sacramento Kings,143,142,2024,1,285,0.0,True,True,1.0,False,False,west_to_east,1,0,1,5.6,-0.2,5.8,2.9,3.0,1.6,1.4,0.7,585,1,0
401585192,2024-01-15,Utah Jazz,Indiana Pacers,132,105,2024,27,237,1.0,False,True,0.0,True,True,east_to_west,1,1,0,15.8,0.6,15.200000000000001,7.6000000000000005,9.4,8.8,0.5999999999999996,0.2999999999999998,586,1,0
401585183,2024-01-15,Philadelphia 76ers,Houston Rockets,124,115,2024,9,239,2.0,False,False,1.0,False,True,west_to_east,1,0,1,-4.4,-7.6,3.1999999999999993,1.5999999999999996,-0.7,-5.1,4.3999999999999995,2.1999999999999997,587,1,0
401585188,2024-01-15,Memphis Grizzlies,Golden State Warriors,116,107,2024,9,223,1.0,False,True,1.0,False,True,same_region,0,0,0,3.2,-9.8,13.0,6.5,-6.0,-7.4,1.4000000000000004,0.7000000000000002,588,1,0
401585187,2024-01-15,Atlanta Hawks,San Antonio Spurs,109,99,2024,10,208,1.0,False,True,4.0,False,False,west_to_east,1,0,1,-16.0,9.2,-25.2,-12.6,-9.1,0.0,-9.1,-4.55,589,1,0
401585185,2024-01-15,New York Knicks,Orlando Magic,94,98,2024,-4,192,5.0,False,False,1.0,False,True,same_region,0,0,0,17.6,-5.4,23.0,11.5,7.8,-5.2,13.0,6.5,590,1,0
401585193,2024-01-15,Los Angeles Lakers,Oklahoma City Thunder,112,105,2024,7,217,3.0,False,False,4.0,False,False,same_region,0,0,0,-7.0,16.2,-23.2,-11.6,-6.1,13.3,-19.4,-9.7,591,1,0
401585190,2024-01-15,Brooklyn Nets,Miami Heat,95,96,2024,-1,191,7.0,False,False,9.0,False,False,same_region,0,0,0,-9.0,0.6,-9.6,-4.8,-7.2,1.0,-8.2,-4.1,592,1,0
401585191,2024-01-15,Toronto Raptors,Boston Celtics,96,105,2024,-9,201,13.0,False,False,3.0,False,False,same_region,0,0,0,-5.8,4.2,-10.0,-5.0,0.5,8.7,-8.2,-4.1,593,1,0
401585189,2024-01-15,Cleveland Cavaliers,Chicago Bulls,109,91,2024,18,200,3.0,False,False,1.0,False,False,same_region,0,0,0,14.2,4.4,9.799999999999999,4.8999999999999995,6.9,-0.5,7.4,3.7,594,1,0
401585186,2024-01-15,Washington Wizards,Detroit Pistons,117,129,2024,-12,246,6.0,False,False,7.0,False,False,same_region,0,0,0,-5.6,-13.2,7.6,3.8,-10.3,-10.5,0.1999999999999993,0.09999999999999964,595,1,0
401585184,2024-01-15,Dallas Mavericks,New Orleans Pelicans,125,120,2024,5,245,1.0,False,False,1.0,False,True,same_region,0,0,0,4.0,10.2,-6.199999999999999,-3.0999999999999996,1.1,11.5,-10.4,-5.2,596,1,0
401585195,2024-01-16,Phoenix Suns,Sacramento Kings,119,117,2024,2,236,8.0,False,False,1.0,False,False,same_region,0,0,0,2.4,-1.4,3.8,1.9,5.9,3.2,2.7,1.35,597,1,0
401585194,2024-01-16,Philadelphia 76ers,Denver Nuggets,126,121,2024,5,247,0.0,True,False,5.0,False,False,west_to_east,1,0,1,-5.2,4.4,-9.600000000000001,-4.800000000000001,-0.8,6.0,-6.8,-3.4,598,1,0
401585196,2024-01-16,LA Clippers,Oklahoma City Thunder,128,117,2024,11,245,5.0,False,False,0.0,True,False,same_region,0,0,0,7.0,16.6,-9.600000000000001,-4.800000000000001,9.7,11.7,-2.0,-1.0,599,1,0
401585203,2024-01-17,New Orleans Pelicans,Charlotte Hornets,132,112,2024,20,244,11.0,False,False,2.0,False,False,east_to_west,1,1,0,12.4,-19.6,32.0,16.0,11.1,-15.3,26.4,13.2,600,1,0
401585205,2024-01-17,Los Angeles Lakers,Dallas Mavericks,127,110,2024,17,237,1.0,False,False,15.0,False,False,same_region,0,0,0,-2.8,-2.2,-0.5999999999999996,-0.2999999999999998,-4.3,1.9,-6.199999999999999,-3.0999999999999996,601,1,0
401585199,2024-01-17,Boston Celtics,San Antonio Spurs,117,98,2024,19,215,3.0,False,False,1.0,False,False,west_to_east,1,0,1,2.6,8.0,-5.4,-2.7,9.0,0.2,8.8,4.4,602,1,0
401585197,2024-01-17,Detroit Pistons,Minnesota Timberwolves,117,124,2024,-7,241,4.0,False,False,6.0,False,False,west_to_east,1,0,1,-10.0,6.8,-16.8,-8.4,-8.7,5.4,-14.1,-7.05,603,1,0
401585198,2024-01-17,Atlanta Hawks,Orlando Magic,106,104,2024,2,210,1.0,False,False,1.0,False,False,same_region,0,0,0,-7.2,-5.0,-2.2,-1.1,-7.5,-2.8,-4.7,-2.35,604,1,0
401585200,2024-01-17,Cleveland Cavaliers,Milwaukee Bucks,135,95,2024,40,230,1.0,False,False,10.0,False,False,same_region,0,0,0,18.4,5.0,13.399999999999999,6.699999999999999,7.9,3.8,4.1000000000000005,2.0500000000000003,605,1,0
401585206,2024-01-17,Portland Trail Blazers,Brooklyn Nets,105,103,2024,2,208,2.0,False,False,5.0,False,False,east_to_west,1,1,0,-23.4,-3.8,-19.599999999999998,-9.799999999999999,-21.0,-8.4,-12.6,-6.3,606,1,0
401585202,2024-01-17,Toronto Raptors,Miami Heat,121,97,2024,24,218,1.0,False,False,1.0,False,False,same_region,0,0,0,-6.6,4.0,-10.6,-5.3,-3.4,0.5,-3.9,-1.95,607,1,0
401585201,2024-01-17,New York Knicks,Houston Rockets,109,94,2024,15,203,1.0,False,False,1.0,False,False,west_to_east,1,0,1,9.6,-10.2,19.799999999999997,9.899999999999999,8.3,-4.4,12.700000000000001,6.3500000000000005,608,1,0
401585211,2024-01-18,Sacramento Kings,Indiana Pacers,121,126,2024,-5,247,10.0,False,False,2.0,False,False,east_to_west,1,1,0,4.8,-1.4,6.199999999999999,3.0999999999999996,2.3,4.5,-2.2,-1.1,609,1,0
401585210,2024-01-18,Minnesota Timberwolves,Memphis Grizzlies,118,103,2024,15,221,3.0,False,False,8.0,False,False,same_region,0,0,0,9.6,2.2,7.3999999999999995,3.6999999999999997,5.3,-1.4,6.699999999999999,3.3499999999999996,610,1,0
401585209,2024-01-18,Utah Jazz,Oklahoma City Thunder,129,134,2024,-5,263,2.0,False,False,1.0,False,True,same_region,0,0,0,19.0,12.8,6.199999999999999,3.0999999999999996,12.8,8.0,4.800000000000001,2.4000000000000004,611,1,0
401585208,2024-01-18,Toronto Raptors,Chicago Bulls,110,116,2024,-6,226,0.0,True,True,2.0,False,False,same_region,0,0,0,-4.8,-1.8,-3.0,-1.5,-0.8,-2.8,1.9999999999999998,0.9999999999999999,612,1,0
401585207,2024-01-18,New York Knicks,Washington Wizards,113,109,2024,4,222,0.0,True,True,4.0,False,False,same_region,0,0,0,9.4,-3.2,12.600000000000001,6.300000000000001,10.7,-10.7,21.4,10.7,613,1,0
401585212,2024-01-19,Charlotte Hornets,San Antonio Spurs,124,120,2024,4,244,8.0,False,False,1.0,False,False,west_to_east,1,0,1,-21.0,4.6,-25.6,-12.8,-16.4,-3.0,-13.399999999999999,-6.699999999999999,614,1,0
401585213,2024-01-19,Orlando Magic,Philadelphia 76ers,109,124,2024,-15,233,9.0,False,False,8.0,False,False,same_region,0,0,0,-6.8,3.0,-9.8,-4.9,-3.9,0.3,-4.2,-2.1,615,1,0
401585215,2024-01-19,Miami Heat,Atlanta Hawks,108,109,2024,-1,217,4.0,False,False,11.0,False,False,same_region,0,0,0,-2.2,-5.4,3.2,1.6,-3.1,-6.8,3.6999999999999997,1.8499999999999999,616,1,0
401585214,2024-01-19,Boston Celtics,Denver Nuggets,100,102,2024,-2,202,1.0,False,False,2.0,False,False,west_to_east,1,0,1,6.8,3.8,3.0,1.5,10.7,4.9,5.799999999999999,2.8999999999999995,617,1,0
401585218,2024-01-19,Portland Trail Blazers,Indiana Pacers,118,115,2024,3,233,1.0,False,False,0.0,True,False,east_to_west,1,1,0,-24.4,-0.8,-23.599999999999998,-11.799999999999999,-19.5,3.6,-23.1,-11.55,618,1,0
401585216,2024-01-19,New Orleans Pelicans,Phoenix Suns,109,123,2024,-14,232,1.0,False,False,4.0,False,False,same_region,0,0,0,9.8,-0.4,10.200000000000001,5.1000000000000005,12.4,4.5,7.9,3.95,619,1,0
401585219,2024-01-19,Los Angeles Lakers,Brooklyn Nets,112,130,2024,-18,242,1.0,False,False,1.0,False,False,east_to_west,1,1,0,0.0,-2.0,2.0,1.0,-4.7,-9.2,4.499999999999999,2.2499999999999996,620,1,0
401585227,2024-01-20,Minnesota Timberwolves,Oklahoma City Thunder,97,102,2024,-5,199,1.0,False,False,1.0,False,False,same_region,0,0,0,8.4,12.2,-3.799999999999999,-1.8999999999999995,6.6,6.9,-0.3000000000000007,-0.15000000000000036,621,1,0
401585223,2024-01-20,Atlanta Hawks,Cleveland Cavaliers,95,116,2024,-21,211,2.0,False,False,18.0,False,False,same_region,0,0,0,-6.6,18.6,-25.200000000000003,-12.600000000000001,-6.0,13.8,-19.8,-9.9,622,1,0
401585220,2024-01-20,Detroit Pistons,Milwaukee Bucks,135,141,2024,-6,276,2.0,False,False,2.0,False,False,same_region,0,0,0,-8.0,-2.2,-5.8,-2.9,-8.8,-2.4,-6.4,-3.2,623,1,0
401585221,2024-01-20,Charlotte Hornets,Philadelphia 76ers,89,97,2024,-8,186,0.0,True,False,0.0,True,False,same_region,0,0,0,-18.8,8.2,-27.0,-13.5,-13.9,-0.2,-13.700000000000001,-6.8500000000000005,624,1,0
401585222,2024-01-20,Washington Wizards,San Antonio Spurs,127,131,2024,-4,258,4.0,False,False,0.0,True,True,west_to_east,1,0,1,-0.8,-0.6,-0.20000000000000007,-0.10000000000000003,-8.1,-2.8,-5.3,-2.65,625,1,0
401585225,2024-01-20,Chicago Bulls,Memphis Grizzlies,125,96,2024,29,221,7.0,False,False,1.0,False,False,west_to_east,1,0,1,-2.0,-2.0,0.0,0.0,-0.6,-1.8,1.2000000000000002,0.6000000000000001,626,1,0
401585224,2024-01-20,New York Knicks,Toronto Raptors,126,100,2024,26,226,1.0,False,True,7.0,False,False,same_region,0,0,0,4.6,-5.8,10.399999999999999,5.199999999999999,12.5,-1.2,13.7,6.85,627,1,0
401585226,2024-01-20,Houston Rockets,Utah Jazz,127,126,2024,1,253,13.0,False,False,11.0,False,False,same_region,0,0,0,-11.8,14.8,-26.6,-13.3,-5.5,11.5,-17.0,-8.5,628,1,0
401585231,2024-01-21,Houston Rockets,Boston Celtics,107,116,2024,-9,223,0.0,True,False,5.0,False,False,east_to_west,1,1,0,-10.6,5.0,-15.6,-7.8,-7.7,7.2,-14.9,-7.45,629,1,0
401585232,2024-01-21,Phoenix Suns,Indiana Pacers,117,110,2024,7,227,4.0,False,False,1.0,False,True,east_to_west,1,1,0,3.6,-3.0,6.6,3.3,4.5,2.4,2.1,1.05,630,1,0
401585233,2024-01-21,Los Angeles Lakers,Portland Trail Blazers,134,110,2024,24,244,1.0,False,False,8.0,False,False,same_region,0,0,0,-3.8,-18.2,14.399999999999999,7.199999999999999,-6.3,-19.8,13.5,6.75,631,1,0
401585228,2024-01-21,LA Clippers,Brooklyn Nets,125,114,2024,11,239,4.0,False,False,1.0,False,False,east_to_west,1,1,0,9.8,-0.2,10.0,5.0,9.9,-5.2,15.100000000000001,7.550000000000001,632,1,0
401585229,2024-01-21,Orlando Magic,Miami Heat,105,87,2024,18,192,1.0,False,False,3.0,False,False,same_region,0,0,0,-5.6,-0.8,-4.8,-2.4,-4.9,-2.4,-2.5000000000000004,-1.2500000000000002,633,1,0
401585230,2024-01-21,Washington Wizards,Denver Nuggets,104,113,2024,-9,217,0.0,True,False,1.0,False,False,west_to_east,1,0,1,0.0,0.8,-0.8,-0.4,-9.1,1.4,-10.5,-5.25,634,1,0
401585237,2024-01-22,Toronto Raptors,Memphis Grizzlies,100,108,2024,-8,208,3.0,False,False,1.0,False,False,west_to_east,1,0,1,-9.8,-11.2,1.3999999999999986,0.6999999999999993,-4.1,-1.6,-2.4999999999999996,-1.2499999999999998,635,1,0
401585234,2024-01-22,Detroit Pistons,Milwaukee Bucks,113,122,2024,-9,235,1.0,False,False,1.0,False,False,same_region,0,0,0,-5.0,2.2,-7.2,-3.6,-9.6,-2.6,-7.0,-3.5,636,1,0
401585235,2024-01-22,Orlando Magic,Cleveland Cavaliers,99,126,2024,-27,225,0.0,True,True,1.0,False,False,same_region,0,0,0,-1.4,18.0,-19.4,-9.7,-2.5,14.5,-17.0,-8.5,637,1,0
401585236,2024-01-22,Philadelphia 76ers,San Antonio Spurs,133,123,2024,10,256,5.0,False,False,1.0,False,True,west_to_east,1,0,1,11.2,-7.0,18.2,9.1,0.2,0.9,-0.7,-0.35,638,1,0
401585241,2024-01-22,Sacramento Kings,Atlanta Hawks,122,107,2024,15,229,3.0,False,False,2.0,False,False,east_to_west,1,1,0,-0.4,-7.2,6.8,3.4,-1.3,-8.5,7.2,3.6,639,1,0
401585240,2024-01-22,Phoenix Suns,Chicago Bulls,115,113,2024,2,228,0.0,True,False,3.0,False,False,east_to_west,1,1,0,10.4,2.8,7.6000000000000005,3.8000000000000003,4.7,1.0,3.7,1.85,640,1,0
401585238,2024-01-22,Minnesota Timberwolves,Charlotte Hornets,125,128,2024,-3,253,1.0,False,False,4.0,False,False,east_to_west,1,1,0,8.8,-15.4,24.200000000000003,12.100000000000001,6.7,-13.3,20.0,10.0,641,1,0
401585239,2024-01-22,Dallas Mavericks,Boston Celtics,110,119,2024,-9,229,6.0,False,False,0.0,True,False,east_to_west,1,1,0,-7.0,13.4,-20.4,-10.2,1.0,8.5,-7.5,-3.75,642,1,0
401585242,2024-01-23,Indiana Pacers,Denver Nuggets,109,114,2024,-5,223,12.0,False,False,1.0,False,False,west_to_east,1,0,1,-8.0,5.2,-13.2,-6.6,0.5,4.9,-4.4,-2.2,643,1,0
401585243,2024-01-23,Brooklyn Nets,New York Knicks,103,108,2024,-5,211,7.0,False,False,9.0,False,False,same_region,0,0,0,-1.0,10.6,-11.6,-5.8,-5.7,14.5,-20.2,-10.1,644,1,0
401585246,2024-01-23,LA Clippers,Los Angeles Lakers,127,116,2024,11,243,1.0,False,False,9.0,False,False,same_region,0,0,0,6.6,4.6,2.0,1.0,9.9,-1.9,11.8,5.9,645,1,0
401585245,2024-01-23,Oklahoma City Thunder,Portland Trail Blazers,111,109,2024,2,220,9.0,False,False,1.0,False,False,same_region,0,0,0,0.8,-10.6,11.4,5.7,7.0,-20.1,27.1,13.55,646,1,0
401585244,2024-01-23,New Orleans Pelicans,Utah Jazz,153,124,2024,29,277,3.0,False,False,2.0,False,False,same_region,0,0,0,-0.2,12.0,-12.2,-6.1,9.0,7.7,1.2999999999999998,0.6499999999999999,647,1,0
401585251,2024-01-24,Houston Rockets,Portland Trail Blazers,131,137,2024,-6,268,2.0,False,False,0.0,True,True,same_region,0,0,0,-12.8,-6.4,-6.4,-3.2,-9.7,-17.4,7.699999999999999,3.8499999999999996,648,1,0
401585254,2024-01-24,Golden State Warriors,Atlanta Hawks,134,112,2024,22,246,13.0,False,False,1.0,False,False,east_to_west,1,1,0,-12.4,-4.6,-7.800000000000001,-3.9000000000000004,-7.7,-10.3,2.6000000000000005,1.3000000000000003,649,1,0
401585252,2024-01-24,Milwaukee Bucks,Cleveland Cavaliers,126,116,2024,10,242,9.0,False,False,1.0,False,False,same_region,0,0,0,-2.6,23.0,-25.6,-12.8,-0.8,16.9,-17.7,-8.85,650,1,0
401585250,2024-01-24,San Antonio Spurs,Oklahoma City Thunder,114,140,2024,-26,254,10.0,False,False,3.0,False,False,same_region,0,0,0,-7.8,-1.2,-6.6,-3.3,0.7,7.5,-6.8,-3.4,651,1,0
401585247,2024-01-24,Detroit Pistons,Charlotte Hornets,113,106,2024,7,219,1.0,False,False,1.0,False,False,same_region,0,0,0,-2.4,-7.6,5.199999999999999,2.5999999999999996,-8.2,-11.2,3.0,1.5,652,1,0
401585248,2024-01-24,Washington Wizards,Minnesota Timberwolves,107,118,2024,-11,225,2.0,False,False,6.0,False,False,west_to_east,1,0,1,-0.2,3.6,-3.8000000000000003,-1.9000000000000001,-9.6,7.5,-17.1,-8.55,653,1,0
401585253,2024-01-24,Dallas Mavericks,Phoenix Suns,109,132,2024,-23,241,1.0,False,False,4.0,False,False,same_region,0,0,0,-5.4,7.2,-12.600000000000001,-6.300000000000001,-0.9,2.8,-3.6999999999999997,-1.8499999999999999,654,1,0
401585249,2024-01-24,Miami Heat,Memphis Grizzlies,96,105,2024,-9,201,4.0,False,False,1.0,False,False,west_to_east,1,0,1,-5.0,-7.8,2.8,1.4,-2.5,-1.6,-0.8999999999999999,-0.44999999999999996,655,1,0
401585261,2024-01-25,Los Angeles Lakers,Chicago Bulls,141,132,2024,9,273,3.0,False,False,2.0,False,False,east_to_west,1,1,0,3.8,4.2,-0.40000000000000036,-0.20000000000000018,-1.6,2.1,-3.7,-1.85,656,1,0
401585257,2024-01-25,Brooklyn Nets,Minnesota Timberwolves,94,96,2024,-2,190,1.0,False,False,0.0,True,False,west_to_east,1,0,1,-0.2,5.0,-5.2,-2.6,-4.6,5.9,-10.5,-5.25,657,1,0
401585258,2024-01-25,Miami Heat,Boston Celtics,110,143,2024,-33,253,0.0,True,False,2.0,False,False,same_region,0,0,0,-10.2,8.8,-19.0,-9.5,-4.8,6.5,-11.3,-5.65,658,1,0
401585260,2024-01-25,Golden State Warriors,Sacramento Kings,133,134,2024,-1,267,0.0,True,False,8.0,False,False,same_region,0,0,0,-5.0,-2.4,-2.6,-1.3,-4.3,0.9,-5.2,-2.6,659,1,0
401585259,2024-01-25,New York Knicks,Denver Nuggets,122,84,2024,38,206,4.0,False,False,1.0,False,False,west_to_east,1,0,1,9.2,3.8,5.3999999999999995,2.6999999999999997,13.4,3.6,9.8,4.9,660,1,0
401585255,2024-01-25,Indiana Pacers,Philadelphia 76ers,134,122,2024,12,256,1.0,False,False,4.0,False,False,same_region,0,0,0,-7.4,9.4,-16.8,-8.4,-3.4,2.5,-5.9,-2.95,661,1,0
401585256,2024-01-25,Washington Wizards,Utah Jazz,108,123,2024,-15,231,0.0,True,False,1.0,False,False,west_to_east,1,0,1,-8.0,-0.2,-7.8,-3.9,-6.8,4.2,-11.0,-5.5,662,1,0
401585269,2024-01-26,San Antonio Spurs,Portland Trail Blazers,116,100,2024,16,216,1.0,False,False,1.0,False,True,same_region,0,0,0,-11.0,-3.0,-8.0,-4.0,-1.5,-13.2,11.7,5.85,663,1,0
401585268,2024-01-26,New Orleans Pelicans,Oklahoma City Thunder,83,107,2024,-24,190,2.0,False,False,1.0,False,False,same_region,0,0,0,8.0,5.4,2.5999999999999996,1.2999999999999998,9.2,11.0,-1.8000000000000007,-0.9000000000000004,664,1,0
401585267,2024-01-26,Milwaukee Bucks,Cleveland Cavaliers,100,112,2024,-12,212,1.0,False,False,1.0,False,False,same_region,0,0,0,-2.8,19.2,-22.0,-11.0,1.4,16.7,-15.299999999999999,-7.6499999999999995,665,1,0
401585266,2024-01-26,Memphis Grizzlies,Orlando Magic,107,106,2024,1,213,10.0,False,False,8.0,False,False,east_to_west,1,1,0,-3.6,-4.4,0.8000000000000003,0.40000000000000013,-0.2,-4.9,4.7,2.35,666,1,0
401585265,2024-01-26,Toronto Raptors,LA Clippers,107,127,2024,-20,234,3.0,False,False,11.0,False,False,west_to_east,1,0,1,-5.0,7.6,-12.6,-6.3,-5.4,9.3,-14.700000000000001,-7.3500000000000005,667,1,0
401585264,2024-01-26,Indiana Pacers,Phoenix Suns,133,131,2024,2,264,0.0,True,True,1.0,False,False,west_to_east,1,0,1,0.4,9.6,-9.2,-4.6,-0.5,6.0,-6.5,-3.25,668,1,0
401585263,2024-01-26,Charlotte Hornets,Houston Rockets,104,138,2024,-34,242,5.0,False,False,8.0,False,False,west_to_east,1,0,1,-5.6,-7.6,2.0,1.0,-12.6,-7.6,-5.0,-2.5,669,1,0
401585262,2024-01-26,Atlanta Hawks,Dallas Mavericks,143,148,2024,-5,291,5.0,False,False,8.0,False,False,west_to_east,1,0,1,-11.0,-10.8,-0.1999999999999993,-0.09999999999999964,-9.1,0.5,-9.6,-4.8,670,1,0
401585278,2024-01-27,Golden State Warriors,Los Angeles Lakers,144,145,2024,-1,289,1.0,False,True,3.0,False,False,same_region,0,0,0,2.0,4.2,-2.2,-1.1,-3.4,0.7,-4.1,-2.05,671,1,0
401585271,2024-01-27,New York Knicks,Miami Heat,125,109,2024,16,234,1.0,False,False,5.0,False,False,same_region,0,0,0,17.6,-17.0,34.6,17.3,13.6,-6.5,20.1,10.05,672,1,0
401585272,2024-01-27,Denver Nuggets,Philadelphia 76ers,111,105,2024,6,216,12.0,False,False,1.0,False,False,east_to_west,1,1,0,-5.4,5.2,-10.600000000000001,-5.300000000000001,-0.5,0.0,-0.5,-0.25,673,1,0
401585273,2024-01-27,Brooklyn Nets,Houston Rockets,106,104,2024,2,210,1.0,False,False,0.0,True,False,west_to_east,1,0,1,-0.4,1.0,-1.4,-0.7,-2.1,-4.6,2.4999999999999996,1.2499999999999998,674,1,0
401585270,2024-01-27,Detroit Pistons,Washington Wizards,104,118,2024,-14,222,2.0,False,False,8.0,False,False,same_region,0,0,0,-0.6,-8.6,8.0,4.0,-6.9,-5.9,-1.0,-0.5,675,1,0
401585275,2024-01-27,Charlotte Hornets,Utah Jazz,122,134,2024,-12,256,0.0,True,False,1.0,False,False,west_to_east,1,0,1,-8.4,1.4,-9.8,-4.9,-14.7,8.6,-23.299999999999997,-11.649999999999999,676,1,0
401585276,2024-01-27,Milwaukee Bucks,New Orleans Pelicans,141,117,2024,24,258,0.0,True,True,11.0,False,False,west_to_east,1,0,1,-5.4,1.2,-6.6000000000000005,-3.3000000000000003,-0.2,5.7,-5.9,-2.95,677,1,0
401585277,2024-01-27,San Antonio Spurs,Minnesota Timberwolves,113,112,2024,1,225,0.0,True,True,1.0,False,True,same_region,0,0,0,-4.0,4.0,-8.0,-4.0,0.3,6.8,-6.5,-3.25,678,1,0
401585274,2024-01-27,Boston Celtics,LA Clippers,96,115,2024,-19,211,7.0,False,False,0.0,True,False,west_to_east,1,0,1,13.6,9.8,3.799999999999999,1.8999999999999995,8.1,10.4,-2.3000000000000007,-1.1500000000000004,679,1,0
401585279,2024-01-27,Dallas Mavericks,Sacramento Kings,115,120,2024,-5,235,2.0,False,False,1.0,False,False,same_region,0,0,0,-7.8,1.6,-9.4,-4.7,-1.9,0.7,-2.5999999999999996,-1.2999999999999998,680,1,0
401585280,2024-01-28,Indiana Pacers,Memphis Grizzlies,116,110,2024,6,226,1.0,False,True,3.0,False,False,west_to_east,1,0,1,-0.2,-5.2,5.0,2.5,-0.5,-1.5,1.0,0.5,681,1,0
401585282,2024-01-28,Detroit Pistons,Oklahoma City Thunder,120,104,2024,16,224,0.0,True,False,1.0,False,False,west_to_east,1,0,1,-5.8,12.4,-18.2,-9.1,-7.9,12.6,-20.5,-10.25,682,1,0
401585283,2024-01-28,Orlando Magic,Phoenix Suns,113,98,2024,15,211,5.0,False,False,1.0,False,False,west_to_east,1,0,1,-5.4,8.8,-14.200000000000001,-7.1000000000000005,-5.2,4.2,-9.4,-4.7,683,1,0
401585284,2024-01-28,Portland Trail Blazers,Chicago Bulls,96,104,2024,-8,200,8.0,False,False,2.0,False,False,east_to_west,1,1,0,-6.6,1.2,-7.8,-3.9,-15.5,2.8,-18.3,-9.15,684,1,0
401585281,2024-01-28,Atlanta Hawks,Toronto Raptors,126,125,2024,1,251,1.0,False,False,7.0,False,False,same_region,0,0,0,-12.4,-7.2,-5.2,-2.6,-8.9,-6.9,-2.0,-1.0,685,1,0
401585287,2024-01-29,Boston Celtics,New Orleans Pelicans,118,112,2024,6,230,1.0,False,False,1.0,False,False,west_to_east,1,0,1,6.0,-2.6,8.6,4.3,6.4,4.9,1.5,0.75,686,1,0
401585285,2024-01-29,Charlotte Hornets,New York Knicks,92,113,2024,-21,205,1.0,False,True,5.0,False,False,same_region,0,0,0,-11.6,17.8,-29.4,-14.7,-15.2,13.6,-28.799999999999997,-14.399999999999999,687,1,0
401585288,2024-01-29,Brooklyn Nets,Utah Jazz,147,114,2024,33,261,1.0,False,False,1.0,False,False,west_to_east,1,0,1,0.4,-1.6,2.0,1.0,-0.8,8.7,-9.5,-4.75,688,1,0
401585289,2024-01-29,Miami Heat,Phoenix Suns,105,118,2024,-13,223,3.0,False,False,0.0,True,True,west_to_east,1,0,1,-15.4,3.0,-18.4,-9.2,-8.8,3.3,-12.100000000000001,-6.050000000000001,689,1,0
401585290,2024-01-29,Houston Rockets,Los Angeles Lakers,135,119,2024,16,254,4.0,False,False,1.0,False,False,same_region,0,0,0,3.6,1.0,2.6,1.3,-4.1,0.5,-4.6,-2.3,690,1,0
401585286,2024-01-29,Cleveland Cavaliers,LA Clippers,118,108,2024,10,226,11.0,False,False,1.0,False,True,west_to_east,1,0,1,18.0,14.4,3.5999999999999996,1.7999999999999998,18.2,10.7,7.5,3.75,691,1,0
401585296,2024-01-29,Portland Trail Blazers,Philadelphia 76ers,130,104,2024,26,234,0.0,True,False,1.0,False,False,east_to_west,1,1,0,-8.8,3.0,-11.8,-5.9,-13.5,3.0,-16.5,-8.25,692,1,0
401585293,2024-01-29,San Antonio Spurs,Washington Wizards,113,118,2024,-5,231,1.0,False,True,1.0,False,False,east_to_west,1,1,0,-3.0,-5.0,2.0,1.0,-1.8,-2.9,1.0999999999999999,0.5499999999999999,693,1,0
401585294,2024-01-29,Dallas Mavericks,Orlando Magic,131,129,2024,2,260,1.0,False,False,2.0,False,False,east_to_west,1,1,0,-9.8,-2.0,-7.800000000000001,-3.9000000000000004,-6.0,-4.4,-1.5999999999999996,-0.7999999999999998,694,1,0
401585295,2024-01-29,Denver Nuggets,Milwaukee Bucks,113,107,2024,6,220,1.0,False,False,6.0,False,False,east_to_west,1,1,0,-3.2,7.4,-10.600000000000001,-5.300000000000001,0.3,2.6,-2.3000000000000003,-1.1500000000000001,695,1,0
401585291,2024-01-29,Memphis Grizzlies,Sacramento Kings,94,103,2024,-9,197,2.0,False,False,1.0,False,False,same_region,0,0,0,-3.4,2.8,-6.199999999999999,-3.0999999999999996,-2.7,0.7,-3.4000000000000004,-1.7000000000000002,696,1,0
401585292,2024-01-29,Oklahoma City Thunder,Minnesota Timberwolves,101,107,2024,-6,208,5.0,False,False,1.0,False,False,same_region,0,0,0,8.2,0.8,7.3999999999999995,3.6999999999999997,10.2,4.6,5.6,2.8,697,1,0
401585301,2024-01-30,Golden State Warriors,Philadelphia 76ers,119,107,2024,12,226,2.0,False,False,0.0,True,True,east_to_west,1,1,0,0.0,-5.2,5.2,2.6,-4.1,1.5,-5.6,-2.8,698,1,0
401585297,2024-01-30,Atlanta Hawks,Los Angeles Lakers,138,122,2024,16,260,1.0,False,False,0.0,True,True,west_to_east,1,0,1,-12.4,1.4,-13.8,-6.9,-9.5,-1.2,-8.3,-4.15,699,1,0
401585300,2024-01-30,Chicago Bulls,Toronto Raptors,107,118,2024,-11,225,9.0,False,False,1.0,False,False,same_region,0,0,0,6.4,-12.2,18.6,9.3,2.3,-8.5,10.8,5.4,700,1,0
401585298,2024-01-30,Boston Celtics,Indiana Pacers,129,124,2024,5,253,0.0,True,True,8.0,False,False,same_region,0,0,0,7.6,1.6,6.0,3.0,6.3,-0.7,7.0,3.5,701,1,0
401585299,2024-01-30,New York Knicks,Utah Jazz,118,103,2024,15,221,2.0,False,False,0.0,True,True,west_to_east,1,0,1,21.2,-7.2,28.4,14.2,12.9,3.8,9.100000000000001,4.550000000000001,702,1,0
401585304,2024-01-31,Washington Wizards,LA Clippers,109,125,2024,-16,234,5.0,False,False,1.0,False,False,west_to_east,1,0,1,-3.2,10.2,-13.399999999999999,-6.699999999999999,-1.6,10.0,-11.6,-5.8,703,1,0
401585310,2024-01-31,Oklahoma City Thunder,Denver Nuggets,105,100,2024,5,205,1.0,False,False,5.0,False,False,same_region,0,0,0,6.0,-2.4,8.4,4.2,3.4,-0.8,4.2,2.1,704,1,0
401585303,2024-01-31,Cleveland Cavaliers,Detroit Pistons,128,121,2024,7,249,1.0,False,False,15.0,False,False,same_region,0,0,0,12.0,-1.2,13.2,6.6,15.3,-4.6,19.9,9.95,705,1,0
401585306,2024-01-31,Miami Heat,Sacramento Kings,115,106,2024,9,221,1.0,False,False,1.0,False,False,west_to_east,1,0,1,-17.8,5.0,-22.8,-11.4,-9.3,4.9,-14.200000000000001,-7.1000000000000005,706,1,0
401585311,2024-01-31,Portland Trail Blazers,Milwaukee Bucks,119,116,2024,3,235,1.0,False,True,1.0,False,False,east_to_west,1,1,0,1.2,5.0,-3.8,-1.9,-4.7,3.6,-8.3,-4.15,707,1,0
401585308,2024-01-31,Minnesota Timberwolves,Dallas Mavericks,121,87,2024,34,208,8.0,False,False,4.0,False,False,same_region,0,0,0,3.0,-6.0,9.0,4.5,5.9,-6.5,12.4,6.2,708,1,0
401585309,2024-01-31,San Antonio Spurs,Orlando Magic,98,108,2024,-10,206,1.0,False,False,1.0,False,False,east_to_west,1,1,0,-4.8,0.6,-5.3999999999999995,-2.6999999999999997,-5.9,-2.5,-3.4000000000000004,-1.7000000000000002,709,1,0
401585307,2024-01-31,Houston Rockets,New Orleans Pelicans,99,110,2024,-11,209,1.0,False,False,1.0,False,False,same_region,0,0,0,6.6,-7.8,14.399999999999999,7.199999999999999,-2.0,1.0,-3.0,-1.5,710,1,0
401585305,2024-01-31,Brooklyn Nets,Phoenix Suns,120,136,2024,-16,256,1.0,False,False,1.0,False,True,west_to_east,1,0,1,3.4,4.2,-0.8000000000000003,-0.40000000000000013,1.6,7.3,-5.699999999999999,-2.8499999999999996,711,1,0
401585302,2024-01-31,Charlotte Hornets,Chicago Bulls,110,117,2024,-7,227,1.0,False,False,2.0,False,False,same_region,0,0,0,-14.2,3.0,-17.2,-8.6,-14.8,0.5,-15.3,-7.65,712,1,0
401585314,2024-02-01,Utah Jazz,Philadelphia 76ers,124,127,2024,-3,251,13.0,False,False,1.0,False,True,east_to_west,1,1,0,-10.0,-9.2,-0.8000000000000007,-0.40000000000000036,1.0,1.0,0.0,0.0,713,2,0
401585315,2024-02-01,Memphis Grizzlies,Cleveland Cavaliers,101,108,2024,-7,209,2.0,False,False,5.0,False,False,east_to_west,1,1,0,0.6,9.2,-8.6,-4.3,-5.3,13.6,-18.9,-9.45,714,2,0
401585313,2024-02-01,New York Knicks,Indiana Pacers,109,105,2024,4,214,1.0,False,False,1.0,False,False,same_region,0,0,0,19.0,2.0,17.0,8.5,14.8,-3.0,17.8,8.9,715,2,0
401585312,2024-02-01,Boston Celtics,Los Angeles Lakers,105,114,2024,-9,219,1.0,False,True,1.0,False,True,west_to_east,1,0,1,6.8,-6.6,13.399999999999999,6.699999999999999,10.1,-1.0,11.1,5.55,716,2,0
401585319,2024-02-02,Indiana Pacers,Sacramento Kings,122,133,2024,-11,255,4.0,False,False,1.0,False,False,west_to_east,1,0,1,2.2,4.2,-2.0,-1.0,-2.6,1.9,-4.5,-2.25,717,2,0
401585316,2024-02-02,Detroit Pistons,LA Clippers,125,136,2024,-11,261,4.0,False,False,1.0,False,False,west_to_east,1,0,1,-1.4,11.2,-12.6,-6.3,-3.2,8.9,-12.100000000000001,-6.050000000000001,718,2,0
401585317,2024-02-02,Washington Wizards,Miami Heat,102,110,2024,-8,212,1.0,False,False,5.0,False,False,same_region,0,0,0,-4.6,-12.4,7.800000000000001,3.9000000000000004,-2.4,-8.7,6.299999999999999,3.1499999999999995,719,2,0
401585318,2024-02-02,Atlanta Hawks,Phoenix Suns,129,120,2024,9,249,2.0,False,False,1.0,False,False,west_to_east,1,0,1,-5.0,7.0,-12.0,-6.0,-6.1,7.1,-13.2,-6.6,720,2,0
401585320,2024-02-02,Houston Rockets,Toronto Raptors,135,106,2024,29,241,1.0,False,False,2.0,False,False,east_to_west,1,1,0,6.2,-8.8,15.0,7.5,-3.3,-7.3,4.0,2.0,721,2,0
401585324,2024-02-02,San Antonio Spurs,New Orleans Pelicans,113,114,2024,-1,227,1.0,False,False,1.0,False,False,same_region,0,0,0,-4.8,-2.8,-2.0,-1.0,-6.3,-1.5,-4.8,-2.4,722,2,0
401585325,2024-02-02,Denver Nuggets,Portland Trail Blazers,120,108,2024,12,228,3.0,False,False,6.0,False,False,same_region,0,0,0,-5.2,2.2,-7.4,-3.7,0.0,-2.1,2.1,1.05,723,2,0
401585321,2024-02-02,Memphis Grizzlies,Golden State Warriors,101,121,2024,-20,222,0.0,True,False,17.0,False,False,same_region,0,0,0,-2.4,4.6,-7.0,-3.5,-5.1,-2.6,-2.4999999999999996,-1.2499999999999998,724,2,0
401585323,2024-02-02,Oklahoma City Thunder,Charlotte Hornets,126,106,2024,20,232,1.0,False,False,8.0,False,False,east_to_west,1,1,0,6.6,-16.2,22.799999999999997,11.399999999999999,2.7,-11.9,14.600000000000001,7.300000000000001,725,2,0
401585322,2024-02-02,Minnesota Timberwolves,Orlando Magic,106,108,2024,-2,214,1.0,False,False,1.0,False,False,east_to_west,1,1,0,10.4,-1.0,11.4,5.7,7.0,-1.2,8.2,4.1,726,2,0
401585331,2024-02-03,San Antonio Spurs,Cleveland Cavaliers,101,117,2024,-16,218,0.0,True,True,1.0,False,False,east_to_west,1,1,0,0.2,5.2,-5.0,-2.5,-5.4,14.1,-19.5,-9.75,727,2,0
401585330,2024-02-03,Dallas Mavericks,Milwaukee Bucks,117,129,2024,-12,246,4.0,False,False,2.0,False,False,east_to_west,1,1,0,-11.0,2.6,-13.6,-6.8,-8.2,0.0,-8.2,-4.1,728,2,0
401585329,2024-02-03,New York Knicks,Los Angeles Lakers,105,113,2024,-8,218,1.0,False,False,1.0,False,False,west_to_east,1,0,1,18.8,-2.6,21.400000000000002,10.700000000000001,14.0,0.6,13.4,6.7,729,2,0
401585328,2024-02-03,Chicago Bulls,Sacramento Kings,115,123,2024,-8,238,3.0,False,False,0.0,True,True,west_to_east,1,0,1,-1.4,3.4,-4.8,-2.4,0.7,0.5,0.19999999999999996,0.09999999999999998,730,2,0
401585327,2024-02-03,Atlanta Hawks,Golden State Warriors,141,134,2024,7,275,0.0,True,False,0.0,True,False,west_to_east,1,0,1,-0.2,10.4,-10.6,-5.3,-2.4,-1.0,-1.4,-0.7,731,2,0
401585326,2024-02-03,Philadelphia 76ers,Brooklyn Nets,121,136,2024,-15,257,11.0,False,False,12.0,False,False,same_region,0,0,0,-10.6,2.4,-13.0,-6.5,-0.6,0.7,-1.2999999999999998,-0.6499999999999999,732,2,0
401585340,2024-02-04,Denver Nuggets,Portland Trail Blazers,112,103,2024,9,215,1.0,False,False,1.0,False,False,same_region,0,0,0,-3.8,-1.4,-2.4,-1.2,0.0,-2.2,2.2,1.1,733,2,0
401585333,2024-02-04,Washington Wizards,Phoenix Suns,112,140,2024,-28,252,1.0,False,False,1.0,False,False,west_to_east,1,0,1,-4.0,0.6,-4.6,-2.3,-6.0,5.1,-11.1,-5.55,734,2,0
401585334,2024-02-04,Boston Celtics,Memphis Grizzlies,131,91,2024,40,222,2.0,False,False,6.0,False,False,west_to_east,1,0,1,3.2,-8.2,11.399999999999999,5.699999999999999,6.0,-5.9,11.9,5.95,735,2,0
401585335,2024-02-04,Charlotte Hornets,Indiana Pacers,99,115,2024,-16,214,3.0,False,False,2.0,False,False,same_region,0,0,0,-18.8,-2.4,-16.400000000000002,-8.200000000000001,-12.2,-1.0,-11.2,-5.6,736,2,0
401585336,2024-02-04,Miami Heat,LA Clippers,95,103,2024,-8,198,3.0,False,False,1.0,False,False,west_to_east,1,0,1,-9.0,11.2,-20.2,-10.1,-9.6,9.4,-19.0,-9.5,737,2,0
401585337,2024-02-04,Minnesota Timberwolves,Houston Rockets,111,90,2024,21,201,1.0,False,False,7.0,False,False,same_region,0,0,0,7.8,13.2,-5.3999999999999995,-2.6999999999999997,6.4,2.8,3.6000000000000005,1.8000000000000003,738,2,0
401585338,2024-02-04,Oklahoma City Thunder,Toronto Raptors,135,127,2024,8,262,1.0,False,False,1.0,False,False,east_to_west,1,1,0,5.4,-9.4,14.8,7.4,5.4,-9.6,15.0,7.5,739,2,0
401585339,2024-02-04,Utah Jazz,Milwaukee Bucks,123,108,2024,15,231,2.0,False,False,0.0,True,False,east_to_west,1,1,0,-4.8,3.0,-7.8,-3.9,-2.5,0.1,-2.6,-1.3,740,2,0
401585332,2024-02-04,Detroit Pistons,Orlando Magic,99,111,2024,-12,210,1.0,False,False,1.0,False,False,same_region,0,0,0,-1.8,4.8,-6.6,-3.3,-2.1,0.2,-2.3000000000000003,-1.1500000000000001,741,2,0
401585342,2024-02-05,Cleveland Cavaliers,Sacramento Kings,136,110,2024,26,246,4.0,False,False,1.0,False,True,west_to_east,1,0,1,10.4,4.8,5.6000000000000005,2.8000000000000003,14.8,3.2,11.600000000000001,5.800000000000001,742,2,0
401585341,2024-02-05,Charlotte Hornets,Los Angeles Lakers,118,124,2024,-6,242,0.0,True,False,1.0,False,False,west_to_east,1,0,1,-15.2,-2.8,-12.399999999999999,-6.199999999999999,-11.8,0.7,-12.5,-6.25,743,2,0
401585343,2024-02-05,Philadelphia 76ers,Dallas Mavericks,102,118,2024,-16,220,1.0,False,False,4.0,False,False,west_to_east,1,0,1,-11.2,-8.8,-2.3999999999999986,-1.1999999999999993,-3.0,-9.8,6.800000000000001,3.4000000000000004,744,2,0
401585344,2024-02-05,Atlanta Hawks,LA Clippers,144,149,2024,-5,293,1.0,False,True,0.0,True,True,west_to_east,1,0,1,5.6,8.8,-3.200000000000001,-1.6000000000000005,-2.7,9.3,-12.0,-6.0,745,2,0
401585346,2024-02-05,New Orleans Pelicans,Toronto Raptors,138,100,2024,38,238,9.0,False,False,0.0,True,True,east_to_west,1,1,0,-8.4,-9.4,1.0,0.5,-0.2,-7.2,7.0,3.5,746,2,0
401585345,2024-02-05,Brooklyn Nets,Golden State Warriors,98,109,2024,-11,207,4.0,False,False,1.0,False,True,west_to_east,1,0,1,6.4,4.6,1.8000000000000007,0.9000000000000004,3.1,-0.2,3.3000000000000003,1.6500000000000001,747,2,0
401585353,2024-02-06,Phoenix Suns,Milwaukee Bucks,114,106,2024,8,220,14.0,False,False,1.0,False,True,east_to_west,1,1,0,6.6,2.4,4.199999999999999,2.0999999999999996,7.7,-1.5,9.2,4.6,748,2,0
401585352,2024-02-06,Utah Jazz,Oklahoma City Thunder,124,117,2024,7,241,1.0,False,False,8.0,False,False,same_region,0,0,0,-4.8,2.2,-7.0,-3.5,-1.7,7.3,-9.0,-4.5,749,2,0
401585351,2024-02-06,Chicago Bulls,Minnesota Timberwolves,129,123,2024,6,252,2.0,False,False,7.0,False,False,west_to_east,1,0,1,-2.6,11.6,-14.2,-7.1,0.8,7.8,-7.0,-3.5,750,2,0
401585350,2024-02-06,New York Knicks,Memphis Grizzlies,123,113,2024,10,236,2.0,False,False,1.0,False,False,west_to_east,1,0,1,9.6,-16.4,26.0,13.0,13.6,-10.8,24.4,12.2,751,2,0
401585349,2024-02-06,Miami Heat,Orlando Magic,121,95,2024,26,216,1.0,False,False,1.0,False,False,same_region,0,0,0,-4.0,7.4,-11.4,-5.7,-10.5,1.0,-11.5,-5.75,752,2,0
401585348,2024-02-06,Brooklyn Nets,Dallas Mavericks,107,119,2024,-12,226,0.0,True,False,0.0,True,False,west_to_east,1,0,1,4.6,-6.6,11.2,5.6,2.1,-7.2,9.3,4.65,753,2,0
401585347,2024-02-06,Indiana Pacers,Houston Rockets,132,129,2024,3,261,3.0,False,False,1.0,False,False,west_to_east,1,0,1,0.4,2.2,-1.8000000000000003,-0.9000000000000001,0.1,1.6,-1.5,-0.75,754,2,0
401585359,2024-02-07,LA Clippers,New Orleans Pelicans,106,117,2024,-11,223,14.0,False,False,4.0,False,False,same_region,0,0,0,6.0,4.0,2.0,1.0,10.2,2.6,7.6,3.8,755,2,0
401585356,2024-02-07,Washington Wizards,Cleveland Cavaliers,106,114,2024,-8,220,2.0,False,False,3.0,False,False,same_region,0,0,0,-6.6,13.2,-19.799999999999997,-9.899999999999999,-7.6,15.6,-23.2,-11.6,756,2,0
401585355,2024-02-07,Philadelphia 76ers,Golden State Warriors,104,127,2024,-23,231,1.0,False,False,1.0,False,False,west_to_east,1,0,1,-13.2,7.0,-20.2,-10.1,-5.1,4.5,-9.6,-4.8,757,2,0
401585357,2024-02-07,Boston Celtics,Atlanta Hawks,125,117,2024,8,242,2.0,False,False,13.0,False,False,same_region,0,0,0,4.6,5.6,-1.0,-0.5,9.1,-3.4,12.5,6.25,758,2,0
401585358,2024-02-07,Miami Heat,San Antonio Spurs,116,104,2024,12,220,0.0,True,True,15.0,False,False,west_to_east,1,0,1,4.4,-6.2,10.600000000000001,5.300000000000001,-5.5,-5.1,-0.40000000000000036,-0.20000000000000018,759,2,0
401585360,2024-02-07,Sacramento Kings,Detroit Pistons,120,133,2024,-13,253,15.0,False,False,6.0,False,False,east_to_west,1,1,0,-1.4,-5.6,4.199999999999999,2.0999999999999996,0.7,-3.1,3.8,1.9,760,2,0
401585354,2024-02-07,Charlotte Hornets,Toronto Raptors,117,123,2024,-6,240,1.0,False,True,1.0,False,True,same_region,0,0,0,-14.0,-13.0,-1.0,-0.5,-12.8,-10.1,-2.700000000000001,-1.3500000000000005,761,2,0
401585362,2024-02-08,Orlando Magic,San Antonio Spurs,127,111,2024,16,238,10.0,False,False,0.0,True,False,west_to_east,1,0,1,-0.8,-8.8,8.0,4.0,-1.4,-5.9,4.5,2.25,762,2,0
401585368,2024-02-08,Los Angeles Lakers,Denver Nuggets,106,114,2024,-8,220,13.0,False,False,7.0,False,False,same_region,0,0,0,-1.8,5.6,-7.3999999999999995,-3.6999999999999997,-0.4,0.1,-0.5,-0.25,763,2,0
401585363,2024-02-08,Brooklyn Nets,Cleveland Cavaliers,95,118,2024,-23,213,1.0,False,True,0.0,True,False,same_region,0,0,0,1.8,12.8,-11.0,-5.5,1.1,12.4,-11.3,-5.65,764,2,0
401585364,2024-02-08,New York Knicks,Dallas Mavericks,108,122,2024,-14,230,1.0,False,False,1.0,False,True,west_to_east,1,0,1,8.4,-3.2,11.600000000000001,5.800000000000001,13.1,-6.5,19.6,9.8,765,2,0
401585365,2024-02-08,Memphis Grizzlies,Chicago Bulls,110,118,2024,-8,228,5.0,False,False,7.0,False,False,east_to_west,1,1,0,-17.2,0.4,-17.599999999999998,-8.799999999999999,-10.3,0.8,-11.100000000000001,-5.550000000000001,766,2,0
401585366,2024-02-08,Milwaukee Bucks,Minnesota Timberwolves,105,129,2024,-24,234,11.0,False,False,1.0,False,False,west_to_east,1,0,1,-4.0,10.6,-14.6,-7.3,1.7,5.7,-4.0,-2.0,767,2,0
401585369,2024-02-08,Portland Trail Blazers,Detroit Pistons,122,128,2024,-6,250,7.0,False,False,0.0,True,False,east_to_west,1,1,0,0.0,-0.2,0.2,0.1,-3.3,-3.0,-0.2999999999999998,-0.1499999999999999,768,2,0
401585367,2024-02-08,Phoenix Suns,Utah Jazz,129,115,2024,14,244,1.0,False,False,8.0,False,False,same_region,0,0,0,11.2,-5.8,17.0,8.5,7.1,-3.7,10.8,5.4,769,2,0
401585361,2024-02-08,Indiana Pacers,Golden State Warriors,109,131,2024,-22,240,1.0,False,False,0.0,True,True,west_to_east,1,0,1,-0.2,11.8,-12.0,-6.0,0.7,5.9,-5.2,-2.6,770,2,0
401585375,2024-02-09,Los Angeles Lakers,New Orleans Pelicans,139,122,2024,17,261,0.0,True,False,1.0,False,False,same_region,0,0,0,-0.2,11.0,-11.2,-5.6,0.6,4.2,-3.6,-1.8,771,2,0
401585374,2024-02-09,Sacramento Kings,Denver Nuggets,135,106,2024,29,241,1.0,False,False,0.0,True,False,same_region,0,0,0,-5.8,6.0,-11.8,-5.9,-0.4,1.4,-1.7999999999999998,-0.8999999999999999,772,2,0
401585373,2024-02-09,Milwaukee Bucks,Charlotte Hornets,120,84,2024,36,204,0.0,True,False,6.0,False,False,same_region,0,0,0,-7.6,-11.0,3.4000000000000004,1.7000000000000002,-1.3,-12.6,11.299999999999999,5.6499999999999995,773,2,0
401585372,2024-02-09,Toronto Raptors,Houston Rockets,107,104,2024,3,211,13.0,False,False,2.0,False,False,west_to_east,1,0,1,-11.6,2.0,-13.6,-6.8,-11.9,2.8,-14.7,-7.35,774,2,0
401585371,2024-02-09,Boston Celtics,Washington Wizards,133,129,2024,4,262,1.0,False,False,10.0,False,False,same_region,0,0,0,10.0,-11.0,21.0,10.5,8.0,-8.0,16.0,8.0,775,2,0
401585370,2024-02-09,Philadelphia 76ers,Atlanta Hawks,121,127,2024,-6,248,1.0,False,False,1.0,False,False,same_region,0,0,0,-12.6,3.8,-16.4,-8.2,-8.9,-4.3,-4.6000000000000005,-2.3000000000000003,776,2,0
401585380,2024-02-10,Orlando Magic,Chicago Bulls,114,108,2024,6,222,1.0,False,False,1.0,False,False,same_region,0,0,0,2.8,0.4,2.4,1.2,1.7,3.4,-1.7,-0.85,777,2,0
401585379,2024-02-10,Charlotte Hornets,Memphis Grizzlies,115,106,2024,9,221,2.0,False,False,3.0,False,False,west_to_east,1,0,1,-16.8,-17.0,0.1999999999999993,0.09999999999999964,-16.5,-8.2,-8.3,-4.15,778,2,0
401585377,2024-02-10,LA Clippers,Detroit Pistons,112,106,2024,6,218,2.0,False,False,1.0,False,True,east_to_west,1,1,0,5.8,-2.2,8.0,4.0,8.0,-1.7,9.7,4.85,779,2,0
401585378,2024-02-10,Brooklyn Nets,San Antonio Spurs,123,103,2024,20,226,1.0,False,False,1.0,False,True,west_to_east,1,0,1,-9.4,-11.0,1.5999999999999996,0.7999999999999998,-3.0,-7.9,4.9,2.45,780,2,0
401585381,2024-02-10,Washington Wizards,Philadelphia 76ers,113,119,2024,-6,232,2.0,False,False,8.0,False,False,same_region,0,0,0,-12.8,-11.4,-1.4000000000000004,-0.7000000000000002,-8.0,-10.3,2.3000000000000007,1.1500000000000004,781,2,0
401585376,2024-02-10,Dallas Mavericks,Oklahoma City Thunder,146,111,2024,35,257,6.0,False,False,3.0,False,False,same_region,0,0,0,-0.8,4.0,-4.8,-2.4,-3.4,6.1,-9.5,-4.75,782,2,0
401585384,2024-02-10,Toronto Raptors,Cleveland Cavaliers,95,119,2024,-24,214,0.0,True,False,1.0,False,True,same_region,0,0,0,-13.2,16.0,-29.2,-14.6,-11.0,12.6,-23.6,-11.8,783,2,0
401585385,2024-02-10,Golden State Warriors,Phoenix Suns,113,112,2024,1,225,10.0,False,False,5.0,False,False,same_region,0,0,0,13.8,11.4,2.4000000000000004,1.2000000000000002,9.2,7.8,1.3999999999999995,0.6999999999999997,784,2,0
401585386,2024-02-10,Portland Trail Blazers,New Orleans Pelicans,84,93,2024,-9,177,1.0,False,False,0.0,True,True,same_region,0,0,0,0.4,8.8,-8.4,-4.2,-4.2,0.5,-4.7,-2.35,785,2,0
401585383,2024-02-10,New York Knicks,Indiana Pacers,111,125,2024,-14,236,1.0,False,False,5.0,False,False,same_region,0,0,0,1.4,-3.6,5.0,2.5,11.3,-0.8,12.100000000000001,6.050000000000001,786,2,0
401585382,2024-02-10,Atlanta Hawks,Houston Rockets,122,113,2024,9,235,4.0,False,False,0.0,True,False,west_to_east,1,0,1,1.8,-1.8,3.6,1.8,-1.6,2.4,-4.0,-2.0,787,2,0
401585388,2024-02-11,Oklahoma City Thunder,Sacramento Kings,127,113,2024,14,240,6.0,False,False,5.0,False,False,same_region,0,0,0,-1.8,1.8,-3.6,-1.8,2.1,3.0,-0.8999999999999999,-0.44999999999999996,788,2,0
401585387,2024-02-11,Miami Heat,Boston Celtics,106,110,2024,-4,216,3.0,False,False,16.0,False,False,same_region,0,0,0,9.4,9.6,-0.1999999999999993,-0.09999999999999964,-4.2,8.6,-12.8,-6.4,789,2,0
401585396,2024-02-12,Dallas Mavericks,Washington Wizards,112,104,2024,8,216,1.0,False,False,2.0,False,False,east_to_west,1,1,0,13.0,-10.8,23.8,11.9,1.0,-7.7,8.7,4.35,790,2,0
401585389,2024-02-12,Charlotte Hornets,Indiana Pacers,111,102,2024,9,213,1.0,False,False,1.0,False,False,same_region,0,0,0,-11.0,0.0,-11.0,-5.5,-14.9,1.1,-16.0,-8.0,791,2,0
401585390,2024-02-12,Cleveland Cavaliers,Philadelphia 76ers,121,123,2024,-2,244,6.0,False,False,1.0,False,False,same_region,0,0,0,19.4,-10.8,30.2,15.1,12.3,-10.7,23.0,11.5,792,2,0
401585392,2024-02-12,Toronto Raptors,San Antonio Spurs,99,122,2024,-23,221,1.0,False,True,1.0,False,False,west_to_east,1,0,1,-12.2,-13.0,0.8000000000000007,0.40000000000000036,-10.8,-8.9,-1.9000000000000004,-0.9500000000000002,793,2,0
401585391,2024-02-12,Atlanta Hawks,Chicago Bulls,126,136,2024,-10,262,1.0,False,False,1.0,False,False,same_region,0,0,0,1.8,1.4,0.40000000000000013,0.20000000000000007,0.8,2.2,-1.4000000000000001,-0.7000000000000001,794,2,0
401585397,2024-02-12,Utah Jazz,Golden State Warriors,107,129,2024,-22,236,5.0,False,False,3.0,False,False,same_region,0,0,0,-2.0,10.0,-12.0,-6.0,-4.6,10.2,-14.799999999999999,-7.3999999999999995,795,2,0
401585395,2024-02-12,Milwaukee Bucks,Denver Nuggets,112,95,2024,17,207,2.0,False,False,2.0,False,False,west_to_east,1,0,1,0.2,-1.0,1.2,0.6,1.4,-1.7,3.0999999999999996,1.5499999999999998,796,2,0
401585398,2024-02-12,LA Clippers,Minnesota Timberwolves,100,121,2024,-21,221,1.0,False,False,3.0,False,False,same_region,0,0,0,3.8,14.2,-10.399999999999999,-5.199999999999999,7.5,8.6,-1.0999999999999996,-0.5499999999999998,797,2,0
401585393,2024-02-12,Houston Rockets,New York Knicks,105,103,2024,2,208,9.0,False,False,13.0,False,False,east_to_west,1,1,0,-1.4,-4.4,3.0000000000000004,1.5000000000000002,2.4,7.3,-4.9,-2.45,798,2,0
401585394,2024-02-12,Memphis Grizzlies,New Orleans Pelicans,87,96,2024,-9,183,3.0,False,False,1.0,False,True,same_region,0,0,0,-17.4,8.4,-25.799999999999997,-12.899999999999999,-9.9,2.8,-12.7,-6.35,799,2,0
401585400,2024-02-13,Orlando Magic,Oklahoma City Thunder,113,127,2024,-14,240,2.0,False,False,2.0,False,False,west_to_east,1,0,1,2.0,0.0,2.0,1.0,0.5,3.3,-2.8,-1.4,800,2,0
401585401,2024-02-13,Milwaukee Bucks,Miami Heat,97,123,2024,-26,220,0.0,True,False,10.0,False,False,same_region,0,0,0,1.2,6.8,-5.6,-2.8,2.1,-2.8,4.9,2.45,801,2,0
401585399,2024-02-13,Brooklyn Nets,Boston Celtics,110,118,2024,-8,228,2.0,False,False,1.0,False,False,same_region,0,0,0,-2.2,9.4,-11.600000000000001,-5.800000000000001,0.1,8.1,-8.0,-4.0,802,2,0
401585403,2024-02-13,Portland Trail Blazers,Minnesota Timberwolves,109,121,2024,-12,230,2.0,False,False,0.0,True,False,same_region,0,0,0,-6.6,11.6,-18.2,-9.1,-2.7,11.0,-13.7,-6.85,803,2,0
401585404,2024-02-13,Los Angeles Lakers,Detroit Pistons,125,111,2024,14,236,3.0,False,False,2.0,False,False,east_to_west,1,1,0,6.4,-2.0,8.4,4.2,-0.1,-1.7,1.5999999999999999,0.7999999999999999,804,2,0
401585402,2024-02-13,Phoenix Suns,Sacramento Kings,130,125,2024,5,255,4.0,False,False,1.0,False,False,same_region,0,0,0,8.0,-3.2,11.2,5.6,7.5,0.1,7.4,3.7,805,2,0
401585407,2024-02-14,Philadelphia 76ers,Miami Heat,104,109,2024,-5,213,4.0,False,False,0.0,True,False,same_region,0,0,0,-7.4,10.4,-17.8,-8.9,-9.3,0.7,-10.0,-5.0,806,2,0
401585405,2024-02-14,Charlotte Hornets,Atlanta Hawks,122,99,2024,23,221,1.0,False,False,4.0,False,False,same_region,0,0,0,-6.0,-1.6,-4.4,-2.2,-10.6,2.0,-12.6,-6.3,807,2,0
401585406,2024-02-14,Orlando Magic,New York Knicks,118,100,2024,18,218,0.0,True,False,1.0,False,False,same_region,0,0,0,-1.2,-5.6,4.3999999999999995,2.1999999999999997,1.8,6.6,-4.8,-2.4,808,2,0
401585409,2024-02-14,Cleveland Cavaliers,Chicago Bulls,108,105,2024,3,213,1.0,False,False,1.0,False,False,same_region,0,0,0,15.8,2.0,13.8,6.9,13.1,0.3,12.799999999999999,6.3999999999999995,809,2,0
401585410,2024-02-14,Toronto Raptors,Indiana Pacers,125,127,2024,-2,252,1.0,False,False,1.0,False,False,same_region,0,0,0,-15.2,0.4,-15.6,-7.8,-12.3,-1.0,-11.3,-5.65,810,2,0
401585415,2024-02-14,Phoenix Suns,Detroit Pistons,116,100,2024,16,216,0.0,True,False,0.0,True,False,east_to_west,1,1,0,10.8,-2.6,13.4,6.7,5.7,-2.2,7.9,3.95,811,2,0
401585408,2024-02-14,Boston Celtics,Brooklyn Nets,136,86,2024,50,222,4.0,False,False,10.0,False,False,same_region,0,0,0,12.8,-6.8,19.6,9.8,8.0,-0.2,8.2,4.1,812,2,0
401585413,2024-02-14,Dallas Mavericks,San Antonio Spurs,116,93,2024,23,209,1.0,False,False,1.0,False,False,same_region,0,0,0,17.0,-8.2,25.2,12.6,4.1,-4.0,8.1,4.05,813,2,0
401585414,2024-02-14,Denver Nuggets,Sacramento Kings,98,102,2024,-4,200,9.0,False,False,0.0,True,True,same_region,0,0,0,-3.4,-5.8,2.4,1.2,-4.3,-0.5,-3.8,-1.9,814,2,0
401585416,2024-02-14,Utah Jazz,Los Angeles Lakers,122,138,2024,-16,260,1.0,False,False,8.0,False,False,same_region,0,0,0,-3.4,7.4,-10.8,-5.4,-6.7,2.4,-9.1,-4.55,815,2,0
401585417,2024-02-14,Golden State Warriors,LA Clippers,125,130,2024,-5,255,3.0,False,False,8.0,False,False,same_region,0,0,0,15.8,-2.6,18.400000000000002,9.200000000000001,10.2,4.3,5.8999999999999995,2.9499999999999997,816,2,0
401585411,2024-02-14,Memphis Grizzlies,Houston Rockets,121,113,2024,8,234,1.0,False,False,3.0,False,False,same_region,0,0,0,-15.2,-6.8,-8.399999999999999,-4.199999999999999,-11.7,3.2,-14.899999999999999,-7.449999999999999,817,2,0
401585412,2024-02-14,New Orleans Pelicans,Washington Wizards,133,126,2024,7,259,8.0,False,False,1.0,False,False,east_to_west,1,1,0,10.0,-10.8,20.8,10.4,0.8,-7.4,8.200000000000001,4.1000000000000005,818,2,0
401585419,2024-02-15,Portland Trail Blazers,Minnesota Timberwolves,91,128,2024,-37,219,1.0,False,False,1.0,False,True,same_region,0,0,0,-9.6,14.4,-24.0,-12.0,-3.7,11.1,-14.8,-7.4,819,2,0
401636113,2024-02-15,Utah Jazz,Golden State Warriors,137,140,2024,-3,277,0.0,True,True,2.0,False,False,same_region,0,0,0,-6.0,12.6,-18.6,-9.3,-5.4,9.8,-15.200000000000001,-7.6000000000000005,820,2,0
401585418,2024-02-15,Memphis Grizzlies,Milwaukee Bucks,113,110,2024,3,223,0.0,True,True,8.0,False,False,east_to_west,1,1,0,-5.6,-1.0,-4.6,-2.3,-11.0,0.7,-11.7,-5.85,821,2,0
401623259,2024-02-18,Eastern Conf All-Stars,Western Conf All-Stars,211,186,2024,25,397,,False,False,,False,False,same_region,0,0,0,,,0.0,0.0,,,0.0,0.0,822,2,0
401585424,2024-02-22,Dallas Mavericks,Phoenix Suns,123,113,2024,10,236,7.0,False,False,11.0,False,False,same_region,0,0,0,18.4,8.4,9.999999999999998,4.999999999999999,5.9,7.5,-1.5999999999999996,-0.7999999999999998,823,2,0
401585426,2024-02-22,New Orleans Pelicans,Houston Rockets,127,105,2024,22,232,7.0,False,False,7.0,False,False,same_region,0,0,0,3.8,-4.2,8.0,4.0,3.9,-1.0,4.9,2.45,824,2,0
401585420,2024-02-22,Cleveland Cavaliers,Orlando Magic,109,116,2024,-7,225,7.0,False,False,15.0,False,False,same_region,0,0,0,11.2,0.0,11.2,5.6,12.2,3.7,8.5,4.25,825,2,0
401585421,2024-02-22,Indiana Pacers,Detroit Pistons,129,115,2024,14,244,13.0,False,False,7.0,False,False,same_region,0,0,0,-2.4,-3.4,1.0,0.5,-1.0,-4.5,3.5,1.75,826,2,0
401585422,2024-02-22,Philadelphia 76ers,New York Knicks,96,110,2024,-14,206,7.0,False,False,7.0,False,False,same_region,0,0,0,-5.2,-7.6,2.3999999999999995,1.1999999999999997,-9.2,1.0,-10.2,-5.1,827,2,0
401585423,2024-02-22,Toronto Raptors,Brooklyn Nets,121,93,2024,28,214,7.0,False,False,7.0,False,False,same_region,0,0,0,-8.0,-14.6,6.6,3.3,-10.5,-5.0,-5.5,-2.75,828,2,0
401585430,2024-02-22,Golden State Warriors,Los Angeles Lakers,128,110,2024,18,238,7.0,False,False,7.0,False,False,same_region,0,0,0,8.6,9.0,-0.40000000000000036,-0.20000000000000018,10.2,3.1,7.1,3.55,829,2,0
401585429,2024-02-22,Utah Jazz,Charlotte Hornets,107,115,2024,-8,222,6.0,False,False,12.0,False,False,east_to_west,1,1,0,-9.6,-0.2,-9.4,-4.7,-7.2,-7.1,-0.10000000000000053,-0.050000000000000266,830,2,0
401585425,2024-02-22,Chicago Bulls,Boston Celtics,112,129,2024,-17,241,15.0,False,False,8.0,False,False,same_region,0,0,0,3.0,14.8,-11.8,-5.9,0.2,9.7,-9.5,-4.75,831,2,0
401585427,2024-02-22,Oklahoma City Thunder,LA Clippers,129,107,2024,22,236,10.0,False,False,7.0,False,False,same_region,0,0,0,-1.2,-3.2,2.0,1.0,2.1,2.8,-0.6999999999999997,-0.34999999999999987,832,2,0
401585428,2024-02-22,Denver Nuggets,Washington Wizards,130,110,2024,20,240,7.0,False,False,7.0,False,False,east_to_west,1,1,0,-6.6,-6.6,0.0,0.0,-5.2,-6.6,1.3999999999999995,0.6999999999999997,833,2,0
401585431,2024-02-22,Sacramento Kings,San Antonio Spurs,127,122,2024,5,249,12.0,False,False,7.0,False,False,same_region,0,0,0,0.2,-9.6,9.799999999999999,4.8999999999999995,-0.6,-7.9,7.300000000000001,3.6500000000000004,834,2,0
401585433,2024-02-23,Philadelphia 76ers,Cleveland Cavaliers,104,97,2024,7,201,0.0,True,False,12.0,False,False,same_region,0,0,0,-3.4,8.2,-11.6,-5.8,-8.0,10.5,-18.5,-9.25,835,2,0
401585432,2024-02-23,Atlanta Hawks,Toronto Raptors,121,123,2024,-2,244,10.0,False,False,15.0,False,False,same_region,0,0,0,-5.2,-3.6,-1.6,-0.8,0.2,-7.6,7.8,3.9,836,2,0
401585434,2024-02-23,Houston Rockets,Phoenix Suns,114,110,2024,4,224,10.0,False,False,0.0,True,False,same_region,0,0,0,-8.0,4.8,-12.8,-6.4,-3.0,8.0,-11.0,-5.5,837,2,0
401585437,2024-02-23,Oklahoma City Thunder,Washington Wizards,147,106,2024,41,253,0.0,True,False,0.0,True,False,east_to_west,1,1,0,1.6,-9.0,10.6,5.3,1.9,-10.0,11.9,5.95,838,2,0
401585435,2024-02-23,Memphis Grizzlies,LA Clippers,95,101,2024,-6,196,7.0,False,False,0.0,True,False,same_region,0,0,0,-3.0,-8.6,5.6,2.8,-10.1,-1.3,-8.799999999999999,-4.3999999999999995,839,2,0
401585436,2024-02-23,Minnesota Timberwolves,Milwaukee Bucks,107,112,2024,-5,219,18.0,False,False,7.0,False,False,east_to_west,1,1,0,17.6,0.0,17.6,8.8,14.6,-2.0,16.6,8.3,840,2,0
401585440,2024-02-23,Portland Trail Blazers,Denver Nuggets,112,127,2024,-15,239,7.0,False,False,10.0,False,False,same_region,0,0,0,-14.6,-4.4,-10.2,-5.1,-8.0,0.6,-8.6,-4.3,841,2,0
401585441,2024-02-23,Los Angeles Lakers,San Antonio Spurs,123,118,2024,5,241,9.0,False,False,0.0,True,False,same_region,0,0,0,4.2,-8.2,12.399999999999999,6.199999999999999,1.2,-8.5,9.7,4.85,842,2,0
401585438,2024-02-23,New Orleans Pelicans,Miami Heat,95,106,2024,-11,201,0.0,True,False,8.0,False,False,east_to_west,1,1,0,6.0,13.0,-7.0,-3.5,8.5,4.5,4.0,2.0,843,2,0
401585439,2024-02-23,Golden State Warriors,Charlotte Hornets,97,84,2024,13,181,0.0,True,False,0.0,True,False,east_to_west,1,1,0,7.8,2.6,5.199999999999999,2.5999999999999996,10.8,-4.2,15.0,7.5,844,2,0
401585443,2024-02-24,Minnesota Timberwolves,Brooklyn Nets,101,86,2024,15,187,0.0,True,False,1.0,False,False,east_to_west,1,1,0,17.8,-17.8,35.6,17.8,14.2,-8.0,22.2,11.1,845,2,0
401585444,2024-02-24,New York Knicks,Boston Celtics,102,116,2024,-14,218,13.0,False,False,1.0,False,False,same_region,0,0,0,-6.8,16.6,-23.400000000000002,-11.700000000000001,0.8,13.3,-12.5,-6.25,846,2,0
401585442,2024-02-24,Detroit Pistons,Orlando Magic,109,112,2024,-3,221,19.0,False,False,1.0,False,False,same_region,0,0,0,-8.8,6.6,-15.4,-7.7,-4.5,2.9,-7.4,-3.7,847,2,0
401585447,2024-02-25,Indiana Pacers,Dallas Mavericks,133,111,2024,22,244,2.0,False,False,16.0,False,False,west_to_east,1,0,1,-0.2,18.0,-18.2,-9.1,-0.2,7.4,-7.6000000000000005,-3.8000000000000003,848,2,0
401585453,2024-02-25,Utah Jazz,San Antonio Spurs,128,109,2024,19,237,2.0,False,False,1.0,False,True,same_region,0,0,0,-12.6,-6.0,-6.6,-3.3,-9.2,-8.5,-0.6999999999999993,-0.34999999999999964,849,2,0
401585445,2024-02-25,Philadelphia 76ers,Milwaukee Bucks,98,119,2024,-21,217,1.0,False,True,1.0,False,False,same_region,0,0,0,-0.8,5.8,-6.6,-3.3,-6.1,-0.9,-5.199999999999999,-2.5999999999999996,850,2,0
401585446,2024-02-25,Phoenix Suns,Los Angeles Lakers,123,113,2024,10,236,10.0,False,False,2.0,False,False,same_region,0,0,0,1.2,6.8,-5.6,-2.8,6.3,3.3,3.0,1.5,851,2,0
401585449,2024-02-25,Atlanta Hawks,Orlando Magic,109,92,2024,17,201,1.0,False,False,0.0,True,True,same_region,0,0,0,-4.0,4.0,-8.0,-4.0,-0.1,3.4,-3.5,-1.75,852,2,0
401585452,2024-02-25,Golden State Warriors,Denver Nuggets,103,119,2024,-16,222,1.0,False,True,1.0,False,False,same_region,0,0,0,10.2,-3.0,13.2,6.6,10.1,1.5,8.6,4.3,853,2,0
401585451,2024-02-25,New Orleans Pelicans,Chicago Bulls,106,114,2024,-8,220,1.0,False,True,10.0,False,False,east_to_west,1,1,0,7.2,-1.6,8.8,4.4,8.0,-0.6,8.6,4.3,854,2,0
401585454,2024-02-25,Portland Trail Blazers,Charlotte Hornets,80,93,2024,-13,173,1.0,False,False,1.0,False,True,east_to_west,1,1,0,-15.8,7.2,-23.0,-11.5,-7.9,-4.8,-3.1000000000000005,-1.5500000000000003,855,2,0
401585455,2024-02-25,LA Clippers,Sacramento Kings,107,123,2024,-16,230,12.0,False,False,10.0,False,False,same_region,0,0,0,-5.2,3.8,-9.0,-4.5,0.3,-1.0,1.3,0.65,856,2,0
401585450,2024-02-25,Houston Rockets,Oklahoma City Thunder,110,123,2024,-13,233,1.0,False,False,11.0,False,False,same_region,0,0,0,-6.6,11.2,-17.799999999999997,-8.899999999999999,-4.2,7.6,-11.8,-5.9,857,2,0
401585448,2024-02-25,Washington Wizards,Cleveland Cavaliers,105,114,2024,-9,219,14.0,False,False,1.0,False,False,same_region,0,0,0,-16.4,2.2,-18.599999999999998,-9.299999999999999,-14.6,9.1,-23.7,-11.85,858,2,0
401585459,2024-02-26,Sacramento Kings,Miami Heat,110,121,2024,-11,231,3.0,False,False,2.0,False,False,east_to_west,1,1,0,1.2,10.0,-8.8,-4.4,1.5,7.2,-5.7,-2.85,859,2,0
401585458,2024-02-26,Memphis Grizzlies,Brooklyn Nets,86,111,2024,-25,197,2.0,False,False,1.0,False,False,east_to_west,1,1,0,-2.6,-16.2,13.6,6.8,-9.8,-12.8,3.0,1.5,860,2,0
401585456,2024-02-26,New York Knicks,Detroit Pistons,113,111,2024,2,224,1.0,False,False,3.0,False,False,same_region,0,0,0,-6.8,-10.6,3.8,1.9,-2.7,-6.4,3.7,1.85,861,2,0
401585457,2024-02-26,Indiana Pacers,Toronto Raptors,122,130,2024,-8,252,0.0,True,False,2.0,False,False,same_region,0,0,0,8.6,-3.8,12.399999999999999,6.199999999999999,2.5,-8.5,11.0,5.5,862,2,0
401585463,2024-02-27,Atlanta Hawks,Utah Jazz,124,97,2024,27,221,1.0,False,False,18.0,False,False,west_to_east,1,0,1,-1.8,-6.0,4.2,2.1,0.0,-4.0,4.0,2.0,863,2,0
401585467,2024-02-27,Chicago Bulls,Detroit Pistons,95,105,2024,-10,200,4.0,False,False,0.0,True,False,same_region,0,0,0,-1.6,-9.8,8.200000000000001,4.1000000000000005,-0.6,-5.9,5.300000000000001,2.6500000000000004,864,2,0
401585464,2024-02-27,Boston Celtics,Philadelphia 76ers,117,99,2024,18,216,12.0,False,False,14.0,False,False,same_region,0,0,0,18.6,-6.2,24.8,12.4,14.1,-8.5,22.6,11.3,865,2,0
401585461,2024-02-27,Orlando Magic,Brooklyn Nets,108,81,2024,27,189,12.0,False,False,0.0,True,True,same_region,0,0,0,-0.6,-15.2,14.6,7.3,0.7,-8.7,9.399999999999999,4.699999999999999,866,2,0
401585465,2024-02-27,New York Knicks,New Orleans Pelicans,92,115,2024,-23,207,0.0,True,True,14.0,False,False,west_to_east,1,0,1,-3.6,3.8,-7.4,-3.7,-4.0,6.1,-10.1,-5.05,867,2,0
401585466,2024-02-27,Minnesota Timberwolves,San Antonio Spurs,114,105,2024,9,219,2.0,False,False,1.0,False,False,same_region,0,0,0,16.0,-5.8,21.8,10.9,15.1,-9.4,24.5,12.25,868,2,0
401585462,2024-02-27,Washington Wizards,Golden State Warriors,112,123,2024,-11,235,1.0,False,False,11.0,False,False,west_to_east,1,0,1,-17.0,2.6,-19.6,-9.8,-13.9,9.2,-23.1,-11.55,869,2,0
401585469,2024-02-27,Oklahoma City Thunder,Houston Rockets,112,95,2024,17,207,3.0,False,False,4.0,False,False,same_region,0,0,0,20.8,-7.4,28.200000000000003,14.100000000000001,9.5,-4.4,13.9,6.95,870,2,0
401585468,2024-02-27,Milwaukee Bucks,Charlotte Hornets,123,85,2024,38,208,13.0,False,False,1.0,False,False,same_region,0,0,0,2.8,8.0,-5.2,-2.6,1.5,-1.5,3.0,1.5,871,2,0
401585470,2024-02-27,Portland Trail Blazers,Miami Heat,96,106,2024,-10,202,1.0,False,False,0.0,True,False,east_to_west,1,1,0,-17.2,9.8,-27.0,-13.5,-8.4,9.6,-18.0,-9.0,872,2,0
401585460,2024-02-27,Cleveland Cavaliers,Dallas Mavericks,121,119,2024,2,240,4.0,False,False,1.0,False,False,west_to_east,1,0,1,-0.8,10.8,-11.600000000000001,-5.800000000000001,9.3,5.0,4.300000000000001,2.1500000000000004,873,2,0
401585476,2024-02-28,LA Clippers,Los Angeles Lakers,112,116,2024,-4,228,2.0,False,False,2.0,False,False,same_region,0,0,0,-9.6,1.4,-11.0,-5.5,-2.9,3.9,-6.8,-3.4,874,2,0
401585475,2024-02-28,Denver Nuggets,Sacramento Kings,117,96,2024,21,213,5.0,False,False,2.0,False,False,same_region,0,0,0,6.0,1.8,4.2,2.1,2.5,-0.7,3.2,1.6,875,2,0
401585474,2024-02-28,Chicago Bulls,Cleveland Cavaliers,132,123,2024,9,255,0.0,True,False,2.0,False,False,same_region,0,0,0,-2.4,0.0,-2.4,-1.2,-0.5,7.9,-8.4,-4.2,876,2,0
401585473,2024-02-28,Minnesota Timberwolves,Memphis Grizzlies,110,101,2024,9,211,0.0,True,False,17.0,False,False,same_region,0,0,0,13.6,-5.8,19.4,9.7,12.6,-11.6,24.2,12.1,877,2,0
401585472,2024-02-28,Toronto Raptors,Dallas Mavericks,125,136,2024,-11,261,5.0,False,False,0.0,True,True,west_to_east,1,0,1,2.6,3.4,-0.7999999999999998,-0.3999999999999999,-4.8,8.2,-13.0,-6.5,878,2,0
401585471,2024-02-28,Indiana Pacers,New Orleans Pelicans,123,114,2024,9,237,1.0,False,True,0.0,True,False,west_to_east,1,0,1,4.2,6.6,-2.3999999999999995,-1.1999999999999997,2.1,8.3,-6.200000000000001,-3.1000000000000005,879,2,0
401585477,2024-02-29,Charlotte Hornets,Milwaukee Bucks,99,111,2024,-12,210,14.0,False,False,3.0,False,False,same_region,0,0,0,-1.4,7.0,-8.4,-4.2,-3.7,4.1,-7.8,-3.9,880,2,0
401585482,2024-02-29,Phoenix Suns,Houston Rockets,110,105,2024,5,215,3.0,False,False,1.0,False,False,same_region,0,0,0,3.4,-11.2,14.6,7.3,5.7,-9.0,14.7,7.35,881,2,0
401585479,2024-02-29,Brooklyn Nets,Atlanta Hawks,124,97,2024,27,221,15.0,False,False,14.0,False,False,same_region,0,0,0,-19.0,1.8,-20.8,-10.4,-12.9,1.8,-14.700000000000001,-7.3500000000000005,882,2,0
401585478,2024-02-29,Orlando Magic,Utah Jazz,115,107,2024,8,222,1.0,False,False,1.0,False,False,west_to_east,1,0,1,7.6,-7.0,14.6,7.3,3.2,-5.2,8.4,4.2,883,2,0
401585481,2024-02-29,San Antonio Spurs,Oklahoma City Thunder,132,118,2024,14,250,25.0,False,False,3.0,False,False,same_region,0,0,0,-12.2,21.4,-33.599999999999994,-16.799999999999997,-10.2,10.7,-20.9,-10.45,884,2,0
401585480,2024-02-29,New York Knicks,Golden State Warriors,99,110,2024,-11,209,1.0,False,True,1.0,False,False,west_to_east,1,0,1,-7.8,5.8,-13.6,-6.8,-6.7,9.2,-15.899999999999999,-7.949999999999999,885,2,0
401585484,2024-02-29,Los Angeles Lakers,Washington Wizards,134,131,2024,3,265,5.0,False,False,5.0,False,False,east_to_west,1,1,0,-0.6,-17.6,17.0,8.5,3.4,-14.2,17.599999999999998,8.799999999999999,886,2,0
401585483,2024-02-29,Denver Nuggets,Miami Heat,103,97,2024,6,200,0.0,True,False,1.0,False,True,east_to_west,1,1,0,13.6,12.6,1.0,0.5,5.1,9.7,-4.6,-2.3,887,2,0
401585489,2024-03-01,Memphis Grizzlies,Portland Trail Blazers,92,122,2024,-30,214,3.0,False,False,25.0,False,False,same_region,0,0,0,-5.8,-17.4,11.599999999999998,5.799999999999999,-10.5,-12.0,1.5,0.75,888,3,0
401585487,2024-03-01,Boston Celtics,Dallas Mavericks,138,110,2024,28,248,2.0,False,False,1.0,False,True,west_to_east,1,0,1,21.4,4.0,17.4,8.7,15.4,10.5,4.9,2.45,889,3,0
401585485,2024-03-01,Detroit Pistons,Cleveland Cavaliers,100,110,2024,-10,210,5.0,False,False,1.0,False,False,same_region,0,0,0,-5.0,-2.4,-2.6,-1.3,-3.8,4.4,-8.2,-4.1,890,3,0
401585486,2024-03-01,Philadelphia 76ers,Charlotte Hornets,121,114,2024,7,235,4.0,False,False,2.0,False,False,same_region,0,0,0,-10.2,-8.4,-1.799999999999999,-0.8999999999999995,-8.8,-4.3,-4.500000000000001,-2.2500000000000004,891,3,0
401585491,2024-03-01,New Orleans Pelicans,Indiana Pacers,129,102,2024,27,231,4.0,False,False,15.0,False,False,east_to_west,1,1,0,3.4,7.8,-4.4,-2.2,3.6,4.1,-0.49999999999999956,-0.24999999999999978,892,3,0
401585492,2024-03-01,Chicago Bulls,Milwaukee Bucks,97,113,2024,-16,210,1.0,False,True,0.0,True,False,same_region,0,0,0,-2.6,14.6,-17.2,-8.6,-0.3,6.8,-7.1,-3.55,893,3,0
401585493,2024-03-01,LA Clippers,Washington Wizards,140,115,2024,25,255,1.0,False,False,0.0,True,False,east_to_west,1,1,0,-6.2,-16.8,10.600000000000001,5.300000000000001,-4.4,-11.7,7.299999999999999,3.6499999999999995,894,3,0
401585488,2024-03-01,Toronto Raptors,Golden State Warriors,105,120,2024,-15,225,1.0,False,False,0.0,True,True,west_to_east,1,0,1,5.0,7.4,-2.4000000000000004,-1.2000000000000002,-5.1,8.0,-13.1,-6.55,895,3,0
401585490,2024-03-01,Minnesota Timberwolves,Sacramento Kings,120,124,2024,-4,244,1.0,False,True,1.0,False,False,same_region,0,0,0,13.0,-1.4,14.4,7.2,13.7,-3.6,17.3,8.65,896,3,0
401585496,2024-03-02,Memphis Grizzlies,Portland Trail Blazers,100,107,2024,-7,207,0.0,True,False,0.0,True,False,same_region,0,0,0,-13.4,-9.0,-4.4,-2.2,-9.5,-9.3,-0.1999999999999993,-0.09999999999999964,897,3,0
401585495,2024-03-02,Miami Heat,Utah Jazz,126,120,2024,6,246,19.0,False,False,1.0,False,False,west_to_east,1,0,1,6.2,-5.4,11.600000000000001,5.800000000000001,8.3,-5.7,14.0,7.0,898,3,0
401585498,2024-03-02,Phoenix Suns,Houston Rockets,109,118,2024,-9,227,1.0,False,False,1.0,False,False,same_region,0,0,0,3.4,-10.6,14.0,7.0,7.1,-7.4,14.5,7.25,899,3,0
401585497,2024-03-02,Los Angeles Lakers,Denver Nuggets,114,124,2024,-10,238,1.0,False,False,5.0,False,False,same_region,0,0,0,-3.2,15.6,-18.8,-9.4,2.9,4.5,-1.6,-0.8,900,3,0
401585494,2024-03-02,Brooklyn Nets,Atlanta Hawks,114,102,2024,12,216,1.0,False,False,1.0,False,False,same_region,0,0,0,-3.6,-1.6,-2.0,-1.0,-9.1,-1.6,-7.5,-3.75,901,3,0
401585500,2024-03-03,Boston Celtics,Golden State Warriors,140,88,2024,52,228,1.0,False,False,1.0,False,True,west_to_east,1,0,1,25.4,6.8,18.599999999999998,9.299999999999999,19.1,7.3,11.8,5.9,902,3,0
401585505,2024-03-03,San Antonio Spurs,Indiana Pacers,117,105,2024,12,222,2.0,False,False,1.0,False,False,east_to_west,1,1,0,-4.8,2.0,-6.8,-3.4,-7.2,-0.2,-7.0,-3.5,903,3,0
401585501,2024-03-03,Minnesota Timberwolves,LA Clippers,88,89,2024,-1,177,1.0,False,False,8.0,False,False,same_region,0,0,0,4.8,-2.2,7.0,3.5,11.2,-2.7,13.899999999999999,6.949999999999999,904,3,0
401585499,2024-03-03,Dallas Mavericks,Philadelphia 76ers,116,120,2024,-4,236,9.0,False,False,4.0,False,False,east_to_west,1,1,0,-6.2,-7.8,1.5999999999999996,0.7999999999999998,6.1,-6.5,12.6,6.3,905,3,0
401585503,2024-03-03,Toronto Raptors,Charlotte Hornets,111,106,2024,5,217,1.0,False,False,1.0,False,False,same_region,0,0,0,2.4,-11.4,13.8,6.9,-2.8,-4.4,1.6000000000000005,0.8000000000000003,906,3,0
401585502,2024-03-03,Orlando Magic,Detroit Pistons,113,91,2024,22,204,2.0,False,False,4.0,False,False,same_region,0,0,0,5.6,-3.8,9.399999999999999,4.699999999999999,2.8,-3.6,6.4,3.2,907,3,0
401585504,2024-03-03,Cleveland Cavaliers,New York Knicks,98,107,2024,-9,205,4.0,False,False,9.0,False,False,same_region,0,0,0,1.0,-6.4,7.4,3.7,4.6,-7.0,11.6,5.8,908,3,0
401585506,2024-03-03,Phoenix Suns,Oklahoma City Thunder,110,118,2024,-8,228,0.0,True,True,2.0,False,False,same_region,0,0,0,-1.6,15.8,-17.400000000000002,-8.700000000000001,3.4,7.3,-3.9,-1.95,909,3,0
401585507,2024-03-04,Brooklyn Nets,Memphis Grizzlies,102,106,2024,-4,208,1.0,False,False,4.0,False,False,west_to_east,1,0,1,4.4,-15.4,19.8,9.9,-6.7,-9.2,2.499999999999999,1.2499999999999996,910,3,0
401585508,2024-03-04,Milwaukee Bucks,LA Clippers,113,106,2024,7,219,5.0,False,False,0.0,True,False,west_to_east,1,0,1,18.4,2.4,15.999999999999998,7.999999999999999,9.2,-3.1,12.299999999999999,6.1499999999999995,911,3,0
401585510,2024-03-04,Utah Jazz,Washington Wizards,127,115,2024,12,242,7.0,False,False,2.0,False,False,east_to_west,1,1,0,-6.0,-17.8,11.8,5.9,-7.8,-13.4,5.6000000000000005,2.8000000000000003,912,3,0
401585511,2024-03-04,Sacramento Kings,Chicago Bulls,109,113,2024,-4,222,6.0,False,False,7.0,False,False,east_to_west,1,1,0,-1.4,-5.2,3.8000000000000003,1.9000000000000001,-0.6,-1.1,0.5000000000000001,0.25000000000000006,913,3,0
401585512,2024-03-04,Los Angeles Lakers,Oklahoma City Thunder,116,104,2024,12,220,1.0,False,False,0.0,True,False,same_region,0,0,0,-1.6,13.0,-14.6,-7.3,1.3,7.3,-6.0,-3.0,914,3,0
401585509,2024-03-04,Minnesota Timberwolves,Portland Trail Blazers,119,114,2024,5,233,0.0,True,True,1.0,False,True,same_region,0,0,0,5.6,-0.2,5.8,2.9,11.7,-7.4,19.1,9.55,915,3,0
401585521,2024-03-05,Denver Nuggets,Phoenix Suns,107,117,2024,-10,224,4.0,False,False,10.0,False,False,same_region,0,0,0,13.6,-1.2,14.799999999999999,7.3999999999999995,4.6,1.8,2.8,1.4,916,3,0
401585520,2024-03-05,Dallas Mavericks,Indiana Pacers,120,137,2024,-17,257,1.0,False,False,1.0,False,False,east_to_west,1,1,0,-9.0,-3.2,-5.8,-2.9,4.5,-1.7,6.2,3.1,917,3,0
401585519,2024-03-05,Houston Rockets,San Antonio Spurs,114,101,2024,13,215,8.0,False,False,6.0,False,False,same_region,0,0,0,-4.4,-1.4,-3.0000000000000004,-1.5000000000000002,-6.2,-4.8,-1.4000000000000004,-0.7000000000000002,918,3,0
401585513,2024-03-05,Charlotte Hornets,Orlando Magic,89,101,2024,-12,190,4.0,False,False,8.0,False,False,same_region,0,0,0,-9.8,8.6,-18.4,-9.2,-1.3,7.6,-8.9,-4.45,919,3,0
401585518,2024-03-05,Toronto Raptors,New Orleans Pelicans,98,139,2024,-41,237,1.0,False,False,5.0,False,False,west_to_east,1,0,1,-2.2,4.4,-6.6000000000000005,-3.3000000000000003,-2.9,5.2,-8.1,-4.05,920,3,0
401585516,2024-03-05,Miami Heat,Detroit Pistons,118,110,2024,8,228,2.0,False,False,1.0,False,False,same_region,0,0,0,6.4,-5.4,11.8,5.9,9.7,-7.1,16.799999999999997,8.399999999999999,921,3,0
401585515,2024-03-05,Brooklyn Nets,Philadelphia 76ers,112,107,2024,5,219,0.0,True,True,1.0,False,False,same_region,0,0,0,6.6,-4.2,10.8,5.4,-4.8,-3.8,-1.0,-0.5,922,3,0
401585514,2024-03-05,Cleveland Cavaliers,Boston Celtics,105,104,2024,1,209,1.0,False,False,9.0,False,False,same_region,0,0,0,0.6,25.8,-25.2,-12.6,1.4,20.3,-18.900000000000002,-9.450000000000001,923,3,0
401585517,2024-03-05,New York Knicks,Atlanta Hawks,100,116,2024,-16,216,4.0,False,False,2.0,False,False,same_region,0,0,0,-7.4,0.6,-8.0,-4.0,-7.1,-2.3,-4.8,-2.4,924,3,0
401585522,2024-03-06,Washington Wizards,Orlando Magic,109,119,2024,-10,228,7.0,False,False,0.0,True,False,same_region,0,0,0,-12.0,10.4,-22.4,-11.2,-14.2,7.2,-21.4,-10.7,925,3,0
401585524,2024-03-06,Philadelphia 76ers,Memphis Grizzlies,109,115,2024,-6,224,4.0,False,False,1.0,False,False,west_to_east,1,0,1,-6.6,-13.4,6.800000000000001,3.4000000000000004,-3.7,-8.0,4.3,2.15,926,3,0
401585525,2024-03-06,Houston Rockets,LA Clippers,116,122,2024,-6,238,0.0,True,False,1.0,False,True,same_region,0,0,0,-2.6,-0.2,-2.4,-1.2,-4.6,-2.7,-1.8999999999999995,-0.9499999999999997,927,3,0
401585523,2024-03-06,Atlanta Hawks,Cleveland Cavaliers,112,101,2024,11,213,7.0,False,False,4.0,False,False,same_region,0,0,0,4.2,-1.0,5.2,2.6,0.1,-0.9,1.0,0.5,928,3,0
401585527,2024-03-06,Golden State Warriors,Milwaukee Bucks,125,90,2024,35,215,9.0,False,False,4.0,False,False,east_to_west,1,1,0,-6.2,18.8,-25.0,-12.5,2.0,12.3,-10.3,-5.15,929,3,0
401585528,2024-03-06,Portland Trail Blazers,Oklahoma City Thunder,120,128,2024,-8,248,7.0,False,False,1.0,False,True,same_region,0,0,0,1.8,2.4,-0.5999999999999999,-0.29999999999999993,-7.0,6.8,-13.8,-6.9,930,3,0
401585526,2024-03-06,Utah Jazz,Chicago Bulls,117,119,2024,-2,236,1.0,False,False,1.0,False,False,east_to_west,1,1,0,-2.0,-1.0,-1.0,-0.5,-7.3,-1.3,-6.0,-3.0,931,3,0
401585529,2024-03-06,Los Angeles Lakers,Sacramento Kings,120,130,2024,-10,250,1.0,False,False,4.0,False,False,same_region,0,0,0,-0.2,-3.2,3.0,1.5,3.3,0.3,3.0,1.5,932,3,0
401585536,2024-03-07,Sacramento Kings,San Antonio Spurs,131,129,2024,2,260,2.0,False,False,1.0,False,False,same_region,0,0,0,-4.4,-3.0,-1.4000000000000004,-0.7000000000000002,-1.6,-4.5,2.9,1.45,933,3,0
401585535,2024-03-07,Golden State Warriors,Chicago Bulls,122,125,2024,-3,247,0.0,True,False,0.0,True,True,east_to_west,1,1,0,4.0,-2.2,6.2,3.1,3.3,-1.9,5.199999999999999,2.5999999999999996,934,3,0
401585534,2024-03-07,Denver Nuggets,Boston Celtics,115,109,2024,6,224,1.0,False,False,1.0,False,False,east_to_west,1,1,0,8.6,22.2,-13.6,-6.8,2.8,19.4,-16.599999999999998,-8.299999999999999,935,3,0
401585533,2024-03-07,Phoenix Suns,Toronto Raptors,120,113,2024,7,233,3.0,False,False,9.0,False,False,east_to_west,1,1,0,1.6,-10.8,12.4,6.2,1.4,-7.3,8.7,4.35,936,3,0
401585532,2024-03-07,Dallas Mavericks,Miami Heat,114,108,2024,6,222,1.0,False,False,6.0,False,False,east_to_west,1,1,0,-8.0,5.8,-13.8,-6.9,1.4,7.9,-6.5,-3.25,937,3,0
401585531,2024-03-07,Indiana Pacers,Minnesota Timberwolves,111,113,2024,-2,224,7.0,False,False,20.0,False,False,west_to_east,1,0,1,-4.2,3.6,-7.800000000000001,-3.9000000000000004,2.2,9.8,-7.6000000000000005,-3.8000000000000003,938,3,0
401585530,2024-03-07,Detroit Pistons,Brooklyn Nets,118,112,2024,6,230,5.0,False,False,8.0,False,False,same_region,0,0,0,-6.4,2.6,-9.0,-4.5,-8.5,-6.3,-2.2,-1.1,939,3,0
401585538,2024-03-08,Washington Wizards,Charlotte Hornets,112,100,2024,12,212,1.0,False,False,4.0,False,False,same_region,0,0,0,-12.2,-14.8,2.6000000000000014,1.3000000000000007,-14.6,-3.4,-11.2,-5.6,940,3,0
401585544,2024-03-08,Portland Trail Blazers,Houston Rockets,107,123,2024,-16,230,1.0,False,False,5.0,False,False,same_region,0,0,0,2.8,-1.2,4.0,2.0,-7.2,-4.3,-2.9000000000000004,-1.4500000000000002,941,3,0
401585539,2024-03-08,Cleveland Cavaliers,Minnesota Timberwolves,113,104,2024,9,217,2.0,False,False,0.0,True,False,west_to_east,1,0,1,-3.6,2.2,-5.800000000000001,-2.9000000000000004,-1.8,7.9,-9.700000000000001,-4.8500000000000005,942,3,0
401585537,2024-03-08,Philadelphia 76ers,New Orleans Pelicans,95,103,2024,-8,198,1.0,False,False,2.0,False,False,west_to_east,1,0,1,-3.6,14.8,-18.400000000000002,-9.200000000000001,-4.9,11.0,-15.9,-7.95,943,3,0
401585541,2024-03-08,Memphis Grizzlies,Atlanta Hawks,92,99,2024,-7,191,5.0,False,False,2.0,False,False,east_to_west,1,1,0,-7.2,3.0,-10.2,-5.1,-6.5,0.6,-7.1,-3.55,944,3,0
401585540,2024-03-08,New York Knicks,Orlando Magic,98,74,2024,24,172,2.0,False,False,1.0,False,True,same_region,0,0,0,-7.8,15.8,-23.6,-11.8,-7.3,7.6,-14.899999999999999,-7.449999999999999,945,3,0
401585542,2024-03-08,Oklahoma City Thunder,Miami Heat,107,100,2024,7,207,9.0,False,False,0.0,True,False,east_to_west,1,1,0,1.4,2.4,-1.0,-0.5,11.1,6.1,5.0,2.5,946,3,0
401585543,2024-03-08,Los Angeles Lakers,Milwaukee Bucks,123,122,2024,1,245,1.0,False,False,1.0,False,False,east_to_west,1,1,0,-0.2,7.6,-7.8,-3.9,0.6,5.2,-4.6000000000000005,-2.3000000000000003,947,3,0
401585545,2024-03-09,LA Clippers,Chicago Bulls,112,102,2024,10,214,7.0,False,False,1.0,False,True,east_to_west,1,1,0,4.2,0.4,3.8000000000000003,1.9000000000000001,-2.7,-1.0,-1.7000000000000002,-0.8500000000000001,948,3,0
401585547,2024-03-09,Detroit Pistons,Dallas Mavericks,124,142,2024,-18,266,1.0,False,False,7.0,False,False,west_to_east,1,0,1,-4.8,-6.4,1.6000000000000005,0.8000000000000003,-7.3,-1.5,-5.8,-2.9,949,3,0
401585546,2024-03-09,Charlotte Hornets,Brooklyn Nets,110,99,2024,11,209,3.0,False,False,1.0,False,False,same_region,0,0,0,-9.6,6.8,-16.4,-8.2,-5.5,-6.1,0.5999999999999996,0.2999999999999998,950,3,0
401585549,2024-03-09,Golden State Warriors,San Antonio Spurs,113,126,2024,-13,239,1.0,False,True,1.0,False,False,same_region,0,0,0,1.2,0.4,0.7999999999999999,0.39999999999999997,3.5,-2.7,6.2,3.1,951,3,0
401585550,2024-03-09,Denver Nuggets,Utah Jazz,142,121,2024,21,263,1.0,False,False,6.0,False,False,same_region,0,0,0,6.6,-6.2,12.8,6.4,6.3,-6.1,12.399999999999999,6.199999999999999,952,3,0
401585551,2024-03-09,Portland Trail Blazers,Toronto Raptors,128,118,2024,10,246,0.0,True,True,1.0,False,False,east_to_west,1,1,0,1.6,-13.8,15.4,7.7,-7.9,-5.6,-2.3000000000000007,-1.1500000000000004,953,3,0
401585548,2024-03-09,Phoenix Suns,Boston Celtics,107,117,2024,-10,224,1.0,False,False,1.0,False,False,east_to_west,1,1,0,1.0,18.2,-17.2,-8.6,2.2,18.4,-16.2,-8.1,954,3,0
401585555,2024-03-10,New York Knicks,Philadelphia 76ers,73,79,2024,-6,152,1.0,False,False,4.0,False,False,same_region,0,0,0,-3.4,-1.6,-1.7999999999999998,-0.8999999999999999,-3.5,-5.9,2.4000000000000004,1.2000000000000002,955,3,0
401585554,2024-03-10,Miami Heat,Washington Wizards,108,110,2024,-2,218,4.0,False,False,5.0,False,False,same_region,0,0,0,-1.0,-7.6,6.6,3.3,5.8,-12.6,18.4,9.2,956,3,0
401585556,2024-03-10,Orlando Magic,Indiana Pacers,97,111,2024,-14,208,6.0,False,False,4.0,False,False,same_region,0,0,0,5.6,-3.0,8.6,4.3,6.6,0.6,6.0,3.0,957,3,0
401585553,2024-03-10,Atlanta Hawks,New Orleans Pelicans,103,116,2024,-13,219,3.0,False,False,1.0,False,False,west_to_east,1,0,1,-1.0,18.0,-19.0,-9.5,0.4,10.9,-10.5,-5.25,958,3,0
401585557,2024-03-10,Sacramento Kings,Houston Rockets,104,112,2024,-8,216,2.0,False,False,1.0,False,False,same_region,0,0,0,-1.8,5.4,-7.2,-3.6,0.0,-2.9,2.9,1.45,959,3,0
401585558,2024-03-10,Cleveland Cavaliers,Brooklyn Nets,101,120,2024,-19,221,1.0,False,False,0.0,True,True,same_region,0,0,0,0.0,-0.8,0.8,0.4,-1.2,-2.2,1.0000000000000002,0.5000000000000001,960,3,0
401585559,2024-03-10,Oklahoma City Thunder,Memphis Grizzlies,124,93,2024,31,217,1.0,False,False,3.0,False,False,same_region,0,0,0,-0.6,-6.8,6.2,3.1,10.4,-6.3,16.7,8.35,961,3,0
401585560,2024-03-10,Los Angeles Lakers,Minnesota Timberwolves,120,109,2024,11,229,1.0,False,False,1.0,False,True,same_region,0,0,0,-0.8,-1.4,0.5999999999999999,0.29999999999999993,-0.7,5.8,-6.5,-3.25,962,3,0
401585552,2024-03-10,LA Clippers,Milwaukee Bucks,117,124,2024,-7,241,0.0,True,False,1.0,False,False,east_to_west,1,1,0,7.0,-0.2,7.2,3.6,0.4,3.4,-3.0,-1.5,963,3,0
401585564,2024-03-11,San Antonio Spurs,Golden State Warriors,102,112,2024,-10,214,7.0,False,False,7.0,False,False,same_region,0,0,0,4.8,-3.6,8.4,4.2,-3.7,1.9,-5.6,-2.8,964,3,0
401585566,2024-03-11,Portland Trail Blazers,Boston Celtics,99,121,2024,-22,220,1.0,False,True,1.0,False,False,east_to_west,1,1,0,-2.4,16.6,-19.0,-9.5,-5.7,19.0,-24.7,-12.35,965,3,0
401585565,2024-03-11,Denver Nuggets,Toronto Raptors,125,119,2024,6,244,1.0,False,False,1.0,False,False,east_to_west,1,1,0,6.6,-13.6,20.2,10.1,10.1,-4.3,14.399999999999999,7.199999999999999,966,3,0
401585562,2024-03-11,Cleveland Cavaliers,Phoenix Suns,111,117,2024,-6,228,0.0,True,True,5.0,False,False,west_to_east,1,0,1,-5.8,-2.0,-3.8,-1.9,-2.4,0.7,-3.0999999999999996,-1.5499999999999998,967,3,0
401585561,2024-03-11,Detroit Pistons,Charlotte Hornets,114,97,2024,17,211,1.0,False,False,2.0,False,False,same_region,0,0,0,-10.4,-5.0,-5.4,-2.7,-7.7,-6.7,-1.0,-0.5,968,3,0
401585563,2024-03-11,Chicago Bulls,Dallas Mavericks,92,127,2024,-35,219,9.0,False,False,1.0,False,False,west_to_east,1,0,1,-3.4,-5.0,1.6,0.8,-3.0,-0.5,-2.5,-1.25,969,3,0
401585567,2024-03-12,New York Knicks,Philadelphia 76ers,106,79,2024,27,185,1.0,False,False,1.0,False,False,same_region,0,0,0,0.0,-1.8,1.8,0.9,-3.9,-4.8,0.8999999999999999,0.44999999999999996,970,3,0
401585568,2024-03-12,Memphis Grizzlies,Washington Wizards,109,97,2024,12,206,3.0,False,False,1.0,False,False,east_to_west,1,1,0,-7.0,-6.6,-0.40000000000000036,-0.20000000000000018,-10.2,-11.7,1.5,0.75,971,3,0
401585569,2024-03-12,Oklahoma City Thunder,Indiana Pacers,111,121,2024,-10,232,1.0,False,False,1.0,False,False,east_to_west,1,1,0,8.4,-2.0,10.4,5.2,12.1,2.9,9.2,4.6,972,3,0
401585571,2024-03-12,Utah Jazz,Boston Celtics,107,123,2024,-16,230,5.0,False,False,0.0,True,True,east_to_west,1,1,0,-5.0,15.4,-20.4,-10.2,-6.0,20.4,-26.4,-13.2,973,3,0
401585572,2024-03-12,LA Clippers,Minnesota Timberwolves,100,118,2024,-18,218,1.0,False,True,1.0,False,False,same_region,0,0,0,0.6,-2.8,3.4,1.7,-0.8,1.0,-1.8,-0.9,974,3,0
401585573,2024-03-12,Sacramento Kings,Milwaukee Bucks,129,94,2024,35,223,1.0,False,False,1.0,False,False,east_to_west,1,1,0,0.8,-1.2,2.0,1.0,-0.3,6.7,-7.0,-3.5,975,3,0
401585570,2024-03-12,San Antonio Spurs,Houston Rockets,101,103,2024,-2,204,0.0,True,False,1.0,False,False,same_region,0,0,0,0.0,8.0,-8.0,-4.0,-2.4,-1.3,-1.0999999999999999,-0.5499999999999999,976,3,0
401585579,2024-03-13,New Orleans Pelicans,Cleveland Cavaliers,95,116,2024,-21,211,11.0,False,False,6.0,False,False,east_to_west,1,1,0,16.0,-5.2,21.2,10.6,11.3,-2.3,13.600000000000001,6.800000000000001,977,3,0
401585575,2024-03-13,Orlando Magic,Brooklyn Nets,114,106,2024,8,220,2.0,False,False,2.0,False,False,same_region,0,0,0,1.2,0.6,0.6,0.3,3.4,2.5,0.8999999999999999,0.44999999999999996,978,3,0
401585577,2024-03-13,Miami Heat,Denver Nuggets,88,100,2024,-12,188,2.0,False,False,10.0,False,False,west_to_east,1,0,1,-0.2,6.6,-6.8,-3.4,3.0,11.1,-8.1,-4.05,979,3,0
401585576,2024-03-13,Indiana Pacers,Chicago Bulls,129,132,2024,-3,261,5.0,False,False,3.0,False,False,same_region,0,0,0,5.4,-7.2,12.600000000000001,6.300000000000001,3.7,-6.2,9.9,4.95,980,3,0
401585578,2024-03-13,Memphis Grizzlies,Charlotte Hornets,98,110,2024,-12,208,0.0,True,False,1.0,False,False,east_to_west,1,1,0,-3.2,-7.0,3.8,1.9,-9.3,-9.2,-0.10000000000000142,-0.05000000000000071,981,3,0
401585580,2024-03-13,Dallas Mavericks,Golden State Warriors,109,99,2024,10,208,5.0,False,False,1.0,False,False,same_region,0,0,0,7.6,-4.6,12.2,6.1,0.7,1.1,-0.40000000000000013,-0.20000000000000007,982,3,0
401585581,2024-03-13,Portland Trail Blazers,Atlanta Hawks,106,102,2024,4,208,1.0,False,False,4.0,False,False,east_to_west,1,1,0,-8.2,1.8,-10.0,-5.0,-4.2,0.1,-4.3,-2.15,983,3,0
401585582,2024-03-13,Sacramento Kings,Los Angeles Lakers,120,107,2024,13,227,0.0,True,True,13.0,False,False,same_region,0,0,0,7.0,0.8,6.2,3.1,2.8,-1.2,4.0,2.0,984,3,0
401585574,2024-03-13,Detroit Pistons,Toronto Raptors,113,104,2024,9,217,1.0,False,False,1.0,False,False,same_region,0,0,0,-5.0,-11.8,6.800000000000001,3.4000000000000004,-4.4,-4.7,0.2999999999999998,0.1499999999999999,985,3,0
401585588,2024-03-14,Portland Trail Blazers,New York Knicks,93,105,2024,-12,198,0.0,True,True,10.0,False,False,east_to_west,1,1,0,-6.4,7.6,-14.0,-7.0,-2.3,0.6,-2.9,-1.45,986,3,0
401585587,2024-03-14,Oklahoma City Thunder,Dallas Mavericks,126,119,2024,7,245,1.0,False,False,2.0,False,False,same_region,0,0,0,4.8,10.4,-5.6000000000000005,-2.8000000000000003,8.9,0.7,8.200000000000001,4.1000000000000005,987,3,0
401585586,2024-03-14,Milwaukee Bucks,Philadelphia 76ers,114,105,2024,9,219,9.0,False,False,1.0,False,False,same_region,0,0,0,-11.4,-8.0,-3.4000000000000004,-1.7000000000000002,3.5,-6.1,9.6,4.8,988,3,0
401585585,2024-03-14,Houston Rockets,Washington Wizards,135,119,2024,16,254,7.0,False,False,1.0,False,False,east_to_west,1,1,0,6.6,-4.0,10.6,5.3,1.1,-10.9,12.0,6.0,989,3,0
401585584,2024-03-14,Chicago Bulls,LA Clippers,111,126,2024,-15,237,2.0,False,False,7.0,False,False,west_to_east,1,0,1,-7.4,-3.2,-4.2,-2.1,-4.2,-0.4,-3.8000000000000003,-1.9000000000000001,990,3,0
401585583,2024-03-14,Boston Celtics,Phoenix Suns,127,112,2024,15,239,10.0,False,False,2.0,False,False,west_to_east,1,0,1,8.2,1.0,7.199999999999999,3.5999999999999996,17.0,-0.3,17.3,8.65,991,3,0
401585589,2024-03-15,Charlotte Hornets,Phoenix Suns,96,107,2024,-11,203,5.0,False,False,0.0,True,False,west_to_east,1,0,1,-3.6,-0.4,-3.2,-1.6,-6.7,-0.8,-5.9,-2.95,992,3,0
401585590,2024-03-15,Detroit Pistons,Miami Heat,95,108,2024,-13,203,1.0,False,False,6.0,False,False,same_region,0,0,0,1.2,-3.8,5.0,2.5,-2.1,1.3,-3.4000000000000004,-1.7000000000000002,993,3,0
401585594,2024-03-15,Utah Jazz,Atlanta Hawks,124,122,2024,2,246,2.0,False,False,1.0,False,False,east_to_west,1,1,0,-6.6,3.4,-10.0,-5.0,-6.0,2.0,-8.0,-4.0,994,3,0
401585592,2024-03-15,New Orleans Pelicans,LA Clippers,112,104,2024,8,216,1.0,False,False,0.0,True,False,same_region,0,0,0,13.6,1.2,12.4,6.2,8.5,0.5,8.0,4.0,995,3,0
401585593,2024-03-15,San Antonio Spurs,Denver Nuggets,106,117,2024,-11,223,2.0,False,False,1.0,False,False,same_region,0,0,0,-2.8,7.0,-9.8,-4.9,-2.1,10.3,-12.4,-6.2,996,3,0
401585591,2024-03-15,Toronto Raptors,Orlando Magic,103,113,2024,-10,216,9.0,False,False,6.0,False,False,same_region,0,0,0,-14.6,-1.6,-13.0,-6.5,-8.4,3.5,-11.9,-5.95,997,3,0
401585599,2024-03-16,Chicago Bulls,Washington Wizards,127,98,2024,29,225,1.0,False,False,1.0,False,False,same_region,0,0,0,-10.8,-4.8,-6.000000000000001,-3.0000000000000004,-6.5,-8.4,1.9000000000000004,0.9500000000000002,998,3,0
401585603,2024-03-16,Sacramento Kings,New York Knicks,91,98,2024,-7,189,2.0,False,False,1.0,False,False,east_to_west,1,1,0,10.4,8.2,2.200000000000001,1.1000000000000005,3.6,0.4,3.2,1.6,999,3,0
401585601,2024-03-16,Los Angeles Lakers,Golden State Warriors,121,128,2024,-7,249,5.0,False,False,2.0,False,False,same_region,0,0,0,0.2,3.8,-3.5999999999999996,-1.7999999999999998,-0.7,-1.2,0.5,0.25,1000,3,0
401585600,2024-03-16,Memphis Grizzlies,Oklahoma City Thunder,112,118,2024,-6,230,2.0,False,False,9.0,False,False,same_region,0,0,0,-6.4,8.6,-15.0,-7.5,-9.9,5.5,-15.4,-7.7,1001,3,0
401585596,2024-03-16,Indiana Pacers,Brooklyn Nets,121,100,2024,21,221,2.0,False,False,2.0,False,False,same_region,0,0,0,7.2,-0.2,7.4,3.7,2.0,3.2,-1.2000000000000002,-0.6000000000000001,1002,3,0
401585598,2024-03-16,New Orleans Pelicans,Portland Trail Blazers,126,107,2024,19,233,0.0,True,True,11.0,False,False,same_region,0,0,0,9.8,-7.2,17.0,8.5,7.1,-2.2,9.3,4.65,1003,3,0
401585597,2024-03-16,Philadelphia 76ers,Charlotte Hornets,109,98,2024,11,207,7.0,False,False,2.0,False,False,same_region,0,0,0,-8.8,-3.4,-5.4,-2.7,-7.7,-9.1,1.3999999999999995,0.6999999999999997,1004,3,0
401585595,2024-03-16,Houston Rockets,Cleveland Cavaliers,117,103,2024,14,220,1.0,False,False,2.0,False,False,east_to_west,1,1,0,7.2,-1.2,8.4,4.2,2.3,-1.1,3.4,1.7,1005,3,0
401585602,2024-03-16,Utah Jazz,Minnesota Timberwolves,100,119,2024,-19,219,0.0,True,False,3.0,False,False,same_region,0,0,0,-5.0,1.0,-6.0,-3.0,-5.5,3.3,-8.8,-4.4,1006,3,0
401585605,2024-03-17,Detroit Pistons,Miami Heat,101,104,2024,-3,205,1.0,False,False,1.0,False,False,same_region,0,0,0,0.2,-2.8,3.0,1.5,-3.1,1.5,-4.6,-2.3,1007,3,0
401585608,2024-03-17,Washington Wizards,Boston Celtics,104,130,2024,-26,234,8.0,False,False,4.0,False,False,same_region,0,0,0,-8.6,11.4,-20.0,-10.0,-10.4,16.8,-27.200000000000003,-13.600000000000001,1008,3,0
401585606,2024-03-17,Dallas Mavericks,Denver Nuggets,107,105,2024,2,212,3.0,False,False,1.0,False,False,same_region,0,0,0,12.4,11.2,1.200000000000001,0.6000000000000005,2.2,9.9,-7.7,-3.85,1009,3,0
401585609,2024-03-17,San Antonio Spurs,Brooklyn Nets,122,115,2024,7,237,1.0,False,False,0.0,True,False,east_to_west,1,1,0,-2.4,-5.4,3.0000000000000004,1.5000000000000002,-2.7,-1.4,-1.3000000000000003,-0.6500000000000001,1010,3,0
401585607,2024-03-17,Orlando Magic,Toronto Raptors,111,96,2024,15,207,3.0,False,False,3.0,False,False,same_region,0,0,0,-2.0,-8.4,6.4,3.2,4.2,-9.6,13.8,6.9,1011,3,0
401585610,2024-03-17,LA Clippers,Atlanta Hawks,93,110,2024,-17,203,4.0,False,False,1.0,False,False,east_to_west,1,1,0,-1.6,-0.2,-1.4000000000000001,-0.7000000000000001,1.3,2.0,-0.7,-0.35,1012,3,0
401585604,2024-03-17,Milwaukee Bucks,Phoenix Suns,140,129,2024,11,269,2.0,False,False,1.0,False,True,west_to_east,1,0,1,-11.0,-0.2,-10.8,-5.4,3.9,0.7,3.2,1.6,1013,3,0
401585611,2024-03-18,Indiana Pacers,Cleveland Cavaliers,103,108,2024,-5,211,1.0,False,False,1.0,False,False,same_region,0,0,0,8.0,-1.8,9.8,4.9,1.9,-2.7,4.6,2.3,1014,3,0
401585612,2024-03-18,Boston Celtics,Detroit Pistons,119,94,2024,25,213,3.0,False,False,12.0,False,False,same_region,0,0,0,17.8,-1.6,19.400000000000002,9.700000000000001,18.0,-3.2,21.2,10.6,1015,3,0
401585614,2024-03-18,Chicago Bulls,Portland Trail Blazers,110,107,2024,3,217,1.0,False,False,1.0,False,False,west_to_east,1,0,1,-5.6,-7.8,2.2,1.1,-2.6,-3.1,0.5,0.25,1016,3,0
401585613,2024-03-18,Philadelphia 76ers,Miami Heat,98,91,2024,7,189,1.0,False,False,0.0,True,True,same_region,0,0,0,-5.4,-1.0,-4.4,-2.2,-4.5,0.7,-5.2,-2.6,1017,3,0
401585616,2024-03-18,Golden State Warriors,New York Knicks,112,119,2024,-7,231,8.0,False,False,1.0,False,False,east_to_west,1,1,0,-1.8,12.8,-14.600000000000001,-7.300000000000001,1.1,2.5,-1.4,-0.7,1018,3,0
401585615,2024-03-18,Utah Jazz,Minnesota Timberwolves,104,114,2024,-10,218,1.0,False,True,1.0,False,False,same_region,0,0,0,-11.2,3.8,-15.0,-7.5,-6.6,3.7,-10.3,-5.15,1019,3,0
401585618,2024-03-18,Los Angeles Lakers,Atlanta Hawks,136,105,2024,31,241,1.0,False,False,0.0,True,True,east_to_west,1,1,0,-3.6,1.0,-4.6,-2.3,-1.9,2.0,-3.9,-1.95,1020,3,0
401585617,2024-03-18,Sacramento Kings,Memphis Grizzlies,121,111,2024,10,232,1.0,False,False,7.0,False,False,same_region,0,0,0,7.0,-8.8,15.8,7.9,1.3,-8.0,9.3,4.65,1021,3,0
401585620,2024-03-19,Washington Wizards,Houston Rockets,114,137,2024,-23,251,1.0,False,False,6.0,False,False,west_to_east,1,0,1,-16.2,11.2,-27.4,-13.7,-11.9,5.0,-16.9,-8.45,1022,3,0
401585619,2024-03-19,Orlando Magic,Charlotte Hornets,112,92,2024,20,204,1.0,False,False,2.0,False,False,same_region,0,0,0,-1.0,-3.2,2.2,1.1,7.4,-6.4,13.8,6.9,1023,3,0
401585623,2024-03-19,Minnesota Timberwolves,Denver Nuggets,112,115,2024,-3,227,14.0,False,False,1.0,False,False,same_region,0,0,0,5.4,9.6,-4.199999999999999,-2.0999999999999996,3.8,8.1,-4.3,-2.15,1024,3,0
401585622,2024-03-19,San Antonio Spurs,Dallas Mavericks,107,113,2024,-6,220,1.0,False,False,4.0,False,False,same_region,0,0,0,-0.6,11.6,-12.2,-6.1,-0.1,2.6,-2.7,-1.35,1025,3,0
401585621,2024-03-19,Brooklyn Nets,New Orleans Pelicans,91,104,2024,-13,195,13.0,False,False,8.0,False,False,west_to_east,1,0,1,-5.6,5.4,-11.0,-5.5,0.6,10.1,-9.5,-4.75,1026,3,0
401585626,2024-03-20,Boston Celtics,Milwaukee Bucks,122,119,2024,3,241,1.0,False,False,7.0,False,False,same_region,0,0,0,20.8,-1.8,22.6,11.3,18.7,2.9,15.799999999999999,7.8999999999999995,1027,3,0
401585627,2024-03-20,Toronto Raptors,Sacramento Kings,89,123,2024,-34,212,4.0,False,False,13.0,False,False,west_to_east,1,0,1,-10.0,8.6,-18.6,-9.3,-11.9,3.4,-15.3,-7.65,1028,3,0
401585625,2024-03-20,Detroit Pistons,Indiana Pacers,103,122,2024,-19,225,2.0,False,False,7.0,False,False,same_region,0,0,0,-3.0,7.4,-10.4,-5.2,-6.7,2.2,-8.9,-4.45,1029,3,0
401585624,2024-03-20,Cleveland Cavaliers,Miami Heat,104,107,2024,-3,211,8.0,False,False,1.0,False,True,same_region,0,0,0,-2.6,-1.0,-1.6,-0.8,-1.3,-1.0,-0.30000000000000004,-0.15000000000000002,1030,3,0
401585630,2024-03-20,Phoenix Suns,Philadelphia 76ers,115,102,2024,13,217,10.0,False,False,5.0,False,False,east_to_west,1,1,0,-3.8,-2.4,-1.4,-0.7,-1.4,-2.0,0.6000000000000001,0.30000000000000004,1031,3,0
401585631,2024-03-20,Portland Trail Blazers,LA Clippers,103,116,2024,-13,219,5.0,False,False,4.0,False,False,same_region,0,0,0,-10.4,-7.0,-3.4000000000000004,-1.7000000000000002,-6.4,0.0,-6.4,-3.2,1032,3,0
401585629,2024-03-20,Golden State Warriors,Memphis Grizzlies,137,116,2024,21,253,1.0,False,False,1.0,False,False,same_region,0,0,0,-2.6,-9.4,6.800000000000001,3.4000000000000004,-0.7,-8.1,7.3999999999999995,3.6999999999999997,1033,3,0
401585628,2024-03-20,Oklahoma City Thunder,Utah Jazz,119,107,2024,12,226,5.0,False,False,10.0,False,False,same_region,0,0,0,8.2,-12.8,21.0,10.5,4.8,-9.5,14.3,7.15,1034,3,0
401585638,2024-03-21,Phoenix Suns,Atlanta Hawks,128,115,2024,13,243,0.0,True,False,2.0,False,False,east_to_west,1,1,0,0.8,-6.6,7.3999999999999995,3.6999999999999997,-0.6,-3.8,3.1999999999999997,1.5999999999999999,1035,3,0
401585637,2024-03-21,Denver Nuggets,New York Knicks,113,100,2024,13,213,9.0,False,False,2.0,False,False,east_to_west,1,1,0,6.0,9.4,-3.4000000000000004,-1.7000000000000002,6.3,3.0,3.3,1.65,1036,3,0
401585636,2024-03-21,Dallas Mavericks,Utah Jazz,113,97,2024,16,210,3.0,False,False,0.0,True,False,same_region,0,0,0,9.2,-11.0,20.2,10.1,2.1,-8.0,10.1,5.05,1037,3,0
401585635,2024-03-21,Milwaukee Bucks,Brooklyn Nets,115,108,2024,7,223,3.0,False,False,3.0,False,False,same_region,0,0,0,-2.2,-6.0,3.8,1.9,-1.2,-3.4,2.2,1.1,1038,3,0
401585634,2024-03-21,Houston Rockets,Chicago Bulls,127,117,2024,10,244,4.0,False,False,7.0,False,False,east_to_west,1,1,0,12.6,-3.0,15.6,7.8,9.0,-3.2,12.2,6.1,1039,3,0
401585633,2024-03-21,Washington Wizards,Sacramento Kings,109,102,2024,7,211,1.0,False,False,0.0,True,False,west_to_east,1,0,1,-21.2,17.0,-38.2,-19.1,-13.9,8.9,-22.8,-11.4,1040,3,0
401585632,2024-03-21,Orlando Magic,New Orleans Pelicans,121,106,2024,15,227,1.0,False,False,1.0,False,False,west_to_east,1,0,1,7.8,6.4,1.3999999999999995,0.6999999999999997,6.7,12.2,-5.499999999999999,-2.7499999999999996,1041,3,0
401585646,2024-03-22,Los Angeles Lakers,Philadelphia 76ers,101,94,2024,7,195,3.0,False,False,1.0,False,False,east_to_west,1,1,0,4.6,-6.2,10.8,5.4,2.2,-4.0,6.2,3.1,1042,3,0
401585639,2024-03-22,Detroit Pistons,Boston Celtics,102,129,2024,-27,231,1.0,False,False,4.0,False,False,same_region,0,0,0,-10.2,17.0,-27.2,-13.6,-7.6,16.2,-23.799999999999997,-11.899999999999999,1043,3,0
401585641,2024-03-22,Miami Heat,New Orleans Pelicans,88,111,2024,-23,199,8.0,False,False,0.0,True,True,west_to_east,1,0,1,0.0,0.8,-0.8,-0.4,-0.1,8.4,-8.5,-4.25,1044,3,0
401585640,2024-03-22,Toronto Raptors,Oklahoma City Thunder,103,123,2024,-20,226,1.0,False,False,5.0,False,False,west_to_east,1,0,1,-14.8,9.2,-24.0,-12.0,-14.2,4.3,-18.5,-9.25,1045,3,0
401585642,2024-03-22,Minnesota Timberwolves,Cleveland Cavaliers,104,91,2024,13,195,2.0,False,False,3.0,False,False,east_to_west,1,1,0,6.6,0.6,6.0,3.0,2.6,-2.6,5.2,2.6,1046,3,0
401585644,2024-03-22,Golden State Warriors,Indiana Pacers,111,123,2024,-12,234,1.0,False,False,1.0,False,False,east_to_west,1,1,0,4.2,8.4,-4.2,-2.1,0.3,3.2,-2.9000000000000004,-1.4500000000000002,1047,3,0
401585645,2024-03-22,Portland Trail Blazers,LA Clippers,117,125,2024,-8,242,1.0,False,False,1.0,False,False,same_region,0,0,0,-8.6,-3.0,-5.6,-2.8,-8.4,-1.2,-7.2,-3.6,1048,3,0
401585643,2024-03-22,San Antonio Spurs,Memphis Grizzlies,97,99,2024,-2,196,2.0,False,False,1.0,False,False,same_region,0,0,0,-4.4,-7.4,3.0,1.5,0.2,-7.2,7.4,3.7,1049,3,0
401585649,2024-03-23,Atlanta Hawks,Charlotte Hornets,132,91,2024,41,223,12.0,False,False,3.0,False,False,same_region,0,0,0,-6.6,-9.4,2.8000000000000007,1.4000000000000004,-2.4,-7.2,4.800000000000001,2.4000000000000004,1050,3,0
401585654,2024-03-23,Portland Trail Blazers,Denver Nuggets,111,114,2024,-3,225,0.0,True,True,3.0,False,False,same_region,0,0,0,-11.0,7.4,-18.4,-9.2,-8.7,7.0,-15.7,-7.85,1051,3,0
401585647,2024-03-23,New York Knicks,Brooklyn Nets,105,93,2024,12,198,10.0,False,False,1.0,False,False,same_region,0,0,0,8.0,-11.2,19.2,9.6,4.0,-5.3,9.3,4.65,1052,3,0
401585648,2024-03-23,Orlando Magic,Sacramento Kings,107,109,2024,-2,216,1.0,False,False,1.0,False,True,west_to_east,1,0,1,13.6,8.6,5.0,2.5,7.4,7.8,-0.39999999999999947,-0.19999999999999973,1053,3,0
401585652,2024-03-23,Houston Rockets,Utah Jazz,147,119,2024,28,266,1.0,False,False,1.0,False,True,same_region,0,0,0,13.0,-11.0,24.0,12.0,10.5,-8.8,19.3,9.65,1054,3,0
401585653,2024-03-23,San Antonio Spurs,Phoenix Suns,106,131,2024,-25,237,0.0,True,False,5.0,False,False,same_region,0,0,0,-2.8,2.2,-5.0,-2.5,-1.4,1.6,-3.0,-1.5,1055,3,0
401585650,2024-03-23,Washington Wizards,Toronto Raptors,112,109,2024,3,221,1.0,False,False,5.0,False,False,same_region,0,0,0,-17.4,-17.6,0.20000000000000284,0.10000000000000142,-10.7,-14.7,4.0,2.0,1056,3,0
401585651,2024-03-23,Chicago Bulls,Boston Celtics,113,124,2024,-11,237,4.0,False,False,0.0,True,False,same_region,0,0,0,2.0,19.2,-17.2,-8.6,-2.6,13.7,-16.3,-8.15,1057,3,0
401585660,2024-03-24,Los Angeles Lakers,Indiana Pacers,150,145,2024,5,295,1.0,False,False,1.0,False,False,east_to_west,1,1,0,5.8,8.8,-3.000000000000001,-1.5000000000000004,2.5,7.1,-4.6,-2.3,1058,3,0
401585659,2024-03-24,Minnesota Timberwolves,Golden State Warriors,114,110,2024,4,224,1.0,False,False,7.0,False,False,same_region,0,0,0,11.4,-0.2,11.6,5.8,4.3,-2.4,6.699999999999999,3.3499999999999996,1059,3,0
401585658,2024-03-24,Milwaukee Bucks,Oklahoma City Thunder,118,93,2024,25,211,2.0,False,False,1.0,False,False,west_to_east,1,0,1,-2.2,7.0,-9.2,-4.6,-1.7,7.7,-9.4,-4.7,1060,3,0
401585657,2024-03-24,Miami Heat,Cleveland Cavaliers,121,84,2024,37,205,1.0,False,False,1.0,False,False,same_region,0,0,0,-2.2,-0.8,-1.4000000000000001,-0.7000000000000001,-3.0,-3.0,0.0,0.0,1061,3,0
401585656,2024-03-24,LA Clippers,Philadelphia 76ers,107,121,2024,-14,228,6.0,False,False,1.0,False,False,east_to_west,1,1,0,2.2,-2.2,4.4,2.2,-0.5,-5.1,4.6,2.3,1062,3,0
401585655,2024-03-24,Detroit Pistons,New Orleans Pelicans,101,114,2024,-13,215,1.0,False,False,1.0,False,True,west_to_east,1,0,1,-17.4,9.6,-27.0,-13.5,-8.1,11.6,-19.7,-9.85,1063,3,0
401585665,2024-03-25,Chicago Bulls,Washington Wizards,105,107,2024,-2,212,1.0,False,False,8.0,False,False,same_region,0,0,0,-0.8,-13.6,12.799999999999999,6.3999999999999995,-4.1,-9.2,5.1,2.55,1064,3,0
401585663,2024-03-25,New York Knicks,Detroit Pistons,124,99,2024,25,223,1.0,False,False,6.0,False,False,same_region,0,0,0,5.0,-17.4,22.4,11.2,6.3,-8.6,14.899999999999999,7.449999999999999,1065,3,0
401585664,2024-03-25,Toronto Raptors,Brooklyn Nets,88,96,2024,-8,184,2.0,False,False,1.0,False,False,same_region,0,0,0,-16.4,-12.0,-4.399999999999999,-2.1999999999999993,-15.5,-6.1,-9.4,-4.7,1066,3,0
401585662,2024-03-25,Atlanta Hawks,Boston Celtics,120,118,2024,2,238,1.0,False,False,1.0,False,True,same_region,0,0,0,2.4,18.4,-15.999999999999998,-7.999999999999999,2.9,14.9,-12.0,-6.0,1067,3,0
401585671,2024-03-25,LA Clippers,Indiana Pacers,116,133,2024,-17,249,0.0,True,False,0.0,True,True,east_to_west,1,1,0,-3.6,8.4,-12.0,-6.0,-1.2,7.8,-9.0,-4.5,1068,3,0
401585661,2024-03-25,Cleveland Cavaliers,Charlotte Hornets,115,92,2024,23,207,4.0,False,False,1.0,False,False,same_region,0,0,0,-12.4,-14.2,1.799999999999999,0.8999999999999995,-6.8,-10.6,3.8,1.9,1069,3,0
401585667,2024-03-25,San Antonio Spurs,Phoenix Suns,104,102,2024,2,206,1.0,False,True,1.0,False,False,same_region,0,0,0,-7.4,10.2,-17.6,-8.8,-5.1,4.9,-10.0,-5.0,1070,3,0
401585666,2024-03-25,Houston Rockets,Portland Trail Blazers,110,92,2024,18,202,1.0,False,False,6.0,False,False,same_region,0,0,0,18.2,-9.2,27.4,13.7,12.4,-8.2,20.6,10.3,1071,3,0
401585668,2024-03-25,Denver Nuggets,Memphis Grizzlies,128,103,2024,25,231,3.0,False,False,2.0,False,False,same_region,0,0,0,5.6,-9.4,15.0,7.5,6.3,-6.3,12.6,6.3,1072,3,0
401585669,2024-03-25,Utah Jazz,Dallas Mavericks,105,115,2024,-10,220,6.0,False,False,5.0,False,False,same_region,0,0,0,-17.0,5.4,-22.4,-11.2,-11.0,6.5,-17.5,-8.75,1073,3,0
401585670,2024-03-25,Sacramento Kings,Philadelphia 76ers,108,96,2024,12,204,6.0,False,False,0.0,True,True,east_to_west,1,1,0,6.4,2.4,4.0,2.0,8.4,-3.2,11.600000000000001,5.800000000000001,1074,3,0
401585675,2024-03-26,Sacramento Kings,Dallas Mavericks,96,132,2024,-36,228,0.0,True,False,0.0,True,False,same_region,0,0,0,10.2,5.4,4.799999999999999,2.3999999999999995,8.6,7.9,0.6999999999999993,0.34999999999999964,1075,3,0
401585674,2024-03-26,New Orleans Pelicans,Oklahoma City Thunder,112,119,2024,-7,231,9.0,False,False,1.0,False,False,same_region,0,0,0,10.6,4.0,6.6,3.3,10.2,4.4,5.799999999999999,2.8999999999999995,1076,3,0
401585673,2024-03-26,Milwaukee Bucks,Los Angeles Lakers,124,128,2024,-4,252,1.0,False,False,12.0,False,False,west_to_east,1,0,1,9.8,4.6,5.200000000000001,2.6000000000000005,-0.8,2.7,-3.5,-1.75,1077,3,0
401585672,2024-03-26,Miami Heat,Golden State Warriors,92,113,2024,-21,205,1.0,False,False,1.0,False,False,west_to_east,1,0,1,2.6,1.0,1.6,0.8,-0.1,2.4,-2.5,-1.25,1078,3,0
401585677,2024-03-27,Orlando Magic,Golden State Warriors,93,101,2024,-8,194,3.0,False,False,0.0,True,True,west_to_east,1,0,1,11.6,3.8,7.8,3.9,5.0,1.0,4.0,2.0,1079,3,0
401585686,2024-03-27,Utah Jazz,San Antonio Spurs,111,118,2024,-7,229,1.0,False,False,17.0,False,False,same_region,0,0,0,-15.2,-4.8,-10.399999999999999,-5.199999999999999,-13.2,-3.6,-9.6,-4.8,1080,3,0
401585679,2024-03-27,Atlanta Hawks,Portland Trail Blazers,120,106,2024,14,226,1.0,False,False,1.0,False,False,west_to_east,1,0,1,3.2,-9.0,12.2,6.1,1.5,-8.4,9.9,4.95,1081,3,0
401585680,2024-03-27,Philadelphia 76ers,LA Clippers,107,108,2024,-1,215,8.0,False,False,4.0,False,False,west_to_east,1,0,1,-2.2,-5.4,3.2,1.6,-3.8,-3.5,-0.2999999999999998,-0.1499999999999999,1082,3,0
401585682,2024-03-27,Chicago Bulls,Indiana Pacers,125,99,2024,26,224,1.0,False,False,1.0,False,True,same_region,0,0,0,1.8,7.6,-5.8,-2.9,-4.5,7.8,-12.3,-6.15,1083,3,0
401585681,2024-03-27,Toronto Raptors,New York Knicks,101,145,2024,-44,246,1.0,False,False,5.0,False,False,same_region,0,0,0,-16.0,7.6,-23.6,-11.8,-12.2,7.9,-20.1,-10.05,1084,3,0
401585683,2024-03-27,Memphis Grizzlies,Los Angeles Lakers,124,136,2024,-12,260,10.0,False,False,0.0,True,False,same_region,0,0,0,-12.0,8.0,-20.0,-10.0,-9.2,4.1,-13.299999999999999,-6.6499999999999995,1085,3,0
401585685,2024-03-27,Oklahoma City Thunder,Houston Rockets,126,132,2024,-6,258,6.0,False,False,7.0,False,False,same_region,0,0,0,4.0,18.6,-14.600000000000001,-7.300000000000001,6.3,12.9,-6.6000000000000005,-3.3000000000000003,1086,3,0
401585678,2024-03-27,Washington Wizards,Brooklyn Nets,119,122,2024,-3,241,3.0,False,False,1.0,False,False,same_region,0,0,0,-7.4,-6.2,-1.2000000000000002,-0.6000000000000001,-8.0,-5.8,-2.2,-1.1,1087,3,0
401585687,2024-03-27,Denver Nuggets,Phoenix Suns,97,104,2024,-7,201,1.0,False,False,1.0,False,False,same_region,0,0,0,8.4,7.6,0.8000000000000007,0.40000000000000036,9.8,3.7,6.1000000000000005,3.0500000000000003,1088,3,0
401585684,2024-03-27,Minnesota Timberwolves,Detroit Pistons,106,91,2024,15,197,2.0,False,False,1.0,False,False,east_to_west,1,1,0,8.6,-21.8,30.4,15.2,4.8,-11.7,16.5,8.25,1089,3,0
401585676,2024-03-27,Charlotte Hornets,Cleveland Cavaliers,118,111,2024,7,229,11.0,False,False,2.0,False,False,same_region,0,0,0,-21.2,-5.0,-16.2,-8.1,-12.4,-3.4,-9.0,-4.5,1090,3,0
401585689,2024-03-28,New Orleans Pelicans,Milwaukee Bucks,107,100,2024,7,207,1.0,False,False,7.0,False,False,east_to_west,1,1,0,5.4,7.2,-1.7999999999999998,-0.8999999999999999,5.4,-1.9,7.300000000000001,3.6500000000000004,1091,3,0
401585688,2024-03-28,Atlanta Hawks,Boston Celtics,123,122,2024,1,245,0.0,True,True,2.0,False,False,same_region,0,0,0,2.6,12.8,-10.200000000000001,-5.1000000000000005,1.8,15.3,-13.5,-6.75,1092,3,0
401585701,2024-03-29,Sacramento Kings,Dallas Mavericks,103,107,2024,-4,210,2.0,False,False,2.0,False,False,same_region,0,0,0,1.0,14.0,-13.0,-6.5,4.8,13.2,-8.399999999999999,-4.199999999999999,1093,3,0
401585690,2024-03-29,Charlotte Hornets,Golden State Warriors,97,115,2024,-18,212,1.0,False,False,1.0,False,True,west_to_east,1,0,1,-17.6,6.8,-24.400000000000002,-12.200000000000001,-10.5,2.1,-12.6,-6.3,1094,3,0
401585691,2024-03-29,Indiana Pacers,Los Angeles Lakers,109,90,2024,19,199,10.0,False,False,1.0,False,True,west_to_east,1,0,1,3.4,11.8,-8.4,-4.2,5.4,4.1,1.3000000000000007,0.6500000000000004,1095,3,0
401585693,2024-03-29,Washington Wizards,Detroit Pistons,87,96,2024,-9,183,1.0,False,False,1.0,False,False,same_region,0,0,0,-2.8,-19.8,17.0,8.5,-9.5,-11.4,1.9000000000000004,0.9500000000000002,1096,3,0
401585694,2024-03-29,Brooklyn Nets,Chicago Bulls,125,108,2024,17,233,9.0,False,False,7.0,False,False,same_region,0,0,0,-4.2,1.2,-5.4,-2.7,-4.9,-2.2,-2.7,-1.35,1097,3,0
401585692,2024-03-29,Orlando Magic,LA Clippers,97,100,2024,-3,197,1.0,False,False,1.0,False,False,west_to_east,1,0,1,8.0,-1.8,9.8,4.9,3.0,-4.4,7.4,3.7,1098,3,0
401585696,2024-03-29,Miami Heat,Portland Trail Blazers,142,82,2024,60,224,2.0,False,False,1.0,False,False,west_to_east,1,0,1,-2.2,-11.2,9.0,4.5,-1.6,-10.8,9.200000000000001,4.6000000000000005,1099,3,0
401585697,2024-03-29,Oklahoma City Thunder,Phoenix Suns,128,103,2024,25,231,1.0,False,False,1.0,False,False,same_region,0,0,0,1.6,11.2,-9.6,-4.8,4.9,3.7,1.2000000000000002,0.6000000000000001,1100,3,0
401585698,2024-03-29,San Antonio Spurs,New York Knicks,130,126,2024,4,256,3.0,False,False,1.0,False,False,east_to_west,1,1,0,-4.8,15.0,-19.8,-9.9,-2.7,13.9,-16.6,-8.3,1101,3,0
401585699,2024-03-29,Denver Nuggets,Minnesota Timberwolves,98,111,2024,-13,209,1.0,False,False,10.0,False,False,same_region,0,0,0,7.4,7.8,-0.39999999999999947,-0.19999999999999973,8.5,5.8,2.7,1.35,1102,3,0
401585700,2024-03-29,Utah Jazz,Houston Rockets,100,101,2024,-1,201,1.0,False,False,1.0,False,False,same_region,0,0,0,-14.6,17.0,-31.6,-15.8,-13.7,14.1,-27.799999999999997,-13.899999999999999,1103,3,0
401585695,2024-03-29,Cleveland Cavaliers,Philadelphia 76ers,117,114,2024,3,231,3.0,False,False,3.0,False,False,same_region,0,0,0,-7.4,-3.8,-3.6000000000000005,-1.8000000000000003,-5.0,-3.1,-1.9,-0.95,1104,3,0
401585704,2024-03-30,Atlanta Hawks,Milwaukee Bucks,113,122,2024,-9,235,1.0,False,True,1.0,False,False,same_region,0,0,0,9.0,3.6,5.4,2.7,1.2,0.9,0.29999999999999993,0.14999999999999997,1105,3,0
401585703,2024-03-30,Orlando Magic,Memphis Grizzlies,118,88,2024,30,206,0.0,True,True,4.0,False,False,west_to_east,1,0,1,4.4,-13.2,17.6,8.8,1.7,-11.0,12.7,6.35,1106,3,0
401585702,2024-03-30,New Orleans Pelicans,Boston Celtics,92,104,2024,-12,196,1.0,False,False,1.0,False,False,east_to_west,1,1,0,4.2,7.6,-3.3999999999999995,-1.6999999999999997,5.3,14.2,-8.899999999999999,-4.449999999999999,1107,3,0
401585707,2024-03-31,Charlotte Hornets,LA Clippers,118,130,2024,-12,248,1.0,False,False,1.0,False,False,west_to_east,1,0,1,-19.0,-3.8,-15.2,-7.6,-11.1,-3.4,-7.699999999999999,-3.8499999999999996,1108,3,0
401585714,2024-03-31,Sacramento Kings,Utah Jazz,127,106,2024,21,233,1.0,False,False,7.0,False,False,same_region,0,0,0,-6.6,-12.4,5.800000000000001,2.9000000000000004,5.2,-11.7,16.9,8.45,1109,3,0
401585710,2024-03-31,New York Knicks,Oklahoma City Thunder,112,113,2024,-1,225,5.0,False,False,4.0,False,False,west_to_east,1,0,1,12.8,4.2,8.600000000000001,4.300000000000001,11.1,6.7,4.3999999999999995,2.1999999999999997,1110,3,0
401585705,2024-03-31,Denver Nuggets,Cleveland Cavaliers,130,101,2024,29,231,1.0,False,False,3.0,False,False,east_to_west,1,1,0,4.2,-6.2,10.4,5.2,5.1,-2.8,7.8999999999999995,3.9499999999999997,1111,3,0
401585711,2024-03-31,Houston Rockets,Dallas Mavericks,107,125,2024,-18,232,5.0,False,False,1.0,False,False,same_region,0,0,0,12.6,14.4,-1.8000000000000007,-0.9000000000000004,12.6,13.0,-0.40000000000000036,-0.20000000000000018,1112,3,0
401585708,2024-03-31,Toronto Raptors,Philadelphia 76ers,120,135,2024,-15,255,3.0,False,False,1.0,False,False,same_region,0,0,0,-21.8,-1.8,-20.0,-10.0,-15.9,-4.0,-11.9,-5.95,1113,3,0
401585712,2024-03-31,Minnesota Timberwolves,Chicago Bulls,101,109,2024,-8,210,3.0,False,False,1.0,False,False,east_to_west,1,1,0,8.4,-2.8,11.2,5.6,6.9,-2.9,9.8,4.9,1114,3,0
401585709,2024-03-31,Washington Wizards,Miami Heat,107,119,2024,-12,226,1.0,False,False,10.0,False,False,same_region,0,0,0,0.0,11.2,-11.2,-5.6,-10.6,5.1,-15.7,-7.85,1115,3,0
401585713,2024-03-31,San Antonio Spurs,Golden State Warriors,113,117,2024,-4,230,1.0,False,False,1.0,False,False,same_region,0,0,0,-2.8,6.2,-9.0,-4.5,-3.6,5.2,-8.8,-4.4,1116,3,0
401585706,2024-03-31,Brooklyn Nets,Los Angeles Lakers,104,116,2024,-12,220,1.0,False,False,1.0,False,False,west_to_east,1,0,1,1.8,1.8,0.0,0.0,-2.1,3.2,-5.300000000000001,-2.6500000000000004,1117,3,0
401585720,2024-04-01,New Orleans Pelicans,Phoenix Suns,111,124,2024,-13,235,1.0,False,False,2.0,False,False,same_region,0,0,0,4.8,3.6,1.1999999999999997,0.5999999999999999,2.8,2.2,0.5999999999999996,0.2999999999999998,1118,4,1
401585719,2024-04-01,Chicago Bulls,Atlanta Hawks,101,113,2024,-12,214,4.0,False,False,10.0,False,False,same_region,0,0,0,0.8,9.8,-9.0,-4.5,1.4,1.6,-0.20000000000000018,-0.10000000000000009,1119,4,1
401585718,2024-04-01,Orlando Magic,Portland Trail Blazers,104,103,2024,1,207,1.0,False,True,2.0,False,False,west_to_east,1,0,1,6.4,-20.6,27.0,13.5,7.1,-14.6,21.7,10.85,1120,4,1
401585717,2024-04-01,Indiana Pacers,Brooklyn Nets,133,111,2024,22,244,2.0,False,False,4.0,False,False,same_region,0,0,0,3.4,0.8,2.5999999999999996,1.2999999999999998,5.9,-5.2,11.100000000000001,5.550000000000001,1121,4,1
401585716,2024-04-01,Detroit Pistons,Memphis Grizzlies,108,110,2024,-2,218,7.0,False,False,1.0,False,False,west_to_east,1,0,1,-14.2,-17.2,3.0,1.5,-12.2,-13.3,1.1000000000000014,0.5500000000000007,1122,4,1
401585715,2024-04-01,Charlotte Hornets,Boston Celtics,104,118,2024,-14,222,0.0,True,True,1.0,False,False,same_region,0,0,0,-17.4,9.4,-26.799999999999997,-13.399999999999999,-13.4,13.2,-26.6,-13.3,1123,4,1
401585724,2024-04-02,Miami Heat,New York Knicks,109,99,2024,10,208,3.0,False,False,3.0,False,False,same_region,0,0,0,13.0,15.2,-2.1999999999999993,-1.0999999999999996,6.5,11.6,-5.1,-2.55,1124,4,1
401585723,2024-04-02,Washington Wizards,Milwaukee Bucks,117,113,2024,4,230,1.0,False,False,2.0,False,False,same_region,0,0,0,-3.8,6.0,-9.8,-4.9,-10.6,1.9,-12.5,-6.25,1125,4,1
401585721,2024-04-02,Philadelphia 76ers,Oklahoma City Thunder,109,105,2024,4,214,5.0,False,False,1.0,False,False,west_to_east,1,0,1,2.6,0.4,2.2,1.1,0.2,3.7,-3.5,-1.75,1126,4,1
401636114,2024-04-02,Golden State Warriors,Dallas Mavericks,104,100,2024,4,204,10.0,False,False,1.0,False,False,same_region,0,0,0,9.4,16.8,-7.4,-3.7,4.6,13.0,-8.4,-4.2,1127,4,1
401585722,2024-04-02,Toronto Raptors,Los Angeles Lakers,111,128,2024,-17,239,1.0,False,False,1.0,False,False,west_to_east,1,0,1,-18.0,2.8,-20.8,-10.4,-16.4,4.3,-20.7,-10.35,1128,4,1
401585727,2024-04-02,Denver Nuggets,San Antonio Spurs,110,105,2024,5,215,1.0,False,False,5.0,False,False,same_region,0,0,0,7.4,-3.2,10.600000000000001,5.300000000000001,7.4,-3.0,10.4,5.2,1129,4,1
401585728,2024-04-02,Utah Jazz,Cleveland Cavaliers,113,129,2024,-16,242,3.0,False,False,1.0,False,False,east_to_west,1,1,0,-13.4,-9.4,-4.0,-2.0,-12.2,-5.1,-7.1,-3.55,1130,4,1
401585726,2024-04-02,Minnesota Timberwolves,Houston Rockets,113,106,2024,7,219,1.0,False,False,3.0,False,False,same_region,0,0,0,7.4,7.0,0.40000000000000036,0.20000000000000018,7.0,10.0,-3.0,-1.5,1131,4,1
401585729,2024-04-02,Sacramento Kings,LA Clippers,109,95,2024,14,204,1.0,False,False,1.0,False,False,same_region,0,0,0,-1.0,-3.0,2.0,1.0,3.8,-0.4,4.2,2.1,1132,4,1
401585733,2024-04-03,Boston Celtics,Oklahoma City Thunder,135,100,2024,35,235,13.0,False,False,0.0,True,True,west_to_east,1,0,1,6.8,4.6,2.2,1.1,13.0,4.3,8.7,4.35,1133,4,1
401585732,2024-04-03,Atlanta Hawks,Detroit Pistons,121,113,2024,8,234,3.0,False,False,4.0,False,False,same_region,0,0,0,4.0,-9.2,13.2,6.6,3.2,-13.3,16.5,8.25,1134,4,1
401585730,2024-04-03,Charlotte Hornets,Portland Trail Blazers,86,89,2024,-3,175,1.0,False,True,1.0,False,False,west_to_east,1,0,1,-12.0,-19.2,7.199999999999999,3.5999999999999996,-13.1,-15.1,2.0,1.0,1135,4,1
401585735,2024-04-03,Milwaukee Bucks,Memphis Grizzlies,101,111,2024,-10,212,7.0,False,False,1.0,False,False,west_to_east,1,0,1,3.8,-12.6,16.4,8.2,0.8,-10.0,10.8,5.4,1136,4,1
401585731,2024-04-03,Washington Wizards,Los Angeles Lakers,120,125,2024,-5,245,0.0,True,True,0.0,True,True,west_to_east,1,0,1,-3.6,5.2,-8.8,-4.4,-8.6,4.9,-13.5,-6.75,1137,4,1
401585736,2024-04-03,Minnesota Timberwolves,Toronto Raptors,133,85,2024,48,218,0.0,True,True,10.0,False,False,east_to_west,1,1,0,6.2,-17.4,23.599999999999998,11.799999999999999,8.8,-17.5,26.3,13.15,1138,4,1
401585737,2024-04-03,New Orleans Pelicans,Orlando Magic,108,117,2024,-9,225,1.0,False,False,18.0,False,False,east_to_west,1,1,0,-2.4,3.6,-6.0,-3.0,3.6,8.6,-5.0,-2.5,1139,4,1
401585734,2024-04-03,Brooklyn Nets,Indiana Pacers,115,111,2024,4,226,2.0,False,False,6.0,False,False,same_region,0,0,0,-1.2,5.4,-6.6000000000000005,-3.3000000000000003,-6.6,7.1,-13.7,-6.85,1140,4,1
401585738,2024-04-03,Phoenix Suns,Cleveland Cavaliers,122,101,2024,21,223,12.0,False,False,0.0,True,True,east_to_west,1,1,0,3.6,1.2,2.4000000000000004,1.2000000000000002,2.9,-5.6,8.5,4.25,1141,4,1
401585742,2024-04-04,LA Clippers,Denver Nuggets,102,100,2024,2,202,9.0,False,False,11.0,False,False,same_region,0,0,0,-3.0,7.8,-10.8,-5.4,-3.3,6.7,-10.0,-5.0,1142,4,1
401585741,2024-04-04,Houston Rockets,Golden State Warriors,110,133,2024,-23,243,3.0,False,False,3.0,False,False,same_region,0,0,0,0.0,11.0,-11.0,-5.5,9.1,6.0,3.0999999999999996,1.5499999999999998,1143,4,1
401585752,2024-04-04,Dallas Mavericks,Atlanta Hawks,109,95,2024,14,204,13.0,False,False,2.0,False,False,east_to_west,1,1,0,12.8,5.2,7.6000000000000005,3.8000000000000003,9.1,4.2,4.8999999999999995,2.4499999999999997,1144,4,1
401585740,2024-04-04,New York Knicks,Sacramento Kings,120,109,2024,11,229,3.0,False,False,11.0,False,False,west_to_east,1,0,1,10.8,1.4,9.4,4.7,7.9,3.9,4.0,2.0,1145,4,1
401585739,2024-04-04,Miami Heat,Philadelphia 76ers,105,109,2024,-4,214,1.0,False,False,3.0,False,False,same_region,0,0,0,19.6,0.6,19.0,9.5,8.7,1.5,7.199999999999999,3.5999999999999996,1146,4,1
401585746,2024-04-05,Boston Celtics,Sacramento Kings,101,100,2024,1,201,1.0,False,False,0.0,True,False,west_to_east,1,0,1,11.6,-3.2,14.8,7.4,15.0,3.5,11.5,5.75,1147,4,1
401585745,2024-04-05,Washington Wizards,Portland Trail Blazers,102,108,2024,-6,210,1.0,False,True,1.0,False,False,west_to_east,1,0,1,-5.0,-18.0,13.0,6.5,-6.2,-13.6,7.3999999999999995,3.6999999999999997,1148,4,1
401585748,2024-04-05,Houston Rockets,Miami Heat,104,119,2024,-15,223,0.0,True,False,4.0,False,False,east_to_west,1,1,0,-8.2,11.4,-19.6,-9.8,5.2,7.0,-1.7999999999999998,-0.8999999999999999,1149,4,1
401585747,2024-04-05,Chicago Bulls,New York Knicks,108,100,2024,8,208,3.0,False,False,2.0,False,False,same_region,0,0,0,0.6,8.0,-7.4,-3.7,-0.1,7.8,-7.8999999999999995,-3.9499999999999997,1150,4,1
401585744,2024-04-05,Indiana Pacers,Oklahoma City Thunder,126,112,2024,14,238,3.0,False,False,1.0,False,True,west_to_east,1,0,1,5.6,-3.8,9.399999999999999,4.699999999999999,7.0,0.1,6.9,3.45,1151,4,1
401585743,2024-04-05,Charlotte Hornets,Orlando Magic,124,115,2024,9,239,1.0,False,False,1.0,False,False,same_region,0,0,0,-8.0,5.8,-13.8,-6.9,-14.6,8.7,-23.299999999999997,-11.649999999999999,1152,4,1
401585750,2024-04-05,Milwaukee Bucks,Toronto Raptors,111,117,2024,-6,228,1.0,False,False,1.0,False,False,same_region,0,0,0,-3.2,-26.4,23.2,11.6,3.3,-21.4,24.7,12.35,1153,4,1
401585751,2024-04-05,New Orleans Pelicans,San Antonio Spurs,109,111,2024,-2,220,1.0,False,False,2.0,False,False,same_region,0,0,0,-6.8,0.8,-7.6,-3.8,1.9,-3.3,5.199999999999999,2.5999999999999996,1154,4,1
401585725,2024-04-05,Dallas Mavericks,Golden State Warriors,108,106,2024,2,214,0.0,True,False,0.0,True,False,same_region,0,0,0,13.6,11.4,2.1999999999999993,1.0999999999999996,9.5,7.6,1.9000000000000004,0.9500000000000002,1155,4,1
401585754,2024-04-05,LA Clippers,Utah Jazz,131,102,2024,29,233,0.0,True,False,4.0,False,False,same_region,0,0,0,0.8,-11.0,11.8,5.9,-2.3,-14.0,11.7,5.85,1156,4,1
401585749,2024-04-05,Memphis Grizzlies,Detroit Pistons,108,90,2024,18,198,8.0,False,False,1.0,False,False,east_to_west,1,1,0,-11.0,-8.2,-2.8000000000000007,-1.4000000000000004,-10.2,-12.8,2.6000000000000014,1.3000000000000007,1157,4,1
401585753,2024-04-05,Phoenix Suns,Minnesota Timberwolves,97,87,2024,10,184,1.0,False,False,6.0,False,False,same_region,0,0,0,2.8,15.0,-12.2,-6.1,6.5,11.8,-5.300000000000001,-2.6500000000000004,1158,4,1
401585758,2024-04-06,Denver Nuggets,Atlanta Hawks,142,110,2024,32,252,3.0,False,False,1.0,False,False,east_to_west,1,1,0,2.4,-0.4,2.8,1.4,5.4,1.1,4.300000000000001,2.1500000000000004,1159,4,1
401585757,2024-04-06,Memphis Grizzlies,Philadelphia 76ers,96,116,2024,-20,212,0.0,True,False,1.0,False,False,east_to_west,1,1,0,-2.4,3.8,-6.199999999999999,-3.0999999999999996,-7.2,0.8,-8.0,-4.0,1160,4,1
401585756,2024-04-06,Brooklyn Nets,Detroit Pistons,113,103,2024,10,216,2.0,False,False,0.0,True,True,same_region,0,0,0,-2.0,-6.8,4.8,2.4,-4.1,-14.3,10.200000000000001,5.1000000000000005,1161,4,1
401585755,2024-04-06,Los Angeles Lakers,Cleveland Cavaliers,116,97,2024,19,213,12.0,False,False,2.0,False,False,east_to_west,1,1,0,5.4,-7.6,13.0,6.5,6.7,-6.3,13.0,6.5,1162,4,1
401585759,2024-04-07,Dallas Mavericks,Houston Rockets,147,136,2024,11,283,1.0,False,True,4.0,False,False,same_region,0,0,0,6.8,-12.4,19.2,9.6,10.4,2.3,8.100000000000001,4.050000000000001,1163,4,1
401585760,2024-04-07,LA Clippers,Cleveland Cavaliers,120,118,2024,2,238,1.0,False,True,0.0,True,False,east_to_west,1,1,0,6.4,-10.0,16.4,8.2,2.3,-8.7,11.0,5.5,1164,4,1
401585762,2024-04-07,Boston Celtics,Portland Trail Blazers,124,107,2024,17,231,1.0,False,False,1.0,False,False,west_to_east,1,0,1,12.2,-13.2,25.4,12.7,12.5,-11.1,23.6,11.8,1165,4,1
401585763,2024-04-07,Charlotte Hornets,Oklahoma City Thunder,118,121,2024,-3,239,1.0,False,False,1.0,False,False,west_to_east,1,0,1,-7.6,-5.4,-2.1999999999999993,-1.0999999999999996,-12.6,-1.9,-10.7,-5.35,1166,4,1
401585764,2024-04-07,Orlando Magic,Chicago Bulls,113,98,2024,15,211,5.0,False,False,6.0,False,False,same_region,0,0,0,5.6,2.6,2.9999999999999996,1.4999999999999998,6.8,2.2,4.6,2.3,1167,4,1
401585770,2024-04-07,Golden State Warriors,Utah Jazz,118,110,2024,8,228,4.0,False,False,1.0,False,False,same_region,0,0,0,9.4,-14.8,24.200000000000003,12.100000000000001,8.1,-15.0,23.1,11.55,1168,4,1
401585761,2024-04-07,Indiana Pacers,Miami Heat,117,115,2024,2,232,1.0,False,False,1.0,False,False,same_region,0,0,0,5.0,18.6,-13.600000000000001,-6.800000000000001,6.3,8.2,-1.8999999999999995,-0.9499999999999997,1169,4,1
401585767,2024-04-07,Milwaukee Bucks,New York Knicks,109,122,2024,-13,231,1.0,False,False,1.0,False,False,same_region,0,0,0,-3.6,-2.4,-1.2000000000000002,-0.6000000000000001,1.8,6.3,-4.5,-2.25,1170,4,1
401585768,2024-04-07,San Antonio Spurs,Philadelphia 76ers,126,133,2024,-7,259,6.0,False,False,0.0,True,True,east_to_west,1,1,0,0.8,8.0,-7.2,-3.6,-2.0,2.1,-4.1,-2.05,1171,4,1
401585769,2024-04-07,Brooklyn Nets,Sacramento Kings,77,107,2024,-30,184,0.0,True,False,1.0,False,True,west_to_east,1,0,1,-0.6,3.8,-4.3999999999999995,-2.1999999999999997,-2.4,2.4,-4.8,-2.4,1172,4,1
401585771,2024-04-07,Los Angeles Lakers,Minnesota Timberwolves,117,127,2024,-10,244,0.0,True,False,1.0,False,False,same_region,0,0,0,6.8,10.0,-3.2,-1.6,9.3,8.9,0.40000000000000036,0.20000000000000018,1173,4,1
401585765,2024-04-07,Toronto Raptors,Washington Wizards,130,122,2024,8,252,4.0,False,False,12.0,False,False,same_region,0,0,0,-23.6,-5.6,-18.0,-9.0,-19.8,-4.2,-15.600000000000001,-7.800000000000001,1174,4,1
401585766,2024-04-07,Phoenix Suns,New Orleans Pelicans,105,113,2024,-8,218,1.0,False,False,13.0,False,False,same_region,0,0,0,5.2,-5.8,11.0,5.5,6.4,-0.2,6.6000000000000005,3.3000000000000003,1175,4,1
401585780,2024-04-09,Minnesota Timberwolves,Washington Wizards,130,121,2024,9,251,5.0,False,False,1.0,False,False,east_to_west,1,1,0,9.4,-5.4,14.8,7.4,8.9,-2.7,11.600000000000001,5.800000000000001,1176,4,1
401585772,2024-04-09,Charlotte Hornets,Dallas Mavericks,104,130,2024,-26,234,1.0,False,False,6.0,False,False,west_to_east,1,0,1,-4.6,8.2,-12.799999999999999,-6.3999999999999995,-11.8,11.3,-23.1,-11.55,1177,4,1
401585773,2024-04-09,Philadelphia 76ers,Detroit Pistons,120,102,2024,18,222,6.0,False,False,2.0,False,False,same_region,0,0,0,10.0,-5.8,15.8,7.9,4.1,-12.8,16.9,8.45,1178,4,1
401585774,2024-04-09,Toronto Raptors,Indiana Pacers,123,140,2024,-17,263,1.0,False,False,5.0,False,False,same_region,0,0,0,-13.2,10.6,-23.799999999999997,-11.899999999999999,-17.5,7.0,-24.5,-12.25,1179,4,1
401585775,2024-04-09,Atlanta Hawks,Miami Heat,111,117,2024,-6,228,5.0,False,False,1.0,False,False,same_region,0,0,0,-7.0,6.2,-13.2,-6.6,1.0,8.7,-7.699999999999999,-3.8499999999999996,1180,4,1
401585776,2024-04-09,Milwaukee Bucks,Boston Celtics,104,91,2024,13,195,1.0,False,False,7.0,False,False,same_region,0,0,0,-4.8,15.8,-20.6,-10.3,-0.6,11.7,-12.299999999999999,-6.1499999999999995,1181,4,1
401585777,2024-04-09,Chicago Bulls,New York Knicks,117,128,2024,-11,245,3.0,False,False,1.0,False,False,same_region,0,0,0,-5.6,1.0,-6.6,-3.3,-2.2,6.9,-9.100000000000001,-4.550000000000001,1182,4,1
401585781,2024-04-09,Oklahoma City Thunder,Sacramento Kings,112,105,2024,7,217,10.0,False,False,1.0,False,False,same_region,0,0,0,-9.8,10.6,-20.4,-10.2,-2.8,2.0,-4.8,-2.4,1183,4,1
401585782,2024-04-09,Utah Jazz,Denver Nuggets,95,111,2024,-16,206,6.0,False,False,4.0,False,False,same_region,0,0,0,-15.0,10.2,-25.2,-12.6,-14.8,8.8,-23.6,-11.8,1184,4,1
401585783,2024-04-09,Los Angeles Lakers,Golden State Warriors,120,134,2024,-14,254,1.0,False,True,3.0,False,False,same_region,0,0,0,8.6,7.4,1.1999999999999993,0.5999999999999996,5.2,6.8,-1.5999999999999996,-0.7999999999999998,1185,4,1
401585784,2024-04-09,Phoenix Suns,LA Clippers,92,105,2024,-13,197,1.0,False,False,6.0,False,False,same_region,0,0,0,2.2,6.2,-4.0,-2.0,6.7,1.2,5.5,2.75,1186,4,1
401585785,2024-04-09,Portland Trail Blazers,New Orleans Pelicans,100,110,2024,-10,210,16.0,False,False,1.0,False,False,same_region,0,0,0,-13.8,-5.6,-8.200000000000001,-4.1000000000000005,-12.5,-0.7,-11.8,-5.9,1187,4,1
401585778,2024-04-09,Houston Rockets,Orlando Magic,118,106,2024,12,224,3.0,False,False,3.0,False,False,east_to_west,1,1,0,-14.8,9.2,-24.0,-12.0,-1.1,6.8,-7.9,-3.95,1188,4,1
401585779,2024-04-09,Memphis Grizzlies,San Antonio Spurs,87,102,2024,-15,189,2.0,False,False,3.0,False,False,same_region,0,0,0,-4.0,-2.0,-2.0,-1.0,-8.6,-3.4,-5.199999999999999,-2.5999999999999996,1189,4,1
401585787,2024-04-10,Atlanta Hawks,Charlotte Hornets,114,115,2024,-1,229,0.0,True,False,15.0,False,False,same_region,0,0,0,-6.4,-7.4,1.0,0.5,1.7,-12.4,14.1,7.05,1190,4,1
401585791,2024-04-10,Oklahoma City Thunder,San Antonio Spurs,127,89,2024,38,216,0.0,True,False,0.0,True,False,same_region,0,0,0,-8.6,0.2,-8.799999999999999,-4.3999999999999995,-4.1,-1.3,-2.8,-1.4,1191,4,1
401585789,2024-04-10,Miami Heat,Dallas Mavericks,92,111,2024,-19,203,5.0,False,False,0.0,True,False,west_to_east,1,0,1,5.0,9.8,-4.800000000000001,-2.4000000000000004,9.0,13.3,-4.300000000000001,-2.1500000000000004,1192,4,1
401585786,2024-04-10,Cleveland Cavaliers,Memphis Grizzlies,110,98,2024,12,208,11.0,False,False,6.0,False,False,west_to_east,1,0,1,-11.0,-1.0,-10.0,-5.0,-8.6,-9.1,0.5,0.25,1193,4,1
401585793,2024-04-10,LA Clippers,Phoenix Suns,108,124,2024,-16,232,2.0,False,False,8.0,False,False,same_region,0,0,0,6.4,4.6,1.8000000000000007,0.9000000000000004,1.7,4.1,-2.3999999999999995,-1.1999999999999997,1194,4,1
401585792,2024-04-10,Denver Nuggets,Minnesota Timberwolves,116,107,2024,9,223,3.0,False,False,2.0,False,False,same_region,0,0,0,16.0,12.8,3.1999999999999993,1.5999999999999996,10.1,10.1,0.0,0.0,1195,4,1
401585788,2024-04-10,Brooklyn Nets,Toronto Raptors,106,102,2024,4,208,2.0,False,False,4.0,False,False,same_region,0,0,0,-10.0,-13.6,3.5999999999999996,1.7999999999999998,-4.1,-15.8,11.700000000000001,5.8500000000000005,1196,4,1
401585790,2024-04-10,Milwaukee Bucks,Orlando Magic,117,99,2024,18,216,0.0,True,True,0.0,True,False,same_region,0,0,0,-4.0,0.8,-4.8,-2.4,1.0,3.6,-2.6,-1.3,1197,4,1
401585798,2024-04-11,Sacramento Kings,New Orleans Pelicans,123,135,2024,-12,258,8.0,False,False,1.0,False,False,same_region,0,0,0,5.0,-1.2,6.2,3.1,2.0,1.8,0.19999999999999996,0.09999999999999998,1198,4,1
401585797,2024-04-11,Portland Trail Blazers,Golden State Warriors,92,100,2024,-8,192,1.0,False,False,1.0,False,False,same_region,0,0,0,-3.8,9.4,-13.2,-6.6,-12.2,9.4,-21.6,-10.8,1199,4,1
401585796,2024-04-11,Utah Jazz,Houston Rockets,124,121,2024,3,245,1.0,False,False,3.0,False,False,same_region,0,0,0,-18.0,-8.8,-9.2,-4.6,-15.2,-0.9,-14.299999999999999,-7.1499999999999995,1200,4,1
401585795,2024-04-11,Boston Celtics,New York Knicks,109,118,2024,-9,227,3.0,False,False,1.0,False,False,same_region,0,0,0,10.8,3.4,7.4,3.7,10.1,9.3,0.7999999999999989,0.39999999999999947,1201,4,1
401585794,2024-04-11,Detroit Pistons,Chicago Bulls,105,127,2024,-22,232,9.0,False,False,3.0,False,False,same_region,0,0,0,-11.2,-4.4,-6.799999999999999,-3.3999999999999995,-12.7,-3.6,-9.1,-4.55,1202,4,1
401585803,2024-04-12,New York Knicks,Brooklyn Nets,111,107,2024,4,218,7.0,False,False,10.0,False,False,same_region,0,0,0,7.2,-6.8,14.0,7.0,9.0,-3.0,12.0,6.0,1203,4,1
401585799,2024-04-12,Philadelphia 76ers,Orlando Magic,125,113,2024,12,238,2.0,False,False,1.0,False,True,same_region,0,0,0,10.6,-3.0,13.6,6.8,6.6,0.3,6.3,3.15,1204,4,1
401585800,2024-04-12,Washington Wizards,Chicago Bulls,127,129,2024,-2,256,6.0,False,False,0.0,True,False,same_region,0,0,0,-4.8,-1.6,-3.1999999999999997,-1.5999999999999999,-4.3,-0.4,-3.9,-1.95,1205,4,1
401585802,2024-04-12,Cleveland Cavaliers,Indiana Pacers,129,120,2024,9,249,1.0,False,False,2.0,False,False,same_region,0,0,0,-2.8,10.2,-13.0,-6.5,-6.1,6.8,-12.899999999999999,-6.449999999999999,1206,4,1
401585805,2024-04-12,Memphis Grizzlies,Los Angeles Lakers,120,123,2024,-3,243,2.0,False,False,8.0,False,False,same_region,0,0,0,-3.8,3.4,-7.199999999999999,-3.5999999999999996,-8.2,3.1,-11.299999999999999,-5.6499999999999995,1207,4,1
401585806,2024-04-12,Minnesota Timberwolves,Atlanta Hawks,109,106,2024,3,215,2.0,False,False,5.0,False,False,east_to_west,1,1,0,9.6,-9.0,18.6,9.3,7.9,-2.5,10.4,5.2,1208,4,1
401585812,2024-04-12,LA Clippers,Utah Jazz,109,110,2024,-1,219,1.0,False,False,4.0,False,False,same_region,0,0,0,6.0,-13.2,19.2,9.6,1.5,-13.3,14.8,7.4,1209,4,1
401585804,2024-04-12,Miami Heat,Toronto Raptors,125,103,2024,22,228,1.0,False,False,1.0,False,False,same_region,0,0,0,-0.8,-11.0,10.2,5.1,9.4,-14.2,23.6,11.8,1210,4,1
401585807,2024-04-12,Oklahoma City Thunder,Milwaukee Bucks,125,107,2024,18,232,1.0,False,True,9.0,False,False,east_to_west,1,1,0,-0.2,0.4,-0.6000000000000001,-0.30000000000000004,2.2,2.1,0.10000000000000009,0.050000000000000044,1211,4,1
401585813,2024-04-12,Sacramento Kings,Phoenix Suns,107,108,2024,-1,215,0.0,True,False,1.0,False,False,same_region,0,0,0,-0.2,5.2,-5.4,-2.7,0.6,4.4,-3.8000000000000003,-1.9000000000000001,1212,4,1
401585811,2024-04-12,Portland Trail Blazers,Houston Rockets,107,116,2024,-9,223,0.0,True,True,0.0,True,False,same_region,0,0,0,-5.2,-8.0,2.8,1.4,-12.2,-4.0,-8.2,-4.1,1213,4,1
401585810,2024-04-12,Golden State Warriors,New Orleans Pelicans,109,114,2024,-5,223,4.0,False,False,0.0,True,True,same_region,0,0,0,10.2,3.8,6.3999999999999995,3.1999999999999997,10.6,0.7,9.9,4.95,1214,4,1
401585809,2024-04-12,Dallas Mavericks,Detroit Pistons,89,107,2024,-18,196,4.0,False,False,2.0,False,False,east_to_west,1,1,0,14.4,-15.2,29.6,14.8,13.6,-12.2,25.799999999999997,12.899999999999999,1215,4,1
401585801,2024-04-12,Boston Celtics,Charlotte Hornets,131,98,2024,33,229,0.0,True,False,1.0,False,False,same_region,0,0,0,6.2,-4.4,10.600000000000001,5.300000000000001,6.5,-8.2,14.7,7.35,1216,4,1
401585808,2024-04-12,San Antonio Spurs,Denver Nuggets,121,120,2024,1,241,4.0,False,False,2.0,False,False,same_region,0,0,0,-6.6,12.0,-18.6,-9.3,-4.9,9.7,-14.6,-7.3,1217,4,1
401585821,2024-04-14,Memphis Grizzlies,Denver Nuggets,111,126,2024,-15,237,1.0,False,False,1.0,False,False,same_region,0,0,0,-6.4,10.8,-17.200000000000003,-8.600000000000001,-8.7,9.3,-18.0,-9.0,1218,4,1
401585814,2024-04-14,Boston Celtics,Washington Wizards,132,122,2024,10,254,1.0,False,True,4.0,False,False,same_region,0,0,0,5.8,-6.0,11.8,5.9,8.7,-4.8,13.5,6.75,1219,4,1
401585815,2024-04-14,Cleveland Cavaliers,Charlotte Hornets,110,120,2024,-10,230,1.0,False,False,1.0,False,False,same_region,0,0,0,-4.2,-10.4,6.2,3.1,-1.5,-9.2,7.699999999999999,3.8499999999999996,1220,4,1
401585816,2024-04-14,Indiana Pacers,Atlanta Hawks,157,115,2024,42,272,6.0,False,False,1.0,False,False,same_region,0,0,0,4.0,-11.2,15.2,7.6,4.7,-3.0,7.7,3.85,1221,4,1
401585818,2024-04-14,New York Knicks,Chicago Bulls,120,119,2024,1,239,1.0,False,False,1.0,False,True,same_region,0,0,0,5.8,1.2,4.6,2.3,6.9,0.9,6.0,3.0,1222,4,1
401585819,2024-04-14,Orlando Magic,Milwaukee Bucks,113,88,2024,25,201,6.0,False,False,1.0,False,False,same_region,0,0,0,-7.2,-1.2,-6.0,-3.0,-0.7,-2.2,1.5000000000000002,0.7500000000000001,1223,4,1
401585825,2024-04-14,San Antonio Spurs,Detroit Pistons,123,95,2024,28,218,1.0,False,False,1.0,False,False,east_to_west,1,1,0,-5.4,-10.0,4.6,2.3,-2.3,-9.1,6.8,3.4,1224,4,1
401585823,2024-04-14,New Orleans Pelicans,Los Angeles Lakers,108,124,2024,-16,232,8.0,False,False,1.0,False,False,same_region,0,0,0,6.6,0.6,6.0,3.0,-0.1,2.9,-3.0,-1.5,1225,4,1
401585824,2024-04-14,Oklahoma City Thunder,Dallas Mavericks,135,86,2024,49,221,1.0,False,False,3.0,False,False,same_region,0,0,0,10.4,8.0,2.4000000000000004,1.2000000000000002,3.3,10.8,-7.500000000000001,-3.7500000000000004,1226,4,1
401585826,2024-04-14,Golden State Warriors,Utah Jazz,123,116,2024,7,239,1.0,False,False,1.0,False,False,same_region,0,0,0,4.6,-9.8,14.4,7.2,8.0,-10.4,18.4,9.2,1227,4,1
401585827,2024-04-14,LA Clippers,Houston Rockets,105,116,2024,-11,221,1.0,False,False,1.0,False,True,same_region,0,0,0,5.4,-1.6,7.0,3.5,3.1,-4.9,8.0,4.0,1228,4,1
401585828,2024-04-14,Sacramento Kings,Portland Trail Blazers,121,82,2024,39,203,1.0,False,True,6.0,False,False,same_region,0,0,0,1.8,-7.6,9.4,4.7,-0.7,-12.8,12.100000000000001,6.050000000000001,1229,4,1
401585820,2024-04-14,Philadelphia 76ers,Brooklyn Nets,107,86,2024,21,193,1.0,False,False,1.0,False,False,same_region,0,0,0,12.2,-3.2,15.399999999999999,7.699999999999999,6.4,-2.2,8.600000000000001,4.300000000000001,1230,4,1
401585817,2024-04-14,Miami Heat,Toronto Raptors,118,103,2024,15,221,1.0,False,False,1.0,False,False,same_region,0,0,0,4.4,-5.8,10.2,5.1,7.9,-16.1,24.0,12.0,1231,4,1
401585822,2024-04-14,Minnesota Timberwolves,Phoenix Suns,106,125,2024,-19,231,1.0,False,False,1.0,False,False,same_region,0,0,0,0.6,1.2,-0.6,-0.3,7.8,2.0,5.8,2.9,1232,4,1
401654656,2024-04-16,Sacramento Kings,Golden State Warriors,118,94,2024,24,212,1.0,False,False,4.0,False,False,same_region,0,0,0,9.8,6.4,3.4000000000000004,1.7000000000000002,6.8,7.9,-1.1000000000000005,-0.5500000000000003,1233,4,1
401654655,2024-04-16,New Orleans Pelicans,Los Angeles Lakers,106,110,2024,-4,216,1.0,False,False,1.0,False,False,same_region,0,0,0,3.8,2.8,1.0,0.5,-1.0,4.1,-5.1,-2.55,1234,4,1
401654659,2024-04-17,Philadelphia 76ers,Miami Heat,105,104,2024,1,209,2.0,False,False,7.0,False,False,same_region,0,0,0,15.6,4.4,11.2,5.6,9.7,11.5,-1.8000000000000007,-0.9000000000000004,1235,4,1
401654658,2024-04-17,Chicago Bulls,Atlanta Hawks,131,116,2024,15,247,7.0,False,False,2.0,False,False,same_region,0,0,0,-0.6,-16.8,16.2,8.1,1.0,-8.6,9.6,4.8,1236,4,1
401654661,2024-04-19,New Orleans Pelicans,Sacramento Kings,105,98,2024,7,203,2.0,False,False,9.0,False,False,same_region,0,0,0,1.4,8.6,-7.199999999999999,-3.5999999999999996,-2.1,9.6,-11.7,-5.85,1237,4,1
401654660,2024-04-19,Miami Heat,Chicago Bulls,112,91,2024,21,203,4.0,False,False,4.0,False,False,same_region,0,0,0,4.6,5.4,-0.8000000000000007,-0.40000000000000036,5.4,-0.1,5.5,2.75,1238,4,1
401654757,2024-04-20,Cleveland Cavaliers,Orlando Magic,97,83,2024,14,180,5.0,False,False,7.0,False,False,same_region,0,0,0,-2.0,-0.4,-1.6,-0.8,-4.8,2.6,-7.4,-3.7,1239,4,1
401654758,2024-04-20,Denver Nuggets,Los Angeles Lakers,114,103,2024,11,217,9.0,False,False,3.0,False,False,same_region,0,0,0,14.2,-0.2,14.399999999999999,7.199999999999999,8.3,3.3,5.000000000000001,2.5000000000000004,1240,4,1
401654756,2024-04-20,New York Knicks,Philadelphia 76ers,111,104,2024,7,215,5.0,False,False,12.0,False,False,same_region,0,0,0,7.6,11.8,-4.200000000000001,-2.1000000000000005,2.6,9.9,-7.300000000000001,-3.6500000000000004,1241,4,1
401654759,2024-04-20,Minnesota Timberwolves,Phoenix Suns,120,95,2024,25,215,5.0,False,False,5.0,False,False,same_region,0,0,0,-1.2,3.0,-4.2,-2.1,4.4,4.1,0.3000000000000007,0.15000000000000036,1242,4,1
401654761,2024-04-21,Milwaukee Bucks,Indiana Pacers,109,94,2024,15,203,10.0,False,False,8.0,False,False,same_region,0,0,0,-5.0,13.2,-18.2,-9.1,-4.3,9.4,-13.7,-6.85,1243,4,1
401654763,2024-04-21,LA Clippers,Dallas Mavericks,109,97,2024,12,206,6.0,False,False,6.0,False,False,same_region,0,0,0,-2.6,-2.2,-0.3999999999999999,-0.19999999999999996,1.9,2.3,-0.3999999999999999,-0.19999999999999996,1244,4,1
401654760,2024-04-21,Boston Celtics,Miami Heat,114,94,2024,20,208,6.0,False,False,3.0,False,False,same_region,0,0,0,7.6,7.6,0.0,0.0,9.9,6.3,3.6000000000000005,1.8000000000000003,1245,4,1
401654762,2024-04-21,Oklahoma City Thunder,New Orleans Pelicans,94,92,2024,2,186,6.0,False,False,8.0,False,False,same_region,0,0,0,23.0,0.8,22.2,11.1,8.8,-0.2,9.0,4.5,1246,4,1
401655082,2024-04-22,Denver Nuggets,Los Angeles Lakers,101,99,2024,2,200,1.0,False,False,1.0,False,False,same_region,0,0,0,10.0,-0.4,10.4,5.2,10.1,4.1,6.0,3.0,1247,4,1
401655106,2024-04-22,New York Knicks,Philadelphia 76ers,104,101,2024,3,205,1.0,False,False,1.0,False,False,same_region,0,0,0,6.4,9.0,-2.5999999999999996,-1.2999999999999998,3.7,9.5,-5.8,-2.9,1248,4,1
401655118,2024-04-22,Cleveland Cavaliers,Orlando Magic,96,86,2024,10,182,1.0,False,False,1.0,False,False,same_region,0,0,0,4.6,-6.2,10.8,5.4,-2.7,1.5,-4.2,-2.1,1249,4,1
401655112,2024-04-23,Milwaukee Bucks,Indiana Pacers,108,125,2024,-17,233,1.0,False,False,1.0,False,False,same_region,0,0,0,0.6,7.4,-6.800000000000001,-3.4000000000000004,-2.1,6.2,-8.3,-4.15,1250,4,1
401655088,2024-04-23,Minnesota Timberwolves,Phoenix Suns,105,93,2024,12,198,2.0,False,False,2.0,False,False,same_region,0,0,0,1.8,-0.4,2.2,1.1,5.6,0.9,4.699999999999999,2.3499999999999996,1251,4,1
401655094,2024-04-23,LA Clippers,Dallas Mavericks,93,96,2024,-3,189,1.0,False,False,1.0,False,False,same_region,0,0,0,-0.6,-6.8,6.2,3.1,2.8,0.7,2.0999999999999996,1.0499999999999998,1252,4,1
401655076,2024-04-24,Oklahoma City Thunder,New Orleans Pelicans,124,92,2024,32,216,2.0,False,False,2.0,False,False,same_region,0,0,0,22.8,-2.0,24.8,12.4,6.5,0.9,5.6,2.8,1253,4,1
401655100,2024-04-24,Boston Celtics,Miami Heat,101,111,2024,-10,212,2.0,False,False,2.0,False,False,same_region,0,0,0,8.2,7.4,0.7999999999999989,0.39999999999999947,12.0,3.3,8.7,4.35,1254,4,1
401655083,2024-04-25,Los Angeles Lakers,Denver Nuggets,105,112,2024,-7,217,15.0,False,False,10.0,False,False,same_region,0,0,0,2.0,7.2,-5.2,-2.6,2.7,11.6,-8.899999999999999,-4.449999999999999,1255,4,1
401655107,2024-04-25,Philadelphia 76ers,New York Knicks,125,114,2024,11,239,7.0,False,False,13.0,False,False,same_region,0,0,0,4.8,4.8,0.0,0.0,7.7,4.1,3.6000000000000005,1.8000000000000003,1256,4,1
401655119,2024-04-25,Orlando Magic,Cleveland Cavaliers,121,83,2024,38,204,10.0,False,False,17.0,False,False,same_region,0,0,0,-5.8,7.0,-12.8,-6.4,-2.5,-2.0,-0.5,-0.25,1257,4,1
401655113,2024-04-26,Indiana Pacers,Milwaukee Bucks,121,118,2024,3,239,11.0,False,False,11.0,False,False,same_region,0,0,0,10.4,-5.4,15.8,7.9,10.5,-4.7,15.2,7.6,1258,4,1
401655089,2024-04-26,Phoenix Suns,Minnesota Timberwolves,109,126,2024,-17,235,16.0,False,False,15.0,False,False,same_region,0,0,0,-0.2,2.4,-2.6,-1.3,2.2,7.6,-5.3999999999999995,-2.6999999999999997,1259,4,1
401655095,2024-04-26,Dallas Mavericks,LA Clippers,101,90,2024,11,191,13.0,False,False,16.0,False,False,same_region,0,0,0,-11.4,-3.8,-7.6000000000000005,-3.8000000000000003,-0.8,1.3,-2.1,-1.05,1260,4,1
401655101,2024-04-27,Miami Heat,Boston Celtics,84,104,2024,-20,188,7.0,False,False,17.0,False,False,same_region,0,0,0,5.0,8.8,-3.8000000000000007,-1.9000000000000004,4.7,9.8,-5.1000000000000005,-2.5500000000000003,1261,4,1
401655077,2024-04-27,New Orleans Pelicans,Oklahoma City Thunder,85,106,2024,-21,191,7.0,False,False,19.0,False,False,same_region,0,0,0,-9.4,27.8,-37.2,-18.6,-1.4,9.6,-11.0,-5.5,1262,4,1
401655120,2024-04-27,Orlando Magic,Cleveland Cavaliers,112,89,2024,23,201,1.0,False,False,1.0,False,False,same_region,0,0,0,5.4,-3.0,8.4,4.2,1.2,-2.9,4.1,2.05,1263,4,1
401655084,2024-04-27,Los Angeles Lakers,Denver Nuggets,119,108,2024,11,227,1.0,False,False,1.0,False,False,same_region,0,0,0,0.0,6.8,-6.8,-3.4,0.3,9.4,-9.1,-4.55,1264,4,1
401655090,2024-04-28,Phoenix Suns,Minnesota Timberwolves,116,122,2024,-6,238,1.0,False,False,1.0,False,False,same_region,0,0,0,-6.8,7.6,-14.399999999999999,-7.199999999999999,-0.8,8.6,-9.4,-4.7,1265,4,1
401655114,2024-04-28,Indiana Pacers,Milwaukee Bucks,126,113,2024,13,239,1.0,False,False,1.0,False,False,same_region,0,0,0,7.6,-9.6,17.2,8.6,8.9,-4.6,13.5,6.75,1266,4,1
401655096,2024-04-28,Dallas Mavericks,LA Clippers,111,116,2024,-5,227,1.0,False,False,1.0,False,False,same_region,0,0,0,-13.0,-2.8,-10.2,-5.1,0.7,1.6,-0.9000000000000001,-0.45000000000000007,1267,4,1
401655108,2024-04-28,Philadelphia 76ers,New York Knicks,92,97,2024,-5,189,2.0,False,False,2.0,False,False,same_region,0,0,0,4.6,0.8,3.8,1.9,8.4,4.0,4.4,2.2,1268,4,1
401655102,2024-04-29,Miami Heat,Boston Celtics,88,102,2024,-14,190,1.0,False,False,1.0,False,False,same_region,0,0,0,-2.0,14.6,-16.6,-8.3,1.2,10.4,-9.200000000000001,-4.6000000000000005,1269,4,1
401655078,2024-04-29,New Orleans Pelicans,Oklahoma City Thunder,89,97,2024,-8,186,1.0,False,False,1.0,False,False,same_region,0,0,0,-10.4,24.4,-34.8,-17.4,-3.3,12.1,-15.399999999999999,-7.699999999999999,1270,4,1
401655085,2024-04-29,Denver Nuggets,Los Angeles Lakers,108,106,2024,2,214,6.0,False,False,6.0,False,False,same_region,0,0,0,4.8,-1.0,5.8,2.9,7.8,0.9,6.8999999999999995,3.4499999999999997,1271,4,1
401655115,2024-04-30,Milwaukee Bucks,Indiana Pacers,115,92,2024,23,207,6.0,False,False,6.0,False,False,same_region,0,0,0,-8.6,12.0,-20.6,-10.3,-4.9,8.0,-12.9,-6.45,1272,4,1
401655121,2024-04-30,Cleveland Cavaliers,Orlando Magic,104,103,2024,1,207,7.0,False,False,7.0,False,False,same_region,0,0,0,-9.4,12.4,-21.8,-10.9,-6.8,2.6,-9.4,-4.7,1273,4,1
401655109,2024-04-30,New York Knicks,Philadelphia 76ers,106,112,2024,-6,218,7.0,False,False,7.0,False,False,same_region,0,0,0,1.0,-0.6,1.6,0.8,3.4,7.5,-4.1,-2.05,1274,4,1
401655097,2024-05-01,LA Clippers,Dallas Mavericks,93,123,2024,-30,216,7.0,False,False,7.0,False,False,same_region,0,0,0,-1.6,-10.4,8.8,4.4,1.9,-1.2,3.0999999999999996,1.5499999999999998,1275,5,1
401655103,2024-05-01,Boston Celtics,Miami Heat,118,84,2024,34,202,6.0,False,False,6.0,False,False,same_region,0,0,0,10.8,-4.6,15.4,7.7,8.3,0.0,8.3,4.15,1276,5,1
401655110,2024-05-02,Philadelphia 76ers,New York Knicks,115,118,2024,-3,233,3.0,False,False,3.0,False,False,same_region,0,0,0,0.4,-0.4,0.8,0.4,6.1,3.6,2.4999999999999996,1.2499999999999998,1277,5,1
401655116,2024-05-02,Indiana Pacers,Milwaukee Bucks,120,98,2024,22,218,3.0,False,False,3.0,False,False,same_region,0,0,0,-1.0,1.0,-2.0,-1.0,6.1,-2.0,8.1,4.05,1278,5,1
401655122,2024-05-03,Orlando Magic,Cleveland Cavaliers,103,96,2024,7,199,5.0,False,False,5.0,False,False,same_region,0,0,0,7.2,-7.2,14.4,7.2,3.4,-4.6,8.0,4.0,1279,5,1
401655098,2024-05-03,Dallas Mavericks,LA Clippers,114,101,2024,13,215,4.0,False,False,4.0,False,False,same_region,0,0,0,5.4,-5.4,10.8,5.4,1.6,-4.0,5.6,2.8,1280,5,1
401657182,2024-05-04,Denver Nuggets,Minnesota Timberwolves,99,106,2024,-7,205,4.0,False,False,5.0,False,False,same_region,0,0,0,2.2,8.2,-5.999999999999999,-2.9999999999999996,8.2,4.4,3.799999999999999,1.8999999999999995,1281,5,1
401655123,2024-05-05,Cleveland Cavaliers,Orlando Magic,106,94,2024,12,200,4.0,False,False,4.0,False,False,same_region,0,0,0,-11.4,11.4,-22.8,-11.4,-3.4,2.6,-6.0,-3.0,1282,5,1
401657183,2024-05-06,Denver Nuggets,Minnesota Timberwolves,80,106,2024,-26,186,1.0,False,False,1.0,False,False,same_region,0,0,0,-1.4,13.4,-14.8,-7.4,4.3,6.1,-1.7999999999999998,-0.8999999999999999,1283,5,1
401657420,2024-05-06,New York Knicks,Indiana Pacers,121,117,2024,4,238,5.0,False,False,5.0,False,False,same_region,0,0,0,-1.2,6.4,-7.6000000000000005,-3.8000000000000003,2.6,6.9,-4.300000000000001,-2.1500000000000004,1284,5,1
401657231,2024-05-07,Oklahoma City Thunder,Dallas Mavericks,117,95,2024,22,212,12.0,False,False,5.0,False,False,same_region,0,0,0,22.4,10.4,11.999999999999998,5.999999999999999,16.4,1.8,14.599999999999998,7.299999999999999,1285,5,1
401658224,2024-05-07,Boston Celtics,Cleveland Cavaliers,120,95,2024,25,215,5.0,False,False,3.0,False,False,same_region,0,0,0,15.6,-11.0,26.6,13.3,11.6,-2.0,13.6,6.8,1286,5,1
401657421,2024-05-08,New York Knicks,Indiana Pacers,130,121,2024,9,251,1.0,False,False,1.0,False,False,same_region,0,0,0,-1.0,2.2,-3.2,-1.6,1.9,6.3,-4.4,-2.2,1287,5,1
401658188,2024-05-09,Oklahoma City Thunder,Dallas Mavericks,110,119,2024,-9,229,1.0,False,False,1.0,False,False,same_region,0,0,0,17.0,5.4,11.6,5.8,20.0,-3.0,23.0,11.5,1288,5,1
401658225,2024-05-09,Boston Celtics,Cleveland Cavaliers,94,118,2024,-24,212,1.0,False,False,1.0,False,False,same_region,0,0,0,16.6,-8.4,25.0,12.5,12.4,-5.7,18.1,9.05,1289,5,1
401657422,2024-05-10,Indiana Pacers,New York Knicks,111,106,2024,5,217,7.0,False,False,7.0,False,False,same_region,0,0,0,-0.2,3.0,-3.2,-1.6,3.7,1.9,1.8000000000000003,0.9000000000000001,1290,5,1
401657184,2024-05-10,Minnesota Timberwolves,Denver Nuggets,90,117,2024,-27,207,16.0,False,False,12.0,False,False,same_region,0,0,0,13.6,-7.0,20.6,10.3,7.7,0.1,7.6000000000000005,3.8000000000000003,1291,5,1
401658226,2024-05-11,Cleveland Cavaliers,Boston Celtics,93,106,2024,-13,199,5.0,False,False,11.0,False,False,same_region,0,0,0,1.0,13.8,-12.8,-6.4,-4.2,11.3,-15.5,-7.75,1292,5,1
401658190,2024-05-11,Dallas Mavericks,Oklahoma City Thunder,105,101,2024,4,206,7.0,False,False,11.0,False,False,same_region,0,0,0,5.0,14.8,-9.8,-4.9,-4.0,18.8,-22.8,-11.4,1293,5,1
401657185,2024-05-12,Minnesota Timberwolves,Denver Nuggets,107,115,2024,-8,222,1.0,False,False,1.0,False,False,same_region,0,0,0,5.8,-3.0,8.8,4.4,4.1,1.9,2.1999999999999997,1.0999999999999999,1294,5,1
401657423,2024-05-12,Indiana Pacers,New York Knicks,121,89,2024,32,210,1.0,False,False,1.0,False,False,same_region,0,0,0,-1.8,1.0,-2.8,-1.4,5.1,1.0,4.1,2.05,1295,5,1
401658191,2024-05-13,Dallas Mavericks,Oklahoma City Thunder,96,100,2024,-4,196,1.0,False,False,1.0,False,False,same_region,0,0,0,6.8,7.6,-0.7999999999999998,-0.3999999999999999,-1.8,17.7,-19.5,-9.75,1296,5,1
401658227,2024-05-13,Cleveland Cavaliers,Boston Celtics,102,109,2024,-7,211,1.0,False,False,1.0,False,False,same_region,0,0,0,-1.8,12.4,-14.200000000000001,-7.1000000000000005,-4.5,13.5,-18.0,-9.0,1297,5,1
401657186,2024-05-14,Denver Nuggets,Minnesota Timberwolves,112,97,2024,15,209,7.0,False,False,7.0,False,False,same_region,0,0,0,0.8,0.8,0.0,0.0,2.8,4.2,-1.4000000000000004,-0.7000000000000002,1298,5,1
401658196,2024-05-14,New York Knicks,Indiana Pacers,121,91,2024,30,212,5.0,False,False,5.0,False,False,same_region,0,0,0,-4.2,9.2,-13.399999999999999,-6.699999999999999,-2.3,4.1,-6.3999999999999995,-3.1999999999999997,1299,5,1
401658228,2024-05-15,Boston Celtics,Cleveland Cavaliers,113,98,2024,15,211,5.0,False,False,5.0,False,False,same_region,0,0,0,11.0,-1.8,12.8,6.4,10.9,-6.6,17.5,8.75,1300,5,1
401658192,2024-05-15,Oklahoma City Thunder,Dallas Mavericks,92,104,2024,-12,196,5.0,False,False,5.0,False,False,same_region,0,0,0,4.2,0.0,4.2,2.1,14.3,2.7,11.600000000000001,5.800000000000001,1301,5,1
401657187,2024-05-16,Minnesota Timberwolves,Denver Nuggets,115,70,2024,45,185,3.0,False,False,3.0,False,False,same_region,0,0,0,-3.4,3.4,-6.8,-3.4,2.4,2.8,-0.3999999999999999,-0.19999999999999996,1302,5,1
401658197,2024-05-17,Indiana Pacers,New York Knicks,116,103,2024,13,219,4.0,False,False,4.0,False,False,same_region,0,0,0,-1.2,1.2,-2.4,-1.2,2.6,0.0,2.6,1.3,1303,5,1
401658194,2024-05-18,Dallas Mavericks,Oklahoma City Thunder,117,116,2024,1,233,4.0,False,False,4.0,False,False,same_region,0,0,0,-0.2,0.2,-0.4,-0.2,5.1,11.3,-6.200000000000001,-3.1000000000000005,1304,5,1
401657188,2024-05-19,Denver Nuggets,Minnesota Timberwolves,90,98,2024,-8,188,4.0,False,False,4.0,False,False,same_region,0,0,0,-4.2,4.2,-8.4,-4.2,-2.8,8.8,-11.600000000000001,-5.800000000000001,1305,5,1
401658198,2024-05-19,New York Knicks,Indiana Pacers,109,130,2024,-21,239,4.0,False,False,4.0,False,False,same_region,0,0,0,-2.2,2.2,-4.4,-2.2,-1.6,2.2,-3.8000000000000003,-1.9000000000000001,1306,5,1
401671998,2024-05-21,Boston Celtics,Indiana Pacers,133,128,2024,5,261,5.0,False,False,1.0,False,False,same_region,0,0,0,7.2,8.2,-0.9999999999999991,-0.49999999999999956,11.4,4.0,7.4,3.7,1307,5,1
401672976,2024-05-22,Minnesota Timberwolves,Dallas Mavericks,105,108,2024,-3,213,5.0,False,False,6.0,False,False,same_region,0,0,0,0.6,4.4,-3.8000000000000003,-1.9000000000000001,7.1,4.9,2.1999999999999993,1.0999999999999996,1308,5,1
401671999,2024-05-23,Boston Celtics,Indiana Pacers,126,110,2024,16,236,1.0,False,False,1.0,False,False,same_region,0,0,0,3.2,6.2,-3.0,-1.5,9.9,2.2,7.7,3.85,1309,5,1
401672977,2024-05-24,Minnesota Timberwolves,Dallas Mavericks,108,109,2024,-1,217,1.0,False,False,1.0,False,False,same_region,0,0,0,5.4,3.2,2.2,1.1,5.6,4.1,1.5,0.75,1310,5,1
401672000,2024-05-25,Indiana Pacers,Boston Celtics,111,114,2024,-3,225,7.0,False,False,11.0,False,False,same_region,0,0,0,-3.4,11.2,-14.6,-7.3,2.9,12.5,-9.6,-4.8,1311,5,1
401672978,2024-05-26,Dallas Mavericks,Minnesota Timberwolves,116,107,2024,9,223,7.0,False,False,6.0,False,False,same_region,0,0,0,2.6,6.8,-4.199999999999999,-2.0999999999999996,4.7,3.8,0.9000000000000004,0.4500000000000002,1312,5,1
401672001,2024-05-27,Indiana Pacers,Boston Celtics,102,105,2024,-3,207,1.0,False,False,1.0,False,False,same_region,0,0,0,2.0,9.2,-7.199999999999999,-3.5999999999999996,0.4,10.8,-10.4,-5.2,1313,5,1
401672979,2024-05-28,Dallas Mavericks,Minnesota Timberwolves,100,105,2024,-5,205,1.0,False,False,1.0,False,False,same_region,0,0,0,5.2,8.0,-2.8,-1.4,2.6,2.3,0.30000000000000027,0.15000000000000013,1314,5,1
401672980,2024-05-30,Minnesota Timberwolves,Dallas Mavericks,103,124,2024,-21,227,5.0,False,False,5.0,False,False,same_region,0,0,0,0.0,1.8,-1.8,-0.9,2.1,0.8,1.3,0.65,1315,5,1
401656359,2024-06-06,Boston Celtics,Dallas Mavericks,107,89,2024,18,196,13.0,False,False,6.0,False,False,west_to_east,1,0,1,8.4,5.8,2.6000000000000005,1.3000000000000003,9.7,5.1,4.6,2.3,1316,6,1
401656360,2024-06-09,Boston Celtics,Dallas Mavericks,105,98,2024,7,203,2.0,False,False,2.0,False,False,west_to_east,1,0,1,9.0,1.6,7.4,3.7,8.1,2.4,5.699999999999999,2.8499999999999996,1317,6,1
401656361,2024-06-12,Dallas Mavericks,Boston Celtics,99,106,2024,-7,205,14.0,False,False,15.0,False,False,east_to_west,1,1,0,0.0,9.4,-9.4,-4.7,1.3,6.3,-5.0,-2.5,1318,6,1
401656362,2024-06-14,Dallas Mavericks,Boston Celtics,122,84,2024,38,206,1.0,False,False,1.0,False,False,east_to_west,1,1,0,-3.2,7.6,-10.8,-5.4,1.0,9.4,-8.4,-4.2,1319,6,1
401656363,2024-06-17,Boston Celtics,Dallas Mavericks,106,88,2024,18,194,7.0,False,False,7.0,False,False,west_to_east,1,0,1,-0.6,5.4,-6.0,-3.0,4.3,3.6,0.6999999999999997,0.34999999999999987,1320,6,1
