game_id,game_date,home_team,away_team,home_pts,away_pts,season,actual_spread,actual_total,home_rest_days,home_back_to_back,home_three_in_four,away_rest_days,away_back_to_back,away_three_in_four,travel_direction,long_travel,east_to_west,west_to_east,home_rolling_5g,away_rolling_5g,rolling_diff_5g,pred_spread_rolling_5g,home_rolling_10g,away_rolling_10g,rolling_diff_10g,pred_spread_rolling_10g,season_game_num,month,is_playoff
401584690,2023-10-24,Golden State Warriors,Phoenix Suns,104,108,2024,-4,212,,False,False,,False,False,same_region,0,0,0,,,0.0,0.0,,,0.0,0.0,1,10,0
401584689,2023-10-24,Denver Nuggets,Los Angeles Lakers,119,107,2024,12,226,,False,False,,False,False,same_region,0,0,0,,,0.0,0.0,,,0.0,0.0,2,10,0
401584695,2023-10-25,Brooklyn Nets,Cleveland Cavaliers,113,114,2024,-1,227,,False,False,,False,False,same_region,0,0,0,,,0.0,0.0,,,0.0,0.0,3,10,0
401584701,2023-10-25,San Antonio Spurs,Dallas Mavericks,119,126,2024,-7,245,,False,False,,False,False,same_region,0,0,0,,,0.0,0.0,,,0.0,0.0,4,10,0
401584691,2023-10-25,Charlotte Hornets,Atlanta Hawks,116,110,2024,6,226,,False,False,,False,False,same_region,0,0,0,,,0.0,0.0,,,0.0,0.0,5,10,0
401584693,2023-10-25,New York Knicks,Boston Celtics,104,108,2024,-4,212,,False,False,,False,False,same_region,0,0,0,,,0.0,0.0,,,0.0,0.0,6,10,0
401584694,2023-10-25,Orlando Magic,Houston Rockets,116,86,2024,30,202,,False,False,,False,False,west_to_east,1,0,1,,,0.0,0.0,,,0.0,0.0,7,10,0
401584692,2023-10-25,Indiana Pacers,Washington Wizards,143,120,2024,23,263,,False,False,,False,False,same_region,0,0,0,,,0.0,0.0,,,0.0,0.0,8,10,0
401584702,2023-10-25,LA Clippers,Portland Trail Blazers,123,111,2024,12,234,,False,False,,False,False,same_region,0,0,0,,,0.0,0.0,,,0.0,0.0,9,10,0
401584697,2023-10-25,Toronto Raptors,Minnesota Timberwolves,97,94,2024,3,191,,False,False,,False,False,west_to_east,1,0,1,,,0.0,0.0,,,0.0,0.0,10,10,0
401584699,2023-10-25,Memphis Grizzlies,New Orleans Pelicans,104,111,2024,-7,215,,False,False,,False,False,same_region,0,0,0,,,0.0,0.0,,,0.0,0.0,11,10,0
401584700,2023-10-25,Utah Jazz,Sacramento Kings,114,130,2024,-16,244,,False,False,,False,False,same_region,0,0,0,,,0.0,0.0,,,0.0,0.0,12,10,0
401584696,2023-10-25,Miami Heat,Detroit Pistons,103,102,2024,1,205,,False,False,,False,False,same_region,0,0,0,,,0.0,0.0,,,0.0,0.0,13,10,0
401584698,2023-10-25,Chicago Bulls,Oklahoma City Thunder,104,124,2024,-20,228,,False,False,,False,False,west_to_east,1,0,1,,,0.0,0.0,,,0.0,0.0,14,10,0
401584704,2023-10-26,Los Angeles Lakers,Phoenix Suns,100,95,2024,5,195,,False,False,1.0,False,False,same_region,0,0,0,,,0.0,0.0,,,0.0,0.0,15,10,0
401584703,2023-10-26,Milwaukee Bucks,Philadelphia 76ers,118,117,2024,1,235,,False,False,,False,False,same_region,0,0,0,,,0.0,0.0,,,0.0,0.0,16,10,0
401584707,2023-10-27,Atlanta Hawks,New York Knicks,120,126,2024,-6,246,,False,False,,False,False,same_region,0,0,0,,,0.0,0.0,,,0.0,0.0,17,10,0
401584709,2023-10-27,Cleveland Cavaliers,Oklahoma City Thunder,105,108,2024,-3,213,,False,False,1.0,False,False,west_to_east,1,0,1,,,0.0,0.0,,,0.0,0.0,18,10,0
401584705,2023-10-27,Charlotte Hornets,Detroit Pistons,99,111,2024,-12,210,1.0,False,False,1.0,False,False,same_region,0,0,0,,,0.0,0.0,,,0.0,0.0,19,10,0
401584706,2023-10-27,Memphis Grizzlies,Denver Nuggets,104,108,2024,-4,212,1.0,False,False,,False,False,same_region,0,0,0,,,0.0,0.0,,,0.0,0.0,20,10,0
401584712,2023-10-27,Dallas Mavericks,Brooklyn Nets,125,120,2024,5,245,,False,False,,False,False,east_to_west,1,1,0,,,0.0,0.0,,,0.0,0.0,21,10,0
401584708,2023-10-27,Boston Celtics,Miami Heat,119,111,2024,8,230,,False,False,,False,False,same_region,0,0,0,,,0.0,0.0,,,0.0,0.0,22,10,0
401584714,2023-10-27,Portland Trail Blazers,Orlando Magic,97,102,2024,-5,199,,False,False,,False,False,east_to_west,1,1,0,,,0.0,0.0,,,0.0,0.0,23,10,0
401584715,2023-10-27,Sacramento Kings,Golden State Warriors,114,122,2024,-8,236,,False,False,,False,False,same_region,0,0,0,,,0.0,0.0,,,0.0,0.0,24,10,0
401584710,2023-10-27,Chicago Bulls,Toronto Raptors,104,103,2024,1,207,1.0,False,False,,False,False,same_region,0,0,0,,,0.0,0.0,,,0.0,0.0,25,10,0
401584713,2023-10-27,Utah Jazz,LA Clippers,120,118,2024,2,238,1.0,False,False,,False,False,same_region,0,0,0,,,0.0,0.0,,,0.0,0.0,26,10,0
401584711,2023-10-27,San Antonio Spurs,Houston Rockets,126,122,2024,4,248,1.0,False,False,1.0,False,False,same_region,0,0,0,,,0.0,0.0,,,0.0,0.0,27,10,0
401584718,2023-10-28,New Orleans Pelicans,New York Knicks,96,87,2024,9,183,,False,False,0.0,True,False,east_to_west,1,1,0,,1.0,-1.0,-0.5,,1.0,-1.0,-0.5,28,10,0
401584717,2023-10-28,Washington Wizards,Memphis Grizzlies,113,106,2024,7,219,,False,False,,False,False,west_to_east,1,0,1,,-5.5,5.5,2.75,,-5.5,5.5,2.75,29,10,0
401584720,2023-10-28,Toronto Raptors,Philadelphia 76ers,107,114,2024,-7,221,2.0,False,False,1.0,False,False,same_region,0,0,0,1.0,,1.0,0.5,1.0,,1.0,0.5,30,10,0
401584716,2023-10-28,Detroit Pistons,Chicago Bulls,118,102,2024,16,220,,False,False,,False,False,same_region,0,0,0,5.5,-9.5,15.0,7.5,5.5,-9.5,15.0,7.5,31,10,0
401584721,2023-10-28,Minnesota Timberwolves,Miami Heat,106,90,2024,16,196,,False,False,0.0,True,False,east_to_west,1,1,0,,-3.5,3.5,1.75,,-3.5,3.5,1.75,32,10,0
401584719,2023-10-28,Cleveland Cavaliers,Indiana Pacers,113,125,2024,-12,238,0.0,True,False,,False,False,same_region,0,0,0,-1.0,,-1.0,-0.5,-1.0,,-1.0,-0.5,33,10,0
401584722,2023-10-28,Phoenix Suns,Utah Jazz,126,104,2024,22,230,,False,False,,False,False,same_region,0,0,0,-0.5,-7.0,6.5,3.25,-0.5,-7.0,6.5,3.25,34,10,0
401584724,2023-10-29,Houston Rockets,Golden State Warriors,95,106,2024,-11,201,,False,False,1.0,False,False,same_region,0,0,0,-17.0,2.0,-19.0,-9.5,-17.0,2.0,-19.0,-9.5,35,10,0
401584723,2023-10-29,Oklahoma City Thunder,Denver Nuggets,95,128,2024,-33,223,,False,False,1.0,False,False,same_region,0,0,0,11.5,8.0,3.5,1.75,11.5,8.0,3.5,1.75,36,10,0
401584728,2023-10-29,Sacramento Kings,Los Angeles Lakers,132,127,2024,5,259,1.0,False,False,4.0,False,False,same_region,0,0,0,4.0,-3.5,7.5,3.75,4.0,-3.5,7.5,3.75,37,10,0
401584727,2023-10-29,LA Clippers,San Antonio Spurs,123,83,2024,40,206,3.0,False,False,,False,False,same_region,0,0,0,5.0,-1.5,6.5,3.25,5.0,-1.5,6.5,3.25,38,10,0
401584726,2023-10-29,Philadelphia 76ers,Portland Trail Blazers,126,98,2024,28,224,,False,False,3.0,False,False,west_to_east,1,0,1,3.0,-8.5,11.5,5.75,3.0,-8.5,11.5,5.75,39,10,0
401584725,2023-10-29,Milwaukee Bucks,Atlanta Hawks,110,127,2024,-17,237,2.0,False,False,3.0,False,False,same_region,0,0,0,,-6.0,6.0,3.0,,-6.0,6.0,3.0,40,10,0
401584730,2023-10-30,Indiana Pacers,Chicago Bulls,105,112,2024,-7,217,4.0,False,False,1.0,False,False,same_region,0,0,0,17.5,-11.666666666666666,29.166666666666664,14.583333333333332,17.5,-11.666666666666666,29.166666666666664,14.583333333333332,41,10,0
401584731,2023-10-30,Washington Wizards,Boston Celtics,107,126,2024,-19,233,1.0,False,False,4.0,False,False,same_region,0,0,0,-8.0,6.0,-14.0,-7.0,-8.0,6.0,-14.0,-7.0,42,10,0
401584734,2023-10-30,Memphis Grizzlies,Dallas Mavericks,110,125,2024,-15,235,2.0,False,False,4.0,False,False,same_region,0,0,0,-6.0,6.0,-12.0,-6.0,-6.0,6.0,-12.0,-6.0,43,10,0
401584729,2023-10-30,Charlotte Hornets,Brooklyn Nets,121,133,2024,-12,254,2.0,False,False,2.0,False,False,same_region,0,0,0,-3.0,-3.0,0.0,0.0,-3.0,-3.0,0.0,0.0,44,10,0
401584733,2023-10-30,Toronto Raptors,Portland Trail Blazers,91,99,2024,-8,190,1.0,False,False,0.0,True,False,west_to_east,1,0,1,-1.6666666666666667,-15.0,13.333333333333334,6.666666666666667,-1.6666666666666667,-15.0,13.333333333333334,6.666666666666667,45,10,0
401584737,2023-10-30,Oklahoma City Thunder,Detroit Pistons,124,112,2024,12,236,0.0,True,False,2.0,False,False,east_to_west,1,1,0,-3.3333333333333335,9.0,-12.333333333333334,-6.166666666666667,-3.3333333333333335,9.0,-12.333333333333334,-6.166666666666667,46,10,0
401584735,2023-10-30,Milwaukee Bucks,Miami Heat,122,114,2024,8,236,0.0,True,False,1.0,False,True,same_region,0,0,0,-8.0,-7.666666666666667,-0.33333333333333304,-0.16666666666666652,-8.0,-7.666666666666667,-0.33333333333333304,-0.16666666666666652,47,10,0
401584738,2023-10-30,Denver Nuggets,Utah Jazz,110,102,2024,8,212,5.0,False,False,1.0,False,False,same_region,0,0,0,16.333333333333332,-12.0,28.333333333333332,14.166666666666666,16.333333333333332,-12.0,28.333333333333332,14.166666666666666,48,10,0
401584739,2023-10-30,Los Angeles Lakers,Orlando Magic,106,103,2024,3,209,3.0,False,False,2.0,False,False,east_to_west,1,1,0,-4.0,17.5,-21.5,-10.75,-4.0,17.5,-21.5,-10.75,49,10,0
401584736,2023-10-30,New Orleans Pelicans,Golden State Warriors,102,130,2024,-28,232,1.0,False,False,0.0,True,True,same_region,0,0,0,8.0,5.0,3.0,1.5,8.0,5.0,3.0,1.5,50,10,0
401584732,2023-10-30,Atlanta Hawks,Minnesota Timberwolves,127,113,2024,14,240,2.0,False,False,4.0,False,False,west_to_east,1,0,1,1.6666666666666667,6.5,-4.833333333333333,-2.4166666666666665,1.6666666666666667,6.5,-4.833333333333333,-2.4166666666666665,51,10,0
401584742,2023-10-31,LA Clippers,Orlando Magic,118,102,2024,16,220,1.0,False,False,0.0,True,False,east_to_west,1,1,0,16.666666666666668,10.666666666666666,6.000000000000002,3.000000000000001,16.666666666666668,10.666666666666666,6.000000000000002,3.000000000000001,52,10,0
401584741,2023-10-31,Phoenix Suns,San Antonio Spurs,114,115,2024,-1,229,2.0,False,False,1.0,False,False,same_region,0,0,0,7.0,-14.333333333333334,21.333333333333336,10.666666666666668,7.0,-14.333333333333334,21.333333333333336,10.666666666666668,53,10,0
401584740,2023-10-31,Cleveland Cavaliers,New York Knicks,91,109,2024,-18,200,2.0,False,False,2.0,False,False,same_region,0,0,0,-4.666666666666667,-2.3333333333333335,-2.3333333333333335,-1.1666666666666667,-4.666666666666667,-2.3333333333333335,-2.3333333333333335,-1.1666666666666667,54,10,0
401584745,2023-11-01,Atlanta Hawks,Washington Wizards,130,121,2024,9,251,1.0,False,False,6.0,False,False,same_region,0,0,0,4.75,-11.666666666666666,16.416666666666664,8.208333333333332,4.75,-11.666666666666666,16.416666666666664,8.208333333333332,55,11,0
401584743,2023-11-01,Detroit Pistons,Portland Trail Blazers,101,110,2024,-9,211,3.0,False,False,1.0,False,True,west_to_east,1,0,1,3.75,-9.25,13.0,6.5,3.75,-9.25,13.0,6.5,56,11,0
401584744,2023-11-01,Toronto Raptors,Milwaukee Bucks,130,111,2024,19,241,1.0,False,False,,False,False,same_region,0,0,0,-3.25,-2.6666666666666665,-0.5833333333333335,-0.29166666666666674,-3.25,-2.6666666666666665,-0.5833333333333335,-0.29166666666666674,57,11,0
401584747,2023-11-01,Miami Heat,Brooklyn Nets,105,109,2024,-4,214,6.0,False,False,1.0,False,False,same_region,0,0,0,-7.75,2.0,-9.75,-4.875,-7.75,2.0,-9.75,-4.875,58,11,0
401584748,2023-11-01,New York Knicks,Cleveland Cavaliers,89,95,2024,-6,184,6.0,False,False,6.0,False,False,same_region,0,0,0,2.75,-8.0,10.75,5.375,2.75,-8.0,10.75,5.375,59,11,0
401584755,2023-11-01,Los Angeles Lakers,LA Clippers,130,125,2024,5,255,1.0,False,False,4.0,False,False,same_region,0,0,0,-2.25,16.5,-18.75,-9.375,-2.25,16.5,-18.75,-9.375,60,11,0
401584746,2023-11-01,Boston Celtics,Indiana Pacers,155,104,2024,51,259,4.0,False,False,3.0,False,False,same_region,0,0,0,10.333333333333334,9.333333333333334,1.0,0.5,10.333333333333334,9.333333333333334,1.0,0.5,61,11,0
401584751,2023-11-01,Minnesota Timberwolves,Denver Nuggets,110,89,2024,21,199,3.0,False,False,2.0,False,False,same_region,0,0,0,-0.3333333333333333,14.25,-14.583333333333334,-7.291666666666667,-0.3333333333333333,14.25,-14.583333333333334,-7.291666666666667,62,11,0
401584752,2023-11-01,Dallas Mavericks,Chicago Bulls,114,105,2024,9,219,4.0,False,False,1.0,False,False,east_to_west,1,1,0,9.0,-7.0,16.0,8.0,9.0,-7.0,16.0,8.0,63,11,0
401584753,2023-11-01,Utah Jazz,Memphis Grizzlies,133,109,2024,24,242,4.0,False,False,3.0,False,False,same_region,0,0,0,-11.0,-8.25,-2.75,-1.375,-11.0,-8.25,-2.75,-1.375,64,11,0
401584754,2023-11-01,Golden State Warriors,Sacramento Kings,102,101,2024,1,203,7.0,False,False,6.0,False,False,same_region,0,0,0,10.75,4.333333333333333,6.416666666666667,3.2083333333333335,10.75,4.333333333333333,6.416666666666667,3.2083333333333335,65,11,0
401584749,2023-11-01,Oklahoma City Thunder,New Orleans Pelicans,106,110,2024,-4,216,1.0,False,True,6.0,False,False,same_region,0,0,0,0.5,-4.0,4.5,2.25,0.5,-4.0,4.5,2.25,66,11,0
401584750,2023-11-01,Houston Rockets,Charlotte Hornets,128,119,2024,9,247,2.0,False,False,,False,False,east_to_west,1,1,0,-15.0,-6.0,-9.0,-4.5,-15.0,-6.0,-9.0,-4.5,67,11,0
401584759,2023-11-02,Phoenix Suns,San Antonio Spurs,121,132,2024,-11,253,1.0,False,False,1.0,False,False,same_region,0,0,0,5.0,-10.5,15.5,7.75,5.0,-10.5,15.5,7.75,68,11,0
401584758,2023-11-02,Utah Jazz,Orlando Magic,113,115,2024,-2,228,0.0,True,False,1.0,False,True,east_to_west,1,1,0,-4.0,4.0,-8.0,-4.0,-4.0,4.0,-8.0,-4.0,69,11,0
401584757,2023-11-02,New Orleans Pelicans,Detroit Pistons,125,116,2024,9,241,2.0,False,False,2.0,False,False,east_to_west,1,1,0,-2.0,1.2,-3.2,-1.6,-2.0,1.2,-3.2,-1.6,70,11,0
401584756,2023-11-02,Philadelphia 76ers,Toronto Raptors,114,99,2024,15,213,3.0,False,False,5.0,False,False,same_region,0,0,0,11.333333333333334,1.2,10.133333333333335,5.066666666666667,11.333333333333334,1.2,10.133333333333335,5.066666666666667,71,11,0
401584095,2023-11-03,Portland Trail Blazers,Memphis Grizzlies,115,113,2024,2,228,6.0,False,False,1.0,False,False,same_region,0,0,0,-5.6,-11.4,5.800000000000001,2.9000000000000004,-5.6,-11.4,5.800000000000001,2.9000000000000004,72,11,0
401584090,2023-11-03,Milwaukee Bucks,New York Knicks,110,105,2024,5,215,3.0,False,False,2.0,False,False,same_region,0,0,0,-6.75,1.0,-7.75,-3.875,-6.75,1.0,-7.75,-3.875,73,11,0
401584091,2023-11-03,Miami Heat,Washington Wizards,121,114,2024,7,235,1.0,False,False,1.0,False,False,same_region,0,0,0,-7.0,-11.0,4.0,2.0,-7.0,-11.0,4.0,2.0,74,11,0
401584092,2023-11-03,Chicago Bulls,Brooklyn Nets,107,109,2024,-2,216,6.0,False,False,1.0,False,False,same_region,0,0,0,-7.4,2.5,-9.9,-4.95,-7.4,2.5,-9.9,-4.95,75,11,0
401584093,2023-11-03,Oklahoma City Thunder,Golden State Warriors,139,141,2024,-2,280,1.0,False,False,3.0,False,False,same_region,0,0,0,-0.4,8.8,-9.200000000000001,-4.6000000000000005,-0.4,8.8,-9.200000000000001,-4.6000000000000005,76,11,0
401584094,2023-11-03,Denver Nuggets,Dallas Mavericks,125,114,2024,11,239,3.0,False,False,3.0,False,False,same_region,0,0,0,7.2,9.0,-1.7999999999999998,-0.8999999999999999,7.2,9.0,-1.7999999999999998,-0.8999999999999999,77,11,0
401584089,2023-11-03,Indiana Pacers,Cleveland Cavaliers,121,116,2024,5,237,3.0,False,False,1.0,False,False,same_region,0,0,0,-5.75,-5.2,-0.5499999999999998,-0.2749999999999999,-5.75,-5.2,-0.5499999999999998,-0.2749999999999999,78,11,0
401584763,2023-11-04,New Orleans Pelicans,Atlanta Hawks,105,123,2024,-18,228,1.0,False,False,5.0,False,False,east_to_west,1,1,0,0.2,5.6,-5.3999999999999995,-2.6999999999999997,0.2,5.6,-5.3999999999999995,-2.6999999999999997,79,11,0
401584762,2023-11-04,Orlando Magic,Los Angeles Lakers,120,101,2024,19,221,9.0,False,False,5.0,False,False,west_to_east,1,0,1,3.6,-0.8,4.4,2.2,3.6,-0.8,4.4,2.2,80,11,0
401584761,2023-11-04,Indiana Pacers,Charlotte Hornets,124,125,2024,-1,249,0.0,True,False,2.0,False,False,same_region,0,0,0,-3.6,-6.75,3.15,1.575,-3.6,-6.75,3.15,1.575,81,11,0
401584760,2023-11-04,Philadelphia 76ers,Phoenix Suns,112,100,2024,12,212,1.0,False,False,8.0,False,False,west_to_east,1,0,1,12.25,1.8,10.45,5.225,12.25,1.8,10.45,5.225,82,11,0
401584767,2023-11-04,Denver Nuggets,Chicago Bulls,123,101,2024,22,224,0.0,True,False,2.0,False,False,east_to_west,1,1,0,7.0,-3.8,10.8,5.4,7.833333333333333,-6.5,14.333333333333332,7.166666666666666,83,11,0
401584766,2023-11-04,Minnesota Timberwolves,Utah Jazz,123,95,2024,28,218,2.0,False,False,4.0,False,False,same_region,0,0,0,5.0,-1.2,6.2,3.1,5.0,-3.6666666666666665,8.666666666666666,4.333333333333333,84,11,0
401584765,2023-11-04,Houston Rockets,Sacramento Kings,107,89,2024,18,196,2.0,False,False,2.0,False,False,same_region,0,0,0,-9.0,3.0,-12.0,-6.0,-9.0,3.0,-12.0,-6.0,85,11,0
401584764,2023-11-04,Brooklyn Nets,Boston Celtics,114,124,2024,-10,238,9.0,False,False,4.0,False,False,same_region,0,0,0,2.4,20.5,-18.1,-9.05,2.4,20.5,-18.1,-9.05,86,11,0
401584768,2023-11-05,Detroit Pistons,Phoenix Suns,106,120,2024,-14,226,3.0,False,False,0.0,True,False,west_to_east,1,0,1,-0.4,-1.4,0.9999999999999999,0.49999999999999994,-0.5,-0.5,0.0,0.0,87,11,0
401584769,2023-11-05,San Antonio Spurs,Toronto Raptors,116,123,2024,-7,239,8.0,False,False,2.0,False,False,east_to_west,1,1,0,-6.2,-2.4,-3.8000000000000003,-1.9000000000000001,-6.2,-1.5,-4.7,-2.35,88,11,0
401584771,2023-11-05,Dallas Mavericks,Charlotte Hornets,124,118,2024,6,242,3.0,False,False,0.0,True,False,east_to_west,1,1,0,5.0,-5.2,10.2,5.1,5.0,-5.2,10.2,5.1,89,11,0
401584772,2023-11-05,Portland Trail Blazers,Memphis Grizzlies,100,112,2024,-12,212,1.0,False,False,1.0,False,False,same_region,0,0,0,-2.8,-10.4,7.6000000000000005,3.8000000000000003,-4.333333333333333,-9.833333333333334,5.500000000000001,2.7500000000000004,90,11,0
401584770,2023-11-05,Cleveland Cavaliers,Golden State Warriors,115,104,2024,11,219,4.0,False,False,1.0,False,False,west_to_east,1,0,1,-6.4,10.0,-16.4,-8.2,-5.166666666666667,7.666666666666667,-12.833333333333334,-6.416666666666667,91,11,0
401584773,2023-11-06,Detroit Pistons,Golden State Warriors,109,120,2024,-11,229,0.0,True,False,0.0,True,True,west_to_east,1,0,1,-5.6,6.2,-11.8,-5.9,-2.4285714285714284,5.0,-7.428571428571429,-3.7142857142857144,92,11,0
401584774,2023-11-06,Indiana Pacers,San Antonio Spurs,152,111,2024,41,263,1.0,False,True,3.0,False,False,west_to_east,1,0,1,-8.4,-6.2,-2.2,-1.1,-3.1666666666666665,-6.333333333333333,3.1666666666666665,1.5833333333333333,93,11,0
401584775,2023-11-06,Orlando Magic,Dallas Mavericks,102,117,2024,-15,219,1.0,False,False,2.0,False,False,west_to_east,1,0,1,1.4,4.8,-3.4,-1.7,6.166666666666667,5.166666666666667,1.0,0.5,94,11,0
401584777,2023-11-06,Brooklyn Nets,Milwaukee Bucks,125,129,2024,-4,254,1.0,False,False,4.0,False,False,same_region,0,0,0,0.6,-4.4,5.0,2.5,0.3333333333333333,-4.4,4.733333333333333,2.3666666666666667,95,11,0
401584778,2023-11-06,Miami Heat,Los Angeles Lakers,108,107,2024,1,215,2.0,False,False,1.0,False,False,west_to_east,1,0,1,-5.8,-2.2,-3.5999999999999996,-1.7999999999999998,-4.666666666666667,-3.8333333333333335,-0.8333333333333335,-0.41666666666666674,96,11,0
401584776,2023-11-06,Philadelphia 76ers,Washington Wizards,146,128,2024,18,274,1.0,False,False,2.0,False,False,same_region,0,0,0,12.2,-10.2,22.4,11.2,12.2,-10.2,22.4,11.2,97,11,0
401584780,2023-11-06,Chicago Bulls,Utah Jazz,130,113,2024,17,243,2.0,False,False,1.0,False,False,west_to_east,1,0,1,-8.4,-7.2,-1.2000000000000002,-0.6000000000000001,-8.714285714285714,-7.142857142857143,-1.5714285714285703,-0.7857142857142851,98,11,0
401584781,2023-11-06,Houston Rockets,Sacramento Kings,122,97,2024,25,219,1.0,False,False,1.0,False,False,same_region,0,0,0,-3.6,-1.2,-2.4000000000000004,-1.2000000000000002,-3.6,-1.2,-2.4000000000000004,-1.2000000000000002,99,11,0
401584782,2023-11-06,Minnesota Timberwolves,Boston Celtics,114,109,2024,5,223,1.0,False,False,1.0,False,False,east_to_west,1,1,0,9.6,18.4,-8.799999999999999,-4.3999999999999995,9.6,18.4,-8.799999999999999,-4.3999999999999995,100,11,0
401584783,2023-11-06,Oklahoma City Thunder,Atlanta Hawks,126,117,2024,9,243,2.0,False,False,1.0,False,False,east_to_west,1,1,0,-4.8,10.4,-15.2,-7.6,-0.6666666666666666,7.666666666666667,-8.333333333333334,-4.166666666666667,101,11,0
401584784,2023-11-06,Denver Nuggets,New Orleans Pelicans,134,116,2024,18,250,1.0,False,True,4.0,False,False,same_region,0,0,0,10.6,-4.8,15.399999999999999,7.699999999999999,9.857142857142858,-2.8333333333333335,12.690476190476192,6.345238095238096,102,11,0
401584779,2023-11-06,New York Knicks,LA Clippers,111,97,2024,14,208,4.0,False,False,4.0,False,False,west_to_east,1,0,1,0.8,12.2,-11.399999999999999,-5.699999999999999,0.0,12.2,-12.2,-6.1,103,11,0
401584790,2023-11-08,Chicago Bulls,Phoenix Suns,115,116,2024,-1,231,1.0,False,False,2.0,False,False,west_to_east,1,0,1,-1.8,2.4,-4.2,-2.1,-5.5,1.5714285714285714,-7.071428571428571,-3.5357142857142856,104,11,0
401584789,2023-11-08,New York Knicks,San Antonio Spurs,126,105,2024,21,231,1.0,False,False,1.0,False,False,west_to_east,1,0,1,2.4,-15.2,17.599999999999998,8.799999999999999,2.0,-11.285714285714286,13.285714285714286,6.642857142857143,105,11,0
401584785,2023-11-08,Charlotte Hornets,Washington Wizards,116,132,2024,-16,248,8.0,False,False,1.0,False,False,same_region,0,0,0,-7.6,-9.2,1.5999999999999996,0.7999999999999998,-5.333333333333333,-11.5,6.166666666666667,3.0833333333333335,106,11,0
401584786,2023-11-08,Indiana Pacers,Utah Jazz,134,118,2024,16,252,1.0,False,False,1.0,False,False,west_to_east,1,0,1,-2.6,-6.2,3.6,1.8,3.142857142857143,-8.375,11.517857142857142,5.758928571428571,107,11,0
401584787,2023-11-08,Philadelphia 76ers,Boston Celtics,106,103,2024,3,209,1.0,False,False,1.0,False,False,same_region,0,0,0,16.0,16.6,-0.6000000000000014,-0.3000000000000007,13.166666666666666,14.5,-1.333333333333334,-0.666666666666667,108,11,0
401584788,2023-11-08,Brooklyn Nets,LA Clippers,100,93,2024,7,193,1.0,False,False,1.0,False,False,west_to_east,1,0,1,0.8,7.0,-6.2,-3.1,-0.2857142857142857,7.833333333333333,-8.119047619047619,-4.059523809523809,109,11,0
401584795,2023-11-08,Oklahoma City Thunder,Cleveland Cavaliers,128,120,2024,8,248,1.0,False,False,4.0,False,False,east_to_west,1,1,0,-3.6,-3.6,0.0,0.0,0.7142857142857143,-2.857142857142857,3.5714285714285716,1.7857142857142858,110,11,0
401584792,2023-11-08,Memphis Grizzlies,Miami Heat,102,108,2024,-6,210,8.0,False,False,8.0,False,False,east_to_west,1,1,0,-7.2,-4.0,-3.2,-1.6,-6.714285714285714,-3.857142857142857,-2.857142857142857,-1.4285714285714286,111,11,0
401584794,2023-11-08,Minnesota Timberwolves,New Orleans Pelicans,122,101,2024,21,223,1.0,False,False,1.0,False,False,same_region,0,0,0,11.2,-10.2,21.4,10.7,8.833333333333334,-5.0,13.833333333333334,6.916666666666667,112,11,0
401584796,2023-11-08,Dallas Mavericks,Toronto Raptors,116,127,2024,-11,243,2.0,False,False,2.0,False,False,east_to_west,1,1,0,6.8,-0.8,7.6,3.8,6.571428571428571,-0.2857142857142857,6.857142857142857,3.4285714285714284,113,11,0
401584797,2023-11-08,Denver Nuggets,Golden State Warriors,108,105,2024,3,213,1.0,False,False,1.0,False,True,same_region,0,0,0,7.6,6.2,1.3999999999999995,0.6999999999999997,10.875,5.75,5.125,2.5625,114,11,0
401584798,2023-11-08,Sacramento Kings,Portland Trail Blazers,121,118,2024,3,239,9.0,False,False,6.0,False,False,same_region,0,0,0,-9.4,-4.2,-5.2,-2.6,-5.166666666666667,-5.428571428571429,0.26190476190476186,0.13095238095238093,115,11,0
401584791,2023-11-08,Houston Rockets,Los Angeles Lakers,128,94,2024,34,222,1.0,False,False,1.0,False,False,same_region,0,0,0,7.4,-3.4,10.8,5.4,1.1666666666666667,-3.4285714285714284,4.595238095238095,2.2976190476190474,116,11,0
401584793,2023-11-08,Milwaukee Bucks,Detroit Pistons,120,118,2024,2,238,4.0,False,False,5.0,False,False,same_region,0,0,0,-3.8,-11.0,7.2,3.6,-3.0,-3.5,0.5,0.25,117,11,0
401584800,2023-11-09,Orlando Magic,Atlanta Hawks,119,120,2024,-1,239,2.0,False,False,2.0,False,False,same_region,0,0,0,-2.6,9.8,-12.4,-6.2,3.142857142857143,5.285714285714286,-2.142857142857143,-1.0714285714285714,118,11,0
401584799,2023-11-09,Indiana Pacers,Milwaukee Bucks,126,124,2024,2,250,0.0,True,True,2.0,False,False,same_region,0,0,0,2.0,0.0,2.0,1.0,4.75,-2.2857142857142856,7.035714285714286,3.517857142857143,119,11,0
401584099,2023-11-10,Houston Rockets,New Orleans Pelicans,104,101,2024,3,205,1.0,False,False,1.0,False,False,same_region,0,0,0,15.0,-8.8,23.8,11.9,5.857142857142857,-7.0,12.857142857142858,6.428571428571429,120,11,0
401584098,2023-11-10,Boston Celtics,Brooklyn Nets,121,107,2024,14,228,8.0,False,False,6.0,False,False,same_region,0,0,0,14.4,-0.2,14.6,7.3,12.0,0.625,11.375,5.6875,121,11,0
401584097,2023-11-10,Washington Wizards,Charlotte Hornets,117,124,2024,-7,241,10.0,False,False,4.0,False,False,same_region,0,0,0,-7.4,-8.4,1.0,0.5,-7.571428571428571,-6.857142857142857,-0.7142857142857144,-0.3571428571428572,122,11,0
401584096,2023-11-10,Detroit Pistons,Philadelphia 76ers,106,114,2024,-8,220,3.0,False,False,12.0,False,False,same_region,0,0,0,-9.0,15.2,-24.2,-12.1,-3.3333333333333335,11.714285714285714,-15.047619047619047,-7.523809523809524,123,11,0
401584101,2023-11-10,San Antonio Spurs,Minnesota Timberwolves,110,117,2024,-7,227,4.0,False,False,10.0,False,False,same_region,0,0,0,-11.4,12.2,-23.6,-11.8,-12.5,10.571428571428571,-23.07142857142857,-11.535714285714285,124,11,0
401584104,2023-11-10,Sacramento Kings,Oklahoma City Thunder,105,98,2024,7,203,1.0,False,False,13.0,False,False,same_region,0,0,0,-7.2,4.6,-11.8,-5.9,-4.0,1.625,-5.625,-2.8125,125,11,0
401584102,2023-11-10,Dallas Mavericks,LA Clippers,144,126,2024,18,270,1.0,False,False,1.0,False,False,same_region,0,0,0,1.6,6.0,-4.4,-2.2,4.375,5.714285714285714,-1.3392857142857144,-0.6696428571428572,126,11,0
401584103,2023-11-10,Phoenix Suns,Los Angeles Lakers,119,122,2024,-3,241,7.0,False,False,1.0,False,False,same_region,0,0,0,-1.8,-9.2,7.3999999999999995,3.6999999999999997,1.5,-7.25,8.75,4.375,127,11,0
401584100,2023-11-10,Memphis Grizzlies,Utah Jazz,121,127,2024,-6,248,1.0,False,False,1.0,False,False,same_region,0,0,0,-7.0,-7.8,0.7999999999999998,0.3999999999999999,-6.625,-9.222222222222221,2.5972222222222214,1.2986111111111107,128,11,0
401584804,2023-11-11,Golden State Warriors,Cleveland Cavaliers,110,118,2024,-8,228,9.0,False,False,2.0,False,False,east_to_west,1,1,0,0.0,-2.8,2.8,1.4,4.777777777777778,-3.5,8.277777777777779,4.138888888888889,129,11,0
401584803,2023-11-11,Atlanta Hawks,Miami Heat,109,117,2024,-8,226,9.0,False,False,2.0,False,False,same_region,0,0,0,6.6,0.4,6.199999999999999,3.0999999999999996,4.75,-2.625,7.375,3.6875,130,11,0
401584802,2023-11-11,Boston Celtics,Toronto Raptors,117,94,2024,23,211,0.0,True,False,2.0,False,False,same_region,0,0,0,13.4,2.8,10.600000000000001,5.300000000000001,12.25,1.125,11.125,5.5625,131,11,0
401584801,2023-11-11,Orlando Magic,Milwaukee Bucks,112,97,2024,15,209,1.0,False,False,1.0,False,False,same_region,0,0,0,-2.2,-2.0,-0.20000000000000018,-0.10000000000000009,2.625,-2.25,4.875,2.4375,132,11,0
401584809,2023-11-12,Chicago Bulls,Detroit Pistons,119,108,2024,11,227,3.0,False,False,3.0,False,False,same_region,0,0,0,-3.4,-8.8,5.4,2.7,-5.0,-3.8,-1.2000000000000002,-0.6000000000000001,133,11,0
401584806,2023-11-12,Brooklyn Nets,Washington Wizards,102,94,2024,8,196,3.0,False,False,3.0,False,False,same_region,0,0,0,-3.8,-5.0,1.2000000000000002,0.6000000000000001,-1.0,-7.5,6.5,3.25,134,11,0
401584807,2023-11-12,LA Clippers,Memphis Grizzlies,101,105,2024,-4,206,11.0,False,False,6.0,False,False,same_region,0,0,0,-5.6,-5.2,-0.39999999999999947,-0.19999999999999973,2.75,-6.555555555555555,9.305555555555555,4.652777777777778,135,11,0
401584808,2023-11-12,Philadelphia 76ers,Indiana Pacers,137,126,2024,11,263,3.0,False,False,10.0,False,False,same_region,0,0,0,11.2,12.6,-1.4000000000000004,-0.7000000000000002,11.25,4.444444444444445,6.805555555555555,3.4027777777777777,136,11,0
401584810,2023-11-12,Houston Rockets,Denver Nuggets,107,104,2024,3,211,1.0,False,False,10.0,False,False,same_region,0,0,0,17.8,6.6,11.200000000000001,5.6000000000000005,5.5,10.0,-4.5,-2.25,137,11,0
401584805,2023-11-12,New York Knicks,Charlotte Hornets,129,107,2024,22,236,3.0,False,False,1.0,False,False,same_region,0,0,0,8.4,-4.6,13.0,6.5,4.375,-5.125,9.5,4.75,138,11,0
401584811,2023-11-12,New Orleans Pelicans,Dallas Mavericks,124,136,2024,-12,260,7.0,False,False,5.0,False,False,same_region,0,0,0,-10.2,3.4,-13.6,-6.8,-6.555555555555555,5.888888888888889,-12.444444444444445,-6.222222222222222,139,11,0
401584814,2023-11-12,Golden State Warriors,Minnesota Timberwolves,110,116,2024,-6,226,0.0,True,False,1.0,False,False,same_region,0,0,0,-1.8,16.4,-18.2,-9.1,3.5,10.125,-6.625,-3.3125,140,11,0
401584815,2023-11-12,Los Angeles Lakers,Portland Trail Blazers,116,110,2024,6,226,10.0,False,False,3.0,False,False,same_region,0,0,0,-9.2,0.8,-10.0,-5.0,-6.111111111111111,-5.125,-0.9861111111111107,-0.49305555555555536,141,11,0
401584813,2023-11-12,Phoenix Suns,Oklahoma City Thunder,99,111,2024,-12,210,1.0,False,False,1.0,False,False,same_region,0,0,0,-2.2,0.8,-3.0,-1.5,1.0,0.6666666666666666,0.33333333333333337,0.16666666666666669,142,11,0
401584812,2023-11-12,San Antonio Spurs,Miami Heat,113,118,2024,-5,231,1.0,False,False,0.0,True,False,east_to_west,1,1,0,-13.0,3.6,-16.6,-8.3,-11.88888888888889,-1.4444444444444444,-10.444444444444445,-5.222222222222222,143,11,0
401584816,2023-11-13,Boston Celtics,New York Knicks,114,98,2024,16,212,1.0,False,True,9.0,False,False,same_region,0,0,0,7.8,9.2,-1.3999999999999995,-0.6999999999999997,13.444444444444445,6.333333333333333,7.111111111111112,3.555555555555556,144,11,0
401584818,2023-11-13,Milwaukee Bucks,Chicago Bulls,118,109,2024,9,227,4.0,False,False,8.0,False,False,same_region,0,0,0,-1.2,0.6,-1.7999999999999998,-0.8999999999999999,-3.6666666666666665,-3.4,-0.2666666666666666,-0.1333333333333333,145,11,0
401584819,2023-11-13,Sacramento Kings,Cleveland Cavaliers,132,120,2024,12,252,2.0,False,False,1.0,False,False,east_to_west,1,1,0,-6.8,2.4,-9.2,-4.6,-2.625,-2.2222222222222223,-0.4027777777777777,-0.20138888888888884,146,11,0
401584817,2023-11-13,Toronto Raptors,Washington Wizards,111,107,2024,4,218,11.0,False,False,0.0,True,False,same_region,0,0,0,-0.2,-4.8,4.6,2.3,-1.5555555555555556,-7.555555555555555,6.0,3.0,147,11,0
401584106,2023-11-14,Detroit Pistons,Atlanta Hawks,120,126,2024,-6,246,3.0,False,False,4.0,False,False,same_region,0,0,0,-9.2,2.2,-11.399999999999999,-5.699999999999999,-4.8,3.3333333333333335,-8.133333333333333,-4.066666666666666,148,11,0
401584105,2023-11-14,Charlotte Hornets,Miami Heat,105,111,2024,-6,216,5.0,False,False,1.0,False,True,same_region,0,0,0,-7.2,5.4,-12.600000000000001,-6.300000000000001,-7.0,-0.8,-6.2,-3.1,149,11,0
401584108,2023-11-14,Brooklyn Nets,Orlando Magic,124,104,2024,20,228,1.0,False,False,11.0,False,False,same_region,0,0,0,-2.6,4.0,-6.6,-3.3,-0.1,4.0,-4.1,-2.05,150,11,0
401584109,2023-11-14,Oklahoma City Thunder,San Antonio Spurs,123,87,2024,36,210,5.0,False,False,5.0,False,False,same_region,0,0,0,4.0,-16.2,20.2,10.1,1.8,-11.2,13.0,6.5,151,11,0
401584107,2023-11-14,Philadelphia 76ers,Indiana Pacers,126,132,2024,-6,258,1.0,False,False,1.0,False,False,same_region,0,0,0,10.4,9.4,1.0,0.5,11.222222222222221,2.9,8.322222222222221,4.1611111111111105,152,11,0
401584114,2023-11-14,Los Angeles Lakers,Memphis Grizzlies,134,107,2024,27,241,1.0,False,False,1.0,False,False,same_region,0,0,0,-9.0,0.4,-9.4,-4.7,-4.9,-5.5,0.5999999999999996,0.2999999999999998,153,11,0
401584112,2023-11-14,Denver Nuggets,LA Clippers,111,108,2024,3,219,5.0,False,False,3.0,False,False,same_region,0,0,0,10.2,-9.6,19.799999999999997,9.899999999999999,8.7,2.0,6.699999999999999,3.3499999999999996,154,11,0
401584113,2023-11-14,Golden State Warriors,Minnesota Timberwolves,101,104,2024,-3,205,1.0,False,True,1.0,False,False,same_region,0,0,0,-3.4,13.4,-16.8,-8.4,3.3,9.666666666666666,-6.366666666666666,-3.183333333333333,155,11,0
401584110,2023-11-14,New Orleans Pelicans,Dallas Mavericks,131,110,2024,21,241,1.0,False,False,1.0,False,False,same_region,0,0,0,-14.4,8.0,-22.4,-11.2,-7.1,6.5,-13.6,-6.8,156,11,0
401584111,2023-11-14,Utah Jazz,Portland Trail Blazers,115,99,2024,16,214,11.0,False,False,1.0,False,False,same_region,0,0,0,-11.4,-2.0,-9.4,-4.7,-7.7,-5.222222222222222,-2.477777777777778,-1.238888888888889,157,11,0
401584827,2023-11-15,Portland Trail Blazers,Cleveland Cavaliers,95,109,2024,-14,204,9.0,False,False,1.0,False,False,east_to_west,1,1,0,-7.0,-1.2,-5.8,-2.9,-6.3,-3.2,-3.0999999999999996,-1.5499999999999998,158,11,0
401584826,2023-11-15,Los Angeles Lakers,Sacramento Kings,110,125,2024,-15,235,0.0,True,True,8.0,False,False,same_region,0,0,0,0.2,-4.2,4.4,2.2,-1.0,-1.0,0.0,0.0,159,11,0
401584825,2023-11-15,Phoenix Suns,Minnesota Timberwolves,133,115,2024,18,248,2.0,False,False,0.0,True,True,same_region,0,0,0,-2.4,8.4,-10.8,-5.4,-0.3,9.0,-9.3,-4.65,160,11,0
401584824,2023-11-15,Chicago Bulls,Orlando Magic,94,96,2024,-2,190,2.0,False,False,0.0,True,False,same_region,0,0,0,-0.8,-0.4,-0.4,-0.2,-2.3,1.6,-3.9,-1.95,161,11,0
401584823,2023-11-15,Toronto Raptors,Milwaukee Bucks,112,128,2024,-16,240,1.0,False,False,3.0,False,False,same_region,0,0,0,-3.2,-0.4,-2.8000000000000003,-1.4000000000000001,-1.0,-2.4,1.4,0.7,162,11,0
401584822,2023-11-15,Philadelphia 76ers,Boston Celtics,107,117,2024,-10,224,0.0,True,True,6.0,False,False,same_region,0,0,0,6.8,9.0,-2.2,-1.1,9.5,13.7,-4.199999999999999,-2.0999999999999996,163,11,0
401584821,2023-11-15,Atlanta Hawks,New York Knicks,114,116,2024,-2,230,3.0,False,False,1.0,False,False,same_region,0,0,0,1.6,7.2,-5.6,-2.8,3.6,4.1,-0.49999999999999956,-0.24999999999999978,164,11,0
401584820,2023-11-15,Washington Wizards,Dallas Mavericks,117,130,2024,-13,247,4.0,False,False,0.0,True,True,west_to_east,1,0,1,-4.2,2.6,-6.800000000000001,-3.4000000000000004,-7.2,3.7,-10.9,-5.45,165,11,0
401584829,2023-11-16,Golden State Warriors,Oklahoma City Thunder,109,128,2024,-19,237,1.0,False,False,3.0,False,False,same_region,0,0,0,-1.8,11.6,-13.4,-6.7,2.2,3.4,-1.1999999999999997,-0.5999999999999999,166,11,0
401584828,2023-11-16,Miami Heat,Brooklyn Nets,122,115,2024,7,237,9.0,False,False,5.0,False,False,same_region,0,0,0,5.2,3.4,1.8000000000000003,0.9000000000000001,-0.3,2.0,-2.3,-1.15,167,11,0
401584115,2023-11-17,Charlotte Hornets,Milwaukee Bucks,99,130,2024,-31,229,2.0,False,False,1.0,False,False,same_region,0,0,0,-8.6,2.0,-10.6,-5.3,-6.9,-0.9,-6.0,-3.0,168,11,0
401584116,2023-11-17,Washington Wizards,New York Knicks,99,120,2024,-21,219,1.0,False,False,1.0,False,False,same_region,0,0,0,-3.2,8.6,-11.8,-5.9,-6.2,4.7,-10.9,-5.45,169,11,0
401584117,2023-11-17,Atlanta Hawks,Philadelphia 76ers,116,126,2024,-10,242,1.0,False,False,6.0,False,False,same_region,0,0,0,-2.4,1.2,-3.5999999999999996,-1.7999999999999998,4.0,8.6,-4.6,-2.3,170,11,0
401584118,2023-11-17,Cleveland Cavaliers,Detroit Pistons,108,100,2024,8,208,11.0,False,False,4.0,False,False,same_region,0,0,0,2.6,-7.6,10.2,5.1,-1.9,-6.6,4.699999999999999,2.3499999999999996,171,11,0
401584119,2023-11-17,Toronto Raptors,Boston Celtics,105,108,2024,-3,213,1.0,False,False,1.0,False,False,same_region,0,0,0,-3.4,12.0,-15.4,-7.7,-2.9,14.3,-17.2,-8.6,172,11,0
401584125,2023-11-17,LA Clippers,Houston Rockets,106,100,2024,6,206,4.0,False,False,20.0,False,False,same_region,0,0,0,-9.2,16.6,-25.8,-12.9,1.5,5.222222222222222,-3.7222222222222223,-1.8611111111111112,173,11,0
401584121,2023-11-17,Chicago Bulls,Orlando Magic,97,103,2024,-6,200,1.0,False,False,1.0,False,True,same_region,0,0,0,3.2,-3.8,7.0,3.5,-2.6,-1.2,-1.4000000000000001,-0.7000000000000001,174,11,0
401584122,2023-11-17,New Orleans Pelicans,Denver Nuggets,115,110,2024,5,225,2.0,False,False,4.0,False,False,same_region,0,0,0,-6.6,8.6,-15.2,-7.6,-5.7,7.8,-13.5,-6.75,175,11,0
401584123,2023-11-17,Utah Jazz,Phoenix Suns,128,131,2024,-3,259,2.0,False,False,8.0,False,False,same_region,0,0,0,-7.8,3.6,-11.4,-5.7,-4.5,1.1,-5.6,-2.8,176,11,0
401584124,2023-11-17,Portland Trail Blazers,Los Angeles Lakers,95,107,2024,-12,202,1.0,False,False,6.0,False,False,same_region,0,0,0,-10.2,-2.6,-7.6,-3.8,-6.5,-3.0,-3.5,-1.75,177,11,0
401584120,2023-11-17,San Antonio Spurs,Sacramento Kings,120,129,2024,-9,249,4.0,False,False,1.0,False,False,same_region,0,0,0,-22.0,2.4,-24.4,-12.2,-14.1,0.6,-14.7,-7.35,178,11,0
401584835,2023-11-18,Golden State Warriors,Oklahoma City Thunder,123,130,2024,-7,253,1.0,False,False,1.0,False,False,same_region,0,0,0,-7.8,13.6,-21.4,-10.7,-0.8,5.0,-5.8,-2.9,179,11,0
401584830,2023-11-18,Charlotte Hornets,New York Knicks,108,122,2024,-14,230,0.0,True,False,0.0,True,True,same_region,0,0,0,-13.6,10.0,-23.6,-11.8,-10.6,6.2,-16.8,-8.4,180,11,0
401584834,2023-11-18,San Antonio Spurs,Memphis Grizzlies,108,120,2024,-12,228,0.0,True,False,3.0,False,False,same_region,0,0,0,-15.6,-4.6,-11.0,-5.5,-15.4,-7.5,-7.9,-3.95,181,11,0
401584832,2023-11-18,Chicago Bulls,Miami Heat,102,97,2024,5,199,0.0,True,True,3.0,False,False,same_region,0,0,0,-1.4,6.4,-7.800000000000001,-3.9000000000000004,-1.6,1.2,-2.8,-1.4,182,11,0
401584831,2023-11-18,New Orleans Pelicans,Minnesota Timberwolves,120,121,2024,-1,241,0.0,True,False,2.0,False,False,same_region,0,0,0,-2.0,3.8,-5.8,-2.9,-6.1,7.5,-13.6,-6.8,183,11,0
401584833,2023-11-18,Milwaukee Bucks,Dallas Mavericks,132,125,2024,7,257,4.0,False,False,2.0,False,False,west_to_east,1,0,1,7.8,2.2,5.6,2.8,3.9,4.5,-0.6000000000000001,-0.30000000000000004,184,11,0
401584838,2023-11-19,Cleveland Cavaliers,Denver Nuggets,121,109,2024,12,230,1.0,False,False,1.0,False,False,west_to_east,1,0,1,2.0,3.2,-1.2000000000000002,-0.6000000000000001,-0.8,6.9,-7.7,-3.85,185,11,0
401584839,2023-11-19,Toronto Raptors,Detroit Pistons,142,113,2024,29,255,1.0,False,False,1.0,False,False,same_region,0,0,0,-5.4,-7.0,1.5999999999999996,0.7999999999999998,-3.1,-9.0,5.9,2.95,186,11,0
401584837,2023-11-19,Indiana Pacers,Orlando Magic,116,128,2024,-12,244,9.0,False,False,1.0,False,False,same_region,0,0,0,10.8,0.4,10.4,5.2,1.2,-1.1,2.3,1.15,187,11,0
401584844,2023-11-19,Los Angeles Lakers,Houston Rockets,105,104,2024,1,209,3.0,False,False,1.0,False,False,same_region,0,0,0,6.6,11.8,-5.200000000000001,-2.6000000000000005,-1.3,4.1,-5.3999999999999995,-2.6999999999999997,188,11,0
401584836,2023-11-19,Brooklyn Nets,Philadelphia 76ers,99,121,2024,-22,220,4.0,False,False,1.0,False,False,same_region,0,0,0,2.8,2.6,0.19999999999999973,0.09999999999999987,1.8,8.9,-7.1000000000000005,-3.5500000000000003,189,11,0
401584841,2023-11-19,Memphis Grizzlies,Boston Celtics,100,102,2024,-2,202,8.0,False,False,1.0,False,False,east_to_west,1,1,0,-4.6,13.2,-17.799999999999997,-8.899999999999999,-5.9,13.8,-19.700000000000003,-9.850000000000001,190,11,0
401584842,2023-11-19,Utah Jazz,Phoenix Suns,137,140,2024,-3,277,1.0,False,False,1.0,False,False,same_region,0,0,0,-2.8,1.4,-4.199999999999999,-2.0999999999999996,-5.0,1.9,-6.9,-3.45,191,11,0
401584840,2023-11-19,Dallas Mavericks,Sacramento Kings,113,129,2024,-16,242,8.0,False,False,1.0,False,False,same_region,0,0,0,3.0,9.2,-6.199999999999999,-3.0999999999999996,2.3,-0.1,2.4,1.2,192,11,0
401584843,2023-11-19,Portland Trail Blazers,Oklahoma City Thunder,91,134,2024,-43,225,1.0,False,False,0.0,True,True,same_region,0,0,0,-10.2,13.4,-23.6,-11.8,-7.2,9.0,-16.2,-8.1,193,11,0
401584846,2023-11-20,Detroit Pistons,Denver Nuggets,103,107,2024,-4,210,5.0,False,False,0.0,True,True,west_to_east,1,0,1,-12.4,-2.8,-9.600000000000001,-4.800000000000001,-10.7,2.4,-13.1,-6.55,194,11,0
401584845,2023-11-20,Charlotte Hornets,Boston Celtics,121,118,2024,3,239,1.0,False,True,0.0,True,True,same_region,0,0,0,-13.2,10.8,-24.0,-12.0,-10.8,12.1,-22.9,-11.45,195,11,0
401584847,2023-11-20,Washington Wizards,Milwaukee Bucks,129,142,2024,-13,271,2.0,False,False,2.0,False,False,same_region,0,0,0,-10.6,9.6,-20.2,-10.1,-9.0,3.8,-12.8,-6.4,196,11,0
401584852,2023-11-20,Golden State Warriors,Houston Rockets,121,116,2024,5,237,1.0,False,False,0.0,True,True,same_region,0,0,0,-8.6,6.6,-15.2,-7.6,-4.3,7.0,-11.3,-5.65,197,11,0
401584849,2023-11-20,Minnesota Timberwolves,New York Knicks,117,100,2024,17,217,11.0,False,False,1.0,False,True,east_to_west,1,1,0,-0.2,8.6,-8.799999999999999,-4.3999999999999995,6.0,8.5,-2.5,-1.25,198,11,0
401584850,2023-11-20,New Orleans Pelicans,Sacramento Kings,129,93,2024,36,222,1.0,False,True,0.0,True,True,same_region,0,0,0,2.0,11.8,-9.8,-4.9,-3.4,2.3,-5.699999999999999,-2.8499999999999996,199,11,0
401584851,2023-11-20,San Antonio Spurs,LA Clippers,99,124,2024,-25,223,1.0,False,True,5.0,False,False,same_region,0,0,0,-13.8,-5.2,-8.600000000000001,-4.300000000000001,-12.6,0.9,-13.5,-6.75,200,11,0
401584848,2023-11-20,Chicago Bulls,Miami Heat,100,118,2024,-18,218,1.0,False,True,1.0,False,False,same_region,0,0,0,-0.2,4.2,-4.4,-2.2,-1.8,2.3,-4.1,-2.05,201,11,0
401584129,2023-11-21,Phoenix Suns,Portland Trail Blazers,120,107,2024,13,227,5.0,False,False,6.0,False,False,same_region,0,0,0,1.8,-18.2,20.0,10.0,0.0,-8.7,8.7,4.35,202,11,0
401584130,2023-11-21,Los Angeles Lakers,Utah Jazz,131,99,2024,32,230,1.0,False,False,10.0,False,False,same_region,0,0,0,6.2,0.0,6.2,3.1,-1.5,-3.1,1.6,0.8,203,11,0
401584128,2023-11-21,Philadelphia 76ers,Cleveland Cavaliers,119,122,2024,-3,241,5.0,False,False,5.0,False,False,same_region,0,0,0,5.4,6.0,-0.5999999999999996,-0.2999999999999998,8.3,1.6,6.700000000000001,3.3500000000000005,204,11,0
401584126,2023-11-21,Orlando Magic,Toronto Raptors,126,107,2024,19,233,9.0,False,False,9.0,False,False,same_region,0,0,0,3.0,-1.8,4.8,2.4,0.4,0.5,-0.09999999999999998,-0.04999999999999999,205,11,0
401584127,2023-11-21,Atlanta Hawks,Indiana Pacers,152,157,2024,-5,309,3.0,False,False,6.0,False,False,same_region,0,0,0,-2.6,0.2,-2.8000000000000003,-1.4000000000000001,3.6,-1.2,4.8,2.4,206,11,0
401584853,2023-11-22,Charlotte Hornets,Washington Wizards,117,114,2024,3,231,1.0,False,False,8.0,False,False,same_region,0,0,0,-14.0,-11.8,-2.1999999999999993,-1.0999999999999996,-9.3,-8.4,-0.9000000000000004,-0.4500000000000002,207,11,0
401584859,2023-11-22,Houston Rockets,Memphis Grizzlies,111,91,2024,20,202,9.0,False,False,3.0,False,False,same_region,0,0,0,-1.2,-3.8,2.5999999999999996,1.2999999999999998,6.9,-5.4,12.3,6.15,208,11,0
401584863,2023-11-22,San Antonio Spurs,LA Clippers,102,109,2024,-7,211,1.0,False,False,1.0,False,False,same_region,0,0,0,-17.4,1.2,-18.599999999999998,-9.299999999999999,-15.2,3.6,-18.8,-9.4,209,11,0
401584854,2023-11-22,Orlando Magic,Denver Nuggets,124,119,2024,5,243,0.0,True,False,1.0,False,True,west_to_east,1,0,1,3.8,-2.6,6.4,3.2,3.9,2.0,1.9,0.95,210,11,0
401584855,2023-11-22,Atlanta Hawks,Brooklyn Nets,147,145,2024,2,292,0.0,True,False,5.0,False,False,same_region,0,0,0,-3.8,-3.0,-0.7999999999999998,-0.3999999999999999,1.4,-1.6,3.0,1.5,211,11,0
401584858,2023-11-22,Indiana Pacers,Toronto Raptors,131,132,2024,-1,263,2.0,False,False,0.0,True,False,same_region,0,0,0,-2.0,-1.0,-1.0,-0.5,0.0,-0.6,0.6,0.3,212,11,0
401584857,2023-11-22,Cleveland Cavaliers,Miami Heat,96,129,2024,-33,225,2.0,False,False,1.0,False,False,same_region,0,0,0,5.0,6.2,-1.2000000000000002,-0.6000000000000001,3.7,4.9,-1.2000000000000002,-0.6000000000000001,213,11,0
401584860,2023-11-22,Minnesota Timberwolves,Philadelphia 76ers,112,99,2024,13,211,1.0,False,False,2.0,False,False,east_to_west,1,1,0,1.8,2.6,-0.8,-0.4,9.1,6.5,2.5999999999999996,1.2999999999999998,214,11,0
401584866,2023-11-22,Los Angeles Lakers,Dallas Mavericks,101,104,2024,-3,205,0.0,True,True,3.0,False,False,same_region,0,0,0,11.4,-3.8,15.2,7.6,1.2,-0.2,1.4,0.7,215,11,0
401584862,2023-11-22,Oklahoma City Thunder,Chicago Bulls,116,102,2024,14,218,7.0,False,False,8.0,False,False,east_to_west,1,1,0,23.4,-6.0,29.4,14.7,12.1,-2.7,14.8,7.4,216,11,0
401584864,2023-11-22,Phoenix Suns,Golden State Warriors,123,115,2024,8,238,0.0,True,False,13.0,False,False,same_region,0,0,0,5.0,-6.0,11.0,5.5,1.4,-3.9,5.3,2.65,217,11,0
401584861,2023-11-22,New Orleans Pelicans,Sacramento Kings,117,112,2024,5,229,1.0,False,False,1.0,False,True,same_region,0,0,0,9.8,3.2,6.6000000000000005,3.3000000000000003,-0.2,-1.8,1.6,0.8,218,11,0
401584865,2023-11-22,Portland Trail Blazers,Utah Jazz,121,105,2024,16,226,2.0,False,False,0.0,True,False,same_region,0,0,0,-19.6,-3.2,-16.400000000000002,-8.200000000000001,-10.8,-5.5,-5.300000000000001,-2.6500000000000004,219,11,0
401584856,2023-11-22,Boston Celtics,Milwaukee Bucks,119,116,2024,3,235,8.0,False,False,1.0,False,False,same_region,0,0,0,5.6,15.2,-9.6,-4.8,6.7,7.0,-0.2999999999999998,-0.1499999999999999,220,11,0
401584131,2023-11-24,Orlando Magic,Boston Celtics,113,96,2024,17,209,1.0,False,True,3.0,False,False,same_region,0,0,0,8.8,3.0,5.800000000000001,2.9000000000000004,4.2,6.0,-1.7999999999999998,-0.8999999999999999,221,11,0
401584135,2023-11-24,Indiana Pacers,Detroit Pistons,136,113,2024,23,249,1.0,False,False,4.0,False,False,same_region,0,0,0,-2.6,-11.6,9.0,4.5,5.0,-10.2,15.2,7.6,222,11,0
401584132,2023-11-24,Memphis Grizzlies,Phoenix Suns,89,110,2024,-21,199,4.0,False,False,4.0,False,False,same_region,0,0,0,-6.6,9.0,-15.6,-7.8,-5.9,3.3,-9.2,-4.6,223,11,0
401584133,2023-11-24,New York Knicks,Miami Heat,100,98,2024,2,198,11.0,False,False,1.0,False,False,same_region,0,0,0,0.8,11.8,-11.0,-5.5,5.0,8.6,-3.5999999999999996,-1.7999999999999998,224,11,0
401584134,2023-11-24,Toronto Raptors,Chicago Bulls,121,108,2024,13,229,4.0,False,False,1.0,False,False,same_region,0,0,0,-1.6,-7.0,5.4,2.7,-2.4,-3.9,1.5,0.75,225,11,0
401584138,2023-11-24,Minnesota Timberwolves,Sacramento Kings,111,124,2024,-13,235,1.0,False,False,1.0,False,False,same_region,0,0,0,3.2,-0.2,3.4000000000000004,1.7000000000000002,8.3,-2.2,10.5,5.25,226,11,0
401584140,2023-11-24,LA Clippers,New Orleans Pelicans,106,116,2024,-10,222,6.0,False,False,13.0,False,False,same_region,0,0,0,6.2,13.2,-6.999999999999999,-3.4999999999999996,0.3,-0.6,0.8999999999999999,0.44999999999999996,227,11,0
401584136,2023-11-24,Houston Rockets,Denver Nuggets,105,86,2024,19,191,1.0,False,False,1.0,False,False,same_region,0,0,0,2.2,-3.0,5.2,2.6,10.0,3.6,6.4,3.2,228,11,0
401584137,2023-11-24,Milwaukee Bucks,Washington Wizards,131,128,2024,3,259,5.0,False,False,1.0,False,False,same_region,0,0,0,12.8,-10.8,23.6,11.8,6.2,-7.8,14.0,7.0,229,11,0
401584139,2023-11-24,Golden State Warriors,San Antonio Spurs,118,112,2024,6,230,3.0,False,False,9.0,False,False,same_region,0,0,0,-6.4,-17.8,11.4,5.7,-4.9,-17.0,12.1,6.05,230,11,0
401584868,2023-11-25,Brooklyn Nets,Miami Heat,112,97,2024,15,209,5.0,False,False,0.0,True,True,same_region,0,0,0,-0.6,10.2,-10.799999999999999,-5.3999999999999995,-2.2,7.7,-9.9,-4.95,231,11,0
401584869,2023-11-25,Washington Wizards,Atlanta Hawks,108,136,2024,-28,244,4.0,False,False,10.0,False,False,same_region,0,0,0,-10.6,-1.8,-8.799999999999999,-4.3999999999999995,-7.4,0.2,-7.6000000000000005,-3.8000000000000003,232,11,0
401584867,2023-11-25,Oklahoma City Thunder,Philadelphia 76ers,123,127,2024,-4,250,2.0,False,False,2.0,False,False,east_to_west,1,1,0,23.8,1.2,22.6,11.3,13.9,4.0,9.9,4.95,233,11,0
401584872,2023-11-25,LA Clippers,Dallas Mavericks,107,88,2024,19,195,0.0,True,False,2.0,False,False,same_region,0,0,0,5.0,-5.6,10.6,5.3,-2.3,1.2,-3.5,-1.75,234,11,0
401584870,2023-11-25,Cleveland Cavaliers,Los Angeles Lakers,115,121,2024,-6,236,2.0,False,False,7.0,False,False,west_to_east,1,0,1,0.8,5.4,-4.6000000000000005,-2.3000000000000003,-0.2,2.8,-3.0,-1.5,235,11,0
401584871,2023-11-25,Utah Jazz,New Orleans Pelicans,105,100,2024,5,205,5.0,False,False,0.0,True,False,same_region,0,0,0,-7.6,11.0,-18.6,-9.3,-9.5,2.2,-11.7,-5.85,236,11,0
401584880,2023-11-26,Denver Nuggets,San Antonio Spurs,132,120,2024,12,252,11.0,False,False,1.0,False,False,same_region,0,0,0,-7.4,-11.8,4.4,2.2,0.6,-16.9,17.5,8.75,237,11,0
401584879,2023-11-26,Cleveland Cavaliers,Toronto Raptors,105,102,2024,3,207,0.0,True,False,3.0,False,False,same_region,0,0,0,-3.2,4.2,-7.4,-3.7,-0.3,0.4,-0.7,-0.35,238,11,0
401584878,2023-11-26,Brooklyn Nets,Chicago Bulls,118,109,2024,9,227,0.0,True,False,1.0,False,False,same_region,0,0,0,0.8,-9.2,10.0,5.0,-0.9,-3.0,2.1,1.05,239,11,0
401584877,2023-11-26,Memphis Grizzlies,Minnesota Timberwolves,97,119,2024,-22,216,1.0,False,False,7.0,False,False,same_region,0,0,0,-11.6,0.0,-11.6,-5.8,-5.6,4.2,-9.8,-4.9,240,11,0
401584876,2023-11-26,Orlando Magic,Charlotte Hornets,130,117,2024,13,247,1.0,False,False,13.0,False,False,same_region,0,0,0,11.8,-9.0,20.8,10.4,4.0,-8.1,12.1,6.05,241,11,0
401584875,2023-11-26,New York Knicks,Phoenix Suns,113,116,2024,-3,229,1.0,False,False,1.0,False,False,west_to_east,1,0,1,4.4,9.6,-5.199999999999999,-2.5999999999999996,5.8,6.6,-0.7999999999999998,-0.3999999999999999,242,11,0
401584874,2023-11-26,Boston Celtics,Atlanta Hawks,113,103,2024,10,216,3.0,False,False,0.0,True,False,same_region,0,0,0,-2.4,2.6,-5.0,-2.5,4.8,2.1,2.6999999999999997,1.3499999999999999,243,11,0
401584873,2023-11-26,Milwaukee Bucks,Portland Trail Blazers,108,102,2024,6,210,1.0,False,False,4.0,False,False,west_to_east,1,0,1,10.2,-13.2,23.4,11.7,6.1,-10.1,16.2,8.1,244,11,0
401584884,2023-11-27,Utah Jazz,New Orleans Pelicans,114,112,2024,2,226,1.0,False,False,1.0,False,True,same_region,0,0,0,-9.8,9.0,-18.8,-9.4,-8.8,3.5,-12.3,-6.15,245,11,0
401584882,2023-11-27,Indiana Pacers,Portland Trail Blazers,110,114,2024,-4,224,2.0,False,False,0.0,True,False,west_to_east,1,0,1,4.2,-11.6,15.8,7.9,6.8,-10.9,17.7,8.85,246,11,0
401584883,2023-11-27,Philadelphia 76ers,Los Angeles Lakers,138,94,2024,44,232,5.0,False,False,1.0,False,False,west_to_east,1,0,1,4.0,9.6,-5.6,-2.8,2.6,3.5,-0.8999999999999999,-0.44999999999999996,247,11,0
401584885,2023-11-27,LA Clippers,Denver Nuggets,104,113,2024,-9,217,1.0,False,True,2.0,False,False,same_region,0,0,0,9.4,-4.0,13.4,6.7,0.1,-0.4,0.5,0.25,248,11,0
401584881,2023-11-27,Detroit Pistons,Washington Wizards,107,126,2024,-19,233,6.0,False,False,2.0,False,False,same_region,0,0,0,-14.0,-13.6,-0.40000000000000036,-0.20000000000000018,-11.6,-8.4,-3.1999999999999993,-1.5999999999999996,249,11,0
401584148,2023-11-28,Sacramento Kings,Golden State Warriors,124,123,2024,1,247,14.0,False,False,5.0,False,False,same_region,0,0,0,-0.6,-4.6,3.9999999999999996,1.9999999999999998,0.9,-3.2,4.1000000000000005,2.0500000000000003,250,11,0
401584147,2023-11-28,Dallas Mavericks,Houston Rockets,121,115,2024,6,236,8.0,False,False,7.0,False,False,same_region,0,0,0,-5.2,5.4,-10.600000000000001,-5.300000000000001,-1.3,11.0,-12.3,-6.15,251,11,0
401584146,2023-11-28,Minnesota Timberwolves,Oklahoma City Thunder,106,103,2024,3,209,3.0,False,False,8.0,False,False,same_region,0,0,0,8.0,15.8,-7.800000000000001,-3.9000000000000004,5.9,13.7,-7.799999999999999,-3.8999999999999995,252,11,0
401584145,2023-11-28,New York Knicks,Charlotte Hornets,115,91,2024,24,206,1.0,False,False,1.0,False,False,same_region,0,0,0,3.4,-10.4,13.8,6.9,6.0,-9.5,15.5,7.75,253,11,0
401584144,2023-11-28,Miami Heat,Milwaukee Bucks,124,131,2024,-7,255,11.0,False,False,5.0,False,False,same_region,0,0,0,5.8,5.2,0.5999999999999996,0.2999999999999998,6.1,6.5,-0.40000000000000036,-0.20000000000000018,254,11,0
401584143,2023-11-28,Cleveland Cavaliers,Atlanta Hawks,128,105,2024,23,233,1.0,False,True,1.0,False,True,same_region,0,0,0,-4.2,1.0,-5.2,-2.6,-1.1,-0.7,-0.40000000000000013,-0.20000000000000007,255,11,0
401584142,2023-11-28,Brooklyn Nets,Toronto Raptors,115,103,2024,12,218,1.0,False,True,1.0,False,False,same_region,0,0,0,-1.4,4.2,-5.6,-2.8,1.0,-0.6,1.6,0.8,256,11,0
401584141,2023-11-28,Boston Celtics,Chicago Bulls,124,97,2024,27,221,1.0,False,False,1.0,False,False,same_region,0,0,0,-1.0,-9.8,8.8,4.4,6.1,-5.6,11.7,5.85,257,11,0
401584892,2023-11-29,Sacramento Kings,LA Clippers,117,131,2024,-14,248,0.0,True,False,6.0,False,False,same_region,0,0,0,-2.2,6.4,-8.600000000000001,-4.300000000000001,3.5,0.6,2.9,1.45,258,11,0
401584887,2023-11-29,Orlando Magic,Washington Wizards,139,120,2024,19,259,2.0,False,False,1.0,False,False,same_region,0,0,0,13.2,-5.6,18.799999999999997,9.399999999999999,6.8,-8.1,14.899999999999999,7.449999999999999,259,11,0
401584888,2023-11-29,Toronto Raptors,Phoenix Suns,112,105,2024,7,217,4.0,False,False,2.0,False,False,west_to_east,1,0,1,-4.0,9.6,-13.6,-6.8,-2.9,5.5,-8.4,-4.2,260,11,0
401584889,2023-11-29,Memphis Grizzlies,Utah Jazz,105,91,2024,14,196,2.0,False,False,6.0,False,False,same_region,0,0,0,-10.6,-8.8,-1.799999999999999,-0.8999999999999995,-7.6,-5.8,-1.7999999999999998,-0.8999999999999999,261,11,0
401584890,2023-11-29,New Orleans Pelicans,Philadelphia 76ers,124,114,2024,10,238,6.0,False,False,3.0,False,False,east_to_west,1,1,0,8.8,10.8,-2.0,-1.0,5.4,6.7,-1.2999999999999998,-0.6499999999999999,262,11,0
401584891,2023-11-29,Denver Nuggets,Houston Rockets,134,124,2024,10,258,2.0,False,False,0.0,True,False,same_region,0,0,0,0.2,5.4,-5.2,-2.6,-1.3,8.6,-9.9,-4.95,263,11,0
401584886,2023-11-29,Detroit Pistons,Los Angeles Lakers,107,133,2024,-26,240,1.0,False,False,1.0,False,False,west_to_east,1,0,1,-16.6,-1.6,-15.000000000000002,-7.500000000000001,-12.1,2.5,-14.6,-7.3,264,11,0
401584894,2023-11-30,Brooklyn Nets,Charlotte Hornets,128,129,2024,-1,257,1.0,False,False,1.0,False,False,same_region,0,0,0,2.4,-9.0,11.4,5.7,2.6,-11.3,13.9,6.95,265,11,0
401584900,2023-11-30,San Antonio Spurs,Atlanta Hawks,135,137,2024,-2,272,7.0,False,False,1.0,False,False,east_to_west,1,1,0,-12.4,-1.6,-10.8,-5.4,-14.0,-2.1,-11.9,-5.95,266,11,0
401584895,2023-11-30,Miami Heat,Indiana Pacers,142,132,2024,10,274,1.0,False,False,8.0,False,False,same_region,0,0,0,5.4,2.2,3.2,1.6,4.8,6.5,-1.7000000000000002,-0.8500000000000001,267,11,0
401584896,2023-11-30,New York Knicks,Detroit Pistons,118,112,2024,6,230,1.0,False,False,5.0,False,False,same_region,0,0,0,4.0,-20.2,24.2,12.1,7.0,-13.6,20.6,10.3,268,11,0
401584897,2023-11-30,Chicago Bulls,Milwaukee Bucks,120,113,2024,7,233,9.0,False,False,1.0,False,False,same_region,0,0,0,-16.2,5.2,-21.4,-10.7,-8.2,7.4,-15.6,-7.8,269,11,0
401584898,2023-11-30,Minnesota Timberwolves,Utah Jazz,101,90,2024,11,191,1.0,False,False,0.0,True,False,same_region,0,0,0,8.4,-11.0,19.4,9.7,4.1,-5.5,9.6,4.8,270,11,0
401584901,2023-11-30,Golden State Warriors,LA Clippers,120,114,2024,6,234,5.0,False,False,0.0,True,False,same_region,0,0,0,-1.0,4.2,-5.2,-2.6,-4.4,2.7,-7.1000000000000005,-3.5500000000000003,271,11,0
401584899,2023-11-30,Oklahoma City Thunder,Los Angeles Lakers,133,110,2024,23,243,4.0,False,False,0.0,True,True,same_region,0,0,0,11.4,3.4,8.0,4.0,12.5,4.8,7.7,3.85,272,11,0
401584893,2023-11-30,Cleveland Cavaliers,Portland Trail Blazers,95,103,2024,-8,198,1.0,False,False,2.0,False,False,west_to_east,1,0,1,-2.0,-8.4,6.4,3.2,2.0,-9.3,11.3,5.65,273,11,0
401584907,2023-12-01,Phoenix Suns,Denver Nuggets,111,119,2024,-8,230,8.0,False,False,3.0,False,False,same_region,0,0,0,7.6,1.4,6.199999999999999,3.0999999999999996,4.7,-0.6,5.3,2.65,274,12,0
401584906,2023-12-01,New Orleans Pelicans,San Antonio Spurs,121,106,2024,15,227,1.0,False,False,4.0,False,False,same_region,0,0,0,3.6,-10.4,14.0,7.0,6.7,-12.1,18.8,9.4,275,12,0
401584905,2023-12-01,Dallas Mavericks,Memphis Grizzlies,94,108,2024,-14,202,2.0,False,False,8.0,False,False,same_region,0,0,0,-6.6,-10.2,3.5999999999999996,1.7999999999999998,-2.2,-7.4,5.2,2.6,276,12,0
401584904,2023-12-01,Toronto Raptors,New York Knicks,106,119,2024,-13,225,1.0,False,False,10.0,False,False,same_region,0,0,0,1.2,2.4,-1.2,-0.6,0.1,5.5,-5.4,-2.7,277,12,0
401584903,2023-12-01,Boston Celtics,Philadelphia 76ers,125,119,2024,6,244,2.0,False,False,1.0,False,False,same_region,0,0,0,4.0,4.4,-0.40000000000000036,-0.20000000000000018,7.4,4.9,2.5,1.25,278,12,0
401584902,2023-12-01,Orlando Magic,Washington Wizards,130,125,2024,5,255,1.0,False,False,1.0,False,False,same_region,0,0,0,14.6,-6.8,21.4,10.7,8.8,-9.3,18.1,9.05,279,12,0
401584912,2023-12-02,Miami Heat,Indiana Pacers,129,144,2024,-15,273,1.0,False,False,1.0,False,False,same_region,0,0,0,3.8,2.6,1.1999999999999997,0.5999999999999999,5.0,1.4,3.6,1.8,280,12,0
401584910,2023-12-02,Brooklyn Nets,Orlando Magic,129,101,2024,28,230,1.0,False,False,12.0,False,False,same_region,0,0,0,6.6,11.8,-5.200000000000001,-2.6000000000000005,1.8,7.8,-6.0,-3.0,281,12,0
401584911,2023-12-02,Detroit Pistons,Cleveland Cavaliers,101,110,2024,-9,211,2.0,False,False,10.0,False,False,same_region,0,0,0,-15.6,-4.2,-11.399999999999999,-5.699999999999999,-14.0,0.4,-14.4,-7.2,282,12,0
401584909,2023-12-02,Charlotte Hornets,Minnesota Timberwolves,117,123,2024,-6,240,9.0,False,False,5.0,False,False,west_to_east,1,0,1,-6.0,7.2,-13.2,-6.6,-9.6,4.5,-14.1,-7.05,283,12,0
401584913,2023-12-02,Chicago Bulls,New Orleans Pelicans,124,118,2024,6,242,1.0,False,False,4.0,False,False,west_to_east,1,0,1,-11.2,5.6,-16.799999999999997,-8.399999999999999,-8.6,9.4,-18.0,-9.0,284,12,0
401584908,2023-12-02,LA Clippers,Golden State Warriors,113,112,2024,1,225,4.0,False,False,3.0,False,False,same_region,0,0,0,1.6,1.6,0.0,0.0,3.9,-3.5,7.4,3.7,285,12,0
401584915,2023-12-02,Dallas Mavericks,Oklahoma City Thunder,120,126,2024,-6,246,0.0,True,False,3.0,False,False,same_region,0,0,0,-8.0,14.6,-22.6,-11.3,-2.5,14.0,-16.5,-8.25,286,12,0
401584919,2023-12-02,Los Angeles Lakers,Houston Rockets,107,97,2024,10,204,9.0,False,False,2.0,False,False,same_region,0,0,0,-7.6,3.6,-11.2,-5.6,1.9,5.1,-3.1999999999999997,-1.5999999999999999,287,12,0
401584916,2023-12-02,Phoenix Suns,Memphis Grizzlies,116,109,2024,7,225,0.0,True,False,0.0,True,False,same_region,0,0,0,3.4,-7.0,10.4,5.2,4.2,-5.4,9.600000000000001,4.800000000000001,288,12,0
401584918,2023-12-02,Sacramento Kings,Denver Nuggets,123,117,2024,6,240,2.0,False,False,0.0,True,False,same_region,0,0,0,-8.2,4.0,-12.2,-6.1,1.8,0.5,1.3,0.65,289,12,0
401584917,2023-12-02,Utah Jazz,Portland Trail Blazers,118,113,2024,5,231,4.0,False,False,1.0,False,False,same_region,0,0,0,-6.8,1.8,-8.6,-4.3,-5.0,-8.2,3.1999999999999993,1.5999999999999996,290,12,0
401584914,2023-12-02,Milwaukee Bucks,Atlanta Hawks,132,121,2024,11,253,5.0,False,False,1.0,False,False,same_region,0,0,0,1.2,-0.2,1.4,0.7,8.2,-2.0,10.2,5.1,291,12,0
401607492,2023-12-04,Sacramento Kings,New Orleans Pelicans,117,127,2024,-10,244,1.0,False,False,1.0,False,False,same_region,0,0,0,0.2,2.4,-2.1999999999999997,-1.0999999999999999,1.7,6.7,-5.0,-2.5,292,12,0
401607491,2023-12-04,Indiana Pacers,Boston Celtics,122,112,2024,10,234,6.0,False,False,9.0,False,False,same_region,0,0,0,4.6,5.8,-1.2000000000000002,-0.6000000000000001,1.3,5.7,-4.4,-2.2,293,12,0
401607490,2023-12-05,Los Angeles Lakers,Phoenix Suns,106,103,2024,3,209,2.0,False,False,5.0,False,False,same_region,0,0,0,-5.0,3.2,-8.2,-4.1,0.2,6.1,-5.8999999999999995,-2.9499999999999997,294,12,0
401607489,2023-12-05,Milwaukee Bucks,New York Knicks,146,122,2024,24,268,2.0,False,False,3.0,False,False,same_region,0,0,0,4.0,8.4,-4.4,-2.2,8.4,4.6,3.8000000000000007,1.9000000000000004,295,12,0
401616466,2023-12-06,Houston Rockets,Oklahoma City Thunder,110,101,2024,9,211,11.0,False,False,3.0,False,False,same_region,0,0,0,2.6,7.2,-4.6,-2.3,0.7,15.3,-14.600000000000001,-7.300000000000001,296,12,0
401616468,2023-12-06,Golden State Warriors,Portland Trail Blazers,110,106,2024,4,216,5.0,False,False,3.0,False,False,same_region,0,0,0,0.4,3.4,-3.0,-1.5,-2.8,-8.1,5.3,2.65,297,12,0
401616462,2023-12-06,Washington Wizards,Philadelphia 76ers,126,131,2024,-5,257,10.0,False,False,4.0,False,False,same_region,0,0,0,-7.2,3.8,-11.0,-5.5,-9.0,3.2,-12.2,-6.1,298,12,0
401616463,2023-12-06,Atlanta Hawks,Brooklyn Nets,113,114,2024,-1,227,13.0,False,False,13.0,False,False,same_region,0,0,0,-2.8,12.6,-15.399999999999999,-7.699999999999999,-2.3,6.0,-8.3,-4.15,299,12,0
401616461,2023-12-06,Toronto Raptors,Miami Heat,103,112,2024,-9,215,4.0,False,False,10.0,False,False,same_region,0,0,0,-1.6,-5.8,4.199999999999999,2.0999999999999996,-1.6,3.0,-4.6,-2.3,300,12,0
401616459,2023-12-06,Cleveland Cavaliers,Orlando Magic,121,111,2024,10,232,5.0,False,False,3.0,False,False,same_region,0,0,0,4.2,5.2,-1.0,-0.5,2.5,7.0,-4.5,-2.25,301,12,0
401616467,2023-12-06,Dallas Mavericks,Utah Jazz,147,97,2024,50,244,3.0,False,False,5.0,False,False,same_region,0,0,0,-6.0,-2.6,-3.4,-1.7,-4.9,-5.1,0.1999999999999993,0.09999999999999964,302,12,0
401616469,2023-12-06,LA Clippers,Denver Nuggets,111,102,2024,9,213,3.0,False,False,3.0,False,False,same_region,0,0,0,3.8,6.6,-2.8,-1.4,4.4,-0.4,4.800000000000001,2.4000000000000004,303,12,0
401616460,2023-12-06,Detroit Pistons,Memphis Grizzlies,102,116,2024,-14,218,3.0,False,False,3.0,False,False,west_to_east,1,0,1,-16.6,-4.4,-12.200000000000001,-6.1000000000000005,-14.1,-5.5,-8.6,-4.3,304,12,0
401616465,2023-12-06,Chicago Bulls,Charlotte Hornets,111,100,2024,11,211,3.0,False,False,5.0,False,False,same_region,0,0,0,-7.2,-7.8,0.5999999999999996,0.2999999999999998,-7.1,-10.9,3.8000000000000007,1.9000000000000004,305,12,0
401616464,2023-12-06,Minnesota Timberwolves,San Antonio Spurs,102,94,2024,8,196,5.0,False,False,4.0,False,False,same_region,0,0,0,5.8,-8.4,14.2,7.1,4.5,-12.9,17.4,8.7,306,12,0
401607493,2023-12-07,Los Angeles Lakers,New Orleans Pelicans,133,89,2024,44,222,1.0,False,False,2.0,False,False,same_region,0,0,0,-5.6,5.4,-11.0,-5.5,2.0,7.2,-5.2,-2.6,307,12,0
401607494,2023-12-07,Milwaukee Bucks,Indiana Pacers,119,128,2024,-9,247,1.0,False,False,4.0,False,False,same_region,0,0,0,8.2,6.8,1.3999999999999995,0.6999999999999997,9.2,2.1,7.1,3.55,308,12,0
401616480,2023-12-08,Portland Trail Blazers,Dallas Mavericks,112,125,2024,-13,237,15.0,False,False,12.0,False,False,same_region,0,0,0,-0.6,3.4,-4.0,-2.0,-6.9,-1.1,-5.800000000000001,-2.9000000000000004,309,12,0
401616473,2023-12-08,Brooklyn Nets,Washington Wizards,124,97,2024,27,221,5.0,False,False,6.0,False,False,same_region,0,0,0,9.8,-7.6,17.4,8.7,5.3,-9.1,14.399999999999999,7.199999999999999,310,12,0
401616470,2023-12-08,Charlotte Hornets,Toronto Raptors,119,116,2024,3,235,5.0,False,False,9.0,False,False,same_region,0,0,0,-10.6,-6.0,-4.6,-2.3,-9.8,-0.9,-8.9,-4.45,311,12,0
401616471,2023-12-08,Orlando Magic,Detroit Pistons,123,91,2024,32,214,6.0,False,False,7.0,False,False,same_region,0,0,0,-0.2,-14.8,14.600000000000001,7.300000000000001,5.8,-14.4,20.2,10.1,312,12,0
401617579,2023-12-08,Boston Celtics,New York Knicks,133,123,2024,10,256,6.0,False,False,2.0,False,False,same_region,0,0,0,3.2,3.2,0.0,0.0,3.1,3.8,-0.6999999999999997,-0.34999999999999987,313,12,0
401616474,2023-12-08,Miami Heat,Cleveland Cavaliers,99,111,2024,-12,210,5.0,False,False,5.0,False,False,same_region,0,0,0,-3.6,7.4,-11.0,-5.5,3.3,2.1,1.1999999999999997,0.5999999999999999,314,12,0
401616472,2023-12-08,Philadelphia 76ers,Atlanta Hawks,125,114,2024,11,239,10.0,False,False,5.0,False,False,same_region,0,0,0,7.4,-8.6,16.0,8.0,4.3,-3.0,7.3,3.65,315,12,0
401616476,2023-12-08,Oklahoma City Thunder,Golden State Warriors,138,136,2024,2,274,7.0,False,False,5.0,False,False,same_region,0,0,0,2.6,2.8,-0.19999999999999973,-0.09999999999999987,13.2,-1.8,15.0,7.5,316,12,0
401616477,2023-12-08,San Antonio Spurs,Chicago Bulls,112,121,2024,-9,233,7.0,False,False,9.0,False,False,east_to_west,1,1,0,-8.6,-2.4,-6.199999999999999,-3.0999999999999996,-13.2,-5.8,-7.3999999999999995,-3.6999999999999997,317,12,0
401617581,2023-12-08,Phoenix Suns,Sacramento Kings,106,114,2024,-8,220,5.0,False,False,13.0,False,False,same_region,0,0,0,-1.6,-0.8,-0.8,-0.4,4.0,-0.5,4.5,2.25,318,12,0
401616479,2023-12-08,Utah Jazz,LA Clippers,103,117,2024,-14,220,5.0,False,False,7.0,False,False,same_region,0,0,0,-13.6,1.8,-15.4,-7.7,-11.7,5.6,-17.299999999999997,-8.649999999999999,319,12,0
401616475,2023-12-08,Memphis Grizzlies,Minnesota Timberwolves,103,127,2024,-24,230,8.0,False,False,5.0,False,False,same_region,0,0,0,2.6,10.0,-7.4,-3.7,-4.5,5.0,-9.5,-4.75,320,12,0
401616478,2023-12-08,Denver Nuggets,Houston Rockets,106,114,2024,-8,220,8.0,False,False,5.0,False,False,same_region,0,0,0,2.4,0.4,2.0,1.0,-0.8,1.3,-2.1,-1.05,321,12,0
401607495,2023-12-09,Los Angeles Lakers,Indiana Pacers,123,109,2024,14,232,1.0,False,False,1.0,False,False,east_to_west,1,1,0,12.0,4.0,8.0,4.0,5.2,4.1,1.1000000000000005,0.5500000000000003,322,12,0
401584926,2023-12-11,Houston Rockets,San Antonio Spurs,93,82,2024,11,175,4.0,False,False,4.0,False,False,same_region,0,0,0,-1.8,-9.2,7.3999999999999995,3.6999999999999997,1.8,-10.5,12.3,6.15,323,12,0
401584920,2023-12-11,Charlotte Hornets,Miami Heat,114,116,2024,-2,230,2.0,False,False,4.0,False,False,same_region,0,0,0,-7.4,-3.0,-4.4,-2.2,-8.9,1.4,-10.3,-5.15,324,12,0
401584921,2023-12-11,Detroit Pistons,Indiana Pacers,123,131,2024,-8,254,4.0,False,False,1.0,False,False,same_region,0,0,0,-17.4,2.0,-19.4,-9.7,-17.0,2.1,-19.1,-9.55,325,12,0
401584922,2023-12-11,Orlando Magic,Cleveland Cavaliers,104,94,2024,10,198,2.0,False,False,2.0,False,False,same_region,0,0,0,3.6,9.2,-5.6,-2.8,8.4,2.5,5.9,2.95,326,12,0
401584925,2023-12-11,New York Knicks,Toronto Raptors,136,130,2024,6,266,10.0,False,False,2.0,False,False,same_region,0,0,0,1.8,-6.0,7.8,3.9,2.6,-0.9,3.5,1.75,327,12,0
401584923,2023-12-11,Philadelphia 76ers,Washington Wizards,146,101,2024,45,247,2.0,False,False,2.0,False,False,same_region,0,0,0,8.8,-7.4,16.200000000000003,8.100000000000001,6.4,-10.5,16.9,8.45,328,12,0
401584928,2023-12-11,Milwaukee Bucks,Chicago Bulls,133,129,2024,4,262,3.0,False,False,2.0,False,False,same_region,0,0,0,5.2,1.2,4.0,2.0,5.2,-4.3,9.5,4.75,329,12,0
401584927,2023-12-11,Memphis Grizzlies,Dallas Mavericks,113,120,2024,-7,233,2.0,False,False,2.0,False,False,same_region,0,0,0,2.2,9.8,-7.6000000000000005,-3.8000000000000003,-4.2,2.3,-6.5,-3.25,330,12,0
401584931,2023-12-11,Sacramento Kings,Brooklyn Nets,131,118,2024,13,249,6.0,False,False,4.0,False,False,east_to_west,1,1,0,-1.8,13.4,-15.200000000000001,-7.6000000000000005,-1.2,6.0,-7.2,-3.6,331,12,0
401584924,2023-12-11,Atlanta Hawks,Denver Nuggets,122,129,2024,-7,251,4.0,False,False,4.0,False,False,west_to_east,1,0,1,-8.8,-1.0,-7.800000000000001,-3.9000000000000004,-3.9,-0.4,-3.5,-1.75,332,12,0
401584929,2023-12-11,New Orleans Pelicans,Minnesota Timberwolves,121,107,2024,14,228,9.0,False,False,2.0,False,False,same_region,0,0,0,-3.0,10.4,-13.4,-6.7,2.9,9.2,-6.299999999999999,-3.1499999999999995,333,12,0
401584930,2023-12-11,Oklahoma City Thunder,Utah Jazz,134,120,2024,14,254,2.0,False,False,4.0,False,False,same_region,0,0,0,3.8,-16.8,20.6,10.3,9.8,-12.8,22.6,11.3,334,12,0
401584932,2023-12-11,LA Clippers,Portland Trail Blazers,132,127,2024,5,259,4.0,False,False,4.0,False,False,same_region,0,0,0,6.4,-2.0,8.4,4.2,6.4,-6.8,13.2,6.6,335,12,0
401584937,2023-12-12,LA Clippers,Sacramento Kings,119,99,2024,20,218,0.0,True,False,3.0,False,False,same_region,0,0,0,4.6,0.6,3.9999999999999996,1.9999999999999998,4.4,-0.8,5.2,2.6,336,12,0
401584936,2023-12-12,Phoenix Suns,Golden State Warriors,119,116,2024,3,235,3.0,False,False,3.0,False,False,same_region,0,0,0,-3.8,1.2,-5.0,-2.5,2.9,-1.7,4.6,2.3,337,12,0
401584935,2023-12-12,Chicago Bulls,Denver Nuggets,106,114,2024,-8,220,5.0,False,False,0.0,True,False,west_to_east,1,0,1,5.8,-1.6,7.4,3.7,-5.2,-0.1,-5.1000000000000005,-2.5500000000000003,338,12,0
401584934,2023-12-12,Dallas Mavericks,Los Angeles Lakers,127,125,2024,2,252,5.0,False,False,11.0,False,False,same_region,0,0,0,10.0,9.6,0.40000000000000036,0.20000000000000018,1.7,6.5,-4.8,-2.4,339,12,0
401584933,2023-12-12,Boston Celtics,Cleveland Cavaliers,120,113,2024,7,233,3.0,False,False,0.0,True,False,same_region,0,0,0,8.6,2.6,6.0,3.0,3.1,0.3,2.8000000000000003,1.4000000000000001,340,12,0
401584938,2023-12-13,Detroit Pistons,Philadelphia 76ers,111,129,2024,-18,240,1.0,False,False,6.0,False,False,same_region,0,0,0,-13.8,9.0,-22.8,-11.4,-17.0,9.9,-26.9,-13.45,341,12,0
401584939,2023-12-13,Washington Wizards,New Orleans Pelicans,122,142,2024,-20,264,6.0,False,False,5.0,False,False,west_to_east,1,0,1,-20.2,-2.2,-18.0,-9.0,-12.9,0.7,-13.6,-6.8,342,12,0
401584940,2023-12-13,Miami Heat,Charlotte Hornets,115,104,2024,11,219,4.0,False,False,6.0,False,False,same_region,0,0,0,-1.2,-3.0,1.8,0.9,2.1,-6.0,8.1,4.05,343,12,0
401584942,2023-12-13,Houston Rockets,Memphis Grizzlies,117,104,2024,13,221,1.0,False,False,6.0,False,False,same_region,0,0,0,1.6,-2.0,3.6,1.8,3.5,-6.1,9.6,4.8,344,12,0
401584941,2023-12-13,Toronto Raptors,Atlanta Hawks,135,128,2024,7,263,6.0,False,False,4.0,False,False,same_region,0,0,0,-4.8,-5.6,0.7999999999999998,0.3999999999999999,-4.4,-3.6,-0.8000000000000003,-0.40000000000000013,345,12,0
401584943,2023-12-13,Milwaukee Bucks,Indiana Pacers,140,126,2024,14,266,1.0,False,False,1.0,False,False,same_region,0,0,0,4.6,5.6,-1.0,-0.5,4.9,4.1,0.8000000000000007,0.40000000000000036,346,12,0
401584945,2023-12-13,Phoenix Suns,Brooklyn Nets,112,116,2024,-4,228,0.0,True,False,1.0,False,False,east_to_west,1,1,0,-1.8,8.4,-10.200000000000001,-5.1000000000000005,2.9,5.4,-2.5000000000000004,-1.2500000000000002,347,12,0
401584946,2023-12-13,Utah Jazz,New York Knicks,117,113,2024,4,230,4.0,False,False,4.0,False,False,east_to_west,1,1,0,-16.8,-1.8,-15.0,-7.5,-13.9,1.1,-15.0,-7.5,348,12,0
401584944,2023-12-13,San Antonio Spurs,Los Angeles Lakers,119,122,2024,-3,241,4.0,False,False,0.0,True,False,same_region,0,0,0,-9.0,13.8,-22.8,-11.4,-10.7,3.1,-13.799999999999999,-6.8999999999999995,349,12,0
401584948,2023-12-14,Miami Heat,Chicago Bulls,116,124,2024,-8,240,0.0,True,False,2.0,False,False,same_region,0,0,0,-1.0,2.8,-3.8,-1.9,1.4,-4.2,5.6,2.8,350,12,0
401584949,2023-12-14,Dallas Mavericks,Minnesota Timberwolves,101,119,2024,-18,220,1.0,False,False,2.0,False,False,same_region,0,0,0,13.2,7.0,6.199999999999999,3.0999999999999996,2.6,7.7,-5.1,-2.55,351,12,0
401584947,2023-12-14,Boston Celtics,Cleveland Cavaliers,116,107,2024,9,223,1.0,False,False,1.0,False,True,same_region,0,0,0,8.0,2.8,5.2,2.6,3.5,-0.7,4.2,2.1,352,12,0
401584951,2023-12-14,Portland Trail Blazers,Utah Jazz,114,122,2024,-8,236,5.0,False,False,2.0,False,False,same_region,0,0,0,-3.8,-13.8,10.0,5.0,-6.1,-10.3,4.200000000000001,2.1000000000000005,353,12,0
401584952,2023-12-14,Sacramento Kings,Oklahoma City Thunder,128,123,2024,5,251,2.0,False,False,7.0,False,False,same_region,0,0,0,-0.6,7.2,-7.8,-3.9,-4.4,9.3,-13.700000000000001,-6.8500000000000005,354,12,0
401584953,2023-12-14,LA Clippers,Golden State Warriors,121,113,2024,8,234,1.0,False,True,1.0,False,False,same_region,0,0,0,9.8,0.8,9.0,4.5,5.7,-0.1,5.8,2.9,355,12,0
401584950,2023-12-14,Denver Nuggets,Brooklyn Nets,124,101,2024,23,225,5.0,False,False,0.0,True,True,east_to_west,1,1,0,-1.6,9.4,-11.0,-5.5,1.2,8.0,-6.8,-3.4,356,12,0
401584958,2023-12-15,Toronto Raptors,Atlanta Hawks,104,125,2024,-21,229,1.0,False,False,1.0,False,False,same_region,0,0,0,-4.8,-7.4,2.6000000000000005,1.3000000000000003,-1.8,-3.8,1.9999999999999998,0.9999999999999999,357,12,0
401584960,2023-12-15,Memphis Grizzlies,Houston Rockets,96,103,2024,-7,199,3.0,False,False,6.0,False,False,same_region,0,0,0,-7.4,6.2,-13.600000000000001,-6.800000000000001,-7.2,4.9,-12.100000000000001,-6.050000000000001,358,12,0
401584959,2023-12-15,San Antonio Spurs,Los Angeles Lakers,129,115,2024,14,244,1.0,False,False,1.0,False,True,same_region,0,0,0,-9.2,12.4,-21.6,-10.8,-9.8,3.7,-13.5,-6.75,359,12,0
401584961,2023-12-15,Phoenix Suns,New York Knicks,122,139,2024,-17,261,1.0,False,True,1.0,False,False,east_to_west,1,1,0,-1.0,-3.8,2.8,1.4,1.2,-0.7,1.9,0.95,360,12,0
401584954,2023-12-15,Charlotte Hornets,New Orleans Pelicans,107,112,2024,-5,219,3.0,False,False,1.0,False,False,west_to_east,1,0,1,-5.4,-1.2,-4.2,-2.1,-5.7,2.2,-7.9,-3.95,361,12,0
401584956,2023-12-15,Washington Wizards,Indiana Pacers,137,123,2024,14,260,1.0,False,False,1.0,False,False,same_region,0,0,0,-20.4,-0.2,-20.2,-10.1,-13.6,2.2,-15.8,-7.9,362,12,0
401584955,2023-12-15,Philadelphia 76ers,Detroit Pistons,124,92,2024,32,216,3.0,False,False,6.0,False,False,same_region,0,0,0,14.6,-16.2,30.799999999999997,15.399999999999999,9.5,-15.9,25.4,12.7,363,12,0
401584957,2023-12-15,Boston Celtics,Orlando Magic,128,111,2024,17,239,0.0,True,True,8.0,False,False,same_region,0,0,0,4.4,1.8,2.6000000000000005,1.3000000000000003,4.2,8.2,-3.999999999999999,-1.9999999999999996,364,12,0
401584964,2023-12-16,Cleveland Cavaliers,Atlanta Hawks,127,119,2024,8,246,9.0,False,False,0.0,True,True,same_region,0,0,0,-0.8,-1.0,0.19999999999999996,0.09999999999999998,1.7,-1.9,3.5999999999999996,1.7999999999999998,365,12,0
401584971,2023-12-16,LA Clippers,New York Knicks,144,122,2024,22,266,1.0,False,False,0.0,True,True,east_to_west,1,1,0,11.2,-3.0,14.2,7.1,7.5,2.7,4.8,2.4,366,12,0
401584962,2023-12-16,Milwaukee Bucks,Detroit Pistons,146,114,2024,32,260,2.0,False,False,0.0,True,False,same_region,0,0,0,8.8,-20.8,29.6,14.8,5.0,-18.7,23.7,11.85,367,12,0
401584963,2023-12-16,Charlotte Hornets,Philadelphia 76ers,82,135,2024,-53,217,0.0,True,False,2.0,False,False,same_region,0,0,0,-5.2,22.2,-27.4,-13.7,-6.5,13.0,-19.5,-9.75,368,12,0
401584965,2023-12-16,Miami Heat,Chicago Bulls,118,116,2024,2,234,1.0,False,True,1.0,False,False,same_region,0,0,0,0.4,3.2,-2.8000000000000003,-1.4000000000000001,-2.7,-2.0,-0.7000000000000002,-0.3500000000000001,369,12,0
401584969,2023-12-16,Portland Trail Blazers,Dallas Mavericks,120,131,2024,-11,251,1.0,False,False,4.0,False,False,same_region,0,0,0,-7.0,10.8,-17.8,-8.9,-2.6,2.4,-5.0,-2.5,370,12,0
401584970,2023-12-16,Sacramento Kings,Utah Jazz,125,104,2024,21,229,1.0,False,False,1.0,False,False,same_region,0,0,0,-0.8,-13.2,12.399999999999999,6.199999999999999,-0.3,-7.9,7.6000000000000005,3.8000000000000003,371,12,0
401584966,2023-12-16,Minnesota Timberwolves,Indiana Pacers,127,109,2024,18,236,9.0,False,False,0.0,True,True,east_to_west,1,1,0,8.4,-5.0,13.4,6.7,7.8,0.9,6.8999999999999995,3.4499999999999997,372,12,0
401584968,2023-12-16,Denver Nuggets,Oklahoma City Thunder,117,118,2024,-1,235,1.0,False,False,1.0,False,False,same_region,0,0,0,4.2,1.6,2.6,1.3,5.4,8.1,-2.6999999999999993,-1.3499999999999996,373,12,0
401584967,2023-12-16,Golden State Warriors,Brooklyn Nets,124,120,2024,4,244,9.0,False,False,1.0,False,True,east_to_west,1,1,0,-2.0,-0.8,-1.2,-0.6,-0.2,5.9,-6.1000000000000005,-3.0500000000000003,374,12,0
401584972,2023-12-17,Boston Celtics,Orlando Magic,114,97,2024,17,211,1.0,False,True,1.0,False,False,same_region,0,0,0,6.6,-2.6,9.2,4.6,6.2,4.6,1.6000000000000005,0.8000000000000003,375,12,0
401584973,2023-12-17,San Antonio Spurs,New Orleans Pelicans,110,146,2024,-36,256,1.0,False,False,1.0,False,False,same_region,0,0,0,-3.4,1.0,-4.4,-2.2,-5.9,1.7,-7.6000000000000005,-3.8000000000000003,376,12,0
401584976,2023-12-17,Portland Trail Blazers,Golden State Warriors,114,118,2024,-4,232,0.0,True,True,2.0,False,False,same_region,0,0,0,-8.2,-1.0,-7.199999999999999,-3.5999999999999996,-2.4,-0.3,-2.1,-1.05,377,12,0
401584975,2023-12-17,Phoenix Suns,Washington Wizards,112,108,2024,4,220,1.0,False,False,5.0,False,False,east_to_west,1,1,0,-5.8,-16.6,10.8,5.4,-1.3,-11.9,10.6,5.3,378,12,0
401584974,2023-12-17,Milwaukee Bucks,Houston Rockets,128,119,2024,9,247,0.0,True,False,1.0,False,False,west_to_east,1,0,1,13.0,9.6,3.4000000000000004,1.7000000000000002,8.5,6.1,2.4000000000000004,1.2000000000000002,379,12,0
401584977,2023-12-18,Cleveland Cavaliers,Houston Rockets,135,130,2024,5,265,1.0,False,False,0.0,True,True,west_to_east,1,0,1,-1.2,6.0,-7.2,-3.6,3.1,3.2,-0.10000000000000009,-0.050000000000000044,380,12,0
401584978,2023-12-18,Indiana Pacers,LA Clippers,127,151,2024,-24,278,13.0,False,False,9.0,False,False,west_to_east,1,0,1,-10.4,13.8,-24.200000000000003,-12.100000000000001,-3.2,7.8,-11.0,-5.5,381,12,0
401584979,2023-12-18,Philadelphia 76ers,Chicago Bulls,104,108,2024,-4,212,2.0,False,False,1.0,False,False,same_region,0,0,0,31.8,0.6,31.2,15.6,19.6,-0.9,20.5,10.25,382,12,0
401584981,2023-12-18,Miami Heat,Minnesota Timberwolves,108,112,2024,-4,220,1.0,False,False,3.0,False,False,west_to_east,1,0,1,-1.0,10.8,-11.8,-5.9,-2.3,8.3,-10.600000000000001,-5.300000000000001,383,12,0
401584985,2023-12-18,Utah Jazz,Brooklyn Nets,125,108,2024,17,233,4.0,False,False,1.0,False,False,east_to_west,1,1,0,-7.4,-1.8,-5.6000000000000005,-2.8000000000000003,-10.5,4.0,-14.5,-7.25,384,12,0
401584980,2023-12-18,Atlanta Hawks,Detroit Pistons,130,124,2024,6,254,6.0,False,False,1.0,False,True,same_region,0,0,0,-2.4,-24.4,22.0,11.0,-5.5,-19.6,14.100000000000001,7.050000000000001,385,12,0
401584984,2023-12-18,Denver Nuggets,Dallas Mavericks,130,104,2024,26,234,1.0,False,False,1.0,False,False,same_region,0,0,0,5.8,3.0,2.8,1.4,4.1,3.2,0.8999999999999995,0.44999999999999973,386,12,0
401584986,2023-12-18,Sacramento Kings,Washington Wizards,143,131,2024,12,274,1.0,False,False,0.0,True,False,east_to_west,1,1,0,5.4,-16.4,21.799999999999997,10.899999999999999,2.3,-12.0,14.3,7.15,387,12,0
401584982,2023-12-18,Toronto Raptors,Charlotte Hornets,114,99,2024,15,213,2.0,False,False,4.0,False,False,same_region,0,0,0,-6.4,-13.6,7.199999999999999,3.5999999999999996,-4.0,-12.1,8.1,4.05,388,12,0
401584987,2023-12-18,Los Angeles Lakers,New York Knicks,109,114,2024,-5,223,8.0,False,False,1.0,False,True,east_to_west,1,1,0,9.0,-2.6,11.6,5.8,1.7,0.3,1.4,0.7,389,12,0
401584983,2023-12-18,Oklahoma City Thunder,Memphis Grizzlies,116,97,2024,19,213,6.0,False,False,4.0,False,False,same_region,0,0,0,0.6,-7.4,8.0,4.0,3.9,-5.9,9.8,4.9,390,12,0
401584991,2023-12-19,Portland Trail Blazers,Phoenix Suns,109,104,2024,5,213,1.0,False,True,13.0,False,False,same_region,0,0,0,-8.2,-4.4,-3.799999999999999,-1.8999999999999995,-4.4,-3.0,-1.4000000000000004,-0.7000000000000002,391,12,0
401584990,2023-12-19,Golden State Warriors,Boston Celtics,132,126,2024,6,258,2.0,False,False,14.0,False,False,east_to_west,1,1,0,-1.0,12.0,-13.0,-6.5,0.9,7.6,-6.699999999999999,-3.3499999999999996,392,12,0
401584989,2023-12-19,Milwaukee Bucks,San Antonio Spurs,132,119,2024,13,251,1.0,False,True,7.0,False,False,west_to_east,1,0,1,10.0,-9.0,19.0,9.5,9.1,-8.8,17.9,8.95,393,12,0
401584988,2023-12-19,New Orleans Pelicans,Memphis Grizzlies,113,115,2024,-2,228,7.0,False,False,0.0,True,False,same_region,0,0,0,6.2,-14.0,20.2,10.1,5.8,-5.7,11.5,5.75,394,12,0
401585001,2023-12-20,Sacramento Kings,Boston Celtics,119,144,2024,-25,263,1.0,False,False,0.0,True,False,east_to_west,1,1,0,6.2,8.8,-2.6000000000000005,-1.3000000000000003,2.2,8.7,-6.499999999999999,-3.2499999999999996,395,12,0
401584992,2023-12-20,Cleveland Cavaliers,Utah Jazz,124,116,2024,8,240,1.0,False,False,3.0,False,False,west_to_east,1,0,1,-2.6,-1.2,-1.4000000000000001,-0.7000000000000001,3.3,-9.0,12.3,6.15,396,12,0
401584993,2023-12-20,Indiana Pacers,Charlotte Hornets,144,113,2024,31,257,1.0,False,False,1.0,False,False,same_region,0,0,0,-12.4,-17.2,4.799999999999999,2.3999999999999995,-5.2,-12.3,7.1000000000000005,3.5500000000000003,397,12,0
401584994,2023-12-20,Orlando Magic,Miami Heat,106,115,2024,-9,221,8.0,False,False,8.0,False,False,same_region,0,0,0,-0.4,0.6,-1.0,-0.5,2.4,-1.2,3.5999999999999996,1.7999999999999998,398,12,0
401585000,2023-12-20,Dallas Mavericks,LA Clippers,111,120,2024,-9,231,5.0,False,False,1.0,False,False,same_region,0,0,0,-4.8,15.8,-20.6,-10.3,2.5,11.1,-8.6,-4.3,399,12,0
401584997,2023-12-20,Toronto Raptors,Denver Nuggets,104,113,2024,-9,217,1.0,False,False,7.0,False,False,west_to_east,1,0,1,-1.6,12.6,-14.2,-7.1,-3.8,5.8,-9.6,-4.8,400,12,0
401584998,2023-12-20,Chicago Bulls,Los Angeles Lakers,124,108,2024,16,232,7.0,False,False,4.0,False,False,west_to_east,1,0,1,-0.4,-0.8,0.4,0.2,0.4,5.6,-5.199999999999999,-2.5999999999999996,401,12,0
401584995,2023-12-20,Philadelphia 76ers,Minnesota Timberwolves,127,113,2024,14,240,1.0,False,False,1.0,False,False,west_to_east,1,0,1,28.8,10.0,18.8,9.4,18.8,10.0,8.8,4.4,402,12,0
401584999,2023-12-20,Houston Rockets,Atlanta Hawks,127,134,2024,-7,261,6.0,False,False,3.0,False,False,east_to_west,1,1,0,3.4,1.0,2.4,1.2,0.8,-3.9,4.7,2.35,403,12,0
401584996,2023-12-20,Brooklyn Nets,New York Knicks,102,121,2024,-19,223,11.0,False,False,1.0,False,False,same_region,0,0,0,-10.6,0.4,-11.0,-5.5,1.4,1.1,0.2999999999999998,0.1499999999999999,404,12,0
401585009,2023-12-21,Portland Trail Blazers,Washington Wizards,117,118,2024,-1,235,1.0,False,False,2.0,False,False,east_to_west,1,1,0,-4.6,-13.4,8.8,4.4,-3.3,-10.4,7.1000000000000005,3.5500000000000003,405,12,0
401585006,2023-12-21,Milwaukee Bucks,Orlando Magic,118,114,2024,4,232,1.0,False,False,3.0,False,False,same_region,0,0,0,14.4,-0.2,14.6,7.3,9.8,-0.2,10.0,5.0,406,12,0
401585007,2023-12-21,Oklahoma City Thunder,LA Clippers,134,115,2024,19,249,2.0,False,False,0.0,True,True,same_region,0,0,0,6.2,16.6,-10.400000000000002,-5.200000000000001,4.4,10.6,-6.199999999999999,-3.0999999999999996,407,12,0
401585008,2023-12-21,Minnesota Timberwolves,Los Angeles Lakers,118,111,2024,7,229,4.0,False,False,0.0,True,False,same_region,0,0,0,2.4,-6.8,9.2,4.6,6.4,1.4,5.0,2.5,408,12,0
401585005,2023-12-21,Memphis Grizzlies,Indiana Pacers,116,103,2024,13,219,5.0,False,False,4.0,False,False,east_to_west,1,1,0,-8.8,-7.8,-1.0000000000000009,-0.5000000000000004,-3.3,-1.1,-2.1999999999999997,-1.0999999999999999,409,12,0
401585002,2023-12-21,Detroit Pistons,Utah Jazz,111,119,2024,-8,230,7.0,False,False,0.0,True,False,west_to_east,1,0,1,-19.2,0.0,-19.2,-9.6,-18.3,-8.4,-9.9,-4.95,410,12,0
401585003,2023-12-21,Cleveland Cavaliers,New Orleans Pelicans,104,123,2024,-19,227,0.0,True,True,3.0,False,False,west_to_east,1,0,1,1.0,14.6,-13.6,-6.8,1.8,5.8,-4.0,-2.0,411,12,0
401585004,2023-12-21,Chicago Bulls,San Antonio Spurs,114,95,2024,19,209,0.0,True,False,1.0,False,False,west_to_east,1,0,1,3.6,-9.8,13.4,6.7,4.7,-9.5,14.2,7.1,412,12,0
401585010,2023-12-22,Philadelphia 76ers,Toronto Raptors,121,111,2024,10,232,1.0,False,False,10.0,False,False,same_region,0,0,0,22.6,-2.8,25.400000000000002,12.700000000000001,15.8,-4.4,20.200000000000003,10.100000000000001,413,12,0
401585011,2023-12-22,Brooklyn Nets,Denver Nuggets,117,122,2024,-5,239,1.0,False,False,1.0,False,False,west_to_east,1,0,1,-11.8,13.0,-24.8,-12.4,-1.7,5.7,-7.4,-3.7,414,12,0
401585014,2023-12-22,Golden State Warriors,Washington Wizards,129,118,2024,11,247,2.0,False,False,0.0,True,False,east_to_west,1,1,0,0.6,-4.2,4.8,2.4,0.9,-12.2,13.1,6.55,415,12,0
401585013,2023-12-22,Houston Rockets,Dallas Mavericks,122,96,2024,26,218,1.0,False,False,3.0,False,False,same_region,0,0,0,-0.2,-8.0,7.8,3.9,0.7,1.0,-0.30000000000000004,-0.15000000000000002,416,12,0
401585015,2023-12-22,Sacramento Kings,Phoenix Suns,120,105,2024,15,225,1.0,False,False,2.0,False,False,same_region,0,0,0,-1.4,-3.8,2.4,1.2,-0.4,-3.8,3.4,1.7,417,12,0
401585012,2023-12-22,Miami Heat,Atlanta Hawks,122,113,2024,9,235,3.0,False,False,1.0,False,False,same_region,0,0,0,2.0,3.8,-1.7999999999999998,-0.8999999999999999,0.4,-0.9,1.3,0.65,418,12,0
401585021,2023-12-23,Atlanta Hawks,Memphis Grizzlies,119,125,2024,-6,244,4.0,False,False,3.0,False,False,west_to_east,1,0,1,3.4,-4.8,8.2,4.1,-2.0,-3.4,1.4,0.7,419,12,0
401585016,2023-12-23,New York Knicks,Milwaukee Bucks,111,130,2024,-19,241,11.0,False,False,22.0,False,False,same_region,0,0,0,3.0,14.4,-11.4,-5.7,0.6,9.5,-8.9,-4.45,420,12,0
401585017,2023-12-23,LA Clippers,Boston Celtics,108,145,2024,-37,253,6.0,False,False,2.0,False,False,east_to_west,1,1,0,8.8,12.4,-3.5999999999999996,-1.7999999999999998,9.3,10.2,-0.8999999999999986,-0.4499999999999993,421,12,0
401585019,2023-12-23,Indiana Pacers,Orlando Magic,110,117,2024,-7,227,2.0,False,False,1.0,False,False,same_region,0,0,0,-7.6,-7.4,-0.1999999999999993,-0.09999999999999964,-3.9,-1.9,-2.0,-1.0,422,12,0
401585020,2023-12-23,New Orleans Pelicans,Houston Rockets,104,106,2024,-2,210,3.0,False,False,4.0,False,False,same_region,0,0,0,15.6,2.4,13.2,6.6,6.7,4.3,2.4000000000000004,1.2000000000000002,423,12,0
401585026,2023-12-23,Dallas Mavericks,San Antonio Spurs,144,119,2024,25,263,2.0,False,False,1.0,False,False,same_region,0,0,0,-13.6,-11.4,-2.1999999999999993,-1.0999999999999996,-0.2,-10.2,10.0,5.0,424,12,0
401585018,2023-12-23,Charlotte Hornets,Denver Nuggets,95,102,2024,-7,197,6.0,False,False,0.0,True,True,west_to_east,1,0,1,-23.0,12.4,-35.4,-17.7,-13.0,5.4,-18.4,-9.2,425,12,0
401585024,2023-12-23,Chicago Bulls,Cleveland Cavaliers,95,109,2024,-14,204,1.0,False,True,8.0,False,False,same_region,0,0,0,9.0,-1.4,10.4,5.2,5.9,0.7,5.2,2.6,426,12,0
401585025,2023-12-23,Oklahoma City Thunder,Los Angeles Lakers,120,129,2024,-9,249,1.0,False,False,1.0,False,True,same_region,0,0,0,9.6,-7.8,17.4,8.7,6.7,3.0,3.7,1.85,427,12,0
401585027,2023-12-23,Golden State Warriors,Portland Trail Blazers,126,106,2024,20,232,0.0,True,False,11.0,False,False,same_region,0,0,0,3.4,-3.8,7.199999999999999,3.5999999999999996,2.1,-3.8,5.9,2.95,428,12,0
401585028,2023-12-23,Sacramento Kings,Minnesota Timberwolves,98,110,2024,-12,208,0.0,True,True,2.0,False,False,same_region,0,0,0,5.6,6.6,-1.0,-0.5,2.5,6.8,-4.3,-2.15,429,12,0
401585023,2023-12-23,Toronto Raptors,Utah Jazz,119,126,2024,-7,245,2.0,False,False,1.0,False,True,west_to_east,1,0,1,-3.6,0.8,-4.4,-2.2,-4.2,-6.5,2.3,1.15,430,12,0
401585022,2023-12-23,Brooklyn Nets,Detroit Pistons,126,115,2024,11,241,0.0,True,True,4.0,False,False,same_region,0,0,0,-13.6,-19.2,5.6,2.8,-2.1,-16.5,14.4,7.2,431,12,0
401585030,2023-12-25,Denver Nuggets,Golden State Warriors,120,114,2024,6,234,6.0,False,False,7.0,False,False,same_region,0,0,0,9.2,9.0,0.1999999999999993,0.09999999999999964,6.7,3.5,3.2,1.6,432,12,0
401585031,2023-12-25,Los Angeles Lakers,Boston Celtics,115,126,2024,-11,241,6.0,False,False,1.0,False,False,east_to_west,1,1,0,-6.6,18.0,-24.6,-12.3,2.9,11.2,-8.299999999999999,-4.1499999999999995,433,12,0
401585029,2023-12-25,New York Knicks,Milwaukee Bucks,129,122,2024,7,251,1.0,False,False,1.0,False,False,same_region,0,0,0,0.0,15.4,-15.4,-7.7,-1.9,12.1,-14.0,-7.0,434,12,0
401585033,2023-12-25,Phoenix Suns,Dallas Mavericks,114,128,2024,-14,242,7.0,False,False,2.0,False,False,same_region,0,0,0,-7.4,-5.0,-2.4000000000000004,-1.2000000000000002,-4.6,2.9,-7.5,-3.75,435,12,0
401585032,2023-12-25,Miami Heat,Philadelphia 76ers,119,113,2024,6,232,2.0,False,False,8.0,False,False,same_region,0,0,0,1.6,21.0,-19.4,-9.7,0.3,17.8,-17.5,-8.75,436,12,0
401585035,2023-12-26,Washington Wizards,Orlando Magic,119,127,2024,-8,246,10.0,False,False,2.0,False,False,same_region,0,0,0,-2.4,-8.0,5.6,2.8,-11.4,-3.1,-8.3,-4.15,437,12,0
401585036,2023-12-26,Chicago Bulls,Atlanta Hawks,118,113,2024,5,231,2.0,False,False,3.0,False,False,same_region,0,0,0,4.6,-2.0,6.6,3.3,3.9,-1.5,5.4,2.7,438,12,0
401585037,2023-12-26,Houston Rockets,Indiana Pacers,117,123,2024,-6,240,3.0,False,False,4.0,False,False,east_to_west,1,1,0,1.4,-6.2,7.6,3.8,5.5,-5.6,11.1,5.55,439,12,0
401585034,2023-12-26,Detroit Pistons,Brooklyn Nets,112,118,2024,-6,230,4.0,False,False,7.0,False,False,same_region,0,0,0,-17.8,-6.8,-11.0,-5.5,-17.0,-3.8,-13.2,-6.6,440,12,0
401585039,2023-12-26,Oklahoma City Thunder,Minnesota Timberwolves,129,106,2024,23,235,2.0,False,False,2.0,False,False,same_region,0,0,0,5.0,5.4,-0.40000000000000036,-0.20000000000000018,6.1,6.9,-0.8000000000000007,-0.40000000000000036,441,12,0
401585040,2023-12-26,San Antonio Spurs,Utah Jazz,118,130,2024,-12,248,8.0,False,False,2.0,False,False,same_region,0,0,0,-15.8,0.6,-16.400000000000002,-8.200000000000001,-12.5,-6.3,-6.2,-3.1,442,12,0
401585041,2023-12-26,Portland Trail Blazers,Sacramento Kings,130,113,2024,17,243,4.0,False,False,13.0,False,False,same_region,0,0,0,-6.2,2.2,-8.4,-4.2,-6.6,0.7,-7.3,-3.65,443,12,0
401585042,2023-12-26,LA Clippers,Charlotte Hornets,113,104,2024,9,217,2.0,False,False,5.0,False,False,east_to_west,1,1,0,-0.2,-22.2,22.0,11.0,5.5,-13.8,19.3,9.65,444,12,0
401585038,2023-12-26,New Orleans Pelicans,Memphis Grizzlies,115,116,2024,-1,231,2.0,False,False,2.0,False,False,same_region,0,0,0,11.2,-1.0,12.2,6.1,5.0,-4.2,9.2,4.6,445,12,0
401585046,2023-12-27,Houston Rockets,Phoenix Suns,113,129,2024,-16,242,0.0,True,False,4.0,False,False,same_region,0,0,0,2.0,-9.4,11.4,5.7,4.0,-5.2,9.2,4.6,446,12,0
401585047,2023-12-27,Oklahoma City Thunder,New York Knicks,129,120,2024,9,249,0.0,True,False,6.0,False,False,east_to_west,1,1,0,10.6,-2.0,12.6,6.3,6.1,-2.5,8.6,4.3,447,12,0
401585048,2023-12-27,Dallas Mavericks,Cleveland Cavaliers,110,113,2024,-3,223,3.0,False,False,3.0,False,False,east_to_west,1,1,0,-4.4,3.2,-7.6000000000000005,-3.8000000000000003,-0.7,1.2,-1.9,-0.95,448,12,0
401585045,2023-12-27,Brooklyn Nets,Milwaukee Bucks,122,144,2024,-22,266,3.0,False,False,1.0,False,False,same_region,0,0,0,-4.8,7.6,-12.399999999999999,-6.199999999999999,-3.3,10.3,-13.600000000000001,-6.800000000000001,449,12,0
401585043,2023-12-27,Orlando Magic,Philadelphia 76ers,92,112,2024,-20,204,6.0,False,False,1.0,False,False,same_region,0,0,0,-3.0,13.4,-16.4,-8.2,-2.8,17.8,-20.6,-10.3,450,12,0
401585044,2023-12-27,Washington Wizards,Toronto Raptors,102,132,2024,-30,234,0.0,True,False,4.0,False,False,same_region,0,0,0,-6.8,-6.4,-0.39999999999999947,-0.19999999999999973,-11.7,-5.6,-6.1,-3.05,451,12,0
401585049,2023-12-28,Boston Celtics,Detroit Pistons,128,122,2024,6,250,10.0,False,False,4.0,False,False,same_region,0,0,0,16.8,-12.6,29.4,14.7,11.7,-16.7,28.4,14.2,452,12,0
401585050,2023-12-28,Chicago Bulls,Indiana Pacers,104,120,2024,-16,224,1.0,False,False,1.0,False,False,same_region,0,0,0,6.0,-1.4,7.4,3.7,3.3,-5.9,9.2,4.6,453,12,0
401585051,2023-12-28,Minnesota Timberwolves,Dallas Mavericks,118,110,2024,8,228,6.0,False,False,2.0,False,False,same_region,0,0,0,-2.8,0.2,-3.0,-1.5,4.0,-2.3,6.3,3.15,454,12,0
401585054,2023-12-28,Golden State Warriors,Miami Heat,102,114,2024,-12,216,4.0,False,False,7.0,False,False,east_to_west,1,1,0,7.0,4.4,2.5999999999999996,1.2999999999999998,3.0,2.4,0.6000000000000001,0.30000000000000004,455,12,0
401585053,2023-12-28,Denver Nuggets,Memphis Grizzlies,142,105,2024,37,247,2.0,False,False,1.0,False,False,same_region,0,0,0,10.6,0.6,10.0,5.0,8.2,-3.4,11.6,5.8,456,12,0
401585055,2023-12-28,Portland Trail Blazers,San Antonio Spurs,105,118,2024,-13,223,1.0,False,False,4.0,False,False,same_region,0,0,0,-0.6,-21.0,20.4,10.2,-4.4,-12.2,7.799999999999999,3.8999999999999995,457,12,0
401585056,2023-12-28,Los Angeles Lakers,Charlotte Hornets,133,112,2024,21,245,2.0,False,False,1.0,False,False,east_to_west,1,1,0,-6.0,-23.0,17.0,8.5,1.5,-14.1,15.6,7.8,458,12,0
401585052,2023-12-28,New Orleans Pelicans,Utah Jazz,112,105,2024,7,217,1.0,False,False,1.0,False,False,same_region,0,0,0,10.0,7.2,2.8,1.4,5.5,-0.1,5.6,2.8,459,12,0
401585062,2023-12-29,Houston Rockets,Philadelphia 76ers,127,131,2024,-4,258,1.0,False,True,1.0,False,False,east_to_west,1,1,0,-0.2,6.8,-7.0,-3.5,1.6,19.3,-17.7,-8.85,460,12,0
401585065,2023-12-29,Portland Trail Blazers,San Antonio Spurs,134,128,2024,6,262,0.0,True,True,0.0,True,False,same_region,0,0,0,-2.4,-11.2,8.799999999999999,4.3999999999999995,-5.3,-10.1,4.8,2.4,461,12,0
401585064,2023-12-29,Phoenix Suns,Charlotte Hornets,133,119,2024,14,252,3.0,False,False,0.0,True,True,east_to_west,1,1,0,-2.8,-16.6,13.8,6.9,-4.3,-15.1,10.8,5.4,462,12,0
401585063,2023-12-29,Denver Nuggets,Oklahoma City Thunder,93,119,2024,-26,212,0.0,True,False,12.0,False,False,same_region,0,0,0,12.8,12.2,0.6000000000000014,0.3000000000000007,12.7,6.4,6.299999999999999,3.1499999999999995,463,12,0
401585066,2023-12-29,LA Clippers,Memphis Grizzlies,117,106,2024,11,223,2.0,False,False,0.0,True,True,same_region,0,0,0,-2.8,-3.0,0.20000000000000018,0.10000000000000009,5.5,-8.5,14.0,7.0,464,12,0
401585057,2023-12-29,Orlando Magic,New York Knicks,117,108,2024,9,225,1.0,False,False,1.0,False,False,same_region,0,0,0,-3.6,0.6,-4.2,-2.1,-2.0,-1.0,-1.0,-0.5,465,12,0
401585060,2023-12-29,Boston Celtics,Toronto Raptors,120,118,2024,2,238,0.0,True,False,1.0,False,False,same_region,0,0,0,14.6,3.8,10.8,5.4,13.3,-1.3,14.600000000000001,7.300000000000001,466,12,0
401585059,2023-12-29,Atlanta Hawks,Sacramento Kings,110,117,2024,-7,227,5.0,False,False,2.0,False,False,west_to_east,1,0,1,-1.4,-5.4,4.0,2.0,-1.9,0.0,-1.9,-0.95,467,12,0
401585058,2023-12-29,Washington Wizards,Brooklyn Nets,110,104,2024,6,214,1.0,False,True,2.0,False,False,same_region,0,0,0,-12.0,-5.8,-6.2,-3.1,-14.2,-8.2,-6.0,-3.0,468,12,0
401585061,2023-12-29,Cleveland Cavaliers,Milwaukee Bucks,111,119,2024,-8,230,7.0,False,False,1.0,False,False,same_region,0,0,0,2.2,10.2,-7.999999999999999,-3.9999999999999996,0.5,10.1,-9.6,-4.8,469,12,0
401585069,2023-12-30,Indiana Pacers,New York Knicks,140,126,2024,14,266,6.0,False,False,0.0,True,True,same_region,0,0,0,6.6,-2.2,8.8,4.4,-2.9,-0.9,-2.0,-1.0,470,12,0
401585068,2023-12-30,Detroit Pistons,Toronto Raptors,129,127,2024,2,256,3.0,False,False,0.0,True,True,same_region,0,0,0,-7.4,0.4,-7.800000000000001,-3.9000000000000004,-15.9,-0.6,-15.3,-7.65,471,12,0
401585067,2023-12-30,Utah Jazz,Miami Heat,117,109,2024,8,226,11.0,False,False,1.0,False,False,east_to_west,1,1,0,2.4,6.4,-4.0,-2.0,0.6,2.7,-2.1,-1.05,472,12,0
401585072,2023-12-30,Golden State Warriors,Dallas Mavericks,122,132,2024,-10,254,1.0,False,False,1.0,False,False,same_region,0,0,0,3.8,0.4,3.4,1.7,1.4,-3.8,5.199999999999999,2.5999999999999996,473,12,0
401585070,2023-12-30,Chicago Bulls,Philadelphia 76ers,105,92,2024,13,197,1.0,False,False,0.0,True,True,same_region,0,0,0,2.0,8.4,-6.4,-3.2,0.8,18.6,-17.8,-8.9,474,12,0
401585071,2023-12-30,Minnesota Timberwolves,Los Angeles Lakers,108,106,2024,2,214,1.0,False,False,6.0,False,False,same_region,0,0,0,-2.0,-0.8,-1.2,-0.6,4.0,-0.8,4.8,2.4,475,12,0
401585078,2023-12-31,Phoenix Suns,Orlando Magic,112,107,2024,5,219,1.0,False,False,4.0,False,False,east_to_west,1,1,0,-0.8,0.0,-0.8,-0.4,-2.6,-0.1,-2.5,-1.25,476,12,0
401585077,2023-12-31,Memphis Grizzlies,Sacramento Kings,92,123,2024,-31,215,9.0,False,False,1.0,False,False,same_region,0,0,0,-5.6,-6.4,0.8000000000000007,0.40000000000000036,-7.2,-0.1,-7.1000000000000005,-3.5500000000000003,477,12,0
401585076,2023-12-31,San Antonio Spurs,Boston Celtics,101,134,2024,-33,235,4.0,False,False,5.0,False,False,east_to_west,1,1,0,-9.8,16.2,-26.0,-13.0,-9.8,12.5,-22.3,-11.15,478,12,0
401585075,2023-12-31,Oklahoma City Thunder,Brooklyn Nets,124,108,2024,16,232,3.0,False,False,1.0,False,False,east_to_west,1,1,0,13.6,-3.2,16.8,8.4,9.9,-7.5,17.4,8.7,479,12,0
401585074,2023-12-31,New Orleans Pelicans,Los Angeles Lakers,129,109,2024,20,238,2.0,False,False,0.0,True,False,same_region,0,0,0,4.2,2.0,2.2,1.1,5.2,-2.4,7.6,3.8,480,12,0
401585073,2023-12-31,Washington Wizards,Atlanta Hawks,126,130,2024,-4,256,1.0,False,False,4.0,False,False,same_region,0,0,0,-8.4,-4.0,-4.4,-2.2,-10.9,-1.5,-9.4,-4.7,481,12,0
401585085,2024-01-01,Utah Jazz,Dallas Mavericks,127,90,2024,37,217,1.0,False,False,1.0,False,False,same_region,0,0,0,5.6,7.6,-2.0,-1.0,2.8,-3.0,5.8,2.9,482,1,0
401585080,2024-01-01,Toronto Raptors,Cleveland Cavaliers,124,121,2024,3,245,8.0,False,False,4.0,False,False,same_region,0,0,0,1.8,-0.4,2.2,1.1,-0.5,-1.5,1.0,0.5,483,1,0
401585081,2024-01-01,Houston Rockets,Detroit Pistons,136,113,2024,23,249,2.0,False,False,3.0,False,False,east_to_west,1,1,0,0.4,-5.8,6.2,3.1,0.1,-12.5,12.6,6.3,484,1,0
401585079,2024-01-01,New York Knicks,Minnesota Timberwolves,112,106,2024,6,218,6.0,False,False,5.0,False,False,west_to_east,1,0,1,-8.8,1.2,-10.0,-5.0,-2.9,1.8,-4.7,-2.35,485,1,0
401585082,2024-01-01,Milwaukee Bucks,Indiana Pacers,113,122,2024,-9,235,10.0,False,False,3.0,False,False,same_region,0,0,0,9.2,3.2,5.999999999999999,2.9999999999999996,11.8,-2.3,14.100000000000001,7.050000000000001,486,1,0
401585084,2024-01-01,Phoenix Suns,Portland Trail Blazers,109,88,2024,21,197,0.0,True,True,8.0,False,False,same_region,0,0,0,1.2,-2.2,3.4000000000000004,1.7000000000000002,-1.3,-3.4,2.0999999999999996,1.0499999999999998,487,1,0
401585086,2024-01-01,LA Clippers,Miami Heat,121,104,2024,17,225,2.0,False,False,1.0,False,False,east_to_west,1,1,0,-5.4,5.6,-11.0,-5.5,5.2,3.1,2.1,1.05,488,1,0
401585083,2024-01-01,Denver Nuggets,Charlotte Hornets,111,93,2024,18,204,2.0,False,False,2.0,False,False,east_to_west,1,1,0,5.8,-16.4,22.2,11.1,9.4,-16.8,26.200000000000003,13.100000000000001,489,1,0
401585088,2024-01-02,Memphis Grizzlies,San Antonio Spurs,106,98,2024,8,204,1.0,False,False,3.0,False,False,same_region,0,0,0,-14.4,-12.6,-1.8000000000000007,-0.9000000000000004,-9.6,-12.0,2.4000000000000004,1.2000000000000002,490,1,0
401585089,2024-01-02,New Orleans Pelicans,Brooklyn Nets,112,85,2024,27,197,1.0,False,False,1.0,False,False,east_to_west,1,1,0,8.6,-5.4,14.0,7.0,11.6,-9.5,21.1,10.55,491,1,0
401585087,2024-01-02,Philadelphia 76ers,Chicago Bulls,110,97,2024,13,207,10.0,False,False,14.0,False,False,same_region,0,0,0,3.0,1.4,1.6,0.8,12.8,2.5,10.3,5.15,492,1,0
401585091,2024-01-02,Golden State Warriors,Orlando Magic,121,115,2024,6,236,2.0,False,False,1.0,False,False,east_to_west,1,1,0,0.6,-0.2,0.8,0.4,0.6,-3.8,4.3999999999999995,2.1999999999999997,493,1,0
401585090,2024-01-02,Oklahoma City Thunder,Boston Celtics,127,123,2024,4,250,1.0,False,False,1.0,False,False,east_to_west,1,1,0,13.0,17.8,-4.800000000000001,-2.4000000000000004,11.3,15.1,-3.799999999999999,-1.8999999999999995,494,1,0
401585092,2024-01-02,Sacramento Kings,Charlotte Hornets,104,111,2024,-7,215,9.0,False,False,0.0,True,False,east_to_west,1,1,0,4.8,-13.8,18.6,9.3,1.7,-18.4,20.099999999999998,10.049999999999999,495,1,0
401585102,2024-01-03,Utah Jazz,Detroit Pistons,154,148,2024,6,302,1.0,False,False,1.0,False,False,east_to_west,1,1,0,11.4,-8.8,20.200000000000003,10.100000000000001,6.1,-14.0,20.1,10.05,496,1,0
401585093,2024-01-03,Cleveland Cavaliers,Washington Wizards,140,101,2024,39,241,4.0,False,False,11.0,False,False,same_region,0,0,0,-2.6,-9.4,6.800000000000001,3.4000000000000004,-0.8,-6.8,6.0,3.0,497,1,0
401585094,2024-01-03,Indiana Pacers,Milwaukee Bucks,142,130,2024,12,272,3.0,False,False,4.0,False,False,same_region,0,0,0,7.6,6.6,1.0,0.5,0.0,10.5,-10.5,-5.25,498,1,0
401585097,2024-01-03,Houston Rockets,Brooklyn Nets,112,101,2024,11,213,1.0,False,False,0.0,True,True,east_to_west,1,1,0,-0.2,-13.0,12.8,6.4,1.1,-9.9,11.0,5.5,499,1,0
401585098,2024-01-03,Memphis Grizzlies,Toronto Raptors,111,116,2024,-5,227,0.0,True,True,3.0,False,False,east_to_west,1,1,0,-14.0,4.4,-18.4,-9.2,-7.5,0.4,-7.9,-3.95,500,1,0
401585095,2024-01-03,Atlanta Hawks,Oklahoma City Thunder,141,138,2024,3,279,4.0,False,False,4.0,False,False,west_to_east,1,0,1,-4.6,15.6,-20.2,-10.1,-0.4,10.3,-10.700000000000001,-5.3500000000000005,501,1,0
401585096,2024-01-03,New York Knicks,Chicago Bulls,116,100,2024,16,216,1.0,False,False,0.0,True,False,same_region,0,0,0,-3.8,-5.0,1.2000000000000002,0.6000000000000001,-1.9,2.0,-3.9,-1.95,502,1,0
401585100,2024-01-03,Dallas Mavericks,Portland Trail Blazers,126,97,2024,29,223,6.0,False,False,1.0,False,False,same_region,0,0,0,-4.8,-6.2,1.4000000000000004,0.7000000000000002,-4.9,-5.0,0.09999999999999964,0.04999999999999982,503,1,0
401585103,2024-01-03,Los Angeles Lakers,Miami Heat,96,110,2024,-14,206,5.0,False,False,1.0,False,False,east_to_west,1,1,0,-0.6,0.4,-1.0,-0.5,-4.2,1.2,-5.4,-2.7,504,1,0
401585104,2024-01-03,Sacramento Kings,Orlando Magic,138,135,2024,3,273,0.0,True,False,0.0,True,True,east_to_west,1,1,0,0.4,-2.8,3.1999999999999997,1.5999999999999999,3.0,-5.4,8.4,4.2,505,1,0
401585099,2024-01-03,Minnesota Timberwolves,New Orleans Pelicans,106,117,2024,-11,223,3.0,False,False,12.0,False,False,same_region,0,0,0,-1.4,10.2,-11.6,-5.8,2.6,12.9,-10.3,-5.15,506,1,0
401585101,2024-01-03,Phoenix Suns,LA Clippers,122,131,2024,-9,253,1.0,False,True,12.0,False,False,same_region,0,0,0,8.4,-3.8,12.2,6.1,0.5,6.4,-5.9,-2.95,507,1,0
401585106,2024-01-04,Golden State Warriors,Denver Nuggets,127,130,2024,-3,257,1.0,False,False,11.0,False,False,same_region,0,0,0,-0.4,8.4,-8.8,-4.4,1.5,10.4,-8.9,-4.45,508,1,0
401585105,2024-01-04,San Antonio Spurs,Milwaukee Bucks,121,125,2024,-4,246,3.0,False,False,0.0,True,False,east_to_west,1,1,0,-9.2,0.4,-9.6,-4.8,-12.5,7.9,-20.4,-10.2,509,1,0
401585113,2024-01-05,Houston Rockets,Minnesota Timberwolves,95,122,2024,-27,217,1.0,False,False,3.0,False,False,same_region,0,0,0,1.6,-6.0,7.6,3.8,1.5,-0.3,1.8,0.9,510,1,0
401585109,2024-01-05,Brooklyn Nets,Oklahoma City Thunder,124,115,2024,9,239,8.0,False,False,1.0,False,False,west_to_east,1,0,1,-16.4,10.4,-26.799999999999997,-13.399999999999999,-10.6,10.5,-21.1,-10.55,511,1,0
401585107,2024-01-05,Boston Celtics,Utah Jazz,126,97,2024,29,223,6.0,False,False,7.0,False,False,west_to_east,1,0,1,9.6,11.2,-1.5999999999999996,-0.7999999999999998,13.8,5.9,7.9,3.95,512,1,0
401585108,2024-01-05,Indiana Pacers,Atlanta Hawks,150,116,2024,34,266,1.0,False,False,4.0,False,False,same_region,0,0,0,11.4,-2.2,13.600000000000001,6.800000000000001,2.6,0.6,2.0,1.0,513,1,0
401585111,2024-01-05,Philadelphia 76ers,New York Knicks,92,128,2024,-36,220,2.0,False,False,5.0,False,False,same_region,0,0,0,3.6,-2.0,5.6,2.8,12.3,-2.0,14.3,7.15,514,1,0
401585112,2024-01-05,Chicago Bulls,Charlotte Hornets,104,91,2024,13,195,5.0,False,False,2.0,False,False,same_region,0,0,0,-5.4,-11.0,5.6,2.8,-0.4,-16.6,16.200000000000003,8.100000000000001,515,1,0
401585110,2024-01-05,Cleveland Cavaliers,Washington Wizards,114,90,2024,24,204,1.0,False,False,1.0,False,False,same_region,0,0,0,9.0,-15.0,24.0,12.0,3.8,-8.7,12.5,6.25,516,1,0
401585119,2024-01-05,Los Angeles Lakers,Memphis Grizzlies,113,127,2024,-14,240,1.0,False,False,6.0,False,False,same_region,0,0,0,-5.2,-15.2,10.0,5.0,-5.9,-7.3,1.3999999999999995,0.6999999999999997,517,1,0
401585117,2024-01-05,Phoenix Suns,Miami Heat,113,97,2024,16,210,1.0,False,False,1.0,False,False,east_to_west,1,1,0,9.4,1.4,8.0,4.0,0.0,1.5,-1.5,-0.75,518,1,0
401585120,2024-01-05,Sacramento Kings,Toronto Raptors,135,130,2024,5,265,1.0,False,True,1.0,False,False,east_to_west,1,1,0,3.4,6.8,-3.4,-1.7,2.8,0.2,2.5999999999999996,1.2999999999999998,519,1,0
401585118,2024-01-05,Golden State Warriors,Detroit Pistons,113,109,2024,4,222,0.0,True,True,1.0,False,False,east_to_west,1,1,0,-5.0,-7.8,2.8,1.4,2.0,-12.8,14.8,7.4,520,1,0
401585114,2024-01-05,New Orleans Pelicans,LA Clippers,95,111,2024,-16,206,2.0,False,False,1.0,False,False,same_region,0,0,0,12.8,1.8,11.0,5.5,12.0,5.3,6.7,3.35,521,1,0
401585116,2024-01-05,Denver Nuggets,Orlando Magic,120,122,2024,-2,242,3.0,False,False,1.0,False,True,east_to_west,1,1,0,7.6,-5.0,12.6,6.3,8.4,-4.0,12.4,6.2,522,1,0
401585115,2024-01-05,Dallas Mavericks,Portland Trail Blazers,139,103,2024,36,242,1.0,False,False,1.0,False,False,same_region,0,0,0,-1.8,-8.0,6.2,3.1,-3.1,-7.1,3.9999999999999996,1.9999999999999998,523,1,0
401585124,2024-01-06,Houston Rockets,Milwaukee Bucks,112,108,2024,4,220,0.0,True,True,1.0,False,True,east_to_west,1,1,0,-2.6,2.6,-5.2,-2.6,-0.3,5.1,-5.3999999999999995,-2.6999999999999997,524,1,0
401585123,2024-01-06,Philadelphia 76ers,Utah Jazz,109,120,2024,-11,229,0.0,True,False,0.0,True,False,west_to_east,1,0,1,-2.4,3.0,-5.4,-2.7,5.5,5.1,0.40000000000000036,0.20000000000000018,525,1,0
401585122,2024-01-06,Washington Wizards,New York Knicks,105,121,2024,-16,226,5.0,False,False,0.0,True,False,same_region,0,0,0,-18.2,7.0,-25.2,-12.6,-12.5,3.8,-16.3,-8.15,526,1,0
401585121,2024-01-06,Indiana Pacers,Boston Celtics,101,118,2024,-17,219,0.0,True,True,3.0,False,False,same_region,0,0,0,17.0,13.2,3.8000000000000007,1.9000000000000004,7.8,15.0,-7.2,-3.6,527,1,0
401585127,2024-01-07,Orlando Magic,Atlanta Hawks,117,110,2024,7,227,8.0,False,False,1.0,False,False,same_region,0,0,0,-0.6,-7.8,7.2,3.6,-2.1,-4.9,2.8000000000000003,1.4000000000000001,528,1,0
401585125,2024-01-07,Cleveland Cavaliers,San Antonio Spurs,117,115,2024,2,232,1.0,False,False,4.0,False,False,west_to_east,1,0,1,11.0,-7.6,18.6,9.3,7.1,-14.3,21.4,10.7,529,1,0
401585128,2024-01-07,Sacramento Kings,New Orleans Pelicans,100,133,2024,-33,233,1.0,False,False,3.0,False,False,same_region,0,0,0,7.8,9.8,-2.000000000000001,-1.0000000000000004,1.2,9.9,-8.700000000000001,-4.3500000000000005,530,1,0
401585131,2024-01-07,Phoenix Suns,Memphis Grizzlies,115,121,2024,-6,236,1.0,False,False,1.0,False,False,same_region,0,0,0,9.4,-5.0,14.4,7.2,3.3,-4.0,7.3,3.65,531,1,0
401585126,2024-01-07,Brooklyn Nets,Portland Trail Blazers,127,134,2024,-7,261,1.0,False,False,1.0,False,False,west_to_east,1,0,1,-10.2,-18.6,8.400000000000002,4.200000000000001,-8.0,-9.6,1.5999999999999996,0.7999999999999998,532,1,0
401585129,2024-01-07,Dallas Mavericks,Minnesota Timberwolves,115,108,2024,7,223,1.0,False,False,1.0,False,False,same_region,0,0,0,6.0,4.0,2.0,1.0,3.1,0.6,2.5,1.25,533,1,0
401585132,2024-01-07,Golden State Warriors,Toronto Raptors,118,133,2024,-15,251,1.0,False,True,1.0,False,False,east_to_west,1,1,0,-3.0,-0.2,-2.8,-1.4,2.0,1.8,0.19999999999999996,0.09999999999999998,534,1,0
401585130,2024-01-07,Denver Nuggets,Detroit Pistons,131,114,2024,17,245,1.0,False,False,1.0,False,False,east_to_west,1,1,0,6.0,-7.4,13.4,6.7,8.3,-10.0,18.3,9.15,535,1,0
401585133,2024-01-07,Los Angeles Lakers,LA Clippers,106,103,2024,3,209,1.0,False,False,1.0,False,False,same_region,0,0,0,-5.8,12.4,-18.2,-9.1,-5.9,6.1,-12.0,-6.0,536,1,0
401585134,2024-01-08,Charlotte Hornets,Chicago Bulls,112,119,2024,-7,231,15.0,False,False,4.0,False,False,same_region,0,0,0,-11.8,-3.8,-8.0,-4.0,-17.4,1.1,-18.5,-9.25,537,1,0
401585135,2024-01-08,Indiana Pacers,Boston Celtics,133,131,2024,2,264,1.0,False,True,1.0,False,False,same_region,0,0,0,10.4,15.4,-5.0,-2.5,8.5,15.0,-6.5,-3.25,538,1,0
401585137,2024-01-08,Miami Heat,Houston Rockets,120,113,2024,7,233,13.0,False,False,15.0,False,False,west_to_east,1,0,1,-3.0,1.4,-4.4,-2.2,0.7,0.6,0.09999999999999998,0.04999999999999999,539,1,0
401585139,2024-01-08,LA Clippers,Phoenix Suns,138,111,2024,27,249,6.0,False,False,11.0,False,False,same_region,0,0,0,10.0,5.4,4.6,2.3,3.6,2.3,1.3000000000000003,0.6500000000000001,540,1,0
401585138,2024-01-08,Milwaukee Bucks,Utah Jazz,116,132,2024,-16,248,6.0,False,False,1.0,False,True,west_to_east,1,0,1,-2.6,6.6,-9.2,-4.6,3.8,4.5,-0.7000000000000002,-0.3500000000000001,541,1,0
401585136,2024-01-08,Washington Wizards,Oklahoma City Thunder,128,136,2024,-8,264,1.0,False,False,2.0,False,False,west_to_east,1,0,1,-15.4,6.8,-22.2,-11.1,-13.7,9.5,-23.2,-11.6,542,1,0
401585144,2024-01-09,Los Angeles Lakers,Toronto Raptors,132,131,2024,1,263,1.0,False,False,1.0,False,False,east_to_west,1,1,0,-9.4,3.2,-12.600000000000001,-6.300000000000001,-5.1,1.8,-6.8999999999999995,-3.4499999999999997,543,1,0
401585143,2024-01-09,Dallas Mavericks,Memphis Grizzlies,103,120,2024,-17,223,1.0,False,False,1.0,False,False,same_region,0,0,0,9.0,-1.6,10.6,5.3,4.7,-3.6,8.3,4.15,544,1,0
401585142,2024-01-09,New York Knicks,Portland Trail Blazers,112,84,2024,28,196,5.0,False,False,1.0,False,False,west_to_east,1,0,1,12.0,-14.6,26.6,13.3,4.9,-8.5,13.4,6.7,545,1,0
401585141,2024-01-09,Orlando Magic,Minnesota Timberwolves,92,113,2024,-21,205,1.0,False,False,1.0,False,False,west_to_east,1,0,1,-1.0,1.0,-2.0,-1.0,-0.5,-0.5,0.0,0.0,546,1,0
401585140,2024-01-09,Detroit Pistons,Sacramento Kings,110,131,2024,-21,241,9.0,False,False,8.0,False,False,west_to_east,1,0,1,-9.6,-0.2,-9.4,-4.7,-8.5,-3.3,-5.2,-2.6,547,1,0
401585145,2024-01-10,Boston Celtics,Minnesota Timberwolves,127,120,2024,7,247,4.0,False,False,0.0,True,True,west_to_east,1,0,1,14.6,4.8,9.8,4.9,15.4,3.0,12.4,6.2,548,1,0
401585146,2024-01-10,Charlotte Hornets,Sacramento Kings,98,123,2024,-25,221,1.0,False,False,0.0,True,False,west_to_east,1,0,1,-9.0,-2.2,-6.8,-3.4,-12.8,1.3,-14.100000000000001,-7.050000000000001,549,1,0
401585147,2024-01-10,Detroit Pistons,San Antonio Spurs,108,130,2024,-22,238,0.0,True,False,2.0,False,False,west_to_east,1,0,1,-14.2,-10.6,-3.5999999999999996,-1.7999999999999998,-10.0,-10.9,0.9000000000000004,0.4500000000000002,550,1,0
401585149,2024-01-10,Atlanta Hawks,Philadelphia 76ers,139,132,2024,7,271,6.0,False,False,10.0,False,False,same_region,0,0,0,-8.2,-8.6,0.40000000000000036,0.20000000000000018,-4.8,-0.9,-3.9,-1.95,551,1,0
401585148,2024-01-10,Indiana Pacers,Washington Wizards,112,104,2024,8,216,1.0,False,False,4.0,False,False,same_region,0,0,0,8.0,-18.2,26.2,13.1,5.6,-13.3,18.9,9.45,552,1,0
401585151,2024-01-10,Chicago Bulls,Houston Rockets,124,119,2024,5,243,4.0,False,False,1.0,False,False,west_to_east,1,0,1,0.8,0.8,0.0,0.0,1.4,0.6,0.7999999999999999,0.39999999999999997,553,1,0
401585152,2024-01-10,Utah Jazz,Denver Nuggets,124,111,2024,13,235,6.0,False,False,5.0,False,False,same_region,0,0,0,8.2,2.0,6.199999999999999,3.0999999999999996,6.9,7.4,-0.5,-0.25,554,1,0
401585150,2024-01-10,Miami Heat,Oklahoma City Thunder,120,128,2024,-8,248,1.0,False,False,1.0,False,False,west_to_east,1,0,1,-4.0,3.2,-7.2,-3.6,1.2,8.4,-7.2,-3.6,555,1,0
401585154,2024-01-10,LA Clippers,Toronto Raptors,126,120,2024,6,246,1.0,False,False,0.0,True,True,east_to_west,1,1,0,13.2,3.4,9.799999999999999,4.8999999999999995,3.9,2.6,1.2999999999999998,0.6499999999999999,556,1,0
401585153,2024-01-10,Golden State Warriors,New Orleans Pelicans,105,141,2024,-36,246,2.0,False,False,2.0,False,False,same_region,0,0,0,-3.6,15.0,-18.6,-9.3,0.1,9.6,-9.5,-4.75,557,1,0
401585155,2024-01-11,Cleveland Cavaliers,Brooklyn Nets,111,102,2024,9,213,3.0,False,False,7.0,False,False,same_region,0,0,0,10.8,-10.4,21.200000000000003,10.600000000000001,6.5,-6.8,13.3,6.65,558,1,0
401585156,2024-01-11,Milwaukee Bucks,Boston Celtics,135,102,2024,33,237,2.0,False,False,2.0,False,False,same_region,0,0,0,-7.4,9.4,-16.8,-8.4,0.9,13.6,-12.7,-6.35,559,1,0
401585159,2024-01-11,Los Angeles Lakers,Phoenix Suns,109,127,2024,-18,236,1.0,False,False,2.0,False,False,same_region,0,0,0,-8.8,-1.0,-7.800000000000001,-3.9000000000000004,-3.4,0.1,-3.5,-1.75,560,1,0
401585158,2024-01-11,Dallas Mavericks,New York Knicks,128,124,2024,4,252,1.0,False,False,4.0,False,False,east_to_west,1,1,0,3.6,20.4,-16.799999999999997,-8.399999999999999,5.6,5.8,-0.20000000000000018,-0.10000000000000009,561,1,0
401585157,2024-01-11,Oklahoma City Thunder,Portland Trail Blazers,139,77,2024,62,216,8.0,False,False,1.0,False,False,same_region,0,0,0,1.6,-21.4,23.0,11.5,7.3,-11.8,19.1,9.55,562,1,0
401585165,2024-01-12,Memphis Grizzlies,LA Clippers,119,128,2024,-9,247,8.0,False,False,4.0,False,False,same_region,0,0,0,8.0,11.0,-3.0,-1.5,-3.2,3.6,-6.800000000000001,-3.4000000000000004,563,1,0
401585160,2024-01-12,Philadelphia 76ers,Sacramento Kings,112,93,2024,19,205,5.0,False,False,1.0,False,True,west_to_east,1,0,1,-10.8,4.2,-15.0,-7.5,-1.2,2.3,-3.5,-1.75,564,1,0
401585169,2024-01-12,San Antonio Spurs,Charlotte Hornets,135,99,2024,36,234,7.0,False,False,6.0,False,False,east_to_west,1,1,0,-5.0,-11.2,6.199999999999999,3.0999999999999996,-7.4,-13.8,6.4,3.2,565,1,0
401585166,2024-01-12,Minnesota Timberwolves,Portland Trail Blazers,116,93,2024,23,209,8.0,False,False,0.0,True,True,same_region,0,0,0,4.6,-29.6,34.2,17.1,1.6,-17.9,19.5,9.75,566,1,0
401585168,2024-01-12,Utah Jazz,Toronto Raptors,145,113,2024,32,258,1.0,False,False,1.0,False,True,east_to_west,1,1,0,3.4,1.6,1.7999999999999998,0.8999999999999999,7.4,3.0,4.4,2.2,567,1,0
401585161,2024-01-12,Atlanta Hawks,Indiana Pacers,108,126,2024,-18,234,1.0,False,False,10.0,False,False,same_region,0,0,0,-5.4,7.8,-13.2,-6.6,-4.7,7.7,-12.4,-6.2,568,1,0
401585163,2024-01-12,Miami Heat,Orlando Magic,99,96,2024,3,195,1.0,False,False,6.0,False,False,same_region,0,0,0,-4.0,-4.2,0.20000000000000018,0.10000000000000009,0.8,-2.2,3.0,1.5,569,1,0
401585162,2024-01-12,Detroit Pistons,Houston Rockets,110,112,2024,-2,222,1.0,False,True,1.0,False,False,west_to_east,1,0,1,-14.0,-4.8,-9.2,-4.6,-11.4,-2.5,-8.9,-4.45,570,1,0
401585167,2024-01-12,Denver Nuggets,New Orleans Pelicans,125,113,2024,12,238,4.0,False,False,1.0,False,False,same_region,0,0,0,4.6,18.2,-13.6,-6.8,5.2,13.4,-8.2,-4.1,571,1,0
401585164,2024-01-12,Chicago Bulls,Golden State Warriors,131,140,2024,-9,271,1.0,False,False,17.0,False,False,west_to_east,1,0,1,-0.8,-8.8,8.0,4.0,0.3,-4.1,4.3999999999999995,2.1999999999999997,572,1,0
401585171,2024-01-13,Atlanta Hawks,Washington Wizards,99,127,2024,-28,226,0.0,True,True,2.0,False,False,same_region,0,0,0,-9.8,-19.0,9.2,4.6,-7.2,-14.2,6.999999999999999,3.4999999999999996,573,1,0
401585173,2024-01-13,Milwaukee Bucks,Golden State Warriors,129,118,2024,11,247,1.0,False,False,0.0,True,False,west_to_east,1,0,1,1.0,-8.2,9.2,4.6,3.8,-4.3,8.1,4.05,574,1,0
401585170,2024-01-13,Boston Celtics,Houston Rockets,145,113,2024,32,258,2.0,False,False,0.0,True,True,west_to_east,1,0,1,3.6,-6.6,10.2,5.1,6.6,-2.5,9.1,4.55,575,1,0
401585172,2024-01-13,Memphis Grizzlies,New York Knicks,94,106,2024,-12,200,0.0,True,False,1.0,False,False,east_to_west,1,1,0,4.6,18.4,-13.799999999999999,-6.8999999999999995,-4.7,7.3,-12.0,-6.0,576,1,0
401585175,2024-01-13,Dallas Mavericks,New Orleans Pelicans,108,118,2024,-10,226,1.0,False,False,0.0,True,True,same_region,0,0,0,11.8,10.4,1.4000000000000004,0.7000000000000002,3.5,10.3,-6.800000000000001,-3.4000000000000004,577,1,0
401585176,2024-01-13,San Antonio Spurs,Chicago Bulls,116,122,2024,-6,238,0.0,True,False,4.0,False,False,east_to_west,1,1,0,8.8,0.0,8.8,4.4,-1.9,-2.5,0.6000000000000001,0.30000000000000004,578,1,0
401585174,2024-01-13,Oklahoma City Thunder,Orlando Magic,112,100,2024,12,212,1.0,False,False,0.0,True,False,east_to_west,1,1,0,13.2,-3.6,16.8,8.4,14.4,-3.2,17.6,8.8,579,1,0
401585177,2024-01-13,Utah Jazz,Los Angeles Lakers,132,125,2024,7,257,0.0,True,True,12.0,False,False,same_region,0,0,0,8.6,-8.4,17.0,8.5,9.9,-4.5,14.4,7.2,580,1,0
401585178,2024-01-14,Denver Nuggets,Indiana Pacers,117,109,2024,8,226,1.0,False,False,1.0,False,False,east_to_west,1,1,0,3.4,9.0,-5.6,-2.8,5.9,10.2,-4.299999999999999,-2.1499999999999995,581,1,0
401585179,2024-01-14,Miami Heat,Charlotte Hornets,104,87,2024,17,191,1.0,False,False,1.0,False,False,same_region,0,0,0,0.0,-14.8,14.8,7.4,0.2,-14.3,14.5,7.25,582,1,0
401585181,2024-01-14,Minnesota Timberwolves,LA Clippers,109,105,2024,4,214,1.0,False,False,1.0,False,False,same_region,0,0,0,11.4,11.0,0.40000000000000036,0.20000000000000018,2.7,6.4,-3.7,-1.85,583,1,0
401585182,2024-01-14,Portland Trail Blazers,Phoenix Suns,116,127,2024,-11,243,15.0,False,False,2.0,False,False,same_region,0,0,0,-28.4,-1.6,-26.799999999999997,-13.399999999999999,-18.2,3.4,-21.599999999999998,-10.799999999999999,584,1,0
401585180,2024-01-14,Milwaukee Bucks,Sacramento Kings,143,142,2024,1,285,0.0,True,True,1.0,False,False,west_to_east,1,0,1,5.6,-0.2,5.8,2.9,3.0,1.6,1.4,0.7,585,1,0
401585192,2024-01-15,Utah Jazz,Indiana Pacers,132,105,2024,27,237,1.0,False,True,0.0,True,True,east_to_west,1,1,0,15.8,0.6,15.200000000000001,7.6000000000000005,9.4,8.8,0.5999999999999996,0.2999999999999998,586,1,0
401585183,2024-01-15,Philadelphia 76ers,Houston Rockets,124,115,2024,9,239,2.0,False,False,1.0,False,True,west_to_east,1,0,1,-4.4,-7.6,3.1999999999999993,1.5999999999999996,-0.7,-5.1,4.3999999999999995,2.1999999999999997,587,1,0
401585188,2024-01-15,Memphis Grizzlies,Golden State Warriors,116,107,2024,9,223,1.0,False,True,1.0,False,True,same_region,0,0,0,3.2,-9.8,13.0,6.5,-6.0,-7.4,1.4000000000000004,0.7000000000000002,588,1,0
401585187,2024-01-15,Atlanta Hawks,San Antonio Spurs,109,99,2024,10,208,1.0,False,True,4.0,False,False,west_to_east,1,0,1,-16.0,9.2,-25.2,-12.6,-9.1,0.0,-9.1,-4.55,589,1,0
401585185,2024-01-15,New York Knicks,Orlando Magic,94,98,2024,-4,192,5.0,False,False,1.0,False,True,same_region,0,0,0,17.6,-5.4,23.0,11.5,7.8,-5.2,13.0,6.5,590,1,0
401585193,2024-01-15,Los Angeles Lakers,Oklahoma City Thunder,112,105,2024,7,217,3.0,False,False,4.0,False,False,same_region,0,0,0,-7.0,16.2,-23.2,-11.6,-6.1,13.3,-19.4,-9.7,591,1,0
401585190,2024-01-15,Brooklyn Nets,Miami Heat,95,96,2024,-1,191,7.0,False,False,9.0,False,False,same_region,0,0,0,-9.0,0.6,-9.6,-4.8,-7.2,1.0,-8.2,-4.1,592,1,0
401585191,2024-01-15,Toronto Raptors,Boston Celtics,96,105,2024,-9,201,13.0,False,False,3.0,False,False,same_region,0,0,0,-5.8,4.2,-10.0,-5.0,0.5,8.7,-8.2,-4.1,593,1,0
401585189,2024-01-15,Cleveland Cavaliers,Chicago Bulls,109,91,2024,18,200,3.0,False,False,1.0,False,False,same_region,0,0,0,14.2,4.4,9.799999999999999,4.8999999999999995,6.9,-0.5,7.4,3.7,594,1,0
401585186,2024-01-15,Washington Wizards,Detroit Pistons,117,129,2024,-12,246,6.0,False,False,7.0,False,False,same_region,0,0,0,-5.6,-13.2,7.6,3.8,-10.3,-10.5,0.1999999999999993,0.09999999999999964,595,1,0
401585184,2024-01-15,Dallas Mavericks,New Orleans Pelicans,125,120,2024,5,245,1.0,False,False,1.0,False,True,same_region,0,0,0,4.0,10.2,-6.199999999999999,-3.0999999999999996,1.1,11.5,-10.4,-5.2,596,1,0
401585195,2024-01-16,Phoenix Suns,Sacramento Kings,119,117,2024,2,236,8.0,False,False,1.0,False,False,same_region,0,0,0,2.4,-1.4,3.8,1.9,5.9,3.2,2.7,1.35,597,1,0
401585194,2024-01-16,Philadelphia 76ers,Denver Nuggets,126,121,2024,5,247,0.0,True,False,5.0,False,False,west_to_east,1,0,1,-5.2,4.4,-9.600000000000001,-4.800000000000001,-0.8,6.0,-6.8,-3.4,598,1,0
401585196,2024-01-16,LA Clippers,Oklahoma City Thunder,128,117,2024,11,245,5.0,False,False,0.0,True,False,same_region,0,0,0,7.0,16.6,-9.600000000000001,-4.800000000000001,9.7,11.7,-2.0,-1.0,599,1,0
401585203,2024-01-17,New Orleans Pelicans,Charlotte Hornets,132,112,2024,20,244,11.0,False,False,2.0,False,False,east_to_west,1,1,0,12.4,-19.6,32.0,16.0,11.1,-15.3,26.4,13.2,600,1,0
401585205,2024-01-17,Los Angeles Lakers,Dallas Mavericks,127,110,2024,17,237,1.0,False,False,15.0,False,False,same_region,0,0,0,-2.8,-2.2,-0.5999999999999996,-0.2999999999999998,-4.3,1.9,-6.199999999999999,-3.0999999999999996,601,1,0
401585199,2024-01-17,Boston Celtics,San Antonio Spurs,117,98,2024,19,215,3.0,False,False,1.0,False,False,west_to_east,1,0,1,2.6,8.0,-5.4,-2.7,9.0,0.2,8.8,4.4,602,1,0
401585197,2024-01-17,Detroit Pistons,Minnesota Timberwolves,117,124,2024,-7,241,4.0,False,False,6.0,False,False,west_to_east,1,0,1,-10.0,6.8,-16.8,-8.4,-8.7,5.4,-14.1,-7.05,603,1,0
401585198,2024-01-17,Atlanta Hawks,Orlando Magic,106,104,2024,2,210,1.0,False,False,1.0,False,False,same_region,0,0,0,-7.2,-5.0,-2.2,-1.1,-7.5,-2.8,-4.7,-2.35,604,1,0
401585200,2024-01-17,Cleveland Cavaliers,Milwaukee Bucks,135,95,2024,40,230,1.0,False,False,10.0,False,False,same_region,0,0,0,18.4,5.0,13.399999999999999,6.699999999999999,7.9,3.8,4.1000000000000005,2.0500000000000003,605,1,0
401585206,2024-01-17,Portland Trail Blazers,Brooklyn Nets,105,103,2024,2,208,2.0,False,False,5.0,False,False,east_to_west,1,1,0,-23.4,-3.8,-19.599999999999998,-9.799999999999999,-21.0,-8.4,-12.6,-6.3,606,1,0
401585202,2024-01-17,Toronto Raptors,Miami Heat,121,97,2024,24,218,1.0,False,False,1.0,False,False,same_region,0,0,0,-6.6,4.0,-10.6,-5.3,-3.4,0.5,-3.9,-1.95,607,1,0
401585201,2024-01-17,New York Knicks,Houston Rockets,109,94,2024,15,203,1.0,False,False,1.0,False,False,west_to_east,1,0,1,9.6,-10.2,19.799999999999997,9.899999999999999,8.3,-4.4,12.700000000000001,6.3500000000000005,608,1,0
401585211,2024-01-18,Sacramento Kings,Indiana Pacers,121,126,2024,-5,247,10.0,False,False,2.0,False,False,east_to_west,1,1,0,4.8,-1.4,6.199999999999999,3.0999999999999996,2.3,4.5,-2.2,-1.1,609,1,0
401585210,2024-01-18,Minnesota Timberwolves,Memphis Grizzlies,118,103,2024,15,221,3.0,False,False,8.0,False,False,same_region,0,0,0,9.6,2.2,7.3999999999999995,3.6999999999999997,5.3,-1.4,6.699999999999999,3.3499999999999996,610,1,0
401585209,2024-01-18,Utah Jazz,Oklahoma City Thunder,129,134,2024,-5,263,2.0,False,False,1.0,False,True,same_region,0,0,0,19.0,12.8,6.199999999999999,3.0999999999999996,12.8,8.0,4.800000000000001,2.4000000000000004,611,1,0
401585208,2024-01-18,Toronto Raptors,Chicago Bulls,110,116,2024,-6,226,0.0,True,True,2.0,False,False,same_region,0,0,0,-4.8,-1.8,-3.0,-1.5,-0.8,-2.8,1.9999999999999998,0.9999999999999999,612,1,0
401585207,2024-01-18,New York Knicks,Washington Wizards,113,109,2024,4,222,0.0,True,True,4.0,False,False,same_region,0,0,0,9.4,-3.2,12.600000000000001,6.300000000000001,10.7,-10.7,21.4,10.7,613,1,0
401585212,2024-01-19,Charlotte Hornets,San Antonio Spurs,124,120,2024,4,244,8.0,False,False,1.0,False,False,west_to_east,1,0,1,-21.0,4.6,-25.6,-12.8,-16.4,-3.0,-13.399999999999999,-6.699999999999999,614,1,0
401585213,2024-01-19,Orlando Magic,Philadelphia 76ers,109,124,2024,-15,233,9.0,False,False,8.0,False,False,same_region,0,0,0,-6.8,3.0,-9.8,-4.9,-3.9,0.3,-4.2,-2.1,615,1,0
401585215,2024-01-19,Miami Heat,Atlanta Hawks,108,109,2024,-1,217,4.0,False,False,11.0,False,False,same_region,0,0,0,-2.2,-5.4,3.2,1.6,-3.1,-6.8,3.6999999999999997,1.8499999999999999,616,1,0
401585214,2024-01-19,Boston Celtics,Denver Nuggets,100,102,2024,-2,202,1.0,False,False,2.0,False,False,west_to_east,1,0,1,6.8,3.8,3.0,1.5,10.7,4.9,5.799999999999999,2.8999999999999995,617,1,0
401585218,2024-01-19,Portland Trail Blazers,Indiana Pacers,118,115,2024,3,233,1.0,False,False,0.0,True,False,east_to_west,1,1,0,-24.4,-0.8,-23.599999999999998,-11.799999999999999,-19.5,3.6,-23.1,-11.55,618,1,0
401585216,2024-01-19,New Orleans Pelicans,Phoenix Suns,109,123,2024,-14,232,1.0,False,False,4.0,False,False,same_region,0,0,0,9.8,-0.4,10.200000000000001,5.1000000000000005,12.4,4.5,7.9,3.95,619,1,0
401585219,2024-01-19,Los Angeles Lakers,Brooklyn Nets,112,130,2024,-18,242,1.0,False,False,1.0,False,False,east_to_west,1,1,0,0.0,-2.0,2.0,1.0,-4.7,-9.2,4.499999999999999,2.2499999999999996,620,1,0
401585227,2024-01-20,Minnesota Timberwolves,Oklahoma City Thunder,97,102,2024,-5,199,1.0,False,False,1.0,False,False,same_region,0,0,0,8.4,12.2,-3.799999999999999,-1.8999999999999995,6.6,6.9,-0.3000000000000007,-0.15000000000000036,621,1,0
401585223,2024-01-20,Atlanta Hawks,Cleveland Cavaliers,95,116,2024,-21,211,2.0,False,False,18.0,False,False,same_region,0,0,0,-6.6,18.6,-25.200000000000003,-12.600000000000001,-6.0,13.8,-19.8,-9.9,622,1,0
401585220,2024-01-20,Detroit Pistons,Milwaukee Bucks,135,141,2024,-6,276,2.0,False,False,2.0,False,False,same_region,0,0,0,-8.0,-2.2,-5.8,-2.9,-8.8,-2.4,-6.4,-3.2,623,1,0
401585221,2024-01-20,Charlotte Hornets,Philadelphia 76ers,89,97,2024,-8,186,0.0,True,False,0.0,True,False,same_region,0,0,0,-18.8,8.2,-27.0,-13.5,-13.9,-0.2,-13.700000000000001,-6.8500000000000005,624,1,0
401585222,2024-01-20,Washington Wizards,San Antonio Spurs,127,131,2024,-4,258,4.0,False,False,0.0,True,True,west_to_east,1,0,1,-0.8,-0.6,-0.20000000000000007,-0.10000000000000003,-8.1,-2.8,-5.3,-2.65,625,1,0
401585225,2024-01-20,Chicago Bulls,Memphis Grizzlies,125,96,2024,29,221,7.0,False,False,1.0,False,False,west_to_east,1,0,1,-2.0,-2.0,0.0,0.0,-0.6,-1.8,1.2000000000000002,0.6000000000000001,626,1,0
401585224,2024-01-20,New York Knicks,Toronto Raptors,126,100,2024,26,226,1.0,False,True,7.0,False,False,same_region,0,0,0,4.6,-5.8,10.399999999999999,5.199999999999999,12.5,-1.2,13.7,6.85,627,1,0
401585226,2024-01-20,Houston Rockets,Utah Jazz,127,126,2024,1,253,13.0,False,False,11.0,False,False,same_region,0,0,0,-11.8,14.8,-26.6,-13.3,-5.5,11.5,-17.0,-8.5,628,1,0
401585231,2024-01-21,Houston Rockets,Boston Celtics,107,116,2024,-9,223,0.0,True,False,5.0,False,False,east_to_west,1,1,0,-10.6,5.0,-15.6,-7.8,-7.7,7.2,-14.9,-7.45,629,1,0
401585232,2024-01-21,Phoenix Suns,Indiana Pacers,117,110,2024,7,227,4.0,False,False,1.0,False,True,east_to_west,1,1,0,3.6,-3.0,6.6,3.3,4.5,2.4,2.1,1.05,630,1,0
401585233,2024-01-21,Los Angeles Lakers,Portland Trail Blazers,134,110,2024,24,244,1.0,False,False,8.0,False,False,same_region,0,0,0,-3.8,-18.2,14.399999999999999,7.199999999999999,-6.3,-19.8,13.5,6.75,631,1,0
401585228,2024-01-21,LA Clippers,Brooklyn Nets,125,114,2024,11,239,4.0,False,False,1.0,False,False,east_to_west,1,1,0,9.8,-0.2,10.0,5.0,9.9,-5.2,15.100000000000001,7.550000000000001,632,1,0
401585229,2024-01-21,Orlando Magic,Miami Heat,105,87,2024,18,192,1.0,False,False,3.0,False,False,same_region,0,0,0,-5.6,-0.8,-4.8,-2.4,-4.9,-2.4,-2.5000000000000004,-1.2500000000000002,633,1,0
401585230,2024-01-21,Washington Wizards,Denver Nuggets,104,113,2024,-9,217,0.0,True,False,1.0,False,False,west_to_east,1,0,1,0.0,0.8,-0.8,-0.4,-9.1,1.4,-10.5,-5.25,634,1,0
401585237,2024-01-22,Toronto Raptors,Memphis Grizzlies,100,108,2024,-8,208,3.0,False,False,1.0,False,False,west_to_east,1,0,1,-9.8,-11.2,1.3999999999999986,0.6999999999999993,-4.1,-1.6,-2.4999999999999996,-1.2499999999999998,635,1,0
401585234,2024-01-22,Detroit Pistons,Milwaukee Bucks,113,122,2024,-9,235,1.0,False,False,1.0,False,False,same_region,0,0,0,-5.0,2.2,-7.2,-3.6,-9.6,-2.6,-7.0,-3.5,636,1,0
401585235,2024-01-22,Orlando Magic,Cleveland Cavaliers,99,126,2024,-27,225,0.0,True,True,1.0,False,False,same_region,0,0,0,-1.4,18.0,-19.4,-9.7,-2.5,14.5,-17.0,-8.5,637,1,0
401585236,2024-01-22,Philadelphia 76ers,San Antonio Spurs,133,123,2024,10,256,5.0,False,False,1.0,False,True,west_to_east,1,0,1,11.2,-7.0,18.2,9.1,0.2,0.9,-0.7,-0.35,638,1,0
401585241,2024-01-22,Sacramento Kings,Atlanta Hawks,122,107,2024,15,229,3.0,False,False,2.0,False,False,east_to_west,1,1,0,-0.4,-7.2,6.8,3.4,-1.3,-8.5,7.2,3.6,639,1,0
401585240,2024-01-22,Phoenix Suns,Chicago Bulls,115,113,2024,2,228,0.0,True,False,3.0,False,False,east_to_west,1,1,0,10.4,2.8,7.6000000000000005,3.8000000000000003,4.7,1.0,3.7,1.85,640,1,0
401585238,2024-01-22,Minnesota Timberwolves,Charlotte Hornets,125,128,2024,-3,253,1.0,False,False,4.0,False,False,east_to_west,1,1,0,8.8,-15.4,24.200000000000003,12.100000000000001,6.7,-13.3,20.0,10.0,641,1,0
401585239,2024-01-22,Dallas Mavericks,Boston Celtics,110,119,2024,-9,229,6.0,False,False,0.0,True,False,east_to_west,1,1,0,-7.0,13.4,-20.4,-10.2,1.0,8.5,-7.5,-3.75,642,1,0
401585242,2024-01-23,Indiana Pacers,Denver Nuggets,109,114,2024,-5,223,12.0,False,False,1.0,False,False,west_to_east,1,0,1,-8.0,5.2,-13.2,-6.6,0.5,4.9,-4.4,-2.2,643,1,0
401585243,2024-01-23,Brooklyn Nets,New York Knicks,103,108,2024,-5,211,7.0,False,False,9.0,False,False,same_region,0,0,0,-1.0,10.6,-11.6,-5.8,-5.7,14.5,-20.2,-10.1,644,1,0
401585246,2024-01-23,LA Clippers,Los Angeles Lakers,127,116,2024,11,243,1.0,False,False,9.0,False,False,same_region,0,0,0,6.6,4.6,2.0,1.0,9.9,-1.9,11.8,5.9,645,1,0
401585245,2024-01-23,Oklahoma City Thunder,Portland Trail Blazers,111,109,2024,2,220,9.0,False,False,1.0,False,False,same_region,0,0,0,0.8,-10.6,11.4,5.7,7.0,-20.1,27.1,13.55,646,1,0
401585244,2024-01-23,New Orleans Pelicans,Utah Jazz,153,124,2024,29,277,3.0,False,False,2.0,False,False,same_region,0,0,0,-0.2,12.0,-12.2,-6.1,9.0,7.7,1.2999999999999998,0.6499999999999999,647,1,0
401585251,2024-01-24,Houston Rockets,Portland Trail Blazers,131,137,2024,-6,268,2.0,False,False,0.0,True,True,same_region,0,0,0,-12.8,-6.4,-6.4,-3.2,-9.7,-17.4,7.699999999999999,3.8499999999999996,648,1,0
401585254,2024-01-24,Golden State Warriors,Atlanta Hawks,134,112,2024,22,246,13.0,False,False,1.0,False,False,east_to_west,1,1,0,-12.4,-4.6,-7.800000000000001,-3.9000000000000004,-7.7,-10.3,2.6000000000000005,1.3000000000000003,649,1,0
401585252,2024-01-24,Milwaukee Bucks,Cleveland Cavaliers,126,116,2024,10,242,9.0,False,False,1.0,False,False,same_region,0,0,0,-2.6,23.0,-25.6,-12.8,-0.8,16.9,-17.7,-8.85,650,1,0
401585250,2024-01-24,San Antonio Spurs,Oklahoma City Thunder,114,140,2024,-26,254,10.0,False,False,3.0,False,False,same_region,0,0,0,-7.8,-1.2,-6.6,-3.3,0.7,7.5,-6.8,-3.4,651,1,0
401585247,2024-01-24,Detroit Pistons,Charlotte Hornets,113,106,2024,7,219,1.0,False,False,1.0,False,False,same_region,0,0,0,-2.4,-7.6,5.199999999999999,2.5999999999999996,-8.2,-11.2,3.0,1.5,652,1,0
401585248,2024-01-24,Washington Wizards,Minnesota Timberwolves,107,118,2024,-11,225,2.0,False,False,6.0,False,False,west_to_east,1,0,1,-0.2,3.6,-3.8000000000000003,-1.9000000000000001,-9.6,7.5,-17.1,-8.55,653,1,0
401585253,2024-01-24,Dallas Mavericks,Phoenix Suns,109,132,2024,-23,241,1.0,False,False,4.0,False,False,same_region,0,0,0,-5.4,7.2,-12.600000000000001,-6.300000000000001,-0.9,2.8,-3.6999999999999997,-1.8499999999999999,654,1,0
401585249,2024-01-24,Miami Heat,Memphis Grizzlies,96,105,2024,-9,201,4.0,False,False,1.0,False,False,west_to_east,1,0,1,-5.0,-7.8,2.8,1.4,-2.5,-1.6,-0.8999999999999999,-0.44999999999999996,655,1,0
401585261,2024-01-25,Los Angeles Lakers,Chicago Bulls,141,132,2024,9,273,3.0,False,False,2.0,False,False,east_to_west,1,1,0,3.8,4.2,-0.40000000000000036,-0.20000000000000018,-1.6,2.1,-3.7,-1.85,656,1,0
401585257,2024-01-25,Brooklyn Nets,Minnesota Timberwolves,94,96,2024,-2,190,1.0,False,False,0.0,True,False,west_to_east,1,0,1,-0.2,5.0,-5.2,-2.6,-4.6,5.9,-10.5,-5.25,657,1,0
401585258,2024-01-25,Miami Heat,Boston Celtics,110,143,2024,-33,253,0.0,True,False,2.0,False,False,same_region,0,0,0,-10.2,8.8,-19.0,-9.5,-4.8,6.5,-11.3,-5.65,658,1,0
401585260,2024-01-25,Golden State Warriors,Sacramento Kings,133,134,2024,-1,267,0.0,True,False,8.0,False,False,same_region,0,0,0,-5.0,-2.4,-2.6,-1.3,-4.3,0.9,-5.2,-2.6,659,1,0
401585259,2024-01-25,New York Knicks,Denver Nuggets,122,84,2024,38,206,4.0,False,False,1.0,False,False,west_to_east,1,0,1,9.2,3.8,5.3999999999999995,2.6999999999999997,13.4,3.6,9.8,4.9,660,1,0
401585255,2024-01-25,Indiana Pacers,Philadelphia 76ers,134,122,2024,12,256,1.0,False,False,4.0,False,False,same_region,0,0,0,-7.4,9.4,-16.8,-8.4,-3.4,2.5,-5.9,-2.95,661,1,0
401585256,2024-01-25,Washington Wizards,Utah Jazz,108,123,2024,-15,231,0.0,True,False,1.0,False,False,west_to_east,1,0,1,-8.0,-0.2,-7.8,-3.9,-6.8,4.2,-11.0,-5.5,662,1,0
401585269,2024-01-26,San Antonio Spurs,Portland Trail Blazers,116,100,2024,16,216,1.0,False,False,1.0,False,True,same_region,0,0,0,-11.0,-3.0,-8.0,-4.0,-1.5,-13.2,11.7,5.85,663,1,0
401585268,2024-01-26,New Orleans Pelicans,Oklahoma City Thunder,83,107,2024,-24,190,2.0,False,False,1.0,False,False,same_region,0,0,0,8.0,5.4,2.5999999999999996,1.2999999999999998,9.2,11.0,-1.8000000000000007,-0.9000000000000004,664,1,0
401585267,2024-01-26,Milwaukee Bucks,Cleveland Cavaliers,100,112,2024,-12,212,1.0,False,False,1.0,False,False,same_region,0,0,0,-2.8,19.2,-22.0,-11.0,1.4,16.7,-15.299999999999999,-7.6499999999999995,665,1,0
401585266,2024-01-26,Memphis Grizzlies,Orlando Magic,107,106,2024,1,213,10.0,False,False,8.0,False,False,east_to_west,1,1,0,-3.6,-4.4,0.8000000000000003,0.40000000000000013,-0.2,-4.9,4.7,2.35,666,1,0
401585265,2024-01-26,Toronto Raptors,LA Clippers,107,127,2024,-20,234,3.0,False,False,11.0,False,False,west_to_east,1,0,1,-5.0,7.6,-12.6,-6.3,-5.4,9.3,-14.700000000000001,-7.3500000000000005,667,1,0
401585264,2024-01-26,Indiana Pacers,Phoenix Suns,133,131,2024,2,264,0.0,True,True,1.0,False,False,west_to_east,1,0,1,0.4,9.6,-9.2,-4.6,-0.5,6.0,-6.5,-3.25,668,1,0
401585263,2024-01-26,Charlotte Hornets,Houston Rockets,104,138,2024,-34,242,5.0,False,False,8.0,False,False,west_to_east,1,0,1,-5.6,-7.6,2.0,1.0,-12.6,-7.6,-5.0,-2.5,669,1,0
401585262,2024-01-26,Atlanta Hawks,Dallas Mavericks,143,148,2024,-5,291,5.0,False,False,8.0,False,False,west_to_east,1,0,1,-11.0,-10.8,-0.1999999999999993,-0.09999999999999964,-9.1,0.5,-9.6,-4.8,670,1,0
401585278,2024-01-27,Golden State Warriors,Los Angeles Lakers,144,145,2024,-1,289,1.0,False,True,3.0,False,False,same_region,0,0,0,2.0,4.2,-2.2,-1.1,-3.4,0.7,-4.1,-2.05,671,1,0
401585271,2024-01-27,New York Knicks,Miami Heat,125,109,2024,16,234,1.0,False,False,5.0,False,False,same_region,0,0,0,17.6,-17.0,34.6,17.3,13.6,-6.5,20.1,10.05,672,1,0
401585272,2024-01-27,Denver Nuggets,Philadelphia 76ers,111,105,2024,6,216,12.0,False,False,1.0,False,False,east_to_west,1,1,0,-5.4,5.2,-10.600000000000001,-5.300000000000001,-0.5,0.0,-0.5,-0.25,673,1,0
401585273,2024-01-27,Brooklyn Nets,Houston Rockets,106,104,2024,2,210,1.0,False,False,0.0,True,False,west_to_east,1,0,1,-0.4,1.0,-1.4,-0.7,-2.1,-4.6,2.4999999999999996,1.2499999999999998,674,1,0
401585270,2024-01-27,Detroit Pistons,Washington Wizards,104,118,2024,-14,222,2.0,False,False,8.0,False,False,same_region,0,0,0,-0.6,-8.6,8.0,4.0,-6.9,-5.9,-1.0,-0.5,675,1,0
401585275,2024-01-27,Charlotte Hornets,Utah Jazz,122,134,2024,-12,256,0.0,True,False,1.0,False,False,west_to_east,1,0,1,-8.4,1.4,-9.8,-4.9,-14.7,8.6,-23.299999999999997,-11.649999999999999,676,1,0
401585276,2024-01-27,Milwaukee Bucks,New Orleans Pelicans,141,117,2024,24,258,0.0,True,True,11.0,False,False,west_to_east,1,0,1,-5.4,1.2,-6.6000000000000005,-3.3000000000000003,-0.2,5.7,-5.9,-2.95,677,1,0
401585277,2024-01-27,San Antonio Spurs,Minnesota Timberwolves,113,112,2024,1,225,0.0,True,True,1.0,False,True,same_region,0,0,0,-4.0,4.0,-8.0,-4.0,0.3,6.8,-6.5,-3.25,678,1,0
401585274,2024-01-27,Boston Celtics,LA Clippers,96,115,2024,-19,211,7.0,False,False,0.0,True,False,west_to_east,1,0,1,13.6,9.8,3.799999999999999,1.8999999999999995,8.1,10.4,-2.3000000000000007,-1.1500000000000004,679,1,0
401585279,2024-01-27,Dallas Mavericks,Sacramento Kings,115,120,2024,-5,235,2.0,False,False,1.0,False,False,same_region,0,0,0,-7.8,1.6,-9.4,-4.7,-1.9,0.7,-2.5999999999999996,-1.2999999999999998,680,1,0
401585280,2024-01-28,Indiana Pacers,Memphis Grizzlies,116,110,2024,6,226,1.0,False,True,3.0,False,False,west_to_east,1,0,1,-0.2,-5.2,5.0,2.5,-0.5,-1.5,1.0,0.5,681,1,0
401585282,2024-01-28,Detroit Pistons,Oklahoma City Thunder,120,104,2024,16,224,0.0,True,False,1.0,False,False,west_to_east,1,0,1,-5.8,12.4,-18.2,-9.1,-7.9,12.6,-20.5,-10.25,682,1,0
401585283,2024-01-28,Orlando Magic,Phoenix Suns,113,98,2024,15,211,5.0,False,False,1.0,False,False,west_to_east,1,0,1,-5.4,8.8,-14.200000000000001,-7.1000000000000005,-5.2,4.2,-9.4,-4.7,683,1,0
401585284,2024-01-28,Portland Trail Blazers,Chicago Bulls,96,104,2024,-8,200,8.0,False,False,2.0,False,False,east_to_west,1,1,0,-6.6,1.2,-7.8,-3.9,-15.5,2.8,-18.3,-9.15,684,1,0
401585281,2024-01-28,Atlanta Hawks,Toronto Raptors,126,125,2024,1,251,1.0,False,False,7.0,False,False,same_region,0,0,0,-12.4,-7.2,-5.2,-2.6,-8.9,-6.9,-2.0,-1.0,685,1,0
401585287,2024-01-29,Boston Celtics,New Orleans Pelicans,118,112,2024,6,230,1.0,False,False,1.0,False,False,west_to_east,1,0,1,6.0,-2.6,8.6,4.3,6.4,4.9,1.5,0.75,686,1,0
401585285,2024-01-29,Charlotte Hornets,New York Knicks,92,113,2024,-21,205,1.0,False,True,5.0,False,False,same_region,0,0,0,-11.6,17.8,-29.4,-14.7,-15.2,13.6,-28.799999999999997,-14.399999999999999,687,1,0
401585288,2024-01-29,Brooklyn Nets,Utah Jazz,147,114,2024,33,261,1.0,False,False,1.0,False,False,west_to_east,1,0,1,0.4,-1.6,2.0,1.0,-0.8,8.7,-9.5,-4.75,688,1,0
401585289,2024-01-29,Miami Heat,Phoenix Suns,105,118,2024,-13,223,3.0,False,False,0.0,True,True,west_to_east,1,0,1,-15.4,3.0,-18.4,-9.2,-8.8,3.3,-12.100000000000001,-6.050000000000001,689,1,0
401585290,2024-01-29,Houston Rockets,Los Angeles Lakers,135,119,2024,16,254,4.0,False,False,1.0,False,False,same_region,0,0,0,3.6,1.0,2.6,1.3,-4.1,0.5,-4.6,-2.3,690,1,0
401585286,2024-01-29,Cleveland Cavaliers,LA Clippers,118,108,2024,10,226,11.0,False,False,1.0,False,True,west_to_east,1,0,1,18.0,14.4,3.5999999999999996,1.7999999999999998,18.2,10.7,7.5,3.75,691,1,0
401585296,2024-01-29,Portland Trail Blazers,Philadelphia 76ers,130,104,2024,26,234,0.0,True,False,1.0,False,False,east_to_west,1,1,0,-8.8,3.0,-11.8,-5.9,-13.5,3.0,-16.5,-8.25,692,1,0
401585293,2024-01-29,San Antonio Spurs,Washington Wizards,113,118,2024,-5,231,1.0,False,True,1.0,False,False,east_to_west,1,1,0,-3.0,-5.0,2.0,1.0,-1.8,-2.9,1.0999999999999999,0.5499999999999999,693,1,0
401585294,2024-01-29,Dallas Mavericks,Orlando Magic,131,129,2024,2,260,1.0,False,False,2.0,False,False,east_to_west,1,1,0,-9.8,-2.0,-7.800000000000001,-3.9000000000000004,-6.0,-4.4,-1.5999999999999996,-0.7999999999999998,694,1,0
401585295,2024-01-29,Denver Nuggets,Milwaukee Bucks,113,107,2024,6,220,1.0,False,False,6.0,False,False,east_to_west,1,1,0,-3.2,7.4,-10.600000000000001,-5.300000000000001,0.3,2.6,-2.3000000000000003,-1.1500000000000001,695,1,0
401585291,2024-01-29,Memphis Grizzlies,Sacramento Kings,94,103,2024,-9,197,2.0,False,False,1.0,False,False,same_region,0,0,0,-3.4,2.8,-6.199999999999999,-3.0999999999999996,-2.7,0.7,-3.4000000000000004,-1.7000000000000002,696,1,0
401585292,2024-01-29,Oklahoma City Thunder,Minnesota Timberwolves,101,107,2024,-6,208,5.0,False,False,1.0,False,False,same_region,0,0,0,8.2,0.8,7.3999999999999995,3.6999999999999997,10.2,4.6,5.6,2.8,697,1,0
401585301,2024-01-30,Golden State Warriors,Philadelphia 76ers,119,107,2024,12,226,2.0,False,False,0.0,True,True,east_to_west,1,1,0,0.0,-5.2,5.2,2.6,-4.1,1.5,-5.6,-2.8,698,1,0
401585297,2024-01-30,Atlanta Hawks,Los Angeles Lakers,138,122,2024,16,260,1.0,False,False,0.0,True,True,west_to_east,1,0,1,-12.4,1.4,-13.8,-6.9,-9.5,-1.2,-8.3,-4.15,699,1,0
401585300,2024-01-30,Chicago Bulls,Toronto Raptors,107,118,2024,-11,225,9.0,False,False,1.0,False,False,same_region,0,0,0,6.4,-12.2,18.6,9.3,2.3,-8.5,10.8,5.4,700,1,0
401585298,2024-01-30,Boston Celtics,Indiana Pacers,129,124,2024,5,253,0.0,True,True,8.0,False,False,same_region,0,0,0,7.6,1.6,6.0,3.0,6.3,-0.7,7.0,3.5,701,1,0
401585299,2024-01-30,New York Knicks,Utah Jazz,118,103,2024,15,221,2.0,False,False,0.0,True,True,west_to_east,1,0,1,21.2,-7.2,28.4,14.2,12.9,3.8,9.100000000000001,4.550000000000001,702,1,0
401585304,2024-01-31,Washington Wizards,LA Clippers,109,125,2024,-16,234,5.0,False,False,1.0,False,False,west_to_east,1,0,1,-3.2,10.2,-13.399999999999999,-6.699999999999999,-1.6,10.0,-11.6,-5.8,703,1,0
401585310,2024-01-31,Oklahoma City Thunder,Denver Nuggets,105,100,2024,5,205,1.0,False,False,5.0,False,False,same_region,0,0,0,6.0,-2.4,8.4,4.2,3.4,-0.8,4.2,2.1,704,1,0
401585303,2024-01-31,Cleveland Cavaliers,Detroit Pistons,128,121,2024,7,249,1.0,False,False,15.0,False,False,same_region,0,0,0,12.0,-1.2,13.2,6.6,15.3,-4.6,19.9,9.95,705,1,0
401585306,2024-01-31,Miami Heat,Sacramento Kings,115,106,2024,9,221,1.0,False,False,1.0,False,False,west_to_east,1,0,1,-17.8,5.0,-22.8,-11.4,-9.3,4.9,-14.200000000000001,-7.1000000000000005,706,1,0
401585311,2024-01-31,Portland Trail Blazers,Milwaukee Bucks,119,116,2024,3,235,1.0,False,True,1.0,False,False,east_to_west,1,1,0,1.2,5.0,-3.8,-1.9,-4.7,3.6,-8.3,-4.15,707,1,0
401585308,2024-01-31,Minnesota Timberwolves,Dallas Mavericks,121,87,2024,34,208,8.0,False,False,4.0,False,False,same_region,0,0,0,3.0,-6.0,9.0,4.5,5.9,-6.5,12.4,6.2,708,1,0
401585309,2024-01-31,San Antonio Spurs,Orlando Magic,98,108,2024,-10,206,1.0,False,False,1.0,False,False,east_to_west,1,1,0,-4.8,0.6,-5.3999999999999995,-2.6999999999999997,-5.9,-2.5,-3.4000000000000004,-1.7000000000000002,709,1,0
401585307,2024-01-31,Houston Rockets,New Orleans Pelicans,99,110,2024,-11,209,1.0,False,False,1.0,False,False,same_region,0,0,0,6.6,-7.8,14.399999999999999,7.199999999999999,-2.0,1.0,-3.0,-1.5,710,1,0
401585305,2024-01-31,Brooklyn Nets,Phoenix Suns,120,136,2024,-16,256,1.0,False,False,1.0,False,True,west_to_east,1,0,1,3.4,4.2,-0.8000000000000003,-0.40000000000000013,1.6,7.3,-5.699999999999999,-2.8499999999999996,711,1,0
401585302,2024-01-31,Charlotte Hornets,Chicago Bulls,110,117,2024,-7,227,1.0,False,False,2.0,False,False,same_region,0,0,0,-14.2,3.0,-17.2,-8.6,-14.8,0.5,-15.3,-7.65,712,1,0
401585314,2024-02-01,Utah Jazz,Philadelphia 76ers,124,127,2024,-3,251,13.0,False,False,1.0,False,True,east_to_west,1,1,0,-10.0,-9.2,-0.8000000000000007,-0.40000000000000036,1.0,1.0,0.0,0.0,713,2,0
401585315,2024-02-01,Memphis Grizzlies,Cleveland Cavaliers,101,108,2024,-7,209,2.0,False,False,5.0,False,False,east_to_west,1,1,0,0.6,9.2,-8.6,-4.3,-5.3,13.6,-18.9,-9.45,714,2,0
401585313,2024-02-01,New York Knicks,Indiana Pacers,109,105,2024,4,214,1.0,False,False,1.0,False,False,same_region,0,0,0,19.0,2.0,17.0,8.5,14.8,-3.0,17.8,8.9,715,2,0
401585312,2024-02-01,Boston Celtics,Los Angeles Lakers,105,114,2024,-9,219,1.0,False,True,1.0,False,True,west_to_east,1,0,1,6.8,-6.6,13.399999999999999,6.699999999999999,10.1,-1.0,11.1,5.55,716,2,0
401585319,2024-02-02,Indiana Pacers,Sacramento Kings,122,133,2024,-11,255,4.0,False,False,1.0,False,False,west_to_east,1,0,1,2.2,4.2,-2.0,-1.0,-2.6,1.9,-4.5,-2.25,717,2,0
401585316,2024-02-02,Detroit Pistons,LA Clippers,125,136,2024,-11,261,4.0,False,False,1.0,False,False,west_to_east,1,0,1,-1.4,11.2,-12.6,-6.3,-3.2,8.9,-12.100000000000001,-6.050000000000001,718,2,0
401585317,2024-02-02,Washington Wizards,Miami Heat,102,110,2024,-8,212,1.0,False,False,5.0,False,False,same_region,0,0,0,-4.6,-12.4,7.800000000000001,3.9000000000000004,-2.4,-8.7,6.299999999999999,3.1499999999999995,719,2,0
401585318,2024-02-02,Atlanta Hawks,Phoenix Suns,129,120,2024,9,249,2.0,False,False,1.0,False,False,west_to_east,1,0,1,-5.0,7.0,-12.0,-6.0,-6.1,7.1,-13.2,-6.6,720,2,0
401585320,2024-02-02,Houston Rockets,Toronto Raptors,135,106,2024,29,241,1.0,False,False,2.0,False,False,east_to_west,1,1,0,6.2,-8.8,15.0,7.5,-3.3,-7.3,4.0,2.0,721,2,0
401585324,2024-02-02,San Antonio Spurs,New Orleans Pelicans,113,114,2024,-1,227,1.0,False,False,1.0,False,False,same_region,0,0,0,-4.8,-2.8,-2.0,-1.0,-6.3,-1.5,-4.8,-2.4,722,2,0
401585325,2024-02-02,Denver Nuggets,Portland Trail Blazers,120,108,2024,12,228,3.0,False,False,6.0,False,False,same_region,0,0,0,-5.2,2.2,-7.4,-3.7,0.0,-2.1,2.1,1.05,723,2,0
401585321,2024-02-02,Memphis Grizzlies,Golden State Warriors,101,121,2024,-20,222,0.0,True,False,17.0,False,False,same_region,0,0,0,-2.4,4.6,-7.0,-3.5,-5.1,-2.6,-2.4999999999999996,-1.2499999999999998,724,2,0
401585323,2024-02-02,Oklahoma City Thunder,Charlotte Hornets,126,106,2024,20,232,1.0,False,False,8.0,False,False,east_to_west,1,1,0,6.6,-16.2,22.799999999999997,11.399999999999999,2.7,-11.9,14.600000000000001,7.300000000000001,725,2,0
401585322,2024-02-02,Minnesota Timberwolves,Orlando Magic,106,108,2024,-2,214,1.0,False,False,1.0,False,False,east_to_west,1,1,0,10.4,-1.0,11.4,5.7,7.0,-1.2,8.2,4.1,726,2,0
401585331,2024-02-03,San Antonio Spurs,Cleveland Cavaliers,101,117,2024,-16,218,0.0,True,True,1.0,False,False,east_to_west,1,1,0,0.2,5.2,-5.0,-2.5,-5.4,14.1,-19.5,-9.75,727,2,0
401585330,2024-02-03,Dallas Mavericks,Milwaukee Bucks,117,129,2024,-12,246,4.0,False,False,2.0,False,False,east_to_west,1,1,0,-11.0,2.6,-13.6,-6.8,-8.2,0.0,-8.2,-4.1,728,2,0
401585329,2024-02-03,New York Knicks,Los Angeles Lakers,105,113,2024,-8,218,1.0,False,False,1.0,False,False,west_to_east,1,0,1,18.8,-2.6,21.400000000000002,10.700000000000001,14.0,0.6,13.4,6.7,729,2,0
401585328,2024-02-03,Chicago Bulls,Sacramento Kings,115,123,2024,-8,238,3.0,False,False,0.0,True,True,west_to_east,1,0,1,-1.4,3.4,-4.8,-2.4,0.7,0.5,0.19999999999999996,0.09999999999999998,730,2,0
401585327,2024-02-03,Atlanta Hawks,Golden State Warriors,141,134,2024,7,275,0.0,True,False,0.0,True,False,west_to_east,1,0,1,-0.2,10.4,-10.6,-5.3,-2.4,-1.0,-1.4,-0.7,731,2,0
401585326,2024-02-03,Philadelphia 76ers,Brooklyn Nets,121,136,2024,-15,257,11.0,False,False,12.0,False,False,same_region,0,0,0,-10.6,2.4,-13.0,-6.5,-0.6,0.7,-1.2999999999999998,-0.6499999999999999,732,2,0
401585340,2024-02-04,Denver Nuggets,Portland Trail Blazers,112,103,2024,9,215,1.0,False,False,1.0,False,False,same_region,0,0,0,-3.8,-1.4,-2.4,-1.2,0.0,-2.2,2.2,1.1,733,2,0
401585333,2024-02-04,Washington Wizards,Phoenix Suns,112,140,2024,-28,252,1.0,False,False,1.0,False,False,west_to_east,1,0,1,-4.0,0.6,-4.6,-2.3,-6.0,5.1,-11.1,-5.55,734,2,0
401585334,2024-02-04,Boston Celtics,Memphis Grizzlies,131,91,2024,40,222,2.0,False,False,6.0,False,False,west_to_east,1,0,1,3.2,-8.2,11.399999999999999,5.699999999999999,6.0,-5.9,11.9,5.95,735,2,0
401585335,2024-02-04,Charlotte Hornets,Indiana Pacers,99,115,2024,-16,214,3.0,False,False,2.0,False,False,same_region,0,0,0,-18.8,-2.4,-16.400000000000002,-8.200000000000001,-12.2,-1.0,-11.2,-5.6,736,2,0
401585336,2024-02-04,Miami Heat,LA Clippers,95,103,2024,-8,198,3.0,False,False,1.0,False,False,west_to_east,1,0,1,-9.0,11.2,-20.2,-10.1,-9.6,9.4,-19.0,-9.5,737,2,0
401585337,2024-02-04,Minnesota Timberwolves,Houston Rockets,111,90,2024,21,201,1.0,False,False,7.0,False,False,same_region,0,0,0,7.8,13.2,-5.3999999999999995,-2.6999999999999997,6.4,2.8,3.6000000000000005,1.8000000000000003,738,2,0
401585338,2024-02-04,Oklahoma City Thunder,Toronto Raptors,135,127,2024,8,262,1.0,False,False,1.0,False,False,east_to_west,1,1,0,5.4,-9.4,14.8,7.4,5.4,-9.6,15.0,7.5,739,2,0
401585339,2024-02-04,Utah Jazz,Milwaukee Bucks,123,108,2024,15,231,2.0,False,False,0.0,True,False,east_to_west,1,1,0,-4.8,3.0,-7.8,-3.9,-2.5,0.1,-2.6,-1.3,740,2,0
401585332,2024-02-04,Detroit Pistons,Orlando Magic,99,111,2024,-12,210,1.0,False,False,1.0,False,False,same_region,0,0,0,-1.8,4.8,-6.6,-3.3,-2.1,0.2,-2.3000000000000003,-1.1500000000000001,741,2,0
401585342,2024-02-05,Cleveland Cavaliers,Sacramento Kings,136,110,2024,26,246,4.0,False,False,1.0,False,True,west_to_east,1,0,1,10.4,4.8,5.6000000000000005,2.8000000000000003,14.8,3.2,11.600000000000001,5.800000000000001,742,2,0
401585341,2024-02-05,Charlotte Hornets,Los Angeles Lakers,118,124,2024,-6,242,0.0,True,False,1.0,False,False,west_to_east,1,0,1,-15.2,-2.8,-12.399999999999999,-6.199999999999999,-11.8,0.7,-12.5,-6.25,743,2,0
401585343,2024-02-05,Philadelphia 76ers,Dallas Mavericks,102,118,2024,-16,220,1.0,False,False,4.0,False,False,west_to_east,1,0,1,-11.2,-8.8,-2.3999999999999986,-1.1999999999999993,-3.0,-9.8,6.800000000000001,3.4000000000000004,744,2,0
401585344,2024-02-05,Atlanta Hawks,LA Clippers,144,149,2024,-5,293,1.0,False,True,0.0,True,True,west_to_east,1,0,1,5.6,8.8,-3.200000000000001,-1.6000000000000005,-2.7,9.3,-12.0,-6.0,745,2,0
401585346,2024-02-05,New Orleans Pelicans,Toronto Raptors,138,100,2024,38,238,9.0,False,False,0.0,True,True,east_to_west,1,1,0,-8.4,-9.4,1.0,0.5,-0.2,-7.2,7.0,3.5,746,2,0
401585345,2024-02-05,Brooklyn Nets,Golden State Warriors,98,109,2024,-11,207,4.0,False,False,1.0,False,True,west_to_east,1,0,1,6.4,4.6,1.8000000000000007,0.9000000000000004,3.1,-0.2,3.3000000000000003,1.6500000000000001,747,2,0
401585353,2024-02-06,Phoenix Suns,Milwaukee Bucks,114,106,2024,8,220,14.0,False,False,1.0,False,True,east_to_west,1,1,0,6.6,2.4,4.199999999999999,2.0999999999999996,7.7,-1.5,9.2,4.6,748,2,0
401585352,2024-02-06,Utah Jazz,Oklahoma City Thunder,124,117,2024,7,241,1.0,False,False,8.0,False,False,same_region,0,0,0,-4.8,2.2,-7.0,-3.5,-1.7,7.3,-9.0,-4.5,749,2,0
401585351,2024-02-06,Chicago Bulls,Minnesota Timberwolves,129,123,2024,6,252,2.0,False,False,7.0,False,False,west_to_east,1,0,1,-2.6,11.6,-14.2,-7.1,0.8,7.8,-7.0,-3.5,750,2,0
401585350,2024-02-06,New York Knicks,Memphis Grizzlies,123,113,2024,10,236,2.0,False,False,1.0,False,False,west_to_east,1,0,1,9.6,-16.4,26.0,13.0,13.6,-10.8,24.4,12.2,751,2,0
401585349,2024-02-06,Miami Heat,Orlando Magic,121,95,2024,26,216,1.0,False,False,1.0,False,False,same_region,0,0,0,-4.0,7.4,-11.4,-5.7,-10.5,1.0,-11.5,-5.75,752,2,0
401585348,2024-02-06,Brooklyn Nets,Dallas Mavericks,107,119,2024,-12,226,0.0,True,False,0.0,True,False,west_to_east,1,0,1,4.6,-6.6,11.2,5.6,2.1,-7.2,9.3,4.65,753,2,0
401585347,2024-02-06,Indiana Pacers,Houston Rockets,132,129,2024,3,261,3.0,False,False,1.0,False,False,west_to_east,1,0,1,0.4,2.2,-1.8000000000000003,-0.9000000000000001,0.1,1.6,-1.5,-0.75,754,2,0
401585359,2024-02-07,LA Clippers,New Orleans Pelicans,106,117,2024,-11,223,14.0,False,False,4.0,False,False,same_region,0,0,0,6.0,4.0,2.0,1.0,10.2,2.6,7.6,3.8,755,2,0
401585356,2024-02-07,Washington Wizards,Cleveland Cavaliers,106,114,2024,-8,220,2.0,False,False,3.0,False,False,same_region,0,0,0,-6.6,13.2,-19.799999999999997,-9.899999999999999,-7.6,15.6,-23.2,-11.6,756,2,0
401585355,2024-02-07,Philadelphia 76ers,Golden State Warriors,104,127,2024,-23,231,1.0,False,False,1.0,False,False,west_to_east,1,0,1,-13.2,7.0,-20.2,-10.1,-5.1,4.5,-9.6,-4.8,757,2,0
401585357,2024-02-07,Boston Celtics,Atlanta Hawks,125,117,2024,8,242,2.0,False,False,13.0,False,False,same_region,0,0,0,4.6,5.6,-1.0,-0.5,9.1,-3.4,12.5,6.25,758,2,0
401585358,2024-02-07,Miami Heat,San Antonio Spurs,116,104,2024,12,220,0.0,True,True,15.0,False,False,west_to_east,1,0,1,4.4,-6.2,10.600000000000001,5.300000000000001,-5.5,-5.1,-0.40000000000000036,-0.20000000000000018,759,2,0
401585360,2024-02-07,Sacramento Kings,Detroit Pistons,120,133,2024,-13,253,15.0,False,False,6.0,False,False,east_to_west,1,1,0,-1.4,-5.6,4.199999999999999,2.0999999999999996,0.7,-3.1,3.8,1.9,760,2,0
401585354,2024-02-07,Charlotte Hornets,Toronto Raptors,117,123,2024,-6,240,1.0,False,True,1.0,False,True,same_region,0,0,0,-14.0,-13.0,-1.0,-0.5,-12.8,-10.1,-2.700000000000001,-1.3500000000000005,761,2,0
401585362,2024-02-08,Orlando Magic,San Antonio Spurs,127,111,2024,16,238,10.0,False,False,0.0,True,False,west_to_east,1,0,1,-0.8,-8.8,8.0,4.0,-1.4,-5.9,4.5,2.25,762,2,0
401585368,2024-02-08,Los Angeles Lakers,Denver Nuggets,106,114,2024,-8,220,13.0,False,False,7.0,False,False,same_region,0,0,0,-1.8,5.6,-7.3999999999999995,-3.6999999999999997,-0.4,0.1,-0.5,-0.25,763,2,0
401585363,2024-02-08,Brooklyn Nets,Cleveland Cavaliers,95,118,2024,-23,213,1.0,False,True,0.0,True,False,same_region,0,0,0,1.8,12.8,-11.0,-5.5,1.1,12.4,-11.3,-5.65,764,2,0
401585364,2024-02-08,New York Knicks,Dallas Mavericks,108,122,2024,-14,230,1.0,False,False,1.0,False,True,west_to_east,1,0,1,8.4,-3.2,11.600000000000001,5.800000000000001,13.1,-6.5,19.6,9.8,765,2,0
401585365,2024-02-08,Memphis Grizzlies,Chicago Bulls,110,118,2024,-8,228,5.0,False,False,7.0,False,False,east_to_west,1,1,0,-17.2,0.4,-17.599999999999998,-8.799999999999999,-10.3,0.8,-11.100000000000001,-5.550000000000001,766,2,0
401585366,2024-02-08,Milwaukee Bucks,Minnesota Timberwolves,105,129,2024,-24,234,11.0,False,False,1.0,False,False,west_to_east,1,0,1,-4.0,10.6,-14.6,-7.3,1.7,5.7,-4.0,-2.0,767,2,0
401585369,2024-02-08,Portland Trail Blazers,Detroit Pistons,122,128,2024,-6,250,7.0,False,False,0.0,True,False,east_to_west,1,1,0,0.0,-0.2,0.2,0.1,-3.3,-3.0,-0.2999999999999998,-0.1499999999999999,768,2,0
401585367,2024-02-08,Phoenix Suns,Utah Jazz,129,115,2024,14,244,1.0,False,False,8.0,False,False,same_region,0,0,0,11.2,-5.8,17.0,8.5,7.1,-3.7,10.8,5.4,769,2,0
401585361,2024-02-08,Indiana Pacers,Golden State Warriors,109,131,2024,-22,240,1.0,False,False,0.0,True,True,west_to_east,1,0,1,-0.2,11.8,-12.0,-6.0,0.7,5.9,-5.2,-2.6,770,2,0
401585375,2024-02-09,Los Angeles Lakers,New Orleans Pelicans,139,122,2024,17,261,0.0,True,False,1.0,False,False,same_region,0,0,0,-0.2,11.0,-11.2,-5.6,0.6,4.2,-3.6,-1.8,771,2,0
401585374,2024-02-09,Sacramento Kings,Denver Nuggets,135,106,2024,29,241,1.0,False,False,0.0,True,False,same_region,0,0,0,-5.8,6.0,-11.8,-5.9,-0.4,1.4,-1.7999999999999998,-0.8999999999999999,772,2,0
401585373,2024-02-09,Milwaukee Bucks,Charlotte Hornets,120,84,2024,36,204,0.0,True,False,6.0,False,False,same_region,0,0,0,-7.6,-11.0,3.4000000000000004,1.7000000000000002,-1.3,-12.6,11.299999999999999,5.6499999999999995,773,2,0
401585372,2024-02-09,Toronto Raptors,Houston Rockets,107,104,2024,3,211,13.0,False,False,2.0,False,False,west_to_east,1,0,1,-11.6,2.0,-13.6,-6.8,-11.9,2.8,-14.7,-7.35,774,2,0
401585371,2024-02-09,Boston Celtics,Washington Wizards,133,129,2024,4,262,1.0,False,False,10.0,False,False,same_region,0,0,0,10.0,-11.0,21.0,10.5,8.0,-8.0,16.0,8.0,775,2,0
401585370,2024-02-09,Philadelphia 76ers,Atlanta Hawks,121,127,2024,-6,248,1.0,False,False,1.0,False,False,same_region,0,0,0,-12.6,3.8,-16.4,-8.2,-8.9,-4.3,-4.6000000000000005,-2.3000000000000003,776,2,0
401585380,2024-02-10,Orlando Magic,Chicago Bulls,114,108,2024,6,222,1.0,False,False,1.0,False,False,same_region,0,0,0,2.8,0.4,2.4,1.2,1.7,3.4,-1.7,-0.85,777,2,0
401585379,2024-02-10,Charlotte Hornets,Memphis Grizzlies,115,106,2024,9,221,2.0,False,False,3.0,False,False,west_to_east,1,0,1,-16.8,-17.0,0.1999999999999993,0.09999999999999964,-16.5,-8.2,-8.3,-4.15,778,2,0
401585377,2024-02-10,LA Clippers,Detroit Pistons,112,106,2024,6,218,2.0,False,False,1.0,False,True,east_to_west,1,1,0,5.8,-2.2,8.0,4.0,8.0,-1.7,9.7,4.85,779,2,0
401585378,2024-02-10,Brooklyn Nets,San Antonio Spurs,123,103,2024,20,226,1.0,False,False,1.0,False,True,west_to_east,1,0,1,-9.4,-11.0,1.5999999999999996,0.7999999999999998,-3.0,-7.9,4.9,2.45,780,2,0
401585381,2024-02-10,Washington Wizards,Philadelphia 76ers,113,119,2024,-6,232,2.0,False,False,8.0,False,False,same_region,0,0,0,-12.8,-11.4,-1.4000000000000004,-0.7000000000000002,-8.0,-10.3,2.3000000000000007,1.1500000000000004,781,2,0
401585376,2024-02-10,Dallas Mavericks,Oklahoma City Thunder,146,111,2024,35,257,6.0,False,False,3.0,False,False,same_region,0,0,0,-0.8,4.0,-4.8,-2.4,-3.4,6.1,-9.5,-4.75,782,2,0
401585384,2024-02-10,Toronto Raptors,Cleveland Cavaliers,95,119,2024,-24,214,0.0,True,False,1.0,False,True,same_region,0,0,0,-13.2,16.0,-29.2,-14.6,-11.0,12.6,-23.6,-11.8,783,2,0
401585385,2024-02-10,Golden State Warriors,Phoenix Suns,113,112,2024,1,225,10.0,False,False,5.0,False,False,same_region,0,0,0,13.8,11.4,2.4000000000000004,1.2000000000000002,9.2,7.8,1.3999999999999995,0.6999999999999997,784,2,0
401585386,2024-02-10,Portland Trail Blazers,New Orleans Pelicans,84,93,2024,-9,177,1.0,False,False,0.0,True,True,same_region,0,0,0,0.4,8.8,-8.4,-4.2,-4.2,0.5,-4.7,-2.35,785,2,0
401585383,2024-02-10,New York Knicks,Indiana Pacers,111,125,2024,-14,236,1.0,False,False,5.0,False,False,same_region,0,0,0,1.4,-3.6,5.0,2.5,11.3,-0.8,12.100000000000001,6.050000000000001,786,2,0
401585382,2024-02-10,Atlanta Hawks,Houston Rockets,122,113,2024,9,235,4.0,False,False,0.0,True,False,west_to_east,1,0,1,1.8,-1.8,3.6,1.8,-1.6,2.4,-4.0,-2.0,787,2,0
401585388,2024-02-11,Oklahoma City Thunder,Sacramento Kings,127,113,2024,14,240,6.0,False,False,5.0,False,False,same_region,0,0,0,-1.8,1.8,-3.6,-1.8,2.1,3.0,-0.8999999999999999,-0.44999999999999996,788,2,0
401585387,2024-02-11,Miami Heat,Boston Celtics,106,110,2024,-4,216,3.0,False,False,16.0,False,False,same_region,0,0,0,9.4,9.6,-0.1999999999999993,-0.09999999999999964,-4.2,8.6,-12.8,-6.4,789,2,0
401585396,2024-02-12,Dallas Mavericks,Washington Wizards,112,104,2024,8,216,1.0,False,False,2.0,False,False,east_to_west,1,1,0,13.0,-10.8,23.8,11.9,1.0,-7.7,8.7,4.35,790,2,0
401585389,2024-02-12,Charlotte Hornets,Indiana Pacers,111,102,2024,9,213,1.0,False,False,1.0,False,False,same_region,0,0,0,-11.0,0.0,-11.0,-5.5,-14.9,1.1,-16.0,-8.0,791,2,0
401585390,2024-02-12,Cleveland Cavaliers,Philadelphia 76ers,121,123,2024,-2,244,6.0,False,False,1.0,False,False,same_region,0,0,0,19.4,-10.8,30.2,15.1,12.3,-10.7,23.0,11.5,792,2,0
401585392,2024-02-12,Toronto Raptors,San Antonio Spurs,99,122,2024,-23,221,1.0,False,True,1.0,False,False,west_to_east,1,0,1,-12.2,-13.0,0.8000000000000007,0.40000000000000036,-10.8,-8.9,-1.9000000000000004,-0.9500000000000002,793,2,0
401585391,2024-02-12,Atlanta Hawks,Chicago Bulls,126,136,2024,-10,262,1.0,False,False,1.0,False,False,same_region,0,0,0,1.8,1.4,0.40000000000000013,0.20000000000000007,0.8,2.2,-1.4000000000000001,-0.7000000000000001,794,2,0
401585397,2024-02-12,Utah Jazz,Golden State Warriors,107,129,2024,-22,236,5.0,False,False,3.0,False,False,same_region,0,0,0,-2.0,10.0,-12.0,-6.0,-4.6,10.2,-14.799999999999999,-7.3999999999999995,795,2,0
401585395,2024-02-12,Milwaukee Bucks,Denver Nuggets,112,95,2024,17,207,2.0,False,False,2.0,False,False,west_to_east,1,0,1,0.2,-1.0,1.2,0.6,1.4,-1.7,3.0999999999999996,1.5499999999999998,796,2,0
401585398,2024-02-12,LA Clippers,Minnesota Timberwolves,100,121,2024,-21,221,1.0,False,False,3.0,False,False,same_region,0,0,0,3.8,14.2,-10.399999999999999,-5.199999999999999,7.5,8.6,-1.0999999999999996,-0.5499999999999998,797,2,0
401585393,2024-02-12,Houston Rockets,New York Knicks,105,103,2024,2,208,9.0,False,False,13.0,False,False,east_to_west,1,1,0,-1.4,-4.4,3.0000000000000004,1.5000000000000002,2.4,7.3,-4.9,-2.45,798,2,0
401585394,2024-02-12,Memphis Grizzlies,New Orleans Pelicans,87,96,2024,-9,183,3.0,False,False,1.0,False,True,same_region,0,0,0,-17.4,8.4,-25.799999999999997,-12.899999999999999,-9.9,2.8,-12.7,-6.35,799,2,0
401585400,2024-02-13,Orlando Magic,Oklahoma City Thunder,113,127,2024,-14,240,2.0,False,False,2.0,False,False,west_to_east,1,0,1,2.0,0.0,2.0,1.0,0.5,3.3,-2.8,-1.4,800,2,0
401585401,2024-02-13,Milwaukee Bucks,Miami Heat,97,123,2024,-26,220,0.0,True,False,10.0,False,False,same_region,0,0,0,1.2,6.8,-5.6,-2.8,2.1,-2.8,4.9,2.45,801,2,0
401585399,2024-02-13,Brooklyn Nets,Boston Celtics,110,118,2024,-8,228,2.0,False,False,1.0,False,False,same_region,0,0,0,-2.2,9.4,-11.600000000000001,-5.800000000000001,0.1,8.1,-8.0,-4.0,802,2,0
401585403,2024-02-13,Portland Trail Blazers,Minnesota Timberwolves,109,121,2024,-12,230,2.0,False,False,0.0,True,False,same_region,0,0,0,-6.6,11.6,-18.2,-9.1,-2.7,11.0,-13.7,-6.85,803,2,0
401585404,2024-02-13,Los Angeles Lakers,Detroit Pistons,125,111,2024,14,236,3.0,False,False,2.0,False,False,east_to_west,1,1,0,6.4,-2.0,8.4,4.2,-0.1,-1.7,1.5999999999999999,0.7999999999999999,804,2,0
401585402,2024-02-13,Phoenix Suns,Sacramento Kings,130,125,2024,5,255,4.0,False,False,1.0,False,False,same_region,0,0,0,8.0,-3.2,11.2,5.6,7.5,0.1,7.4,3.7,805,2,0
401585407,2024-02-14,Philadelphia 76ers,Miami Heat,104,109,2024,-5,213,4.0,False,False,0.0,True,False,same_region,0,0,0,-7.4,10.4,-17.8,-8.9,-9.3,0.7,-10.0,-5.0,806,2,0
401585405,2024-02-14,Charlotte Hornets,Atlanta Hawks,122,99,2024,23,221,1.0,False,False,4.0,False,False,same_region,0,0,0,-6.0,-1.6,-4.4,-2.2,-10.6,2.0,-12.6,-6.3,807,2,0
401585406,2024-02-14,Orlando Magic,New York Knicks,118,100,2024,18,218,0.0,True,False,1.0,False,False,same_region,0,0,0,-1.2,-5.6,4.3999999999999995,2.1999999999999997,1.8,6.6,-4.8,-2.4,808,2,0
401585409,2024-02-14,Cleveland Cavaliers,Chicago Bulls,108,105,2024,3,213,1.0,False,False,1.0,False,False,same_region,0,0,0,15.8,2.0,13.8,6.9,13.1,0.3,12.799999999999999,6.3999999999999995,809,2,0
401585410,2024-02-14,Toronto Raptors,Indiana Pacers,125,127,2024,-2,252,1.0,False,False,1.0,False,False,same_region,0,0,0,-15.2,0.4,-15.6,-7.8,-12.3,-1.0,-11.3,-5.65,810,2,0
401585415,2024-02-14,Phoenix Suns,Detroit Pistons,116,100,2024,16,216,0.0,True,False,0.0,True,False,east_to_west,1,1,0,10.8,-2.6,13.4,6.7,5.7,-2.2,7.9,3.95,811,2,0
401585408,2024-02-14,Boston Celtics,Brooklyn Nets,136,86,2024,50,222,4.0,False,False,10.0,False,False,same_region,0,0,0,12.8,-6.8,19.6,9.8,8.0,-0.2,8.2,4.1,812,2,0
401585413,2024-02-14,Dallas Mavericks,San Antonio Spurs,116,93,2024,23,209,1.0,False,False,1.0,False,False,same_region,0,0,0,17.0,-8.2,25.2,12.6,4.1,-4.0,8.1,4.05,813,2,0
401585414,2024-02-14,Denver Nuggets,Sacramento Kings,98,102,2024,-4,200,9.0,False,False,0.0,True,True,same_region,0,0,0,-3.4,-5.8,2.4,1.2,-4.3,-0.5,-3.8,-1.9,814,2,0
401585416,2024-02-14,Utah Jazz,Los Angeles Lakers,122,138,2024,-16,260,1.0,False,False,8.0,False,False,same_region,0,0,0,-3.4,7.4,-10.8,-5.4,-6.7,2.4,-9.1,-4.55,815,2,0
401585417,2024-02-14,Golden State Warriors,LA Clippers,125,130,2024,-5,255,3.0,False,False,8.0,False,False,same_region,0,0,0,15.8,-2.6,18.400000000000002,9.200000000000001,10.2,4.3,5.8999999999999995,2.9499999999999997,816,2,0
401585411,2024-02-14,Memphis Grizzlies,Houston Rockets,121,113,2024,8,234,1.0,False,False,3.0,False,False,same_region,0,0,0,-15.2,-6.8,-8.399999999999999,-4.199999999999999,-11.7,3.2,-14.899999999999999,-7.449999999999999,817,2,0
401585412,2024-02-14,New Orleans Pelicans,Washington Wizards,133,126,2024,7,259,8.0,False,False,1.0,False,False,east_to_west,1,1,0,10.0,-10.8,20.8,10.4,0.8,-7.4,8.200000000000001,4.1000000000000005,818,2,0
401585419,2024-02-15,Portland Trail Blazers,Minnesota Timberwolves,91,128,2024,-37,219,1.0,False,False,1.0,False,True,same_region,0,0,0,-9.6,14.4,-24.0,-12.0,-3.7,11.1,-14.8,-7.4,819,2,0
401636113,2024-02-15,Utah Jazz,Golden State Warriors,137,140,2024,-3,277,0.0,True,True,2.0,False,False,same_region,0,0,0,-6.0,12.6,-18.6,-9.3,-5.4,9.8,-15.200000000000001,-7.6000000000000005,820,2,0
401585418,2024-02-15,Memphis Grizzlies,Milwaukee Bucks,113,110,2024,3,223,0.0,True,True,8.0,False,False,east_to_west,1,1,0,-5.6,-1.0,-4.6,-2.3,-11.0,0.7,-11.7,-5.85,821,2,0
401623259,2024-02-18,Eastern Conf All-Stars,Western Conf All-Stars,211,186,2024,25,397,,False,False,,False,False,same_region,0,0,0,,,0.0,0.0,,,0.0,0.0,822,2,0
401585424,2024-02-22,Dallas Mavericks,Phoenix Suns,123,113,2024,10,236,7.0,False,False,11.0,False,False,same_region,0,0,0,18.4,8.4,9.999999999999998,4.999999999999999,5.9,7.5,-1.5999999999999996,-0.7999999999999998,823,2,0
401585426,2024-02-22,New Orleans Pelicans,Houston Rockets,127,105,2024,22,232,7.0,False,False,7.0,False,False,same_region,0,0,0,3.8,-4.2,8.0,4.0,3.9,-1.0,4.9,2.45,824,2,0
401585420,2024-02-22,Cleveland Cavaliers,Orlando Magic,109,116,2024,-7,225,7.0,False,False,15.0,False,False,same_region,0,0,0,11.2,0.0,11.2,5.6,12.2,3.7,8.5,4.25,825,2,0
401585421,2024-02-22,Indiana Pacers,Detroit Pistons,129,115,2024,14,244,13.0,False,False,7.0,False,False,same_region,0,0,0,-2.4,-3.4,1.0,0.5,-1.0,-4.5,3.5,1.75,826,2,0
401585422,2024-02-22,Philadelphia 76ers,New York Knicks,96,110,2024,-14,206,7.0,False,False,7.0,False,False,same_region,0,0,0,-5.2,-7.6,2.3999999999999995,1.1999999999999997,-9.2,1.0,-10.2,-5.1,827,2,0
401585423,2024-02-22,Toronto Raptors,Brooklyn Nets,121,93,2024,28,214,7.0,False,False,7.0,False,False,same_region,0,0,0,-8.0,-14.6,6.6,3.3,-10.5,-5.0,-5.5,-2.75,828,2,0
401585430,2024-02-22,Golden State Warriors,Los Angeles Lakers,128,110,2024,18,238,7.0,False,False,7.0,False,False,same_region,0,0,0,8.6,9.0,-0.40000000000000036,-0.20000000000000018,10.2,3.1,7.1,3.55,829,2,0
401585429,2024-02-22,Utah Jazz,Charlotte Hornets,107,115,2024,-8,222,6.0,False,False,12.0,False,False,east_to_west,1,1,0,-9.6,-0.2,-9.4,-4.7,-7.2,-7.1,-0.10000000000000053,-0.050000000000000266,830,2,0
401585425,2024-02-22,Chicago Bulls,Boston Celtics,112,129,2024,-17,241,15.0,False,False,8.0,False,False,same_region,0,0,0,3.0,14.8,-11.8,-5.9,0.2,9.7,-9.5,-4.75,831,2,0
401585427,2024-02-22,Oklahoma City Thunder,LA Clippers,129,107,2024,22,236,10.0,False,False,7.0,False,False,same_region,0,0,0,-1.2,-3.2,2.0,1.0,2.1,2.8,-0.6999999999999997,-0.34999999999999987,832,2,0
401585428,2024-02-22,Denver Nuggets,Washington Wizards,130,110,2024,20,240,7.0,False,False,7.0,False,False,east_to_west,1,1,0,-6.6,-6.6,0.0,0.0,-5.2,-6.6,1.3999999999999995,0.6999999999999997,833,2,0
401585431,2024-02-22,Sacramento Kings,San Antonio Spurs,127,122,2024,5,249,12.0,False,False,7.0,False,False,same_region,0,0,0,0.2,-9.6,9.799999999999999,4.8999999999999995,-0.6,-7.9,7.300000000000001,3.6500000000000004,834,2,0
401585433,2024-02-23,Philadelphia 76ers,Cleveland Cavaliers,104,97,2024,7,201,0.0,True,False,12.0,False,False,same_region,0,0,0,-3.4,8.2,-11.6,-5.8,-8.0,10.5,-18.5,-9.25,835,2,0
401585432,2024-02-23,Atlanta Hawks,Toronto Raptors,121,123,2024,-2,244,10.0,False,False,15.0,False,False,same_region,0,0,0,-5.2,-3.6,-1.6,-0.8,0.2,-7.6,7.8,3.9,836,2,0
401585434,2024-02-23,Houston Rockets,Phoenix Suns,114,110,2024,4,224,10.0,False,False,0.0,True,False,same_region,0,0,0,-8.0,4.8,-12.8,-6.4,-3.0,8.0,-11.0,-5.5,837,2,0
401585437,2024-02-23,Oklahoma City Thunder,Washington Wizards,147,106,2024,41,253,0.0,True,False,0.0,True,False,east_to_west,1,1,0,1.6,-9.0,10.6,5.3,1.9,-10.0,11.9,5.95,838,2,0
401585435,2024-02-23,Memphis Grizzlies,LA Clippers,95,101,2024,-6,196,7.0,False,False,0.0,True,False,same_region,0,0,0,-3.0,-8.6,5.6,2.8,-10.1,-1.3,-8.799999999999999,-4.3999999999999995,839,2,0
401585436,2024-02-23,Minnesota Timberwolves,Milwaukee Bucks,107,112,2024,-5,219,18.0,False,False,7.0,False,False,east_to_west,1,1,0,17.6,0.0,17.6,8.8,14.6,-2.0,16.6,8.3,840,2,0
401585440,2024-02-23,Portland Trail Blazers,Denver Nuggets,112,127,2024,-15,239,7.0,False,False,10.0,False,False,same_region,0,0,0,-14.6,-4.4,-10.2,-5.1,-8.0,0.6,-8.6,-4.3,841,2,0
401585441,2024-02-23,Los Angeles Lakers,San Antonio Spurs,123,118,2024,5,241,9.0,False,False,0.0,True,False,same_region,0,0,0,4.2,-8.2,12.399999999999999,6.199999999999999,1.2,-8.5,9.7,4.85,842,2,0
401585438,2024-02-23,New Orleans Pelicans,Miami Heat,95,106,2024,-11,201,0.0,True,False,8.0,False,False,east_to_west,1,1,0,6.0,13.0,-7.0,-3.5,8.5,4.5,4.0,2.0,843,2,0
401585439,2024-02-23,Golden State Warriors,Charlotte Hornets,97,84,2024,13,181,0.0,True,False,0.0,True,False,east_to_west,1,1,0,7.8,2.6,5.199999999999999,2.5999999999999996,10.8,-4.2,15.0,7.5,844,2,0
401585443,2024-02-24,Minnesota Timberwolves,Brooklyn Nets,101,86,2024,15,187,0.0,True,False,1.0,False,False,east_to_west,1,1,0,17.8,-17.8,35.6,17.8,14.2,-8.0,22.2,11.1,845,2,0
401585444,2024-02-24,New York Knicks,Boston Celtics,102,116,2024,-14,218,13.0,False,False,1.0,False,False,same_region,0,0,0,-6.8,16.6,-23.400000000000002,-11.700000000000001,0.8,13.3,-12.5,-6.25,846,2,0
401585442,2024-02-24,Detroit Pistons,Orlando Magic,109,112,2024,-3,221,19.0,False,False,1.0,False,False,same_region,0,0,0,-8.8,6.6,-15.4,-7.7,-4.5,2.9,-7.4,-3.7,847,2,0
401585447,2024-02-25,Indiana Pacers,Dallas Mavericks,133,111,2024,22,244,2.0,False,False,16.0,False,False,west_to_east,1,0,1,-0.2,18.0,-18.2,-9.1,-0.2,7.4,-7.6000000000000005,-3.8000000000000003,848,2,0
401585453,2024-02-25,Utah Jazz,San Antonio Spurs,128,109,2024,19,237,2.0,False,False,1.0,False,True,same_region,0,0,0,-12.6,-6.0,-6.6,-3.3,-9.2,-8.5,-0.6999999999999993,-0.34999999999999964,849,2,0
401585445,2024-02-25,Philadelphia 76ers,Milwaukee Bucks,98,119,2024,-21,217,1.0,False,True,1.0,False,False,same_region,0,0,0,-0.8,5.8,-6.6,-3.3,-6.1,-0.9,-5.199999999999999,-2.5999999999999996,850,2,0
401585446,2024-02-25,Phoenix Suns,Los Angeles Lakers,123,113,2024,10,236,10.0,False,False,2.0,False,False,same_region,0,0,0,1.2,6.8,-5.6,-2.8,6.3,3.3,3.0,1.5,851,2,0
401585449,2024-02-25,Atlanta Hawks,Orlando Magic,109,92,2024,17,201,1.0,False,False,0.0,True,True,same_region,0,0,0,-4.0,4.0,-8.0,-4.0,-0.1,3.4,-3.5,-1.75,852,2,0
401585452,2024-02-25,Golden State Warriors,Denver Nuggets,103,119,2024,-16,222,1.0,False,True,1.0,False,False,same_region,0,0,0,10.2,-3.0,13.2,6.6,10.1,1.5,8.6,4.3,853,2,0
401585451,2024-02-25,New Orleans Pelicans,Chicago Bulls,106,114,2024,-8,220,1.0,False,True,10.0,False,False,east_to_west,1,1,0,7.2,-1.6,8.8,4.4,8.0,-0.6,8.6,4.3,854,2,0
401585454,2024-02-25,Portland Trail Blazers,Charlotte Hornets,80,93,2024,-13,173,1.0,False,False,1.0,False,True,east_to_west,1,1,0,-15.8,7.2,-23.0,-11.5,-7.9,-4.8,-3.1000000000000005,-1.5500000000000003,855,2,0
401585455,2024-02-25,LA Clippers,Sacramento Kings,107,123,2024,-16,230,12.0,False,False,10.0,False,False,same_region,0,0,0,-5.2,3.8,-9.0,-4.5,0.3,-1.0,1.3,0.65,856,2,0
401585450,2024-02-25,Houston Rockets,Oklahoma City Thunder,110,123,2024,-13,233,1.0,False,False,11.0,False,False,same_region,0,0,0,-6.6,11.2,-17.799999999999997,-8.899999999999999,-4.2,7.6,-11.8,-5.9,857,2,0
401585448,2024-02-25,Washington Wizards,Cleveland Cavaliers,105,114,2024,-9,219,14.0,False,False,1.0,False,False,same_region,0,0,0,-16.4,2.2,-18.599999999999998,-9.299999999999999,-14.6,9.1,-23.7,-11.85,858,2,0
401585459,2024-02-26,Sacramento Kings,Miami Heat,110,121,2024,-11,231,3.0,False,False,2.0,False,False,east_to_west,1,1,0,1.2,10.0,-8.8,-4.4,1.5,7.2,-5.7,-2.85,859,2,0
401585458,2024-02-26,Memphis Grizzlies,Brooklyn Nets,86,111,2024,-25,197,2.0,False,False,1.0,False,False,east_to_west,1,1,0,-2.6,-16.2,13.6,6.8,-9.8,-12.8,3.0,1.5,860,2,0
401585456,2024-02-26,New York Knicks,Detroit Pistons,113,111,2024,2,224,1.0,False,False,3.0,False,False,same_region,0,0,0,-6.8,-10.6,3.8,1.9,-2.7,-6.4,3.7,1.85,861,2,0
401585457,2024-02-26,Indiana Pacers,Toronto Raptors,122,130,2024,-8,252,0.0,True,False,2.0,False,False,same_region,0,0,0,8.6,-3.8,12.399999999999999,6.199999999999999,2.5,-8.5,11.0,5.5,862,2,0
401585463,2024-02-27,Atlanta Hawks,Utah Jazz,124,97,2024,27,221,1.0,False,False,18.0,False,False,west_to_east,1,0,1,-1.8,-6.0,4.2,2.1,0.0,-4.0,4.0,2.0,863,2,0
401585467,2024-02-27,Chicago Bulls,Detroit Pistons,95,105,2024,-10,200,4.0,False,False,0.0,True,False,same_region,0,0,0,-1.6,-9.8,8.200000000000001,4.1000000000000005,-0.6,-5.9,5.300000000000001,2.6500000000000004,864,2,0
401585464,2024-02-27,Boston Celtics,Philadelphia 76ers,117,99,2024,18,216,12.0,False,False,14.0,False,False,same_region,0,0,0,18.6,-6.2,24.8,12.4,14.1,-8.5,22.6,11.3,865,2,0
401585461,2024-02-27,Orlando Magic,Brooklyn Nets,108,81,2024,27,189,12.0,False,False,0.0,True,True,same_region,0,0,0,-0.6,-15.2,14.6,7.3,0.7,-8.7,9.399999999999999,4.699999999999999,866,2,0
401585465,2024-02-27,New York Knicks,New Orleans Pelicans,92,115,2024,-23,207,0.0,True,True,14.0,False,False,west_to_east,1,0,1,-3.6,3.8,-7.4,-3.7,-4.0,6.1,-10.1,-5.05,867,2,0
401585466,2024-02-27,Minnesota Timberwolves,San Antonio Spurs,114,105,2024,9,219,2.0,False,False,1.0,False,False,same_region,0,0,0,16.0,-5.8,21.8,10.9,15.1,-9.4,24.5,12.25,868,2,0
401585462,2024-02-27,Washington Wizards,Golden State Warriors,112,123,2024,-11,235,1.0,False,False,11.0,False,False,west_to_east,1,0,1,-17.0,2.6,-19.6,-9.8,-13.9,9.2,-23.1,-11.55,869,2,0
401585469,2024-02-27,Oklahoma City Thunder,Houston Rockets,112,95,2024,17,207,3.0,False,False,4.0,False,False,same_region,0,0,0,20.8,-7.4,28.200000000000003,14.100000000000001,9.5,-4.4,13.9,6.95,870,2,0
401585468,2024-02-27,Milwaukee Bucks,Charlotte Hornets,123,85,2024,38,208,13.0,False,False,1.0,False,False,same_region,0,0,0,2.8,8.0,-5.2,-2.6,1.5,-1.5,3.0,1.5,871,2,0
401585470,2024-02-27,Portland Trail Blazers,Miami Heat,96,106,2024,-10,202,1.0,False,False,0.0,True,False,east_to_west,1,1,0,-17.2,9.8,-27.0,-13.5,-8.4,9.6,-18.0,-9.0,872,2,0
401585460,2024-02-27,Cleveland Cavaliers,Dallas Mavericks,121,119,2024,2,240,4.0,False,False,1.0,False,False,west_to_east,1,0,1,-0.8,10.8,-11.600000000000001,-5.800000000000001,9.3,5.0,4.300000000000001,2.1500000000000004,873,2,0
401585476,2024-02-28,LA Clippers,Los Angeles Lakers,112,116,2024,-4,228,2.0,False,False,2.0,False,False,same_region,0,0,0,-9.6,1.4,-11.0,-5.5,-2.9,3.9,-6.8,-3.4,874,2,0
401585475,2024-02-28,Denver Nuggets,Sacramento Kings,117,96,2024,21,213,5.0,False,False,2.0,False,False,same_region,0,0,0,6.0,1.8,4.2,2.1,2.5,-0.7,3.2,1.6,875,2,0
401585474,2024-02-28,Chicago Bulls,Cleveland Cavaliers,132,123,2024,9,255,0.0,True,False,2.0,False,False,same_region,0,0,0,-2.4,0.0,-2.4,-1.2,-0.5,7.9,-8.4,-4.2,876,2,0
401585473,2024-02-28,Minnesota Timberwolves,Memphis Grizzlies,110,101,2024,9,211,0.0,True,False,17.0,False,False,same_region,0,0,0,13.6,-5.8,19.4,9.7,12.6,-11.6,24.2,12.1,877,2,0
401585472,2024-02-28,Toronto Raptors,Dallas Mavericks,125,136,2024,-11,261,5.0,False,False,0.0,True,True,west_to_east,1,0,1,2.6,3.4,-0.7999999999999998,-0.3999999999999999,-4.8,8.2,-13.0,-6.5,878,2,0
401585471,2024-02-28,Indiana Pacers,New Orleans Pelicans,123,114,2024,9,237,1.0,False,True,0.0,True,False,west_to_east,1,0,1,4.2,6.6,-2.3999999999999995,-1.1999999999999997,2.1,8.3,-6.200000000000001,-3.1000000000000005,879,2,0
401585477,2024-02-29,Charlotte Hornets,Milwaukee Bucks,99,111,2024,-12,210,14.0,False,False,3.0,False,False,same_region,0,0,0,-1.4,7.0,-8.4,-4.2,-3.7,4.1,-7.8,-3.9,880,2,0
401585482,2024-02-29,Phoenix Suns,Houston Rockets,110,105,2024,5,215,3.0,False,False,1.0,False,False,same_region,0,0,0,3.4,-11.2,14.6,7.3,5.7,-9.0,14.7,7.35,881,2,0
401585479,2024-02-29,Brooklyn Nets,Atlanta Hawks,124,97,2024,27,221,15.0,False,False,14.0,False,False,same_region,0,0,0,-19.0,1.8,-20.8,-10.4,-12.9,1.8,-14.700000000000001,-7.3500000000000005,882,2,0
401585478,2024-02-29,Orlando Magic,Utah Jazz,115,107,2024,8,222,1.0,False,False,1.0,False,False,west_to_east,1,0,1,7.6,-7.0,14.6,7.3,3.2,-5.2,8.4,4.2,883,2,0
401585481,2024-02-29,San Antonio Spurs,Oklahoma City Thunder,132,118,2024,14,250,25.0,False,False,3.0,False,False,same_region,0,0,0,-12.2,21.4,-33.599999999999994,-16.799999999999997,-10.2,10.7,-20.9,-10.45,884,2,0
401585480,2024-02-29,New York Knicks,Golden State Warriors,99,110,2024,-11,209,1.0,False,True,1.0,False,False,west_to_east,1,0,1,-7.8,5.8,-13.6,-6.8,-6.7,9.2,-15.899999999999999,-7.949999999999999,885,2,0
401585484,2024-02-29,Los Angeles Lakers,Washington Wizards,134,131,2024,3,265,5.0,False,False,5.0,False,False,east_to_west,1,1,0,-0.6,-17.6,17.0,8.5,3.4,-14.2,17.599999999999998,8.799999999999999,886,2,0
401585483,2024-02-29,Denver Nuggets,Miami Heat,103,97,2024,6,200,0.0,True,False,1.0,False,True,east_to_west,1,1,0,13.6,12.6,1.0,0.5,5.1,9.7,-4.6,-2.3,887,2,0
401585489,2024-03-01,Memphis Grizzlies,Portland Trail Blazers,92,122,2024,-30,214,3.0,False,False,25.0,False,False,same_region,0,0,0,-5.8,-17.4,11.599999999999998,5.799999999999999,-10.5,-12.0,1.5,0.75,888,3,0
401585487,2024-03-01,Boston Celtics,Dallas Mavericks,138,110,2024,28,248,2.0,False,False,1.0,False,True,west_to_east,1,0,1,21.4,4.0,17.4,8.7,15.4,10.5,4.9,2.45,889,3,0
401585485,2024-03-01,Detroit Pistons,Cleveland Cavaliers,100,110,2024,-10,210,5.0,False,False,1.0,False,False,same_region,0,0,0,-5.0,-2.4,-2.6,-1.3,-3.8,4.4,-8.2,-4.1,890,3,0
401585486,2024-03-01,Philadelphia 76ers,Charlotte Hornets,121,114,2024,7,235,4.0,False,False,2.0,False,False,same_region,0,0,0,-10.2,-8.4,-1.799999999999999,-0.8999999999999995,-8.8,-4.3,-4.500000000000001,-2.2500000000000004,891,3,0
401585491,2024-03-01,New Orleans Pelicans,Indiana Pacers,129,102,2024,27,231,4.0,False,False,15.0,False,False,east_to_west,1,1,0,3.4,7.8,-4.4,-2.2,3.6,4.1,-0.49999999999999956,-0.24999999999999978,892,3,0
401585492,2024-03-01,Chicago Bulls,Milwaukee Bucks,97,113,2024,-16,210,1.0,False,True,0.0,True,False,same_region,0,0,0,-2.6,14.6,-17.2,-8.6,-0.3,6.8,-7.1,-3.55,893,3,0
401585493,2024-03-01,LA Clippers,Washington Wizards,140,115,2024,25,255,1.0,False,False,0.0,True,False,east_to_west,1,1,0,-6.2,-16.8,10.600000000000001,5.300000000000001,-4.4,-11.7,7.299999999999999,3.6499999999999995,894,3,0
401585488,2024-03-01,Toronto Raptors,Golden State Warriors,105,120,2024,-15,225,1.0,False,False,0.0,True,True,west_to_east,1,0,1,5.0,7.4,-2.4000000000000004,-1.2000000000000002,-5.1,8.0,-13.1,-6.55,895,3,0
401585490,2024-03-01,Minnesota Timberwolves,Sacramento Kings,120,124,2024,-4,244,1.0,False,True,1.0,False,False,same_region,0,0,0,13.0,-1.4,14.4,7.2,13.7,-3.6,17.3,8.65,896,3,0
401585496,2024-03-02,Memphis Grizzlies,Portland Trail Blazers,100,107,2024,-7,207,0.0,True,False,0.0,True,False,same_region,0,0,0,-13.4,-9.0,-4.4,-2.2,-9.5,-9.3,-0.1999999999999993,-0.09999999999999964,897,3,0
401585495,2024-03-02,Miami Heat,Utah Jazz,126,120,2024,6,246,19.0,False,False,1.0,False,False,west_to_east,1,0,1,6.2,-5.4,11.600000000000001,5.800000000000001,8.3,-5.7,14.0,7.0,898,3,0
401585498,2024-03-02,Phoenix Suns,Houston Rockets,109,118,2024,-9,227,1.0,False,False,1.0,False,False,same_region,0,0,0,3.4,-10.6,14.0,7.0,7.1,-7.4,14.5,7.25,899,3,0
401585497,2024-03-02,Los Angeles Lakers,Denver Nuggets,114,124,2024,-10,238,1.0,False,False,5.0,False,False,same_region,0,0,0,-3.2,15.6,-18.8,-9.4,2.9,4.5,-1.6,-0.8,900,3,0
401585494,2024-03-02,Brooklyn Nets,Atlanta Hawks,114,102,2024,12,216,1.0,False,False,1.0,False,False,same_region,0,0,0,-3.6,-1.6,-2.0,-1.0,-9.1,-1.6,-7.5,-3.75,901,3,0
401585500,2024-03-03,Boston Celtics,Golden State Warriors,140,88,2024,52,228,1.0,False,False,1.0,False,True,west_to_east,1,0,1,25.4,6.8,18.599999999999998,9.299999999999999,19.1,7.3,11.8,5.9,902,3,0
401585505,2024-03-03,San Antonio Spurs,Indiana Pacers,117,105,2024,12,222,2.0,False,False,1.0,False,False,east_to_west,1,1,0,-4.8,2.0,-6.8,-3.4,-7.2,-0.2,-7.0,-3.5,903,3,0
401585501,2024-03-03,Minnesota Timberwolves,LA Clippers,88,89,2024,-1,177,1.0,False,False,8.0,False,False,same_region,0,0,0,4.8,-2.2,7.0,3.5,11.2,-2.7,13.899999999999999,6.949999999999999,904,3,0
401585499,2024-03-03,Dallas Mavericks,Philadelphia 76ers,116,120,2024,-4,236,9.0,False,False,4.0,False,False,east_to_west,1,1,0,-6.2,-7.8,1.5999999999999996,0.7999999999999998,6.1,-6.5,12.6,6.3,905,3,0
401585503,2024-03-03,Toronto Raptors,Charlotte Hornets,111,106,2024,5,217,1.0,False,False,1.0,False,False,same_region,0,0,0,2.4,-11.4,13.8,6.9,-2.8,-4.4,1.6000000000000005,0.8000000000000003,906,3,0
401585502,2024-03-03,Orlando Magic,Detroit Pistons,113,91,2024,22,204,2.0,False,False,4.0,False,False,same_region,0,0,0,5.6,-3.8,9.399999999999999,4.699999999999999,2.8,-3.6,6.4,3.2,907,3,0
401585504,2024-03-03,Cleveland Cavaliers,New York Knicks,98,107,2024,-9,205,4.0,False,False,9.0,False,False,same_region,0,0,0,1.0,-6.4,7.4,3.7,4.6,-7.0,11.6,5.8,908,3,0
401585506,2024-03-03,Phoenix Suns,Oklahoma City Thunder,110,118,2024,-8,228,0.0,True,True,2.0,False,False,same_region,0,0,0,-1.6,15.8,-17.400000000000002,-8.700000000000001,3.4,7.3,-3.9,-1.95,909,3,0
401585507,2024-03-04,Brooklyn Nets,Memphis Grizzlies,102,106,2024,-4,208,1.0,False,False,4.0,False,False,west_to_east,1,0,1,4.4,-15.4,19.8,9.9,-6.7,-9.2,2.499999999999999,1.2499999999999996,910,3,0
401585508,2024-03-04,Milwaukee Bucks,LA Clippers,113,106,2024,7,219,5.0,False,False,0.0,True,False,west_to_east,1,0,1,18.4,2.4,15.999999999999998,7.999999999999999,9.2,-3.1,12.299999999999999,6.1499999999999995,911,3,0
401585510,2024-03-04,Utah Jazz,Washington Wizards,127,115,2024,12,242,7.0,False,False,2.0,False,False,east_to_west,1,1,0,-6.0,-17.8,11.8,5.9,-7.8,-13.4,5.6000000000000005,2.8000000000000003,912,3,0
401585511,2024-03-04,Sacramento Kings,Chicago Bulls,109,113,2024,-4,222,6.0,False,False,7.0,False,False,east_to_west,1,1,0,-1.4,-5.2,3.8000000000000003,1.9000000000000001,-0.6,-1.1,0.5000000000000001,0.25000000000000006,913,3,0
401585512,2024-03-04,Los Angeles Lakers,Oklahoma City Thunder,116,104,2024,12,220,1.0,False,False,0.0,True,False,same_region,0,0,0,-1.6,13.0,-14.6,-7.3,1.3,7.3,-6.0,-3.0,914,3,0
401585509,2024-03-04,Minnesota Timberwolves,Portland Trail Blazers,119,114,2024,5,233,0.0,True,True,1.0,False,True,same_region,0,0,0,5.6,-0.2,5.8,2.9,11.7,-7.4,19.1,9.55,915,3,0
401585521,2024-03-05,Denver Nuggets,Phoenix Suns,107,117,2024,-10,224,4.0,False,False,10.0,False,False,same_region,0,0,0,13.6,-1.2,14.799999999999999,7.3999999999999995,4.6,1.8,2.8,1.4,916,3,0
401585520,2024-03-05,Dallas Mavericks,Indiana Pacers,120,137,2024,-17,257,1.0,False,False,1.0,False,False,east_to_west,1,1,0,-9.0,-3.2,-5.8,-2.9,4.5,-1.7,6.2,3.1,917,3,0
401585519,2024-03-05,Houston Rockets,San Antonio Spurs,114,101,2024,13,215,8.0,False,False,6.0,False,False,same_region,0,0,0,-4.4,-1.4,-3.0000000000000004,-1.5000000000000002,-6.2,-4.8,-1.4000000000000004,-0.7000000000000002,918,3,0
401585513,2024-03-05,Charlotte Hornets,Orlando Magic,89,101,2024,-12,190,4.0,False,False,8.0,False,False,same_region,0,0,0,-9.8,8.6,-18.4,-9.2,-1.3,7.6,-8.9,-4.45,919,3,0
401585518,2024-03-05,Toronto Raptors,New Orleans Pelicans,98,139,2024,-41,237,1.0,False,False,5.0,False,False,west_to_east,1,0,1,-2.2,4.4,-6.6000000000000005,-3.3000000000000003,-2.9,5.2,-8.1,-4.05,920,3,0
401585516,2024-03-05,Miami Heat,Detroit Pistons,118,110,2024,8,228,2.0,False,False,1.0,False,False,same_region,0,0,0,6.4,-5.4,11.8,5.9,9.7,-7.1,16.799999999999997,8.399999999999999,921,3,0
401585515,2024-03-05,Brooklyn Nets,Philadelphia 76ers,112,107,2024,5,219,0.0,True,True,1.0,False,False,same_region,0,0,0,6.6,-4.2,10.8,5.4,-4.8,-3.8,-1.0,-0.5,922,3,0
401585514,2024-03-05,Cleveland Cavaliers,Boston Celtics,105,104,2024,1,209,1.0,False,False,9.0,False,False,same_region,0,0,0,0.6,25.8,-25.2,-12.6,1.4,20.3,-18.900000000000002,-9.450000000000001,923,3,0
401585517,2024-03-05,New York Knicks,Atlanta Hawks,100,116,2024,-16,216,4.0,False,False,2.0,False,False,same_region,0,0,0,-7.4,0.6,-8.0,-4.0,-7.1,-2.3,-4.8,-2.4,924,3,0
401585522,2024-03-06,Washington Wizards,Orlando Magic,109,119,2024,-10,228,7.0,False,False,0.0,True,False,same_region,0,0,0,-12.0,10.4,-22.4,-11.2,-14.2,7.2,-21.4,-10.7,925,3,0
401585524,2024-03-06,Philadelphia 76ers,Memphis Grizzlies,109,115,2024,-6,224,4.0,False,False,1.0,False,False,west_to_east,1,0,1,-6.6,-13.4,6.800000000000001,3.4000000000000004,-3.7,-8.0,4.3,2.15,926,3,0
401585525,2024-03-06,Houston Rockets,LA Clippers,116,122,2024,-6,238,0.0,True,False,1.0,False,True,same_region,0,0,0,-2.6,-0.2,-2.4,-1.2,-4.6,-2.7,-1.8999999999999995,-0.9499999999999997,927,3,0
401585523,2024-03-06,Atlanta Hawks,Cleveland Cavaliers,112,101,2024,11,213,7.0,False,False,4.0,False,False,same_region,0,0,0,4.2,-1.0,5.2,2.6,0.1,-0.9,1.0,0.5,928,3,0
401585527,2024-03-06,Golden State Warriors,Milwaukee Bucks,125,90,2024,35,215,9.0,False,False,4.0,False,False,east_to_west,1,1,0,-6.2,18.8,-25.0,-12.5,2.0,12.3,-10.3,-5.15,929,3,0
401585528,2024-03-06,Portland Trail Blazers,Oklahoma City Thunder,120,128,2024,-8,248,7.0,False,False,1.0,False,True,same_region,0,0,0,1.8,2.4,-0.5999999999999999,-0.29999999999999993,-7.0,6.8,-13.8,-6.9,930,3,0
401585526,2024-03-06,Utah Jazz,Chicago Bulls,117,119,2024,-2,236,1.0,False,False,1.0,False,False,east_to_west,1,1,0,-2.0,-1.0,-1.0,-0.5,-7.3,-1.3,-6.0,-3.0,931,3,0
401585529,2024-03-06,Los Angeles Lakers,Sacramento Kings,120,130,2024,-10,250,1.0,False,False,4.0,False,False,same_region,0,0,0,-0.2,-3.2,3.0,1.5,3.3,0.3,3.0,1.5,932,3,0
401585536,2024-03-07,Sacramento Kings,San Antonio Spurs,131,129,2024,2,260,2.0,False,False,1.0,False,False,same_region,0,0,0,-4.4,-3.0,-1.4000000000000004,-0.7000000000000002,-1.6,-4.5,2.9,1.45,933,3,0
401585535,2024-03-07,Golden State Warriors,Chicago Bulls,122,125,2024,-3,247,0.0,True,False,0.0,True,True,east_to_west,1,1,0,4.0,-2.2,6.2,3.1,3.3,-1.9,5.199999999999999,2.5999999999999996,934,3,0
401585534,2024-03-07,Denver Nuggets,Boston Celtics,115,109,2024,6,224,1.0,False,False,1.0,False,False,east_to_west,1,1,0,8.6,22.2,-13.6,-6.8,2.8,19.4,-16.599999999999998,-8.299999999999999,935,3,0
401585533,2024-03-07,Phoenix Suns,Toronto Raptors,120,113,2024,7,233,3.0,False,False,9.0,False,False,east_to_west,1,1,0,1.6,-10.8,12.4,6.2,1.4,-7.3,8.7,4.35,936,3,0
401585532,2024-03-07,Dallas Mavericks,Miami Heat,114,108,2024,6,222,1.0,False,False,6.0,False,False,east_to_west,1,1,0,-8.0,5.8,-13.8,-6.9,1.4,7.9,-6.5,-3.25,937,3,0
401585531,2024-03-07,Indiana Pacers,Minnesota Timberwolves,111,113,2024,-2,224,7.0,False,False,20.0,False,False,west_to_east,1,0,1,-4.2,3.6,-7.800000000000001,-3.9000000000000004,2.2,9.8,-7.6000000000000005,-3.8000000000000003,938,3,0
401585530,2024-03-07,Detroit Pistons,Brooklyn Nets,118,112,2024,6,230,5.0,False,False,8.0,False,False,same_region,0,0,0,-6.4,2.6,-9.0,-4.5,-8.5,-6.3,-2.2,-1.1,939,3,0
401585538,2024-03-08,Washington Wizards,Charlotte Hornets,112,100,2024,12,212,1.0,False,False,4.0,False,False,same_region,0,0,0,-12.2,-14.8,2.6000000000000014,1.3000000000000007,-14.6,-3.4,-11.2,-5.6,940,3,0
401585544,2024-03-08,Portland Trail Blazers,Houston Rockets,107,123,2024,-16,230,1.0,False,False,5.0,False,False,same_region,0,0,0,2.8,-1.2,4.0,2.0,-7.2,-4.3,-2.9000000000000004,-1.4500000000000002,941,3,0
401585539,2024-03-08,Cleveland Cavaliers,Minnesota Timberwolves,113,104,2024,9,217,2.0,False,False,0.0,True,False,west_to_east,1,0,1,-3.6,2.2,-5.800000000000001,-2.9000000000000004,-1.8,7.9,-9.700000000000001,-4.8500000000000005,942,3,0
401585537,2024-03-08,Philadelphia 76ers,New Orleans Pelicans,95,103,2024,-8,198,1.0,False,False,2.0,False,False,west_to_east,1,0,1,-3.6,14.8,-18.400000000000002,-9.200000000000001,-4.9,11.0,-15.9,-7.95,943,3,0
401585541,2024-03-08,Memphis Grizzlies,Atlanta Hawks,92,99,2024,-7,191,5.0,False,False,2.0,False,False,east_to_west,1,1,0,-7.2,3.0,-10.2,-5.1,-6.5,0.6,-7.1,-3.55,944,3,0
401585540,2024-03-08,New York Knicks,Orlando Magic,98,74,2024,24,172,2.0,False,False,1.0,False,True,same_region,0,0,0,-7.8,15.8,-23.6,-11.8,-7.3,7.6,-14.899999999999999,-7.449999999999999,945,3,0
401585542,2024-03-08,Oklahoma City Thunder,Miami Heat,107,100,2024,7,207,9.0,False,False,0.0,True,False,east_to_west,1,1,0,1.4,2.4,-1.0,-0.5,11.1,6.1,5.0,2.5,946,3,0
401585543,2024-03-08,Los Angeles Lakers,Milwaukee Bucks,123,122,2024,1,245,1.0,False,False,1.0,False,False,east_to_west,1,1,0,-0.2,7.6,-7.8,-3.9,0.6,5.2,-4.6000000000000005,-2.3000000000000003,947,3,0
401585545,2024-03-09,LA Clippers,Chicago Bulls,112,102,2024,10,214,7.0,False,False,1.0,False,True,east_to_west,1,1,0,4.2,0.4,3.8000000000000003,1.9000000000000001,-2.7,-1.0,-1.7000000000000002,-0.8500000000000001,948,3,0
401585547,2024-03-09,Detroit Pistons,Dallas Mavericks,124,142,2024,-18,266,1.0,False,False,7.0,False,False,west_to_east,1,0,1,-4.8,-6.4,1.6000000000000005,0.8000000000000003,-7.3,-1.5,-5.8,-2.9,949,3,0
401585546,2024-03-09,Charlotte Hornets,Brooklyn Nets,110,99,2024,11,209,3.0,False,False,1.0,False,False,same_region,0,0,0,-9.6,6.8,-16.4,-8.2,-5.5,-6.1,0.5999999999999996,0.2999999999999998,950,3,0
401585549,2024-03-09,Golden State Warriors,San Antonio Spurs,113,126,2024,-13,239,1.0,False,True,1.0,False,False,same_region,0,0,0,1.2,0.4,0.7999999999999999,0.39999999999999997,3.5,-2.7,6.2,3.1,951,3,0
401585550,2024-03-09,Denver Nuggets,Utah Jazz,142,121,2024,21,263,1.0,False,False,6.0,False,False,same_region,0,0,0,6.6,-6.2,12.8,6.4,6.3,-6.1,12.399999999999999,6.199999999999999,952,3,0
401585551,2024-03-09,Portland Trail Blazers,Toronto Raptors,128,118,2024,10,246,0.0,True,True,1.0,False,False,east_to_west,1,1,0,1.6,-13.8,15.4,7.7,-7.9,-5.6,-2.3000000000000007,-1.1500000000000004,953,3,0
401585548,2024-03-09,Phoenix Suns,Boston Celtics,107,117,2024,-10,224,1.0,False,False,1.0,False,False,east_to_west,1,1,0,1.0,18.2,-17.2,-8.6,2.2,18.4,-16.2,-8.1,954,3,0
401585555,2024-03-10,New York Knicks,Philadelphia 76ers,73,79,2024,-6,152,1.0,False,False,4.0,False,False,same_region,0,0,0,-3.4,-1.6,-1.7999999999999998,-0.8999999999999999,-3.5,-5.9,2.4000000000000004,1.2000000000000002,955,3,0
401585554,2024-03-10,Miami Heat,Washington Wizards,108,110,2024,-2,218,4.0,False,False,5.0,False,False,same_region,0,0,0,-1.0,-7.6,6.6,3.3,5.8,-12.6,18.4,9.2,956,3,0
401585556,2024-03-10,Orlando Magic,Indiana Pacers,97,111,2024,-14,208,6.0,False,False,4.0,False,False,same_region,0,0,0,5.6,-3.0,8.6,4.3,6.6,0.6,6.0,3.0,957,3,0
401585553,2024-03-10,Atlanta Hawks,New Orleans Pelicans,103,116,2024,-13,219,3.0,False,False,1.0,False,False,west_to_east,1,0,1,-1.0,18.0,-19.0,-9.5,0.4,10.9,-10.5,-5.25,958,3,0
401585557,2024-03-10,Sacramento Kings,Houston Rockets,104,112,2024,-8,216,2.0,False,False,1.0,False,False,same_region,0,0,0,-1.8,5.4,-7.2,-3.6,0.0,-2.9,2.9,1.45,959,3,0
401585558,2024-03-10,Cleveland Cavaliers,Brooklyn Nets,101,120,2024,-19,221,1.0,False,False,0.0,True,True,same_region,0,0,0,0.0,-0.8,0.8,0.4,-1.2,-2.2,1.0000000000000002,0.5000000000000001,960,3,0
401585559,2024-03-10,Oklahoma City Thunder,Memphis Grizzlies,124,93,2024,31,217,1.0,False,False,3.0,False,False,same_region,0,0,0,-0.6,-6.8,6.2,3.1,10.4,-6.3,16.7,8.35,961,3,0
401585560,2024-03-10,Los Angeles Lakers,Minnesota Timberwolves,120,109,2024,11,229,1.0,False,False,1.0,False,True,same_region,0,0,0,-0.8,-1.4,0.5999999999999999,0.29999999999999993,-0.7,5.8,-6.5,-3.25,962,3,0
401585552,2024-03-10,LA Clippers,Milwaukee Bucks,117,124,2024,-7,241,0.0,True,False,1.0,False,False,east_to_west,1,1,0,7.0,-0.2,7.2,3.6,0.4,3.4,-3.0,-1.5,963,3,0
401585564,2024-03-11,San Antonio Spurs,Golden State Warriors,102,112,2024,-10,214,7.0,False,False,7.0,False,False,same_region,0,0,0,4.8,-3.6,8.4,4.2,-3.7,1.9,-5.6,-2.8,964,3,0
401585566,2024-03-11,Portland Trail Blazers,Boston Celtics,99,121,2024,-22,220,1.0,False,True,1.0,False,False,east_to_west,1,1,0,-2.4,16.6,-19.0,-9.5,-5.7,19.0,-24.7,-12.35,965,3,0
401585565,2024-03-11,Denver Nuggets,Toronto Raptors,125,119,2024,6,244,1.0,False,False,1.0,False,False,east_to_west,1,1,0,6.6,-13.6,20.2,10.1,10.1,-4.3,14.399999999999999,7.199999999999999,966,3,0
401585562,2024-03-11,Cleveland Cavaliers,Phoenix Suns,111,117,2024,-6,228,0.0,True,True,5.0,False,False,west_to_east,1,0,1,-5.8,-2.0,-3.8,-1.9,-2.4,0.7,-3.0999999999999996,-1.5499999999999998,967,3,0
401585561,2024-03-11,Detroit Pistons,Charlotte Hornets,114,97,2024,17,211,1.0,False,False,2.0,False,False,same_region,0,0,0,-10.4,-5.0,-5.4,-2.7,-7.7,-6.7,-1.0,-0.5,968,3,0
401585563,2024-03-11,Chicago Bulls,Dallas Mavericks,92,127,2024,-35,219,9.0,False,False,1.0,False,False,west_to_east,1,0,1,-3.4,-5.0,1.6,0.8,-3.0,-0.5,-2.5,-1.25,969,3,0
401585567,2024-03-12,New York Knicks,Philadelphia 76ers,106,79,2024,27,185,1.0,False,False,1.0,False,False,same_region,0,0,0,0.0,-1.8,1.8,0.9,-3.9,-4.8,0.8999999999999999,0.44999999999999996,970,3,0
401585568,2024-03-12,Memphis Grizzlies,Washington Wizards,109,97,2024,12,206,3.0,False,False,1.0,False,False,east_to_west,1,1,0,-7.0,-6.6,-0.40000000000000036,-0.20000000000000018,-10.2,-11.7,1.5,0.75,971,3,0
401585569,2024-03-12,Oklahoma City Thunder,Indiana Pacers,111,121,2024,-10,232,1.0,False,False,1.0,False,False,east_to_west,1,1,0,8.4,-2.0,10.4,5.2,12.1,2.9,9.2,4.6,972,3,0
401585571,2024-03-12,Utah Jazz,Boston Celtics,107,123,2024,-16,230,5.0,False,False,0.0,True,True,east_to_west,1,1,0,-5.0,15.4,-20.4,-10.2,-6.0,20.4,-26.4,-13.2,973,3,0
401585572,2024-03-12,LA Clippers,Minnesota Timberwolves,100,118,2024,-18,218,1.0,False,True,1.0,False,False,same_region,0,0,0,0.6,-2.8,3.4,1.7,-0.8,1.0,-1.8,-0.9,974,3,0
401585573,2024-03-12,Sacramento Kings,Milwaukee Bucks,129,94,2024,35,223,1.0,False,False,1.0,False,False,east_to_west,1,1,0,0.8,-1.2,2.0,1.0,-0.3,6.7,-7.0,-3.5,975,3,0
401585570,2024-03-12,San Antonio Spurs,Houston Rockets,101,103,2024,-2,204,0.0,True,False,1.0,False,False,same_region,0,0,0,0.0,8.0,-8.0,-4.0,-2.4,-1.3,-1.0999999999999999,-0.5499999999999999,976,3,0
401585579,2024-03-13,New Orleans Pelicans,Cleveland Cavaliers,95,116,2024,-21,211,11.0,False,False,6.0,False,False,east_to_west,1,1,0,16.0,-5.2,21.2,10.6,11.3,-2.3,13.600000000000001,6.800000000000001,977,3,0
401585575,2024-03-13,Orlando Magic,Brooklyn Nets,114,106,2024,8,220,2.0,False,False,2.0,False,False,same_region,0,0,0,1.2,0.6,0.6,0.3,3.4,2.5,0.8999999999999999,0.44999999999999996,978,3,0
401585577,2024-03-13,Miami Heat,Denver Nuggets,88,100,2024,-12,188,2.0,False,False,10.0,False,False,west_to_east,1,0,1,-0.2,6.6,-6.8,-3.4,3.0,11.1,-8.1,-4.05,979,3,0
401585576,2024-03-13,Indiana Pacers,Chicago Bulls,129,132,2024,-3,261,5.0,False,False,3.0,False,False,same_region,0,0,0,5.4,-7.2,12.600000000000001,6.300000000000001,3.7,-6.2,9.9,4.95,980,3,0
401585578,2024-03-13,Memphis Grizzlies,Charlotte Hornets,98,110,2024,-12,208,0.0,True,False,1.0,False,False,east_to_west,1,1,0,-3.2,-7.0,3.8,1.9,-9.3,-9.2,-0.10000000000000142,-0.05000000000000071,981,3,0
401585580,2024-03-13,Dallas Mavericks,Golden State Warriors,109,99,2024,10,208,5.0,False,False,1.0,False,False,same_region,0,0,0,7.6,-4.6,12.2,6.1,0.7,1.1,-0.40000000000000013,-0.20000000000000007,982,3,0
401585581,2024-03-13,Portland Trail Blazers,Atlanta Hawks,106,102,2024,4,208,1.0,False,False,4.0,False,False,east_to_west,1,1,0,-8.2,1.8,-10.0,-5.0,-4.2,0.1,-4.3,-2.15,983,3,0
401585582,2024-03-13,Sacramento Kings,Los Angeles Lakers,120,107,2024,13,227,0.0,True,True,13.0,False,False,same_region,0,0,0,7.0,0.8,6.2,3.1,2.8,-1.2,4.0,2.0,984,3,0
401585574,2024-03-13,Detroit Pistons,Toronto Raptors,113,104,2024,9,217,1.0,False,False,1.0,False,False,same_region,0,0,0,-5.0,-11.8,6.800000000000001,3.4000000000000004,-4.4,-4.7,0.2999999999999998,0.1499999999999999,985,3,0
401585588,2024-03-14,Portland Trail Blazers,New York Knicks,93,105,2024,-12,198,0.0,True,True,10.0,False,False,east_to_west,1,1,0,-6.4,7.6,-14.0,-7.0,-2.3,0.6,-2.9,-1.45,986,3,0
401585587,2024-03-14,Oklahoma City Thunder,Dallas Mavericks,126,119,2024,7,245,1.0,False,False,2.0,False,False,same_region,0,0,0,4.8,10.4,-5.6000000000000005,-2.8000000000000003,8.9,0.7,8.200000000000001,4.1000000000000005,987,3,0
401585586,2024-03-14,Milwaukee Bucks,Philadelphia 76ers,114,105,2024,9,219,9.0,False,False,1.0,False,False,same_region,0,0,0,-11.4,-8.0,-3.4000000000000004,-1.7000000000000002,3.5,-6.1,9.6,4.8,988,3,0
401585585,2024-03-14,Houston Rockets,Washington Wizards,135,119,2024,16,254,7.0,False,False,1.0,False,False,east_to_west,1,1,0,6.6,-4.0,10.6,5.3,1.1,-10.9,12.0,6.0,989,3,0
401585584,2024-03-14,Chicago Bulls,LA Clippers,111,126,2024,-15,237,2.0,False,False,7.0,False,False,west_to_east,1,0,1,-7.4,-3.2,-4.2,-2.1,-4.2,-0.4,-3.8000000000000003,-1.9000000000000001,990,3,0
401585583,2024-03-14,Boston Celtics,Phoenix Suns,127,112,2024,15,239,10.0,False,False,2.0,False,False,west_to_east,1,0,1,8.2,1.0,7.199999999999999,3.5999999999999996,17.0,-0.3,17.3,8.65,991,3,0
401585589,2024-03-15,Charlotte Hornets,Phoenix Suns,96,107,2024,-11,203,5.0,False,False,0.0,True,False,west_to_east,1,0,1,-3.6,-0.4,-3.2,-1.6,-6.7,-0.8,-5.9,-2.95,992,3,0
401585590,2024-03-15,Detroit Pistons,Miami Heat,95,108,2024,-13,203,1.0,False,False,6.0,False,False,same_region,0,0,0,1.2,-3.8,5.0,2.5,-2.1,1.3,-3.4000000000000004,-1.7000000000000002,993,3,0
401585594,2024-03-15,Utah Jazz,Atlanta Hawks,124,122,2024,2,246,2.0,False,False,1.0,False,False,east_to_west,1,1,0,-6.6,3.4,-10.0,-5.0,-6.0,2.0,-8.0,-4.0,994,3,0
401585592,2024-03-15,New Orleans Pelicans,LA Clippers,112,104,2024,8,216,1.0,False,False,0.0,True,False,same_region,0,0,0,13.6,1.2,12.4,6.2,8.5,0.5,8.0,4.0,995,3,0
401585593,2024-03-15,San Antonio Spurs,Denver Nuggets,106,117,2024,-11,223,2.0,False,False,1.0,False,False,same_region,0,0,0,-2.8,7.0,-9.8,-4.9,-2.1,10.3,-12.4,-6.2,996,3,0
401585591,2024-03-15,Toronto Raptors,Orlando Magic,103,113,2024,-10,216,9.0,False,False,6.0,False,False,same_region,0,0,0,-14.6,-1.6,-13.0,-6.5,-8.4,3.5,-11.9,-5.95,997,3,0
401585599,2024-03-16,Chicago Bulls,Washington Wizards,127,98,2024,29,225,1.0,False,False,1.0,False,False,same_region,0,0,0,-10.8,-4.8,-6.000000000000001,-3.0000000000000004,-6.5,-8.4,1.9000000000000004,0.9500000000000002,998,3,0
401585603,2024-03-16,Sacramento Kings,New York Knicks,91,98,2024,-7,189,2.0,False,False,1.0,False,False,east_to_west,1,1,0,10.4,8.2,2.200000000000001,1.1000000000000005,3.6,0.4,3.2,1.6,999,3,0
401585601,2024-03-16,Los Angeles Lakers,Golden State Warriors,121,128,2024,-7,249,5.0,False,False,2.0,False,False,same_region,0,0,0,0.2,3.8,-3.5999999999999996,-1.7999999999999998,-0.7,-1.2,0.5,0.25,1000,3,0
401585600,2024-03-16,Memphis Grizzlies,Oklahoma City Thunder,112,118,2024,-6,230,2.0,False,False,9.0,False,False,same_region,0,0,0,-6.4,8.6,-15.0,-7.5,-9.9,5.5,-15.4,-7.7,1001,3,0
401585596,2024-03-16,Indiana Pacers,Brooklyn Nets,121,100,2024,21,221,2.0,False,False,2.0,False,False,same_region,0,0,0,7.2,-0.2,7.4,3.7,2.0,3.2,-1.2000000000000002,-0.6000000000000001,1002,3,0
401585598,2024-03-16,New Orleans Pelicans,Portland Trail Blazers,126,107,2024,19,233,0.0,True,True,11.0,False,False,same_region,0,0,0,9.8,-7.2,17.0,8.5,7.1,-2.2,9.3,4.65,1003,3,0
401585597,2024-03-16,Philadelphia 76ers,Charlotte Hornets,109,98,2024,11,207,7.0,False,False,2.0,False,False,same_region,0,0,0,-8.8,-3.4,-5.4,-2.7,-7.7,-9.1,1.3999999999999995,0.6999999999999997,1004,3,0
401585595,2024-03-16,Houston Rockets,Cleveland Cavaliers,117,103,2024,14,220,1.0,False,False,2.0,False,False,east_to_west,1,1,0,7.2,-1.2,8.4,4.2,2.3,-1.1,3.4,1.7,1005,3,0
401585602,2024-03-16,Utah Jazz,Minnesota Timberwolves,100,119,2024,-19,219,0.0,True,False,3.0,False,False,same_region,0,0,0,-5.0,1.0,-6.0,-3.0,-5.5,3.3,-8.8,-4.4,1006,3,0
401585605,2024-03-17,Detroit Pistons,Miami Heat,101,104,2024,-3,205,1.0,False,False,1.0,False,False,same_region,0,0,0,0.2,-2.8,3.0,1.5,-3.1,1.5,-4.6,-2.3,1007,3,0
401585608,2024-03-17,Washington Wizards,Boston Celtics,104,130,2024,-26,234,8.0,False,False,4.0,False,False,same_region,0,0,0,-8.6,11.4,-20.0,-10.0,-10.4,16.8,-27.200000000000003,-13.600000000000001,1008,3,0
401585606,2024-03-17,Dallas Mavericks,Denver Nuggets,107,105,2024,2,212,3.0,False,False,1.0,False,False,same_region,0,0,0,12.4,11.2,1.200000000000001,0.6000000000000005,2.2,9.9,-7.7,-3.85,1009,3,0
401585609,2024-03-17,San Antonio Spurs,Brooklyn Nets,122,115,2024,7,237,1.0,False,False,0.0,True,False,east_to_west,1,1,0,-2.4,-5.4,3.0000000000000004,1.5000000000000002,-2.7,-1.4,-1.3000000000000003,-0.6500000000000001,1010,3,0
401585607,2024-03-17,Orlando Magic,Toronto Raptors,111,96,2024,15,207,3.0,False,False,3.0,False,False,same_region,0,0,0,-2.0,-8.4,6.4,3.2,4.2,-9.6,13.8,6.9,1011,3,0
401585610,2024-03-17,LA Clippers,Atlanta Hawks,93,110,2024,-17,203,4.0,False,False,1.0,False,False,east_to_west,1,1,0,-1.6,-0.2,-1.4000000000000001,-0.7000000000000001,1.3,2.0,-0.7,-0.35,1012,3,0
401585604,2024-03-17,Milwaukee Bucks,Phoenix Suns,140,129,2024,11,269,2.0,False,False,1.0,False,True,west_to_east,1,0,1,-11.0,-0.2,-10.8,-5.4,3.9,0.7,3.2,1.6,1013,3,0
401585611,2024-03-18,Indiana Pacers,Cleveland Cavaliers,103,108,2024,-5,211,1.0,False,False,1.0,False,False,same_region,0,0,0,8.0,-1.8,9.8,4.9,1.9,-2.7,4.6,2.3,1014,3,0
401585612,2024-03-18,Boston Celtics,Detroit Pistons,119,94,2024,25,213,3.0,False,False,12.0,False,False,same_region,0,0,0,17.8,-1.6,19.400000000000002,9.700000000000001,18.0,-3.2,21.2,10.6,1015,3,0
401585614,2024-03-18,Chicago Bulls,Portland Trail Blazers,110,107,2024,3,217,1.0,False,False,1.0,False,False,west_to_east,1,0,1,-5.6,-7.8,2.2,1.1,-2.6,-3.1,0.5,0.25,1016,3,0
401585613,2024-03-18,Philadelphia 76ers,Miami Heat,98,91,2024,7,189,1.0,False,False,0.0,True,True,same_region,0,0,0,-5.4,-1.0,-4.4,-2.2,-4.5,0.7,-5.2,-2.6,1017,3,0
401585616,2024-03-18,Golden State Warriors,New York Knicks,112,119,2024,-7,231,8.0,False,False,1.0,False,False,east_to_west,1,1,0,-1.8,12.8,-14.600000000000001,-7.300000000000001,1.1,2.5,-1.4,-0.7,1018,3,0
401585615,2024-03-18,Utah Jazz,Minnesota Timberwolves,104,114,2024,-10,218,1.0,False,True,1.0,False,False,same_region,0,0,0,-11.2,3.8,-15.0,-7.5,-6.6,3.7,-10.3,-5.15,1019,3,0
401585618,2024-03-18,Los Angeles Lakers,Atlanta Hawks,136,105,2024,31,241,1.0,False,False,0.0,True,True,east_to_west,1,1,0,-3.6,1.0,-4.6,-2.3,-1.9,2.0,-3.9,-1.95,1020,3,0
401585617,2024-03-18,Sacramento Kings,Memphis Grizzlies,121,111,2024,10,232,1.0,False,False,7.0,False,False,same_region,0,0,0,7.0,-8.8,15.8,7.9,1.3,-8.0,9.3,4.65,1021,3,0
401585620,2024-03-19,Washington Wizards,Houston Rockets,114,137,2024,-23,251,1.0,False,False,6.0,False,False,west_to_east,1,0,1,-16.2,11.2,-27.4,-13.7,-11.9,5.0,-16.9,-8.45,1022,3,0
401585619,2024-03-19,Orlando Magic,Charlotte Hornets,112,92,2024,20,204,1.0,False,False,2.0,False,False,same_region,0,0,0,-1.0,-3.2,2.2,1.1,7.4,-6.4,13.8,6.9,1023,3,0
401585623,2024-03-19,Minnesota Timberwolves,Denver Nuggets,112,115,2024,-3,227,14.0,False,False,1.0,False,False,same_region,0,0,0,5.4,9.6,-4.199999999999999,-2.0999999999999996,3.8,8.1,-4.3,-2.15,1024,3,0
401585622,2024-03-19,San Antonio Spurs,Dallas Mavericks,107,113,2024,-6,220,1.0,False,False,4.0,False,False,same_region,0,0,0,-0.6,11.6,-12.2,-6.1,-0.1,2.6,-2.7,-1.35,1025,3,0
401585621,2024-03-19,Brooklyn Nets,New Orleans Pelicans,91,104,2024,-13,195,13.0,False,False,8.0,False,False,west_to_east,1,0,1,-5.6,5.4,-11.0,-5.5,0.6,10.1,-9.5,-4.75,1026,3,0
401585626,2024-03-20,Boston Celtics,Milwaukee Bucks,122,119,2024,3,241,1.0,False,False,7.0,False,False,same_region,0,0,0,20.8,-1.8,22.6,11.3,18.7,2.9,15.799999999999999,7.8999999999999995,1027,3,0
401585627,2024-03-20,Toronto Raptors,Sacramento Kings,89,123,2024,-34,212,4.0,False,False,13.0,False,False,west_to_east,1,0,1,-10.0,8.6,-18.6,-9.3,-11.9,3.4,-15.3,-7.65,1028,3,0
401585625,2024-03-20,Detroit Pistons,Indiana Pacers,103,122,2024,-19,225,2.0,False,False,7.0,False,False,same_region,0,0,0,-3.0,7.4,-10.4,-5.2,-6.7,2.2,-8.9,-4.45,1029,3,0
401585624,2024-03-20,Cleveland Cavaliers,Miami Heat,104,107,2024,-3,211,8.0,False,False,1.0,False,True,same_region,0,0,0,-2.6,-1.0,-1.6,-0.8,-1.3,-1.0,-0.30000000000000004,-0.15000000000000002,1030,3,0
401585630,2024-03-20,Phoenix Suns,Philadelphia 76ers,115,102,2024,13,217,10.0,False,False,5.0,False,False,east_to_west,1,1,0,-3.8,-2.4,-1.4,-0.7,-1.4,-2.0,0.6000000000000001,0.30000000000000004,1031,3,0
401585631,2024-03-20,Portland Trail Blazers,LA Clippers,103,116,2024,-13,219,5.0,False,False,4.0,False,False,same_region,0,0,0,-10.4,-7.0,-3.4000000000000004,-1.7000000000000002,-6.4,0.0,-6.4,-3.2,1032,3,0
401585629,2024-03-20,Golden State Warriors,Memphis Grizzlies,137,116,2024,21,253,1.0,False,False,1.0,False,False,same_region,0,0,0,-2.6,-9.4,6.800000000000001,3.4000000000000004,-0.7,-8.1,7.3999999999999995,3.6999999999999997,1033,3,0
401585628,2024-03-20,Oklahoma City Thunder,Utah Jazz,119,107,2024,12,226,5.0,False,False,10.0,False,False,same_region,0,0,0,8.2,-12.8,21.0,10.5,4.8,-9.5,14.3,7.15,1034,3,0
401585638,2024-03-21,Phoenix Suns,Atlanta Hawks,128,115,2024,13,243,0.0,True,False,2.0,False,False,east_to_west,1,1,0,0.8,-6.6,7.3999999999999995,3.6999999999999997,-0.6,-3.8,3.1999999999999997,1.5999999999999999,1035,3,0
401585637,2024-03-21,Denver Nuggets,New York Knicks,113,100,2024,13,213,9.0,False,False,2.0,False,False,east_to_west,1,1,0,6.0,9.4,-3.4000000000000004,-1.7000000000000002,6.3,3.0,3.3,1.65,1036,3,0
401585636,2024-03-21,Dallas Mavericks,Utah Jazz,113,97,2024,16,210,3.0,False,False,0.0,True,False,same_region,0,0,0,9.2,-11.0,20.2,10.1,2.1,-8.0,10.1,5.05,1037,3,0
401585635,2024-03-21,Milwaukee Bucks,Brooklyn Nets,115,108,2024,7,223,3.0,False,False,3.0,False,False,same_region,0,0,0,-2.2,-6.0,3.8,1.9,-1.2,-3.4,2.2,1.1,1038,3,0
401585634,2024-03-21,Houston Rockets,Chicago Bulls,127,117,2024,10,244,4.0,False,False,7.0,False,False,east_to_west,1,1,0,12.6,-3.0,15.6,7.8,9.0,-3.2,12.2,6.1,1039,3,0
401585633,2024-03-21,Washington Wizards,Sacramento Kings,109,102,2024,7,211,1.0,False,False,0.0,True,False,west_to_east,1,0,1,-21.2,17.0,-38.2,-19.1,-13.9,8.9,-22.8,-11.4,1040,3,0
401585632,2024-03-21,Orlando Magic,New Orleans Pelicans,121,106,2024,15,227,1.0,False,False,1.0,False,False,west_to_east,1,0,1,7.8,6.4,1.3999999999999995,0.6999999999999997,6.7,12.2,-5.499999999999999,-2.7499999999999996,1041,3,0
401585646,2024-03-22,Los Angeles Lakers,Philadelphia 76ers,101,94,2024,7,195,3.0,False,False,1.0,False,False,east_to_west,1,1,0,4.6,-6.2,10.8,5.4,2.2,-4.0,6.2,3.1,1042,3,0
401585639,2024-03-22,Detroit Pistons,Boston Celtics,102,129,2024,-27,231,1.0,False,False,4.0,False,False,same_region,0,0,0,-10.2,17.0,-27.2,-13.6,-7.6,16.2,-23.799999999999997,-11.899999999999999,1043,3,0
401585641,2024-03-22,Miami Heat,New Orleans Pelicans,88,111,2024,-23,199,8.0,False,False,0.0,True,True,west_to_east,1,0,1,0.0,0.8,-0.8,-0.4,-0.1,8.4,-8.5,-4.25,1044,3,0
401585640,2024-03-22,Toronto Raptors,Oklahoma City Thunder,103,123,2024,-20,226,1.0,False,False,5.0,False,False,west_to_east,1,0,1,-14.8,9.2,-24.0,-12.0,-14.2,4.3,-18.5,-9.25,1045,3,0
401585642,2024-03-22,Minnesota Timberwolves,Cleveland Cavaliers,104,91,2024,13,195,2.0,False,False,3.0,False,False,east_to_west,1,1,0,6.6,0.6,6.0,3.0,2.6,-2.6,5.2,2.6,1046,3,0
401585644,2024-03-22,Golden State Warriors,Indiana Pacers,111,123,2024,-12,234,1.0,False,False,1.0,False,False,east_to_west,1,1,0,4.2,8.4,-4.2,-2.1,0.3,3.2,-2.9000000000000004,-1.4500000000000002,1047,3,0
401585645,2024-03-22,Portland Trail Blazers,LA Clippers,117,125,2024,-8,242,1.0,False,False,1.0,False,False,same_region,0,0,0,-8.6,-3.0,-5.6,-2.8,-8.4,-1.2,-7.2,-3.6,1048,3,0
401585643,2024-03-22,San Antonio Spurs,Memphis Grizzlies,97,99,2024,-2,196,2.0,False,False,1.0,False,False,same_region,0,0,0,-4.4,-7.4,3.0,1.5,0.2,-7.2,7.4,3.7,1049,3,0
401585649,2024-03-23,Atlanta Hawks,Charlotte Hornets,132,91,2024,41,223,12.0,False,False,3.0,False,False,same_region,0,0,0,-6.6,-9.4,2.8000000000000007,1.4000000000000004,-2.4,-7.2,4.800000000000001,2.4000000000000004,1050,3,0
401585654,2024-03-23,Portland Trail Blazers,Denver Nuggets,111,114,2024,-3,225,0.0,True,True,3.0,False,False,same_region,0,0,0,-11.0,7.4,-18.4,-9.2,-8.7,7.0,-15.7,-7.85,1051,3,0
401585647,2024-03-23,New York Knicks,Brooklyn Nets,105,93,2024,12,198,10.0,False,False,1.0,False,False,same_region,0,0,0,8.0,-11.2,19.2,9.6,4.0,-5.3,9.3,4.65,1052,3,0
401585648,2024-03-23,Orlando Magic,Sacramento Kings,107,109,2024,-2,216,1.0,False,False,1.0,False,True,west_to_east,1,0,1,13.6,8.6,5.0,2.5,7.4,7.8,-0.39999999999999947,-0.19999999999999973,1053,3,0
401585652,2024-03-23,Houston Rockets,Utah Jazz,147,119,2024,28,266,1.0,False,False,1.0,False,True,same_region,0,0,0,13.0,-11.0,24.0,12.0,10.5,-8.8,19.3,9.65,1054,3,0
401585653,2024-03-23,San Antonio Spurs,Phoenix Suns,106,131,2024,-25,237,0.0,True,False,5.0,False,False,same_region,0,0,0,-2.8,2.2,-5.0,-2.5,-1.4,1.6,-3.0,-1.5,1055,3,0
401585650,2024-03-23,Washington Wizards,Toronto Raptors,112,109,2024,3,221,1.0,False,False,5.0,False,False,same_region,0,0,0,-17.4,-17.6,0.20000000000000284,0.10000000000000142,-10.7,-14.7,4.0,2.0,1056,3,0
401585651,2024-03-23,Chicago Bulls,Boston Celtics,113,124,2024,-11,237,4.0,False,False,0.0,True,False,same_region,0,0,0,2.0,19.2,-17.2,-8.6,-2.6,13.7,-16.3,-8.15,1057,3,0
401585660,2024-03-24,Los Angeles Lakers,Indiana Pacers,150,145,2024,5,295,1.0,False,False,1.0,False,False,east_to_west,1,1,0,5.8,8.8,-3.000000000000001,-1.5000000000000004,2.5,7.1,-4.6,-2.3,1058,3,0
401585659,2024-03-24,Minnesota Timberwolves,Golden State Warriors,114,110,2024,4,224,1.0,False,False,7.0,False,False,same_region,0,0,0,11.4,-0.2,11.6,5.8,4.3,-2.4,6.699999999999999,3.3499999999999996,1059,3,0
401585658,2024-03-24,Milwaukee Bucks,Oklahoma City Thunder,118,93,2024,25,211,2.0,False,False,1.0,False,False,west_to_east,1,0,1,-2.2,7.0,-9.2,-4.6,-1.7,7.7,-9.4,-4.7,1060,3,0
401585657,2024-03-24,Miami Heat,Cleveland Cavaliers,121,84,2024,37,205,1.0,False,False,1.0,False,False,same_region,0,0,0,-2.2,-0.8,-1.4000000000000001,-0.7000000000000001,-3.0,-3.0,0.0,0.0,1061,3,0
401585656,2024-03-24,LA Clippers,Philadelphia 76ers,107,121,2024,-14,228,6.0,False,False,1.0,False,False,east_to_west,1,1,0,2.2,-2.2,4.4,2.2,-0.5,-5.1,4.6,2.3,1062,3,0
401585655,2024-03-24,Detroit Pistons,New Orleans Pelicans,101,114,2024,-13,215,1.0,False,False,1.0,False,True,west_to_east,1,0,1,-17.4,9.6,-27.0,-13.5,-8.1,11.6,-19.7,-9.85,1063,3,0
401585665,2024-03-25,Chicago Bulls,Washington Wizards,105,107,2024,-2,212,1.0,False,False,8.0,False,False,same_region,0,0,0,-0.8,-13.6,12.799999999999999,6.3999999999999995,-4.1,-9.2,5.1,2.55,1064,3,0
401585663,2024-03-25,New York Knicks,Detroit Pistons,124,99,2024,25,223,1.0,False,False,6.0,False,False,same_region,0,0,0,5.0,-17.4,22.4,11.2,6.3,-8.6,14.899999999999999,7.449999999999999,1065,3,0
401585664,2024-03-25,Toronto Raptors,Brooklyn Nets,88,96,2024,-8,184,2.0,False,False,1.0,False,False,same_region,0,0,0,-16.4,-12.0,-4.399999999999999,-2.1999999999999993,-15.5,-6.1,-9.4,-4.7,1066,3,0
401585662,2024-03-25,Atlanta Hawks,Boston Celtics,120,118,2024,2,238,1.0,False,False,1.0,False,True,same_region,0,0,0,2.4,18.4,-15.999999999999998,-7.999999999999999,2.9,14.9,-12.0,-6.0,1067,3,0
401585671,2024-03-25,LA Clippers,Indiana Pacers,116,133,2024,-17,249,0.0,True,False,0.0,True,True,east_to_west,1,1,0,-3.6,8.4,-12.0,-6.0,-1.2,7.8,-9.0,-4.5,1068,3,0
401585661,2024-03-25,Cleveland Cavaliers,Charlotte Hornets,115,92,2024,23,207,4.0,False,False,1.0,False,False,same_region,0,0,0,-12.4,-14.2,1.799999999999999,0.8999999999999995,-6.8,-10.6,3.8,1.9,1069,3,0
401585667,2024-03-25,San Antonio Spurs,Phoenix Suns,104,102,2024,2,206,1.0,False,True,1.0,False,False,same_region,0,0,0,-7.4,10.2,-17.6,-8.8,-5.1,4.9,-10.0,-5.0,1070,3,0
401585666,2024-03-25,Houston Rockets,Portland Trail Blazers,110,92,2024,18,202,1.0,False,False,6.0,False,False,same_region,0,0,0,18.2,-9.2,27.4,13.7,12.4,-8.2,20.6,10.3,1071,3,0
401585668,2024-03-25,Denver Nuggets,Memphis Grizzlies,128,103,2024,25,231,3.0,False,False,2.0,False,False,same_region,0,0,0,5.6,-9.4,15.0,7.5,6.3,-6.3,12.6,6.3,1072,3,0
401585669,2024-03-25,Utah Jazz,Dallas Mavericks,105,115,2024,-10,220,6.0,False,False,5.0,False,False,same_region,0,0,0,-17.0,5.4,-22.4,-11.2,-11.0,6.5,-17.5,-8.75,1073,3,0
401585670,2024-03-25,Sacramento Kings,Philadelphia 76ers,108,96,2024,12,204,6.0,False,False,0.0,True,True,east_to_west,1,1,0,6.4,2.4,4.0,2.0,8.4,-3.2,11.600000000000001,5.800000000000001,1074,3,0
401585675,2024-03-26,Sacramento Kings,Dallas Mavericks,96,132,2024,-36,228,0.0,True,False,0.0,True,False,same_region,0,0,0,10.2,5.4,4.799999999999999,2.3999999999999995,8.6,7.9,0.6999999999999993,0.34999999999999964,1075,3,0
401585674,2024-03-26,New Orleans Pelicans,Oklahoma City Thunder,112,119,2024,-7,231,9.0,False,False,1.0,False,False,same_region,0,0,0,10.6,4.0,6.6,3.3,10.2,4.4,5.799999999999999,2.8999999999999995,1076,3,0
401585673,2024-03-26,Milwaukee Bucks,Los Angeles Lakers,124,128,2024,-4,252,1.0,False,False,12.0,False,False,west_to_east,1,0,1,9.8,4.6,5.200000000000001,2.6000000000000005,-0.8,2.7,-3.5,-1.75,1077,3,0
401585672,2024-03-26,Miami Heat,Golden State Warriors,92,113,2024,-21,205,1.0,False,False,1.0,False,False,west_to_east,1,0,1,2.6,1.0,1.6,0.8,-0.1,2.4,-2.5,-1.25,1078,3,0
401585677,2024-03-27,Orlando Magic,Golden State Warriors,93,101,2024,-8,194,3.0,False,False,0.0,True,True,west_to_east,1,0,1,11.6,3.8,7.8,3.9,5.0,1.0,4.0,2.0,1079,3,0
401585686,2024-03-27,Utah Jazz,San Antonio Spurs,111,118,2024,-7,229,1.0,False,False,17.0,False,False,same_region,0,0,0,-15.2,-4.8,-10.399999999999999,-5.199999999999999,-13.2,-3.6,-9.6,-4.8,1080,3,0
401585679,2024-03-27,Atlanta Hawks,Portland Trail Blazers,120,106,2024,14,226,1.0,False,False,1.0,False,False,west_to_east,1,0,1,3.2,-9.0,12.2,6.1,1.5,-8.4,9.9,4.95,1081,3,0
401585680,2024-03-27,Philadelphia 76ers,LA Clippers,107,108,2024,-1,215,8.0,False,False,4.0,False,False,west_to_east,1,0,1,-2.2,-5.4,3.2,1.6,-3.8,-3.5,-0.2999999999999998,-0.1499999999999999,1082,3,0
401585682,2024-03-27,Chicago Bulls,Indiana Pacers,125,99,2024,26,224,1.0,False,False,1.0,False,True,same_region,0,0,0,1.8,7.6,-5.8,-2.9,-4.5,7.8,-12.3,-6.15,1083,3,0
401585681,2024-03-27,Toronto Raptors,New York Knicks,101,145,2024,-44,246,1.0,False,False,5.0,False,False,same_region,0,0,0,-16.0,7.6,-23.6,-11.8,-12.2,7.9,-20.1,-10.05,1084,3,0
401585683,2024-03-27,Memphis Grizzlies,Los Angeles Lakers,124,136,2024,-12,260,10.0,False,False,0.0,True,False,same_region,0,0,0,-12.0,8.0,-20.0,-10.0,-9.2,4.1,-13.299999999999999,-6.6499999999999995,1085,3,0
401585685,2024-03-27,Oklahoma City Thunder,Houston Rockets,126,132,2024,-6,258,6.0,False,False,7.0,False,False,same_region,0,0,0,4.0,18.6,-14.600000000000001,-7.300000000000001,6.3,12.9,-6.6000000000000005,-3.3000000000000003,1086,3,0
401585678,2024-03-27,Washington Wizards,Brooklyn Nets,119,122,2024,-3,241,3.0,False,False,1.0,False,False,same_region,0,0,0,-7.4,-6.2,-1.2000000000000002,-0.6000000000000001,-8.0,-5.8,-2.2,-1.1,1087,3,0
401585687,2024-03-27,Denver Nuggets,Phoenix Suns,97,104,2024,-7,201,1.0,False,False,1.0,False,False,same_region,0,0,0,8.4,7.6,0.8000000000000007,0.40000000000000036,9.8,3.7,6.1000000000000005,3.0500000000000003,1088,3,0
401585684,2024-03-27,Minnesota Timberwolves,Detroit Pistons,106,91,2024,15,197,2.0,False,False,1.0,False,False,east_to_west,1,1,0,8.6,-21.8,30.4,15.2,4.8,-11.7,16.5,8.25,1089,3,0
401585676,2024-03-27,Charlotte Hornets,Cleveland Cavaliers,118,111,2024,7,229,11.0,False,False,2.0,False,False,same_region,0,0,0,-21.2,-5.0,-16.2,-8.1,-12.4,-3.4,-9.0,-4.5,1090,3,0
401585689,2024-03-28,New Orleans Pelicans,Milwaukee Bucks,107,100,2024,7,207,1.0,False,False,7.0,False,False,east_to_west,1,1,0,5.4,7.2,-1.7999999999999998,-0.8999999999999999,5.4,-1.9,7.300000000000001,3.6500000000000004,1091,3,0
401585688,2024-03-28,Atlanta Hawks,Boston Celtics,123,122,2024,1,245,0.0,True,True,2.0,False,False,same_region,0,0,0,2.6,12.8,-10.200000000000001,-5.1000000000000005,1.8,15.3,-13.5,-6.75,1092,3,0
401585701,2024-03-29,Sacramento Kings,Dallas Mavericks,103,107,2024,-4,210,2.0,False,False,2.0,False,False,same_region,0,0,0,1.0,14.0,-13.0,-6.5,4.8,13.2,-8.399999999999999,-4.199999999999999,1093,3,0
401585690,2024-03-29,Charlotte Hornets,Golden State Warriors,97,115,2024,-18,212,1.0,False,False,1.0,False,True,west_to_east,1,0,1,-17.6,6.8,-24.400000000000002,-12.200000000000001,-10.5,2.1,-12.6,-6.3,1094,3,0
401585691,2024-03-29,Indiana Pacers,Los Angeles Lakers,109,90,2024,19,199,10.0,False,False,1.0,False,True,west_to_east,1,0,1,3.4,11.8,-8.4,-4.2,5.4,4.1,1.3000000000000007,0.6500000000000004,1095,3,0
401585693,2024-03-29,Washington Wizards,Detroit Pistons,87,96,2024,-9,183,1.0,False,False,1.0,False,False,same_region,0,0,0,-2.8,-19.8,17.0,8.5,-9.5,-11.4,1.9000000000000004,0.9500000000000002,1096,3,0
401585694,2024-03-29,Brooklyn Nets,Chicago Bulls,125,108,2024,17,233,9.0,False,False,7.0,False,False,same_region,0,0,0,-4.2,1.2,-5.4,-2.7,-4.9,-2.2,-2.7,-1.35,1097,3,0
401585692,2024-03-29,Orlando Magic,LA Clippers,97,100,2024,-3,197,1.0,False,False,1.0,False,False,west_to_east,1,0,1,8.0,-1.8,9.8,4.9,3.0,-4.4,7.4,3.7,1098,3,0
401585696,2024-03-29,Miami Heat,Portland Trail Blazers,142,82,2024,60,224,2.0,False,False,1.0,False,False,west_to_east,1,0,1,-2.2,-11.2,9.0,4.5,-1.6,-10.8,9.200000000000001,4.6000000000000005,1099,3,0
401585697,2024-03-29,Oklahoma City Thunder,Phoenix Suns,128,103,2024,25,231,1.0,False,False,1.0,False,False,same_region,0,0,0,1.6,11.2,-9.6,-4.8,4.9,3.7,1.2000000000000002,0.6000000000000001,1100,3,0
401585698,2024-03-29,San Antonio Spurs,New York Knicks,130,126,2024,4,256,3.0,False,False,1.0,False,False,east_to_west,1,1,0,-4.8,15.0,-19.8,-9.9,-2.7,13.9,-16.6,-8.3,1101,3,0
401585699,2024-03-29,Denver Nuggets,Minnesota Timberwolves,98,111,2024,-13,209,1.0,False,False,10.0,False,False,same_region,0,0,0,7.4,7.8,-0.39999999999999947,-0.19999999999999973,8.5,5.8,2.7,1.35,1102,3,0
401585700,2024-03-29,Utah Jazz,Houston Rockets,100,101,2024,-1,201,1.0,False,False,1.0,False,False,same_region,0,0,0,-14.6,17.0,-31.6,-15.8,-13.7,14.1,-27.799999999999997,-13.899999999999999,1103,3,0
401585695,2024-03-29,Cleveland Cavaliers,Philadelphia 76ers,117,114,2024,3,231,3.0,False,False,3.0,False,False,same_region,0,0,0,-7.4,-3.8,-3.6000000000000005,-1.8000000000000003,-5.0,-3.1,-1.9,-0.95,1104,3,0
401585704,2024-03-30,Atlanta Hawks,Milwaukee Bucks,113,122,2024,-9,235,1.0,False,True,1.0,False,False,same_region,0,0,0,9.0,3.6,5.4,2.7,1.2,0.9,0.29999999999999993,0.14999999999999997,1105,3,0
401585703,2024-03-30,Orlando Magic,Memphis Grizzlies,118,88,2024,30,206,0.0,True,True,4.0,False,False,west_to_east,1,0,1,4.4,-13.2,17.6,8.8,1.7,-11.0,12.7,6.35,1106,3,0
401585702,2024-03-30,New Orleans Pelicans,Boston Celtics,92,104,2024,-12,196,1.0,False,False,1.0,False,False,east_to_west,1,1,0,4.2,7.6,-3.3999999999999995,-1.6999999999999997,5.3,14.2,-8.899999999999999,-4.449999999999999,1107,3,0
401585707,2024-03-31,Charlotte Hornets,LA Clippers,118,130,2024,-12,248,1.0,False,False,1.0,False,False,west_to_east,1,0,1,-19.0,-3.8,-15.2,-7.6,-11.1,-3.4,-7.699999999999999,-3.8499999999999996,1108,3,0
401585714,2024-03-31,Sacramento Kings,Utah Jazz,127,106,2024,21,233,1.0,False,False,7.0,False,False,same_region,0,0,0,-6.6,-12.4,5.800000000000001,2.9000000000000004,5.2,-11.7,16.9,8.45,1109,3,0
401585710,2024-03-31,New York Knicks,Oklahoma City Thunder,112,113,2024,-1,225,5.0,False,False,4.0,False,False,west_to_east,1,0,1,12.8,4.2,8.600000000000001,4.300000000000001,11.1,6.7,4.3999999999999995,2.1999999999999997,1110,3,0
401585705,2024-03-31,Denver Nuggets,Cleveland Cavaliers,130,101,2024,29,231,1.0,False,False,3.0,False,False,east_to_west,1,1,0,4.2,-6.2,10.4,5.2,5.1,-2.8,7.8999999999999995,3.9499999999999997,1111,3,0
401585711,2024-03-31,Houston Rockets,Dallas Mavericks,107,125,2024,-18,232,5.0,False,False,1.0,False,False,same_region,0,0,0,12.6,14.4,-1.8000000000000007,-0.9000000000000004,12.6,13.0,-0.40000000000000036,-0.20000000000000018,1112,3,0
401585708,2024-03-31,Toronto Raptors,Philadelphia 76ers,120,135,2024,-15,255,3.0,False,False,1.0,False,False,same_region,0,0,0,-21.8,-1.8,-20.0,-10.0,-15.9,-4.0,-11.9,-5.95,1113,3,0
401585712,2024-03-31,Minnesota Timberwolves,Chicago Bulls,101,109,2024,-8,210,3.0,False,False,1.0,False,False,east_to_west,1,1,0,8.4,-2.8,11.2,5.6,6.9,-2.9,9.8,4.9,1114,3,0
401585709,2024-03-31,Washington Wizards,Miami Heat,107,119,2024,-12,226,1.0,False,False,10.0,False,False,same_region,0,0,0,0.0,11.2,-11.2,-5.6,-10.6,5.1,-15.7,-7.85,1115,3,0
401585713,2024-03-31,San Antonio Spurs,Golden State Warriors,113,117,2024,-4,230,1.0,False,False,1.0,False,False,same_region,0,0,0,-2.8,6.2,-9.0,-4.5,-3.6,5.2,-8.8,-4.4,1116,3,0
401585706,2024-03-31,Brooklyn Nets,Los Angeles Lakers,104,116,2024,-12,220,1.0,False,False,1.0,False,False,west_to_east,1,0,1,1.8,1.8,0.0,0.0,-2.1,3.2,-5.300000000000001,-2.6500000000000004,1117,3,0
401585720,2024-04-01,New Orleans Pelicans,Phoenix Suns,111,124,2024,-13,235,1.0,False,False,2.0,False,False,same_region,0,0,0,4.8,3.6,1.1999999999999997,0.5999999999999999,2.8,2.2,0.5999999999999996,0.2999999999999998,1118,4,1
401585719,2024-04-01,Chicago Bulls,Atlanta Hawks,101,113,2024,-12,214,4.0,False,False,10.0,False,False,same_region,0,0,0,0.8,9.8,-9.0,-4.5,1.4,1.6,-0.20000000000000018,-0.10000000000000009,1119,4,1
401585718,2024-04-01,Orlando Magic,Portland Trail Blazers,104,103,2024,1,207,1.0,False,True,2.0,False,False,west_to_east,1,0,1,6.4,-20.6,27.0,13.5,7.1,-14.6,21.7,10.85,1120,4,1
401585717,2024-04-01,Indiana Pacers,Brooklyn Nets,133,111,2024,22,244,2.0,False,False,4.0,False,False,same_region,0,0,0,3.4,0.8,2.5999999999999996,1.2999999999999998,5.9,-5.2,11.100000000000001,5.550000000000001,1121,4,1
401585716,2024-04-01,Detroit Pistons,Memphis Grizzlies,108,110,2024,-2,218,7.0,False,False,1.0,False,False,west_to_east,1,0,1,-14.2,-17.2,3.0,1.5,-12.2,-13.3,1.1000000000000014,0.5500000000000007,1122,4,1
401585715,2024-04-01,Charlotte Hornets,Boston Celtics,104,118,2024,-14,222,0.0,True,True,1.0,False,False,same_region,0,0,0,-17.4,9.4,-26.799999999999997,-13.399999999999999,-13.4,13.2,-26.6,-13.3,1123,4,1
401585724,2024-04-02,Miami Heat,New York Knicks,109,99,2024,10,208,3.0,False,False,3.0,False,False,same_region,0,0,0,13.0,15.2,-2.1999999999999993,-1.0999999999999996,6.5,11.6,-5.1,-2.55,1124,4,1
401585723,2024-04-02,Washington Wizards,Milwaukee Bucks,117,113,2024,4,230,1.0,False,False,2.0,False,False,same_region,0,0,0,-3.8,6.0,-9.8,-4.9,-10.6,1.9,-12.5,-6.25,1125,4,1
401585721,2024-04-02,Philadelphia 76ers,Oklahoma City Thunder,109,105,2024,4,214,5.0,False,False,1.0,False,False,west_to_east,1,0,1,2.6,0.4,2.2,1.1,0.2,3.7,-3.5,-1.75,1126,4,1
401636114,2024-04-02,Golden State Warriors,Dallas Mavericks,104,100,2024,4,204,10.0,False,False,1.0,False,False,same_region,0,0,0,9.4,16.8,-7.4,-3.7,4.6,13.0,-8.4,-4.2,1127,4,1
401585722,2024-04-02,Toronto Raptors,Los Angeles Lakers,111,128,2024,-17,239,1.0,False,False,1.0,False,False,west_to_east,1,0,1,-18.0,2.8,-20.8,-10.4,-16.4,4.3,-20.7,-10.35,1128,4,1
401585727,2024-04-02,Denver Nuggets,San Antonio Spurs,110,105,2024,5,215,1.0,False,False,5.0,False,False,same_region,0,0,0,7.4,-3.2,10.600000000000001,5.300000000000001,7.4,-3.0,10.4,5.2,1129,4,1
401585728,2024-04-02,Utah Jazz,Cleveland Cavaliers,113,129,2024,-16,242,3.0,False,False,1.0,False,False,east_to_west,1,1,0,-13.4,-9.4,-4.0,-2.0,-12.2,-5.1,-7.1,-3.55,1130,4,1
401585726,2024-04-02,Minnesota Timberwolves,Houston Rockets,113,106,2024,7,219,1.0,False,False,3.0,False,False,same_region,0,0,0,7.4,7.0,0.40000000000000036,0.20000000000000018,7.0,10.0,-3.0,-1.5,1131,4,1
401585729,2024-04-02,Sacramento Kings,LA Clippers,109,95,2024,14,204,1.0,False,False,1.0,False,False,same_region,0,0,0,-1.0,-3.0,2.0,1.0,3.8,-0.4,4.2,2.1,1132,4,1
401585733,2024-04-03,Boston Celtics,Oklahoma City Thunder,135,100,2024,35,235,13.0,False,False,0.0,True,True,west_to_east,1,0,1,6.8,4.6,2.2,1.1,13.0,4.3,8.7,4.35,1133,4,1
401585732,2024-04-03,Atlanta Hawks,Detroit Pistons,121,113,2024,8,234,3.0,False,False,4.0,False,False,same_region,0,0,0,4.0,-9.2,13.2,6.6,3.2,-13.3,16.5,8.25,1134,4,1
401585730,2024-04-03,Charlotte Hornets,Portland Trail Blazers,86,89,2024,-3,175,1.0,False,True,1.0,False,False,west_to_east,1,0,1,-12.0,-19.2,7.199999999999999,3.5999999999999996,-13.1,-15.1,2.0,1.0,1135,4,1
401585735,2024-04-03,Milwaukee Bucks,Memphis Grizzlies,101,111,2024,-10,212,7.0,False,False,1.0,False,False,west_to_east,1,0,1,3.8,-12.6,16.4,8.2,0.8,-10.0,10.8,5.4,1136,4,1
401585731,2024-04-03,Washington Wizards,Los Angeles Lakers,120,125,2024,-5,245,0.0,True,True,0.0,True,True,west_to_east,1,0,1,-3.6,5.2,-8.8,-4.4,-8.6,4.9,-13.5,-6.75,1137,4,1
401585736,2024-04-03,Minnesota Timberwolves,Toronto Raptors,133,85,2024,48,218,0.0,True,True,10.0,False,False,east_to_west,1,1,0,6.2,-17.4,23.599999999999998,11.799999999999999,8.8,-17.5,26.3,13.15,1138,4,1
401585737,2024-04-03,New Orleans Pelicans,Orlando Magic,108,117,2024,-9,225,1.0,False,False,18.0,False,False,east_to_west,1,1,0,-2.4,3.6,-6.0,-3.0,3.6,8.6,-5.0,-2.5,1139,4,1
401585734,2024-04-03,Brooklyn Nets,Indiana Pacers,115,111,2024,4,226,2.0,False,False,6.0,False,False,same_region,0,0,0,-1.2,5.4,-6.6000000000000005,-3.3000000000000003,-6.6,7.1,-13.7,-6.85,1140,4,1
401585738,2024-04-03,Phoenix Suns,Cleveland Cavaliers,122,101,2024,21,223,12.0,False,False,0.0,True,True,east_to_west,1,1,0,3.6,1.2,2.4000000000000004,1.2000000000000002,2.9,-5.6,8.5,4.25,1141,4,1
401585742,2024-04-04,LA Clippers,Denver Nuggets,102,100,2024,2,202,9.0,False,False,11.0,False,False,same_region,0,0,0,-3.0,7.8,-10.8,-5.4,-3.3,6.7,-10.0,-5.0,1142,4,1
401585741,2024-04-04,Houston Rockets,Golden State Warriors,110,133,2024,-23,243,3.0,False,False,3.0,False,False,same_region,0,0,0,0.0,11.0,-11.0,-5.5,9.1,6.0,3.0999999999999996,1.5499999999999998,1143,4,1
401585752,2024-04-04,Dallas Mavericks,Atlanta Hawks,109,95,2024,14,204,13.0,False,False,2.0,False,False,east_to_west,1,1,0,12.8,5.2,7.6000000000000005,3.8000000000000003,9.1,4.2,4.8999999999999995,2.4499999999999997,1144,4,1
401585740,2024-04-04,New York Knicks,Sacramento Kings,120,109,2024,11,229,3.0,False,False,11.0,False,False,west_to_east,1,0,1,10.8,1.4,9.4,4.7,7.9,3.9,4.0,2.0,1145,4,1
401585739,2024-04-04,Miami Heat,Philadelphia 76ers,105,109,2024,-4,214,1.0,False,False,3.0,False,False,same_region,0,0,0,19.6,0.6,19.0,9.5,8.7,1.5,7.199999999999999,3.5999999999999996,1146,4,1
401585746,2024-04-05,Boston Celtics,Sacramento Kings,101,100,2024,1,201,1.0,False,False,0.0,True,False,west_to_east,1,0,1,11.6,-3.2,14.8,7.4,15.0,3.5,11.5,5.75,1147,4,1
401585745,2024-04-05,Washington Wizards,Portland Trail Blazers,102,108,2024,-6,210,1.0,False,True,1.0,False,False,west_to_east,1,0,1,-5.0,-18.0,13.0,6.5,-6.2,-13.6,7.3999999999999995,3.6999999999999997,1148,4,1
401585748,2024-04-05,Houston Rockets,Miami Heat,104,119,2024,-15,223,0.0,True,False,4.0,False,False,east_to_west,1,1,0,-8.2,11.4,-19.6,-9.8,5.2,7.0,-1.7999999999999998,-0.8999999999999999,1149,4,1
401585747,2024-04-05,Chicago Bulls,New York Knicks,108,100,2024,8,208,3.0,False,False,2.0,False,False,same_region,0,0,0,0.6,8.0,-7.4,-3.7,-0.1,7.8,-7.8999999999999995,-3.9499999999999997,1150,4,1
401585744,2024-04-05,Indiana Pacers,Oklahoma City Thunder,126,112,2024,14,238,3.0,False,False,1.0,False,True,west_to_east,1,0,1,5.6,-3.8,9.399999999999999,4.699999999999999,7.0,0.1,6.9,3.45,1151,4,1
401585743,2024-04-05,Charlotte Hornets,Orlando Magic,124,115,2024,9,239,1.0,False,False,1.0,False,False,same_region,0,0,0,-8.0,5.8,-13.8,-6.9,-14.6,8.7,-23.299999999999997,-11.649999999999999,1152,4,1
401585750,2024-04-05,Milwaukee Bucks,Toronto Raptors,111,117,2024,-6,228,1.0,False,False,1.0,False,False,same_region,0,0,0,-3.2,-26.4,23.2,11.6,3.3,-21.4,24.7,12.35,1153,4,1
401585751,2024-04-05,New Orleans Pelicans,San Antonio Spurs,109,111,2024,-2,220,1.0,False,False,2.0,False,False,same_region,0,0,0,-6.8,0.8,-7.6,-3.8,1.9,-3.3,5.199999999999999,2.5999999999999996,1154,4,1
401585725,2024-04-05,Dallas Mavericks,Golden State Warriors,108,106,2024,2,214,0.0,True,False,0.0,True,False,same_region,0,0,0,13.6,11.4,2.1999999999999993,1.0999999999999996,9.5,7.6,1.9000000000000004,0.9500000000000002,1155,4,1
401585754,2024-04-05,LA Clippers,Utah Jazz,131,102,2024,29,233,0.0,True,False,4.0,False,False,same_region,0,0,0,0.8,-11.0,11.8,5.9,-2.3,-14.0,11.7,5.85,1156,4,1
401585749,2024-04-05,Memphis Grizzlies,Detroit Pistons,108,90,2024,18,198,8.0,False,False,1.0,False,False,east_to_west,1,1,0,-11.0,-8.2,-2.8000000000000007,-1.4000000000000004,-10.2,-12.8,2.6000000000000014,1.3000000000000007,1157,4,1
401585753,2024-04-05,Phoenix Suns,Minnesota Timberwolves,97,87,2024,10,184,1.0,False,False,6.0,False,False,same_region,0,0,0,2.8,15.0,-12.2,-6.1,6.5,11.8,-5.300000000000001,-2.6500000000000004,1158,4,1
401585758,2024-04-06,Denver Nuggets,Atlanta Hawks,142,110,2024,32,252,3.0,False,False,1.0,False,False,east_to_west,1,1,0,2.4,-0.4,2.8,1.4,5.4,1.1,4.300000000000001,2.1500000000000004,1159,4,1
401585757,2024-04-06,Memphis Grizzlies,Philadelphia 76ers,96,116,2024,-20,212,0.0,True,False,1.0,False,False,east_to_west,1,1,0,-2.4,3.8,-6.199999999999999,-3.0999999999999996,-7.2,0.8,-8.0,-4.0,1160,4,1
401585756,2024-04-06,Brooklyn Nets,Detroit Pistons,113,103,2024,10,216,2.0,False,False,0.0,True,True,same_region,0,0,0,-2.0,-6.8,4.8,2.4,-4.1,-14.3,10.200000000000001,5.1000000000000005,1161,4,1
401585755,2024-04-06,Los Angeles Lakers,Cleveland Cavaliers,116,97,2024,19,213,12.0,False,False,2.0,False,False,east_to_west,1,1,0,5.4,-7.6,13.0,6.5,6.7,-6.3,13.0,6.5,1162,4,1
401585759,2024-04-07,Dallas Mavericks,Houston Rockets,147,136,2024,11,283,1.0,False,True,4.0,False,False,same_region,0,0,0,6.8,-12.4,19.2,9.6,10.4,2.3,8.100000000000001,4.050000000000001,1163,4,1
401585760,2024-04-07,LA Clippers,Cleveland Cavaliers,120,118,2024,2,238,1.0,False,True,0.0,True,False,east_to_west,1,1,0,6.4,-10.0,16.4,8.2,2.3,-8.7,11.0,5.5,1164,4,1
401585762,2024-04-07,Boston Celtics,Portland Trail Blazers,124,107,2024,17,231,1.0,False,False,1.0,False,False,west_to_east,1,0,1,12.2,-13.2,25.4,12.7,12.5,-11.1,23.6,11.8,1165,4,1
401585763,2024-04-07,Charlotte Hornets,Oklahoma City Thunder,118,121,2024,-3,239,1.0,False,False,1.0,False,False,west_to_east,1,0,1,-7.6,-5.4,-2.1999999999999993,-1.0999999999999996,-12.6,-1.9,-10.7,-5.35,1166,4,1
401585764,2024-04-07,Orlando Magic,Chicago Bulls,113,98,2024,15,211,5.0,False,False,6.0,False,False,same_region,0,0,0,5.6,2.6,2.9999999999999996,1.4999999999999998,6.8,2.2,4.6,2.3,1167,4,1
401585770,2024-04-07,Golden State Warriors,Utah Jazz,118,110,2024,8,228,4.0,False,False,1.0,False,False,same_region,0,0,0,9.4,-14.8,24.200000000000003,12.100000000000001,8.1,-15.0,23.1,11.55,1168,4,1
401585761,2024-04-07,Indiana Pacers,Miami Heat,117,115,2024,2,232,1.0,False,False,1.0,False,False,same_region,0,0,0,5.0,18.6,-13.600000000000001,-6.800000000000001,6.3,8.2,-1.8999999999999995,-0.9499999999999997,1169,4,1
401585767,2024-04-07,Milwaukee Bucks,New York Knicks,109,122,2024,-13,231,1.0,False,False,1.0,False,False,same_region,0,0,0,-3.6,-2.4,-1.2000000000000002,-0.6000000000000001,1.8,6.3,-4.5,-2.25,1170,4,1
401585768,2024-04-07,San Antonio Spurs,Philadelphia 76ers,126,133,2024,-7,259,6.0,False,False,0.0,True,True,east_to_west,1,1,0,0.8,8.0,-7.2,-3.6,-2.0,2.1,-4.1,-2.05,1171,4,1
401585769,2024-04-07,Brooklyn Nets,Sacramento Kings,77,107,2024,-30,184,0.0,True,False,1.0,False,True,west_to_east,1,0,1,-0.6,3.8,-4.3999999999999995,-2.1999999999999997,-2.4,2.4,-4.8,-2.4,1172,4,1
401585771,2024-04-07,Los Angeles Lakers,Minnesota Timberwolves,117,127,2024,-10,244,0.0,True,False,1.0,False,False,same_region,0,0,0,6.8,10.0,-3.2,-1.6,9.3,8.9,0.40000000000000036,0.20000000000000018,1173,4,1
401585765,2024-04-07,Toronto Raptors,Washington Wizards,130,122,2024,8,252,4.0,False,False,12.0,False,False,same_region,0,0,0,-23.6,-5.6,-18.0,-9.0,-19.8,-4.2,-15.600000000000001,-7.800000000000001,1174,4,1
401585766,2024-04-07,Phoenix Suns,New Orleans Pelicans,105,113,2024,-8,218,1.0,False,False,13.0,False,False,same_region,0,0,0,5.2,-5.8,11.0,5.5,6.4,-0.2,6.6000000000000005,3.3000000000000003,1175,4,1
401585780,2024-04-09,Minnesota Timberwolves,Washington Wizards,130,121,2024,9,251,5.0,False,False,1.0,False,False,east_to_west,1,1,0,9.4,-5.4,14.8,7.4,8.9,-2.7,11.600000000000001,5.800000000000001,1176,4,1
401585772,2024-04-09,Charlotte Hornets,Dallas Mavericks,104,130,2024,-26,234,1.0,False,False,6.0,False,False,west_to_east,1,0,1,-4.6,8.2,-12.799999999999999,-6.3999999999999995,-11.8,11.3,-23.1,-11.55,1177,4,1
401585773,2024-04-09,Philadelphia 76ers,Detroit Pistons,120,102,2024,18,222,6.0,False,False,2.0,False,False,same_region,0,0,0,10.0,-5.8,15.8,7.9,4.1,-12.8,16.9,8.45,1178,4,1
401585774,2024-04-09,Toronto Raptors,Indiana Pacers,123,140,2024,-17,263,1.0,False,False,5.0,False,False,same_region,0,0,0,-13.2,10.6,-23.799999999999997,-11.899999999999999,-17.5,7.0,-24.5,-12.25,1179,4,1
401585775,2024-04-09,Atlanta Hawks,Miami Heat,111,117,2024,-6,228,5.0,False,False,1.0,False,False,same_region,0,0,0,-7.0,6.2,-13.2,-6.6,1.0,8.7,-7.699999999999999,-3.8499999999999996,1180,4,1
401585776,2024-04-09,Milwaukee Bucks,Boston Celtics,104,91,2024,13,195,1.0,False,False,7.0,False,False,same_region,0,0,0,-4.8,15.8,-20.6,-10.3,-0.6,11.7,-12.299999999999999,-6.1499999999999995,1181,4,1
401585777,2024-04-09,Chicago Bulls,New York Knicks,117,128,2024,-11,245,3.0,False,False,1.0,False,False,same_region,0,0,0,-5.6,1.0,-6.6,-3.3,-2.2,6.9,-9.100000000000001,-4.550000000000001,1182,4,1
401585781,2024-04-09,Oklahoma City Thunder,Sacramento Kings,112,105,2024,7,217,10.0,False,False,1.0,False,False,same_region,0,0,0,-9.8,10.6,-20.4,-10.2,-2.8,2.0,-4.8,-2.4,1183,4,1
401585782,2024-04-09,Utah Jazz,Denver Nuggets,95,111,2024,-16,206,6.0,False,False,4.0,False,False,same_region,0,0,0,-15.0,10.2,-25.2,-12.6,-14.8,8.8,-23.6,-11.8,1184,4,1
401585783,2024-04-09,Los Angeles Lakers,Golden State Warriors,120,134,2024,-14,254,1.0,False,True,3.0,False,False,same_region,0,0,0,8.6,7.4,1.1999999999999993,0.5999999999999996,5.2,6.8,-1.5999999999999996,-0.7999999999999998,1185,4,1
401585784,2024-04-09,Phoenix Suns,LA Clippers,92,105,2024,-13,197,1.0,False,False,6.0,False,False,same_region,0,0,0,2.2,6.2,-4.0,-2.0,6.7,1.2,5.5,2.75,1186,4,1
401585785,2024-04-09,Portland Trail Blazers,New Orleans Pelicans,100,110,2024,-10,210,16.0,False,False,1.0,False,False,same_region,0,0,0,-13.8,-5.6,-8.200000000000001,-4.1000000000000005,-12.5,-0.7,-11.8,-5.9,1187,4,1
401585778,2024-04-09,Houston Rockets,Orlando Magic,118,106,2024,12,224,3.0,False,False,3.0,False,False,east_to_west,1,1,0,-14.8,9.2,-24.0,-12.0,-1.1,6.8,-7.9,-3.95,1188,4,1
401585779,2024-04-09,Memphis Grizzlies,San Antonio Spurs,87,102,2024,-15,189,2.0,False,False,3.0,False,False,same_region,0,0,0,-4.0,-2.0,-2.0,-1.0,-8.6,-3.4,-5.199999999999999,-2.5999999999999996,1189,4,1
401585787,2024-04-10,Atlanta Hawks,Charlotte Hornets,114,115,2024,-1,229,0.0,True,False,15.0,False,False,same_region,0,0,0,-6.4,-7.4,1.0,0.5,1.7,-12.4,14.1,7.05,1190,4,1
401585791,2024-04-10,Oklahoma City Thunder,San Antonio Spurs,127,89,2024,38,216,0.0,True,False,0.0,True,False,same_region,0,0,0,-8.6,0.2,-8.799999999999999,-4.3999999999999995,-4.1,-1.3,-2.8,-1.4,1191,4,1
401585789,2024-04-10,Miami Heat,Dallas Mavericks,92,111,2024,-19,203,5.0,False,False,0.0,True,False,west_to_east,1,0,1,5.0,9.8,-4.800000000000001,-2.4000000000000004,9.0,13.3,-4.300000000000001,-2.1500000000000004,1192,4,1
401585786,2024-04-10,Cleveland Cavaliers,Memphis Grizzlies,110,98,2024,12,208,11.0,False,False,6.0,False,False,west_to_east,1,0,1,-11.0,-1.0,-10.0,-5.0,-8.6,-9.1,0.5,0.25,1193,4,1
401585793,2024-04-10,LA Clippers,Phoenix Suns,108,124,2024,-16,232,2.0,False,False,8.0,False,False,same_region,0,0,0,6.4,4.6,1.8000000000000007,0.9000000000000004,1.7,4.1,-2.3999999999999995,-1.1999999999999997,1194,4,1
401585792,2024-04-10,Denver Nuggets,Minnesota Timberwolves,116,107,2024,9,223,3.0,False,False,2.0,False,False,same_region,0,0,0,16.0,12.8,3.1999999999999993,1.5999999999999996,10.1,10.1,0.0,0.0,1195,4,1
401585788,2024-04-10,Brooklyn Nets,Toronto Raptors,106,102,2024,4,208,2.0,False,False,4.0,False,False,same_region,0,0,0,-10.0,-13.6,3.5999999999999996,1.7999999999999998,-4.1,-15.8,11.700000000000001,5.8500000000000005,1196,4,1
401585790,2024-04-10,Milwaukee Bucks,Orlando Magic,117,99,2024,18,216,0.0,True,True,0.0,True,False,same_region,0,0,0,-4.0,0.8,-4.8,-2.4,1.0,3.6,-2.6,-1.3,1197,4,1
401585798,2024-04-11,Sacramento Kings,New Orleans Pelicans,123,135,2024,-12,258,8.0,False,False,1.0,False,False,same_region,0,0,0,5.0,-1.2,6.2,3.1,2.0,1.8,0.19999999999999996,0.09999999999999998,1198,4,1
401585797,2024-04-11,Portland Trail Blazers,Golden State Warriors,92,100,2024,-8,192,1.0,False,False,1.0,False,False,same_region,0,0,0,-3.8,9.4,-13.2,-6.6,-12.2,9.4,-21.6,-10.8,1199,4,1
401585796,2024-04-11,Utah Jazz,Houston Rockets,124,121,2024,3,245,1.0,False,False,3.0,False,False,same_region,0,0,0,-18.0,-8.8,-9.2,-4.6,-15.2,-0.9,-14.299999999999999,-7.1499999999999995,1200,4,1
401585795,2024-04-11,Boston Celtics,New York Knicks,109,118,2024,-9,227,3.0,False,False,1.0,False,False,same_region,0,0,0,10.8,3.4,7.4,3.7,10.1,9.3,0.7999999999999989,0.39999999999999947,1201,4,1
401585794,2024-04-11,Detroit Pistons,Chicago Bulls,105,127,2024,-22,232,9.0,False,False,3.0,False,False,same_region,0,0,0,-11.2,-4.4,-6.799999999999999,-3.3999999999999995,-12.7,-3.6,-9.1,-4.55,1202,4,1
401585803,2024-04-12,New York Knicks,Brooklyn Nets,111,107,2024,4,218,7.0,False,False,10.0,False,False,same_region,0,0,0,7.2,-6.8,14.0,7.0,9.0,-3.0,12.0,6.0,1203,4,1
401585799,2024-04-12,Philadelphia 76ers,Orlando Magic,125,113,2024,12,238,2.0,False,False,1.0,False,True,same_region,0,0,0,10.6,-3.0,13.6,6.8,6.6,0.3,6.3,3.15,1204,4,1
401585800,2024-04-12,Washington Wizards,Chicago Bulls,127,129,2024,-2,256,6.0,False,False,0.0,True,False,same_region,0,0,0,-4.8,-1.6,-3.1999999999999997,-1.5999999999999999,-4.3,-0.4,-3.9,-1.95,1205,4,1
401585802,2024-04-12,Cleveland Cavaliers,Indiana Pacers,129,120,2024,9,249,1.0,False,False,2.0,False,False,same_region,0,0,0,-2.8,10.2,-13.0,-6.5,-6.1,6.8,-12.899999999999999,-6.449999999999999,1206,4,1
401585805,2024-04-12,Memphis Grizzlies,Los Angeles Lakers,120,123,2024,-3,243,2.0,False,False,8.0,False,False,same_region,0,0,0,-3.8,3.4,-7.199999999999999,-3.5999999999999996,-8.2,3.1,-11.299999999999999,-5.6499999999999995,1207,4,1
401585806,2024-04-12,Minnesota Timberwolves,Atlanta Hawks,109,106,2024,3,215,2.0,False,False,5.0,False,False,east_to_west,1,1,0,9.6,-9.0,18.6,9.3,7.9,-2.5,10.4,5.2,1208,4,1
401585812,2024-04-12,LA Clippers,Utah Jazz,109,110,2024,-1,219,1.0,False,False,4.0,False,False,same_region,0,0,0,6.0,-13.2,19.2,9.6,1.5,-13.3,14.8,7.4,1209,4,1
401585804,2024-04-12,Miami Heat,Toronto Raptors,125,103,2024,22,228,1.0,False,False,1.0,False,False,same_region,0,0,0,-0.8,-11.0,10.2,5.1,9.4,-14.2,23.6,11.8,1210,4,1
401585807,2024-04-12,Oklahoma City Thunder,Milwaukee Bucks,125,107,2024,18,232,1.0,False,True,9.0,False,False,east_to_west,1,1,0,-0.2,0.4,-0.6000000000000001,-0.30000000000000004,2.2,2.1,0.10000000000000009,0.050000000000000044,1211,4,1
401585813,2024-04-12,Sacramento Kings,Phoenix Suns,107,108,2024,-1,215,0.0,True,False,1.0,False,False,same_region,0,0,0,-0.2,5.2,-5.4,-2.7,0.6,4.4,-3.8000000000000003,-1.9000000000000001,1212,4,1
401585811,2024-04-12,Portland Trail Blazers,Houston Rockets,107,116,2024,-9,223,0.0,True,True,0.0,True,False,same_region,0,0,0,-5.2,-8.0,2.8,1.4,-12.2,-4.0,-8.2,-4.1,1213,4,1
401585810,2024-04-12,Golden State Warriors,New Orleans Pelicans,109,114,2024,-5,223,4.0,False,False,0.0,True,True,same_region,0,0,0,10.2,3.8,6.3999999999999995,3.1999999999999997,10.6,0.7,9.9,4.95,1214,4,1
401585809,2024-04-12,Dallas Mavericks,Detroit Pistons,89,107,2024,-18,196,4.0,False,False,2.0,False,False,east_to_west,1,1,0,14.4,-15.2,29.6,14.8,13.6,-12.2,25.799999999999997,12.899999999999999,1215,4,1
401585801,2024-04-12,Boston Celtics,Charlotte Hornets,131,98,2024,33,229,0.0,True,False,1.0,False,False,same_region,0,0,0,6.2,-4.4,10.600000000000001,5.300000000000001,6.5,-8.2,14.7,7.35,1216,4,1
401585808,2024-04-12,San Antonio Spurs,Denver Nuggets,121,120,2024,1,241,4.0,False,False,2.0,False,False,same_region,0,0,0,-6.6,12.0,-18.6,-9.3,-4.9,9.7,-14.6,-7.3,1217,4,1
401585821,2024-04-14,Memphis Grizzlies,Denver Nuggets,111,126,2024,-15,237,1.0,False,False,1.0,False,False,same_region,0,0,0,-6.4,10.8,-17.200000000000003,-8.600000000000001,-8.7,9.3,-18.0,-9.0,1218,4,1
401585814,2024-04-14,Boston Celtics,Washington Wizards,132,122,2024,10,254,1.0,False,True,4.0,False,False,same_region,0,0,0,5.8,-6.0,11.8,5.9,8.7,-4.8,13.5,6.75,1219,4,1
401585815,2024-04-14,Cleveland Cavaliers,Charlotte Hornets,110,120,2024,-10,230,1.0,False,False,1.0,False,False,same_region,0,0,0,-4.2,-10.4,6.2,3.1,-1.5,-9.2,7.699999999999999,3.8499999999999996,1220,4,1
401585816,2024-04-14,Indiana Pacers,Atlanta Hawks,157,115,2024,42,272,6.0,False,False,1.0,False,False,same_region,0,0,0,4.0,-11.2,15.2,7.6,4.7,-3.0,7.7,3.85,1221,4,1
401585818,2024-04-14,New York Knicks,Chicago Bulls,120,119,2024,1,239,1.0,False,False,1.0,False,True,same_region,0,0,0,5.8,1.2,4.6,2.3,6.9,0.9,6.0,3.0,1222,4,1
401585819,2024-04-14,Orlando Magic,Milwaukee Bucks,113,88,2024,25,201,6.0,False,False,1.0,False,False,same_region,0,0,0,-7.2,-1.2,-6.0,-3.0,-0.7,-2.2,1.5000000000000002,0.7500000000000001,1223,4,1
401585825,2024-04-14,San Antonio Spurs,Detroit Pistons,123,95,2024,28,218,1.0,False,False,1.0,False,False,east_to_west,1,1,0,-5.4,-10.0,4.6,2.3,-2.3,-9.1,6.8,3.4,1224,4,1
401585823,2024-04-14,New Orleans Pelicans,Los Angeles Lakers,108,124,2024,-16,232,8.0,False,False,1.0,False,False,same_region,0,0,0,6.6,0.6,6.0,3.0,-0.1,2.9,-3.0,-1.5,1225,4,1
401585824,2024-04-14,Oklahoma City Thunder,Dallas Mavericks,135,86,2024,49,221,1.0,False,False,3.0,False,False,same_region,0,0,0,10.4,8.0,2.4000000000000004,1.2000000000000002,3.3,10.8,-7.500000000000001,-3.7500000000000004,1226,4,1
401585826,2024-04-14,Golden State Warriors,Utah Jazz,123,116,2024,7,239,1.0,False,False,1.0,False,False,same_region,0,0,0,4.6,-9.8,14.4,7.2,8.0,-10.4,18.4,9.2,1227,4,1
401585827,2024-04-14,LA Clippers,Houston Rockets,105,116,2024,-11,221,1.0,False,False,1.0,False,True,same_region,0,0,0,5.4,-1.6,7.0,3.5,3.1,-4.9,8.0,4.0,1228,4,1
401585828,2024-04-14,Sacramento Kings,Portland Trail Blazers,121,82,2024,39,203,1.0,False,True,6.0,False,False,same_region,0,0,0,1.8,-7.6,9.4,4.7,-0.7,-12.8,12.100000000000001,6.050000000000001,1229,4,1
401585820,2024-04-14,Philadelphia 76ers,Brooklyn Nets,107,86,2024,21,193,1.0,False,False,1.0,False,False,same_region,0,0,0,12.2,-3.2,15.399999999999999,7.699999999999999,6.4,-2.2,8.600000000000001,4.300000000000001,1230,4,1
401585817,2024-04-14,Miami Heat,Toronto Raptors,118,103,2024,15,221,1.0,False,False,1.0,False,False,same_region,0,0,0,4.4,-5.8,10.2,5.1,7.9,-16.1,24.0,12.0,1231,4,1
401585822,2024-04-14,Minnesota Timberwolves,Phoenix Suns,106,125,2024,-19,231,1.0,False,False,1.0,False,False,same_region,0,0,0,0.6,1.2,-0.6,-0.3,7.8,2.0,5.8,2.9,1232,4,1
401654656,2024-04-16,Sacramento Kings,Golden State Warriors,118,94,2024,24,212,1.0,False,False,4.0,False,False,same_region,0,0,0,9.8,6.4,3.4000000000000004,1.7000000000000002,6.8,7.9,-1.1000000000000005,-0.5500000000000003,1233,4,1
401654655,2024-04-16,New Orleans Pelicans,Los Angeles Lakers,106,110,2024,-4,216,1.0,False,False,1.0,False,False,same_region,0,0,0,3.8,2.8,1.0,0.5,-1.0,4.1,-5.1,-2.55,1234,4,1
401654659,2024-04-17,Philadelphia 76ers,Miami Heat,105,104,2024,1,209,2.0,False,False,7.0,False,False,same_region,0,0,0,15.6,4.4,11.2,5.6,9.7,11.5,-1.8000000000000007,-0.9000000000000004,1235,4,1
401654658,2024-04-17,Chicago Bulls,Atlanta Hawks,131,116,2024,15,247,7.0,False,False,2.0,False,False,same_region,0,0,0,-0.6,-16.8,16.2,8.1,1.0,-8.6,9.6,4.8,1236,4,1
401654661,2024-04-19,New Orleans Pelicans,Sacramento Kings,105,98,2024,7,203,2.0,False,False,9.0,False,False,same_region,0,0,0,1.4,8.6,-7.199999999999999,-3.5999999999999996,-2.1,9.6,-11.7,-5.85,1237,4,1
401654660,2024-04-19,Miami Heat,Chicago Bulls,112,91,2024,21,203,4.0,False,False,4.0,False,False,same_region,0,0,0,4.6,5.4,-0.8000000000000007,-0.40000000000000036,5.4,-0.1,5.5,2.75,1238,4,1
401654757,2024-04-20,Cleveland Cavaliers,Orlando Magic,97,83,2024,14,180,5.0,False,False,7.0,False,False,same_region,0,0,0,-2.0,-0.4,-1.6,-0.8,-4.8,2.6,-7.4,-3.7,1239,4,1
401654758,2024-04-20,Denver Nuggets,Los Angeles Lakers,114,103,2024,11,217,9.0,False,False,3.0,False,False,same_region,0,0,0,14.2,-0.2,14.399999999999999,7.199999999999999,8.3,3.3,5.000000000000001,2.5000000000000004,1240,4,1
401654756,2024-04-20,New York Knicks,Philadelphia 76ers,111,104,2024,7,215,5.0,False,False,12.0,False,False,same_region,0,0,0,7.6,11.8,-4.200000000000001,-2.1000000000000005,2.6,9.9,-7.300000000000001,-3.6500000000000004,1241,4,1
401654759,2024-04-20,Minnesota Timberwolves,Phoenix Suns,120,95,2024,25,215,5.0,False,False,5.0,False,False,same_region,0,0,0,-1.2,3.0,-4.2,-2.1,4.4,4.1,0.3000000000000007,0.15000000000000036,1242,4,1
401654761,2024-04-21,Milwaukee Bucks,Indiana Pacers,109,94,2024,15,203,10.0,False,False,8.0,False,False,same_region,0,0,0,-5.0,13.2,-18.2,-9.1,-4.3,9.4,-13.7,-6.85,1243,4,1
401654763,2024-04-21,LA Clippers,Dallas Mavericks,109,97,2024,12,206,6.0,False,False,6.0,False,False,same_region,0,0,0,-2.6,-2.2,-0.3999999999999999,-0.19999999999999996,1.9,2.3,-0.3999999999999999,-0.19999999999999996,1244,4,1
401654760,2024-04-21,Boston Celtics,Miami Heat,114,94,2024,20,208,6.0,False,False,3.0,False,False,same_region,0,0,0,7.6,7.6,0.0,0.0,9.9,6.3,3.6000000000000005,1.8000000000000003,1245,4,1
401654762,2024-04-21,Oklahoma City Thunder,New Orleans Pelicans,94,92,2024,2,186,6.0,False,False,8.0,False,False,same_region,0,0,0,23.0,0.8,22.2,11.1,8.8,-0.2,9.0,4.5,1246,4,1
401655082,2024-04-22,Denver Nuggets,Los Angeles Lakers,101,99,2024,2,200,1.0,False,False,1.0,False,False,same_region,0,0,0,10.0,-0.4,10.4,5.2,10.1,4.1,6.0,3.0,1247,4,1
401655106,2024-04-22,New York Knicks,Philadelphia 76ers,104,101,2024,3,205,1.0,False,False,1.0,False,False,same_region,0,0,0,6.4,9.0,-2.5999999999999996,-1.2999999999999998,3.7,9.5,-5.8,-2.9,1248,4,1
401655118,2024-04-22,Cleveland Cavaliers,Orlando Magic,96,86,2024,10,182,1.0,False,False,1.0,False,False,same_region,0,0,0,4.6,-6.2,10.8,5.4,-2.7,1.5,-4.2,-2.1,1249,4,1
401655112,2024-04-23,Milwaukee Bucks,Indiana Pacers,108,125,2024,-17,233,1.0,False,False,1.0,False,False,same_region,0,0,0,0.6,7.4,-6.800000000000001,-3.4000000000000004,-2.1,6.2,-8.3,-4.15,1250,4,1
401655088,2024-04-23,Minnesota Timberwolves,Phoenix Suns,105,93,2024,12,198,2.0,False,False,2.0,False,False,same_region,0,0,0,1.8,-0.4,2.2,1.1,5.6,0.9,4.699999999999999,2.3499999999999996,1251,4,1
401655094,2024-04-23,LA Clippers,Dallas Mavericks,93,96,2024,-3,189,1.0,False,False,1.0,False,False,same_region,0,0,0,-0.6,-6.8,6.2,3.1,2.8,0.7,2.0999999999999996,1.0499999999999998,1252,4,1
401655076,2024-04-24,Oklahoma City Thunder,New Orleans Pelicans,124,92,2024,32,216,2.0,False,False,2.0,False,False,same_region,0,0,0,22.8,-2.0,24.8,12.4,6.5,0.9,5.6,2.8,1253,4,1
401655100,2024-04-24,Boston Celtics,Miami Heat,101,111,2024,-10,212,2.0,False,False,2.0,False,False,same_region,0,0,0,8.2,7.4,0.7999999999999989,0.39999999999999947,12.0,3.3,8.7,4.35,1254,4,1
401655083,2024-04-25,Los Angeles Lakers,Denver Nuggets,105,112,2024,-7,217,15.0,False,False,10.0,False,False,same_region,0,0,0,2.0,7.2,-5.2,-2.6,2.7,11.6,-8.899999999999999,-4.449999999999999,1255,4,1
401655107,2024-04-25,Philadelphia 76ers,New York Knicks,125,114,2024,11,239,7.0,False,False,13.0,False,False,same_region,0,0,0,4.8,4.8,0.0,0.0,7.7,4.1,3.6000000000000005,1.8000000000000003,1256,4,1
401655119,2024-04-25,Orlando Magic,Cleveland Cavaliers,121,83,2024,38,204,10.0,False,False,17.0,False,False,same_region,0,0,0,-5.8,7.0,-12.8,-6.4,-2.5,-2.0,-0.5,-0.25,1257,4,1
401655113,2024-04-26,Indiana Pacers,Milwaukee Bucks,121,118,2024,3,239,11.0,False,False,11.0,False,False,same_region,0,0,0,10.4,-5.4,15.8,7.9,10.5,-4.7,15.2,7.6,1258,4,1
401655089,2024-04-26,Phoenix Suns,Minnesota Timberwolves,109,126,2024,-17,235,16.0,False,False,15.0,False,False,same_region,0,0,0,-0.2,2.4,-2.6,-1.3,2.2,7.6,-5.3999999999999995,-2.6999999999999997,1259,4,1
401655095,2024-04-26,Dallas Mavericks,LA Clippers,101,90,2024,11,191,13.0,False,False,16.0,False,False,same_region,0,0,0,-11.4,-3.8,-7.6000000000000005,-3.8000000000000003,-0.8,1.3,-2.1,-1.05,1260,4,1
401655101,2024-04-27,Miami Heat,Boston Celtics,84,104,2024,-20,188,7.0,False,False,17.0,False,False,same_region,0,0,0,5.0,8.8,-3.8000000000000007,-1.9000000000000004,4.7,9.8,-5.1000000000000005,-2.5500000000000003,1261,4,1
401655077,2024-04-27,New Orleans Pelicans,Oklahoma City Thunder,85,106,2024,-21,191,7.0,False,False,19.0,False,False,same_region,0,0,0,-9.4,27.8,-37.2,-18.6,-1.4,9.6,-11.0,-5.5,1262,4,1
401655120,2024-04-27,Orlando Magic,Cleveland Cavaliers,112,89,2024,23,201,1.0,False,False,1.0,False,False,same_region,0,0,0,5.4,-3.0,8.4,4.2,1.2,-2.9,4.1,2.05,1263,4,1
401655084,2024-04-27,Los Angeles Lakers,Denver Nuggets,119,108,2024,11,227,1.0,False,False,1.0,False,False,same_region,0,0,0,0.0,6.8,-6.8,-3.4,0.3,9.4,-9.1,-4.55,1264,4,1
401655090,2024-04-28,Phoenix Suns,Minnesota Timberwolves,116,122,2024,-6,238,1.0,False,False,1.0,False,False,same_region,0,0,0,-6.8,7.6,-14.399999999999999,-7.199999999999999,-0.8,8.6,-9.4,-4.7,1265,4,1
401655114,2024-04-28,Indiana Pacers,Milwaukee Bucks,126,113,2024,13,239,1.0,False,False,1.0,False,False,same_region,0,0,0,7.6,-9.6,17.2,8.6,8.9,-4.6,13.5,6.75,1266,4,1
401655096,2024-04-28,Dallas Mavericks,LA Clippers,111,116,2024,-5,227,1.0,False,False,1.0,False,False,same_region,0,0,0,-13.0,-2.8,-10.2,-5.1,0.7,1.6,-0.9000000000000001,-0.45000000000000007,1267,4,1
401655108,2024-04-28,Philadelphia 76ers,New York Knicks,92,97,2024,-5,189,2.0,False,False,2.0,False,False,same_region,0,0,0,4.6,0.8,3.8,1.9,8.4,4.0,4.4,2.2,1268,4,1
401655102,2024-04-29,Miami Heat,Boston Celtics,88,102,2024,-14,190,1.0,False,False,1.0,False,False,same_region,0,0,0,-2.0,14.6,-16.6,-8.3,1.2,10.4,-9.200000000000001,-4.6000000000000005,1269,4,1
401655078,2024-04-29,New Orleans Pelicans,Oklahoma City Thunder,89,97,2024,-8,186,1.0,False,False,1.0,False,False,same_region,0,0,0,-10.4,24.4,-34.8,-17.4,-3.3,12.1,-15.399999999999999,-7.699999999999999,1270,4,1
401655085,2024-04-29,Denver Nuggets,Los Angeles Lakers,108,106,2024,2,214,6.0,False,False,6.0,False,False,same_region,0,0,0,4.8,-1.0,5.8,2.9,7.8,0.9,6.8999999999999995,3.4499999999999997,1271,4,1
401655115,2024-04-30,Milwaukee Bucks,Indiana Pacers,115,92,2024,23,207,6.0,False,False,6.0,False,False,same_region,0,0,0,-8.6,12.0,-20.6,-10.3,-4.9,8.0,-12.9,-6.45,1272,4,1
401655121,2024-04-30,Cleveland Cavaliers,Orlando Magic,104,103,2024,1,207,7.0,False,False,7.0,False,False,same_region,0,0,0,-9.4,12.4,-21.8,-10.9,-6.8,2.6,-9.4,-4.7,1273,4,1
401655109,2024-04-30,New York Knicks,Philadelphia 76ers,106,112,2024,-6,218,7.0,False,False,7.0,False,False,same_region,0,0,0,1.0,-0.6,1.6,0.8,3.4,7.5,-4.1,-2.05,1274,4,1
401655097,2024-05-01,LA Clippers,Dallas Mavericks,93,123,2024,-30,216,7.0,False,False,7.0,False,False,same_region,0,0,0,-1.6,-10.4,8.8,4.4,1.9,-1.2,3.0999999999999996,1.5499999999999998,1275,5,1
401655103,2024-05-01,Boston Celtics,Miami Heat,118,84,2024,34,202,6.0,False,False,6.0,False,False,same_region,0,0,0,10.8,-4.6,15.4,7.7,8.3,0.0,8.3,4.15,1276,5,1
401655110,2024-05-02,Philadelphia 76ers,New York Knicks,115,118,2024,-3,233,3.0,False,False,3.0,False,False,same_region,0,0,0,0.4,-0.4,0.8,0.4,6.1,3.6,2.4999999999999996,1.2499999999999998,1277,5,1
401655116,2024-05-02,Indiana Pacers,Milwaukee Bucks,120,98,2024,22,218,3.0,False,False,3.0,False,False,same_region,0,0,0,-1.0,1.0,-2.0,-1.0,6.1,-2.0,8.1,4.05,1278,5,1
401655122,2024-05-03,Orlando Magic,Cleveland Cavaliers,103,96,2024,7,199,5.0,False,False,5.0,False,False,same_region,0,0,0,7.2,-7.2,14.4,7.2,3.4,-4.6,8.0,4.0,1279,5,1
401655098,2024-05-03,Dallas Mavericks,LA Clippers,114,101,2024,13,215,4.0,False,False,4.0,False,False,same_region,0,0,0,5.4,-5.4,10.8,5.4,1.6,-4.0,5.6,2.8,1280,5,1
401657182,2024-05-04,Denver Nuggets,Minnesota Timberwolves,99,106,2024,-7,205,4.0,False,False,5.0,False,False,same_region,0,0,0,2.2,8.2,-5.999999999999999,-2.9999999999999996,8.2,4.4,3.799999999999999,1.8999999999999995,1281,5,1
401655123,2024-05-05,Cleveland Cavaliers,Orlando Magic,106,94,2024,12,200,4.0,False,False,4.0,False,False,same_region,0,0,0,-11.4,11.4,-22.8,-11.4,-3.4,2.6,-6.0,-3.0,1282,5,1
401657183,2024-05-06,Denver Nuggets,Minnesota Timberwolves,80,106,2024,-26,186,1.0,False,False,1.0,False,False,same_region,0,0,0,-1.4,13.4,-14.8,-7.4,4.3,6.1,-1.7999999999999998,-0.8999999999999999,1283,5,1
401657420,2024-05-06,New York Knicks,Indiana Pacers,121,117,2024,4,238,5.0,False,False,5.0,False,False,same_region,0,0,0,-1.2,6.4,-7.6000000000000005,-3.8000000000000003,2.6,6.9,-4.300000000000001,-2.1500000000000004,1284,5,1
401657231,2024-05-07,Oklahoma City Thunder,Dallas Mavericks,117,95,2024,22,212,12.0,False,False,5.0,False,False,same_region,0,0,0,22.4,10.4,11.999999999999998,5.999999999999999,16.4,1.8,14.599999999999998,7.299999999999999,1285,5,1
401658224,2024-05-07,Boston Celtics,Cleveland Cavaliers,120,95,2024,25,215,5.0,False,False,3.0,False,False,same_region,0,0,0,15.6,-11.0,26.6,13.3,11.6,-2.0,13.6,6.8,1286,5,1
401657421,2024-05-08,New York Knicks,Indiana Pacers,130,121,2024,9,251,1.0,False,False,1.0,False,False,same_region,0,0,0,-1.0,2.2,-3.2,-1.6,1.9,6.3,-4.4,-2.2,1287,5,1
401658188,2024-05-09,Oklahoma City Thunder,Dallas Mavericks,110,119,2024,-9,229,1.0,False,False,1.0,False,False,same_region,0,0,0,17.0,5.4,11.6,5.8,20.0,-3.0,23.0,11.5,1288,5,1
401658225,2024-05-09,Boston Celtics,Cleveland Cavaliers,94,118,2024,-24,212,1.0,False,False,1.0,False,False,same_region,0,0,0,16.6,-8.4,25.0,12.5,12.4,-5.7,18.1,9.05,1289,5,1
401657422,2024-05-10,Indiana Pacers,New York Knicks,111,106,2024,5,217,7.0,False,False,7.0,False,False,same_region,0,0,0,-0.2,3.0,-3.2,-1.6,3.7,1.9,1.8000000000000003,0.9000000000000001,1290,5,1
401657184,2024-05-10,Minnesota Timberwolves,Denver Nuggets,90,117,2024,-27,207,16.0,False,False,12.0,False,False,same_region,0,0,0,13.6,-7.0,20.6,10.3,7.7,0.1,7.6000000000000005,3.8000000000000003,1291,5,1
401658226,2024-05-11,Cleveland Cavaliers,Boston Celtics,93,106,2024,-13,199,5.0,False,False,11.0,False,False,same_region,0,0,0,1.0,13.8,-12.8,-6.4,-4.2,11.3,-15.5,-7.75,1292,5,1
401658190,2024-05-11,Dallas Mavericks,Oklahoma City Thunder,105,101,2024,4,206,7.0,False,False,11.0,False,False,same_region,0,0,0,5.0,14.8,-9.8,-4.9,-4.0,18.8,-22.8,-11.4,1293,5,1
401657185,2024-05-12,Minnesota Timberwolves,Denver Nuggets,107,115,2024,-8,222,1.0,False,False,1.0,False,False,same_region,0,0,0,5.8,-3.0,8.8,4.4,4.1,1.9,2.1999999999999997,1.0999999999999999,1294,5,1
401657423,2024-05-12,Indiana Pacers,New York Knicks,121,89,2024,32,210,1.0,False,False,1.0,False,False,same_region,0,0,0,-1.8,1.0,-2.8,-1.4,5.1,1.0,4.1,2.05,1295,5,1
401658191,2024-05-13,Dallas Mavericks,Oklahoma City Thunder,96,100,2024,-4,196,1.0,False,False,1.0,False,False,same_region,0,0,0,6.8,7.6,-0.7999999999999998,-0.3999999999999999,-1.8,17.7,-19.5,-9.75,1296,5,1
401658227,2024-05-13,Cleveland Cavaliers,Boston Celtics,102,109,2024,-7,211,1.0,False,False,1.0,False,False,same_region,0,0,0,-1.8,12.4,-14.200000000000001,-7.1000000000000005,-4.5,13.5,-18.0,-9.0,1297,5,1
401657186,2024-05-14,Denver Nuggets,Minnesota Timberwolves,112,97,2024,15,209,7.0,False,False,7.0,False,False,same_region,0,0,0,0.8,0.8,0.0,0.0,2.8,4.2,-1.4000000000000004,-0.7000000000000002,1298,5,1
401658196,2024-05-14,New York Knicks,Indiana Pacers,121,91,2024,30,212,5.0,False,False,5.0,False,False,same_region,0,0,0,-4.2,9.2,-13.399999999999999,-6.699999999999999,-2.3,4.1,-6.3999999999999995,-3.1999999999999997,1299,5,1
401658228,2024-05-15,Boston Celtics,Cleveland Cavaliers,113,98,2024,15,211,5.0,False,False,5.0,False,False,same_region,0,0,0,11.0,-1.8,12.8,6.4,10.9,-6.6,17.5,8.75,1300,5,1
401658192,2024-05-15,Oklahoma City Thunder,Dallas Mavericks,92,104,2024,-12,196,5.0,False,False,5.0,False,False,same_region,0,0,0,4.2,0.0,4.2,2.1,14.3,2.7,11.600000000000001,5.800000000000001,1301,5,1
401657187,2024-05-16,Minnesota Timberwolves,Denver Nuggets,115,70,2024,45,185,3.0,False,False,3.0,False,False,same_region,0,0,0,-3.4,3.4,-6.8,-3.4,2.4,2.8,-0.3999999999999999,-0.19999999999999996,1302,5,1
401658197,2024-05-17,Indiana Pacers,New York Knicks,116,103,2024,13,219,4.0,False,False,4.0,False,False,same_region,0,0,0,-1.2,1.2,-2.4,-1.2,2.6,0.0,2.6,1.3,1303,5,1
401658194,2024-05-18,Dallas Mavericks,Oklahoma City Thunder,117,116,2024,1,233,4.0,False,False,4.0,False,False,same_region,0,0,0,-0.2,0.2,-0.4,-0.2,5.1,11.3,-6.200000000000001,-3.1000000000000005,1304,5,1
401657188,2024-05-19,Denver Nuggets,Minnesota Timberwolves,90,98,2024,-8,188,4.0,False,False,4.0,False,False,same_region,0,0,0,-4.2,4.2,-8.4,-4.2,-2.8,8.8,-11.600000000000001,-5.800000000000001,1305,5,1
401658198,2024-05-19,New York Knicks,Indiana Pacers,109,130,2024,-21,239,4.0,False,False,4.0,False,False,same_region,0,0,0,-2.2,2.2,-4.4,-2.2,-1.6,2.2,-3.8000000000000003,-1.9000000000000001,1306,5,1
401671998,2024-05-21,Boston Celtics,Indiana Pacers,133,128,2024,5,261,5.0,False,False,1.0,False,False,same_region,0,0,0,7.2,8.2,-0.9999999999999991,-0.49999999999999956,11.4,4.0,7.4,3.7,1307,5,1
401672976,2024-05-22,Minnesota Timberwolves,Dallas Mavericks,105,108,2024,-3,213,5.0,False,False,6.0,False,False,same_region,0,0,0,0.6,4.4,-3.8000000000000003,-1.9000000000000001,7.1,4.9,2.1999999999999993,1.0999999999999996,1308,5,1
401671999,2024-05-23,Boston Celtics,Indiana Pacers,126,110,2024,16,236,1.0,False,False,1.0,False,False,same_region,0,0,0,3.2,6.2,-3.0,-1.5,9.9,2.2,7.7,3.85,1309,5,1
401672977,2024-05-24,Minnesota Timberwolves,Dallas Mavericks,108,109,2024,-1,217,1.0,False,False,1.0,False,False,same_region,0,0,0,5.4,3.2,2.2,1.1,5.6,4.1,1.5,0.75,1310,5,1
401672000,2024-05-25,Indiana Pacers,Boston Celtics,111,114,2024,-3,225,7.0,False,False,11.0,False,False,same_region,0,0,0,-3.4,11.2,-14.6,-7.3,2.9,12.5,-9.6,-4.8,1311,5,1
401672978,2024-05-26,Dallas Mavericks,Minnesota Timberwolves,116,107,2024,9,223,7.0,False,False,6.0,False,False,same_region,0,0,0,2.6,6.8,-4.199999999999999,-2.0999999999999996,4.7,3.8,0.9000000000000004,0.4500000000000002,1312,5,1
401672001,2024-05-27,Indiana Pacers,Boston Celtics,102,105,2024,-3,207,1.0,False,False,1.0,False,False,same_region,0,0,0,2.0,9.2,-7.199999999999999,-3.5999999999999996,0.4,10.8,-10.4,-5.2,1313,5,1
401672979,2024-05-28,Dallas Mavericks,Minnesota Timberwolves,100,105,2024,-5,205,1.0,False,False,1.0,False,False,same_region,0,0,0,5.2,8.0,-2.8,-1.4,2.6,2.3,0.30000000000000027,0.15000000000000013,1314,5,1
401672980,2024-05-30,Minnesota Timberwolves,Dallas Mavericks,103,124,2024,-21,227,5.0,False,False,5.0,False,False,same_region,0,0,0,0.0,1.8,-1.8,-0.9,2.1,0.8,1.3,0.65,1315,5,1
401656359,2024-06-06,Boston Celtics,Dallas Mavericks,107,89,2024,18,196,13.0,False,False,6.0,False,False,west_to_east,1,0,1,8.4,5.8,2.6000000000000005,1.3000000000000003,9.7,5.1,4.6,2.3,1316,6,1
401656360,2024-06-09,Boston Celtics,Dallas Mavericks,105,98,2024,7,203,2.0,False,False,2.0,False,False,west_to_east,1,0,1,9.0,1.6,7.4,3.7,8.1,2.4,5.699999999999999,2.8499999999999996,1317,6,1
401656361,2024-06-12,Dallas Mavericks,Boston Celtics,99,106,2024,-7,205,14.0,False,False,15.0,False,False,east_to_west,1,1,0,0.0,9.4,-9.4,-4.7,1.3,6.3,-5.0,-2.5,1318,6,1
401656362,2024-06-14,Dallas Mavericks,Boston Celtics,122,84,2024,38,206,1.0,False,False,1.0,False,False,east_to_west,1,1,0,-3.2,7.6,-10.8,-5.4,1.0,9.4,-8.4,-4.2,1319,6,1
401656363,2024-06-17,Boston Celtics,Dallas Mavericks,106,88,2024,18,194,7.0,False,False,7.0,False,False,west_to_east,1,0,1,-0.6,5.4,-6.0,-3.0,4.3,3.6,0.6999999999999997,0.34999999999999987,1320,6,1
