game_id,game_date,home_team,away_team,home_pts,away_pts,season,actual_spread,actual_total,home_rest_days,home_back_to_back,home_three_in_four,away_rest_days,away_back_to_back,away_three_in_four,travel_direction,long_travel,east_to_west,west_to_east,home_rolling_5g,away_rolling_5g,rolling_diff_5g,pred_spread_rolling_5g,home_rolling_10g,away_rolling_10g,rolling_diff_10g,pred_spread_rolling_10g,season_game_num,month,is_playoff
401358774,2021-10-19,Los Angeles Lakers,Golden State Warriors,114,121,2022,-7,235,,False,False,,False,False,same_region,0,0,0,,,0.0,0.0,,,0.0,0.0,1,10,0
401358773,2021-10-19,Milwaukee Bucks,Brooklyn Nets,127,104,2022,23,231,,False,False,,False,False,same_region,0,0,0,,,0.0,0.0,,,0.0,0.0,2,10,0
401359835,2021-10-20,Toronto Raptors,Washington Wizards,83,98,2022,-15,181,,False,False,,False,False,same_region,0,0,0,,,0.0,0.0,,,0.0,0.0,3,10,0
401358776,2021-10-20,Phoenix Suns,Denver Nuggets,98,110,2022,-12,208,,False,False,,False,False,same_region,0,0,0,,,0.0,0.0,,,0.0,0.0,4,10,0
401359833,2021-10-20,Charlotte Hornets,Indiana Pacers,123,122,2022,1,245,,False,False,,False,False,same_region,0,0,0,,,0.0,0.0,,,0.0,0.0,5,10,0
401358775,2021-10-20,New York Knicks,Boston Celtics,138,134,2022,4,272,,False,False,,False,False,same_region,0,0,0,,,0.0,0.0,,,0.0,0.0,6,10,0
401359840,2021-10-20,Utah Jazz,Oklahoma City Thunder,107,86,2022,21,193,,False,False,,False,False,same_region,0,0,0,,,0.0,0.0,,,0.0,0.0,7,10,0
401359834,2021-10-20,Detroit Pistons,Chicago Bulls,88,94,2022,-6,182,,False,False,,False,False,same_region,0,0,0,,,0.0,0.0,,,0.0,0.0,8,10,0
401359837,2021-10-20,Minnesota Timberwolves,Houston Rockets,124,106,2022,18,230,,False,False,,False,False,same_region,0,0,0,,,0.0,0.0,,,0.0,0.0,9,10,0
401359836,2021-10-20,Memphis Grizzlies,Cleveland Cavaliers,132,121,2022,11,253,,False,False,,False,False,east_to_west,1,1,0,,,0.0,0.0,,,0.0,0.0,10,10,0
401359838,2021-10-20,New Orleans Pelicans,Philadelphia 76ers,97,117,2022,-20,214,,False,False,,False,False,east_to_west,1,1,0,,,0.0,0.0,,,0.0,0.0,11,10,0
401359839,2021-10-20,San Antonio Spurs,Orlando Magic,123,97,2022,26,220,,False,False,,False,False,east_to_west,1,1,0,,,0.0,0.0,,,0.0,0.0,12,10,0
401359841,2021-10-20,Portland Trail Blazers,Sacramento Kings,121,124,2022,-3,245,,False,False,,False,False,same_region,0,0,0,,,0.0,0.0,,,0.0,0.0,13,10,0
401358778,2021-10-21,Golden State Warriors,LA Clippers,115,113,2022,2,228,,False,False,,False,False,same_region,0,0,0,,,0.0,0.0,,,0.0,0.0,14,10,0
401359842,2021-10-21,Miami Heat,Milwaukee Bucks,137,95,2022,42,232,,False,False,,False,False,same_region,0,0,0,,,0.0,0.0,,,0.0,0.0,15,10,0
401358777,2021-10-21,Atlanta Hawks,Dallas Mavericks,113,87,2022,26,200,,False,False,,False,False,west_to_east,1,0,1,,,0.0,0.0,,,0.0,0.0,16,10,0
401359844,2021-10-22,Orlando Magic,New York Knicks,96,121,2022,-25,217,,False,False,,False,False,same_region,0,0,0,,,0.0,0.0,,,0.0,0.0,17,10,0
401359847,2021-10-22,Chicago Bulls,New Orleans Pelicans,128,112,2022,16,240,,False,False,,False,False,west_to_east,1,0,1,,,0.0,0.0,,,0.0,0.0,18,10,0
401359843,2021-10-22,Cleveland Cavaliers,Charlotte Hornets,112,123,2022,-11,235,,False,False,,False,False,same_region,0,0,0,,,0.0,0.0,,,0.0,0.0,19,10,0
401359845,2021-10-22,Washington Wizards,Indiana Pacers,135,134,2022,1,269,,False,False,1.0,False,False,same_region,0,0,0,,,0.0,0.0,,,0.0,0.0,20,10,0
401358779,2021-10-22,Philadelphia 76ers,Brooklyn Nets,109,114,2022,-5,223,,False,False,2.0,False,False,same_region,0,0,0,,,0.0,0.0,,,0.0,0.0,21,10,0
401359849,2021-10-22,Denver Nuggets,San Antonio Spurs,102,96,2022,6,198,,False,False,,False,False,same_region,0,0,0,,,0.0,0.0,,,0.0,0.0,22,10,0
401359850,2021-10-22,Sacramento Kings,Utah Jazz,101,110,2022,-9,211,,False,False,,False,False,same_region,0,0,0,,,0.0,0.0,,,0.0,0.0,23,10,0
401359846,2021-10-22,Boston Celtics,Toronto Raptors,83,115,2022,-32,198,,False,False,,False,False,same_region,0,0,0,,,0.0,0.0,,,0.0,0.0,24,10,0
401358780,2021-10-22,Los Angeles Lakers,Phoenix Suns,105,115,2022,-10,220,2.0,False,False,,False,False,same_region,0,0,0,,,0.0,0.0,,,0.0,0.0,25,10,0
401359848,2021-10-22,Houston Rockets,Oklahoma City Thunder,124,91,2022,33,215,,False,False,1.0,False,False,same_region,0,0,0,,,0.0,0.0,,,0.0,0.0,26,10,0
401359852,2021-10-23,Indiana Pacers,Miami Heat,102,91,2022,11,193,,False,False,,False,False,same_region,0,0,0,-1.0,,-1.0,-0.5,-1.0,,-1.0,-0.5,27,10,0
401359857,2021-10-23,Portland Trail Blazers,Phoenix Suns,134,105,2022,29,239,2.0,False,False,0.0,True,False,same_region,0,0,0,,-1.0,1.0,0.5,,-1.0,1.0,0.5,28,10,0
401359851,2021-10-23,Cleveland Cavaliers,Atlanta Hawks,101,95,2022,6,196,0.0,True,False,,False,False,same_region,0,0,0,-11.0,,-11.0,-5.5,-11.0,,-11.0,-5.5,29,10,0
401359853,2021-10-23,Toronto Raptors,Dallas Mavericks,95,103,2022,-8,198,2.0,False,False,1.0,False,False,west_to_east,1,0,1,8.5,,8.5,4.25,8.5,,8.5,4.25,30,10,0
401359856,2021-10-23,San Antonio Spurs,Milwaukee Bucks,111,121,2022,-10,232,2.0,False,False,1.0,False,False,east_to_west,1,1,0,10.0,-9.5,19.5,9.75,10.0,-9.5,19.5,9.75,31,10,0
401359858,2021-10-23,LA Clippers,Memphis Grizzlies,114,120,2022,-6,234,,False,False,,False,False,same_region,0,0,0,,,0.0,0.0,,,0.0,0.0,32,10,0
401359854,2021-10-23,Chicago Bulls,Detroit Pistons,97,82,2022,15,179,0.0,True,False,,False,False,same_region,0,0,0,11.0,,11.0,5.5,11.0,,11.0,5.5,33,10,0
401359855,2021-10-23,Minnesota Timberwolves,New Orleans Pelicans,96,89,2022,7,185,2.0,False,False,0.0,True,False,same_region,0,0,0,,-18.0,18.0,9.0,,-18.0,18.0,9.0,34,10,0
401359860,2021-10-24,New York Knicks,Orlando Magic,104,110,2022,-6,214,3.0,False,False,3.0,False,False,same_region,0,0,0,14.5,-25.5,40.0,20.0,14.5,-25.5,40.0,20.0,35,10,0
401359859,2021-10-24,Brooklyn Nets,Charlotte Hornets,95,111,2022,-16,206,,False,False,1.0,False,False,same_region,0,0,0,-9.0,6.0,-15.0,-7.5,-9.0,6.0,-15.0,-7.5,36,10,0
401359864,2021-10-24,Los Angeles Lakers,Memphis Grizzlies,121,118,2022,3,239,1.0,False,False,0.0,True,False,same_region,0,0,0,-8.5,8.5,-17.0,-8.5,-8.5,8.5,-17.0,-8.5,37,10,0
401359863,2021-10-24,Sacramento Kings,Golden State Warriors,107,119,2022,-12,226,1.0,False,False,4.0,False,False,same_region,0,0,0,-3.0,4.5,-7.5,-3.75,-3.0,4.5,-7.5,-3.75,38,10,0
401359862,2021-10-24,Oklahoma City Thunder,Philadelphia 76ers,103,115,2022,-12,218,,False,False,3.0,False,False,east_to_west,1,1,0,-27.0,7.5,-34.5,-17.25,-27.0,7.5,-34.5,-17.25,39,10,0
401359861,2021-10-24,Houston Rockets,Boston Celtics,97,107,2022,-10,204,1.0,False,False,3.0,False,False,east_to_west,1,1,0,7.5,-18.0,25.5,12.75,7.5,-18.0,25.5,12.75,40,10,0
401359865,2021-10-25,Charlotte Hornets,Boston Celtics,129,140,2022,-11,269,4.0,False,False,0.0,True,False,same_region,0,0,0,9.333333333333334,-8.666666666666666,18.0,9.0,9.333333333333334,-8.666666666666666,18.0,9.0,41,10,0
401359866,2021-10-25,Indiana Pacers,Milwaukee Bucks,109,119,2022,-10,228,1.0,False,False,1.0,False,False,same_region,0,0,0,3.0,-3.0,6.0,3.0,3.0,-3.0,6.0,3.0,42,10,0
401359870,2021-10-25,Toronto Raptors,Chicago Bulls,108,111,2022,-3,219,1.0,False,False,4.0,False,False,same_region,0,0,0,3.0,12.333333333333334,-9.333333333333334,-4.666666666666667,3.0,12.333333333333334,-9.333333333333334,-4.666666666666667,43,10,0
401359868,2021-10-25,Brooklyn Nets,Washington Wizards,104,90,2022,14,194,0.0,True,False,4.0,False,False,same_region,0,0,0,-11.333333333333334,8.0,-19.333333333333336,-9.666666666666668,-11.333333333333334,8.0,-19.333333333333336,-9.666666666666668,44,10,0
401359871,2021-10-25,Minnesota Timberwolves,New Orleans Pelicans,98,107,2022,-9,205,1.0,False,False,1.0,False,True,same_region,0,0,0,12.5,-14.333333333333334,26.833333333333336,13.416666666666668,12.5,-14.333333333333334,26.833333333333336,13.416666666666668,45,10,0
401359869,2021-10-25,Miami Heat,Orlando Magic,107,90,2022,17,197,3.0,False,False,0.0,True,False,same_region,0,0,0,15.5,-15.0,30.5,15.25,15.5,-15.0,30.5,15.25,46,10,0
401359872,2021-10-25,Denver Nuggets,Cleveland Cavaliers,87,99,2022,-12,186,2.0,False,False,4.0,False,False,east_to_west,1,1,0,9.0,-5.333333333333333,14.333333333333332,7.166666666666666,9.0,-5.333333333333333,14.333333333333332,7.166666666666666,47,10,0
401359873,2021-10-25,LA Clippers,Portland Trail Blazers,116,86,2022,30,202,1.0,False,False,,False,False,same_region,0,0,0,-4.0,13.0,-17.0,-8.5,-4.0,13.0,-17.0,-8.5,48,10,0
401359867,2021-10-25,Atlanta Hawks,Detroit Pistons,122,104,2022,18,226,3.0,False,False,1.0,False,False,same_region,0,0,0,10.0,-10.5,20.5,10.25,10.0,-10.5,20.5,10.25,49,10,0
401359878,2021-10-26,Utah Jazz,Denver Nuggets,122,110,2022,12,232,5.0,False,False,5.0,False,False,same_region,0,0,0,15.0,2.0,13.0,6.5,15.0,2.0,13.0,6.5,50,10,0
401359877,2021-10-26,San Antonio Spurs,Los Angeles Lakers,121,125,2022,-4,246,2.0,False,False,,False,False,same_region,0,0,0,3.3333333333333335,-4.666666666666667,8.0,4.0,3.3333333333333335,-4.666666666666667,8.0,4.0,51,10,0
401359876,2021-10-26,Dallas Mavericks,Houston Rockets,116,106,2022,10,222,,False,False,5.0,False,False,same_region,0,0,0,-9.0,1.6666666666666667,-10.666666666666666,-5.333333333333333,-9.0,1.6666666666666667,-10.666666666666666,-5.333333333333333,52,10,0
401359875,2021-10-26,Oklahoma City Thunder,Golden State Warriors,98,106,2022,-8,204,1.0,False,False,1.0,False,False,same_region,0,0,0,-22.0,7.0,-29.0,-14.5,-22.0,7.0,-29.0,-14.5,53,10,0
401359874,2021-10-26,New York Knicks,Philadelphia 76ers,112,99,2022,13,211,1.0,False,False,1.0,False,False,same_region,0,0,0,7.666666666666667,9.0,-1.333333333333333,-0.6666666666666665,7.666666666666667,9.0,-1.333333333333333,-0.6666666666666665,54,10,0
401359880,2021-10-27,Boston Celtics,Washington Wizards,107,116,2022,-9,223,4.0,False,False,1.0,False,False,same_region,0,0,0,-3.75,0.6666666666666666,-4.416666666666667,-2.2083333333333335,-3.75,0.6666666666666666,-4.416666666666667,-2.2083333333333335,55,10,0
401359881,2021-10-27,Brooklyn Nets,Miami Heat,93,106,2022,-13,199,1.0,False,True,3.0,False,False,same_region,0,0,0,-5.0,16.0,-21.0,-10.5,-5.0,16.0,-21.0,-10.5,56,10,0
401359882,2021-10-27,Toronto Raptors,Indiana Pacers,118,100,2022,18,218,1.0,False,False,4.0,False,False,same_region,0,0,0,1.5,-0.25,1.75,0.875,1.5,-0.25,1.75,0.875,57,10,0
401359883,2021-10-27,New Orleans Pelicans,Atlanta Hawks,99,102,2022,-3,201,6.0,False,False,3.0,False,False,east_to_west,1,1,0,-8.5,12.666666666666666,-21.166666666666664,-10.583333333333332,-8.5,12.666666666666666,-21.166666666666664,-10.583333333333332,58,10,0
401359879,2021-10-27,Orlando Magic,Charlotte Hornets,111,120,2022,-9,231,4.0,False,False,2.0,False,False,same_region,0,0,0,-15.5,4.25,-19.75,-9.875,-15.5,4.25,-19.75,-9.875,59,10,0
401359885,2021-10-27,Oklahoma City Thunder,Los Angeles Lakers,123,115,2022,8,238,0.0,True,True,0.0,True,False,same_region,0,0,0,-18.5,-2.5,-16.0,-8.0,-18.5,-2.5,-16.0,-8.0,60,10,0
401359886,2021-10-27,Phoenix Suns,Sacramento Kings,107,110,2022,-3,217,6.0,False,False,6.0,False,False,same_region,0,0,0,-10.333333333333334,-6.0,-4.333333333333334,-2.166666666666667,-10.333333333333334,-6.0,-4.333333333333334,-2.166666666666667,61,10,0
401359887,2021-10-27,Portland Trail Blazers,Memphis Grizzlies,116,96,2022,20,212,3.0,False,False,2.0,False,False,same_region,0,0,0,-1.3333333333333333,4.666666666666667,-6.0,-3.0,-1.3333333333333333,4.666666666666667,-6.0,-3.0,62,10,0
401359884,2021-10-27,Milwaukee Bucks,Minnesota Timberwolves,108,113,2022,-5,221,7.0,False,False,,False,False,west_to_east,1,0,1,0.25,5.333333333333333,-5.083333333333333,-2.5416666666666665,0.25,5.333333333333333,-5.083333333333333,-2.5416666666666665,63,10,0
401359888,2021-10-27,LA Clippers,Cleveland Cavaliers,79,92,2022,-13,171,1.0,False,False,1.0,False,False,east_to_west,1,1,0,7.333333333333333,-1.0,8.333333333333332,4.166666666666666,7.333333333333333,-1.0,8.333333333333332,4.166666666666666,64,10,0
401359889,2021-10-28,Philadelphia 76ers,Detroit Pistons,110,102,2022,8,212,5.0,False,False,2.0,False,False,same_region,0,0,0,3.5,-13.0,16.5,8.25,3.5,-13.0,16.5,8.25,65,10,0
401359890,2021-10-28,Washington Wizards,Atlanta Hawks,122,111,2022,11,233,5.0,False,False,0.0,True,False,same_region,0,0,0,2.75,10.25,-7.5,-3.75,2.75,10.25,-7.5,-3.75,66,10,0
401359893,2021-10-28,Dallas Mavericks,San Antonio Spurs,104,99,2022,5,203,1.0,False,False,5.0,False,False,same_region,0,0,0,-2.6666666666666665,1.5,-4.166666666666666,-2.083333333333333,-2.6666666666666665,1.5,-4.166666666666666,-2.083333333333333,67,10,0
401359892,2021-10-28,Houston Rockets,Utah Jazz,91,122,2022,-31,213,3.0,False,False,5.0,False,False,same_region,0,0,0,-1.25,14.0,-15.25,-7.625,-1.25,14.0,-15.25,-7.625,68,10,0
401359894,2021-10-28,Golden State Warriors,Memphis Grizzlies,101,104,2022,-3,205,6.0,False,False,0.0,True,False,same_region,0,0,0,7.25,-1.5,8.75,4.375,7.25,-1.5,8.75,4.375,69,10,0
401359891,2021-10-28,Chicago Bulls,New York Knicks,103,104,2022,-1,207,4.0,False,False,5.0,False,False,same_region,0,0,0,10.0,9.0,1.0,0.5,10.0,9.0,1.0,0.5,70,10,0
401359897,2021-10-29,Miami Heat,Charlotte Hornets,114,99,2022,15,213,3.0,False,False,1.0,False,False,same_region,0,0,0,15.25,5.2,10.05,5.025,15.25,5.2,10.05,5.025,71,10,0
401359899,2021-10-29,Denver Nuggets,Dallas Mavericks,106,75,2022,31,181,3.0,False,False,5.0,False,False,same_region,0,0,0,-1.5,-0.75,-0.75,-0.375,-1.5,-0.75,-0.75,-0.375,72,10,0
401359898,2021-10-29,New Orleans Pelicans,Sacramento Kings,109,113,2022,-4,222,1.0,False,False,1.0,False,False,same_region,0,0,0,-7.4,-3.75,-3.6500000000000004,-1.8250000000000002,-7.4,-3.75,-3.6500000000000004,-1.8250000000000002,73,10,0
401359900,2021-10-29,Portland Trail Blazers,LA Clippers,111,92,2022,19,203,1.0,False,False,7.0,False,False,same_region,0,0,0,4.0,2.25,1.75,0.875,4.0,2.25,1.75,0.875,74,10,0
401359896,2021-10-29,Brooklyn Nets,Indiana Pacers,105,98,2022,7,203,1.0,False,False,1.0,False,False,same_region,0,0,0,-6.6,-3.8,-2.8,-1.4,-6.6,-3.8,-2.8,-1.4,75,10,0
401359895,2021-10-29,Toronto Raptors,Orlando Magic,110,109,2022,1,219,1.0,False,False,3.0,False,False,same_region,0,0,0,4.8,-14.2,19.0,9.5,4.8,-14.2,19.0,9.5,76,10,0
401359901,2021-10-29,Los Angeles Lakers,Cleveland Cavaliers,113,101,2022,12,214,4.0,False,False,1.0,False,False,east_to_west,1,1,0,-3.6,1.8,-5.4,-2.7,-3.6,1.8,-5.4,-2.7,77,10,0
401359903,2021-10-30,Detroit Pistons,Orlando Magic,110,103,2022,7,213,9.0,False,False,0.0,True,False,same_region,0,0,0,-11.75,-9.2,-2.5500000000000007,-1.2750000000000004,-11.75,-12.0,0.25,0.125,78,10,0
401359907,2021-10-30,Chicago Bulls,Utah Jazz,107,99,2022,8,206,1.0,False,False,1.0,False,False,west_to_east,1,0,1,7.8,18.25,-10.45,-5.225,7.8,18.25,-10.45,-5.225,79,10,0
401359906,2021-10-30,Philadelphia 76ers,Atlanta Hawks,122,94,2022,28,216,1.0,False,False,1.0,False,True,same_region,0,0,0,4.4,6.0,-1.5999999999999996,-0.7999999999999998,4.4,6.0,-1.5999999999999996,-0.7999999999999998,80,10,0
401359902,2021-10-30,Washington Wizards,Boston Celtics,115,112,2022,3,227,1.0,False,False,4.0,False,False,same_region,0,0,0,4.4,-4.8,9.2,4.6,4.4,-4.8,9.2,4.6,81,10,0
401359904,2021-10-30,New Orleans Pelicans,New York Knicks,117,123,2022,-6,240,0.0,True,True,1.0,False,False,east_to_west,1,1,0,-4.2,7.4,-11.600000000000001,-5.800000000000001,-6.833333333333333,7.4,-14.233333333333334,-7.116666666666667,82,10,0
401359909,2021-10-30,Milwaukee Bucks,San Antonio Spurs,93,102,2022,-9,195,2.0,False,False,1.0,False,False,west_to_east,1,0,1,-0.8,0.2,-1.0,-0.5,-0.8,0.2,-1.0,-0.5,83,10,0
401359911,2021-10-30,Minnesota Timberwolves,Denver Nuggets,91,93,2022,-2,184,4.0,False,False,3.0,False,False,same_region,0,0,0,5.25,5.0,0.25,0.125,5.25,5.0,0.25,0.125,84,10,0
401359912,2021-10-30,Phoenix Suns,Cleveland Cavaliers,101,92,2022,9,193,2.0,False,False,0.0,True,True,east_to_west,1,1,0,-8.5,1.6,-10.1,-5.05,-8.5,-0.5,-8.0,-4.0,85,10,0
401359908,2021-10-30,Memphis Grizzlies,Miami Heat,103,129,2022,-26,232,9.0,False,False,2.0,False,False,east_to_west,1,1,0,-0.6,15.2,-15.799999999999999,-7.8999999999999995,-0.6,15.2,-15.799999999999999,-7.8999999999999995,86,10,0
401359910,2021-10-30,Golden State Warriors,Oklahoma City Thunder,103,82,2022,21,185,1.0,False,False,7.0,False,False,same_region,0,0,0,5.2,-13.2,18.4,9.2,5.2,-13.2,18.4,9.2,87,10,0
401359905,2021-10-30,Indiana Pacers,Toronto Raptors,94,97,2022,-3,191,4.0,False,False,7.0,False,False,same_region,0,0,0,-5.0,8.0,-13.0,-6.5,-4.333333333333333,4.166666666666667,-8.5,-4.25,88,10,0
401359917,2021-10-31,Los Angeles Lakers,Houston Rockets,95,85,2022,10,180,1.0,False,False,4.0,False,False,same_region,0,0,0,0.2,-7.2,7.4,3.7,-1.0,-7.2,6.2,3.1,89,10,0
401359916,2021-10-31,Brooklyn Nets,Detroit Pistons,117,91,2022,26,208,1.0,False,False,2.0,False,False,same_region,0,0,0,-0.6,-8.0,7.4,3.7,-4.333333333333333,-8.0,3.666666666666667,1.8333333333333335,90,10,0
401359915,2021-10-31,Milwaukee Bucks,Utah Jazz,95,107,2022,-12,202,0.0,True,False,0.0,True,True,west_to_east,1,0,1,-7.2,13.0,-20.2,-10.1,-2.1666666666666665,13.0,-15.166666666666666,-7.583333333333333,91,10,0
401359914,2021-10-31,Charlotte Hornets,Portland Trail Blazers,125,113,2022,12,238,5.0,False,False,5.0,False,False,west_to_east,1,0,1,2.0,7.0,-5.0,-2.5,1.8333333333333333,7.0,-5.166666666666667,-2.5833333333333335,92,10,0
401359913,2021-10-31,Dallas Mavericks,Sacramento Kings,105,99,2022,6,204,2.0,False,False,1.0,False,False,same_region,0,0,0,-6.8,-2.2,-4.6,-2.3,-6.8,-2.2,-4.6,-2.3,93,10,0
401359921,2021-11-01,Atlanta Hawks,Washington Wizards,118,111,2022,7,229,6.0,False,False,4.0,False,False,same_region,0,0,0,-4.8,2.0,-6.8,-3.4,0.3333333333333333,4.166666666666667,-3.8333333333333335,-1.9166666666666667,94,11,0
401359919,2021-11-01,Indiana Pacers,San Antonio Spurs,131,118,2022,13,249,1.0,False,False,1.0,False,False,west_to_east,1,0,1,-5.4,-3.2,-2.2,-1.1,-4.142857142857143,1.6666666666666667,-5.80952380952381,-2.904761904761905,95,11,0
401359920,2021-11-01,Philadelphia 76ers,Portland Trail Blazers,113,103,2022,10,216,1.0,False,False,0.0,True,False,west_to_east,1,0,1,6.0,5.2,0.7999999999999998,0.3999999999999999,8.333333333333334,3.8333333333333335,4.5,2.25,96,11,0
401359925,2021-11-01,Minnesota Timberwolves,Orlando Magic,97,115,2022,-18,212,1.0,False,False,1.0,False,True,east_to_west,1,1,0,3.8,-5.6,9.399999999999999,4.699999999999999,3.8,-11.285714285714286,15.085714285714285,7.542857142857143,97,11,0
401359918,2021-11-01,Charlotte Hornets,Cleveland Cavaliers,110,113,2022,-3,223,0.0,True,False,1.0,False,True,same_region,0,0,0,2.2,2.0,0.20000000000000018,0.10000000000000009,3.2857142857142856,-1.7142857142857142,5.0,2.5,98,11,0
401359923,2021-11-01,New York Knicks,Toronto Raptors,104,113,2022,-9,217,5.0,False,False,1.0,False,False,same_region,0,0,0,7.8,2.2,5.6,2.8,7.166666666666667,4.0,3.166666666666667,1.5833333333333335,99,11,0
401359924,2021-11-01,Memphis Grizzlies,Denver Nuggets,106,97,2022,9,203,1.0,False,False,1.0,False,False,same_region,0,0,0,-8.0,3.0,-11.0,-5.5,-4.833333333333333,4.5,-9.333333333333332,-4.666666666666666,100,11,0
401359922,2021-11-01,Boston Celtics,Chicago Bulls,114,128,2022,-14,242,4.0,False,False,6.0,False,False,same_region,0,0,0,-4.6,8.2,-12.799999999999999,-6.3999999999999995,-4.5,7.833333333333333,-12.333333333333332,-6.166666666666666,101,11,0
401359926,2021-11-01,LA Clippers,Oklahoma City Thunder,99,94,2022,5,193,4.0,False,False,1.0,False,False,same_region,0,0,0,-2.0,-13.2,11.2,5.6,-2.0,-14.5,12.5,6.25,102,11,0
401359927,2021-11-02,Detroit Pistons,Milwaukee Bucks,89,117,2022,-28,206,2.0,False,False,7.0,False,False,same_region,0,0,0,-12.0,-1.2,-10.8,-5.4,-11.0,-3.5714285714285716,-7.428571428571429,-3.7142857142857144,103,11,0
401359928,2021-11-02,Dallas Mavericks,Miami Heat,110,125,2022,-15,235,1.0,False,False,2.0,False,False,east_to_west,1,1,0,-0.4,12.0,-12.4,-6.2,-4.666666666666667,17.0,-21.666666666666668,-10.833333333333334,104,11,0
401359930,2021-11-02,Phoenix Suns,New Orleans Pelicans,112,100,2022,12,212,2.0,False,False,7.0,False,False,same_region,0,0,0,-5.0,-2.2,-2.8,-1.4,-5.0,-6.714285714285714,1.7142857142857144,0.8571428571428572,105,11,0
401359929,2021-11-02,Utah Jazz,Sacramento Kings,119,113,2022,6,232,6.0,False,False,1.0,False,False,same_region,0,0,0,11.2,-4.0,15.2,7.6,12.833333333333334,-2.8333333333333335,15.666666666666668,7.833333333333334,106,11,0
401359931,2021-11-02,Los Angeles Lakers,Houston Rockets,119,117,2022,2,236,1.0,False,False,1.0,False,False,same_region,0,0,0,4.2,-5.6,9.8,4.9,0.5714285714285714,-7.666666666666667,8.238095238095239,4.1190476190476195,107,11,0
401359942,2021-11-03,Sacramento Kings,New Orleans Pelicans,112,99,2022,13,211,9.0,False,False,0.0,True,False,same_region,0,0,0,-3.4,-3.2,-0.19999999999999973,-0.09999999999999987,-3.2857142857142856,-7.375,4.089285714285714,2.044642857142857,108,11,0
401359932,2021-11-03,Cleveland Cavaliers,Portland Trail Blazers,107,104,2022,3,211,10.0,False,False,1.0,False,True,west_to_east,1,0,1,1.4,-2.6,4.0,2.0,-1.125,1.8571428571428572,-2.982142857142857,-1.4910714285714286,109,11,0
401359934,2021-11-03,Orlando Magic,Boston Celtics,79,92,2022,-13,171,6.0,False,False,3.0,False,False,same_region,0,0,0,-3.2,-1.0,-2.2,-1.1,-7.625,-5.857142857142857,-1.7678571428571432,-0.8839285714285716,110,11,0
401359936,2021-11-03,Washington Wizards,Toronto Raptors,100,109,2022,-9,209,3.0,False,False,1.0,False,False,same_region,0,0,0,0.4,5.6,-5.199999999999999,-2.5999999999999996,2.5714285714285716,4.625,-2.0535714285714284,-1.0267857142857142,111,11,0
401359941,2021-11-03,Golden State Warriors,Charlotte Hornets,114,92,2022,22,206,3.0,False,False,4.0,False,False,east_to_west,1,1,0,8.0,-1.6,9.6,4.8,7.833333333333333,2.5,5.333333333333333,2.6666666666666665,112,11,0
401359938,2021-11-03,Memphis Grizzlies,Denver Nuggets,108,106,2022,2,214,1.0,False,False,1.0,False,False,same_region,0,0,0,-7.4,0.0,-7.4,-3.7,-2.857142857142857,2.5714285714285716,-5.428571428571429,-2.7142857142857144,113,11,0
401359939,2021-11-03,Minnesota Timberwolves,LA Clippers,115,126,2022,-11,241,1.0,False,False,4.0,False,False,same_region,0,0,0,-3.4,-0.6,-2.8,-1.4,0.16666666666666666,-0.8333333333333334,1.0,0.5,114,11,0
401359940,2021-11-03,San Antonio Spurs,Dallas Mavericks,108,109,2022,-1,217,7.0,False,False,4.0,False,False,same_region,0,0,0,-4.6,-5.0,0.40000000000000036,0.20000000000000018,-0.42857142857142855,-6.142857142857143,5.714285714285714,2.857142857142857,115,11,0
401359935,2021-11-03,Philadelphia 76ers,Chicago Bulls,103,98,2022,5,201,1.0,False,False,1.0,False,False,same_region,0,0,0,9.0,7.8,1.2000000000000002,0.6000000000000001,8.571428571428571,8.714285714285714,-0.14285714285714235,-0.07142857142857117,116,11,0
401359933,2021-11-03,Indiana Pacers,New York Knicks,111,98,2022,13,209,1.0,False,False,3.0,False,False,same_region,0,0,0,-5.0,1.0,-6.0,-3.0,-2.0,4.857142857142857,-6.857142857142857,-3.4285714285714284,117,11,0
401359937,2021-11-03,Brooklyn Nets,Atlanta Hawks,117,108,2022,9,225,2.0,False,False,3.0,False,False,same_region,0,0,0,3.6,-2.2,5.800000000000001,2.9000000000000004,0.0,1.2857142857142858,-1.2857142857142858,-0.6428571428571429,118,11,0
401359947,2021-11-04,Los Angeles Lakers,Oklahoma City Thunder,104,107,2022,-3,211,1.0,False,False,2.0,False,False,same_region,0,0,0,4.0,-7.6,11.6,5.8,0.75,-13.142857142857142,13.892857142857142,6.946428571428571,119,11,0
401359946,2021-11-04,Phoenix Suns,Houston Rockets,123,111,2022,12,234,1.0,False,False,1.0,False,False,same_region,0,0,0,-0.2,-12.6,12.4,6.2,-2.1666666666666665,-6.857142857142857,4.69047619047619,2.345238095238095,120,11,0
401359945,2021-11-04,Miami Heat,Boston Celtics,78,95,2022,-17,173,5.0,False,False,0.0,True,False,same_region,0,0,0,17.2,-0.4,17.599999999999998,8.799999999999999,16.714285714285715,-3.5,20.214285714285715,10.107142857142858,121,11,0
401359944,2021-11-04,Atlanta Hawks,Utah Jazz,98,116,2022,-18,214,2.0,False,False,3.0,False,False,west_to_east,1,0,1,-7.6,10.6,-18.2,-9.1,0.0,11.857142857142858,-11.857142857142858,-5.928571428571429,122,11,0
401359943,2021-11-04,Detroit Pistons,Philadelphia 76ers,98,109,2022,-11,207,1.0,False,False,8.0,False,False,same_region,0,0,0,-14.6,7.6,-22.2,-11.1,-13.428571428571429,8.125,-21.55357142857143,-10.776785714285715,123,11,0
401359949,2021-11-05,Orlando Magic,San Antonio Spurs,89,102,2022,-13,191,1.0,False,False,3.0,False,False,west_to_east,1,0,1,-2.4,-2.8,0.3999999999999999,0.19999999999999996,-8.222222222222221,-0.5,-7.722222222222221,-3.8611111111111107,124,11,0
401359950,2021-11-05,Washington Wizards,Memphis Grizzlies,115,87,2022,28,202,1.0,False,False,7.0,False,False,west_to_east,1,0,1,1.4,-6.4,7.800000000000001,3.9000000000000004,1.125,-2.25,3.375,1.6875,125,11,0
401359948,2021-11-05,Detroit Pistons,Brooklyn Nets,90,96,2022,-6,186,0.0,True,True,13.0,False,False,same_region,0,0,0,-13.2,8.6,-21.799999999999997,-10.899999999999999,-13.125,1.125,-14.25,-7.125,126,11,0
401359952,2021-11-05,Milwaukee Bucks,New York Knicks,98,113,2022,-15,211,4.0,False,False,1.0,False,False,same_region,0,0,0,2.4,-0.4,2.8,1.4,0.375,2.625,-2.25,-1.125,127,11,0
401359951,2021-11-05,Toronto Raptors,Cleveland Cavaliers,101,102,2022,-1,203,6.0,False,False,3.0,False,False,same_region,0,0,0,8.0,-0.4,8.4,4.2,5.111111111111111,-0.6666666666666666,5.777777777777778,2.888888888888889,128,11,0
401359953,2021-11-05,Minnesota Timberwolves,LA Clippers,84,104,2022,-20,188,1.0,False,False,1.0,False,False,same_region,0,0,0,-7.0,2.8,-9.8,-4.9,-1.4285714285714286,0.8571428571428571,-2.2857142857142856,-1.1428571428571428,129,11,0
401359954,2021-11-05,Golden State Warriors,New Orleans Pelicans,126,85,2022,41,211,1.0,False,False,1.0,False,True,same_region,0,0,0,12.0,-7.6,19.6,9.8,9.857142857142858,-8.0,17.857142857142858,8.928571428571429,130,11,0
401359955,2021-11-05,Portland Trail Blazers,Indiana Pacers,110,106,2022,4,216,6.0,False,False,6.0,False,False,east_to_west,1,1,0,2.8,-0.4,3.1999999999999997,1.5999999999999999,1.25,-0.3333333333333333,1.5833333333333333,0.7916666666666666,131,11,0
401359956,2021-11-05,Sacramento Kings,Charlotte Hornets,140,110,2022,30,250,1.0,False,False,1.0,False,False,east_to_west,1,1,0,1.6,-3.8,5.4,2.7,-1.25,-0.2222222222222222,-1.0277777777777777,-0.5138888888888888,132,11,0
401359962,2021-11-06,Portland Trail Blazers,Los Angeles Lakers,105,90,2022,15,195,0.0,True,False,9.0,False,False,same_region,0,0,0,-0.4,2.6,-3.0,-1.5,1.5555555555555556,0.3333333333333333,1.2222222222222223,0.6111111111111112,133,11,0
401359961,2021-11-06,Phoenix Suns,Atlanta Hawks,121,117,2022,4,238,1.0,False,False,2.0,False,False,east_to_west,1,1,0,0.2,-11.8,12.0,6.0,-0.14285714285714285,-2.0,1.8571428571428572,0.9285714285714286,134,11,0
401359960,2021-11-06,Dallas Mavericks,Boston Celtics,107,104,2022,3,211,3.0,False,False,1.0,False,True,east_to_west,1,1,0,-6.8,0.8,-7.6,-3.8,-5.25,-1.2222222222222223,-4.027777777777778,-2.013888888888889,135,11,0
401359959,2021-11-06,Chicago Bulls,Philadelphia 76ers,105,114,2022,-9,219,6.0,False,False,1.0,False,False,same_region,0,0,0,3.8,12.4,-8.600000000000001,-4.300000000000001,7.0,8.444444444444445,-1.4444444444444446,-0.7222222222222223,136,11,0
401359958,2021-11-06,Miami Heat,Utah Jazz,118,115,2022,3,233,1.0,False,False,1.0,False,False,west_to_east,1,0,1,10.4,11.8,-1.4000000000000004,-0.7000000000000002,12.5,12.625,-0.125,-0.0625,137,11,0
401359957,2021-11-06,Denver Nuggets,Houston Rockets,95,94,2022,1,189,7.0,False,False,1.0,False,False,same_region,0,0,0,2.0,-13.0,15.0,7.5,2.0,-7.5,9.5,4.75,138,11,0
401359966,2021-11-07,Washington Wizards,Milwaukee Bucks,101,94,2022,7,195,1.0,False,False,4.0,False,False,same_region,0,0,0,5.2,-2.6,7.800000000000001,3.9000000000000004,4.111111111111111,-1.3333333333333333,5.444444444444444,2.722222222222222,139,11,0
401359963,2021-11-07,Toronto Raptors,Brooklyn Nets,103,116,2022,-13,219,1.0,False,False,1.0,False,False,same_region,0,0,0,4.2,7.0,-2.8,-1.4,4.5,1.6666666666666667,2.833333333333333,1.4166666666666665,140,11,0
401359964,2021-11-07,New York Knicks,Cleveland Cavaliers,109,126,2022,-17,235,5.0,False,False,1.0,False,False,same_region,0,0,0,0.0,-2.8,2.8,1.4,4.0,-0.5,4.5,2.25,141,11,0
401359965,2021-11-07,Orlando Magic,Utah Jazz,107,100,2022,7,207,1.0,False,False,0.0,True,True,west_to_east,1,0,1,-3.2,5.0,-8.2,-4.1,-8.7,10.88888888888889,-19.58888888888889,-9.794444444444444,142,11,0
401359967,2021-11-07,Sacramento Kings,Indiana Pacers,91,94,2022,-3,185,1.0,False,False,1.0,False,False,east_to_west,1,1,0,7.0,2.4,4.6,2.3,2.2222222222222223,-0.7,2.9222222222222225,1.4611111111111112,143,11,0
401359970,2021-11-07,LA Clippers,Charlotte Hornets,120,106,2022,14,226,5.0,False,False,1.0,False,False,east_to_west,1,1,0,0.8,-11.6,12.4,6.2,3.25,-3.2,6.45,3.225,144,11,0
401359969,2021-11-07,Golden State Warriors,Houston Rockets,120,107,2022,13,227,1.0,False,False,0.0,True,True,same_region,0,0,0,17.8,-11.2,29.0,14.5,13.75,-6.777777777777778,20.52777777777778,10.26388888888889,145,11,0
401359968,2021-11-07,Oklahoma City Thunder,San Antonio Spurs,99,94,2022,5,193,10.0,False,False,1.0,False,False,same_region,0,0,0,-4.6,0.6,-5.199999999999999,-2.5999999999999996,-11.125,1.0,-12.125,-6.0625,146,11,0
401359971,2021-11-08,Philadelphia 76ers,New York Knicks,96,103,2022,-7,199,4.0,False,False,2.0,False,False,same_region,0,0,0,12.6,-3.6,16.2,8.1,8.5,1.9,6.6,3.3,147,11,0
401359973,2021-11-08,Memphis Grizzlies,Minnesota Timberwolves,125,118,2022,7,243,4.0,False,False,11.0,False,False,same_region,0,0,0,-8.0,-9.2,1.1999999999999993,0.5999999999999996,-5.111111111111111,-3.75,-1.3611111111111107,-0.6805555555555554,148,11,0
401359974,2021-11-08,Dallas Mavericks,New Orleans Pelicans,108,92,2022,16,200,1.0,False,False,2.0,False,False,same_region,0,0,0,-7.2,-15.2,7.999999999999999,3.9999999999999996,-4.333333333333333,-11.3,6.966666666666668,3.483333333333334,149,11,0
401359972,2021-11-08,Chicago Bulls,Brooklyn Nets,118,95,2022,23,213,1.0,False,False,0.0,True,True,same_region,0,0,0,1.4,12.2,-10.799999999999999,-5.3999999999999995,5.222222222222222,2.8,2.4222222222222225,1.2111111111111112,150,11,0
401359976,2021-11-08,Golden State Warriors,Atlanta Hawks,127,113,2022,14,240,0.0,True,True,1.0,False,False,east_to_west,1,1,0,18.8,-10.4,29.200000000000003,14.600000000000001,13.666666666666666,-2.2,15.866666666666667,7.933333333333334,151,11,0
401359977,2021-11-08,Sacramento Kings,Phoenix Suns,104,109,2022,-5,213,0.0,True,True,15.0,False,False,same_region,0,0,0,5.6,6.8,-1.2000000000000002,-0.6000000000000001,1.7,0.375,1.325,0.6625,152,11,0
401359978,2021-11-08,Los Angeles Lakers,Charlotte Hornets,126,123,2022,3,249,3.0,False,False,0.0,True,True,east_to_west,1,1,0,1.2,-11.4,12.6,6.3,-1.2,-4.7,3.5,1.75,153,11,0
401359975,2021-11-08,Denver Nuggets,Miami Heat,113,96,2022,17,209,1.0,False,False,5.0,False,False,east_to_west,1,1,0,4.6,8.4,-3.8000000000000007,-1.9000000000000004,1.8888888888888888,11.444444444444445,-9.555555555555555,-4.777777777777778,154,11,0
401359981,2021-11-09,LA Clippers,Portland Trail Blazers,117,109,2022,8,226,1.0,False,False,5.0,False,False,same_region,0,0,0,6.2,-1.2,7.4,3.7,4.444444444444445,2.9,1.5444444444444447,0.7722222222222224,155,11,0
401359980,2021-11-09,Utah Jazz,Atlanta Hawks,110,98,2022,12,208,6.0,False,False,0.0,True,True,east_to_west,1,1,0,5.2,-7.6,12.8,6.4,9.1,-6.2,15.3,7.65,156,11,0
401359979,2021-11-09,Philadelphia 76ers,Milwaukee Bucks,109,118,2022,-9,227,0.0,True,False,1.0,False,False,same_region,0,0,0,5.6,-3.0,8.6,4.3,5.8,-1.9,7.699999999999999,3.8499999999999996,157,11,0
401359982,2021-11-10,Cleveland Cavaliers,Washington Wizards,94,97,2022,-3,191,6.0,False,False,8.0,False,False,same_region,0,0,0,3.0,4.4,-1.4000000000000004,-0.7000000000000002,2.3,4.4,-2.1000000000000005,-1.0500000000000003,158,11,0
401359983,2021-11-10,Orlando Magic,Brooklyn Nets,90,123,2022,-33,213,2.0,False,False,1.0,False,True,same_region,0,0,0,-1.6,6.2,-7.800000000000001,-3.9000000000000004,-5.4,2.8,-8.2,-4.1,159,11,0
401359987,2021-11-10,Chicago Bulls,Dallas Mavericks,117,107,2022,10,224,1.0,False,False,6.0,False,False,west_to_east,1,0,1,6.2,2.2,4.0,2.0,7.0,-2.3,9.3,4.65,160,11,0
401359985,2021-11-10,New York Knicks,Milwaukee Bucks,100,112,2022,-12,212,2.0,False,False,0.0,True,True,same_region,0,0,0,-3.4,0.6,-4.0,-2.0,2.2,-3.3,5.5,2.75,161,11,0
401359984,2021-11-10,Boston Celtics,Toronto Raptors,104,88,2022,16,192,8.0,False,False,6.0,False,False,same_region,0,0,0,2.0,1.4,0.6000000000000001,0.30000000000000004,-1.4,4.7,-6.1,-3.05,162,11,0
401359993,2021-11-10,Golden State Warriors,Minnesota Timberwolves,123,110,2022,13,233,1.0,False,True,1.0,False,False,same_region,0,0,0,22.2,-11.6,33.8,16.9,13.7,-4.111111111111111,17.81111111111111,8.905555555555555,163,11,0
401359986,2021-11-10,Houston Rockets,Detroit Pistons,104,112,2022,-8,216,12.0,False,False,9.0,False,False,east_to_west,1,1,0,-7.6,-12.8,5.200000000000001,2.6000000000000005,-7.4,-12.333333333333334,4.933333333333334,2.466666666666667,164,11,0
401359994,2021-11-10,Los Angeles Lakers,Miami Heat,120,117,2022,3,237,1.0,False,False,1.0,False,False,east_to_west,1,1,0,-0.6,2.0,-2.6,-1.3,-0.2,8.6,-8.799999999999999,-4.3999999999999995,165,11,0
401359991,2021-11-10,Denver Nuggets,Indiana Pacers,101,98,2022,3,199,1.0,False,False,2.0,False,False,east_to_west,1,1,0,1.8,4.4,-2.6000000000000005,-1.3000000000000003,3.4,-0.3,3.6999999999999997,1.8499999999999999,166,11,0
401359992,2021-11-10,Phoenix Suns,Portland Trail Blazers,119,109,2022,10,228,3.0,False,False,0.0,True,False,same_region,0,0,0,8.4,-0.4,8.8,4.4,0.8888888888888888,2.4,-1.511111111111111,-0.7555555555555555,167,11,0
401359989,2021-11-10,New Orleans Pelicans,Oklahoma City Thunder,100,108,2022,-8,208,10.0,False,False,5.0,False,False,same_region,0,0,0,-17.6,-2.0,-15.600000000000001,-7.800000000000001,-10.9,-9.333333333333334,-1.5666666666666664,-0.7833333333333332,168,11,0
401359990,2021-11-10,San Antonio Spurs,Sacramento Kings,136,117,2022,19,253,6.0,False,False,7.0,False,False,same_region,0,0,0,0.6,5.8,-5.2,-2.6,0.4,0.9,-0.5,-0.25,169,11,0
401359988,2021-11-10,Memphis Grizzlies,Charlotte Hornets,108,118,2022,-10,226,1.0,False,False,1.0,False,True,east_to_west,1,1,0,-7.2,-14.4,7.2,3.6,-3.9,-6.1,2.1999999999999997,1.0999999999999999,170,11,0
401359997,2021-11-11,LA Clippers,Miami Heat,112,109,2022,3,221,1.0,False,False,0.0,True,True,east_to_west,1,1,0,11.6,-3.8,15.399999999999999,7.699999999999999,4.8,4.1,0.7000000000000002,0.3500000000000001,171,11,0
401359996,2021-11-11,Utah Jazz,Indiana Pacers,100,111,2022,-11,211,1.0,False,False,0.0,True,False,east_to_west,1,1,0,5.2,4.4,0.7999999999999998,0.3999999999999999,8.2,-0.5,8.7,4.35,172,11,0
401359995,2021-11-11,Philadelphia 76ers,Toronto Raptors,109,115,2022,-6,224,1.0,False,True,0.0,True,False,same_region,0,0,0,1.8,-2.4,4.2,2.1,5.4,-0.1,5.5,2.75,173,11,0
401360004,2021-11-12,Oklahoma City Thunder,Sacramento Kings,105,103,2022,2,208,4.0,False,False,1.0,False,False,same_region,0,0,0,-2.0,3.2,-5.2,-2.6,-7.6,-0.1,-7.5,-3.75,174,11,0
401359999,2021-11-12,Boston Celtics,Milwaukee Bucks,122,113,2022,9,235,1.0,False,False,1.0,False,True,same_region,0,0,0,5.8,5.4,0.39999999999999947,0.19999999999999973,0.6,2.1,-1.5,-0.75,175,11,0
401360000,2021-11-12,Cleveland Cavaliers,Detroit Pistons,98,78,2022,20,176,1.0,False,False,1.0,False,False,same_region,0,0,0,4.2,-12.6,16.8,8.4,3.1,-10.3,13.4,6.7,176,11,0
401360001,2021-11-12,Houston Rockets,Portland Trail Blazers,92,104,2022,-12,196,1.0,False,False,1.0,False,True,same_region,0,0,0,-7.2,-0.4,-6.8,-3.4,-6.4,-1.5,-4.9,-2.45,177,11,0
401360002,2021-11-12,Memphis Grizzlies,Phoenix Suns,94,119,2022,-25,213,1.0,False,False,3.0,False,False,same_region,0,0,0,-4.0,8.6,-12.6,-6.3,-6.0,1.8,-7.8,-3.9,178,11,0
401360005,2021-11-12,San Antonio Spurs,Dallas Mavericks,109,123,2022,-14,232,1.0,False,False,1.0,False,False,same_region,0,0,0,2.6,-1.0,3.6,1.8,-0.3,-0.7,0.39999999999999997,0.19999999999999998,179,11,0
401360006,2021-11-12,Denver Nuggets,Atlanta Hawks,105,96,2022,9,201,1.0,False,False,2.0,False,False,east_to_west,1,1,0,2.0,-11.4,13.4,6.7,2.5,-6.8,9.3,4.65,180,11,0
401360007,2021-11-12,Golden State Warriors,Chicago Bulls,119,93,2022,26,212,1.0,False,False,8.0,False,False,east_to_west,1,1,0,20.6,6.6,14.000000000000002,7.000000000000001,14.3,7.4,6.9,3.45,181,11,0
401360008,2021-11-12,Los Angeles Lakers,Minnesota Timberwolves,83,107,2022,-24,190,1.0,False,False,1.0,False,False,same_region,0,0,0,-2.0,-13.8,11.8,5.9,1.1,-5.0,6.1,3.05,182,11,0
401360003,2021-11-12,New Orleans Pelicans,Brooklyn Nets,112,120,2022,-8,232,1.0,False,False,1.0,False,False,east_to_west,1,1,0,-18.0,7.6,-25.6,-12.8,-10.1,5.6,-15.7,-7.85,183,11,0
401359998,2021-11-12,Charlotte Hornets,New York Knicks,104,96,2022,8,200,10.0,False,False,3.0,False,False,same_region,0,0,0,-11.8,-4.0,-7.800000000000001,-3.9000000000000004,-6.7,-1.5,-5.2,-2.6,184,11,0
401360014,2021-11-13,Cleveland Cavaliers,Boston Celtics,91,89,2022,2,180,0.0,True,True,6.0,False,False,same_region,0,0,0,7.6,10.4,-2.8000000000000007,-1.4000000000000004,4.5,4.7,-0.20000000000000018,-0.10000000000000009,185,11,0
401360012,2021-11-13,New Orleans Pelicans,Memphis Grizzlies,112,101,2022,11,213,0.0,True,True,7.0,False,False,same_region,0,0,0,-17.2,-10.8,-6.399999999999999,-3.1999999999999993,-10.2,-9.1,-1.0999999999999996,-0.5499999999999998,186,11,0
401360013,2021-11-13,Toronto Raptors,Detroit Pistons,121,127,2022,-6,248,5.0,False,False,0.0,True,True,same_region,0,0,0,-3.0,-11.4,8.4,4.2,1.3,-11.7,13.0,6.5,187,11,0
401360010,2021-11-13,Indiana Pacers,Philadelphia 76ers,118,113,2022,5,231,9.0,False,False,6.0,False,False,same_region,0,0,0,4.0,-0.4,4.4,2.2,-0.5,3.6,-4.1,-2.05,188,11,0
401360011,2021-11-13,Orlando Magic,Washington Wizards,92,104,2022,-12,196,2.0,False,False,2.0,False,False,same_region,0,0,0,-6.8,4.4,-11.2,-5.6,-6.2,3.2,-9.4,-4.7,189,11,0
401360009,2021-11-13,Utah Jazz,Miami Heat,105,111,2022,-6,216,1.0,False,False,1.0,False,True,east_to_west,1,1,0,1.8,-7.4,9.200000000000001,4.6000000000000005,6.2,4.9,1.2999999999999998,0.6499999999999999,190,11,0
401360015,2021-11-13,LA Clippers,Minnesota Timberwolves,129,102,2022,27,231,1.0,False,False,0.0,True,True,same_region,0,0,0,11.2,-5.4,16.6,8.3,5.3,-4.4,9.7,4.85,191,11,0
401360016,2021-11-14,Los Angeles Lakers,San Antonio Spurs,114,106,2022,8,220,1.0,False,False,6.0,False,False,same_region,0,0,0,-7.2,2.4,-9.6,-4.8,-1.6,-1.1,-0.5,-0.25,192,11,0
401360017,2021-11-14,Atlanta Hawks,Milwaukee Bucks,120,100,2022,20,220,9.0,False,False,1.0,False,False,same_region,0,0,0,-11.4,-2.0,-9.4,-4.7,-9.5,0.2,-9.7,-4.85,193,11,0
401360018,2021-11-14,Charlotte Hornets,Golden State Warriors,106,102,2022,4,208,1.0,False,False,18.0,False,False,west_to_east,1,0,1,-5.8,21.4,-27.2,-13.6,-4.8,16.7,-21.5,-10.75,194,11,0
401360022,2021-11-14,LA Clippers,Chicago Bulls,90,100,2022,-10,190,0.0,True,True,1.0,False,False,east_to_west,1,1,0,14.4,-1.4,15.8,7.9,8.6,3.2,5.3999999999999995,2.6999999999999997,195,11,0
401360020,2021-11-14,Oklahoma City Thunder,Brooklyn Nets,96,120,2022,-24,216,1.0,False,False,1.0,False,False,east_to_west,1,1,0,2.6,7.4,-4.800000000000001,-2.4000000000000004,-5.3,8.0,-13.3,-6.65,196,11,0
401360021,2021-11-14,Denver Nuggets,Portland Trail Blazers,124,95,2022,29,219,1.0,False,False,1.0,False,False,same_region,0,0,0,5.6,2.6,2.9999999999999996,1.4999999999999998,2.8,2.7,0.09999999999999964,0.04999999999999982,197,11,0
401360019,2021-11-14,Houston Rockets,Phoenix Suns,89,115,2022,-26,204,1.0,False,False,1.0,False,False,same_region,0,0,0,-9.2,11.2,-20.4,-10.2,-10.9,5.5,-16.4,-8.2,198,11,0
401360027,2021-11-15,New York Knicks,Indiana Pacers,92,84,2022,8,176,4.0,False,False,3.0,False,False,same_region,0,0,0,-3.0,2.4,-5.4,-2.7,-1.7,1.0,-2.7,-1.35,199,11,0
401360023,2021-11-15,Cleveland Cavaliers,Boston Celtics,92,98,2022,-6,190,1.0,False,True,1.0,False,False,same_region,0,0,0,7.4,7.4,0.0,0.0,3.5,3.5,0.0,0.0,200,11,0
401360026,2021-11-15,Atlanta Hawks,Orlando Magic,129,111,2022,18,240,0.0,True,False,13.0,False,False,same_region,0,0,0,-3.8,-12.8,9.0,4.5,-7.8,-8.0,0.20000000000000018,0.10000000000000009,201,11,0
401360025,2021-11-15,Washington Wizards,New Orleans Pelicans,105,100,2022,5,205,7.0,False,False,6.0,False,False,west_to_east,1,0,1,8.2,-12.4,20.6,10.3,4.3,-10.0,14.3,7.15,202,11,0
401360024,2021-11-15,Detroit Pistons,Sacramento Kings,107,129,2022,-22,236,9.0,False,False,2.0,False,False,west_to_east,1,0,1,-4.6,0.2,-4.8,-2.4,-9.6,0.9,-10.5,-5.25,203,11,0
401360029,2021-11-15,Memphis Grizzlies,Houston Rockets,136,102,2022,34,238,2.0,False,False,7.0,False,False,same_region,0,0,0,-13.4,-12.0,-1.4000000000000004,-0.7000000000000002,-9.9,-12.5,2.5999999999999996,1.2999999999999998,204,11,0
401360028,2021-11-15,Dallas Mavericks,Denver Nuggets,111,101,2022,10,212,6.0,False,False,11.0,False,False,same_region,0,0,0,4.8,11.8,-7.000000000000001,-3.5000000000000004,-0.1,6.9,-7.0,-3.5,205,11,0
401360033,2021-11-15,Los Angeles Lakers,Chicago Bulls,103,121,2022,-18,224,0.0,True,True,0.0,True,True,east_to_west,1,1,0,-5.0,1.6,-6.6,-3.3,-1.2,2.7,-3.9000000000000004,-1.9500000000000002,206,11,0
401360031,2021-11-15,Oklahoma City Thunder,Miami Heat,90,103,2022,-13,193,0.0,True,True,1.0,False,False,east_to_west,1,1,0,-1.2,-2.8,1.5999999999999999,0.7999999999999999,-4.4,3.8,-8.2,-4.1,207,11,0
401360032,2021-11-15,Portland Trail Blazers,Toronto Raptors,118,113,2022,5,231,8.0,False,False,3.0,False,False,east_to_west,1,1,0,-4.0,-6.0,2.0,1.0,-2.2,1.0,-3.2,-1.6,208,11,0
401360030,2021-11-15,Minnesota Timberwolves,Phoenix Suns,96,99,2022,-3,195,9.0,False,False,0.0,True,True,same_region,0,0,0,-8.6,14.0,-22.6,-11.3,-7.8,7.1,-14.899999999999999,-7.449999999999999,209,11,0
401360036,2021-11-16,LA Clippers,San Antonio Spurs,106,92,2022,14,198,1.0,False,True,1.0,False,False,same_region,0,0,0,8.4,1.0,7.4,3.7,4.6,-0.9,5.5,2.75,210,11,0
401360035,2021-11-16,Utah Jazz,Philadelphia 76ers,120,85,2022,35,205,2.0,False,False,2.0,False,False,east_to_west,1,1,0,-3.0,-3.6,0.6000000000000001,0.30000000000000004,4.4,4.4,0.0,0.0,211,11,0
401360034,2021-11-16,Brooklyn Nets,Golden State Warriors,99,117,2022,-18,216,12.0,False,False,1.0,False,False,west_to_east,1,0,1,11.0,12.4,-1.4000000000000004,-0.7000000000000002,9.0,15.1,-6.1,-3.05,212,11,0
401360037,2021-11-17,Charlotte Hornets,Washington Wizards,97,87,2022,10,184,2.0,False,False,3.0,False,False,same_region,0,0,0,1.0,11.0,-10.0,-5.0,-5.3,6.2,-11.5,-5.75,213,11,0
401360039,2021-11-17,Atlanta Hawks,Boston Celtics,110,99,2022,11,209,1.0,False,True,1.0,False,False,same_region,0,0,0,0.6,5.2,-4.6000000000000005,-2.3000000000000003,-4.9,3.0,-7.9,-3.95,214,11,0
401360040,2021-11-17,Brooklyn Nets,Cleveland Cavaliers,109,99,2022,10,208,0.0,True,False,9.0,False,False,same_region,0,0,0,4.8,6.0,-1.2000000000000002,-0.6000000000000001,8.5,1.6,6.9,3.45,215,11,0
401360043,2021-11-17,Milwaukee Bucks,Los Angeles Lakers,109,102,2022,7,211,11.0,False,False,10.0,False,False,west_to_east,1,0,1,-3.0,-5.6,2.5999999999999996,1.2999999999999998,-2.8,-2.2,-0.5999999999999996,-0.2999999999999998,216,11,0
401360044,2021-11-17,Minnesota Timberwolves,Sacramento Kings,107,97,2022,10,204,1.0,False,False,1.0,False,False,same_region,0,0,0,-5.2,-1.4,-3.8000000000000003,-1.9000000000000001,-7.2,2.8,-10.0,-5.0,217,11,0
401360045,2021-11-17,Oklahoma City Thunder,Houston Rockets,101,89,2022,12,190,1.0,False,True,1.0,False,False,same_region,0,0,0,-4.4,-18.6,14.200000000000001,7.1000000000000005,-4.5,-14.9,10.4,5.2,218,11,0
401360042,2021-11-17,New York Knicks,Orlando Magic,98,104,2022,-6,202,1.0,False,False,1.0,False,False,same_region,0,0,0,-4.4,-13.8,9.4,4.7,-2.2,-8.1,5.8999999999999995,2.9499999999999997,219,11,0
401360046,2021-11-17,Phoenix Suns,Dallas Mavericks,105,98,2022,7,203,6.0,False,False,4.0,False,False,same_region,0,0,0,13.8,6.6,7.200000000000001,3.6000000000000005,10.3,-0.1,10.4,5.2,220,11,0
401360047,2021-11-17,Portland Trail Blazers,Chicago Bulls,112,107,2022,5,219,1.0,False,False,1.0,False,True,east_to_west,1,1,0,-6.0,7.0,-13.0,-6.5,-3.6,4.2,-7.800000000000001,-3.9000000000000004,221,11,0
401360041,2021-11-17,Miami Heat,New Orleans Pelicans,113,98,2022,15,211,10.0,False,False,1.0,False,False,west_to_east,1,0,1,-0.8,-5.2,4.4,2.2,3.8,-10.2,14.0,7.0,222,11,0
401360038,2021-11-17,Detroit Pistons,Indiana Pacers,97,89,2022,8,186,1.0,False,False,1.0,False,False,same_region,0,0,0,-6.8,1.6,-8.4,-4.2,-10.0,2.0,-12.0,-6.0,223,11,0
401360049,2021-11-18,Miami Heat,Washington Wizards,112,97,2022,15,209,0.0,True,False,0.0,True,False,same_region,0,0,0,5.6,3.4,2.1999999999999997,1.0999999999999999,3.8,4.3,-0.5,-0.25,224,11,0
401360048,2021-11-18,Cleveland Cavaliers,Golden State Warriors,89,104,2022,-15,193,2.0,False,False,1.0,False,False,west_to_east,1,0,1,0.6,13.4,-12.8,-6.4,1.8,16.1,-14.3,-7.15,225,11,0
401360050,2021-11-18,Memphis Grizzlies,LA Clippers,120,108,2022,12,228,2.0,False,False,12.0,False,False,same_region,0,0,0,-1.0,8.4,-9.4,-4.7,-4.5,7.3,-11.8,-5.9,226,11,0
401360052,2021-11-18,Denver Nuggets,Philadelphia 76ers,89,103,2022,-14,192,3.0,False,False,1.0,False,False,east_to_west,1,1,0,9.6,-12.4,22.0,11.0,7.1,0.1,7.0,3.5,227,11,0
401360053,2021-11-18,Utah Jazz,Toronto Raptors,119,103,2022,16,222,1.0,False,False,2.0,False,False,east_to_west,1,1,0,4.6,-6.8,11.399999999999999,5.699999999999999,4.8,-1.3,6.1,3.05,228,11,0
401360051,2021-11-18,Minnesota Timberwolves,San Antonio Spurs,115,90,2022,25,205,0.0,True,True,1.0,False,False,same_region,0,0,0,-1.8,-4.4,2.6000000000000005,1.3000000000000003,-6.7,-1.9,-4.800000000000001,-2.4000000000000004,229,11,0
401360054,2021-11-19,Charlotte Hornets,Indiana Pacers,121,118,2022,3,239,1.0,False,False,1.0,False,False,same_region,0,0,0,5.8,-0.6,6.3999999999999995,3.1999999999999997,-2.8,1.9,-4.699999999999999,-2.3499999999999996,230,11,0
401360062,2021-11-19,Sacramento Kings,Toronto Raptors,89,108,2022,-19,197,10.0,False,False,0.0,True,False,east_to_west,1,1,0,-2.8,-7.4,4.6000000000000005,2.3000000000000003,1.4,-3.0,4.4,2.2,231,11,0
401360061,2021-11-19,Phoenix Suns,Dallas Mavericks,112,104,2022,8,216,1.0,False,False,1.0,False,False,same_region,0,0,0,14.2,4.6,9.6,4.8,11.3,-1.3,12.600000000000001,6.300000000000001,232,11,0
401360060,2021-11-19,Denver Nuggets,Chicago Bulls,108,114,2022,-6,222,0.0,True,False,1.0,False,False,east_to_west,1,1,0,3.4,1.4,2.0,1.0,2.6,3.8,-1.1999999999999997,-0.5999999999999999,233,11,0
401360059,2021-11-19,New Orleans Pelicans,LA Clippers,94,81,2022,13,175,5.0,False,False,0.0,True,False,same_region,0,0,0,-5.0,4.4,-9.4,-4.7,-11.3,8.0,-19.3,-9.65,234,11,0
401360058,2021-11-19,Milwaukee Bucks,Oklahoma City Thunder,96,89,2022,7,185,1.0,False,False,8.0,False,False,west_to_east,1,0,1,-0.2,-3.0,2.8,1.4,-1.6,-2.5,0.8999999999999999,0.44999999999999996,235,11,0
401360057,2021-11-19,Brooklyn Nets,Orlando Magic,115,113,2022,2,228,1.0,False,True,1.0,False,False,same_region,0,0,0,11.4,-10.0,21.4,10.7,8.8,-6.6,15.4,7.7,236,11,0
401360056,2021-11-19,Boston Celtics,Los Angeles Lakers,130,108,2022,22,238,6.0,False,False,1.0,False,False,west_to_east,1,0,1,3.6,-7.6,11.2,5.6,2.8,-4.1,6.8999999999999995,3.4499999999999997,237,11,0
401360055,2021-11-19,Detroit Pistons,Golden State Warriors,102,105,2022,-3,207,1.0,False,False,0.0,True,True,west_to_east,1,0,1,-4.0,13.6,-17.6,-8.8,-8.4,17.9,-26.299999999999997,-13.149999999999999,238,11,0
401360066,2021-11-20,Atlanta Hawks,Charlotte Hornets,115,105,2022,10,220,2.0,False,False,9.0,False,False,same_region,0,0,0,5.6,7.0,-1.4000000000000004,-0.7000000000000002,-1.0,-3.7,2.7,1.35,239,11,0
401360063,2021-11-20,New York Knicks,Houston Rockets,106,99,2022,7,205,2.0,False,False,2.0,False,False,west_to_east,1,0,1,-2.2,-18.4,16.2,8.1,-2.9,-13.0,10.1,5.05,240,11,0
401360068,2021-11-20,Milwaukee Bucks,Orlando Magic,117,108,2022,9,225,0.0,True,True,0.0,True,True,same_region,0,0,0,-0.6,-11.8,11.200000000000001,5.6000000000000005,0.0,-6.7,6.7,3.35,241,11,0
401360071,2021-11-20,Sacramento Kings,Utah Jazz,105,123,2022,-18,228,0.0,True,False,12.0,False,False,same_region,0,0,0,-5.6,9.2,-14.799999999999999,-7.3999999999999995,0.1,7.2,-7.1000000000000005,-3.5500000000000003,242,11,0
401360067,2021-11-20,Boston Celtics,Oklahoma City Thunder,111,105,2022,6,216,0.0,True,False,0.0,True,False,west_to_east,1,0,1,4.8,-6.0,10.8,5.4,5.3,-4.0,9.3,4.65,243,11,0
401360069,2021-11-20,Minnesota Timberwolves,Memphis Grizzlies,138,95,2022,43,233,1.0,False,True,6.0,False,False,same_region,0,0,0,5.8,0.0,5.8,2.9,-4.0,-3.6,-0.3999999999999999,-0.19999999999999996,244,11,0
401360070,2021-11-20,Portland Trail Blazers,Philadelphia 76ers,118,111,2022,7,229,2.0,False,False,1.0,False,False,east_to_west,1,1,0,-3.4,-8.2,4.799999999999999,2.3999999999999995,-1.9,-1.3,-0.5999999999999999,-0.29999999999999993,245,11,0
401360065,2021-11-20,Washington Wizards,Miami Heat,103,100,2022,3,203,4.0,False,False,4.0,False,False,same_region,0,0,0,-1.0,9.2,-10.2,-5.1,1.7,2.7,-1.0000000000000002,-0.5000000000000001,246,11,0
401360064,2021-11-20,Indiana Pacers,New Orleans Pelicans,111,94,2022,17,205,6.0,False,False,2.0,False,False,west_to_east,1,0,1,-0.6,-0.8,0.20000000000000007,0.10000000000000003,1.9,-9.4,11.3,5.65,247,11,0
401360076,2021-11-21,Golden State Warriors,Toronto Raptors,119,104,2022,15,223,8.0,False,False,1.0,False,True,east_to_west,1,1,0,11.6,-0.4,12.0,6.0,16.1,-1.4,17.5,8.75,248,11,0
401360075,2021-11-21,Phoenix Suns,Denver Nuggets,126,97,2022,29,223,1.0,False,False,5.0,False,False,same_region,0,0,0,13.8,1.6,12.200000000000001,6.1000000000000005,11.2,1.8,9.399999999999999,4.699999999999999,249,11,0
401360074,2021-11-21,Chicago Bulls,New York Knicks,109,103,2022,6,212,10.0,False,False,8.0,False,False,same_region,0,0,0,0.6,-2.2,2.8000000000000003,1.4000000000000001,3.6,-2.8,6.4,3.2,250,11,0
401360073,2021-11-21,Detroit Pistons,Los Angeles Lakers,116,121,2022,-5,237,1.0,False,False,1.0,False,False,west_to_east,1,0,1,-6.2,-12.6,6.3999999999999995,3.1999999999999997,-9.4,-7.3,-2.1000000000000005,-1.0500000000000003,251,11,0
401360072,2021-11-21,LA Clippers,Dallas Mavericks,97,91,2022,6,188,4.0,False,False,1.0,False,False,same_region,0,0,0,1.2,-0.2,1.4,0.7,6.2,1.0,5.2,2.6,252,11,0
401360084,2021-11-22,San Antonio Spurs,Phoenix Suns,111,115,2022,-4,226,9.0,False,False,6.0,False,False,same_region,0,0,0,-8.4,14.6,-23.0,-11.5,-3.9,12.9,-16.8,-8.4,253,11,0
401360078,2021-11-22,Washington Wizards,Charlotte Hornets,103,109,2022,-6,212,1.0,False,False,1.0,False,False,same_region,0,0,0,-1.0,3.0,-4.0,-2.0,1.7,-4.4,6.1000000000000005,3.0500000000000003,254,11,0
401360079,2021-11-22,Atlanta Hawks,Oklahoma City Thunder,113,101,2022,12,214,1.0,False,False,1.0,False,True,west_to_east,1,0,1,10.0,-7.6,17.6,8.8,-0.7,-2.5,1.8,0.9,255,11,0
401360080,2021-11-22,Boston Celtics,Houston Rockets,108,90,2022,18,198,1.0,False,True,1.0,False,False,west_to_east,1,0,1,4.2,-18.2,22.4,11.2,7.3,-12.7,20.0,10.0,256,11,0
401360077,2021-11-22,Cleveland Cavaliers,Brooklyn Nets,112,117,2022,-5,229,3.0,False,False,7.0,False,False,same_region,0,0,0,-1.8,5.2,-7.0,-3.5,1.2,6.4,-5.2,-2.6,257,11,0
401360082,2021-11-22,Milwaukee Bucks,Orlando Magic,123,92,2022,31,215,1.0,False,True,1.0,False,True,same_region,0,0,0,-1.2,-7.0,5.8,2.9,2.1,-6.9,9.0,4.5,258,11,0
401360083,2021-11-22,New Orleans Pelicans,Minnesota Timberwolves,96,110,2022,-14,206,2.0,False,False,8.0,False,False,same_region,0,0,0,-2.6,9.6,-12.2,-6.1,-9.9,2.1,-12.0,-6.0,259,11,0
401360085,2021-11-22,Utah Jazz,Memphis Grizzlies,118,119,2022,-1,237,3.0,False,False,1.0,False,False,same_region,0,0,0,10.4,-6.6,17.0,8.5,7.8,-5.3,13.1,6.55,260,11,0
401360081,2021-11-22,Chicago Bulls,Indiana Pacers,77,109,2022,-32,186,0.0,True,False,2.0,False,False,same_region,0,0,0,7.0,0.6,6.4,3.2,2.8,2.3,0.5,0.25,261,11,0
401360086,2021-11-22,Sacramento Kings,Philadelphia 76ers,94,102,2022,-8,196,1.0,False,True,1.0,False,False,east_to_west,1,1,0,-5.4,-7.8,2.3999999999999995,1.1999999999999997,-1.1,-3.0,1.9,0.95,262,11,0
401360088,2021-11-23,New York Knicks,Los Angeles Lakers,106,100,2022,6,206,2.0,False,False,1.0,False,False,west_to_east,1,0,1,-1.0,-6.8,5.8,2.9,-2.5,-7.0,4.5,2.25,263,11,0
401360087,2021-11-23,Detroit Pistons,Miami Heat,92,100,2022,-8,192,1.0,False,False,2.0,False,False,same_region,0,0,0,-3.2,9.2,-12.399999999999999,-6.199999999999999,-7.3,0.9,-8.2,-4.1,264,11,0
401360090,2021-11-23,LA Clippers,Dallas Mavericks,104,112,2022,-8,216,1.0,False,False,1.0,False,False,same_region,0,0,0,-3.0,0.6,-3.6,-1.8,5.7,-0.2,5.9,2.95,265,11,0
401360089,2021-11-23,Portland Trail Blazers,Denver Nuggets,119,100,2022,19,219,2.0,False,False,1.0,False,False,same_region,0,0,0,0.0,-6.0,6.0,3.0,-0.2,-0.2,0.0,0.0,266,11,0
401360103,2021-11-24,Sacramento Kings,Portland Trail Blazers,125,121,2022,4,246,1.0,False,False,9.0,False,False,same_region,0,0,0,-6.6,1.4,-8.0,-4.0,-3.2,2.0,-5.2,-2.6,267,11,0
401360102,2021-11-24,Golden State Warriors,Philadelphia 76ers,116,96,2022,20,212,2.0,False,False,1.0,False,False,east_to_west,1,1,0,9.4,-5.0,14.4,7.2,15.4,-2.7,18.1,9.05,268,11,0
401360091,2021-11-24,Cleveland Cavaliers,Phoenix Suns,115,120,2022,-5,235,1.0,False,False,1.0,False,False,west_to_east,1,0,1,-6.8,10.2,-17.0,-8.5,0.4,12.1,-11.7,-5.85,269,11,0
401360092,2021-11-24,Indiana Pacers,Los Angeles Lakers,116,124,2022,-8,240,3.0,False,False,0.0,True,True,west_to_east,1,0,1,6.0,-9.6,15.6,7.8,4.2,-7.3,11.5,5.75,270,11,0
401360093,2021-11-24,Orlando Magic,Charlotte Hornets,99,106,2022,-7,205,10.0,False,False,1.0,False,False,same_region,0,0,0,-10.8,2.6,-13.4,-6.7,-11.8,-1.6,-10.200000000000001,-5.1000000000000005,271,11,0
401360096,2021-11-24,Memphis Grizzlies,Toronto Raptors,113,126,2022,-13,239,5.0,False,False,2.0,False,False,east_to_west,1,1,0,-1.4,-4.6,3.1999999999999997,1.5999999999999999,-6.1,-3.8,-2.3,-1.15,272,11,0
401360094,2021-11-24,Boston Celtics,Brooklyn Nets,104,123,2022,-19,227,1.0,False,False,1.0,False,False,same_region,0,0,0,8.2,4.6,3.5999999999999996,1.7999999999999998,7.8,6.0,1.7999999999999998,0.8999999999999999,273,11,0
401360098,2021-11-24,Minnesota Timberwolves,Miami Heat,113,101,2022,12,214,3.0,False,False,0.0,True,False,east_to_west,1,1,0,17.8,9.6,8.200000000000001,4.1000000000000005,4.6,3.4,1.1999999999999997,0.5999999999999999,274,11,0
401360100,2021-11-24,Oklahoma City Thunder,Utah Jazz,104,110,2022,-6,214,6.0,False,False,3.0,False,False,same_region,0,0,0,-5.2,12.4,-17.6,-8.8,-3.2,7.1,-10.3,-5.15,275,11,0
401360101,2021-11-24,San Antonio Spurs,Atlanta Hawks,106,124,2022,-18,230,1.0,False,False,11.0,False,False,east_to_west,1,1,0,-13.0,14.2,-27.2,-13.6,-5.2,1.4,-6.6,-3.3,276,11,0
401360097,2021-11-24,Milwaukee Bucks,Detroit Pistons,114,93,2022,21,207,1.0,False,False,10.0,False,False,same_region,0,0,0,6.8,-6.0,12.8,6.4,2.4,-5.3,7.699999999999999,3.8499999999999996,277,11,0
401360095,2021-11-24,Houston Rockets,Chicago Bulls,118,113,2022,5,231,9.0,False,False,4.0,False,False,east_to_west,1,1,0,-19.4,-1.4,-18.0,-9.0,-14.3,0.1,-14.4,-7.2,278,11,0
401360099,2021-11-24,New Orleans Pelicans,Washington Wizards,127,102,2022,25,229,1.0,False,False,5.0,False,False,east_to_west,1,1,0,-7.6,-4.6,-3.0,-1.5,-10.0,1.8,-11.8,-5.9,279,11,0
401360109,2021-11-26,Memphis Grizzlies,Atlanta Hawks,100,132,2022,-32,232,1.0,False,False,1.0,False,False,east_to_west,1,1,0,-1.8,13.8,-15.600000000000001,-7.800000000000001,-7.6,5.0,-12.6,-6.3,280,11,0
401360108,2021-11-26,Indiana Pacers,Toronto Raptors,114,97,2022,17,211,1.0,False,False,1.0,False,False,same_region,0,0,0,6.0,-0.8,6.8,3.4,3.8,-3.4,7.199999999999999,3.5999999999999996,281,11,0
401360104,2021-11-26,LA Clippers,Detroit Pistons,107,96,2022,11,203,2.0,False,False,1.0,False,False,east_to_west,1,1,0,-2.6,-5.8,3.1999999999999997,1.5999999999999999,2.9,-6.3,9.2,4.6,282,11,0
401360105,2021-11-26,Charlotte Hornets,Minnesota Timberwolves,133,115,2022,18,248,6.0,False,False,3.0,False,False,west_to_east,1,0,1,3.2,20.8,-17.6,-8.8,2.1,7.8,-5.699999999999999,-2.8499999999999996,283,11,0
401360106,2021-11-26,New York Knicks,Phoenix Suns,97,118,2022,-21,215,2.0,False,False,1.0,False,False,west_to_east,1,0,1,1.8,10.6,-8.799999999999999,-4.3999999999999995,-0.6,12.2,-12.799999999999999,-6.3999999999999995,284,11,0
401360107,2021-11-26,Orlando Magic,Chicago Bulls,88,123,2022,-35,211,1.0,False,False,1.0,False,False,same_region,0,0,0,-8.6,-6.0,-2.5999999999999996,-1.2999999999999998,-11.2,0.5,-11.7,-5.85,285,11,0
401360112,2021-11-26,Denver Nuggets,Milwaukee Bucks,109,120,2022,-11,229,6.0,False,False,11.0,False,False,east_to_west,1,1,0,-15.6,15.0,-30.6,-15.3,-1.9,6.0,-7.9,-3.95,286,11,0
401360113,2021-11-26,Utah Jazz,New Orleans Pelicans,97,98,2022,-1,195,3.0,False,False,5.0,False,False,same_region,0,0,0,14.8,-1.6,16.400000000000002,8.200000000000001,5.9,-3.4,9.3,4.65,287,11,0
401360114,2021-11-26,Golden State Warriors,Portland Trail Blazers,118,103,2022,15,221,1.0,False,False,1.0,False,False,same_region,0,0,0,14.2,6.4,7.799999999999999,3.8999999999999995,13.3,1.2,12.100000000000001,6.050000000000001,288,11,0
401360115,2021-11-26,Los Angeles Lakers,Sacramento Kings,137,141,2022,-4,278,10.0,False,False,8.0,False,False,same_region,0,0,0,-4.4,-10.2,5.799999999999999,2.8999999999999995,-5.0,-5.8,0.7999999999999998,0.3999999999999999,289,11,0
401360110,2021-11-26,Oklahoma City Thunder,Washington Wizards,99,101,2022,-2,200,1.0,False,False,1.0,False,False,east_to_west,1,1,0,-3.8,-10.6,6.8,3.4,-4.1,0.2,-4.3,-2.15,290,11,0
401360111,2021-11-26,San Antonio Spurs,Boston Celtics,96,88,2022,8,184,1.0,False,False,8.0,False,False,east_to_west,1,1,0,-13.8,3.2,-17.0,-8.5,-5.7,4.2,-9.9,-4.95,291,11,0
401360119,2021-11-27,Cleveland Cavaliers,Orlando Magic,105,92,2022,13,197,2.0,False,False,4.0,False,False,same_region,0,0,0,-8.2,-16.8,8.600000000000001,4.300000000000001,-0.4,-13.4,13.0,6.5,292,11,0
401360117,2021-11-27,Atlanta Hawks,New York Knicks,90,99,2022,-9,189,4.0,False,False,5.0,False,False,same_region,0,0,0,16.6,-4.0,20.6,10.3,8.6,-4.2,12.8,6.4,293,11,0
401360116,2021-11-27,Philadelphia 76ers,Minnesota Timberwolves,120,121,2022,-1,241,15.0,False,False,0.0,True,False,west_to_east,1,0,1,-8.0,15.2,-23.2,-11.6,-5.8,6.7,-12.5,-6.25,294,11,0
401360118,2021-11-27,Brooklyn Nets,Phoenix Suns,107,113,2022,-6,220,7.0,False,False,0.0,True,True,west_to_east,1,0,1,3.6,13.4,-9.8,-4.9,7.3,13.8,-6.500000000000001,-3.2500000000000004,295,11,0
401360123,2021-11-27,Utah Jazz,New Orleans Pelicans,127,105,2022,22,232,0.0,True,False,0.0,True,False,same_region,0,0,0,7.6,1.6,6.0,3.0,6.1,-1.7,7.8,3.9,296,11,0
401360120,2021-11-27,Chicago Bulls,Miami Heat,104,107,2022,-3,211,4.0,False,False,2.0,False,False,same_region,0,0,0,2.0,4.6,-2.5999999999999996,-1.2999999999999998,1.7,1.9,-0.19999999999999996,-0.09999999999999998,297,11,0
401360121,2021-11-27,Houston Rockets,Charlotte Hornets,146,143,2022,3,289,2.0,False,False,2.0,False,False,east_to_west,1,1,0,-13.2,4.8,-18.0,-9.0,-12.6,5.3,-17.9,-8.95,298,11,0
401360122,2021-11-27,Dallas Mavericks,Washington Wizards,114,120,2022,-6,234,11.0,False,False,0.0,True,True,east_to_west,1,1,0,-0.6,-8.2,7.6,3.8,2.1,-2.4,4.5,2.25,299,11,0
401360128,2021-11-28,Los Angeles Lakers,Detroit Pistons,110,106,2022,4,216,1.0,False,False,1.0,False,False,east_to_west,1,1,0,-3.8,-9.6,5.8,2.9,-5.7,-6.8,1.0999999999999996,0.5499999999999998,300,11,0
401360127,2021-11-28,Memphis Grizzlies,Sacramento Kings,128,101,2022,27,229,1.0,False,False,1.0,False,False,same_region,0,0,0,-15.0,-7.4,-7.6,-3.8,-8.0,-5.1,-2.9000000000000004,-1.4500000000000002,301,11,0
401360126,2021-11-28,Toronto Raptors,Boston Celtics,97,109,2022,-12,206,14.0,False,False,1.0,False,False,same_region,0,0,0,-3.2,3.8,-7.0,-3.5,-5.0,3.7,-8.7,-4.35,302,11,0
401360125,2021-11-28,Indiana Pacers,Milwaukee Bucks,100,118,2022,-18,218,1.0,False,False,1.0,False,False,same_region,0,0,0,11.0,15.8,-4.800000000000001,-2.4000000000000004,5.2,7.8,-2.5999999999999996,-1.2999999999999998,303,11,0
401360124,2021-11-28,LA Clippers,Golden State Warriors,90,105,2022,-15,195,1.0,False,False,8.0,False,False,same_region,0,0,0,-3.2,13.6,-16.8,-8.4,2.6,13.5,-10.9,-5.45,304,11,0
401360137,2021-11-29,LA Clippers,New Orleans Pelicans,104,123,2022,-19,227,0.0,True,True,1.0,False,True,same_region,0,0,0,-3.8,-5.4,1.6000000000000005,0.8000000000000003,0.3,-3.1,3.4,1.7,305,11,0
401360134,2021-11-29,Dallas Mavericks,Cleveland Cavaliers,96,114,2022,-18,210,1.0,False,False,11.0,False,False,east_to_west,1,1,0,-3.8,-4.4,0.6000000000000005,0.30000000000000027,1.4,0.8,0.5999999999999999,0.29999999999999993,306,11,0
401360129,2021-11-29,Philadelphia 76ers,Orlando Magic,101,96,2022,5,197,1.0,False,False,1.0,False,False,same_region,0,0,0,-1.2,-19.0,17.8,8.9,-6.8,-15.4,8.600000000000001,4.300000000000001,307,11,0
401360132,2021-11-29,Houston Rockets,Oklahoma City Thunder,102,89,2022,13,191,1.0,False,False,6.0,False,False,same_region,0,0,0,-5.8,-6.6,0.7999999999999998,0.3999999999999999,-12.2,-4.8,-7.3999999999999995,-3.6999999999999997,308,11,0
401360130,2021-11-29,Miami Heat,Denver Nuggets,111,120,2022,-9,231,10.0,False,False,5.0,False,False,west_to_east,1,0,1,2.2,-15.8,18.0,9.0,3.9,-3.1,7.0,3.5,309,11,0
401360133,2021-11-29,Minnesota Timberwolves,Indiana Pacers,100,98,2022,2,198,4.0,False,False,6.0,False,False,east_to_west,1,1,0,10.4,8.0,2.4000000000000004,1.2000000000000002,8.1,3.7,4.3999999999999995,2.1999999999999997,310,11,0
401360136,2021-11-29,Utah Jazz,Portland Trail Blazers,129,107,2022,22,236,1.0,False,True,2.0,False,False,same_region,0,0,0,8.8,2.4,6.4,3.2,9.0,-1.8,10.8,5.4,311,11,0
401360131,2021-11-29,Chicago Bulls,Charlotte Hornets,133,119,2022,14,252,1.0,False,False,1.0,False,False,same_region,0,0,0,0.2,3.6,-3.4,-1.7,0.4,5.3,-4.8999999999999995,-2.4499999999999997,312,11,0
401360135,2021-11-29,San Antonio Spurs,Washington Wizards,116,99,2022,17,215,2.0,False,False,1.0,False,True,east_to_west,1,1,0,-10.6,-4.0,-6.6,-3.3,-4.8,-2.5,-2.3,-1.15,313,11,0
401360142,2021-11-30,Sacramento Kings,Los Angeles Lakers,92,117,2022,-25,209,5.0,False,False,5.0,False,False,same_region,0,0,0,-9.0,1.4,-10.4,-5.2,-7.3,-5.6,-1.7000000000000002,-0.8500000000000001,314,11,0
401360141,2021-11-30,Portland Trail Blazers,Detroit Pistons,110,92,2022,18,202,6.0,False,False,1.0,False,False,east_to_west,1,1,0,-3.0,-9.8,6.800000000000001,3.4000000000000004,-3.2,-8.0,4.8,2.4,315,11,0
401360140,2021-11-30,Phoenix Suns,Golden State Warriors,104,96,2022,8,200,8.0,False,False,1.0,False,False,same_region,0,0,0,13.0,13.6,-0.5999999999999996,-0.2999999999999998,13.4,13.6,-0.1999999999999993,-0.09999999999999964,316,11,0
401360139,2021-11-30,Toronto Raptors,Memphis Grizzlies,91,98,2022,-7,189,1.0,False,False,7.0,False,False,west_to_east,1,0,1,-2.4,-12.0,9.6,4.8,-4.9,-6.0,1.0999999999999996,0.5499999999999998,317,11,0
401360138,2021-11-30,Brooklyn Nets,New York Knicks,112,110,2022,2,222,2.0,False,False,2.0,False,False,same_region,0,0,0,6.0,-1.0,7.0,3.5,5.4,-1.6,7.0,3.5,318,11,0
401360146,2021-12-01,Boston Celtics,Philadelphia 76ers,88,87,2022,1,175,6.0,False,False,6.0,False,False,same_region,0,0,0,1.8,-3.0,4.8,2.4,3.3,-5.6,8.899999999999999,4.449999999999999,319,12,0
401360144,2021-12-01,Orlando Magic,Denver Nuggets,108,103,2022,5,211,4.0,False,False,1.0,False,False,west_to_east,1,0,1,-18.2,-11.2,-7.0,-3.5,-12.6,-3.9,-8.7,-4.35,320,12,0
401360145,2021-12-01,Washington Wizards,Minnesota Timberwolves,115,107,2022,8,222,8.0,False,False,3.0,False,False,west_to_east,1,0,1,-8.0,2.2,-10.2,-5.1,-4.5,5.9,-10.4,-5.2,321,12,0
401360151,2021-12-01,LA Clippers,Sacramento Kings,115,124,2022,-9,239,1.0,False,True,2.0,False,False,same_region,0,0,0,-5.0,-10.4,5.4,2.7,-1.9,-7.9,6.0,3.0,322,12,0
401360143,2021-12-01,Indiana Pacers,Atlanta Hawks,111,114,2022,-3,225,2.0,False,False,4.0,False,False,same_region,0,0,0,4.2,12.6,-8.399999999999999,-4.199999999999999,2.4,9.1,-6.699999999999999,-3.3499999999999996,323,12,0
401360148,2021-12-01,Milwaukee Bucks,Charlotte Hornets,127,125,2022,2,252,6.0,False,False,1.0,False,False,same_region,0,0,0,18.0,2.8,15.2,7.6,8.7,2.9,5.799999999999999,2.8999999999999995,324,12,0
401360149,2021-12-01,New Orleans Pelicans,Dallas Mavericks,107,139,2022,-32,246,6.0,False,False,7.0,False,False,same_region,0,0,0,1.8,-6.0,7.8,3.9,-0.4,-0.7,0.29999999999999993,0.14999999999999997,325,12,0
401360147,2021-12-01,Miami Heat,Cleveland Cavaliers,85,111,2022,-26,196,1.0,False,False,1.0,False,False,same_region,0,0,0,-2.6,1.2,-3.8,-1.9,3.3,0.9,2.4,1.2,326,12,0
401360150,2021-12-01,Oklahoma City Thunder,Houston Rockets,110,114,2022,-4,224,4.0,False,False,8.0,False,False,same_region,0,0,0,-7.8,-0.8,-7.0,-3.5,-6.9,-9.6,2.6999999999999993,1.3499999999999996,327,12,0
401360153,2021-12-02,Toronto Raptors,Milwaukee Bucks,97,93,2022,4,190,1.0,False,False,3.0,False,False,same_region,0,0,0,-7.6,16.6,-24.200000000000003,-12.100000000000001,-4.0,7.7,-11.7,-5.85,328,12,0
401360152,2021-12-02,New York Knicks,Chicago Bulls,115,119,2022,-4,234,5.0,False,False,5.0,False,False,same_region,0,0,0,-2.8,1.8,-4.6,-2.3,-2.5,4.4,-6.9,-3.45,329,12,0
401360155,2021-12-02,Phoenix Suns,Detroit Pistons,114,103,2022,11,217,1.0,False,False,1.0,False,False,east_to_west,1,1,0,8.8,-12.4,21.200000000000003,10.600000000000001,11.7,-7.8,19.5,9.75,330,12,0
401360154,2021-12-02,Memphis Grizzlies,Oklahoma City Thunder,152,79,2022,73,231,3.0,False,False,2.0,False,False,same_region,0,0,0,-2.0,-7.4,5.4,2.7,-4.3,-7.5,3.2,1.6,331,12,0
401360156,2021-12-02,Portland Trail Blazers,San Antonio Spurs,83,114,2022,-31,197,1.0,False,False,13.0,False,False,same_region,0,0,0,-0.8,-4.4,3.6000000000000005,1.8000000000000003,-0.4,-4.4,4.0,2.0,332,12,0
401360158,2021-12-03,Washington Wizards,Cleveland Cavaliers,101,116,2022,-15,217,1.0,False,False,1.0,False,False,same_region,0,0,0,-5.2,9.4,-14.600000000000001,-7.300000000000001,-4.9,3.8,-8.7,-4.35,333,12,0
401360159,2021-12-03,Atlanta Hawks,Philadelphia 76ers,96,98,2022,-2,194,5.0,False,False,1.0,False,False,same_region,0,0,0,11.2,-1.8,13.0,6.5,10.6,-4.8,15.399999999999999,7.699999999999999,334,12,0
401360165,2021-12-03,Los Angeles Lakers,LA Clippers,115,119,2022,-4,234,4.0,False,False,13.0,False,False,same_region,0,0,0,5.4,-8.0,13.4,6.7,-0.7,-5.5,4.8,2.4,335,12,0
401360160,2021-12-03,Brooklyn Nets,Minnesota Timberwolves,110,105,2022,5,215,2.0,False,False,1.0,False,False,west_to_east,1,0,1,4.4,-2.2,6.6000000000000005,3.3000000000000003,7.9,7.8,0.10000000000000053,0.050000000000000266,336,12,0
401360163,2021-12-03,Utah Jazz,Boston Celtics,137,130,2022,7,267,3.0,False,False,4.0,False,False,east_to_west,1,1,0,9.6,0.8,8.799999999999999,4.3999999999999995,10.0,2.5,7.5,3.75,337,12,0
401360162,2021-12-03,Dallas Mavericks,New Orleans Pelicans,91,107,2022,-16,198,3.0,False,False,3.0,False,False,same_region,0,0,0,2.0,-1.8,3.8,1.9,0.9,-4.7,5.6000000000000005,2.8000000000000003,338,12,0
401360161,2021-12-03,Houston Rockets,Orlando Magic,118,116,2022,2,234,3.0,False,False,3.0,False,False,east_to_west,1,1,0,1.4,-11.0,12.4,6.2,-8.4,-10.9,2.5,1.25,339,12,0
401360157,2021-12-03,Indiana Pacers,Miami Heat,104,113,2022,-9,217,1.0,False,False,5.0,False,False,same_region,0,0,0,-2.8,-7.2,4.4,2.2,1.6,1.0,0.6000000000000001,0.30000000000000004,340,12,0
401360164,2021-12-03,Golden State Warriors,Phoenix Suns,118,96,2022,22,214,6.0,False,False,5.0,False,False,same_region,0,0,0,11.4,10.2,1.200000000000001,0.6000000000000005,11.5,10.2,1.3000000000000007,0.6500000000000004,341,12,0
401360167,2021-12-04,Brooklyn Nets,Chicago Bulls,107,111,2022,-4,218,0.0,True,False,1.0,False,False,same_region,0,0,0,5.0,9.0,-4.0,-2.0,5.1,3.8,1.2999999999999998,0.6499999999999999,342,12,0
401360168,2021-12-04,Milwaukee Bucks,Miami Heat,124,102,2022,22,226,2.0,False,False,0.0,True,False,same_region,0,0,0,9.6,-7.0,16.6,8.3,8.2,1.3,6.8999999999999995,3.4499999999999997,343,12,0
401360166,2021-12-04,New York Knicks,Denver Nuggets,99,113,2022,-14,212,1.0,False,False,2.0,False,False,west_to_east,1,0,1,-2.4,-11.0,8.6,4.3,-1.7,-4.7,3.0,1.5,344,12,0
401360170,2021-12-04,Golden State Warriors,San Antonio Spurs,107,112,2022,-5,219,0.0,True,False,1.0,False,False,same_region,0,0,0,12.8,6.8,6.000000000000001,3.0000000000000004,11.1,-0.8,11.9,5.95,345,12,0
401360171,2021-12-04,Portland Trail Blazers,Boston Celtics,117,145,2022,-28,262,1.0,False,False,0.0,True,False,east_to_west,1,1,0,-10.8,-4.2,-6.6000000000000005,-3.3000000000000003,-4.7,2.0,-6.7,-3.35,346,12,0
401360172,2021-12-04,Sacramento Kings,LA Clippers,104,99,2022,5,203,3.0,False,False,0.0,True,False,same_region,0,0,0,-7.0,-5.6,-1.4000000000000004,-0.7000000000000002,-6.8,-4.1,-2.7,-1.35,347,12,0
401360169,2021-12-04,Dallas Mavericks,Memphis Grizzlies,90,97,2022,-7,187,0.0,True,False,3.0,False,False,same_region,0,0,0,0.0,12.4,-12.4,-6.2,0.3,5.5,-5.2,-2.6,348,12,0
401360176,2021-12-05,Houston Rockets,New Orleans Pelicans,118,108,2022,10,226,1.0,False,False,1.0,False,False,same_region,0,0,0,5.4,-3.6,9.0,4.5,-7.0,-2.6,-4.4,-2.2,349,12,0
401360175,2021-12-05,Toronto Raptors,Washington Wizards,102,90,2022,12,192,2.0,False,False,5.0,False,False,same_region,0,0,0,-3.8,-3.2,-0.5999999999999996,-0.2999999999999998,-4.2,-6.9,2.7,1.35,350,12,0
401360174,2021-12-05,Atlanta Hawks,Charlotte Hornets,127,130,2022,-3,257,1.0,False,False,3.0,False,False,same_region,0,0,0,8.4,1.2,7.2,3.6,11.3,1.9,9.4,4.7,351,12,0
401360173,2021-12-05,Cleveland Cavaliers,Utah Jazz,108,109,2022,-1,217,7.0,False,False,10.0,False,False,west_to_east,1,0,1,13.4,11.2,2.200000000000001,1.1000000000000005,3.3,11.8,-8.5,-4.25,352,12,0
401360180,2021-12-06,Miami Heat,Memphis Grizzlies,90,105,2022,-15,195,4.0,False,False,1.0,False,False,west_to_east,1,0,1,-9.0,16.4,-25.4,-12.7,-2.2,7.3,-9.5,-4.75,353,12,0
401360177,2021-12-06,Charlotte Hornets,Philadelphia 76ers,124,127,2022,-3,251,9.0,False,False,2.0,False,False,same_region,0,0,0,0.4,-3.0,3.4,1.7,1.8,-4.0,5.8,2.9,354,12,0
401360179,2021-12-06,Indiana Pacers,Washington Wizards,116,110,2022,6,226,2.0,False,False,0.0,True,False,same_region,0,0,0,-3.0,-6.0,3.0,1.5,1.5,-7.1,8.6,4.3,355,12,0
401360181,2021-12-06,Chicago Bulls,Denver Nuggets,109,97,2022,12,206,6.0,False,False,1.0,False,False,west_to_east,1,0,1,10.8,-2.4,13.200000000000001,6.6000000000000005,2.4,-4.2,6.6,3.3,356,12,0
401360178,2021-12-06,Detroit Pistons,Oklahoma City Thunder,103,114,2022,-11,217,12.0,False,False,3.0,False,False,west_to_east,1,0,1,-13.0,-19.6,6.600000000000001,3.3000000000000007,-9.5,-12.4,2.9000000000000004,1.4500000000000002,357,12,0
401360183,2021-12-06,Minnesota Timberwolves,Atlanta Hawks,110,121,2022,-11,231,6.0,False,False,4.0,False,False,east_to_west,1,1,0,-5.6,4.2,-9.8,-4.9,7.6,9.0,-1.4000000000000004,-0.7000000000000002,358,12,0
401360184,2021-12-06,Phoenix Suns,San Antonio Spurs,108,104,2022,4,212,3.0,False,False,1.0,False,False,same_region,0,0,0,4.8,8.6,-3.8,-1.9,7.7,-2.2,9.9,4.95,359,12,0
401360186,2021-12-06,Portland Trail Blazers,LA Clippers,90,102,2022,-12,192,1.0,False,False,1.0,False,True,same_region,0,0,0,-15.6,-8.8,-6.799999999999999,-3.3999999999999995,-4.6,-6.0,1.4000000000000004,0.7000000000000002,360,12,0
401360182,2021-12-06,Milwaukee Bucks,Cleveland Cavaliers,112,104,2022,8,216,1.0,False,False,2.0,False,False,same_region,0,0,0,9.8,14.2,-4.399999999999999,-2.1999999999999993,12.4,3.0,9.4,4.7,361,12,0
401360185,2021-12-06,Golden State Warriors,Orlando Magic,126,95,2022,31,221,1.0,False,True,2.0,False,False,east_to_west,1,1,0,7.8,-10.0,17.8,8.9,11.0,-9.3,20.3,10.15,362,12,0
401360189,2021-12-07,Los Angeles Lakers,Boston Celtics,117,102,2022,15,219,3.0,False,False,2.0,False,False,east_to_west,1,1,0,5.8,5.2,0.5999999999999996,0.2999999999999998,-1.9,4.2,-6.1,-3.05,363,12,0
401360188,2021-12-07,San Antonio Spurs,New York Knicks,109,121,2022,-12,230,7.0,False,False,6.0,False,False,east_to_west,1,1,0,11.4,-6.4,17.8,8.9,-1.2,-2.3,1.0999999999999999,0.5499999999999999,364,12,0
401360187,2021-12-07,Dallas Mavericks,Brooklyn Nets,99,102,2022,-3,201,2.0,False,False,12.0,False,False,east_to_west,1,1,0,-3.0,3.2,-6.2,-3.1,-1.8,3.9,-5.7,-2.85,365,12,0
401360199,2021-12-08,New Orleans Pelicans,Denver Nuggets,114,120,2022,-6,234,6.0,False,False,1.0,False,False,same_region,0,0,0,-5.8,-1.0,-4.8,-2.4,-2.1,-8.3,6.200000000000001,3.1000000000000005,366,12,0
401360190,2021-12-08,Charlotte Hornets,Philadelphia 76ers,106,110,2022,-4,216,1.0,False,False,1.0,False,False,same_region,0,0,0,-3.8,1.6,-5.4,-2.7,0.5,-3.2,3.7,1.85,367,12,0
401360191,2021-12-08,Cleveland Cavaliers,Chicago Bulls,115,92,2022,23,207,2.0,False,False,3.0,False,False,same_region,0,0,0,10.0,6.2,3.8,1.9,2.8,4.1,-1.2999999999999998,-0.6499999999999999,368,12,0
401360192,2021-12-08,Detroit Pistons,Washington Wizards,116,119,2022,-3,235,1.0,False,False,1.0,False,True,same_region,0,0,0,-11.0,-8.4,-2.5999999999999996,-1.2999999999999998,-8.4,-6.2,-2.2,-1.1,369,12,0
401360194,2021-12-08,Miami Heat,Milwaukee Bucks,113,104,2022,9,217,1.0,False,False,5.0,False,False,same_region,0,0,0,-12.6,9.2,-21.799999999999997,-10.899999999999999,-5.2,12.5,-17.7,-8.85,370,12,0
401360195,2021-12-08,Toronto Raptors,Oklahoma City Thunder,109,110,2022,-1,219,2.0,False,False,1.0,False,False,west_to_east,1,0,1,-4.0,-16.2,12.2,6.1,-2.4,-10.0,7.6,3.8,371,12,0
401360200,2021-12-08,Golden State Warriors,Portland Trail Blazers,104,94,2022,10,198,1.0,False,False,8.0,False,False,same_region,0,0,0,11.0,-15.0,26.0,13.0,12.3,-6.3,18.6,9.3,372,12,0
401360197,2021-12-08,Memphis Grizzlies,Dallas Mavericks,96,104,2022,-8,200,5.0,False,False,6.0,False,False,same_region,0,0,0,25.8,-2.4,28.2,14.1,5.4,-3.1,8.5,4.25,373,12,0
401360198,2021-12-08,Minnesota Timberwolves,Utah Jazz,104,136,2022,-32,240,1.0,False,False,2.0,False,False,same_region,0,0,0,-4.2,10.2,-14.399999999999999,-7.199999999999999,5.5,12.5,-7.0,-3.5,374,12,0
401360201,2021-12-08,Sacramento Kings,Orlando Magic,142,130,2022,12,272,3.0,False,False,1.0,False,False,east_to_west,1,1,0,-6.8,-9.2,2.3999999999999995,1.1999999999999997,-8.5,-13.0,4.5,2.25,375,12,0
401360202,2021-12-08,LA Clippers,Boston Celtics,114,111,2022,3,225,6.0,False,False,0.0,True,False,east_to_west,1,1,0,-3.4,3.8,-7.199999999999999,-3.5999999999999996,-3.6,3.8,-7.4,-3.7,376,12,0
401360196,2021-12-08,Houston Rockets,Brooklyn Nets,114,104,2022,10,218,2.0,False,False,0.0,True,False,east_to_west,1,1,0,6.4,0.0,6.4,3.2,-3.4,1.8,-5.2,-2.6,377,12,0
401360193,2021-12-08,Indiana Pacers,New York Knicks,122,102,2022,20,224,1.0,False,False,0.0,True,False,same_region,0,0,0,-5.2,0.2,-5.4,-2.7,2.9,-1.9,4.8,2.4,378,12,0
401360203,2021-12-09,Philadelphia 76ers,Utah Jazz,96,118,2022,-22,214,9.0,False,False,0.0,True,False,west_to_east,1,0,1,2.6,16.8,-14.200000000000001,-7.1000000000000005,0.7,12.2,-11.5,-5.75,379,12,0
401360204,2021-12-09,Memphis Grizzlies,Los Angeles Lakers,108,95,2022,13,203,0.0,True,False,8.0,False,False,same_region,0,0,0,18.8,7.2,11.600000000000001,5.800000000000001,3.4,1.4,2.0,1.0,380,12,0
401360205,2021-12-09,San Antonio Spurs,Denver Nuggets,123,111,2022,12,234,1.0,False,False,0.0,True,True,same_region,0,0,0,7.4,2.4,5.0,2.5,-1.6,-6.7,5.1,2.55,381,12,0
401360214,2021-12-10,Phoenix Suns,Boston Celtics,111,90,2022,21,201,3.0,False,False,1.0,False,True,east_to_west,1,1,0,1.4,0.8,0.5999999999999999,0.29999999999999993,7.4,1.3,6.1000000000000005,3.0500000000000003,382,12,0
401360213,2021-12-10,Oklahoma City Thunder,Los Angeles Lakers,95,116,2022,-21,211,8.0,False,False,0.0,True,False,same_region,0,0,0,-15.6,5.4,-21.0,-10.5,-11.1,0.8,-11.9,-5.95,383,12,0
401360212,2021-12-10,New Orleans Pelicans,Detroit Pistons,109,93,2022,16,202,1.0,False,False,7.0,False,False,east_to_west,1,1,0,-2.6,-9.4,6.800000000000001,3.4000000000000004,-4.0,-9.5,5.5,2.75,384,12,0
401360211,2021-12-10,Minnesota Timberwolves,Cleveland Cavaliers,106,123,2022,-17,229,1.0,False,False,3.0,False,False,east_to_west,1,1,0,-10.8,11.0,-21.8,-10.9,-0.2,6.1,-6.3,-3.15,385,12,0
401360210,2021-12-10,Houston Rockets,Milwaukee Bucks,114,123,2022,-9,237,1.0,False,False,1.0,False,False,east_to_west,1,1,0,7.8,3.8,4.0,2.0,1.0,10.9,-9.9,-4.95,386,12,0
401360209,2021-12-10,Toronto Raptors,New York Knicks,90,87,2022,3,177,1.0,False,False,1.0,False,True,same_region,0,0,0,-0.8,-5.6,4.8,2.4,-2.0,-3.3,1.2999999999999998,0.6499999999999999,387,12,0
401360208,2021-12-10,Atlanta Hawks,Brooklyn Nets,105,113,2022,-8,218,4.0,False,False,1.0,False,True,same_region,0,0,0,0.0,-0.8,0.8,0.4,8.3,2.6,5.700000000000001,2.8500000000000005,388,12,0
401360207,2021-12-10,Indiana Pacers,Dallas Mavericks,106,93,2022,13,199,1.0,False,False,1.0,False,False,west_to_east,1,0,1,2.4,2.8,-0.3999999999999999,-0.19999999999999996,5.2,-1.6,6.800000000000001,3.4000000000000004,389,12,0
401360206,2021-12-10,Charlotte Hornets,Sacramento Kings,124,123,2022,1,247,1.0,False,False,8.0,False,False,west_to_east,1,0,1,-4.0,-5.2,1.2000000000000002,0.6000000000000001,-0.2,-6.3,6.1,3.05,390,12,0
401360215,2021-12-11,LA Clippers,Orlando Magic,106,104,2022,2,210,2.0,False,False,2.0,False,False,east_to_west,1,1,0,1.0,-9.0,10.0,5.0,-2.0,-14.0,12.0,6.0,391,12,0
401360216,2021-12-11,Washington Wizards,Utah Jazz,98,123,2022,-25,221,7.0,False,False,1.0,False,True,west_to_east,1,0,1,-4.4,16.8,-21.200000000000003,-10.600000000000001,-6.2,12.8,-19.0,-9.5,392,12,0
401360217,2021-12-11,Cleveland Cavaliers,Sacramento Kings,117,103,2022,14,220,2.0,False,False,0.0,True,False,west_to_east,1,0,1,9.2,0.0,9.2,4.6,9.3,-4.5,13.8,6.9,393,12,0
401360221,2021-12-11,San Antonio Spurs,Denver Nuggets,112,127,2022,-15,239,1.0,False,False,1.0,False,True,same_region,0,0,0,6.4,-1.8,8.200000000000001,4.1000000000000005,1.0,-6.5,7.5,3.75,394,12,0
401360219,2021-12-11,Memphis Grizzlies,Houston Rockets,113,106,2022,7,219,1.0,False,True,9.0,False,False,same_region,0,0,0,20.0,3.4,16.6,8.3,9.0,1.3,7.7,3.85,395,12,0
401360220,2021-12-11,Philadelphia 76ers,Golden State Warriors,102,93,2022,9,195,1.0,False,False,10.0,False,False,west_to_east,1,0,1,-2.8,10.0,-12.8,-6.4,-2.9,11.8,-14.700000000000001,-7.3500000000000005,396,12,0
401360218,2021-12-11,Miami Heat,Chicago Bulls,118,92,2022,26,210,2.0,False,False,2.0,False,False,same_region,0,0,0,-9.0,2.2,-11.2,-5.6,-5.8,1.2,-7.0,-3.5,397,12,0
401360224,2021-12-12,Oklahoma City Thunder,Dallas Mavericks,84,103,2022,-19,187,1.0,False,False,1.0,False,False,same_region,0,0,0,-17.2,-6.2,-11.0,-5.5,-12.5,-2.1,-10.4,-5.2,398,12,0
401360222,2021-12-12,New York Knicks,Milwaukee Bucks,97,112,2022,-15,209,7.0,False,False,1.0,False,False,same_region,0,0,0,-5.8,5.2,-11.0,-5.5,-4.3,10.9,-15.2,-7.6,399,12,0
401360223,2021-12-12,Detroit Pistons,Brooklyn Nets,104,116,2022,-12,220,3.0,False,False,1.0,False,False,same_region,0,0,0,-11.8,0.4,-12.200000000000001,-6.1000000000000005,-10.8,2.4,-13.200000000000001,-6.6000000000000005,400,12,0
401360226,2021-12-12,Portland Trail Blazers,Minnesota Timberwolves,111,116,2022,-5,227,5.0,False,False,8.0,False,False,same_region,0,0,0,-12.6,-14.6,2.0,1.0,-7.8,-6.2,-1.5999999999999996,-0.7999999999999998,401,12,0
401360227,2021-12-12,Los Angeles Lakers,Orlando Magic,106,94,2022,12,200,4.0,False,False,0.0,True,False,east_to_west,1,1,0,8.8,-8.4,17.200000000000003,8.600000000000001,5.1,-13.3,18.4,9.2,402,12,0
401360225,2021-12-12,San Antonio Spurs,New Orleans Pelicans,112,97,2022,15,209,0.0,True,True,6.0,False,False,same_region,0,0,0,-2.8,-3.2,0.40000000000000036,0.20000000000000018,2.0,-0.7,2.7,1.35,403,12,0
401360234,2021-12-13,Dallas Mavericks,Charlotte Hornets,120,96,2022,24,216,5.0,False,False,7.0,False,False,east_to_west,1,1,0,0.8,-1.0,1.8,0.9,0.4,0.9,-0.5,-0.25,404,12,0
401360235,2021-12-13,Denver Nuggets,Washington Wizards,113,107,2022,6,220,16.0,False,False,4.0,False,False,east_to_west,1,1,0,2.2,-11.0,13.2,6.6,-4.4,-8.1,3.6999999999999993,1.8499999999999996,405,12,0
401360228,2021-12-13,Cleveland Cavaliers,Miami Heat,105,94,2022,11,199,1.0,False,False,8.0,False,False,same_region,0,0,0,9.0,1.4,7.6,3.8,11.2,-2.9,14.1,7.05,406,12,0
401360230,2021-12-13,Toronto Raptors,Sacramento Kings,124,101,2022,23,225,2.0,False,False,1.0,False,True,west_to_east,1,0,1,2.2,2.2,0.0,0.0,-0.1,-4.1,3.9999999999999996,1.9999999999999998,407,12,0
401360231,2021-12-13,Atlanta Hawks,Houston Rockets,126,132,2022,-6,258,2.0,False,False,1.0,False,False,west_to_east,1,0,1,0.2,1.2,-1.0,-0.5,6.4,1.3,5.1000000000000005,2.5500000000000003,408,12,0
401360229,2021-12-13,Indiana Pacers,Golden State Warriors,100,102,2022,-2,202,2.0,False,False,1.0,False,False,west_to_east,1,0,1,5.4,9.8,-4.4,-2.2,4.8,10.6,-5.8,-2.9,409,12,0
401360233,2021-12-13,Memphis Grizzlies,Philadelphia 76ers,126,91,2022,35,217,1.0,False,False,4.0,False,False,east_to_west,1,1,0,6.8,-0.8,7.6,3.8,9.6,-1.3,10.9,5.45,410,12,0
401360236,2021-12-13,LA Clippers,Phoenix Suns,111,95,2022,16,206,1.0,False,False,9.0,False,False,same_region,0,0,0,3.2,4.4,-1.2000000000000002,-0.6000000000000001,-2.4,8.7,-11.1,-5.55,411,12,0
401360232,2021-12-13,Boston Celtics,Milwaukee Bucks,117,103,2022,14,220,11.0,False,False,0.0,True,True,same_region,0,0,0,-3.6,9.0,-12.6,-6.3,-1.4,9.3,-10.700000000000001,-5.3500000000000005,412,12,0
401360240,2021-12-14,Portland Trail Blazers,Phoenix Suns,107,111,2022,-4,218,1.0,False,False,0.0,True,False,same_region,0,0,0,-17.2,-0.4,-16.8,-8.4,-9.0,4.2,-13.2,-6.6,413,12,0
401360238,2021-12-14,New York Knicks,Golden State Warriors,96,105,2022,-9,201,1.0,False,False,0.0,True,True,west_to_east,1,0,1,-8.0,5.8,-13.8,-6.9,-5.2,9.3,-14.5,-7.25,414,12,0
401360237,2021-12-14,Brooklyn Nets,Toronto Raptors,131,129,2022,2,260,9.0,False,False,17.0,False,False,same_region,0,0,0,1.8,8.2,-6.3999999999999995,-3.1999999999999997,3.4,0.3,3.1,1.55,415,12,0
401360242,2021-12-15,Orlando Magic,Atlanta Hawks,99,111,2022,-12,210,13.0,False,False,8.0,False,False,same_region,0,0,0,-11.8,-1.6,-10.200000000000001,-5.1000000000000005,-11.4,4.8,-16.2,-8.1,416,12,0
401360243,2021-12-15,Philadelphia 76ers,Miami Heat,96,101,2022,-5,197,3.0,False,False,1.0,False,False,same_region,0,0,0,-8.2,-2.6,-5.6,-2.8,-5.6,-4.8,-0.7999999999999998,-0.3999999999999999,417,12,0
401360244,2021-12-15,Dallas Mavericks,Los Angeles Lakers,104,107,2022,-3,211,1.0,False,False,4.0,False,False,same_region,0,0,0,7.0,6.2,0.7999999999999998,0.3999999999999999,2.0,5.8,-3.8,-1.9,418,12,0
401360241,2021-12-15,Cleveland Cavaliers,Houston Rockets,124,89,2022,35,213,1.0,False,False,1.0,False,False,west_to_east,1,0,1,11.4,2.0,9.4,4.7,12.8,3.7,9.100000000000001,4.550000000000001,419,12,0
401360251,2021-12-15,Sacramento Kings,Washington Wizards,119,105,2022,14,224,6.0,False,False,1.0,False,False,east_to_west,1,1,0,-4.2,-9.2,4.999999999999999,2.4999999999999996,-5.6,-6.2,0.6000000000000005,0.30000000000000027,420,12,0
401360246,2021-12-15,Oklahoma City Thunder,New Orleans Pelicans,110,113,2022,-3,223,2.0,False,False,2.0,False,False,same_region,0,0,0,-20.2,0.2,-20.4,-10.2,-13.8,-0.8,-13.0,-6.5,421,12,0
401360249,2021-12-15,Utah Jazz,LA Clippers,124,103,2022,21,227,11.0,False,False,8.0,False,False,same_region,0,0,0,17.4,5.6,11.799999999999999,5.8999999999999995,13.5,0.0,13.5,6.75,422,12,0
401360250,2021-12-15,Portland Trail Blazers,Memphis Grizzlies,103,113,2022,-10,216,0.0,True,True,8.0,False,False,same_region,0,0,0,-11.8,12.4,-24.200000000000003,-12.100000000000001,-11.3,14.4,-25.700000000000003,-12.850000000000001,423,12,0
401360247,2021-12-15,San Antonio Spurs,Charlotte Hornets,115,131,2022,-16,246,2.0,False,False,1.0,False,False,east_to_west,1,1,0,-0.8,-5.4,4.6000000000000005,2.3000000000000003,3.9,-2.1,6.0,3.0,424,12,0
401360248,2021-12-15,Denver Nuggets,Minnesota Timberwolves,107,124,2022,-17,231,1.0,False,False,2.0,False,False,same_region,0,0,0,0.6,-12.0,12.6,6.3,-0.9,-7.1,6.199999999999999,3.0999999999999996,425,12,0
401360245,2021-12-15,Milwaukee Bucks,Indiana Pacers,114,99,2022,15,213,8.0,False,False,15.0,False,False,same_region,0,0,0,1.8,5.6,-3.8,-1.9,5.8,1.4,4.4,2.2,426,12,0
401360256,2021-12-16,Phoenix Suns,Washington Wizards,118,98,2022,20,216,5.0,False,False,0.0,True,True,east_to_west,1,1,0,-1.8,-9.6,7.8,3.9,4.2,-7.8,12.0,6.0,427,12,0
401360255,2021-12-16,Houston Rockets,New York Knicks,103,116,2022,-13,219,5.0,False,False,5.0,False,False,east_to_west,1,1,0,-7.0,-7.0,0.0,0.0,-0.3,-6.7,6.4,3.2,428,12,0
401360253,2021-12-16,Brooklyn Nets,Philadelphia 76ers,114,105,2022,9,219,1.0,False,False,2.0,False,False,same_region,0,0,0,3.0,-9.8,12.8,6.4,3.1,-4.1,7.199999999999999,3.5999999999999996,429,12,0
401360252,2021-12-16,Indiana Pacers,Detroit Pistons,122,113,2022,9,235,2.0,False,False,5.0,False,False,same_region,0,0,0,4.4,-10.6,15.0,7.5,0.7,-11.5,12.2,6.1,430,12,0
401360263,2021-12-17,Portland Trail Blazers,Charlotte Hornets,125,116,2022,9,241,1.0,False,True,1.0,False,False,east_to_west,1,1,0,-8.2,-2.8,-5.3999999999999995,-2.6999999999999997,-11.9,-1.2,-10.700000000000001,-5.3500000000000005,431,12,0
401360258,2021-12-17,Atlanta Hawks,Denver Nuggets,115,133,2022,-18,248,3.0,False,False,5.0,False,False,west_to_east,1,0,1,1.2,-0.4,1.6,0.8,4.8,-0.7,5.5,2.75,432,12,0
401360259,2021-12-17,Boston Celtics,Golden State Warriors,107,111,2022,-4,218,3.0,False,False,2.0,False,False,west_to_east,1,0,1,0.6,8.6,-8.0,-4.0,-1.8,8.2,-10.0,-5.0,433,12,0
401360257,2021-12-17,Orlando Magic,Miami Heat,105,115,2022,-10,220,1.0,False,False,1.0,False,False,same_region,0,0,0,-13.8,2.8,-16.6,-8.3,-11.9,-3.1,-8.8,-4.4,434,12,0
401360262,2021-12-17,New Orleans Pelicans,Milwaukee Bucks,116,112,2022,4,228,6.0,False,False,3.0,False,False,east_to_west,1,1,0,-2.4,3.2,-5.6,-2.8,-3.0,6.2,-9.2,-4.6,435,12,0
401360260,2021-12-17,Minnesota Timberwolves,Los Angeles Lakers,110,92,2022,18,202,6.0,False,False,1.0,False,False,same_region,0,0,0,-7.6,7.6,-15.2,-7.6,-6.6,6.7,-13.3,-6.65,436,12,0
401360264,2021-12-17,Sacramento Kings,Memphis Grizzlies,105,124,2022,-19,229,1.0,False,False,1.0,False,False,same_region,0,0,0,-2.4,11.4,-13.8,-6.9,-4.6,18.6,-23.200000000000003,-11.600000000000001,437,12,0
401360261,2021-12-17,Utah Jazz,San Antonio Spurs,126,128,2022,-2,254,1.0,False,False,10.0,False,False,same_region,0,0,0,20.2,-3.2,23.4,11.7,15.7,4.1,11.6,5.8,438,12,0
401360268,2021-12-18,Oklahoma City Thunder,LA Clippers,104,103,2022,1,207,2.0,False,False,2.0,False,False,same_region,0,0,0,-6.2,2.4,-8.6,-4.3,-12.9,-3.2,-9.7,-4.85,439,12,0
401360269,2021-12-18,Boston Celtics,New York Knicks,114,107,2022,7,221,0.0,True,False,1.0,False,False,same_region,0,0,0,-5.8,-6.8,1.0,0.5,-0.3,-3.3,3.0,1.5,440,12,0
401360266,2021-12-18,Brooklyn Nets,Orlando Magic,93,100,2022,-7,193,1.0,False,False,5.0,False,False,same_region,0,0,0,4.2,-9.6,13.8,6.9,2.1,-9.4,11.5,5.75,441,12,0
401360271,2021-12-18,Utah Jazz,Washington Wizards,103,109,2022,-6,212,0.0,True,True,1.0,False,True,east_to_west,1,1,0,19.6,-12.4,32.0,16.0,14.9,-10.4,25.3,12.65,442,12,0
401360270,2021-12-18,Milwaukee Bucks,Cleveland Cavaliers,90,119,2022,-29,209,2.0,False,False,7.0,False,False,same_region,0,0,0,4.2,20.0,-15.8,-7.9,4.0,15.0,-11.0,-5.5,443,12,0
401360265,2021-12-18,Detroit Pistons,Houston Rockets,107,116,2022,-9,223,5.0,False,False,2.0,False,False,west_to_east,1,0,1,-10.2,-11.6,1.4000000000000004,0.7000000000000002,-11.6,-1.9,-9.7,-4.85,444,12,0
401360267,2021-12-18,Toronto Raptors,Golden State Warriors,119,100,2022,19,219,4.0,False,False,0.0,True,False,west_to_east,1,0,1,7.0,3.2,3.8,1.9,1.6,7.1,-5.5,-2.75,445,12,0
401360280,2021-12-19,Phoenix Suns,Charlotte Hornets,137,106,2022,31,243,2.0,False,False,1.0,False,False,east_to_west,1,1,0,6.6,-4.0,10.6,5.3,5.7,-3.9,9.6,4.8,446,12,0
401360279,2021-12-19,Minnesota Timberwolves,Dallas Mavericks,111,105,2022,6,216,1.0,False,False,6.0,False,False,same_region,0,0,0,-1.8,7.0,-8.8,-4.4,-3.0,2.3,-5.3,-2.65,447,12,0
401360272,2021-12-19,Chicago Bulls,Los Angeles Lakers,115,110,2022,5,225,12.0,False,False,1.0,False,False,west_to_east,1,0,1,-5.8,1.0,-6.8,-3.4,-2.0,4.1,-6.1,-3.05,448,12,0
401360275,2021-12-19,Sacramento Kings,San Antonio Spurs,121,114,2022,7,235,1.0,False,False,1.0,False,False,same_region,0,0,0,-8.6,-0.4,-8.2,-4.1,-6.9,3.5,-10.4,-5.2,449,12,0
401360274,2021-12-19,Memphis Grizzlies,Portland Trail Blazers,100,105,2022,-5,205,5.0,False,False,10.0,False,False,same_region,0,0,0,16.8,-4.0,20.8,10.4,17.8,-9.5,27.3,13.65,450,12,0
401360273,2021-12-19,Detroit Pistons,Miami Heat,100,90,2022,10,190,0.0,True,False,1.0,False,False,same_region,0,0,0,-9.8,7.8,-17.6,-8.8,-10.4,-2.4,-8.0,-4.0,451,12,0
401360287,2021-12-20,LA Clippers,San Antonio Spurs,92,116,2022,-24,208,6.0,False,False,0.0,True,True,same_region,0,0,0,-0.2,-4.2,4.0,2.0,-1.8,1.1,-2.9000000000000004,-1.4500000000000002,452,12,0
401360286,2021-12-20,Golden State Warriors,Sacramento Kings,113,98,2022,15,211,11.0,False,False,6.0,False,False,same_region,0,0,0,-2.6,-7.0,4.4,2.2,3.7,-3.5,7.2,3.6,453,12,0
401360285,2021-12-20,Utah Jazz,Charlotte Hornets,112,102,2022,10,214,1.0,False,True,0.0,True,True,east_to_west,1,1,0,12.0,-9.4,21.4,10.7,14.4,-6.7,21.1,10.55,454,12,0
401360284,2021-12-20,Memphis Grizzlies,Oklahoma City Thunder,99,102,2022,-3,201,0.0,True,False,11.0,False,False,same_region,0,0,0,13.2,-8.2,21.4,10.7,16.6,-12.2,28.8,14.4,455,12,0
401360283,2021-12-20,Chicago Bulls,Houston Rockets,133,118,2022,15,251,0.0,True,False,1.0,False,False,west_to_east,1,0,1,-5.6,-8.0,2.4000000000000004,1.2000000000000002,1.7,-2.3,4.0,2.0,456,12,0
401360281,2021-12-20,Boston Celtics,Philadelphia 76ers,103,108,2022,-5,211,1.0,False,True,3.0,False,False,same_region,0,0,0,-1.4,-12.4,11.0,5.5,1.2,-4.9,6.1000000000000005,3.0500000000000003,457,12,0
401360289,2021-12-21,Miami Heat,Indiana Pacers,125,96,2022,29,221,9.0,False,False,5.0,False,False,same_region,0,0,0,4.0,5.0,-1.0,-0.5,-2.5,-0.1,-2.4,-1.2,458,12,0
401360291,2021-12-21,New Orleans Pelicans,Portland Trail Blazers,111,97,2022,14,208,3.0,False,False,1.0,False,False,same_region,0,0,0,0.4,-1.0,1.4,0.7,-2.7,-6.8,4.1,2.05,459,12,0
401360290,2021-12-21,New York Knicks,Detroit Pistons,105,91,2022,14,196,6.0,False,False,4.0,False,False,same_region,0,0,0,-4.2,-7.2,3.0,1.5,-4.9,-8.3,3.4000000000000004,1.7000000000000002,460,12,0
401360292,2021-12-21,Dallas Mavericks,Minnesota Timberwolves,114,102,2022,12,216,5.0,False,False,5.0,False,False,same_region,0,0,0,4.2,5.8,-1.5999999999999996,-0.7999999999999998,3.5,-2.5,6.0,3.0,461,12,0
401360293,2021-12-21,Los Angeles Lakers,Phoenix Suns,90,108,2022,-18,198,8.0,False,False,6.0,False,False,same_region,0,0,0,2.6,12.0,-9.4,-4.7,4.0,6.7,-2.7,-1.35,462,12,0
401360299,2021-12-22,Sacramento Kings,LA Clippers,89,105,2022,-16,194,2.0,False,False,3.0,False,False,same_region,0,0,0,-7.2,-5.6,-1.6000000000000005,-0.8000000000000003,-2.5,-2.3,-0.20000000000000018,-0.10000000000000009,463,12,0
401360298,2021-12-22,Oklahoma City Thunder,Denver Nuggets,108,94,2022,14,202,3.0,False,False,4.0,False,False,same_region,0,0,0,-7.8,2.0,-9.8,-4.9,-11.7,2.2,-13.899999999999999,-6.949999999999999,464,12,0
401360297,2021-12-22,Milwaukee Bucks,Houston Rockets,126,106,2022,20,232,3.0,False,False,1.0,False,False,west_to_east,1,0,1,-3.4,-9.6,6.199999999999999,3.0999999999999996,0.9,-4.2,5.1000000000000005,2.5500000000000003,465,12,0
401360295,2021-12-22,Boston Celtics,Cleveland Cavaliers,111,101,2022,10,212,1.0,False,False,3.0,False,False,same_region,0,0,0,-1.8,21.2,-23.0,-11.5,-0.5,16.1,-16.6,-8.3,466,12,0
401360294,2021-12-22,Atlanta Hawks,Orlando Magic,98,104,2022,-6,202,4.0,False,False,3.0,False,False,same_region,0,0,0,-1.8,-5.8,4.0,2.0,1.2,-7.4,8.6,4.3,467,12,0
401360303,2021-12-23,Miami Heat,Detroit Pistons,115,112,2022,3,227,1.0,False,False,1.0,False,False,same_region,0,0,0,4.6,-6.8,11.399999999999999,5.699999999999999,3.0,-9.3,12.3,6.15,468,12,0
401360306,2021-12-23,Denver Nuggets,Charlotte Hornets,107,115,2022,-8,222,7.0,False,False,2.0,False,False,east_to_west,1,1,0,1.6,-11.6,13.2,6.6,-0.1,-6.3,6.2,3.1,469,12,0
401360301,2021-12-23,Orlando Magic,New Orleans Pelicans,104,110,2022,-6,214,5.0,False,False,7.0,False,False,west_to_east,1,0,1,-4.2,4.4,-8.600000000000001,-4.300000000000001,-6.3,0.9,-7.2,-3.6,470,12,0
401360302,2021-12-23,Philadelphia 76ers,Atlanta Hawks,96,98,2022,-2,194,7.0,False,False,7.0,False,False,same_region,0,0,0,-7.0,-5.2,-1.7999999999999998,-0.8999999999999999,-4.9,-2.6,-2.3000000000000003,-1.1500000000000001,471,12,0
401360300,2021-12-23,Indiana Pacers,Houston Rockets,118,106,2022,12,224,6.0,False,False,0.0,True,True,west_to_east,1,0,1,-4.8,-14.8,10.0,5.0,-1.2,-6.4,5.2,2.6,472,12,0
401360308,2021-12-23,Utah Jazz,Minnesota Timberwolves,128,116,2022,12,244,2.0,False,False,1.0,False,False,same_region,0,0,0,9.6,6.8,2.8,1.4,13.2,-3.9,17.099999999999998,8.549999999999999,473,12,0
401360307,2021-12-23,Phoenix Suns,Oklahoma City Thunder,113,101,2022,12,214,3.0,False,False,2.0,False,False,same_region,0,0,0,11.4,-0.8,12.200000000000001,6.1000000000000005,7.9,-9.0,16.9,8.45,474,12,0
401360311,2021-12-23,Los Angeles Lakers,San Antonio Spurs,110,138,2022,-28,248,1.0,False,False,2.0,False,False,same_region,0,0,0,-5.2,3.6,-8.8,-4.4,1.8,0.4,1.4,0.7,475,12,0
401360305,2021-12-23,Dallas Mavericks,Milwaukee Bucks,95,102,2022,-7,197,1.0,False,False,5.0,False,False,east_to_west,1,1,0,9.2,-2.4,11.6,5.8,1.5,3.3,-1.7999999999999998,-0.8999999999999999,476,12,0
401360304,2021-12-23,New York Knicks,Washington Wizards,117,124,2022,-7,241,1.0,False,False,4.0,False,False,same_region,0,0,0,-0.8,-11.8,11.0,5.5,-3.3,-8.1,4.8,2.4,477,12,0
401360309,2021-12-23,Golden State Warriors,Memphis Grizzlies,113,104,2022,9,217,2.0,False,False,5.0,False,False,same_region,0,0,0,2.2,11.2,-9.0,-4.5,6.0,9.0,-3.0,-1.5,478,12,0
401358784,2021-12-25,Los Angeles Lakers,Brooklyn Nets,115,122,2022,-7,237,1.0,False,False,12.0,False,False,east_to_west,1,1,0,-13.2,4.8,-18.0,-9.0,-3.5,2.0,-5.5,-2.75,479,12,0
401358785,2021-12-25,Utah Jazz,Dallas Mavericks,120,116,2022,4,236,1.0,False,False,5.0,False,False,same_region,0,0,0,7.0,4.0,3.0,1.5,12.2,2.4,9.799999999999999,4.8999999999999995,480,12,0
401358783,2021-12-25,Phoenix Suns,Golden State Warriors,107,116,2022,-9,223,1.0,False,False,6.0,False,False,same_region,0,0,0,17.0,3.6,13.4,6.7,8.3,4.7,3.6000000000000005,1.8000000000000003,481,12,0
401358781,2021-12-25,New York Knicks,Atlanta Hawks,101,87,2022,14,188,1.0,False,False,1.0,False,False,same_region,0,0,0,0.8,-3.2,4.0,2.0,-3.6,-1.5,-2.1,-1.05,482,12,0
401358782,2021-12-25,Milwaukee Bucks,Boston Celtics,117,113,2022,4,230,2.0,False,False,14.0,False,False,same_region,0,0,0,1.8,4.4,-2.6000000000000005,-1.3000000000000003,1.8,0.4,1.4,0.7,483,12,0
401360312,2021-12-26,Miami Heat,Orlando Magic,93,83,2022,10,176,2.0,False,False,3.0,False,False,same_region,0,0,0,7.4,-3.0,10.4,5.2,2.4,-7.4,9.8,4.9,484,12,0
401360313,2021-12-26,Cleveland Cavaliers,Toronto Raptors,144,99,2022,45,243,10.0,False,False,11.0,False,False,same_region,0,0,0,15.8,8.4,7.4,3.7,12.5,2.2,10.3,5.15,485,12,0
401360314,2021-12-26,Washington Wizards,Philadelphia 76ers,96,117,2022,-21,213,14.0,False,False,5.0,False,False,same_region,0,0,0,-5.4,-9.2,3.799999999999999,1.8999999999999995,-8.2,-5.0,-3.1999999999999993,-1.5999999999999996,486,12,0
401360319,2021-12-26,LA Clippers,Denver Nuggets,100,103,2022,-3,203,5.0,False,False,3.0,False,False,same_region,0,0,0,-2.8,-3.0,0.20000000000000018,0.10000000000000009,0.2,-0.4,0.6000000000000001,0.30000000000000004,487,12,0
401360316,2021-12-26,Oklahoma City Thunder,New Orleans Pelicans,117,112,2022,5,229,3.0,False,False,2.0,False,False,same_region,0,0,0,0.6,2.4,-1.7999999999999998,-0.8999999999999999,-9.8,-0.4,-9.4,-4.7,488,12,0
401360317,2021-12-26,San Antonio Spurs,Detroit Pistons,144,109,2022,35,253,10.0,False,False,2.0,False,False,east_to_west,1,1,0,6.2,-5.0,11.2,5.6,2.7,-7.8,10.5,5.25,489,12,0
401360318,2021-12-26,Chicago Bulls,Indiana Pacers,113,105,2022,8,218,5.0,False,False,4.0,False,False,same_region,0,0,0,-3.4,-5.0,1.6,0.8,3.7,0.2,3.5,1.75,490,12,0
401360315,2021-12-26,Sacramento Kings,Memphis Grizzlies,102,127,2022,-25,229,3.0,False,False,2.0,False,False,same_region,0,0,0,-5.8,2.4,-8.2,-4.1,-5.0,7.4,-12.4,-6.2,491,12,0
401360324,2021-12-27,Phoenix Suns,Memphis Grizzlies,113,114,2022,-1,227,1.0,False,False,0.0,True,False,same_region,0,0,0,14.4,5.4,9.0,4.5,6.3,8.4,-2.1000000000000005,-1.0500000000000003,492,12,0
401360322,2021-12-27,Minnesota Timberwolves,Boston Celtics,108,103,2022,5,211,7.0,False,False,1.0,False,False,east_to_west,1,1,0,3.4,0.8,2.5999999999999996,1.2999999999999998,-4.3,0.7,-5.0,-2.5,493,12,0
401360321,2021-12-27,Atlanta Hawks,Chicago Bulls,118,130,2022,-12,248,4.0,False,False,15.0,False,False,same_region,0,0,0,-4.8,-4.2,-0.5999999999999996,-0.2999999999999998,-3.2,1.0,-4.2,-2.1,494,12,0
401360326,2021-12-27,LA Clippers,Brooklyn Nets,108,124,2022,-16,232,0.0,True,False,1.0,False,False,east_to_west,1,1,0,-6.6,4.6,-11.2,-5.6,-0.5,2.5,-3.0,-1.5,495,12,0
401360323,2021-12-27,San Antonio Spurs,Utah Jazz,104,110,2022,-6,214,0.0,True,False,15.0,False,False,same_region,0,0,0,16.4,3.6,12.799999999999999,6.3999999999999995,6.6,11.9,-5.300000000000001,-2.6500000000000004,496,12,0
401360325,2021-12-27,Portland Trail Blazers,Dallas Mavericks,117,132,2022,-15,249,9.0,False,False,1.0,False,False,same_region,0,0,0,-2.8,-1.6,-1.1999999999999997,-0.5999999999999999,-10.0,2.7,-12.7,-6.35,497,12,0
401360320,2021-12-27,Charlotte Hornets,Houston Rockets,123,99,2022,24,222,16.0,False,False,3.0,False,False,west_to_east,1,0,1,-5.2,-10.2,4.999999999999999,2.4999999999999996,-5.3,-8.6,3.3,1.65,498,12,0
401360332,2021-12-28,New Orleans Pelicans,Cleveland Cavaliers,108,104,2022,4,212,6.0,False,False,5.0,False,False,east_to_west,1,1,0,4.4,22.0,-17.6,-8.8,2.3,15.5,-13.2,-6.6,499,12,0
401360327,2021-12-28,Orlando Magic,Milwaukee Bucks,110,127,2022,-17,237,4.0,False,False,4.0,False,False,same_region,0,0,0,-2.6,-0.4,-2.2,-1.1,-8.2,1.4,-9.6,-4.8,500,12,0
401360328,2021-12-28,Miami Heat,Washington Wizards,119,112,2022,7,231,1.0,False,False,4.0,False,False,same_region,0,0,0,8.4,-8.4,16.8,8.4,5.6,-8.8,14.4,7.2,501,12,0
401360329,2021-12-28,Toronto Raptors,Philadelphia 76ers,109,114,2022,-5,223,9.0,False,False,1.0,False,False,same_region,0,0,0,-0.4,2.0,-2.4,-1.2,-0.6,-3.1,2.5,1.25,502,12,0
401360333,2021-12-28,Golden State Warriors,Denver Nuggets,86,89,2022,-3,175,4.0,False,False,1.0,False,False,same_region,0,0,0,3.6,-3.6,7.2,3.6,6.1,-1.5,7.6,3.8,503,12,0
401360334,2021-12-28,Sacramento Kings,Oklahoma City Thunder,117,111,2022,6,228,1.0,False,False,4.0,False,False,same_region,0,0,0,-13.6,2.2,-15.8,-7.9,-8.0,-2.0,-6.0,-3.0,504,12,0
401360330,2021-12-28,Houston Rockets,Los Angeles Lakers,123,132,2022,-9,255,11.0,False,False,8.0,False,False,same_region,0,0,0,-12.4,-15.2,2.799999999999999,1.3999999999999995,-12.0,-3.8,-8.2,-4.1,505,12,0
401360331,2021-12-28,Minnesota Timberwolves,New York Knicks,88,96,2022,-8,184,0.0,True,False,9.0,False,False,east_to_west,1,1,0,1.0,5.4,-4.4,-2.2,-3.3,-0.8,-2.5,-1.25,506,12,0
401360336,2021-12-29,Indiana Pacers,Charlotte Hornets,108,116,2022,-8,224,5.0,False,False,5.0,False,False,same_region,0,0,0,-6.2,-3.6,-2.6,-1.3,-0.3,-3.2,2.9000000000000004,1.4500000000000002,507,12,0
401360335,2021-12-29,Detroit Pistons,New York Knicks,85,94,2022,-9,179,9.0,False,False,0.0,True,False,same_region,0,0,0,-10.2,4.4,-14.6,-7.3,-10.2,-1.2,-9.0,-4.5,508,12,0
401360338,2021-12-29,Chicago Bulls,Atlanta Hawks,131,117,2022,14,248,2.0,False,False,3.0,False,False,same_region,0,0,0,2.8,-9.6,12.399999999999999,6.199999999999999,2.5,-4.2,6.7,3.35,509,12,0
401360337,2021-12-29,Boston Celtics,LA Clippers,82,91,2022,-9,173,6.0,False,False,6.0,False,False,west_to_east,1,0,1,0.6,-5.6,6.199999999999999,3.0999999999999996,-2.6,-1.6,-1.0,-0.5,510,12,0
401360341,2021-12-29,Phoenix Suns,Oklahoma City Thunder,115,97,2022,18,212,1.0,False,False,0.0,True,False,same_region,0,0,0,10.2,0.8,9.399999999999999,4.699999999999999,8.4,-3.7,12.100000000000001,6.050000000000001,511,12,0
401360343,2021-12-29,Sacramento Kings,Dallas Mavericks,95,94,2022,1,189,0.0,True,True,1.0,False,False,same_region,0,0,0,-8.6,2.0,-10.6,-5.3,-8.6,4.5,-13.1,-6.55,512,12,0
401360339,2021-12-29,Memphis Grizzlies,Los Angeles Lakers,104,99,2022,5,203,8.0,False,False,0.0,True,False,same_region,0,0,0,1.8,-9.8,11.600000000000001,5.800000000000001,9.3,-4.4,13.700000000000001,6.8500000000000005,513,12,0
401360342,2021-12-29,Portland Trail Blazers,Utah Jazz,105,120,2022,-15,225,1.0,False,False,1.0,False,False,same_region,0,0,0,-5.0,5.2,-10.2,-5.1,-8.4,12.4,-20.8,-10.4,514,12,0
401360346,2021-12-30,Washington Wizards,Cleveland Cavaliers,110,93,2022,17,203,3.0,False,False,1.0,False,False,same_region,0,0,0,-7.0,19.0,-26.0,-13.0,-8.3,15.2,-23.5,-11.75,515,12,0
401360345,2021-12-30,Orlando Magic,Milwaukee Bucks,118,136,2022,-18,254,1.0,False,False,1.0,False,False,same_region,0,0,0,-4.0,3.8,-7.8,-3.9,-6.8,4.0,-10.8,-5.4,516,12,0
401360344,2021-12-30,Brooklyn Nets,Philadelphia 76ers,102,110,2022,-8,212,11.0,False,False,1.0,False,False,same_region,0,0,0,5.4,4.0,1.4000000000000004,0.7000000000000002,3.6,-2.9,6.5,3.25,517,12,0
401360348,2021-12-31,Boston Celtics,Phoenix Suns,123,108,2022,15,231,1.0,False,False,9.0,False,False,west_to_east,1,0,1,-2.6,7.6,-10.2,-5.1,-2.0,9.8,-11.8,-5.9,518,12,0
401360355,2021-12-31,Oklahoma City Thunder,New York Knicks,95,80,2022,15,175,4.0,False,False,1.0,False,True,east_to_west,1,1,0,-3.4,7.6,-11.0,-5.5,-5.6,1.7,-7.3,-3.65,519,12,0
401360350,2021-12-31,Sacramento Kings,Dallas Mavericks,96,112,2022,-16,208,1.0,False,True,1.0,False,False,same_region,0,0,0,-9.8,3.0,-12.8,-6.4,-8.4,3.6,-12.0,-6.0,520,12,0
401360351,2021-12-31,Houston Rockets,Miami Heat,110,120,2022,-10,230,2.0,False,False,11.0,False,False,east_to_west,1,1,0,-16.0,7.8,-23.8,-11.9,-12.0,7.8,-19.8,-9.9,521,12,0
401360349,2021-12-31,Indiana Pacers,Chicago Bulls,106,108,2022,-2,214,1.0,False,False,3.0,False,False,same_region,0,0,0,-4.8,10.8,-15.600000000000001,-7.800000000000001,-0.2,2.5,-2.7,-1.35,522,12,0
401360353,2021-12-31,Toronto Raptors,LA Clippers,116,108,2022,8,224,2.0,False,False,1.0,False,False,west_to_east,1,0,1,-2.0,-3.6,1.6,0.8,0.1,-1.9,2.0,1.0,523,12,0
401360357,2021-12-31,Los Angeles Lakers,Portland Trail Blazers,139,106,2022,33,245,5.0,False,False,9.0,False,False,same_region,0,0,0,-9.8,-6.0,-3.8000000000000007,-1.9000000000000004,-3.6,-7.1,3.4999999999999996,1.7499999999999998,524,12,0
401360352,2021-12-31,Cleveland Cavaliers,Atlanta Hawks,118,121,2022,-3,239,4.0,False,False,1.0,False,False,same_region,0,0,0,8.6,-8.8,17.4,8.7,14.3,-5.3,19.6,9.8,525,12,0
401360356,2021-12-31,Utah Jazz,Minnesota Timberwolves,120,108,2022,12,228,5.0,False,False,7.0,False,False,same_region,0,0,0,9.4,-4.2,13.600000000000001,6.800000000000001,10.7,-3.0,13.7,6.85,526,12,0
401360354,2021-12-31,Memphis Grizzlies,San Antonio Spurs,118,105,2022,13,223,1.0,False,False,7.0,False,False,same_region,0,0,0,3.8,14.8,-11.0,-5.5,8.5,7.2,1.2999999999999998,0.6499999999999999,527,12,0
401360363,2022-01-01,Utah Jazz,Golden State Warriors,116,123,2022,-7,239,0.0,True,False,6.0,False,False,same_region,0,0,0,9.8,2.2,7.6000000000000005,3.8000000000000003,9.7,2.7,6.999999999999999,3.4999999999999996,528,1,0
401360362,2022-01-01,Houston Rockets,Denver Nuggets,111,124,2022,-13,235,0.0,True,False,3.0,False,False,same_region,0,0,0,-15.0,0.4,-15.4,-7.7,-12.3,0.0,-12.3,-6.15,529,1,0
401360361,2022-01-01,Brooklyn Nets,LA Clippers,116,120,2022,-4,236,1.0,False,False,0.0,True,True,west_to_east,1,0,1,3.4,-0.4,3.8,1.9,3.2,-3.0,6.2,3.1,530,1,0
401360360,2022-01-01,Washington Wizards,Chicago Bulls,119,120,2022,-1,239,1.0,False,False,0.0,True,False,same_region,0,0,0,0.4,10.2,-9.799999999999999,-4.8999999999999995,-6.0,2.3,-8.3,-4.15,531,1,0
401360359,2022-01-01,Detroit Pistons,San Antonio Spurs,117,116,2022,1,233,2.0,False,False,0.0,True,False,west_to_east,1,0,1,-10.2,13.6,-23.799999999999997,-11.899999999999999,-10.0,4.7,-14.7,-7.35,532,1,0
401360358,2022-01-01,Milwaukee Bucks,New Orleans Pelicans,136,113,2022,23,249,6.0,False,False,5.0,False,False,west_to_east,1,0,1,13.2,4.6,8.6,4.3,4.9,1.1,3.8000000000000003,1.9000000000000001,533,1,0
401360368,2022-01-02,Charlotte Hornets,Phoenix Suns,99,133,2022,-34,232,5.0,False,False,1.0,False,False,west_to_east,1,0,1,-0.2,1.0,-1.2,-0.6,-2.1,6.2,-8.3,-4.15,534,1,0
401360366,2022-01-02,Cleveland Cavaliers,Indiana Pacers,108,104,2022,4,212,1.0,False,False,6.0,False,False,same_region,0,0,0,2.2,-7.0,9.2,4.6,11.7,-1.0,12.7,6.35,535,1,0
401360365,2022-01-02,Boston Celtics,Orlando Magic,116,111,2022,5,227,1.0,False,False,6.0,False,False,same_region,0,0,0,1.4,-9.0,10.4,5.2,-0.2,-7.4,7.2,3.6,536,1,0
401360367,2022-01-02,Sacramento Kings,Miami Heat,115,113,2022,2,228,1.0,False,False,1.0,False,False,east_to_west,1,1,0,-10.0,11.8,-21.8,-10.9,-8.6,7.9,-16.5,-8.25,537,1,0
401360370,2022-01-02,Los Angeles Lakers,Minnesota Timberwolves,108,103,2022,5,211,1.0,False,False,1.0,False,False,same_region,0,0,0,0.4,-7.8,8.2,4.1,-2.4,-1.0,-1.4,-0.7,538,1,0
401360369,2022-01-02,Oklahoma City Thunder,Dallas Mavericks,86,95,2022,-9,181,1.0,False,False,1.0,False,False,same_region,0,0,0,-3.2,3.8,-7.0,-3.5,-2.0,6.5,-8.5,-4.25,539,1,0
401360364,2022-01-02,Toronto Raptors,New York Knicks,120,105,2022,15,225,1.0,False,False,1.0,False,False,same_region,0,0,0,-5.0,1.8,-6.8,-3.4,1.6,0.5,1.1,0.55,540,1,0
401360375,2022-01-03,Milwaukee Bucks,Detroit Pistons,106,115,2022,-9,221,1.0,False,False,7.0,False,False,same_region,0,0,0,13.8,-12.0,25.8,12.9,5.7,-9.6,15.3,7.65,541,1,0
401360371,2022-01-03,Philadelphia 76ers,Houston Rockets,133,113,2022,20,246,10.0,False,False,6.0,False,False,west_to_east,1,0,1,7.4,-13.6,21.0,10.5,-2.5,-14.2,11.7,5.85,542,1,0
401360372,2022-01-03,Washington Wizards,Charlotte Hornets,124,121,2022,3,245,1.0,False,False,4.0,False,False,same_region,0,0,0,-1.0,-0.8,-0.19999999999999996,-0.09999999999999998,-6.4,-5.1,-1.3000000000000007,-0.6500000000000004,543,1,0
401360374,2022-01-03,Chicago Bulls,Orlando Magic,102,98,2022,4,200,4.0,False,False,0.0,True,False,same_region,0,0,0,7.4,-11.2,18.6,9.3,2.0,-7.7,9.7,4.85,544,1,0
401360373,2022-01-03,Brooklyn Nets,Memphis Grizzlies,104,118,2022,-14,222,1.0,False,False,6.0,False,False,west_to_east,1,0,1,0.8,7.0,-6.2,-3.1,2.5,9.1,-6.6,-3.3,545,1,0
401360380,2022-01-03,LA Clippers,Minnesota Timberwolves,104,122,2022,-18,226,6.0,False,False,0.0,True,True,same_region,0,0,0,-2.8,-6.4,3.6000000000000005,1.8000000000000003,-2.8,0.2,-3.0,-1.5,546,1,0
401360379,2022-01-03,Portland Trail Blazers,Atlanta Hawks,136,131,2022,5,267,4.0,False,False,2.0,False,False,east_to_west,1,1,0,-14.4,-7.0,-7.4,-3.7,-9.2,-6.1,-3.0999999999999996,-1.5499999999999998,547,1,0
401360376,2022-01-03,New Orleans Pelicans,Utah Jazz,104,115,2022,-11,219,5.0,False,False,4.0,False,False,same_region,0,0,0,-0.8,6.0,-6.8,-3.4,-0.2,6.5,-6.7,-3.35,548,1,0
401360378,2022-01-03,Golden State Warriors,Miami Heat,115,108,2022,7,223,5.0,False,False,0.0,True,True,east_to_west,1,1,0,7.4,5.6,1.8000000000000007,0.9000000000000004,2.4,5.1,-2.6999999999999997,-1.3499999999999999,549,1,0
401360377,2022-01-03,Dallas Mavericks,Denver Nuggets,103,89,2022,14,192,10.0,False,False,1.0,False,False,same_region,0,0,0,7.0,-0.6,7.6,3.8,5.5,0.7,4.8,2.4,550,1,0
401360385,2022-01-04,Los Angeles Lakers,Sacramento Kings,122,114,2022,8,236,1.0,False,False,14.0,False,False,same_region,0,0,0,7.0,-6.4,13.4,6.7,-3.1,-6.1,2.9999999999999996,1.4999999999999998,551,1,0
401360384,2022-01-04,New Orleans Pelicans,Phoenix Suns,110,123,2022,-13,233,0.0,True,False,1.0,False,False,same_region,0,0,0,-5.8,5.4,-11.2,-5.6,-0.7,11.2,-11.899999999999999,-5.949999999999999,552,1,0
401360383,2022-01-04,New York Knicks,Indiana Pacers,104,94,2022,10,198,9.0,False,False,1.0,False,False,same_region,0,0,0,0.2,-2.0,2.2,1.1,0.5,-3.4,3.9,1.95,553,1,0
401360382,2022-01-04,Toronto Raptors,San Antonio Spurs,129,104,2022,25,233,1.0,False,False,2.0,False,False,west_to_east,1,0,1,-1.6,8.6,-10.2,-5.1,2.7,6.1,-3.3999999999999995,-1.6999999999999997,554,1,0
401360381,2022-01-04,Cleveland Cavaliers,Memphis Grizzlies,106,110,2022,-4,216,1.0,False,False,0.0,True,False,west_to_east,1,0,1,5.0,11.6,-6.6,-3.3,10.4,7.0,3.4000000000000004,1.7000000000000002,555,1,0
401360390,2022-01-05,Indiana Pacers,Brooklyn Nets,121,129,2022,-8,250,4.0,False,False,8.0,False,False,same_region,0,0,0,-6.4,-0.6,-5.800000000000001,-2.9000000000000004,-5.7,2.1,-7.800000000000001,-3.9000000000000004,556,1,0
401360389,2022-01-05,Boston Celtics,San Antonio Spurs,97,99,2022,-2,196,2.0,False,False,0.0,True,False,west_to_east,1,0,1,0.4,-2.0,2.4,1.2,2.4,2.1,0.2999999999999998,0.1499999999999999,557,1,0
401360387,2022-01-05,Orlando Magic,Philadelphia 76ers,106,116,2022,-10,222,5.0,False,False,5.0,False,False,same_region,0,0,0,-10.8,10.4,-21.200000000000003,-10.600000000000001,-6.9,1.7,-8.6,-4.3,558,1,0
401360388,2022-01-05,Washington Wizards,Houston Rockets,111,114,2022,-3,225,1.0,False,False,1.0,False,False,west_to_east,1,0,1,-1.8,-15.2,13.399999999999999,6.699999999999999,-3.6,-12.7,9.1,4.55,559,1,0
401360394,2022-01-05,Denver Nuggets,Utah Jazz,109,115,2022,-6,224,12.0,False,False,1.0,False,False,same_region,0,0,0,-0.6,7.4,-8.0,-4.0,0.5,5.5,-5.0,-2.5,560,1,0
401360386,2022-01-05,Charlotte Hornets,Detroit Pistons,140,111,2022,29,251,2.0,False,False,1.0,False,False,same_region,0,0,0,0.6,-7.4,8.0,4.0,-5.5,-7.1,1.5999999999999996,0.7999999999999998,561,1,0
401360392,2022-01-05,Milwaukee Bucks,Toronto Raptors,111,117,2022,-6,228,1.0,False,False,9.0,False,False,same_region,0,0,0,10.6,-0.4,11.0,5.5,6.2,4.0,2.2,1.1,562,1,0
401360393,2022-01-05,Minnesota Timberwolves,Oklahoma City Thunder,98,90,2022,8,188,7.0,False,False,6.0,False,False,same_region,0,0,0,-0.4,-2.6,2.2,1.1,1.5,-1.0,2.5,1.25,563,1,0
401360395,2022-01-05,Portland Trail Blazers,Miami Heat,109,115,2022,-6,224,1.0,False,False,1.0,False,True,east_to_west,1,1,0,-14.4,3.6,-18.0,-9.0,-7.7,5.5,-13.2,-6.6,564,1,0
401360391,2022-01-05,Dallas Mavericks,Golden State Warriors,99,82,2022,17,181,1.0,False,False,3.0,False,False,same_region,0,0,0,10.6,5.8,4.8,2.4,4.5,4.0,0.5,0.25,565,1,0
401360396,2022-01-05,Sacramento Kings,Atlanta Hawks,102,108,2022,-6,210,2.0,False,False,1.0,False,False,east_to_west,1,1,0,-3.0,-8.4,5.4,2.7,-8.3,-5.8,-2.500000000000001,-1.2500000000000004,566,1,0
401360400,2022-01-06,Phoenix Suns,LA Clippers,106,89,2022,17,195,7.0,False,False,4.0,False,False,same_region,0,0,0,9.8,-5.8,15.600000000000001,7.800000000000001,12.1,-6.2,18.3,9.15,567,1,0
401360399,2022-01-06,New Orleans Pelicans,Golden State Warriors,101,96,2022,5,197,1.0,False,True,0.0,True,False,same_region,0,0,0,-9.6,0.6,-10.2,-5.1,-3.6,2.1,-5.7,-2.85,568,1,0
401360398,2022-01-06,Memphis Grizzlies,Detroit Pistons,118,88,2022,30,206,5.0,False,False,0.0,True,True,east_to_west,1,1,0,7.4,-12.6,20.0,10.0,6.4,-8.8,15.200000000000001,7.6000000000000005,569,1,0
401360397,2022-01-06,New York Knicks,Boston Celtics,108,105,2022,3,213,1.0,False,False,9.0,False,False,same_region,0,0,0,-0.6,0.8,-1.4,-0.7,2.4,0.8,1.5999999999999999,0.7999999999999999,570,1,0
401360406,2022-01-07,Oklahoma City Thunder,Minnesota Timberwolves,105,135,2022,-30,240,4.0,False,False,3.0,False,False,same_region,0,0,0,-5.2,0.2,-5.4,-2.7,-1.5,0.6,-2.1,-1.05,571,1,0
401360402,2022-01-07,Brooklyn Nets,Milwaukee Bucks,109,121,2022,-12,230,3.0,False,False,7.0,False,False,same_region,0,0,0,-0.4,8.6,-9.0,-4.5,2.1,4.1,-1.9999999999999996,-0.9999999999999998,572,1,0
401360404,2022-01-07,Chicago Bulls,Washington Wizards,130,122,2022,8,252,3.0,False,False,9.0,False,False,same_region,0,0,0,6.6,1.8,4.8,2.4,1.2,-3.3,4.5,2.25,573,1,0
401360401,2022-01-07,Philadelphia 76ers,San Antonio Spurs,119,100,2022,19,219,3.0,False,False,1.0,False,True,west_to_east,1,0,1,12.8,-8.6,21.4,10.7,1.8,3.9,-2.0999999999999996,-1.0499999999999998,574,1,0
401360409,2022-01-07,Portland Trail Blazers,Cleveland Cavaliers,101,114,2022,-13,215,1.0,False,False,7.0,False,False,east_to_west,1,1,0,-12.8,-4.8,-8.0,-4.0,-7.8,8.6,-16.4,-8.2,575,1,0
401360407,2022-01-07,Denver Nuggets,Sacramento Kings,121,111,2022,10,232,1.0,False,False,2.0,False,False,same_region,0,0,0,-0.2,-5.4,5.2,2.6,-1.6,-7.0,5.4,2.7,576,1,0
401360408,2022-01-07,Los Angeles Lakers,Atlanta Hawks,134,118,2022,16,252,2.0,False,False,1.0,False,False,east_to_west,1,1,0,10.0,-4.4,14.4,7.2,-2.6,-4.6,1.9999999999999996,0.9999999999999998,577,1,0
401360405,2022-01-07,Houston Rockets,Dallas Mavericks,106,130,2022,-24,236,5.0,False,False,4.0,False,False,same_region,0,0,0,-9.8,11.0,-20.8,-10.4,-11.1,6.5,-17.6,-8.8,578,1,0
401360403,2022-01-07,Toronto Raptors,Utah Jazz,122,108,2022,14,230,2.0,False,False,1.0,False,False,west_to_east,1,0,1,9.8,7.4,2.4000000000000004,1.2000000000000002,4.7,6.3,-1.5999999999999996,-0.7999999999999998,579,1,0
401360412,2022-01-08,Detroit Pistons,Orlando Magic,97,92,2022,5,189,6.0,False,False,4.0,False,False,same_region,0,0,0,-11.6,-10.8,-0.7999999999999989,-0.39999999999999947,-10.9,-6.7,-4.2,-2.1,580,1,0
401360411,2022-01-08,Charlotte Hornets,Milwaukee Bucks,114,106,2022,8,220,2.0,False,False,0.0,True,False,same_region,0,0,0,4.8,7.6,-2.8,-1.4,-0.2,5.7,-5.9,-2.95,581,1,0
401360410,2022-01-08,LA Clippers,Memphis Grizzlies,108,123,2022,-15,231,4.0,False,False,3.0,False,False,same_region,0,0,0,-6.0,13.2,-19.2,-9.6,-5.8,7.5,-13.3,-6.65,582,1,0
401360414,2022-01-08,Boston Celtics,New York Knicks,99,75,2022,24,174,2.0,False,False,5.0,False,False,same_region,0,0,0,1.2,-1.6,2.8,1.4,0.9,1.4,-0.4999999999999999,-0.24999999999999994,583,1,0
401360413,2022-01-08,Indiana Pacers,Utah Jazz,125,113,2022,12,238,2.0,False,False,0.0,True,True,west_to_east,1,0,1,-6.4,1.6,-8.0,-4.0,-6.3,5.5,-11.8,-5.9,584,1,0
401360415,2022-01-08,Phoenix Suns,Miami Heat,100,123,2022,-23,223,1.0,False,False,2.0,False,False,east_to_west,1,1,0,13.4,2.8,10.600000000000001,5.300000000000001,11.8,5.6,6.200000000000001,3.1000000000000005,585,1,0
401360420,2022-01-09,Oklahoma City Thunder,Denver Nuggets,95,99,2022,-4,194,1.0,False,False,5.0,False,False,same_region,0,0,0,-10.0,1.2,-11.2,-5.6,-4.6,-1.2,-3.3999999999999995,-1.6999999999999997,586,1,0
401360424,2022-01-09,Portland Trail Blazers,Sacramento Kings,103,88,2022,15,191,1.0,False,False,1.0,False,False,same_region,0,0,0,-12.4,-7.6,-4.800000000000001,-2.4000000000000004,-8.7,-8.7,0.0,0.0,587,1,0
401360423,2022-01-09,Golden State Warriors,Cleveland Cavaliers,96,82,2022,14,178,5.0,False,False,1.0,False,False,east_to_west,1,1,0,-2.2,-1.4,-0.8000000000000003,-0.40000000000000013,0.7,8.8,-8.100000000000001,-4.050000000000001,588,1,0
401360422,2022-01-09,Dallas Mavericks,Chicago Bulls,113,99,2022,14,212,3.0,False,False,7.0,False,False,east_to_west,1,1,0,16.0,5.8,10.2,5.1,9.5,4.3,5.2,2.6,589,1,0
401360425,2022-01-09,Los Angeles Lakers,Memphis Grizzlies,119,127,2022,-8,246,1.0,False,False,0.0,True,False,same_region,0,0,0,11.4,15.2,-3.799999999999999,-1.8999999999999995,0.8,9.5,-8.7,-4.35,590,1,0
401360419,2022-01-09,Houston Rockets,Minnesota Timberwolves,123,141,2022,-18,264,1.0,False,False,1.0,False,False,same_region,0,0,0,-12.8,7.8,-20.6,-10.3,-14.4,1.8,-16.2,-8.1,591,1,0
401360418,2022-01-09,Toronto Raptors,New Orleans Pelicans,105,101,2022,4,206,1.0,False,False,7.0,False,False,west_to_east,1,0,1,13.6,-7.6,21.2,10.6,5.8,-1.6,7.4,3.7,592,1,0
401360417,2022-01-09,Orlando Magic,Washington Wizards,100,102,2022,-2,202,3.0,False,False,1.0,False,False,same_region,0,0,0,-8.4,1.6,-10.0,-5.0,-6.2,-2.7,-3.5,-1.75,593,1,0
401360421,2022-01-09,Brooklyn Nets,San Antonio Spurs,121,119,2022,2,240,1.0,False,False,1.0,False,False,west_to_east,1,0,1,-6.0,-11.2,5.199999999999999,2.5999999999999996,-0.3,1.8,-2.1,-1.05,594,1,0
401360416,2022-01-09,LA Clippers,Atlanta Hawks,106,93,2022,13,199,0.0,True,False,1.0,False,False,east_to_west,1,1,0,-10.8,-5.2,-5.6000000000000005,-2.8000000000000003,-7.2,-7.4,0.20000000000000018,0.10000000000000009,595,1,0
401360427,2022-01-10,Detroit Pistons,Utah Jazz,126,116,2022,10,242,1.0,False,False,1.0,False,True,west_to_east,1,0,1,-8.8,-3.2,-5.6000000000000005,-2.8000000000000003,-9.5,3.3,-12.8,-6.4,596,1,0
401360428,2022-01-10,Boston Celtics,Indiana Pacers,101,98,2022,3,199,1.0,False,False,5.0,False,False,same_region,0,0,0,7.8,-2.4,10.2,5.1,2.6,-3.6,6.2,3.1,597,1,0
401360426,2022-01-10,Charlotte Hornets,Milwaukee Bucks,103,99,2022,4,202,1.0,False,False,1.0,False,True,same_region,0,0,0,1.6,2.4,-0.7999999999999998,-0.3999999999999999,-1.0,7.8,-8.8,-4.4,598,1,0
401360530,2022-01-10,Houston Rockets,Philadelphia 76ers,91,111,2022,-20,202,0.0,True,True,4.0,False,False,east_to_west,1,1,0,-14.4,12.4,-26.8,-13.4,-14.7,7.2,-21.9,-10.95,599,1,0
401360430,2022-01-10,Sacramento Kings,Cleveland Cavaliers,108,109,2022,-1,217,4.0,False,False,0.0,True,True,east_to_west,1,1,0,-7.4,-0.8,-6.6000000000000005,-3.3000000000000003,-8.7,3.9,-12.6,-6.3,600,1,0
401401133,2022-01-10,Portland Trail Blazers,Brooklyn Nets,114,108,2022,6,222,0.0,True,True,4.0,False,False,east_to_west,1,1,0,-6.4,-4.0,-2.4000000000000004,-1.2000000000000002,-6.2,-0.3,-5.9,-2.95,601,1,0
401360429,2022-01-10,New York Knicks,San Antonio Spurs,111,96,2022,15,207,3.0,False,False,0.0,True,True,west_to_east,1,0,1,-8.2,-9.0,0.8000000000000007,0.40000000000000036,-0.3,2.3,-2.5999999999999996,-1.2999999999999998,602,1,0
401360435,2022-01-11,LA Clippers,Denver Nuggets,87,85,2022,2,172,1.0,False,True,1.0,False,False,same_region,0,0,0,-6.6,1.4,-8.0,-4.0,-3.5,0.9,-4.4,-2.2,603,1,0
401360434,2022-01-11,New Orleans Pelicans,Minnesota Timberwolves,128,125,2022,3,253,4.0,False,False,1.0,False,False,same_region,0,0,0,-9.2,13.8,-23.0,-11.5,-2.3,3.0,-5.3,-2.65,604,1,0
401401138,2022-01-11,Chicago Bulls,Detroit Pistons,133,87,2022,46,220,3.0,False,False,4.0,False,False,same_region,0,0,0,0.2,-7.0,7.2,3.6,5.5,-9.5,15.0,7.5,605,1,0
401360431,2022-01-11,Washington Wizards,Oklahoma City Thunder,122,118,2022,4,240,5.0,False,False,5.0,False,False,west_to_east,1,0,1,-1.4,-7.2,5.800000000000001,2.9000000000000004,-0.5,-5.3,4.8,2.4,606,1,0
401360432,2022-01-11,Toronto Raptors,Phoenix Suns,95,99,2022,-4,194,1.0,False,False,6.0,False,False,west_to_east,1,0,1,12.8,5.2,7.6000000000000005,3.8000000000000003,3.9,6.4,-2.5000000000000004,-1.2500000000000002,607,1,0
401360433,2022-01-11,Memphis Grizzlies,Golden State Warriors,116,108,2022,8,224,4.0,False,False,4.0,False,False,same_region,0,0,0,14.2,1.2,13.0,6.5,10.6,1.7,8.9,4.45,608,1,0
401360437,2022-01-12,Indiana Pacers,Boston Celtics,100,119,2022,-19,219,3.0,False,False,5.0,False,False,same_region,0,0,0,-2.6,5.4,-8.0,-4.0,-4.8,3.4,-8.2,-4.1,609,1,0
401360440,2022-01-12,Atlanta Hawks,Miami Heat,91,115,2022,-24,206,15.0,False,False,3.0,False,False,same_region,0,0,0,-5.0,6.0,-11.0,-5.5,-6.9,6.9,-13.8,-6.9,610,1,0
401360439,2022-01-12,Washington Wizards,Orlando Magic,112,106,2022,6,218,0.0,True,False,3.0,False,False,same_region,0,0,0,-0.4,-5.2,4.8,2.4,-0.7,-7.1,6.3999999999999995,3.1999999999999997,611,1,0
401360443,2022-01-12,Utah Jazz,Cleveland Cavaliers,91,111,2022,-20,202,10.0,False,False,1.0,False,True,east_to_west,1,1,0,-3.8,0.0,-3.8,-1.9,1.1,1.1,0.0,0.0,612,1,0
401360438,2022-01-12,Philadelphia 76ers,Charlotte Hornets,98,109,2022,-11,207,4.0,False,False,8.0,False,False,same_region,0,0,0,15.4,0.8,14.6,7.3,9.7,0.3,9.399999999999999,4.699999999999999,613,1,0
401360442,2022-01-12,San Antonio Spurs,Houston Rockets,124,128,2022,-4,252,15.0,False,False,6.0,False,False,same_region,0,0,0,-11.8,-15.8,4.0,2.0,-1.6,-14.7,13.1,6.55,614,1,0
401360441,2022-01-12,New York Knicks,Dallas Mavericks,108,85,2022,23,193,1.0,False,False,4.0,False,False,west_to_east,1,0,1,-2.2,15.6,-17.8,-8.9,-0.2,9.7,-9.899999999999999,-4.949999999999999,615,1,0
401360445,2022-01-12,Sacramento Kings,Los Angeles Lakers,125,116,2022,9,241,1.0,False,False,13.0,False,False,same_region,0,0,0,-8.0,10.8,-18.8,-9.4,-7.2,0.5,-7.7,-3.85,616,1,0
401360444,2022-01-12,Chicago Bulls,Brooklyn Nets,112,138,2022,-26,250,0.0,True,False,1.0,False,False,same_region,0,0,0,9.0,-4.4,13.4,6.7,9.6,-1.8,11.4,5.7,617,1,0
401360450,2022-01-13,Denver Nuggets,Portland Trail Blazers,140,108,2022,32,248,5.0,False,False,12.0,False,False,same_region,0,0,0,-1.6,1.4,-3.0,-1.5,-1.1,-6.5,5.4,2.7,618,1,0
401360448,2022-01-13,New Orleans Pelicans,LA Clippers,113,89,2022,24,202,1.0,False,False,6.0,False,False,same_region,0,0,0,-4.0,-7.0,3.0,1.5,-2.4,-4.9,2.5000000000000004,1.2500000000000002,619,1,0
401360446,2022-01-13,Milwaukee Bucks,Golden State Warriors,118,99,2022,19,217,7.0,False,False,1.0,False,False,west_to_east,1,0,1,-3.0,-1.8,-1.2,-0.6,5.4,2.8,2.6000000000000005,1.3000000000000003,620,1,0
401360447,2022-01-13,Memphis Grizzlies,Minnesota Timberwolves,116,108,2022,8,224,1.0,False,False,1.0,False,False,same_region,0,0,0,13.0,14.2,-1.1999999999999993,-0.5999999999999996,12.3,3.9,8.4,4.2,621,1,0
401360449,2022-01-13,Brooklyn Nets,Oklahoma City Thunder,109,130,2022,-21,239,3.0,False,False,1.0,False,False,west_to_east,1,0,1,3.6,-11.0,14.6,7.3,1.5,-7.1,8.6,4.3,622,1,0
401360456,2022-01-14,Chicago Bulls,Golden State Warriors,96,138,2022,-42,234,1.0,False,True,0.0,True,True,west_to_east,1,0,1,3.6,-7.0,10.6,5.3,5.5,-0.6,6.1,3.05,623,1,0
401360457,2022-01-14,San Antonio Spurs,Cleveland Cavaliers,109,114,2022,-5,223,1.0,False,False,1.0,False,False,east_to_west,1,1,0,-7.6,3.2,-10.8,-5.4,-4.8,4.1,-8.899999999999999,-4.449999999999999,624,1,0
401360459,2022-01-14,Sacramento Kings,Houston Rockets,126,114,2022,12,240,1.0,False,False,1.0,False,False,same_region,0,0,0,-4.6,-11.0,6.4,3.2,-3.8,-13.1,9.3,4.65,625,1,0
401360455,2022-01-14,Miami Heat,Atlanta Hawks,124,118,2022,6,242,16.0,False,False,4.0,False,False,same_region,0,0,0,8.8,-10.4,19.200000000000003,9.600000000000001,10.3,-8.7,19.0,9.5,626,1,0
401360453,2022-01-14,Indiana Pacers,Phoenix Suns,94,112,2022,-18,206,1.0,False,False,2.0,False,False,west_to_east,1,0,1,-5.6,9.0,-14.6,-7.3,-3.8,5.0,-8.8,-4.4,627,1,0
401360454,2022-01-14,Philadelphia 76ers,Boston Celtics,111,99,2022,12,210,1.0,False,False,1.0,False,False,same_region,0,0,0,11.6,8.2,3.4000000000000004,1.7000000000000002,9.5,4.3,5.2,2.6,628,1,0
401360452,2022-01-14,Detroit Pistons,Toronto Raptors,103,87,2022,16,190,3.0,False,False,8.0,False,False,same_region,0,0,0,-18.0,9.0,-27.0,-13.5,-12.7,3.7,-16.4,-8.2,629,1,0
401360451,2022-01-14,Charlotte Hornets,Orlando Magic,109,116,2022,-7,225,3.0,False,False,1.0,False,False,same_region,0,0,0,9.8,-5.4,15.200000000000001,7.6000000000000005,4.5,-8.3,12.8,6.4,630,1,0
401360458,2022-01-14,Memphis Grizzlies,Dallas Mavericks,85,112,2022,-27,197,0.0,True,True,1.0,False,False,same_region,0,0,0,13.8,9.2,4.600000000000001,2.3000000000000007,10.6,8.1,2.5,1.25,631,1,0
401360469,2022-01-15,Dallas Mavericks,Orlando Magic,108,92,2022,16,200,5.0,False,False,0.0,True,True,east_to_west,1,1,0,11.8,-3.2,15.0,7.5,11.2,-7.0,18.2,9.1,632,1,0
401360460,2022-01-15,Milwaukee Bucks,Toronto Raptors,96,103,2022,-7,199,1.0,False,False,0.0,True,False,same_region,0,0,0,2.6,0.8,1.8,0.9,6.6,0.2,6.3999999999999995,3.1999999999999997,633,1,0
401360462,2022-01-15,Atlanta Hawks,New York Knicks,108,117,2022,-9,225,2.0,False,False,6.0,False,False,same_region,0,0,0,-10.6,5.4,-16.0,-8.0,-9.5,2.8,-12.3,-6.15,634,1,0
401360463,2022-01-15,Brooklyn Nets,New Orleans Pelicans,120,105,2022,15,225,1.0,False,False,5.0,False,False,west_to_east,1,0,1,-2.2,3.0,-5.2,-2.6,-1.3,-1.4,0.09999999999999987,0.04999999999999993,635,1,0
401360461,2022-01-15,Washington Wizards,Portland Trail Blazers,110,115,2022,-5,225,2.0,False,False,1.0,False,False,west_to_east,1,0,1,0.2,-6.0,6.2,3.1,-0.8,-10.2,9.399999999999999,4.699999999999999,636,1,0
401360465,2022-01-15,Oklahoma City Thunder,Cleveland Cavaliers,102,107,2022,-5,209,5.0,False,False,0.0,True,True,east_to_west,1,1,0,-5.0,5.0,-10.0,-5.0,-3.8,0.1,-3.9,-1.95,637,1,0
401360466,2022-01-15,Boston Celtics,Chicago Bulls,114,112,2022,2,226,4.0,False,False,5.0,False,False,same_region,0,0,0,6.2,-5.6,11.8,5.9,3.5,0.5,3.0,1.5,638,1,0
401360468,2022-01-15,Denver Nuggets,Los Angeles Lakers,133,96,2022,37,229,1.0,False,False,2.0,False,False,same_region,0,0,0,7.6,2.4,5.199999999999999,2.5999999999999996,3.5,1.4,2.1,1.05,639,1,0
401360464,2022-01-15,Miami Heat,Philadelphia 76ers,98,109,2022,-11,207,0.0,True,False,4.0,False,False,same_region,0,0,0,10.4,10.0,0.40000000000000036,0.20000000000000018,8.0,10.2,-2.1999999999999993,-1.0999999999999996,640,1,0
401360467,2022-01-15,San Antonio Spurs,LA Clippers,101,94,2022,7,195,0.0,True,True,1.0,False,False,same_region,0,0,0,-9.0,-8.2,-0.8000000000000007,-0.40000000000000036,-8.8,-7.0,-1.8000000000000007,-0.9000000000000004,641,1,0
401360436,2022-01-16,Detroit Pistons,Phoenix Suns,108,135,2022,-27,243,1.0,False,False,1.0,False,False,west_to_east,1,0,1,-9.0,5.8,-14.8,-7.4,-10.8,5.6,-16.4,-8.2,642,1,0
401360472,2022-01-16,Denver Nuggets,Utah Jazz,102,125,2022,-23,227,0.0,True,True,5.0,False,False,same_region,0,0,0,16.2,-10.0,26.2,13.1,8.0,-1.3,9.3,4.65,643,1,0
401360471,2022-01-16,Minnesota Timberwolves,Golden State Warriors,119,99,2022,20,218,10.0,False,False,1.0,False,True,same_region,0,0,0,9.0,4.8,4.2,2.1,4.3,2.7,1.5999999999999996,0.7999999999999998,644,1,0
401360470,2022-01-16,Sacramento Kings,Houston Rockets,112,118,2022,-6,230,1.0,False,False,1.0,False,False,same_region,0,0,0,-1.0,-14.0,13.0,6.5,-3.2,-11.9,8.7,4.35,645,1,0
401360478,2022-01-17,LA Clippers,Indiana Pacers,139,133,2022,6,272,5.0,False,False,6.0,False,False,east_to_west,1,1,0,-6.2,-7.2,1.0,0.5,-6.1,-6.8,0.7000000000000002,0.3500000000000001,646,1,0
401360476,2022-01-17,Cleveland Cavaliers,Brooklyn Nets,114,107,2022,7,221,12.0,False,False,4.0,False,False,same_region,0,0,0,3.4,3.2,0.19999999999999973,0.09999999999999987,1.0,-1.4,2.4,1.2,647,1,0
401360474,2022-01-17,New York Knicks,Charlotte Hornets,87,97,2022,-10,184,4.0,False,False,4.0,False,False,same_region,0,0,0,5.2,9.0,-3.8,-1.9,2.3,4.8,-2.5,-1.25,648,1,0
401360475,2022-01-17,Washington Wizards,Philadelphia 76ers,117,98,2022,19,215,1.0,False,False,1.0,False,False,same_region,0,0,0,-0.2,10.2,-10.399999999999999,-5.199999999999999,0.8,11.5,-10.7,-5.35,649,1,0
401360477,2022-01-17,Memphis Grizzlies,Chicago Bulls,119,106,2022,13,225,2.0,False,False,1.0,False,False,east_to_west,1,1,0,2.4,-7.6,10.0,5.0,7.8,-0.9,8.7,4.35,650,1,0
401360473,2022-01-17,Boston Celtics,New Orleans Pelicans,104,92,2022,12,196,1.0,False,False,1.0,False,False,west_to_east,1,0,1,7.2,2.6,4.6,2.3,4.2,-3.5,7.7,3.85,651,1,0
401360481,2022-01-17,Miami Heat,Toronto Raptors,104,99,2022,5,203,1.0,False,True,1.0,False,True,same_region,0,0,0,9.6,1.0,8.6,4.3,6.6,5.4,1.1999999999999993,0.5999999999999996,652,1,0
401360482,2022-01-17,Dallas Mavericks,Oklahoma City Thunder,104,102,2022,2,206,1.0,False,False,3.0,False,False,same_region,0,0,0,11.6,-4.4,16.0,8.0,11.3,-4.8,16.1,8.05,653,1,0
401360483,2022-01-17,San Antonio Spurs,Phoenix Suns,107,121,2022,-14,228,1.0,False,True,0.0,True,True,same_region,0,0,0,-3.8,8.6,-12.399999999999999,-6.199999999999999,-7.5,9.2,-16.7,-8.35,654,1,0
401360484,2022-01-17,Los Angeles Lakers,Utah Jazz,101,95,2022,6,196,7.0,False,False,0.0,True,False,same_region,0,0,0,-6.0,-6.6,0.5999999999999996,0.2999999999999998,0.5,0.4,0.09999999999999998,0.04999999999999999,655,1,0
401360479,2022-01-17,Atlanta Hawks,Milwaukee Bucks,121,114,2022,7,235,1.0,False,False,6.0,False,False,same_region,0,0,0,-13.6,2.4,-16.0,-8.0,-9.0,5.5,-14.5,-7.25,656,1,0
401360480,2022-01-17,Orlando Magic,Portland Trail Blazers,88,98,2022,-10,186,7.0,False,False,1.0,False,False,west_to_east,1,0,1,-4.4,-3.8,-0.6000000000000005,-0.30000000000000027,-7.6,-8.3,0.7000000000000011,0.35000000000000053,657,1,0
401360486,2022-01-18,Golden State Warriors,Detroit Pistons,102,86,2022,16,188,8.0,False,False,6.0,False,False,east_to_west,1,1,0,1.8,-8.4,10.200000000000001,5.1000000000000005,-0.2,-10.0,9.8,4.9,658,1,0
401360485,2022-01-18,New York Knicks,Minnesota Timberwolves,110,112,2022,-2,222,0.0,True,False,4.0,False,False,west_to_east,1,0,1,2.6,11.4,-8.8,-4.4,0.5,5.8,-5.3,-2.65,659,1,0
401360494,2022-01-19,Dallas Mavericks,Toronto Raptors,102,98,2022,4,200,1.0,False,False,1.0,False,False,east_to_west,1,1,0,7.2,-2.8,10.0,5.0,11.6,5.4,6.199999999999999,3.0999999999999996,660,1,0
401360499,2022-01-19,Los Angeles Lakers,Indiana Pacers,104,111,2022,-7,215,1.0,False,False,1.0,False,False,east_to_west,1,1,0,-6.4,-6.8,0.39999999999999947,0.19999999999999973,1.8,-6.6,8.4,4.2,661,1,0
401360498,2022-01-19,Sacramento Kings,Detroit Pistons,131,133,2022,-2,264,2.0,False,False,0.0,True,False,east_to_west,1,1,0,-0.2,-12.6,12.4,6.2,-3.9,-10.7,6.799999999999999,3.3999999999999995,662,1,0
401360492,2022-01-19,Chicago Bulls,Cleveland Cavaliers,117,104,2022,13,221,4.0,False,False,3.0,False,False,same_region,0,0,0,-7.4,7.6,-15.0,-7.5,-3.6,3.4,-7.0,-3.5,663,1,0
401360496,2022-01-19,Utah Jazz,Houston Rockets,111,116,2022,-5,227,6.0,False,False,2.0,False,False,same_region,0,0,0,-5.0,-8.0,3.0,1.5,-1.7,-10.4,8.700000000000001,4.3500000000000005,664,1,0
401360493,2022-01-19,Milwaukee Bucks,Memphis Grizzlies,126,114,2022,12,240,3.0,False,False,9.0,False,False,west_to_east,1,0,1,-1.4,2.0,-3.4,-1.7,3.1,8.6,-5.5,-2.75,665,1,0
401360487,2022-01-19,Philadelphia 76ers,Orlando Magic,123,110,2022,13,233,4.0,False,False,3.0,False,False,same_region,0,0,0,2.6,-5.4,8.0,4.0,7.5,-6.9,14.4,7.2,666,1,0
401360491,2022-01-19,Miami Heat,Portland Trail Blazers,104,92,2022,12,196,1.0,False,False,1.0,False,False,west_to_east,1,0,1,9.4,0.8,8.6,4.3,6.1,-5.8,11.899999999999999,5.949999999999999,667,1,0
401360489,2022-01-19,Atlanta Hawks,Minnesota Timberwolves,134,122,2022,12,256,1.0,False,False,0.0,True,False,west_to_east,1,0,1,-9.0,5.8,-14.8,-7.4,-7.1,6.8,-13.899999999999999,-6.949999999999999,668,1,0
401360488,2022-01-19,Washington Wizards,Brooklyn Nets,118,119,2022,-1,237,1.0,False,False,1.0,False,False,same_region,0,0,0,5.2,1.4,3.8000000000000003,1.9000000000000001,3.4,-1.3,4.7,2.35,669,1,0
401360497,2022-01-19,Denver Nuggets,LA Clippers,130,128,2022,2,258,2.0,False,False,3.0,False,False,same_region,0,0,0,9.6,-2.0,11.6,5.8,5.4,-6.4,11.8,5.9,670,1,0
401360495,2022-01-19,San Antonio Spurs,Oklahoma City Thunder,118,96,2022,22,214,1.0,False,False,1.0,False,False,same_region,0,0,0,-6.2,1.2,-7.4,-3.7,-7.6,-4.4,-3.1999999999999993,-1.5999999999999996,671,1,0
401360490,2022-01-19,Boston Celtics,Charlotte Hornets,102,111,2022,-9,213,1.0,False,False,1.0,False,False,same_region,0,0,0,4.8,5.2,-0.40000000000000036,-0.20000000000000018,6.3,5.0,1.2999999999999998,0.6499999999999999,672,1,0
401360500,2022-01-20,New York Knicks,New Orleans Pelicans,91,102,2022,-11,193,1.0,False,True,2.0,False,False,west_to_east,1,0,1,7.0,-0.8,7.8,3.9,-0.6,-4.2,3.6,1.8,673,1,0
401360502,2022-01-20,Golden State Warriors,Indiana Pacers,117,121,2022,-4,238,1.0,False,False,0.0,True,True,east_to_west,1,1,0,2.2,-7.8,10.0,5.0,1.7,-5.1,6.8,3.4,674,1,0
401360501,2022-01-20,Dallas Mavericks,Phoenix Suns,101,109,2022,-8,210,0.0,True,True,2.0,False,False,same_region,0,0,0,5.2,8.0,-2.8,-1.4,10.4,10.7,-0.29999999999999893,-0.14999999999999947,675,1,0
401360506,2022-01-21,Atlanta Hawks,Miami Heat,110,108,2022,2,218,1.0,False,False,8.0,False,False,same_region,0,0,0,-4.0,7.2,-11.2,-5.6,-4.5,6.6,-11.1,-5.55,676,1,0
401360508,2022-01-21,Washington Wizards,Toronto Raptors,105,109,2022,-4,214,1.0,False,False,1.0,False,False,same_region,0,0,0,4.6,-4.4,9.0,4.5,1.6,4.2,-2.6,-1.3,677,1,0
401360504,2022-01-21,Orlando Magic,Los Angeles Lakers,105,116,2022,-11,221,3.0,False,False,5.0,False,False,west_to_east,1,0,1,-7.6,-11.0,3.4000000000000004,1.7000000000000002,-6.4,0.2,-6.6000000000000005,-3.3000000000000003,678,1,0
401360505,2022-01-21,Philadelphia 76ers,LA Clippers,101,102,2022,-1,203,1.0,False,False,1.0,False,False,west_to_east,1,0,1,1.2,-5.0,6.2,3.1,8.3,-5.8,14.100000000000001,7.050000000000001,679,1,0
401360503,2022-01-21,Charlotte Hornets,Oklahoma City Thunder,121,98,2022,23,219,6.0,False,False,1.0,False,False,west_to_east,1,0,1,5.4,-2.4,7.800000000000001,3.9000000000000004,3.5,-4.8,8.3,4.15,680,1,0
401360511,2022-01-21,Denver Nuggets,Memphis Grizzlies,118,122,2022,-4,240,1.0,False,False,1.0,False,False,same_region,0,0,0,9.2,-2.0,11.2,5.6,5.3,6.1,-0.7999999999999998,-0.3999999999999999,681,1,0
401360509,2022-01-21,Milwaukee Bucks,Chicago Bulls,94,90,2022,4,184,1.0,False,False,3.0,False,False,same_region,0,0,0,2.6,-14.0,16.6,8.3,2.5,-2.5,5.0,2.5,682,1,0
401360510,2022-01-21,San Antonio Spurs,Brooklyn Nets,102,117,2022,-15,219,1.0,False,False,1.0,False,False,east_to_west,1,1,0,1.2,2.8,-1.5999999999999999,-0.7999999999999999,-5.3,-0.8,-4.5,-2.25,683,1,0
401360507,2022-01-21,Boston Celtics,Portland Trail Blazers,105,109,2022,-4,214,1.0,False,False,1.0,False,False,west_to_east,1,0,1,2.4,-4.6,7.0,3.5,3.9,-5.5,9.4,4.7,684,1,0
401360512,2022-01-21,Utah Jazz,Detroit Pistons,111,101,2022,10,212,1.0,False,False,1.0,False,True,east_to_west,1,1,0,-3.6,-14.2,10.6,5.3,-3.4,-10.6,7.199999999999999,3.5999999999999996,685,1,0
401360513,2022-01-21,Golden State Warriors,Houston Rockets,105,103,2022,2,208,0.0,True,True,1.0,False,False,same_region,0,0,0,3.0,-3.4,6.4,3.2,0.6,-8.9,9.5,4.75,686,1,0
401360516,2022-01-22,Phoenix Suns,Indiana Pacers,113,103,2022,10,216,13.0,False,False,1.0,False,True,east_to_west,1,1,0,14.2,-6.4,20.6,10.3,9.7,-4.5,14.2,7.1,687,1,0
401360514,2022-01-22,Cleveland Cavaliers,Oklahoma City Thunder,94,87,2022,7,181,4.0,False,False,0.0,True,True,west_to_east,1,0,1,4.8,-6.2,11.0,5.5,2.4,-8.6,11.0,5.5,688,1,0
401360515,2022-01-22,Milwaukee Bucks,Sacramento Kings,133,127,2022,6,260,0.0,True,True,12.0,False,False,west_to_east,1,0,1,4.2,2.4,1.8000000000000003,0.9000000000000001,0.6,-2.5,3.1,1.55,689,1,0
401360517,2022-01-23,New York Knicks,LA Clippers,110,102,2022,8,212,2.0,False,False,1.0,False,False,west_to_east,1,0,1,1.8,-5.2,7.0,3.5,-0.2,-6.1,5.8999999999999995,2.9499999999999997,690,1,0
401360521,2022-01-23,Toronto Raptors,Portland Trail Blazers,105,114,2022,-9,219,11.0,False,False,1.0,False,False,west_to_east,1,0,1,-2.8,-5.0,2.2,1.1,3.1,-1.8,4.9,2.45,691,1,0
401360527,2022-01-23,Golden State Warriors,Utah Jazz,94,92,2022,2,186,1.0,False,True,5.0,False,False,same_region,0,0,0,7.2,0.4,6.8,3.4,0.1,-1.7,1.8,0.9,692,1,0
401360520,2022-01-23,Orlando Magic,Chicago Bulls,114,95,2022,19,209,1.0,False,False,1.0,False,False,same_region,0,0,0,-8.6,-9.6,1.0,0.5,-7.0,-3.0,-4.0,-2.0,693,1,0
401360524,2022-01-23,Dallas Mavericks,Memphis Grizzlies,104,91,2022,13,195,2.0,False,False,1.0,False,False,same_region,0,0,0,8.2,-2.8,11.0,5.5,8.7,5.1,3.5999999999999996,1.7999999999999998,694,1,0
401360519,2022-01-23,Miami Heat,Los Angeles Lakers,113,107,2022,6,220,3.0,False,False,1.0,False,False,west_to_east,1,0,1,2.0,-7.2,9.2,4.6,5.4,1.8,3.6000000000000005,1.8000000000000003,695,1,0
401360523,2022-01-23,San Antonio Spurs,Philadelphia 76ers,109,115,2022,-6,224,1.0,False,False,5.0,False,False,east_to_west,1,1,0,-1.0,3.2,-4.2,-2.1,-4.3,7.4,-11.7,-5.85,696,1,0
401360526,2022-01-23,Denver Nuggets,Detroit Pistons,117,111,2022,6,228,1.0,False,False,1.0,False,False,east_to_west,1,1,0,8.8,-7.0,15.8,7.9,3.6,-12.5,16.1,8.05,697,1,0
401360522,2022-01-23,Charlotte Hornets,Atlanta Hawks,91,113,2022,-22,204,1.0,False,False,8.0,False,False,same_region,0,0,0,9.2,1.2,7.999999999999999,3.9999999999999996,5.0,-4.6,9.6,4.8,698,1,0
401360525,2022-01-23,Minnesota Timberwolves,Brooklyn Nets,136,125,2022,11,261,6.0,False,False,1.0,False,False,east_to_west,1,1,0,-0.2,0.6,-0.8,-0.4,6.8,2.1,4.699999999999999,2.3499999999999996,699,1,0
401360518,2022-01-23,Washington Wizards,Boston Celtics,87,116,2022,-29,203,1.0,False,False,8.0,False,False,same_region,0,0,0,3.0,-2.2,5.2,2.6,1.3,3.0,-1.7,-0.85,700,1,0
401360531,2022-01-24,New Orleans Pelicans,Indiana Pacers,117,113,2022,4,230,10.0,False,False,1.0,False,False,east_to_west,1,1,0,2.2,-4.6,6.8,3.4,-3.5,-5.1,1.5999999999999996,0.7999999999999998,701,1,0
401360528,2022-01-24,Cleveland Cavaliers,New York Knicks,95,93,2022,2,188,1.0,False,False,8.0,False,False,same_region,0,0,0,2.2,-1.2,3.4000000000000004,1.7000000000000002,2.7,2.1,0.6000000000000001,0.30000000000000004,702,1,0
401360532,2022-01-24,Phoenix Suns,Utah Jazz,115,109,2022,6,224,1.0,False,False,0.0,True,False,same_region,0,0,0,15.4,4.0,11.4,5.7,12.2,-3.0,15.2,7.6,703,1,0
401360549,2022-01-24,Oklahoma City Thunder,Chicago Bulls,110,111,2022,-1,221,8.0,False,False,0.0,True,True,east_to_west,1,1,0,-11.8,-5.0,-6.800000000000001,-3.4000000000000004,-8.4,-5.3,-3.1000000000000005,-1.5500000000000003,704,1,0
401360540,2022-01-25,Portland Trail Blazers,Minnesota Timberwolves,107,109,2022,-2,216,14.0,False,False,5.0,False,False,same_region,0,0,0,3.2,2.6,0.6000000000000001,0.30000000000000004,-1.4,8.4,-9.8,-4.9,705,1,0
401360534,2022-01-25,Toronto Raptors,Charlotte Hornets,125,113,2022,12,238,1.0,False,False,5.0,False,False,same_region,0,0,0,-1.4,2.6,-4.0,-2.0,-0.3,6.2,-6.5,-3.25,706,1,0
401360535,2022-01-25,Washington Wizards,LA Clippers,115,116,2022,-1,231,1.0,False,False,1.0,False,False,west_to_east,1,0,1,-4.0,-2.0,-2.0,-1.0,-1.9,-5.1,3.1999999999999997,1.5999999999999999,707,1,0
401401137,2022-01-25,Philadelphia 76ers,New Orleans Pelicans,117,107,2022,10,224,3.0,False,False,4.0,False,False,west_to_east,1,0,1,2.0,2.4,-0.3999999999999999,-0.19999999999999996,6.0,-0.8,6.8,3.4,708,1,0
401360538,2022-01-25,Houston Rockets,San Antonio Spurs,104,134,2022,-30,238,14.0,False,False,14.0,False,False,same_region,0,0,0,0.2,-1.2,1.4,0.7,-7.8,-5.1,-2.7,-1.35,709,1,0
401360537,2022-01-25,Brooklyn Nets,Los Angeles Lakers,96,106,2022,-10,202,9.0,False,False,1.0,False,False,west_to_east,1,0,1,2.6,-6.6,9.2,4.6,0.2,-2.1,2.3000000000000003,1.1500000000000001,710,1,0
401360536,2022-01-25,Boston Celtics,Sacramento Kings,128,75,2022,53,203,3.0,False,False,2.0,False,False,west_to_east,1,0,1,6.0,1.4,4.6,2.3,6.1,-3.3,9.399999999999999,4.699999999999999,711,1,0
401360533,2022-01-25,Detroit Pistons,Denver Nuggets,105,110,2022,-5,215,8.0,False,False,13.0,False,False,west_to_east,1,0,1,-11.4,3.6,-15.0,-7.5,-10.2,5.6,-15.799999999999999,-7.8999999999999995,712,1,0
401360539,2022-01-25,Golden State Warriors,Dallas Mavericks,130,92,2022,38,222,1.0,False,False,10.0,False,False,same_region,0,0,0,-0.8,5.4,-6.2,-3.1,2.0,8.6,-6.6,-3.3,713,1,0
401360543,2022-01-26,Orlando Magic,LA Clippers,102,111,2022,-9,213,2.0,False,False,0.0,True,True,west_to_east,1,0,1,-6.2,-0.4,-5.8,-2.9,-4.7,-3.3,-1.4000000000000004,-0.7000000000000002,714,1,0
401360541,2022-01-26,Cleveland Cavaliers,Milwaukee Bucks,115,99,2022,16,214,1.0,False,False,8.0,False,False,same_region,0,0,0,1.6,1.6,0.0,0.0,3.3,2.1,1.1999999999999997,0.5999999999999999,715,1,0
401360542,2022-01-26,Indiana Pacers,Charlotte Hornets,126,158,2022,-32,284,11.0,False,False,0.0,True,False,same_region,0,0,0,-1.8,1.6,-3.4000000000000004,-1.7000000000000002,-4.5,5.3,-9.8,-4.9,716,1,0
401360546,2022-01-26,Miami Heat,New York Knicks,110,96,2022,14,206,2.0,False,False,1.0,False,False,same_region,0,0,0,2.0,-3.4,5.4,2.7,6.2,0.9,5.3,2.65,717,1,0
401360544,2022-01-26,Atlanta Hawks,Sacramento Kings,121,104,2022,17,225,4.0,False,False,0.0,True,False,west_to_east,1,0,1,6.8,-11.0,17.8,8.9,-1.9,-7.8,5.9,2.95,718,1,0
401401140,2022-01-26,Chicago Bulls,Toronto Raptors,111,105,2022,6,216,6.0,False,False,4.0,False,False,same_region,0,0,0,-4.4,-0.4,-4.0,-2.0,-6.0,0.3,-6.3,-3.15,719,1,0
401360550,2022-01-26,Utah Jazz,Phoenix Suns,97,105,2022,-8,202,4.0,False,False,5.0,False,False,same_region,0,0,0,-1.8,13.0,-14.8,-7.4,-4.2,9.4,-13.600000000000001,-6.800000000000001,720,1,0
401360551,2022-01-26,Portland Trail Blazers,Dallas Mavericks,112,132,2022,-20,244,0.0,True,False,0.0,True,False,same_region,0,0,0,1.8,-5.4,7.2,3.6,-1.0,3.1,-4.1,-2.05,721,1,0
401401134,2022-01-26,Brooklyn Nets,Denver Nuggets,118,124,2022,-6,242,0.0,True,False,0.0,True,False,west_to_east,1,0,1,-2.4,-2.8,0.3999999999999999,0.19999999999999996,0.4,6.7,-6.3,-3.15,722,1,0
401360547,2022-01-26,San Antonio Spurs,Memphis Grizzlies,110,118,2022,-8,228,2.0,False,False,2.0,False,False,same_region,0,0,0,3.4,-7.0,10.4,5.2,-0.2,3.4,-3.6,-1.8,723,1,0
401360553,2022-01-27,Golden State Warriors,Minnesota Timberwolves,124,115,2022,9,239,1.0,False,False,1.0,False,False,same_region,0,0,0,10.8,4.6,6.200000000000001,3.1000000000000005,6.3,6.8,-0.5,-0.25,724,1,0
401360552,2022-01-27,Philadelphia 76ers,Los Angeles Lakers,105,87,2022,18,192,1.0,False,False,1.0,False,False,west_to_east,1,0,1,1.8,2.8,-0.9999999999999998,-0.4999999999999999,6.0,-1.6,7.6,3.8,725,1,0
401360556,2022-01-28,Atlanta Hawks,Boston Celtics,108,92,2022,16,200,1.0,False,False,4.0,False,False,same_region,0,0,0,12.0,16.2,-4.199999999999999,-2.0999999999999996,-0.8,11.7,-12.5,-6.25,726,1,0
401360548,2022-01-28,New Orleans Pelicans,Denver Nuggets,105,116,2022,-11,221,3.0,False,False,1.0,False,True,same_region,0,0,0,-4.4,3.0,-7.4,-3.7,-0.7,6.3,-7.0,-3.5,727,1,0
401360561,2022-01-28,San Antonio Spurs,Chicago Bulls,131,122,2022,9,253,1.0,False,False,3.0,False,False,east_to_west,1,1,0,4.6,-0.6,5.199999999999999,2.5999999999999996,-0.8,-4.0,3.2,1.6,728,1,0
401360554,2022-01-28,Charlotte Hornets,Los Angeles Lakers,117,114,2022,3,231,4.0,False,False,0.0,True,True,west_to_east,1,0,1,6.0,-2.0,8.0,4.0,5.6,-4.2,9.8,4.9,729,1,0
401360557,2022-01-28,Miami Heat,LA Clippers,121,114,2022,7,235,1.0,False,False,1.0,False,True,west_to_east,1,0,1,7.0,0.2,6.8,3.4,8.3,-0.9,9.200000000000001,4.6000000000000005,730,1,0
401360563,2022-01-28,Milwaukee Bucks,New York Knicks,123,108,2022,15,231,5.0,False,False,1.0,False,False,same_region,0,0,0,-0.2,-4.2,4.0,2.0,1.1,-0.8,1.9000000000000001,0.9500000000000001,731,1,0
401360559,2022-01-28,Memphis Grizzlies,Utah Jazz,119,109,2022,10,228,10.0,False,False,3.0,False,False,same_region,0,0,0,0.0,-2.2,2.2,1.1,1.2,-3.6,4.8,2.4,732,1,0
401360562,2022-01-28,Phoenix Suns,Minnesota Timberwolves,134,124,2022,10,258,3.0,False,False,0.0,True,True,same_region,0,0,0,9.2,-1.2,10.399999999999999,5.199999999999999,8.9,5.1,3.8000000000000007,1.9000000000000004,733,1,0
401360558,2022-01-28,Houston Rockets,Portland Trail Blazers,110,125,2022,-15,235,2.0,False,False,4.0,False,False,same_region,0,0,0,-6.6,-4.2,-2.3999999999999995,-1.1999999999999997,-8.8,-1.7,-7.1000000000000005,-3.5500000000000003,734,1,0
401360560,2022-01-28,Oklahoma City Thunder,Indiana Pacers,110,113,2022,-3,223,3.0,False,False,3.0,False,False,east_to_west,1,1,0,-11.0,-7.0,-4.0,-2.0,-7.7,-6.9,-0.7999999999999998,-0.3999999999999999,735,1,0
401360555,2022-01-28,Orlando Magic,Detroit Pistons,119,103,2022,16,222,1.0,False,False,4.0,False,False,same_region,0,0,0,-4.8,-7.0,2.2,1.1,-4.6,-7.7,3.1000000000000005,1.5500000000000003,736,1,0
401360569,2022-01-29,Golden State Warriors,Brooklyn Nets,110,106,2022,4,216,1.0,False,False,5.0,False,False,east_to_west,1,1,0,9.4,-2.2,11.600000000000001,5.800000000000001,5.8,-0.4,6.2,3.1,737,1,0
401360568,2022-01-29,Memphis Grizzlies,Washington Wizards,115,95,2022,20,210,0.0,True,False,19.0,False,False,east_to_west,1,1,0,-0.6,-3.2,2.6,1.3,0.7,-1.7,2.4,1.2,738,1,0
401360567,2022-01-29,Miami Heat,Toronto Raptors,120,124,2022,-4,244,0.0,True,True,2.0,False,False,same_region,0,0,0,7.4,-0.6,8.0,4.0,8.4,-1.7,10.1,5.05,739,1,0
401360566,2022-01-29,Philadelphia 76ers,Sacramento Kings,103,101,2022,2,204,1.0,False,False,2.0,False,False,west_to_east,1,0,1,9.2,-16.8,26.0,13.0,5.9,-8.9,14.8,7.4,740,1,0
401360565,2022-01-29,Dallas Mavericks,Indiana Pacers,132,105,2022,27,237,5.0,False,False,0.0,True,False,east_to_west,1,1,0,-1.8,-7.8,6.0,3.0,2.7,-7.8,10.5,5.25,741,1,0
401360564,2022-01-29,New Orleans Pelicans,Boston Celtics,97,107,2022,-10,204,0.0,True,False,0.0,True,False,east_to_west,1,1,0,-3.6,10.6,-14.2,-7.1,-0.5,7.7,-8.2,-4.1,742,1,0
401360571,2022-01-30,Charlotte Hornets,LA Clippers,90,115,2022,-25,205,1.0,False,False,1.0,False,False,west_to_east,1,0,1,4.8,-0.8,5.6,2.8,5.1,-2.9,8.0,4.0,743,1,0
401360572,2022-01-30,Chicago Bulls,Portland Trail Blazers,130,116,2022,14,246,3.0,False,False,1.0,False,False,west_to_east,1,0,1,-5.0,1.2,-6.2,-3.1,-9.5,-1.7,-7.8,-3.9,744,1,0
401360573,2022-01-30,Detroit Pistons,Cleveland Cavaliers,115,105,2022,10,220,4.0,False,False,10.0,False,False,same_region,0,0,0,-7.0,3.8,-10.8,-5.4,-9.8,3.6,-13.4,-6.7,745,1,0
401360570,2022-01-30,Atlanta Hawks,Los Angeles Lakers,129,121,2022,8,250,1.0,False,False,1.0,False,True,west_to_east,1,0,1,13.8,-1.2,15.0,7.5,2.4,-6.1,8.5,4.25,746,1,0
401360575,2022-01-30,Milwaukee Bucks,Denver Nuggets,100,136,2022,-36,236,1.0,False,False,1.0,False,False,west_to_east,1,0,1,4.2,4.8,-0.5999999999999996,-0.2999999999999998,1.4,7.0,-5.6,-2.8,747,1,0
401360574,2022-01-30,Orlando Magic,Dallas Mavericks,110,108,2022,2,218,1.0,False,False,3.0,False,False,west_to_east,1,0,1,0.4,2.8,-2.4,-1.2,-2.5,4.0,-6.5,-3.25,748,1,0
401360577,2022-01-30,Phoenix Suns,San Antonio Spurs,115,110,2022,5,225,1.0,False,False,4.0,False,False,same_region,0,0,0,8.4,2.0,6.4,3.2,8.2,1.6,6.6,3.3,749,1,0
401360576,2022-01-30,Minnesota Timberwolves,Utah Jazz,126,106,2022,20,232,6.0,False,False,1.0,False,False,same_region,0,0,0,-3.6,-3.2,-0.3999999999999999,-0.19999999999999996,1.1,-3.4,4.5,2.25,750,1,0
401360584,2022-01-31,Oklahoma City Thunder,Portland Trail Blazers,98,81,2022,17,179,2.0,False,False,0.0,True,True,same_region,0,0,0,-11.2,-2.4,-8.799999999999999,-4.3999999999999995,-5.0,-3.7,-1.2999999999999998,-0.6499999999999999,751,1,0
401360583,2022-01-31,Houston Rockets,Golden State Warriors,108,122,2022,-14,230,2.0,False,False,14.0,False,False,same_region,0,0,0,-7.2,11.0,-18.2,-9.1,-10.6,7.0,-17.6,-8.8,752,1,0
401360586,2022-01-31,Atlanta Hawks,Toronto Raptors,100,106,2022,-6,206,0.0,True,True,1.0,False,False,same_region,0,0,0,13.0,1.0,12.0,6.0,4.5,-1.7,6.2,3.1,753,1,0
401360582,2022-01-31,New York Knicks,Sacramento Kings,116,96,2022,20,212,7.0,False,False,1.0,False,False,west_to_east,1,0,1,-6.8,-16.0,9.2,4.6,0.1,-8.1,8.2,4.1,754,1,0
401360581,2022-01-31,Boston Celtics,Miami Heat,122,92,2022,30,214,5.0,False,False,9.0,False,False,same_region,0,0,0,14.4,4.2,10.2,5.1,8.4,5.7,2.7,1.35,755,1,0
401360580,2022-01-31,Philadelphia 76ers,Memphis Grizzlies,122,119,2022,3,241,1.0,False,False,4.0,False,False,west_to_east,1,0,1,7.0,5.8,1.2000000000000002,0.6000000000000001,4.1,1.9,2.1999999999999997,1.0999999999999999,756,1,0
401360579,2022-01-31,Indiana Pacers,LA Clippers,122,116,2022,6,238,4.0,False,False,0.0,True,True,west_to_east,1,0,1,-14.0,4.0,-18.0,-9.0,-10.2,-0.6,-9.6,-4.8,757,1,0
401360578,2022-01-31,Cleveland Cavaliers,New Orleans Pelicans,93,90,2022,3,183,4.0,False,False,5.0,False,False,west_to_east,1,0,1,0.4,-3.2,3.6,1.8,4.0,-2.0,6.0,3.0,758,1,0
401360585,2022-02-01,Detroit Pistons,New Orleans Pelicans,101,111,2022,-10,212,1.0,False,False,0.0,True,False,west_to_east,1,0,1,-5.4,-6.0,0.5999999999999996,0.2999999999999998,-9.8,-1.9,-7.9,-3.95,759,2,0
401360587,2022-02-01,Milwaukee Bucks,Washington Wizards,112,98,2022,14,210,1.0,False,False,2.0,False,False,same_region,0,0,0,-5.4,-11.0,5.6,2.8,-1.4,-2.9,1.5,0.75,760,2,0
401360603,2022-02-01,Toronto Raptors,Miami Heat,110,106,2022,4,216,6.0,False,False,0.0,True,False,same_region,0,0,0,1.4,-1.4,2.8,1.4,-0.7,0.3,-1.0,-0.5,761,2,0
401360590,2022-02-01,San Antonio Spurs,Golden State Warriors,120,124,2022,-4,244,3.0,False,False,0.0,True,False,same_region,0,0,0,4.0,13.4,-9.4,-4.7,1.5,10.3,-8.8,-4.4,762,2,0
401360589,2022-02-01,Minnesota Timberwolves,Denver Nuggets,130,115,2022,15,245,1.0,False,False,1.0,False,False,same_region,0,0,0,2.8,12.8,-10.0,-5.0,1.3,10.8,-9.5,-4.75,763,2,0
401360588,2022-02-01,Chicago Bulls,Orlando Magic,126,115,2022,11,241,1.0,False,False,12.0,False,False,same_region,0,0,0,-1.4,3.4,-4.8,-2.4,-5.5,-2.1,-3.4,-1.7,764,2,0
401360591,2022-02-01,Phoenix Suns,Brooklyn Nets,121,111,2022,10,232,1.0,False,False,2.0,False,False,east_to_west,1,1,0,7.8,-3.2,11.0,5.5,11.0,-0.2,11.2,5.6,765,2,0
401360592,2022-02-02,Indiana Pacers,Orlando Magic,118,119,2022,-1,237,1.0,False,False,0.0,True,False,same_region,0,0,0,-10.8,3.4,-14.200000000000001,-7.1000000000000005,-7.7,-2.6,-5.1,-2.55,766,2,0
401360596,2022-02-02,Houston Rockets,Cleveland Cavaliers,115,104,2022,11,219,1.0,False,False,2.0,False,False,east_to_west,1,1,0,-11.2,3.6,-14.799999999999999,-7.3999999999999995,-9.6,4.2,-13.8,-6.9,767,2,0
401360595,2022-02-02,New York Knicks,Memphis Grizzlies,108,120,2022,-12,228,1.0,False,False,1.0,False,False,west_to_east,1,0,1,-0.6,4.4,-5.0,-2.5,0.6,0.8,-0.20000000000000007,-0.10000000000000003,768,2,0
401360593,2022-02-02,Philadelphia 76ers,Washington Wizards,103,106,2022,-3,209,1.0,False,False,0.0,True,False,same_region,0,0,0,7.8,-13.6,21.4,10.7,5.5,-4.5,10.0,5.0,769,2,0
401360598,2022-02-02,Utah Jazz,Denver Nuggets,108,104,2022,4,212,6.0,False,False,0.0,True,True,same_region,0,0,0,-9.2,8.6,-17.799999999999997,-8.899999999999999,-4.4,6.1,-10.5,-5.25,770,2,0
401360600,2022-02-02,Los Angeles Lakers,Portland Trail Blazers,99,94,2022,5,193,13.0,False,False,1.0,False,True,same_region,0,0,0,-5.0,-7.6,2.5999999999999996,1.2999999999999998,-6.1,-2.2,-3.8999999999999995,-1.9499999999999997,771,2,0
401360597,2022-02-02,Dallas Mavericks,Oklahoma City Thunder,114,120,2022,-6,234,3.0,False,False,10.0,False,False,same_region,0,0,0,4.0,-3.4,7.4,3.7,6.1,-2.9,9.0,4.5,772,2,0
401360599,2022-02-02,Sacramento Kings,Brooklyn Nets,112,101,2022,11,213,13.0,False,False,0.0,True,False,east_to_west,1,1,0,-19.6,-8.2,-11.400000000000002,-5.700000000000001,-8.6,-3.8,-4.8,-2.4,773,2,0
401360594,2022-02-02,Boston Celtics,Charlotte Hornets,113,107,2022,6,220,1.0,False,False,6.0,False,False,same_region,0,0,0,21.2,-4.8,26.0,13.0,9.5,2.2,7.3,3.65,774,2,0
401401143,2022-02-03,San Antonio Spurs,Miami Heat,95,112,2022,-17,207,1.0,False,False,1.0,False,True,east_to_west,1,1,0,4.4,-3.4,7.800000000000001,3.9000000000000004,1.6,-0.7,2.3,1.15,775,2,0
401360601,2022-02-03,Detroit Pistons,Minnesota Timberwolves,117,128,2022,-11,245,1.0,False,False,5.0,False,False,west_to_east,1,0,1,-5.4,3.6,-9.0,-4.5,-6.2,3.1,-9.3,-4.65,776,2,0
401360605,2022-02-03,LA Clippers,Los Angeles Lakers,111,110,2022,1,221,16.0,False,False,3.0,False,False,same_region,0,0,0,4.4,-2.8,7.2,3.6,1.2,-4.7,5.9,2.95,777,2,0
401360604,2022-02-03,Golden State Warriors,Sacramento Kings,126,114,2022,12,240,4.0,False,False,2.0,False,False,same_region,0,0,0,13.8,-16.2,30.0,15.0,6.5,-7.4,13.9,6.95,778,2,0
401401141,2022-02-03,Toronto Raptors,Chicago Bulls,127,120,2022,7,247,1.0,False,False,5.0,False,False,same_region,0,0,0,4.0,4.6,-0.5999999999999996,-0.2999999999999998,1.3,-0.2,1.5,0.75,779,2,0
401360602,2022-02-03,Atlanta Hawks,Phoenix Suns,124,115,2022,9,239,2.0,False,False,7.0,False,False,west_to_east,1,0,1,11.4,7.8,3.6000000000000005,1.8000000000000003,6.3,11.6,-5.3,-2.65,780,2,0
401360614,2022-02-04,Portland Trail Blazers,Oklahoma City Thunder,93,96,2022,-3,189,8.0,False,False,1.0,False,False,same_region,0,0,0,-8.2,2.4,-10.6,-5.3,-3.2,-1.9,-1.3000000000000003,-0.6500000000000001,781,2,0
401360607,2022-02-04,Detroit Pistons,Boston Celtics,93,102,2022,-9,195,0.0,True,True,5.0,False,False,same_region,0,0,0,-6.4,16.6,-23.0,-11.5,-8.9,11.3,-20.200000000000003,-10.100000000000001,782,2,0
401360608,2022-02-04,Indiana Pacers,Chicago Bulls,115,122,2022,-7,237,1.0,False,False,0.0,True,False,same_region,0,0,0,-10.2,3.0,-13.2,-6.6,-6.0,-0.7,-5.3,-2.65,783,2,0
401360613,2022-02-04,Denver Nuggets,New Orleans Pelicans,105,113,2022,-8,218,11.0,False,False,2.0,False,False,same_region,0,0,0,6.8,-4.8,11.6,5.8,2.0,-1.2,3.2,1.6,784,2,0
401360610,2022-02-04,Dallas Mavericks,Philadelphia 76ers,107,98,2022,9,205,1.0,False,False,11.0,False,False,east_to_west,1,1,0,0.2,6.0,-5.8,-2.9,2.8,4.0,-1.2000000000000002,-0.6000000000000001,785,2,0
401360612,2022-02-04,Utah Jazz,Brooklyn Nets,125,102,2022,23,227,1.0,False,False,1.0,False,True,east_to_west,1,1,0,-8.0,-8.2,0.1999999999999993,0.09999999999999964,-2.0,-2.8,0.7999999999999998,0.3999999999999999,786,2,0
401360609,2022-02-04,Toronto Raptors,Atlanta Hawks,125,114,2022,11,239,0.0,True,True,11.0,False,False,same_region,0,0,0,3.0,8.8,-5.800000000000001,-2.9000000000000004,1.3,7.8,-6.5,-3.25,787,2,0
401360606,2022-02-04,Charlotte Hornets,Cleveland Cavaliers,101,102,2022,-1,203,4.0,False,False,1.0,False,False,same_region,0,0,0,-1.6,0.0,-1.6,-0.8,0.5,1.1,-0.6000000000000001,-0.30000000000000004,788,2,0
401360611,2022-02-04,San Antonio Spurs,Houston Rockets,131,106,2022,25,237,0.0,True,True,13.0,False,False,same_region,0,0,0,-5.0,-10.0,5.0,2.5,-0.8,-6.7,5.9,2.95,789,2,0
401360616,2022-02-05,Charlotte Hornets,Miami Heat,86,104,2022,-18,190,0.0,True,False,1.0,False,False,same_region,0,0,0,0.6,-2.8,3.4,1.7,1.1,2.1,-1.0,-0.5,790,2,0
401360619,2022-02-05,Portland Trail Blazers,Milwaukee Bucks,108,137,2022,-29,245,0.0,True,False,9.0,False,False,east_to_west,1,1,0,-4.8,-3.4,-1.4,-0.7,-4.5,0.4,-4.9,-2.45,791,2,0
401360615,2022-02-05,Orlando Magic,Memphis Grizzlies,115,135,2022,-20,250,5.0,False,False,2.0,False,False,west_to_east,1,0,1,-0.2,9.4,-9.6,-4.8,-3.2,1.2,-4.4,-2.2,792,2,0
401360617,2022-02-05,Washington Wizards,Phoenix Suns,80,95,2022,-15,175,10.0,False,False,1.0,False,False,west_to_east,1,0,1,-12.2,4.8,-17.0,-8.5,-4.6,8.9,-13.5,-6.75,793,2,0
401360620,2022-02-05,Sacramento Kings,Oklahoma City Thunder,113,103,2022,10,216,2.0,False,False,0.0,True,True,same_region,0,0,0,-8.0,4.4,-12.4,-6.2,-9.5,-3.7,-5.8,-2.9,794,2,0
401360618,2022-02-05,Los Angeles Lakers,New York Knicks,122,115,2022,7,237,2.0,False,False,7.0,False,False,east_to_west,1,1,0,-5.0,-4.6,-0.40000000000000036,-0.20000000000000018,-1.1,-2.9,1.7999999999999998,0.8999999999999999,795,2,0
401360628,2022-02-06,LA Clippers,Milwaukee Bucks,113,137,2022,-24,250,2.0,False,False,0.0,True,False,east_to_west,1,1,0,4.4,1.2,3.2,1.6,2.0,1.4,0.6000000000000001,0.30000000000000004,796,2,0
401360622,2022-02-06,Minnesota Timberwolves,Detroit Pistons,118,105,2022,13,223,4.0,False,False,8.0,False,False,east_to_west,1,1,0,5.4,-7.2,12.600000000000001,6.300000000000001,5.0,-7.1,12.1,6.05,797,2,0
401360623,2022-02-06,Denver Nuggets,Brooklyn Nets,124,104,2022,20,228,1.0,False,False,1.0,False,False,east_to_west,1,1,0,4.0,-10.8,14.8,7.4,3.5,-6.6,10.1,5.05,798,2,0
401360624,2022-02-06,Cleveland Cavaliers,Indiana Pacers,98,85,2022,13,183,5.0,False,False,7.0,False,False,same_region,0,0,0,-0.2,-5.2,5.0,2.5,0.7,-6.1,6.8,3.4,799,2,0
401360621,2022-02-06,Chicago Bulls,Philadelphia 76ers,108,119,2022,-11,227,4.0,False,False,1.0,False,False,same_region,0,0,0,3.2,2.2,1.0,0.5,1.3,2.0,-0.7,-0.35,800,2,0
401360626,2022-02-06,Dallas Mavericks,Atlanta Hawks,103,94,2022,9,197,1.0,False,False,1.0,False,False,east_to_west,1,1,0,9.6,3.2,6.3999999999999995,3.1999999999999997,2.1,7.6,-5.5,-2.75,801,2,0
401360627,2022-02-06,Houston Rockets,New Orleans Pelicans,107,120,2022,-13,227,3.0,False,False,1.0,False,False,same_region,0,0,0,-14.6,-1.2,-13.4,-6.7,-7.2,-2.8,-4.4,-2.2,802,2,0
401360625,2022-02-06,Orlando Magic,Boston Celtics,83,116,2022,-33,199,0.0,True,False,1.0,False,False,same_region,0,0,0,-2.4,7.8,-10.2,-5.1,-3.6,12.0,-15.6,-7.8,803,2,0
401360630,2022-02-07,Washington Wizards,Miami Heat,100,121,2022,-21,221,1.0,False,False,1.0,False,False,same_region,0,0,0,-9.4,-0.6,-8.8,-4.4,-6.7,3.4,-10.1,-5.05,804,2,0
401360629,2022-02-07,Charlotte Hornets,Toronto Raptors,101,116,2022,-15,217,1.0,False,True,6.0,False,False,same_region,0,0,0,-9.4,6.4,-15.8,-7.9,-1.7,2.9,-4.6,-2.3,805,2,0
401360633,2022-02-07,Utah Jazz,New York Knicks,113,104,2022,9,217,2.0,False,False,1.0,False,False,east_to_west,1,1,0,-2.2,-5.6,3.3999999999999995,1.6999999999999997,-2.0,-4.5,2.5,1.25,806,2,0
401360632,2022-02-07,Oklahoma City Thunder,Golden State Warriors,98,110,2022,-12,208,6.0,False,False,5.0,False,False,same_region,0,0,0,2.6,8.6,-6.0,-3.0,-4.2,9.7,-13.899999999999999,-6.949999999999999,807,2,0
401360631,2022-02-07,Chicago Bulls,Phoenix Suns,124,127,2022,-3,251,0.0,True,False,1.0,False,False,west_to_east,1,0,1,2.8,6.2,-3.4000000000000004,-1.7000000000000002,-1.1,7.7,-8.8,-4.4,808,2,0
401360635,2022-02-08,Atlanta Hawks,Indiana Pacers,133,112,2022,21,245,4.0,False,False,1.0,False,False,same_region,0,0,0,-1.8,-8.4,6.6000000000000005,3.3000000000000003,6.0,-8.1,14.1,7.05,809,2,0
401360638,2022-02-08,New Orleans Pelicans,Houston Rockets,110,97,2022,13,207,9.0,False,False,3.0,False,False,same_region,0,0,0,3.6,-11.2,14.799999999999999,7.3999999999999995,0.0,-8.9,8.9,4.45,810,2,0
401360637,2022-02-08,Memphis Grizzlies,LA Clippers,135,109,2022,26,244,9.0,False,False,7.0,False,False,same_region,0,0,0,11.8,-2.2,14.0,7.0,5.9,-1.0,6.9,3.45,811,2,0
401360634,2022-02-08,Philadelphia 76ers,Phoenix Suns,109,114,2022,-5,223,5.0,False,False,0.0,True,True,west_to_east,1,0,1,0.8,4.8,-4.0,-2.0,5.0,6.6,-1.5999999999999996,-0.7999999999999998,812,2,0
401360636,2022-02-08,Brooklyn Nets,Boston Celtics,91,126,2022,-35,217,12.0,False,False,1.0,False,False,same_region,0,0,0,-13.6,17.6,-31.200000000000003,-15.600000000000001,-7.9,14.1,-22.0,-11.0,813,2,0
401360642,2022-02-08,Portland Trail Blazers,Orlando Magic,95,113,2022,-18,208,2.0,False,False,5.0,False,False,east_to_west,1,1,0,-13.6,-12.2,-1.4000000000000004,-0.7000000000000002,-6.2,-5.9,-0.2999999999999998,-0.1499999999999999,814,2,0
401360643,2022-02-08,Sacramento Kings,Minnesota Timberwolves,114,134,2022,-20,248,2.0,False,False,4.0,False,False,same_region,0,0,0,-2.6,9.8,-12.4,-6.2,-9.7,4.3,-14.0,-7.0,815,2,0
401360639,2022-02-08,Dallas Mavericks,Detroit Pistons,116,86,2022,30,202,1.0,False,False,1.0,False,False,east_to_west,1,1,0,7.4,-6.6,14.0,7.0,2.8,-6.8,9.6,4.8,816,2,0
401360641,2022-02-08,Los Angeles Lakers,Milwaukee Bucks,116,131,2022,-15,247,2.0,False,False,1.0,False,True,east_to_west,1,1,0,0.0,9.2,-9.2,-4.6,-1.0,4.5,-5.5,-2.75,817,2,0
401360640,2022-02-08,Denver Nuggets,New York Knicks,132,115,2022,17,247,1.0,False,False,0.0,True,True,east_to_west,1,1,0,5.8,-4.6,10.399999999999999,5.199999999999999,5.3,-4.4,9.7,4.85,818,2,0
401360649,2022-02-09,Sacramento Kings,Minnesota Timberwolves,132,119,2022,13,251,0.0,True,False,0.0,True,False,same_region,0,0,0,-6.2,15.8,-22.0,-11.0,-11.1,6.1,-17.2,-8.6,819,2,0
401360648,2022-02-09,Portland Trail Blazers,Los Angeles Lakers,107,105,2022,2,212,0.0,True,False,5.0,False,False,same_region,0,0,0,-14.4,-2.4,-12.0,-6.0,-8.4,-1.8,-6.6000000000000005,-3.3000000000000003,820,2,0
401360647,2022-02-09,Utah Jazz,Golden State Warriors,111,85,2022,26,196,1.0,False,False,1.0,False,False,same_region,0,0,0,1.2,9.2,-7.999999999999999,-3.9999999999999996,-0.5,9.3,-9.8,-4.9,821,2,0
401360646,2022-02-09,Oklahoma City Thunder,Toronto Raptors,98,117,2022,-19,215,1.0,False,False,1.0,False,False,east_to_west,1,1,0,0.8,8.6,-7.8,-3.9,-5.2,4.8,-10.0,-5.0,822,2,0
401360645,2022-02-09,Charlotte Hornets,Chicago Bulls,109,121,2022,-12,230,1.0,False,False,4.0,False,False,same_region,0,0,0,-13.0,-0.6,-12.4,-6.2,-4.1,-1.0,-3.0999999999999996,-1.5499999999999998,823,2,0
401360644,2022-02-09,Cleveland Cavaliers,San Antonio Spurs,105,92,2022,13,197,2.0,False,False,9.0,False,False,west_to_east,1,0,1,-0.8,1.6,-2.4000000000000004,-1.2000000000000002,1.5,3.1,-1.6,-0.8,824,2,0
401360650,2022-02-10,Detroit Pistons,Memphis Grizzlies,107,132,2022,-25,239,5.0,False,False,4.0,False,False,west_to_east,1,0,1,-14.6,15.0,-29.6,-14.8,-10.0,7.2,-17.2,-8.6,825,2,0
401360651,2022-02-10,Washington Wizards,Brooklyn Nets,113,112,2022,1,225,2.0,False,False,3.0,False,False,same_region,0,0,0,-13.4,-19.8,6.4,3.2,-8.3,-11.5,3.1999999999999993,1.5999999999999996,826,2,0
401360652,2022-02-10,New Orleans Pelicans,Miami Heat,97,112,2022,-15,209,1.0,False,False,2.0,False,False,east_to_west,1,1,0,8.2,4.4,3.799999999999999,1.8999999999999995,2.5,4.3,-1.7999999999999998,-0.8999999999999999,827,2,0
401360656,2022-02-10,Golden State Warriors,New York Knicks,114,116,2022,-2,230,6.0,False,False,1.0,False,True,east_to_west,1,1,0,3.2,-5.0,8.2,4.1,7.1,-5.9,13.0,6.5,828,2,0
401360654,2022-02-10,Dallas Mavericks,LA Clippers,112,105,2022,7,217,1.0,False,False,1.0,False,False,same_region,0,0,0,8.0,-6.0,14.0,7.0,5.4,-3.4,8.8,4.4,829,2,0
401360655,2022-02-10,Phoenix Suns,Milwaukee Bucks,131,107,2022,24,238,8.0,False,False,1.0,False,False,east_to_west,1,1,0,4.8,9.2,-4.3999999999999995,-2.1999999999999997,6.3,6.7,-0.40000000000000036,-0.20000000000000018,830,2,0
401360653,2022-02-10,Houston Rockets,Toronto Raptors,120,139,2022,-19,259,3.0,False,False,0.0,True,True,east_to_west,1,1,0,-10.8,11.2,-22.0,-11.0,-9.0,6.3,-15.3,-7.65,831,2,0
401360663,2022-02-11,Utah Jazz,Orlando Magic,114,99,2022,15,213,1.0,False,False,2.0,False,False,east_to_west,1,1,0,8.4,-9.0,17.4,8.7,2.6,-2.8,5.4,2.7,832,2,0
401360658,2022-02-11,Indiana Pacers,Cleveland Cavaliers,113,120,2022,-7,233,6.0,False,False,6.0,False,False,same_region,0,0,0,-7.2,3.8,-11.0,-5.5,-10.6,2.1,-12.7,-6.35,833,2,0
401360659,2022-02-11,Philadelphia 76ers,Oklahoma City Thunder,100,87,2022,13,187,2.0,False,False,5.0,False,False,west_to_east,1,0,1,-0.6,-6.4,5.800000000000001,2.9000000000000004,3.2,-4.9,8.100000000000001,4.050000000000001,834,2,0
401360660,2022-02-11,Atlanta Hawks,San Antonio Spurs,121,136,2022,-15,257,2.0,False,False,1.0,False,False,west_to_east,1,0,1,0.8,-2.8,3.5999999999999996,1.7999999999999998,6.9,-0.4,7.300000000000001,3.6500000000000004,835,2,0
401360661,2022-02-11,Boston Celtics,Denver Nuggets,108,102,2022,6,210,8.0,False,False,8.0,False,False,west_to_east,1,0,1,22.6,2.0,20.6,10.3,18.5,7.4,11.1,5.55,836,2,0
401360657,2022-02-11,Detroit Pistons,Charlotte Hornets,119,141,2022,-22,260,0.0,True,False,8.0,False,False,same_region,0,0,0,-17.6,-10.4,-7.200000000000001,-3.6000000000000005,-11.5,-7.6,-3.9000000000000004,-1.9500000000000002,837,2,0
401360662,2022-02-11,Chicago Bulls,Minnesota Timberwolves,134,122,2022,12,256,3.0,False,False,1.0,False,True,west_to_east,1,0,1,-0.4,9.2,-9.6,-4.8,2.1,6.0,-3.9,-1.95,838,2,0
401360667,2022-02-12,New Orleans Pelicans,San Antonio Spurs,114,124,2022,-10,238,1.0,False,False,0.0,True,True,same_region,0,0,0,5.8,1.2,4.6,2.3,-0.1,2.6,-2.7,-1.35,839,2,0
401360664,2022-02-12,Portland Trail Blazers,New York Knicks,112,103,2022,9,215,2.0,False,False,1.0,False,False,east_to_west,1,1,0,-10.6,-8.6,-2.0,-1.0,-9.1,-4.6,-4.5,-2.25,840,2,0
401360665,2022-02-12,Charlotte Hornets,Memphis Grizzlies,118,125,2022,-7,243,2.0,False,False,1.0,False,False,west_to_east,1,0,1,-4.8,16.0,-20.8,-10.4,-3.2,10.9,-14.100000000000001,-7.050000000000001,841,2,0
401360666,2022-02-12,Washington Wizards,Sacramento Kings,110,123,2022,-13,233,1.0,False,False,8.0,False,False,west_to_east,1,0,1,-9.2,0.4,-9.6,-4.8,-10.1,-9.6,-0.5,-0.25,842,2,0
401360671,2022-02-12,Chicago Bulls,Oklahoma City Thunder,106,101,2022,5,207,0.0,True,False,0.0,True,False,west_to_east,1,0,1,3.4,-10.2,13.6,6.8,3.2,-3.9,7.1,3.55,843,2,0
401360668,2022-02-12,Philadelphia 76ers,Cleveland Cavaliers,103,93,2022,10,196,0.0,True,False,0.0,True,False,same_region,0,0,0,1.4,4.6,-3.1999999999999997,-1.5999999999999999,4.6,4.1,0.5,0.25,844,2,0
401360672,2022-02-12,Dallas Mavericks,LA Clippers,97,99,2022,-2,196,1.0,False,False,1.0,False,False,same_region,0,0,0,9.8,-12.4,22.200000000000003,11.100000000000001,6.9,-4.2,11.100000000000001,5.550000000000001,845,2,0
401360673,2022-02-12,Golden State Warriors,Los Angeles Lakers,117,115,2022,2,232,1.0,False,False,2.0,False,False,same_region,0,0,0,0.0,-1.2,1.2,0.6,6.7,-3.1,9.8,4.9,846,2,0
401360674,2022-02-12,Phoenix Suns,Orlando Magic,132,105,2022,27,237,1.0,False,False,0.0,True,False,east_to_west,1,1,0,7.6,-9.8,17.4,8.7,7.7,-3.2,10.9,5.45,847,2,0
401360669,2022-02-12,Toronto Raptors,Denver Nuggets,109,110,2022,-1,219,7.0,False,False,0.0,True,False,west_to_east,1,0,1,14.2,3.8,10.399999999999999,5.199999999999999,9.1,6.2,2.8999999999999995,1.4499999999999997,848,2,0
401360670,2022-02-12,Miami Heat,Brooklyn Nets,115,111,2022,4,226,13.0,False,False,1.0,False,False,same_region,0,0,0,13.4,-18.0,31.4,15.7,6.0,-13.1,19.1,9.55,849,2,0
401360676,2022-02-13,Indiana Pacers,Minnesota Timberwolves,120,129,2022,-9,249,1.0,False,False,1.0,False,False,west_to_east,1,0,1,-9.8,3.8,-13.600000000000001,-6.800000000000001,-10.3,3.7,-14.0,-7.0,850,2,0
401360675,2022-02-13,Boston Celtics,Atlanta Hawks,105,95,2022,10,200,1.0,False,False,6.0,False,False,same_region,0,0,0,17.8,-1.0,18.8,9.4,19.5,5.2,14.3,7.15,851,2,0
401360677,2022-02-14,Washington Wizards,Detroit Pistons,103,94,2022,9,197,1.0,False,False,5.0,False,False,same_region,0,0,0,-9.0,-19.8,10.8,5.4,-11.3,-13.1,1.799999999999999,0.8999999999999995,852,2,0
401360683,2022-02-14,Denver Nuggets,Orlando Magic,121,111,2022,10,232,5.0,False,False,1.0,False,True,east_to_west,1,1,0,4.8,-15.4,20.2,10.1,5.8,-7.8,13.6,6.8,853,2,0
401360679,2022-02-14,New York Knicks,Oklahoma City Thunder,123,127,2022,-4,250,11.0,False,False,1.0,False,True,west_to_east,1,0,1,-8.0,-11.8,3.8000000000000007,1.9000000000000004,-6.3,-3.7,-2.5999999999999996,-1.2999999999999998,854,2,0
401360680,2022-02-14,Chicago Bulls,San Antonio Spurs,120,109,2022,11,229,1.0,False,True,1.0,False,True,west_to_east,1,0,1,3.0,4.0,-1.0,-0.5,3.1,4.2,-1.1,-0.55,855,2,0
401360685,2022-02-14,LA Clippers,Golden State Warriors,119,104,2022,15,223,7.0,False,False,4.0,False,False,same_region,0,0,0,-10.8,-0.4,-10.4,-5.2,-3.2,6.7,-9.9,-4.95,856,2,0
401360682,2022-02-14,New Orleans Pelicans,Toronto Raptors,120,90,2022,30,210,1.0,False,False,3.0,False,False,east_to_west,1,1,0,1.8,12.6,-10.799999999999999,-5.3999999999999995,-1.5,7.8,-9.3,-4.65,857,2,0
401360681,2022-02-14,Milwaukee Bucks,Portland Trail Blazers,107,122,2022,-15,229,12.0,False,False,11.0,False,False,west_to_east,1,0,1,11.6,-7.8,19.4,9.7,3.1,-8.0,11.1,5.55,858,2,0
401360684,2022-02-14,Utah Jazz,Houston Rockets,135,101,2022,34,236,2.0,False,False,5.0,False,False,same_region,0,0,0,15.4,-11.8,27.200000000000003,13.600000000000001,3.1,-11.5,14.6,7.3,859,2,0
401360678,2022-02-14,Brooklyn Nets,Sacramento Kings,109,85,2022,24,194,5.0,False,False,1.0,False,False,west_to_east,1,0,1,-16.6,0.8,-17.400000000000002,-8.700000000000001,-12.4,-7.7,-4.7,-2.35,860,2,0
401360692,2022-02-15,Phoenix Suns,LA Clippers,103,96,2022,7,199,2.0,False,False,2.0,False,False,same_region,0,0,0,14.8,-8.0,22.8,11.4,9.8,-1.8,11.600000000000001,5.800000000000001,861,2,0
401360691,2022-02-15,New Orleans Pelicans,Memphis Grizzlies,109,121,2022,-12,230,0.0,True,True,2.0,False,False,same_region,0,0,0,6.2,18.0,-11.8,-5.9,2.5,11.2,-8.7,-4.35,862,2,0
401360690,2022-02-15,Minnesota Timberwolves,Charlotte Hornets,126,120,2022,6,246,8.0,False,False,3.0,False,False,east_to_west,1,1,0,3.4,-6.0,9.4,4.7,4.4,-2.7,7.1000000000000005,3.5500000000000003,863,2,0
401360689,2022-02-15,Milwaukee Bucks,Indiana Pacers,128,119,2022,9,247,0.0,True,False,6.0,False,False,same_region,0,0,0,5.8,-11.4,17.2,8.6,1.2,-10.8,12.0,6.0,864,2,0
401360688,2022-02-15,Philadelphia 76ers,Boston Celtics,87,135,2022,-48,222,2.0,False,False,6.0,False,False,same_region,0,0,0,4.0,18.6,-14.600000000000001,-7.300000000000001,5.0,17.6,-12.600000000000001,-6.300000000000001,865,2,0
401360687,2022-02-15,Miami Heat,Dallas Mavericks,99,107,2022,-8,206,2.0,False,False,15.0,False,False,west_to_east,1,0,1,15.0,10.6,4.4,2.2,5.8,5.4,0.39999999999999947,0.19999999999999973,866,2,0
401360686,2022-02-15,Atlanta Hawks,Cleveland Cavaliers,124,116,2022,8,240,3.0,False,False,2.0,False,False,same_region,0,0,0,-4.8,4.8,-9.6,-4.8,2.0,2.4,-0.3999999999999999,-0.19999999999999996,867,2,0
401360697,2022-02-16,Chicago Bulls,Sacramento Kings,125,118,2022,7,243,1.0,False,False,1.0,False,False,west_to_east,1,0,1,7.4,-1.6,9.0,4.5,5.1,-4.8,9.899999999999999,4.949999999999999,868,2,0
401360694,2022-02-16,Boston Celtics,Detroit Pistons,111,112,2022,-1,223,2.0,False,False,1.0,False,False,same_region,0,0,0,26.4,-19.8,46.2,23.1,17.1,-13.5,30.6,15.3,869,2,0
401360693,2022-02-16,Orlando Magic,Atlanta Hawks,109,130,2022,-21,239,9.0,False,False,2.0,False,False,same_region,0,0,0,-13.4,-1.0,-12.4,-6.2,-7.9,1.1,-9.0,-4.5,870,2,0
401360696,2022-02-16,New York Knicks,Brooklyn Nets,106,111,2022,-5,217,1.0,False,False,3.0,False,False,same_region,0,0,0,-7.4,-7.2,-0.20000000000000018,-0.10000000000000009,-6.5,-9.0,2.5,1.25,871,2,0
401360700,2022-02-16,Oklahoma City Thunder,San Antonio Spurs,106,114,2022,-8,220,6.0,False,False,1.0,False,False,same_region,0,0,0,-9.0,5.2,-14.2,-7.1,-3.2,0.1,-3.3000000000000003,-1.6500000000000001,872,2,0
401360695,2022-02-16,Indiana Pacers,Washington Wizards,113,108,2022,5,221,2.0,False,False,13.0,False,False,same_region,0,0,0,-11.8,-7.8,-4.000000000000001,-2.0000000000000004,-8.5,-10.0,1.5,0.75,873,2,0
401360702,2022-02-16,Golden State Warriors,Denver Nuggets,116,117,2022,-1,233,3.0,False,False,3.0,False,False,same_region,0,0,0,-5.8,8.4,-14.2,-7.1,1.4,6.2,-4.800000000000001,-2.4000000000000004,874,2,0
401360703,2022-02-16,Los Angeles Lakers,Utah Jazz,106,101,2022,5,207,7.0,False,False,16.0,False,False,same_region,0,0,0,-2.6,21.4,-24.0,-12.0,-2.7,6.7,-9.4,-4.7,875,2,0
401360699,2022-02-16,Minnesota Timberwolves,Toronto Raptors,91,103,2022,-12,194,0.0,True,False,1.0,False,False,east_to_west,1,1,0,2.0,4.4,-2.4000000000000004,-1.2000000000000002,5.9,5.4,0.5,0.25,876,2,0
401360698,2022-02-16,Memphis Grizzlies,Portland Trail Blazers,119,123,2022,-4,242,7.0,False,False,1.0,False,False,same_region,0,0,0,18.0,-4.2,22.2,11.1,13.7,-4.5,18.2,9.1,877,2,0
401360701,2022-02-16,Phoenix Suns,Houston Rockets,124,121,2022,3,245,0.0,True,False,1.0,False,False,same_region,0,0,0,13.2,-20.8,34.0,17.0,9.7,-15.4,25.1,12.55,878,2,0
401360707,2022-02-17,LA Clippers,Houston Rockets,142,111,2022,31,253,2.0,False,False,0.0,True,True,same_region,0,0,0,-4.6,-16.4,11.799999999999999,5.8999999999999995,-3.4,-15.5,12.1,6.05,879,2,0
401360706,2022-02-17,Milwaukee Bucks,Philadelphia 76ers,120,123,2022,-3,243,1.0,False,True,10.0,False,False,same_region,0,0,0,1.8,-3.8,5.6,2.8,1.5,-0.8,2.3,1.15,880,2,0
401360705,2022-02-17,New Orleans Pelicans,Dallas Mavericks,118,125,2022,-7,243,1.0,False,True,1.0,False,False,same_region,0,0,0,1.2,10.4,-9.200000000000001,-4.6000000000000005,2.4,10.0,-7.6,-3.8,881,2,0
401401136,2022-02-17,Brooklyn Nets,Washington Wizards,103,117,2022,-14,220,2.0,False,False,0.0,True,False,same_region,0,0,0,-2.2,-5.8,3.5999999999999996,1.7999999999999998,-7.9,-7.6,-0.3000000000000007,-0.15000000000000036,882,2,0
401360704,2022-02-17,Charlotte Hornets,Miami Heat,107,111,2022,-4,218,4.0,False,False,6.0,False,False,same_region,0,0,0,-3.6,10.0,-13.6,-6.8,-6.5,3.6,-10.1,-5.05,883,2,0
401410564,2022-02-20,Team LeBron,Team Durant,163,160,2022,3,323,,False,False,,False,False,same_region,0,0,0,,,0.0,0.0,,,0.0,0.0,884,2,0
401360708,2022-02-24,Detroit Pistons,Cleveland Cavaliers,106,103,2022,3,209,12.0,False,False,8.0,False,False,same_region,0,0,0,-17.0,3.0,-20.0,-10.0,-11.8,1.4,-13.200000000000001,-6.6000000000000005,885,2,0
401360712,2022-02-24,Oklahoma City Thunder,Phoenix Suns,104,124,2022,-20,228,7.0,False,False,15.0,False,False,same_region,0,0,0,-8.2,13.2,-21.4,-10.7,-3.7,9.0,-12.7,-6.35,886,2,0
401360713,2022-02-24,Portland Trail Blazers,Golden State Warriors,95,132,2022,-37,227,11.0,False,False,9.0,False,False,same_region,0,0,0,2.4,-8.4,10.8,5.4,-5.6,0.4,-6.0,-3.0,887,2,0
401360711,2022-02-24,Minnesota Timberwolves,Memphis Grizzlies,119,114,2022,5,233,7.0,False,False,8.0,False,False,same_region,0,0,0,-4.4,13.2,-17.6,-8.8,5.7,12.5,-6.8,-3.4,888,2,0
401360714,2022-02-24,Sacramento Kings,Denver Nuggets,110,128,2022,-18,238,14.0,False,False,7.0,False,False,same_region,0,0,0,-5.0,4.6,-9.6,-4.8,-3.8,5.2,-9.0,-4.5,889,2,0
401360709,2022-02-24,Brooklyn Nets,Boston Celtics,106,129,2022,-23,235,6.0,False,False,8.0,False,False,same_region,0,0,0,2.0,19.6,-17.6,-8.8,-8.9,18.6,-27.5,-13.75,890,2,0
401360710,2022-02-24,Chicago Bulls,Atlanta Hawks,112,108,2022,4,220,7.0,False,False,7.0,False,False,same_region,0,0,0,9.4,5.0,4.4,2.2,4.4,1.6,2.8000000000000003,1.4000000000000001,891,2,0
401360717,2022-02-25,Orlando Magic,Houston Rockets,119,111,2022,8,230,8.0,False,False,7.0,False,False,west_to_east,1,0,1,-11.0,-20.0,9.0,4.5,-11.6,-15.6,4.0,2.0,892,2,0
401360718,2022-02-25,Washington Wizards,San Antonio Spurs,153,157,2022,-4,310,10.0,False,False,8.0,False,False,west_to_east,1,0,1,1.2,1.8,-0.6000000000000001,-0.30000000000000004,-6.1,1.7,-7.8,-3.9,893,2,0
401360715,2022-02-25,Charlotte Hornets,Toronto Raptors,125,93,2022,32,218,7.0,False,False,8.0,False,False,same_region,0,0,0,-1.4,3.8,-5.199999999999999,-2.5999999999999996,-7.2,6.2,-13.4,-6.7,894,2,0
401360716,2022-02-25,Indiana Pacers,Oklahoma City Thunder,125,129,2022,-4,254,8.0,False,False,10.0,False,False,west_to_east,1,0,1,-8.2,-8.4,0.20000000000000107,0.10000000000000053,-8.3,-7.4,-0.9000000000000004,-0.4500000000000002,895,2,0
401360719,2022-02-25,New York Knicks,Miami Heat,100,115,2022,-15,215,8.0,False,False,7.0,False,False,same_region,0,0,0,-6.6,7.2,-13.8,-6.9,-5.6,3.3,-8.899999999999999,-4.449999999999999,896,2,0
401360722,2022-02-25,Utah Jazz,Dallas Mavericks,114,109,2022,5,223,10.0,False,False,7.0,False,False,same_region,0,0,0,15.8,10.0,5.800000000000001,2.9000000000000004,6.8,8.7,-1.8999999999999995,-0.9499999999999997,897,2,0
401360723,2022-02-25,Los Angeles Lakers,LA Clippers,102,105,2022,-3,207,8.0,False,False,9.0,False,False,same_region,0,0,0,-1.4,6.8,-8.2,-4.1,-3.2,0.4,-3.6,-1.8,898,2,0
401360720,2022-02-25,Minnesota Timberwolves,Philadelphia 76ers,102,133,2022,-31,235,0.0,True,False,7.0,False,False,east_to_west,1,1,0,-0.8,-5.4,4.6000000000000005,2.3000000000000003,4.2,-2.3,6.5,3.25,899,2,0
401360721,2022-02-25,Phoenix Suns,New Orleans Pelicans,102,117,2022,-15,219,8.0,False,False,18.0,False,False,same_region,0,0,0,16.2,-2.8,19.0,9.5,10.5,2.7,7.8,3.9,900,2,0
401360730,2022-02-26,Denver Nuggets,Sacramento Kings,115,110,2022,5,225,11.0,False,False,9.0,False,False,same_region,0,0,0,4.8,-4.6,9.399999999999999,4.699999999999999,3.4,-5.4,8.8,4.4,901,2,0
401360729,2022-02-26,Milwaukee Bucks,Brooklyn Nets,123,126,2022,-3,249,8.0,False,False,9.0,False,False,same_region,0,0,0,-3.6,-2.4,-1.2000000000000002,-0.6000000000000001,2.8,-10.2,13.0,6.5,902,2,0
401360724,2022-02-26,Detroit Pistons,Boston Celtics,104,113,2022,-9,217,1.0,False,False,1.0,False,False,same_region,0,0,0,-10.4,17.2,-27.6,-13.8,-12.5,19.9,-32.4,-16.2,903,2,0
401360728,2022-02-26,Chicago Bulls,Memphis Grizzlies,110,116,2022,-6,226,1.0,False,False,1.0,False,False,west_to_east,1,0,1,7.8,7.0,0.7999999999999998,0.3999999999999999,3.7,11.0,-7.3,-3.65,904,2,0
401360726,2022-02-26,Cleveland Cavaliers,Washington Wizards,92,86,2022,6,178,16.0,False,False,8.0,False,False,same_region,0,0,0,-0.2,0.2,-0.4,-0.2,-0.5,-4.5,4.0,2.0,905,2,0
401360725,2022-02-26,Atlanta Hawks,Toronto Raptors,127,100,2022,27,227,10.0,False,False,0.0,True,False,same_region,0,0,0,0.0,-6.4,6.4,3.2,0.4,2.4,-2.0,-1.0,906,2,0
401360727,2022-02-26,Miami Heat,San Antonio Spurs,133,129,2022,4,262,10.0,False,False,0.0,True,False,west_to_east,1,0,1,6.0,5.2,0.7999999999999998,0.3999999999999999,5.2,1.2,4.0,2.0,907,2,0
401360731,2022-02-27,New York Knicks,Philadelphia 76ers,109,125,2022,-16,234,1.0,False,False,1.0,False,False,same_region,0,0,0,-6.2,1.8,-8.0,-4.0,-5.6,0.6,-6.199999999999999,-3.0999999999999996,908,2,0
401360732,2022-02-27,Phoenix Suns,Utah Jazz,114,118,2022,-4,232,1.0,False,False,10.0,False,False,same_region,0,0,0,8.4,15.0,-6.6,-3.3,8.0,8.1,-0.09999999999999964,-0.04999999999999982,909,2,0
401360733,2022-02-27,Indiana Pacers,Boston Celtics,128,107,2022,21,235,1.0,False,False,0.0,True,True,same_region,0,0,0,-4.8,17.8,-22.6,-11.3,-6.0,17.8,-23.8,-11.9,910,2,0
401360738,2022-02-27,Los Angeles Lakers,New Orleans Pelicans,95,123,2022,-28,218,1.0,False,False,1.0,False,False,same_region,0,0,0,-3.4,3.2,-6.6,-3.3,-1.7,4.5,-6.2,-3.1,911,2,0
401360735,2022-02-27,Houston Rockets,LA Clippers,98,99,2022,-1,197,16.0,False,False,1.0,False,False,same_region,0,0,0,-19.0,8.8,-27.8,-13.9,-14.9,-1.8,-13.1,-6.55,912,2,0
401360736,2022-02-27,Golden State Warriors,Dallas Mavericks,101,107,2022,-6,208,10.0,False,False,1.0,False,False,same_region,0,0,0,4.2,3.0,1.2000000000000002,0.6000000000000001,3.7,5.5,-1.7999999999999998,-0.8999999999999999,913,2,0
401360737,2022-02-27,Portland Trail Blazers,Denver Nuggets,92,124,2022,-32,216,2.0,False,False,2.0,False,False,same_region,0,0,0,-1.4,7.0,-8.4,-4.2,-7.9,5.4,-13.3,-6.65,914,2,0
401360734,2022-02-27,Charlotte Hornets,Detroit Pistons,126,127,2022,-1,253,1.0,False,False,10.0,False,False,same_region,0,0,0,7.4,-7.2,14.600000000000001,7.300000000000001,-1.5,-12.4,10.9,5.45,915,2,0
401360742,2022-02-28,Memphis Grizzlies,San Antonio Spurs,118,105,2022,13,223,11.0,False,False,1.0,False,True,same_region,0,0,0,3.2,1.4,1.8000000000000003,0.9000000000000001,9.6,1.3,8.299999999999999,4.1499999999999995,916,2,0
401360739,2022-02-28,Cleveland Cavaliers,Minnesota Timberwolves,122,127,2022,-5,249,1.0,False,False,14.0,False,False,west_to_east,1,0,1,-1.6,-4.6,2.9999999999999996,1.4999999999999998,1.1,-0.4,1.5,0.75,917,2,0
401360545,2022-02-28,Brooklyn Nets,Toronto Raptors,97,133,2022,-36,230,3.0,False,False,1.0,False,True,same_region,0,0,0,-1.0,-15.6,14.6,7.3,-8.8,-0.7,-8.100000000000001,-4.050000000000001,918,2,0
401360744,2022-02-28,Oklahoma City Thunder,Sacramento Kings,110,131,2022,-21,241,3.0,False,False,1.0,False,False,same_region,0,0,0,-5.0,-8.2,3.1999999999999993,1.5999999999999996,-7.6,-3.9,-3.6999999999999997,-1.8499999999999999,919,2,0
401360743,2022-02-28,Milwaukee Bucks,Charlotte Hornets,130,106,2022,24,236,1.0,False,False,12.0,False,False,same_region,0,0,0,-7.2,2.8,-10.0,-5.0,1.0,-1.0,2.0,1.0,920,2,0
401360741,2022-02-28,Miami Heat,Chicago Bulls,112,99,2022,13,211,1.0,False,False,18.0,False,False,same_region,0,0,0,3.8,4.2,-0.40000000000000036,-0.20000000000000018,8.6,3.8,4.8,2.4,921,2,0
401360740,2022-02-28,Orlando Magic,Indiana Pacers,119,103,2022,16,222,2.0,False,False,12.0,False,False,same_region,0,0,0,-13.0,0.8,-13.8,-6.9,-11.0,-4.5,-6.5,-3.25,922,2,0
401360750,2022-03-01,Los Angeles Lakers,Dallas Mavericks,104,109,2022,-5,213,1.0,False,False,1.0,False,False,same_region,0,0,0,-6.0,2.8,-8.8,-4.4,-4.2,6.3,-10.5,-5.25,923,3,0
401360749,2022-03-01,Minnesota Timberwolves,Golden State Warriors,129,114,2022,15,243,3.0,False,False,4.0,False,False,same_region,0,0,0,-5.4,3.4,-8.8,-4.4,-1.0,1.7,-2.7,-1.35,924,3,0
401360748,2022-03-01,Houston Rockets,LA Clippers,100,113,2022,-13,213,1.0,False,False,1.0,False,False,same_region,0,0,0,-15.4,8.6,-24.0,-12.0,-13.6,-1.1,-12.5,-6.25,925,3,0
401360747,2022-03-01,Toronto Raptors,Brooklyn Nets,109,108,2022,1,217,16.0,False,False,2.0,False,False,same_region,0,0,0,-8.2,-13.0,4.800000000000001,2.4000000000000004,2.2,-10.1,12.3,6.15,926,3,0
401360746,2022-03-01,Boston Celtics,Atlanta Hawks,107,98,2022,9,205,12.0,False,False,4.0,False,False,same_region,0,0,0,11.6,8.4,3.1999999999999993,1.5999999999999996,15.1,3.7,11.399999999999999,5.699999999999999,927,3,0
401360745,2022-03-01,Washington Wizards,Detroit Pistons,116,113,2022,3,229,3.0,False,False,1.0,False,False,same_region,0,0,0,1.6,-2.6,4.2,2.1,-3.7,-11.2,7.499999999999999,3.7499999999999996,928,3,0
401360757,2022-03-02,Denver Nuggets,Oklahoma City Thunder,107,119,2022,-12,226,3.0,False,False,4.0,False,False,same_region,0,0,0,13.2,-8.2,21.4,10.7,9.0,-10.0,19.0,9.5,929,3,0
401360752,2022-03-02,Orlando Magic,Indiana Pacers,114,122,2022,-8,236,1.0,False,False,1.0,False,False,same_region,0,0,0,-6.8,-0.6,-6.2,-3.1,-8.3,-6.0,-2.3000000000000007,-1.1500000000000004,930,3,0
401360753,2022-03-02,Philadelphia 76ers,New York Knicks,123,108,2022,15,231,14.0,False,False,17.0,False,False,same_region,0,0,0,2.4,-9.8,12.200000000000001,6.1000000000000005,1.9,-9.2,11.1,5.55,931,3,0
401360751,2022-03-02,Cleveland Cavaliers,Charlotte Hornets,98,119,2022,-21,217,1.0,False,False,1.0,False,False,same_region,0,0,0,-4.0,-0.6,-3.4,-1.7,0.3,-3.3,3.5999999999999996,1.7999999999999998,932,3,0
401360754,2022-03-02,Houston Rockets,Utah Jazz,127,132,2022,-5,259,0.0,True,True,2.0,False,False,same_region,0,0,0,-11.2,10.6,-21.799999999999997,-10.899999999999999,-16.0,9.5,-25.5,-12.75,933,3,0
401360756,2022-03-02,New Orleans Pelicans,Sacramento Kings,125,95,2022,30,220,12.0,False,False,1.0,False,False,same_region,0,0,0,10.8,-6.6,17.4,8.7,6.3,-2.9,9.2,4.6,934,3,0
401360758,2022-03-02,Phoenix Suns,Portland Trail Blazers,120,90,2022,30,210,2.0,False,False,13.0,False,False,same_region,0,0,0,2.2,-8.2,10.399999999999999,5.199999999999999,8.5,-9.4,17.9,8.95,935,3,0
401360755,2022-03-02,Milwaukee Bucks,Miami Heat,120,119,2022,1,239,1.0,False,False,4.0,False,False,same_region,0,0,0,2.4,5.6,-3.1999999999999997,-1.5999999999999999,7.0,10.3,-3.3000000000000007,-1.6500000000000004,936,3,0
401360529,2022-03-03,Atlanta Hawks,Chicago Bulls,130,124,2022,6,254,4.0,False,False,2.0,False,False,same_region,0,0,0,8.6,0.6,8.0,4.0,1.9,1.8,0.09999999999999987,0.04999999999999993,937,3,0
401360760,2022-03-03,Brooklyn Nets,Miami Heat,107,113,2022,-6,220,2.0,False,False,0.0,True,False,same_region,0,0,0,-14.2,7.0,-21.2,-10.6,-8.2,8.5,-16.7,-8.35,938,3,0
401360762,2022-03-03,Dallas Mavericks,Golden State Warriors,122,113,2022,9,235,18.0,False,False,1.0,False,False,same_region,0,0,0,4.2,0.0,4.2,2.1,7.4,-0.2,7.6000000000000005,3.8000000000000003,939,3,0
401360759,2022-03-03,Boston Celtics,Memphis Grizzlies,120,107,2022,13,227,1.0,False,False,4.0,False,False,west_to_east,1,0,1,3.8,4.4,-0.6000000000000005,-0.30000000000000027,15.1,11.2,3.9000000000000004,1.9500000000000002,940,3,0
401360761,2022-03-03,Toronto Raptors,Detroit Pistons,106,108,2022,-2,214,1.0,False,False,1.0,False,False,same_region,0,0,0,-2.0,-1.4,-0.6000000000000001,-0.30000000000000004,1.2,-10.6,11.799999999999999,5.8999999999999995,941,3,0
401360763,2022-03-03,San Antonio Spurs,Sacramento Kings,112,115,2022,-3,227,26.0,False,False,0.0,True,True,same_region,0,0,0,-3.2,-7.8,4.6,2.3,0.4,-4.7,5.1000000000000005,2.5500000000000003,942,3,0
401360764,2022-03-03,LA Clippers,Los Angeles Lakers,132,111,2022,21,243,13.0,False,False,18.0,False,False,same_region,0,0,0,8.2,-6.6,14.799999999999999,7.3999999999999995,0.1,-3.9,4.0,2.0,943,3,0
401360765,2022-03-04,Detroit Pistons,Indiana Pacers,111,106,2022,5,217,5.0,False,False,1.0,False,False,same_region,0,0,0,-1.2,2.8,-4.0,-2.0,-9.1,-4.5,-4.6,-2.3,944,3,0
401360766,2022-03-04,Philadelphia 76ers,Cleveland Cavaliers,125,119,2022,6,244,1.0,False,False,7.0,False,False,same_region,0,0,0,3.4,-6.2,9.6,4.8,3.7,-0.7,4.4,2.2,945,3,0
401401142,2022-03-04,Toronto Raptors,Orlando Magic,97,103,2022,-6,200,0.0,True,True,17.0,False,False,same_region,0,0,0,-4.8,-3.0,-1.7999999999999998,-0.8999999999999999,-0.5,-9.2,8.7,4.35,946,3,0
401360772,2022-03-04,Phoenix Suns,New York Knicks,115,114,2022,1,229,1.0,False,False,1.0,False,False,east_to_west,1,1,0,6.8,-11.0,17.8,8.9,10.0,-9.5,19.5,9.75,947,3,0
401360768,2022-03-04,Chicago Bulls,Milwaukee Bucks,112,118,2022,-6,230,5.0,False,False,21.0,False,False,same_region,0,0,0,-2.8,5.6,-8.399999999999999,-4.199999999999999,2.3,5.7,-3.4000000000000004,-1.7000000000000002,948,3,0
401360771,2022-03-04,Denver Nuggets,Houston Rockets,116,101,2022,15,217,1.0,False,False,6.0,False,False,same_region,0,0,0,8.8,-11.6,20.4,10.2,8.6,-14.0,22.6,11.3,949,3,0
401360767,2022-03-04,Washington Wizards,Atlanta Hawks,114,117,2022,-3,231,2.0,False,False,2.0,False,False,same_region,0,0,0,0.4,8.2,-7.799999999999999,-3.8999999999999995,-3.7,3.6,-7.300000000000001,-3.6500000000000004,950,3,0
401360769,2022-03-04,New Orleans Pelicans,Utah Jazz,124,90,2022,34,214,1.0,False,False,1.0,False,False,same_region,0,0,0,10.8,8.6,2.200000000000001,1.1000000000000005,8.5,12.0,-3.5,-1.75,951,3,0
401360770,2022-03-04,Oklahoma City Thunder,Minnesota Timberwolves,101,138,2022,-37,239,3.0,False,False,3.0,False,False,same_region,0,0,0,-6.6,-3.6,-2.9999999999999996,-1.4999999999999998,-7.8,-0.8,-7.0,-3.5,952,3,0
401360775,2022-03-05,Miami Heat,Philadelphia 76ers,99,82,2022,17,181,4.0,False,False,5.0,False,False,same_region,0,0,0,7.4,14.2,-6.799999999999999,-3.3999999999999995,7.3,5.2,2.0999999999999996,1.0499999999999998,953,3,0
401360774,2022-03-05,Charlotte Hornets,San Antonio Spurs,123,117,2022,6,240,5.0,False,False,4.0,False,False,west_to_east,1,0,1,4.8,-1.6,6.4,3.2,0.6,1.8,-1.2000000000000002,-0.6000000000000001,954,3,0
401360773,2022-03-05,Dallas Mavericks,Sacramento Kings,114,113,2022,1,227,1.0,False,False,1.0,False,True,same_region,0,0,0,4.4,-5.8,10.2,5.1,7.4,-5.4,12.8,6.4,955,3,0
401360778,2022-03-05,Los Angeles Lakers,Golden State Warriors,124,116,2022,8,240,3.0,False,False,1.0,False,False,same_region,0,0,0,-10.4,1.2,-11.6,-5.8,-6.5,-2.3,-4.2,-2.1,956,3,0
401360777,2022-03-05,Minnesota Timberwolves,Portland Trail Blazers,135,121,2022,14,256,3.0,False,False,2.0,False,False,same_region,0,0,0,6.2,-16.0,22.2,11.1,0.9,-11.9,12.8,6.4,957,3,0
401360776,2022-03-05,Memphis Grizzlies,Orlando Magic,124,96,2022,28,220,4.0,False,False,0.0,True,False,east_to_west,1,1,0,-0.6,0.2,-0.8,-0.4,8.7,-6.6,15.299999999999999,7.6499999999999995,958,3,0
401360779,2022-03-06,Boston Celtics,Brooklyn Nets,126,120,2022,6,246,2.0,False,False,4.0,False,False,same_region,0,0,0,6.6,-12.6,19.2,9.6,13.1,-5.3,18.4,9.2,959,3,0
401360782,2022-03-06,Washington Wizards,Indiana Pacers,133,123,2022,10,256,1.0,False,False,1.0,False,False,same_region,0,0,0,0.8,0.8,0.0,0.0,-2.5,-3.7,1.2000000000000002,0.6000000000000001,960,3,0
401360786,2022-03-06,Denver Nuggets,New Orleans Pelicans,138,130,2022,8,268,1.0,False,False,6.0,False,False,same_region,0,0,0,11.6,20.0,-8.4,-4.2,8.1,10.6,-2.5,-1.25,961,3,0
401360780,2022-03-06,Milwaukee Bucks,Phoenix Suns,132,122,2022,10,254,3.0,False,False,9.0,False,False,west_to_east,1,0,1,5.0,6.4,-1.4000000000000004,-0.7000000000000002,3.4,9.8,-6.4,-3.2,962,3,0
401360785,2022-03-06,LA Clippers,New York Knicks,93,116,2022,-23,209,2.0,False,False,1.0,False,False,east_to_west,1,1,0,13.8,-10.4,24.200000000000003,12.100000000000001,4.6,-8.9,13.5,6.75,963,3,0
401360783,2022-03-06,Houston Rockets,Memphis Grizzlies,123,112,2022,11,235,3.0,False,False,2.0,False,False,same_region,0,0,0,-8.4,5.8,-14.2,-7.1,-14.2,9.5,-23.7,-11.85,964,3,0
401360781,2022-03-06,Cleveland Cavaliers,Toronto Raptors,104,96,2022,8,200,3.0,False,False,5.0,False,False,same_region,0,0,0,-5.8,0.4,-6.2,-3.1,-1.4,-3.0,1.6,0.8,965,3,0
401360784,2022-03-06,Oklahoma City Thunder,Utah Jazz,103,116,2022,-13,219,1.0,False,False,1.0,False,False,same_region,0,0,0,-12.4,-5.0,-7.4,-3.7,-10.3,8.2,-18.5,-9.25,966,3,0
401360793,2022-03-07,Sacramento Kings,New York Knicks,115,131,2022,-16,246,10.0,False,False,0.0,True,True,east_to_west,1,1,0,-2.4,-4.8,2.4,1.2,-3.5,-5.7,2.2,1.1,967,3,0
401401144,2022-03-07,Denver Nuggets,Golden State Warriors,131,124,2022,7,255,0.0,True,True,1.0,False,False,same_region,0,0,0,9.6,-0.2,9.799999999999999,4.8999999999999995,7.2,-4.3,11.5,5.75,968,3,0
401360792,2022-03-07,San Antonio Spurs,Los Angeles Lakers,117,110,2022,7,227,3.0,False,False,3.0,False,False,same_region,0,0,0,-4.4,-9.8,5.4,2.7,-1.3,-5.6,4.3,2.15,969,3,0
401360791,2022-03-07,Dallas Mavericks,Utah Jazz,111,103,2022,8,214,1.0,False,False,0.0,True,True,same_region,0,0,0,3.2,-1.4,4.6,2.3,6.6,7.2,-0.6000000000000005,-0.30000000000000027,970,3,0
401360790,2022-03-07,Minnesota Timberwolves,Portland Trail Blazers,124,81,2022,43,205,1.0,False,False,1.0,False,False,same_region,0,0,0,8.0,-21.8,29.8,14.9,3.6,-13.0,16.6,8.3,971,3,0
401360789,2022-03-07,Miami Heat,Houston Rockets,123,106,2022,17,229,1.0,False,False,2.0,False,False,west_to_east,1,0,1,7.8,-4.6,12.399999999999999,6.199999999999999,6.9,-11.8,18.700000000000003,9.350000000000001,972,3,0
401360788,2022-03-07,Philadelphia 76ers,Chicago Bulls,121,106,2022,15,227,2.0,False,False,3.0,False,False,same_region,0,0,0,10.2,-5.4,15.6,7.8,2.4,2.0,0.3999999999999999,0.19999999999999996,973,3,0
401360787,2022-03-07,Detroit Pistons,Atlanta Hawks,113,110,2022,3,223,2.0,False,False,2.0,False,False,same_region,0,0,0,-0.8,4.6,-5.3999999999999995,-2.6999999999999997,-5.6,4.8,-10.399999999999999,-5.199999999999999,974,3,0
401360799,2022-03-08,Golden State Warriors,LA Clippers,112,97,2022,15,209,8.0,False,False,6.0,False,False,same_region,0,0,0,-9.0,3.0,-12.0,-6.0,-2.4,4.9,-7.300000000000001,-3.6500000000000004,975,3,0
401360795,2022-03-08,Indiana Pacers,Cleveland Cavaliers,124,127,2022,-3,251,8.0,False,False,3.0,False,False,same_region,0,0,0,-0.4,-3.6,3.2,1.6,-2.6,-1.9,-0.7000000000000002,-0.3500000000000001,976,3,0
401360794,2022-03-08,Charlotte Hornets,Brooklyn Nets,121,132,2022,-11,253,2.0,False,False,1.0,False,False,same_region,0,0,0,6.8,-9.2,16.0,8.0,2.7,-5.8,8.5,4.25,977,3,0
401360796,2022-03-08,Orlando Magic,Phoenix Suns,99,102,2022,-3,201,5.0,False,False,1.0,False,False,west_to_east,1,0,1,-1.2,0.4,-1.6,-0.8,-6.1,8.3,-14.4,-7.2,978,3,0
401360798,2022-03-08,Oklahoma City Thunder,Milwaukee Bucks,115,142,2022,-27,257,1.0,False,False,3.0,False,False,east_to_west,1,1,0,-11.0,7.6,-18.6,-9.3,-9.7,2.0,-11.7,-5.85,979,3,0
401360797,2022-03-08,Memphis Grizzlies,New Orleans Pelicans,132,111,2022,21,243,2.0,False,False,1.0,False,False,same_region,0,0,0,4.6,19.8,-15.200000000000001,-7.6000000000000005,5.8,8.5,-2.7,-1.35,980,3,0
401360804,2022-03-09,Houston Rockets,Los Angeles Lakers,139,130,2022,9,269,2.0,False,False,1.0,False,False,same_region,0,0,0,-7.8,-10.6,2.8,1.4,-11.6,-7.0,-4.6,-2.3,981,3,0
401360811,2022-03-09,LA Clippers,Washington Wizards,115,109,2022,6,224,2.0,False,False,10.0,False,False,east_to_west,1,1,0,-0.6,0.0,-0.6,-0.3,4.1,0.6,3.4999999999999996,1.7499999999999998,982,3,0
401360800,2022-03-09,Charlotte Hornets,Boston Celtics,101,115,2022,-14,216,0.0,True,False,9.0,False,False,same_region,0,0,0,-1.8,3.2,-5.0,-2.5,2.8,10.2,-7.3999999999999995,-3.6999999999999997,983,3,0
401360801,2022-03-09,Detroit Pistons,Chicago Bulls,108,114,2022,-6,222,1.0,False,False,1.0,False,False,same_region,0,0,0,1.6,-9.2,10.799999999999999,5.3999999999999995,-2.8,-0.7,-2.0999999999999996,-1.0499999999999998,984,3,0
401360802,2022-03-09,Miami Heat,Phoenix Suns,90,111,2022,-21,201,1.0,False,False,0.0,True,True,west_to_east,1,0,1,10.4,4.0,6.4,3.2,7.1,6.2,0.8999999999999995,0.44999999999999973,985,3,0
401360803,2022-03-09,Milwaukee Bucks,Atlanta Hawks,124,115,2022,9,239,2.0,False,False,1.0,False,False,same_region,0,0,0,13.6,4.8,8.8,4.4,3.2,2.4,0.8000000000000003,0.40000000000000013,986,3,0
401360807,2022-03-09,Dallas Mavericks,New York Knicks,77,107,2022,-30,184,1.0,False,False,1.0,False,True,east_to_west,1,1,0,5.8,1.4,4.4,2.2,4.4,-2.4,6.800000000000001,3.4000000000000004,987,3,0
401360808,2022-03-09,San Antonio Spurs,Toronto Raptors,104,119,2022,-15,223,1.0,False,False,2.0,False,False,east_to_west,1,1,0,-3.8,4.2,-8.0,-4.0,0.7,-5.7,6.4,3.2,988,3,0
401360809,2022-03-09,Utah Jazz,Portland Trail Blazers,123,85,2022,38,208,11.0,False,False,1.0,False,False,same_region,0,0,0,-4.0,-31.2,27.2,13.6,5.5,-14.4,19.9,9.95,989,3,0
401360810,2022-03-09,Sacramento Kings,Denver Nuggets,100,106,2022,-6,206,1.0,False,False,9.0,False,False,same_region,0,0,0,-4.6,10.0,-14.6,-7.3,-6.4,8.5,-14.9,-7.45,990,3,0
401360805,2022-03-09,Minnesota Timberwolves,Oklahoma City Thunder,132,102,2022,30,234,1.0,False,False,6.0,False,False,same_region,0,0,0,22.8,-17.2,40.0,20.0,9.1,-11.1,20.2,10.1,991,3,0
401360806,2022-03-09,New Orleans Pelicans,Orlando Magic,102,108,2022,-6,210,4.0,False,False,3.0,False,False,east_to_west,1,1,0,12.6,-3.4,16.0,8.0,7.9,-8.2,16.1,8.05,992,3,0
401360813,2022-03-10,Denver Nuggets,Golden State Warriors,102,113,2022,-11,215,2.0,False,False,2.0,False,False,same_region,0,0,0,4.8,-4.8,9.6,4.8,9.0,-0.7,9.7,4.85,993,3,0
401360812,2022-03-10,Philadelphia 76ers,Brooklyn Nets,100,129,2022,-29,229,2.0,False,False,1.0,False,False,same_region,0,0,0,7.0,-7.6,14.6,7.3,4.4,-4.3,8.7,4.35,994,3,0
401360817,2022-03-11,Miami Heat,Cleveland Cavaliers,117,105,2022,12,222,1.0,False,False,2.0,False,False,same_region,0,0,0,3.6,-4.2,7.800000000000001,3.9000000000000004,4.6,-2.9,7.5,3.75,995,3,0
401360815,2022-03-11,Atlanta Hawks,LA Clippers,112,106,2022,6,218,7.0,False,False,2.0,False,False,west_to_east,1,0,1,-2.4,0.4,-2.8,-1.4,3.0,4.5,-1.5,-0.75,996,3,0
401360823,2022-03-11,Los Angeles Lakers,Washington Wizards,122,109,2022,13,231,5.0,False,False,1.0,False,False,east_to_west,1,1,0,-6.8,-0.4,-6.3999999999999995,-3.1999999999999997,-6.4,-0.1,-6.300000000000001,-3.1500000000000004,997,3,0
401360814,2022-03-11,Orlando Magic,Minnesota Timberwolves,118,110,2022,8,228,2.0,False,False,6.0,False,False,west_to_east,1,0,1,-5.4,27.8,-33.2,-16.6,-6.1,11.2,-17.299999999999997,-8.649999999999999,998,3,0
401360816,2022-03-11,Boston Celtics,Detroit Pistons,114,103,2022,11,217,4.0,False,False,7.0,False,False,same_region,0,0,0,4.2,0.2,4.0,2.0,11.0,-1.2,12.2,6.1,999,3,0
401360822,2022-03-11,Phoenix Suns,Toronto Raptors,112,117,2022,-5,229,6.0,False,False,1.0,False,False,east_to_west,1,1,0,9.0,0.0,9.0,4.5,5.6,-4.1,9.7,4.85,1000,3,0
401360818,2022-03-11,Houston Rockets,Dallas Mavericks,100,113,2022,-13,213,1.0,False,False,9.0,False,False,same_region,0,0,0,-3.4,-1.4,-2.0,-1.0,-7.3,0.7,-8.0,-4.0,1001,3,0
401360821,2022-03-11,San Antonio Spurs,Utah Jazz,104,102,2022,2,206,1.0,False,False,3.0,False,False,same_region,0,0,0,-6.0,2.8,-8.8,-4.4,-2.3,6.7,-9.0,-4.5,1002,3,0
401360819,2022-03-11,Memphis Grizzlies,New York Knicks,118,114,2022,4,232,2.0,False,False,1.0,False,False,east_to_west,1,1,0,7.6,10.6,-3.0,-1.5,5.4,0.4,5.0,2.5,1003,3,0
401360820,2022-03-11,New Orleans Pelicans,Charlotte Hornets,120,142,2022,-22,262,1.0,False,False,8.0,False,False,east_to_west,1,1,0,5.8,-4.4,10.2,5.1,8.3,-0.8,9.100000000000001,4.550000000000001,1004,3,0
401360830,2022-03-12,Portland Trail Blazers,Washington Wizards,127,118,2022,9,245,12.0,False,False,0.0,True,True,east_to_west,1,1,0,-31.4,-1.8,-29.599999999999998,-14.799999999999999,-16.4,-0.1,-16.299999999999997,-8.149999999999999,1005,3,0
401360829,2022-03-12,Utah Jazz,Sacramento Kings,134,125,2022,9,259,2.0,False,False,6.0,False,False,same_region,0,0,0,1.4,-10.0,11.4,5.7,5.0,-8.3,13.3,6.65,1006,3,0
401360828,2022-03-12,Denver Nuggets,Toronto Raptors,115,127,2022,-12,242,1.0,False,False,0.0,True,True,east_to_west,1,1,0,5.0,0.8,4.2,2.1,6.9,-0.6,7.5,3.75,1007,3,0
401360827,2022-03-12,Golden State Warriors,Milwaukee Bucks,122,109,2022,13,231,3.0,False,False,3.0,False,False,east_to_west,1,1,0,0.4,10.6,-10.2,-5.1,0.2,6.5,-6.3,-3.15,1008,3,0
401360826,2022-03-12,San Antonio Spurs,Indiana Pacers,108,119,2022,-11,227,0.0,True,True,5.0,False,False,east_to_west,1,1,0,-3.0,-5.2,2.2,1.1,-3.1,-2.2,-0.8999999999999999,-0.44999999999999996,1009,3,0
401360825,2022-03-12,Chicago Bulls,Cleveland Cavaliers,101,91,2022,10,192,7.0,False,False,0.0,True,False,same_region,0,0,0,-6.8,-5.6,-1.2000000000000002,-0.6000000000000001,-1.3,-4.8,3.5,1.75,1010,3,0
401360824,2022-03-12,Miami Heat,Minnesota Timberwolves,104,113,2022,-9,217,0.0,True,True,0.0,True,False,west_to_east,1,0,1,6.2,23.2,-17.0,-8.5,6.6,9.8,-3.200000000000001,-1.6000000000000005,1011,3,0
401360831,2022-03-13,Brooklyn Nets,New York Knicks,110,107,2022,3,217,9.0,False,False,1.0,False,False,same_region,0,0,0,5.4,12.8,-7.4,-3.7,-3.8,0.9,-4.7,-2.35,1012,3,0
401360836,2022-03-13,New Orleans Pelicans,Houston Rockets,130,105,2022,25,235,1.0,False,False,5.0,False,False,same_region,0,0,0,-4.6,-5.0,0.40000000000000036,0.20000000000000018,3.1,-8.3,11.4,5.7,1013,3,0
401360833,2022-03-13,Boston Celtics,Dallas Mavericks,92,95,2022,-3,187,1.0,False,False,1.0,False,False,west_to_east,1,0,1,10.6,0.2,10.4,5.2,11.1,2.2,8.899999999999999,4.449999999999999,1014,3,0
401360832,2022-03-13,Detroit Pistons,LA Clippers,102,106,2022,-4,208,3.0,False,False,1.0,False,False,west_to_east,1,0,1,-1.4,-3.4,2.0,1.0,-1.4,2.4,-3.8,-1.9,1015,3,0
401360834,2022-03-13,Orlando Magic,Philadelphia 76ers,114,116,2022,-2,230,1.0,False,False,7.0,False,False,same_region,0,0,0,-2.2,-2.0,-0.20000000000000018,-0.10000000000000009,-2.6,0.2,-2.8000000000000003,-1.4000000000000001,1016,3,0
401360837,2022-03-13,Oklahoma City Thunder,Memphis Grizzlies,118,125,2022,-7,243,4.0,False,False,6.0,False,False,same_region,0,0,0,-19.0,5.8,-24.8,-12.4,-13.6,5.1,-18.7,-9.35,1017,3,0
401360838,2022-03-13,Phoenix Suns,Los Angeles Lakers,140,111,2022,29,251,1.0,False,False,3.0,False,False,same_region,0,0,0,2.0,-3.2,5.2,2.6,4.4,-4.9,9.3,4.65,1018,3,0
401360835,2022-03-13,Atlanta Hawks,Indiana Pacers,131,128,2022,3,259,1.0,False,False,0.0,True,False,same_region,0,0,0,0.6,0.2,0.39999999999999997,0.19999999999999998,4.6,-0.2,4.8,2.4,1019,3,0
401360847,2022-03-14,Los Angeles Lakers,Toronto Raptors,103,114,2022,-11,217,2.0,False,False,1.0,False,True,east_to_west,1,1,0,-4.8,3.6,-8.4,-4.2,-7.6,-0.6,-7.0,-3.5,1020,3,0
401360840,2022-03-14,Atlanta Hawks,Portland Trail Blazers,122,113,2022,9,235,0.0,True,True,4.0,False,False,west_to_east,1,0,1,0.0,-23.2,23.2,11.6,4.1,-15.7,19.799999999999997,9.899999999999999,1021,3,0
401360839,2022-03-14,Cleveland Cavaliers,LA Clippers,120,111,2022,9,231,7.0,False,False,0.0,True,True,west_to_east,1,0,1,-3.4,-6.8,3.4,1.7,-4.8,3.5,-8.3,-4.15,1022,3,0
401360842,2022-03-14,Oklahoma City Thunder,Charlotte Hornets,116,134,2022,-18,250,0.0,True,False,2.0,False,False,east_to_west,1,1,0,-22.8,4.8,-27.6,-13.8,-14.7,2.1,-16.8,-8.4,1023,3,0
401360843,2022-03-14,San Antonio Spurs,Minnesota Timberwolves,139,149,2022,-10,288,1.0,False,True,1.0,False,True,same_region,0,0,0,-4.6,17.6,-22.200000000000003,-11.100000000000001,-3.1,11.9,-15.0,-7.5,1024,3,0
401360844,2022-03-14,Golden State Warriors,Washington Wizards,126,112,2022,14,238,1.0,False,False,1.0,False,True,east_to_west,1,1,0,4.8,-4.2,9.0,4.5,3.0,-1.9,4.9,2.45,1025,3,0
401360846,2022-03-14,Utah Jazz,Milwaukee Bucks,111,117,2022,-6,228,1.0,False,False,1.0,False,False,east_to_west,1,1,0,10.0,7.8,2.2,1.1,2.5,6.7,-4.2,-2.1,1026,3,0
401360845,2022-03-14,Sacramento Kings,Chicago Bulls,112,103,2022,9,215,4.0,False,False,4.0,False,False,east_to_west,1,1,0,-5.8,-2.2,-3.5999999999999996,-1.7999999999999998,-6.8,-0.8,-6.0,-3.0,1027,3,0
401360841,2022-03-14,Philadelphia 76ers,Denver Nuggets,110,114,2022,-4,224,3.0,False,False,4.0,False,False,west_to_east,1,0,1,-4.6,-0.4,-4.199999999999999,-2.0999999999999996,-0.6,5.6,-6.199999999999999,-3.0999999999999996,1028,3,0
401360849,2022-03-15,Orlando Magic,Brooklyn Nets,108,150,2022,-42,258,1.0,False,False,4.0,False,False,same_region,0,0,0,-3.8,6.2,-10.0,-5.0,-1.8,-4.0,2.2,1.1,1029,3,0
401360848,2022-03-15,Indiana Pacers,Memphis Grizzlies,102,135,2022,-33,237,6.0,False,False,1.0,False,False,west_to_east,1,0,1,-2.0,9.8,-11.8,-5.9,0.4,4.6,-4.199999999999999,-2.0999999999999996,1030,3,0
401360851,2022-03-15,New Orleans Pelicans,Phoenix Suns,115,131,2022,-16,246,1.0,False,False,5.0,False,False,same_region,0,0,0,-6.4,7.6,-14.0,-7.0,6.8,7.0,-0.20000000000000018,-0.10000000000000009,1031,3,0
401360850,2022-03-15,Miami Heat,Detroit Pistons,105,98,2022,7,203,2.0,False,False,3.0,False,False,same_region,0,0,0,3.2,-2.6,5.800000000000001,2.9000000000000004,5.3,-1.9,7.199999999999999,3.5999999999999996,1032,3,0
401360857,2022-03-16,Houston Rockets,Phoenix Suns,112,129,2022,-17,241,4.0,False,False,0.0,True,False,same_region,0,0,0,-7.0,12.8,-19.8,-9.9,-7.7,6.6,-14.3,-7.15,1033,3,0
401360859,2022-03-16,San Antonio Spurs,Oklahoma City Thunder,122,120,2022,2,242,1.0,False,False,6.0,False,False,same_region,0,0,0,-5.4,-19.0,13.6,6.8,-4.9,-15.7,10.799999999999999,5.3999999999999995,1034,3,0
401360853,2022-03-16,Cleveland Cavaliers,Philadelphia 76ers,114,118,2022,-4,232,1.0,False,False,2.0,False,False,same_region,0,0,0,-0.4,-6.6,6.199999999999999,3.0999999999999996,-3.1,3.8,-6.9,-3.45,1035,3,0
401360856,2022-03-16,New York Knicks,Portland Trail Blazers,128,98,2022,30,226,16.0,False,False,1.0,False,False,west_to_east,1,0,1,12.4,-19.0,31.4,15.7,1.0,-17.5,18.5,9.25,1036,3,0
401360854,2022-03-16,Washington Wizards,Denver Nuggets,109,127,2022,-18,236,9.0,False,False,1.0,False,False,west_to_east,1,0,1,-6.4,-1.2,-5.2,-2.6,-2.8,4.2,-7.0,-3.5,1037,3,0
401360852,2022-03-16,Charlotte Hornets,Atlanta Hawks,116,106,2022,10,222,6.0,False,False,6.0,False,False,same_region,0,0,0,4.2,1.2,3.0,1.5,4.5,2.9,1.6,0.8,1038,3,0
401360858,2022-03-16,Minnesota Timberwolves,Los Angeles Lakers,124,104,2022,20,228,6.0,False,False,2.0,False,False,same_region,0,0,0,16.8,-8.6,25.4,12.7,12.4,-9.2,21.6,10.8,1039,3,0
401360861,2022-03-16,Golden State Warriors,Boston Celtics,88,110,2022,-22,198,1.0,False,False,6.0,False,False,east_to_west,1,1,0,9.2,8.2,1.0,0.5,4.5,6.0,-1.5,-0.75,1040,3,0
401360855,2022-03-16,Brooklyn Nets,Dallas Mavericks,111,113,2022,-2,224,2.0,False,False,2.0,False,False,west_to_east,1,0,1,15.8,-1.0,16.8,8.4,1.6,1.7,-0.09999999999999987,-0.04999999999999993,1041,3,0
401360863,2022-03-16,LA Clippers,Toronto Raptors,100,103,2022,-3,203,6.0,False,False,1.0,False,False,east_to_west,1,1,0,-4.0,7.0,-11.0,-5.5,-0.5,3.7,-4.2,-2.1,1042,3,0
401360860,2022-03-16,Utah Jazz,Chicago Bulls,125,110,2022,15,235,1.0,False,False,1.0,False,False,east_to_west,1,1,0,6.2,-2.8,9.0,4.5,2.4,-2.8,5.199999999999999,2.5999999999999996,1043,3,0
401360862,2022-03-16,Sacramento Kings,Milwaukee Bucks,126,135,2022,-9,261,1.0,False,False,1.0,False,False,east_to_west,1,1,0,-4.6,7.8,-12.399999999999999,-6.199999999999999,-5.2,6.4,-11.600000000000001,-5.800000000000001,1044,3,0
401360864,2022-03-17,Orlando Magic,Detroit Pistons,120,134,2022,-14,254,1.0,False,False,1.0,False,False,same_region,0,0,0,-6.6,-5.0,-1.5999999999999996,-0.7999999999999998,-3.9,-2.9,-1.0,-0.5,1045,3,0
401360870,2022-03-18,Utah Jazz,LA Clippers,121,92,2022,29,213,1.0,False,False,3.0,False,False,same_region,0,0,0,10.8,-1.6,12.4,6.2,3.4,-1.1,4.5,2.25,1046,3,0
401360869,2022-03-18,San Antonio Spurs,New Orleans Pelicans,91,124,2022,-33,215,1.0,False,False,9.0,False,False,same_region,0,0,0,-6.4,-8.0,1.5999999999999996,0.7999999999999998,-5.1,5.9,-11.0,-5.5,1047,3,0
401360866,2022-03-18,Toronto Raptors,Los Angeles Lakers,123,128,2022,-5,251,13.0,False,False,1.0,False,False,west_to_east,1,0,1,9.2,-11.2,20.4,10.2,6.7,-10.9,17.6,8.8,1048,3,0
401360876,2022-03-18,Phoenix Suns,Chicago Bulls,129,102,2022,27,231,4.0,False,False,1.0,False,False,east_to_west,1,1,0,15.6,-4.6,20.2,10.1,9.8,-5.0,14.8,7.4,1049,3,0
401360871,2022-03-18,Sacramento Kings,Boston Celtics,97,126,2022,-29,223,1.0,False,False,1.0,False,False,east_to_west,1,1,0,-6.2,10.0,-16.2,-8.1,-4.3,8.3,-12.600000000000001,-6.300000000000001,1050,3,0
401360868,2022-03-18,Houston Rockets,Indiana Pacers,118,121,2022,-3,239,1.0,False,False,4.0,False,False,east_to_west,1,1,0,-12.6,-7.6,-5.0,-2.5,-8.6,-3.4,-5.199999999999999,-2.5999999999999996,1051,3,0
401360867,2022-03-18,Miami Heat,Oklahoma City Thunder,120,108,2022,12,228,2.0,False,False,1.0,False,False,west_to_east,1,0,1,1.2,-16.8,18.0,9.0,4.5,-13.9,18.4,9.2,1052,3,0
401360872,2022-03-18,Atlanta Hawks,Memphis Grizzlies,120,105,2022,15,225,3.0,False,False,2.0,False,False,west_to_east,1,0,1,-0.2,10.8,-11.0,-5.5,2.3,8.3,-6.000000000000001,-3.0000000000000004,1053,3,0
401360865,2022-03-18,New York Knicks,Washington Wizards,100,97,2022,3,197,1.0,False,False,3.0,False,False,same_region,0,0,0,13.8,-12.0,25.8,12.9,4.5,-6.0,10.5,5.25,1054,3,0
401360875,2022-03-18,Philadelphia 76ers,Dallas Mavericks,111,101,2022,10,212,3.0,False,False,1.0,False,False,west_to_east,1,0,1,-2.4,-0.8,-1.5999999999999999,-0.7999999999999999,3.9,1.2,2.7,1.35,1055,3,0
401360874,2022-03-18,Cleveland Cavaliers,Denver Nuggets,119,116,2022,3,235,1.0,False,False,1.0,False,False,west_to_east,1,0,1,-2.8,1.0,-3.8,-1.9,-3.2,5.5,-8.7,-4.35,1056,3,0
401360873,2022-03-18,Brooklyn Nets,Portland Trail Blazers,128,123,2022,5,251,1.0,False,False,1.0,False,False,west_to_east,1,0,1,16.6,-22.2,38.8,19.4,3.7,-22.0,25.7,12.85,1057,3,0
401360878,2022-03-19,Charlotte Hornets,Dallas Mavericks,129,108,2022,21,237,2.0,False,False,0.0,True,True,west_to_east,1,0,1,5.0,-4.4,9.4,4.7,5.9,0.7,5.2,2.6,1058,3,0
401360877,2022-03-19,Minnesota Timberwolves,Milwaukee Bucks,138,119,2022,19,257,2.0,False,False,2.0,False,False,east_to_west,1,1,0,12.2,7.6,4.6,2.3,17.5,7.6,9.9,4.95,1059,3,0
401360879,2022-03-19,Cleveland Cavaliers,Detroit Pistons,113,109,2022,4,222,0.0,True,True,1.0,False,False,same_region,0,0,0,-2.8,-2.8,0.0,0.0,-3.5,-0.6,-2.9,-1.45,1060,3,0
401360880,2022-03-19,Washington Wizards,Los Angeles Lakers,127,119,2022,8,246,2.0,False,False,0.0,True,True,west_to_east,1,0,1,-11.4,-8.4,-3.0,-1.5,-5.9,-7.6,1.6999999999999993,0.8499999999999996,1061,3,0
401360888,2022-03-20,Philadelphia 76ers,Toronto Raptors,88,93,2022,-5,181,1.0,False,False,3.0,False,False,same_region,0,0,0,-3.4,5.2,-8.6,-4.3,1.8,2.6,-0.8,-0.4,1062,3,0
401360885,2022-03-20,Sacramento Kings,Phoenix Suns,124,127,2022,-3,251,1.0,False,False,3.0,False,False,same_region,0,0,0,-8.8,16.8,-25.6,-12.8,-6.7,12.9,-19.6,-9.8,1063,3,0
401360883,2022-03-20,Atlanta Hawks,New Orleans Pelicans,112,117,2022,-5,229,1.0,False,False,1.0,False,False,west_to_east,1,0,1,4.6,2.8,1.7999999999999998,0.8999999999999999,1.1,7.7,-6.6,-3.3,1064,3,0
401360881,2022-03-20,Indiana Pacers,Portland Trail Blazers,129,98,2022,31,227,4.0,False,False,1.0,False,False,west_to_east,1,0,1,-5.0,-14.6,9.6,4.8,-2.7,-22.9,20.2,10.1,1065,3,0
401360882,2022-03-20,Houston Rockets,Memphis Grizzlies,98,122,2022,-24,220,1.0,False,False,1.0,False,False,same_region,0,0,0,-9.8,10.0,-19.8,-9.9,-8.8,7.3,-16.1,-8.05,1066,3,0
401360884,2022-03-20,Orlando Magic,Oklahoma City Thunder,90,85,2022,5,175,2.0,False,False,1.0,False,False,west_to_east,1,0,1,-8.8,-13.8,5.0,2.5,-6.1,-15.5,9.4,4.7,1067,3,0
401360889,2022-03-20,Golden State Warriors,San Antonio Spurs,108,110,2022,-2,218,3.0,False,False,14.0,False,False,same_region,0,0,0,6.2,-10.0,16.2,8.1,-1.4,-8.0,6.6,3.3,1068,3,0
401360886,2022-03-20,New York Knicks,Utah Jazz,93,108,2022,-15,201,1.0,False,False,8.0,False,False,west_to_east,1,0,1,11.2,9.0,2.1999999999999993,1.0999999999999996,6.3,5.9,0.39999999999999947,0.19999999999999973,1069,3,0
401360887,2022-03-20,Denver Nuggets,Boston Celtics,104,124,2022,-20,228,7.0,False,False,1.0,False,False,east_to_west,1,1,0,-0.8,14.6,-15.4,-7.7,2.0,8.9,-6.9,-3.45,1070,3,0
401360898,2022-03-21,Dallas Mavericks,Minnesota Timberwolves,110,108,2022,2,218,11.0,False,False,6.0,False,False,same_region,0,0,0,-2.6,10.0,-12.6,-6.3,-2.0,18.9,-20.9,-10.45,1071,3,0
401360897,2022-03-21,Oklahoma City Thunder,Boston Celtics,123,132,2022,-9,255,6.0,False,False,0.0,True,True,east_to_west,1,1,0,-8.8,15.8,-24.6,-12.3,-13.9,10.0,-23.9,-11.95,1072,3,0
401360896,2022-03-21,Houston Rockets,Washington Wizards,115,97,2022,18,212,0.0,True,True,2.0,False,False,east_to_west,1,1,0,-16.4,-7.2,-9.2,-4.6,-9.9,-4.5,-5.4,-2.7,1073,3,0
401360890,2022-03-21,Charlotte Hornets,New Orleans Pelicans,106,103,2022,3,209,1.0,False,False,0.0,True,True,west_to_east,1,0,1,11.4,5.0,6.4,3.2,4.8,5.4,-0.6000000000000005,-0.30000000000000027,1074,3,0
401360895,2022-03-21,Chicago Bulls,Toronto Raptors,113,99,2022,14,212,8.0,False,False,0.0,True,False,same_region,0,0,0,-7.0,5.2,-12.2,-6.1,-8.1,3.0,-11.1,-5.55,1075,3,0
401360893,2022-03-21,Philadelphia 76ers,Miami Heat,113,106,2022,7,219,0.0,True,True,17.0,False,False,same_region,0,0,0,1.4,0.2,1.2,0.6,-0.3,5.3,-5.6,-2.8,1076,3,0
401360892,2022-03-21,Detroit Pistons,Portland Trail Blazers,115,119,2022,-4,234,7.0,False,False,0.0,True,True,west_to_east,1,0,1,-2.4,-13.2,10.799999999999999,5.3999999999999995,-1.1,-22.3,21.2,10.6,1077,3,0
401360891,2022-03-21,Cleveland Cavaliers,Los Angeles Lakers,120,131,2022,-11,251,1.0,False,True,1.0,False,True,west_to_east,1,0,1,0.4,-12.6,13.0,6.5,-2.6,-7.9,5.300000000000001,2.6500000000000004,1078,3,0
401360894,2022-03-21,Brooklyn Nets,Utah Jazz,114,106,2022,8,220,2.0,False,False,0.0,True,False,west_to_east,1,0,1,15.4,12.4,3.0,1.5,3.9,6.9,-3.0000000000000004,-1.5000000000000002,1079,3,0
401360900,2022-03-22,New York Knicks,Atlanta Hawks,111,117,2022,-6,228,1.0,False,False,5.0,False,False,same_region,0,0,0,2.2,2.4,-0.19999999999999973,-0.09999999999999987,6.4,1.5,4.9,2.45,1080,3,0
401360899,2022-03-22,Orlando Magic,Golden State Warriors,94,90,2022,4,184,1.0,False,False,11.0,False,False,west_to_east,1,0,1,-9.0,2.8,-11.8,-5.9,-7.2,-1.0,-6.2,-3.1,1081,3,0
401360901,2022-03-22,Milwaukee Bucks,Chicago Bulls,126,98,2022,28,224,12.0,False,False,3.0,False,False,same_region,0,0,0,-1.6,-5.4,3.8000000000000003,1.9000000000000001,6.0,-6.1,12.1,6.05,1082,3,0
401360902,2022-03-22,Denver Nuggets,LA Clippers,127,115,2022,12,242,1.0,False,False,3.0,False,False,same_region,0,0,0,-2.6,-8.6,6.0,3.0,1.2,-4.1,5.3,2.65,1083,3,0
401360905,2022-03-23,Indiana Pacers,Sacramento Kings,109,110,2022,-1,219,2.0,False,False,10.0,False,False,west_to_east,1,0,1,1.8,-8.2,10.0,5.0,-1.7,-9.1,7.3999999999999995,3.6999999999999997,1084,3,0
401360903,2022-03-23,Charlotte Hornets,New York Knicks,106,121,2022,-15,227,1.0,False,False,9.0,False,False,same_region,0,0,0,14.8,1.8,13.0,6.5,5.2,7.3,-2.0999999999999996,-1.0499999999999998,1085,3,0
401360906,2022-03-23,Boston Celtics,Utah Jazz,125,97,2022,28,222,9.0,False,False,1.0,False,True,west_to_east,1,0,1,15.4,9.0,6.4,3.2,13.0,9.5,3.5,1.75,1086,3,0
401360907,2022-03-23,Miami Heat,Golden State Warriors,104,118,2022,-14,222,4.0,False,False,0.0,True,False,west_to_east,1,0,1,3.0,-0.2,3.2,1.6,3.3,0.1,3.1999999999999997,1.5999999999999999,1087,3,0
401360912,2022-03-23,Los Angeles Lakers,Philadelphia 76ers,121,126,2022,-5,247,8.0,False,False,6.0,False,False,east_to_west,1,1,0,-4.6,2.4,-7.0,-3.5,-4.7,-1.1,-3.6,-1.8,1088,3,0
401360904,2022-03-23,Detroit Pistons,Atlanta Hawks,122,101,2022,21,223,1.0,False,False,0.0,True,False,same_region,0,0,0,-1.0,3.0,-4.0,-2.0,-1.2,1.5,-2.7,-1.35,1089,3,0
401360910,2022-03-23,Oklahoma City Thunder,Orlando Magic,118,102,2022,16,220,1.0,False,False,13.0,False,False,east_to_west,1,1,0,-9.2,-9.8,0.6000000000000014,0.3000000000000007,-16.0,-6.0,-10.0,-5.0,1090,3,0
401360911,2022-03-23,Dallas Mavericks,Houston Rockets,110,91,2022,19,201,1.0,False,False,9.0,False,False,same_region,0,0,0,-4.8,-10.2,5.3999999999999995,2.6999999999999997,-2.3,-7.6,5.3,2.65,1091,3,0
401360913,2022-03-23,Portland Trail Blazers,San Antonio Spurs,96,133,2022,-37,229,10.0,False,False,2.0,False,False,same_region,0,0,0,-14.2,-10.0,-4.199999999999999,-2.0999999999999996,-18.7,-6.5,-12.2,-6.1,1092,3,0
401360908,2022-03-23,Memphis Grizzlies,Brooklyn Nets,132,120,2022,12,252,11.0,False,False,7.0,False,False,east_to_west,1,1,0,10.6,11.2,-0.5999999999999996,-0.2999999999999998,9.1,8.3,0.7999999999999989,0.39999999999999947,1093,3,0
401360909,2022-03-23,Minnesota Timberwolves,Phoenix Suns,116,125,2022,-9,241,3.0,False,False,2.0,False,False,same_region,0,0,0,11.2,18.4,-7.199999999999999,-3.5999999999999996,17.2,10.2,7.0,3.5,1094,3,0
401360918,2022-03-24,Denver Nuggets,Phoenix Suns,130,140,2022,-10,270,1.0,False,False,0.0,True,False,same_region,0,0,0,2.2,14.4,-12.2,-6.1,0.9,11.0,-10.1,-5.05,1095,3,0
401360917,2022-03-24,New Orleans Pelicans,Chicago Bulls,126,109,2022,17,235,8.0,False,False,1.0,False,False,east_to_west,1,1,0,8.8,-13.0,21.8,10.9,2.1,-7.6,9.7,4.85,1096,3,0
401360916,2022-03-24,Milwaukee Bucks,Washington Wizards,114,102,2022,12,216,1.0,False,False,2.0,False,False,same_region,0,0,0,2.2,-9.0,11.2,5.6,6.4,-6.6,13.0,6.5,1097,3,0
401360915,2022-03-24,Memphis Grizzlies,Indiana Pacers,133,103,2022,30,236,0.0,True,False,5.0,False,False,east_to_west,1,1,0,12.2,-0.6,12.799999999999999,6.3999999999999995,9.0,-0.2,9.2,4.6,1098,3,0
401360914,2022-03-24,Toronto Raptors,Cleveland Cavaliers,117,104,2022,13,221,5.0,False,False,11.0,False,False,same_region,0,0,0,0.0,0.2,-0.2,-0.1,1.8,-1.6,3.4000000000000004,1.7000000000000002,1099,3,0
401360920,2022-03-25,Detroit Pistons,Washington Wizards,97,100,2022,-3,197,1.0,False,False,0.0,True,False,same_region,0,0,0,4.0,-8.6,12.6,6.3,0.7,-7.5,8.2,4.1,1100,3,0
401360919,2022-03-25,Charlotte Hornets,Utah Jazz,107,101,2022,6,208,1.0,False,False,1.0,False,False,west_to_east,1,0,1,7.4,4.6,2.8000000000000007,1.4000000000000004,6.1,5.4,0.6999999999999993,0.34999999999999964,1101,3,0
401360921,2022-03-25,Atlanta Hawks,Golden State Warriors,121,110,2022,11,231,4.0,False,False,1.0,False,True,west_to_east,1,0,1,-3.0,0.0,-3.0,-1.5,-0.9,2.4,-3.3,-1.65,1102,3,0
401360925,2022-03-25,LA Clippers,Philadelphia 76ers,97,122,2022,-25,219,8.0,False,False,1.0,False,False,east_to_west,1,1,0,-9.8,4.2,-14.0,-7.0,-6.6,-1.2,-5.3999999999999995,-2.6999999999999997,1103,3,0
401360923,2022-03-25,Minnesota Timberwolves,Dallas Mavericks,116,95,2022,21,211,1.0,False,False,5.0,False,False,same_region,0,0,0,7.6,-1.6,9.2,4.6,12.6,-1.3,13.9,6.95,1104,3,0
401360922,2022-03-25,Miami Heat,New York Knicks,103,111,2022,-8,214,1.0,False,False,1.0,False,False,same_region,0,0,0,-2.2,5.4,-7.6000000000000005,-3.8000000000000003,2.0,8.9,-6.9,-3.45,1105,3,0
401360924,2022-03-25,Portland Trail Blazers,Houston Rockets,106,125,2022,-19,231,1.0,False,False,1.0,False,False,same_region,0,0,0,-19.8,-9.0,-10.8,-5.4,-19.4,-8.0,-11.399999999999999,-5.699999999999999,1106,3,0
401360926,2022-03-26,New Orleans Pelicans,San Antonio Spurs,103,107,2022,-4,210,1.0,False,False,2.0,False,False,same_region,0,0,0,7.2,-0.4,7.6000000000000005,3.8000000000000003,0.4,-2.5,2.9,1.45,1107,3,0
401360928,2022-03-26,Toronto Raptors,Indiana Pacers,131,91,2022,40,222,1.0,False,False,1.0,False,False,same_region,0,0,0,0.4,-6.0,6.4,3.2,3.7,-4.0,7.7,3.85,1108,3,0
401360929,2022-03-26,Cleveland Cavaliers,Chicago Bulls,94,98,2022,-4,192,4.0,False,False,1.0,False,False,same_region,0,0,0,-4.2,-14.6,10.399999999999999,5.199999999999999,-2.3,-8.7,6.3999999999999995,3.1999999999999997,1109,3,0
401360927,2022-03-26,Orlando Magic,Sacramento Kings,110,114,2022,-4,224,3.0,False,False,2.0,False,False,west_to_east,1,0,1,-12.6,-6.2,-6.3999999999999995,-3.1999999999999997,-8.2,-6.0,-2.1999999999999993,-1.0999999999999996,1110,3,0
401360931,2022-03-26,Memphis Grizzlies,Milwaukee Bucks,127,102,2022,25,229,1.0,False,True,6.0,False,False,east_to_west,1,1,0,16.8,7.2,9.600000000000001,4.800000000000001,13.3,7.5,5.800000000000001,2.9000000000000004,1111,3,0
401360932,2022-03-26,Denver Nuggets,Oklahoma City Thunder,113,107,2022,6,220,1.0,False,False,5.0,False,False,same_region,0,0,0,-0.6,-2.4,1.7999999999999998,0.8999999999999999,-0.9,-10.7,9.799999999999999,4.8999999999999995,1112,3,0
401360933,2022-03-26,Portland Trail Blazers,Houston Rockets,98,115,2022,-17,213,0.0,True,True,0.0,True,True,same_region,0,0,0,-17.6,-1.8,-15.8,-7.9,-19.9,-7.2,-12.7,-6.35,1113,3,0
401360930,2022-03-26,Miami Heat,Brooklyn Nets,95,110,2022,-15,205,0.0,True,True,2.0,False,False,same_region,0,0,0,-2.0,8.2,-10.2,-5.1,0.6,7.2,-6.6000000000000005,-3.3000000000000003,1114,3,0
401360939,2022-03-27,Brooklyn Nets,Charlotte Hornets,110,119,2022,-9,229,5.0,False,False,12.0,False,False,same_region,0,0,0,2.8,5.0,-2.2,-1.1,9.3,4.6,4.700000000000001,2.3500000000000005,1115,3,0
401360938,2022-03-27,New Orleans Pelicans,Los Angeles Lakers,116,108,2022,8,224,0.0,True,True,5.0,False,False,same_region,0,0,0,9.6,-3.4,13.0,6.5,0.8,-6.0,6.8,3.4,1116,3,0
401360937,2022-03-27,Phoenix Suns,Philadelphia 76ers,114,104,2022,10,218,8.0,False,False,1.0,False,False,east_to_west,1,1,0,13.2,8.4,4.799999999999999,2.3999999999999995,13.0,3.0,10.0,5.0,1117,3,0
401360936,2022-03-27,Washington Wizards,Golden State Warriors,123,115,2022,8,238,7.0,False,False,1.0,False,False,west_to_east,1,0,1,-4.4,-5.0,0.5999999999999996,0.2999999999999998,-8.2,2.1,-10.299999999999999,-5.1499999999999995,1118,3,0
401360935,2022-03-27,Boston Celtics,Minnesota Timberwolves,134,112,2022,22,246,3.0,False,False,5.0,False,False,west_to_east,1,0,1,21.6,9.8,11.8,5.9,14.9,13.3,1.5999999999999996,0.7999999999999998,1119,3,0
401360934,2022-03-27,Detroit Pistons,New York Knicks,102,104,2022,-2,206,1.0,False,False,1.0,False,False,same_region,0,0,0,4.8,1.0,3.8,1.9,-0.1,7.4,-7.5,-3.75,1120,3,0
401360940,2022-03-27,Dallas Mavericks,Utah Jazz,114,100,2022,14,214,3.0,False,False,1.0,False,False,same_region,0,0,0,-6.2,0.4,-6.6000000000000005,-3.3000000000000003,-3.5,5.6,-9.1,-4.55,1121,3,0
401360941,2022-03-28,Charlotte Hornets,Denver Nuggets,109,113,2022,-4,222,2.0,False,False,9.0,False,False,west_to_east,1,0,1,4.8,-3.0,7.8,3.9,4.9,-1.0,5.9,2.95,1122,3,0
401360948,2022-03-28,Memphis Grizzlies,Golden State Warriors,123,95,2022,28,218,1.0,False,False,0.0,True,True,same_region,0,0,0,15.2,-2.2,17.4,8.7,13.0,2.0,11.0,5.5,1123,3,0
401360943,2022-03-28,Indiana Pacers,Atlanta Hawks,123,132,2022,-9,255,4.0,False,False,4.0,False,False,same_region,0,0,0,-7.4,1.2,-8.6,-4.3,-7.5,0.5,-8.0,-4.0,1124,3,0
401360944,2022-03-28,Miami Heat,Sacramento Kings,123,100,2022,23,223,1.0,False,True,1.0,False,False,west_to_east,1,0,1,-6.4,-7.2,0.7999999999999998,0.3999999999999999,-2.6,-5.9,3.3000000000000003,1.6500000000000001,1125,3,0
401360947,2022-03-28,Houston Rockets,San Antonio Spurs,120,123,2022,-3,243,6.0,False,False,1.0,False,False,same_region,0,0,0,2.2,2.4,-0.19999999999999973,-0.09999999999999987,-3.8,-1.5,-2.3,-1.15,1126,3,0
401360946,2022-03-28,Toronto Raptors,Boston Celtics,115,112,2022,3,227,1.0,False,False,6.0,False,False,same_region,0,0,0,7.8,21.6,-13.8,-6.9,8.5,15.8,-7.300000000000001,-3.6500000000000004,1127,3,0
401360949,2022-03-28,Portland Trail Blazers,Oklahoma City Thunder,131,134,2022,-3,265,1.0,False,True,1.0,False,False,same_region,0,0,0,-20.0,-3.2,-16.8,-8.4,-17.3,-10.0,-7.300000000000001,-3.6500000000000004,1128,3,0
401360945,2022-03-28,New York Knicks,Chicago Bulls,109,104,2022,5,213,5.0,False,False,1.0,False,False,same_region,0,0,0,0.8,-10.8,11.600000000000001,5.800000000000001,6.0,-7.7,13.7,6.85,1129,3,0
401360942,2022-03-28,Cleveland Cavaliers,Orlando Magic,107,101,2022,6,208,1.0,False,False,4.0,False,False,same_region,0,0,0,-4.2,-5.0,0.7999999999999998,0.3999999999999999,-3.5,-5.8,2.3,1.15,1130,3,0
401360954,2022-03-29,LA Clippers,Utah Jazz,121,115,2022,6,236,3.0,False,False,1.0,False,False,same_region,0,0,0,-15.6,-8.2,-7.4,-3.7,-11.2,0.4,-11.6,-5.8,1131,3,0
401360953,2022-03-29,Dallas Mavericks,Los Angeles Lakers,128,110,2022,18,238,1.0,False,False,1.0,False,False,same_region,0,0,0,-1.4,-1.0,-0.3999999999999999,-0.19999999999999996,-2.9,-6.1,3.1999999999999997,1.5999999999999999,1132,3,0
401360952,2022-03-29,Brooklyn Nets,Detroit Pistons,130,123,2022,7,253,1.0,False,False,9.0,False,False,same_region,0,0,0,1.4,1.6,-0.20000000000000018,-0.10000000000000009,9.0,-0.6,9.6,4.8,1133,3,0
401360951,2022-03-29,Washington Wizards,Chicago Bulls,94,107,2022,-13,201,1.0,False,False,0.0,True,True,same_region,0,0,0,-2.2,-6.4,4.2,2.1,-6.8,-6.7,-0.09999999999999964,-0.04999999999999982,1134,3,0
401360950,2022-03-29,Philadelphia 76ers,Milwaukee Bucks,116,118,2022,-2,234,7.0,False,False,2.0,False,False,same_region,0,0,0,4.4,1.0,3.4000000000000004,1.7000000000000002,0.5,4.4,-3.9000000000000004,-1.9500000000000002,1135,3,0
401360955,2022-03-30,Cleveland Cavaliers,Dallas Mavericks,112,120,2022,-8,232,1.0,False,False,4.0,False,False,west_to_east,1,0,1,-3.6,6.4,-10.0,-5.0,-3.2,1.9,-5.1,-2.55,1136,3,0
401360957,2022-03-30,Washington Wizards,Orlando Magic,127,110,2022,17,237,0.0,True,True,1.0,False,False,same_region,0,0,0,-6.4,-3.4,-3.0000000000000004,-1.5000000000000002,-6.8,-6.1,-0.7000000000000002,-0.3500000000000001,1137,3,0
401360958,2022-03-30,Boston Celtics,Miami Heat,98,106,2022,-8,204,2.0,False,False,8.0,False,False,same_region,0,0,0,15.2,-4.2,19.4,9.7,14.9,-2.0,16.9,8.45,1138,3,0
401360959,2022-03-30,New York Knicks,Charlotte Hornets,114,125,2022,-11,239,1.0,False,False,2.0,False,False,same_region,0,0,0,4.8,-0.2,5.0,2.5,3.5,5.6,-2.0999999999999996,-1.0499999999999998,1139,3,0
401360965,2022-03-30,Portland Trail Blazers,New Orleans Pelicans,107,117,2022,-10,224,1.0,False,False,8.0,False,False,same_region,0,0,0,-14.4,4.6,-19.0,-9.5,-13.8,3.7,-17.5,-8.75,1140,3,0
401360956,2022-03-30,Indiana Pacers,Denver Nuggets,118,125,2022,-7,243,1.0,False,False,1.0,False,False,west_to_east,1,0,1,-9.8,-1.6,-8.200000000000001,-4.1000000000000005,-7.4,-1.2,-6.2,-3.1,1141,3,0
401360962,2022-03-30,Oklahoma City Thunder,Atlanta Hawks,118,136,2022,-18,254,6.0,False,False,1.0,False,False,east_to_west,1,1,0,-0.2,0.0,-0.2,-0.1,-7.0,2.3,-9.3,-4.65,1142,3,0
401360963,2022-03-30,San Antonio Spurs,Memphis Grizzlies,111,112,2022,-1,223,11.0,False,False,9.0,False,False,same_region,0,0,0,2.6,23.8,-21.2,-10.6,-1.9,16.9,-18.799999999999997,-9.399999999999999,1143,3,0
401360964,2022-03-30,Golden State Warriors,Phoenix Suns,103,107,2022,-4,210,9.0,False,False,5.0,False,False,same_region,0,0,0,-7.4,11.8,-19.200000000000003,-9.600000000000001,-2.3,13.7,-16.0,-8.0,1144,3,0
401360960,2022-03-30,Toronto Raptors,Minnesota Timberwolves,125,102,2022,23,227,1.0,False,False,2.0,False,False,west_to_east,1,0,1,9.4,1.4,8.0,4.0,7.3,6.8,0.5,0.25,1145,3,0
401360961,2022-03-30,Houston Rockets,Sacramento Kings,118,121,2022,-3,239,1.0,False,False,1.0,False,False,same_region,0,0,0,6.4,-10.0,16.4,8.2,-5.0,-8.1,3.0999999999999996,1.5499999999999998,1146,3,0
401360969,2022-03-31,Utah Jazz,Los Angeles Lakers,122,109,2022,13,231,12.0,False,False,1.0,False,False,same_region,0,0,0,-12.4,-5.6,-6.800000000000001,-3.4000000000000004,0.0,-7.0,7.0,3.5,1147,3,0
401360968,2022-03-31,Chicago Bulls,LA Clippers,135,130,2022,5,265,9.0,False,False,8.0,False,False,west_to_east,1,0,1,-6.6,-12.6,6.0,3.0,-6.0,-8.3,2.3000000000000007,1.1500000000000004,1148,3,0
401401145,2022-03-31,Atlanta Hawks,Cleveland Cavaliers,131,107,2022,24,238,5.0,False,False,6.0,False,False,same_region,0,0,0,4.6,-6.0,10.6,5.3,3.5,-2.8,6.3,3.15,1149,3,0
401360967,2022-03-31,Brooklyn Nets,Milwaukee Bucks,119,120,2022,-1,239,1.0,False,False,1.0,False,False,same_region,0,0,0,1.8,-0.4,2.2,1.1,8.6,3.6,5.0,2.5,1150,3,0
401360966,2022-03-31,Detroit Pistons,Philadelphia 76ers,102,94,2022,8,196,3.0,False,False,3.0,False,False,same_region,0,0,0,1.0,5.0,-4.0,-2.0,-0.7,3.2,-3.9000000000000004,-1.9500000000000002,1151,3,0
401360978,2022-04-01,Denver Nuggets,Minnesota Timberwolves,130,136,2022,-6,266,5.0,False,False,1.0,False,False,same_region,0,0,0,3.8,-7.0,10.8,5.4,0.6,1.5,-0.9,-0.45,1152,4,1
401360971,2022-04-01,Washington Wizards,Dallas Mavericks,135,103,2022,32,238,1.0,False,True,1.0,False,False,west_to_east,1,0,1,0.6,7.6,-7.0,-3.5,-4.2,1.4,-5.6,-2.8,1153,4,1
401360972,2022-04-01,Boston Celtics,Indiana Pacers,128,123,2022,5,251,1.0,False,False,5.0,False,False,same_region,0,0,0,9.6,-17.4,27.0,13.5,12.7,-7.8,20.5,10.25,1154,4,1
401360973,2022-04-01,Houston Rockets,Sacramento Kings,117,122,2022,-5,239,1.0,False,False,1.0,False,False,same_region,0,0,0,2.2,-3.6,5.800000000000001,2.9000000000000004,-4.0,-6.2,2.2,1.1,1155,4,1
401360970,2022-04-01,Orlando Magic,Toronto Raptors,89,102,2022,-13,191,5.0,False,False,10.0,False,False,same_region,0,0,0,-7.8,13.0,-20.8,-10.4,-8.4,9.1,-17.5,-8.75,1156,4,1
401360974,2022-04-01,Memphis Grizzlies,Phoenix Suns,122,114,2022,8,236,3.0,False,False,1.0,False,False,same_region,0,0,0,19.2,7.2,12.0,6.0,14.9,12.0,2.9000000000000004,1.4500000000000002,1157,4,1
401360976,2022-04-01,Oklahoma City Thunder,Detroit Pistons,101,110,2022,-9,211,1.0,False,False,2.0,False,False,east_to_west,1,1,0,-2.8,3.4,-6.199999999999999,-3.0999999999999996,-5.8,1.2,-7.0,-3.5,1158,4,1
401360977,2022-04-01,San Antonio Spurs,Portland Trail Blazers,130,111,2022,19,241,1.0,False,False,10.0,False,False,same_region,0,0,0,9.0,-17.2,26.2,13.1,-0.5,-15.7,15.2,7.6,1159,4,1
401360979,2022-04-01,Los Angeles Lakers,New Orleans Pelicans,111,114,2022,-3,225,8.0,False,False,1.0,False,False,same_region,0,0,0,-6.6,5.6,-12.2,-6.1,-9.6,5.3,-14.899999999999999,-7.449999999999999,1160,4,1
401360975,2022-04-01,Milwaukee Bucks,LA Clippers,119,153,2022,-34,272,7.0,False,False,0.0,True,False,west_to_east,1,0,1,3.6,-13.0,16.6,8.3,1.0,-7.3,8.3,4.15,1161,4,1
401360983,2022-04-02,Chicago Bulls,Miami Heat,109,127,2022,-18,236,1.0,False,False,2.0,False,False,same_region,0,0,0,0.0,-1.2,1.2,0.6,-6.5,0.9,-7.4,-3.7,1162,4,1
401360981,2022-04-02,New York Knicks,Cleveland Cavaliers,101,119,2022,-18,220,2.0,False,False,1.0,False,False,same_region,0,0,0,3.8,-8.6,12.399999999999999,6.199999999999999,2.8,-4.2,7.0,3.5,1163,4,1
401360982,2022-04-02,Atlanta Hawks,Brooklyn Nets,122,115,2022,7,237,1.0,False,False,6.0,False,False,same_region,0,0,0,8.2,0.0,8.2,4.1,5.6,5.6,0.0,0.0,1164,4,1
401360984,2022-04-02,Golden State Warriors,Utah Jazz,111,107,2022,4,218,2.0,False,False,3.0,False,False,same_region,0,0,0,-7.4,-8.2,0.7999999999999989,0.39999999999999947,-3.8,0.4,-4.2,-2.1,1165,4,1
401360980,2022-04-02,Philadelphia 76ers,Charlotte Hornets,144,114,2022,30,258,3.0,False,False,2.0,False,False,same_region,0,0,0,2.0,1.4,0.6000000000000001,0.30000000000000004,2.2,8.1,-5.8999999999999995,-2.9499999999999997,1166,4,1
401360985,2022-04-03,Boston Celtics,Washington Wizards,144,102,2022,42,246,1.0,False,False,8.0,False,False,same_region,0,0,0,8.8,9.4,-0.5999999999999996,-0.2999999999999998,12.1,0.4,11.7,5.85,1167,4,1
401360988,2022-04-03,Indiana Pacers,Detroit Pistons,117,121,2022,-4,238,3.0,False,False,1.0,False,False,same_region,0,0,0,-18.2,1.0,-19.2,-9.6,-9.4,2.5,-11.9,-5.95,1168,4,1
401360986,2022-04-03,Milwaukee Bucks,Dallas Mavericks,112,118,2022,-6,230,1.0,False,False,1.0,False,False,west_to_east,1,0,1,-8.8,-2.6,-6.200000000000001,-3.1000000000000005,-3.3,-2.1,-1.1999999999999997,-0.5999999999999999,1169,4,1
401360987,2022-04-03,Los Angeles Lakers,Denver Nuggets,118,129,2022,-11,247,1.0,False,False,3.0,False,False,same_region,0,0,0,-9.4,0.2,-9.6,-4.8,-7.0,1.2,-8.2,-4.1,1170,4,1
401360990,2022-04-03,Orlando Magic,New York Knicks,88,118,2022,-30,206,1.0,False,False,6.0,False,False,same_region,0,0,0,-11.2,-2.8,-8.399999999999999,-4.199999999999999,-10.5,1.3,-11.8,-5.9,1171,4,1
401360994,2022-04-03,San Antonio Spurs,Portland Trail Blazers,113,92,2022,21,205,1.0,False,False,1.0,False,False,same_region,0,0,0,12.4,-13.6,26.0,13.0,1.2,-16.7,17.9,8.95,1172,4,1
401360989,2022-04-03,Cleveland Cavaliers,Philadelphia 76ers,108,112,2022,-4,220,3.0,False,False,2.0,False,False,same_region,0,0,0,-2.4,7.0,-9.4,-4.7,-3.3,5.6,-8.899999999999999,-4.449999999999999,1173,4,1
401360993,2022-04-03,Oklahoma City Thunder,Phoenix Suns,117,96,2022,21,213,1.0,False,False,1.0,False,False,same_region,0,0,0,-2.8,5.0,-7.8,-3.9,-6.0,11.7,-17.7,-8.85,1174,4,1
401360995,2022-04-03,Sacramento Kings,Golden State Warriors,90,109,2022,-19,199,13.0,False,False,5.0,False,False,same_region,0,0,0,-2.0,-9.4,7.4,3.7,-5.1,-4.7,-0.39999999999999947,-0.19999999999999973,1175,4,1
401360996,2022-04-03,LA Clippers,New Orleans Pelicans,119,100,2022,19,219,4.0,False,False,1.0,False,False,same_region,0,0,0,-0.4,6.8,-7.2,-3.6,-4.5,7.8,-12.3,-6.15,1176,4,1
401360991,2022-04-03,Toronto Raptors,Miami Heat,109,114,2022,-5,223,3.0,False,False,0.0,True,False,same_region,0,0,0,18.4,5.2,13.2,6.6,9.2,1.5,7.699999999999999,3.8499999999999996,1177,4,1
401360992,2022-04-03,Houston Rockets,Minnesota Timberwolves,132,139,2022,-7,271,1.0,False,False,1.0,False,False,same_region,0,0,0,5.0,-5.4,10.4,5.2,-2.0,2.9,-4.9,-2.45,1178,4,1
401360999,2022-04-05,Brooklyn Nets,Houston Rockets,118,105,2022,13,223,4.0,False,False,9.0,False,False,west_to_east,1,0,1,1.0,-0.2,1.2,0.6,4.6,-1.0,5.6,2.8,1179,4,1
401361000,2022-04-05,Miami Heat,Charlotte Hornets,144,115,2022,29,259,7.0,False,False,2.0,False,False,same_region,0,0,0,7.8,-1.6,9.4,4.7,2.9,2.9,0.0,0.0,1180,4,1
401361001,2022-04-05,Toronto Raptors,Atlanta Hawks,118,108,2022,10,226,1.0,False,False,5.0,False,False,same_region,0,0,0,14.8,13.8,1.0,0.5,7.6,5.4,2.1999999999999993,1.0999999999999996,1181,4,1
401360997,2022-04-05,Indiana Pacers,Philadelphia 76ers,122,131,2022,-9,253,1.0,False,False,1.0,False,False,same_region,0,0,0,-13.0,2.8,-15.8,-7.9,-9.5,5.6,-15.1,-7.55,1182,4,1
401360998,2022-04-05,Orlando Magic,Cleveland Cavaliers,120,115,2022,5,235,1.0,False,False,2.0,False,False,same_region,0,0,0,-14.0,-2.4,-11.6,-5.8,-13.3,-3.3,-10.0,-5.0,1183,4,1
401361002,2022-04-05,Chicago Bulls,Milwaukee Bucks,106,127,2022,-21,233,2.0,False,False,4.0,False,False,same_region,0,0,0,-0.2,-12.4,12.200000000000001,6.1000000000000005,-7.4,-2.6,-4.800000000000001,-2.4000000000000004,1184,4,1
401361005,2022-04-05,Denver Nuggets,San Antonio Spurs,97,116,2022,-19,213,3.0,False,False,7.0,False,False,same_region,0,0,0,4.4,9.2,-4.799999999999999,-2.3999999999999995,1.9,4.4,-2.5000000000000004,-1.2500000000000002,1185,4,1
401361006,2022-04-05,Utah Jazz,Memphis Grizzlies,121,115,2022,6,236,4.0,False,False,5.0,False,False,same_region,0,0,0,-3.4,18.4,-21.799999999999997,-10.899999999999999,0.6,15.3,-14.700000000000001,-7.3500000000000005,1186,4,1
401361007,2022-04-05,Sacramento Kings,New Orleans Pelicans,109,123,2022,-14,232,1.0,False,False,1.0,False,False,same_region,0,0,0,-6.0,-0.4,-5.6,-2.8,-6.1,3.4,-9.5,-4.75,1187,4,1
401361003,2022-04-05,Minnesota Timberwolves,Washington Wizards,114,132,2022,-18,246,10.0,False,False,1.0,False,False,east_to_west,1,1,0,-2.2,0.4,-2.6,-1.3,2.7,-2.0,4.7,2.35,1188,4,1
401361008,2022-04-05,Phoenix Suns,Los Angeles Lakers,121,110,2022,11,231,8.0,False,False,4.0,False,False,same_region,0,0,0,-1.0,-10.6,9.6,4.8,6.7,-7.0,13.7,6.85,1189,4,1
401361004,2022-04-05,Oklahoma City Thunder,Portland Trail Blazers,98,94,2022,4,192,1.0,False,False,1.0,False,False,same_region,0,0,0,-1.8,-14.0,12.2,6.1,-2.1,-15.8,13.700000000000001,6.8500000000000005,1190,4,1
401361014,2022-04-06,LA Clippers,Phoenix Suns,113,109,2022,4,222,2.0,False,False,2.0,False,False,same_region,0,0,0,5.8,-0.8,6.6,3.3,-2.0,6.2,-8.2,-4.1,1191,4,1
401361013,2022-04-06,Utah Jazz,Oklahoma City Thunder,137,101,2022,36,238,0.0,True,False,8.0,False,False,same_region,0,0,0,-1.0,0.2,-1.2,-0.6,-0.3,-1.5,1.2,0.6,1192,4,1
401361012,2022-04-06,Chicago Bulls,Boston Celtics,94,117,2022,-23,211,0.0,True,False,8.0,False,False,same_region,0,0,0,-5.2,11.6,-16.8,-8.4,-8.0,16.6,-24.6,-12.3,1193,4,1
401361011,2022-04-06,Atlanta Hawks,Washington Wizards,118,103,2022,15,221,3.0,False,False,0.0,True,True,same_region,0,0,0,9.6,2.4,7.199999999999999,3.5999999999999996,5.4,0.1,5.300000000000001,2.6500000000000004,1194,4,1
401361010,2022-04-06,New York Knicks,Brooklyn Nets,98,110,2022,-12,208,3.0,False,False,3.0,False,False,same_region,0,0,0,1.6,0.6,1.0,0.5,1.3,1.7,-0.3999999999999999,-0.19999999999999996,1195,4,1
401361009,2022-04-06,Detroit Pistons,Dallas Mavericks,113,131,2022,-18,244,5.0,False,False,2.0,False,False,west_to_east,1,0,1,2.4,2.8,-0.3999999999999999,-0.19999999999999996,3.6,-1.7,5.3,2.65,1196,4,1
401361016,2022-04-07,Toronto Raptors,Philadelphia 76ers,119,114,2022,5,233,1.0,False,False,1.0,False,False,same_region,0,0,0,8.8,6.6,2.200000000000001,1.1000000000000005,8.3,5.5,2.8000000000000007,1.4000000000000004,1197,4,1
401361015,2022-04-07,Charlotte Hornets,Orlando Magic,128,101,2022,27,229,9.0,False,False,7.0,False,False,same_region,0,0,0,-8.6,-12.2,3.5999999999999996,1.7999999999999998,-1.8,-8.6,6.8,3.4,1198,4,1
401361018,2022-04-07,Minnesota Timberwolves,San Antonio Spurs,127,121,2022,6,248,1.0,False,False,1.0,False,False,same_region,0,0,0,-10.0,12.2,-22.2,-11.1,-0.1,7.3,-7.3999999999999995,-3.6999999999999997,1199,4,1
401361017,2022-04-07,Milwaukee Bucks,Boston Celtics,127,121,2022,6,248,3.0,False,False,0.0,True,False,same_region,0,0,0,-3.2,11.8,-15.0,-7.5,-1.1,16.7,-17.8,-8.9,1200,4,1
401361020,2022-04-07,Denver Nuggets,Memphis Grizzlies,122,109,2022,13,231,1.0,False,False,1.0,False,False,same_region,0,0,0,-0.6,11.2,-11.799999999999999,-5.8999999999999995,-1.8,14.0,-15.8,-7.9,1201,4,1
401361019,2022-04-07,New Orleans Pelicans,Portland Trail Blazers,127,94,2022,33,221,10.0,False,False,1.0,False,False,same_region,0,0,0,3.2,-11.4,14.600000000000001,7.300000000000001,6.4,-15.7,22.1,11.05,1202,4,1
401361021,2022-04-07,Golden State Warriors,Los Angeles Lakers,128,112,2022,16,240,4.0,False,False,1.0,False,False,same_region,0,0,0,-3.4,-11.2,7.799999999999999,3.8999999999999995,-4.2,-6.1,1.8999999999999995,0.9499999999999997,1203,4,1
401361030,2022-04-08,Los Angeles Lakers,Oklahoma City Thunder,120,101,2022,19,221,4.0,False,False,1.0,False,False,same_region,0,0,0,-10.8,-7.6,-3.200000000000001,-1.6000000000000005,-8.2,-3.9,-4.299999999999999,-2.1499999999999995,1204,4,1
401361022,2022-04-08,Detroit Pistons,Milwaukee Bucks,101,131,2022,-30,232,1.0,False,False,2.0,False,False,same_region,0,0,0,-0.8,-2.4,1.5999999999999999,0.7999999999999999,0.4,-1.4,1.7999999999999998,0.8999999999999999,1205,4,1
401361023,2022-04-08,Washington Wizards,New York Knicks,92,114,2022,-22,206,6.0,False,False,4.0,False,False,same_region,0,0,0,2.0,-1.2,3.2,1.6,-2.2,-0.2,-2.0,-1.0,1206,4,1
401361025,2022-04-08,Toronto Raptors,Houston Rockets,117,115,2022,2,232,0.0,True,True,2.0,False,False,west_to_east,1,0,1,9.2,-6.2,15.399999999999999,7.699999999999999,9.3,-2.0,11.3,5.65,1207,4,1
401361026,2022-04-08,Miami Heat,Atlanta Hawks,113,109,2022,4,222,2.0,False,False,2.0,False,False,same_region,0,0,0,16.6,10.8,5.800000000000001,2.9000000000000004,5.1,5.4,-0.3000000000000007,-0.15000000000000036,1208,4,1
401361027,2022-04-08,Chicago Bulls,Charlotte Hornets,117,133,2022,-16,250,1.0,False,True,2.0,False,False,same_region,0,0,0,-8.8,-5.0,-3.8000000000000007,-1.9000000000000004,-7.6,-0.1,-7.5,-3.75,1209,4,1
401361028,2022-04-08,Dallas Mavericks,Portland Trail Blazers,128,78,2022,50,206,9.0,False,False,0.0,True,True,same_region,0,0,0,3.6,-17.4,21.0,10.5,1.1,-15.9,17.0,8.5,1210,4,1
401361029,2022-04-08,Utah Jazz,Phoenix Suns,105,111,2022,-6,216,1.0,False,True,1.0,False,False,same_region,0,0,0,9.0,-3.6,12.6,6.3,0.4,4.1,-3.6999999999999997,-1.8499999999999999,1211,4,1
401361024,2022-04-08,Brooklyn Nets,Cleveland Cavaliers,118,107,2022,11,225,2.0,False,False,2.0,False,False,same_region,0,0,0,4.8,-4.6,9.399999999999999,4.699999999999999,3.1,-4.1,7.199999999999999,3.5999999999999996,1212,4,1
401361031,2022-04-09,LA Clippers,Sacramento Kings,117,98,2022,19,215,2.0,False,False,7.0,False,False,same_region,0,0,0,11.6,-9.6,21.2,10.6,-2.0,-8.4,6.4,3.2,1213,4,1
401361034,2022-04-09,San Antonio Spurs,Golden State Warriors,94,100,2022,-6,194,5.0,False,False,5.0,False,False,same_region,0,0,0,10.4,1.4,9.0,4.5,6.5,-0.4,6.9,3.45,1214,4,1
401361032,2022-04-09,Memphis Grizzlies,New Orleans Pelicans,141,114,2022,27,255,7.0,False,False,3.0,False,False,same_region,0,0,0,3.6,8.2,-4.6,-2.3,9.4,6.4,3.0,1.5,1215,4,1
401361033,2022-04-09,Philadelphia 76ers,Indiana Pacers,133,120,2022,13,253,6.0,False,False,7.0,False,False,same_region,0,0,0,6.0,-6.8,12.8,6.4,5.5,-7.1,12.6,6.3,1216,4,1
401361037,2022-04-10,Cleveland Cavaliers,Milwaukee Bucks,133,115,2022,18,248,6.0,False,False,1.0,False,False,same_region,0,0,0,-5.2,3.4,-8.6,-4.3,-5.6,3.5,-9.1,-4.55,1217,4,1
401361040,2022-04-10,Houston Rockets,Atlanta Hawks,114,130,2022,-16,244,6.0,False,False,1.0,False,False,east_to_west,1,1,0,-6.0,6.4,-12.4,-6.2,0.2,5.5,-5.3,-2.65,1218,4,1
401361042,2022-04-10,Memphis Grizzlies,Boston Celtics,110,139,2022,-29,249,0.0,True,False,2.0,False,False,east_to_west,1,1,0,3.4,11.2,-7.799999999999999,-3.8999999999999995,13.6,13.2,0.40000000000000036,0.20000000000000018,1219,4,1
401361036,2022-04-10,Charlotte Hornets,Washington Wizards,124,108,2022,16,232,2.0,False,False,3.0,False,False,same_region,0,0,0,-1.0,-5.8,4.8,2.4,-0.6,-2.6,2.0,1.0,1220,4,1
401361035,2022-04-10,Brooklyn Nets,Indiana Pacers,134,126,2022,8,260,1.0,False,False,0.0,True,False,same_region,0,0,0,5.6,-7.6,13.2,6.6,3.7,-8.7,12.399999999999999,6.199999999999999,1221,4,1
401361045,2022-04-10,New York Knicks,Toronto Raptors,105,94,2022,11,199,3.0,False,False,8.0,False,False,same_region,0,0,0,2.2,5.0,-2.8,-1.4,3.5,9.0,-5.5,-2.75,1222,4,1
401361038,2022-04-10,Dallas Mavericks,San Antonio Spurs,130,120,2022,10,250,1.0,False,False,2.0,False,False,same_region,0,0,0,10.0,9.4,0.5999999999999996,0.2999999999999998,8.2,9.2,-1.0,-0.5,1223,4,1
401361046,2022-04-10,Orlando Magic,Miami Heat,125,111,2022,14,236,4.0,False,False,6.0,False,False,same_region,0,0,0,-16.4,12.8,-29.2,-14.6,-9.9,4.3,-14.2,-7.1,1224,4,1
401361039,2022-04-10,Denver Nuggets,Los Angeles Lakers,141,146,2022,-5,287,2.0,False,False,2.0,False,False,same_region,0,0,0,1.2,-4.4,5.6000000000000005,2.8000000000000003,-0.2,-5.5,5.3,2.65,1225,4,1
401361043,2022-04-10,Minnesota Timberwolves,Chicago Bulls,120,124,2022,-4,244,2.0,False,False,11.0,False,False,east_to_west,1,1,0,-4.4,-14.6,10.2,5.1,-1.5,-10.6,9.1,4.55,1226,4,1
401361047,2022-04-10,Philadelphia 76ers,Detroit Pistons,118,106,2022,12,224,0.0,True,False,6.0,False,False,same_region,0,0,0,10.2,-5.4,15.6,7.8,6.1,-2.2,8.3,4.15,1227,4,1
401361049,2022-04-10,Portland Trail Blazers,Utah Jazz,80,111,2022,-31,191,10.0,False,False,7.0,False,False,same_region,0,0,0,-25.4,9.0,-34.4,-17.2,-21.3,-1.7,-19.6,-9.8,1228,4,1
401361041,2022-04-10,LA Clippers,Oklahoma City Thunder,138,88,2022,50,226,0.0,True,False,1.0,False,False,same_region,0,0,0,14.2,-7.8,22.0,11.0,0.8,-5.3,6.1,3.05,1229,4,1
401361044,2022-04-10,New Orleans Pelicans,Golden State Warriors,107,128,2022,-21,235,2.0,False,False,0.0,True,False,same_region,0,0,0,0.8,8.2,-7.3999999999999995,-3.6999999999999997,3.2,0.4,2.8000000000000003,1.4000000000000001,1230,4,1
401361048,2022-04-10,Phoenix Suns,Sacramento Kings,109,116,2022,-7,225,4.0,False,False,0.0,True,False,same_region,0,0,0,-3.2,-8.8,5.6000000000000005,2.8000000000000003,2.0,-9.4,11.4,5.7,1231,4,1
401428071,2022-04-12,Minnesota Timberwolves,LA Clippers,109,104,2022,5,213,1.0,False,False,10.0,False,False,same_region,0,0,0,-0.6,25.2,-25.8,-12.9,-3.8,6.1,-9.899999999999999,-4.949999999999999,1232,4,1
401428070,2022-04-12,Brooklyn Nets,Cleveland Cavaliers,115,108,2022,7,223,1.0,False,False,3.0,False,False,same_region,0,0,0,7.4,3.2,4.2,2.1,3.7,-2.7,6.4,3.2,1233,4,1
401428073,2022-04-13,New Orleans Pelicans,San Antonio Spurs,113,103,2022,10,216,2.0,False,False,2.0,False,False,same_region,0,0,0,-4.0,3.6,-7.6,-3.8,1.4,8.0,-6.6,-3.3,1234,4,1
401428072,2022-04-13,Atlanta Hawks,Charlotte Hornets,132,103,2022,29,235,6.0,False,False,4.0,False,False,same_region,0,0,0,4.8,0.0,4.8,2.4,6.5,0.7,5.8,2.9,1235,4,1
401428075,2022-04-15,LA Clippers,New Orleans Pelicans,101,105,2022,-4,206,4.0,False,False,5.0,False,False,same_region,0,0,0,17.4,1.8,15.599999999999998,7.799999999999999,8.5,0.7,7.8,3.9,1236,4,1
401428074,2022-04-15,Cleveland Cavaliers,Atlanta Hawks,101,107,2022,-6,208,4.0,False,False,4.0,False,False,same_region,0,0,0,-1.8,9.2,-11.0,-5.5,-2.1,11.5,-13.6,-6.8,1237,4,1
401429873,2022-04-16,Memphis Grizzlies,Minnesota Timberwolves,117,130,2022,-13,247,5.0,False,False,12.0,False,False,same_region,0,0,0,-2.6,-0.8,-1.8,-0.9,8.3,-3.1,11.4,5.7,1238,4,1
401429872,2022-04-16,Dallas Mavericks,Utah Jazz,93,99,2022,-6,192,5.0,False,False,5.0,False,False,same_region,0,0,0,10.4,12.6,-2.1999999999999993,-1.0999999999999996,9.0,2.2,6.8,3.4,1239,4,1
401429875,2022-04-16,Golden State Warriors,Denver Nuggets,123,107,2022,16,230,8.0,False,False,12.0,False,False,same_region,0,0,0,13.2,-1.2,14.399999999999999,7.199999999999999,2.9,1.3,1.5999999999999999,0.7999999999999999,1240,4,1
401429874,2022-04-16,Philadelphia 76ers,Toronto Raptors,131,111,2022,20,242,5.0,False,False,5.0,False,False,same_region,0,0,0,6.6,0.2,6.3999999999999995,3.1999999999999997,6.8,9.3,-2.500000000000001,-1.2500000000000004,1241,4,1
401429891,2022-04-17,Miami Heat,Atlanta Hawks,115,91,2022,24,206,8.0,False,False,1.0,False,False,same_region,0,0,0,8.4,12.4,-4.0,-2.0,3.6,11.0,-7.4,-3.7,1242,4,1
401429890,2022-04-17,Boston Celtics,Brooklyn Nets,115,114,2022,1,229,13.0,False,False,10.0,False,False,same_region,0,0,0,18.6,10.2,8.400000000000002,4.200000000000001,14.1,5.6,8.5,4.25,1243,4,1
401429892,2022-04-17,Milwaukee Bucks,Chicago Bulls,93,86,2022,7,179,9.0,False,False,6.0,False,False,same_region,0,0,0,6.6,-14.8,21.4,10.7,-1.1,-7.4,6.300000000000001,3.1500000000000004,1244,4,1
401429893,2022-04-17,Phoenix Suns,New Orleans Pelicans,110,99,2022,11,209,6.0,False,False,1.0,False,False,same_region,0,0,0,-3.0,-0.2,-2.8,-1.4,1.0,1.5,-0.5,-0.25,1245,4,1
401430232,2022-04-18,Dallas Mavericks,Utah Jazz,110,104,2022,6,214,1.0,False,False,1.0,False,False,same_region,0,0,0,15.6,14.6,1.0,0.5,6.5,5.6,0.9000000000000004,0.4500000000000002,1246,4,1
401430247,2022-04-18,Golden State Warriors,Denver Nuggets,126,106,2022,20,232,1.0,False,False,1.0,False,False,same_region,0,0,0,15.6,-3.2,18.8,9.4,3.1,-1.5,4.6,2.3,1247,4,1
401430233,2022-04-18,Philadelphia 76ers,Toronto Raptors,112,97,2022,15,209,1.0,False,False,1.0,False,False,same_region,0,0,0,9.8,-2.8,12.600000000000001,6.300000000000001,6.3,6.0,0.2999999999999998,0.1499999999999999,1248,4,1
401430222,2022-04-19,Phoenix Suns,New Orleans Pelicans,114,125,2022,-11,239,1.0,False,False,1.0,False,False,same_region,0,0,0,3.4,-9.0,12.4,6.2,1.2,-0.4,1.6,0.8,1249,4,1
401430223,2022-04-19,Memphis Grizzlies,Minnesota Timberwolves,124,96,2022,28,220,2.0,False,False,2.0,False,False,same_region,0,0,0,-6.8,0.4,-7.2,-3.6,5.8,-0.9,6.7,3.35,1250,4,1
401430216,2022-04-19,Miami Heat,Atlanta Hawks,115,105,2022,10,220,1.0,False,False,1.0,False,False,same_region,0,0,0,9.6,4.6,5.0,2.5,7.4,7.7,-0.2999999999999998,-0.1499999999999999,1251,4,1
401430236,2022-04-20,Toronto Raptors,Philadelphia 76ers,101,104,2022,-3,205,11.0,False,False,12.0,False,False,same_region,0,0,0,-7.8,11.0,-18.8,-9.4,0.5,8.8,-8.3,-4.15,1252,4,1
401430210,2022-04-20,Boston Celtics,Brooklyn Nets,114,107,2022,7,221,2.0,False,False,2.0,False,False,same_region,0,0,0,17.8,7.4,10.4,5.2,13.3,4.0,9.3,4.65,1253,4,1
401430246,2022-04-20,Milwaukee Bucks,Chicago Bulls,110,114,2022,-4,224,2.0,False,False,2.0,False,False,same_region,0,0,0,9.2,-12.6,21.799999999999997,10.899999999999999,-1.6,-6.4,4.800000000000001,2.4000000000000004,1254,4,1
401430227,2022-04-21,Minnesota Timberwolves,Memphis Grizzlies,95,104,2022,-9,199,8.0,False,False,13.0,False,False,same_region,0,0,0,-1.6,0.0,-1.6,-0.8,-5.8,5.6,-11.399999999999999,-5.699999999999999,1255,4,1
401430250,2022-04-21,Denver Nuggets,Golden State Warriors,113,118,2022,-5,231,10.0,False,False,10.0,False,False,same_region,0,0,0,-9.4,15.8,-25.200000000000003,-12.600000000000001,-2.5,6.2,-8.7,-4.35,1256,4,1
401430235,2022-04-21,Utah Jazz,Dallas Mavericks,118,126,2022,-8,244,12.0,False,False,14.0,False,False,same_region,0,0,0,12.2,15.6,-3.4000000000000004,-1.7000000000000002,5.6,9.2,-3.5999999999999996,-1.7999999999999998,1257,4,1
401430248,2022-04-22,Chicago Bulls,Milwaukee Bucks,81,111,2022,-30,192,13.0,False,False,11.0,False,False,same_region,0,0,0,-7.6,4.2,-11.8,-5.9,-6.4,0.5,-6.9,-3.45,1258,4,1
401430217,2022-04-22,Atlanta Hawks,Miami Heat,111,110,2022,1,221,8.0,False,False,11.0,False,False,same_region,0,0,0,3.4,10.6,-7.199999999999999,-3.5999999999999996,4.9,9.2,-4.299999999999999,-2.1499999999999995,1259,4,1
401430224,2022-04-22,New Orleans Pelicans,Phoenix Suns,111,114,2022,-3,225,8.0,False,False,13.0,False,False,same_region,0,0,0,-1.4,-1.0,-0.3999999999999999,-0.19999999999999996,-0.3,-0.9,0.6000000000000001,0.30000000000000004,1260,4,1
401430211,2022-04-23,Brooklyn Nets,Boston Celtics,103,109,2022,-6,212,10.0,False,False,12.0,False,False,same_region,0,0,0,3.6,10.8,-7.200000000000001,-3.6000000000000005,4.2,11.2,-6.999999999999999,-3.4999999999999996,1261,4,1
401430230,2022-04-23,Minnesota Timberwolves,Memphis Grizzlies,119,118,2022,1,237,1.0,False,False,1.0,False,False,same_region,0,0,0,-4.6,4.4,-9.0,-4.5,-4.5,4.0,-8.5,-4.25,1262,4,1
401430240,2022-04-23,Toronto Raptors,Philadelphia 76ers,110,102,2022,8,212,2.0,False,False,2.0,False,False,same_region,0,0,0,-9.4,12.6,-22.0,-11.0,-0.1,9.3,-9.4,-4.7,1263,4,1
401430237,2022-04-23,Utah Jazz,Dallas Mavericks,100,99,2022,1,199,1.0,False,False,1.0,False,False,same_region,0,0,0,3.4,13.6,-10.2,-5.1,6.2,8.6,-2.3999999999999995,-1.1999999999999997,1264,4,1
401430249,2022-04-24,Chicago Bulls,Milwaukee Bucks,95,119,2022,-24,214,1.0,False,False,1.0,False,False,same_region,0,0,0,-9.0,9.0,-18.0,-9.0,-8.9,3.3,-12.2,-6.1,1265,4,1
401430218,2022-04-24,Atlanta Hawks,Miami Heat,86,110,2022,-24,196,1.0,False,False,1.0,False,False,same_region,0,0,0,0.4,4.6,-4.199999999999999,-2.0999999999999996,2.6,10.6,-8.0,-4.0,1266,4,1
401430225,2022-04-24,New Orleans Pelicans,Phoenix Suns,118,103,2022,15,221,1.0,False,False,1.0,False,False,same_region,0,0,0,2.2,0.4,1.8000000000000003,0.9000000000000001,-0.9,-1.6,0.7000000000000001,0.35000000000000003,1267,4,1
401430253,2022-04-24,Denver Nuggets,Golden State Warriors,126,121,2022,5,247,2.0,False,False,2.0,False,False,same_region,0,0,0,-6.6,13.6,-20.2,-10.1,-3.6,7.5,-11.1,-5.55,1268,4,1
401430243,2022-04-25,Philadelphia 76ers,Toronto Raptors,88,103,2022,-15,191,6.0,False,False,6.0,False,False,same_region,0,0,0,8.4,-8.2,16.6,8.3,9.3,-1.6,10.9,5.45,1269,4,1
401430212,2022-04-25,Brooklyn Nets,Boston Celtics,112,116,2022,-4,228,1.0,False,False,1.0,False,False,same_region,0,0,0,0.2,7.4,-7.2,-3.6,2.9,9.6,-6.699999999999999,-3.3499999999999996,1270,4,1
401430239,2022-04-25,Dallas Mavericks,Utah Jazz,102,77,2022,25,179,6.0,False,False,6.0,False,False,same_region,0,0,0,3.4,4.8,-1.4,-0.7,6.7,6.9,-0.20000000000000018,-0.10000000000000009,1271,4,1
401430231,2022-04-26,Memphis Grizzlies,Minnesota Timberwolves,111,109,2022,2,220,6.0,False,False,6.0,False,False,same_region,0,0,0,-1.2,-3.6,2.4000000000000004,1.2000000000000002,1.1,-2.1,3.2,1.6,1272,4,1
401430219,2022-04-26,Miami Heat,Atlanta Hawks,97,94,2022,3,191,6.0,False,False,6.0,False,False,same_region,0,0,0,8.6,-10.2,18.799999999999997,9.399999999999999,10.7,-0.5,11.2,5.6,1273,4,1
401430226,2022-04-26,Phoenix Suns,New Orleans Pelicans,112,97,2022,15,209,6.0,False,False,6.0,False,False,same_region,0,0,0,-3.8,3.2,-7.0,-3.5,-3.5,2.5,-6.0,-3.0,1274,4,1
401430251,2022-04-27,Milwaukee Bucks,Chicago Bulls,116,100,2022,16,216,6.0,False,False,6.0,False,False,same_region,0,0,0,7.8,-10.6,18.4,9.2,5.6,-12.6,18.2,9.1,1275,4,1
401430255,2022-04-27,Golden State Warriors,Denver Nuggets,102,98,2022,4,200,8.0,False,False,8.0,False,False,same_region,0,0,0,11.4,-8.2,19.6,9.8,9.8,-3.5,13.3,6.65,1276,4,1
401430228,2022-04-28,New Orleans Pelicans,Phoenix Suns,109,115,2022,-6,224,3.0,False,False,3.0,False,False,same_region,0,0,0,-0.6,0.6,-1.2,-0.6,-0.4,-1.2,0.7999999999999999,0.39999999999999997,1277,4,1
401430244,2022-04-28,Toronto Raptors,Philadelphia 76ers,97,132,2022,-35,229,4.0,False,False,4.0,False,False,same_region,0,0,0,-3.0,3.0,-6.0,-3.0,-1.4,4.8,-6.199999999999999,-3.0999999999999996,1278,4,1
401430241,2022-04-28,Utah Jazz,Dallas Mavericks,96,98,2022,-2,194,4.0,False,False,4.0,False,False,same_region,0,0,0,-6.4,6.4,-12.8,-6.4,3.1,8.4,-5.300000000000001,-2.6500000000000004,1279,4,1
401430234,2022-04-29,Minnesota Timberwolves,Memphis Grizzlies,106,114,2022,-8,220,5.0,False,False,5.0,False,False,same_region,0,0,0,-5.0,5.0,-10.0,-5.0,-2.9,1.2,-4.1,-2.05,1280,4,1
401434770,2022-05-01,Memphis Grizzlies,Golden State Warriors,116,117,2022,-1,233,4.0,False,False,6.0,False,False,same_region,0,0,0,9.2,8.0,1.1999999999999993,0.5999999999999996,1.2,10.6,-9.4,-4.7,1281,5,1
401433610,2022-05-01,Boston Celtics,Milwaukee Bucks,89,101,2022,-12,190,10.0,False,False,6.0,False,False,same_region,0,0,0,9.4,14.6,-5.199999999999999,-2.5999999999999996,10.3,10.6,-0.29999999999999893,-0.14999999999999947,1282,5,1
401434070,2022-05-02,Phoenix Suns,Dallas Mavericks,121,114,2022,7,235,5.0,False,False,3.0,False,False,same_region,0,0,0,-0.4,8.0,-8.4,-4.2,1.5,11.8,-10.3,-5.15,1283,5,1
401434050,2022-05-02,Miami Heat,Philadelphia 76ers,106,92,2022,14,198,5.0,False,False,3.0,False,False,same_region,0,0,0,12.0,6.0,6.0,3.0,10.2,7.9,2.299999999999999,1.1499999999999995,1284,5,1
401434771,2022-05-03,Memphis Grizzlies,Golden State Warriors,106,101,2022,5,207,1.0,False,False,1.0,False,False,same_region,0,0,0,3.4,5.0,-1.6,-0.8,1.7,10.3,-8.600000000000001,-4.300000000000001,1285,5,1
401433611,2022-05-03,Boston Celtics,Milwaukee Bucks,109,86,2022,23,195,1.0,False,False,1.0,False,False,same_region,0,0,0,1.2,15.6,-14.4,-7.2,9.9,12.4,-2.5,-1.25,1286,5,1
401434110,2022-05-04,Phoenix Suns,Dallas Mavericks,129,109,2022,20,238,1.0,False,False,1.0,False,False,same_region,0,0,0,3.2,5.4,-2.2,-1.1,1.1,10.5,-9.4,-4.7,1287,5,1
401434051,2022-05-04,Miami Heat,Philadelphia 76ers,119,103,2022,16,222,1.0,False,False,1.0,False,False,same_region,0,0,0,10.0,0.2,9.8,4.9,9.8,5.6,4.200000000000001,2.1000000000000005,1288,5,1
401434111,2022-05-06,Dallas Mavericks,Phoenix Suns,103,94,2022,9,197,10.0,False,False,7.0,False,False,same_region,0,0,0,-0.2,6.6,-6.8,-3.4,6.7,3.5,3.2,1.6,1289,5,1
401434052,2022-05-06,Philadelphia 76ers,Miami Heat,99,79,2022,20,178,10.0,False,False,11.0,False,False,same_region,0,0,0,-3.6,11.2,-14.799999999999999,-7.3999999999999995,4.5,10.9,-6.4,-3.2,1290,5,1
401434772,2022-05-07,Golden State Warriors,Memphis Grizzlies,142,112,2022,30,254,9.0,False,False,7.0,False,False,same_region,0,0,0,0.0,2.6,-2.6,-1.3,7.9,3.5,4.4,2.2,1291,5,1
401433612,2022-05-07,Milwaukee Bucks,Boston Celtics,103,101,2022,2,204,9.0,False,False,11.0,False,False,same_region,0,0,0,11.8,5.6,6.200000000000001,3.1000000000000005,8.0,11.7,-3.6999999999999993,-1.8499999999999996,1292,5,1
401434053,2022-05-08,Philadelphia 76ers,Miami Heat,116,108,2022,8,224,1.0,False,False,1.0,False,False,same_region,0,0,0,2.0,7.4,-5.4,-2.7,5.2,6.0,-0.7999999999999998,-0.3999999999999999,1293,5,1
401434112,2022-05-08,Dallas Mavericks,Phoenix Suns,111,101,2022,10,212,1.0,False,False,1.0,False,False,same_region,0,0,0,1.8,7.8,-6.0,-3.0,2.6,2.0,0.6000000000000001,0.30000000000000004,1294,5,1
401433613,2022-05-09,Milwaukee Bucks,Boston Celtics,108,116,2022,-8,224,1.0,False,False,1.0,False,False,same_region,0,0,0,6.2,3.8,2.4000000000000004,1.2000000000000002,7.6,7.3,0.2999999999999998,0.1499999999999999,1295,5,1
401434773,2022-05-09,Golden State Warriors,Memphis Grizzlies,101,98,2022,3,199,1.0,False,False,1.0,False,False,same_region,0,0,0,5.0,-3.2,8.2,4.1,9.3,-2.2,11.5,5.75,1296,5,1
401434054,2022-05-10,Miami Heat,Philadelphia 76ers,120,85,2022,35,205,5.0,False,False,5.0,False,False,same_region,0,0,0,1.0,6.6,-5.6,-2.8,4.8,4.8,0.0,0.0,1297,5,1
401434113,2022-05-10,Phoenix Suns,Dallas Mavericks,110,80,2022,30,190,5.0,False,False,5.0,False,False,same_region,0,0,0,2.8,-1.2,4.0,2.0,1.7,2.6,-0.9000000000000001,-0.45000000000000007,1298,5,1
401434774,2022-05-11,Memphis Grizzlies,Golden State Warriors,134,95,2022,39,229,7.0,False,False,7.0,False,False,same_region,0,0,0,-4.2,6.6,-10.8,-5.4,0.4,9.0,-8.6,-4.3,1299,5,1
401433614,2022-05-11,Boston Celtics,Milwaukee Bucks,107,110,2022,-3,217,7.0,False,False,7.0,False,False,same_region,0,0,0,4.2,-0.2,4.4,2.2,5.8,3.8,2.0,1.0,1300,5,1
401434114,2022-05-12,Dallas Mavericks,Phoenix Suns,113,86,2022,27,199,3.0,False,False,3.0,False,False,same_region,0,0,0,-7.6,7.6,-15.2,-7.6,0.2,3.6,-3.4,-1.7,1301,5,1
401434055,2022-05-12,Philadelphia 76ers,Miami Heat,90,99,2022,-9,189,3.0,False,False,3.0,False,False,same_region,0,0,0,-7.4,7.4,-14.8,-7.4,-0.7,9.7,-10.399999999999999,-5.199999999999999,1302,5,1
401434775,2022-05-13,Golden State Warriors,Memphis Grizzlies,110,96,2022,14,206,3.0,False,False,3.0,False,False,same_region,0,0,0,-2.0,2.0,-4.0,-2.0,3.0,5.6,-2.5999999999999996,-1.2999999999999998,1303,5,1
401433615,2022-05-13,Milwaukee Bucks,Boston Celtics,95,108,2022,-13,203,3.0,False,False,3.0,False,False,same_region,0,0,0,-2.8,2.8,-5.6,-2.8,5.9,6.1,-0.1999999999999993,-0.09999999999999964,1304,5,1
401433616,2022-05-15,Boston Celtics,Milwaukee Bucks,109,81,2022,28,190,3.0,False,False,3.0,False,False,same_region,0,0,0,7.8,-7.8,15.6,7.8,4.5,3.9,0.6000000000000001,0.30000000000000004,1305,5,1
401434115,2022-05-15,Phoenix Suns,Dallas Mavericks,90,123,2022,-33,213,4.0,False,False,4.0,False,False,same_region,0,0,0,0.8,-0.8,1.6,0.8,2.0,2.3,-0.2999999999999998,-0.1499999999999999,1306,5,1
401438130,2022-05-17,Miami Heat,Boston Celtics,118,107,2022,11,225,6.0,False,False,3.0,False,False,same_region,0,0,0,6.4,8.8,-2.4000000000000004,-1.2000000000000002,8.2,7.2,0.9999999999999991,0.49999999999999956,1307,5,1
401438944,2022-05-18,Golden State Warriors,Dallas Mavericks,112,87,2022,25,199,4.0,False,False,2.0,False,False,same_region,0,0,0,0.6,9.8,-9.200000000000001,-4.6000000000000005,2.8,4.8,-2.0,-1.0,1308,5,1
401438131,2022-05-19,Miami Heat,Boston Celtics,102,127,2022,-25,229,1.0,False,False,1.0,False,False,same_region,0,0,0,5.4,7.0,-1.5999999999999996,-0.7999999999999998,8.3,5.4,2.9000000000000004,1.4500000000000002,1309,5,1
401438945,2022-05-20,Golden State Warriors,Dallas Mavericks,126,117,2022,9,243,1.0,False,False,1.0,False,False,same_region,0,0,0,6.6,3.0,3.5999999999999996,1.7999999999999998,3.3,2.4,0.8999999999999999,0.44999999999999996,1310,5,1
401438132,2022-05-21,Boston Celtics,Miami Heat,103,109,2022,-6,212,5.0,False,False,8.0,False,False,same_region,0,0,0,10.4,4.4,6.0,3.0,7.3,5.9,1.3999999999999995,0.6999999999999997,1311,5,1
401438946,2022-05-22,Dallas Mavericks,Golden State Warriors,100,109,2022,-9,209,9.0,False,False,10.0,False,False,same_region,0,0,0,-0.8,2.4,-3.2,-1.6,-1.0,3.7,-4.7,-2.35,1312,5,1
401438133,2022-05-23,Boston Celtics,Miami Heat,102,82,2022,20,184,1.0,False,False,1.0,False,False,same_region,0,0,0,9.8,7.2,2.6000000000000005,1.3000000000000003,6.3,4.1,2.2,1.1,1313,5,1
401438947,2022-05-24,Dallas Mavericks,Golden State Warriors,119,109,2022,10,228,1.0,False,False,1.0,False,False,same_region,0,0,0,3.4,3.6,-0.20000000000000018,-0.10000000000000009,-2.1,5.1,-7.199999999999999,-3.5999999999999996,1314,5,1
401438134,2022-05-25,Miami Heat,Boston Celtics,80,93,2022,-13,173,5.0,False,False,5.0,False,False,same_region,0,0,0,-3.8,11.2,-15.0,-7.5,1.8,9.5,-7.7,-3.85,1315,5,1
401438948,2022-05-26,Golden State Warriors,Dallas Mavericks,120,110,2022,10,230,5.0,False,False,5.0,False,False,same_region,0,0,0,9.4,0.0,9.4,4.7,3.7,-0.4,4.1000000000000005,2.0500000000000003,1316,5,1
401438135,2022-05-27,Boston Celtics,Miami Heat,103,111,2022,-8,214,3.0,False,False,3.0,False,False,same_region,0,0,0,8.2,-8.2,16.4,8.2,8.5,-0.9,9.4,4.7,1317,5,1
401438136,2022-05-29,Miami Heat,Boston Celtics,96,100,2022,-4,196,3.0,False,False,3.0,False,False,same_region,0,0,0,-8.8,8.8,-17.6,-8.8,-1.7,7.9,-9.6,-4.8,1318,5,1
401442530,2022-06-02,Golden State Warriors,Boston Celtics,108,120,2022,-12,228,6.0,False,False,3.0,False,False,east_to_west,1,1,0,8.6,4.6,4.0,2.0,4.6,7.5,-2.9000000000000004,-1.4500000000000002,1319,6,1
401442531,2022-06-05,Golden State Warriors,Boston Celtics,107,88,2022,19,195,2.0,False,False,2.0,False,False,east_to_west,1,1,0,1.2,8.2,-6.999999999999999,-3.4999999999999996,3.9,9.0,-5.1,-2.55,1320,6,1
401442532,2022-06-08,Boston Celtics,Golden State Warriors,116,100,2022,16,216,11.0,False,False,14.0,False,False,west_to_east,1,0,1,0.4,3.2,-2.8000000000000003,-1.4000000000000001,5.8,2.8,3.0,1.5,1321,6,1
401442533,2022-06-10,Boston Celtics,Golden State Warriors,97,107,2022,-10,204,1.0,False,False,1.0,False,False,west_to_east,1,0,1,1.0,-1.8,2.8,1.4,4.6,0.9,3.6999999999999997,1.8499999999999999,1322,6,1
401442534,2022-06-13,Golden State Warriors,Boston Celtics,104,94,2022,10,198,7.0,False,False,7.0,False,False,east_to_west,1,1,0,2.2,0.6,1.6,0.8,5.8,4.7,1.0999999999999996,0.5499999999999998,1323,6,1
401442535,2022-06-16,Boston Celtics,Golden State Warriors,90,103,2022,-13,193,5.0,False,False,5.0,False,False,west_to_east,1,0,1,-2.2,2.2,-4.4,-2.2,1.2,5.4,-4.2,-2.1,1324,6,1
