game_id,season,game_date,game_date_time,team_id,team_name,team_location,team_abbreviation,field_goals_made,field_goals_attempted,field_goal_pct,three_point_field_goals_made,three_point_field_goals_attempted,three_point_field_goal_pct,free_throws_made,free_throws_attempted,free_throw_pct,offensive_rebounds,defensive_rebounds,assists,steals,blocks,turnovers,fouls,largest_lead,team_turnovers,total_technical_fouls
401544850,2023,2023-06-12,2023-06-13 00:30:00,14,Heat,Miami,MIA,33,96,34.4,9,35,25.7,14,16,87.5,11,33,18,9,7,8,21,10,0,0
401544850,2023,2023-06-12,2023-06-13 00:30:00,7,Nuggets,Denver,DEN,38,84,45.2,5,28,17.9,13,23,56.5,11,46,21,6,7,14,13,8,1,0
401544849,2023,2023-06-09,2023-06-10 00:30:00,7,Nuggets,Denver,DEN,39,79,49.4,14,28,50.0,16,21,76.2,5,29,26,11,7,6,18,17,2,0
401544849,2023,2023-06-09,2023-06-10 00:30:00,14,Heat,Miami,MIA,35,78,44.9,8,25,32.0,17,20,85.0,8,29,23,2,3,14,19,3,1,1
401544848,2023,2023-06-07,2023-06-08 00:30:00,7,Nuggets,Denver,DEN,41,80,51.0,5,18,28.0,22,27,81.0,13,45,28,3,5,13,18,21,1,0
401544848,2023,2023-06-07,2023-06-08 00:30:00,14,Heat,Miami,MIA,34,92,37.0,11,35,31.0,15,19,79.0,10,23,20,7,3,4,22,5,0,0
401544847,2023,2023-06-04,2023-06-05 00:00:00,14,Heat,Miami,MIA,38,78,48.7,17,35,48.6,18,20,90.0,8,23,28,5,4,11,22,12,0,0
401544847,2023,2023-06-04,2023-06-05 00:00:00,7,Nuggets,Denver,DEN,39,75,52.0,11,28,39.3,19,22,86.4,9,29,23,7,2,13,21,15,1,0
401544846,2023,2023-06-01,2023-06-02 00:30:00,14,Heat,Miami,MIA,39,96,40.6,13,39,33.3,2,2,100.0,11,32,26,5,4,8,15,1,0,0
401544846,2023,2023-06-01,2023-06-02 00:30:00,7,Nuggets,Denver,DEN,40,79,50.6,8,27,29.6,16,20,80.0,6,39,29,4,4,10,8,24,0,0
401547678,2023,2023-05-29,2023-05-30 00:30:00,14,Heat,Miami,MIA,42,86,48.8,14,28,50.0,5,6,83.3,7,35,26,7,2,12,15,23,2,0
401547678,2023,2023-05-29,2023-05-30 00:30:00,2,Celtics,Boston,BOS,32,82,39.0,9,42,21.4,11,13,84.6,10,30,18,6,4,15,13,5,0,0
401547676,2023,2023-05-27,2023-05-28 00:30:00,2,Celtics,Boston,BOS,34,78,43.6,7,35,20.0,29,34,85.3,12,35,18,4,8,12,22,13,0,0
401547676,2023,2023-05-27,2023-05-28 00:30:00,14,Heat,Miami,MIA,33,93,35.5,14,30,46.7,23,29,79.3,17,30,22,5,4,5,24,3,0,1
401547675,2023,2023-05-25,2023-05-26 00:30:00,14,Heat,Miami,MIA,40,78,51.3,9,23,39.1,8,10,80.0,10,26,20,6,2,16,13,0,0,1
401547675,2023,2023-05-25,2023-05-26 00:30:00,2,Celtics,Boston,BOS,40,79,50.6,16,39,41.0,14,19,73.7,12,25,23,13,4,9,9,24,1,1
401547674,2023,2023-05-23,2023-05-24 00:30:00,2,Celtics,Boston,BOS,43,84,51.2,18,45,40.0,12,18,66.7,7,32,28,8,8,10,24,18,0,0
401547674,2023,2023-05-23,2023-05-24 00:30:00,14,Heat,Miami,MIA,34,78,43.6,8,32,25.0,23,28,82.1,12,32,18,5,2,15,18,9,1,0
401547684,2023,2023-05-22,2023-05-23 00:30:00,7,Nuggets,Denver,DEN,41,85,48.2,12,33,36.4,19,22,86.4,11,29,25,3,9,8,20,7,3,2
401547684,2023,2023-05-22,2023-05-23 00:30:00,13,Lakers,Los Angeles,LAL,40,86,46.5,8,20,40.0,23,26,88.5,8,30,20,5,4,6,19,15,0,3
401547673,2023,2023-05-21,2023-05-22 00:30:00,2,Celtics,Boston,BOS,39,98,39.8,11,42,26.2,13,17,76.5,21,36,25,3,3,15,24,3,0,1
401547673,2023,2023-05-21,2023-05-22 00:30:00,14,Heat,Miami,MIA,46,81,56.8,19,35,54.3,17,21,81.0,1,34,25,7,4,9,16,33,1,1
401547683,2023,2023-05-20,2023-05-21 00:30:00,7,Nuggets,Denver,DEN,44,88,50.0,17,41,41.5,14,19,73.7,5,34,30,7,1,5,19,14,1,0
401547683,2023,2023-05-20,2023-05-21 00:30:00,13,Lakers,Los Angeles,LAL,38,84,45.2,10,32,31.3,22,29,75.9,11,34,27,3,2,12,18,2,0,0
401547672,2023,2023-05-19,2023-05-20 00:30:00,14,Heat,Miami,MIA,42,92,45.7,9,26,34.6,18,19,94.7,11,34,23,9,5,10,17,8,1,1
401547672,2023,2023-05-19,2023-05-20 00:30:00,2,Celtics,Boston,BOS,37,79,46.8,10,35,28.6,21,24,87.5,6,29,22,2,9,15,20,12,0,1
401547682,2023,2023-05-18,2023-05-19 00:30:00,13,Lakers,Los Angeles,LAL,36,82,43.9,8,30,26.7,23,26,88.5,4,36,26,10,7,12,19,11,0,0
401547682,2023,2023-05-18,2023-05-19 00:30:00,7,Nuggets,Denver,DEN,39,89,43.8,14,38,36.8,16,18,88.9,11,38,27,8,2,15,18,12,2,1
401547671,2023,2023-05-17,2023-05-18 00:30:00,14,Heat,Miami,MIA,46,85,54.1,16,31,51.6,15,19,78.9,7,28,20,12,3,12,22,12,3,0
401547671,2023,2023-05-17,2023-05-18 00:30:00,2,Celtics,Boston,BOS,42,81,51.9,10,29,34.5,22,29,75.9,9,25,22,6,3,15,18,13,0,0
401547679,2023,2023-05-16,2023-05-17 00:30:00,13,Lakers,Los Angeles,LAL,46,84,54.8,11,24,45.8,23,26,88.5,5,25,30,6,4,7,21,2,0,0
401547679,2023,2023-05-16,2023-05-17 00:30:00,7,Nuggets,Denver,DEN,50,91,54.9,15,32,46.9,17,22,77.3,15,32,29,5,7,11,21,21,0,0
401545117,2023,2023-05-14,2023-05-14 19:30:00,20,76ers,Philadelphia,PHI,31,83,37.3,8,37,21.6,18,19,94.7,7,30,15,4,7,12,14,9,2,1
401545117,2023,2023-05-14,2023-05-14 19:30:00,2,Celtics,Boston,BOS,41,87,47.1,15,33,45.5,15,18,83.3,7,36,18,7,7,7,13,30,1,1
401544978,2023,2023-05-12,2023-05-12 23:30:00,18,Knicks,New York,NY,27,71,38.0,10,35,28.6,28,32,87.5,8,33,13,2,9,12,22,14,0,0
401544978,2023,2023-05-12,2023-05-12 23:30:00,14,Heat,Miami,MIA,33,82,40.2,7,27,25.9,23,25,92.0,7,33,25,8,2,7,22,9,0,0
401545236,2023,2023-05-12,2023-05-13 02:00:00,9,Warriors,Golden State,GS,39,103,37.9,13,48,27.1,10,14,71.4,20,33,25,3,2,10,30,0,1,1
401545236,2023,2023-05-12,2023-05-13 02:00:00,13,Lakers,Los Angeles,LAL,39,75,52.0,13,26,50.0,31,42,73.8,6,40,25,6,6,6,17,24,1,2
401545116,2023,2023-05-11,2023-05-11 23:30:00,2,Celtics,Boston,BOS,33,78,42.3,15,35,42.9,14,16,87.5,6,44,22,7,6,17,14,16,1,0
401545116,2023,2023-05-11,2023-05-11 23:30:00,20,76ers,Philadelphia,PHI,30,83,36.1,8,34,23.5,18,19,94.7,6,32,18,14,7,11,13,5,1,0
401544339,2023,2023-05-11,2023-05-12 02:00:00,7,Nuggets,Denver,DEN,44,82,53.7,8,22,36.4,29,31,93.5,7,34,24,10,3,10,22,32,1,0
401544339,2023,2023-05-11,2023-05-12 02:00:00,21,Suns,Phoenix,PHX,38,79,48.1,11,28,39.3,13,20,65.0,2,27,20,3,5,14,22,3,0,0
401544977,2023,2023-05-10,2023-05-10 23:30:00,14,Heat,Miami,MIA,37,88,42.0,13,43,30.2,16,19,84.2,11,23,27,11,4,12,30,10,0,0
401544977,2023,2023-05-10,2023-05-10 23:30:00,18,Knicks,New York,NY,35,71,49.3,13,34,38.2,29,40,72.5,14,36,23,6,4,18,19,19,1,0
401545235,2023,2023-05-10,2023-05-11 02:00:00,13,Lakers,Los Angeles,LAL,42,87,48.3,10,27,37.0,12,15,80.0,7,31,24,6,4,14,17,3,0,0
401545235,2023,2023-05-10,2023-05-11 02:00:00,9,Warriors,Golden State,GS,47,92,51.1,13,35,37.1,14,15,93.3,9,39,29,8,5,14,18,18,2,0
401545115,2023,2023-05-09,2023-05-09 23:30:00,20,76ers,Philadelphia,PHI,40,79,50.6,12,30,40.0,23,27,85.2,9,40,20,4,5,9,24,21,4,0
401545115,2023,2023-05-09,2023-05-09 23:30:00,2,Celtics,Boston,BOS,33,83,39.8,12,38,31.6,25,34,73.5,9,27,21,4,1,8,16,3,0,0
401544338,2023,2023-05-09,2023-05-10 02:00:00,21,Suns,Phoenix,PHX,38,88,43.2,9,27,33.3,17,24,70.8,8,34,22,6,7,10,22,1,0,1
401544338,2023,2023-05-09,2023-05-10 02:00:00,7,Nuggets,Denver,DEN,42,85,49.4,13,27,48.1,21,28,75.0,10,40,32,6,6,10,17,24,0,2
401544976,2023,2023-05-08,2023-05-08 23:30:00,18,Knicks,New York,NY,37,76,48.7,9,28,32.1,18,24,75.0,8,27,21,5,4,16,23,1,1,0
401544976,2023,2023-05-08,2023-05-08 23:30:00,14,Heat,Miami,MIA,40,85,47.1,13,39,33.3,16,22,72.7,13,31,28,7,4,12,21,11,1,0
401545234,2023,2023-05-08,2023-05-09 02:00:00,9,Warriors,Golden State,GS,40,86,46.5,12,41,29.3,9,12,75.0,9,31,29,9,2,16,22,12,0,0
401545234,2023,2023-05-08,2023-05-09 02:00:00,13,Lakers,Los Angeles,LAL,39,86,45.3,6,25,24.0,20,20,100.0,8,34,21,8,1,14,15,5,0,0
401545114,2023,2023-05-07,2023-05-07 19:30:00,2,Celtics,Boston,BOS,41,87,47.1,17,44,38.6,16,22,72.7,13,31,25,3,12,10,21,5,0,0
401545114,2023,2023-05-07,2023-05-07 19:30:00,20,76ers,Philadelphia,PHI,42,91,46.2,13,34,38.2,19,22,86.4,12,32,19,9,3,7,23,16,2,0
401544337,2023,2023-05-07,2023-05-08 00:00:00,7,Nuggets,Denver,DEN,50,89,56.2,7,22,31.8,17,23,73.9,10,22,28,6,2,8,19,9,1,1
401544337,2023,2023-05-07,2023-05-08 00:00:00,21,Suns,Phoenix,PHX,46,81,56.8,13,29,44.8,24,29,82.8,12,25,28,6,4,13,24,10,0,1
401544975,2023,2023-05-06,2023-05-06 19:30:00,18,Knicks,New York,NY,31,91,34.1,8,40,20.0,16,22,72.7,14,34,15,4,3,13,22,0,0,3
401544975,2023,2023-05-06,2023-05-06 19:30:00,14,Heat,Miami,MIA,35,90,38.9,7,32,21.9,28,31,90.3,13,37,17,3,5,13,25,22,1,2
401545233,2023,2023-05-06,2023-05-07 00:30:00,9,Warriors,Golden State,GS,36,91,39.6,13,44,29.5,12,17,70.6,14,28,26,5,6,19,22,11,0,3
401545233,2023,2023-05-06,2023-05-07 00:30:00,13,Lakers,Los Angeles,LAL,42,80,52.5,15,31,48.4,28,37,75.7,6,38,27,10,6,12,21,34,1,1
401545113,2023,2023-05-05,2023-05-05 23:30:00,2,Celtics,Boston,BOS,38,86,44.2,16,45,35.6,22,23,95.7,9,36,25,9,7,12,23,13,0,0
401545113,2023,2023-05-05,2023-05-05 23:30:00,20,76ers,Philadelphia,PHI,31,78,39.7,16,37,43.2,24,27,88.9,9,33,21,7,8,13,20,3,1,1
401544336,2023,2023-05-05,2023-05-06 02:00:00,7,Nuggets,Denver,DEN,43,97,44.3,10,30,33.3,18,21,85.7,16,35,27,6,5,12,21,5,1,1
401544336,2023,2023-05-05,2023-05-06 02:00:00,21,Suns,Phoenix,PHX,48,95,50.5,9,28,32.1,16,18,88.9,7,34,24,5,6,9,24,16,0,0
401545232,2023,2023-05-04,2023-05-05 01:00:00,13,Lakers,Los Angeles,LAL,40,94,42.6,10,34,29.4,10,17,58.8,9,31,27,9,3,9,15,7,0,2
401545232,2023,2023-05-04,2023-05-05 01:00:00,9,Warriors,Golden State,GS,48,95,50.5,21,42,50.0,10,16,62.5,13,42,38,2,3,15,23,32,1,0
401545112,2023,2023-05-03,2023-05-04 00:00:00,20,76ers,Philadelphia,PHI,31,79,39.2,6,30,20.0,19,23,82.6,6,35,13,2,8,11,17,2,2,1
401545112,2023,2023-05-03,2023-05-04 00:00:00,2,Celtics,Boston,BOS,43,92,46.7,20,51,39.2,15,16,93.8,8,38,26,6,8,6,17,36,1,0
401544974,2023,2023-05-02,2023-05-02 23:30:00,14,Heat,Miami,MIA,38,85,44.7,17,49,34.7,12,17,70.6,8,26,24,1,2,6,24,8,1,1
401544974,2023,2023-05-02,2023-05-02 23:30:00,18,Knicks,New York,NY,37,82,45.1,16,40,40.0,21,30,70.0,11,39,23,4,2,10,20,8,1,0
401545231,2023,2023-05-02,2023-05-03 02:00:00,13,Lakers,Los Angeles,LAL,43,92,46.7,6,25,24.0,25,29,86.2,13,40,24,4,10,8,12,14,0,0
401545231,2023,2023-05-02,2023-05-03 02:00:00,9,Warriors,Golden State,GS,43,106,40.6,21,53,39.6,5,6,83.3,14,35,30,5,3,8,24,8,0,1
401545111,2023,2023-05-01,2023-05-01 23:30:00,20,76ers,Philadelphia,PHI,45,89,50.6,17,38,44.7,12,12,100.0,8,20,17,10,4,6,20,6,2,0
401545111,2023,2023-05-01,2023-05-01 23:30:00,2,Celtics,Boston,BOS,44,75,58.7,10,26,38.5,17,18,94.4,8,30,26,3,4,16,10,12,0,0
401544335,2023,2023-05-01,2023-05-02 02:00:00,21,Suns,Phoenix,PHX,38,95,40.0,6,31,19.4,5,5,100.0,11,28,23,2,4,9,25,8,1,0
401544335,2023,2023-05-01,2023-05-02 02:00:00,7,Nuggets,Denver,DEN,36,76,47.4,7,27,25.9,18,21,85.7,5,36,19,5,6,10,16,12,3,0
401544973,2023,2023-04-30,2023-04-30 17:00:00,14,Heat,Miami,MIA,36,85,42.4,13,39,33.3,23,29,79.3,10,29,26,8,5,8,14,11,1,0
401544973,2023,2023-04-30,2023-04-30 17:00:00,18,Knicks,New York,NY,41,86,47.7,7,34,20.6,12,20,60.0,12,36,20,6,4,13,21,12,0,1
401541236,2023,2023-04-30,2023-04-30 19:30:00,9,Warriors,Golden State,GS,43,100,43.0,15,46,32.6,19,30,63.3,18,37,25,4,6,7,23,24,0,0
401541236,2023,2023-04-30,2023-04-30 19:30:00,23,Kings,Sacramento,SAC,36,96,37.5,12,47,25.5,16,27,59.3,14,35,21,3,5,8,23,5,0,0
401544334,2023,2023-04-29,2023-04-30 00:30:00,21,Suns,Phoenix,PHX,43,84,51.2,7,23,30.4,14,17,82.4,8,30,20,4,5,16,19,3,0,0
401544334,2023,2023-04-29,2023-04-30 00:30:00,7,Nuggets,Denver,DEN,48,101,47.5,16,37,43.2,13,15,86.7,16,33,22,14,1,9,19,25,1,0
401541235,2023,2023-04-28,2023-04-29 00:00:00,23,Kings,Sacramento,SAC,40,99,40.4,17,45,37.8,21,25,84.0,18,35,25,10,8,19,26,19,1,1
401541235,2023,2023-04-28,2023-04-29 00:00:00,9,Warriors,Golden State,GS,32,86,37.2,10,32,31.3,25,35,71.4,11,31,20,14,6,18,23,2,0,0
401541232,2023,2023-04-28,2023-04-29 02:50:00,29,Grizzlies,Memphis,MEM,29,96,30.2,12,38,31.6,15,20,75.0,14,31,19,10,2,14,17,4,0,0
401541232,2023,2023-04-28,2023-04-29 02:50:00,13,Lakers,Los Angeles,LAL,49,91,53.8,15,44,34.1,12,15,80.0,9,43,33,6,15,13,16,40,3,0
401541244,2023,2023-04-27,2023-04-28 00:30:00,2,Celtics,Boston,BOS,47,94,50.0,18,42,42.9,16,17,94.1,11,36,24,7,10,7,16,10,0,0
401541244,2023,2023-04-27,2023-04-28 00:30:00,1,Hawks,Atlanta,ATL,44,94,46.8,15,35,42.9,17,22,77.3,12,33,28,5,7,10,15,7,0,0
401541249,2023,2023-04-26,2023-04-26 23:00:00,18,Knicks,New York,NY,37,85,43.5,9,29,31.0,23,29,79.3,17,31,21,6,5,10,17,18,4,0
401541249,2023,2023-04-26,2023-04-26 23:00:00,5,Cavaliers,Cleveland,CLE,35,75,46.7,13,33,39.4,12,15,80.0,4,26,24,5,2,13,22,0,0,0
401541231,2023,2023-04-26,2023-04-26 23:30:00,13,Lakers,Los Angeles,LAL,37,92,40.2,10,39,25.6,15,20,75.0,14,40,28,8,3,13,17,2,0,0
401541231,2023,2023-04-26,2023-04-26 23:30:00,29,Grizzlies,Memphis,MEM,44,99,44.4,14,40,35.0,14,17,82.4,14,38,24,6,2,11,19,25,0,0
401541240,2023,2023-04-26,2023-04-27 01:30:00,14,Heat,Miami,MIA,50,110,45.5,17,45,37.8,11,17,64.7,9,36,25,6,5,11,31,8,0,1
401541240,2023,2023-04-26,2023-04-27 01:30:00,15,Bucks,Milwaukee,MIL,42,91,46.2,14,33,42.4,28,45,62.2,10,46,20,4,1,15,21,16,1,1
401541234,2023,2023-04-26,2023-04-27 02:00:00,9,Warriors,Golden State,GS,50,96,52.1,11,38,28.9,12,19,63.2,11,32,33,11,7,14,24,12,1,0
401541234,2023,2023-04-26,2023-04-27 02:00:00,23,Kings,Sacramento,SAC,42,90,46.7,10,34,29.4,22,26,84.6,12,32,22,9,3,19,18,10,0,1
401541243,2023,2023-04-25,2023-04-25 23:30:00,1,Hawks,Atlanta,ATL,45,96,46.9,19,41,46.3,10,10,100.0,6,28,26,5,4,8,16,5,1,0
401541243,2023,2023-04-25,2023-04-25 23:30:00,2,Celtics,Boston,BOS,49,92,53.3,12,38,31.6,7,13,53.8,9,34,31,1,9,9,20,13,0,1
401541196,2023,2023-04-25,2023-04-26 01:00:00,16,Timberwolves,Minnesota,MIN,41,81,50.6,8,33,24.2,19,25,76.0,8,32,24,9,4,14,27,15,0,1
401541196,2023,2023-04-25,2023-04-26 01:00:00,7,Nuggets,Denver,DEN,34,85,40.0,12,34,35.3,32,36,88.9,16,31,22,10,3,12,21,6,0,0
401541237,2023,2023-04-25,2023-04-26 02:00:00,12,Clippers,LA,LAC,43,95,45.3,13,36,36.1,31,37,83.8,17,29,23,4,1,10,21,10,0,0
401541237,2023,2023-04-25,2023-04-26 02:00:00,21,Suns,Phoenix,PHX,51,94,54.3,13,26,50.0,21,24,87.5,11,32,31,7,4,7,27,20,2,1
401541187,2023,2023-04-24,2023-04-24 23:30:00,15,Bucks,Milwaukee,MIL,42,97,43.3,13,40,32.5,17,20,85.0,16,30,28,10,6,14,20,15,0,0
401541187,2023,2023-04-24,2023-04-24 23:30:00,14,Heat,Miami,MIA,43,87,49.4,13,32,40.6,20,25,80.0,9,38,21,9,5,15,20,7,1,0
401541184,2023,2023-04-24,2023-04-25 02:00:00,29,Grizzlies,Memphis,MEM,42,106,39.6,9,42,21.4,18,21,85.7,16,33,26,7,7,13,26,7,0,0
401541184,2023,2023-04-24,2023-04-25 02:00:00,13,Lakers,Los Angeles,LAL,41,94,43.6,10,36,27.8,25,31,80.6,13,39,22,5,11,15,17,15,0,2
401541190,2023,2023-04-23,2023-04-23 17:00:00,5,Cavaliers,Cleveland,CLE,36,77,46.8,6,23,26.1,15,19,78.9,7,26,24,3,5,12,23,3,1,0
401541190,2023,2023-04-23,2023-04-23 17:00:00,18,Knicks,New York,NY,38,84,45.2,8,29,27.6,18,28,64.3,17,30,15,5,7,10,15,15,4,0
401541185,2023,2023-04-23,2023-04-23 19:30:00,23,Kings,Sacramento,SAC,48,102,47.1,14,35,40.0,15,18,83.3,12,32,25,5,3,10,21,9,0,1
401541185,2023,2023-04-23,2023-04-23 19:30:00,9,Warriors,Golden State,GS,45,90,50.0,14,34,41.2,22,24,91.7,8,36,31,8,6,11,19,10,1,3
401541188,2023,2023-04-23,2023-04-23 23:00:00,2,Celtics,Boston,BOS,46,89,51.7,16,40,40.0,21,25,84.0,9,40,25,4,5,16,23,14,0,0
401541188,2023,2023-04-23,2023-04-23 23:00:00,1,Hawks,Atlanta,ATL,43,98,43.9,14,37,37.8,21,24,87.5,11,31,25,8,4,12,24,3,0,0
401541183,2023,2023-04-23,2023-04-24 01:30:00,7,Nuggets,Denver,DEN,42,95,44.2,12,35,34.3,12,18,66.7,10,37,21,6,5,11,23,9,1,0
401541183,2023,2023-04-23,2023-04-24 01:30:00,16,Timberwolves,Minnesota,MIN,42,93,45.2,13,34,38.2,17,22,77.3,14,37,23,6,7,11,19,12,1,0
401541189,2023,2023-04-22,2023-04-22 17:00:00,20,76ers,Philadelphia,PHI,36,91,39.6,9,24,37.5,15,16,93.8,15,39,19,7,3,8,19,14,2,1
401541189,2023,2023-04-22,2023-04-22 17:00:00,17,Nets,Brooklyn,BKN,33,80,41.3,9,37,24.3,13,19,68.4,5,33,20,3,6,10,14,11,0,1
401541186,2023,2023-04-22,2023-04-22 19:30:00,21,Suns,Phoenix,PHX,41,84,48.8,9,22,40.9,21,27,77.8,14,35,25,10,8,13,14,13,5,0
401541186,2023,2023-04-22,2023-04-22 19:30:00,12,Clippers,LA,LAC,40,92,43.5,12,37,32.4,8,10,80.0,9,24,19,7,5,13,22,11,0,0
401541179,2023,2023-04-22,2023-04-22 23:30:00,15,Bucks,Milwaukee,MIL,38,85,44.7,15,39,38.5,8,12,66.7,8,29,22,7,3,18,15,7,0,1
401541179,2023,2023-04-22,2023-04-22 23:30:00,14,Heat,Miami,MIA,45,84,53.6,16,33,48.5,15,17,88.2,8,36,22,13,4,13,18,29,1,0
401541176,2023,2023-04-22,2023-04-23 02:10:00,29,Grizzlies,Memphis,MEM,35,93,37.6,13,39,33.3,18,20,90.0,18,32,23,7,2,18,22,0,0,1
401541176,2023,2023-04-22,2023-04-23 02:10:00,13,Lakers,Los Angeles,LAL,41,90,45.6,7,28,25.0,22,27,81.5,11,37,19,11,8,13,18,29,3,1
401541180,2023,2023-04-21,2023-04-21 23:00:00,2,Celtics,Boston,BOS,45,92,48.9,21,48,43.8,11,16,68.8,6,23,31,11,0,12,17,9,0,0
401541180,2023,2023-04-21,2023-04-21 23:00:00,1,Hawks,Atlanta,ATL,51,91,56.0,15,34,44.1,13,16,81.3,11,37,24,5,6,18,15,14,1,0
401541182,2023,2023-04-21,2023-04-22 00:30:00,5,Cavaliers,Cleveland,CLE,31,80,38.8,7,33,21.2,10,17,58.8,13,29,16,7,4,20,18,4,1,0
401541182,2023,2023-04-21,2023-04-22 00:30:00,18,Knicks,New York,NY,39,83,47.0,10,33,30.3,11,18,61.1,11,34,21,14,5,14,17,27,0,0
401541175,2023,2023-04-21,2023-04-22 01:43:00,7,Nuggets,Denver,DEN,48,84,57.1,13,32,40.6,11,13,84.6,5,35,32,8,4,14,26,13,1,0
401541175,2023,2023-04-21,2023-04-22 01:43:00,16,Timberwolves,Minnesota,MIN,36,79,45.6,10,27,37.0,29,35,82.9,6,26,24,8,2,13,21,7,0,0
401541181,2023,2023-04-20,2023-04-20 23:30:00,20,76ers,Philadelphia,PHI,40,82,48.8,13,31,41.9,9,13,69.2,11,35,15,5,3,14,17,13,1,0
401541181,2023,2023-04-20,2023-04-20 23:30:00,17,Nets,Brooklyn,BKN,34,79,43.0,10,30,33.3,19,22,86.4,8,26,22,5,3,8,13,8,2,2
401541177,2023,2023-04-20,2023-04-21 02:00:00,23,Kings,Sacramento,SAC,35,92,38.0,11,47,23.4,16,23,69.6,13,40,21,6,3,15,22,0,0,0
401541177,2023,2023-04-20,2023-04-21 02:00:00,9,Warriors,Golden State,GS,40,100,40.0,16,50,32.0,18,23,78.3,18,41,31,12,5,11,19,23,1,0
401541178,2023,2023-04-20,2023-04-21 02:30:00,21,Suns,Phoenix,PHX,42,88,47.7,10,27,37.0,35,46,76.1,15,30,20,12,4,13,18,13,0,0
401541178,2023,2023-04-20,2023-04-21 02:30:00,12,Clippers,LA,LAC,45,83,54.2,15,35,42.9,19,25,76.0,6,34,26,9,7,18,31,6,0,1
401541168,2023,2023-04-19,2023-04-19 23:30:00,13,Lakers,Los Angeles,LAL,35,85,41.2,7,26,26.9,16,21,76.2,11,36,21,5,7,12,19,3,1,1
401541168,2023,2023-04-19,2023-04-19 23:30:00,29,Grizzlies,Memphis,MEM,38,89,42.7,11,36,30.6,16,21,76.2,11,38,24,4,6,10,20,20,0,0
401541171,2023,2023-04-19,2023-04-20 01:00:00,14,Heat,Miami,MIA,45,84,53.6,16,36,44.4,16,23,69.6,7,34,26,10,2,17,9,3,0,0
401541171,2023,2023-04-19,2023-04-20 01:00:00,15,Bucks,Milwaukee,MIL,53,99,53.5,25,49,51.0,7,8,87.5,9,36,35,9,4,11,16,36,0,1
401541167,2023,2023-04-19,2023-04-20 02:00:00,16,Timberwolves,Minnesota,MIN,40,79,50.6,14,31,45.2,19,23,82.6,9,26,24,4,5,13,25,3,0,1
401541167,2023,2023-04-19,2023-04-20 02:00:00,7,Nuggets,Denver,DEN,46,85,54.1,10,22,45.5,20,25,80.0,9,27,26,6,1,10,25,21,0,0
401541172,2023,2023-04-18,2023-04-18 23:00:00,1,Hawks,Atlanta,ATL,43,101,42.6,16,48,33.3,4,8,50.0,19,30,21,10,4,15,11,11,1,0
401541172,2023,2023-04-18,2023-04-18 23:00:00,2,Celtics,Boston,BOS,48,86,55.8,15,33,45.5,8,10,80.0,5,39,28,10,12,14,8,22,2,1
401541174,2023,2023-04-18,2023-04-18 23:30:00,18,Knicks,New York,NY,29,79,36.7,7,29,24.1,25,30,83.3,13,23,16,14,5,17,18,8,1,1
401541174,2023,2023-04-18,2023-04-18 23:30:00,5,Cavaliers,Cleveland,CLE,38,77,49.4,14,33,42.4,17,21,81.0,11,32,26,10,7,17,22,29,1,0
401541170,2023,2023-04-18,2023-04-19 02:00:00,12,Clippers,LA,LAC,35,80,43.8,11,30,36.7,28,31,90.3,12,20,17,7,4,15,20,13,0,0
401541170,2023,2023-04-18,2023-04-19 02:00:00,21,Suns,Phoenix,PHX,50,85,58.8,10,24,41.7,13,14,92.9,7,28,30,6,6,11,22,14,0,1
401541173,2023,2023-04-17,2023-04-17 23:30:00,17,Nets,Brooklyn,BKN,30,80,37.5,13,42,31.0,11,17,64.7,5,28,24,10,1,9,20,10,0,0
401541173,2023,2023-04-17,2023-04-17 23:30:00,20,76ers,Philadelphia,PHI,36,80,45.0,11,35,31.4,13,16,81.3,13,43,21,8,7,19,22,15,0,0
401541169,2023,2023-04-17,2023-04-18 02:00:00,9,Warriors,Golden State,GS,39,82,47.6,13,40,32.5,15,18,83.3,9,32,18,6,2,20,26,7,2,0
401541169,2023,2023-04-17,2023-04-18 02:00:00,23,Kings,Sacramento,SAC,42,92,45.7,9,38,23.7,21,29,72.4,12,29,22,11,5,14,25,14,0,1
401540756,2023,2023-04-16,2023-04-16 19:00:00,13,Lakers,Los Angeles,LAL,49,92,53.3,16,37,43.2,14,16,87.5,10,35,25,7,11,14,18,16,2,0
401540756,2023,2023-04-16,2023-04-16 19:00:00,29,Grizzlies,Memphis,MEM,42,89,47.2,13,36,36.1,15,16,93.8,6,28,24,6,2,12,19,8,0,0
401540754,2023,2023-04-16,2023-04-16 21:30:00,14,Heat,Miami,MIA,50,84,59.5,15,25,60.0,15,21,71.4,4,32,32,6,1,15,24,15,1,1
401540754,2023,2023-04-16,2023-04-16 21:30:00,15,Bucks,Milwaukee,MIL,45,91,49.5,11,45,24.4,16,22,72.7,8,30,29,3,4,13,22,2,0,1
401540757,2023,2023-04-16,2023-04-17 00:00:00,12,Clippers,LA,LAC,41,93,44.1,10,31,32.3,23,29,79.3,15,34,23,6,4,13,21,16,1,0
401540757,2023,2023-04-16,2023-04-17 00:00:00,21,Suns,Phoenix,PHX,39,82,47.6,6,19,31.6,26,33,78.8,6,36,27,8,9,10,25,9,0,0
401540755,2023,2023-04-16,2023-04-17 02:30:00,16,Timberwolves,Minnesota,MIN,30,81,37.0,11,36,30.6,9,16,56.3,5,33,18,6,6,11,16,1,1,0
401540755,2023,2023-04-16,2023-04-17 02:30:00,7,Nuggets,Denver,DEN,41,90,45.6,16,39,41.0,11,17,64.7,11,43,24,6,4,10,20,32,1,0
401540750,2023,2023-04-15,2023-04-15 17:00:00,17,Nets,Brooklyn,BKN,39,70,55.7,13,29,44.8,10,15,66.7,5,30,23,3,5,19,15,0,1,1
401540750,2023,2023-04-15,2023-04-15 17:00:00,20,76ers,Philadelphia,PHI,42,89,47.2,21,43,48.8,16,16,100.0,14,24,32,14,3,8,17,25,1,1
401540751,2023,2023-04-15,2023-04-15 19:30:00,1,Hawks,Atlanta,ATL,38,98,38.8,5,29,17.2,18,22,81.8,14,31,23,13,4,11,17,2,0,0
401540751,2023,2023-04-15,2023-04-15 19:30:00,2,Celtics,Boston,BOS,42,88,47.7,13,33,39.4,15,18,83.3,12,46,25,6,7,16,15,32,1,0
401540752,2023,2023-04-15,2023-04-15 22:10:00,18,Knicks,New York,NY,37,88,42.0,8,29,27.6,19,22,86.4,17,34,18,11,1,13,20,12,3,0
401540752,2023,2023-04-15,2023-04-15 22:10:00,5,Cavaliers,Cleveland,CLE,36,83,43.4,10,31,32.3,15,21,71.4,11,27,20,9,2,14,17,2,0,0
401540753,2023,2023-04-15,2023-04-16 00:30:00,9,Warriors,Golden State,GS,43,90,47.8,16,50,32.0,21,27,77.8,9,32,31,7,7,15,25,10,0,0
401540753,2023,2023-04-15,2023-04-16 00:30:00,23,Kings,Sacramento,SAC,44,98,44.9,12,32,37.5,26,32,81.3,17,33,18,10,3,13,23,6,0,0
401539675,2023,2023-04-14,2023-04-14 23:00:00,4,Bulls,Chicago,CHI,36,82,43.9,8,28,28.6,11,15,73.3,5,32,24,5,3,11,25,6,0,0
401539675,2023,2023-04-14,2023-04-14 23:00:00,14,Heat,Miami,MIA,32,78,41.0,10,30,33.3,28,32,87.5,10,41,19,7,2,13,20,14,0,0
401539676,2023,2023-04-14,2023-04-15 01:50:00,25,Thunder,Oklahoma City,OKC,32,89,36.0,13,40,32.5,18,20,90.0,12,30,19,9,6,17,20,5,1,0
401539676,2023,2023-04-14,2023-04-15 01:50:00,16,Timberwolves,Minnesota,MIN,43,83,51.8,13,32,40.6,21,26,80.8,9,38,29,11,8,16,15,29,1,0
401539673,2023,2023-04-12,2023-04-12 23:00:00,4,Bulls,Chicago,CHI,42,86,48.8,7,26,26.9,18,22,81.8,8,28,20,9,10,10,22,4,1,0
401539673,2023,2023-04-12,2023-04-12 23:00:00,28,Raptors,Toronto,TOR,38,87,43.7,11,31,35.5,18,36,50.0,16,34,23,5,5,14,18,19,2,0
401539674,2023,2023-04-12,2023-04-13 01:50:00,25,Thunder,Oklahoma City,OKC,42,92,45.7,11,37,29.7,28,32,87.5,13,25,25,7,5,7,19,10,0,1
401539674,2023,2023-04-12,2023-04-13 01:50:00,3,Pelicans,New Orleans,NO,42,87,48.3,9,28,32.1,25,30,83.3,14,34,27,5,4,11,23,9,0,1
401539671,2023,2023-04-11,2023-04-11 23:30:00,1,Hawks,Atlanta,ATL,45,96,46.9,10,41,24.4,16,27,59.3,22,41,26,5,8,12,21,24,0,0
401539671,2023,2023-04-11,2023-04-11 23:30:00,14,Heat,Miami,MIA,39,91,42.9,11,34,32.4,16,20,80.0,6,33,24,7,4,8,19,2,0,0
401539672,2023,2023-04-11,2023-04-12 02:00:00,16,Timberwolves,Minnesota,MIN,36,83,43.4,16,41,39.0,14,15,93.3,4,33,30,13,11,20,26,15,4,1
401539672,2023,2023-04-11,2023-04-12 02:00:00,13,Lakers,Los Angeles,LAL,38,92,41.3,10,31,32.3,22,24,91.7,12,36,27,8,7,20,15,6,1,1
401469371,2023,2023-04-09,2023-04-09 17:00:00,1,Hawks,Atlanta,ATL,44,97,45.4,11,39,28.2,15,19,78.9,16,34,27,11,5,9,12,7,0,1
401469371,2023,2023-04-09,2023-04-09 17:00:00,2,Celtics,Boston,BOS,42,89,47.2,25,54,46.3,11,14,78.6,12,35,33,5,3,15,13,14,0,0
401469372,2023,2023-04-09,2023-04-09 17:00:00,20,76ers,Philadelphia,PHI,53,101,52.5,14,32,43.8,14,19,73.7,13,37,31,10,5,13,23,29,0,1
401469372,2023,2023-04-09,2023-04-09 17:00:00,17,Nets,Brooklyn,BKN,35,83,42.2,12,32,37.5,23,28,82.1,10,32,22,6,6,18,22,3,1,0
401469373,2023,2023-04-09,2023-04-09 17:00:00,30,Hornets,Charlotte,CHA,37,81,45.7,6,32,18.8,26,30,86.7,10,39,23,8,5,18,14,12,1,0
401469373,2023,2023-04-09,2023-04-09 17:00:00,5,Cavaliers,Cleveland,CLE,35,89,39.3,10,37,27.0,15,16,93.8,11,33,27,9,5,16,24,11,0,0
401469374,2023,2023-04-09,2023-04-09 17:00:00,19,Magic,Orlando,ORL,38,90,42.2,17,47,36.2,17,24,70.8,13,30,29,13,1,14,17,8,0,0
401469374,2023,2023-04-09,2023-04-09 17:00:00,14,Heat,Miami,MIA,45,83,54.2,18,44,40.9,15,20,75.0,7,37,30,10,3,18,20,16,0,0
401469375,2023,2023-04-09,2023-04-09 17:00:00,11,Pacers,Indiana,IND,46,89,51.7,19,34,55.9,30,38,78.9,8,36,33,8,9,15,24,13,0,0
401469375,2023,2023-04-09,2023-04-09 17:00:00,18,Knicks,New York,NY,52,108,48.1,15,40,37.5,17,22,77.3,19,34,29,8,8,15,24,16,0,2
401469376,2023,2023-04-09,2023-04-09 17:00:00,15,Bucks,Milwaukee,MIL,38,82,46.3,12,34,35.3,17,21,81.0,7,31,28,5,2,14,13,3,0,0
401469376,2023,2023-04-09,2023-04-09 17:00:00,28,Raptors,Toronto,TOR,48,95,50.5,11,33,33.3,14,16,87.5,7,38,29,8,2,9,19,23,0,0
401469377,2023,2023-04-09,2023-04-09 17:00:00,10,Rockets,Houston,HOU,44,90,48.9,6,21,28.6,20,28,71.4,13,38,24,8,6,15,15,8,0,1
401469377,2023,2023-04-09,2023-04-09 17:00:00,27,Wizards,Washington,WSH,41,97,42.3,14,45,31.1,13,21,61.9,14,37,28,11,5,12,21,16,1,0
401469378,2023,2023-04-09,2023-04-09 17:00:00,8,Pistons,Detroit,DET,31,85,36.5,9,33,27.3,10,13,76.9,15,44,20,1,3,24,16,1,1,1
401469378,2023,2023-04-09,2023-04-09 17:00:00,4,Bulls,Chicago,CHI,40,95,42.1,6,30,20.0,17,22,77.3,11,37,21,15,7,3,16,24,1,3
401469379,2023,2023-04-09,2023-04-09 19:30:00,24,Spurs,San Antonio,SA,51,104,49.0,15,38,39.5,21,30,70.0,13,56,31,2,3,12,13,31,0,0
401469379,2023,2023-04-09,2023-04-09 19:30:00,6,Mavericks,Dallas,DAL,46,108,42.6,17,53,32.1,8,16,50.0,8,38,28,4,3,2,21,0,2,0
401469380,2023,2023-04-09,2023-04-09 19:30:00,3,Pelicans,New Orleans,NO,40,90,44.0,3,21,14.0,25,29,86.0,11,38,18,13,3,15,24,14,0,0
401469380,2023,2023-04-09,2023-04-09 19:30:00,16,Timberwolves,Minnesota,MIN,39,82,48.0,13,36,36.0,22,31,71.0,8,34,25,7,8,17,22,5,0,0
401469381,2023,2023-04-09,2023-04-09 19:30:00,29,Grizzlies,Memphis,MEM,40,92,43.5,7,37,18.9,13,18,72.2,11,32,25,8,4,12,16,6,0,0
401469381,2023,2023-04-09,2023-04-09 19:30:00,25,Thunder,Oklahoma City,OKC,45,90,50.0,12,36,33.3,13,16,81.3,8,41,30,5,2,14,17,20,2,0
401469382,2023,2023-04-09,2023-04-09 19:30:00,23,Kings,Sacramento,SAC,37,85,43.5,11,43,25.6,10,15,66.7,10,24,24,7,6,15,18,17,0,0
401469382,2023,2023-04-09,2023-04-09 19:30:00,7,Nuggets,Denver,DEN,42,84,50.0,7,28,25.0,18,25,72.0,15,36,25,11,2,16,15,18,4,0
401469383,2023,2023-04-09,2023-04-09 19:30:00,26,Jazz,Utah,UTAH,51,101,50.5,10,35,28.6,5,6,83.3,7,38,31,4,4,11,16,3,0,1
401469383,2023,2023-04-09,2023-04-09 19:30:00,13,Lakers,Los Angeles,LAL,47,97,48.5,18,45,40.0,16,21,76.2,10,39,28,4,7,10,9,14,1,0
401469384,2023,2023-04-09,2023-04-09 19:30:00,12,Clippers,LA,LAC,49,100,49.0,5,23,21.7,16,24,66.7,14,39,22,3,5,10,18,6,0,0
401469384,2023,2023-04-09,2023-04-09 19:30:00,21,Suns,Phoenix,PHX,42,99,42.4,14,37,37.8,16,22,72.7,12,35,29,4,3,7,21,11,0,0
401469385,2023,2023-04-09,2023-04-09 19:30:00,9,Warriors,Golden State,GS,58,96,60.4,27,49,55.1,14,16,87.5,9,49,47,13,6,15,18,59,1,0
401469385,2023,2023-04-09,2023-04-09 19:30:00,22,Trail Blazers,Portland,POR,38,95,40.0,9,35,25.7,16,24,66.7,6,24,25,5,3,14,9,0,0,0
401469368,2023,2023-04-08,2023-04-08 19:30:00,7,Nuggets,Denver,DEN,41,90,45.6,15,46,32.6,17,24,70.8,5,36,32,7,9,14,20,9,0,0
401469368,2023,2023-04-08,2023-04-08 19:30:00,26,Jazz,Utah,UTAH,44,100,44.0,11,35,31.4,19,23,82.6,17,42,30,9,2,16,18,19,0,3
401469369,2023,2023-04-08,2023-04-08 20:00:00,16,Timberwolves,Minnesota,MIN,56,101,55.4,24,43,55.8,15,21,71.4,11,34,42,8,8,7,18,33,0,0
401469369,2023,2023-04-08,2023-04-08 20:00:00,24,Spurs,San Antonio,SA,50,95,52.6,13,29,44.8,18,24,75.0,10,35,34,5,4,13,16,5,0,0
401469370,2023,2023-04-08,2023-04-08 20:00:00,22,Trail Blazers,Portland,POR,47,89,52.8,14,32,43.8,17,23,73.9,7,27,32,8,4,10,20,10,0,0
401469370,2023,2023-04-08,2023-04-08 20:00:00,12,Clippers,LA,LAC,49,93,52.7,12,35,34.3,26,30,86.7,13,38,30,7,5,12,17,19,0,2
401469357,2023,2023-04-07,2023-04-07 23:00:00,10,Rockets,Houston,HOU,42,89,47.2,7,21,33.3,21,28,75.0,14,34,21,11,9,18,23,14,1,1
401469357,2023,2023-04-07,2023-04-07 23:00:00,30,Hornets,Charlotte,CHA,38,88,43.2,13,41,31.7,20,27,74.1,7,34,22,10,9,17,21,9,0,1
401469358,2023,2023-04-07,2023-04-07 23:00:00,8,Pistons,Detroit,DET,44,90,48.9,13,31,41.9,21,26,80.8,10,32,24,12,6,13,24,21,0,0
401469358,2023,2023-04-07,2023-04-07 23:00:00,11,Pacers,Indiana,IND,41,83,49.4,11,31,35.5,22,28,78.6,9,33,29,7,3,19,22,11,0,0
401469359,2023,2023-04-07,2023-04-07 23:00:00,14,Heat,Miami,MIA,43,98,43.9,15,47,31.9,7,12,58.3,14,33,26,7,4,16,29,6,0,1
401469359,2023,2023-04-07,2023-04-07 23:00:00,27,Wizards,Washington,WSH,39,84,46.4,7,33,21.2,29,37,78.4,12,38,23,4,3,16,18,23,1,0
401469360,2023,2023-04-07,2023-04-07 23:30:00,20,76ers,Philadelphia,PHI,51,102,50.0,11,22,50.0,23,29,79.3,13,39,33,10,2,20,22,8,0,2
401469360,2023,2023-04-07,2023-04-07 23:30:00,1,Hawks,Atlanta,ATL,51,92,55.4,10,33,30.3,19,28,67.9,4,34,32,11,7,20,19,15,1,0
401469361,2023,2023-04-07,2023-04-07 23:30:00,28,Raptors,Toronto,TOR,40,93,43.0,9,31,29.0,13,17,76.5,12,23,21,12,2,7,17,2,1,1
401469361,2023,2023-04-07,2023-04-07 23:30:00,2,Celtics,Boston,BOS,45,81,55.6,15,44,34.1,16,21,76.2,13,40,37,4,7,19,14,36,2,0
401469362,2023,2023-04-07,2023-04-07 23:30:00,19,Magic,Orlando,ORL,31,87,35.6,7,38,18.4,15,17,88.2,15,42,17,6,6,21,19,4,0,0
401469362,2023,2023-04-07,2023-04-07 23:30:00,17,Nets,Brooklyn,BKN,35,89,39.3,9,42,21.4,22,25,88.0,10,35,27,14,3,9,12,24,1,0
401469363,2023,2023-04-07,2023-04-08 00:00:00,29,Grizzlies,Memphis,MEM,53,93,57.0,20,42,47.6,11,15,73.3,11,33,39,9,6,12,20,26,0,0
401469363,2023,2023-04-07,2023-04-08 00:00:00,15,Bucks,Milwaukee,MIL,42,92,45.7,21,49,42.9,9,11,81.8,11,27,30,5,3,17,15,9,2,0
401469364,2023,2023-04-07,2023-04-08 00:00:00,18,Knicks,New York,NY,38,88,43.2,14,43,32.6,15,20,75.0,7,30,19,5,2,9,17,3,1,0
401469364,2023,2023-04-07,2023-04-08 00:00:00,3,Pelicans,New Orleans,NO,42,79,53.2,10,28,35.7,19,20,95.0,4,39,27,4,7,12,17,11,0,0
401469365,2023,2023-04-07,2023-04-08 00:30:00,4,Bulls,Chicago,CHI,46,88,52.3,11,31,35.5,12,18,66.7,8,42,24,6,4,12,15,8,0,0
401469365,2023,2023-04-07,2023-04-08 00:30:00,6,Mavericks,Dallas,DAL,42,93,45.2,18,55,32.7,10,13,76.9,7,36,23,7,3,9,15,15,1,0
401469366,2023,2023-04-07,2023-04-08 02:00:00,9,Warriors,Golden State,GS,41,78,52.6,16,36,44.4,21,24,87.5,10,37,36,6,7,24,22,24,0,0
401469366,2023,2023-04-07,2023-04-08 02:00:00,23,Kings,Sacramento,SAC,38,98,38.8,11,39,28.2,10,18,55.6,18,22,24,10,3,12,16,0,0,0
401469367,2023,2023-04-07,2023-04-08 02:30:00,21,Suns,Phoenix,PHX,43,104,41.3,9,36,25.0,12,14,85.7,13,34,23,7,10,9,12,7,0,1
401469367,2023,2023-04-07,2023-04-08 02:30:00,13,Lakers,Los Angeles,LAL,45,92,48.9,18,36,50.0,13,17,76.5,10,44,25,6,6,15,12,16,1,1
401469352,2023,2023-04-06,2023-04-06 23:00:00,5,Cavaliers,Cleveland,CLE,46,88,52.3,18,38,47.4,8,9,88.9,9,33,31,13,7,16,21,33,1,0
401469352,2023,2023-04-06,2023-04-06 23:00:00,19,Magic,Orlando,ORL,33,83,39.8,13,39,33.3,15,19,78.9,9,30,21,8,8,21,11,11,1,0
401469353,2023,2023-04-06,2023-04-06 23:30:00,14,Heat,Miami,MIA,49,88,55.7,18,39,46.2,13,15,86.7,10,32,39,3,0,10,13,33,1,0
401469353,2023,2023-04-06,2023-04-06 23:30:00,20,76ers,Philadelphia,PHI,39,76,51.3,10,36,27.8,13,15,86.7,3,29,23,7,4,15,18,2,2,1
401469354,2023,2023-04-06,2023-04-07 00:00:00,22,Trail Blazers,Portland,POR,51,96,53.1,10,28,35.7,15,18,83.3,8,28,34,7,14,15,22,9,1,3
401469354,2023,2023-04-06,2023-04-07 00:00:00,24,Spurs,San Antonio,SA,47,106,44.3,10,35,28.6,25,28,89.3,18,29,29,9,4,14,12,9,1,0
401469355,2023,2023-04-06,2023-04-07 01:00:00,25,Thunder,Oklahoma City,OKC,39,97,40.2,15,45,33.3,21,26,80.8,17,33,29,12,2,12,17,20,1,0
401469355,2023,2023-04-06,2023-04-07 01:00:00,26,Jazz,Utah,UTAH,41,83,49.4,5,31,16.1,11,16,68.8,7,38,24,5,2,19,23,3,0,0
401469356,2023,2023-04-06,2023-04-07 02:00:00,7,Nuggets,Denver,DEN,44,83,53.0,8,23,34.8,19,23,82.6,9,29,24,7,2,12,19,6,1,0
401469356,2023,2023-04-06,2023-04-07 02:00:00,21,Suns,Phoenix,PHX,41,79,51.9,17,36,47.2,20,25,80.0,7,26,26,4,6,10,16,9,0,0
401469344,2023,2023-04-05,2023-04-05 23:00:00,17,Nets,Brooklyn,BKN,45,86,52.3,17,43,39.5,16,23,69.6,11,27,36,6,7,11,12,19,2,0
401469344,2023,2023-04-05,2023-04-05 23:00:00,8,Pistons,Detroit,DET,41,84,48.8,13,28,46.4,13,14,92.9,9,25,27,5,3,14,18,7,0,1
401469345,2023,2023-04-05,2023-04-05 23:00:00,18,Knicks,New York,NY,52,100,52.0,18,46,39.1,16,25,64.0,20,32,34,13,8,14,21,18,4,1
401469345,2023,2023-04-05,2023-04-05 23:00:00,11,Pacers,Indiana,IND,45,87,51.7,15,30,50.0,24,30,80.0,10,27,33,6,5,17,17,5,0,0
401469346,2023,2023-04-05,2023-04-05 23:30:00,27,Wizards,Washington,WSH,45,94,47.9,6,28,21.4,20,26,76.9,12,27,23,10,9,14,26,4,0,0
401469346,2023,2023-04-05,2023-04-05 23:30:00,1,Hawks,Atlanta,ATL,43,84,51.2,13,30,43.3,35,40,87.5,12,36,30,10,5,16,23,21,1,0
401469347,2023,2023-04-05,2023-04-05 23:30:00,28,Raptors,Toronto,TOR,37,90,41.1,6,33,18.2,13,17,76.5,13,37,20,10,7,11,19,6,1,0
401469347,2023,2023-04-05,2023-04-05 23:30:00,2,Celtics,Boston,BOS,38,89,42.7,11,38,28.9,10,18,55.6,11,37,20,5,7,15,14,13,0,0
401469348,2023,2023-04-05,2023-04-05 23:30:00,4,Bulls,Chicago,CHI,36,83,43.4,11,33,33.3,9,11,81.8,5,33,28,10,3,15,11,10,0,0
401469348,2023,2023-04-05,2023-04-05 23:30:00,15,Bucks,Milwaukee,MIL,39,92,42.4,18,46,39.1,9,11,81.8,13,40,26,7,3,12,13,16,1,1
401469349,2023,2023-04-05,2023-04-06 00:00:00,29,Grizzlies,Memphis,MEM,50,104,48.1,12,36,33.3,19,25,76.0,15,34,33,10,6,13,25,19,1,2
401469349,2023,2023-04-05,2023-04-06 00:00:00,3,Pelicans,New Orleans,NO,44,88,50.0,21,39,53.8,29,39,74.4,8,36,35,9,8,16,22,12,0,0
401469350,2023,2023-04-05,2023-04-06 00:30:00,23,Kings,Sacramento,SAC,46,106,43.4,12,37,32.4,15,19,78.9,22,35,31,7,1,9,19,13,0,1
401469350,2023,2023-04-05,2023-04-06 00:30:00,6,Mavericks,Dallas,DAL,44,89,49.4,20,44,45.5,15,18,83.3,7,32,24,4,7,10,18,9,0,0
401469351,2023,2023-04-05,2023-04-06 02:00:00,13,Lakers,Los Angeles,LAL,45,89,50.6,12,29,41.4,16,24,66.7,10,34,27,4,3,14,17,1,0,0
401469351,2023,2023-04-05,2023-04-06 02:00:00,12,Clippers,LA,LAC,43,82,52.4,16,36,44.4,23,27,85.2,5,33,23,9,4,12,18,24,1,0
401469331,2023,2023-04-04,2023-04-04 23:00:00,28,Raptors,Toronto,TOR,42,88,47.7,15,33,45.5,21,28,75.0,10,31,27,13,7,6,18,24,1,1
401469331,2023,2023-04-04,2023-04-04 23:00:00,30,Hornets,Charlotte,CHA,36,77,46.8,12,31,38.7,16,19,84.2,6,36,27,3,4,17,22,9,1,2
401469332,2023,2023-04-04,2023-04-04 23:00:00,14,Heat,Miami,MIA,41,80,51.2,13,36,36.1,23,26,88.5,5,28,26,12,2,7,18,17,1,1
401469332,2023,2023-04-04,2023-04-04 23:00:00,8,Pistons,Detroit,DET,36,73,49.3,11,28,39.3,22,27,81.5,6,29,21,5,2,14,22,3,0,2
401469333,2023,2023-04-04,2023-04-04 23:00:00,5,Cavaliers,Cleveland,CLE,42,84,50.0,15,31,48.4,18,20,90.0,5,25,23,3,7,8,16,9,1,0
401469333,2023,2023-04-04,2023-04-04 23:00:00,19,Magic,Orlando,ORL,45,89,50.6,10,23,43.5,13,17,76.5,13,34,25,6,1,13,22,9,0,1
401469334,2023,2023-04-04,2023-04-04 23:00:00,15,Bucks,Milwaukee,MIL,50,92,54.3,23,42,54.8,17,29,58.6,12,44,33,6,7,18,19,24,0,0
401469334,2023,2023-04-04,2023-04-04 23:00:00,27,Wizards,Washington,WSH,50,99,50.5,13,27,48.1,15,21,71.4,9,33,30,7,4,9,21,2,0,1
401469335,2023,2023-04-04,2023-04-04 23:30:00,16,Timberwolves,Minnesota,MIN,41,85,48.2,8,24,33.3,17,22,77.3,7,37,21,7,6,8,13,7,4,0
401469335,2023,2023-04-04,2023-04-04 23:30:00,17,Nets,Brooklyn,BKN,39,90,43.3,13,35,37.1,11,14,78.6,7,33,21,6,8,9,18,11,1,0
401469336,2023,2023-04-04,2023-04-05 00:00:00,2,Celtics,Boston,BOS,38,91,41.8,15,45,33.3,10,16,62.5,13,30,28,4,4,8,17,5,0,1
401469336,2023,2023-04-04,2023-04-05 00:00:00,20,76ers,Philadelphia,PHI,39,78,50.0,11,29,37.9,14,16,87.5,6,31,21,3,7,10,21,9,2,1
401469337,2023,2023-04-04,2023-04-05 00:00:00,1,Hawks,Atlanta,ATL,48,86,55.8,10,28,35.7,17,19,89.5,7,41,26,5,7,16,18,20,1,0
401469337,2023,2023-04-04,2023-04-05 00:00:00,4,Bulls,Chicago,CHI,41,89,46.1,7,31,22.6,16,20,80.0,6,26,16,8,6,8,18,2,0,0
401469338,2023,2023-04-04,2023-04-05 00:00:00,7,Nuggets,Denver,DEN,41,87,47.1,11,36,30.6,10,18,55.6,13,34,26,9,13,20,18,10,0,0
401469338,2023,2023-04-04,2023-04-05 00:00:00,10,Rockets,Houston,HOU,47,102,46.1,12,31,38.7,18,24,75.0,20,35,23,12,3,13,16,21,0,1
401469339,2023,2023-04-04,2023-04-05 00:00:00,22,Trail Blazers,Portland,POR,42,97,43.3,14,42,33.3,11,17,64.7,13,36,23,7,7,8,18,5,2,0
401469339,2023,2023-04-04,2023-04-05 00:00:00,29,Grizzlies,Memphis,MEM,42,87,48.3,18,48,37.5,17,22,77.3,8,41,30,5,5,11,10,19,1,0
401469340,2023,2023-04-04,2023-04-05 00:00:00,23,Kings,Sacramento,SAC,46,91,50.5,17,42,40.5,12,15,80.0,11,32,35,8,4,11,22,24,1,1
401469340,2023,2023-04-04,2023-04-05 00:00:00,3,Pelicans,New Orleans,NO,37,84,44.0,7,20,35.0,22,27,81.5,9,28,20,6,4,13,14,10,1,0
401469341,2023,2023-04-04,2023-04-05 01:00:00,13,Lakers,Los Angeles,LAL,48,96,50.0,12,34,35.3,27,35,77.1,11,33,27,6,7,11,21,14,1,1
401469341,2023,2023-04-04,2023-04-05 01:00:00,26,Jazz,Utah,UTAH,47,90,52.2,15,33,45.5,24,31,77.4,6,35,29,4,3,12,28,5,2,0
401469342,2023,2023-04-04,2023-04-05 02:00:00,25,Thunder,Oklahoma City,OKC,44,93,47.3,11,32,34.4,26,35,74.3,13,25,23,4,1,10,22,10,0,2
401469342,2023,2023-04-04,2023-04-05 02:00:00,9,Warriors,Golden State,GS,47,95,49.5,20,47,42.6,22,30,73.3,19,35,25,6,6,13,22,15,1,2
401469343,2023,2023-04-04,2023-04-05 02:00:00,24,Spurs,San Antonio,SA,35,90,38.9,13,40,32.5,11,14,78.6,9,29,25,7,5,12,16,0,0,0
401469343,2023,2023-04-04,2023-04-05 02:00:00,21,Suns,Phoenix,PHX,43,89,48.3,10,33,30.3,19,26,73.1,15,42,25,7,7,13,12,31,1,0
401469318,2023,2023-04-02,2023-04-02 17:00:00,28,Raptors,Toronto,TOR,56,104,53.8,8,28,28.6,8,8,100.0,15,30,38,8,6,7,14,20,1,0
401469318,2023,2023-04-02,2023-04-02 17:00:00,30,Hornets,Charlotte,CHA,42,85,49.4,15,31,48.4,9,13,69.2,10,27,26,3,4,17,11,3,1,0
401469319,2023,2023-04-02,2023-04-02 19:30:00,26,Jazz,Utah,UTAH,40,91,44.0,8,32,25.0,22,30,73.3,11,41,24,5,1,11,23,2,0,0
401469319,2023,2023-04-02,2023-04-02 19:30:00,17,Nets,Brooklyn,BKN,38,86,44.2,9,32,28.1,26,34,76.5,7,33,25,6,2,8,26,23,1,0
401469320,2023,2023-04-02,2023-04-02 19:30:00,29,Grizzlies,Memphis,MEM,39,84,46.4,19,43,44.2,10,12,83.3,8,39,29,1,3,18,22,23,0,0
401469320,2023,2023-04-02,2023-04-02 19:30:00,4,Bulls,Chicago,CHI,50,94,53.2,9,31,29.0,19,22,86.4,4,32,29,9,6,1,13,21,2,1
401469321,2023,2023-04-02,2023-04-02 19:30:00,22,Trail Blazers,Portland,POR,43,93,46.2,9,30,30.0,12,20,60.0,11,31,29,12,3,10,26,7,0,0
401469321,2023,2023-04-02,2023-04-02 19:30:00,16,Timberwolves,Minnesota,MIN,38,79,48.1,11,26,42.3,18,23,78.3,7,40,29,3,5,18,17,12,0,0
401469322,2023,2023-04-02,2023-04-02 22:00:00,6,Mavericks,Dallas,DAL,49,95,51.6,10,38,26.3,22,32,68.8,10,37,24,4,3,14,15,5,0,0
401469322,2023,2023-04-02,2023-04-02 22:00:00,1,Hawks,Atlanta,ATL,51,108,47.2,12,35,34.3,18,22,81.8,16,37,28,10,3,9,22,15,2,0
401469323,2023,2023-04-02,2023-04-02 22:00:00,27,Wizards,Washington,WSH,39,79,49.4,16,37,43.2,15,18,83.3,5,33,26,9,5,18,18,10,1,0
401469323,2023,2023-04-02,2023-04-02 22:00:00,18,Knicks,New York,NY,46,88,52.3,13,32,40.6,13,18,72.2,7,32,31,12,4,11,17,20,1,0
401469324,2023,2023-04-02,2023-04-02 22:00:00,8,Pistons,Detroit,DET,32,78,41.0,9,33,27.3,29,36,80.6,9,29,22,4,1,16,29,1,0,1
401469324,2023,2023-04-02,2023-04-02 22:00:00,19,Magic,Orlando,ORL,43,75,57.3,17,33,51.5,25,40,62.5,7,34,30,11,6,14,26,30,2,3
401469325,2023,2023-04-02,2023-04-02 22:00:00,24,Spurs,San Antonio,SA,52,98,53.1,13,34,38.2,25,29,86.2,14,38,31,8,3,17,25,11,1,1
401469325,2023,2023-04-02,2023-04-02 22:00:00,23,Kings,Sacramento,SAC,49,103,47.6,11,44,25.0,25,32,78.1,13,30,24,9,5,15,23,5,0,0
401469326,2023,2023-04-02,2023-04-02 23:00:00,13,Lakers,Los Angeles,LAL,52,93,55.9,9,30,30.0,21,28,75.0,11,40,36,4,8,5,9,27,1,0
401469326,2023,2023-04-02,2023-04-02 23:00:00,10,Rockets,Houston,HOU,44,102,43.1,13,34,38.2,8,10,80.0,16,28,23,4,4,8,18,2,2,2
401469327,2023,2023-04-02,2023-04-02 23:00:00,21,Suns,Phoenix,PHX,46,81,56.8,13,34,38.2,23,28,82.1,5,33,31,4,6,13,30,16,0,0
401469327,2023,2023-04-02,2023-04-02 23:00:00,25,Thunder,Oklahoma City,OKC,36,88,40.9,11,32,34.4,35,41,85.4,13,28,21,7,0,8,23,7,0,3
401469328,2023,2023-04-02,2023-04-03 00:00:00,11,Pacers,Indiana,IND,36,83,43.4,9,24,37.5,24,29,82.8,11,33,21,5,6,15,26,11,2,0
401469328,2023,2023-04-02,2023-04-03 00:00:00,5,Cavaliers,Cleveland,CLE,44,90,48.9,9,24,37.5,18,26,69.2,13,30,23,7,7,10,22,14,3,0
401469329,2023,2023-04-02,2023-04-03 00:00:00,20,76ers,Philadelphia,PHI,40,87,46.0,12,36,33.3,12,13,92.3,11,25,19,3,2,11,17,0,0,0
401469329,2023,2023-04-02,2023-04-03 00:00:00,15,Bucks,Milwaukee,MIL,46,80,57.5,10,28,35.7,15,21,71.4,7,35,28,8,5,9,17,22,3,0
401469330,2023,2023-04-02,2023-04-03 00:30:00,9,Warriors,Golden State,GS,42,105,40.0,9,42,21.4,17,17,100.0,22,35,26,9,4,15,22,15,0,2
401469330,2023,2023-04-02,2023-04-03 00:30:00,7,Nuggets,Denver,DEN,44,100,44.0,9,33,27.3,15,18,83.3,17,30,24,11,7,11,17,12,2,0
401469316,2023,2023-04-01,2023-04-01 23:30:00,6,Mavericks,Dallas,DAL,47,77,61.0,14,34,41.2,14,16,87.5,1,30,32,3,2,14,23,8,0,1
401469316,2023,2023-04-01,2023-04-01 23:30:00,14,Heat,Miami,MIA,45,86,52.3,13,37,35.1,26,29,89.7,10,26,27,6,0,8,16,18,3,0
401469317,2023,2023-04-01,2023-04-02 00:30:00,12,Clippers,LA,LAC,42,85,49.4,11,29,37.9,19,23,82.6,11,26,25,5,4,13,29,12,0,1
401469317,2023,2023-04-01,2023-04-02 00:30:00,3,Pelicans,New Orleans,NO,42,86,48.8,7,17,41.2,31,35,88.6,14,26,21,6,5,7,15,9,0,0
401469303,2023,2023-03-31,2023-03-31 23:00:00,4,Bulls,Chicago,CHI,45,88,51.1,13,31,41.9,18,22,81.8,9,33,25,12,4,7,13,32,0,0
401469303,2023,2023-03-31,2023-03-31 23:00:00,30,Hornets,Charlotte,CHA,35,77,45.5,14,37,37.8,7,10,70.0,4,32,27,3,5,21,21,0,1,0
401469304,2023,2023-03-31,2023-03-31 23:00:00,25,Thunder,Oklahoma City,OKC,42,88,47.7,4,30,13.3,29,34,85.3,11,34,21,10,3,10,24,10,1,0
401469304,2023,2023-03-31,2023-03-31 23:00:00,11,Pacers,Indiana,IND,45,98,45.9,12,41,29.3,19,28,67.9,20,36,30,5,4,15,21,9,1,0
401469305,2023,2023-03-31,2023-03-31 23:00:00,28,Raptors,Toronto,TOR,42,84,50.0,8,26,30.8,18,23,78.3,14,20,26,6,3,13,19,1,0,1
401469305,2023,2023-03-31,2023-03-31 23:00:00,20,76ers,Philadelphia,PHI,41,73,56.2,12,31,38.7,23,25,92.0,9,28,28,7,6,16,20,24,2,2
401469306,2023,2023-03-31,2023-03-31 23:00:00,19,Magic,Orlando,ORL,44,88,50.0,8,24,33.3,20,26,76.9,6,42,26,2,14,10,16,8,1,1
401469306,2023,2023-03-31,2023-03-31 23:00:00,27,Wizards,Washington,WSH,41,105,39.0,17,50,34.0,10,12,83.3,15,36,24,5,5,12,24,16,1,0
401469307,2023,2023-03-31,2023-03-31 23:30:00,26,Jazz,Utah,UTAH,46,96,47.9,9,29,31.0,13,14,92.9,13,39,23,3,7,18,17,4,0,2
401469307,2023,2023-03-31,2023-03-31 23:30:00,2,Celtics,Boston,BOS,42,96,43.8,17,51,33.3,21,22,95.5,10,32,27,8,4,11,14,17,1,2
401469308,2023,2023-03-31,2023-03-31 23:30:00,1,Hawks,Atlanta,ATL,39,91,42.9,8,37,21.6,21,23,91.3,16,30,23,6,3,11,14,8,0,0
401469308,2023,2023-03-31,2023-03-31 23:30:00,17,Nets,Brooklyn,BKN,49,88,55.7,15,33,45.5,11,13,84.6,9,32,33,9,3,12,17,23,1,0
401469309,2023,2023-03-31,2023-03-31 23:30:00,18,Knicks,New York,NY,49,93,52.7,17,36,47.2,15,24,62.5,16,32,24,6,5,7,12,15,3,0
401469309,2023,2023-03-31,2023-03-31 23:30:00,5,Cavaliers,Cleveland,CLE,44,86,51.2,17,37,45.9,11,13,84.6,3,30,33,2,9,10,21,8,0,0
401469310,2023,2023-03-31,2023-04-01 00:00:00,8,Pistons,Detroit,DET,43,89,48.3,11,35,31.4,18,27,66.7,13,27,24,7,7,12,28,8,0,3
401469310,2023,2023-03-31,2023-04-01 00:00:00,10,Rockets,Houston,HOU,38,83,45.8,11,31,35.5,34,45,75.6,14,32,18,9,5,12,24,8,0,2
401469311,2023,2023-03-31,2023-04-01 00:00:00,12,Clippers,LA,LAC,34,90,37.8,11,35,31.4,15,18,83.3,12,38,26,5,8,17,14,20,1,0
401469311,2023,2023-03-31,2023-04-01 00:00:00,29,Grizzlies,Memphis,MEM,43,96,44.8,9,33,27.3,13,17,76.5,12,39,25,11,7,14,16,22,1,0
401469312,2023,2023-03-31,2023-04-01 00:00:00,13,Lakers,Los Angeles,LAL,45,90,50.0,9,22,40.9,24,30,80.0,15,38,28,10,5,16,17,14,0,1
401469312,2023,2023-03-31,2023-04-01 00:00:00,16,Timberwolves,Minnesota,MIN,41,95,43.2,13,39,33.3,16,19,84.2,12,27,25,10,4,16,22,13,0,0
401469313,2023,2023-03-31,2023-04-01 02:00:00,24,Spurs,San Antonio,SA,42,91,46.2,15,38,39.5,16,23,69.6,14,32,27,8,4,13,20,9,2,0
401469313,2023,2023-03-31,2023-04-01 02:00:00,9,Warriors,Golden State,GS,47,93,50.5,21,49,42.9,15,21,71.4,14,31,37,5,4,14,18,18,1,0
401469314,2023,2023-03-31,2023-04-01 02:00:00,23,Kings,Sacramento,SAC,54,88,61.4,19,39,48.7,11,15,73.3,8,33,38,11,7,13,21,27,0,1
401469314,2023,2023-03-31,2023-04-01 02:00:00,22,Trail Blazers,Portland,POR,40,85,47.1,19,38,50.0,15,23,65.2,9,24,29,9,6,18,15,3,2,0
401469315,2023,2023-03-31,2023-04-01 02:30:00,7,Nuggets,Denver,DEN,38,95,40.0,6,26,23.1,11,20,55.0,15,36,19,11,5,11,16,2,0,3
401469315,2023,2023-03-31,2023-04-01 02:30:00,21,Suns,Phoenix,PHX,37,88,42.0,10,27,37.0,16,21,76.2,13,38,28,8,7,16,16,27,0,0
401469301,2023,2023-03-30,2023-03-30 23:30:00,2,Celtics,Boston,BOS,51,91,56.0,22,43,51.2,16,20,80.0,7,40,28,8,5,8,18,49,1,0
401469301,2023,2023-03-30,2023-03-30 23:30:00,15,Bucks,Milwaukee,MIL,38,101,37.6,14,43,32.6,9,13,69.2,15,30,22,4,1,13,16,3,0,1
401469302,2023,2023-03-30,2023-03-31 02:00:00,3,Pelicans,New Orleans,NO,38,80,47.5,13,27,48.1,18,22,81.8,8,38,22,6,1,10,24,21,2,0
401469302,2023,2023-03-30,2023-03-31 02:00:00,7,Nuggets,Denver,DEN,32,80,40.0,4,28,14.3,20,32,62.5,11,29,21,4,5,9,21,1,1,0
401469291,2023,2023-03-29,2023-03-29 23:00:00,15,Bucks,Milwaukee,MIL,58,93,62.4,10,25,40.0,23,30,76.7,14,38,28,5,5,18,18,23,1,3
401469291,2023,2023-03-29,2023-03-29 23:00:00,11,Pacers,Indiana,IND,53,101,52.5,14,30,46.7,16,22,72.7,10,19,36,9,4,8,25,3,0,1
401469292,2023,2023-03-29,2023-03-29 23:30:00,10,Rockets,Houston,HOU,46,98,46.9,9,30,30.0,13,21,61.9,20,32,21,9,2,10,18,9,0,2
401469292,2023,2023-03-29,2023-03-29 23:30:00,17,Nets,Brooklyn,BKN,44,82,53.7,17,35,48.6,18,27,66.7,8,33,33,4,9,12,18,9,0,0
401469293,2023,2023-03-29,2023-03-29 23:30:00,14,Heat,Miami,MIA,35,79,44.3,13,39,33.3,9,14,64.3,6,29,20,5,0,11,18,10,0,1
401469293,2023,2023-03-29,2023-03-29 23:30:00,18,Knicks,New York,NY,38,76,50.0,13,31,41.9,12,23,52.2,9,38,22,8,3,15,14,11,1,0
401469294,2023,2023-03-29,2023-03-29 23:30:00,6,Mavericks,Dallas,DAL,38,83,46.0,18,46,39.0,14,18,78.0,8,32,24,3,3,14,22,12,0,1
401469294,2023,2023-03-29,2023-03-29 23:30:00,20,76ers,Philadelphia,PHI,37,80,46.0,17,36,47.0,25,30,83.0,11,32,26,9,4,10,19,8,1,1
401469295,2023,2023-03-29,2023-03-30 00:00:00,13,Lakers,Los Angeles,LAL,45,86,52.3,7,20,35.0,24,30,80.0,13,32,22,10,3,15,14,18,1,1
401469295,2023,2023-03-29,2023-03-30 00:00:00,4,Bulls,Chicago,CHI,45,88,51.1,9,33,27.3,11,13,84.6,6,26,31,10,4,14,22,3,0,1
401469296,2023,2023-03-29,2023-03-30 00:00:00,12,Clippers,LA,LAC,48,78,61.5,22,37,59.5,23,31,74.2,3,29,28,8,4,15,21,12,1,0
401469296,2023,2023-03-29,2023-03-30 00:00:00,29,Grizzlies,Memphis,MEM,49,95,51.6,11,32,34.4,23,28,82.1,14,31,26,8,4,13,20,13,0,0
401469297,2023,2023-03-29,2023-03-30 00:00:00,8,Pistons,Detroit,DET,40,80,50.0,16,33,48.5,10,14,71.4,10,32,27,1,3,17,22,6,1,0
401469297,2023,2023-03-29,2023-03-30 00:00:00,25,Thunder,Oklahoma City,OKC,39,87,44.8,10,29,34.5,19,25,76.0,10,28,19,7,3,9,18,8,1,0
401469298,2023,2023-03-29,2023-03-30 00:00:00,26,Jazz,Utah,UTAH,49,90,54.4,12,31,38.7,18,20,90.0,8,37,28,5,6,16,17,19,0,1
401469298,2023,2023-03-29,2023-03-30 00:00:00,24,Spurs,San Antonio,SA,45,95,47.4,10,35,28.6,17,21,81.0,9,30,31,10,4,15,16,2,0,0
401469300,2023,2023-03-29,2023-03-30 02:00:00,23,Kings,Sacramento,SAC,42,92,45.7,18,48,37.5,18,24,75.0,10,49,30,9,4,8,11,40,2,0
401469300,2023,2023-03-29,2023-03-30 02:00:00,22,Trail Blazers,Portland,POR,30,93,32.3,9,39,23.1,11,12,91.7,8,37,18,5,6,14,15,5,0,0
401469299,2023,2023-03-29,2023-03-30 02:15:00,16,Timberwolves,Minnesota,MIN,40,90,44.4,12,35,34.3,8,12,66.7,16,38,24,4,4,21,24,10,0,0
401469299,2023,2023-03-29,2023-03-30 02:15:00,21,Suns,Phoenix,PHX,40,96,41.7,6,20,30.0,21,27,77.8,15,33,23,11,8,8,16,8,0,0
401469285,2023,2023-03-28,2023-03-28 23:00:00,2,Celtics,Boston,BOS,45,93,48.4,11,44,25.0,10,11,90.9,7,31,29,5,8,12,14,3,0,0
401469285,2023,2023-03-28,2023-03-28 23:00:00,27,Wizards,Washington,WSH,54,99,54.5,13,37,35.1,9,13,69.2,6,37,33,7,3,9,13,23,2,0
401469286,2023,2023-03-28,2023-03-28 23:30:00,5,Cavaliers,Cleveland,CLE,47,93,50.5,9,25,36.0,15,22,68.2,10,30,20,5,6,8,24,10,0,2
401469286,2023,2023-03-28,2023-03-28 23:30:00,1,Hawks,Atlanta,ATL,41,89,46.1,12,27,44.4,26,33,78.8,14,37,25,5,3,12,16,15,3,0
401469287,2023,2023-03-28,2023-03-28 23:30:00,14,Heat,Miami,MIA,32,80,40.0,10,33,30.3,18,19,94.7,12,31,18,6,3,15,10,10,1,0
401469287,2023,2023-03-28,2023-03-28 23:30:00,28,Raptors,Toronto,TOR,45,93,48.4,8,36,22.2,8,9,88.9,15,32,32,8,7,9,13,19,0,2
401469288,2023,2023-03-28,2023-03-29 00:00:00,19,Magic,Orlando,ORL,41,100,41.0,14,49,28.6,12,15,80.0,8,39,24,9,8,16,15,3,0,0
401469288,2023,2023-03-28,2023-03-29 00:00:00,29,Grizzlies,Memphis,MEM,42,88,47.7,12,34,35.3,17,23,73.9,7,42,26,11,6,16,17,23,1,1
401469289,2023,2023-03-28,2023-03-29 00:00:00,30,Hornets,Charlotte,CHA,52,94,55.3,14,35,40.0,19,30,63.3,15,37,34,6,7,18,24,13,0,1
401469289,2023,2023-03-28,2023-03-29 00:00:00,25,Thunder,Oklahoma City,OKC,50,96,52.1,11,30,36.7,23,29,79.3,7,32,25,11,3,11,21,13,0,0
401469290,2023,2023-03-28,2023-03-29 02:00:00,3,Pelicans,New Orleans,NO,42,90,46.7,12,27,44.4,13,14,92.9,11,30,30,6,4,17,18,20,2,2
401469290,2023,2023-03-28,2023-03-29 02:00:00,9,Warriors,Golden State,GS,43,82,52.4,18,40,45.0,16,22,72.7,11,30,32,11,4,18,18,15,1,1
401469277,2023,2023-03-27,2023-03-27 23:00:00,15,Bucks,Milwaukee,MIL,45,95,47.4,14,45,31.1,22,26,84.6,15,35,28,5,4,8,23,15,1,2
401469277,2023,2023-03-27,2023-03-27 23:00:00,8,Pistons,Detroit,DET,41,92,44.6,7,24,29.2,28,36,77.8,14,33,22,5,0,10,20,5,0,0
401469278,2023,2023-03-27,2023-03-27 23:00:00,6,Mavericks,Dallas,DAL,47,83,56.6,18,37,48.6,15,17,88.2,4,29,29,7,8,13,23,31,0,1
401469278,2023,2023-03-27,2023-03-27 23:00:00,11,Pacers,Indiana,IND,39,93,41.9,8,28,28.6,18,23,78.3,14,29,20,6,3,13,19,5,1,0
401469279,2023,2023-03-27,2023-03-27 23:30:00,10,Rockets,Houston,HOU,42,87,48.3,7,26,26.9,24,29,82.8,13,27,24,6,4,14,18,2,0,1
401469279,2023,2023-03-27,2023-03-27 23:30:00,18,Knicks,New York,NY,50,86,58.1,17,39,43.6,20,28,71.4,7,32,35,11,8,10,20,33,1,0
401469280,2023,2023-03-27,2023-03-28 01:00:00,21,Suns,Phoenix,PHX,43,101,42.6,11,36,30.6,20,22,90.9,18,31,31,7,7,6,20,16,1,0
401469280,2023,2023-03-27,2023-03-28 01:00:00,26,Jazz,Utah,UTAH,38,86,44.2,9,36,25.0,18,27,66.7,10,37,25,2,7,13,19,4,0,0
401469281,2023,2023-03-27,2023-03-28 01:30:00,20,76ers,Philadelphia,PHI,43,89,48.3,8,30,26.7,17,22,77.3,11,29,18,10,3,11,20,3,0,0
401469281,2023,2023-03-27,2023-03-28 01:30:00,7,Nuggets,Denver,DEN,43,85,50.6,11,32,34.4,19,22,86.4,10,32,34,8,4,12,16,22,0,0
401469282,2023,2023-03-27,2023-03-28 02:00:00,3,Pelicans,New Orleans,NO,49,86,57.0,12,28,42.9,14,17,82.4,8,45,31,5,6,16,16,36,1,0
401469282,2023,2023-03-27,2023-03-28 02:00:00,22,Trail Blazers,Portland,POR,35,90,38.9,7,33,21.2,13,15,86.7,6,23,15,6,2,12,16,2,0,1
401469283,2023,2023-03-27,2023-03-28 02:00:00,16,Timberwolves,Minnesota,MIN,44,86,51.2,9,24,37.5,22,34,64.7,11,29,33,6,3,6,27,13,0,1
401469283,2023,2023-03-27,2023-03-28 02:00:00,23,Kings,Sacramento,SAC,39,84,46.4,5,27,18.5,32,40,80.0,12,30,16,4,4,10,23,3,0,0
401469284,2023,2023-03-27,2023-03-28 02:30:00,4,Bulls,Chicago,CHI,44,82,53.7,9,23,39.1,15,21,71.4,8,26,26,9,3,14,11,5,1,1
401469284,2023,2023-03-27,2023-03-28 02:30:00,12,Clippers,LA,LAC,48,81,59.3,20,40,50.0,8,16,50.0,6,31,41,10,4,15,17,25,3,1
401469268,2023,2023-03-26,2023-03-26 17:00:00,6,Mavericks,Dallas,DAL,32,84,38.1,19,49,38.8,21,22,95.5,3,34,18,8,7,8,24,2,0,1
401469268,2023,2023-03-26,2023-03-26 17:00:00,30,Hornets,Charlotte,CHA,39,88,44.3,12,29,41.4,20,24,83.3,14,44,27,6,2,14,18,19,0,0
401469269,2023,2023-03-26,2023-03-26 19:30:00,4,Bulls,Chicago,CHI,47,87,54.0,14,31,45.2,10,13,76.9,8,34,32,8,2,9,23,21,0,2
401469269,2023,2023-03-26,2023-03-26 19:30:00,13,Lakers,Los Angeles,LAL,38,75,50.7,13,36,36.1,19,28,67.9,8,30,24,5,4,18,18,4,0,0
401469270,2023,2023-03-26,2023-03-26 22:00:00,29,Grizzlies,Memphis,MEM,48,89,53.9,13,33,39.4,14,19,73.7,6,33,28,8,7,11,22,9,0,2
401469270,2023,2023-03-26,2023-03-26 22:00:00,1,Hawks,Atlanta,ATL,45,98,45.9,7,31,22.6,22,26,84.6,14,34,27,4,5,10,15,2,0,0
401469271,2023,2023-03-26,2023-03-26 22:00:00,24,Spurs,San Antonio,SA,36,97,37.1,8,36,22.2,13,18,72.2,3,35,22,7,0,10,16,8,0,0
401469271,2023,2023-03-26,2023-03-26 22:00:00,2,Celtics,Boston,BOS,52,91,57.1,18,44,40.9,15,21,71.4,9,52,29,4,11,14,18,47,1,2
401469272,2023,2023-03-26,2023-03-26 22:00:00,10,Rockets,Houston,HOU,35,80,43.8,6,25,24.0,15,18,83.3,12,24,20,6,1,16,22,2,3,0
401469272,2023,2023-03-26,2023-03-26 22:00:00,5,Cavaliers,Cleveland,CLE,39,83,47.0,9,30,30.0,21,24,87.5,13,28,20,5,7,9,16,20,2,0
401469273,2023,2023-03-26,2023-03-26 22:00:00,17,Nets,Brooklyn,BKN,37,91,40.7,8,35,22.9,24,28,85.7,15,29,17,7,8,15,20,5,0,0
401469273,2023,2023-03-26,2023-03-26 22:00:00,19,Magic,Orlando,ORL,45,85,52.9,7,22,31.8,22,28,78.6,9,38,30,7,3,11,21,20,0,1
401469274,2023,2023-03-26,2023-03-26 22:00:00,27,Wizards,Washington,WSH,38,86,44.2,16,36,44.4,12,20,60.0,12,33,25,6,2,16,12,0,2,0
401469274,2023,2023-03-26,2023-03-26 22:00:00,28,Raptors,Toronto,TOR,45,98,45.9,11,31,35.5,13,16,81.3,18,35,22,13,6,11,19,21,2,2
401469275,2023,2023-03-26,2023-03-26 23:00:00,25,Thunder,Oklahoma City,OKC,41,94,43.6,12,35,34.3,24,28,85.7,13,29,23,13,2,11,19,8,0,2
401469275,2023,2023-03-26,2023-03-26 23:00:00,22,Trail Blazers,Portland,POR,39,82,47.6,14,32,43.8,20,27,74.1,8,29,18,5,7,18,22,12,0,0
401469276,2023,2023-03-26,2023-03-27 00:30:00,16,Timberwolves,Minnesota,MIN,34,80,42.5,17,40,42.5,14,25,56.0,9,40,25,10,2,17,20,12,0,1
401469276,2023,2023-03-26,2023-03-27 00:30:00,9,Warriors,Golden State,GS,34,82,41.5,15,40,37.5,13,17,76.5,6,31,25,9,2,16,19,5,0,0
401469262,2023,2023-03-25,2023-03-25 21:00:00,11,Pacers,Indiana,IND,52,96,54.2,14,37,37.8,12,12,100.0,10,22,33,7,7,17,18,9,0,0
401469262,2023,2023-03-25,2023-03-25 21:00:00,1,Hawks,Atlanta,ATL,53,96,55.2,15,30,50.0,22,25,88.0,15,27,33,10,8,11,14,18,2,1
401469263,2023,2023-03-25,2023-03-26 00:00:00,17,Nets,Brooklyn,BKN,44,89,49.4,18,40,45.0,23,25,92.0,17,28,30,6,6,6,18,32,2,0
401469263,2023,2023-03-25,2023-03-26 00:00:00,14,Heat,Miami,MIA,38,80,47.5,12,30,40.0,12,14,85.7,8,24,22,5,4,12,19,14,2,0
401469264,2023,2023-03-25,2023-03-26 01:00:00,15,Bucks,Milwaukee,MIL,39,88,44.3,9,36,25.0,19,21,90.5,4,36,26,7,2,10,19,10,0,3
401469264,2023,2023-03-25,2023-03-26 01:00:00,7,Nuggets,Denver,DEN,47,89,52.8,15,36,41.7,20,28,71.4,7,41,28,4,3,10,18,25,2,1
401469265,2023,2023-03-25,2023-03-26 02:00:00,20,76ers,Philadelphia,PHI,34,78,43.6,13,31,41.9,24,27,88.9,8,28,21,3,7,12,16,4,1,0
401469265,2023,2023-03-25,2023-03-26 02:00:00,21,Suns,Phoenix,PHX,47,93,50.5,15,32,46.9,16,19,84.2,13,32,35,4,9,7,22,21,1,1
401469266,2023,2023-03-25,2023-03-26 02:00:00,26,Jazz,Utah,UTAH,47,91,51.6,9,28,32.1,10,16,62.5,11,34,30,3,7,16,14,6,1,0
401469266,2023,2023-03-25,2023-03-26 02:00:00,23,Kings,Sacramento,SAC,44,95,46.3,16,43,37.2,17,21,81.0,14,28,30,11,1,8,13,12,1,1
401469267,2023,2023-03-25,2023-03-26 02:30:00,3,Pelicans,New Orleans,NO,51,96,53.1,21,34,61.8,8,9,88.9,12,33,36,11,3,15,21,25,1,2
401469267,2023,2023-03-25,2023-03-26 02:30:00,12,Clippers,LA,LAC,39,75,52.0,15,33,45.5,17,21,81.0,2,29,29,9,6,19,14,0,1,0
401469252,2023,2023-03-24,2023-03-24 23:00:00,11,Pacers,Indiana,IND,39,84,46.4,4,26,15.4,13,22,59.1,6,38,24,9,4,17,16,2,0,1
401469252,2023,2023-03-24,2023-03-24 23:00:00,2,Celtics,Boston,BOS,44,93,47.3,18,42,42.9,14,19,73.7,9,40,28,11,6,14,15,29,1,0
401469253,2023,2023-03-24,2023-03-24 23:00:00,24,Spurs,San Antonio,SA,51,101,50.5,13,38,34.2,9,15,60.0,11,30,35,4,4,5,21,4,0,1
401469253,2023,2023-03-24,2023-03-24 23:00:00,27,Wizards,Washington,WSH,51,85,60.0,15,30,50.0,19,26,73.1,6,37,29,3,8,7,16,18,3,0
401469254,2023,2023-03-24,2023-03-24 23:30:00,8,Pistons,Detroit,DET,34,73,46.6,6,25,24.0,23,30,76.7,8,31,23,8,4,22,18,2,0,0
401469254,2023,2023-03-24,2023-03-24 23:30:00,28,Raptors,Toronto,TOR,41,92,44.6,13,37,35.1,23,29,79.3,15,31,25,12,9,11,24,27,0,1
401469255,2023,2023-03-24,2023-03-25 00:00:00,10,Rockets,Houston,HOU,47,87,54.0,7,23,30.4,13,21,61.9,10,28,25,7,3,15,14,5,1,0
401469255,2023,2023-03-24,2023-03-25 00:00:00,29,Grizzlies,Memphis,MEM,57,93,61.3,25,42,59.5,12,14,85.7,5,30,36,12,7,10,19,41,1,0
401469256,2023,2023-03-24,2023-03-25 00:30:00,30,Hornets,Charlotte,CHA,43,89,48.3,11,28,39.3,20,27,74.1,6,37,32,7,4,8,17,21,0,1
401469256,2023,2023-03-24,2023-03-25 00:30:00,6,Mavericks,Dallas,DAL,41,84,48.8,9,36,25.0,18,24,75.0,7,38,25,3,4,10,19,2,1,0
401469257,2023,2023-03-24,2023-03-25 01:00:00,15,Bucks,Milwaukee,MIL,55,99,55.6,22,50,44.0,12,16,75.0,9,41,42,6,11,12,20,36,1,2
401469257,2023,2023-03-24,2023-03-25 01:00:00,26,Jazz,Utah,UTAH,40,104,38.5,11,40,27.5,25,34,73.5,20,31,28,6,5,11,15,0,0,0
401469258,2023,2023-03-24,2023-03-25 02:00:00,20,76ers,Philadelphia,PHI,38,78,49.0,8,29,28.0,28,34,82.0,4,34,23,8,1,10,20,11,0,0
401469258,2023,2023-03-24,2023-03-25 02:00:00,9,Warriors,Golden State,GS,42,88,48.0,18,50,36.0,18,24,75.0,10,39,27,3,0,11,21,8,0,2
401469259,2023,2023-03-24,2023-03-25 02:00:00,4,Bulls,Chicago,CHI,48,84,57.1,17,28,60.7,11,14,78.6,11,36,33,6,8,16,19,30,1,0
401469259,2023,2023-03-24,2023-03-25 02:00:00,22,Trail Blazers,Portland,POR,37,86,43.0,6,31,19.4,16,18,88.9,8,23,23,10,5,12,14,3,2,0
401469260,2023,2023-03-24,2023-03-25 02:00:00,21,Suns,Phoenix,PHX,48,89,53.9,9,29,31.0,22,29,75.9,12,31,33,2,7,12,25,14,0,2
401469260,2023,2023-03-24,2023-03-25 02:00:00,23,Kings,Sacramento,SAC,47,89,52.8,13,39,33.3,28,32,87.5,5,28,29,6,3,4,23,13,0,0
401469261,2023,2023-03-24,2023-03-25 02:30:00,25,Thunder,Oklahoma City,OKC,40,92,43.5,14,36,38.9,17,19,89.5,12,33,21,6,5,10,19,2,0,0
401469261,2023,2023-03-24,2023-03-25 02:30:00,13,Lakers,Los Angeles,LAL,42,91,46.2,12,34,35.3,20,28,71.4,16,37,20,9,4,11,14,17,0,1
401469248,2023,2023-03-23,2023-03-23 23:00:00,18,Knicks,New York,NY,37,88,42.0,12,40,30.0,20,26,76.9,13,31,26,8,8,13,15,4,0,1
401469248,2023,2023-03-23,2023-03-23 23:00:00,19,Magic,Orlando,ORL,40,87,46.0,13,32,40.6,18,21,85.7,8,35,25,8,7,14,19,19,2,1
401469249,2023,2023-03-23,2023-03-23 23:30:00,5,Cavaliers,Cleveland,CLE,42,89,47.2,12,32,37.5,20,26,76.9,13,27,24,7,7,9,21,9,1,0
401469249,2023,2023-03-23,2023-03-23 23:30:00,17,Nets,Brooklyn,BKN,39,81,48.1,12,34,35.3,24,27,88.9,9,33,24,7,7,15,21,10,1,1
401469250,2023,2023-03-23,2023-03-24 00:00:00,30,Hornets,Charlotte,CHA,38,83,45.8,9,37,24.3,11,16,68.8,4,34,24,8,4,17,17,0,0,0
401469250,2023,2023-03-23,2023-03-24 00:00:00,3,Pelicans,New Orleans,NO,45,98,45.9,11,34,32.4,14,15,93.3,11,41,26,11,0,11,14,24,0,0
401469251,2023,2023-03-23,2023-03-24 02:30:00,25,Thunder,Oklahoma City,OKC,41,93,44.1,13,39,33.3,10,11,90.9,13,27,24,6,3,14,20,7,0,0
401469251,2023,2023-03-23,2023-03-24 02:30:00,12,Clippers,LA,LAC,47,84,56.0,18,37,48.6,15,20,75.0,8,34,34,9,5,13,9,28,2,0
401469238,2023,2023-03-22,2023-03-22 23:00:00,7,Nuggets,Denver,DEN,42,83,50.6,15,32,46.9,19,21,90.5,11,30,28,7,2,10,18,23,0,0
401469238,2023,2023-03-22,2023-03-22 23:00:00,27,Wizards,Washington,WSH,44,87,50.6,4,26,15.4,12,16,75.0,10,27,20,4,4,7,15,6,0,1
401469239,2023,2023-03-22,2023-03-22 23:30:00,18,Knicks,New York,NY,42,82,51.2,16,40,40.0,20,25,80.0,9,33,29,7,5,16,25,6,1,1
401469239,2023,2023-03-22,2023-03-22 23:30:00,14,Heat,Miami,MIA,45,79,57.0,16,28,57.1,21,26,80.8,2,27,28,9,1,10,18,12,0,0
401469240,2023,2023-03-22,2023-03-22 23:30:00,11,Pacers,Indiana,IND,43,77,55.8,11,21,52.4,21,25,84.0,8,31,27,4,5,18,29,13,0,1
401469240,2023,2023-03-22,2023-03-22 23:30:00,28,Raptors,Toronto,TOR,39,89,43.8,7,34,20.6,29,39,74.4,13,27,21,11,7,10,22,4,0,0
401469241,2023,2023-03-22,2023-03-22 23:30:00,9,Warriors,Golden State,GS,50,90,55.6,12,39,30.8,15,18,83.3,11,33,33,7,5,13,20,9,0,1
401469241,2023,2023-03-22,2023-03-22 23:30:00,6,Mavericks,Dallas,DAL,44,89,49.4,17,40,42.5,20,28,71.4,8,23,27,7,2,10,17,8,0,0
401469242,2023,2023-03-22,2023-03-23 00:00:00,20,76ers,Philadelphia,PHI,39,82,47.6,16,37,43.2,22,26,84.6,11,33,30,9,4,15,22,31,3,0
401469242,2023,2023-03-22,2023-03-23 00:00:00,4,Bulls,Chicago,CHI,34,83,41.0,6,25,24.0,17,22,77.3,15,27,18,7,4,19,16,0,0,2
401469243,2023,2023-03-22,2023-03-23 00:00:00,10,Rockets,Houston,HOU,48,93,51.6,12,33,36.4,17,23,73.9,20,28,27,6,3,16,25,3,0,1
401469243,2023,2023-03-22,2023-03-23 00:00:00,29,Grizzlies,Memphis,MEM,45,87,51.7,12,36,33.3,28,33,84.8,12,24,27,8,4,10,21,13,1,0
401469244,2023,2023-03-22,2023-03-23 00:00:00,24,Spurs,San Antonio,SA,36,93,38.7,9,39,23.1,13,20,65.0,8,38,26,7,6,19,21,0,0,0
401469244,2023,2023-03-22,2023-03-23 00:00:00,15,Bucks,Milwaukee,MIL,51,98,52.0,15,43,34.9,13,24,54.2,10,44,24,10,4,15,14,36,0,1
401469245,2023,2023-03-22,2023-03-23 00:00:00,1,Hawks,Atlanta,ATL,45,85,52.9,12,26,46.2,22,25,88.0,9,32,28,6,6,16,25,11,1,0
401469245,2023,2023-03-22,2023-03-23 00:00:00,16,Timberwolves,Minnesota,MIN,45,92,48.9,11,26,42.3,24,29,82.8,11,31,27,7,3,11,20,9,0,0
401469246,2023,2023-03-22,2023-03-23 01:00:00,22,Trail Blazers,Portland,POR,45,93,48.4,13,41,31.7,24,30,80.0,7,36,28,9,5,8,24,15,1,2
401469246,2023,2023-03-22,2023-03-23 01:00:00,26,Jazz,Utah,UTAH,39,82,47.6,11,35,31.4,26,36,72.2,7,40,24,4,5,17,21,10,0,1
401469247,2023,2023-03-22,2023-03-23 02:00:00,21,Suns,Phoenix,PHX,42,90,46.7,12,31,38.7,15,20,75.0,12,27,23,7,6,17,31,6,0,0
401469247,2023,2023-03-22,2023-03-23 02:00:00,13,Lakers,Los Angeles,LAL,39,70,55.7,8,17,47.1,36,46,78.3,5,31,27,7,2,13,20,12,2,0
401469232,2023,2023-03-21,2023-03-21 23:00:00,27,Wizards,Washington,WSH,42,83,50.6,10,32,31.3,18,23,78.3,4,29,30,7,4,14,23,8,0,0
401469232,2023,2023-03-21,2023-03-21 23:00:00,19,Magic,Orlando,ORL,43,80,53.8,12,27,44.4,24,25,96.0,7,35,27,7,5,15,21,13,1,0
401469233,2023,2023-03-21,2023-03-21 23:30:00,8,Pistons,Detroit,DET,37,91,40.7,13,40,32.5,20,24,83.3,9,26,20,8,2,9,26,3,1,0
401469233,2023,2023-03-21,2023-03-21 23:30:00,1,Hawks,Atlanta,ATL,44,95,46.3,14,38,36.8,27,36,75.0,21,40,26,5,6,9,20,29,2,0
401469234,2023,2023-03-21,2023-03-21 23:30:00,5,Cavaliers,Cleveland,CLE,42,83,50.6,14,29,48.3,17,21,81.0,8,26,23,6,3,14,20,24,0,0
401469234,2023,2023-03-21,2023-03-21 23:30:00,17,Nets,Brooklyn,BKN,41,92,44.6,9,33,27.3,18,23,78.3,19,30,25,6,5,16,19,7,1,0
401469235,2023,2023-03-21,2023-03-22 00:00:00,24,Spurs,San Antonio,SA,30,87,34.5,13,41,31.7,11,19,57.9,10,27,22,8,3,14,19,2,2,0
401469235,2023,2023-03-21,2023-03-22 00:00:00,3,Pelicans,New Orleans,NO,45,81,55.6,10,24,41.7,19,23,82.6,5,44,31,8,2,16,19,36,0,0
401469236,2023,2023-03-21,2023-03-22 02:00:00,2,Celtics,Boston,BOS,49,92,53.3,18,44,40.9,16,23,69.6,11,32,33,9,3,5,15,27,1,1
401469236,2023,2023-03-21,2023-03-22 02:00:00,23,Kings,Sacramento,SAC,39,81,48.1,17,44,38.6,14,21,66.7,10,32,25,3,4,14,19,7,0,0
401469237,2023,2023-03-21,2023-03-22 02:30:00,25,Thunder,Oklahoma City,OKC,39,93,41.9,10,37,27.0,13,14,92.9,12,35,19,2,4,11,21,5,1,0
401469237,2023,2023-03-21,2023-03-22 02:30:00,12,Clippers,LA,LAC,41,86,47.7,6,31,19.4,12,21,57.1,12,34,21,9,2,13,21,14,1,3
401469226,2023,2023-03-20,2023-03-20 23:00:00,11,Pacers,Indiana,IND,37,82,45.1,9,26,34.6,26,34,76.5,13,35,27,5,6,21,26,21,1,0
401469226,2023,2023-03-20,2023-03-20 23:00:00,30,Hornets,Charlotte,CHA,41,90,45.6,10,31,32.3,23,32,71.9,10,27,26,12,6,11,22,6,0,1
401469227,2023,2023-03-20,2023-03-20 23:00:00,4,Bulls,Chicago,CHI,39,94,41.5,7,33,21.2,24,29,82.8,4,38,20,12,7,10,18,7,1,0
401469227,2023,2023-03-20,2023-03-20 23:00:00,20,76ers,Philadelphia,PHI,38,90,42.2,10,36,27.8,19,22,86.4,9,45,28,8,8,19,25,8,2,0
401469228,2023,2023-03-20,2023-03-20 23:30:00,16,Timberwolves,Minnesota,MIN,51,83,61.4,14,24,58.3,24,32,75.0,7,27,34,9,4,15,24,17,0,0
401469228,2023,2023-03-20,2023-03-20 23:30:00,18,Knicks,New York,NY,48,85,56.5,14,28,50.0,24,28,85.7,7,27,26,7,3,16,22,5,1,1
401469229,2023,2023-03-20,2023-03-21 00:00:00,9,Warriors,Golden State,GS,44,88,50.0,17,48,35.4,16,19,84.2,16,32,31,12,6,18,14,16,2,1
401469229,2023,2023-03-20,2023-03-21 00:00:00,10,Rockets,Houston,HOU,39,93,41.9,10,36,27.8,20,24,83.3,13,28,14,14,2,17,14,3,1,1
401469230,2023,2023-03-20,2023-03-21 00:00:00,6,Mavericks,Dallas,DAL,39,84,46.4,11,36,30.6,19,20,95.0,8,29,22,5,4,12,19,16,0,0
401469230,2023,2023-03-20,2023-03-21 00:00:00,29,Grizzlies,Memphis,MEM,41,89,46.1,10,35,28.6,20,26,76.9,17,33,21,5,3,11,18,7,0,2
401469231,2023,2023-03-20,2023-03-21 01:00:00,23,Kings,Sacramento,SAC,41,97,42.3,19,52,36.5,19,25,76.0,8,35,28,5,3,6,20,3,0,0
401469231,2023,2023-03-20,2023-03-21 01:00:00,26,Jazz,Utah,UTAH,46,88,52.3,16,36,44.4,20,23,87.0,6,42,33,3,8,12,23,25,0,0
401469218,2023,2023-03-19,2023-03-19 19:30:00,7,Nuggets,Denver,DEN,42,80,52.5,12,23,52.2,12,13,92.3,6,34,31,5,3,16,17,22,1,0
401469218,2023,2023-03-19,2023-03-19 19:30:00,17,Nets,Brooklyn,BKN,38,82,46.3,12,35,34.3,14,16,87.5,9,24,26,10,3,11,16,2,1,1
401469219,2023,2023-03-19,2023-03-19 19:30:00,21,Suns,Phoenix,PHX,44,92,47.8,15,36,41.7,17,24,70.8,9,31,31,7,9,14,31,15,0,1
401469219,2023,2023-03-19,2023-03-19 19:30:00,25,Thunder,Oklahoma City,OKC,42,84,50.0,11,28,39.3,29,36,80.6,6,38,20,8,3,15,20,10,1,2
401469220,2023,2023-03-19,2023-03-19 20:00:00,1,Hawks,Atlanta,ATL,48,101,47.5,5,22,22.7,17,20,85.0,20,31,21,4,4,12,13,24,0,1
401469220,2023,2023-03-19,2023-03-19 20:00:00,24,Spurs,San Antonio,SA,51,94,54.3,14,28,50.0,10,16,62.5,10,31,26,9,5,12,18,10,0,1
401469221,2023,2023-03-19,2023-03-19 22:00:00,14,Heat,Miami,MIA,38,79,48.1,13,39,33.3,23,25,92.0,8,34,33,4,4,10,17,12,0,0
401469221,2023,2023-03-19,2023-03-19 22:00:00,8,Pistons,Detroit,DET,38,82,46.3,10,32,31.3,14,17,82.4,9,30,26,4,2,11,20,7,2,0
401469222,2023,2023-03-19,2023-03-19 23:00:00,3,Pelicans,New Orleans,NO,42,85,49.4,13,31,41.9,20,24,83.3,10,29,28,7,4,10,23,20,0,3
401469222,2023,2023-03-19,2023-03-19 23:00:00,10,Rockets,Houston,HOU,31,76,40.8,9,33,27.3,36,38,94.7,8,28,15,4,2,12,22,3,1,0
401469223,2023,2023-03-19,2023-03-20 00:00:00,28,Raptors,Toronto,TOR,44,99,44.4,14,34,41.2,9,12,75.0,9,32,25,6,4,7,15,8,0,0
401469223,2023,2023-03-19,2023-03-20 00:00:00,15,Bucks,Milwaukee,MIL,43,82,52.4,16,45,35.6,16,21,76.2,7,38,35,3,8,12,13,9,0,0
401469224,2023,2023-03-19,2023-03-20 01:00:00,12,Clippers,LA,LAC,43,94,45.7,12,28,42.9,19,23,82.6,18,31,26,11,3,9,18,16,1,0
401469224,2023,2023-03-19,2023-03-20 01:00:00,22,Trail Blazers,Portland,POR,37,82,45.1,6,29,20.7,22,24,91.7,11,29,24,7,9,13,14,0,2,0
401469225,2023,2023-03-19,2023-03-20 01:30:00,19,Magic,Orlando,ORL,41,102,40.2,10,38,26.3,13,17,76.5,13,31,24,8,3,8,28,9,0,1
401469225,2023,2023-03-19,2023-03-20 01:30:00,13,Lakers,Los Angeles,LAL,36,78,46.2,13,32,40.6,26,32,81.3,9,43,25,2,9,15,19,16,0,1
401469210,2023,2023-03-18,2023-03-18 17:00:00,7,Nuggets,Denver,DEN,43,84,51.2,12,33,36.4,12,15,80.0,6,27,30,3,2,13,21,13,0,0
401469210,2023,2023-03-18,2023-03-18 17:00:00,18,Knicks,New York,NY,41,83,49.4,9,32,28.1,25,28,89.3,15,28,23,9,4,12,16,13,0,1
401469211,2023,2023-03-18,2023-03-18 19:00:00,19,Magic,Orlando,ORL,42,84,50.0,10,31,32.3,19,25,76.0,9,36,23,14,5,17,22,11,1,0
401469211,2023,2023-03-18,2023-03-18 19:00:00,12,Clippers,LA,LAC,42,90,46.7,6,22,27.3,18,24,75.0,13,30,23,9,3,15,24,8,0,0
401469212,2023,2023-03-18,2023-03-18 23:00:00,20,76ers,Philadelphia,PHI,54,88,61.4,15,35,42.9,18,22,81.8,6,24,31,11,6,7,17,24,1,0
401469212,2023,2023-03-18,2023-03-18 23:00:00,11,Pacers,Indiana,IND,45,87,51.7,12,31,38.7,19,20,95.0,12,29,28,5,5,14,17,8,3,1
401469213,2023,2023-03-18,2023-03-18 23:00:00,16,Timberwolves,Minnesota,MIN,39,85,45.9,5,23,21.7,24,28,85.7,9,33,27,5,2,14,23,3,1,0
401469213,2023,2023-03-18,2023-03-18 23:00:00,28,Raptors,Toronto,TOR,48,90,53.3,9,27,33.3,17,21,81.0,9,36,23,11,3,15,25,19,0,0
401469214,2023,2023-03-18,2023-03-19 00:00:00,23,Kings,Sacramento,SAC,48,86,55.8,22,37,59.5,14,23,60.9,7,37,34,7,7,8,22,23,0,0
401469214,2023,2023-03-18,2023-03-19 00:00:00,27,Wizards,Washington,WSH,41,91,45.1,13,36,36.1,23,27,85.2,12,34,27,6,5,9,18,10,1,0
401469215,2023,2023-03-18,2023-03-19 00:00:00,14,Heat,Miami,MIA,35,82,42.7,10,37,27.0,19,24,79.2,14,25,23,4,2,13,10,1,1,0
401469215,2023,2023-03-18,2023-03-19 00:00:00,4,Bulls,Chicago,CHI,45,80,56.3,17,34,50.0,6,6,100.0,5,27,34,8,5,10,18,27,4,1
401469216,2023,2023-03-18,2023-03-19 00:00:00,9,Warriors,Golden State,GS,39,91,42.9,13,35,37.1,28,34,82.4,15,27,27,3,8,13,21,2,0,0
401469216,2023,2023-03-18,2023-03-19 00:00:00,29,Grizzlies,Memphis,MEM,52,95,54.7,18,38,47.4,11,17,64.7,11,28,35,5,5,6,24,20,1,0
401469217,2023,2023-03-18,2023-03-19 01:00:00,2,Celtics,Boston,BOS,42,88,47.7,22,51,43.1,11,16,68.8,5,35,30,2,2,6,17,19,2,0
401469217,2023,2023-03-18,2023-03-19 01:00:00,26,Jazz,Utah,UTAH,42,97,43.3,17,41,41.5,17,22,77.3,17,39,29,3,5,7,14,7,0,2
401469202,2023,2023-03-17,2023-03-17 23:00:00,20,76ers,Philadelphia,PHI,46,92,50.0,10,32,31.3,19,25,76.0,14,48,24,9,9,13,19,42,2,0
401469202,2023,2023-03-17,2023-03-17 23:00:00,30,Hornets,Charlotte,CHA,29,86,33.7,5,35,14.3,19,26,73.1,7,28,20,10,6,13,16,5,1,2
401469203,2023,2023-03-17,2023-03-17 23:30:00,9,Warriors,Golden State,GS,47,98,48.0,11,40,27.5,14,20,70.0,16,38,28,6,9,17,20,12,0,0
401469203,2023,2023-03-17,2023-03-17 23:30:00,1,Hawks,Atlanta,ATL,47,100,47.0,16,41,39.0,17,25,68.0,13,32,27,7,8,10,15,14,1,1
401469204,2023,2023-03-17,2023-03-17 23:30:00,27,Wizards,Washington,WSH,35,76,46.1,8,23,34.8,16,20,80.0,6,32,22,5,6,16,19,0,1,1
401469204,2023,2023-03-17,2023-03-17 23:30:00,5,Cavaliers,Cleveland,CLE,48,87,55.2,4,19,21.1,17,22,77.3,9,32,31,9,7,10,19,26,1,0
401469205,2023,2023-03-17,2023-03-18 00:00:00,16,Timberwolves,Minnesota,MIN,46,100,46.0,18,42,42.9,21,31,67.7,14,36,33,6,8,15,24,13,1,1
401469205,2023,2023-03-17,2023-03-18 00:00:00,4,Bulls,Chicago,CHI,51,94,54.3,11,24,45.8,26,30,86.7,6,41,23,9,6,11,21,8,1,1
401469206,2023,2023-03-17,2023-03-18 00:00:00,3,Pelicans,New Orleans,NO,39,82,47.6,12,28,42.9,22,25,88.0,8,27,22,8,5,9,17,16,0,0
401469206,2023,2023-03-17,2023-03-18 00:00:00,10,Rockets,Houston,HOU,43,88,48.9,11,32,34.4,17,24,70.8,15,37,20,9,3,12,19,8,1,1
401469207,2023,2023-03-17,2023-03-18 00:00:00,29,Grizzlies,Memphis,MEM,49,101,48.5,14,38,36.8,14,21,66.7,15,37,27,13,9,17,24,6,0,1
401469207,2023,2023-03-17,2023-03-18 00:00:00,24,Spurs,San Antonio,SA,39,98,39.8,20,52,38.5,22,29,75.9,16,38,31,11,4,19,19,29,1,1
401469208,2023,2023-03-17,2023-03-18 02:00:00,2,Celtics,Boston,BOS,41,87,47.1,15,42,35.7,29,35,82.9,18,34,29,12,2,16,19,21,2,0
401469208,2023,2023-03-17,2023-03-18 02:00:00,22,Trail Blazers,Portland,POR,38,79,48.1,14,38,36.8,22,31,71.0,8,29,20,12,4,18,26,3,1,0
401469209,2023,2023-03-17,2023-03-18 02:30:00,6,Mavericks,Dallas,DAL,40,79,50.6,16,34,47.1,15,19,78.9,7,28,27,8,4,13,26,14,2,2
401469209,2023,2023-03-17,2023-03-18 02:30:00,13,Lakers,Los Angeles,LAL,43,84,51.2,5,20,25.0,19,31,61.3,13,29,23,8,3,12,18,7,0,0
401469197,2023,2023-03-16,2023-03-16 23:00:00,7,Nuggets,Denver,DEN,47,89,52.8,8,24,33.3,17,25,68.0,13,34,29,9,7,9,15,22,1,0
401469197,2023,2023-03-16,2023-03-16 23:00:00,8,Pistons,Detroit,DET,39,85,45.9,12,27,44.4,10,18,55.6,13,24,24,8,3,17,20,7,0,1
401469198,2023,2023-03-16,2023-03-16 23:30:00,23,Kings,Sacramento,SAC,32,82,39.0,13,41,31.7,24,32,75.0,13,44,22,2,5,12,17,17,0,1
401469198,2023,2023-03-16,2023-03-16 23:30:00,17,Nets,Brooklyn,BKN,33,80,41.3,14,39,35.9,16,23,69.6,3,38,20,8,4,6,22,9,1,2
401469199,2023,2023-03-16,2023-03-16 23:30:00,25,Thunder,Oklahoma City,OKC,40,94,42.6,13,31,41.9,18,20,90.0,11,28,18,5,4,13,17,7,0,0
401469199,2023,2023-03-16,2023-03-16 23:30:00,28,Raptors,Toronto,TOR,47,97,48.5,14,32,43.8,20,28,71.4,19,40,29,10,6,10,20,20,0,0
401469200,2023,2023-03-16,2023-03-17 00:00:00,11,Pacers,Indiana,IND,54,97,55.7,22,46,47.8,9,15,60.0,8,34,36,5,3,8,20,18,2,0
401469200,2023,2023-03-16,2023-03-17 00:00:00,15,Bucks,Milwaukee,MIL,47,89,52.8,11,32,34.4,18,26,69.2,9,35,26,5,4,12,16,14,0,0
401469201,2023,2023-03-16,2023-03-17 02:00:00,19,Magic,Orlando,ORL,43,86,50.0,8,28,28.6,19,23,82.6,11,36,25,7,3,17,20,6,2,0
401469201,2023,2023-03-16,2023-03-17 02:00:00,21,Suns,Phoenix,PHX,43,90,47.8,13,35,37.1,17,17,100.0,7,28,26,7,5,14,22,12,0,1
401469190,2023,2023-03-15,2023-03-15 23:30:00,20,76ers,Philadelphia,PHI,39,75,52.0,17,36,47.2,23,27,85.2,13,33,24,8,6,18,21,10,2,2
401469190,2023,2023-03-15,2023-03-15 23:30:00,5,Cavaliers,Cleveland,CLE,40,85,47.1,14,41,34.1,15,22,68.2,12,21,20,6,2,10,18,13,2,2
401469191,2023,2023-03-15,2023-03-15 23:30:00,29,Grizzlies,Memphis,MEM,46,91,50.5,18,46,39.1,9,14,64.3,12,27,29,6,1,16,20,4,0,1
401469191,2023,2023-03-15,2023-03-15 23:30:00,14,Heat,Miami,MIA,49,82,59.8,13,29,44.8,27,33,81.8,8,33,33,8,5,13,16,28,0,1
401469192,2023,2023-03-15,2023-03-16 00:00:00,23,Kings,Sacramento,SAC,38,78,48.7,18,42,42.9,23,29,79.3,5,40,26,6,3,19,19,8,1,0
401469192,2023,2023-03-15,2023-03-16 00:00:00,4,Bulls,Chicago,CHI,38,97,39.2,16,42,38.1,22,25,88.0,13,35,28,13,4,14,24,16,1,0
401469193,2023,2023-03-15,2023-03-16 00:00:00,13,Lakers,Los Angeles,LAL,34,90,37.8,11,44,25.0,31,37,83.8,11,25,21,7,3,8,17,1,2,0
401469193,2023,2023-03-15,2023-03-16 00:00:00,10,Rockets,Houston,HOU,47,89,52.8,8,29,27.6,12,19,63.2,16,35,22,5,3,17,29,18,1,3
401469194,2023,2023-03-15,2023-03-16 00:00:00,2,Celtics,Boston,BOS,34,84,40.5,12,40,30.0,24,30,80.0,8,36,20,7,5,9,22,14,2,1
401469194,2023,2023-03-15,2023-03-16 00:00:00,16,Timberwolves,Minnesota,MIN,37,84,44.0,12,36,33.3,16,22,72.7,8,38,27,3,2,13,23,5,0,4
401469195,2023,2023-03-15,2023-03-16 00:30:00,6,Mavericks,Dallas,DAL,44,86,51.2,17,33,51.5,32,37,86.5,10,42,23,4,4,18,25,12,1,0
401469195,2023,2023-03-15,2023-03-16 00:30:00,24,Spurs,San Antonio,SA,49,107,45.8,15,34,44.1,15,26,57.7,16,31,26,7,4,10,30,9,0,0
401469196,2023,2023-03-15,2023-03-16 02:00:00,9,Warriors,Golden State,GS,49,88,55.7,17,36,47.2,11,15,73.3,7,29,28,5,1,16,25,7,0,2
401469196,2023,2023-03-15,2023-03-16 02:00:00,12,Clippers,LA,LAC,46,96,47.9,16,34,47.1,26,32,81.3,16,28,30,11,1,7,18,13,1,0
401469182,2023,2023-03-14,2023-03-14 23:00:00,5,Cavaliers,Cleveland,CLE,45,88,51.1,14,30,46.7,16,19,84.2,8,22,29,8,6,8,19,26,1,1
401469182,2023,2023-03-14,2023-03-14 23:00:00,30,Hornets,Charlotte,CHA,43,76,56.6,6,23,26.1,12,15,80.0,6,34,28,3,8,19,18,5,3,0
401469183,2023,2023-03-14,2023-03-14 23:00:00,8,Pistons,Detroit,DET,38,99,38.4,10,34,29.4,11,12,91.7,19,25,18,8,3,11,19,0,0,1
401469183,2023,2023-03-14,2023-03-14 23:00:00,27,Wizards,Washington,WSH,44,85,51.8,7,32,21.9,22,22,100.0,10,38,24,9,9,13,12,25,2,0
401469184,2023,2023-03-14,2023-03-14 23:30:00,7,Nuggets,Denver,DEN,42,76,55.3,6,25,24.0,20,25,80.0,4,28,29,9,4,14,17,0,0,1
401469184,2023,2023-03-14,2023-03-14 23:30:00,28,Raptors,Toronto,TOR,49,93,52.7,12,30,40.0,15,17,88.2,14,30,25,10,2,11,18,24,0,3
401469185,2023,2023-03-14,2023-03-15 00:00:00,13,Lakers,Los Angeles,LAL,40,82,48.8,18,39,46.2,25,28,89.3,15,37,24,8,2,17,16,40,1,2
401469185,2023,2023-03-14,2023-03-15 00:00:00,3,Pelicans,New Orleans,NO,42,98,42.9,11,43,25.6,13,20,65.0,15,26,23,9,3,12,24,0,0,1
401469186,2023,2023-03-14,2023-03-15 00:00:00,17,Nets,Brooklyn,BKN,35,82,42.7,12,41,29.3,25,34,73.5,11,35,25,3,5,17,20,16,0,0
401469186,2023,2023-03-14,2023-03-15 00:00:00,25,Thunder,Oklahoma City,OKC,45,99,45.5,11,33,33.3,20,23,87.0,14,37,22,9,0,9,25,15,2,0
401469187,2023,2023-03-14,2023-03-15 00:00:00,19,Magic,Orlando,ORL,44,97,45.4,10,29,34.5,16,21,76.2,13,29,24,7,2,9,16,6,0,0
401469187,2023,2023-03-14,2023-03-15 00:00:00,24,Spurs,San Antonio,SA,48,85,56.5,22,41,53.7,14,18,77.8,7,40,39,6,7,14,17,19,1,0
401469188,2023,2023-03-14,2023-03-15 02:00:00,15,Bucks,Milwaukee,MIL,40,85,47.1,12,39,30.8,24,37,64.9,13,33,24,8,6,12,15,16,1,0
401469188,2023,2023-03-14,2023-03-15 02:00:00,21,Suns,Phoenix,PHX,41,95,43.2,8,23,34.8,14,16,87.5,8,33,23,7,3,11,26,3,0,2
401469189,2023,2023-03-14,2023-03-15 02:00:00,18,Knicks,New York,NY,42,81,51.9,15,35,42.9,24,34,70.6,9,43,23,8,8,12,13,19,1,0
401469189,2023,2023-03-14,2023-03-15 02:00:00,22,Trail Blazers,Portland,POR,38,99,38.4,17,45,37.8,14,18,77.8,11,27,22,8,3,10,19,16,2,1
401469175,2023,2023-03-13,2023-03-13 23:00:00,11,Pacers,Indiana,IND,36,86,41.9,10,34,29.4,15,24,62.5,13,29,23,7,5,14,15,1,2,0
401469175,2023,2023-03-13,2023-03-13 23:00:00,8,Pistons,Detroit,DET,48,100,48.0,14,36,38.9,7,10,70.0,19,33,28,10,5,14,21,31,1,1
401469176,2023,2023-03-13,2023-03-13 23:30:00,16,Timberwolves,Minnesota,MIN,54,92,58.7,12,28,42.9,16,23,69.6,5,32,39,12,10,10,22,28,3,0
401469176,2023,2023-03-13,2023-03-13 23:30:00,1,Hawks,Atlanta,ATL,44,97,45.4,4,22,18.2,23,28,82.1,18,33,17,6,4,15,19,1,1,1
401469177,2023,2023-03-13,2023-03-13 23:30:00,26,Jazz,Utah,UTAH,43,90,47.8,16,38,42.1,13,18,72.2,16,32,31,7,4,18,25,8,0,0
401469177,2023,2023-03-13,2023-03-13 23:30:00,14,Heat,Miami,MIA,37,79,46.8,14,34,41.2,31,36,86.1,9,28,20,12,4,13,13,12,0,0
401469178,2023,2023-03-13,2023-03-13 23:30:00,29,Grizzlies,Memphis,MEM,38,83,45.8,12,37,32.4,16,19,84.2,7,40,23,9,3,14,17,21,2,0
401469178,2023,2023-03-13,2023-03-13 23:30:00,6,Mavericks,Dallas,DAL,35,90,38.9,12,46,26.1,6,8,75.0,8,33,23,3,3,13,16,4,0,0
401469179,2023,2023-03-13,2023-03-14 00:00:00,2,Celtics,Boston,BOS,39,87,44.8,12,42,28.6,19,21,90.5,10,28,19,7,5,13,22,6,1,2
401469179,2023,2023-03-13,2023-03-14 00:00:00,10,Rockets,Houston,HOU,40,90,44.4,11,35,31.4,20,27,74.1,15,33,27,9,2,10,21,13,1,0
401469180,2023,2023-03-13,2023-03-14 02:00:00,21,Suns,Phoenix,PHX,46,95,48.4,4,21,19.0,16,22,72.7,17,30,25,8,4,14,23,0,0,1
401469180,2023,2023-03-13,2023-03-14 02:00:00,9,Warriors,Golden State,GS,45,83,54.2,19,39,48.7,14,24,58.3,9,32,28,8,6,14,21,25,2,1
401469181,2023,2023-03-13,2023-03-14 02:00:00,15,Bucks,Milwaukee,MIL,50,86,58.1,15,33,45.5,18,22,81.8,5,38,29,2,4,12,18,11,1,2
401469181,2023,2023-03-13,2023-03-14 02:00:00,23,Kings,Sacramento,SAC,46,104,44.2,21,50,42.0,11,15,73.3,15,30,31,4,2,9,21,15,0,2
401469169,2023,2023-03-12,2023-03-12 19:30:00,17,Nets,Brooklyn,BKN,42,84,50.0,17,44,38.6,21,24,87.5,4,24,32,11,2,8,21,15,2,0
401469169,2023,2023-03-12,2023-03-12 19:30:00,7,Nuggets,Denver,DEN,45,90,50.0,12,31,38.7,18,24,75.0,15,34,27,4,8,15,19,10,0,2
401469170,2023,2023-03-12,2023-03-12 21:00:00,5,Cavaliers,Cleveland,CLE,41,87,47.1,7,27,25.9,25,34,73.5,11,29,18,8,3,10,22,7,0,0
401469170,2023,2023-03-12,2023-03-12 21:00:00,30,Hornets,Charlotte,CHA,41,80,51.2,10,21,47.6,16,22,72.7,7,36,25,8,5,19,26,16,0,0
401469171,2023,2023-03-12,2023-03-12 22:00:00,27,Wizards,Washington,WSH,34,84,40.5,6,26,23.1,19,23,82.6,6,29,19,4,5,9,20,0,1,1
401469171,2023,2023-03-12,2023-03-12 22:00:00,20,76ers,Philadelphia,PHI,41,80,51.2,11,29,37.9,19,23,82.6,9,33,29,6,10,8,19,25,1,1
401469172,2023,2023-03-12,2023-03-12 23:00:00,22,Trail Blazers,Portland,POR,43,88,48.9,10,33,30.3,14,20,70.0,10,36,26,10,2,17,21,4,2,0
401469172,2023,2023-03-12,2023-03-12 23:00:00,3,Pelicans,New Orleans,NO,43,86,50.0,19,40,47.5,22,29,75.9,8,35,35,11,7,15,19,39,0,0
401469173,2023,2023-03-12,2023-03-12 23:00:00,25,Thunder,Oklahoma City,OKC,36,95,37.9,10,39,25.6,20,23,87.0,12,43,26,8,3,9,19,17,0,0
401469173,2023,2023-03-12,2023-03-12 23:00:00,24,Spurs,San Antonio,SA,33,88,37.5,10,36,27.8,14,19,73.7,10,40,24,3,7,18,18,5,1,1
401469174,2023,2023-03-12,2023-03-13 01:00:00,18,Knicks,New York,NY,42,88,47.7,11,37,29.7,17,21,81.0,12,34,18,8,3,11,18,10,0,0
401469174,2023,2023-03-12,2023-03-13 01:00:00,13,Lakers,Los Angeles,LAL,43,89,48.3,12,36,33.3,10,17,58.8,10,27,24,6,2,11,17,7,0,2
401469159,2023,2023-03-11,2023-03-11 21:00:00,18,Knicks,New York,NY,32,90,35.6,7,31,22.6,24,27,88.9,20,34,21,5,3,9,17,5,1,1
401469159,2023,2023-03-11,2023-03-11 21:00:00,12,Clippers,LA,LAC,42,87,48.3,10,30,33.3,12,16,75.0,7,32,22,3,4,8,20,14,2,0
401469160,2023,2023-03-11,2023-03-12 00:00:00,26,Jazz,Utah,UTAH,46,103,44.7,9,32,28.1,18,20,90.0,20,40,22,4,4,11,17,23,0,0
401469160,2023,2023-03-11,2023-03-12 00:00:00,30,Hornets,Charlotte,CHA,40,98,40.8,17,40,42.5,14,15,93.3,11,32,24,5,14,7,15,0,0,0
401469161,2023,2023-03-11,2023-03-12 00:00:00,11,Pacers,Indiana,IND,43,93,46.2,9,35,25.7,26,34,76.5,18,40,24,7,6,14,20,16,0,0
401469161,2023,2023-03-11,2023-03-12 00:00:00,8,Pistons,Detroit,DET,43,94,45.7,11,34,32.4,18,27,66.7,12,30,25,7,7,12,24,3,0,0
401469162,2023,2023-03-11,2023-03-12 00:00:00,14,Heat,Miami,MIA,42,94,44.7,11,37,29.7,19,20,95.0,5,30,19,8,2,17,17,7,0,2
401469162,2023,2023-03-11,2023-03-12 00:00:00,19,Magic,Orlando,ORL,48,99,48.5,13,37,35.1,17,20,85.0,15,39,34,10,10,18,20,15,1,1
401469163,2023,2023-03-11,2023-03-12 00:30:00,2,Celtics,Boston,BOS,52,95,54.7,20,42,47.6,10,12,83.3,5,35,35,6,6,8,21,16,1,1
401469163,2023,2023-03-11,2023-03-12 00:30:00,1,Hawks,Atlanta,ATL,50,100,50.0,10,34,29.4,15,16,93.8,13,35,24,4,4,10,17,7,0,1
401469164,2023,2023-03-11,2023-03-12 01:00:00,4,Bulls,Chicago,CHI,44,86,51.2,15,32,46.9,16,22,72.7,13,31,25,7,9,14,17,9,0,1
401469164,2023,2023-03-11,2023-03-12 01:00:00,10,Rockets,Houston,HOU,41,85,48.2,16,34,47.1,13,17,76.5,6,27,28,10,3,16,19,13,0,1
401469165,2023,2023-03-11,2023-03-12 01:00:00,6,Mavericks,Dallas,DAL,39,85,45.9,15,43,34.9,15,23,65.2,10,33,25,4,3,11,17,11,0,0
401469165,2023,2023-03-11,2023-03-12 01:00:00,29,Grizzlies,Memphis,MEM,41,86,47.7,10,38,26.3,20,24,83.3,11,34,25,7,5,11,16,9,0,0
401469166,2023,2023-03-11,2023-03-12 01:30:00,25,Thunder,Oklahoma City,OKC,37,80,46.3,9,28,32.1,27,32,84.4,4,34,17,11,2,11,17,21,1,1
401469166,2023,2023-03-11,2023-03-12 01:30:00,3,Pelicans,New Orleans,NO,34,81,42.0,12,34,35.3,16,19,84.2,8,35,23,3,4,22,25,4,0,1
401469167,2023,2023-03-11,2023-03-12 01:30:00,15,Bucks,Milwaukee,MIL,43,100,43.0,21,51,41.2,9,11,81.8,7,41,28,9,7,17,14,8,0,0
401469167,2023,2023-03-11,2023-03-12 01:30:00,9,Warriors,Golden State,GS,46,112,41.1,23,55,41.8,10,11,90.9,18,47,33,12,4,15,15,13,0,0
401469168,2023,2023-03-11,2023-03-12 02:00:00,23,Kings,Sacramento,SAC,41,85,48.2,15,35,42.9,31,37,83.8,8,31,19,10,2,15,19,10,0,0
401469168,2023,2023-03-11,2023-03-12 02:00:00,21,Suns,Phoenix,PHX,44,89,49.4,13,44,29.5,18,22,81.8,7,33,30,11,3,14,26,11,0,1
401469153,2023,2023-03-10,2023-03-11 00:00:00,22,Trail Blazers,Portland,POR,42,80,52.5,15,36,41.7,20,30,66.7,5,31,24,6,3,9,17,21,0,0
401469153,2023,2023-03-10,2023-03-11 00:00:00,20,76ers,Philadelphia,PHI,43,83,51.8,11,30,36.7,23,29,79.3,12,30,25,7,4,9,24,1,1,0
401469154,2023,2023-03-10,2023-03-11 00:00:00,1,Hawks,Atlanta,ATL,42,95,44.2,15,31,48.4,15,19,78.9,13,33,25,9,4,14,17,13,0,0
401469154,2023,2023-03-10,2023-03-11 00:00:00,27,Wizards,Washington,WSH,43,88,48.9,7,27,25.9,14,18,77.8,7,36,27,8,6,14,17,7,1,0
401469155,2023,2023-03-10,2023-03-11 01:00:00,5,Cavaliers,Cleveland,CLE,40,86,46.5,18,43,41.9,17,21,81.0,8,26,25,5,6,11,20,14,0,1
401469155,2023,2023-03-10,2023-03-11 01:00:00,14,Heat,Miami,MIA,42,82,51.2,14,29,48.3,21,23,91.3,11,35,22,7,4,16,20,7,0,0
401469156,2023,2023-03-10,2023-03-11 01:00:00,17,Nets,Brooklyn,BKN,42,91,46.2,16,34,47.1,24,33,72.7,12,36,20,7,5,14,26,9,1,1
401469156,2023,2023-03-10,2023-03-11 01:00:00,16,Timberwolves,Minnesota,MIN,48,98,49.0,9,30,30.0,18,29,62.1,12,35,29,10,6,14,21,12,0,1
401469157,2023,2023-03-10,2023-03-11 01:00:00,7,Nuggets,Denver,DEN,44,90,48.9,13,35,37.1,19,20,95.0,8,25,32,14,4,14,14,15,0,2
401469157,2023,2023-03-10,2023-03-11 01:00:00,24,Spurs,San Antonio,SA,51,94,54.3,13,33,39.4,13,17,76.5,13,37,31,10,0,18,20,12,1,2
401469158,2023,2023-03-10,2023-03-11 03:30:00,28,Raptors,Toronto,TOR,46,92,50.0,10,28,35.7,10,13,76.9,10,27,29,14,3,13,16,15,0,1
401469158,2023,2023-03-10,2023-03-11 03:30:00,13,Lakers,Los Angeles,LAL,45,80,56.3,13,30,43.3,19,19,100.0,5,30,28,8,8,20,10,12,1,0
401469147,2023,2023-03-09,2023-03-10 00:00:00,30,Hornets,Charlotte,CHA,43,86,50.0,8,24,33.3,19,32,59.4,13,31,24,11,9,12,18,18,1,0
401469147,2023,2023-03-09,2023-03-10 00:00:00,8,Pistons,Detroit,DET,40,89,44.9,7,21,33.3,16,20,80.0,17,31,20,5,4,19,22,3,0,1
401469148,2023,2023-03-09,2023-03-10 00:00:00,10,Rockets,Houston,HOU,49,107,45.8,6,17,35.3,21,29,72.4,20,38,18,6,6,16,22,2,1,0
401469148,2023,2023-03-09,2023-03-10 00:00:00,11,Pacers,Indiana,IND,48,100,48.0,18,45,40.0,20,21,95.2,8,34,34,12,15,11,21,18,1,1
401469149,2023,2023-03-09,2023-03-10 00:00:00,26,Jazz,Utah,UTAH,49,88,55.7,13,34,38.2,20,21,95.2,11,31,27,7,8,17,26,15,1,0
401469149,2023,2023-03-09,2023-03-10 00:00:00,19,Magic,Orlando,ORL,44,94,46.8,16,34,47.1,20,31,64.5,12,24,21,9,4,10,16,4,0,2
401469151,2023,2023-03-09,2023-03-10 00:30:00,9,Warriors,Golden State,GS,36,82,43.9,15,45,33.3,23,24,95.8,8,24,25,9,3,17,17,0,0,1
401469151,2023,2023-03-09,2023-03-10 00:30:00,29,Grizzlies,Memphis,MEM,50,93,53.8,18,40,45.0,13,18,72.2,9,33,36,6,3,12,18,23,2,0
401469150,2023,2023-03-09,2023-03-10 01:00:00,17,Nets,Brooklyn,BKN,41,104,39.4,14,36,38.9,17,17,100.0,15,32,20,10,4,13,12,8,1,0
401469150,2023,2023-03-09,2023-03-10 01:00:00,15,Bucks,Milwaukee,MIL,44,104,42.3,19,50,38.0,11,14,78.6,20,41,33,8,12,16,14,22,0,0
401469152,2023,2023-03-09,2023-03-10 03:00:00,18,Knicks,New York,NY,42,101,41.6,13,50,26.0,20,31,64.5,23,35,27,8,1,13,25,4,1,1
401469152,2023,2023-03-09,2023-03-10 03:00:00,23,Kings,Sacramento,SAC,44,84,52.4,10,32,31.3,24,32,75.0,6,36,28,10,3,12,21,21,0,0
401469140,2023,2023-03-08,2023-03-09 00:00:00,1,Hawks,Atlanta,ATL,45,85,52.9,12,29,41.4,20,26,76.9,8,28,26,11,5,11,17,9,0,0
401469140,2023,2023-03-08,2023-03-09 00:00:00,27,Wizards,Washington,WSH,47,83,56.6,12,29,41.4,14,17,82.4,6,33,34,9,1,17,16,15,2,0
401469141,2023,2023-03-08,2023-03-09 00:30:00,22,Trail Blazers,Portland,POR,30,82,36.6,11,39,28.2,22,27,81.5,6,41,18,5,2,15,19,3,1,0
401469141,2023,2023-03-08,2023-03-09 00:30:00,2,Celtics,Boston,BOS,42,88,47.7,18,49,36.7,13,20,65.0,5,40,26,9,2,10,20,27,1,0
401469142,2023,2023-03-08,2023-03-09 00:30:00,5,Cavaliers,Cleveland,CLE,39,80,48.8,9,28,32.1,17,19,89.5,7,25,26,13,3,15,23,12,2,0
401469142,2023,2023-03-08,2023-03-09 00:30:00,14,Heat,Miami,MIA,35,70,50.0,8,29,27.6,22,29,75.9,10,27,22,7,4,22,19,6,2,0
401469143,2023,2023-03-08,2023-03-09 00:30:00,6,Mavericks,Dallas,DAL,38,88,43.2,16,46,34.8,14,19,73.7,5,29,24,7,0,9,18,8,0,1
401469143,2023,2023-03-08,2023-03-09 00:30:00,3,Pelicans,New Orleans,NO,42,83,50.6,13,27,48.1,16,18,88.9,9,40,32,4,6,15,19,19,0,0
401469144,2023,2023-03-08,2023-03-09 02:00:00,4,Bulls,Chicago,CHI,46,89,51.7,8,24,33.3,17,18,94.4,9,41,26,9,2,8,16,24,1,0
401469144,2023,2023-03-08,2023-03-09 02:00:00,7,Nuggets,Denver,DEN,37,88,42.0,15,40,37.5,7,15,46.7,11,33,26,5,2,11,16,10,0,0
401469145,2023,2023-03-08,2023-03-09 02:00:00,25,Thunder,Oklahoma City,OKC,33,88,37.5,15,43,34.9,20,21,95.2,7,30,23,9,2,16,13,1,0,3
401469145,2023,2023-03-08,2023-03-09 02:00:00,21,Suns,Phoenix,PHX,49,94,52.1,20,43,46.5,14,16,87.5,14,40,31,10,7,14,17,36,1,0
401469146,2023,2023-03-08,2023-03-09 03:00:00,28,Raptors,Toronto,TOR,37,96,38.5,13,32,40.6,13,14,92.9,15,26,21,12,2,12,23,10,0,1
401469146,2023,2023-03-08,2023-03-09 03:00:00,12,Clippers,LA,LAC,39,71,54.9,6,20,30.0,24,31,77.4,9,35,23,9,4,17,18,15,0,0
401469133,2023,2023-03-07,2023-03-08 00:00:00,15,Bucks,Milwaukee,MIL,46,78,59.0,10,28,35.7,32,34,94.1,3,35,28,5,5,16,18,16,1,2
401469133,2023,2023-03-07,2023-03-08 00:00:00,19,Magic,Orlando,ORL,50,100,50.0,9,30,30.0,14,19,73.7,10,28,24,7,0,13,22,1,0,1
401526670,2023,2023-03-07,2023-03-08 00:00:00,27,Wizards,Washington,WSH,47,81,58.0,12,25,48.0,13,17,76.5,9,28,27,9,5,14,20,8,1,0
401526670,2023,2023-03-07,2023-03-08 00:00:00,8,Pistons,Detroit,DET,43,84,51.2,13,30,43.3,18,22,81.8,10,20,29,6,3,11,16,8,1,0
401469134,2023,2023-03-07,2023-03-08 00:30:00,30,Hornets,Charlotte,CHA,42,85,49.4,12,32,37.5,16,21,76.2,10,32,27,2,5,10,20,7,2,2
401469134,2023,2023-03-07,2023-03-08 00:30:00,18,Knicks,New York,NY,38,89,42.7,11,40,27.5,18,24,75.0,10,29,18,3,4,8,18,16,0,0
401469135,2023,2023-03-07,2023-03-08 00:30:00,20,76ers,Philadelphia,PHI,40,81,49.4,15,25,60.0,22,23,95.7,8,46,21,8,6,15,17,28,1,0
401469135,2023,2023-03-07,2023-03-08 00:30:00,16,Timberwolves,Minnesota,MIN,34,86,39.5,11,36,30.6,15,21,71.4,6,28,19,9,7,11,16,5,0,2
401469136,2023,2023-03-07,2023-03-08 01:00:00,17,Nets,Brooklyn,BKN,40,81,49.4,15,40,37.5,23,29,79.3,5,31,23,12,7,12,21,22,0,0
401469136,2023,2023-03-07,2023-03-08 01:00:00,10,Rockets,Houston,HOU,36,83,43.4,7,26,26.9,17,24,70.8,15,33,14,6,1,19,22,11,0,2
401469137,2023,2023-03-07,2023-03-08 01:00:00,9,Warriors,Golden State,GS,47,89,52.8,20,51,39.2,14,16,87.5,8,25,36,8,3,21,21,4,0,1
401469137,2023,2023-03-07,2023-03-08 01:00:00,25,Thunder,Oklahoma City,OKC,50,94,53.2,17,37,45.9,20,24,83.3,13,31,28,10,2,15,17,15,3,0
401469138,2023,2023-03-07,2023-03-08 01:30:00,26,Jazz,Utah,UTAH,41,92,44.6,15,44,34.1,19,25,76.0,6,41,23,10,4,16,23,8,0,0
401469138,2023,2023-03-07,2023-03-08 01:30:00,6,Mavericks,Dallas,DAL,42,89,47.2,19,45,42.2,17,22,77.3,3,40,24,10,6,16,20,14,1,0
401469139,2023,2023-03-07,2023-03-08 03:00:00,29,Grizzlies,Memphis,MEM,36,93,38.7,9,37,24.3,22,29,75.9,6,39,18,6,6,7,25,6,0,0
401469139,2023,2023-03-07,2023-03-08 03:00:00,13,Lakers,Los Angeles,LAL,41,90,45.6,7,28,25.0,23,29,79.3,7,50,27,4,2,13,18,9,2,0
401469126,2023,2023-03-06,2023-03-07 00:00:00,2,Celtics,Boston,BOS,42,101,41.6,16,48,33.3,14,21,66.7,15,37,25,5,5,12,21,15,2,0
401469126,2023,2023-03-06,2023-03-07 00:00:00,5,Cavaliers,Cleveland,CLE,43,96,44.8,12,34,35.3,20,25,80.0,16,42,27,4,7,15,20,4,0,0
401469127,2023,2023-03-06,2023-03-07 00:00:00,20,76ers,Philadelphia,PHI,48,82,58.5,16,34,47.1,35,38,92.1,5,31,37,6,5,11,26,11,1,0
401469127,2023,2023-03-06,2023-03-07 00:00:00,11,Pacers,Indiana,IND,53,90,58.9,15,37,40.5,22,31,71.0,5,25,28,8,4,9,24,6,0,1
401469132,2023,2023-03-06,2023-03-07 00:00:00,22,Trail Blazers,Portland,POR,38,78,48.7,15,33,45.5,19,25,76.0,5,33,28,7,6,11,17,19,0,1
401469132,2023,2023-03-06,2023-03-07 00:00:00,8,Pistons,Detroit,DET,40,86,46.5,10,32,31.3,14,20,70.0,16,36,30,9,6,16,21,0,0,0
401469129,2023,2023-03-06,2023-03-07 00:30:00,1,Hawks,Atlanta,ATL,51,92,55.4,9,29,31.0,17,23,73.9,12,25,28,5,0,10,25,15,1,0
401469129,2023,2023-03-06,2023-03-07 00:30:00,14,Heat,Miami,MIA,41,77,53.2,16,29,55.2,32,37,86.5,8,24,27,6,4,11,17,7,0,1
401469130,2023,2023-03-06,2023-03-07 02:00:00,28,Raptors,Toronto,TOR,43,86,50.0,10,27,37.0,17,20,85.0,11,30,29,6,4,15,20,10,0,1
401469130,2023,2023-03-06,2023-03-07 02:00:00,7,Nuggets,Denver,DEN,43,86,50.0,13,33,39.4,19,23,82.6,12,29,30,9,2,13,12,5,1,0
401469131,2023,2023-03-06,2023-03-07 03:00:00,3,Pelicans,New Orleans,NO,43,80,53.8,11,29,37.9,11,14,78.6,7,33,29,6,4,16,19,7,0,0
401469131,2023,2023-03-06,2023-03-07 03:00:00,23,Kings,Sacramento,SAC,47,83,56.6,16,38,42.1,13,20,65.0,6,27,39,7,3,10,12,24,1,2
401469117,2023,2023-03-05,2023-03-05 18:00:00,21,Suns,Phoenix,PHX,49,89,55.1,12,34,35.3,20,25,80.0,9,32,27,5,2,9,28,9,0,2
401469117,2023,2023-03-05,2023-03-05 18:00:00,6,Mavericks,Dallas,DAL,38,77,49.4,15,38,39.5,35,38,92.1,5,26,15,5,0,10,22,8,0,3
401469118,2023,2023-03-05,2023-03-05 20:30:00,11,Pacers,Indiana,IND,48,94,51.1,16,44,36.4,13,16,81.3,13,22,27,5,6,9,18,10,0,0
401469118,2023,2023-03-05,2023-03-05 20:30:00,4,Bulls,Chicago,CHI,45,74,60.8,10,22,45.5,22,25,88.0,4,29,18,6,3,14,20,10,1,1
401469119,2023,2023-03-05,2023-03-05 20:45:00,9,Warriors,Golden State,GS,36,91,39.6,18,52,34.6,15,18,83.3,7,35,27,2,6,12,21,3,1,0
401469119,2023,2023-03-05,2023-03-05 20:45:00,13,Lakers,Los Angeles,LAL,42,95,44.2,11,33,33.3,18,22,81.8,10,36,29,3,3,7,17,20,2,0
401469120,2023,2023-03-05,2023-03-05 23:00:00,30,Hornets,Charlotte,CHA,33,88,37.5,8,30,26.7,12,15,80.0,5,44,17,2,3,10,19,3,0,0
401469120,2023,2023-03-05,2023-03-05 23:00:00,17,Nets,Brooklyn,BKN,36,92,39.1,12,43,27.9,18,22,81.8,8,44,21,5,9,5,12,37,3,0
401469121,2023,2023-03-05,2023-03-05 23:00:00,22,Trail Blazers,Portland,POR,39,83,47.0,16,47,34.0,28,32,87.5,9,37,27,9,5,17,22,9,0,0
401469121,2023,2023-03-05,2023-03-05 23:00:00,19,Magic,Orlando,ORL,42,84,50.0,11,31,35.5,24,31,77.4,6,32,29,11,2,11,25,5,0,0
401469122,2023,2023-03-05,2023-03-06 00:00:00,24,Spurs,San Antonio,SA,43,93,46.2,11,34,32.4,13,21,61.9,13,22,23,5,4,15,20,8,0,0
401469122,2023,2023-03-05,2023-03-06 00:00:00,10,Rockets,Houston,HOU,52,85,61.2,13,24,54.2,25,29,86.2,6,38,29,10,3,12,20,32,0,0
401469123,2023,2023-03-05,2023-03-06 00:00:00,26,Jazz,Utah,UTAH,43,88,48.9,11,37,29.7,22,27,81.5,12,27,30,5,8,16,25,0,0,0
401469123,2023,2023-03-05,2023-03-06 00:00:00,25,Thunder,Oklahoma City,OKC,44,87,50.6,14,37,37.8,27,33,81.8,11,31,24,9,4,12,20,24,0,1
401469124,2023,2023-03-05,2023-03-06 00:30:00,18,Knicks,New York,NY,47,95,49.5,15,41,36.6,22,32,68.8,11,43,18,7,4,19,27,11,1,1
401469124,2023,2023-03-05,2023-03-06 00:30:00,2,Celtics,Boston,BOS,43,109,39.5,21,59,35.6,22,25,88.0,17,37,27,8,5,16,28,14,0,0
401469128,2023,2023-03-05,2023-03-06 00:30:00,15,Bucks,Milwaukee,MIL,39,83,47.0,22,49,44.9,17,22,77.3,7,38,30,5,6,12,15,17,0,0
401469128,2023,2023-03-05,2023-03-06 00:30:00,27,Wizards,Washington,WSH,46,108,42.6,8,31,25.8,11,12,91.7,20,36,21,8,2,9,19,4,0,0
401469125,2023,2023-03-05,2023-03-06 03:00:00,29,Grizzlies,Memphis,MEM,50,92,54.3,18,34,52.9,11,15,73.3,2,24,32,13,3,8,23,16,0,0
401469125,2023,2023-03-05,2023-03-06 03:00:00,12,Clippers,LA,LAC,45,85,52.9,12,29,41.4,33,35,94.3,13,40,25,6,2,17,17,11,0,0
401469111,2023,2023-03-04,2023-03-04 22:00:00,28,Raptors,Toronto,TOR,47,90,52.2,12,30,40.0,10,14,71.4,10,24,30,14,4,14,21,13,0,0
401469111,2023,2023-03-04,2023-03-04 22:00:00,27,Wizards,Washington,WSH,38,75,50.7,14,24,58.3,19,22,86.4,9,34,26,9,5,24,16,8,0,2
401469112,2023,2023-03-04,2023-03-05 00:30:00,8,Pistons,Detroit,DET,33,81,40.7,6,24,25.0,18,25,72.0,12,37,19,5,7,23,15,2,1,0
401469112,2023,2023-03-04,2023-03-05 00:30:00,5,Cavaliers,Cleveland,CLE,45,91,49.5,14,34,41.2,10,18,55.6,8,31,29,14,8,11,18,35,1,0
401469113,2023,2023-03-04,2023-03-05 01:00:00,1,Hawks,Atlanta,ATL,37,79,46.8,9,30,30.0,26,30,86.7,10,27,22,12,1,16,23,4,0,2
401469113,2023,2023-03-04,2023-03-05 01:00:00,14,Heat,Miami,MIA,42,83,50.6,13,35,37.1,20,23,87.0,12,31,31,5,3,19,19,21,1,0
401469114,2023,2023-03-04,2023-03-05 01:00:00,10,Rockets,Houston,HOU,49,87,56.3,8,23,34.8,16,22,72.7,14,31,26,9,5,14,24,17,2,0
401469114,2023,2023-03-04,2023-03-05 01:00:00,24,Spurs,San Antonio,SA,38,86,44.2,15,37,40.5,19,20,95.0,13,29,24,9,3,14,20,6,1,0
401469115,2023,2023-03-04,2023-03-05 01:30:00,20,76ers,Philadelphia,PHI,42,84,50.0,18,37,48.6,31,37,83.8,9,23,24,5,1,5,21,6,1,0
401469115,2023,2023-03-04,2023-03-05 01:30:00,15,Bucks,Milwaukee,MIL,44,83,53.0,17,34,50.0,25,28,89.3,11,32,30,3,3,13,23,18,0,2
401469116,2023,2023-03-04,2023-03-05 03:00:00,16,Timberwolves,Minnesota,MIN,48,80,60.0,20,39,51.3,22,31,71.0,6,34,31,4,6,11,21,17,1,0
401469116,2023,2023-03-04,2023-03-05 03:00:00,23,Kings,Sacramento,SAC,49,89,55.1,14,27,51.9,22,30,73.3,11,28,25,5,1,6,21,2,0,0
401469101,2023,2023-03-03,2023-03-04 00:00:00,19,Magic,Orlando,ORL,46,86,53.5,10,26,38.5,15,19,78.9,13,29,21,9,4,18,24,24,2,1
401469101,2023,2023-03-03,2023-03-04 00:00:00,30,Hornets,Charlotte,CHA,38,78,48.7,9,24,37.5,21,25,84.0,8,26,25,11,4,21,20,2,0,1
401469102,2023,2023-03-03,2023-03-04 00:30:00,22,Trail Blazers,Portland,POR,41,87,47.1,13,39,33.3,16,20,80.0,9,25,22,11,7,17,15,0,1,0
401469102,2023,2023-03-03,2023-03-04 00:30:00,1,Hawks,Atlanta,ATL,52,91,57.1,12,26,46.2,13,16,81.3,10,33,30,10,5,17,19,23,0,0
401469103,2023,2023-03-03,2023-03-04 00:30:00,17,Nets,Brooklyn,BKN,40,95,42.1,14,44,31.8,21,26,80.8,13,34,25,9,6,12,20,16,1,0
401469103,2023,2023-03-03,2023-03-04 00:30:00,2,Celtics,Boston,BOS,41,84,48.8,9,29,31.0,14,20,70.0,9,39,26,8,8,19,19,28,0,1
401469104,2023,2023-03-03,2023-03-04 01:00:00,18,Knicks,New York,NY,47,81,58.0,17,41,41.5,11,17,64.7,6,28,23,8,4,11,23,17,1,1
401469104,2023,2023-03-03,2023-03-04 01:00:00,14,Heat,Miami,MIA,39,81,48.1,12,25,48.0,30,32,93.8,11,28,23,7,2,12,17,5,0,0
401469105,2023,2023-03-03,2023-03-04 01:00:00,21,Suns,Phoenix,PHX,42,84,50.0,20,47,42.6,21,25,84.0,13,28,29,6,7,9,20,23,2,1
401469105,2023,2023-03-03,2023-03-04 01:00:00,4,Bulls,Chicago,CHI,39,83,47.0,7,23,30.4,19,25,76.0,9,25,24,7,1,8,15,4,1,2
401469106,2023,2023-03-03,2023-03-04 01:00:00,26,Jazz,Utah,UTAH,38,78,48.7,9,29,31.0,18,23,78.3,10,38,24,5,14,25,18,0,1,0
401469106,2023,2023-03-03,2023-03-04 01:00:00,25,Thunder,Oklahoma City,OKC,52,104,50.0,17,43,39.5,9,14,64.3,11,29,31,12,5,7,22,29,0,0
401469107,2023,2023-03-03,2023-03-04 03:00:00,29,Grizzlies,Memphis,MEM,31,84,36.9,11,32,34.4,24,31,77.4,10,30,24,6,6,10,24,11,1,1
401469107,2023,2023-03-03,2023-03-04 03:00:00,7,Nuggets,Denver,DEN,40,87,46.0,8,31,25.8,25,31,80.6,13,40,28,6,5,8,21,21,2,2
401469108,2023,2023-03-03,2023-03-04 03:00:00,3,Pelicans,New Orleans,NO,34,77,44.2,10,29,34.5,21,27,77.8,7,22,20,9,4,13,22,17,0,0
401469108,2023,2023-03-03,2023-03-04 03:00:00,9,Warriors,Golden State,GS,40,78,51.3,10,31,32.3,18,20,90.0,9,34,28,7,4,18,22,11,0,0
401469109,2023,2023-03-03,2023-03-04 03:00:00,12,Clippers,LA,LAC,47,87,54.0,14,41,34.1,19,27,70.4,6,26,31,7,3,7,24,7,0,0
401469109,2023,2023-03-03,2023-03-04 03:00:00,23,Kings,Sacramento,SAC,46,87,52.9,10,33,30.3,26,26,100.0,9,36,26,3,2,11,22,13,0,1
401469110,2023,2023-03-03,2023-03-04 03:30:00,16,Timberwolves,Minnesota,MIN,42,89,47.2,14,34,41.2,12,16,75.0,10,36,29,10,6,13,21,14,1,1
401469110,2023,2023-03-03,2023-03-04 03:30:00,13,Lakers,Los Angeles,LAL,36,87,41.4,10,31,32.3,20,24,83.3,11,30,23,8,2,15,19,7,0,0
401469097,2023,2023-03-02,2023-03-03 00:00:00,28,Raptors,Toronto,TOR,41,92,44.6,9,33,27.3,17,17,100.0,13,30,28,8,7,14,21,6,0,1
401469097,2023,2023-03-02,2023-03-03 00:00:00,27,Wizards,Washington,WSH,43,84,51.2,14,30,46.7,19,24,79.2,9,34,30,5,4,14,12,19,1,0
401469098,2023,2023-03-02,2023-03-03 00:30:00,20,76ers,Philadelphia,PHI,45,78,57.7,12,27,44.4,24,29,82.8,5,32,28,9,1,14,24,2,0,0
401469098,2023,2023-03-02,2023-03-03 00:30:00,6,Mavericks,Dallas,DAL,45,82,54.9,25,48,52.1,18,27,66.7,5,26,26,8,1,12,22,25,1,0
401469099,2023,2023-03-02,2023-03-03 01:30:00,11,Pacers,Indiana,IND,41,90,45.6,8,23,34.8,9,11,81.8,6,34,23,11,8,14,18,11,0,0
401469099,2023,2023-03-02,2023-03-03 01:30:00,24,Spurs,San Antonio,SA,45,98,45.9,10,32,31.3,10,13,76.9,13,37,31,5,6,15,14,18,2,0
401469100,2023,2023-03-02,2023-03-03 03:00:00,12,Clippers,LA,LAC,32,89,36.0,9,43,20.9,18,21,85.7,9,38,19,5,5,16,24,12,0,0
401469100,2023,2023-03-02,2023-03-03 03:00:00,9,Warriors,Golden State,GS,39,93,41.9,14,46,30.4,23,27,85.2,15,45,25,9,6,11,20,24,1,1
401469088,2023,2023-03-01,2023-03-02 00:00:00,21,Suns,Phoenix,PHX,42,89,47.2,9,25,36.0,12,15,80.0,5,43,30,8,9,12,22,20,1,0
401469088,2023,2023-03-01,2023-03-02 00:00:00,30,Hornets,Charlotte,CHA,32,88,36.4,9,33,27.3,18,28,64.3,12,36,20,3,7,13,17,0,1,0
401469089,2023,2023-03-01,2023-03-02 00:00:00,4,Bulls,Chicago,CHI,41,85,48.2,12,27,44.4,23,31,74.2,10,30,27,9,4,15,22,21,0,0
401469089,2023,2023-03-01,2023-03-02 00:00:00,8,Pistons,Detroit,DET,39,78,50.0,14,35,40.0,23,28,82.1,7,33,23,8,2,16,23,3,1,1
401469090,2023,2023-03-01,2023-03-02 00:30:00,5,Cavaliers,Cleveland,CLE,45,92,48.9,10,32,31.3,13,21,61.9,10,28,21,8,3,6,18,4,1,0
401469090,2023,2023-03-01,2023-03-02 00:30:00,2,Celtics,Boston,BOS,39,78,50.0,16,32,50.0,23,28,82.1,7,36,27,5,4,12,18,21,1,0
401469091,2023,2023-03-01,2023-03-02 00:30:00,20,76ers,Philadelphia,PHI,41,83,49.4,15,39,38.5,22,22,100.0,9,32,25,6,5,8,20,25,1,0
401469091,2023,2023-03-01,2023-03-02 00:30:00,14,Heat,Miami,MIA,34,78,43.6,7,29,24.1,21,23,91.3,5,28,18,3,2,12,17,7,1,1
401469092,2023,2023-03-01,2023-03-02 00:30:00,17,Nets,Brooklyn,BKN,42,90,46.7,15,39,38.5,19,20,95.0,5,26,26,6,5,12,21,3,2,0
401469092,2023,2023-03-01,2023-03-02 00:30:00,18,Knicks,New York,NY,54,89,60.7,20,35,57.1,14,21,66.7,7,39,28,5,3,16,21,30,0,0
401469093,2023,2023-03-01,2023-03-02 01:00:00,29,Grizzlies,Memphis,MEM,40,83,48.2,17,41,41.5,16,19,84.2,8,36,27,6,9,7,21,28,1,1
401469093,2023,2023-03-01,2023-03-02 01:00:00,10,Rockets,Houston,HOU,36,90,40.0,11,34,32.4,16,25,64.0,17,32,17,4,5,12,18,3,1,0
401469094,2023,2023-03-01,2023-03-02 01:00:00,19,Magic,Orlando,ORL,43,94,45.7,9,33,27.3,22,29,75.9,12,38,22,3,5,13,18,4,0,0
401469094,2023,2023-03-01,2023-03-02 01:00:00,15,Bucks,Milwaukee,MIL,49,94,52.1,26,56,46.4,15,19,78.9,8,38,29,4,1,8,23,26,0,0
401469095,2023,2023-03-01,2023-03-02 01:00:00,13,Lakers,Los Angeles,LAL,38,80,47.5,16,35,45.7,31,39,79.5,10,31,22,8,8,13,19,13,0,1
401469095,2023,2023-03-01,2023-03-02 01:00:00,25,Thunder,Oklahoma City,OKC,44,91,48.4,11,40,27.5,18,24,75.0,12,30,29,8,4,11,27,8,2,0
401469096,2023,2023-03-01,2023-03-02 03:00:00,3,Pelicans,New Orleans,NO,46,89,51.7,9,25,36.0,20,23,87.0,11,30,23,9,4,6,20,16,0,0
401469096,2023,2023-03-01,2023-03-02 03:00:00,22,Trail Blazers,Portland,POR,36,81,44.4,11,38,28.9,27,29,93.1,12,29,18,5,8,14,18,8,0,0
401469078,2023,2023-02-28,2023-03-01 00:30:00,27,Wizards,Washington,WSH,48,97,49.5,6,21,28.6,17,20,85.0,16,32,19,6,5,8,15,7,1,0
401469078,2023,2023-02-28,2023-03-01 00:30:00,1,Hawks,Atlanta,ATL,43,93,46.2,13,35,37.1,17,19,89.5,13,29,21,4,7,9,17,10,0,0
401469079,2023,2023-02-28,2023-03-01 00:30:00,15,Bucks,Milwaukee,MIL,50,102,49.0,14,37,37.8,4,12,33.3,11,44,32,10,3,17,21,18,0,2
401469079,2023,2023-02-28,2023-03-01 00:30:00,17,Nets,Brooklyn,BKN,36,83,43.4,12,36,33.3,20,25,80.0,3,35,25,12,6,17,19,15,1,1
401469080,2023,2023-02-28,2023-03-01 00:30:00,4,Bulls,Chicago,CHI,37,71,52.1,10,25,40.0,14,17,82.4,6,29,28,6,7,19,18,8,1,0
401469080,2023,2023-02-28,2023-03-01 00:30:00,28,Raptors,Toronto,TOR,38,94,40.4,15,42,35.7,13,19,68.4,19,28,26,11,6,11,17,9,1,0
401469082,2023,2023-02-28,2023-03-01 00:30:00,13,Lakers,Los Angeles,LAL,38,86,44.2,13,34,38.2,20,23,87.0,14,42,22,5,10,26,19,6,0,0
401469082,2023,2023-02-28,2023-03-01 00:30:00,29,Grizzlies,Memphis,MEM,51,112,45.5,6,31,19.4,13,17,76.5,14,33,25,13,6,6,17,14,1,0
401469081,2023,2023-02-28,2023-03-01 01:00:00,7,Nuggets,Denver,DEN,53,92,57.6,16,37,43.2,11,16,68.8,11,32,40,8,5,11,10,26,0,1
401469081,2023,2023-02-28,2023-03-01 01:00:00,10,Rockets,Houston,HOU,48,97,49.5,9,31,29.0,7,10,70.0,10,30,33,5,6,13,16,0,0,1
401469083,2023,2023-02-28,2023-03-01 01:00:00,23,Kings,Sacramento,SAC,43,82,52.4,15,42,35.7,22,30,73.3,8,43,34,3,4,19,21,17,1,1
401469083,2023,2023-02-28,2023-03-01 01:00:00,25,Thunder,Oklahoma City,OKC,43,98,43.9,11,35,31.4,20,24,83.3,12,30,28,9,1,10,23,2,0,0
401469084,2023,2023-02-28,2023-03-01 01:30:00,11,Pacers,Indiana,IND,41,78,52.6,11,28,39.3,31,40,77.5,5,36,25,3,8,9,19,12,0,1
401469084,2023,2023-02-28,2023-03-01 01:30:00,6,Mavericks,Dallas,DAL,46,91,50.5,12,37,32.4,18,28,64.3,9,29,28,5,3,7,29,7,0,1
401469085,2023,2023-02-28,2023-03-01 02:00:00,24,Spurs,San Antonio,SA,39,91,42.9,8,26,30.8,16,25,64.0,9,36,23,9,5,12,22,9,2,0
401469085,2023,2023-02-28,2023-03-01 02:00:00,26,Jazz,Utah,UTAH,30,85,35.3,10,34,29.4,24,36,66.7,14,38,15,8,9,20,15,10,0,1
401469086,2023,2023-02-28,2023-03-01 03:00:00,22,Trail Blazers,Portland,POR,37,86,43.0,12,39,30.8,19,22,86.4,9,24,26,8,4,13,17,23,0,0
401469086,2023,2023-02-28,2023-03-01 03:00:00,9,Warriors,Golden State,GS,49,91,53.8,12,30,40.0,13,16,81.3,12,34,34,5,2,18,19,19,0,0
401469087,2023,2023-02-28,2023-03-01 03:00:00,16,Timberwolves,Minnesota,MIN,43,90,47.8,9,26,34.6,13,22,59.1,10,36,22,14,8,17,20,13,2,0
401469087,2023,2023-02-28,2023-03-01 03:00:00,12,Clippers,LA,LAC,35,83,42.2,11,28,39.3,20,23,87.0,9,35,24,11,3,24,17,12,1,1
401469074,2023,2023-02-27,2023-02-28 00:00:00,8,Pistons,Detroit,DET,42,92,45.7,3,26,11.5,19,27,70.4,10,29,18,12,3,9,18,6,0,0
401469074,2023,2023-02-27,2023-02-28 00:00:00,30,Hornets,Charlotte,CHA,43,83,51.8,13,26,50.0,18,22,81.8,7,39,24,8,3,16,22,24,1,1
401469075,2023,2023-02-27,2023-02-28 00:00:00,14,Heat,Miami,MIA,35,81,43.2,15,37,40.5,16,22,72.7,12,25,21,10,3,12,20,11,1,0
401469075,2023,2023-02-27,2023-02-28 00:00:00,20,76ers,Philadelphia,PHI,32,73,43.8,10,27,37.0,25,28,89.3,9,30,20,7,3,18,24,3,2,0
401469076,2023,2023-02-27,2023-02-28 00:30:00,2,Celtics,Boston,BOS,37,84,44.0,9,42,21.4,11,14,78.6,7,28,21,5,8,11,22,3,1,2
401469076,2023,2023-02-27,2023-02-28 00:30:00,18,Knicks,New York,NY,37,78,47.4,12,31,38.7,23,34,67.6,7,37,20,6,3,11,11,20,4,1
401469077,2023,2023-02-27,2023-02-28 01:00:00,19,Magic,Orlando,ORL,36,79,45.6,9,34,26.5,20,26,76.9,11,32,21,9,1,15,20,11,2,1
401469077,2023,2023-02-27,2023-02-28 01:00:00,3,Pelicans,New Orleans,NO,34,76,44.7,6,27,22.2,19,23,82.6,9,29,23,9,2,17,26,3,0,0
401469065,2023,2023-02-26,2023-02-26 18:00:00,21,Suns,Phoenix,PHX,40,95,42.1,8,24,33.3,13,22,59.1,19,36,21,4,5,12,22,7,0,0
401469065,2023,2023-02-26,2023-02-26 18:00:00,15,Bucks,Milwaukee,MIL,38,87,43.7,13,45,28.9,15,21,71.4,11,34,15,4,7,11,20,11,1,1
401469066,2023,2023-02-26,2023-02-26 20:00:00,17,Nets,Brooklyn,BKN,43,87,49.4,14,39,35.9,27,29,93.1,6,31,20,12,6,9,21,5,1,1
401469066,2023,2023-02-26,2023-02-26 20:00:00,1,Hawks,Atlanta,ATL,45,90,50.0,16,30,53.3,23,28,82.1,13,33,20,7,2,15,18,18,1,1
401469067,2023,2023-02-26,2023-02-26 20:30:00,27,Wizards,Washington,WSH,32,76,42.1,6,28,21.4,12,23,52.2,12,30,22,5,1,16,18,6,0,2
401469067,2023,2023-02-26,2023-02-26 20:30:00,4,Bulls,Chicago,CHI,40,79,50.6,8,30,26.7,14,17,82.4,8,31,21,7,3,8,19,21,3,0
401469068,2023,2023-02-26,2023-02-26 20:30:00,13,Lakers,Los Angeles,LAL,42,97,43.3,6,34,17.6,21,28,75.0,17,39,25,9,4,10,17,4,1,1
401469068,2023,2023-02-26,2023-02-26 20:30:00,6,Mavericks,Dallas,DAL,39,93,41.9,20,49,40.8,10,14,71.4,11,37,21,5,5,16,24,27,1,1
401469069,2023,2023-02-26,2023-02-26 23:00:00,28,Raptors,Toronto,TOR,36,93,38.7,9,25,36.0,12,15,80.0,13,30,19,4,4,14,16,5,0,2
401469069,2023,2023-02-26,2023-02-26 23:00:00,5,Cavaliers,Cleveland,CLE,44,84,52.4,18,36,50.0,12,14,85.7,8,37,31,7,5,13,17,30,1,0
401469070,2023,2023-02-26,2023-02-27 00:00:00,23,Kings,Sacramento,SAC,45,85,52.9,18,43,41.9,16,24,66.7,13,35,32,7,1,19,21,15,1,0
401469070,2023,2023-02-26,2023-02-27 00:00:00,25,Thunder,Oklahoma City,OKC,41,86,47.7,16,40,40.0,17,23,73.9,9,28,24,10,0,14,19,0,0,0
401469071,2023,2023-02-26,2023-02-27 00:30:00,16,Timberwolves,Minnesota,MIN,38,90,42.2,17,45,37.8,11,21,52.4,10,33,26,11,8,16,18,14,0,0
401469071,2023,2023-02-26,2023-02-27 00:30:00,9,Warriors,Golden State,GS,39,91,42.9,15,42,35.7,16,22,72.7,16,40,23,11,5,16,19,8,2,2
401469072,2023,2023-02-26,2023-02-27 02:00:00,10,Rockets,Houston,HOU,45,100,45.0,7,26,26.9,17,25,68.0,18,30,24,7,2,13,26,2,1,1
401469072,2023,2023-02-26,2023-02-27 02:00:00,22,Trail Blazers,Portland,POR,42,77,54.5,20,39,51.3,27,35,77.1,6,31,20,7,7,13,21,23,1,2
401469073,2023,2023-02-26,2023-02-27 03:00:00,12,Clippers,LA,LAC,44,90,48.9,11,34,32.4,25,30,83.3,6,32,24,11,5,12,25,2,1,0
401469073,2023,2023-02-26,2023-02-27 03:00:00,7,Nuggets,Denver,DEN,49,96,51.0,13,39,33.3,23,31,74.2,11,39,35,10,3,14,23,18,2,1
401469058,2023,2023-02-25,2023-02-25 17:00:00,28,Raptors,Toronto,TOR,33,88,37.5,7,26,26.9,22,34,64.7,10,36,22,9,5,8,18,8,0,0
401469058,2023,2023-02-25,2023-02-25 17:00:00,8,Pistons,Detroit,DET,38,94,40.4,6,24,25.0,9,14,64.3,17,45,26,4,5,13,27,7,3,3
401469059,2023,2023-02-25,2023-02-26 00:00:00,14,Heat,Miami,MIA,32,80,40.0,11,36,30.6,28,34,82.4,7,35,24,7,3,16,25,2,2,1
401469059,2023,2023-02-25,2023-02-26 00:00:00,30,Hornets,Charlotte,CHA,38,88,43.2,10,31,32.3,22,27,81.5,11,37,20,10,2,15,22,22,0,2
401469060,2023,2023-02-25,2023-02-26 00:00:00,11,Pacers,Indiana,IND,48,99,48.5,15,40,37.5,10,14,71.4,10,35,35,9,8,7,24,21,3,0
401469060,2023,2023-02-25,2023-02-26 00:00:00,19,Magic,Orlando,ORL,35,90,38.9,6,29,20.7,32,38,84.2,15,40,16,4,8,13,19,5,1,0
401469061,2023,2023-02-25,2023-02-26 00:30:00,3,Pelicans,New Orleans,NO,40,102,39.2,8,38,21.1,18,21,85.7,13,26,25,11,0,7,15,0,0,1
401469061,2023,2023-02-25,2023-02-26 00:30:00,18,Knicks,New York,NY,45,88,51.1,19,48,39.6,19,23,82.6,11,43,24,1,7,19,22,32,0,0
401469062,2023,2023-02-25,2023-02-26 01:00:00,7,Nuggets,Denver,DEN,36,89,40.4,11,37,29.7,11,14,78.6,11,37,22,4,4,15,13,4,0,0
401469062,2023,2023-02-25,2023-02-26 01:00:00,29,Grizzlies,Memphis,MEM,45,95,47.4,15,44,34.1,7,8,87.5,11,39,25,10,3,12,13,35,0,1
401469063,2023,2023-02-25,2023-02-26 01:30:00,2,Celtics,Boston,BOS,43,86,50.0,16,36,44.4,8,12,66.7,9,35,20,6,4,12,22,10,1,0
401469063,2023,2023-02-25,2023-02-26 01:30:00,20,76ers,Philadelphia,PHI,35,78,44.9,9,27,33.3,28,35,80.0,8,34,19,8,3,10,13,15,0,0
401469064,2023,2023-02-25,2023-02-26 02:00:00,24,Spurs,San Antonio,SA,38,97,39.2,9,34,26.5,17,21,81.0,9,32,21,5,6,9,21,14,1,1
401469064,2023,2023-02-25,2023-02-26 02:00:00,26,Jazz,Utah,UTAH,43,92,46.7,10,28,35.7,22,28,78.6,15,41,29,5,11,14,16,18,2,1
401469050,2023,2023-02-24,2023-02-25 00:00:00,18,Knicks,New York,NY,45,92,48.9,12,29,41.4,13,16,81.3,12,31,21,9,2,12,17,6,0,0
401469050,2023,2023-02-24,2023-02-25 00:00:00,27,Wizards,Washington,WSH,39,79,49.4,19,44,43.2,12,12,100.0,3,31,25,6,6,17,20,19,2,0
401469051,2023,2023-02-24,2023-02-25 00:30:00,5,Cavaliers,Cleveland,CLE,40,88,45.5,13,35,37.1,26,29,89.7,10,25,20,9,6,11,23,7,0,0
401469051,2023,2023-02-24,2023-02-25 00:30:00,1,Hawks,Atlanta,ATL,50,85,58.8,15,28,53.6,21,23,91.3,5,37,28,7,8,14,21,32,0,1
401469052,2023,2023-02-24,2023-02-25 00:30:00,14,Heat,Miami,MIA,36,92,39.1,9,40,22.5,18,25,72.0,9,36,21,5,5,10,17,4,0,0
401469052,2023,2023-02-24,2023-02-25 00:30:00,15,Bucks,Milwaukee,MIL,47,98,48.0,19,46,41.3,15,19,78.9,10,47,27,6,1,10,18,35,2,0
401469053,2023,2023-02-24,2023-02-25 01:00:00,30,Hornets,Charlotte,CHA,43,92,46.7,10,28,35.7,25,28,89.3,11,41,25,10,4,11,17,11,0,0
401469053,2023,2023-02-24,2023-02-25 01:00:00,16,Timberwolves,Minnesota,MIN,46,93,49.5,11,33,33.3,10,16,62.5,7,38,25,6,11,15,20,4,1,1
401469055,2023,2023-02-24,2023-02-25 01:00:00,17,Nets,Brooklyn,BKN,30,81,37.0,12,44,27.3,15,19,78.9,5,26,21,6,3,13,25,0,1,0
401469055,2023,2023-02-24,2023-02-25 01:00:00,4,Bulls,Chicago,CHI,50,88,56.8,12,26,46.2,19,28,67.9,12,45,25,6,4,9,15,50,2,0
401469054,2023,2023-02-24,2023-02-25 03:00:00,25,Thunder,Oklahoma City,OKC,41,95,43.2,15,38,39.5,18,24,75.0,14,33,27,5,2,9,21,4,0,1
401469054,2023,2023-02-24,2023-02-25 03:00:00,21,Suns,Phoenix,PHX,42,90,46.7,14,38,36.8,26,32,81.3,15,39,23,5,5,11,22,14,0,0
401469056,2023,2023-02-24,2023-02-25 03:00:00,10,Rockets,Houston,HOU,36,92,39.1,11,35,31.4,18,22,81.8,13,31,23,12,3,7,18,7,0,0
401469056,2023,2023-02-24,2023-02-25 03:00:00,9,Warriors,Golden State,GS,37,78,47.4,26,54,48.1,16,18,88.9,7,40,27,3,3,18,20,19,1,0
401469057,2023,2023-02-24,2023-02-25 03:30:00,23,Kings,Sacramento,SAC,65,111,58.6,18,41,43.9,28,35,80.0,12,31,33,18,3,15,28,6,0,2
401469057,2023,2023-02-24,2023-02-25 03:30:00,12,Clippers,LA,LAC,59,98,60.2,26,45,57.8,31,36,86.1,7,35,39,8,3,25,27,14,0,0
401469041,2023,2023-02-23,2023-02-24 00:00:00,7,Nuggets,Denver,DEN,39,84,46.4,17,36,47.2,20,23,87.0,18,29,30,7,4,16,20,10,0,0
401469041,2023,2023-02-23,2023-02-24 00:00:00,5,Cavaliers,Cleveland,CLE,43,90,47.8,6,26,23.1,17,20,85.0,13,28,24,10,2,10,21,7,1,0
401469042,2023,2023-02-23,2023-02-24 00:00:00,2,Celtics,Boston,BOS,51,99,51.5,18,39,46.2,22,26,84.6,20,31,31,7,6,15,18,16,0,2
401469042,2023,2023-02-23,2023-02-24 00:00:00,11,Pacers,Indiana,IND,49,94,52.1,22,49,44.9,18,22,81.8,10,27,33,10,5,14,23,6,1,1
401469043,2023,2023-02-23,2023-02-24 00:00:00,8,Pistons,Detroit,DET,37,81,45.7,17,34,50.0,15,19,78.9,6,39,22,5,7,19,25,5,2,0
401469043,2023,2023-02-23,2023-02-24 00:00:00,19,Magic,Orlando,ORL,39,95,41.1,12,31,38.7,18,23,78.3,12,34,27,7,6,12,19,14,2,2
401469044,2023,2023-02-23,2023-02-24 00:30:00,29,Grizzlies,Memphis,MEM,34,87,39.1,7,32,21.9,30,36,83.3,13,36,22,5,7,11,27,17,0,1
401469044,2023,2023-02-23,2023-02-24 00:30:00,20,76ers,Philadelphia,PHI,34,84,40.5,13,36,36.1,29,36,80.6,7,36,25,3,10,10,26,5,2,1
401469045,2023,2023-02-23,2023-02-24 00:30:00,3,Pelicans,New Orleans,NO,39,84,46.4,13,30,43.3,19,25,76.0,6,37,23,6,2,13,19,2,0,2
401469045,2023,2023-02-23,2023-02-24 00:30:00,28,Raptors,Toronto,TOR,43,92,46.7,9,31,29.0,20,25,80.0,11,37,17,10,5,11,20,15,1,1
401469046,2023,2023-02-23,2023-02-24 01:30:00,24,Spurs,San Antonio,SA,45,86,52.3,10,25,40.0,16,23,69.6,10,35,30,4,1,16,25,3,1,1
401469046,2023,2023-02-23,2023-02-24 01:30:00,6,Mavericks,Dallas,DAL,46,82,56.1,22,42,52.4,28,36,77.8,3,33,27,10,5,6,18,30,1,1
401469047,2023,2023-02-23,2023-02-24 02:00:00,25,Thunder,Oklahoma City,OKC,45,112,40.2,8,37,21.6,21,27,77.8,20,34,23,8,3,10,23,10,1,0
401469047,2023,2023-02-23,2023-02-24 02:00:00,26,Jazz,Utah,UTAH,42,100,42.0,13,48,27.1,23,27,85.2,17,41,26,8,10,21,29,8,1,0
401469048,2023,2023-02-23,2023-02-24 03:00:00,9,Warriors,Golden State,GS,40,105,38.1,14,49,28.6,17,21,81.0,17,31,24,10,3,10,23,3,0,0
401469048,2023,2023-02-23,2023-02-24 03:00:00,13,Lakers,Los Angeles,LAL,42,86,48.8,16,30,53.3,24,34,70.6,10,48,30,8,3,14,20,28,2,0
401469049,2023,2023-02-23,2023-02-24 03:00:00,22,Trail Blazers,Portland,POR,43,93,46.2,16,38,42.1,14,17,82.4,9,24,26,12,3,12,23,16,1,0
401469049,2023,2023-02-23,2023-02-24 03:00:00,23,Kings,Sacramento,SAC,47,85,55.3,14,34,41.2,25,31,80.6,12,37,27,9,4,18,16,23,0,0
401524696,2023,2023-02-19,2023-02-20 00:30:00,112151,Team Giannis,Team Giannis,GIA,76,123,62.0,29,66,44.0,3,4,75.0,10,36,43,8,1,12,2,19,0,0
401524696,2023,2023-02-19,2023-02-20 00:30:00,111353,Team LeBron,Team LeBron,LEB,79,132,60.0,17,60,28.0,0,0,0.0,13,32,49,7,2,10,5,4,0,0
401469038,2023,2023-02-16,2023-02-17 00:30:00,15,Bucks,Milwaukee,MIL,40,88,45.5,18,47,38.3,14,18,77.8,9,43,24,4,7,8,16,25,1,1
401469038,2023,2023-02-16,2023-02-17 00:30:00,4,Bulls,Chicago,CHI,37,97,38.1,10,32,31.3,16,21,76.2,15,36,19,4,2,5,17,5,1,0
401469039,2023,2023-02-16,2023-02-17 01:00:00,27,Wizards,Washington,WSH,43,95,45.3,14,35,40.0,14,17,82.4,13,36,25,13,6,15,14,8,1,2
401469039,2023,2023-02-16,2023-02-17 01:00:00,16,Timberwolves,Minnesota,MIN,39,95,41.1,8,29,27.6,20,22,90.9,16,37,21,8,5,18,16,20,0,0
401469040,2023,2023-02-16,2023-02-17 03:00:00,12,Clippers,LA,LAC,40,82,48.8,11,34,32.4,25,27,92.6,8,35,29,8,2,14,19,11,0,2
401469040,2023,2023-02-16,2023-02-17 03:00:00,21,Suns,Phoenix,PHX,42,89,47.2,11,31,35.5,12,16,75.0,7,31,30,10,2,12,24,2,2,0
401469028,2023,2023-02-15,2023-02-16 00:00:00,24,Spurs,San Antonio,SA,41,107,38.3,13,38,34.2,15,20,75.0,20,38,24,7,6,15,24,10,0,0
401469028,2023,2023-02-15,2023-02-16 00:00:00,30,Hornets,Charlotte,CHA,43,96,44.8,14,35,40.0,20,29,69.0,15,43,26,8,12,15,17,12,1,0
401469029,2023,2023-02-15,2023-02-16 00:00:00,4,Bulls,Chicago,CHI,41,84,48.8,15,35,42.9,16,21,76.2,6,32,23,10,6,13,21,24,1,2
401469029,2023,2023-02-15,2023-02-16 00:00:00,11,Pacers,Indiana,IND,39,82,47.6,18,43,41.9,21,22,95.5,6,35,27,6,5,17,19,5,2,1
401469030,2023,2023-02-15,2023-02-16 00:30:00,5,Cavaliers,Cleveland,CLE,41,82,50.0,10,30,33.3,20,25,80.0,10,25,23,7,5,8,17,0,0,2
401469030,2023,2023-02-15,2023-02-16 00:30:00,20,76ers,Philadelphia,PHI,39,78,50.0,13,27,48.1,27,29,93.1,8,30,24,7,4,11,22,28,1,0
401469031,2023,2023-02-15,2023-02-16 00:30:00,18,Knicks,New York,NY,45,96,46.9,14,43,32.6,18,22,81.8,10,45,16,2,4,9,21,25,1,1
401469031,2023,2023-02-15,2023-02-16 00:30:00,1,Hawks,Atlanta,ATL,40,97,41.2,5,26,19.2,16,21,76.2,8,32,25,6,7,4,18,0,1,2
401469032,2023,2023-02-15,2023-02-16 00:30:00,8,Pistons,Detroit,DET,43,84,51.2,11,29,37.9,12,16,75.0,6,29,24,6,4,14,16,0,0,1
401469032,2023,2023-02-15,2023-02-16 00:30:00,2,Celtics,Boston,BOS,49,92,53.3,21,45,46.7,8,10,80.0,8,35,30,10,5,11,18,21,0,0
401469033,2023,2023-02-15,2023-02-16 00:30:00,14,Heat,Miami,MIA,38,83,45.8,8,28,28.6,21,29,72.4,12,29,19,4,3,8,18,6,0,0
401469033,2023,2023-02-15,2023-02-16 00:30:00,17,Nets,Brooklyn,BKN,41,77,53.2,17,39,43.6,17,20,85.0,5,31,26,3,5,11,27,14,0,0
401469034,2023,2023-02-15,2023-02-16 01:00:00,26,Jazz,Utah,UTAH,42,91,46.2,12,36,33.3,15,19,78.9,15,46,24,2,8,23,20,0,1,1
401469034,2023,2023-02-15,2023-02-16 01:00:00,29,Grizzlies,Memphis,MEM,43,107,40.2,14,40,35.0,17,25,68.0,17,29,24,13,9,4,21,24,0,1
401469035,2023,2023-02-15,2023-02-16 01:00:00,10,Rockets,Houston,HOU,30,89,33.7,10,37,27.0,26,38,68.4,14,33,20,5,7,17,33,1,1,3
401469035,2023,2023-02-15,2023-02-16 01:00:00,25,Thunder,Oklahoma City,OKC,42,87,48.3,9,34,26.5,40,47,85.1,10,39,21,8,4,10,21,42,1,3
401469036,2023,2023-02-15,2023-02-16 02:00:00,6,Mavericks,Dallas,DAL,39,84,46.4,14,39,35.9,17,20,85.0,6,25,25,8,3,12,13,2,0,1
401469036,2023,2023-02-15,2023-02-16 02:00:00,7,Nuggets,Denver,DEN,48,84,57.1,11,31,35.5,11,15,73.3,6,37,34,7,5,13,14,21,0,2
401469037,2023,2023-02-15,2023-02-16 03:00:00,3,Pelicans,New Orleans,NO,39,89,43.8,7,25,28.0,17,24,70.8,13,37,24,5,3,15,28,0,0,2
401469037,2023,2023-02-15,2023-02-16 03:00:00,13,Lakers,Los Angeles,LAL,44,83,53.0,10,37,27.0,22,36,61.1,6,37,32,5,8,10,23,20,1,1
401469023,2023,2023-02-14,2023-02-15 00:30:00,19,Magic,Orlando,ORL,43,84,51.2,13,31,41.9,14,18,77.8,9,20,26,6,2,18,17,5,1,1
401469023,2023,2023-02-14,2023-02-15 00:30:00,28,Raptors,Toronto,TOR,50,83,60.2,8,24,33.3,15,20,75.0,13,27,31,9,11,18,16,14,2,0
401469024,2023,2023-02-14,2023-02-15 00:30:00,2,Celtics,Boston,BOS,46,99,46.5,17,50,34.0,16,20,80.0,8,36,28,8,1,13,26,14,0,1
401469024,2023,2023-02-14,2023-02-15 00:30:00,15,Bucks,Milwaukee,MIL,43,90,47.8,18,42,42.9,27,35,77.1,10,42,29,6,3,18,23,6,1,1
401469025,2023,2023-02-14,2023-02-15 02:00:00,23,Kings,Sacramento,SAC,37,83,44.6,14,38,36.8,21,24,87.5,13,27,23,8,4,17,21,6,0,0
401469025,2023,2023-02-14,2023-02-15 02:00:00,21,Suns,Phoenix,PHX,50,88,56.8,7,22,31.8,13,16,81.3,8,29,33,12,4,13,17,13,2,0
401469026,2023,2023-02-14,2023-02-15 03:00:00,9,Warriors,Golden State,GS,45,83,54.2,15,34,44.1,19,27,70.4,8,28,28,2,1,11,22,6,0,1
401469026,2023,2023-02-14,2023-02-15 03:00:00,12,Clippers,LA,LAC,49,92,53.3,17,36,47.2,19,22,86.4,12,24,33,5,4,8,22,18,0,0
401469027,2023,2023-02-14,2023-02-15 03:00:00,27,Wizards,Washington,WSH,45,79,57.0,17,33,51.5,19,22,86.4,5,39,28,5,2,14,17,25,2,1
401469027,2023,2023-02-14,2023-02-15 03:00:00,22,Trail Blazers,Portland,POR,36,86,41.9,12,42,28.6,17,24,70.8,12,25,20,9,5,12,19,0,0,2
401469012,2023,2023-02-13,2023-02-14 00:00:00,1,Hawks,Atlanta,ATL,53,108,49.1,11,28,39.3,21,21,100.0,16,26,26,9,4,12,15,0,0,1
401469012,2023,2023-02-13,2023-02-14 00:00:00,30,Hornets,Charlotte,CHA,53,84,63.1,20,37,54.1,18,23,78.3,3,32,36,5,5,17,19,17,0,0
401469013,2023,2023-02-13,2023-02-14 00:00:00,24,Spurs,San Antonio,SA,43,85,50.6,8,21,38.1,15,20,75.0,11,24,27,10,1,16,21,1,2,0
401469013,2023,2023-02-13,2023-02-14 00:00:00,5,Cavaliers,Cleveland,CLE,44,78,56.4,9,28,32.1,20,25,80.0,11,25,21,8,6,14,16,21,0,2
401469014,2023,2023-02-13,2023-02-14 00:00:00,26,Jazz,Utah,UTAH,43,85,50.6,15,33,45.5,22,25,88.0,11,35,24,5,3,18,17,12,1,0
401469014,2023,2023-02-13,2023-02-14 00:00:00,11,Pacers,Indiana,IND,46,91,50.5,11,34,32.4,14,20,70.0,8,24,30,11,7,11,21,8,0,0
401469015,2023,2023-02-13,2023-02-14 00:00:00,10,Rockets,Houston,HOU,35,86,40.7,6,24,25.0,28,31,90.3,15,27,17,10,2,17,15,3,0,0
401469015,2023,2023-02-13,2023-02-14 00:00:00,20,76ers,Philadelphia,PHI,46,82,56.1,15,34,44.1,16,17,94.1,7,31,26,11,7,16,24,26,0,1
401469016,2023,2023-02-13,2023-02-14 00:30:00,7,Nuggets,Denver,DEN,44,76,57.9,11,28,39.3,13,15,86.7,6,33,34,3,4,13,18,10,0,1
401469016,2023,2023-02-13,2023-02-14 00:30:00,14,Heat,Miami,MIA,39,89,43.8,12,35,34.3,18,20,90.0,9,25,25,9,4,8,14,11,1,0
401469017,2023,2023-02-13,2023-02-14 00:30:00,17,Nets,Brooklyn,BKN,35,78,44.9,12,29,41.4,24,33,72.7,10,29,18,3,3,10,19,4,0,2
401469017,2023,2023-02-13,2023-02-14 00:30:00,18,Knicks,New York,NY,45,82,54.9,15,34,44.1,19,26,73.1,6,32,18,4,3,8,24,25,0,0
401469018,2023,2023-02-13,2023-02-14 01:00:00,19,Magic,Orlando,ORL,38,81,46.9,8,27,29.6,16,19,84.2,7,35,24,8,6,17,19,13,1,1
401469018,2023,2023-02-13,2023-02-14 01:00:00,4,Bulls,Chicago,CHI,35,86,40.7,3,21,14.3,18,19,94.7,10,34,17,8,3,16,21,2,0,1
401469019,2023,2023-02-13,2023-02-14 01:00:00,3,Pelicans,New Orleans,NO,39,74,52.7,9,30,30.0,16,18,88.9,4,29,19,13,8,18,21,20,1,0
401469019,2023,2023-02-13,2023-02-14 01:00:00,25,Thunder,Oklahoma City,OKC,38,90,42.2,9,33,27.3,15,18,83.3,14,29,20,8,3,16,17,0,1,0
401469020,2023,2023-02-13,2023-02-14 01:30:00,16,Timberwolves,Minnesota,MIN,48,83,57.8,9,29,31.0,19,26,73.1,10,29,28,8,2,12,26,26,0,0
401469020,2023,2023-02-13,2023-02-14 01:30:00,6,Mavericks,Dallas,DAL,43,84,51.2,13,39,33.3,22,29,75.9,9,24,21,5,1,9,21,3,2,0
401469021,2023,2023-02-13,2023-02-14 03:00:00,27,Wizards,Washington,WSH,48,80,60.0,12,28,42.9,18,21,85.7,9,24,26,10,3,17,15,15,0,1
401469021,2023,2023-02-13,2023-02-14 03:00:00,9,Warriors,Golden State,GS,52,89,58.4,20,40,50.0,11,15,73.3,11,23,40,10,0,15,19,20,1,2
401469022,2023,2023-02-13,2023-02-14 03:00:00,13,Lakers,Los Angeles,LAL,42,95,44.2,12,37,32.4,19,21,90.5,14,42,24,6,5,13,16,9,0,0
401469022,2023,2023-02-13,2023-02-14 03:00:00,22,Trail Blazers,Portland,POR,46,97,47.4,23,47,48.9,12,13,92.3,8,34,27,7,9,7,15,27,0,0
401469010,2023,2023-02-12,2023-02-12 19:00:00,29,Grizzlies,Memphis,MEM,42,84,50.0,12,34,35.3,13,21,61.9,3,31,24,4,5,8,22,9,0,0
401469010,2023,2023-02-12,2023-02-12 19:00:00,2,Celtics,Boston,BOS,39,88,44.3,21,51,41.2,20,26,76.9,15,40,28,5,3,10,14,15,1,0
401469011,2023,2023-02-12,2023-02-12 20:00:00,8,Pistons,Detroit,DET,40,79,50.6,13,34,38.2,25,32,78.1,6,26,25,3,4,16,26,4,2,1
401469011,2023,2023-02-12,2023-02-12 20:00:00,28,Raptors,Toronto,TOR,42,87,48.3,11,30,36.7,24,36,66.7,13,27,21,5,8,8,26,14,0,2
401469001,2023,2023-02-11,2023-02-11 23:00:00,20,76ers,Philadelphia,PHI,33,75,44.0,6,23,26.1,29,30,96.7,8,33,17,4,3,10,12,4,2,0
401469001,2023,2023-02-11,2023-02-11 23:00:00,17,Nets,Brooklyn,BKN,37,92,40.2,13,40,32.5,11,13,84.6,12,30,23,7,6,8,20,12,1,1
401469002,2023,2023-02-11,2023-02-12 00:00:00,7,Nuggets,Denver,DEN,50,99,50.5,5,23,21.7,14,17,82.4,14,37,35,7,5,14,20,20,0,2
401469002,2023,2023-02-11,2023-02-12 00:00:00,30,Hornets,Charlotte,CHA,40,85,47.1,8,32,25.0,17,29,58.6,5,32,25,11,8,14,18,15,0,0
401469003,2023,2023-02-11,2023-02-12 00:00:00,14,Heat,Miami,MIA,37,85,43.5,12,39,30.8,21,23,91.3,11,35,24,7,6,19,22,5,1,0
401469003,2023,2023-02-11,2023-02-12 00:00:00,19,Magic,Orlando,ORL,37,87,42.5,11,29,37.9,18,23,78.3,12,32,22,12,5,18,24,17,0,0
401469004,2023,2023-02-11,2023-02-12 00:00:00,11,Pacers,Indiana,IND,43,95,45.3,14,40,35.0,13,17,76.5,17,16,27,8,3,7,18,3,1,0
401469004,2023,2023-02-11,2023-02-12 00:00:00,27,Wizards,Washington,WSH,48,75,64.0,12,26,46.2,19,22,86.4,8,32,32,5,7,16,16,25,2,0
401469005,2023,2023-02-11,2023-02-12 00:30:00,24,Spurs,San Antonio,SA,40,94,42.6,11,37,29.7,15,17,88.2,14,35,25,9,5,19,17,6,1,0
401469005,2023,2023-02-11,2023-02-12 00:30:00,1,Hawks,Atlanta,ATL,50,103,48.5,10,26,38.5,15,19,78.9,14,34,29,9,6,10,10,23,0,0
401469006,2023,2023-02-11,2023-02-12 00:30:00,26,Jazz,Utah,UTAH,45,88,51.1,9,32,28.1,21,28,75.0,11,27,23,3,7,10,24,2,2,2
401469006,2023,2023-02-11,2023-02-12 00:30:00,18,Knicks,New York,NY,43,95,45.3,12,36,33.3,28,38,73.7,20,32,18,6,4,6,24,12,0,2
401469007,2023,2023-02-11,2023-02-12 01:00:00,4,Bulls,Chicago,CHI,36,74,48.6,5,21,23.8,12,15,80.0,6,38,27,7,3,22,22,13,1,1
401469007,2023,2023-02-11,2023-02-12 01:00:00,5,Cavaliers,Cleveland,CLE,36,86,41.9,9,35,25.7,16,19,84.2,10,29,26,9,4,12,15,13,1,0
401469008,2023,2023-02-11,2023-02-12 01:30:00,13,Lakers,Los Angeles,LAL,40,89,44.9,8,25,32.0,21,26,80.8,10,42,19,4,4,15,12,7,1,1
401469008,2023,2023-02-11,2023-02-12 01:30:00,9,Warriors,Golden State,GS,40,96,41.7,12,44,27.3,11,12,91.7,7,36,31,11,6,15,21,8,1,1
401469009,2023,2023-02-11,2023-02-12 03:00:00,6,Mavericks,Dallas,DAL,47,91,51.6,20,51,39.2,14,19,73.7,7,36,27,4,4,15,19,7,1,0
401469009,2023,2023-02-11,2023-02-12 03:00:00,23,Kings,Sacramento,SAC,51,100,51.0,8,32,25.0,23,25,92.0,11,39,22,9,0,7,17,13,0,0
401468990,2023,2023-02-10,2023-02-11 00:00:00,24,Spurs,San Antonio,SA,45,107,42.1,14,42,33.3,27,34,79.4,13,38,21,7,3,17,32,16,2,0
401468990,2023,2023-02-10,2023-02-11 00:00:00,8,Pistons,Detroit,DET,46,107,43.0,7,37,18.9,39,49,79.6,21,41,29,6,5,15,29,9,1,0
401468991,2023,2023-02-10,2023-02-11 00:00:00,21,Suns,Phoenix,PHX,43,93,46.2,10,33,30.3,21,24,87.5,19,34,25,13,2,15,24,26,2,0
401468991,2023,2023-02-10,2023-02-11 00:00:00,11,Pacers,Indiana,IND,36,85,42.4,11,39,28.2,21,28,75.0,11,27,23,9,3,15,16,0,0,0
401468992,2023,2023-02-10,2023-02-11 00:00:00,18,Knicks,New York,NY,43,81,53.1,11,32,34.4,11,16,68.8,4,31,23,1,5,12,17,13,0,0
401468992,2023,2023-02-10,2023-02-11 00:00:00,20,76ers,Philadelphia,PHI,44,84,52.4,14,38,36.8,17,22,77.3,6,34,27,8,2,6,15,11,2,0
401468993,2023,2023-02-10,2023-02-11 00:30:00,30,Hornets,Charlotte,CHA,45,93,48.4,8,23,34.8,18,26,69.2,11,36,26,9,6,13,18,0,0,0
401468993,2023,2023-02-10,2023-02-11 00:30:00,2,Celtics,Boston,BOS,44,89,49.4,25,55,45.5,14,17,82.4,5,38,34,7,7,15,22,28,0,0
401468994,2023,2023-02-10,2023-02-11 00:30:00,26,Jazz,Utah,UTAH,47,87,54.0,6,24,25.0,22,29,75.9,9,37,31,6,6,17,20,6,0,1
401468994,2023,2023-02-10,2023-02-11 00:30:00,28,Raptors,Toronto,TOR,41,91,45.1,12,34,35.3,22,30,73.3,9,31,28,11,3,13,30,14,0,1
401468995,2023,2023-02-10,2023-02-11 01:00:00,10,Rockets,Houston,HOU,35,84,41.7,7,30,23.3,18,24,75.0,10,37,23,11,4,16,21,5,2,0
401468995,2023,2023-02-10,2023-02-11 01:00:00,14,Heat,Miami,MIA,32,77,41.6,12,38,31.6,21,22,95.5,6,34,21,11,6,16,23,10,1,1
401468996,2023,2023-02-10,2023-02-11 01:00:00,16,Timberwolves,Minnesota,MIN,41,88,46.6,15,37,40.5,10,12,83.3,7,28,25,7,4,17,20,6,1,0
401468996,2023,2023-02-10,2023-02-11 01:00:00,29,Grizzlies,Memphis,MEM,49,84,58.3,10,25,40.0,20,27,74.1,9,35,27,12,6,18,19,21,1,0
401468997,2023,2023-02-10,2023-02-11 03:00:00,5,Cavaliers,Cleveland,CLE,48,85,56.5,10,28,35.7,12,15,80.0,12,29,28,9,5,11,22,25,3,0
401468997,2023,2023-02-10,2023-02-11 03:00:00,3,Pelicans,New Orleans,NO,39,82,47.6,9,24,37.5,20,25,80.0,11,23,25,8,3,14,18,3,0,0
401468998,2023,2023-02-10,2023-02-11 03:00:00,25,Thunder,Oklahoma City,OKC,47,83,56.6,12,24,50.0,32,35,91.4,10,19,29,9,3,10,26,15,1,0
401468998,2023,2023-02-10,2023-02-11 03:00:00,22,Trail Blazers,Portland,POR,42,76,55.3,16,40,40.0,29,31,93.5,9,23,29,3,5,18,27,10,2,0
401468999,2023,2023-02-10,2023-02-11 03:00:00,6,Mavericks,Dallas,DAL,43,88,48.9,18,43,41.9,18,19,94.7,11,28,34,4,0,9,19,24,3,0
401468999,2023,2023-02-10,2023-02-11 03:00:00,23,Kings,Sacramento,SAC,39,72,54.2,9,27,33.3,27,32,84.4,5,33,21,2,4,14,19,0,0,0
401469000,2023,2023-02-10,2023-02-11 03:30:00,15,Bucks,Milwaukee,MIL,45,90,50.0,17,39,43.6,12,16,75.0,9,40,28,8,4,11,13,19,0,2
401469000,2023,2023-02-10,2023-02-11 03:30:00,12,Clippers,LA,LAC,42,85,49.4,11,33,33.3,11,14,78.6,3,32,17,5,7,9,12,8,1,1
401468986,2023,2023-02-09,2023-02-10 00:00:00,7,Nuggets,Denver,DEN,39,84,46.4,10,33,30.3,16,24,66.7,7,32,24,6,5,16,15,12,0,0
401468986,2023,2023-02-09,2023-02-10 00:00:00,19,Magic,Orlando,ORL,47,97,48.5,9,27,33.3,12,19,63.2,15,32,24,12,6,10,16,19,0,2
401468987,2023,2023-02-09,2023-02-10 00:30:00,21,Suns,Phoenix,PHX,39,86,45.3,7,30,23.3,22,29,75.9,9,26,24,14,10,10,19,2,1,0
401468987,2023,2023-02-09,2023-02-10 00:30:00,1,Hawks,Atlanta,ATL,43,95,45.3,10,29,34.5,20,27,74.1,20,39,23,6,4,18,22,20,1,2
401468988,2023,2023-02-09,2023-02-10 00:30:00,4,Bulls,Chicago,CHI,42,91,46.2,5,26,19.2,16,21,76.2,8,38,15,4,2,11,16,13,1,0
401468988,2023,2023-02-09,2023-02-10 00:30:00,17,Nets,Brooklyn,BKN,39,91,42.9,17,44,38.6,21,25,84.0,11,38,26,8,1,11,20,13,0,0
401468989,2023,2023-02-09,2023-02-10 03:00:00,15,Bucks,Milwaukee,MIL,45,99,45.5,12,47,25.5,13,18,72.2,16,35,24,5,7,10,20,9,1,0
401468989,2023,2023-02-09,2023-02-10 03:00:00,13,Lakers,Los Angeles,LAL,42,89,47.2,7,18,38.9,15,21,71.4,11,32,23,2,2,12,19,11,0,0
401468977,2023,2023-02-08,2023-02-09 00:00:00,8,Pistons,Detroit,DET,30,81,37.0,8,32,25.0,17,18,94.4,9,23,19,8,6,13,21,0,1,1
401468977,2023,2023-02-08,2023-02-09 00:00:00,5,Cavaliers,Cleveland,CLE,43,87,49.4,6,26,23.1,21,25,84.0,13,37,30,8,4,10,16,31,3,1
401468978,2023,2023-02-08,2023-02-09 00:00:00,30,Hornets,Charlotte,CHA,39,93,41.9,9,31,29.0,17,21,81.0,12,28,23,11,5,7,17,9,0,0
401468978,2023,2023-02-08,2023-02-09 00:00:00,27,Wizards,Washington,WSH,44,87,50.6,15,37,40.5,15,17,88.2,11,41,29,4,12,16,17,23,1,0
401468979,2023,2023-02-08,2023-02-09 00:30:00,20,76ers,Philadelphia,PHI,37,83,44.6,10,31,32.3,15,20,75.0,8,29,20,9,3,6,16,7,1,1
401468979,2023,2023-02-08,2023-02-09 00:30:00,2,Celtics,Boston,BOS,40,76,52.6,19,35,54.3,7,10,70.0,5,39,25,2,5,13,19,12,2,0
401468980,2023,2023-02-08,2023-02-09 00:30:00,11,Pacers,Indiana,IND,38,78,48.7,15,33,45.5,20,28,71.4,5,26,24,3,5,11,25,9,0,1
401468980,2023,2023-02-08,2023-02-09 00:30:00,14,Heat,Miami,MIA,37,79,46.8,6,19,31.6,36,39,92.3,15,33,21,7,3,11,22,16,2,0
401468981,2023,2023-02-08,2023-02-09 00:30:00,24,Spurs,San Antonio,SA,35,87,40.2,9,32,28.1,19,27,70.4,7,32,24,11,4,12,18,5,4,0
401468981,2023,2023-02-08,2023-02-09 00:30:00,28,Raptors,Toronto,TOR,43,88,48.9,10,28,35.7,16,21,76.2,9,42,21,11,7,16,19,18,1,0
401468982,2023,2023-02-08,2023-02-09 01:00:00,23,Kings,Sacramento,SAC,46,92,50.0,10,30,33.3,28,30,93.3,10,21,29,10,4,9,15,5,0,5
401468982,2023,2023-02-08,2023-02-09 01:00:00,10,Rockets,Houston,HOU,47,86,54.7,10,22,45.5,24,28,85.7,15,29,25,4,7,19,21,9,0,2
401468983,2023,2023-02-08,2023-02-09 02:00:00,16,Timberwolves,Minnesota,MIN,56,98,57.1,23,43,53.5,8,8,100.0,8,39,35,6,6,10,19,31,1,0
401468983,2023,2023-02-08,2023-02-09 02:00:00,26,Jazz,Utah,UTAH,44,105,41.9,12,34,35.3,18,21,85.7,21,29,27,2,5,8,12,1,0,0
401468984,2023,2023-02-08,2023-02-09 03:00:00,6,Mavericks,Dallas,DAL,41,78,52.6,17,35,48.6,11,17,64.7,8,36,26,7,6,18,20,19,0,0
401468984,2023,2023-02-08,2023-02-09 03:00:00,12,Clippers,LA,LAC,38,86,44.2,12,33,36.4,16,21,76.2,9,31,21,10,4,11,18,0,0,0
401468985,2023,2023-02-08,2023-02-09 03:00:00,9,Warriors,Golden State,GS,46,97,47.4,21,49,42.9,9,10,90.0,10,22,31,11,2,11,24,7,0,0
401468985,2023,2023-02-08,2023-02-09 03:00:00,22,Trail Blazers,Portland,POR,43,78,55.1,8,27,29.6,31,32,96.9,12,35,25,6,3,21,16,11,0,0
401468971,2023,2023-02-07,2023-02-08 00:00:00,18,Knicks,New York,NY,37,81,45.7,15,43,34.9,13,19,68.4,11,32,21,6,2,10,22,4,1,1
401468971,2023,2023-02-07,2023-02-08 00:00:00,19,Magic,Orlando,ORL,37,79,46.8,6,25,24.0,18,24,75.0,9,32,23,4,4,11,19,12,0,0
401468972,2023,2023-02-07,2023-02-08 00:30:00,21,Suns,Phoenix,PHX,43,92,46.7,9,31,29.0,21,28,75.0,16,32,31,10,4,15,24,13,0,0
401468972,2023,2023-02-07,2023-02-08 00:30:00,17,Nets,Brooklyn,BKN,38,79,48.1,9,28,32.1,27,31,87.1,5,31,25,11,2,16,21,5,1,0
401468973,2023,2023-02-07,2023-02-08 00:30:00,1,Hawks,Atlanta,ATL,38,85,44.7,12,36,33.3,19,25,76.0,10,31,30,4,6,11,21,4,1,1
401468973,2023,2023-02-07,2023-02-08 00:30:00,3,Pelicans,New Orleans,NO,45,91,49.5,12,32,37.5,14,21,66.7,13,34,28,8,2,9,19,16,1,1
401468974,2023,2023-02-07,2023-02-08 01:00:00,4,Bulls,Chicago,CHI,32,87,36.8,7,35,20.0,18,27,66.7,11,38,24,9,3,18,16,8,2,0
401468974,2023,2023-02-07,2023-02-08 01:00:00,29,Grizzlies,Memphis,MEM,39,81,48.1,11,33,33.3,15,21,71.4,5,34,22,10,7,13,21,15,1,0
401468975,2023,2023-02-07,2023-02-08 02:00:00,16,Timberwolves,Minnesota,MIN,40,85,47.1,10,35,28.6,22,26,84.6,8,28,24,6,7,17,16,2,0,2
401468975,2023,2023-02-07,2023-02-08 02:00:00,7,Nuggets,Denver,DEN,58,93,62.4,13,27,48.1,17,22,77.3,6,38,44,12,5,10,21,40,1,0
401468976,2023,2023-02-07,2023-02-08 03:00:00,25,Thunder,Oklahoma City,OKC,49,94,52.1,17,34,50.0,18,20,90.0,7,30,32,12,2,12,18,15,1,0
401468976,2023,2023-02-07,2023-02-08 03:00:00,13,Lakers,Los Angeles,LAL,49,85,57.6,14,31,45.2,18,26,69.2,6,35,27,8,3,20,19,5,1,0
401468963,2023,2023-02-06,2023-02-07 00:00:00,2,Celtics,Boston,BOS,39,83,47.0,16,37,43.2,17,21,81.0,10,41,25,2,5,11,22,23,1,0
401468963,2023,2023-02-06,2023-02-07 00:00:00,8,Pistons,Detroit,DET,37,87,42.5,9,33,27.3,16,21,76.2,9,33,22,9,6,9,20,2,0,0
401468964,2023,2023-02-06,2023-02-07 00:00:00,5,Cavaliers,Cleveland,CLE,44,78,56.4,12,29,41.4,14,20,70.0,7,36,26,9,6,16,15,28,1,0
401468964,2023,2023-02-06,2023-02-07 00:00:00,27,Wizards,Washington,WSH,35,82,42.7,6,28,21.4,15,19,78.9,7,30,20,8,5,14,18,0,0,0
401468965,2023,2023-02-06,2023-02-07 00:30:00,12,Clippers,LA,LAC,44,92,47.8,12,30,40.0,24,30,80.0,11,35,20,11,5,7,19,11,2,1
401468965,2023,2023-02-06,2023-02-07 00:30:00,17,Nets,Brooklyn,BKN,41,84,48.8,16,31,51.6,18,22,81.8,8,34,21,4,5,16,26,8,0,1
401468966,2023,2023-02-06,2023-02-07 01:00:00,24,Spurs,San Antonio,SA,40,90,44.4,8,26,30.8,16,17,94.1,6,32,25,7,3,18,23,5,0,0
401468966,2023,2023-02-06,2023-02-07 01:00:00,4,Bulls,Chicago,CHI,50,89,56.2,6,22,27.3,22,25,88.0,7,42,27,10,6,13,12,33,1,0
401468967,2023,2023-02-06,2023-02-07 01:00:00,23,Kings,Sacramento,SAC,52,89,58.4,21,41,51.2,15,18,83.3,7,28,38,9,5,10,22,21,0,0
401468967,2023,2023-02-06,2023-02-07 01:00:00,10,Rockets,Houston,HOU,44,88,50.0,13,32,40.6,19,24,79.2,11,28,27,5,4,13,15,2,1,1
401468968,2023,2023-02-06,2023-02-07 02:00:00,6,Mavericks,Dallas,DAL,41,88,46.6,15,39,38.5,27,31,87.1,17,32,26,6,4,13,25,14,1,0
401468968,2023,2023-02-06,2023-02-07 02:00:00,26,Jazz,Utah,UTAH,41,87,47.1,6,31,19.4,23,26,88.5,10,27,21,4,4,13,23,15,0,1
401468969,2023,2023-02-06,2023-02-07 03:00:00,25,Thunder,Oklahoma City,OKC,44,91,48.4,11,32,34.4,15,21,71.4,7,29,21,8,3,11,10,8,0,0
401468969,2023,2023-02-06,2023-02-07 03:00:00,9,Warriors,Golden State,GS,56,97,57.7,26,50,52.0,3,7,42.9,11,34,43,6,3,16,17,29,0,0
401468970,2023,2023-02-06,2023-02-07 03:00:00,15,Bucks,Milwaukee,MIL,47,87,54.0,16,42,38.1,17,21,81.0,7,48,27,4,2,14,27,26,2,0
401468970,2023,2023-02-06,2023-02-07 03:00:00,22,Trail Blazers,Portland,POR,37,91,40.7,9,36,25.0,25,29,86.2,1,27,23,5,2,8,20,0,1,0
401468957,2023,2023-02-05,2023-02-05 18:00:00,19,Magic,Orlando,ORL,42,91,46.2,8,23,34.8,27,30,90.0,18,34,25,6,2,12,18,12,0,1
401468957,2023,2023-02-05,2023-02-05 18:00:00,30,Hornets,Charlotte,CHA,45,83,54.2,12,33,36.4,11,23,47.8,8,31,28,8,6,15,23,10,0,1
401468958,2023,2023-02-05,2023-02-05 22:00:00,5,Cavaliers,Cleveland,CLE,46,88,52.3,15,37,40.5,15,16,93.8,8,38,33,7,5,12,20,26,1,0
401468958,2023,2023-02-05,2023-02-05 22:00:00,11,Pacers,Indiana,IND,40,92,43.5,8,32,25.0,15,22,68.2,12,30,28,3,6,13,20,6,0,0
401468959,2023,2023-02-05,2023-02-05 23:00:00,20,76ers,Philadelphia,PHI,30,74,40.5,7,25,28.0,30,36,83.3,8,36,23,4,4,11,23,21,1,1
401468959,2023,2023-02-05,2023-02-05 23:00:00,18,Knicks,New York,NY,34,79,43.0,12,36,33.3,28,39,71.8,14,35,21,5,1,9,28,11,3,0
401468960,2023,2023-02-05,2023-02-05 23:00:00,28,Raptors,Toronto,TOR,44,101,43.6,11,36,30.6,7,12,58.3,11,31,24,11,3,11,16,3,0,2
401468960,2023,2023-02-05,2023-02-05 23:00:00,29,Grizzlies,Memphis,MEM,38,78,48.7,10,27,37.0,17,23,73.9,8,36,25,10,9,20,16,15,0,1
401468961,2023,2023-02-05,2023-02-06 00:00:00,7,Nuggets,Denver,DEN,34,71,47.9,6,25,24.0,24,31,77.4,3,34,19,6,5,21,23,0,1,0
401468961,2023,2023-02-05,2023-02-06 00:00:00,16,Timberwolves,Minnesota,MIN,48,87,55.2,10,27,37.0,22,30,73.3,5,29,33,7,3,11,23,34,0,0
401468962,2023,2023-02-05,2023-02-06 00:00:00,23,Kings,Sacramento,SAC,35,82,42.7,11,42,26.2,23,27,85.2,11,27,23,5,5,15,22,0,0,1
401468962,2023,2023-02-05,2023-02-06 00:00:00,3,Pelicans,New Orleans,NO,48,85,56.5,14,26,53.8,26,34,76.5,12,36,26,11,3,10,23,35,1,1
401468948,2023,2023-02-04,2023-02-04 23:00:00,27,Wizards,Washington,WSH,39,81,48.1,13,28,46.4,32,41,78.0,6,33,22,10,3,15,21,23,1,1
401468948,2023,2023-02-04,2023-02-04 23:00:00,17,Nets,Brooklyn,BKN,43,86,50.0,14,33,42.4,25,28,89.3,10,29,21,4,10,15,28,2,0,0
401468953,2023,2023-02-04,2023-02-04 23:00:00,13,Lakers,Los Angeles,LAL,45,94,47.9,11,32,34.4,25,33,75.8,13,31,30,4,3,9,20,12,0,1
401468953,2023,2023-02-04,2023-02-04 23:00:00,3,Pelicans,New Orleans,NO,52,100,52.0,9,30,30.0,18,20,90.0,14,34,28,6,0,10,22,7,1,0
401468949,2023,2023-02-04,2023-02-05 00:00:00,21,Suns,Phoenix,PHX,42,75,56.0,11,23,47.8,21,31,67.7,10,36,34,10,2,16,23,22,1,0
401468949,2023,2023-02-04,2023-02-05 00:00:00,8,Pistons,Detroit,DET,35,81,43.2,16,42,38.1,14,22,63.6,9,21,23,8,2,16,27,0,0,0
401468950,2023,2023-02-04,2023-02-05 00:00:00,12,Clippers,LA,LAC,44,92,47.8,16,37,43.2,30,35,85.7,9,37,24,8,4,13,20,17,0,1
401468950,2023,2023-02-04,2023-02-05 00:00:00,18,Knicks,New York,NY,45,94,47.9,18,40,45.0,20,26,76.9,10,36,30,6,3,10,30,3,0,0
401468951,2023,2023-02-04,2023-02-05 01:00:00,22,Trail Blazers,Portland,POR,44,87,50.6,14,43,32.6,19,21,90.5,7,26,22,3,3,9,19,17,0,0
401468951,2023,2023-02-04,2023-02-05 01:00:00,4,Bulls,Chicago,CHI,48,80,60.0,12,26,46.2,21,25,84.0,6,35,32,6,3,12,19,13,0,0
401468952,2023,2023-02-04,2023-02-05 01:00:00,14,Heat,Miami,MIA,45,101,44.6,8,31,25.8,17,21,81.0,13,31,23,9,2,7,23,2,0,0
401468952,2023,2023-02-04,2023-02-05 01:00:00,15,Bucks,Milwaukee,MIL,46,88,52.3,14,40,35.0,17,28,60.7,10,41,23,6,4,12,14,12,0,1
401468954,2023,2023-02-04,2023-02-05 01:00:00,10,Rockets,Houston,HOU,45,89,50.6,10,30,33.3,21,27,77.8,9,25,29,4,8,15,18,0,1,0
401468954,2023,2023-02-04,2023-02-05 01:00:00,25,Thunder,Oklahoma City,OKC,56,97,57.7,21,46,45.7,20,23,87.0,9,33,39,11,6,8,19,45,1,0
401468955,2023,2023-02-04,2023-02-05 01:30:00,6,Mavericks,Dallas,DAL,39,85,45.9,14,40,35.0,21,27,77.8,10,29,22,9,1,14,18,0,0,1
401468955,2023,2023-02-04,2023-02-05 01:30:00,9,Warriors,Golden State,GS,45,82,54.9,14,35,40.0,15,19,78.9,5,33,33,6,5,14,24,23,0,0
401468956,2023,2023-02-04,2023-02-05 02:00:00,1,Hawks,Atlanta,ATL,44,91,48.4,6,20,30.0,14,17,82.4,10,33,26,7,7,15,18,3,1,0
401468956,2023,2023-02-04,2023-02-05 02:00:00,7,Nuggets,Denver,DEN,48,95,50.5,15,38,39.5,17,20,85.0,12,36,32,14,6,12,15,23,1,0
401468940,2023,2023-02-03,2023-02-04 00:00:00,30,Hornets,Charlotte,CHA,40,90,44.4,9,34,26.5,23,30,76.7,8,29,22,16,2,13,20,7,1,0
401468940,2023,2023-02-03,2023-02-04 00:00:00,8,Pistons,Detroit,DET,44,86,51.2,14,32,43.8,16,23,69.6,12,39,27,7,3,22,22,10,1,0
401468941,2023,2023-02-03,2023-02-04 00:00:00,23,Kings,Sacramento,SAC,37,86,43.0,13,38,34.2,17,20,85.0,11,38,24,6,5,19,15,2,1,0
401468941,2023,2023-02-03,2023-02-04 00:00:00,11,Pacers,Indiana,IND,40,89,44.9,17,41,41.5,10,14,71.4,9,38,28,13,5,16,18,19,2,1
401468942,2023,2023-02-03,2023-02-04 00:00:00,22,Trail Blazers,Portland,POR,43,88,48.9,17,41,41.5,21,23,91.3,11,27,25,5,2,7,17,11,0,0
401468942,2023,2023-02-03,2023-02-04 00:00:00,27,Wizards,Washington,WSH,42,84,50.0,12,33,36.4,20,22,90.9,9,32,27,4,3,10,19,20,1,0
401468943,2023,2023-02-03,2023-02-04 00:30:00,21,Suns,Phoenix,PHX,41,95,43.2,12,32,37.5,12,14,85.7,10,43,28,6,6,8,22,20,1,0
401468943,2023,2023-02-03,2023-02-04 00:30:00,2,Celtics,Boston,BOS,29,75,38.7,10,38,26.3,26,31,83.9,3,40,18,5,3,14,21,7,1,1
401468944,2023,2023-02-03,2023-02-04 01:00:00,28,Raptors,Toronto,TOR,41,90,45.6,15,39,38.5,20,27,74.1,13,30,21,9,7,9,25,19,0,1
401468944,2023,2023-02-03,2023-02-04 01:00:00,10,Rockets,Houston,HOU,40,80,50.0,7,21,33.3,24,33,72.7,6,34,22,5,4,13,26,13,0,0
401468945,2023,2023-02-03,2023-02-04 01:00:00,19,Magic,Orlando,ORL,45,85,52.9,12,23,52.2,25,38,65.8,13,29,23,11,3,15,24,22,2,2
401468945,2023,2023-02-03,2023-02-04 01:00:00,16,Timberwolves,Minnesota,MIN,40,87,46.0,16,44,36.4,24,28,85.7,12,29,21,7,7,20,27,10,0,4
401468946,2023,2023-02-03,2023-02-04 01:00:00,20,76ers,Philadelphia,PHI,46,87,52.9,13,27,48.1,32,41,78.0,14,25,28,11,3,10,13,23,1,0
401468946,2023,2023-02-03,2023-02-04 01:00:00,24,Spurs,San Antonio,SA,52,89,58.4,7,21,33.3,14,15,93.3,9,26,32,8,0,18,25,7,0,1
401468947,2023,2023-02-03,2023-02-04 02:00:00,1,Hawks,Atlanta,ATL,44,95,46.3,10,37,27.0,17,23,73.9,14,38,28,8,5,9,18,22,0,0
401468947,2023,2023-02-03,2023-02-04 02:00:00,26,Jazz,Utah,UTAH,41,91,45.1,13,44,29.5,13,18,72.2,13,37,20,4,2,15,22,2,0,0
401468933,2023,2023-02-02,2023-02-03 00:00:00,13,Lakers,Los Angeles,LAL,42,92,45.7,6,22,27.3,22,31,71.0,13,38,29,8,5,13,10,2,0,1
401468933,2023,2023-02-02,2023-02-03 00:00:00,11,Pacers,Indiana,IND,45,93,48.4,16,41,39.0,5,6,83.3,6,40,30,8,6,16,21,15,0,1
401468934,2023,2023-02-02,2023-02-03 00:30:00,29,Grizzlies,Memphis,MEM,41,87,47.1,10,23,43.5,21,22,95.5,11,33,22,8,5,18,23,2,0,1
401468934,2023,2023-02-02,2023-02-03 00:30:00,5,Cavaliers,Cleveland,CLE,49,91,53.8,14,29,48.3,16,22,72.7,9,32,33,12,7,15,17,22,1,1
401468935,2023,2023-02-02,2023-02-03 00:30:00,14,Heat,Miami,MIA,39,87,44.8,13,36,36.1,13,16,81.3,9,24,24,8,3,10,15,5,1,1
401468935,2023,2023-02-02,2023-02-03 00:30:00,18,Knicks,New York,NY,40,83,48.2,12,36,33.3,14,18,77.8,11,33,25,8,0,17,17,14,1,0
401468936,2023,2023-02-02,2023-02-03 01:00:00,30,Hornets,Charlotte,CHA,39,93,41.9,7,35,20.0,13,14,92.9,16,29,19,6,4,14,15,4,1,2
401468936,2023,2023-02-02,2023-02-03 01:00:00,4,Bulls,Chicago,CHI,41,79,51.9,11,28,39.3,21,26,80.8,8,32,24,9,3,13,18,17,1,1
401468937,2023,2023-02-02,2023-02-03 01:30:00,3,Pelicans,New Orleans,NO,42,84,50.0,5,20,25.0,17,21,81.0,12,38,27,6,5,17,26,2,0,1
401468937,2023,2023-02-02,2023-02-03 01:30:00,6,Mavericks,Dallas,DAL,37,85,43.5,14,41,34.1,23,29,79.3,6,30,16,10,3,8,24,31,0,0
401468938,2023,2023-02-02,2023-02-03 02:00:00,9,Warriors,Golden State,GS,43,85,50.6,19,38,50.0,12,19,63.2,10,32,25,4,4,17,23,11,0,0
401468938,2023,2023-02-02,2023-02-03 02:00:00,7,Nuggets,Denver,DEN,51,90,56.7,16,35,45.7,16,21,76.2,7,31,35,10,2,11,19,21,2,0
401468939,2023,2023-02-02,2023-02-03 03:00:00,12,Clippers,LA,LAC,39,95,41.1,13,36,36.1,14,20,70.0,9,40,15,8,4,7,22,21,0,0
401468939,2023,2023-02-02,2023-02-03 03:00:00,15,Bucks,Milwaukee,MIL,39,90,43.3,9,37,24.3,19,27,70.4,8,45,16,2,0,10,17,4,0,0
401468925,2023,2023-02-01,2023-02-02 00:00:00,19,Magic,Orlando,ORL,33,87,37.9,6,38,15.8,22,29,75.9,12,34,12,10,4,14,21,3,1,0
401468925,2023,2023-02-01,2023-02-02 00:00:00,20,76ers,Philadelphia,PHI,34,78,43.6,14,35,40.0,23,26,88.5,7,36,27,7,4,18,24,14,1,0
401468926,2023,2023-02-01,2023-02-02 00:00:00,22,Trail Blazers,Portland,POR,41,87,47.1,14,36,38.9,26,27,96.3,9,32,24,3,5,13,22,10,0,0
401468926,2023,2023-02-01,2023-02-02 00:00:00,29,Grizzlies,Memphis,MEM,41,87,47.1,9,37,24.3,21,28,75.0,12,32,28,8,7,12,22,12,1,1
401468927,2023,2023-02-01,2023-02-02 00:30:00,17,Nets,Brooklyn,BKN,36,88,40.9,9,39,23.1,15,18,83.3,5,27,19,8,1,5,12,0,2,0
401468927,2023,2023-02-01,2023-02-02 00:30:00,2,Celtics,Boston,BOS,53,92,57.6,26,54,48.1,7,10,70.0,11,46,28,4,4,10,13,49,2,0
401468928,2023,2023-02-01,2023-02-02 01:00:00,25,Thunder,Oklahoma City,OKC,38,103,36.9,12,43,27.9,18,22,81.8,24,28,22,11,6,10,23,6,0,2
401468928,2023,2023-02-01,2023-02-02 01:00:00,10,Rockets,Houston,HOU,41,94,43.6,7,23,30.4,23,31,74.2,24,41,20,6,12,17,20,12,1,0
401468929,2023,2023-02-01,2023-02-02 01:00:00,9,Warriors,Golden State,GS,38,91,41.8,11,35,31.4,27,34,79.4,9,49,21,7,4,17,24,14,0,1
401468929,2023,2023-02-01,2023-02-02 01:00:00,16,Timberwolves,Minnesota,MIN,46,106,43.4,14,50,28.0,13,24,54.2,10,43,26,5,7,11,23,8,0,0
401468930,2023,2023-02-01,2023-02-02 01:00:00,23,Kings,Sacramento,SAC,48,90,53.3,8,27,29.6,15,19,78.9,6,28,25,10,3,9,13,13,1,0
401468930,2023,2023-02-01,2023-02-02 01:00:00,24,Spurs,San Antonio,SA,48,88,54.5,8,24,33.3,5,7,71.4,8,32,30,5,1,18,17,2,0,0
401468931,2023,2023-02-01,2023-02-02 02:00:00,28,Raptors,Toronto,TOR,50,110,45.5,10,23,43.5,18,26,69.2,25,27,27,11,2,7,22,2,1,0
401468931,2023,2023-02-01,2023-02-02 02:00:00,26,Jazz,Utah,UTAH,44,83,53.0,17,47,36.2,26,30,86.7,13,36,29,3,11,16,17,14,0,1
401468932,2023,2023-02-01,2023-02-02 03:00:00,1,Hawks,Atlanta,ATL,52,91,57.1,19,33,57.6,9,11,81.8,6,39,32,6,5,12,24,43,0,1
401468932,2023,2023-02-01,2023-02-02 03:00:00,21,Suns,Phoenix,PHX,35,86,40.7,4,28,14.3,26,31,83.9,12,32,22,8,4,16,13,0,0,0
401468919,2023,2023-01-31,2023-02-01 00:00:00,14,Heat,Miami,MIA,34,78,43.6,14,31,45.2,18,25,72.0,9,36,21,7,3,13,17,9,2,0
401468919,2023,2023-01-31,2023-02-01 00:00:00,5,Cavaliers,Cleveland,CLE,40,83,48.2,11,40,27.5,6,12,50.0,5,34,32,9,6,13,20,11,0,1
401468920,2023,2023-01-31,2023-02-01 00:30:00,13,Lakers,Los Angeles,LAL,48,93,51.6,11,33,33.3,22,31,71.0,11,33,29,6,1,14,23,10,0,1
401468920,2023,2023-01-31,2023-02-01 00:30:00,18,Knicks,New York,NY,44,98,44.9,7,34,20.6,28,32,87.5,13,32,27,6,3,9,24,8,0,1
401468921,2023,2023-01-31,2023-02-01 01:00:00,12,Clippers,LA,LAC,37,93,39.8,12,44,27.3,22,26,84.6,11,33,24,15,6,8,16,8,0,0
401468921,2023,2023-01-31,2023-02-01 01:00:00,4,Bulls,Chicago,CHI,38,77,49.4,12,24,50.0,15,21,71.4,6,45,26,6,6,20,19,19,0,0
401468922,2023,2023-01-31,2023-02-01 01:00:00,30,Hornets,Charlotte,CHA,42,111,37.8,11,39,28.2,20,26,76.9,18,44,27,6,6,11,24,4,0,0
401468922,2023,2023-01-31,2023-02-01 01:00:00,15,Bucks,Milwaukee,MIL,43,105,41.0,15,44,34.1,23,27,85.2,16,50,18,7,8,12,21,17,0,2
401468923,2023,2023-01-31,2023-02-01 03:00:00,3,Pelicans,New Orleans,NO,42,85,49.4,8,27,29.6,21,25,84.0,8,28,28,13,2,15,24,12,0,1
401468923,2023,2023-01-31,2023-02-01 03:00:00,7,Nuggets,Denver,DEN,43,87,49.4,16,36,44.4,20,24,83.3,10,34,33,7,3,18,21,13,0,0
401468911,2023,2023-01-30,2023-01-31 00:00:00,19,Magic,Orlando,ORL,42,99,42.4,11,29,37.9,24,30,80.0,15,35,23,11,6,10,16,10,0,0
401468911,2023,2023-01-30,2023-01-31 00:00:00,20,76ers,Philadelphia,PHI,40,85,47.1,11,30,36.7,18,23,78.3,8,37,28,8,3,19,25,21,0,0
401468912,2023,2023-01-30,2023-01-31 00:30:00,13,Lakers,Los Angeles,LAL,35,89,39.3,11,29,37.9,23,37,62.2,16,37,24,1,3,14,16,7,0,2
401468912,2023,2023-01-30,2023-01-31 00:30:00,17,Nets,Brooklyn,BKN,45,95,47.4,16,41,39.0,15,19,78.9,12,38,24,8,9,9,25,19,2,2
401468913,2023,2023-01-30,2023-01-31 01:00:00,23,Kings,Sacramento,SAC,47,99,47.5,9,30,30.0,15,22,68.2,10,40,20,15,3,12,21,10,0,2
401468913,2023,2023-01-30,2023-01-31 01:00:00,16,Timberwolves,Minnesota,MIN,43,92,46.7,12,39,30.8,13,25,52.0,8,41,26,7,3,18,16,10,0,3
401468914,2023,2023-01-30,2023-01-31 01:00:00,9,Warriors,Golden State,GS,46,90,51.1,20,47,42.6,16,20,80.0,6,38,37,9,4,15,18,21,0,0
401468914,2023,2023-01-30,2023-01-31 01:00:00,25,Thunder,Oklahoma City,OKC,46,93,49.5,11,24,45.8,17,20,85.0,8,35,23,10,4,16,18,1,1,0
401468915,2023,2023-01-30,2023-01-31 01:00:00,27,Wizards,Washington,WSH,48,86,55.8,16,30,53.3,15,17,88.2,5,40,32,7,8,13,19,21,1,2
401468915,2023,2023-01-30,2023-01-31 01:00:00,24,Spurs,San Antonio,SA,42,97,43.3,7,29,24.1,15,23,65.2,14,29,26,6,6,10,20,8,0,0
401468916,2023,2023-01-30,2023-01-31 01:30:00,8,Pistons,Detroit,DET,36,79,45.6,14,39,35.9,19,27,70.4,9,31,18,9,6,14,31,11,0,1
401468916,2023,2023-01-30,2023-01-31 01:30:00,6,Mavericks,Dallas,DAL,39,79,49.4,10,34,29.4,23,33,69.7,9,31,17,6,1,10,18,10,1,1
401468917,2023,2023-01-30,2023-01-31 02:00:00,28,Raptors,Toronto,TOR,40,89,44.9,9,33,27.3,17,19,89.5,16,28,19,9,4,13,19,7,1,1
401468917,2023,2023-01-30,2023-01-31 02:00:00,21,Suns,Phoenix,PHX,43,87,49.4,11,28,39.3,17,21,81.0,13,29,28,10,4,12,16,10,0,0
401468918,2023,2023-01-30,2023-01-31 03:00:00,1,Hawks,Atlanta,ATL,44,94,46.8,13,30,43.3,24,30,80.0,17,28,26,5,0,6,21,1,1,1
401468918,2023,2023-01-30,2023-01-31 03:00:00,22,Trail Blazers,Portland,POR,43,79,54.4,19,40,47.5,24,27,88.9,3,29,24,2,7,8,21,10,0,0
401468907,2023,2023-01-29,2023-01-29 18:00:00,14,Heat,Miami,MIA,45,93,48.4,10,31,32.3,17,23,73.9,10,26,26,11,0,10,17,13,1,1
401468907,2023,2023-01-29,2023-01-29 18:00:00,30,Hornets,Charlotte,CHA,45,83,54.2,15,40,37.5,17,22,77.3,11,36,25,6,3,19,18,12,0,1
401468908,2023,2023-01-29,2023-01-29 23:00:00,11,Pacers,Indiana,IND,36,79,45.6,9,32,28.1,19,21,90.5,11,27,21,4,6,17,22,19,1,0
401468908,2023,2023-01-29,2023-01-29 23:00:00,29,Grizzlies,Memphis,MEM,43,89,48.3,9,37,24.3,17,22,77.3,15,26,29,10,8,7,21,13,2,1
401468909,2023,2023-01-29,2023-01-30 00:00:00,12,Clippers,LA,LAC,37,89,41.6,2,19,10.5,23,27,85.2,15,30,17,6,0,13,19,0,2,0
401468909,2023,2023-01-29,2023-01-30 00:00:00,5,Cavaliers,Cleveland,CLE,44,78,56.4,20,33,60.6,14,19,73.7,4,31,35,9,7,10,23,40,3,0
401468910,2023,2023-01-29,2023-01-30 01:00:00,3,Pelicans,New Orleans,NO,41,93,44.1,13,34,38.2,15,21,71.4,8,30,25,7,3,12,20,0,0,0
401468910,2023,2023-01-29,2023-01-30 01:00:00,15,Bucks,Milwaukee,MIL,53,96,55.2,17,43,39.5,12,20,60.0,12,45,27,7,4,11,18,27,1,1
401468896,2023,2023-01-28,2023-01-28 20:00:00,7,Nuggets,Denver,DEN,44,81,54.3,14,34,41.2,17,20,85.0,6,30,28,6,6,14,14,15,0,3
401468896,2023,2023-01-28,2023-01-28 20:00:00,20,76ers,Philadelphia,PHI,46,89,51.7,18,35,51.4,16,24,66.7,12,27,31,10,2,11,15,8,0,3
401468897,2023,2023-01-28,2023-01-28 22:30:00,18,Knicks,New York,NY,45,88,51.1,10,28,35.7,15,19,78.9,14,31,19,4,4,10,14,1,1,2
401468897,2023,2023-01-28,2023-01-28 22:30:00,17,Nets,Brooklyn,BKN,46,87,52.9,22,40,55.0,8,14,57.1,9,26,31,5,3,8,17,19,1,0
401468898,2023,2023-01-28,2023-01-29 00:00:00,10,Rockets,Houston,HOU,44,92,47.8,8,27,29.6,21,27,77.8,16,32,20,8,4,17,20,12,0,2
401468898,2023,2023-01-28,2023-01-29 00:00:00,8,Pistons,Detroit,DET,38,83,45.8,14,38,36.8,24,31,77.4,8,27,23,10,5,16,25,14,0,1
401468899,2023,2023-01-28,2023-01-29 00:00:00,4,Bulls,Chicago,CHI,48,81,59.3,16,35,45.7,16,19,84.2,4,34,30,5,6,12,22,25,0,1
401468899,2023,2023-01-28,2023-01-29 00:00:00,19,Magic,Orlando,ORL,41,83,49.4,10,28,35.7,17,24,70.8,6,30,29,5,0,12,18,2,1,0
401468900,2023,2023-01-28,2023-01-29 00:30:00,12,Clippers,LA,LAC,42,80,52.5,19,39,48.7,17,19,89.5,6,31,25,5,5,14,15,14,0,2
401468900,2023,2023-01-28,2023-01-29 00:30:00,1,Hawks,Atlanta,ATL,45,95,47.4,7,27,25.9,16,20,80.0,15,32,24,12,2,8,18,11,1,1
401468901,2023,2023-01-28,2023-01-29 01:00:00,23,Kings,Sacramento,SAC,37,82,45.1,9,33,27.3,27,36,75.0,10,26,23,5,0,9,21,3,0,0
401468901,2023,2023-01-28,2023-01-29 01:00:00,16,Timberwolves,Minnesota,MIN,42,80,52.5,17,37,45.9,16,21,76.2,9,35,25,5,2,19,26,12,1,2
401468902,2023,2023-01-28,2023-01-29 01:00:00,27,Wizards,Washington,WSH,40,88,45.5,11,36,30.6,22,29,75.9,13,40,18,5,8,16,17,16,2,0
401468902,2023,2023-01-28,2023-01-29 01:00:00,3,Pelicans,New Orleans,NO,39,92,42.4,8,29,27.6,17,19,89.5,8,34,21,9,8,10,26,6,0,0
401468903,2023,2023-01-28,2023-01-29 01:00:00,21,Suns,Phoenix,PHX,50,103,48.5,8,24,33.3,20,26,76.9,17,35,31,7,6,9,19,13,0,0
401468903,2023,2023-01-28,2023-01-29 01:00:00,24,Spurs,San Antonio,SA,48,109,44.0,10,29,34.5,12,17,70.6,17,36,32,6,4,13,20,0,0,0
401468904,2023,2023-01-28,2023-01-29 01:30:00,13,Lakers,Los Angeles,LAL,47,105,44.8,12,42,28.6,15,20,75.0,11,36,30,4,0,12,23,11,0,2
401468904,2023,2023-01-28,2023-01-29 01:30:00,2,Celtics,Boston,BOS,39,84,46.4,13,40,32.5,34,39,87.2,7,39,18,8,9,12,22,9,0,0
401468905,2023,2023-01-28,2023-01-29 02:00:00,6,Mavericks,Dallas,DAL,35,80,43.8,18,46,39.1,12,17,70.6,7,24,26,7,3,14,18,3,0,1
401468905,2023,2023-01-28,2023-01-29 02:00:00,26,Jazz,Utah,UTAH,39,82,47.6,13,36,36.1,17,24,70.8,13,36,26,9,6,16,23,19,1,1
401468906,2023,2023-01-28,2023-01-29 03:00:00,28,Raptors,Toronto,TOR,48,92,52.2,10,30,33.3,17,18,94.4,15,30,24,6,3,6,18,23,2,2
401468906,2023,2023-01-28,2023-01-29 03:00:00,22,Trail Blazers,Portland,POR,40,76,52.6,7,24,29.2,18,23,78.3,3,24,18,3,6,11,16,0,1,2
401468891,2023,2023-01-27,2023-01-28 00:00:00,15,Bucks,Milwaukee,MIL,52,98,53.1,18,43,41.9,19,31,61.3,14,36,32,11,3,16,20,33,0,2
401468891,2023,2023-01-27,2023-01-28 00:00:00,11,Pacers,Indiana,IND,49,89,55.1,13,33,39.4,20,28,71.4,5,33,22,10,4,13,24,2,0,0
401468892,2023,2023-01-27,2023-01-28 00:30:00,29,Grizzlies,Memphis,MEM,38,93,40.9,8,33,24.2,16,19,84.2,15,32,22,14,2,20,12,1,1,0
401468892,2023,2023-01-27,2023-01-28 00:30:00,16,Timberwolves,Minnesota,MIN,44,86,51.2,13,35,37.1,10,15,66.7,9,36,31,12,6,19,19,17,1,0
401468893,2023,2023-01-27,2023-01-28 01:00:00,19,Magic,Orlando,ORL,33,69,47.8,12,34,35.3,27,32,84.4,2,38,21,5,3,20,23,10,0,2
401468893,2023,2023-01-27,2023-01-28 01:00:00,14,Heat,Miami,MIA,39,85,45.9,10,33,30.3,22,26,84.6,5,32,28,9,3,11,19,8,0,0
401468894,2023,2023-01-27,2023-01-28 01:00:00,5,Cavaliers,Cleveland,CLE,39,88,44.3,8,29,27.6,14,18,77.8,11,26,27,9,5,10,21,10,0,0
401468894,2023,2023-01-27,2023-01-28 01:00:00,25,Thunder,Oklahoma City,OKC,40,76,52.6,10,18,55.6,22,25,88.0,10,36,19,5,2,14,17,15,1,1
401468895,2023,2023-01-27,2023-01-28 03:00:00,28,Raptors,Toronto,TOR,46,101,45.5,12,33,36.4,13,21,61.9,14,32,24,5,4,10,17,8,0,0
401468895,2023,2023-01-27,2023-01-28 03:00:00,9,Warriors,Golden State,GS,50,90,55.6,18,43,41.9,11,15,73.3,5,38,40,5,1,12,18,12,2,0
401468885,2023,2023-01-26,2023-01-27 00:30:00,18,Knicks,New York,NY,44,96,45.8,13,38,34.2,19,23,82.6,10,40,17,5,5,8,20,13,2,0
401468885,2023,2023-01-26,2023-01-27 00:30:00,2,Celtics,Boston,BOS,41,100,41.0,16,46,34.8,19,23,82.6,15,39,22,4,4,13,19,15,0,0
401468886,2023,2023-01-26,2023-01-27 00:30:00,8,Pistons,Detroit,DET,48,95,50.5,11,27,40.7,23,26,88.5,15,33,27,12,5,11,22,14,0,0
401468886,2023,2023-01-26,2023-01-27 00:30:00,17,Nets,Brooklyn,BKN,43,94,45.7,13,38,34.2,23,27,85.2,15,25,24,5,6,16,23,4,0,0
401468887,2023,2023-01-26,2023-01-27 00:30:00,4,Bulls,Chicago,CHI,37,91,40.7,4,25,16.0,18,22,81.8,7,36,16,8,2,13,20,10,0,0
401468887,2023,2023-01-26,2023-01-27 00:30:00,30,Hornets,Charlotte,CHA,39,84,46.4,7,32,21.9,26,31,83.9,6,46,24,8,5,14,19,15,2,0
401468888,2023,2023-01-26,2023-01-27 01:00:00,5,Cavaliers,Cleveland,CLE,40,87,46.0,15,36,41.7,18,22,81.8,11,25,29,12,4,9,16,32,1,1
401468888,2023,2023-01-26,2023-01-27 01:00:00,10,Rockets,Houston,HOU,39,76,51.3,5,21,23.8,12,20,60.0,10,36,24,5,6,22,20,2,0,0
401468889,2023,2023-01-26,2023-01-27 03:00:00,6,Mavericks,Dallas,DAL,33,77,42.9,13,34,38.2,20,28,71.4,7,36,20,3,3,7,10,11,2,0
401468889,2023,2023-01-26,2023-01-27 03:00:00,21,Suns,Phoenix,PHX,35,86,40.7,13,32,40.6,12,16,75.0,13,37,24,4,6,7,21,9,2,1
401468890,2023,2023-01-26,2023-01-27 03:30:00,24,Spurs,San Antonio,SA,37,82,45.1,8,24,33.3,18,28,64.3,11,31,24,2,1,12,18,0,2,0
401468890,2023,2023-01-26,2023-01-27 03:30:00,12,Clippers,LA,LAC,52,89,58.4,18,38,47.4,16,21,76.2,6,31,26,9,9,5,21,38,0,0
401468875,2023,2023-01-25,2023-01-26 00:00:00,11,Pacers,Indiana,IND,41,85,48.2,15,35,42.9,23,29,79.3,10,22,25,14,5,14,20,0,3,0
401468875,2023,2023-01-25,2023-01-26 00:00:00,19,Magic,Orlando,ORL,46,82,56.1,15,28,53.6,19,25,76.0,9,25,34,8,7,17,22,17,1,2
401468876,2023,2023-01-25,2023-01-26 00:30:00,17,Nets,Brooklyn,BKN,49,76,64.5,14,26,53.8,21,27,77.8,6,25,29,3,4,16,26,4,0,3
401468876,2023,2023-01-25,2023-01-26 00:30:00,20,76ers,Philadelphia,PHI,42,82,51.2,18,38,47.4,35,36,97.2,11,25,26,10,4,9,19,17,2,4
401468877,2023,2023-01-25,2023-01-26 01:00:00,27,Wizards,Washington,WSH,39,98,39.8,12,38,31.6,18,23,78.3,15,33,27,13,7,7,16,9,1,0
401468877,2023,2023-01-25,2023-01-26 01:00:00,10,Rockets,Houston,HOU,42,97,43.3,5,28,17.9,14,20,70.0,17,40,29,5,10,14,15,19,0,0
401468878,2023,2023-01-25,2023-01-26 01:00:00,7,Nuggets,Denver,DEN,38,97,39.2,11,34,32.4,12,16,75.0,15,36,21,9,5,19,21,5,0,0
401468878,2023,2023-01-25,2023-01-26 01:00:00,15,Bucks,Milwaukee,MIL,37,78,47.4,13,30,43.3,20,28,71.4,7,42,16,11,7,22,15,14,1,1
401468879,2023,2023-01-25,2023-01-26 01:00:00,16,Timberwolves,Minnesota,MIN,40,82,48.8,11,29,37.9,20,28,71.4,4,32,23,8,5,9,18,17,0,1
401468879,2023,2023-01-25,2023-01-26 01:00:00,3,Pelicans,New Orleans,NO,37,85,43.5,12,38,31.6,16,21,76.2,8,34,25,4,7,14,21,12,1,3
401468880,2023,2023-01-25,2023-01-26 01:00:00,1,Hawks,Atlanta,ATL,50,84,59.5,11,29,37.9,26,33,78.8,11,35,26,5,6,16,16,15,1,2
401468880,2023,2023-01-25,2023-01-26 01:00:00,25,Thunder,Oklahoma City,OKC,53,102,52.0,15,34,44.1,11,16,68.8,12,25,31,12,2,11,23,7,1,0
401468881,2023,2023-01-25,2023-01-26 03:00:00,29,Grizzlies,Memphis,MEM,42,88,47.7,10,31,32.3,26,37,70.3,11,25,26,10,3,13,26,10,1,1
401468881,2023,2023-01-25,2023-01-26 03:00:00,9,Warriors,Golden State,GS,43,85,50.6,14,32,43.8,22,28,78.6,14,30,33,7,5,21,27,6,1,2
401468882,2023,2023-01-25,2023-01-26 03:00:00,26,Jazz,Utah,UTAH,47,90,52.2,20,41,48.8,10,15,66.7,8,27,32,5,5,13,18,12,0,0
401468882,2023,2023-01-25,2023-01-26 03:00:00,22,Trail Blazers,Portland,POR,51,89,57.3,17,36,47.2,15,18,83.3,6,35,26,9,4,10,15,16,0,1
401468883,2023,2023-01-25,2023-01-26 03:00:00,28,Raptors,Toronto,TOR,48,97,49.5,12,40,30.0,5,7,71.4,11,30,28,12,8,9,17,20,1,0
401468883,2023,2023-01-25,2023-01-26 03:00:00,23,Kings,Sacramento,SAC,35,73,47.9,13,32,40.6,12,13,92.3,4,30,29,6,2,19,12,4,0,1
401468884,2023,2023-01-25,2023-01-26 03:30:00,24,Spurs,San Antonio,SA,40,106,37.7,8,34,23.5,16,18,88.9,17,31,22,11,2,14,19,10,0,0
401468884,2023,2023-01-25,2023-01-26 03:30:00,13,Lakers,Los Angeles,LAL,40,90,44.4,10,33,30.3,23,30,76.7,11,45,25,12,9,19,13,14,1,0
401468868,2023,2023-01-24,2023-01-25 00:00:00,4,Bulls,Chicago,CHI,43,88,48.9,5,24,20.8,19,25,76.0,11,34,19,5,5,16,23,21,0,0
401468868,2023,2023-01-24,2023-01-25 00:00:00,11,Pacers,Indiana,IND,42,99,42.4,10,37,27.0,22,28,78.6,14,31,24,9,10,6,21,6,2,0
401468869,2023,2023-01-24,2023-01-25 00:30:00,2,Celtics,Boston,BOS,32,74,43.2,10,32,31.3,21,27,77.8,5,39,21,5,6,17,22,14,0,0
401468869,2023,2023-01-24,2023-01-25 00:30:00,14,Heat,Miami,MIA,34,94,36.2,12,33,36.4,18,23,78.3,14,37,21,7,2,7,18,5,1,0
401468870,2023,2023-01-24,2023-01-25 00:30:00,5,Cavaliers,Cleveland,CLE,40,87,46.0,12,33,36.4,11,16,68.8,10,31,29,8,4,10,19,8,2,0
401468870,2023,2023-01-24,2023-01-25 00:30:00,18,Knicks,New York,NY,37,75,49.3,17,33,51.5,14,21,66.7,9,33,25,4,3,15,18,13,2,0
401468871,2023,2023-01-24,2023-01-25 01:00:00,7,Nuggets,Denver,DEN,39,80,48.8,11,33,33.3,10,13,76.9,7,27,27,8,5,12,20,19,0,1
401468871,2023,2023-01-24,2023-01-25 01:00:00,3,Pelicans,New Orleans,NO,38,85,44.7,5,26,19.2,17,20,85.0,14,29,18,5,3,14,14,4,2,0
401468872,2023,2023-01-24,2023-01-25 01:30:00,27,Wizards,Washington,WSH,42,83,50.6,11,30,36.7,32,41,78.0,6,35,28,7,3,10,22,8,1,0
401468872,2023,2023-01-24,2023-01-25 01:30:00,6,Mavericks,Dallas,DAL,47,89,52.8,10,30,33.3,22,26,84.6,8,30,24,6,2,9,25,7,0,3
401468873,2023,2023-01-24,2023-01-25 02:00:00,30,Hornets,Charlotte,CHA,39,96,40.6,6,25,24.0,13,18,72.2,10,30,19,10,5,13,21,2,1,1
401468873,2023,2023-01-24,2023-01-25 02:00:00,21,Suns,Phoenix,PHX,47,94,50.0,22,39,56.4,12,13,92.3,15,40,38,3,10,17,21,33,1,0
401468874,2023,2023-01-24,2023-01-25 03:00:00,12,Clippers,LA,LAC,51,84,60.7,19,38,50.0,12,15,80.0,7,40,25,4,9,12,20,23,3,0
401468874,2023,2023-01-24,2023-01-25 03:00:00,13,Lakers,Los Angeles,LAL,42,95,44.2,16,40,40.0,15,24,62.5,9,23,21,8,4,6,13,0,1,1
401468861,2023,2023-01-23,2023-01-24 00:00:00,15,Bucks,Milwaukee,MIL,55,98,56.1,23,52,44.2,17,24,70.8,13,37,38,11,6,18,27,33,1,2
401468861,2023,2023-01-23,2023-01-24 00:00:00,8,Pistons,Detroit,DET,43,87,49.4,13,32,40.6,31,40,77.5,11,30,26,10,3,20,21,0,0,0
401468862,2023,2023-01-23,2023-01-24 00:00:00,2,Celtics,Boston,BOS,36,83,43.4,18,46,39.1,8,11,72.7,8,29,24,5,4,18,23,5,0,0
401468862,2023,2023-01-23,2023-01-24 00:00:00,19,Magic,Orlando,ORL,43,84,51.2,11,27,40.7,16,24,66.7,8,32,22,10,3,10,12,15,1,1
401468863,2023,2023-01-23,2023-01-24 01:00:00,1,Hawks,Atlanta,ATL,39,85,45.9,10,33,30.3,12,19,63.2,9,34,24,6,4,18,14,6,1,0
401468863,2023,2023-01-23,2023-01-24 01:00:00,4,Bulls,Chicago,CHI,44,95,46.3,11,34,32.4,12,18,66.7,15,32,28,13,3,9,20,13,2,0
401468864,2023,2023-01-23,2023-01-24 01:00:00,16,Timberwolves,Minnesota,MIN,41,91,45.1,16,42,38.1,16,22,72.7,12,29,19,8,7,19,22,6,0,2
401468864,2023,2023-01-23,2023-01-24 01:00:00,10,Rockets,Houston,HOU,44,88,50.0,11,30,36.7,20,30,66.7,12,35,24,11,5,20,15,12,3,0
401468865,2023,2023-01-23,2023-01-24 02:00:00,30,Hornets,Charlotte,CHA,38,85,44.7,2,16,12.5,24,34,70.6,11,31,22,8,7,14,23,5,1,0
401468865,2023,2023-01-23,2023-01-24 02:00:00,26,Jazz,Utah,UTAH,41,86,47.7,16,40,40.0,22,26,84.6,9,37,25,8,4,16,26,27,0,0
401468866,2023,2023-01-23,2023-01-24 03:00:00,24,Spurs,San Antonio,SA,47,90,52.2,13,27,48.1,20,26,76.9,14,26,30,7,4,15,18,6,0,1
401468866,2023,2023-01-23,2023-01-24 03:00:00,22,Trail Blazers,Portland,POR,55,92,59.8,20,33,60.6,17,22,77.3,8,28,34,11,4,9,16,24,1,1
401468867,2023,2023-01-23,2023-01-24 03:30:00,29,Grizzlies,Memphis,MEM,40,98,40.8,12,36,33.3,8,10,80.0,10,21,28,14,3,15,21,2,0,0
401468867,2023,2023-01-23,2023-01-24 03:30:00,23,Kings,Sacramento,SAC,49,88,55.7,22,40,55.0,13,14,92.9,10,43,37,10,5,24,11,33,1,0
401468856,2023,2023-01-22,2023-01-22 19:30:00,12,Clippers,LA,LAC,35,77,45.5,12,28,42.9,30,31,96.8,9,37,20,6,3,10,23,15,1,0
401468856,2023,2023-01-22,2023-01-22 19:30:00,6,Mavericks,Dallas,DAL,35,80,43.8,13,35,37.1,15,26,57.7,12,26,15,3,3,10,21,10,0,2
401468854,2023,2023-01-22,2023-01-22 20:30:00,3,Pelicans,New Orleans,NO,37,78,47.4,8,30,26.7,14,18,77.8,8,33,24,17,4,24,22,16,1,0
401468854,2023,2023-01-22,2023-01-22 20:30:00,14,Heat,Miami,MIA,35,80,43.8,8,34,23.5,22,27,81.5,12,30,17,16,1,21,14,5,1,0
401468855,2023,2023-01-22,2023-01-22 23:00:00,18,Knicks,New York,NY,40,82,48.8,18,41,43.9,18,26,69.2,14,33,30,4,4,16,24,3,1,0
401468855,2023,2023-01-22,2023-01-22 23:00:00,28,Raptors,Toronto,TOR,41,90,45.6,15,34,44.1,28,35,80.0,17,28,21,12,4,7,20,17,1,1
401468857,2023,2023-01-22,2023-01-23 01:00:00,25,Thunder,Oklahoma City,OKC,40,89,44.9,7,26,26.9,14,16,87.5,14,36,21,4,5,8,24,11,0,1
401468857,2023,2023-01-22,2023-01-23 01:00:00,7,Nuggets,Denver,DEN,36,82,43.9,10,28,35.7,17,33,51.5,10,32,22,7,5,9,16,2,0,0
401468858,2023,2023-01-22,2023-01-23 01:00:00,29,Grizzlies,Memphis,MEM,40,92,43.5,11,32,34.4,19,27,70.4,15,37,28,8,4,20,22,0,0,1
401468858,2023,2023-01-22,2023-01-23 01:00:00,21,Suns,Phoenix,PHX,39,88,44.3,13,35,37.1,21,25,84.0,6,34,25,10,5,16,26,29,1,0
401468859,2023,2023-01-22,2023-01-23 01:30:00,17,Nets,Brooklyn,BKN,43,79,54.4,14,27,51.9,20,31,64.5,9,33,30,4,7,15,22,8,1,0
401468859,2023,2023-01-22,2023-01-23 01:30:00,9,Warriors,Golden State,GS,41,90,45.6,13,32,40.6,21,27,77.8,10,32,28,10,2,10,24,17,2,0
401468860,2023,2023-01-22,2023-01-23 02:00:00,13,Lakers,Los Angeles,LAL,45,86,52.3,10,30,33.3,21,27,77.8,10,41,23,5,5,12,19,14,1,1
401468860,2023,2023-01-22,2023-01-23 02:00:00,22,Trail Blazers,Portland,POR,37,86,43.0,17,46,37.0,21,25,84.0,11,27,24,5,7,11,24,25,1,0
401468847,2023,2023-01-21,2023-01-21 22:00:00,2,Celtics,Boston,BOS,38,85,44.7,16,35,45.7,14,15,93.3,11,30,25,9,8,15,17,8,0,0
401468847,2023,2023-01-21,2023-01-21 22:00:00,28,Raptors,Toronto,TOR,46,86,53.5,7,19,36.8,5,7,71.4,6,35,24,7,9,14,13,11,0,0
401468848,2023,2023-01-21,2023-01-22 00:00:00,19,Magic,Orlando,ORL,42,90,46.7,14,34,41.2,20,24,83.3,9,32,24,3,10,10,19,0,1,0
401468848,2023,2023-01-21,2023-01-22 00:00:00,27,Wizards,Washington,WSH,51,95,53.7,18,34,52.9,18,25,72.0,9,37,34,6,5,8,18,22,0,0
401468849,2023,2023-01-21,2023-01-22 00:30:00,30,Hornets,Charlotte,CHA,45,89,50.6,13,34,38.2,19,22,86.4,6,30,28,11,2,12,18,5,0,1
401468849,2023,2023-01-21,2023-01-22 00:30:00,1,Hawks,Atlanta,ATL,45,83,54.2,11,25,44.0,17,20,85.0,6,34,24,5,4,16,20,19,2,0
401468850,2023,2023-01-21,2023-01-22 00:30:00,15,Bucks,Milwaukee,MIL,39,86,45.3,14,39,35.9,10,11,90.9,7,29,24,3,6,14,17,7,2,0
401468850,2023,2023-01-21,2023-01-22 00:30:00,5,Cavaliers,Cleveland,CLE,48,86,55.8,7,22,31.8,11,17,64.7,9,32,33,9,3,9,13,12,0,1
401468851,2023,2023-01-21,2023-01-22 01:00:00,10,Rockets,Houston,HOU,38,79,48.1,9,24,37.5,19,33,57.6,15,41,24,4,6,21,19,12,2,2
401468851,2023,2023-01-21,2023-01-22 01:00:00,16,Timberwolves,Minnesota,MIN,38,83,45.8,17,41,41.5,20,24,83.3,3,27,20,12,9,11,26,13,1,1
401468852,2023,2023-01-21,2023-01-22 02:00:00,11,Pacers,Indiana,IND,36,96,37.5,13,37,35.1,22,26,84.6,11,37,22,10,4,14,29,7,1,0
401468852,2023,2023-01-21,2023-01-22 02:00:00,21,Suns,Phoenix,PHX,38,91,41.8,12,31,38.7,24,35,68.6,14,41,27,9,8,15,20,10,0,0
401468853,2023,2023-01-21,2023-01-22 03:00:00,20,76ers,Philadelphia,PHI,49,93,53.0,12,28,43.0,19,23,83.0,16,30,27,4,3,15,26,11,0,2
401468853,2023,2023-01-21,2023-01-22 03:00:00,23,Kings,Sacramento,SAC,46,84,55.0,13,33,39.0,22,29,76.0,4,25,28,6,5,8,20,21,1,1
401468838,2023,2023-01-20,2023-01-21 00:00:00,3,Pelicans,New Orleans,NO,41,91,45.1,10,35,28.6,18,24,75.0,11,28,29,9,5,10,21,14,1,0
401468838,2023,2023-01-20,2023-01-21 00:00:00,19,Magic,Orlando,ORL,39,75,52.0,15,30,50.0,30,34,88.2,5,37,28,2,5,14,18,16,1,1
401468839,2023,2023-01-20,2023-01-21 00:30:00,18,Knicks,New York,NY,49,83,59.0,13,30,43.3,13,17,76.5,9,25,27,5,3,12,15,7,0,0
401468839,2023,2023-01-20,2023-01-21 00:30:00,1,Hawks,Atlanta,ATL,56,100,56.0,13,34,38.2,14,16,87.5,14,25,27,6,4,7,16,19,0,0
401468840,2023,2023-01-20,2023-01-21 00:30:00,9,Warriors,Golden State,GS,42,86,48.8,23,43,53.5,13,19,68.4,14,31,25,9,4,17,19,20,1,2
401468840,2023,2023-01-20,2023-01-21 00:30:00,5,Cavaliers,Cleveland,CLE,42,84,50.0,14,33,42.4,16,19,84.2,10,25,24,7,8,15,15,5,0,2
401468841,2023,2023-01-20,2023-01-21 00:30:00,14,Heat,Miami,MIA,33,69,47.8,4,20,20.0,20,27,74.1,5,34,15,3,1,15,22,2,1,2
401468841,2023,2023-01-20,2023-01-21 00:30:00,6,Mavericks,Dallas,DAL,37,80,46.3,18,38,47.4,23,28,82.1,10,27,21,7,1,10,22,30,0,0
401468842,2023,2023-01-20,2023-01-21 01:00:00,12,Clippers,LA,LAC,51,81,63.0,15,28,53.6,14,20,70.0,11,21,31,4,2,9,13,12,0,1
401468842,2023,2023-01-20,2023-01-21 01:00:00,24,Spurs,San Antonio,SA,51,89,57.3,14,26,53.8,10,14,71.4,12,22,34,3,1,6,15,9,1,0
401468843,2023,2023-01-20,2023-01-21 02:00:00,11,Pacers,Indiana,IND,37,84,44.0,8,32,25.0,29,37,78.4,16,23,23,7,2,21,18,1,0,2
401468843,2023,2023-01-20,2023-01-21 02:00:00,7,Nuggets,Denver,DEN,51,83,61.4,14,28,50.0,18,26,69.2,12,26,38,16,4,16,28,30,2,1
401468844,2023,2023-01-20,2023-01-21 02:00:00,17,Nets,Brooklyn,BKN,43,80,53.8,18,41,43.9,13,20,65.0,6,36,26,7,6,9,18,13,2,0
401468844,2023,2023-01-20,2023-01-21 02:00:00,26,Jazz,Utah,UTAH,37,88,42.0,16,39,41.0,16,23,69.6,13,33,24,6,1,10,18,6,1,0
401468845,2023,2023-01-20,2023-01-21 03:00:00,29,Grizzlies,Memphis,MEM,43,102,42.2,9,29,31.0,26,40,65.0,24,39,24,6,7,14,31,13,0,0
401468845,2023,2023-01-20,2023-01-21 03:00:00,13,Lakers,Los Angeles,LAL,38,93,40.9,13,41,31.7,33,41,80.5,10,37,24,7,7,9,26,7,1,0
401468846,2023,2023-01-20,2023-01-21 03:00:00,25,Thunder,Oklahoma City,OKC,45,93,48.4,16,40,40.0,7,11,63.6,8,28,21,4,1,9,20,9,0,0
401468846,2023,2023-01-20,2023-01-21 03:00:00,23,Kings,Sacramento,SAC,41,87,47.1,12,38,31.6,24,28,85.7,13,40,25,1,2,15,17,10,0,1
401468833,2023,2023-01-19,2023-01-19 20:00:00,4,Bulls,Chicago,CHI,50,92,54.3,7,23,30.4,19,21,90.5,11,37,23,11,8,14,17,22,0,0
401468833,2023,2023-01-19,2023-01-19 20:00:00,8,Pistons,Detroit,DET,39,97,40.2,8,34,23.5,22,27,81.5,17,32,25,7,3,15,15,0,2,0
401468834,2023,2023-01-19,2023-01-20 00:30:00,9,Warriors,Golden State,GS,40,100,40.0,18,52,34.6,20,23,87.0,8,39,28,10,7,16,26,11,0,0
401468834,2023,2023-01-19,2023-01-20 00:30:00,2,Celtics,Boston,BOS,43,108,39.8,13,41,31.7,22,30,73.3,18,45,21,10,5,17,19,10,0,0
401468835,2023,2023-01-19,2023-01-20 01:00:00,28,Raptors,Toronto,TOR,46,87,52.9,14,28,50.0,20,27,74.1,8,30,26,8,6,16,19,18,0,0
401468835,2023,2023-01-19,2023-01-20 01:00:00,16,Timberwolves,Minnesota,MIN,45,89,50.6,17,40,42.5,21,23,91.3,8,29,31,12,5,15,20,5,0,1
401468836,2023,2023-01-19,2023-01-20 03:00:00,17,Nets,Brooklyn,BKN,43,82,52.4,11,26,42.3,15,25,60.0,2,32,27,10,6,12,34,6,1,3
401468836,2023,2023-01-19,2023-01-20 03:00:00,21,Suns,Phoenix,PHX,39,85,45.9,11,28,39.3,28,41,68.3,12,37,30,4,3,16,23,24,0,0
401468837,2023,2023-01-19,2023-01-20 03:00:00,20,76ers,Philadelphia,PHI,41,81,50.6,8,26,30.8,15,19,78.9,5,38,24,8,8,12,23,26,3,1
401468837,2023,2023-01-19,2023-01-20 03:00:00,22,Trail Blazers,Portland,POR,32,85,37.6,9,37,24.3,22,29,75.9,13,31,19,4,3,15,15,0,1,0
401468824,2023,2023-01-18,2023-01-19 00:30:00,27,Wizards,Washington,WSH,42,95,44.2,16,42,38.1,16,19,84.2,18,34,28,5,9,13,23,17,1,0
401468824,2023,2023-01-18,2023-01-19 00:30:00,18,Knicks,New York,NY,40,96,41.7,7,26,26.9,18,27,66.7,20,29,14,9,4,9,20,0,0,1
401468825,2023,2023-01-18,2023-01-19 00:30:00,1,Hawks,Atlanta,ATL,49,86,57.0,13,26,50.0,19,20,95.0,7,28,28,7,4,12,23,8,0,0
401468825,2023,2023-01-18,2023-01-19 00:30:00,6,Mavericks,Dallas,DAL,44,84,52.4,16,42,38.1,18,24,75.0,10,21,26,5,3,16,19,10,0,0
401468826,2023,2023-01-18,2023-01-19 01:00:00,30,Hornets,Charlotte,CHA,48,96,50.0,9,36,25.0,17,25,68.0,11,26,27,14,10,9,20,12,1,2
401468826,2023,2023-01-18,2023-01-19 01:00:00,10,Rockets,Houston,HOU,46,91,50.5,10,32,31.3,15,20,75.0,12,35,21,4,5,19,22,8,1,0
401468827,2023,2023-01-18,2023-01-19 01:00:00,5,Cavaliers,Cleveland,CLE,42,82,51.2,16,35,45.7,14,21,66.7,11,36,29,4,7,16,17,10,3,0
401468827,2023,2023-01-18,2023-01-19 01:00:00,29,Grizzlies,Memphis,MEM,44,97,45.4,11,34,32.4,16,22,72.7,15,27,22,10,7,8,19,19,0,0
401468828,2023,2023-01-18,2023-01-19 01:00:00,14,Heat,Miami,MIA,50,94,53.2,12,35,34.3,12,16,75.0,10,33,37,11,2,9,17,30,2,0
401468828,2023,2023-01-18,2023-01-19 01:00:00,3,Pelicans,New Orleans,NO,37,80,46.3,13,30,43.3,11,18,61.1,9,29,27,5,3,18,17,0,0,0
401468829,2023,2023-01-18,2023-01-19 01:00:00,11,Pacers,Indiana,IND,39,94,41.5,12,33,36.4,16,24,66.7,20,28,23,9,10,23,19,0,1,1
401468829,2023,2023-01-18,2023-01-19 01:00:00,25,Thunder,Oklahoma City,OKC,47,93,50.5,16,38,42.1,16,21,76.2,13,29,41,12,7,17,25,29,2,0
401468830,2023,2023-01-18,2023-01-19 02:00:00,12,Clippers,LA,LAC,37,92,40.2,15,34,44.1,14,21,66.7,16,34,23,1,6,13,20,0,0,1
401468830,2023,2023-01-18,2023-01-19 02:00:00,26,Jazz,Utah,UTAH,45,87,51.7,19,32,59.4,17,22,77.3,9,35,26,4,7,8,19,25,0,0
401468831,2023,2023-01-18,2023-01-19 03:12:00,16,Timberwolves,Minnesota,MIN,42,81,51.9,12,32,37.5,22,28,78.6,12,24,26,6,10,17,27,10,2,0
401468831,2023,2023-01-18,2023-01-19 03:12:00,7,Nuggets,Denver,DEN,45,85,52.9,8,21,38.1,24,32,75.0,8,26,27,10,2,14,19,10,2,0
401468832,2023,2023-01-18,2023-01-19 03:30:00,23,Kings,Sacramento,SAC,43,87,49.4,9,30,30.0,21,27,77.8,14,33,23,3,5,11,14,14,0,1
401468832,2023,2023-01-18,2023-01-19 03:30:00,13,Lakers,Los Angeles,LAL,43,89,48.3,11,34,32.4,14,18,77.8,6,30,26,9,3,6,20,14,1,1
401468820,2023,2023-01-17,2023-01-18 00:30:00,28,Raptors,Toronto,TOR,46,101,45.5,13,35,37.1,17,27,63.0,20,30,20,7,5,9,14,9,0,2
401468820,2023,2023-01-17,2023-01-18 00:30:00,15,Bucks,Milwaukee,MIL,46,86,53.5,19,39,48.7,19,21,90.5,6,36,24,5,5,11,19,13,1,3
401468821,2023,2023-01-17,2023-01-18 01:00:00,17,Nets,Brooklyn,BKN,37,88,42.0,3,23,13.0,21,24,87.5,10,39,22,10,8,21,26,5,0,1
401468821,2023,2023-01-17,2023-01-18 01:00:00,24,Spurs,San Antonio,SA,37,97,38.1,7,34,20.6,25,28,89.3,13,41,23,12,4,15,22,14,1,0
401468822,2023,2023-01-17,2023-01-18 02:00:00,22,Trail Blazers,Portland,POR,38,83,45.8,13,40,32.5,24,25,96.0,5,30,21,3,4,13,24,5,0,2
401468822,2023,2023-01-17,2023-01-18 02:00:00,7,Nuggets,Denver,DEN,44,88,50.0,11,32,34.4,23,28,82.1,11,31,32,8,6,11,15,20,1,2
401468823,2023,2023-01-17,2023-01-18 03:00:00,20,76ers,Philadelphia,PHI,39,73,53.4,13,31,41.9,29,34,85.3,8,25,25,12,4,14,17,19,1,2
401468823,2023,2023-01-17,2023-01-18 03:00:00,12,Clippers,LA,LAC,41,82,50.0,12,34,35.3,16,20,80.0,8,25,20,4,5,18,23,4,1,0
401468811,2023,2023-01-16,2023-01-16 18:00:00,2,Celtics,Boston,BOS,43,87,49.4,20,43,46.5,24,25,96.0,14,33,34,1,4,11,21,17,1,0
401468811,2023,2023-01-16,2023-01-16 18:00:00,30,Hornets,Charlotte,CHA,41,90,45.6,13,31,41.9,23,30,76.7,13,25,26,7,2,5,18,1,0,1
401468812,2023,2023-01-16,2023-01-16 19:30:00,11,Pacers,Indiana,IND,43,84,51.2,19,40,47.5,14,15,93.3,4,33,29,6,5,15,17,13,1,0
401468812,2023,2023-01-16,2023-01-16 19:30:00,15,Bucks,Milwaukee,MIL,48,91,52.7,23,46,50.0,13,15,86.7,9,32,32,9,1,13,14,13,1,1
401468813,2023,2023-01-16,2023-01-16 20:00:00,3,Pelicans,New Orleans,NO,38,75,50.7,10,27,37.0,17,22,77.3,3,25,26,9,1,17,23,13,0,1
401468813,2023,2023-01-16,2023-01-16 20:00:00,5,Cavaliers,Cleveland,CLE,39,80,48.8,9,28,32.1,26,33,78.8,13,30,22,5,4,15,19,12,0,0
401468814,2023,2023-01-16,2023-01-16 20:00:00,28,Raptors,Toronto,TOR,38,96,39.6,13,44,29.5,34,41,82.9,14,28,27,8,12,6,25,10,0,1
401468814,2023,2023-01-16,2023-01-16 20:00:00,18,Knicks,New York,NY,42,99,42.4,9,31,29.0,28,35,80.0,20,34,17,3,5,11,28,10,1,0
401468815,2023,2023-01-16,2023-01-16 20:00:00,9,Warriors,Golden State,GS,45,91,49.5,18,44,40.9,19,21,90.5,9,34,28,8,1,12,23,11,0,0
401468815,2023,2023-01-16,2023-01-16 20:00:00,27,Wizards,Washington,WSH,42,86,48.8,14,35,40.0,20,23,87.0,6,30,31,7,2,14,21,9,0,0
401468816,2023,2023-01-16,2023-01-16 20:30:00,14,Heat,Miami,MIA,43,89,48.3,8,31,25.8,19,20,95.0,12,29,30,10,4,14,22,0,2,1
401468816,2023,2023-01-16,2023-01-16 20:30:00,1,Hawks,Atlanta,ATL,45,76,59.2,13,27,48.1,18,22,81.8,2,26,27,9,5,16,17,26,0,1
401468817,2023,2023-01-16,2023-01-16 21:00:00,26,Jazz,Utah,UTAH,45,84,53.6,13,34,38.2,23,28,82.1,14,36,25,0,5,18,12,5,0,0
401468817,2023,2023-01-16,2023-01-16 21:00:00,16,Timberwolves,Minnesota,MIN,46,101,45.5,18,41,43.9,15,18,83.3,16,25,28,9,6,5,20,11,1,3
401468818,2023,2023-01-16,2023-01-16 23:00:00,21,Suns,Phoenix,PHX,39,89,43.8,10,33,30.3,18,19,94.7,9,28,33,4,4,15,22,11,0,0
401468818,2023,2023-01-16,2023-01-16 23:00:00,29,Grizzlies,Memphis,MEM,52,98,53.1,16,37,43.2,16,20,80.0,13,38,29,8,6,10,19,36,1,1
401468819,2023,2023-01-16,2023-01-17 03:30:00,10,Rockets,Houston,HOU,49,100,49.0,11,30,36.7,23,31,74.2,17,31,28,0,7,8,25,2,0,0
401468819,2023,2023-01-16,2023-01-17 03:30:00,13,Lakers,Los Angeles,LAL,49,91,53.8,12,33,36.4,30,35,85.7,9,30,23,4,5,2,19,16,0,2
401468803,2023,2023-01-15,2023-01-15 18:00:00,18,Knicks,New York,NY,40,88,45.5,12,30,40.0,25,31,80.6,18,34,17,3,6,6,12,20,2,0
401468803,2023,2023-01-15,2023-01-15 18:00:00,8,Pistons,Detroit,DET,37,83,44.6,18,44,40.9,12,15,80.0,9,29,23,4,4,11,22,0,1,0
401468804,2023,2023-01-15,2023-01-15 20:00:00,10,Rockets,Houston,HOU,38,84,45.2,7,31,22.6,17,23,73.9,10,29,22,8,6,20,17,8,0,1
401468804,2023,2023-01-15,2023-01-15 20:00:00,12,Clippers,LA,LAC,46,88,52.3,14,32,43.8,15,21,71.4,11,33,21,13,6,15,16,21,2,1
401468805,2023,2023-01-15,2023-01-15 20:30:00,9,Warriors,Golden State,GS,41,83,49.4,21,51,41.2,15,22,68.2,7,33,35,6,4,23,22,8,0,2
401468805,2023,2023-01-15,2023-01-15 20:30:00,4,Bulls,Chicago,CHI,48,95,50.5,15,39,38.5,21,24,87.5,7,31,29,12,1,10,18,17,0,0
401468806,2023,2023-01-15,2023-01-15 23:00:00,25,Thunder,Oklahoma City,OKC,40,90,44.4,12,31,38.7,20,26,76.9,11,39,21,5,7,8,14,12,1,0
401468806,2023,2023-01-15,2023-01-15 23:00:00,17,Nets,Brooklyn,BKN,39,91,42.9,12,41,29.3,12,19,63.2,14,37,24,4,7,15,21,10,1,0
401468807,2023,2023-01-15,2023-01-16 00:00:00,23,Kings,Sacramento,SAC,49,89,55.1,14,30,46.7,20,25,80.0,7,31,24,5,2,5,19,14,1,1
401468807,2023,2023-01-15,2023-01-16 00:00:00,24,Spurs,San Antonio,SA,48,93,51.6,10,26,38.5,13,20,65.0,11,29,27,1,3,10,21,9,0,1
401468808,2023,2023-01-15,2023-01-16 01:00:00,19,Magic,Orlando,ORL,41,84,48.8,7,29,24.1,27,34,79.4,10,29,24,7,2,13,17,6,0,2
401468808,2023,2023-01-15,2023-01-16 01:00:00,7,Nuggets,Denver,DEN,48,89,53.9,13,39,33.3,10,19,52.6,12,29,32,10,5,15,22,15,1,0
401468809,2023,2023-01-15,2023-01-16 02:00:00,6,Mavericks,Dallas,DAL,41,89,46.1,14,42,33.3,27,33,81.8,13,26,31,3,2,9,29,3,0,3
401468809,2023,2023-01-15,2023-01-16 02:00:00,22,Trail Blazers,Portland,POR,43,85,50.6,17,44,38.6,37,42,88.1,8,33,28,3,6,7,29,26,1,0
401468810,2023,2023-01-15,2023-01-16 02:30:00,20,76ers,Philadelphia,PHI,43,85,50.6,12,34,35.3,15,19,78.9,5,33,29,3,7,9,16,8,1,0
401468810,2023,2023-01-15,2023-01-16 02:30:00,13,Lakers,Los Angeles,LAL,48,87,55.2,6,20,30.0,10,13,76.9,4,34,28,4,6,9,19,5,2,1
401468796,2023,2023-01-14,2023-01-14 18:00:00,15,Bucks,Milwaukee,MIL,34,84,40.5,19,48,39.6,8,12,66.7,7,25,26,7,2,10,13,1,0,1
401468796,2023,2023-01-14,2023-01-14 18:00:00,14,Heat,Miami,MIA,45,87,51.7,11,22,50.0,10,12,83.3,13,38,17,9,3,11,14,20,0,0
401468797,2023,2023-01-14,2023-01-15 00:00:00,2,Celtics,Boston,BOS,47,99,47.5,19,53,35.8,9,10,90.0,14,32,35,8,4,7,15,18,0,1
401468797,2023,2023-01-14,2023-01-15 00:00:00,30,Hornets,Charlotte,CHA,41,88,46.6,8,27,29.6,16,19,84.2,10,36,21,3,2,11,11,16,0,0
401468798,2023,2023-01-14,2023-01-15 00:00:00,29,Grizzlies,Memphis,MEM,48,87,55.2,12,32,37.5,22,28,78.6,7,38,32,11,8,15,21,34,1,1
401468798,2023,2023-01-14,2023-01-15 00:00:00,11,Pacers,Indiana,IND,38,103,36.9,11,47,23.4,25,28,89.3,16,33,26,5,8,19,20,2,1,0
401468799,2023,2023-01-14,2023-01-15 00:30:00,1,Hawks,Atlanta,ATL,43,84,51.2,11,27,40.7,17,18,94.4,5,35,19,6,4,11,22,18,1,1
401468799,2023,2023-01-14,2023-01-15 00:30:00,28,Raptors,Toronto,TOR,36,87,41.4,7,29,24.1,24,30,80.0,11,32,19,9,3,12,19,0,2,2
401468800,2023,2023-01-14,2023-01-15 01:00:00,5,Cavaliers,Cleveland,CLE,37,76,48.7,8,28,28.6,20,23,87.0,8,32,24,5,2,18,17,14,0,0
401468800,2023,2023-01-14,2023-01-15 01:00:00,16,Timberwolves,Minnesota,MIN,45,80,56.3,9,28,32.1,11,15,73.3,4,27,22,10,5,13,21,13,2,1
401468801,2023,2023-01-14,2023-01-15 02:00:00,20,76ers,Philadelphia,PHI,40,89,44.9,17,39,43.6,21,26,80.8,9,28,23,5,5,8,17,20,0,0
401468801,2023,2023-01-14,2023-01-15 02:00:00,26,Jazz,Utah,UTAH,43,90,47.8,12,40,30.0,19,23,82.6,10,38,20,5,6,10,24,1,2,0
401468802,2023,2023-01-14,2023-01-15 03:00:00,6,Mavericks,Dallas,DAL,43,82,52.4,22,46,47.8,11,19,57.9,2,23,28,4,3,10,18,6,1,0
401468802,2023,2023-01-14,2023-01-15 03:00:00,22,Trail Blazers,Portland,POR,49,88,55.7,17,41,41.5,21,22,95.5,10,37,34,7,4,9,20,26,3,0
401468787,2023,2023-01-13,2023-01-14 00:00:00,3,Pelicans,New Orleans,NO,42,86,48.8,11,31,35.5,21,30,70.0,8,40,29,7,3,16,21,17,1,0
401468787,2023,2023-01-13,2023-01-14 00:00:00,8,Pistons,Detroit,DET,43,90,47.8,7,30,23.3,17,24,70.8,7,35,20,7,3,13,23,2,0,2
401468788,2023,2023-01-13,2023-01-14 00:00:00,1,Hawks,Atlanta,ATL,41,94,43.6,16,33,48.5,15,21,71.4,14,36,26,6,9,13,22,11,1,1
401468788,2023,2023-01-13,2023-01-14 00:00:00,11,Pacers,Indiana,IND,40,101,39.6,7,30,23.3,24,29,82.8,19,32,24,8,9,12,22,9,0,0
401468789,2023,2023-01-13,2023-01-14 00:00:00,18,Knicks,New York,NY,41,92,44.6,8,29,27.6,22,31,71.0,14,40,15,3,6,7,23,15,0,0
401468789,2023,2023-01-13,2023-01-14 00:00:00,27,Wizards,Washington,WSH,36,93,38.7,13,42,31.0,23,26,88.5,12,38,18,3,4,7,23,8,1,0
401468790,2023,2023-01-13,2023-01-14 00:30:00,9,Warriors,Golden State,GS,55,101,54.5,18,48,37.5,16,20,80.0,12,43,33,9,6,12,26,39,1,0
401468790,2023,2023-01-13,2023-01-14 00:30:00,24,Spurs,San Antonio,SA,40,88,45.5,8,22,36.4,25,34,73.5,7,31,26,6,3,15,19,1,0,0
401468791,2023,2023-01-13,2023-01-14 01:00:00,25,Thunder,Oklahoma City,OKC,47,92,51.1,11,33,33.3,19,22,86.4,12,34,22,12,6,10,19,18,1,0
401468791,2023,2023-01-13,2023-01-14 01:00:00,4,Bulls,Chicago,CHI,38,85,44.7,12,38,31.6,22,24,91.7,10,32,30,7,5,16,17,6,0,0
401468792,2023,2023-01-13,2023-01-14 01:00:00,21,Suns,Phoenix,PHX,41,86,47.7,14,23,60.9,20,24,83.3,9,34,28,10,3,19,20,2,0,0
401468792,2023,2023-01-13,2023-01-14 01:00:00,16,Timberwolves,Minnesota,MIN,47,90,52.2,10,28,35.7,17,20,85.0,4,33,24,13,3,14,22,24,1,1
401468793,2023,2023-01-13,2023-01-14 02:00:00,19,Magic,Orlando,ORL,42,96,43.8,14,36,38.9,10,16,62.5,11,29,23,13,3,15,25,3,0,2
401468793,2023,2023-01-13,2023-01-14 02:00:00,26,Jazz,Utah,UTAH,36,83,43.4,11,35,31.4,29,40,72.5,17,42,15,9,11,24,18,12,0,0
401468794,2023,2023-01-13,2023-01-14 03:00:00,7,Nuggets,Denver,DEN,41,82,50.0,14,33,42.4,19,25,76.0,10,33,24,7,4,10,11,12,1,0
401468794,2023,2023-01-13,2023-01-14 03:00:00,12,Clippers,LA,LAC,41,87,47.1,10,29,34.5,11,14,78.6,11,32,20,6,3,12,18,7,0,0
401468795,2023,2023-01-13,2023-01-14 03:00:00,10,Rockets,Houston,HOU,43,91,47.3,12,37,32.4,16,25,64.0,12,22,23,10,4,15,24,5,0,2
401468795,2023,2023-01-13,2023-01-14 03:00:00,23,Kings,Sacramento,SAC,47,86,54.7,20,40,50.0,25,29,86.2,14,32,34,10,8,14,19,26,0,2
401468781,2023,2023-01-12,2023-01-13 00:00:00,25,Thunder,Oklahoma City,OKC,44,86,51.2,14,33,42.4,31,33,93.9,5,34,28,7,6,11,22,21,0,0
401468781,2023,2023-01-12,2023-01-13 00:00:00,20,76ers,Philadelphia,PHI,39,88,44.3,11,36,30.6,25,27,92.6,9,30,30,4,3,17,29,4,0,0
401468782,2023,2023-01-12,2023-01-13 00:30:00,2,Celtics,Boston,BOS,41,86,47.7,12,36,33.3,15,17,88.2,12,36,23,4,6,13,15,13,1,0
401468782,2023,2023-01-12,2023-01-13 00:30:00,17,Nets,Brooklyn,BKN,38,84,45.2,13,34,38.2,9,11,81.8,4,27,26,8,9,12,19,9,0,0
401468783,2023,2023-01-12,2023-01-13 00:30:00,15,Bucks,Milwaukee,MIL,35,87,40.2,22,57,38.6,10,15,66.7,8,31,20,10,2,10,12,15,1,0
401468783,2023,2023-01-12,2023-01-13 00:30:00,14,Heat,Miami,MIA,42,95,44.2,9,34,26.5,15,16,93.8,18,43,22,8,1,13,8,16,0,0
401468784,2023,2023-01-12,2023-01-13 00:30:00,30,Hornets,Charlotte,CHA,41,77,53.2,13,33,39.4,19,27,70.4,9,33,27,6,5,22,30,0,0,0
401468784,2023,2023-01-12,2023-01-13 00:30:00,28,Raptors,Toronto,TOR,43,83,51.8,10,28,35.7,28,36,77.8,8,24,30,15,4,9,23,18,0,1
401468785,2023,2023-01-12,2023-01-13 03:00:00,6,Mavericks,Dallas,DAL,48,96,50.0,14,42,33.3,9,17,52.9,3,51,25,4,9,16,26,19,3,1
401468785,2023,2023-01-12,2023-01-13 03:00:00,13,Lakers,Los Angeles,LAL,44,112,39.3,10,41,24.4,17,27,63.0,14,42,24,7,4,9,18,3,1,0
401468786,2023,2023-01-12,2023-01-13 03:00:00,5,Cavaliers,Cleveland,CLE,44,89,49.4,7,22,31.8,24,31,77.4,12,32,28,6,1,11,19,8,0,1
401468786,2023,2023-01-12,2023-01-13 03:00:00,22,Trail Blazers,Portland,POR,40,78,51.3,11,33,33.3,22,29,75.9,5,31,17,6,4,16,27,14,1,0
401468773,2023,2023-01-11,2023-01-12 00:00:00,16,Timberwolves,Minnesota,MIN,43,88,48.9,16,33,48.5,16,21,76.2,13,23,22,7,2,18,22,10,1,1
401468773,2023,2023-01-11,2023-01-12 00:00:00,8,Pistons,Detroit,DET,48,80,60.0,17,32,53.1,22,28,78.6,7,31,30,10,7,16,20,23,1,0
401468774,2023,2023-01-11,2023-01-12 00:00:00,4,Bulls,Chicago,CHI,41,88,46.6,9,29,31.0,6,9,66.7,8,31,16,7,6,12,19,16,0,0
401468774,2023,2023-01-11,2023-01-12 00:00:00,27,Wizards,Washington,WSH,38,82,46.3,7,23,30.4,17,21,81.0,12,40,21,5,3,17,18,9,1,0
401468775,2023,2023-01-11,2023-01-12 00:30:00,15,Bucks,Milwaukee,MIL,45,98,45.9,18,48,37.5,6,11,54.5,14,43,28,6,4,10,15,24,1,0
401468775,2023,2023-01-11,2023-01-12 00:30:00,1,Hawks,Atlanta,ATL,39,87,44.8,11,30,36.7,16,18,88.9,6,35,25,5,3,11,12,2,0,0
401468776,2023,2023-01-11,2023-01-12 00:30:00,3,Pelicans,New Orleans,NO,45,87,51.7,11,30,36.7,13,17,76.5,4,29,22,5,4,9,17,4,0,1
401468776,2023,2023-01-11,2023-01-12 00:30:00,2,Celtics,Boston,BOS,44,91,48.4,15,44,34.1,22,25,88.0,11,39,24,7,5,9,16,19,0,0
401468777,2023,2023-01-11,2023-01-12 00:30:00,11,Pacers,Indiana,IND,43,90,47.8,12,39,30.8,15,21,71.4,8,33,27,8,5,13,25,0,0,1
401468777,2023,2023-01-11,2023-01-12 00:30:00,18,Knicks,New York,NY,38,84,45.2,15,42,35.7,28,33,84.8,12,38,21,9,4,12,16,25,3,2
401468778,2023,2023-01-11,2023-01-12 01:00:00,24,Spurs,San Antonio,SA,50,107,46.7,11,34,32.4,18,23,78.3,17,31,33,7,11,12,18,5,0,0
401468778,2023,2023-01-11,2023-01-12 01:00:00,29,Grizzlies,Memphis,MEM,52,101,51.5,14,22,63.6,17,25,68.0,17,40,19,6,8,13,17,19,1,2
401468779,2023,2023-01-11,2023-01-12 03:00:00,21,Suns,Phoenix,PHX,39,90,43.3,9,32,28.1,10,14,71.4,15,29,28,4,2,16,17,2,4,1
401468779,2023,2023-01-11,2023-01-12 03:00:00,7,Nuggets,Denver,DEN,48,85,56.5,15,34,44.1,15,21,71.4,7,31,30,9,4,10,20,32,1,1
401468780,2023,2023-01-11,2023-01-12 03:00:00,10,Rockets,Houston,HOU,44,96,45.8,16,41,39.0,11,17,64.7,8,40,30,7,3,13,23,8,1,2
401468780,2023,2023-01-11,2023-01-12 03:00:00,23,Kings,Sacramento,SAC,45,94,47.9,19,48,39.6,26,31,83.9,9,36,28,4,4,9,19,20,0,0
401468767,2023,2023-01-10,2023-01-11 00:00:00,8,Pistons,Detroit,DET,36,89,40.4,14,39,35.9,30,36,83.3,3,23,23,9,5,11,22,1,0,0
401468767,2023,2023-01-10,2023-01-11 00:00:00,20,76ers,Philadelphia,PHI,54,89,60.7,11,31,35.5,28,30,93.3,10,45,36,7,8,18,29,41,1,1
401468766,2023,2023-01-10,2023-01-11 00:30:00,25,Thunder,Oklahoma City,OKC,44,91,48.4,9,35,25.7,14,21,66.7,14,30,27,8,3,18,27,5,1,1
401468766,2023,2023-01-10,2023-01-11 00:30:00,14,Heat,Miami,MIA,31,79,39.2,10,33,30.3,40,40,100.0,13,28,18,10,4,19,19,11,1,2
401468768,2023,2023-01-10,2023-01-11 00:30:00,30,Hornets,Charlotte,CHA,47,86,54.7,15,35,42.9,11,15,73.3,6,28,33,6,4,9,19,4,1,0
401468768,2023,2023-01-10,2023-01-11 00:30:00,28,Raptors,Toronto,TOR,45,91,49.5,20,44,45.5,22,27,81.5,18,31,32,4,4,11,17,15,0,0
401468769,2023,2023-01-10,2023-01-11 02:00:00,5,Cavaliers,Cleveland,CLE,42,90,46.7,10,37,27.0,20,24,83.3,7,30,18,7,7,5,25,7,0,0
401468769,2023,2023-01-10,2023-01-11 02:00:00,26,Jazz,Utah,UTAH,38,87,43.7,10,36,27.8,30,37,81.1,15,39,21,3,3,15,17,13,1,0
401468770,2023,2023-01-10,2023-01-11 03:00:00,21,Suns,Phoenix,PHX,41,90,45.6,14,31,45.2,29,31,93.5,19,38,26,5,7,21,22,27,1,0
401468770,2023,2023-01-10,2023-01-11 03:00:00,9,Warriors,Golden State,GS,37,96,38.5,18,48,37.5,21,27,77.8,16,29,24,13,2,15,26,5,2,2
401468771,2023,2023-01-10,2023-01-11 03:00:00,19,Magic,Orlando,ORL,40,78,51.3,9,24,37.5,20,25,80.0,6,29,19,10,2,16,20,19,0,0
401468771,2023,2023-01-10,2023-01-11 03:00:00,22,Trail Blazers,Portland,POR,42,87,48.3,6,35,17.1,16,19,84.2,13,30,22,10,7,16,22,0,1,2
401468772,2023,2023-01-10,2023-01-11 03:30:00,6,Mavericks,Dallas,DAL,30,69,43.5,12,38,31.6,29,36,80.6,3,29,15,5,6,11,17,0,1,0
401468772,2023,2023-01-10,2023-01-11 03:30:00,12,Clippers,LA,LAC,39,86,45.3,12,31,38.7,23,30,76.7,12,34,20,7,4,9,23,23,1,1
401468760,2023,2023-01-09,2023-01-10 00:00:00,3,Pelicans,New Orleans,NO,49,93,52.7,10,26,38.5,24,31,77.4,12,32,24,9,5,9,21,27,1,0
401468760,2023,2023-01-09,2023-01-10 00:00:00,27,Wizards,Washington,WSH,42,82,51.2,14,34,41.2,14,18,77.8,7,30,26,5,1,20,25,10,0,2
401468761,2023,2023-01-09,2023-01-10 00:30:00,4,Bulls,Chicago,CHI,39,86,45.3,12,35,34.3,9,14,64.3,6,36,19,6,1,7,18,3,1,0
401468761,2023,2023-01-09,2023-01-10 00:30:00,2,Celtics,Boston,BOS,38,87,43.7,11,41,26.8,20,21,95.2,9,41,25,2,7,9,12,16,0,0
401468762,2023,2023-01-09,2023-01-10 00:30:00,15,Bucks,Milwaukee,MIL,39,89,43.8,19,49,38.8,14,18,77.8,12,36,27,3,5,14,17,8,0,1
401468762,2023,2023-01-09,2023-01-10 00:30:00,18,Knicks,New York,NY,38,100,38.0,11,41,26.8,20,22,90.9,18,30,16,8,1,7,14,17,0,1
401468763,2023,2023-01-09,2023-01-10 01:00:00,24,Spurs,San Antonio,SA,44,97,45.4,11,32,34.4,14,16,87.5,12,30,28,8,1,14,24,5,0,0
401468763,2023,2023-01-09,2023-01-10 01:00:00,29,Grizzlies,Memphis,MEM,45,91,49.5,11,26,42.3,20,35,57.1,11,39,26,9,7,13,15,13,1,0
401468764,2023,2023-01-09,2023-01-10 02:00:00,13,Lakers,Los Angeles,LAL,41,93,44.1,8,28,28.6,19,25,76.0,11,33,20,12,2,13,14,3,1,1
401468764,2023,2023-01-09,2023-01-10 02:00:00,7,Nuggets,Denver,DEN,46,99,46.5,15,42,35.7,15,17,88.2,14,41,29,7,11,17,19,20,0,2
401468765,2023,2023-01-09,2023-01-10 03:00:00,19,Magic,Orlando,ORL,41,90,45.6,14,44,31.8,15,20,75.0,9,32,24,7,7,13,18,2,0,0
401468765,2023,2023-01-09,2023-01-10 03:00:00,23,Kings,Sacramento,SAC,52,97,53.6,23,46,50.0,9,12,75.0,11,37,39,4,1,11,16,31,0,1
401468751,2023,2023-01-08,2023-01-08 20:00:00,20,76ers,Philadelphia,PHI,46,94,48.9,11,37,29.7,20,23,87.0,14,30,24,12,5,13,17,23,1,0
401468751,2023,2023-01-08,2023-01-08 20:00:00,8,Pistons,Detroit,DET,44,87,50.6,8,23,34.8,15,18,83.3,10,33,25,9,2,23,20,1,0,0
401468752,2023,2023-01-08,2023-01-08 20:30:00,22,Trail Blazers,Portland,POR,34,76,44.7,9,30,30.0,28,37,75.7,10,32,19,5,4,22,24,6,2,2
401468752,2023,2023-01-08,2023-01-08 20:30:00,28,Raptors,Toronto,TOR,40,91,44.0,12,31,38.7,25,29,86.2,13,28,26,12,8,10,28,19,0,2
401468753,2023,2023-01-08,2023-01-08 22:00:00,30,Hornets,Charlotte,CHA,38,88,43.2,11,33,33.3,24,27,88.9,13,36,25,8,4,18,26,14,0,3
401468753,2023,2023-01-08,2023-01-08 22:00:00,11,Pacers,Indiana,IND,38,87,43.7,13,38,34.2,27,33,81.8,8,33,27,14,7,16,22,5,0,0
401468754,2023,2023-01-08,2023-01-08 23:00:00,17,Nets,Brooklyn,BKN,39,76,51.3,12,33,36.4,12,15,80.0,6,34,22,8,8,16,21,9,3,0
401468754,2023,2023-01-08,2023-01-08 23:00:00,14,Heat,Miami,MIA,38,92,41.3,13,35,37.1,12,17,70.6,16,25,22,8,4,11,17,9,1,0
401468755,2023,2023-01-08,2023-01-08 23:00:00,26,Jazz,Utah,UTAH,45,88,51.1,10,32,31.3,18,22,81.8,8,38,29,7,9,20,18,3,1,0
401468755,2023,2023-01-08,2023-01-08 23:00:00,29,Grizzlies,Memphis,MEM,46,102,45.1,15,38,39.5,16,22,72.7,13,26,28,16,7,10,19,16,0,1
401468756,2023,2023-01-08,2023-01-09 00:00:00,16,Timberwolves,Minnesota,MIN,38,80,47.5,10,28,35.7,18,22,81.8,9,35,23,8,4,17,18,11,2,0
401468756,2023,2023-01-08,2023-01-09 00:00:00,10,Rockets,Houston,HOU,38,89,42.7,11,36,30.6,9,15,60.0,12,29,26,8,7,18,19,20,2,0
401468757,2023,2023-01-08,2023-01-09 00:00:00,6,Mavericks,Dallas,DAL,31,73,42.5,14,39,35.9,33,42,78.6,8,31,21,3,1,12,19,11,1,1
401468757,2023,2023-01-08,2023-01-09 00:00:00,25,Thunder,Oklahoma City,OKC,46,95,48.4,12,28,42.9,16,20,80.0,13,35,27,5,8,8,26,18,0,0
401468758,2023,2023-01-08,2023-01-09 01:00:00,5,Cavaliers,Cleveland,CLE,45,78,57.7,11,29,37.9,11,17,64.7,3,36,29,8,5,14,12,22,0,0
401468758,2023,2023-01-08,2023-01-09 01:00:00,21,Suns,Phoenix,PHX,37,84,44.0,14,26,53.8,10,11,90.9,6,30,22,7,2,16,14,7,0,1
401468759,2023,2023-01-08,2023-01-09 02:00:00,1,Hawks,Atlanta,ATL,44,89,49.4,8,26,30.8,16,20,80.0,7,36,22,7,9,9,18,17,0,0
401468759,2023,2023-01-08,2023-01-09 02:00:00,12,Clippers,LA,LAC,37,95,38.9,10,30,33.3,24,31,77.4,21,38,25,6,5,11,19,11,0,1
401468746,2023,2023-01-07,2023-01-07 23:00:00,2,Celtics,Boston,BOS,47,95,49.5,15,34,44.1,12,18,66.7,8,35,30,6,10,14,15,15,0,0
401468746,2023,2023-01-07,2023-01-07 23:00:00,24,Spurs,San Antonio,SA,49,100,49.0,7,25,28.0,11,14,78.6,12,39,25,6,3,13,20,0,0,0
401468747,2023,2023-01-07,2023-01-08 01:00:00,26,Jazz,Utah,UTAH,46,93,49.5,12,41,29.3,14,18,77.8,7,32,36,6,2,10,24,8,0,0
401468747,2023,2023-01-07,2023-01-08 01:00:00,4,Bulls,Chicago,CHI,44,83,53.0,13,28,46.4,25,32,78.1,7,37,22,4,4,10,22,10,0,0
401468748,2023,2023-01-07,2023-01-08 01:00:00,3,Pelicans,New Orleans,NO,45,94,47.9,5,29,17.2,22,35,62.9,15,29,26,14,4,12,25,2,1,0
401468748,2023,2023-01-07,2023-01-08 01:00:00,6,Mavericks,Dallas,DAL,42,74,56.8,13,29,44.8,30,38,78.9,5,34,23,5,7,17,24,23,0,1
401468749,2023,2023-01-07,2023-01-08 01:30:00,19,Magic,Orlando,ORL,44,87,50.6,13,32,40.6,14,24,58.3,7,37,26,12,2,10,14,18,1,0
401468749,2023,2023-01-07,2023-01-08 01:30:00,9,Warriors,Golden State,GS,33,88,37.5,18,58,31.0,17,21,81.0,11,38,26,7,1,16,17,7,0,0
401468750,2023,2023-01-07,2023-01-08 03:00:00,13,Lakers,Los Angeles,LAL,50,82,61.0,9,21,42.9,27,33,81.8,10,28,26,4,3,17,25,9,0,2
401468750,2023,2023-01-07,2023-01-08 03:00:00,23,Kings,Sacramento,SAC,45,86,52.3,14,32,43.8,30,37,81.1,13,21,25,5,4,14,26,8,0,1
401468735,2023,2023-01-06,2023-01-07 00:00:00,22,Trail Blazers,Portland,POR,38,94,40.4,9,33,27.3,14,17,82.4,12,40,30,5,1,18,19,10,0,1
401468735,2023,2023-01-06,2023-01-07 00:00:00,11,Pacers,Indiana,IND,38,84,45.2,7,25,28.0,25,28,89.3,4,37,22,11,6,12,22,11,2,1
401468736,2023,2023-01-06,2023-01-07 00:00:00,4,Bulls,Chicago,CHI,48,84,57.1,20,34,58.8,10,17,58.8,8,37,33,3,4,11,14,18,1,0
401468736,2023,2023-01-06,2023-01-07 00:00:00,20,76ers,Philadelphia,PHI,40,92,43.5,18,41,43.9,14,18,77.8,12,26,28,6,3,7,15,13,0,0
401468737,2023,2023-01-06,2023-01-07 00:30:00,18,Knicks,New York,NY,39,83,47.0,16,37,43.2,18,26,69.2,13,38,19,3,4,11,23,17,2,0
401468737,2023,2023-01-06,2023-01-07 00:30:00,28,Raptors,Toronto,TOR,35,83,42.2,10,29,34.5,28,35,80.0,12,34,22,7,3,7,23,2,0,1
401468741,2023,2023-01-06,2023-01-07 00:30:00,17,Nets,Brooklyn,BKN,37,85,43.5,15,33,45.5,19,20,95.0,10,33,26,8,12,12,23,6,1,0
401468741,2023,2023-01-06,2023-01-07 00:30:00,3,Pelicans,New Orleans,NO,35,88,39.8,12,29,41.4,20,25,80.0,14,37,16,7,4,15,20,15,1,0
401468738,2023,2023-01-06,2023-01-07 01:00:00,30,Hornets,Charlotte,CHA,53,102,52.0,20,48,41.7,12,19,63.2,13,36,32,11,3,5,17,32,0,1
401468738,2023,2023-01-06,2023-01-07 01:00:00,15,Bucks,Milwaukee,MIL,37,84,44.0,20,48,41.7,15,24,62.5,12,33,22,5,4,16,18,3,1,1
401468739,2023,2023-01-06,2023-01-07 01:00:00,27,Wizards,Washington,WSH,38,79,48.1,7,24,29.2,27,36,75.0,11,35,21,6,2,20,18,3,0,0
401468739,2023,2023-01-06,2023-01-07 01:00:00,25,Thunder,Oklahoma City,OKC,50,98,51.0,17,37,45.9,10,14,71.4,11,30,30,9,6,9,26,27,1,0
401468740,2023,2023-01-06,2023-01-07 01:00:00,8,Pistons,Detroit,DET,44,93,47.3,11,31,35.5,10,17,58.8,15,22,23,11,0,15,22,4,1,0
401468740,2023,2023-01-06,2023-01-07 01:00:00,24,Spurs,San Antonio,SA,45,81,55.6,9,24,37.5,22,26,84.6,7,37,27,8,4,17,16,14,1,0
401468742,2023,2023-01-06,2023-01-07 02:00:00,12,Clippers,LA,LAC,44,100,44.0,9,25,36.0,18,27,66.7,18,22,22,13,3,8,19,0,2,3
401468742,2023,2023-01-06,2023-01-07 02:00:00,16,Timberwolves,Minnesota,MIN,46,81,56.8,13,35,37.1,23,29,79.3,10,35,28,4,7,19,22,25,1,0
401468743,2023,2023-01-06,2023-01-07 02:00:00,5,Cavaliers,Cleveland,CLE,40,88,45.5,10,26,38.5,18,32,56.3,18,22,30,7,5,6,18,5,1,1
401468743,2023,2023-01-06,2023-01-07 02:00:00,7,Nuggets,Denver,DEN,43,81,53.1,17,35,48.6,18,23,78.3,13,36,28,5,4,12,23,17,2,3
401468744,2023,2023-01-06,2023-01-07 03:00:00,14,Heat,Miami,MIA,33,78,42.3,12,38,31.6,26,31,83.9,5,32,19,10,3,12,14,14,1,1
401468744,2023,2023-01-06,2023-01-07 03:00:00,21,Suns,Phoenix,PHX,34,82,41.5,6,23,26.1,22,25,88.0,8,36,22,5,2,14,20,5,0,2
401468745,2023,2023-01-06,2023-01-07 03:30:00,1,Hawks,Atlanta,ATL,44,96,45.8,9,31,29.0,17,22,77.3,7,32,24,8,5,12,15,0,0,1
401468745,2023,2023-01-06,2023-01-07 03:30:00,13,Lakers,Los Angeles,LAL,51,93,54.8,16,35,45.7,12,16,75.0,7,44,33,6,5,16,18,26,2,0
401468731,2023,2023-01-05,2023-01-06 00:00:00,29,Grizzlies,Memphis,MEM,48,92,52.2,12,36,33.3,15,23,65.2,9,40,24,5,3,12,22,25,1,0
401468731,2023,2023-01-05,2023-01-06 00:00:00,19,Magic,Orlando,ORL,39,84,46.4,11,36,30.6,26,30,86.7,7,32,23,6,3,10,22,6,1,1
401468732,2023,2023-01-05,2023-01-06 00:30:00,2,Celtics,Boston,BOS,41,84,48.8,16,43,37.2,26,31,83.9,10,42,29,6,8,11,22,30,0,2
401468732,2023,2023-01-05,2023-01-06 00:30:00,6,Mavericks,Dallas,DAL,34,90,37.8,7,32,21.9,20,25,80.0,11,31,15,4,3,11,19,2,0,0
401468733,2023,2023-01-05,2023-01-06 01:00:00,26,Jazz,Utah,UTAH,46,93,49.5,19,48,39.6,20,21,95.2,9,33,33,10,5,8,20,22,0,1
401468733,2023,2023-01-05,2023-01-06 01:00:00,10,Rockets,Houston,HOU,38,92,41.3,15,42,35.7,23,26,88.5,14,35,19,4,3,14,21,4,1,0
401468734,2023,2023-01-05,2023-01-06 03:00:00,12,Clippers,LA,LAC,34,91,37.4,5,37,13.5,18,25,72.0,8,33,24,7,3,7,14,0,1,1
401468734,2023,2023-01-05,2023-01-06 03:00:00,7,Nuggets,Denver,DEN,45,89,50.6,14,36,38.9,18,21,85.7,10,47,28,6,5,11,16,43,1,0
401468719,2023,2023-01-04,2023-01-05 00:00:00,29,Grizzlies,Memphis,MEM,47,94,50.0,9,30,30.0,28,37,75.7,11,48,28,10,8,14,16,37,0,0
401468719,2023,2023-01-04,2023-01-05 00:00:00,30,Hornets,Charlotte,CHA,38,94,40.4,11,38,28.9,20,24,83.3,10,34,25,11,8,12,23,3,0,4
401468720,2023,2023-01-04,2023-01-05 00:00:00,21,Suns,Phoenix,PHX,32,81,39.5,10,28,35.7,14,18,77.8,8,41,24,8,3,13,19,11,2,0
401468720,2023,2023-01-04,2023-01-05 00:00:00,5,Cavaliers,Cleveland,CLE,30,77,39.0,11,36,30.6,19,23,82.6,7,39,15,9,4,14,17,3,1,0
401468721,2023,2023-01-04,2023-01-05 00:00:00,25,Thunder,Oklahoma City,OKC,36,89,40.4,15,37,40.5,28,31,90.3,9,24,23,9,3,9,23,4,0,1
401468721,2023,2023-01-04,2023-01-05 00:00:00,19,Magic,Orlando,ORL,42,81,51.9,13,33,39.4,29,36,80.6,13,36,26,6,5,16,22,22,1,1
401468722,2023,2023-01-04,2023-01-05 00:00:00,11,Pacers,Indiana,IND,45,95,47.4,13,36,36.1,23,26,88.5,13,32,31,7,8,13,18,6,0,0
401468722,2023,2023-01-04,2023-01-05 00:00:00,20,76ers,Philadelphia,PHI,48,98,49.0,14,36,38.9,19,22,86.4,14,32,24,4,7,9,19,13,2,0
401468723,2023,2023-01-04,2023-01-05 00:30:00,24,Spurs,San Antonio,SA,41,82,50.0,11,28,39.3,21,26,80.8,9,29,25,5,3,15,24,3,2,0
401468723,2023,2023-01-04,2023-01-05 00:30:00,18,Knicks,New York,NY,45,94,47.9,10,31,32.3,17,26,65.4,14,33,16,7,6,12,21,13,2,0
401468724,2023,2023-01-04,2023-01-05 00:30:00,15,Bucks,Milwaukee,MIL,35,88,39.8,13,39,33.3,21,30,70.0,13,60,26,4,4,25,24,21,3,0
401468724,2023,2023-01-04,2023-01-05 00:30:00,28,Raptors,Toronto,TOR,38,116,32.8,9,46,19.6,16,20,80.0,14,33,22,10,4,8,23,1,1,0
401468725,2023,2023-01-04,2023-01-05 01:00:00,17,Nets,Brooklyn,BKN,42,91,46.2,12,37,32.4,16,21,76.2,5,29,24,9,7,10,22,2,1,1
401468725,2023,2023-01-04,2023-01-05 01:00:00,4,Bulls,Chicago,CHI,43,81,53.1,8,20,40.0,27,29,93.1,6,40,21,7,7,15,16,18,2,1
401468726,2023,2023-01-04,2023-01-05 01:00:00,22,Trail Blazers,Portland,POR,33,75,44.0,9,29,31.0,31,42,73.8,12,27,18,8,7,16,30,3,2,1
401468726,2023,2023-01-04,2023-01-05 01:00:00,16,Timberwolves,Minnesota,MIN,39,76,51.3,9,24,37.5,26,36,72.2,8,25,25,8,6,14,30,13,1,0
401468727,2023,2023-01-04,2023-01-05 01:00:00,10,Rockets,Houston,HOU,39,88,44.3,12,38,31.6,18,27,66.7,12,31,25,10,4,13,22,0,0,2
401468727,2023,2023-01-04,2023-01-05 01:00:00,3,Pelicans,New Orleans,NO,41,89,46.1,14,38,36.8,23,26,88.5,15,36,25,6,6,14,19,31,1,2
401468728,2023,2023-01-04,2023-01-05 03:00:00,8,Pistons,Detroit,DET,45,92,48.9,16,36,44.4,16,23,69.6,11,30,29,9,1,8,11,10,2,1
401468728,2023,2023-01-04,2023-01-05 03:00:00,9,Warriors,Golden State,GS,45,87,51.7,15,40,37.5,14,15,93.3,9,31,31,3,4,14,20,1,0,2
401468729,2023,2023-01-04,2023-01-05 03:00:00,14,Heat,Miami,MIA,43,95,45.3,8,29,27.6,15,21,71.4,14,29,24,9,4,13,20,6,0,0
401468729,2023,2023-01-04,2023-01-05 03:00:00,13,Lakers,Los Angeles,LAL,40,81,49.4,8,27,29.6,24,30,80.0,9,33,20,10,4,17,18,13,0,0
401468730,2023,2023-01-04,2023-01-05 03:00:00,1,Hawks,Atlanta,ATL,45,84,53.6,10,30,33.3,20,22,90.9,7,37,21,9,4,15,21,9,1,2
401468730,2023,2023-01-04,2023-01-05 03:00:00,23,Kings,Sacramento,SAC,41,88,46.6,10,25,40.0,25,27,92.6,10,32,26,9,3,10,19,4,1,0
401468716,2023,2023-01-03,2023-01-04 01:00:00,27,Wizards,Washington,WSH,42,97,43.3,8,27,29.6,21,23,91.3,14,32,27,9,4,10,16,4,0,0
401468716,2023,2023-01-03,2023-01-04 01:00:00,15,Bucks,Milwaukee,MIL,48,100,48.0,11,40,27.5,16,17,94.1,15,34,27,8,6,12,14,14,0,0
401468717,2023,2023-01-03,2023-01-04 01:00:00,2,Celtics,Boston,BOS,40,88,45.5,12,40,30.0,25,31,80.6,11,27,29,4,7,17,15,3,0,2
401468717,2023,2023-01-03,2023-01-04 01:00:00,25,Thunder,Oklahoma City,OKC,58,98,59.2,20,40,50.0,14,22,63.6,9,35,31,14,3,13,23,37,0,0
401468718,2023,2023-01-03,2023-01-04 02:00:00,23,Kings,Sacramento,SAC,46,86,53.5,9,32,28.1,16,18,88.9,7,33,23,7,4,17,26,14,1,0
401468718,2023,2023-01-03,2023-01-04 02:00:00,26,Jazz,Utah,UTAH,38,88,43.2,13,44,29.5,26,29,89.7,12,32,21,9,3,16,19,4,0,0
401468705,2023,2023-01-02,2023-01-02 20:00:00,21,Suns,Phoenix,PHX,34,87,39.1,10,37,27.0,5,7,71.4,5,31,22,4,0,8,17,4,0,1
401468705,2023,2023-01-02,2023-01-02 20:00:00,18,Knicks,New York,NY,36,74,48.6,13,33,39.4,17,25,68.0,5,40,26,1,2,7,13,32,1,0
401468706,2023,2023-01-02,2023-01-03 00:00:00,13,Lakers,Los Angeles,LAL,45,93,48.4,10,30,33.3,21,30,70.0,9,44,26,6,5,14,21,24,1,1
401468706,2023,2023-01-02,2023-01-03 00:00:00,30,Hornets,Charlotte,CHA,42,93,45.2,11,32,34.4,20,29,69.0,8,39,24,8,7,14,22,2,0,2
401468707,2023,2023-01-02,2023-01-03 00:00:00,4,Bulls,Chicago,CHI,47,95,49.5,10,33,30.3,30,34,88.2,6,36,22,8,2,7,33,21,0,2
401468707,2023,2023-01-02,2023-01-03 00:00:00,5,Cavaliers,Cleveland,CLE,48,92,52.2,16,46,34.8,33,45,73.3,13,34,27,1,3,10,27,11,0,2
401468708,2023,2023-01-02,2023-01-03 00:00:00,28,Raptors,Toronto,TOR,41,91,45.1,14,42,33.3,18,23,78.3,12,24,26,5,11,11,27,13,0,1
401468708,2023,2023-01-02,2023-01-03 00:00:00,11,Pacers,Indiana,IND,45,93,48.4,10,27,37.0,22,26,84.6,15,35,24,4,2,12,19,11,1,0
401468709,2023,2023-01-02,2023-01-03 00:00:00,3,Pelicans,New Orleans,NO,42,84,50.0,11,29,37.9,16,20,80.0,10,39,26,3,6,17,22,2,0,1
401468709,2023,2023-01-02,2023-01-03 00:00:00,20,76ers,Philadelphia,PHI,41,86,47.7,15,35,42.9,23,28,82.1,7,28,26,9,6,9,22,15,1,0
401468710,2023,2023-01-02,2023-01-03 00:30:00,24,Spurs,San Antonio,SA,42,97,43.3,8,31,25.8,11,18,61.1,15,28,26,5,4,18,13,0,0,0
401468710,2023,2023-01-02,2023-01-03 00:30:00,17,Nets,Brooklyn,BKN,58,93,62.4,11,20,55.0,12,15,80.0,7,38,31,13,7,12,16,36,1,0
401468711,2023,2023-01-02,2023-01-03 01:00:00,6,Mavericks,Dallas,DAL,34,81,42.0,13,43,30.2,30,34,88.2,8,33,19,8,6,8,19,5,0,1
401468711,2023,2023-01-02,2023-01-03 01:00:00,10,Rockets,Houston,HOU,38,82,46.3,9,29,31.0,21,29,72.4,8,38,21,4,4,10,28,18,0,1
401468712,2023,2023-01-02,2023-01-03 01:00:00,7,Nuggets,Denver,DEN,42,91,46.2,11,29,37.9,16,20,80.0,18,27,27,8,1,14,21,3,1,0
401468712,2023,2023-01-02,2023-01-03 01:00:00,16,Timberwolves,Minnesota,MIN,45,87,51.7,13,36,36.1,21,27,77.8,11,30,29,7,4,11,22,13,1,1
401468713,2023,2023-01-02,2023-01-03 03:00:00,1,Hawks,Atlanta,ATL,53,109,48.6,11,35,31.4,24,29,82.8,10,43,30,9,10,13,17,9,0,0
401468713,2023,2023-01-02,2023-01-03 03:00:00,9,Warriors,Golden State,GS,54,121,44.6,19,59,32.2,16,24,66.7,23,46,34,9,6,19,23,21,0,0
401468714,2023,2023-01-02,2023-01-03 03:00:00,8,Pistons,Detroit,DET,34,82,41.5,6,18,33.3,32,41,78.0,9,36,16,8,4,21,27,6,0,1
401468714,2023,2023-01-02,2023-01-03 03:00:00,22,Trail Blazers,Portland,POR,48,84,57.1,14,31,45.2,25,35,71.4,6,38,29,16,6,18,27,34,0,2
401468715,2023,2023-01-02,2023-01-03 03:30:00,14,Heat,Miami,MIA,39,85,45.9,12,36,33.3,20,24,83.3,12,36,22,7,2,11,23,21,0,1
401468715,2023,2023-01-02,2023-01-03 03:30:00,12,Clippers,LA,LAC,29,67,43.3,12,29,41.4,30,34,88.2,3,31,19,7,1,15,18,5,0,1
401468702,2023,2023-01-01,2023-01-02 01:00:00,23,Kings,Sacramento,SAC,39,96,40.6,15,43,34.9,15,15,100.0,14,33,24,7,4,15,18,7,1,0
401468702,2023,2023-01-01,2023-01-02 01:00:00,29,Grizzlies,Memphis,MEM,46,100,46.0,10,32,31.3,16,24,66.7,21,36,25,11,8,11,18,14,1,1
401468703,2023,2023-01-01,2023-01-02 01:00:00,27,Wizards,Washington,WSH,50,94,53.2,7,27,25.9,11,16,68.8,12,42,29,9,6,17,10,26,1,1
401468703,2023,2023-01-01,2023-01-02 01:00:00,15,Bucks,Milwaukee,MIL,34,96,35.4,13,49,26.5,14,15,93.3,14,30,22,11,3,16,15,1,0,2
401468704,2023,2023-01-01,2023-01-02 01:00:00,2,Celtics,Boston,BOS,40,87,46.0,9,33,27.3,22,27,81.5,10,31,30,8,3,13,15,3,0,2
401468704,2023,2023-01-01,2023-01-02 01:00:00,7,Nuggets,Denver,DEN,45,79,57.0,17,30,56.7,16,18,88.9,1,34,31,5,4,14,17,18,3,1
401468693,2023,2022-12-31,2022-12-31 20:00:00,12,Clippers,LA,LAC,43,80,53.8,16,34,47.1,28,29,96.6,8,31,23,7,6,15,23,6,1,1
401468693,2023,2022-12-31,2022-12-31 20:00:00,11,Pacers,Indiana,IND,46,88,52.3,14,38,36.8,25,29,86.2,8,28,28,10,4,11,20,14,1,2
401468694,2023,2022-12-31,2023-01-01 00:00:00,17,Nets,Brooklyn,BKN,48,80,60.0,13,34,38.2,14,19,73.7,2,40,26,7,6,14,16,22,0,0
401468694,2023,2022-12-31,2023-01-01 00:00:00,30,Hornets,Charlotte,CHA,38,96,39.6,11,41,26.8,19,21,90.5,14,31,28,7,2,12,17,0,0,0
401468695,2023,2022-12-31,2023-01-01 00:00:00,5,Cavaliers,Cleveland,CLE,39,85,45.9,13,38,34.2,12,19,63.2,15,35,20,9,5,20,18,14,1,0
401468695,2023,2022-12-31,2023-01-01 00:00:00,4,Bulls,Chicago,CHI,39,81,48.1,7,21,33.3,17,24,70.8,9,31,14,15,6,15,15,4,0,0
401468696,2023,2022-12-31,2023-01-01 00:00:00,18,Knicks,New York,NY,35,90,38.9,15,51,29.4,23,32,71.9,16,30,20,10,5,10,20,20,0,0
401468696,2023,2022-12-31,2023-01-01 00:00:00,10,Rockets,Houston,HOU,29,77,37.7,14,46,30.4,16,23,69.6,12,40,20,4,6,24,24,9,1,0
401468697,2023,2022-12-31,2023-01-01 00:00:00,6,Mavericks,Dallas,DAL,50,86,58.1,14,34,41.2,12,21,57.1,6,20,21,5,3,5,24,17,0,0
401468697,2023,2022-12-31,2023-01-01 00:00:00,24,Spurs,San Antonio,SA,47,85,55.3,8,19,42.1,23,32,71.9,15,33,28,1,0,13,21,7,0,0
401468698,2023,2022-12-31,2023-01-01 01:00:00,3,Pelicans,New Orleans,NO,32,91,35.2,8,30,26.7,29,36,80.6,15,31,16,6,4,19,21,1,1,1
401468698,2023,2022-12-31,2023-01-01 01:00:00,29,Grizzlies,Memphis,MEM,47,92,51.1,5,29,17.2,17,22,77.3,13,39,26,14,11,17,27,22,2,1
401468699,2023,2022-12-31,2023-01-01 01:00:00,8,Pistons,Detroit,DET,43,89,48.3,10,27,37.0,20,28,71.4,15,37,21,6,6,14,22,12,0,0
401468699,2023,2022-12-31,2023-01-01 01:00:00,16,Timberwolves,Minnesota,MIN,36,83,43.4,10,34,29.4,22,26,84.6,9,30,17,6,5,15,22,18,0,1
401468700,2023,2022-12-31,2023-01-01 01:00:00,20,76ers,Philadelphia,PHI,46,99,46.5,11,34,32.4,12,17,70.6,14,42,29,7,9,13,24,33,0,0
401468700,2023,2022-12-31,2023-01-01 01:00:00,25,Thunder,Oklahoma City,OKC,35,92,38.0,12,36,33.3,14,22,63.6,15,35,16,7,6,16,21,0,0,0
401468701,2023,2022-12-31,2023-01-01 02:00:00,14,Heat,Miami,MIA,45,89,50.6,13,39,33.3,23,30,76.7,10,27,32,10,1,12,32,10,0,0
401468701,2023,2022-12-31,2023-01-01 02:00:00,26,Jazz,Utah,UTAH,35,81,43.2,17,40,42.5,36,44,81.8,16,33,23,6,3,16,23,7,0,0
401468684,2023,2022-12-30,2022-12-31 00:00:00,27,Wizards,Washington,WSH,42,75,56.0,15,35,42.9,20,25,80.0,4,49,33,4,10,26,18,30,0,0
401468684,2023,2022-12-30,2022-12-31 00:00:00,19,Magic,Orlando,ORL,42,100,42.0,5,27,18.5,11,16,68.8,8,27,24,8,2,11,18,5,0,1
401468685,2023,2022-12-30,2022-12-31 00:30:00,13,Lakers,Los Angeles,LAL,52,96,54.2,10,32,31.3,16,18,88.9,12,43,34,7,6,16,17,9,0,1
401468685,2023,2022-12-30,2022-12-31 00:30:00,1,Hawks,Atlanta,ATL,48,101,47.5,11,38,28.9,14,20,70.0,12,29,22,6,5,10,19,15,0,0
401468686,2023,2022-12-30,2022-12-31 00:30:00,21,Suns,Phoenix,PHX,35,71,49.3,14,30,46.7,20,23,87.0,9,33,26,7,1,25,17,2,2,2
401468686,2023,2022-12-30,2022-12-31 00:30:00,28,Raptors,Toronto,TOR,40,81,49.4,11,33,33.3,22,26,84.6,8,23,20,15,3,12,22,11,0,1
401468687,2023,2022-12-30,2022-12-31 01:00:00,8,Pistons,Detroit,DET,41,86,47.7,17,39,43.6,19,24,79.2,13,22,28,8,1,14,16,7,2,1
401468687,2023,2022-12-30,2022-12-31 01:00:00,4,Bulls,Chicago,CHI,53,92,57.6,12,27,44.4,14,15,93.3,12,26,21,10,4,13,20,14,1,0
401468688,2023,2022-12-30,2022-12-31 01:00:00,16,Timberwolves,Minnesota,MIN,40,92,43.5,8,30,26.7,26,34,76.5,7,29,18,10,5,8,28,13,0,2
401468688,2023,2022-12-30,2022-12-31 01:00:00,15,Bucks,Milwaukee,MIL,43,93,46.2,14,39,35.9,23,33,69.7,20,48,25,5,8,21,25,16,0,2
401468689,2023,2022-12-30,2022-12-31 01:30:00,20,76ers,Philadelphia,PHI,42,75,56.0,14,34,41.2,18,22,81.8,3,26,28,5,7,18,22,10,1,1
401468689,2023,2022-12-30,2022-12-31 01:30:00,3,Pelicans,New Orleans,NO,43,80,53.8,15,31,48.4,26,36,72.2,7,29,19,14,3,12,20,17,2,1
401468690,2023,2022-12-30,2022-12-31 02:00:00,14,Heat,Miami,MIA,39,87,44.8,14,35,40.0,27,30,90.0,11,25,21,13,4,14,19,9,1,2
401468690,2023,2022-12-30,2022-12-31 02:00:00,7,Nuggets,Denver,DEN,45,76,59.2,17,28,60.7,17,22,77.3,5,31,34,6,1,20,19,8,0,1
401468691,2023,2022-12-30,2022-12-31 03:00:00,22,Trail Blazers,Portland,POR,42,91,46.2,12,39,30.8,16,23,69.6,17,32,22,2,4,14,20,11,2,0
401468691,2023,2022-12-30,2022-12-31 03:00:00,9,Warriors,Golden State,GS,42,91,46.2,17,43,39.5,17,21,81.0,17,29,29,9,2,12,22,18,1,0
401468692,2023,2022-12-30,2022-12-31 03:00:00,26,Jazz,Utah,UTAH,46,84,54.8,8,32,25.0,25,30,83.3,7,30,30,7,2,13,20,3,0,0
401468692,2023,2022-12-30,2022-12-31 03:00:00,23,Kings,Sacramento,SAC,50,90,55.6,12,30,40.0,14,19,73.7,10,28,32,5,3,15,21,10,0,0
401468678,2023,2022-12-29,2022-12-30 00:00:00,25,Thunder,Oklahoma City,OKC,42,99,42.4,11,36,30.6,18,21,85.7,11,30,15,9,1,12,27,3,0,0
401468678,2023,2022-12-29,2022-12-30 00:00:00,30,Hornets,Charlotte,CHA,46,84,54.8,10,32,31.3,19,29,65.5,12,40,33,8,11,17,17,10,1,0
401468679,2023,2022-12-29,2022-12-30 00:00:00,5,Cavaliers,Cleveland,CLE,50,96,52.1,12,28,42.9,14,20,70.0,17,27,29,7,4,10,17,7,1,0
401468679,2023,2022-12-29,2022-12-30 00:00:00,11,Pacers,Indiana,IND,48,85,56.5,19,31,61.3,20,21,95.2,4,28,28,6,8,8,18,9,1,2
401468680,2023,2022-12-29,2022-12-30 00:30:00,12,Clippers,LA,LAC,43,89,48.3,15,39,38.5,9,14,64.3,8,33,26,4,4,12,20,4,1,1
401468680,2023,2022-12-29,2022-12-30 00:30:00,2,Celtics,Boston,BOS,44,91,48.4,11,39,28.2,17,22,77.3,11,38,22,3,7,11,17,13,1,0
401468681,2023,2022-12-29,2022-12-30 00:30:00,29,Grizzlies,Memphis,MEM,48,95,50.5,13,29,44.8,10,14,71.4,17,36,37,4,4,15,20,23,1,0
401468681,2023,2022-12-29,2022-12-30 00:30:00,28,Raptors,Toronto,TOR,39,96,40.6,10,28,35.7,18,24,75.0,17,30,21,11,7,8,20,2,0,3
401468682,2023,2022-12-29,2022-12-30 01:00:00,18,Knicks,New York,NY,38,90,42.2,15,41,36.6,24,31,77.4,13,25,20,7,2,12,21,5,1,0
401468682,2023,2022-12-29,2022-12-30 01:00:00,24,Spurs,San Antonio,SA,45,88,51.1,11,28,39.3,21,29,72.4,14,34,25,5,7,11,23,17,2,1
401468683,2023,2022-12-29,2022-12-30 01:30:00,10,Rockets,Houston,HOU,38,86,44.2,12,34,35.3,26,37,70.3,12,36,21,5,0,12,23,2,1,0
401468683,2023,2022-12-29,2022-12-30 01:30:00,6,Mavericks,Dallas,DAL,47,91,51.6,18,45,40.0,17,25,68.0,6,38,30,7,8,8,26,25,1,1
401468670,2023,2022-12-28,2022-12-29 00:00:00,19,Magic,Orlando,ORL,35,85,41.2,5,22,22.7,26,34,76.5,15,32,24,5,5,13,26,9,0,2
401468670,2023,2022-12-28,2022-12-29 00:00:00,8,Pistons,Detroit,DET,36,80,45.0,18,42,42.9,31,40,77.5,11,38,25,7,4,13,25,25,0,2
401468671,2023,2022-12-28,2022-12-29 00:00:00,21,Suns,Phoenix,PHX,39,87,44.8,13,31,41.9,11,16,68.8,11,19,25,7,4,11,21,2,0,5
401468671,2023,2022-12-28,2022-12-29 00:00:00,27,Wizards,Washington,WSH,47,82,57.3,8,26,30.8,25,28,89.3,12,34,27,7,6,12,15,26,1,0
401468672,2023,2022-12-28,2022-12-29 00:30:00,17,Nets,Brooklyn,BKN,42,83,50.6,10,26,38.5,14,17,82.4,5,42,22,0,13,12,18,13,0,1
401468672,2023,2022-12-28,2022-12-29 00:30:00,1,Hawks,Atlanta,ATL,42,97,43.3,8,22,36.4,15,22,68.2,11,36,22,5,6,3,14,15,1,0
401468673,2023,2022-12-28,2022-12-29 00:30:00,13,Lakers,Los Angeles,LAL,37,77,48.1,13,36,36.1,11,15,73.3,8,36,25,2,4,24,16,3,2,0
401468673,2023,2022-12-28,2022-12-29 00:30:00,14,Heat,Miami,MIA,44,92,47.8,11,35,31.4,13,16,81.3,10,27,20,14,4,5,15,22,1,0
401468674,2023,2022-12-28,2022-12-29 01:00:00,15,Bucks,Milwaukee,MIL,41,110,37.3,9,44,20.5,22,32,68.8,22,39,18,7,6,14,21,15,0,1
401468674,2023,2022-12-28,2022-12-29 01:00:00,4,Bulls,Chicago,CHI,42,92,45.7,9,23,39.1,26,30,86.7,7,45,21,5,10,13,23,7,1,2
401468675,2023,2022-12-28,2022-12-29 01:00:00,16,Timberwolves,Minnesota,MIN,42,83,50.6,10,29,34.5,24,32,75.0,5,30,18,6,8,11,28,11,0,6
401468675,2023,2022-12-28,2022-12-29 01:00:00,3,Pelicans,New Orleans,NO,39,81,48.1,11,23,47.8,30,43,69.8,9,34,22,6,4,13,24,4,2,3
401468676,2023,2022-12-28,2022-12-29 03:00:00,26,Jazz,Utah,UTAH,37,91,40.7,15,46,32.6,18,26,69.2,10,40,26,3,6,12,22,12,0,0
401468676,2023,2022-12-28,2022-12-29 03:00:00,9,Warriors,Golden State,GS,37,87,42.5,16,45,35.6,22,27,81.5,10,41,22,6,3,12,26,6,1,1
401468677,2023,2022-12-28,2022-12-29 03:00:00,7,Nuggets,Denver,DEN,49,85,57.6,12,27,44.4,16,18,88.9,7,27,31,6,8,16,24,19,0,0
401468677,2023,2022-12-28,2022-12-29 03:00:00,23,Kings,Sacramento,SAC,47,89,52.8,14,31,45.2,19,25,76.0,11,23,32,10,6,12,17,2,0,1
401468660,2023,2022-12-27,2022-12-28 00:00:00,13,Lakers,Los Angeles,LAL,49,90,54.4,17,43,39.5,14,17,82.4,9,37,32,4,2,13,16,21,1,1
401468660,2023,2022-12-27,2022-12-28 00:00:00,19,Magic,Orlando,ORL,42,84,50.0,10,28,35.7,16,25,64.0,8,29,25,8,5,11,17,3,0,3
401468661,2023,2022-12-27,2022-12-28 00:00:00,20,76ers,Philadelphia,PHI,39,84,46.4,6,31,19.4,27,31,87.1,10,29,21,8,10,15,24,6,1,0
401468661,2023,2022-12-27,2022-12-28 00:00:00,27,Wizards,Washington,WSH,39,85,45.9,11,33,33.3,27,31,87.1,14,25,18,7,8,15,23,16,3,0
401468662,2023,2022-12-27,2022-12-28 00:30:00,10,Rockets,Houston,HOU,38,95,40.0,14,45,31.1,12,14,85.7,13,36,24,5,2,13,16,8,2,0
401468662,2023,2022-12-27,2022-12-28 00:30:00,2,Celtics,Boston,BOS,43,91,47.3,20,56,35.7,20,23,87.0,9,40,32,8,5,10,14,24,1,0
401468663,2023,2022-12-27,2022-12-28 00:30:00,1,Hawks,Atlanta,ATL,40,89,44.9,12,30,40.0,22,29,75.9,9,33,26,4,3,9,19,6,0,1
401468663,2023,2022-12-27,2022-12-28 00:30:00,11,Pacers,Indiana,IND,47,92,51.1,13,35,37.1,22,27,81.5,7,42,28,3,2,10,16,22,3,0
401468664,2023,2022-12-27,2022-12-28 00:30:00,12,Clippers,LA,LAC,45,93,48.4,15,38,39.5,19,23,82.6,15,32,27,8,3,9,17,23,2,0
401468664,2023,2022-12-27,2022-12-28 00:30:00,28,Raptors,Toronto,TOR,43,84,51.2,6,23,26.1,21,26,80.8,10,29,24,6,4,12,16,4,0,0
401468665,2023,2022-12-27,2022-12-28 01:00:00,21,Suns,Phoenix,PHX,43,87,49.4,17,31,54.8,22,25,88.0,15,32,26,7,9,19,23,25,3,1
401468665,2023,2022-12-27,2022-12-28 01:00:00,29,Grizzlies,Memphis,MEM,36,91,39.6,8,30,26.7,28,34,82.4,15,25,18,9,6,14,23,8,1,1
401468666,2023,2022-12-27,2022-12-28 01:00:00,24,Spurs,San Antonio,SA,46,99,46.5,10,29,34.5,12,14,85.7,16,25,20,9,4,14,21,4,1,4
401468666,2023,2022-12-27,2022-12-28 01:00:00,25,Thunder,Oklahoma City,OKC,46,86,53.5,13,24,54.2,25,31,80.6,13,32,25,10,10,12,18,20,2,0
401468667,2023,2022-12-27,2022-12-28 01:30:00,18,Knicks,New York,NY,45,103,43.7,16,50,32.0,15,24,62.5,17,38,27,5,0,9,23,12,1,0
401468667,2023,2022-12-27,2022-12-28 01:30:00,6,Mavericks,Dallas,DAL,44,90,48.9,13,46,28.3,25,33,75.8,7,40,20,4,5,9,25,7,0,0
401468668,2023,2022-12-27,2022-12-28 03:00:00,30,Hornets,Charlotte,CHA,38,92,41.3,10,38,26.3,19,25,76.0,9,38,22,6,7,12,20,3,2,0
401468668,2023,2022-12-27,2022-12-28 03:00:00,9,Warriors,Golden State,GS,41,95,43.2,8,37,21.6,20,24,83.3,9,40,31,3,2,14,22,18,0,0
401468669,2023,2022-12-27,2022-12-28 03:00:00,7,Nuggets,Denver,DEN,41,86,47.7,13,37,35.1,18,21,85.7,10,30,34,12,3,13,18,9,0,0
401468669,2023,2022-12-27,2022-12-28 03:00:00,23,Kings,Sacramento,SAC,40,82,48.8,10,35,28.6,16,19,84.2,8,31,20,8,2,16,18,20,0,1
401468653,2023,2022-12-26,2022-12-27 00:00:00,17,Nets,Brooklyn,BKN,47,82,57.3,18,30,60.0,13,17,76.5,7,31,27,7,4,15,25,19,2,0
401468653,2023,2022-12-26,2022-12-27 00:00:00,5,Cavaliers,Cleveland,CLE,39,82,47.6,13,36,36.1,26,30,86.7,10,23,21,8,3,12,14,3,0,0
401468654,2023,2022-12-26,2022-12-27 00:00:00,12,Clippers,LA,LAC,49,91,53.8,19,44,43.2,25,29,86.2,10,38,25,13,3,19,24,15,0,3
401468654,2023,2022-12-26,2022-12-27 00:00:00,8,Pistons,Detroit,DET,44,100,44.0,16,34,47.1,27,34,79.4,16,29,32,10,4,17,23,14,1,1
401468655,2023,2022-12-26,2022-12-27 00:30:00,16,Timberwolves,Minnesota,MIN,43,79,54.4,15,34,44.1,9,14,64.3,8,36,31,4,3,22,14,3,0,0
401468655,2023,2022-12-26,2022-12-27 00:30:00,14,Heat,Miami,MIA,47,102,46.1,13,49,26.5,6,8,75.0,13,27,27,9,3,9,17,12,1,0
401468656,2023,2022-12-26,2022-12-27 01:00:00,10,Rockets,Houston,HOU,50,90,55.6,17,44,38.6,16,22,72.7,8,37,28,7,5,12,15,19,1,1
401468656,2023,2022-12-26,2022-12-27 01:00:00,4,Bulls,Chicago,CHI,45,92,48.9,13,35,37.1,15,21,71.4,8,27,27,6,2,8,19,7,0,1
401468657,2023,2022-12-26,2022-12-27 01:00:00,11,Pacers,Indiana,IND,35,83,42.2,9,35,25.7,14,20,70.0,6,30,23,9,5,13,18,10,0,0
401468657,2023,2022-12-26,2022-12-27 01:00:00,3,Pelicans,New Orleans,NO,41,90,45.6,12,40,30.0,19,24,79.2,16,38,30,10,6,14,19,29,2,1
401468658,2023,2022-12-26,2022-12-27 01:30:00,26,Jazz,Utah,UTAH,39,97,40.2,13,43,30.2,31,37,83.8,16,29,20,10,3,12,22,3,0,1
401468658,2023,2022-12-26,2022-12-27 01:30:00,24,Spurs,San Antonio,SA,48,87,55.2,6,18,33.3,24,34,70.6,6,35,27,11,8,14,25,20,0,0
401468659,2023,2022-12-26,2022-12-27 03:00:00,30,Hornets,Charlotte,CHA,41,103,39.8,12,36,33.3,19,25,76.0,18,27,25,8,3,12,21,14,1,0
401468659,2023,2022-12-26,2022-12-27 03:00:00,22,Trail Blazers,Portland,POR,43,86,50.0,14,38,36.8,24,28,85.7,10,40,28,8,9,15,20,15,0,0
401468648,2023,2022-12-25,2022-12-25 17:00:00,20,76ers,Philadelphia,PHI,39,77,50.6,18,39,46.2,23,29,79.3,5,27,22,5,2,6,19,14,2,0
401468648,2023,2022-12-25,2022-12-25 17:00:00,18,Knicks,New York,NY,43,90,47.8,12,32,37.5,14,17,82.4,12,34,30,4,6,8,19,14,0,0
401468649,2023,2022-12-25,2022-12-25 19:30:00,13,Lakers,Los Angeles,LAL,39,80,48.8,9,28,32.1,28,32,87.5,6,29,18,5,2,8,23,14,2,1
401468649,2023,2022-12-25,2022-12-25 19:30:00,6,Mavericks,Dallas,DAL,44,84,52.4,18,44,40.9,18,25,72.0,11,27,31,6,3,11,26,21,0,1
401468650,2023,2022-12-25,2022-12-25 22:00:00,15,Bucks,Milwaukee,MIL,42,84,50.0,13,36,36.1,21,27,77.8,8,31,22,8,1,15,16,2,0,2
401468650,2023,2022-12-25,2022-12-25 22:00:00,2,Celtics,Boston,BOS,50,85,58.8,19,39,48.7,20,25,80.0,5,30,29,9,1,11,18,22,1,0
401468651,2023,2022-12-25,2022-12-26 01:00:00,29,Grizzlies,Memphis,MEM,39,94,41.5,9,39,23.1,22,30,73.3,9,35,19,5,6,13,23,2,0,1
401468651,2023,2022-12-25,2022-12-26 01:00:00,9,Warriors,Golden State,GS,43,91,47.3,18,44,40.9,19,26,73.1,9,42,31,6,5,10,18,20,2,6
401468652,2023,2022-12-25,2022-12-26 03:30:00,21,Suns,Phoenix,PHX,45,94,47.9,17,35,48.6,18,26,69.2,12,34,32,7,9,13,30,12,1,1
401468652,2023,2022-12-25,2022-12-26 03:30:00,7,Nuggets,Denver,DEN,45,94,47.9,13,36,36.1,25,34,73.5,12,36,29,8,4,12,23,15,1,1
401468634,2023,2022-12-23,2022-12-24 00:00:00,24,Spurs,San Antonio,SA,44,97,45.4,12,38,31.6,13,18,72.2,13,25,28,10,6,13,18,9,0,0
401468634,2023,2022-12-23,2022-12-24 00:00:00,19,Magic,Orlando,ORL,50,87,57.5,17,32,53.1,16,20,80.0,7,37,30,8,2,17,15,26,2,1
401468635,2023,2022-12-23,2022-12-24 00:00:00,12,Clippers,LA,LAC,41,81,50.6,14,38,36.8,18,23,78.3,6,27,25,5,9,11,16,20,0,1
401468635,2023,2022-12-23,2022-12-24 00:00:00,20,76ers,Philadelphia,PHI,47,88,53.4,12,29,41.4,13,14,92.9,6,33,31,7,3,9,20,9,0,1
401468636,2023,2022-12-23,2022-12-24 00:30:00,8,Pistons,Detroit,DET,37,90,41.1,9,33,27.3,22,29,75.9,9,34,17,7,3,14,19,8,0,1
401468636,2023,2022-12-23,2022-12-24 00:30:00,1,Hawks,Atlanta,ATL,49,92,53.3,12,34,35.3,20,24,83.3,8,40,30,10,8,8,20,28,0,1
401468637,2023,2022-12-23,2022-12-24 00:30:00,16,Timberwolves,Minnesota,MIN,44,91,48.4,10,32,31.3,11,15,73.3,11,34,25,3,8,16,18,9,1,2
401468637,2023,2022-12-23,2022-12-24 00:30:00,2,Celtics,Boston,BOS,44,100,44.0,13,46,28.3,20,26,76.9,20,33,28,9,6,11,16,17,1,0
401468638,2023,2022-12-23,2022-12-24 00:30:00,15,Bucks,Milwaukee,MIL,37,84,44.0,9,37,24.3,17,22,77.3,13,32,17,7,1,18,13,2,0,2
401468638,2023,2022-12-23,2022-12-24 00:30:00,17,Nets,Brooklyn,BKN,46,93,49.5,14,32,43.8,12,13,92.3,12,33,30,11,2,10,18,23,2,1
401468639,2023,2022-12-23,2022-12-24 00:30:00,28,Raptors,Toronto,TOR,42,84,50.0,19,37,51.4,15,18,83.3,11,34,25,10,2,18,20,26,1,1
401468639,2023,2022-12-23,2022-12-24 00:30:00,5,Cavaliers,Cleveland,CLE,39,76,51.3,11,33,33.3,18,30,60.0,6,29,27,9,4,14,17,2,1,0
401468640,2023,2022-12-23,2022-12-24 00:30:00,4,Bulls,Chicago,CHI,45,93,48.4,14,31,45.2,14,18,77.8,11,30,24,6,4,4,22,7,0,0
401468640,2023,2022-12-23,2022-12-24 00:30:00,18,Knicks,New York,NY,43,86,50.0,16,35,45.7,15,26,57.7,12,35,23,2,4,10,17,8,0,0
401468641,2023,2022-12-23,2022-12-24 01:00:00,11,Pacers,Indiana,IND,40,83,48.2,21,47,44.7,10,14,71.4,9,34,26,5,6,16,23,12,0,2
401468641,2023,2022-12-23,2022-12-24 01:00:00,14,Heat,Miami,MIA,41,95,43.2,13,33,39.4,13,14,92.9,13,25,23,7,3,10,13,7,0,0
401468642,2023,2022-12-23,2022-12-24 01:00:00,6,Mavericks,Dallas,DAL,36,80,45.0,16,44,36.4,24,27,88.9,7,27,20,10,7,14,21,16,0,1
401468642,2023,2022-12-23,2022-12-24 01:00:00,10,Rockets,Houston,HOU,37,81,45.7,8,26,30.8,24,28,85.7,12,33,26,9,3,14,21,6,1,1
401468643,2023,2022-12-23,2022-12-24 01:00:00,3,Pelicans,New Orleans,NO,41,94,43.6,13,37,35.1,33,40,82.5,13,42,30,10,4,21,21,21,0,1
401468643,2023,2022-12-23,2022-12-24 01:00:00,25,Thunder,Oklahoma City,OKC,47,102,46.1,13,35,37.1,18,25,72.0,10,37,27,9,5,18,26,9,0,0
401468644,2023,2022-12-23,2022-12-24 02:00:00,22,Trail Blazers,Portland,POR,39,87,44.8,9,35,25.7,20,26,76.9,13,30,24,5,3,13,21,6,1,0
401468644,2023,2022-12-23,2022-12-24 02:00:00,7,Nuggets,Denver,DEN,47,81,58.0,10,21,47.6,16,26,61.5,4,34,31,9,2,10,19,16,1,1
401468645,2023,2022-12-23,2022-12-24 03:00:00,29,Grizzlies,Memphis,MEM,45,91,49.5,7,23,30.4,28,38,73.7,19,34,30,11,5,10,22,34,2,0
401468645,2023,2022-12-23,2022-12-24 03:00:00,21,Suns,Phoenix,PHX,38,87,43.7,9,35,25.7,15,26,57.7,11,24,23,6,5,14,26,0,1,1
401468646,2023,2022-12-23,2022-12-24 03:00:00,27,Wizards,Washington,WSH,49,88,55.7,10,32,31.3,17,24,70.8,5,35,30,9,4,9,23,30,1,0
401468646,2023,2022-12-23,2022-12-24 03:00:00,23,Kings,Sacramento,SAC,37,84,44.0,10,32,31.3,27,35,77.1,13,34,19,5,2,13,20,7,0,0
401468647,2023,2022-12-23,2022-12-24 03:30:00,30,Hornets,Charlotte,CHA,52,94,55.3,16,41,39.0,14,18,77.8,11,30,30,11,5,16,21,16,0,0
401468647,2023,2022-12-23,2022-12-24 03:30:00,13,Lakers,Los Angeles,LAL,48,92,52.2,19,44,43.2,15,22,68.2,12,30,27,5,1,17,19,9,0,0
401468632,2023,2022-12-22,2022-12-23 01:00:00,24,Spurs,San Antonio,SA,43,90,47.8,9,28,32.1,22,27,81.5,14,30,23,8,2,17,24,2,0,0
401468632,2023,2022-12-22,2022-12-23 01:00:00,3,Pelicans,New Orleans,NO,44,91,48.4,13,34,38.2,25,27,92.6,16,30,25,10,6,17,24,23,0,2
401468633,2023,2022-12-22,2022-12-23 02:00:00,27,Wizards,Washington,WSH,46,82,56.1,7,21,33.3,13,17,76.5,3,34,20,5,2,10,15,8,1,1
401468633,2023,2022-12-22,2022-12-23 02:00:00,26,Jazz,Utah,UTAH,42,86,48.8,16,35,45.7,20,21,95.2,8,32,16,5,3,11,16,16,0,1
401468621,2023,2022-12-21,2022-12-22 00:00:00,15,Bucks,Milwaukee,MIL,39,83,47.0,13,30,43.3,15,22,68.2,13,33,20,7,5,19,23,4,2,1
401468621,2023,2022-12-21,2022-12-22 00:00:00,5,Cavaliers,Cleveland,CLE,41,85,48.2,10,32,31.3,22,28,78.6,9,28,22,8,3,10,21,24,0,0
401468622,2023,2022-12-21,2022-12-22 00:00:00,8,Pistons,Detroit,DET,31,79,39.2,6,23,26.1,25,34,73.5,11,35,15,6,1,22,15,5,0,1
401468622,2023,2022-12-21,2022-12-22 00:00:00,20,76ers,Philadelphia,PHI,41,93,44.1,11,37,29.7,20,22,90.9,13,36,27,8,7,12,23,21,0,0
401468623,2023,2022-12-21,2022-12-22 00:30:00,4,Bulls,Chicago,CHI,43,86,50.0,7,24,29.2,17,22,77.3,8,39,20,9,4,11,15,18,0,1
401468623,2023,2022-12-21,2022-12-22 00:30:00,1,Hawks,Atlanta,ATL,39,91,42.9,14,37,37.8,16,16,100.0,9,38,22,6,7,15,15,8,0,0
401468624,2023,2022-12-21,2022-12-22 00:30:00,11,Pacers,Indiana,IND,46,98,46.9,18,39,46.2,7,9,77.8,12,35,27,10,3,14,22,30,0,0
401468624,2023,2022-12-21,2022-12-22 00:30:00,2,Celtics,Boston,BOS,39,101,38.6,13,41,31.7,21,25,84.0,25,37,26,11,5,16,9,6,1,0
401468625,2023,2022-12-21,2022-12-22 00:30:00,9,Warriors,Golden State,GS,41,83,49.4,12,33,36.4,19,25,76.0,9,27,32,6,1,21,14,0,0,1
401468625,2023,2022-12-21,2022-12-22 00:30:00,17,Nets,Brooklyn,BKN,54,84,64.3,21,33,63.6,14,16,87.5,3,29,42,10,4,14,23,44,1,2
401468626,2023,2022-12-21,2022-12-22 00:30:00,28,Raptors,Toronto,TOR,42,94,44.7,9,34,26.5,20,22,90.9,16,22,17,7,4,4,16,14,1,0
401468626,2023,2022-12-21,2022-12-22 00:30:00,18,Knicks,New York,NY,42,76,55.3,11,26,42.3,11,18,61.1,9,29,25,2,3,16,19,5,1,0
401468627,2023,2022-12-21,2022-12-22 01:00:00,19,Magic,Orlando,ORL,41,91,45.1,11,37,29.7,23,33,69.7,11,34,19,11,6,11,18,8,0,1
401468627,2023,2022-12-21,2022-12-22 01:00:00,10,Rockets,Houston,HOU,41,88,46.6,17,43,39.5,11,17,64.7,9,40,22,6,4,16,23,15,1,1
401468628,2023,2022-12-21,2022-12-22 01:00:00,6,Mavericks,Dallas,DAL,34,75,45.3,13,39,33.3,23,27,85.2,7,32,17,6,3,13,12,8,0,0
401468628,2023,2022-12-21,2022-12-22 01:00:00,16,Timberwolves,Minnesota,MIN,42,85,49.4,8,30,26.7,7,10,70.0,8,31,23,7,4,13,24,5,0,0
401468629,2023,2022-12-21,2022-12-22 01:00:00,22,Trail Blazers,Portland,POR,39,79,49.4,14,36,38.9,6,9,66.7,9,27,29,9,5,18,22,14,2,1
401468629,2023,2022-12-21,2022-12-22 01:00:00,25,Thunder,Oklahoma City,OKC,36,77,46.8,8,24,33.3,21,25,84.0,9,28,19,9,3,18,16,4,0,0
401468630,2023,2022-12-21,2022-12-22 03:00:00,13,Lakers,Los Angeles,LAL,42,84,50.0,11,24,45.8,25,30,83.3,5,34,25,6,5,15,24,5,0,1
401468630,2023,2022-12-21,2022-12-22 03:00:00,23,Kings,Sacramento,SAC,48,95,50.5,17,47,36.2,21,28,75.0,10,36,29,6,2,12,23,23,0,2
401468631,2023,2022-12-21,2022-12-22 03:30:00,30,Hornets,Charlotte,CHA,37,92,40.2,9,31,29.0,22,29,75.9,11,29,25,15,2,14,18,1,1,2
401468631,2023,2022-12-21,2022-12-22 03:30:00,12,Clippers,LA,LAC,41,81,50.6,23,49,46.9,21,23,91.3,5,43,29,6,7,27,22,36,0,1
401468616,2023,2022-12-20,2022-12-21 00:00:00,26,Jazz,Utah,UTAH,47,93,50.5,20,46,43.5,12,19,63.2,12,31,27,7,5,12,22,22,0,0
401468616,2023,2022-12-20,2022-12-21 00:00:00,8,Pistons,Detroit,DET,41,81,50.6,9,25,36.0,20,27,74.1,9,34,22,6,1,14,19,3,-14,1
401468617,2023,2022-12-20,2022-12-21 00:30:00,4,Bulls,Chicago,CHI,40,73,54.8,13,31,41.9,20,24,83.3,5,34,24,7,0,16,16,19,1,1
401468617,2023,2022-12-20,2022-12-21 00:30:00,14,Heat,Miami,MIA,38,81,46.9,15,44,34.1,12,17,70.6,9,26,26,9,0,13,16,8,0,0
401468618,2023,2022-12-20,2022-12-21 00:30:00,9,Warriors,Golden State,GS,35,74,47.3,12,35,34.3,12,13,92.3,4,25,23,3,2,19,22,0,1,0
401468618,2023,2022-12-20,2022-12-21 00:30:00,18,Knicks,New York,NY,45,87,51.7,17,40,42.5,25,32,78.1,14,33,27,8,1,11,15,38,1,0
401468619,2023,2022-12-20,2022-12-21 02:00:00,27,Wizards,Washington,WSH,38,80,47.5,11,27,40.7,26,37,70.3,9,32,22,9,4,9,14,17,1,0
401468619,2023,2022-12-20,2022-12-21 02:00:00,21,Suns,Phoenix,PHX,41,89,46.1,13,32,40.6,15,19,78.9,15,29,26,2,1,14,23,10,0,0
401468620,2023,2022-12-20,2022-12-21 03:00:00,29,Grizzlies,Memphis,MEM,36,81,44.4,5,26,19.2,14,21,66.7,7,35,25,11,7,16,21,0,0,3
401468620,2023,2022-12-20,2022-12-21 03:00:00,7,Nuggets,Denver,DEN,40,89,44.9,10,27,37.0,15,25,60.0,13,35,28,9,5,17,19,23,0,0
401468607,2023,2022-12-19,2022-12-20 00:00:00,26,Jazz,Utah,UTAH,36,93,38.7,10,34,29.4,17,23,73.9,15,20,19,9,2,14,22,1,0,0
401468607,2023,2022-12-19,2022-12-20 00:00:00,5,Cavaliers,Cleveland,CLE,43,70,61.4,15,26,57.7,21,26,80.8,4,41,24,5,4,21,20,25,2,0
401468608,2023,2022-12-19,2022-12-20 00:00:00,28,Raptors,Toronto,TOR,37,88,42.0,11,40,27.5,16,20,80.0,9,41,24,6,3,15,20,7,1,2
401468608,2023,2022-12-19,2022-12-20 00:00:00,20,76ers,Philadelphia,PHI,32,80,40.0,15,42,35.7,25,27,92.6,4,37,22,8,1,16,21,14,0,2
401468609,2023,2022-12-19,2022-12-20 00:30:00,19,Magic,Orlando,ORL,45,95,47.4,12,34,35.3,23,25,92.0,10,35,29,8,8,8,17,4,0,1
401468609,2023,2022-12-19,2022-12-20 00:30:00,1,Hawks,Atlanta,ATL,48,94,51.1,12,32,37.5,18,20,90.0,6,35,29,7,3,10,18,13,0,1
401468610,2023,2022-12-19,2022-12-20 01:00:00,24,Spurs,San Antonio,SA,46,83,55.4,17,34,50.0,15,19,78.9,9,37,30,6,6,19,23,26,0,1
401468610,2023,2022-12-19,2022-12-20 01:00:00,10,Rockets,Houston,HOU,40,94,42.6,5,24,20.8,20,31,64.5,16,25,23,13,3,11,16,5,0,0
401468611,2023,2022-12-19,2022-12-20 01:00:00,6,Mavericks,Dallas,DAL,31,76,40.8,19,45,42.2,25,31,80.6,8,34,23,5,5,15,23,9,1,4
401468611,2023,2022-12-19,2022-12-20 01:00:00,16,Timberwolves,Minnesota,MIN,42,89,47.2,12,31,38.7,20,24,83.3,9,35,19,5,4,10,24,21,1,1
401468612,2023,2022-12-19,2022-12-20 01:00:00,15,Bucks,Milwaukee,MIL,45,81,55.6,13,40,32.5,25,31,80.6,8,36,26,8,6,17,21,18,1,2
401468612,2023,2022-12-19,2022-12-20 01:00:00,3,Pelicans,New Orleans,NO,42,99,42.4,18,45,40.0,17,24,70.8,17,27,30,9,0,15,20,6,0,1
401468613,2023,2022-12-19,2022-12-20 01:00:00,22,Trail Blazers,Portland,POR,44,88,50.0,16,37,43.2,17,21,81.0,14,31,26,5,2,16,28,10,0,2
401468613,2023,2022-12-19,2022-12-20 01:00:00,25,Thunder,Oklahoma City,OKC,40,88,45.5,11,31,35.5,32,37,86.5,11,28,20,7,5,10,21,8,2,0
401468614,2023,2022-12-19,2022-12-20 02:00:00,13,Lakers,Los Angeles,LAL,39,87,44.8,12,28,42.9,14,17,82.4,10,28,13,5,5,14,16,3,1,0
401468614,2023,2022-12-19,2022-12-20 02:00:00,21,Suns,Phoenix,PHX,46,93,49.5,20,39,51.3,18,24,75.0,15,36,21,10,5,8,16,27,1,0
401468615,2023,2022-12-19,2022-12-20 03:00:00,30,Hornets,Charlotte,CHA,49,95,51.6,10,31,32.3,17,23,73.9,11,45,26,4,7,14,25,12,0,0
401468615,2023,2022-12-19,2022-12-20 03:00:00,23,Kings,Sacramento,SAC,45,95,47.4,12,33,36.4,17,31,54.8,10,32,23,8,2,8,23,7,0,0
401468600,2023,2022-12-18,2022-12-18 20:00:00,19,Magic,Orlando,ORL,33,86,38.4,12,29,41.4,17,19,89.5,6,40,20,9,3,13,18,10,0,0
401468600,2023,2022-12-18,2022-12-18 20:00:00,2,Celtics,Boston,BOS,31,89,34.8,12,47,25.5,18,21,85.7,11,43,22,7,7,16,17,4,1,0
401468601,2023,2022-12-18,2022-12-18 22:00:00,18,Knicks,New York,NY,39,83,47.0,8,26,30.8,23,30,76.7,14,35,13,7,9,16,21,9,0,1
401468601,2023,2022-12-18,2022-12-18 22:00:00,11,Pacers,Indiana,IND,39,90,43.3,13,38,34.2,15,23,65.2,12,32,20,5,3,14,28,7,1,0
401468602,2023,2022-12-18,2022-12-18 23:00:00,17,Nets,Brooklyn,BKN,44,80,55.0,15,29,51.7,21,23,91.3,4,31,26,5,8,13,24,7,0,1
401468602,2023,2022-12-18,2022-12-18 23:00:00,8,Pistons,Detroit,DET,42,88,47.7,8,30,26.7,29,34,85.3,11,30,20,9,2,8,19,19,1,1
401468603,2023,2022-12-18,2022-12-18 23:00:00,9,Warriors,Golden State,GS,43,81,53.1,18,39,46.2,22,26,84.6,12,29,31,6,2,17,21,24,0,1
401468603,2023,2022-12-18,2022-12-18 23:00:00,28,Raptors,Toronto,TOR,40,95,42.1,13,33,39.4,17,22,77.3,18,25,21,6,2,12,22,3,2,0
401468604,2023,2022-12-18,2022-12-19 00:00:00,4,Bulls,Chicago,CHI,46,88,52.3,16,38,42.1,18,24,75.0,6,24,31,6,1,11,16,6,0,0
401468604,2023,2022-12-18,2022-12-19 00:00:00,16,Timberwolves,Minnesota,MIN,57,87,65.5,23,43,53.5,13,16,81.3,4,35,38,5,5,12,21,25,1,0
401468605,2023,2022-12-18,2022-12-19 01:00:00,30,Hornets,Charlotte,CHA,41,96,42.7,12,38,31.6,21,23,91.3,12,36,26,7,7,11,26,12,0,1
401468605,2023,2022-12-18,2022-12-19 01:00:00,7,Nuggets,Denver,DEN,43,94,45.7,11,33,33.3,22,34,64.7,15,40,33,6,3,14,17,16,0,3
401468606,2023,2022-12-18,2022-12-19 02:30:00,27,Wizards,Washington,WSH,44,95,46.3,10,39,25.6,19,24,79.2,10,38,24,5,6,10,20,8,0,0
401468606,2023,2022-12-18,2022-12-19 02:30:00,13,Lakers,Los Angeles,LAL,46,92,50.0,11,27,40.7,16,22,72.7,6,37,29,4,5,9,18,14,0,0
401468593,2023,2022-12-17,2022-12-17 21:00:00,27,Wizards,Washington,WSH,36,84,42.9,9,25,36.0,12,13,92.3,7,35,20,10,2,14,21,15,2,1
401468593,2023,2022-12-17,2022-12-17 21:00:00,12,Clippers,LA,LAC,37,86,43.0,12,29,41.4,16,26,61.5,12,37,19,6,5,14,16,9,0,0
401468594,2023,2022-12-17,2022-12-17 22:00:00,14,Heat,Miami,MIA,42,82,51.2,11,30,36.7,16,23,69.6,8,32,25,14,3,12,27,13,2,1
401468594,2023,2022-12-17,2022-12-17 22:00:00,24,Spurs,San Antonio,SA,33,77,42.9,10,27,37.0,25,33,75.8,7,31,29,8,3,17,19,8,0,1
401468595,2023,2022-12-17,2022-12-18 01:00:00,6,Mavericks,Dallas,DAL,36,88,40.9,15,49,30.6,12,19,63.2,5,40,19,5,6,11,20,10,1,2
401468595,2023,2022-12-17,2022-12-18 01:00:00,5,Cavaliers,Cleveland,CLE,40,94,42.6,7,36,19.4,13,22,59.1,9,42,23,6,5,10,24,6,3,0
401468596,2023,2022-12-17,2022-12-18 01:00:00,22,Trail Blazers,Portland,POR,40,85,47.1,13,36,36.1,14,19,73.7,10,26,20,8,4,12,20,22,2,0
401468596,2023,2022-12-17,2022-12-18 01:00:00,10,Rockets,Houston,HOU,36,90,40.0,3,29,10.3,20,29,69.0,18,33,19,7,6,15,18,2,2,2
401468597,2023,2022-12-17,2022-12-18 01:00:00,26,Jazz,Utah,UTAH,39,86,45.3,16,47,34.0,3,6,50.0,7,22,24,5,2,14,13,2,0,0
401468597,2023,2022-12-17,2022-12-18 01:00:00,15,Bucks,Milwaukee,MIL,48,90,53.3,18,38,47.4,9,11,81.8,15,39,30,5,3,14,12,32,1,0
401468598,2023,2022-12-17,2022-12-18 01:00:00,29,Grizzlies,Memphis,MEM,34,90,37.8,12,45,26.7,29,37,78.4,10,43,15,5,5,9,20,5,1,3
401468598,2023,2022-12-17,2022-12-18 01:00:00,25,Thunder,Oklahoma City,OKC,38,92,41.3,19,45,42.2,20,31,64.5,9,45,29,7,0,10,25,24,1,1
401468599,2023,2022-12-17,2022-12-18 02:00:00,3,Pelicans,New Orleans,NO,45,77,58.4,14,30,46.7,10,13,76.9,4,32,27,2,5,16,27,24,1,1
401468599,2023,2022-12-17,2022-12-18 02:00:00,21,Suns,Phoenix,PHX,39,83,47.0,15,41,36.6,25,35,71.4,10,25,23,6,3,8,13,8,0,0
401468583,2023,2022-12-16,2022-12-17 00:00:00,1,Hawks,Atlanta,ATL,41,75,54.7,15,29,51.7,28,34,82.4,4,37,25,3,5,12,22,24,2,0
401468583,2023,2022-12-16,2022-12-17 00:00:00,30,Hornets,Charlotte,CHA,39,98,39.8,15,43,34.9,13,19,68.4,15,28,26,8,5,12,25,4,1,3
401468584,2023,2022-12-16,2022-12-17 00:00:00,23,Kings,Sacramento,SAC,43,82,52.4,12,31,38.7,24,29,82.8,4,29,30,8,1,13,25,13,1,1
401468584,2023,2022-12-16,2022-12-17 00:00:00,8,Pistons,Detroit,DET,39,85,45.9,10,29,34.5,25,31,80.6,14,32,22,7,1,16,26,8,1,0
401468585,2023,2022-12-16,2022-12-17 00:30:00,19,Magic,Orlando,ORL,42,91,46.2,9,33,27.3,24,28,85.7,15,38,19,7,1,17,26,19,1,0
401468585,2023,2022-12-16,2022-12-17 00:30:00,2,Celtics,Boston,BOS,35,84,41.7,11,46,23.9,28,34,82.4,10,28,17,9,12,14,21,10,0,1
401468586,2023,2022-12-16,2022-12-17 00:30:00,11,Pacers,Indiana,IND,42,80,52.5,11,36,30.6,17,19,89.5,5,28,34,6,4,10,22,13,0,1
401468586,2023,2022-12-16,2022-12-17 00:30:00,5,Cavaliers,Cleveland,CLE,38,76,50.0,14,31,45.2,28,32,87.5,6,28,23,6,2,8,15,6,2,0
401468587,2023,2022-12-16,2022-12-17 00:30:00,9,Warriors,Golden State,GS,39,94,41.5,17,43,39.5,11,13,84.6,13,35,31,8,6,17,21,11,0,0
401468587,2023,2022-12-16,2022-12-17 00:30:00,20,76ers,Philadelphia,PHI,39,85,45.9,15,38,39.5,25,31,80.6,11,38,23,11,5,15,13,15,0,0
401468588,2023,2022-12-16,2022-12-17 00:30:00,17,Nets,Brooklyn,BKN,46,76,60.5,9,26,34.6,18,23,78.3,4,33,22,5,6,14,25,8,1,3
401468588,2023,2022-12-16,2022-12-17 00:30:00,28,Raptors,Toronto,TOR,41,84,48.8,9,24,37.5,25,29,86.2,7,25,17,5,1,8,19,18,1,0
401468589,2023,2022-12-16,2022-12-17 01:00:00,18,Knicks,New York,NY,37,92,40.2,17,44,38.6,23,32,71.9,15,35,19,13,2,10,13,30,2,0
401468589,2023,2022-12-16,2022-12-17 01:00:00,4,Bulls,Chicago,CHI,36,77,46.8,12,30,40.0,7,8,87.5,2,37,26,3,2,20,25,7,0,2
401468590,2023,2022-12-16,2022-12-17 01:00:00,16,Timberwolves,Minnesota,MIN,43,87,49.4,12,25,48.0,14,25,56.0,11,32,23,16,6,16,18,14,0,3
401468590,2023,2022-12-16,2022-12-17 01:00:00,25,Thunder,Oklahoma City,OKC,41,88,46.6,11,37,29.7,17,21,81.0,9,36,29,7,4,22,21,5,0,0
401468591,2023,2022-12-16,2022-12-17 01:30:00,22,Trail Blazers,Portland,POR,39,89,43.8,13,37,35.1,19,25,76.0,10,32,21,4,2,12,22,8,0,2
401468591,2023,2022-12-16,2022-12-17 01:30:00,6,Mavericks,Dallas,DAL,45,81,55.6,18,43,41.9,22,26,84.6,3,37,25,4,5,12,19,27,1,0
401468592,2023,2022-12-16,2022-12-17 03:00:00,7,Nuggets,Denver,DEN,39,81,48.1,9,27,33.3,21,28,75.0,9,30,25,7,4,19,17,12,0,1
401468592,2023,2022-12-16,2022-12-17 03:00:00,13,Lakers,Los Angeles,LAL,48,91,52.7,12,33,36.4,18,24,75.0,11,34,29,11,4,14,21,22,1,0
401468579,2023,2022-12-15,2022-12-16 01:00:00,14,Heat,Miami,MIA,39,88,44.3,16,47,34.0,17,23,73.9,14,26,21,10,6,14,19,14,0,3
401468579,2023,2022-12-15,2022-12-16 01:00:00,10,Rockets,Houston,HOU,44,94,46.8,9,33,27.3,11,17,64.7,18,33,22,10,4,14,19,9,1,1
401468580,2023,2022-12-15,2022-12-16 01:00:00,15,Bucks,Milwaukee,MIL,35,94,37.2,13,50,26.0,18,27,66.7,11,28,22,5,1,9,18,0,0,1
401468580,2023,2022-12-15,2022-12-16 01:00:00,29,Grizzlies,Memphis,MEM,56,102,54.9,12,32,37.5,18,23,78.3,14,42,30,5,7,7,19,50,1,0
401468581,2023,2022-12-15,2022-12-16 02:00:00,3,Pelicans,New Orleans,NO,47,99,47.5,12,30,40.0,23,28,82.1,19,30,24,8,6,16,30,13,2,0
401468581,2023,2022-12-15,2022-12-16 02:00:00,26,Jazz,Utah,UTAH,42,92,45.7,18,47,38.3,30,37,81.1,11,33,24,8,6,16,25,7,0,1
401468582,2023,2022-12-15,2022-12-16 03:30:00,21,Suns,Phoenix,PHX,44,95,46.3,9,32,28.1,14,18,77.8,15,38,27,8,8,8,18,31,1,1
401468582,2023,2022-12-15,2022-12-16 03:30:00,12,Clippers,LA,LAC,34,90,37.8,12,33,36.4,15,21,71.4,21,31,21,4,3,16,18,4,2,0
401468569,2023,2022-12-14,2022-12-15 00:00:00,8,Pistons,Detroit,DET,48,93,51.6,18,40,45.0,27,36,75.0,12,40,25,0,8,15,29,13,1,0
401468569,2023,2022-12-14,2022-12-15 00:00:00,30,Hornets,Charlotte,CHA,47,114,41.2,17,51,33.3,23,29,79.3,17,35,21,7,6,5,29,8,0,0
401468570,2023,2022-12-14,2022-12-15 00:00:00,9,Warriors,Golden State,GS,40,86,46.5,14,33,42.4,25,29,86.2,12,34,27,5,4,23,20,9,1,3
401468570,2023,2022-12-14,2022-12-15 00:00:00,11,Pacers,Indiana,IND,44,87,50.6,16,39,41.0,21,25,84.0,5,29,30,10,8,17,25,25,1,0
401468571,2023,2022-12-14,2022-12-15 00:00:00,1,Hawks,Atlanta,ATL,44,88,50.0,12,35,34.3,24,27,88.9,11,28,30,2,6,13,21,0,0,2
401468571,2023,2022-12-14,2022-12-15 00:00:00,19,Magic,Orlando,ORL,47,93,50.5,16,36,44.4,25,30,83.3,14,32,28,10,6,11,22,29,3,1
401468572,2023,2022-12-14,2022-12-15 00:30:00,23,Kings,Sacramento,SAC,45,93,48.4,17,46,37.0,17,20,85.0,13,37,29,3,3,15,16,5,0,3
401468572,2023,2022-12-14,2022-12-15 00:30:00,28,Raptors,Toronto,TOR,47,94,50.0,6,21,28.6,23,27,85.2,11,28,25,8,7,7,18,16,0,0
401468573,2023,2022-12-14,2022-12-15 00:30:00,18,Knicks,New York,NY,45,91,49.5,18,34,52.9,20,25,80.0,15,33,25,7,5,15,25,14,3,0
401468573,2023,2022-12-14,2022-12-15 00:30:00,4,Bulls,Chicago,CHI,46,84,54.8,9,28,32.1,19,22,86.4,3,28,25,6,7,12,18,1,0,1
401468574,2023,2022-12-14,2022-12-15 01:00:00,14,Heat,Miami,MIA,37,86,43.0,24,56,42.9,12,15,80.0,7,32,25,9,1,14,21,21,0,0
401468574,2023,2022-12-14,2022-12-15 01:00:00,25,Thunder,Oklahoma City,OKC,41,82,50.0,9,24,37.5,17,23,73.9,7,37,26,7,4,14,16,7,0,0
401468575,2023,2022-12-14,2022-12-15 01:00:00,22,Trail Blazers,Portland,POR,49,81,60.5,18,40,45.0,12,17,70.6,5,35,26,5,3,17,20,19,0,0
401468575,2023,2022-12-14,2022-12-15 01:00:00,24,Spurs,San Antonio,SA,45,97,46.4,11,29,37.9,11,19,57.9,14,26,23,9,3,11,16,1,0,0
401468576,2023,2022-12-14,2022-12-15 02:00:00,5,Cavaliers,Cleveland,CLE,41,78,52.6,8,24,33.3,15,19,78.9,5,38,26,5,2,6,20,23,3,1
401468576,2023,2022-12-14,2022-12-15 02:00:00,6,Mavericks,Dallas,DAL,29,74,39.2,13,38,34.2,19,26,73.1,6,27,17,2,3,12,15,0,1,1
401468577,2023,2022-12-14,2022-12-15 02:00:00,27,Wizards,Washington,WSH,48,91,52.7,19,39,48.7,13,23,56.5,4,20,40,10,5,13,28,5,1,0
401468577,2023,2022-12-14,2022-12-15 02:00:00,7,Nuggets,Denver,DEN,54,83,65.1,4,16,25.0,29,35,82.9,7,38,31,8,7,18,17,16,1,0
401468578,2023,2022-12-14,2022-12-15 03:00:00,16,Timberwolves,Minnesota,MIN,31,74,41.9,4,22,18.2,22,30,73.3,7,36,15,9,4,17,20,9,0,0
401468578,2023,2022-12-14,2022-12-15 03:00:00,12,Clippers,LA,LAC,34,89,38.2,14,46,30.4,17,21,81.0,14,38,21,8,2,14,21,17,1,0
401468564,2023,2022-12-13,2022-12-14 00:00:00,23,Kings,Sacramento,SAC,38,92,41.3,10,42,23.8,17,20,85.0,13,35,21,5,4,17,22,4,0,1
401468564,2023,2022-12-13,2022-12-14 00:00:00,20,76ers,Philadelphia,PHI,43,84,51.2,16,35,45.7,21,27,77.8,4,38,34,10,4,11,21,28,1,1
401468565,2023,2022-12-13,2022-12-14 00:30:00,9,Warriors,Golden State,GS,38,95,40.0,20,50,40.0,15,19,78.9,12,25,25,7,2,18,22,7,0,6
401468565,2023,2022-12-13,2022-12-14 00:30:00,15,Bucks,Milwaukee,MIL,45,82,54.9,12,29,41.4,26,32,81.3,12,43,22,8,5,21,18,26,2,3
401468566,2023,2022-12-13,2022-12-14 01:00:00,21,Suns,Phoenix,PHX,33,103,32.0,13,51,25.5,18,19,94.7,18,26,22,13,7,9,24,0,1,1
401468566,2023,2022-12-13,2022-12-14 01:00:00,10,Rockets,Houston,HOU,34,81,42.0,12,35,34.3,31,34,91.2,17,50,16,6,9,22,21,23,1,0
401468567,2023,2022-12-13,2022-12-14 02:00:00,3,Pelicans,New Orleans,NO,37,93,39.8,4,27,14.8,22,33,66.7,15,28,25,12,3,17,17,7,0,2
401468567,2023,2022-12-13,2022-12-14 02:00:00,26,Jazz,Utah,UTAH,49,103,47.6,15,47,31.9,8,12,66.7,19,40,31,4,10,19,23,27,3,1
401468568,2023,2022-12-13,2022-12-14 03:00:00,2,Celtics,Boston,BOS,46,104,44.2,19,48,39.6,11,16,68.8,13,38,27,6,2,14,22,20,0,1
401468568,2023,2022-12-13,2022-12-14 03:00:00,13,Lakers,Los Angeles,LAL,44,93,47.3,8,29,27.6,22,30,73.3,7,42,23,7,9,11,17,13,1,0
401468557,2023,2022-12-12,2022-12-13 00:00:00,14,Heat,Miami,MIA,32,83,38.6,9,34,26.5,14,18,77.8,9,39,23,7,2,13,17,19,1,1
401468557,2023,2022-12-12,2022-12-13 00:00:00,11,Pacers,Indiana,IND,28,79,35.4,11,39,28.2,15,20,75.0,8,37,16,7,11,15,18,5,3,0
401468558,2023,2022-12-12,2022-12-13 00:00:00,17,Nets,Brooklyn,BKN,44,89,49.4,8,27,29.6,16,18,88.9,7,34,25,8,7,11,20,17,2,1
401468558,2023,2022-12-12,2022-12-13 00:00:00,27,Wizards,Washington,WSH,37,79,46.8,11,31,35.5,15,22,68.2,6,38,21,6,2,19,16,6,1,1
401468559,2023,2022-12-12,2022-12-13 01:00:00,1,Hawks,Atlanta,ATL,37,104,35.6,12,37,32.4,17,22,77.3,20,19,20,13,1,15,17,2,1,1
401468559,2023,2022-12-12,2022-12-13 01:00:00,29,Grizzlies,Memphis,MEM,50,83,60.2,13,32,40.6,15,18,83.3,5,44,36,8,12,22,17,34,1,1
401468560,2023,2022-12-12,2022-12-13 01:30:00,25,Thunder,Oklahoma City,OKC,42,88,47.7,10,31,32.3,20,21,95.2,10,32,21,4,1,13,22,7,0,1
401468560,2023,2022-12-12,2022-12-13 01:30:00,6,Mavericks,Dallas,DAL,39,93,41.9,22,54,40.7,21,25,84.0,16,34,24,4,3,14,19,16,0,2
401468561,2023,2022-12-12,2022-12-13 01:30:00,5,Cavaliers,Cleveland,CLE,45,92,48.9,5,23,21.7,16,17,94.1,15,29,21,7,7,15,13,3,0,0
401468561,2023,2022-12-12,2022-12-13 01:30:00,24,Spurs,San Antonio,SA,46,97,47.4,9,27,33.3,11,16,68.8,19,27,25,6,2,12,19,19,1,0
401468562,2023,2022-12-12,2022-12-13 03:00:00,16,Timberwolves,Minnesota,MIN,46,93,49.5,10,27,37.0,10,19,52.6,7,30,25,12,2,10,19,0,0,0
401468562,2023,2022-12-12,2022-12-13 03:00:00,22,Trail Blazers,Portland,POR,48,89,53.9,21,46,45.7,16,21,76.2,11,43,32,4,4,18,21,27,1,0
401468563,2023,2022-12-12,2022-12-13 03:30:00,2,Celtics,Boston,BOS,33,76,43.4,9,39,23.1,18,26,69.2,5,31,27,5,6,15,17,5,0,1
401468563,2023,2022-12-12,2022-12-13 03:30:00,12,Clippers,LA,LAC,44,90,48.9,10,25,40.0,15,21,71.4,11,35,18,10,2,9,26,24,1,0
401468550,2023,2022-12-11,2022-12-11 20:30:00,21,Suns,Phoenix,PHX,49,105,46.7,13,38,34.2,13,17,76.5,19,23,34,7,5,14,24,9,1,0
401468550,2023,2022-12-11,2022-12-11 20:30:00,3,Pelicans,New Orleans,NO,50,86,58.1,8,25,32.0,21,28,75.0,7,36,31,10,3,15,26,15,2,1
401468551,2023,2022-12-11,2022-12-11 23:00:00,13,Lakers,Los Angeles,LAL,46,84,54.8,11,26,42.3,21,27,77.8,6,36,31,8,4,11,14,14,0,0
401468551,2023,2022-12-11,2022-12-11 23:00:00,8,Pistons,Detroit,DET,43,93,46.2,17,45,37.8,14,17,82.4,10,30,28,9,3,12,19,1,0,1
401468552,2023,2022-12-11,2022-12-11 23:00:00,23,Kings,Sacramento,SAC,33,83,39.8,10,39,25.6,23,35,65.7,11,30,20,7,0,16,21,1,1,0
401468552,2023,2022-12-11,2022-12-11 23:00:00,18,Knicks,New York,NY,40,89,44.9,8,35,22.9,24,27,88.9,15,40,19,8,4,14,22,21,3,3
401468553,2023,2022-12-11,2022-12-11 23:00:00,28,Raptors,Toronto,TOR,30,75,40.0,6,25,24.0,33,38,86.8,7,21,18,9,7,9,25,7,0,0
401468553,2023,2022-12-11,2022-12-11 23:00:00,19,Magic,Orlando,ORL,36,77,46.8,14,31,45.2,25,31,80.6,11,31,25,3,7,14,28,16,4,0
401468554,2023,2022-12-11,2022-12-11 23:00:00,30,Hornets,Charlotte,CHA,38,93,40.9,11,30,36.7,26,30,86.7,15,30,21,12,3,15,24,8,1,0
401468554,2023,2022-12-11,2022-12-11 23:00:00,20,76ers,Philadelphia,PHI,46,83,55.4,13,27,48.1,26,32,81.3,9,32,31,6,6,15,24,20,1,1
401468555,2023,2022-12-11,2022-12-11 23:30:00,4,Bulls,Chicago,CHI,48,100,48.0,7,27,25.9,19,23,82.6,13,40,28,11,6,18,21,5,1,1
401468555,2023,2022-12-11,2022-12-11 23:30:00,1,Hawks,Atlanta,ATL,47,98,48.0,13,39,33.3,16,21,76.2,8,37,28,3,6,14,22,12,1,0
401468556,2023,2022-12-11,2022-12-12 00:00:00,15,Bucks,Milwaukee,MIL,33,90,36.7,12,43,27.9,14,18,77.8,13,39,18,5,6,15,12,9,1,0
401468556,2023,2022-12-11,2022-12-12 00:00:00,10,Rockets,Houston,HOU,40,91,44.0,6,27,22.2,11,12,91.7,10,39,23,11,8,12,17,6,0,1
401468542,2023,2022-12-10,2022-12-10 22:00:00,24,Spurs,San Antonio,SA,42,78,53.8,7,21,33.3,24,31,77.4,9,37,24,8,4,18,21,5,0,0
401468542,2023,2022-12-10,2022-12-10 22:00:00,14,Heat,Miami,MIA,39,81,48.1,13,34,38.2,20,28,71.4,5,27,26,5,3,10,22,8,0,0
401468543,2023,2022-12-10,2022-12-11 00:00:00,17,Nets,Brooklyn,BKN,52,100,52.0,9,28,32.1,23,32,71.9,29,30,19,7,3,18,24,9,0,1
401468543,2023,2022-12-10,2022-12-11 00:00:00,11,Pacers,Indiana,IND,47,85,55.3,21,44,47.7,18,24,75.0,7,23,30,10,3,18,27,14,1,0
401468544,2023,2022-12-10,2022-12-11 00:00:00,12,Clippers,LA,LAC,40,94,42.6,19,48,39.6,15,16,93.8,9,33,22,9,7,10,16,7,0,0
401468544,2023,2022-12-10,2022-12-11 00:00:00,27,Wizards,Washington,WSH,37,85,43.5,16,34,47.1,17,19,89.5,8,42,24,8,3,14,15,13,1,0
401468545,2023,2022-12-10,2022-12-11 00:30:00,25,Thunder,Oklahoma City,OKC,38,83,45.8,10,29,34.5,16,20,80.0,7,33,25,8,6,10,26,0,1,0
401468545,2023,2022-12-10,2022-12-11 00:30:00,5,Cavaliers,Cleveland,CLE,40,85,47.1,12,32,37.5,18,26,69.2,12,36,25,6,4,11,14,17,2,1
401468546,2023,2022-12-10,2022-12-11 01:00:00,6,Mavericks,Dallas,DAL,41,90,45.6,11,44,25.0,22,26,84.6,8,29,24,5,4,8,17,2,0,0
401468546,2023,2022-12-10,2022-12-11 01:00:00,4,Bulls,Chicago,CHI,54,85,63.5,19,34,55.9,17,24,70.8,4,40,33,8,5,8,17,33,2,1
401468547,2023,2022-12-10,2022-12-11 01:30:00,2,Celtics,Boston,BOS,38,87,43.7,12,40,30.0,19,26,73.1,6,33,17,8,6,10,14,1,0,1
401468547,2023,2022-12-10,2022-12-11 01:30:00,9,Warriors,Golden State,GS,47,92,51.1,13,39,33.3,16,20,80.0,11,42,26,3,6,13,20,20,2,0
401468548,2023,2022-12-10,2022-12-11 02:00:00,26,Jazz,Utah,UTAH,39,85,45.9,15,41,36.6,17,21,81.0,10,32,20,5,6,13,20,4,1,1
401468548,2023,2022-12-10,2022-12-11 02:00:00,7,Nuggets,Denver,DEN,47,86,54.7,8,26,30.8,13,16,81.3,6,33,28,5,8,8,17,11,1,2
401468549,2023,2022-12-10,2022-12-11 03:00:00,16,Timberwolves,Minnesota,MIN,45,83,54.2,10,23,43.5,18,24,75.0,4,24,22,11,4,13,21,10,0,0
401468549,2023,2022-12-10,2022-12-11 03:00:00,22,Trail Blazers,Portland,POR,43,83,51.8,13,34,38.2,25,28,89.3,11,34,20,5,4,16,24,9,0,0
401468532,2023,2022-12-09,2022-12-10 00:00:00,18,Knicks,New York,NY,41,93,44.1,13,34,38.2,26,30,86.7,16,32,25,6,7,11,21,26,3,0
401468532,2023,2022-12-09,2022-12-10 00:00:00,30,Hornets,Charlotte,CHA,37,84,44.0,6,26,23.1,22,28,78.6,12,33,16,8,6,12,26,3,1,0
401468533,2023,2022-12-09,2022-12-10 00:00:00,27,Wizards,Washington,WSH,41,77,53.2,10,29,34.5,19,25,76.0,12,26,25,6,3,14,19,6,0,0
401468533,2023,2022-12-09,2022-12-10 00:00:00,11,Pacers,Indiana,IND,43,85,50.6,18,41,43.9,17,20,85.0,13,27,23,7,2,11,21,13,1,1
401468534,2023,2022-12-09,2022-12-10 00:00:00,28,Raptors,Toronto,TOR,36,85,42.4,10,35,28.6,27,33,81.8,7,26,23,10,5,7,17,3,0,0
401468534,2023,2022-12-09,2022-12-10 00:00:00,19,Magic,Orlando,ORL,42,71,59.2,10,26,38.5,19,21,90.5,3,40,24,3,4,18,27,20,2,1
401468535,2023,2022-12-09,2022-12-10 00:30:00,1,Hawks,Atlanta,ATL,46,93,49.5,10,29,34.5,14,16,87.5,12,26,21,12,4,18,18,4,0,0
401468535,2023,2022-12-09,2022-12-10 00:30:00,17,Nets,Brooklyn,BKN,45,83,54.2,13,30,43.3,17,21,81.0,9,29,30,10,5,21,18,12,0,2
401468536,2023,2022-12-09,2022-12-10 00:30:00,23,Kings,Sacramento,SAC,35,66,53.0,16,33,48.5,20,32,62.5,5,33,21,11,5,17,22,15,2,0
401468536,2023,2022-12-09,2022-12-10 00:30:00,5,Cavaliers,Cleveland,CLE,34,79,43.0,10,30,33.3,17,22,77.3,8,28,20,7,4,19,23,8,1,0
401468537,2023,2022-12-09,2022-12-10 00:30:00,13,Lakers,Los Angeles,LAL,44,88,50.0,11,31,35.5,23,30,76.7,7,30,29,12,4,19,23,6,2,1
401468537,2023,2022-12-09,2022-12-10 00:30:00,20,76ers,Philadelphia,PHI,48,90,53.3,18,40,45.0,19,22,86.4,7,35,30,14,2,21,30,18,2,0
401468538,2023,2022-12-09,2022-12-10 01:00:00,8,Pistons,Detroit,DET,36,90,40.0,11,35,31.4,20,27,74.1,13,34,23,6,7,19,29,2,0,0
401468538,2023,2022-12-09,2022-12-10 01:00:00,29,Grizzlies,Memphis,MEM,44,91,48.4,9,32,28.1,17,32,53.1,12,36,30,11,8,14,19,22,0,2
401468539,2023,2022-12-09,2022-12-10 01:30:00,21,Suns,Phoenix,PHX,43,86,50.0,22,44,50.0,9,13,69.2,8,29,30,6,3,16,25,9,1,0
401468539,2023,2022-12-09,2022-12-10 01:30:00,3,Pelicans,New Orleans,NO,46,90,51.1,8,27,29.6,28,35,80.0,13,31,27,10,1,11,15,16,0,0
401468540,2023,2022-12-09,2022-12-10 02:00:00,16,Timberwolves,Minnesota,MIN,42,79,53.2,14,35,40.0,20,26,76.9,6,38,30,7,3,17,21,15,0,2
401468540,2023,2022-12-09,2022-12-10 02:00:00,26,Jazz,Utah,UTAH,39,90,43.3,13,44,29.5,17,24,70.8,12,28,22,9,0,11,20,2,0,0
401468541,2023,2022-12-09,2022-12-10 03:00:00,15,Bucks,Milwaukee,MIL,38,87,43.7,11,32,34.4,19,23,82.6,13,38,27,5,4,15,21,4,2,1
401468541,2023,2022-12-09,2022-12-10 03:00:00,6,Mavericks,Dallas,DAL,41,88,46.6,13,40,32.5,10,24,41.7,12,31,21,8,6,10,21,12,1,0
401468529,2023,2022-12-08,2022-12-09 00:30:00,12,Clippers,LA,LAC,37,80,46.3,17,36,47.2,19,21,90.5,7,36,24,3,3,16,16,10,0,1
401468529,2023,2022-12-08,2022-12-09 00:30:00,14,Heat,Miami,MIA,46,90,51.1,12,32,37.5,11,14,78.6,7,36,24,11,1,8,20,8,0,0
401468530,2023,2022-12-08,2022-12-09 01:30:00,10,Rockets,Houston,HOU,44,98,44.9,10,29,34.5,11,15,73.3,16,26,23,3,4,14,19,7,0,1
401468530,2023,2022-12-08,2022-12-09 01:30:00,24,Spurs,San Antonio,SA,46,83,55.4,13,36,36.1,13,15,86.7,7,31,25,5,7,16,19,20,1,0
401468531,2023,2022-12-08,2022-12-09 03:00:00,7,Nuggets,Denver,DEN,47,91,52.0,12,30,40.0,15,22,68.0,16,32,28,6,5,16,16,5,0,1
401468531,2023,2022-12-08,2022-12-09 03:00:00,22,Trail Blazers,Portland,POR,44,91,48.0,16,40,40.0,16,16,100.0,13,25,30,10,3,12,20,11,1,4
401468518,2023,2022-12-07,2022-12-08 00:00:00,12,Clippers,LA,LAC,39,95,41.1,15,41,36.6,18,26,69.2,17,36,26,3,9,15,19,18,2,0
401468518,2023,2022-12-07,2022-12-08 00:00:00,19,Magic,Orlando,ORL,40,95,42.1,8,28,28.6,28,31,90.3,16,37,20,8,5,12,21,6,1,1
401468519,2023,2022-12-07,2022-12-08 00:30:00,30,Hornets,Charlotte,CHA,47,88,53.4,10,24,41.7,12,23,52.2,10,30,25,4,3,11,18,1,0,2
401468519,2023,2022-12-07,2022-12-08 00:30:00,17,Nets,Brooklyn,BKN,49,86,57.0,12,31,38.7,12,16,75.0,5,34,33,3,8,10,20,23,1,1
401468520,2023,2022-12-07,2022-12-08 00:30:00,1,Hawks,Atlanta,ATL,32,85,37.6,6,36,16.7,19,24,79.2,11,28,16,4,6,11,17,2,0,2
401468520,2023,2022-12-07,2022-12-08 00:30:00,18,Knicks,New York,NY,37,83,44.6,17,36,47.2,22,24,91.7,13,42,26,6,2,14,23,28,0,1
401468521,2023,2022-12-07,2022-12-08 00:30:00,13,Lakers,Los Angeles,LAL,37,87,42.5,7,33,21.2,32,35,91.4,10,36,16,6,3,15,17,0,0,0
401468521,2023,2022-12-07,2022-12-08 00:30:00,28,Raptors,Toronto,TOR,47,106,44.3,12,43,27.9,20,24,83.3,17,37,25,10,5,11,22,27,0,1
401468522,2023,2022-12-07,2022-12-08 01:00:00,27,Wizards,Washington,WSH,41,84,48.8,9,31,29.0,20,29,69.0,6,32,22,12,6,18,16,6,0,0
401468522,2023,2022-12-07,2022-12-08 01:00:00,4,Bulls,Chicago,CHI,45,90,50.0,10,23,43.5,15,17,88.2,6,35,29,11,4,19,20,11,0,1
401468523,2023,2022-12-07,2022-12-08 01:00:00,25,Thunder,Oklahoma City,OKC,34,92,37.0,14,38,36.8,20,23,87.0,14,34,25,9,3,18,16,3,1,0
401468523,2023,2022-12-07,2022-12-08 01:00:00,29,Grizzlies,Memphis,MEM,48,94,51.1,14,38,36.8,13,16,81.3,10,40,32,13,9,14,19,23,3,1
401468524,2023,2022-12-07,2022-12-08 01:00:00,23,Kings,Sacramento,SAC,43,91,47.3,12,38,31.6,15,16,93.8,8,32,19,2,4,8,17,8,0,0
401468524,2023,2022-12-07,2022-12-08 01:00:00,15,Bucks,Milwaukee,MIL,46,96,47.9,14,33,42.4,20,24,83.3,17,33,34,3,2,7,15,15,0,1
401468525,2023,2022-12-07,2022-12-08 01:00:00,11,Pacers,Indiana,IND,39,81,48.1,19,42,45.2,18,24,75.0,4,27,22,10,4,19,17,8,0,3
401468525,2023,2022-12-07,2022-12-08 01:00:00,16,Timberwolves,Minnesota,MIN,44,93,47.3,8,23,34.8,25,27,92.6,16,35,25,15,2,21,21,23,2,1
401468526,2023,2022-12-07,2022-12-08 01:00:00,8,Pistons,Detroit,DET,35,90,38.9,15,42,35.7,13,16,81.3,8,34,17,5,1,12,23,7,1,2
401468526,2023,2022-12-07,2022-12-08 01:00:00,3,Pelicans,New Orleans,NO,39,85,45.9,8,27,29.6,18,23,78.3,10,40,21,8,9,18,21,16,1,1
401468527,2023,2022-12-07,2022-12-08 02:00:00,9,Warriors,Golden State,GS,45,98,45.9,14,42,33.3,19,25,76.0,14,28,26,8,5,14,18,9,0,0
401468527,2023,2022-12-07,2022-12-08 02:00:00,26,Jazz,Utah,UTAH,46,86,53.5,15,35,42.9,17,21,81.0,9,31,26,6,7,17,17,12,0,0
401468528,2023,2022-12-07,2022-12-08 03:00:00,2,Celtics,Boston,BOS,49,101,48.5,16,45,35.6,11,13,84.6,11,42,29,14,3,12,20,45,1,0
401468528,2023,2022-12-07,2022-12-08 03:00:00,21,Suns,Phoenix,PHX,37,93,39.8,8,32,25.0,16,19,84.2,13,36,19,5,4,18,17,3,0,0
401468515,2023,2022-12-06,2022-12-07 00:30:00,13,Lakers,Los Angeles,LAL,38,89,42.7,6,36,16.7,20,24,83.3,14,29,16,4,6,16,13,3,0,0
401468515,2023,2022-12-06,2022-12-07 00:30:00,5,Cavaliers,Cleveland,CLE,48,93,51.6,7,27,25.9,13,17,76.5,9,35,25,11,3,7,20,15,1,1
401468516,2023,2022-12-06,2022-12-07 00:30:00,8,Pistons,Detroit,DET,43,87,49.4,19,41,46.3,11,15,73.3,9,31,27,8,1,12,19,22,1,1
401468516,2023,2022-12-06,2022-12-07 00:30:00,14,Heat,Miami,MIA,33,77,42.9,10,32,31.3,20,26,76.9,7,33,21,7,2,15,20,11,0,0
401468517,2023,2022-12-06,2022-12-07 03:00:00,6,Mavericks,Dallas,DAL,36,72,50.0,17,36,47.2,27,31,87.1,4,31,27,10,4,15,32,10,2,2
401468517,2023,2022-12-06,2022-12-07 03:00:00,7,Nuggets,Denver,DEN,40,78,51.3,13,32,40.6,22,28,78.6,8,28,30,8,4,17,28,8,0,1
401468507,2023,2022-12-05,2022-12-06 00:00:00,12,Clippers,LA,LAC,45,93,48.4,15,36,41.7,14,21,66.7,13,34,30,4,5,12,17,13,0,3
401468507,2023,2022-12-05,2022-12-06 00:00:00,30,Hornets,Charlotte,CHA,47,98,48.0,12,34,35.3,11,17,64.7,14,35,29,8,4,10,16,9,0,1
401468508,2023,2022-12-05,2022-12-06 00:00:00,15,Bucks,Milwaukee,MIL,38,85,44.7,13,40,32.5,20,26,76.9,7,38,31,9,4,17,20,19,0,0
401468508,2023,2022-12-05,2022-12-06 00:00:00,19,Magic,Orlando,ORL,34,93,36.6,8,32,25.0,26,29,89.7,15,37,21,8,2,13,19,6,1,2
401468509,2023,2022-12-05,2022-12-06 00:30:00,25,Thunder,Oklahoma City,OKC,43,95,45.3,12,34,35.3,23,24,95.8,14,35,25,8,4,16,19,9,0,0
401468509,2023,2022-12-05,2022-12-06 00:30:00,1,Hawks,Atlanta,ATL,44,102,43.1,13,38,34.2,13,17,76.5,17,37,24,7,4,18,24,14,0,0
401468510,2023,2022-12-05,2022-12-06 00:30:00,2,Celtics,Boston,BOS,44,90,48.9,13,36,36.1,15,21,71.4,13,36,27,6,3,11,22,13,0,1
401468510,2023,2022-12-05,2022-12-06 00:30:00,28,Raptors,Toronto,TOR,39,85,45.9,10,28,35.7,22,30,73.3,12,34,19,6,5,13,20,10,0,0
401468511,2023,2022-12-05,2022-12-06 01:00:00,20,76ers,Philadelphia,PHI,39,87,44.8,17,36,47.2,28,36,77.8,11,28,23,10,6,19,34,10,1,1
401468511,2023,2022-12-05,2022-12-06 01:00:00,10,Rockets,Houston,HOU,42,94,44.7,14,39,35.9,34,44,77.3,16,35,19,9,3,19,27,9,2,1
401468512,2023,2022-12-05,2022-12-06 01:00:00,14,Heat,Miami,MIA,31,79,39.2,14,40,35.0,17,22,77.3,9,36,23,7,3,16,11,11,1,0
401468512,2023,2022-12-05,2022-12-06 01:00:00,29,Grizzlies,Memphis,MEM,42,90,46.7,8,32,25.0,9,9,100.0,4,37,23,10,5,11,14,12,1,2
401468513,2023,2022-12-05,2022-12-06 01:30:00,21,Suns,Phoenix,PHX,40,91,44.0,13,37,35.1,18,26,69.2,13,28,28,5,5,11,16,2,2,1
401468513,2023,2022-12-05,2022-12-06 01:30:00,6,Mavericks,Dallas,DAL,44,84,52.4,20,41,48.8,22,26,84.6,10,31,23,7,6,12,23,27,1,0
401468514,2023,2022-12-05,2022-12-06 03:00:00,11,Pacers,Indiana,IND,43,90,47.8,15,39,38.5,11,18,61.1,7,40,26,3,8,11,18,16,6,0
401468514,2023,2022-12-05,2022-12-06 03:00:00,9,Warriors,Golden State,GS,38,94,40.4,13,44,29.5,15,19,78.9,12,35,26,6,6,12,19,2,0,2
401468499,2023,2022-12-04,2022-12-04 20:30:00,7,Nuggets,Denver,DEN,41,81,50.6,8,31,25.8,16,24,66.7,9,34,24,5,5,19,22,14,0,3
401468499,2023,2022-12-04,2022-12-04 20:30:00,3,Pelicans,New Orleans,NO,41,81,50.6,11,26,42.3,28,36,77.8,6,30,29,10,5,10,22,18,1,1
401468500,2023,2022-12-04,2022-12-04 21:00:00,21,Suns,Phoenix,PHX,49,94,52.1,19,37,51.4,16,20,80.0,14,31,38,5,0,11,18,44,0,1
401468500,2023,2022-12-04,2022-12-04 21:00:00,24,Spurs,San Antonio,SA,38,87,43.7,6,31,19.4,13,18,72.2,12,28,19,5,3,19,24,7,0,0
401468501,2023,2022-12-04,2022-12-04 23:00:00,2,Celtics,Boston,BOS,35,81,43.2,15,38,39.5,18,20,90.0,8,40,18,11,9,15,19,16,2,0
401468501,2023,2022-12-04,2022-12-04 23:00:00,17,Nets,Brooklyn,BKN,34,84,40.5,9,26,34.6,15,22,68.2,11,34,17,6,7,14,18,9,1,2
401468502,2023,2022-12-04,2022-12-04 23:00:00,29,Grizzlies,Memphis,MEM,43,92,46.7,15,35,42.9,21,29,72.4,12,34,28,9,5,13,21,22,1,1
401468502,2023,2022-12-04,2022-12-04 23:00:00,8,Pistons,Detroit,DET,37,84,44.0,13,35,37.1,25,30,83.3,8,31,26,7,7,14,24,0,1,2
401468503,2023,2022-12-04,2022-12-04 23:00:00,5,Cavaliers,Cleveland,CLE,29,83,34.9,8,35,22.9,15,20,75.0,8,31,17,7,6,17,15,0,2,1
401468503,2023,2022-12-04,2022-12-04 23:00:00,18,Knicks,New York,NY,35,86,40.7,5,29,17.2,17,21,81.0,14,40,17,6,3,20,16,18,1,1
401468504,2023,2022-12-04,2022-12-04 23:00:00,13,Lakers,Los Angeles,LAL,52,96,54.2,10,26,38.5,16,22,72.7,9,42,34,5,5,15,14,29,0,2
401468504,2023,2022-12-04,2022-12-04 23:00:00,27,Wizards,Washington,WSH,49,105,46.7,10,39,25.6,11,15,73.3,11,33,24,10,8,10,23,5,0,0
401468505,2023,2022-12-04,2022-12-04 23:00:00,4,Bulls,Chicago,CHI,38,86,44.2,9,25,36.0,16,19,84.2,7,32,17,9,5,16,16,7,0,1
401468505,2023,2022-12-04,2022-12-04 23:00:00,23,Kings,Sacramento,SAC,40,86,46.5,13,43,30.2,17,19,89.5,5,41,30,10,2,18,17,18,1,1
401468506,2023,2022-12-04,2022-12-05 02:00:00,11,Pacers,Indiana,IND,40,91,44.0,10,33,30.3,10,12,83.3,12,32,22,10,5,15,22,8,0,1
401468506,2023,2022-12-04,2022-12-05 02:00:00,22,Trail Blazers,Portland,POR,42,86,48.8,17,40,42.5,15,22,68.2,11,34,32,10,3,15,17,22,0,0
401468492,2023,2022-12-03,2022-12-03 17:30:00,6,Mavericks,Dallas,DAL,43,100,43.0,24,61,39.3,11,14,78.6,14,36,27,7,5,11,20,32,0,0
401468492,2023,2022-12-03,2022-12-03 17:30:00,18,Knicks,New York,NY,35,77,45.5,10,31,32.3,20,28,71.4,7,38,18,7,1,19,17,15,1,1
401468493,2023,2022-12-03,2022-12-03 21:00:00,23,Kings,Sacramento,SAC,46,89,51.7,11,32,34.4,20,30,66.7,8,38,31,7,6,9,22,31,0,1
401468493,2023,2022-12-03,2022-12-03 21:00:00,12,Clippers,LA,LAC,33,93,35.5,9,33,27.3,21,26,80.8,17,33,15,4,3,17,23,2,1,0
401468494,2023,2022-12-03,2022-12-03 23:00:00,15,Bucks,Milwaukee,MIL,39,83,47.0,12,32,37.5,15,19,78.9,8,39,24,5,8,21,17,14,1,1
401468494,2023,2022-12-03,2022-12-03 23:00:00,30,Hornets,Charlotte,CHA,34,87,39.1,5,24,20.8,23,26,88.5,9,35,15,9,4,14,19,1,0,0
401468495,2023,2022-12-03,2022-12-04 01:00:00,19,Magic,Orlando,ORL,38,78,48.7,11,28,39.3,21,26,80.8,5,24,23,9,2,15,20,1,1,0
401468495,2023,2022-12-03,2022-12-04 01:00:00,28,Raptors,Toronto,TOR,47,84,56.0,9,29,31.0,18,25,72.0,12,31,31,12,4,16,24,33,1,0
401468496,2023,2022-12-03,2022-12-04 01:00:00,25,Thunder,Oklahoma City,OKC,48,93,51.6,11,26,42.3,28,35,80.0,13,29,26,11,5,21,18,12,0,3
401468496,2023,2022-12-03,2022-12-04 01:00:00,16,Timberwolves,Minnesota,MIN,47,89,52.8,10,30,33.3,24,30,80.0,12,32,25,13,10,23,23,7,0,5
401468497,2023,2022-12-03,2022-12-04 01:30:00,10,Rockets,Houston,HOU,40,91,44.0,3,28,10.7,18,20,90.0,14,31,17,6,4,15,14,0,0,0
401468497,2023,2022-12-03,2022-12-04 01:30:00,9,Warriors,Golden State,GS,45,85,52.9,25,52,48.1,5,10,50.0,6,29,34,8,5,13,24,25,1,1
401468498,2023,2022-12-03,2022-12-04 02:00:00,22,Trail Blazers,Portland,POR,41,85,48.2,10,25,40.0,24,31,77.4,12,37,19,5,6,13,20,15,0,0
401468498,2023,2022-12-03,2022-12-04 02:00:00,26,Jazz,Utah,UTAH,38,84,45.2,13,36,36.1,22,28,78.6,10,34,20,8,4,13,22,4,0,1
401468481,2023,2022-12-02,2022-12-03 00:00:00,27,Wizards,Washington,WSH,39,86,45.3,12,33,36.4,26,35,74.3,18,38,23,3,9,14,23,1,0,1
401468481,2023,2022-12-02,2022-12-03 00:00:00,30,Hornets,Charlotte,CHA,40,95,42.1,12,29,41.4,25,31,80.6,19,26,25,6,3,4,24,22,0,1
401468482,2023,2022-12-02,2022-12-03 00:30:00,7,Nuggets,Denver,DEN,45,85,52.9,12,32,37.5,7,13,53.8,9,24,31,8,0,15,12,1,1,0
401468482,2023,2022-12-02,2022-12-03 00:30:00,1,Hawks,Atlanta,ATL,49,88,55.7,10,28,35.7,9,14,64.3,12,31,24,7,3,12,14,16,0,0
401468483,2023,2022-12-02,2022-12-03 00:30:00,14,Heat,Miami,MIA,48,101,47.5,11,35,31.4,13,18,72.2,12,38,19,11,3,16,24,7,1,1
401468483,2023,2022-12-02,2022-12-03 00:30:00,2,Celtics,Boston,BOS,40,87,46.0,15,45,33.3,21,28,75.0,7,41,26,6,2,20,18,13,0,1
401468484,2023,2022-12-02,2022-12-03 00:30:00,28,Raptors,Toronto,TOR,38,87,43.7,7,24,29.2,22,30,73.3,11,32,16,7,2,13,19,0,1,2
401468484,2023,2022-12-02,2022-12-03 00:30:00,17,Nets,Brooklyn,BKN,44,82,53.7,11,32,34.4,15,22,68.2,7,34,27,7,5,18,27,36,0,0
401468485,2023,2022-12-02,2022-12-03 00:30:00,19,Magic,Orlando,ORL,40,81,49.4,8,23,34.8,8,12,66.7,11,29,19,6,4,17,13,5,1,0
401468485,2023,2022-12-02,2022-12-03 00:30:00,5,Cavaliers,Cleveland,CLE,41,84,48.8,16,42,38.1,9,9,100.0,5,28,22,7,5,12,14,20,1,0
401468486,2023,2022-12-02,2022-12-03 00:30:00,13,Lakers,Los Angeles,LAL,52,96,54.2,11,26,42.3,18,24,75.0,12,32,32,6,4,4,16,14,0,0
401468486,2023,2022-12-02,2022-12-03 00:30:00,15,Bucks,Milwaukee,MIL,50,94,53.2,17,43,39.5,12,15,80.0,10,32,29,2,5,9,18,6,1,1
401468487,2023,2022-12-02,2022-12-03 01:00:00,20,76ers,Philadelphia,PHI,40,91,44.0,14,33,42.4,15,17,88.2,10,32,23,7,5,13,21,7,0,0
401468487,2023,2022-12-02,2022-12-03 01:00:00,29,Grizzlies,Memphis,MEM,42,97,43.3,11,30,36.7,22,28,78.6,19,38,22,8,11,12,18,18,0,0
401468488,2023,2022-12-02,2022-12-03 01:00:00,3,Pelicans,New Orleans,NO,40,92,43.5,12,42,28.6,25,26,96.2,10,43,25,9,5,9,18,23,0,0
401468488,2023,2022-12-02,2022-12-03 01:00:00,24,Spurs,San Antonio,SA,38,98,38.8,11,39,28.2,12,16,75.0,10,39,26,4,4,12,23,4,0,0
401468489,2023,2022-12-02,2022-12-03 02:00:00,10,Rockets,Houston,HOU,40,81,49.4,8,24,33.3,34,43,79.1,13,28,19,12,2,16,22,6,1,0
401468489,2023,2022-12-02,2022-12-03 02:00:00,21,Suns,Phoenix,PHX,45,85,52.9,17,37,45.9,14,19,73.7,9,28,30,9,5,17,28,16,1,1
401468490,2023,2022-12-02,2022-12-03 02:00:00,11,Pacers,Indiana,IND,40,92,43.5,12,34,35.3,27,33,81.8,9,26,25,12,5,18,35,2,1,0
401468490,2023,2022-12-02,2022-12-03 02:00:00,26,Jazz,Utah,UTAH,46,83,55.4,15,34,44.1,32,37,86.5,8,39,29,7,2,24,28,26,2,1
401468491,2023,2022-12-02,2022-12-03 03:00:00,4,Bulls,Chicago,CHI,43,93,46.2,9,27,33.3,16,24,66.7,6,38,28,7,1,12,28,2,0,0
401468491,2023,2022-12-02,2022-12-03 03:00:00,9,Warriors,Golden State,GS,42,87,48.3,20,50,40.0,15,23,65.2,7,43,32,2,5,19,19,19,1,1
401468480,2023,2022-12-01,2022-12-02 00:00:00,6,Mavericks,Dallas,DAL,46,86,53.5,19,46,41.3,14,29,48.3,4,26,25,8,7,13,24,7,0,0
401468480,2023,2022-12-01,2022-12-02 00:00:00,8,Pistons,Detroit,DET,51,94,54.3,15,35,42.9,14,24,58.3,13,39,29,9,0,13,26,12,0,1
401468467,2023,2022-11-30,2022-12-01 00:00:00,20,76ers,Philadelphia,PHI,32,77,41.6,6,26,23.1,15,18,83.3,7,23,19,7,1,16,11,7,0,1
401468467,2023,2022-11-30,2022-12-01 00:00:00,5,Cavaliers,Cleveland,CLE,45,74,60.8,15,29,51.7,8,10,80.0,6,34,28,10,3,18,13,33,1,3
401468468,2023,2022-11-30,2022-12-01 00:00:00,1,Hawks,Atlanta,ATL,51,94,54.3,8,32,25.0,15,19,78.9,14,35,25,8,3,12,17,25,0,2
401468468,2023,2022-11-30,2022-12-01 00:00:00,19,Magic,Orlando,ORL,39,79,49.4,8,27,29.6,22,25,88.0,6,27,26,5,3,18,21,2,0,0
401468469,2023,2022-11-30,2022-12-01 00:30:00,14,Heat,Miami,MIA,47,90,52.2,18,40,45.0,9,9,100.0,9,23,25,8,3,15,21,3,0,3
401468469,2023,2022-11-30,2022-12-01 00:30:00,2,Celtics,Boston,BOS,46,83,55.4,22,45,48.9,20,23,87.0,11,30,32,7,0,17,18,14,1,0
401468470,2023,2022-11-30,2022-12-01 00:30:00,27,Wizards,Washington,WSH,39,89,43.8,6,24,25.0,23,34,67.6,14,37,19,6,5,14,21,2,0,1
401468470,2023,2022-11-30,2022-12-01 00:30:00,17,Nets,Brooklyn,BKN,39,84,46.4,11,26,42.3,24,26,92.3,4,31,22,8,7,9,25,11,0,0
401468471,2023,2022-11-30,2022-12-01 00:30:00,15,Bucks,Milwaukee,MIL,39,90,43.3,10,35,28.6,21,26,80.8,14,38,23,3,6,5,15,7,1,1
401468471,2023,2022-11-30,2022-12-01 00:30:00,18,Knicks,New York,NY,42,100,42.0,6,30,20.0,13,20,65.0,19,36,18,2,3,7,20,7,1,0
401468472,2023,2022-11-30,2022-12-01 01:00:00,29,Grizzlies,Memphis,MEM,37,87,42.5,9,26,34.6,18,30,60.0,20,39,17,7,4,24,20,9,3,4
401468472,2023,2022-11-30,2022-12-01 01:00:00,16,Timberwolves,Minnesota,MIN,41,89,46.1,12,39,30.8,15,19,78.9,5,24,26,13,11,12,25,13,1,3
401468473,2023,2022-11-30,2022-12-01 01:00:00,28,Raptors,Toronto,TOR,42,88,47.7,11,38,28.9,13,19,68.4,3,27,29,12,7,16,21,6,0,3
401468473,2023,2022-11-30,2022-12-01 01:00:00,3,Pelicans,New Orleans,NO,45,86,52.3,14,33,42.4,22,26,84.6,12,40,28,10,4,20,16,31,0,0
401468474,2023,2022-11-30,2022-12-01 01:00:00,24,Spurs,San Antonio,SA,41,92,44.6,10,37,27.0,19,25,76.0,13,31,27,5,2,10,20,20,1,0
401468474,2023,2022-11-30,2022-12-01 01:00:00,25,Thunder,Oklahoma City,OKC,48,94,51.1,9,27,33.3,14,21,66.7,15,37,17,4,4,11,20,8,1,0
401468475,2023,2022-11-30,2022-12-01 02:00:00,10,Rockets,Houston,HOU,37,88,42.0,12,41,29.3,14,18,77.8,10,29,18,5,6,14,20,0,0,0
401468475,2023,2022-11-30,2022-12-01 02:00:00,7,Nuggets,Denver,DEN,44,83,53.0,17,32,53.1,15,20,75.0,8,34,30,6,8,11,21,33,1,1
401468476,2023,2022-11-30,2022-12-01 02:00:00,4,Bulls,Chicago,CHI,41,82,50.0,4,25,16.0,27,33,81.8,5,30,21,5,6,11,19,0,1,0
401468476,2023,2022-11-30,2022-12-01 02:00:00,21,Suns,Phoenix,PHX,49,93,52.7,15,33,45.5,19,21,90.5,10,36,22,3,5,13,28,27,1,1
401468477,2023,2022-11-30,2022-12-01 02:00:00,12,Clippers,LA,LAC,37,93,39.8,10,30,33.3,28,36,77.8,17,22,16,9,5,10,23,4,1,0
401468477,2023,2022-11-30,2022-12-01 02:00:00,26,Jazz,Utah,UTAH,45,81,55.6,14,32,43.8,21,28,75.0,13,33,24,4,7,18,24,17,0,0
401468478,2023,2022-11-30,2022-12-01 03:00:00,11,Pacers,Indiana,IND,40,100,40.0,12,37,32.4,22,30,73.3,12,35,28,8,5,15,21,4,0,2
401468478,2023,2022-11-30,2022-12-01 03:00:00,23,Kings,Sacramento,SAC,48,95,50.5,16,43,37.2,25,29,86.2,11,47,28,8,5,18,25,32,0,1
401468479,2023,2022-11-30,2022-12-01 03:30:00,22,Trail Blazers,Portland,POR,42,90,46.7,8,24,33.3,17,21,81.0,12,33,21,4,5,10,25,11,2,0
401468479,2023,2022-11-30,2022-12-01 03:30:00,13,Lakers,Los Angeles,LAL,48,97,49.5,14,37,37.8,18,26,69.2,13,35,28,5,6,7,18,19,1,0
401468464,2023,2022-11-29,2022-11-30 00:00:00,18,Knicks,New York,NY,54,96,56.3,16,35,45.7,16,21,76.2,17,34,31,9,1,14,19,32,0,0
401468464,2023,2022-11-29,2022-11-30 00:00:00,8,Pistons,Detroit,DET,42,83,50.6,13,39,33.3,13,20,65.0,7,23,28,7,4,16,17,1,0,1
401468465,2023,2022-11-29,2022-11-30 00:30:00,9,Warriors,Golden State,GS,42,88,47.7,11,43,25.6,18,23,78.3,10,40,27,6,3,18,23,4,0,0
401468465,2023,2022-11-29,2022-11-30 00:30:00,6,Mavericks,Dallas,DAL,42,91,46.2,15,44,34.1,17,27,63.0,8,31,21,7,4,13,21,17,1,0
401468466,2023,2022-11-29,2022-11-30 03:00:00,12,Clippers,LA,LAC,41,89,46.1,13,31,41.9,23,28,82.1,14,34,26,6,7,13,18,6,0,1
401468466,2023,2022-11-29,2022-11-30 03:00:00,22,Trail Blazers,Portland,POR,42,90,46.7,17,35,48.6,11,15,73.3,9,34,24,6,7,11,23,18,0,0
401468454,2023,2022-11-28,2022-11-29 00:00:00,1,Hawks,Atlanta,ATL,37,74,50.0,12,27,44.4,15,22,68.2,8,34,26,7,6,19,21,16,1,1
401468454,2023,2022-11-28,2022-11-29 00:00:00,20,76ers,Philadelphia,PHI,39,86,45.3,10,28,35.7,16,18,88.9,10,27,23,10,3,12,19,3,0,3
401468455,2023,2022-11-28,2022-11-29 00:00:00,16,Timberwolves,Minnesota,MIN,42,84,50.0,7,27,25.9,36,42,85.7,15,30,20,4,3,18,23,0,0,0
401468455,2023,2022-11-28,2022-11-29 00:00:00,27,Wizards,Washington,WSH,52,91,57.1,15,31,48.4,23,27,85.2,7,27,31,12,5,7,25,28,0,1
401468456,2023,2022-11-28,2022-11-29 00:30:00,30,Hornets,Charlotte,CHA,42,86,48.8,11,29,37.9,10,15,66.7,13,24,28,7,2,20,14,0,0,0
401468456,2023,2022-11-28,2022-11-29 00:30:00,2,Celtics,Boston,BOS,55,93,59.1,24,52,46.2,6,7,85.7,9,30,40,10,5,13,18,42,3,0
401468457,2023,2022-11-28,2022-11-29 00:30:00,19,Magic,Orlando,ORL,38,80,47.5,13,31,41.9,13,22,59.1,9,26,18,9,5,18,18,10,0,0
401468457,2023,2022-11-28,2022-11-29 00:30:00,17,Nets,Brooklyn,BKN,44,81,54.3,9,28,32.1,12,14,85.7,8,34,20,7,8,16,19,11,2,0
401468458,2023,2022-11-28,2022-11-29 00:30:00,5,Cavaliers,Cleveland,CLE,34,90,37.8,7,38,18.4,13,16,81.3,13,34,21,7,3,9,18,3,1,0
401468458,2023,2022-11-28,2022-11-29 00:30:00,28,Raptors,Toronto,TOR,37,84,44.0,12,28,42.9,14,17,82.4,7,38,23,4,5,10,17,20,2,1
401468459,2023,2022-11-28,2022-11-29 01:00:00,25,Thunder,Oklahoma City,OKC,34,92,37.0,12,38,31.6,21,23,91.3,18,29,16,11,4,19,22,8,0,1
401468459,2023,2022-11-28,2022-11-29 01:00:00,3,Pelicans,New Orleans,NO,39,87,44.8,9,32,28.1,18,20,90.0,14,35,21,12,8,22,18,13,0,1
401468460,2023,2022-11-28,2022-11-29 02:00:00,10,Rockets,Houston,HOU,39,85,45.9,16,44,36.4,19,25,76.0,12,25,25,4,2,17,20,5,0,2
401468460,2023,2022-11-28,2022-11-29 02:00:00,7,Nuggets,Denver,DEN,50,88,56.8,12,30,40.0,17,20,85.0,13,30,31,8,4,14,22,20,0,1
401468461,2023,2022-11-28,2022-11-29 02:00:00,4,Bulls,Chicago,CHI,43,93,46.2,6,22,27.3,22,25,88.0,13,37,21,6,3,7,17,12,1,0
401468461,2023,2022-11-28,2022-11-29 02:00:00,26,Jazz,Utah,UTAH,41,85,48.2,19,49,38.8,6,15,40.0,9,36,30,5,4,14,17,11,0,0
401468462,2023,2022-11-28,2022-11-29 03:00:00,21,Suns,Phoenix,PHX,50,94,53.2,10,32,31.3,12,14,85.7,11,34,26,9,7,17,20,10,0,1
401468462,2023,2022-11-28,2022-11-29 03:00:00,23,Kings,Sacramento,SAC,46,88,52.3,9,25,36.0,16,18,88.9,8,29,32,9,7,15,15,7,1,0
401468463,2023,2022-11-28,2022-11-29 03:30:00,11,Pacers,Indiana,IND,43,105,41.0,17,49,34.7,13,16,81.3,12,37,29,6,10,9,24,5,1,3
401468463,2023,2022-11-28,2022-11-29 03:30:00,13,Lakers,Los Angeles,LAL,40,93,43.0,11,31,35.5,24,31,77.4,18,39,23,3,7,14,16,17,0,1
401468445,2023,2022-11-27,2022-11-27 20:00:00,22,Trail Blazers,Portland,POR,35,79,44.3,12,33,36.4,15,22,68.2,11,31,27,4,2,13,16,6,0,0
401468445,2023,2022-11-27,2022-11-27 20:00:00,17,Nets,Brooklyn,BKN,41,78,52.6,15,35,42.9,14,18,77.8,4,34,27,6,2,7,24,15,1,0
401468446,2023,2022-11-27,2022-11-27 20:30:00,9,Warriors,Golden State,GS,50,87,57.5,20,47,42.6,17,20,85.0,8,39,36,7,6,16,26,28,0,2
401468446,2023,2022-11-27,2022-11-27 20:30:00,16,Timberwolves,Minnesota,MIN,39,88,44.3,14,35,40.0,22,29,75.9,6,25,22,7,2,14,19,1,0,0
401468447,2023,2022-11-27,2022-11-27 21:00:00,11,Pacers,Indiana,IND,36,94,38.3,9,42,21.4,19,23,82.6,9,30,23,14,4,11,28,8,2,0
401468447,2023,2022-11-27,2022-11-27 21:00:00,12,Clippers,LA,LAC,42,94,44.7,6,32,18.8,24,32,75.0,18,44,33,7,4,18,18,20,0,0
401468448,2023,2022-11-27,2022-11-27 22:00:00,14,Heat,Miami,MIA,40,82,48.8,9,33,27.3,17,19,89.5,6,40,28,8,5,12,16,14,2,2
401468448,2023,2022-11-27,2022-11-27 22:00:00,1,Hawks,Atlanta,ATL,35,88,39.8,10,36,27.8,18,19,94.7,8,34,24,6,3,9,12,11,3,0
401468449,2023,2022-11-27,2022-11-27 23:00:00,27,Wizards,Washington,WSH,44,82,53.7,7,28,25.0,26,33,78.8,6,23,23,8,1,4,21,2,0,0
401468449,2023,2022-11-27,2022-11-27 23:00:00,2,Celtics,Boston,BOS,44,80,55.0,16,34,47.1,26,26,100.0,10,28,25,2,5,14,23,26,0,1
401468450,2023,2022-11-27,2022-11-27 23:00:00,5,Cavaliers,Cleveland,CLE,33,77,42.9,8,28,28.6,28,33,84.8,10,31,14,3,4,14,20,9,0,1
401468450,2023,2022-11-27,2022-11-27 23:00:00,8,Pistons,Detroit,DET,36,79,45.6,8,28,28.6,14,26,53.8,7,29,14,9,6,13,26,12,3,0
401468451,2023,2022-11-27,2022-11-27 23:00:00,29,Grizzlies,Memphis,MEM,46,95,48.4,12,32,37.5,23,31,74.2,16,34,32,4,2,10,23,12,1,0
401468451,2023,2022-11-27,2022-11-27 23:00:00,18,Knicks,New York,NY,44,87,50.6,10,30,33.3,25,30,83.3,12,30,30,3,7,8,27,2,0,1
401468452,2023,2022-11-27,2022-11-27 23:00:00,20,76ers,Philadelphia,PHI,50,77,64.9,11,27,40.7,22,27,81.5,6,37,32,10,8,14,19,33,2,1
401468452,2023,2022-11-27,2022-11-27 23:00:00,19,Magic,Orlando,ORL,36,79,45.6,12,40,30.0,19,25,76.0,7,19,21,9,4,15,20,7,1,1
401468453,2023,2022-11-27,2022-11-28 01:00:00,6,Mavericks,Dallas,DAL,41,80,51.2,17,41,41.5,16,25,64.0,6,26,23,6,2,13,17,0,0,0
401468453,2023,2022-11-27,2022-11-28 01:00:00,15,Bucks,Milwaukee,MIL,48,86,55.8,17,37,45.9,11,15,73.3,8,32,28,8,5,13,24,19,1,1
401468441,2023,2022-11-26,2022-11-26 22:00:00,6,Mavericks,Dallas,DAL,35,73,47.9,11,39,28.2,19,24,79.2,4,30,28,7,5,16,26,15,0,0
401468441,2023,2022-11-26,2022-11-26 22:00:00,28,Raptors,Toronto,TOR,38,88,43.2,8,26,30.8,21,26,80.8,17,31,20,10,2,13,21,11,0,0
401468442,2023,2022-11-26,2022-11-27 01:00:00,25,Thunder,Oklahoma City,OKC,38,97,39.2,10,44,22.7,19,23,82.6,16,25,19,12,3,15,15,2,0,1
401468442,2023,2022-11-26,2022-11-27 01:00:00,10,Rockets,Houston,HOU,45,86,52.3,18,36,50.0,10,14,71.4,11,42,25,9,3,24,19,27,1,0
401468443,2023,2022-11-26,2022-11-27 01:00:00,13,Lakers,Los Angeles,LAL,47,81,58.0,17,33,51.5,32,37,86.5,3,36,25,4,7,17,20,16,0,1
401468443,2023,2022-11-26,2022-11-27 01:00:00,24,Spurs,San Antonio,SA,53,105,50.5,18,37,48.6,14,20,70.0,17,30,33,8,5,10,32,11,0,2
401468444,2023,2022-11-26,2022-11-27 02:00:00,26,Jazz,Utah,UTAH,40,79,50.6,13,32,40.6,19,25,76.0,8,32,20,5,2,12,19,10,0,0
401468444,2023,2022-11-26,2022-11-27 02:00:00,21,Suns,Phoenix,PHX,42,92,45.7,6,22,27.3,23,30,76.7,18,30,23,8,6,6,20,6,0,0
401468427,2023,2022-11-25,2022-11-25 22:00:00,16,Timberwolves,Minnesota,MIN,41,96,42.7,9,41,22.0,17,18,94.4,11,34,24,7,9,16,27,13,0,1
401468427,2023,2022-11-25,2022-11-25 22:00:00,30,Hornets,Charlotte,CHA,40,89,44.9,8,25,32.0,22,32,68.8,15,40,24,6,4,17,18,14,1,1
401468428,2023,2022-11-25,2022-11-26 00:00:00,20,76ers,Philadelphia,PHI,39,82,47.6,14,36,38.9,15,18,83.3,13,34,25,7,1,15,19,10,1,0
401468428,2023,2022-11-25,2022-11-26 00:00:00,19,Magic,Orlando,ORL,34,80,42.5,9,35,25.7,22,27,81.5,9,26,20,7,6,14,15,7,0,0
401468429,2023,2022-11-25,2022-11-26 00:30:00,22,Trail Blazers,Portland,POR,42,85,49.4,10,32,31.3,38,51,74.5,13,35,24,3,3,12,24,8,1,0
401468429,2023,2022-11-25,2022-11-26 00:30:00,18,Knicks,New York,NY,46,105,43.8,13,41,31.7,24,28,85.7,12,32,27,7,5,10,35,14,0,0
401468430,2023,2022-11-25,2022-11-26 01:00:00,23,Kings,Sacramento,SAC,36,87,41.4,9,36,25.0,23,26,88.5,11,34,20,3,4,18,22,6,0,2
401468430,2023,2022-11-25,2022-11-26 01:00:00,2,Celtics,Boston,BOS,41,83,49.4,16,37,43.2,24,27,88.9,4,34,27,9,6,10,24,27,0,2
401468431,2023,2022-11-25,2022-11-26 01:00:00,17,Nets,Brooklyn,BKN,47,88,53.4,15,41,36.6,8,10,80.0,5,33,27,2,8,18,28,12,1,2
401468431,2023,2022-11-25,2022-11-26 01:00:00,11,Pacers,Indiana,IND,43,86,50.0,12,34,35.3,30,38,78.9,5,36,28,13,4,9,11,13,1,3
401468432,2023,2022-11-25,2022-11-26 01:00:00,27,Wizards,Washington,WSH,40,93,43.0,11,39,28.2,16,20,80.0,13,32,27,7,9,12,18,12,0,1
401468432,2023,2022-11-25,2022-11-26 01:00:00,14,Heat,Miami,MIA,42,89,47.2,7,26,26.9,19,23,82.6,10,37,24,5,5,10,19,7,3,0
401468433,2023,2022-11-25,2022-11-26 01:00:00,1,Hawks,Atlanta,ATL,39,82,47.6,15,39,38.5,29,36,80.6,6,22,14,9,6,13,26,16,1,2
401468433,2023,2022-11-25,2022-11-26 01:00:00,10,Rockets,Houston,HOU,41,87,47.1,12,35,34.3,34,41,82.9,22,37,25,9,4,21,29,10,1,4
401468434,2023,2022-11-25,2022-11-26 01:00:00,3,Pelicans,New Orleans,NO,37,86,43.0,10,31,32.3,27,31,87.1,11,30,26,9,4,13,22,0,0,1
401468434,2023,2022-11-25,2022-11-26 01:00:00,29,Grizzlies,Memphis,MEM,47,91,51.6,18,38,47.4,20,27,74.1,13,33,26,4,4,14,20,36,0,2
401468435,2023,2022-11-25,2022-11-26 01:00:00,5,Cavaliers,Cleveland,CLE,34,87,39.1,12,33,36.4,22,26,84.6,10,31,12,9,2,9,17,16,0,1
401468435,2023,2022-11-25,2022-11-26 01:00:00,15,Bucks,Milwaukee,MIL,42,83,50.6,15,32,46.9,18,25,72.0,8,35,27,4,9,13,22,22,0,0
401468436,2023,2022-11-25,2022-11-26 01:00:00,4,Bulls,Chicago,CHI,44,101,43.6,12,33,36.4,19,23,82.6,14,33,25,5,4,15,24,12,0,0
401468436,2023,2022-11-25,2022-11-26 01:00:00,25,Thunder,Oklahoma City,OKC,44,95,46.3,7,29,24.1,28,32,87.5,10,40,24,7,5,13,21,10,0,1
401468437,2023,2022-11-25,2022-11-26 01:00:00,13,Lakers,Los Angeles,LAL,40,83,48.2,8,27,29.6,17,20,85.0,10,39,28,12,5,21,16,20,1,0
401468437,2023,2022-11-25,2022-11-26 01:00:00,24,Spurs,San Antonio,SA,38,100,38.0,6,33,18.2,12,16,75.0,20,30,21,11,3,16,18,0,0,0
401468438,2023,2022-11-25,2022-11-26 02:00:00,8,Pistons,Detroit,DET,39,92,42.4,9,26,34.6,15,16,93.8,19,30,21,6,3,18,22,6,1,0
401468438,2023,2022-11-25,2022-11-26 02:00:00,21,Suns,Phoenix,PHX,42,87,48.3,7,29,24.1,17,26,65.4,11,32,25,7,7,13,18,9,0,0
401468439,2023,2022-11-25,2022-11-26 03:00:00,26,Jazz,Utah,UTAH,46,97,47.4,11,45,24.4,15,17,88.2,15,27,28,12,6,13,15,1,0,2
401468439,2023,2022-11-25,2022-11-26 03:00:00,9,Warriors,Golden State,GS,52,101,51.5,20,45,44.4,5,6,83.3,16,33,33,8,3,19,15,19,2,0
401468440,2023,2022-11-25,2022-11-26 03:30:00,7,Nuggets,Denver,DEN,44,89,49.4,10,30,33.3,16,23,69.6,10,27,27,9,5,6,24,21,0,0
401468440,2023,2022-11-25,2022-11-26 03:30:00,12,Clippers,LA,LAC,37,68,54.4,11,22,50.0,19,34,55.9,4,29,22,1,5,14,20,2,0,0
401468415,2023,2022-11-23,2022-11-24 00:00:00,20,76ers,Philadelphia,PHI,38,86,44.2,9,38,23.7,16,18,88.9,8,37,20,9,3,19,23,13,0,2
401468415,2023,2022-11-23,2022-11-24 00:00:00,30,Hornets,Charlotte,CHA,44,92,47.8,6,23,26.1,13,21,61.9,11,33,25,8,1,15,15,9,1,1
401468416,2023,2022-11-23,2022-11-24 00:00:00,22,Trail Blazers,Portland,POR,35,78,44.9,13,31,41.9,13,13,100.0,11,21,28,9,4,16,24,5,1,0
401468416,2023,2022-11-23,2022-11-24 00:00:00,5,Cavaliers,Cleveland,CLE,41,74,55.4,12,27,44.4,20,23,87.0,11,28,22,4,4,16,14,20,1,0
401468417,2023,2022-11-23,2022-11-24 00:00:00,16,Timberwolves,Minnesota,MIN,47,77,61.0,8,22,36.4,13,17,76.5,8,42,31,9,10,23,18,17,0,0
401468417,2023,2022-11-23,2022-11-24 00:00:00,11,Pacers,Indiana,IND,37,96,38.5,16,44,36.4,11,16,68.8,13,17,25,16,5,13,16,1,0,0
401468418,2023,2022-11-23,2022-11-24 00:30:00,23,Kings,Sacramento,SAC,41,89,46.1,9,31,29.0,15,21,71.4,10,38,27,6,2,18,23,2,1,1
401468418,2023,2022-11-23,2022-11-24 00:30:00,1,Hawks,Atlanta,ATL,41,92,44.6,11,30,36.7,22,23,95.7,10,37,23,9,6,13,20,19,0,0
401468419,2023,2022-11-23,2022-11-24 00:30:00,6,Mavericks,Dallas,DAL,44,82,53.7,11,31,35.5,13,21,61.9,5,30,20,4,3,14,23,2,0,0
401468419,2023,2022-11-23,2022-11-24 00:30:00,2,Celtics,Boston,BOS,45,84,53.6,17,34,50.0,18,21,85.7,6,32,29,4,4,11,22,27,1,0
401468420,2023,2022-11-23,2022-11-24 00:30:00,27,Wizards,Washington,WSH,42,89,47.2,10,38,26.3,11,19,57.9,7,36,27,7,5,14,20,9,0,0
401468420,2023,2022-11-23,2022-11-24 00:30:00,14,Heat,Miami,MIA,39,93,41.9,16,41,39.0,19,22,86.4,14,39,20,7,5,12,18,21,1,0
401468421,2023,2022-11-23,2022-11-24 00:30:00,17,Nets,Brooklyn,BKN,45,82,54.9,17,38,44.7,5,7,71.4,7,32,32,10,11,19,24,21,2,0
401468421,2023,2022-11-23,2022-11-24 00:30:00,28,Raptors,Toronto,TOR,36,101,35.6,7,29,24.1,19,25,76.0,23,29,16,12,2,13,13,2,1,0
401468422,2023,2022-11-23,2022-11-24 01:00:00,4,Bulls,Chicago,CHI,43,87,49.4,18,42,42.9,14,18,77.8,5,30,30,9,12,13,20,10,0,1
401468422,2023,2022-11-23,2022-11-24 01:00:00,15,Bucks,Milwaukee,MIL,41,90,45.6,12,38,31.6,19,25,76.0,11,37,24,5,3,19,17,12,1,0
401468423,2023,2022-11-23,2022-11-24 01:00:00,7,Nuggets,Denver,DEN,42,88,47.7,14,38,36.8,33,41,80.5,17,38,31,4,8,17,24,19,2,0
401468423,2023,2022-11-23,2022-11-24 01:00:00,25,Thunder,Oklahoma City,OKC,42,97,43.3,18,40,45.0,24,28,85.7,12,27,26,6,7,9,27,15,1,2
401468424,2023,2022-11-23,2022-11-24 01:00:00,3,Pelicans,New Orleans,NO,47,82,57.3,14,33,42.4,21,30,70.0,8,34,33,8,5,21,22,27,0,1
401468424,2023,2022-11-23,2022-11-24 01:00:00,24,Spurs,San Antonio,SA,41,85,48.2,10,34,29.4,18,28,64.3,8,29,31,11,1,18,23,0,2,1
401468425,2023,2022-11-23,2022-11-24 02:00:00,8,Pistons,Detroit,DET,44,89,49.4,12,24,50.0,25,27,92.6,8,30,24,9,2,7,20,14,0,0
401468425,2023,2022-11-23,2022-11-24 02:00:00,26,Jazz,Utah,UTAH,41,83,49.4,18,41,43.9,16,19,84.2,7,31,31,4,7,15,21,2,1,0
401468426,2023,2022-11-23,2022-11-24 03:00:00,12,Clippers,LA,LAC,39,87,44.8,11,28,39.3,18,27,66.7,10,33,22,5,2,16,13,3,1,0
401468426,2023,2022-11-23,2022-11-24 03:00:00,9,Warriors,Golden State,GS,48,97,49.5,19,51,37.3,9,13,69.2,12,33,36,11,6,13,25,29,0,0
401468411,2023,2022-11-22,2022-11-23 00:30:00,17,Nets,Brooklyn,BKN,44,80,55.0,9,28,32.1,9,13,69.2,4,31,31,5,13,15,15,8,0,0
401468411,2023,2022-11-22,2022-11-23 00:30:00,20,76ers,Philadelphia,PHI,43,99,43.4,16,32,50.0,13,16,81.3,20,29,19,9,4,9,12,16,1,0
401468412,2023,2022-11-22,2022-11-23 01:00:00,23,Kings,Sacramento,SAC,39,90,43.3,15,45,33.3,20,27,74.1,9,36,27,11,2,18,25,14,2,0
401468412,2023,2022-11-22,2022-11-23 01:00:00,29,Grizzlies,Memphis,MEM,41,91,45.1,8,30,26.7,19,30,63.3,13,36,26,12,10,18,23,8,0,2
401468413,2023,2022-11-22,2022-11-23 02:00:00,8,Pistons,Detroit,DET,45,88,51.1,8,28,28.6,12,14,85.7,12,28,27,7,5,16,24,13,0,1
401468413,2023,2022-11-22,2022-11-23 02:00:00,7,Nuggets,Denver,DEN,43,86,50.0,5,19,26.3,17,26,65.4,15,27,28,7,8,17,21,5,1,0
401468414,2023,2022-11-22,2022-11-23 03:00:00,13,Lakers,Los Angeles,LAL,36,85,42.4,4,22,18.2,29,35,82.9,7,38,19,8,7,17,12,4,0,1
401468414,2023,2022-11-22,2022-11-23 03:00:00,21,Suns,Phoenix,PHX,48,102,47.1,16,34,47.1,3,5,60.0,8,41,23,8,7,15,22,14,0,2
401468403,2023,2022-11-21,2022-11-22 00:00:00,1,Hawks,Atlanta,ATL,38,87,43.7,11,34,32.4,15,17,88.2,10,25,24,11,3,16,21,5,1,0
401468403,2023,2022-11-21,2022-11-22 00:00:00,5,Cavaliers,Cleveland,CLE,42,70,60.0,10,19,52.6,20,23,87.0,3,34,24,8,3,19,17,15,1,0
401468404,2023,2022-11-21,2022-11-22 00:00:00,19,Magic,Orlando,ORL,36,85,42.4,11,35,31.4,19,25,76.0,12,26,20,10,2,17,25,4,0,0
401468404,2023,2022-11-21,2022-11-22 00:00:00,11,Pacers,Indiana,IND,43,86,50.0,13,46,28.3,24,27,88.9,12,36,32,9,5,21,23,25,0,0
401468405,2023,2022-11-21,2022-11-22 01:00:00,2,Celtics,Boston,BOS,38,87,43.7,19,50,38.0,12,17,70.6,5,33,28,3,4,15,18,3,0,0
401468405,2023,2022-11-21,2022-11-22 01:00:00,4,Bulls,Chicago,CHI,46,89,51.7,14,29,48.3,15,20,75.0,8,43,26,10,1,11,19,21,4,0
401468406,2023,2022-11-21,2022-11-22 01:00:00,22,Trail Blazers,Portland,POR,44,93,47.3,8,29,27.6,15,19,78.9,12,28,19,5,3,15,17,5,1,0
401468406,2023,2022-11-21,2022-11-22 01:00:00,15,Bucks,Milwaukee,MIL,47,86,54.7,9,28,32.1,16,25,64.0,10,32,31,12,8,14,17,17,0,0
401468407,2023,2022-11-21,2022-11-22 01:00:00,14,Heat,Miami,MIA,35,90,38.9,11,38,28.9,20,30,66.7,12,34,26,9,5,15,20,15,0,2
401468407,2023,2022-11-21,2022-11-22 01:00:00,16,Timberwolves,Minnesota,MIN,37,85,43.5,14,47,29.8,17,20,85.0,6,34,30,9,6,18,25,9,0,2
401468408,2023,2022-11-21,2022-11-22 01:00:00,9,Warriors,Golden State,GS,28,74,37.8,10,43,23.3,17,19,89.5,4,30,17,9,5,26,20,3,1,1
401468408,2023,2022-11-21,2022-11-22 01:00:00,3,Pelicans,New Orleans,NO,49,91,53.8,15,42,35.7,15,21,71.4,11,39,30,15,5,14,16,45,0,1
401468409,2023,2022-11-21,2022-11-22 01:00:00,18,Knicks,New York,NY,51,97,52.6,11,34,32.4,16,20,80.0,14,34,21,10,2,13,28,17,2,0
401468409,2023,2022-11-21,2022-11-22 01:00:00,25,Thunder,Oklahoma City,OKC,43,88,48.9,8,24,33.3,25,32,78.1,11,27,25,5,5,14,18,2,0,3
401468410,2023,2022-11-21,2022-11-22 03:30:00,26,Jazz,Utah,UTAH,40,89,44.9,12,38,31.6,22,24,91.7,16,29,22,8,5,17,18,7,0,0
401468410,2023,2022-11-21,2022-11-22 03:30:00,12,Clippers,LA,LAC,47,91,51.6,9,24,37.5,18,19,94.7,12,29,26,6,6,16,20,17,0,0
401468395,2023,2022-11-20,2022-11-20 20:30:00,18,Knicks,New York,NY,34,85,40.0,7,25,28.0,20,25,80.0,10,29,20,4,7,10,15,2,1,0
401468395,2023,2022-11-20,2022-11-20 20:30:00,21,Suns,Phoenix,PHX,43,101,42.6,17,39,43.6,13,18,72.2,22,38,35,3,8,13,22,26,0,0
401468396,2023,2022-11-20,2022-11-20 23:00:00,30,Hornets,Charlotte,CHA,39,100,39.0,8,32,25.0,16,23,69.6,15,36,19,5,5,13,18,5,0,0
401468396,2023,2022-11-20,2022-11-20 23:00:00,27,Wizards,Washington,WSH,40,93,43.0,13,34,38.2,13,18,72.2,14,35,19,6,13,17,19,10,0,1
401468397,2023,2022-11-20,2022-11-20 23:00:00,8,Pistons,Detroit,DET,47,89,52.8,15,29,51.7,20,23,87.0,10,25,20,4,3,12,24,7,0,0
401468397,2023,2022-11-20,2022-11-20 23:00:00,23,Kings,Sacramento,SAC,47,85,55.3,12,35,34.3,31,35,88.6,8,33,29,4,0,11,18,8,0,2
401468398,2023,2022-11-20,2022-11-21 00:00:00,29,Grizzlies,Memphis,MEM,43,99,43.4,12,37,32.4,17,31,54.8,13,31,28,13,0,10,12,5,0,0
401468398,2023,2022-11-20,2022-11-21 00:00:00,17,Nets,Brooklyn,BKN,50,83,60.2,16,34,47.1,11,15,73.3,5,40,33,5,5,18,25,19,1,1
401468399,2023,2022-11-20,2022-11-21 00:00:00,14,Heat,Miami,MIA,31,80,38.8,6,31,19.4,19,22,86.4,11,19,17,6,3,16,16,9,0,0
401468399,2023,2022-11-20,2022-11-21 00:00:00,5,Cavaliers,Cleveland,CLE,44,83,53.0,13,37,35.1,12,16,75.0,13,36,31,7,1,19,23,32,1,1
401468400,2023,2022-11-20,2022-11-21 00:00:00,9,Warriors,Golden State,GS,46,86,53.5,24,47,51.1,11,15,73.3,8,32,38,8,5,17,22,18,0,1
401468400,2023,2022-11-20,2022-11-21 00:00:00,10,Rockets,Houston,HOU,41,90,45.6,15,45,33.3,23,27,85.2,12,33,24,13,1,12,12,9,2,2
401468401,2023,2022-11-20,2022-11-21 00:30:00,7,Nuggets,Denver,DEN,37,78,47.4,9,27,33.3,15,19,78.9,4,40,22,10,5,15,20,10,1,0
401468401,2023,2022-11-20,2022-11-21 00:30:00,6,Mavericks,Dallas,DAL,35,78,44.9,15,42,35.7,12,21,57.1,6,30,24,5,3,12,18,4,1,0
401468402,2023,2022-11-20,2022-11-21 02:30:00,24,Spurs,San Antonio,SA,41,105,39.0,7,34,20.6,3,10,30.0,13,31,26,7,2,10,17,2,0,1
401468402,2023,2022-11-20,2022-11-21 02:30:00,13,Lakers,Los Angeles,LAL,45,85,52.9,12,34,35.3,21,24,87.5,5,49,29,5,2,15,10,34,0,0
401468390,2023,2022-11-19,2022-11-19 23:00:00,28,Raptors,Toronto,TOR,48,108,44.4,8,37,21.6,18,22,81.8,17,34,27,11,6,13,25,9,1,2
401468390,2023,2022-11-19,2022-11-19 23:00:00,1,Hawks,Atlanta,ATL,46,92,50.0,7,25,28.0,25,32,78.1,11,39,23,5,5,14,20,7,1,1
401468391,2023,2022-11-19,2022-11-20 00:00:00,19,Magic,Orlando,ORL,39,91,42.9,16,42,38.1,19,26,73.1,11,30,16,8,6,9,17,11,2,0
401468391,2023,2022-11-19,2022-11-20 00:00:00,11,Pacers,Indiana,IND,41,90,45.6,18,46,39.1,14,19,73.7,12,30,27,5,6,15,18,10,0,0
401468392,2023,2022-11-19,2022-11-20 00:30:00,16,Timberwolves,Minnesota,MIN,40,85,47.1,12,36,33.3,20,24,83.3,8,35,28,9,2,17,25,20,3,0
401468392,2023,2022-11-19,2022-11-20 00:30:00,20,76ers,Philadelphia,PHI,34,71,47.9,14,32,43.8,27,32,84.4,4,35,21,10,1,22,24,6,0,0
401468393,2023,2022-11-19,2022-11-20 03:00:00,26,Jazz,Utah,UTAH,42,91,46.2,14,39,35.9,20,23,87.0,11,31,23,6,4,13,20,19,0,0
401468393,2023,2022-11-19,2022-11-20 03:00:00,22,Trail Blazers,Portland,POR,39,83,47.0,13,42,31.0,22,27,81.5,10,33,27,11,8,17,22,12,1,1
401468394,2023,2022-11-19,2022-11-20 03:30:00,24,Spurs,San Antonio,SA,36,87,41.4,7,26,26.9,18,21,85.7,15,28,22,4,2,15,13,0,0,0
401468394,2023,2022-11-19,2022-11-20 03:30:00,12,Clippers,LA,LAC,44,81,54.3,21,40,52.5,10,19,52.6,7,28,32,9,1,12,20,30,1,1
401468379,2023,2022-11-18,2022-11-19 00:00:00,14,Heat,Miami,MIA,35,98,35.7,11,43,25.6,25,32,78.1,10,43,23,6,4,9,15,15,1,0
401468379,2023,2022-11-18,2022-11-19 00:00:00,27,Wizards,Washington,WSH,41,96,42.7,15,46,32.6,10,14,71.4,8,46,33,6,4,15,25,6,1,0
401468380,2023,2022-11-18,2022-11-19 00:30:00,30,Hornets,Charlotte,CHA,44,110,40.0,14,44,31.8,20,24,83.3,17,36,24,11,6,14,33,3,2,1
401468380,2023,2022-11-18,2022-11-19 00:30:00,5,Cavaliers,Cleveland,CLE,49,92,53.3,8,28,28.6,26,32,81.3,7,43,25,8,8,19,25,16,1,2
401468381,2023,2022-11-18,2022-11-19 00:30:00,15,Bucks,Milwaukee,MIL,41,90,45.6,12,36,33.3,8,21,38.1,8,34,22,8,7,12,18,13,1,2
401468381,2023,2022-11-18,2022-11-19 00:30:00,20,76ers,Philadelphia,PHI,40,78,51.3,13,28,46.4,17,26,65.4,6,35,28,5,5,18,18,9,0,0
401468382,2023,2022-11-18,2022-11-19 01:00:00,19,Magic,Orlando,ORL,38,77,49.4,12,28,42.9,20,22,90.9,6,35,25,4,7,16,25,19,0,1
401468382,2023,2022-11-18,2022-11-19 01:00:00,4,Bulls,Chicago,CHI,41,89,46.1,5,21,23.8,20,25,80.0,13,33,27,6,6,11,19,4,0,0
401468383,2023,2022-11-18,2022-11-19 01:00:00,11,Pacers,Indiana,IND,33,82,40.2,12,41,29.3,21,27,77.8,12,33,25,8,10,15,26,10,0,3
401468383,2023,2022-11-18,2022-11-19 01:00:00,10,Rockets,Houston,HOU,29,86,33.7,6,28,21.4,27,32,84.4,14,35,15,8,4,17,24,20,0,2
401468384,2023,2022-11-18,2022-11-19 01:00:00,25,Thunder,Oklahoma City,OKC,45,96,46.9,11,34,32.4,9,11,81.8,8,35,34,5,9,10,28,0,1,0
401468384,2023,2022-11-18,2022-11-19 01:00:00,29,Grizzlies,Memphis,MEM,39,93,41.9,14,39,35.9,29,40,72.5,17,40,26,4,7,11,13,14,0,1
401468385,2023,2022-11-18,2022-11-19 01:30:00,7,Nuggets,Denver,DEN,38,90,42.2,10,30,33.3,13,18,72.2,13,23,24,4,1,11,20,5,2,1
401468385,2023,2022-11-18,2022-11-19 01:30:00,6,Mavericks,Dallas,DAL,46,77,59.7,13,32,40.6,22,28,78.6,6,38,29,5,3,10,19,31,0,1
401468386,2023,2022-11-18,2022-11-19 01:30:00,2,Celtics,Boston,BOS,41,85,48.2,20,46,43.5,15,17,88.2,11,35,28,6,3,17,13,19,0,0
401468386,2023,2022-11-18,2022-11-19 01:30:00,3,Pelicans,New Orleans,NO,43,87,49.4,13,35,37.1,10,13,76.9,7,30,24,13,3,11,18,2,2,0
401468387,2023,2022-11-18,2022-11-19 02:00:00,21,Suns,Phoenix,PHX,49,94,52.1,9,30,30.0,26,28,92.9,12,30,29,7,6,14,25,1,0,0
401468387,2023,2022-11-18,2022-11-19 02:00:00,26,Jazz,Utah,UTAH,51,91,56.0,16,31,51.6,16,24,66.7,11,25,32,6,3,16,28,19,1,0
401468388,2023,2022-11-18,2022-11-19 03:00:00,18,Knicks,New York,NY,30,87,34.5,9,34,26.5,32,34,94.1,13,32,16,8,7,16,16,2,0,1
401468388,2023,2022-11-18,2022-11-19 03:00:00,9,Warriors,Golden State,GS,41,91,45.1,18,50,36.0,11,20,55.0,12,39,32,8,3,16,26,22,2,0
401468389,2023,2022-11-18,2022-11-19 03:30:00,8,Pistons,Detroit,DET,43,92,46.7,11,34,32.4,24,32,75.0,10,27,27,9,4,11,30,14,0,0
401468389,2023,2022-11-18,2022-11-19 03:30:00,13,Lakers,Los Angeles,LAL,43,78,55.1,7,20,35.0,35,40,87.5,7,37,29,2,7,16,24,14,0,3
401468376,2023,2022-11-17,2022-11-18 03:00:00,17,Nets,Brooklyn,BKN,40,79,50.6,11,29,37.9,18,23,78.3,5,42,32,4,5,17,24,9,0,1
401468376,2023,2022-11-17,2022-11-18 03:00:00,22,Trail Blazers,Portland,POR,36,93,38.7,13,36,36.1,22,27,81.5,8,31,22,9,5,9,22,11,1,0
401468377,2023,2022-11-17,2022-11-18 03:00:00,24,Spurs,San Antonio,SA,46,84,54.8,11,26,42.3,9,12,75.0,7,25,29,8,6,18,22,0,1,0
401468377,2023,2022-11-17,2022-11-18 03:00:00,23,Kings,Sacramento,SAC,48,83,57.8,12,30,40.0,22,24,91.7,6,31,28,7,1,12,15,18,0,1
401468378,2023,2022-11-17,2022-11-18 03:30:00,8,Pistons,Detroit,DET,33,88,37.5,6,31,19.4,19,24,79.2,10,33,15,9,7,12,26,12,1,1
401468378,2023,2022-11-17,2022-11-18 03:30:00,12,Clippers,LA,LAC,33,81,40.7,11,30,36.7,19,24,79.2,10,41,17,1,1,18,21,8,0,3
401468366,2023,2022-11-16,2022-11-17 00:00:00,11,Pacers,Indiana,IND,44,82,53.7,11,28,39.3,26,31,83.9,7,27,27,11,9,12,18,13,2,0
401468366,2023,2022-11-16,2022-11-17 00:00:00,30,Hornets,Charlotte,CHA,43,94,45.7,12,33,36.4,15,18,83.3,14,30,29,8,4,17,23,13,1,0
401468367,2023,2022-11-16,2022-11-17 00:00:00,16,Timberwolves,Minnesota,MIN,46,88,52.3,12,36,33.3,22,28,78.6,8,32,28,15,6,10,15,27,1,2
401468367,2023,2022-11-16,2022-11-17 00:00:00,19,Magic,Orlando,ORL,42,93,45.2,9,35,25.7,15,17,88.2,12,35,21,6,5,16,26,0,0,0
401468368,2023,2022-11-16,2022-11-17 00:00:00,25,Thunder,Oklahoma City,OKC,44,81,54.3,16,31,51.6,17,26,65.4,9,28,24,4,7,15,22,3,0,0
401468368,2023,2022-11-16,2022-11-17 00:00:00,27,Wizards,Washington,WSH,44,86,51.2,17,34,50.0,15,17,88.2,11,30,32,8,5,19,20,17,0,0
401468369,2023,2022-11-16,2022-11-17 00:30:00,2,Celtics,Boston,BOS,48,88,54.5,21,46,45.7,9,10,90.0,6,43,29,4,8,14,20,31,1,0
401468369,2023,2022-11-16,2022-11-17 00:30:00,1,Hawks,Atlanta,ATL,42,101,41.6,7,32,21.9,10,13,76.9,14,31,21,5,5,9,11,2,0,0
401468370,2023,2022-11-16,2022-11-17 00:30:00,14,Heat,Miami,MIA,36,66,54.5,13,35,37.1,19,22,86.4,4,19,19,5,4,23,20,11,0,1
401468370,2023,2022-11-16,2022-11-17 00:30:00,28,Raptors,Toronto,TOR,44,86,51.2,7,26,26.9,17,22,77.3,16,26,23,5,3,14,23,10,0,1
401468371,2023,2022-11-16,2022-11-17 01:00:00,5,Cavaliers,Cleveland,CLE,36,84,42.9,12,28,42.9,14,17,82.4,6,28,22,7,7,8,18,10,0,0
401468371,2023,2022-11-16,2022-11-17 01:00:00,15,Bucks,Milwaukee,MIL,41,86,47.7,16,39,41.0,15,27,55.6,13,39,26,5,6,14,16,20,0,0
401468372,2023,2022-11-16,2022-11-17 01:00:00,4,Bulls,Chicago,CHI,44,89,49.4,11,32,34.4,11,17,64.7,7,30,25,2,1,12,18,5,0,0
401468372,2023,2022-11-16,2022-11-17 01:00:00,3,Pelicans,New Orleans,NO,43,85,50.6,17,33,51.5,21,24,87.5,12,34,30,4,6,13,18,26,2,0
401468373,2023,2022-11-16,2022-11-17 01:30:00,10,Rockets,Houston,HOU,35,75,46.7,10,22,45.5,21,24,87.5,9,47,21,1,19,20,19,9,3,0
401468373,2023,2022-11-16,2022-11-17 01:30:00,6,Mavericks,Dallas,DAL,31,102,30.4,12,55,21.8,18,19,94.7,13,25,21,9,2,6,19,9,0,0
401468374,2023,2022-11-16,2022-11-17 03:00:00,18,Knicks,New York,NY,37,84,44.0,8,34,23.5,24,31,77.4,6,34,24,12,5,7,18,6,1,0
401468374,2023,2022-11-16,2022-11-17 03:00:00,7,Nuggets,Denver,DEN,36,82,43.9,14,38,36.8,17,20,85.0,8,34,18,3,5,15,25,10,0,2
401468375,2023,2022-11-16,2022-11-17 03:00:00,9,Warriors,Golden State,GS,42,92,45.7,18,42,42.9,17,17,100.0,6,34,30,5,3,17,23,5,0,2
401468375,2023,2022-11-16,2022-11-17 03:00:00,21,Suns,Phoenix,PHX,44,86,51.2,21,40,52.5,21,25,84.0,8,39,33,5,8,15,22,18,1,3
401468361,2023,2022-11-15,2022-11-16 00:30:00,29,Grizzlies,Memphis,MEM,38,92,41.3,9,35,25.7,17,25,68.0,14,37,16,6,8,11,17,8,0,1
401468361,2023,2022-11-15,2022-11-16 00:30:00,3,Pelicans,New Orleans,NO,43,91,47.3,18,38,47.4,9,12,75.0,7,36,31,2,8,10,20,13,0,2
401468362,2023,2022-11-15,2022-11-16 01:30:00,12,Clippers,LA,LAC,34,64,53.1,12,28,42.9,21,26,80.8,3,37,23,8,2,21,27,5,0,0
401468362,2023,2022-11-15,2022-11-16 01:30:00,6,Mavericks,Dallas,DAL,35,80,43.8,17,43,39.5,16,24,66.7,8,26,20,12,1,12,20,25,0,2
401468363,2023,2022-11-15,2022-11-16 02:00:00,18,Knicks,New York,NY,44,93,47.3,11,32,34.4,19,25,76.0,13,30,26,10,3,12,25,14,2,1
401468363,2023,2022-11-15,2022-11-16 02:00:00,26,Jazz,Utah,UTAH,36,83,43.4,14,43,32.6,25,30,83.3,15,34,29,7,5,20,22,8,1,0
401468364,2023,2022-11-15,2022-11-16 03:00:00,24,Spurs,San Antonio,SA,44,85,51.8,9,29,31.0,13,17,76.5,11,27,34,7,5,19,25,12,0,0
401468364,2023,2022-11-15,2022-11-16 03:00:00,22,Trail Blazers,Portland,POR,41,79,51.9,15,32,46.9,20,26,76.9,9,30,22,6,3,15,17,9,2,0
401468365,2023,2022-11-15,2022-11-16 03:00:00,17,Nets,Brooklyn,BKN,40,81,49.4,11,28,39.3,30,33,90.9,3,26,25,5,3,17,18,2,0,0
401468365,2023,2022-11-15,2022-11-16 03:00:00,23,Kings,Sacramento,SAC,56,94,59.6,20,41,48.8,21,25,84.0,9,34,39,9,4,16,24,39,1,2
401468354,2023,2022-11-14,2022-11-15 00:00:00,28,Raptors,Toronto,TOR,40,82,48.8,8,27,29.6,27,28,96.4,12,30,27,7,8,17,27,14,0,0
401468354,2023,2022-11-14,2022-11-15 00:00:00,8,Pistons,Detroit,DET,35,77,45.5,10,31,32.3,31,43,72.1,11,28,23,8,2,19,23,4,0,0
401468355,2023,2022-11-14,2022-11-15 00:00:00,30,Hornets,Charlotte,CHA,42,88,47.7,7,35,20.0,21,24,87.5,14,23,22,15,7,12,23,19,1,0
401468355,2023,2022-11-14,2022-11-15 00:00:00,19,Magic,Orlando,ORL,36,88,40.9,14,36,38.9,19,23,82.6,22,26,23,3,7,22,18,0,0,1
401468356,2023,2022-11-14,2022-11-15 00:30:00,25,Thunder,Oklahoma City,OKC,47,98,48.0,11,30,36.7,17,21,81.0,10,41,21,4,6,19,21,15,1,0
401468356,2023,2022-11-14,2022-11-15 00:30:00,2,Celtics,Boston,BOS,46,96,47.9,10,37,27.0,24,29,82.8,10,36,25,15,7,14,20,6,0,2
401468357,2023,2022-11-14,2022-11-15 00:30:00,21,Suns,Phoenix,PHX,48,99,48.5,14,36,38.9,2,4,50.0,20,25,22,9,4,11,22,13,3,0
401468357,2023,2022-11-14,2022-11-15 00:30:00,14,Heat,Miami,MIA,38,83,45.8,15,33,45.5,22,25,88.0,17,25,23,6,4,14,10,8,1,1
401468358,2023,2022-11-14,2022-11-15 01:00:00,12,Clippers,LA,LAC,41,81,50.6,14,38,36.8,26,33,78.8,9,35,25,6,4,16,23,24,1,0
401468358,2023,2022-11-14,2022-11-15 01:00:00,10,Rockets,Houston,HOU,39,86,45.3,9,30,30.0,19,31,61.3,10,30,20,11,3,14,22,3,0,2
401468359,2023,2022-11-14,2022-11-15 01:00:00,1,Hawks,Atlanta,ATL,44,92,47.8,7,20,35.0,26,30,86.7,13,32,23,4,4,9,23,18,0,2
401468359,2023,2022-11-14,2022-11-15 01:00:00,15,Bucks,Milwaukee,MIL,34,82,41.5,6,29,20.7,32,41,78.0,11,35,21,4,3,15,26,3,2,2
401468360,2023,2022-11-14,2022-11-15 03:00:00,24,Spurs,San Antonio,SA,36,100,36.0,10,40,25.0,13,19,68.4,22,31,18,6,6,18,17,2,1,0
401468360,2023,2022-11-14,2022-11-15 03:00:00,9,Warriors,Golden State,GS,47,88,53.4,23,45,51.1,15,16,93.8,5,35,35,9,3,12,17,41,1,0
401468347,2023,2022-11-13,2022-11-13 17:00:00,25,Thunder,Oklahoma City,OKC,55,88,62.5,17,31,54.8,18,20,90.0,4,34,31,9,5,19,27,19,0,0
401468347,2023,2022-11-13,2022-11-13 17:00:00,18,Knicks,New York,NY,48,97,49.5,10,31,32.3,29,33,87.9,13,22,25,13,2,13,18,13,0,0
401468348,2023,2022-11-13,2022-11-13 23:00:00,16,Timberwolves,Minnesota,MIN,46,82,56.1,12,24,50.0,25,34,73.5,11,36,30,5,4,13,30,24,0,1
401468348,2023,2022-11-13,2022-11-13 23:00:00,5,Cavaliers,Cleveland,CLE,40,89,44.9,17,34,50.0,27,39,69.2,16,24,22,6,1,10,22,3,0,2
401468349,2023,2022-11-13,2022-11-13 23:00:00,29,Grizzlies,Memphis,MEM,38,96,39.6,9,28,32.1,7,10,70.0,14,37,21,7,6,16,24,9,1,0
401468349,2023,2022-11-13,2022-11-13 23:00:00,27,Wizards,Washington,WSH,36,86,41.9,19,40,47.5,11,21,52.4,9,38,26,9,6,15,15,14,0,0
401468350,2023,2022-11-13,2022-11-14 00:30:00,26,Jazz,Utah,UTAH,37,94,39.4,11,37,29.7,13,23,56.5,18,32,23,3,4,17,17,14,1,1
401468350,2023,2022-11-13,2022-11-14 00:30:00,20,76ers,Philadelphia,PHI,40,83,48.2,4,23,17.4,21,26,80.8,8,31,21,12,14,12,19,7,0,1
401468351,2023,2022-11-13,2022-11-14 01:00:00,7,Nuggets,Denver,DEN,48,80,60.0,13,27,48.1,17,21,81.0,5,31,33,11,3,16,17,28,0,0
401468351,2023,2022-11-13,2022-11-14 01:00:00,4,Bulls,Chicago,CHI,40,81,49.4,6,22,27.3,17,21,81.0,8,28,24,9,4,18,19,0,1,1
401468352,2023,2022-11-13,2022-11-14 02:00:00,9,Warriors,Golden State,GS,42,90,46.7,16,47,34.0,15,16,93.8,8,35,27,5,5,18,20,15,0,0
401468352,2023,2022-11-13,2022-11-14 02:00:00,23,Kings,Sacramento,SAC,47,91,51.6,16,37,43.2,12,19,63.2,9,36,31,8,2,15,17,9,1,0
401468353,2023,2022-11-13,2022-11-14 02:30:00,17,Nets,Brooklyn,BKN,36,80,45.0,7,27,25.9,24,31,77.4,8,33,22,5,5,12,17,0,1,2
401468353,2023,2022-11-13,2022-11-14 02:30:00,13,Lakers,Los Angeles,LAL,44,91,48.4,11,27,40.7,17,20,85.0,12,33,25,3,2,9,22,18,0,2
401468339,2023,2022-11-12,2022-11-12 21:00:00,17,Nets,Brooklyn,BKN,40,83,48.2,16,35,45.7,14,21,66.7,6,35,27,9,6,12,18,16,1,1
401468339,2023,2022-11-12,2022-11-12 21:00:00,12,Clippers,LA,LAC,34,85,40.0,11,31,35.5,16,20,80.0,10,36,22,4,6,16,17,3,2,2
401468340,2023,2022-11-12,2022-11-12 23:00:00,26,Jazz,Utah,UTAH,44,94,46.8,14,40,35.0,10,11,90.9,7,35,33,4,3,12,17,9,0,0
401468340,2023,2022-11-12,2022-11-12 23:00:00,27,Wizards,Washington,WSH,44,88,50.0,16,36,44.4,17,20,85.0,6,40,27,6,8,9,14,15,0,1
401468341,2023,2022-11-12,2022-11-13 00:00:00,2,Celtics,Boston,BOS,39,91,42.9,18,48,37.5,21,24,87.5,9,33,27,6,4,7,17,13,0,2
401468341,2023,2022-11-12,2022-11-13 00:00:00,8,Pistons,Detroit,DET,37,89,41.6,16,38,42.1,18,21,85.7,11,39,23,4,3,14,23,6,0,1
401468342,2023,2022-11-12,2022-11-13 00:00:00,28,Raptors,Toronto,TOR,37,94,39.4,7,35,20.0,23,29,79.3,16,27,14,12,8,12,18,15,0,1
401468342,2023,2022-11-12,2022-11-13 00:00:00,11,Pacers,Indiana,IND,41,82,50.0,19,43,44.2,17,23,73.9,11,40,33,4,6,21,23,14,0,0
401468343,2023,2022-11-12,2022-11-13 00:30:00,1,Hawks,Atlanta,ATL,40,89,44.9,6,24,25.0,23,27,85.2,12,31,20,4,2,18,19,3,1,2
401468343,2023,2022-11-12,2022-11-13 00:30:00,20,76ers,Philadelphia,PHI,44,80,55.0,8,24,33.3,25,31,80.6,2,29,24,10,5,12,26,27,0,0
401468344,2023,2022-11-12,2022-11-13 01:00:00,30,Hornets,Charlotte,CHA,46,90,51.1,9,31,29.0,14,16,87.5,4,33,25,4,3,12,21,5,0,0
401468344,2023,2022-11-12,2022-11-13 01:00:00,14,Heat,Miami,MIA,49,93,52.7,16,41,39.0,18,21,85.7,9,37,32,7,5,12,19,19,0,0
401468345,2023,2022-11-12,2022-11-13 01:30:00,22,Trail Blazers,Portland,POR,36,80,45.0,13,31,41.9,27,35,77.1,12,32,20,6,2,12,21,7,0,0
401468345,2023,2022-11-12,2022-11-13 01:30:00,6,Mavericks,Dallas,DAL,41,81,50.6,14,43,32.6,21,26,80.8,7,33,26,8,2,11,27,16,0,2
401468346,2023,2022-11-12,2022-11-13 01:30:00,10,Rockets,Houston,HOU,40,79,51.0,12,36,33.0,14,18,78.0,10,33,24,7,4,26,23,8,0,3
401468346,2023,2022-11-12,2022-11-13 01:30:00,3,Pelicans,New Orleans,NO,42,86,49.0,8,29,28.0,27,31,87.0,12,24,28,13,1,12,23,18,0,1
401468331,2023,2022-11-11,2022-11-12 00:00:00,7,Nuggets,Denver,DEN,42,92,45.7,12,29,41.4,16,20,80.0,11,27,26,3,1,5,16,1,1,1
401468331,2023,2022-11-11,2022-11-12 00:00:00,2,Celtics,Boston,BOS,50,90,55.6,16,37,43.2,15,20,75.0,10,36,30,3,5,7,19,19,0,0
401468332,2023,2022-11-11,2022-11-12 00:00:00,21,Suns,Phoenix,PHX,38,95,40.0,13,42,31.0,8,9,88.9,11,27,22,7,4,11,14,2,0,0
401468332,2023,2022-11-11,2022-11-12 00:00:00,19,Magic,Orlando,ORL,43,82,52.4,15,33,45.5,13,15,86.7,9,41,23,2,4,13,11,21,2,1
401468333,2023,2022-11-11,2022-11-12 00:30:00,8,Pistons,Detroit,DET,37,80,46.3,7,31,22.6,31,41,75.6,12,31,22,6,6,15,23,4,0,0
401468333,2023,2022-11-11,2022-11-12 00:30:00,18,Knicks,New York,NY,42,94,44.7,10,40,25.0,27,29,93.1,16,31,23,7,3,11,31,17,0,0
401468334,2023,2022-11-11,2022-11-12 01:00:00,28,Raptors,Toronto,TOR,38,88,43.2,11,30,36.7,26,36,72.2,14,25,20,13,4,16,16,2,0,0
401468334,2023,2022-11-11,2022-11-12 01:00:00,25,Thunder,Oklahoma City,OKC,52,93,55.9,15,36,41.7,13,17,76.5,15,29,31,10,6,19,27,32,0,0
401468335,2023,2022-11-11,2022-11-12 01:00:00,15,Bucks,Milwaukee,MIL,32,98,32.7,12,43,27.9,17,23,73.9,21,27,22,7,5,13,14,3,4,1
401468335,2023,2022-11-11,2022-11-12 01:00:00,24,Spurs,San Antonio,SA,43,85,50.6,12,31,38.7,13,15,86.7,9,41,22,3,13,19,22,21,0,1
401468336,2023,2022-11-11,2022-11-12 02:30:00,16,Timberwolves,Minnesota,MIN,37,79,46.8,10,30,33.3,19,22,86.4,7,26,29,10,4,14,25,2,1,0
401468336,2023,2022-11-11,2022-11-12 02:30:00,29,Grizzlies,Memphis,MEM,44,88,50.0,7,33,21.2,19,27,70.4,15,31,25,8,3,13,19,15,1,0
401468337,2023,2022-11-11,2022-11-12 03:00:00,5,Cavaliers,Cleveland,CLE,37,92,40.2,8,30,26.7,19,26,73.1,14,32,25,6,3,10,17,11,3,0
401468337,2023,2022-11-11,2022-11-12 03:00:00,9,Warriors,Golden State,GS,40,82,48.8,15,36,41.7,11,14,78.6,8,36,29,5,3,14,27,5,1,3
401468338,2023,2022-11-11,2022-11-12 03:30:00,23,Kings,Sacramento,SAC,45,87,51.7,12,36,33.3,18,21,85.7,10,30,27,10,4,15,17,6,0,2
401468338,2023,2022-11-11,2022-11-12 03:30:00,13,Lakers,Los Angeles,LAL,42,88,47.7,10,25,40.0,20,26,76.9,14,27,22,11,5,14,22,13,0,2
401468327,2023,2022-11-10,2022-11-11 00:00:00,6,Mavericks,Dallas,DAL,37,86,43.0,18,47,38.3,13,21,61.9,7,34,19,9,1,12,13,14,1,1
401468327,2023,2022-11-10,2022-11-11 00:00:00,27,Wizards,Washington,WSH,41,84,48.8,12,30,40.0,19,20,95.0,8,44,25,5,5,17,21,14,0,0
401468328,2023,2022-11-10,2022-11-11 00:30:00,20,76ers,Philadelphia,PHI,32,83,38.6,6,30,20.0,25,30,83.3,9,36,15,10,5,17,22,2,0,0
401468328,2023,2022-11-10,2022-11-11 00:30:00,1,Hawks,Atlanta,ATL,39,88,44.3,6,26,23.1,20,23,87.0,11,43,19,8,2,18,22,20,0,0
401468329,2023,2022-11-10,2022-11-11 00:30:00,30,Hornets,Charlotte,CHA,43,88,48.9,14,39,35.9,12,20,60.0,8,42,23,4,2,20,30,5,1,0
401468329,2023,2022-11-10,2022-11-11 00:30:00,14,Heat,Miami,MIA,39,90,43.3,10,36,27.8,29,36,80.6,8,30,21,9,1,10,25,15,1,0
401468330,2023,2022-11-10,2022-11-11 01:00:00,22,Trail Blazers,Portland,POR,37,85,43.5,12,34,35.3,20,26,76.9,11,35,25,8,2,8,14,12,1,0
401468330,2023,2022-11-10,2022-11-11 01:00:00,3,Pelicans,New Orleans,NO,33,79,41.8,10,28,35.7,19,24,79.2,9,36,19,3,5,17,21,10,0,0
401468316,2023,2022-11-09,2022-11-09 22:30:00,6,Mavericks,Dallas,DAL,32,85,37.6,11,42,26.2,12,19,63.2,4,25,17,14,4,4,19,10,2,0
401468316,2023,2022-11-09,2022-11-09 22:30:00,19,Magic,Orlando,ORL,36,73,49.3,8,21,38.1,14,21,66.7,4,45,20,1,6,18,20,9,1,0
401468314,2023,2022-11-09,2022-11-10 00:00:00,22,Trail Blazers,Portland,POR,40,75,53.3,11,34,32.4,14,25,56.0,8,37,28,5,4,17,19,13,1,3
401468314,2023,2022-11-09,2022-11-10 00:00:00,30,Hornets,Charlotte,CHA,34,91,37.4,10,40,25.0,17,24,70.8,20,22,21,10,3,11,22,12,0,2
401468315,2023,2022-11-09,2022-11-10 00:00:00,7,Nuggets,Denver,DEN,43,88,48.9,12,28,42.9,24,26,92.3,11,36,27,10,7,20,15,12,2,2
401468315,2023,2022-11-09,2022-11-10 00:00:00,11,Pacers,Indiana,IND,45,96,46.9,14,42,33.3,15,19,78.9,11,33,28,9,5,18,23,18,0,2
401468317,2023,2022-11-09,2022-11-10 00:30:00,26,Jazz,Utah,UTAH,44,94,46.8,17,39,43.6,20,24,83.3,13,34,27,5,6,13,20,15,0,0
401468317,2023,2022-11-09,2022-11-10 00:30:00,1,Hawks,Atlanta,ATL,51,109,46.8,8,28,28.6,9,11,81.8,17,37,24,5,5,11,16,10,0,0
401468318,2023,2022-11-09,2022-11-10 00:30:00,8,Pistons,Detroit,DET,37,89,41.6,7,33,21.2,31,40,77.5,15,33,15,7,3,10,19,2,0,1
401468318,2023,2022-11-09,2022-11-10 00:30:00,2,Celtics,Boston,BOS,47,88,53.4,18,46,39.1,16,21,76.2,8,35,31,5,4,12,25,24,1,0
401468319,2023,2022-11-09,2022-11-10 00:30:00,18,Knicks,New York,NY,28,87,32.2,12,43,27.9,17,26,65.4,11,35,21,5,4,15,18,0,0,0
401468319,2023,2022-11-09,2022-11-10 00:30:00,17,Nets,Brooklyn,BKN,42,87,48.3,14,34,41.2,14,20,70.0,11,44,30,11,5,14,22,35,1,0
401468320,2023,2022-11-09,2022-11-10 00:30:00,10,Rockets,Houston,HOU,37,84,44.0,9,35,25.7,26,31,83.9,16,33,29,9,7,16,18,12,0,1
401468320,2023,2022-11-09,2022-11-10 00:30:00,28,Raptors,Toronto,TOR,42,102,41.2,15,44,34.1,17,20,85.0,22,28,19,12,9,13,26,12,0,0
401468321,2023,2022-11-09,2022-11-10 01:00:00,3,Pelicans,New Orleans,NO,42,84,50.0,3,19,15.8,28,36,77.8,13,37,20,8,5,16,18,11,0,0
401468321,2023,2022-11-09,2022-11-10 01:00:00,4,Bulls,Chicago,CHI,44,87,50.6,7,27,25.9,16,18,88.9,6,29,23,5,8,15,23,11,0,2
401468322,2023,2022-11-09,2022-11-10 01:00:00,21,Suns,Phoenix,PHX,47,97,48.5,16,35,45.7,19,20,95.0,10,26,31,10,3,11,21,27,0,1
401468322,2023,2022-11-09,2022-11-10 01:00:00,16,Timberwolves,Minnesota,MIN,41,78,52.6,9,27,33.3,26,32,81.3,8,30,26,4,6,19,22,3,0,1
401468323,2023,2022-11-09,2022-11-10 01:00:00,15,Bucks,Milwaukee,MIL,50,106,47.2,17,36,47.2,19,22,86.4,11,44,27,8,7,16,23,12,1,0
401468323,2023,2022-11-09,2022-11-10 01:00:00,25,Thunder,Oklahoma City,OKC,50,111,45.0,18,45,40.0,14,19,73.7,16,39,24,9,9,13,26,6,0,1
401468324,2023,2022-11-09,2022-11-10 01:00:00,29,Grizzlies,Memphis,MEM,50,98,51.0,14,32,43.8,10,13,76.9,18,35,24,4,2,19,22,14,1,0
401468324,2023,2022-11-09,2022-11-10 01:00:00,24,Spurs,San Antonio,SA,47,98,48.0,12,37,32.4,16,23,69.6,13,26,30,8,2,12,17,5,0,0
401468325,2023,2022-11-09,2022-11-10 03:00:00,13,Lakers,Los Angeles,LAL,40,88,45.5,10,32,31.3,11,17,64.7,8,35,26,7,2,15,20,4,1,1
401468325,2023,2022-11-09,2022-11-10 03:00:00,12,Clippers,LA,LAC,41,81,50.6,12,33,36.4,20,26,76.9,6,35,24,10,7,15,24,17,0,1
401468326,2023,2022-11-09,2022-11-10 03:00:00,5,Cavaliers,Cleveland,CLE,46,86,53.5,11,26,42.3,17,20,85.0,12,30,24,4,1,18,23,6,0,1
401468326,2023,2022-11-09,2022-11-10 03:00:00,23,Kings,Sacramento,SAC,40,76,52.6,17,39,43.6,30,35,85.7,2,22,30,12,4,9,20,15,0,0
401468299,2023,2022-11-07,2022-11-08 00:00:00,27,Wizards,Washington,WSH,42,80,52.5,5,19,26.3,19,30,63.3,10,37,21,2,6,14,18,13,1,1
401468299,2023,2022-11-07,2022-11-08 00:00:00,30,Hornets,Charlotte,CHA,42,101,41.6,5,32,15.6,11,16,68.8,17,28,27,8,7,10,23,4,1,0
401468300,2023,2022-11-07,2022-11-08 00:15:00,10,Rockets,Houston,HOU,46,87,52.9,24,48,50.0,18,25,72.0,14,26,31,9,6,20,23,17,2,0
401468300,2023,2022-11-07,2022-11-08 00:15:00,19,Magic,Orlando,ORL,45,82,54.9,12,25,48.0,25,31,80.6,11,26,27,7,4,19,25,5,1,0
401468301,2023,2022-11-07,2022-11-08 00:30:00,25,Thunder,Oklahoma City,OKC,41,102,40.2,10,33,30.3,11,17,64.7,16,30,23,9,11,10,26,16,0,1
401468301,2023,2022-11-07,2022-11-08 00:30:00,8,Pistons,Detroit,DET,39,93,41.9,9,33,27.3,25,33,75.8,16,42,20,6,9,14,19,9,2,1
401468302,2023,2022-11-07,2022-11-08 00:45:00,3,Pelicans,New Orleans,NO,48,97,49.5,14,34,41.2,12,17,70.6,13,30,32,7,4,10,20,4,0,1
401468302,2023,2022-11-07,2022-11-08 00:45:00,11,Pacers,Indiana,IND,43,86,50.0,22,48,45.8,21,23,91.3,10,35,33,6,8,17,19,18,0,0
401468303,2023,2022-11-07,2022-11-08 01:00:00,21,Suns,Phoenix,PHX,32,73,43.8,6,19,31.6,18,22,81.8,6,31,19,8,5,13,24,3,2,0
401468303,2023,2022-11-07,2022-11-08 01:00:00,20,76ers,Philadelphia,PHI,31,80,38.8,12,32,37.5,26,31,83.9,15,33,22,5,6,15,17,19,1,1
401468304,2023,2022-11-07,2022-11-08 01:15:00,15,Bucks,Milwaukee,MIL,36,87,41.4,13,40,32.5,13,16,81.3,6,35,21,5,9,18,18,14,1,0
401468304,2023,2022-11-07,2022-11-08 01:15:00,1,Hawks,Atlanta,ATL,46,99,46.5,11,29,37.9,14,17,82.4,12,36,23,11,3,12,18,25,0,2
401468305,2023,2022-11-07,2022-11-08 01:30:00,22,Trail Blazers,Portland,POR,38,72,52.8,16,37,43.2,18,21,85.7,4,33,27,7,2,18,16,7,1,0
401468305,2023,2022-11-07,2022-11-08 01:30:00,14,Heat,Miami,MIA,40,84,47.6,14,39,35.9,13,15,86.7,5,27,28,11,2,10,18,15,2,2
401468306,2023,2022-11-07,2022-11-08 01:45:00,28,Raptors,Toronto,TOR,36,85,42.0,9,28,32.0,16,22,73.0,5,26,24,10,7,14,20,9,1,1
401468306,2023,2022-11-07,2022-11-08 01:45:00,4,Bulls,Chicago,CHI,42,80,53.0,9,28,32.0,18,22,82.0,9,40,30,7,7,21,21,21,1,1
401468307,2023,2022-11-07,2022-11-08 02:00:00,2,Celtics,Boston,BOS,38,82,46.3,12,37,32.4,21,28,75.0,7,38,26,5,6,15,19,14,0,1
401468307,2023,2022-11-07,2022-11-08 02:00:00,29,Grizzlies,Memphis,MEM,41,91,45.1,15,44,34.1,9,14,64.3,8,37,27,4,4,11,23,9,0,2
401468308,2023,2022-11-07,2022-11-08 02:15:00,18,Knicks,New York,NY,39,89,43.8,19,48,39.6,23,25,92.0,9,34,26,13,2,16,23,27,3,0
401468308,2023,2022-11-07,2022-11-08 02:15:00,16,Timberwolves,Minnesota,MIN,38,81,46.9,11,41,26.8,20,24,83.3,4,35,28,7,8,17,18,5,1,1
401468309,2023,2022-11-07,2022-11-08 02:30:00,7,Nuggets,Denver,DEN,47,88,53.4,8,24,33.3,13,20,65.0,8,32,33,14,7,20,14,11,2,1
401468309,2023,2022-11-07,2022-11-08 02:30:00,24,Spurs,San Antonio,SA,43,82,52.4,12,33,36.4,11,18,61.1,10,28,31,14,5,24,17,7,0,0
401468310,2023,2022-11-07,2022-11-08 02:45:00,17,Nets,Brooklyn,BKN,35,80,43.8,10,29,34.5,14,19,73.7,14,20,22,13,5,13,26,14,1,1
401468310,2023,2022-11-07,2022-11-08 02:45:00,6,Mavericks,Dallas,DAL,32,72,44.4,12,28,42.9,20,24,83.3,12,29,18,7,3,22,20,11,0,0
401468311,2023,2022-11-07,2022-11-08 03:00:00,23,Kings,Sacramento,SAC,37,91,40.7,14,40,35.0,25,29,86.2,9,34,24,9,0,10,20,12,1,0
401468311,2023,2022-11-07,2022-11-08 03:00:00,9,Warriors,Golden State,GS,44,88,50.0,14,38,36.8,14,21,66.7,8,40,28,5,4,15,21,12,0,2
401468312,2023,2022-11-07,2022-11-08 03:15:00,13,Lakers,Los Angeles,LAL,40,82,48.8,9,24,37.5,27,30,90.0,7,26,15,7,5,16,21,5,0,0
401468312,2023,2022-11-07,2022-11-08 03:15:00,26,Jazz,Utah,UTAH,53,95,55.8,16,38,42.1,17,22,77.3,10,31,30,10,7,14,23,25,1,0
401468313,2023,2022-11-07,2022-11-08 03:30:00,5,Cavaliers,Cleveland,CLE,43,83,51.8,16,33,48.5,15,21,71.4,10,38,29,6,2,17,21,13,0,0
401468313,2023,2022-11-07,2022-11-08 03:30:00,12,Clippers,LA,LAC,40,79,50.6,17,38,44.7,22,28,78.6,4,27,19,8,2,9,19,4,0,1
401468295,2023,2022-11-06,2022-11-06 20:30:00,5,Cavaliers,Cleveland,CLE,37,84,44.0,8,32,25.0,32,36,88.9,9,39,19,7,6,12,20,17,2,0
401468295,2023,2022-11-06,2022-11-06 20:30:00,13,Lakers,Los Angeles,LAL,40,87,46.0,8,27,29.6,12,21,57.1,10,33,24,4,4,16,26,12,1,2
401468296,2023,2022-11-06,2022-11-06 23:00:00,4,Bulls,Chicago,CHI,40,88,45.5,13,36,36.1,11,13,84.6,15,31,27,5,10,17,20,13,0,1
401468296,2023,2022-11-06,2022-11-06 23:00:00,28,Raptors,Toronto,TOR,44,103,42.7,10,37,27.0,15,20,75.0,23,29,28,11,10,9,16,10,0,0
401468297,2023,2022-11-06,2022-11-06 23:00:00,27,Wizards,Washington,WSH,41,96,42.7,8,41,19.5,7,10,70.0,15,34,25,5,5,10,21,9,0,1
401468297,2023,2022-11-06,2022-11-06 23:00:00,29,Grizzlies,Memphis,MEM,39,91,42.9,9,29,31.0,16,20,80.0,12,38,20,8,2,10,17,23,1,0
401468298,2023,2022-11-06,2022-11-07 03:00:00,26,Jazz,Utah,UTAH,35,75,46.7,15,40,37.5,25,26,96.2,7,35,18,5,4,20,15,10,1,0
401468298,2023,2022-11-06,2022-11-07 03:00:00,12,Clippers,LA,LAC,43,87,49.4,8,33,24.2,8,13,61.5,4,28,22,11,2,13,26,5,1,0
401468287,2023,2022-11-05,2022-11-05 21:00:00,23,Kings,Sacramento,SAC,47,93,50.5,15,40,37.5,17,26,65.4,6,30,24,5,4,14,20,10,0,1
401468287,2023,2022-11-05,2022-11-05 21:00:00,19,Magic,Orlando,ORL,50,92,54.3,4,23,17.4,19,20,95.0,7,41,27,8,4,17,26,20,1,1
401468288,2023,2022-11-05,2022-11-05 23:00:00,17,Nets,Brooklyn,BKN,33,84,39.3,12,36,33.3,20,22,90.9,9,32,23,8,10,11,21,13,0,1
401468288,2023,2022-11-05,2022-11-05 23:00:00,30,Hornets,Charlotte,CHA,32,86,37.2,14,42,33.3,16,23,69.6,13,37,22,3,6,15,21,12,0,0
401468289,2023,2022-11-05,2022-11-05 23:30:00,3,Pelicans,New Orleans,NO,47,108,43.5,7,23,30.4,20,28,71.4,19,40,23,8,6,16,24,2,0,0
401468289,2023,2022-11-05,2022-11-05 23:30:00,1,Hawks,Atlanta,ATL,47,103,45.6,9,36,25.0,21,25,84.0,12,38,28,12,8,13,23,13,0,0
401468290,2023,2022-11-05,2022-11-05 23:30:00,2,Celtics,Boston,BOS,47,88,53.4,27,51,52.9,12,12,100.0,8,26,30,5,2,12,17,15,1,0
401468290,2023,2022-11-05,2022-11-05 23:30:00,18,Knicks,New York,NY,46,90,51.1,11,27,40.7,15,16,93.8,12,32,22,6,4,13,14,3,1,0
401468291,2023,2022-11-05,2022-11-06 00:00:00,25,Thunder,Oklahoma City,OKC,36,84,42.9,12,35,34.3,10,16,62.5,9,29,22,6,3,15,18,8,1,0
401468291,2023,2022-11-05,2022-11-06 00:00:00,15,Bucks,Milwaukee,MIL,38,90,42.2,17,47,36.2,15,17,88.2,18,37,23,7,6,18,16,24,1,1
401468292,2023,2022-11-05,2022-11-06 00:00:00,10,Rockets,Houston,HOU,40,84,47.6,16,38,42.1,21,31,67.7,12,21,27,10,0,22,18,2,1,1
401468292,2023,2022-11-05,2022-11-06 00:00:00,16,Timberwolves,Minnesota,MIN,49,80,61.3,15,33,45.5,16,20,80.0,9,27,38,11,5,24,27,24,0,0
401468293,2023,2022-11-05,2022-11-06 01:00:00,24,Spurs,San Antonio,SA,39,80,48.8,12,30,40.0,11,19,57.9,6,22,28,8,3,15,13,3,0,0
401468293,2023,2022-11-05,2022-11-06 01:00:00,7,Nuggets,Denver,DEN,53,87,60.9,15,29,51.7,5,10,50.0,10,37,37,10,0,16,15,31,2,0
401468294,2023,2022-11-05,2022-11-06 02:00:00,22,Trail Blazers,Portland,POR,30,79,38.0,7,15,46.7,15,24,62.5,8,32,22,5,7,17,26,4,1,1
401468294,2023,2022-11-05,2022-11-06 02:00:00,21,Suns,Phoenix,PHX,35,82,42.7,11,30,36.7,21,28,75.0,11,33,22,7,14,14,22,29,0,0
401468275,2023,2022-11-04,2022-11-04 23:00:00,5,Cavaliers,Cleveland,CLE,44,81,54.3,11,26,42.3,13,16,81.3,10,37,30,5,13,18,15,30,1,2
401468275,2023,2022-11-04,2022-11-04 23:00:00,8,Pistons,Detroit,DET,31,83,37.3,13,37,35.1,13,15,86.7,9,25,16,10,6,18,22,5,1,0
401468276,2023,2022-11-04,2022-11-04 23:00:00,14,Heat,Miami,MIA,31,81,38.3,11,39,28.2,26,26,100.0,8,34,17,10,2,19,22,7,0,0
401468276,2023,2022-11-04,2022-11-04 23:00:00,11,Pacers,Indiana,IND,37,80,46.3,12,39,30.8,15,23,65.2,5,37,28,7,5,19,19,16,0,0
401468277,2023,2022-11-04,2022-11-04 23:00:00,18,Knicks,New York,NY,37,80,46.3,9,33,27.3,23,27,85.2,10,40,24,5,8,21,21,8,1,1
401468277,2023,2022-11-04,2022-11-04 23:00:00,20,76ers,Philadelphia,PHI,37,98,37.8,13,47,27.7,17,21,81.0,13,31,27,12,8,15,25,12,0,1
401468278,2023,2022-11-04,2022-11-04 23:00:00,17,Nets,Brooklyn,BKN,50,90,55.6,14,28,50.0,14,14,100.0,7,41,32,8,7,7,19,42,2,0
401468278,2023,2022-11-04,2022-11-04 23:00:00,27,Wizards,Washington,WSH,30,83,36.1,8,34,23.5,18,22,81.8,7,32,18,4,3,13,15,6,0,0
401468279,2023,2022-11-04,2022-11-04 23:30:00,4,Bulls,Chicago,CHI,43,83,51.8,11,28,39.3,22,25,88.0,4,33,21,8,5,17,28,8,0,0
401468279,2023,2022-11-04,2022-11-04 23:30:00,2,Celtics,Boston,BOS,41,83,49.4,9,31,29.0,32,39,82.1,7,32,24,5,7,13,23,14,1,1
401468280,2023,2022-11-04,2022-11-05 00:00:00,30,Hornets,Charlotte,CHA,33,86,38.4,8,27,29.6,25,31,80.6,12,29,22,11,7,18,17,0,0,1
401468280,2023,2022-11-04,2022-11-05 00:00:00,29,Grizzlies,Memphis,MEM,50,98,51.0,16,36,44.4,14,18,77.8,18,42,34,6,10,18,20,44,1,0
401468281,2023,2022-11-04,2022-11-05 00:00:00,12,Clippers,LA,LAC,42,80,52.5,15,33,45.5,14,19,73.7,3,41,26,6,5,16,25,17,0,1
401468281,2023,2022-11-04,2022-11-05 00:00:00,24,Spurs,San Antonio,SA,42,88,47.7,12,31,38.7,10,18,55.6,6,29,23,7,2,13,17,10,0,2
401468282,2023,2022-11-04,2022-11-05 00:30:00,28,Raptors,Toronto,TOR,39,88,44.3,11,34,32.4,21,25,84.0,18,26,20,10,4,19,22,4,0,2
401468282,2023,2022-11-04,2022-11-05 00:30:00,6,Mavericks,Dallas,DAL,39,77,50.6,12,34,35.3,21,25,84.0,6,25,23,12,3,18,21,19,1,3
401468283,2023,2022-11-04,2022-11-05 00:30:00,9,Warriors,Golden State,GS,35,71,49.3,12,32,37.5,23,25,92.0,3,26,23,7,1,22,25,8,1,1
401468283,2023,2022-11-04,2022-11-05 00:30:00,3,Pelicans,New Orleans,NO,41,81,50.6,12,29,41.4,20,29,69.0,9,28,24,10,2,15,21,11,1,0
401468284,2023,2022-11-04,2022-11-05 02:00:00,15,Bucks,Milwaukee,MIL,41,85,48.2,17,38,44.7,16,28,57.1,7,44,29,7,2,13,22,22,0,1
401468284,2023,2022-11-04,2022-11-05 02:00:00,16,Timberwolves,Minnesota,MIN,39,92,42.4,11,41,26.8,13,17,76.5,10,37,22,2,4,16,25,1,0,1
401468285,2023,2022-11-04,2022-11-05 02:00:00,22,Trail Blazers,Portland,POR,43,85,50.6,10,23,43.5,12,15,80.0,11,31,30,6,3,17,24,15,1,2
401468285,2023,2022-11-04,2022-11-05 02:00:00,21,Suns,Phoenix,PHX,36,83,43.4,14,34,41.2,20,21,95.2,13,26,26,8,4,17,22,8,0,2
401468286,2023,2022-11-04,2022-11-05 02:30:00,26,Jazz,Utah,UTAH,52,103,50.5,17,40,42.5,9,10,90.0,15,33,31,8,3,8,22,16,0,0
401468286,2023,2022-11-04,2022-11-05 02:30:00,13,Lakers,Los Angeles,LAL,40,83,48.2,11,26,42.3,25,28,89.3,9,31,22,6,6,11,17,5,0,0
401468273,2023,2022-11-03,2022-11-03 23:00:00,9,Warriors,Golden State,GS,50,97,51.5,19,43,44.2,10,15,66.7,9,26,31,5,3,14,32,16,0,3
401468273,2023,2022-11-03,2022-11-03 23:00:00,19,Magic,Orlando,ORL,42,78,53.8,13,30,43.3,33,46,71.7,11,35,20,9,6,19,22,9,0,1
401468274,2023,2022-11-03,2022-11-04 00:00:00,7,Nuggets,Denver,DEN,45,84,53.6,18,31,58.1,14,16,87.5,8,39,32,5,2,18,15,19,2,1
401468274,2023,2022-11-03,2022-11-04 00:00:00,25,Thunder,Oklahoma City,OKC,45,93,48.4,6,29,20.7,14,19,73.7,10,30,19,9,5,10,19,2,0,0
401468263,2023,2022-11-02,2022-11-02 22:00:00,27,Wizards,Washington,WSH,45,78,57.7,5,21,23.8,26,32,81.3,7,36,27,4,9,7,18,12,1,1
401468263,2023,2022-11-02,2022-11-02 22:00:00,20,76ers,Philadelphia,PHI,39,84,46.4,19,36,52.8,14,20,70.0,6,26,25,3,1,8,25,4,0,1
401468262,2023,2022-11-02,2022-11-02 23:30:00,2,Celtics,Boston,BOS,38,93,40.9,11,41,26.8,26,27,96.3,8,44,26,5,9,14,24,12,0,0
401468262,2023,2022-11-02,2022-11-02 23:30:00,5,Cavaliers,Cleveland,CLE,42,100,42.0,11,39,28.2,19,24,79.2,9,42,24,6,4,11,23,11,0,0
401468264,2023,2022-11-02,2022-11-02 23:30:00,23,Kings,Sacramento,SAC,41,86,47.7,13,36,36.1,12,14,85.7,4,35,29,4,3,12,18,7,0,0
401468264,2023,2022-11-02,2022-11-02 23:30:00,14,Heat,Miami,MIA,44,89,49.4,11,34,32.4,11,13,84.6,9,37,27,5,5,11,20,6,0,0
401468265,2023,2022-11-02,2022-11-02 23:30:00,1,Hawks,Atlanta,ATL,44,107,41.1,12,34,35.3,12,16,75.0,17,34,28,11,4,7,18,19,2,1
401468265,2023,2022-11-02,2022-11-02 23:30:00,18,Knicks,New York,NY,37,90,41.1,10,36,27.8,15,20,75.0,12,40,23,3,9,16,19,23,1,0
401468266,2023,2022-11-02,2022-11-03 00:00:00,30,Hornets,Charlotte,CHA,36,92,39.1,7,32,21.9,9,16,56.3,13,34,22,12,12,16,14,6,1,0
401468266,2023,2022-11-02,2022-11-03 00:00:00,4,Bulls,Chicago,CHI,38,88,43.2,14,31,45.2,16,18,88.9,11,40,28,6,9,19,18,20,1,0
401468267,2023,2022-11-02,2022-11-03 00:00:00,12,Clippers,LA,LAC,41,84,48.8,12,33,36.4,15,19,78.9,9,34,20,10,6,14,20,18,1,0
401468267,2023,2022-11-02,2022-11-03 00:00:00,10,Rockets,Houston,HOU,37,88,42.0,11,38,28.9,16,21,76.2,16,34,17,9,5,19,22,2,0,0
401468268,2023,2022-11-02,2022-11-03 00:00:00,8,Pistons,Detroit,DET,33,79,41.8,11,31,35.5,14,15,93.3,2,33,18,7,3,21,22,1,0,0
401468268,2023,2022-11-02,2022-11-03 00:00:00,15,Bucks,Milwaukee,MIL,43,92,46.7,10,38,26.3,20,24,83.3,15,37,24,17,5,16,16,33,0,0
401468269,2023,2022-11-02,2022-11-03 00:00:00,28,Raptors,Toronto,TOR,57,106,53.8,14,33,42.4,15,16,93.8,9,41,31,16,6,11,17,48,0,1
401468269,2023,2022-11-02,2022-11-03 00:00:00,24,Spurs,San Antonio,SA,37,94,39.4,14,43,32.6,12,14,85.7,13,33,29,3,6,23,20,1,0,1
401468270,2023,2022-11-02,2022-11-03 00:30:00,26,Jazz,Utah,UTAH,39,84,46.4,10,30,33.3,12,14,85.7,12,28,28,6,1,16,17,15,1,1
401468270,2023,2022-11-02,2022-11-03 00:30:00,6,Mavericks,Dallas,DAL,42,84,50.0,11,38,28.9,8,15,53.3,7,30,20,9,4,11,14,6,1,1
401468271,2023,2022-11-02,2022-11-03 02:00:00,29,Grizzlies,Memphis,MEM,38,83,45.8,13,28,46.4,22,27,81.5,10,36,28,7,5,14,19,17,1,1
401468271,2023,2022-11-02,2022-11-03 02:00:00,22,Trail Blazers,Portland,POR,36,89,40.4,13,33,39.4,21,26,80.8,16,30,27,5,3,20,17,0,0,2
401468272,2023,2022-11-02,2022-11-03 02:30:00,3,Pelicans,New Orleans,NO,47,102,46.1,8,25,32.0,15,21,71.4,11,40,35,10,5,13,20,7,1,0
401468272,2023,2022-11-02,2022-11-03 02:30:00,13,Lakers,Los Angeles,LAL,45,98,45.9,10,36,27.8,20,23,87.0,11,45,30,6,8,17,17,16,1,1
401468258,2023,2022-11-01,2022-11-01 23:30:00,4,Bulls,Chicago,CHI,39,89,43.8,12,30,40.0,18,21,85.7,11,33,20,8,4,9,13,12,1,0
401468258,2023,2022-11-01,2022-11-01 23:30:00,17,Nets,Brooklyn,BKN,36,74,48.6,12,32,37.5,15,19,78.9,4,34,27,4,7,18,20,12,0,0
401468259,2023,2022-11-01,2022-11-01 23:30:00,9,Warriors,Golden State,GS,39,84,46.4,18,49,36.7,13,17,76.5,10,31,31,8,5,20,22,10,0,2
401468259,2023,2022-11-01,2022-11-01 23:30:00,14,Heat,Miami,MIA,40,88,45.5,16,42,38.1,20,20,100.0,9,30,32,7,3,15,16,9,0,1
401468260,2023,2022-11-01,2022-11-02 00:00:00,19,Magic,Orlando,ORL,39,87,44.8,10,29,34.5,20,20,100.0,12,37,20,7,10,24,14,15,1,2
401468260,2023,2022-11-01,2022-11-02 00:00:00,25,Thunder,Oklahoma City,OKC,45,95,47.4,10,34,29.4,16,20,80.0,8,28,28,13,9,15,17,10,2,0
401468261,2023,2022-11-01,2022-11-02 02:00:00,16,Timberwolves,Minnesota,MIN,37,87,42.5,13,34,38.2,20,24,83.3,10,32,24,5,4,16,24,5,2,0
401468261,2023,2022-11-01,2022-11-02 02:00:00,21,Suns,Phoenix,PHX,41,89,46.1,17,43,39.5,17,22,77.3,7,27,31,9,8,9,20,18,2,1
401468251,2023,2022-10-31,2022-10-31 23:00:00,23,Kings,Sacramento,SAC,37,85,43.5,17,44,38.6,24,28,85.7,10,32,26,8,4,19,19,9,0,0
401468251,2023,2022-10-31,2022-10-31 23:00:00,30,Hornets,Charlotte,CHA,43,84,51.2,14,29,48.3,8,14,57.1,6,32,31,11,6,20,26,15,1,1
401468252,2023,2022-10-31,2022-10-31 23:00:00,20,76ers,Philadelphia,PHI,46,83,55.4,12,30,40.0,14,20,70.0,4,33,26,14,3,13,20,18,1,0
401468252,2023,2022-10-31,2022-10-31 23:00:00,27,Wizards,Washington,WSH,38,81,46.9,10,25,40.0,25,26,96.2,9,32,22,8,4,15,18,5,1,0
401468253,2023,2022-10-31,2022-10-31 23:30:00,11,Pacers,Indiana,IND,41,87,47.1,11,39,28.2,16,23,69.6,10,28,23,11,5,24,24,2,0,0
401468253,2023,2022-10-31,2022-10-31 23:30:00,17,Nets,Brooklyn,BKN,43,80,53.8,11,30,36.7,19,20,95.0,6,33,26,11,9,19,18,24,1,1
401468254,2023,2022-10-31,2022-10-31 23:30:00,1,Hawks,Atlanta,ATL,39,84,46.4,11,29,37.9,20,25,80.0,7,30,28,1,4,18,27,3,0,0
401468254,2023,2022-10-31,2022-10-31 23:30:00,28,Raptors,Toronto,TOR,46,92,50.0,14,34,41.2,33,40,82.5,12,32,25,13,9,6,22,35,1,0
401468255,2023,2022-10-31,2022-11-01 00:00:00,8,Pistons,Detroit,DET,41,92,44.6,8,29,27.6,18,21,85.7,13,30,19,9,3,12,24,0,0,3
401468255,2023,2022-10-31,2022-11-01 00:00:00,15,Bucks,Milwaukee,MIL,38,87,43.7,11,40,27.5,23,29,79.3,14,36,20,5,5,16,21,16,0,0
401468256,2023,2022-10-31,2022-11-01 01:00:00,29,Grizzlies,Memphis,MEM,38,92,41.3,6,26,23.1,23,42,54.8,18,34,14,8,4,16,17,4,0,1
401468256,2023,2022-10-31,2022-11-01 01:00:00,26,Jazz,Utah,UTAH,42,89,47.2,19,47,40.4,18,22,81.8,11,37,26,10,6,15,30,25,1,0
401468257,2023,2022-10-31,2022-11-01 02:30:00,10,Rockets,Houston,HOU,34,88,38.6,8,28,28.6,17,23,73.9,7,37,17,9,8,13,16,5,2,0
401468257,2023,2022-10-31,2022-11-01 02:30:00,12,Clippers,LA,LAC,37,87,42.5,9,36,25.0,12,17,70.6,8,38,23,7,10,13,18,10,1,1
401468243,2023,2022-10-30,2022-10-30 19:00:00,3,Pelicans,New Orleans,NO,46,93,49.5,15,36,41.7,5,8,62.5,12,38,32,9,1,10,15,24,3,0
401468243,2023,2022-10-30,2022-10-30 19:00:00,12,Clippers,LA,LAC,36,86,41.9,11,39,28.2,8,13,61.5,8,31,24,3,6,14,15,11,1,0
401468244,2023,2022-10-30,2022-10-30 22:00:00,27,Wizards,Washington,WSH,38,98,38.8,7,32,21.9,11,16,68.8,15,36,22,5,6,8,20,0,2,0
401468244,2023,2022-10-30,2022-10-30 22:00:00,2,Celtics,Boston,BOS,36,79,45.6,21,47,44.7,19,20,95.0,4,43,29,4,5,13,15,25,1,1
401468245,2023,2022-10-30,2022-10-30 22:00:00,18,Knicks,New York,NY,45,92,48.9,10,27,37.0,8,16,50.0,12,33,26,9,2,14,25,9,0,1
401468245,2023,2022-10-30,2022-10-30 22:00:00,5,Cavaliers,Cleveland,CLE,41,89,46.1,23,50,46.0,16,19,84.2,10,33,33,3,5,14,22,15,0,0
401468246,2023,2022-10-30,2022-10-30 22:00:00,9,Warriors,Golden State,GS,39,92,42.4,12,39,30.8,24,25,96.0,13,29,23,8,4,14,24,10,1,1
401468246,2023,2022-10-30,2022-10-30 22:00:00,8,Pistons,Detroit,DET,40,83,48.2,14,33,42.4,34,38,89.5,12,35,24,4,3,15,25,19,1,0
401468247,2023,2022-10-30,2022-10-30 23:00:00,16,Timberwolves,Minnesota,MIN,40,99,40.4,4,29,13.8,14,20,70.0,16,29,21,11,7,11,23,6,0,3
401468247,2023,2022-10-30,2022-10-30 23:00:00,24,Spurs,San Antonio,SA,36,86,41.9,16,40,40.0,19,25,76.0,14,38,27,6,7,19,21,19,1,0
401468248,2023,2022-10-30,2022-10-30 23:30:00,19,Magic,Orlando,ORL,37,81,45.7,11,29,37.9,20,27,74.1,11,36,20,2,5,12,23,11,0,0
401468248,2023,2022-10-30,2022-10-30 23:30:00,6,Mavericks,Dallas,DAL,41,83,49.4,11,35,31.4,21,28,75.0,5,32,15,10,1,4,22,12,0,0
401468249,2023,2022-10-30,2022-10-31 01:00:00,10,Rockets,Houston,HOU,38,87,43.7,11,34,32.4,22,26,84.6,17,32,18,7,1,15,25,0,0,2
401468249,2023,2022-10-30,2022-10-31 01:00:00,21,Suns,Phoenix,PHX,45,84,53.6,12,40,30.0,22,30,73.3,10,26,29,9,8,11,22,15,1,1
401468250,2023,2022-10-30,2022-10-31 01:30:00,7,Nuggets,Denver,DEN,41,96,42.7,15,40,37.5,13,18,72.2,13,35,24,3,8,9,15,10,0,0
401468250,2023,2022-10-30,2022-10-31 01:30:00,13,Lakers,Los Angeles,LAL,46,96,47.9,13,30,43.3,16,20,80.0,13,38,24,5,5,8,17,13,1,0
401468236,2023,2022-10-29,2022-10-29 22:00:00,14,Heat,Miami,MIA,38,89,42.7,11,28,39.3,26,31,83.9,9,25,18,7,3,8,25,0,1,0
401468236,2023,2022-10-29,2022-10-29 22:00:00,23,Kings,Sacramento,SAC,42,76,55.3,14,31,45.2,21,29,72.4,6,37,27,1,6,20,29,22,1,0
401468237,2023,2022-10-29,2022-10-29 23:00:00,9,Warriors,Golden State,GS,44,100,44.0,13,44,29.5,12,16,75.0,10,39,31,8,6,10,31,4,0,0
401468237,2023,2022-10-29,2022-10-29 23:00:00,30,Hornets,Charlotte,CHA,43,102,42.2,10,31,32.3,24,31,77.4,15,40,32,2,2,10,14,15,0,2
401468238,2023,2022-10-29,2022-10-29 23:30:00,11,Pacers,Indiana,IND,40,94,42.6,23,46,50.0,22,26,84.6,17,36,31,7,1,10,25,15,2,0
401468238,2023,2022-10-29,2022-10-29 23:30:00,17,Nets,Brooklyn,BKN,41,82,50.0,14,39,35.9,20,26,76.9,6,28,29,6,9,9,20,10,0,0
401468239,2023,2022-10-29,2022-10-30 00:00:00,20,76ers,Philadelphia,PHI,39,79,49.4,14,29,48.3,22,27,81.5,8,33,28,8,6,17,22,19,2,0
401468239,2023,2022-10-29,2022-10-30 00:00:00,4,Bulls,Chicago,CHI,36,80,45.0,11,31,35.5,26,29,89.7,9,31,22,7,3,18,20,5,0,1
401468240,2023,2022-10-29,2022-10-30 00:00:00,1,Hawks,Atlanta,ATL,45,94,47.9,13,29,44.8,12,15,80.0,12,30,19,5,2,12,23,7,1,0
401468240,2023,2022-10-29,2022-10-30 00:00:00,15,Bucks,Milwaukee,MIL,45,92,48.9,14,36,38.9,19,29,65.5,14,35,24,8,5,11,18,12,1,1
401468241,2023,2022-10-29,2022-10-30 01:00:00,25,Thunder,Oklahoma City,OKC,44,89,49.4,5,25,20.0,24,31,77.4,9,38,25,9,6,15,29,9,0,2
401468241,2023,2022-10-29,2022-10-30 01:00:00,6,Mavericks,Dallas,DAL,38,95,40.0,8,40,20.0,27,34,79.4,12,37,17,8,5,16,30,16,0,0
401468242,2023,2022-10-29,2022-10-30 01:00:00,29,Grizzlies,Memphis,MEM,50,88,56.8,12,27,44.4,11,15,73.3,10,30,24,11,5,20,26,8,0,0
401468242,2023,2022-10-29,2022-10-30 01:00:00,26,Jazz,Utah,UTAH,45,87,51.7,19,44,43.2,15,20,75.0,10,24,30,8,6,19,17,10,1,0
401468225,2023,2022-10-28,2022-10-28 23:00:00,1,Hawks,Atlanta,ATL,55,97,56.7,12,29,41.4,14,18,77.8,10,35,31,5,8,6,26,27,1,0
401468225,2023,2022-10-28,2022-10-28 23:00:00,8,Pistons,Detroit,DET,37,86,43.0,7,32,21.9,31,38,81.6,14,28,18,2,4,10,22,2,1,0
401468226,2023,2022-10-28,2022-10-28 23:00:00,30,Hornets,Charlotte,CHA,33,86,38.4,11,38,28.9,16,24,66.7,10,37,21,3,4,14,18,5,1,1
401468226,2023,2022-10-28,2022-10-28 23:00:00,19,Magic,Orlando,ORL,42,85,49.4,10,37,27.0,19,26,73.1,5,43,28,8,5,12,22,32,0,0
401468227,2023,2022-10-28,2022-10-28 23:30:00,5,Cavaliers,Cleveland,CLE,45,87,51.7,16,35,45.7,26,34,76.5,9,33,18,5,2,15,28,13,1,0
401468227,2023,2022-10-28,2022-10-28 23:30:00,2,Celtics,Boston,BOS,42,82,51.2,13,33,39.4,26,32,81.3,5,29,28,9,2,19,27,15,0,0
401468228,2023,2022-10-28,2022-10-28 23:30:00,20,76ers,Philadelphia,PHI,43,82,52.4,16,38,42.1,10,11,90.9,7,34,25,11,6,14,20,23,1,1
401468228,2023,2022-10-28,2022-10-28 23:30:00,28,Raptors,Toronto,TOR,33,86,38.4,9,39,23.1,15,24,62.5,15,30,20,9,5,17,15,0,0,0
401468229,2023,2022-10-28,2022-10-28 23:30:00,11,Pacers,Indiana,IND,41,81,50.6,15,29,51.7,30,33,90.9,5,36,30,4,7,13,19,20,1,1
401468229,2023,2022-10-28,2022-10-28 23:30:00,27,Wizards,Washington,WSH,41,86,47.7,12,30,40.0,23,28,82.1,9,29,25,5,3,13,23,5,0,0
401468230,2023,2022-10-28,2022-10-29 00:00:00,18,Knicks,New York,NY,37,93,39.8,12,35,34.3,22,32,68.8,13,41,19,6,5,12,19,2,1,0
401468230,2023,2022-10-28,2022-10-29 00:00:00,15,Bucks,Milwaukee,MIL,42,109,38.5,13,45,28.9,22,27,81.5,19,41,23,8,8,6,23,24,1,2
401468231,2023,2022-10-28,2022-10-29 00:00:00,13,Lakers,Los Angeles,LAL,37,89,41.6,9,29,31.0,19,27,70.4,12,43,20,8,5,22,21,3,0,0
401468231,2023,2022-10-28,2022-10-29 00:00:00,16,Timberwolves,Minnesota,MIN,41,99,41.4,13,40,32.5,16,24,66.7,14,35,27,13,8,10,21,10,0,1
401468232,2023,2022-10-28,2022-10-29 00:30:00,4,Bulls,Chicago,CHI,47,99,47.5,9,27,33.3,21,26,80.8,15,27,20,13,3,12,19,9,1,0
401468232,2023,2022-10-28,2022-10-29 00:30:00,24,Spurs,San Antonio,SA,46,86,53.5,16,38,42.1,21,26,80.8,8,34,37,7,3,20,17,14,1,0
401468233,2023,2022-10-28,2022-10-29 01:00:00,26,Jazz,Utah,UTAH,38,91,41.8,10,39,25.6,15,19,78.9,8,30,24,7,8,9,30,6,1,0
401468233,2023,2022-10-28,2022-10-29 01:00:00,7,Nuggets,Denver,DEN,39,85,45.9,17,37,45.9,22,34,64.7,17,41,18,2,4,12,18,29,0,2
401468235,2023,2022-10-28,2022-10-29 02:00:00,10,Rockets,Houston,HOU,40,94,42.6,14,38,36.8,17,21,81.0,13,26,23,10,6,15,18,0,2,0
401468235,2023,2022-10-28,2022-10-29 02:00:00,22,Trail Blazers,Portland,POR,48,90,53.3,13,35,37.1,16,20,80.0,11,34,30,9,6,15,19,18,1,0
401468234,2023,2022-10-28,2022-10-29 02:15:00,3,Pelicans,New Orleans,NO,38,86,44.2,15,37,40.5,20,22,90.9,9,24,25,10,1,13,21,8,1,0
401468234,2023,2022-10-28,2022-10-29 02:15:00,21,Suns,Phoenix,PHX,48,92,52.2,10,33,30.3,18,20,90.0,14,33,33,7,7,12,18,18,0,0
401468221,2023,2022-10-27,2022-10-27 23:30:00,6,Mavericks,Dallas,DAL,41,81,50.6,20,40,50.0,27,35,77.1,7,30,25,8,4,17,23,9,1,0
401468221,2023,2022-10-27,2022-10-27 23:30:00,17,Nets,Brooklyn,BKN,43,93,46.2,12,35,34.3,27,30,90.0,13,32,20,10,6,13,28,8,2,0
401468222,2023,2022-10-27,2022-10-28 00:00:00,12,Clippers,LA,LAC,44,82,53.7,9,28,32.1,13,18,72.2,10,34,21,6,5,19,17,7,1,0
401468222,2023,2022-10-27,2022-10-28 00:00:00,25,Thunder,Oklahoma City,OKC,47,95,49.5,17,38,44.7,7,8,87.5,13,23,27,10,4,11,21,18,1,0
401468223,2023,2022-10-27,2022-10-28 02:00:00,14,Heat,Miami,MIA,39,88,44.3,14,43,32.6,18,22,81.8,8,23,25,16,5,12,15,3,0,0
401468223,2023,2022-10-27,2022-10-28 02:00:00,9,Warriors,Golden State,GS,46,92,50.0,18,46,39.1,13,15,86.7,16,34,30,4,2,19,13,13,2,2
401468224,2023,2022-10-27,2022-10-28 02:00:00,29,Grizzlies,Memphis,MEM,49,92,53.3,14,33,42.4,13,18,72.2,11,32,27,5,3,12,18,17,2,1
401468224,2023,2022-10-27,2022-10-28 02:00:00,23,Kings,Sacramento,SAC,40,83,48.2,12,38,31.6,18,22,81.8,9,31,28,5,2,13,20,10,0,0
401468211,2023,2022-10-26,2022-10-26 23:00:00,19,Magic,Orlando,ORL,35,81,43.2,6,24,25.0,16,21,76.2,10,33,19,6,6,16,29,4,1,0
401468211,2023,2022-10-26,2022-10-26 23:00:00,5,Cavaliers,Cleveland,CLE,36,87,41.4,10,33,30.3,21,30,70.0,12,31,25,6,3,12,22,12,1,1
401468212,2023,2022-10-26,2022-10-26 23:00:00,1,Hawks,Atlanta,ATL,45,91,49.5,8,22,36.4,20,25,80.0,10,36,22,6,12,12,20,12,0,0
401468212,2023,2022-10-26,2022-10-26 23:00:00,8,Pistons,Detroit,DET,42,91,46.2,14,32,43.8,15,22,68.2,10,30,23,4,6,13,25,8,1,3
401468213,2023,2022-10-26,2022-10-26 23:30:00,30,Hornets,Charlotte,CHA,49,99,49.5,13,31,41.9,20,30,66.7,9,33,31,9,5,15,24,5,0,1
401468213,2023,2022-10-26,2022-10-26 23:30:00,18,Knicks,New York,NY,52,97,53.6,11,30,36.7,19,22,86.4,12,34,26,5,11,16,24,12,0,0
401468214,2023,2022-10-26,2022-10-26 23:30:00,20,76ers,Philadelphia,PHI,40,79,50.6,16,36,44.4,13,19,68.4,4,30,29,6,2,12,12,4,1,0
401468214,2023,2022-10-26,2022-10-26 23:30:00,28,Raptors,Toronto,TOR,46,84,54.8,16,37,43.2,11,14,78.6,6,33,32,9,5,9,21,17,0,0
401468215,2023,2022-10-26,2022-10-26 23:30:00,17,Nets,Brooklyn,BKN,34,86,39.5,7,27,25.9,24,30,80.0,7,30,23,7,6,14,24,12,0,5
401468215,2023,2022-10-26,2022-10-26 23:30:00,15,Bucks,Milwaukee,MIL,39,88,44.3,10,36,27.8,22,29,75.9,14,40,21,8,12,18,22,15,1,2
401468216,2023,2022-10-26,2022-10-27 00:00:00,11,Pacers,Indiana,IND,37,86,43.0,16,40,40.0,19,24,79.2,6,32,31,5,12,16,18,5,4,2
401468216,2023,2022-10-26,2022-10-27 00:00:00,4,Bulls,Chicago,CHI,43,87,49.4,16,30,53.3,22,24,91.7,9,35,34,10,5,17,25,24,1,0
401468217,2023,2022-10-26,2022-10-27 00:00:00,24,Spurs,San Antonio,SA,43,95,45.3,16,36,44.4,20,22,90.9,14,27,34,6,2,16,18,1,0,0
401468217,2023,2022-10-26,2022-10-27 00:00:00,16,Timberwolves,Minnesota,MIN,52,80,65.0,20,34,58.8,10,16,62.5,0,30,37,9,6,16,19,17,1,0
401468218,2023,2022-10-26,2022-10-27 01:00:00,10,Rockets,Houston,HOU,36,94,38.3,11,40,27.5,18,24,75.0,14,35,19,7,2,19,30,1,0,1
401468218,2023,2022-10-26,2022-10-27 01:00:00,26,Jazz,Utah,UTAH,38,90,42.2,13,45,28.9,20,30,66.7,11,42,28,11,5,15,28,19,1,1
401468220,2023,2022-10-26,2022-10-27 02:00:00,14,Heat,Miami,MIA,44,87,50.6,15,38,39.5,16,19,84.2,15,31,34,13,2,16,22,26,2,1
401468220,2023,2022-10-26,2022-10-27 02:00:00,22,Trail Blazers,Portland,POR,34,78,43.6,12,37,32.4,18,26,69.2,11,27,20,9,4,19,17,8,0,0
401468219,2023,2022-10-26,2022-10-27 02:15:00,13,Lakers,Los Angeles,LAL,40,90,44.4,8,30,26.7,11,16,68.8,7,40,25,8,4,14,16,2,0,2
401468219,2023,2022-10-26,2022-10-27 02:15:00,7,Nuggets,Denver,DEN,42,92,45.7,9,34,26.5,17,21,81.0,9,45,34,12,5,11,17,18,0,1
401468207,2023,2022-10-25,2022-10-25 23:00:00,8,Pistons,Detroit,DET,36,88,40.9,8,28,28.6,19,25,76.0,11,30,12,6,1,13,26,5,0,0
401468207,2023,2022-10-25,2022-10-25 23:00:00,27,Wizards,Washington,WSH,44,85,51.8,10,33,30.3,22,26,84.6,9,38,26,7,7,11,21,23,1,1
401468208,2023,2022-10-25,2022-10-25 23:30:00,6,Mavericks,Dallas,DAL,41,82,50.0,12,39,30.8,17,24,70.8,11,26,18,8,5,11,16,7,1,1
401468208,2023,2022-10-25,2022-10-25 23:30:00,3,Pelicans,New Orleans,NO,44,76,57.9,12,27,44.4,13,18,72.2,4,22,25,7,3,14,21,16,0,0
401468209,2023,2022-10-25,2022-10-26 00:00:00,12,Clippers,LA,LAC,35,83,42.2,10,31,32.3,14,18,77.8,7,40,21,5,14,18,18,2,1,1
401468209,2023,2022-10-25,2022-10-26 00:00:00,25,Thunder,Oklahoma City,OKC,42,110,38.2,4,30,13.3,20,25,80.0,21,39,19,12,8,5,13,26,1,0
401468210,2023,2022-10-25,2022-10-26 02:00:00,9,Warriors,Golden State,GS,41,91,45.1,10,35,28.6,13,17,76.5,10,30,28,7,7,13,28,4,3,4
401468210,2023,2022-10-25,2022-10-26 02:00:00,21,Suns,Phoenix,PHX,47,92,51.1,12,29,41.4,28,34,82.4,14,34,31,8,4,13,19,29,1,3
401468199,2023,2022-10-24,2022-10-24 23:00:00,11,Pacers,Indiana,IND,38,90,42.2,12,44,27.3,18,23,78.3,14,33,27,3,4,13,23,4,0,0
401468199,2023,2022-10-24,2022-10-24 23:00:00,20,76ers,Philadelphia,PHI,38,80,47.5,19,43,44.2,25,28,89.3,7,32,25,8,7,7,20,20,1,0
401468200,2023,2022-10-24,2022-10-24 23:30:00,28,Raptors,Toronto,TOR,34,86,39.5,14,32,43.8,16,20,80.0,10,42,22,6,6,12,22,11,0,1
401468200,2023,2022-10-24,2022-10-24 23:30:00,14,Heat,Miami,MIA,29,83,34.9,8,34,23.5,24,27,88.9,8,38,19,5,3,12,15,8,0,0
401468201,2023,2022-10-24,2022-10-24 23:30:00,19,Magic,Orlando,ORL,36,86,41.9,7,35,20.0,23,27,85.2,13,28,14,6,4,12,23,4,1,0
401468201,2023,2022-10-24,2022-10-24 23:30:00,18,Knicks,New York,NY,43,93,46.2,11,37,29.7,18,25,72.0,18,32,24,7,3,13,24,14,1,0
401468202,2023,2022-10-24,2022-10-25 00:00:00,2,Celtics,Boston,BOS,37,100,37.0,18,48,38.0,10,12,83.0,14,31,26,5,7,10,24,19,1,4
401468202,2023,2022-10-24,2022-10-25 00:00:00,4,Bulls,Chicago,CHI,42,87,48.0,10,21,48.0,26,29,90.0,14,46,29,4,6,13,18,23,1,0
401468203,2023,2022-10-24,2022-10-25 00:00:00,26,Jazz,Utah,UTAH,44,93,47.3,11,32,34.4,9,16,56.3,18,31,23,8,10,20,27,1,0,0
401468203,2023,2022-10-24,2022-10-25 00:00:00,10,Rockets,Houston,HOU,38,90,42.2,11,35,31.4,27,32,84.4,17,30,17,7,7,15,20,10,1,0
401468204,2023,2022-10-24,2022-10-25 00:00:00,17,Nets,Brooklyn,BKN,47,87,54.0,9,29,31.0,21,26,80.8,9,26,27,4,7,11,30,7,0,2
401468204,2023,2022-10-24,2022-10-25 00:00:00,29,Grizzlies,Memphis,MEM,47,94,50.0,16,34,47.1,24,31,77.4,12,26,21,7,3,8,22,15,1,2
401468205,2023,2022-10-24,2022-10-25 00:00:00,24,Spurs,San Antonio,SA,48,105,45.7,12,37,32.4,7,13,53.8,14,36,37,11,0,13,21,35,0,0
401468205,2023,2022-10-24,2022-10-25 00:00:00,16,Timberwolves,Minnesota,MIN,38,86,44.2,8,31,25.8,22,24,91.7,10,40,24,7,5,16,18,3,0,0
401468206,2023,2022-10-24,2022-10-25 02:00:00,7,Nuggets,Denver,DEN,45,91,49.5,12,31,38.7,8,14,57.1,10,28,28,4,1,8,28,13,0,1
401468206,2023,2022-10-24,2022-10-25 02:00:00,22,Trail Blazers,Portland,POR,48,83,57.8,16,35,45.7,23,31,74.2,9,36,23,3,6,8,15,27,2,0
401468192,2023,2022-10-23,2022-10-23 19:30:00,22,Trail Blazers,Portland,POR,37,84,44.0,10,27,37.0,22,27,81.5,13,39,19,6,5,19,20,12,0,1
401468192,2023,2022-10-23,2022-10-23 19:30:00,13,Lakers,Los Angeles,LAL,41,92,44.6,6,33,18.2,16,20,80.0,10,30,26,9,9,13,24,8,0,0
401468193,2023,2022-10-23,2022-10-23 21:00:00,30,Hornets,Charlotte,CHA,47,90,52.2,11,26,42.3,21,30,70.0,14,38,28,7,6,13,24,20,1,0
401468193,2023,2022-10-23,2022-10-23 21:00:00,1,Hawks,Atlanta,ATL,39,95,41.1,8,35,22.9,23,28,82.1,16,29,23,8,9,12,21,13,0,1
401468194,2023,2022-10-23,2022-10-23 23:00:00,27,Wizards,Washington,WSH,43,87,49.4,12,28,42.9,9,15,60.0,4,31,25,9,4,18,24,10,2,0
401468194,2023,2022-10-23,2022-10-23 23:00:00,5,Cavaliers,Cleveland,CLE,41,96,42.7,13,33,39.4,22,25,88.0,16,32,19,10,5,13,20,15,0,1
401468195,2023,2022-10-23,2022-10-23 23:00:00,26,Jazz,Utah,UTAH,43,98,43.9,13,38,34.2,23,28,82.1,15,29,29,13,6,16,20,17,1,0
401468195,2023,2022-10-23,2022-10-23 23:00:00,3,Pelicans,New Orleans,NO,48,102,47.1,8,27,29.6,17,22,77.3,14,31,30,8,6,17,22,5,0,1
401468196,2023,2022-10-23,2022-10-24 00:00:00,16,Timberwolves,Minnesota,MIN,46,88,52.3,10,34,29.4,14,22,63.6,12,42,24,9,3,15,17,22,0,1
401468196,2023,2022-10-23,2022-10-24 00:00:00,25,Thunder,Oklahoma City,OKC,41,94,43.6,9,41,22.0,15,21,71.4,11,31,24,7,4,11,15,0,0,0
401468197,2023,2022-10-23,2022-10-24 00:30:00,23,Kings,Sacramento,SAC,47,100,47.0,11,43,25.6,20,25,80.0,13,38,31,10,2,16,29,0,0,0
401468197,2023,2022-10-23,2022-10-24 00:30:00,9,Warriors,Golden State,GS,45,87,51.7,14,33,42.4,26,36,72.2,6,31,24,7,5,13,21,26,0,1
401468198,2023,2022-10-23,2022-10-24 02:00:00,21,Suns,Phoenix,PHX,43,93,46.2,15,42,35.7,11,12,91.7,13,36,29,5,3,12,18,22,1,0
401468198,2023,2022-10-23,2022-10-24 02:00:00,12,Clippers,LA,LAC,36,82,43.9,9,32,28.1,14,20,70.0,9,34,16,10,0,14,18,0,1,0
401468183,2023,2022-10-22,2022-10-22 22:00:00,24,Spurs,San Antonio,SA,43,89,48.3,16,38,42.1,12,15,80.0,12,31,27,5,7,14,20,12,0,0
401468183,2023,2022-10-22,2022-10-22 22:00:00,20,76ers,Philadelphia,PHI,37,84,44.0,10,31,32.3,21,28,75.0,12,28,26,6,5,12,15,8,0,0
401468184,2023,2022-10-22,2022-10-22 23:00:00,8,Pistons,Detroit,DET,37,95,38.9,18,42,42.9,23,30,76.7,17,36,26,5,3,13,20,14,1,1
401468184,2023,2022-10-22,2022-10-22 23:00:00,11,Pacers,Indiana,IND,45,103,43.7,16,42,38.1,18,24,75.0,20,39,28,7,15,11,21,12,0,2
401468185,2023,2022-10-22,2022-10-22 23:00:00,2,Celtics,Boston,BOS,42,87,48.3,19,47,40.4,23,28,82.1,7,30,24,5,6,8,21,9,0,0
401468185,2023,2022-10-22,2022-10-22 23:00:00,19,Magic,Orlando,ORL,45,95,47.4,15,34,44.1,15,23,65.2,12,36,21,5,7,9,24,7,0,1
401468186,2023,2022-10-22,2022-10-23 00:00:00,28,Raptors,Toronto,TOR,37,87,42.5,14,39,35.9,21,28,75.0,8,29,24,9,5,6,25,3,0,1
401468186,2023,2022-10-22,2022-10-23 00:00:00,14,Heat,Miami,MIA,38,76,50.0,11,30,36.7,25,27,92.6,6,38,28,2,2,15,26,24,1,2
401468187,2023,2022-10-22,2022-10-23 00:00:00,5,Cavaliers,Cleveland,CLE,48,85,56.5,16,27,59.3,16,18,88.9,8,40,32,4,5,17,17,32,1,0
401468187,2023,2022-10-22,2022-10-23 00:00:00,4,Bulls,Chicago,CHI,34,84,40.5,7,29,24.1,21,25,84.0,10,25,19,12,7,10,19,8,0,4
401468188,2023,2022-10-22,2022-10-23 00:00:00,10,Rockets,Houston,HOU,36,93,38.7,16,37,43.2,17,22,77.3,15,32,20,9,6,12,22,0,2,0
401468188,2023,2022-10-22,2022-10-23 00:00:00,15,Bucks,Milwaukee,MIL,48,85,56.5,16,31,51.6,13,21,61.9,8,39,29,6,10,16,22,27,0,1
401468189,2023,2022-10-22,2022-10-23 00:30:00,29,Grizzlies,Memphis,MEM,34,79,43.0,9,33,27.3,19,24,79.2,6,23,20,4,8,17,29,0,1,0
401468189,2023,2022-10-22,2022-10-23 00:30:00,6,Mavericks,Dallas,DAL,45,90,50.0,17,39,43.6,30,36,83.3,15,37,23,7,7,15,24,42,0,0
401468190,2023,2022-10-22,2022-10-23 01:00:00,25,Thunder,Oklahoma City,OKC,42,94,44.7,15,38,39.5,18,23,78.3,10,37,29,10,5,12,27,6,1,0
401468190,2023,2022-10-22,2022-10-23 01:00:00,7,Nuggets,Denver,DEN,42,85,49.4,20,38,52.6,18,31,58.1,9,37,33,5,6,18,21,9,0,1
401468191,2023,2022-10-22,2022-10-23 02:00:00,12,Clippers,LA,LAC,41,81,50.6,9,22,40.9,20,22,90.9,5,35,24,8,3,13,21,12,0,3
401468191,2023,2022-10-22,2022-10-23 02:00:00,23,Kings,Sacramento,SAC,40,85,47.1,14,35,40.0,15,26,57.7,9,30,24,5,5,12,21,7,0,0
401468172,2023,2022-10-21,2022-10-21 23:00:00,3,Pelicans,New Orleans,NO,42,89,47.2,8,22,36.4,32,37,86.5,15,38,23,9,7,15,14,16,1,2
401468172,2023,2022-10-21,2022-10-21 23:00:00,30,Hornets,Charlotte,CHA,44,97,45.4,13,34,38.2,11,14,78.6,11,26,30,9,4,13,24,0,1,0
401468173,2023,2022-10-21,2022-10-21 23:00:00,24,Spurs,San Antonio,SA,44,81,54.3,17,31,54.8,32,44,72.7,7,30,34,9,4,17,22,21,0,0
401468173,2023,2022-10-21,2022-10-21 23:00:00,11,Pacers,Indiana,IND,51,104,49.0,11,35,31.4,21,22,95.5,14,28,32,8,6,16,34,0,0,0
401468174,2023,2022-10-21,2022-10-21 23:00:00,4,Bulls,Chicago,CHI,33,79,41.8,7,27,25.9,27,33,81.8,10,28,19,8,3,13,15,6,0,0
401468174,2023,2022-10-21,2022-10-21 23:00:00,27,Wizards,Washington,WSH,41,80,51.2,10,26,38.5,10,11,90.9,5,34,26,8,8,16,22,17,1,1
401468175,2023,2022-10-21,2022-10-21 23:30:00,19,Magic,Orlando,ORL,33,80,41.3,8,34,23.5,24,30,80.0,10,34,16,9,7,19,19,13,0,0
401468175,2023,2022-10-21,2022-10-21 23:30:00,1,Hawks,Atlanta,ATL,40,89,44.9,13,31,41.9,15,16,93.8,9,37,26,10,2,17,22,14,0,1
401468176,2023,2022-10-21,2022-10-21 23:30:00,28,Raptors,Toronto,TOR,41,84,48.8,11,28,39.3,12,18,66.7,8,33,25,9,4,13,21,10,2,0
401468176,2023,2022-10-21,2022-10-21 23:30:00,17,Nets,Brooklyn,BKN,38,80,47.5,13,35,37.1,20,29,69.0,13,31,26,3,13,13,19,12,0,0
401468177,2023,2022-10-21,2022-10-21 23:30:00,2,Celtics,Boston,BOS,41,79,51.9,14,33,42.4,15,15,100.0,12,31,17,4,11,19,23,14,1,0
401468177,2023,2022-10-21,2022-10-21 23:30:00,14,Heat,Miami,MIA,42,92,45.7,8,26,30.8,12,15,80.0,11,25,23,8,3,9,18,5,1,1
401468178,2023,2022-10-21,2022-10-21 23:30:00,8,Pistons,Detroit,DET,39,90,43.3,9,36,25.0,19,32,59.4,13,36,26,6,2,15,21,3,0,0
401468178,2023,2022-10-21,2022-10-21 23:30:00,18,Knicks,New York,NY,50,95,52.6,16,38,42.1,14,22,63.6,11,39,29,4,6,12,26,29,0,0
401468179,2023,2022-10-21,2022-10-22 00:00:00,29,Grizzlies,Memphis,MEM,45,98,45.9,19,42,45.2,20,29,69.0,17,33,26,8,10,12,21,10,0,0
401468179,2023,2022-10-21,2022-10-22 00:00:00,10,Rockets,Houston,HOU,44,93,47.3,16,35,45.7,18,30,60.0,13,32,18,4,6,14,22,16,0,0
401468180,2023,2022-10-21,2022-10-22 00:00:00,26,Jazz,Utah,UTAH,49,111,44.1,20,50,40.0,14,21,66.7,19,35,39,11,8,13,23,7,0,0
401468180,2023,2022-10-21,2022-10-22 00:00:00,16,Timberwolves,Minnesota,MIN,49,107,45.8,11,33,33.3,17,23,73.9,21,39,20,5,7,20,22,17,0,0
401468181,2023,2022-10-21,2022-10-22 02:00:00,7,Nuggets,Denver,DEN,46,86,53.5,15,34,44.1,21,25,84.0,12,29,30,10,2,20,22,20,0,0
401468181,2023,2022-10-21,2022-10-22 02:00:00,9,Warriors,Golden State,GS,42,88,47.7,15,44,34.1,24,27,88.9,7,28,34,10,3,18,23,3,1,0
401468182,2023,2022-10-21,2022-10-22 02:00:00,21,Suns,Phoenix,PHX,43,94,45.7,10,27,37.0,15,21,71.4,9,32,31,14,1,16,29,12,1,0
401468182,2023,2022-10-21,2022-10-22 02:00:00,22,Trail Blazers,Portland,POR,36,82,43.9,10,29,34.5,31,36,86.1,13,35,14,8,5,18,19,5,3,0
401468170,2023,2022-10-20,2022-10-20 23:30:00,15,Bucks,Milwaukee,MIL,34,84,40.5,13,42,31.0,9,14,64.3,7,41,24,4,6,12,16,13,2,0
401468170,2023,2022-10-20,2022-10-20 23:30:00,20,76ers,Philadelphia,PHI,36,83,43.4,5,24,20.8,11,13,84.6,6,38,17,6,5,10,14,2,0,1
401468171,2023,2022-10-20,2022-10-21 02:00:00,12,Clippers,LA,LAC,37,80,46.3,9,29,31.0,20,31,64.5,10,48,18,7,7,22,24,16,1,0
401468171,2023,2022-10-20,2022-10-21 02:00:00,13,Lakers,Los Angeles,LAL,33,94,35.1,9,45,20.0,22,26,84.6,8,30,23,13,5,10,24,3,0,0
401468018,2023,2022-10-19,2022-10-19 23:00:00,19,Magic,Orlando,ORL,42,86,48.8,11,30,36.7,14,19,73.7,10,38,21,5,5,18,24,15,0,0
401468018,2023,2022-10-19,2022-10-19 23:00:00,8,Pistons,Detroit,DET,40,94,42.6,14,38,36.8,19,24,79.2,12,29,31,11,4,12,21,12,1,0
401468019,2023,2022-10-19,2022-10-19 23:00:00,27,Wizards,Washington,WSH,42,92,45.7,11,31,35.5,19,24,79.2,14,39,21,5,10,16,19,18,1,0
401468019,2023,2022-10-19,2022-10-19 23:00:00,11,Pacers,Indiana,IND,39,97,40.2,15,42,35.7,14,21,66.7,12,30,21,7,5,15,20,0,0,1
401468020,2023,2022-10-19,2022-10-19 23:30:00,10,Rockets,Houston,HOU,42,98,42.9,9,35,25.7,14,15,93.3,15,39,25,4,3,15,20,6,1,0
401468020,2023,2022-10-19,2022-10-19 23:30:00,1,Hawks,Atlanta,ATL,45,90,50.0,7,25,28.0,20,24,83.3,4,34,30,12,5,9,18,14,0,0
401468021,2023,2022-10-19,2022-10-19 23:30:00,3,Pelicans,New Orleans,NO,50,102,49.0,12,26,46.2,18,25,72.0,21,40,31,9,4,12,21,26,1,0
401468021,2023,2022-10-19,2022-10-19 23:30:00,17,Nets,Brooklyn,BKN,40,89,44.9,10,33,30.3,18,24,75.0,9,30,22,10,10,16,25,0,0,1
401468022,2023,2022-10-19,2022-10-19 23:30:00,4,Bulls,Chicago,CHI,41,93,44.1,13,36,36.1,21,28,75.0,12,34,23,12,6,14,26,15,1,1
401468022,2023,2022-10-19,2022-10-19 23:30:00,14,Heat,Miami,MIA,37,80,46.3,12,28,42.9,22,28,78.6,8,38,21,6,2,19,24,9,0,0
401468023,2023,2022-10-19,2022-10-19 23:30:00,5,Cavaliers,Cleveland,CLE,38,77,49.4,10,28,35.7,19,23,82.6,6,32,25,5,5,17,21,8,0,0
401468023,2023,2022-10-19,2022-10-19 23:30:00,28,Raptors,Toronto,TOR,36,86,41.9,13,30,43.3,23,32,71.9,12,29,19,15,4,13,23,11,0,0
401468024,2023,2022-10-19,2022-10-19 23:30:00,18,Knicks,New York,NY,44,109,40.4,9,37,24.3,15,18,83.3,18,36,28,7,5,12,26,2,0,0
401468024,2023,2022-10-19,2022-10-19 23:30:00,29,Grizzlies,Memphis,MEM,42,108,38.9,17,50,34.0,14,23,60.9,20,44,27,6,7,13,17,19,1,1
401468025,2023,2022-10-19,2022-10-20 00:00:00,25,Thunder,Oklahoma City,OKC,38,99,38.4,14,45,31.1,18,22,81.8,16,41,22,6,6,13,26,6,1,0
401468025,2023,2022-10-19,2022-10-20 00:00:00,16,Timberwolves,Minnesota,MIN,39,94,41.5,10,38,26.3,27,33,81.8,14,41,25,6,5,14,21,16,0,1
401468026,2023,2022-10-19,2022-10-20 00:00:00,30,Hornets,Charlotte,CHA,48,94,51.1,13,29,44.8,20,23,87.0,14,37,26,7,10,15,20,35,0,0
401468026,2023,2022-10-19,2022-10-20 00:00:00,24,Spurs,San Antonio,SA,40,99,40.4,7,34,20.6,15,21,71.4,14,30,22,8,8,15,19,0,0,0
401468027,2023,2022-10-19,2022-10-20 01:00:00,7,Nuggets,Denver,DEN,40,83,48.2,5,22,22.7,17,18,94.4,10,25,21,10,3,21,23,5,0,0
401468027,2023,2022-10-19,2022-10-20 01:00:00,26,Jazz,Utah,UTAH,42,83,50.6,16,38,42.1,23,31,74.2,11,32,27,10,1,19,21,24,1,2
401468028,2023,2022-10-19,2022-10-20 02:00:00,6,Mavericks,Dallas,DAL,35,75,46.7,14,35,40.0,21,34,61.8,5,35,17,6,4,12,22,22,0,2
401468028,2023,2022-10-19,2022-10-20 02:00:00,21,Suns,Phoenix,PHX,40,85,47.1,8,22,36.4,19,22,86.4,8,32,25,4,5,12,29,5,0,0
401468029,2023,2022-10-19,2022-10-20 02:00:00,22,Trail Blazers,Portland,POR,39,88,44.3,11,28,39.3,26,33,78.8,11,33,20,11,2,11,17,14,0,0
401468029,2023,2022-10-19,2022-10-20 02:00:00,23,Kings,Sacramento,SAC,39,85,45.9,17,44,38.6,13,19,68.4,4,37,27,8,5,15,25,10,1,1
401468016,2023,2022-10-18,2022-10-18 23:30:00,20,76ers,Philadelphia,PHI,40,80,50.0,13,34,38.2,24,28,85.7,4,27,16,8,3,14,25,8,0,0
401468016,2023,2022-10-18,2022-10-18 23:30:00,2,Celtics,Boston,BOS,46,82,56.1,12,35,34.3,22,28,78.6,6,30,24,8,3,10,24,16,1,2
401468017,2023,2022-10-18,2022-10-19 02:00:00,13,Lakers,Los Angeles,LAL,40,94,42.6,10,40,25.0,19,25,76.0,9,39,23,12,4,21,18,2,1,0
401468017,2023,2022-10-18,2022-10-19 02:00:00,9,Warriors,Golden State,GS,45,99,45.5,16,45,35.6,17,23,73.9,11,37,31,11,4,18,23,27,0,0
