game_id,season,game_date,game_date_time,team_id,team_display_name,team_location,team_name,team_abbreviation,team_home_away,team_score,field_goals_made,field_goals_attempted,field_goal_pct,three_point_field_goals_made,three_point_field_goals_attempted,three_point_field_goal_pct,free_throws_made,free_throws_attempted,free_throw_pct,offensive_rebounds,defensive_rebounds,total_rebounds,assists,steals,blocks,turnovers,fouls,largest_lead,team_turnovers,total_technical_fouls,opponent_team_id,opponent_team_display_name,opponent_team_score
401766128,2025,2025-06-22,2025-06-23 00:00:00,11,Indiana Pacers,Indiana,Pacers,IND,away,91,29,70,41.0,11,28,39.0,22,29,76.0,12,33,45,17,6,4,21,24,5,2,0,25,Oklahoma City Thunder,103
401766128,2025,2025-06-22,2025-06-23 00:00:00,25,Oklahoma City Thunder,Oklahoma City,Thunder,OKC,home,103,35,87,40.0,11,40,28.0,22,31,71.0,13,27,40,20,14,8,7,23,22,1,0,11,Indiana Pacers,91
401766127,2025,2025-06-19,2025-06-20 00:30:00,25,Oklahoma City Thunder,Oklahoma City,Thunder,OKC,away,91,31,74,42.0,8,30,27.0,21,26,81.0,4,37,41,14,4,4,21,20,8,0,0,11,Indiana Pacers,108
401766127,2025,2025-06-19,2025-06-20 00:30:00,11,Indiana Pacers,Indiana,Pacers,IND,home,108,38,92,41.0,15,42,36.0,17,25,68.0,11,35,46,23,16,5,10,17,31,1,2,25,Oklahoma City Thunder,91
401766126,2025,2025-06-16,2025-06-17 00:30:00,11,Indiana Pacers,Indiana,Pacers,IND,away,109,37,82,45.0,11,30,37.0,24,30,80.0,18,32,50,23,9,4,22,25,3,1,1,25,Oklahoma City Thunder,120
401766126,2025,2025-06-16,2025-06-17 00:30:00,25,Oklahoma City Thunder,Oklahoma City,Thunder,OKC,home,120,40,94,43.0,14,32,44.0,26,32,81.0,19,26,45,24,15,12,11,24,18,0,0,11,Indiana Pacers,109
401766125,2025,2025-06-13,2025-06-14 00:30:00,25,Oklahoma City Thunder,Oklahoma City,Thunder,OKC,away,111,37,78,47.0,3,16,19.0,34,38,89.0,12,31,43,11,12,3,13,26,7,3,1,11,Indiana Pacers,104
401766125,2025,2025-06-13,2025-06-14 00:30:00,11,Indiana Pacers,Indiana,Pacers,IND,home,104,34,80,43.0,11,36,31.0,25,33,76.0,7,26,33,21,11,3,15,27,10,1,1,25,Oklahoma City Thunder,111
401766124,2025,2025-06-11,2025-06-12 00:30:00,25,Oklahoma City Thunder,Oklahoma City,Thunder,OKC,away,107,37,79,47.0,10,22,45.0,23,30,77.0,9,33,42,16,6,4,17,20,9,2,0,11,Indiana Pacers,116
401766124,2025,2025-06-11,2025-06-12 00:30:00,11,Indiana Pacers,Indiana,Pacers,IND,home,116,44,85,52.0,9,27,33.0,19,22,86.0,7,29,36,24,13,11,13,24,9,1,0,25,Oklahoma City Thunder,107
401766123,2025,2025-06-08,2025-06-09 00:00:00,11,Indiana Pacers,Indiana,Pacers,IND,away,107,37,82,45.0,14,40,35.0,19,26,73.0,7,28,35,27,9,6,15,25,3,0,0,25,Oklahoma City Thunder,123
401766123,2025,2025-06-08,2025-06-09 00:00:00,25,Oklahoma City Thunder,Oklahoma City,Thunder,OKC,home,123,40,82,49.0,14,36,39.0,29,33,88.0,11,32,43,25,10,4,13,20,23,1,0,11,Indiana Pacers,107
401766122,2025,2025-06-05,2025-06-06 00:30:00,11,Indiana Pacers,Indiana,Pacers,IND,away,111,39,82,48.0,18,39,46.0,15,21,71.0,13,43,56,24,1,7,24,22,1,1,0,25,Oklahoma City Thunder,110
401766122,2025,2025-06-05,2025-06-06 00:30:00,25,Oklahoma City Thunder,Oklahoma City,Thunder,OKC,home,110,39,98,40.0,11,30,37.0,21,24,88.0,10,29,39,13,14,6,6,19,15,1,0,11,Indiana Pacers,111
401772994,2025,2025-05-31,2025-06-01 00:00:00,18,New York Knicks,New York,Knicks,NY,away,108,41,86,48.0,9,32,28.0,17,26,65.0,13,28,41,23,10,6,17,16,5,1,0,11,Indiana Pacers,125
401772994,2025,2025-05-31,2025-06-01 00:00:00,11,Indiana Pacers,Indiana,Pacers,IND,home,125,46,85,54.0,17,33,52.0,16,19,84.0,6,30,36,30,10,9,12,23,21,1,0,18,New York Knicks,108
401772993,2025,2025-05-29,2025-05-30 00:00:00,11,Indiana Pacers,Indiana,Pacers,IND,away,94,30,74,41.0,10,30,33.0,24,29,83.0,8,32,40,20,10,7,20,22,0,0,0,18,New York Knicks,111
401772993,2025,2025-05-29,2025-05-30 00:00:00,18,New York Knicks,New York,Knicks,NY,home,111,44,89,49.0,8,29,28.0,15,22,68.0,11,34,45,22,11,3,15,22,22,0,0,11,Indiana Pacers,94
401773152,2025,2025-05-28,2025-05-29 00:30:00,16,Minnesota Timberwolves,Minnesota,Timberwolves,MIN,away,94,35,85,41.0,12,34,35.0,12,15,80.0,8,31,39,16,7,6,21,20,3,0,1,25,Oklahoma City Thunder,124
401773152,2025,2025-05-28,2025-05-29 00:30:00,25,Oklahoma City Thunder,Oklahoma City,Thunder,OKC,home,124,46,88,52.0,14,35,40.0,18,21,86.0,7,39,46,26,14,8,14,20,39,2,0,16,Minnesota Timberwolves,94
401772992,2025,2025-05-27,2025-05-28 00:00:00,18,New York Knicks,New York,Knicks,NY,away,121,38,82,46.0,12,28,43.0,33,39,85.0,13,31,44,17,7,4,17,27,2,0,0,11,Indiana Pacers,130
401772992,2025,2025-05-27,2025-05-28 00:00:00,11,Indiana Pacers,Indiana,Pacers,IND,home,130,45,88,51.0,13,32,41.0,27,32,84.0,5,28,33,29,11,4,11,27,15,0,0,18,New York Knicks,121
401773151,2025,2025-05-26,2025-05-27 00:30:00,25,Oklahoma City Thunder,Oklahoma City,Thunder,OKC,away,128,48,95,51.0,16,37,43.0,16,21,76.0,19,17,36,22,14,5,14,22,11,0,0,16,Minnesota Timberwolves,126
401773151,2025,2025-05-26,2025-05-27 00:30:00,16,Minnesota Timberwolves,Minnesota,Timberwolves,MIN,home,126,43,84,51.0,18,41,44.0,22,28,79.0,19,22,41,30,8,3,21,20,2,2,0,25,Oklahoma City Thunder,128
401772991,2025,2025-05-25,2025-05-26 00:00:00,18,New York Knicks,New York,Knicks,NY,away,106,34,78,44.0,11,32,34.0,27,30,90.0,9,28,37,13,7,4,14,25,6,1,0,11,Indiana Pacers,100
401772991,2025,2025-05-25,2025-05-26 00:00:00,11,Indiana Pacers,Indiana,Pacers,IND,home,100,34,77,44.0,5,25,20.0,27,33,82.0,6,32,38,21,9,4,12,27,20,2,0,18,New York Knicks,106
401773150,2025,2025-05-24,2025-05-25 00:30:00,25,Oklahoma City Thunder,Oklahoma City,Thunder,OKC,away,101,35,86,41.0,14,44,32.0,17,19,89.0,5,26,31,19,5,3,14,20,4,1,0,16,Minnesota Timberwolves,143
401773150,2025,2025-05-24,2025-05-25 00:30:00,16,Minnesota Timberwolves,Minnesota,Timberwolves,MIN,home,143,55,96,57.0,20,40,50.0,13,17,76.0,11,39,50,30,6,3,10,18,45,0,0,25,Oklahoma City Thunder,101
401772990,2025,2025-05-23,2025-05-24 00:00:00,11,Indiana Pacers,Indiana,Pacers,IND,away,114,43,83,52.0,13,30,43.0,15,21,71.0,7,25,32,26,6,3,10,23,10,0,1,18,New York Knicks,109
401772990,2025,2025-05-23,2025-05-24 00:00:00,18,New York Knicks,New York,Knicks,NY,home,109,40,84,48.0,11,32,34.0,18,21,86.0,10,28,38,18,6,4,12,19,7,1,0,11,Indiana Pacers,114
401773149,2025,2025-05-22,2025-05-23 00:30:00,16,Minnesota Timberwolves,Minnesota,Timberwolves,MIN,away,103,36,87,41.0,11,39,28.0,20,26,77.0,13,28,41,20,2,7,14,20,2,0,0,25,Oklahoma City Thunder,118
401773149,2025,2025-05-22,2025-05-23 00:30:00,25,Oklahoma City Thunder,Oklahoma City,Thunder,OKC,home,118,45,90,50.0,9,33,27.0,19,24,79.0,9,33,42,30,9,3,6,22,24,2,1,16,Minnesota Timberwolves,103
401772989,2025,2025-05-21,2025-05-22 00:00:00,11,Indiana Pacers,Indiana,Pacers,IND,away,138,51,100,51.0,15,37,41.0,21,28,75.0,11,28,39,26,6,3,7,24,7,0,0,18,New York Knicks,135
401772989,2025,2025-05-21,2025-05-22 00:00:00,18,New York Knicks,New York,Knicks,NY,home,135,48,94,51.0,11,34,32.0,28,40,70.0,13,33,46,24,7,8,15,23,17,0,0,11,Indiana Pacers,138
401773148,2025,2025-05-20,2025-05-21 00:30:00,16,Minnesota Timberwolves,Minnesota,Timberwolves,MIN,away,88,29,83,35.0,15,51,29.0,15,21,71.0,12,30,42,18,5,7,17,22,9,2,1,25,Oklahoma City Thunder,114
401773148,2025,2025-05-20,2025-05-21 00:30:00,25,Oklahoma City Thunder,Oklahoma City,Thunder,OKC,home,114,41,82,50.0,11,21,52.0,21,26,81.0,9,37,46,27,13,3,12,22,26,3,1,16,Minnesota Timberwolves,88
401769992,2025,2025-05-18,2025-05-18 19:30:00,7,Denver Nuggets,Denver,Nuggets,DEN,away,93,33,84,39.0,10,44,23.0,17,22,77.0,15,32,47,20,6,2,22,19,11,1,0,25,Oklahoma City Thunder,125
401769992,2025,2025-05-18,2025-05-18 19:30:00,25,Oklahoma City Thunder,Oklahoma City,Thunder,OKC,home,125,47,96,49.0,12,39,31.0,19,24,79.0,15,29,44,28,16,3,9,19,43,1,0,7,Denver Nuggets,93
401769751,2025,2025-05-16,2025-05-17 00:00:00,2,Boston Celtics,Boston,Celtics,BOS,away,81,31,86,36.0,12,40,30.0,7,10,70.0,9,27,36,19,4,3,15,22,1,1,0,18,New York Knicks,119
401769751,2025,2025-05-16,2025-05-17 00:00:00,18,New York Knicks,New York,Knicks,NY,home,119,42,91,46.0,16,45,36.0,19,21,90.0,15,40,55,25,7,6,14,23,41,0,0,2,Boston Celtics,81
401769991,2025,2025-05-15,2025-05-16 00:30:00,25,Oklahoma City Thunder,Oklahoma City,Thunder,OKC,away,107,43,92,47.0,11,40,28.0,10,16,63.0,7,33,40,25,11,4,11,28,12,0,0,7,Denver Nuggets,119
401769991,2025,2025-05-15,2025-05-16 00:30:00,7,Denver Nuggets,Denver,Nuggets,DEN,home,119,40,86,47.0,12,32,38.0,27,32,84.0,11,41,52,27,8,6,14,16,16,2,0,25,Oklahoma City Thunder,107
401769987,2025,2025-05-14,2025-05-15 01:30:00,9,Golden State Warriors,Golden State,Warriors,GS,away,110,39,90,43.0,11,39,28.0,21,30,70.0,18,22,40,21,14,1,17,21,1,0,0,16,Minnesota Timberwolves,121
401769987,2025,2025-05-14,2025-05-15 01:30:00,16,Minnesota Timberwolves,Minnesota,Timberwolves,MIN,home,121,49,78,63.0,13,31,42.0,10,15,67.0,6,33,39,36,11,4,20,19,25,1,0,9,Golden State Warriors,110
401769750,2025,2025-05-14,2025-05-14 23:00:00,18,New York Knicks,New York,Knicks,NY,away,102,29,81,36.0,12,30,40.0,32,40,80.0,12,28,40,17,5,4,10,20,9,1,1,2,Boston Celtics,127
401769750,2025,2025-05-14,2025-05-14 23:00:00,2,Boston Celtics,Boston,Celtics,BOS,home,127,44,84,52.0,22,49,45.0,17,26,65.0,12,32,44,27,3,12,8,25,28,1,2,18,New York Knicks,102
401769990,2025,2025-05-13,2025-05-14 01:30:00,7,Denver Nuggets,Denver,Nuggets,DEN,away,105,40,97,41.0,13,46,28.0,12,13,92.0,16,33,49,20,10,3,15,22,12,1,0,25,Oklahoma City Thunder,112
401769990,2025,2025-05-13,2025-05-14 01:30:00,25,Oklahoma City Thunder,Oklahoma City,Thunder,OKC,home,112,41,82,50.0,12,29,41.0,18,23,78.0,8,35,43,23,7,6,14,16,10,0,0,7,Denver Nuggets,105
401769743,2025,2025-05-13,2025-05-13 23:00:00,11,Indiana Pacers,Indiana,Pacers,IND,away,114,41,82,50.0,15,35,43.0,17,22,77.0,5,42,47,26,8,8,13,27,12,1,0,5,Cleveland Cavaliers,105
401769743,2025,2025-05-13,2025-05-13 23:00:00,5,Cleveland Cavaliers,Cleveland,Cavaliers,CLE,home,105,35,90,39.0,9,35,26.0,26,37,70.0,15,31,46,10,8,3,11,23,19,1,0,11,Indiana Pacers,114
401769840,2025,2025-05-12,2025-05-13 02:00:00,16,Minnesota Timberwolves,Minnesota,Timberwolves,MIN,away,117,39,79,49.0,16,34,47.0,23,26,88.0,6,32,38,22,9,5,19,23,21,2,0,9,Golden State Warriors,110
401769840,2025,2025-05-12,2025-05-13 02:00:00,9,Golden State Warriors,Golden State,Warriors,GS,home,110,37,85,44.0,8,27,30.0,28,33,85.0,14,24,38,18,10,1,15,25,5,1,0,16,Minnesota Timberwolves,117
401769749,2025,2025-05-12,2025-05-12 23:30:00,2,Boston Celtics,Boston,Celtics,BOS,away,113,38,79,48.0,18,48,38.0,19,26,73.0,7,24,31,15,8,2,12,16,14,0,0,18,New York Knicks,121
401769749,2025,2025-05-12,2025-05-12 23:30:00,18,New York Knicks,New York,Knicks,NY,home,121,50,92,54.0,12,34,35.0,9,12,75.0,13,30,43,25,5,2,12,20,12,0,0,2,Boston Celtics,113
401769742,2025,2025-05-11,2025-05-12 00:00:00,5,Cleveland Cavaliers,Cleveland,Cavaliers,CLE,away,109,30,70,43.0,14,35,40.0,35,40,88.0,10,31,41,20,8,4,22,28,0,0,2,11,Indiana Pacers,129
401769742,2025,2025-05-11,2025-05-12 00:00:00,11,Indiana Pacers,Indiana,Pacers,IND,home,129,49,93,53.0,15,35,43.0,16,20,80.0,8,29,37,37,6,2,10,27,44,1,1,5,Cleveland Cavaliers,109
401769823,2025,2025-05-11,2025-05-11 19:30:00,25,Oklahoma City Thunder,Oklahoma City,Thunder,OKC,away,92,31,87,36.0,10,41,24.0,20,26,77.0,15,40,55,20,9,2,14,26,15,0,0,7,Denver Nuggets,87
401769823,2025,2025-05-11,2025-05-11 19:30:00,7,Denver Nuggets,Denver,Nuggets,DEN,home,87,25,80,31.0,11,45,24.0,26,36,72.0,12,37,49,17,9,3,13,23,8,1,1,25,Oklahoma City Thunder,92
401769839,2025,2025-05-10,2025-05-11 00:30:00,16,Minnesota Timberwolves,Minnesota,Timberwolves,MIN,away,102,36,82,44.0,13,34,38.0,17,21,81.0,13,31,44,28,4,7,18,23,10,3,0,9,Golden State Warriors,97
401769839,2025,2025-05-10,2025-05-11 00:30:00,9,Golden State Warriors,Golden State,Warriors,GS,home,97,35,81,43.0,10,23,43.0,17,21,81.0,12,24,36,21,6,7,14,24,7,1,0,16,Minnesota Timberwolves,102
401769748,2025,2025-05-10,2025-05-10 19:30:00,2,Boston Celtics,Boston,Celtics,BOS,away,115,40,83,48.0,20,40,50.0,15,17,88.0,12,30,42,23,6,8,8,26,31,4,0,18,New York Knicks,93
401769748,2025,2025-05-10,2025-05-10 19:30:00,18,New York Knicks,New York,Knicks,NY,home,93,32,80,40.0,5,25,20.0,24,35,69.0,17,26,43,16,3,2,11,16,0,0,0,2,Boston Celtics,115
401769822,2025,2025-05-09,2025-05-10 02:25:00,25,Oklahoma City Thunder,Oklahoma City,Thunder,OKC,away,104,40,104,38.0,9,35,26.0,15,22,68.0,18,36,54,24,7,6,11,21,9,0,1,7,Denver Nuggets,113
401769822,2025,2025-05-09,2025-05-10 02:25:00,7,Denver Nuggets,Denver,Nuggets,DEN,home,113,39,85,46.0,16,40,40.0,19,24,79.0,5,44,49,25,9,7,14,21,9,2,1,25,Oklahoma City Thunder,104
401769741,2025,2025-05-09,2025-05-09 23:30:00,5,Cleveland Cavaliers,Cleveland,Cavaliers,CLE,away,126,42,100,42.0,14,47,30.0,28,37,76.0,18,38,56,24,5,7,14,26,26,0,1,11,Indiana Pacers,104
401769741,2025,2025-05-09,2025-05-09 23:30:00,11,Indiana Pacers,Indiana,Pacers,IND,home,104,35,80,44.0,9,30,30.0,25,34,74.0,4,33,37,26,6,8,13,29,0,0,5,5,Cleveland Cavaliers,126
401769838,2025,2025-05-08,2025-05-09 00:30:00,9,Golden State Warriors,Golden State,Warriors,GS,away,93,34,76,45.0,9,32,28.0,16,25,64.0,10,32,42,23,8,2,17,16,0,3,1,16,Minnesota Timberwolves,117
401769838,2025,2025-05-08,2025-05-09 00:30:00,16,Minnesota Timberwolves,Minnesota,Timberwolves,MIN,home,117,44,87,51.0,16,37,43.0,13,20,65.0,11,28,39,33,10,5,12,22,25,1,0,9,Golden State Warriors,93
401769821,2025,2025-05-07,2025-05-08 01:30:00,7,Denver Nuggets,Denver,Nuggets,DEN,away,106,33,87,38.0,15,37,41.0,25,32,78.0,13,25,38,18,4,6,20,29,2,1,1,25,Oklahoma City Thunder,149
401769821,2025,2025-05-07,2025-05-08 01:30:00,25,Oklahoma City Thunder,Oklahoma City,Thunder,OKC,home,149,50,89,56.0,16,36,44.0,33,36,92.0,8,36,44,31,12,8,9,24,49,0,1,7,Denver Nuggets,106
401769747,2025,2025-05-07,2025-05-07 23:00:00,18,New York Knicks,New York,Knicks,NY,away,91,37,86,43.0,9,31,29.0,8,10,80.0,10,36,46,19,11,5,15,16,3,1,0,2,Boston Celtics,90
401769747,2025,2025-05-07,2025-05-07 23:00:00,2,Boston Celtics,Boston,Celtics,BOS,home,90,34,94,36.0,10,40,25.0,12,15,80.0,16,35,51,17,9,5,16,17,20,1,0,18,New York Knicks,91
401769837,2025,2025-05-06,2025-05-07 01:30:00,9,Golden State Warriors,Golden State,Warriors,GS,away,99,34,87,39.0,18,42,43.0,13,15,87.0,18,33,51,26,10,2,12,18,23,6,0,16,Minnesota Timberwolves,88
401769837,2025,2025-05-06,2025-05-07 01:30:00,16,Minnesota Timberwolves,Minnesota,Timberwolves,MIN,home,88,34,86,40.0,5,29,17.0,15,17,88.0,12,29,41,19,7,6,16,21,4,0,0,9,Golden State Warriors,99
401769740,2025,2025-05-06,2025-05-06 23:00:00,11,Indiana Pacers,Indiana,Pacers,IND,away,120,44,85,52.0,11,28,39.0,21,29,72.0,11,33,44,28,7,9,17,26,5,1,1,5,Cleveland Cavaliers,119
401769740,2025,2025-05-06,2025-05-06 23:00:00,5,Cleveland Cavaliers,Cleveland,Cavaliers,CLE,home,119,39,90,43.0,11,39,28.0,30,35,86.0,14,29,43,24,11,5,13,21,20,0,1,11,Indiana Pacers,120
401769820,2025,2025-05-05,2025-05-06 01:30:00,7,Denver Nuggets,Denver,Nuggets,DEN,away,121,42,95,44.0,10,32,31.0,27,33,82.0,21,42,63,18,6,5,18,21,8,0,0,25,Oklahoma City Thunder,119
401769820,2025,2025-05-05,2025-05-06 01:30:00,25,Oklahoma City Thunder,Oklahoma City,Thunder,OKC,home,119,42,100,42.0,15,43,35.0,20,28,71.0,13,30,43,27,12,11,9,27,14,0,0,7,Denver Nuggets,121
401769746,2025,2025-05-05,2025-05-05 23:00:00,18,New York Knicks,New York,Knicks,NY,away,108,37,87,43.0,17,37,46.0,17,31,55.0,12,37,49,19,10,2,12,19,6,1,0,2,Boston Celtics,105
401769746,2025,2025-05-05,2025-05-05 23:00:00,2,Boston Celtics,Boston,Celtics,BOS,home,105,34,97,35.0,15,60,25.0,22,26,85.0,19,40,59,18,4,5,13,22,20,1,0,18,New York Knicks,108
401767914,2025,2025-05-04,2025-05-05 00:30:00,9,Golden State Warriors,Golden State,Warriors,GS,away,103,39,82,48.0,18,43,42.0,7,9,78.0,3,35,38,24,6,8,7,14,20,0,1,10,Houston Rockets,89
401767914,2025,2025-05-04,2025-05-05 00:30:00,10,Houston Rockets,Houston,Rockets,HOU,home,89,34,84,40.0,6,18,33.0,15,21,71.0,14,38,52,14,5,5,11,14,2,0,0,9,Golden State Warriors,103
401769689,2025,2025-05-04,2025-05-04 22:00:00,11,Indiana Pacers,Indiana,Pacers,IND,away,121,44,83,53.0,19,36,53.0,14,15,93.0,7,36,43,30,6,9,16,20,12,1,0,5,Cleveland Cavaliers,112
401769689,2025,2025-05-04,2025-05-04 22:00:00,5,Cleveland Cavaliers,Cleveland,Cavaliers,CLE,home,112,45,98,46.0,9,38,24.0,13,18,72.0,13,30,43,25,8,1,7,16,4,1,0,11,Indiana Pacers,121
401768066,2025,2025-05-03,2025-05-03 23:30:00,12,LA Clippers,LA,Clippers,LAC,away,101,39,82,48.0,8,27,30.0,15,22,68.0,5,31,36,30,10,9,14,17,6,1,0,7,Denver Nuggets,120
401768066,2025,2025-05-03,2025-05-03 23:30:00,7,Denver Nuggets,Denver,Nuggets,DEN,home,120,47,90,52.0,11,29,38.0,15,21,71.0,11,35,46,24,11,4,12,23,35,0,1,12,LA Clippers,101
401767913,2025,2025-05-02,2025-05-03 01:00:00,10,Houston Rockets,Houston,Rockets,HOU,away,115,35,78,45.0,12,30,40.0,33,46,72.0,11,35,46,23,12,5,11,18,17,2,0,9,Golden State Warriors,107
401767913,2025,2025-05-02,2025-05-03 01:00:00,9,Golden State Warriors,Golden State,Warriors,GS,home,107,37,90,41.0,15,49,31.0,18,22,82.0,13,29,42,26,6,6,16,30,2,1,0,10,Houston Rockets,115
401768065,2025,2025-05-01,2025-05-02 02:00:00,7,Denver Nuggets,Denver,Nuggets,DEN,away,105,44,84,52.0,11,27,41.0,6,9,67.0,10,29,39,24,6,7,12,14,7,2,0,12,LA Clippers,111
401768065,2025,2025-05-01,2025-05-02 02:00:00,12,LA Clippers,LA,Clippers,LAC,home,111,43,86,50.0,12,39,31.0,13,15,87.0,9,26,35,23,9,9,7,15,15,0,0,7,Denver Nuggets,105
401768045,2025,2025-05-01,2025-05-01 23:30:00,18,New York Knicks,New York,Knicks,NY,away,116,41,86,48.0,10,30,33.0,24,30,80.0,13,30,43,18,6,4,16,22,15,1,0,8,Detroit Pistons,113
401768045,2025,2025-05-01,2025-05-01 23:30:00,8,Detroit Pistons,Detroit,Pistons,DET,home,113,38,81,47.0,9,34,26.0,28,33,85.0,6,30,36,25,9,3,15,23,7,0,2,18,New York Knicks,116
401768058,2025,2025-04-30,2025-05-01 02:00:00,16,Minnesota Timberwolves,Minnesota,Timberwolves,MIN,away,103,36,89,40.0,7,47,15.0,24,33,73.0,18,36,54,25,8,5,11,23,14,2,0,13,Los Angeles Lakers,96
401768058,2025,2025-04-30,2025-05-01 02:00:00,13,Los Angeles Lakers,Los Angeles,Lakers,LAL,home,96,33,78,42.0,11,37,30.0,19,25,76.0,8,29,37,24,5,1,15,25,2,0,0,16,Minnesota Timberwolves,103
401767912,2025,2025-04-30,2025-04-30 23:30:00,9,Golden State Warriors,Golden State,Warriors,GS,away,116,43,103,42.0,15,44,34.0,15,22,68.0,25,24,49,25,10,5,14,27,3,0,3,10,Houston Rockets,131
401767912,2025,2025-04-30,2025-04-30 23:30:00,10,Houston Rockets,Houston,Rockets,HOU,home,131,43,78,55.0,13,30,43.0,32,38,84.0,8,31,39,23,9,7,12,22,31,1,1,9,Golden State Warriors,116
401768064,2025,2025-04-29,2025-04-30 02:00:00,12,LA Clippers,LA,Clippers,LAC,away,115,43,82,52.0,11,29,38.0,18,28,64.0,10,28,38,29,6,8,10,21,0,0,1,7,Denver Nuggets,131
401768064,2025,2025-04-29,2025-04-30 02:00:00,7,Denver Nuggets,Denver,Nuggets,DEN,home,131,48,86,56.0,17,33,52.0,18,23,78.0,8,30,38,29,7,7,9,21,22,1,1,12,LA Clippers,115
401768032,2025,2025-04-29,2025-04-30 00:30:00,19,Orlando Magic,Orlando,Magic,ORL,away,89,33,88,38.0,8,38,21.0,15,22,68.0,15,29,44,19,7,2,9,20,9,3,0,2,Boston Celtics,120
401768032,2025,2025-04-29,2025-04-30 00:30:00,2,Boston Celtics,Boston,Celtics,BOS,home,120,43,76,57.0,13,24,54.0,21,24,88.0,3,35,38,30,5,3,11,18,34,0,0,19,Orlando Magic,89
401768044,2025,2025-04-29,2025-04-29 23:30:00,8,Detroit Pistons,Detroit,Pistons,DET,away,106,36,85,42.0,8,29,28.0,26,36,72.0,12,33,45,21,9,9,13,24,10,1,2,18,New York Knicks,103
401768044,2025,2025-04-29,2025-04-29 23:30:00,18,New York Knicks,New York,Knicks,NY,home,103,39,90,43.0,9,25,36.0,16,27,59.0,15,34,49,19,5,10,13,27,5,2,1,8,Detroit Pistons,106
401768050,2025,2025-04-29,2025-04-29 22:00:00,15,Milwaukee Bucks,Milwaukee,Bucks,MIL,away,118,41,90,46.0,19,40,47.0,17,26,65.0,13,40,53,25,9,4,17,23,20,1,1,11,Indiana Pacers,119
401768050,2025,2025-04-29,2025-04-29 22:00:00,11,Indiana Pacers,Indiana,Pacers,IND,home,119,43,93,46.0,12,33,36.0,21,28,75.0,9,36,45,24,10,4,12,19,5,1,0,15,Milwaukee Bucks,118
401767911,2025,2025-04-28,2025-04-29 02:00:00,10,Houston Rockets,Houston,Rockets,HOU,away,106,38,77,49.0,11,23,48.0,19,31,61.0,13,28,41,18,6,6,13,21,7,0,2,9,Golden State Warriors,109
401767911,2025,2025-04-28,2025-04-29 02:00:00,9,Golden State Warriors,Golden State,Warriors,GS,home,109,36,86,42.0,17,46,37.0,20,22,91.0,9,25,34,27,7,2,8,22,12,2,3,10,Houston Rockets,106
401768037,2025,2025-04-28,2025-04-28 23:30:00,5,Cleveland Cavaliers,Cleveland,Cavaliers,CLE,away,138,47,86,55.0,22,47,47.0,22,25,88.0,8,43,51,26,15,6,11,12,60,1,1,14,Miami Heat,83
401768037,2025,2025-04-28,2025-04-28 23:30:00,14,Miami Heat,Miami,Heat,MIA,home,83,32,89,36.0,10,49,20.0,9,15,60.0,15,30,45,17,4,2,19,18,1,0,0,5,Cleveland Cavaliers,138
401768049,2025,2025-04-27,2025-04-28 01:30:00,11,Indiana Pacers,Indiana,Pacers,IND,away,129,50,83,60.0,18,39,46.0,11,13,85.0,5,36,41,36,3,7,11,16,26,1,2,15,Milwaukee Bucks,103
401768049,2025,2025-04-27,2025-04-28 01:30:00,15,Milwaukee Bucks,Milwaukee,Bucks,MIL,home,103,37,89,42.0,15,37,41.0,14,17,82.0,9,24,33,25,6,1,7,18,0,1,3,11,Indiana Pacers,129
401768031,2025,2025-04-27,2025-04-27 23:00:00,2,Boston Celtics,Boston,Celtics,BOS,away,107,34,78,44.0,9,31,29.0,30,32,94.0,11,35,46,17,7,7,10,17,9,1,2,19,Orlando Magic,98
401768031,2025,2025-04-27,2025-04-27 23:00:00,19,Orlando Magic,Orlando,Magic,ORL,home,98,38,88,43.0,8,30,27.0,14,20,70.0,7,31,38,23,5,4,10,24,8,0,1,2,Boston Celtics,107
401768057,2025,2025-04-27,2025-04-27 19:50:00,13,Los Angeles Lakers,Los Angeles,Lakers,LAL,away,113,36,80,45.0,19,47,40.0,22,25,88.0,11,30,41,23,6,7,10,23,12,2,1,16,Minnesota Timberwolves,116
401768057,2025,2025-04-27,2025-04-27 19:50:00,16,Minnesota Timberwolves,Minnesota,Timberwolves,MIN,home,116,38,90,42.0,14,36,39.0,26,33,79.0,18,31,49,19,8,2,9,19,4,0,1,13,Los Angeles Lakers,113
401768043,2025,2025-04-27,2025-04-27 17:00:00,18,New York Knicks,New York,Knicks,NY,away,94,34,91,37.0,15,33,45.0,11,18,61.0,12,26,38,19,11,3,10,17,16,0,0,8,Detroit Pistons,93
401768043,2025,2025-04-27,2025-04-27 17:00:00,8,Detroit Pistons,Detroit,Pistons,DET,home,93,36,84,43.0,7,29,24.0,14,17,82.0,14,40,54,18,6,9,17,17,11,2,0,18,New York Knicks,94
401767910,2025,2025-04-26,2025-04-27 00:30:00,10,Houston Rockets,Houston,Rockets,HOU,away,93,34,86,40.0,11,28,39.0,14,24,58.0,15,36,51,19,5,6,14,17,13,1,1,9,Golden State Warriors,104
401767910,2025,2025-04-26,2025-04-27 00:30:00,9,Golden State Warriors,Golden State,Warriors,GS,home,104,39,90,43.0,14,45,31.0,12,15,80.0,10,35,45,26,9,6,10,21,11,0,1,10,Houston Rockets,93
401768063,2025,2025-04-26,2025-04-26 22:00:00,7,Denver Nuggets,Denver,Nuggets,DEN,away,101,40,87,46.0,10,29,34.0,11,16,69.0,12,35,47,28,7,4,12,17,22,2,3,12,LA Clippers,99
401768063,2025,2025-04-26,2025-04-26 22:00:00,12,LA Clippers,LA,Clippers,LAC,home,99,39,88,44.0,10,30,33.0,11,16,69.0,13,30,43,25,7,5,9,20,1,1,3,7,Denver Nuggets,101
401767905,2025,2025-04-26,2025-04-26 19:30:00,25,Oklahoma City Thunder,Oklahoma City,Thunder,OKC,away,117,41,94,44.0,7,35,20.0,28,35,80.0,12,21,33,22,13,7,8,20,12,0,0,29,Memphis Grizzlies,115
401767905,2025,2025-04-26,2025-04-26 19:30:00,29,Memphis Grizzlies,Memphis,Grizzlies,MEM,home,115,37,80,46.0,12,31,39.0,29,30,97.0,10,41,51,24,4,10,21,32,7,1,0,25,Oklahoma City Thunder,117
401768036,2025,2025-04-26,2025-04-26 17:00:00,5,Cleveland Cavaliers,Cleveland,Cavaliers,CLE,away,124,46,86,53.0,15,40,38.0,17,20,85.0,13,33,46,32,7,1,9,15,40,2,0,14,Miami Heat,87
401768036,2025,2025-04-26,2025-04-26 17:00:00,14,Miami Heat,Miami,Heat,MIA,home,87,32,76,42.0,16,34,47.0,7,10,70.0,5,24,29,18,6,3,16,17,9,1,0,5,Cleveland Cavaliers,124
401768056,2025,2025-04-25,2025-04-26 01:53:00,13,Los Angeles Lakers,Los Angeles,Lakers,LAL,away,104,37,78,47.0,17,40,43.0,13,20,65.0,7,31,38,21,5,7,16,23,5,3,0,16,Minnesota Timberwolves,116
401768056,2025,2025-04-25,2025-04-26 01:53:00,16,Minnesota Timberwolves,Minnesota,Timberwolves,MIN,home,116,44,91,48.0,13,36,36.0,15,21,71.0,9,29,38,24,10,5,8,19,12,3,0,13,Los Angeles Lakers,104
401768048,2025,2025-04-25,2025-04-26 00:00:00,11,Indiana Pacers,Indiana,Pacers,IND,away,101,39,90,43.0,13,41,32.0,10,13,77.0,7,33,40,32,8,4,14,20,12,0,1,15,Milwaukee Bucks,117
401768048,2025,2025-04-25,2025-04-26 00:00:00,15,Milwaukee Bucks,Milwaukee,Bucks,MIL,home,117,42,89,47.0,15,41,37.0,18,22,82.0,10,38,48,28,8,4,13,18,22,0,0,11,Indiana Pacers,101
401768030,2025,2025-04-25,2025-04-25 23:00:00,2,Boston Celtics,Boston,Celtics,BOS,away,93,33,74,45.0,9,27,33.0,18,22,82.0,8,31,39,15,9,5,19,20,11,2,0,19,Orlando Magic,95
401768030,2025,2025-04-25,2025-04-25 23:00:00,19,Orlando Magic,Orlando,Magic,ORL,home,95,34,83,41.0,8,32,25.0,19,26,73.0,15,27,42,16,9,4,13,23,12,1,0,2,Boston Celtics,93
401768062,2025,2025-04-24,2025-04-25 02:00:00,7,Denver Nuggets,Denver,Nuggets,DEN,away,83,31,77,40.0,7,26,27.0,14,20,70.0,11,27,38,20,4,3,16,21,7,0,0,12,LA Clippers,117
401768062,2025,2025-04-24,2025-04-25 02:00:00,12,LA Clippers,LA,Clippers,LAC,home,117,40,83,48.0,18,39,46.0,19,28,68.0,15,33,48,26,4,8,10,18,34,1,0,7,Denver Nuggets,83
401767904,2025,2025-04-24,2025-04-25 01:30:00,25,Oklahoma City Thunder,Oklahoma City,Thunder,OKC,away,114,39,86,45.0,13,38,34.0,23,33,70.0,12,31,43,24,10,4,11,23,6,0,0,29,Memphis Grizzlies,108
401767904,2025,2025-04-24,2025-04-25 01:30:00,29,Memphis Grizzlies,Memphis,Grizzlies,MEM,home,108,36,83,43.0,14,42,33.0,22,26,85.0,9,32,41,23,9,7,16,23,29,0,0,25,Oklahoma City Thunder,114
401768042,2025,2025-04-24,2025-04-24 23:00:00,18,New York Knicks,New York,Knicks,NY,away,118,40,86,47.0,12,32,38.0,26,29,90.0,9,31,40,22,11,7,9,22,14,2,3,8,Detroit Pistons,116
401768042,2025,2025-04-24,2025-04-24 23:00:00,8,Detroit Pistons,Detroit,Pistons,DET,home,116,39,86,45.0,16,37,43.0,22,27,81.0,11,32,43,22,6,4,14,28,4,0,2,18,New York Knicks,118
401767909,2025,2025-04-23,2025-04-24 01:30:00,9,Golden State Warriors,Golden State,Warriors,GS,away,94,33,80,41.0,17,43,40.0,11,18,61.0,7,26,33,22,7,6,15,18,0,0,3,10,Houston Rockets,109
401767909,2025,2025-04-23,2025-04-24 01:30:00,10,Houston Rockets,Houston,Rockets,HOU,home,109,39,86,45.0,15,40,38.0,16,20,80.0,11,36,47,21,9,4,10,17,20,3,3,9,Golden State Warriors,94
401768035,2025,2025-04-23,2025-04-23 23:30:00,14,Miami Heat,Miami,Heat,MIA,away,112,42,81,52.0,16,45,36.0,12,16,75.0,9,29,38,27,3,3,13,19,9,1,0,5,Cleveland Cavaliers,121
401768035,2025,2025-04-23,2025-04-23 23:30:00,5,Cleveland Cavaliers,Cleveland,Cavaliers,CLE,home,121,39,82,48.0,22,45,49.0,21,23,91.0,6,28,34,24,10,1,8,13,19,1,0,14,Miami Heat,112
401768029,2025,2025-04-23,2025-04-23 23:00:00,19,Orlando Magic,Orlando,Magic,ORL,away,100,39,82,48.0,7,29,24.0,15,24,63.0,7,27,34,18,6,4,7,23,1,0,0,2,Boston Celtics,109
401768029,2025,2025-04-23,2025-04-23 23:00:00,2,Boston Celtics,Boston,Celtics,BOS,home,109,36,80,45.0,12,37,32.0,25,33,76.0,13,33,46,17,6,4,10,19,15,1,1,19,Orlando Magic,100
401767915,2025,2025-04-22,2025-04-23 02:00:00,16,Minnesota Timberwolves,Minnesota,Timberwolves,MIN,away,85,30,79,38.0,5,25,20.0,20,25,80.0,9,25,34,14,6,2,11,22,2,2,1,13,Los Angeles Lakers,94
401767915,2025,2025-04-22,2025-04-23 02:00:00,13,Los Angeles Lakers,Los Angeles,Lakers,LAL,home,94,34,75,45.0,6,29,21.0,20,20,100.0,9,32,41,23,4,6,12,24,22,2,0,16,Minnesota Timberwolves,85
401767903,2025,2025-04-22,2025-04-22 23:30:00,29,Memphis Grizzlies,Memphis,Grizzlies,MEM,away,99,39,91,43.0,10,31,32.0,11,14,79.0,9,33,42,17,3,5,14,13,0,1,1,25,Oklahoma City Thunder,118
401767903,2025,2025-04-22,2025-04-22 23:30:00,25,Oklahoma City Thunder,Oklahoma City,Thunder,OKC,home,118,45,104,43.0,15,45,33.0,13,16,81.0,16,39,55,21,8,8,7,16,23,0,0,29,Memphis Grizzlies,99
401768047,2025,2025-04-22,2025-04-22 23:00:00,15,Milwaukee Bucks,Milwaukee,Bucks,MIL,away,115,44,87,51.0,14,35,40.0,13,19,68.0,12,31,43,26,3,6,15,19,0,1,2,11,Indiana Pacers,123
401768047,2025,2025-04-22,2025-04-22 23:00:00,11,Indiana Pacers,Indiana,Pacers,IND,home,123,44,90,49.0,16,36,44.0,19,19,100.0,7,31,38,30,8,3,8,19,16,0,2,15,Milwaukee Bucks,115
401768061,2025,2025-04-21,2025-04-22 02:00:00,12,LA Clippers,LA,Clippers,LAC,away,105,41,85,48.0,13,34,38.0,10,12,83.0,7,25,32,24,13,5,11,19,7,0,2,7,Denver Nuggets,102
401768061,2025,2025-04-21,2025-04-22 02:00:00,7,Denver Nuggets,Denver,Nuggets,DEN,home,102,37,79,47.0,14,32,44.0,14,22,64.0,15,35,50,23,8,1,20,14,8,0,1,12,LA Clippers,105
401768041,2025,2025-04-21,2025-04-21 23:30:00,8,Detroit Pistons,Detroit,Pistons,DET,away,100,33,74,45.0,6,27,22.0,28,34,82.0,12,36,48,11,7,4,15,24,15,1,0,18,New York Knicks,94
401768041,2025,2025-04-21,2025-04-21 23:30:00,18,New York Knicks,New York,Knicks,NY,home,94,34,81,42.0,10,35,29.0,16,19,84.0,7,27,34,15,8,1,14,22,3,0,0,8,Detroit Pistons,100
401767823,2025,2025-04-20,2025-04-21 01:30:00,9,Golden State Warriors,Golden State,Warriors,GS,away,95,36,76,47.0,12,32,38.0,11,14,79.0,6,30,36,20,14,1,11,18,23,3,0,10,Houston Rockets,85
401767823,2025,2025-04-20,2025-04-21 01:30:00,10,Houston Rockets,Houston,Rockets,HOU,home,85,34,87,39.0,6,29,21.0,11,20,55.0,22,30,52,19,9,3,16,15,8,1,0,9,Golden State Warriors,95
401767816,2025,2025-04-20,2025-04-20 23:00:00,14,Miami Heat,Miami,Heat,MIA,away,100,39,80,49.0,13,31,42.0,9,12,75.0,11,26,37,23,5,4,14,15,2,0,0,5,Cleveland Cavaliers,121
401767816,2025,2025-04-20,2025-04-20 23:00:00,5,Cleveland Cavaliers,Cleveland,Cavaliers,CLE,home,121,45,88,51.0,18,43,42.0,13,16,81.0,14,28,42,21,8,4,7,13,21,1,0,14,Miami Heat,100
401767822,2025,2025-04-20,2025-04-20 19:30:00,19,Orlando Magic,Orlando,Magic,ORL,away,86,34,81,42.0,10,27,37.0,8,11,73.0,13,28,41,17,5,5,15,17,3,0,0,2,Boston Celtics,103
401767822,2025,2025-04-20,2025-04-20 19:30:00,2,Boston Celtics,Boston,Celtics,BOS,home,103,37,82,45.0,16,37,43.0,13,18,72.0,9,33,42,22,13,5,9,13,19,2,0,19,Orlando Magic,86
401767818,2025,2025-04-20,2025-04-20 17:00:00,29,Memphis Grizzlies,Memphis,Grizzlies,MEM,away,80,32,93,34.0,6,34,18.0,10,12,83.0,13,30,43,18,7,4,22,15,4,2,0,25,Oklahoma City Thunder,131
401767818,2025,2025-04-20,2025-04-20 17:00:00,25,Oklahoma City Thunder,Oklahoma City,Thunder,OKC,home,131,50,99,51.0,17,48,35.0,14,15,93.0,12,42,54,36,12,8,15,16,56,1,0,29,Memphis Grizzlies,80
401767821,2025,2025-04-19,2025-04-20 00:30:00,16,Minnesota Timberwolves,Minnesota,Timberwolves,MIN,away,117,44,86,51.0,21,42,50.0,8,10,80.0,11,33,44,29,8,4,10,21,27,0,2,13,Los Angeles Lakers,95
401767821,2025,2025-04-19,2025-04-20 00:30:00,13,Los Angeles Lakers,Los Angeles,Lakers,LAL,home,95,33,83,40.0,15,41,37.0,14,16,88.0,13,25,38,15,5,4,13,10,8,0,1,16,Minnesota Timberwolves,117
401767820,2025,2025-04-19,2025-04-19 22:00:00,8,Detroit Pistons,Detroit,Pistons,DET,away,112,41,86,48.0,15,32,47.0,15,20,75.0,11,26,37,23,6,9,19,21,9,2,3,18,New York Knicks,123
401767820,2025,2025-04-19,2025-04-19 22:00:00,18,New York Knicks,New York,Knicks,NY,home,123,49,93,53.0,10,26,38.0,15,17,88.0,8,28,36,26,12,9,9,21,13,2,0,8,Detroit Pistons,112
401767819,2025,2025-04-19,2025-04-19 19:30:00,12,LA Clippers,LA,Clippers,LAC,away,110,43,86,50.0,12,33,36.0,12,16,75.0,11,33,44,25,7,6,20,25,15,0,0,7,Denver Nuggets,112
401767819,2025,2025-04-19,2025-04-19 19:30:00,7,Denver Nuggets,Denver,Nuggets,DEN,home,112,41,94,44.0,9,27,33.0,21,27,78.0,12,33,45,24,11,1,11,18,5,0,2,12,LA Clippers,110
401767817,2025,2025-04-19,2025-04-19 17:00:00,15,Milwaukee Bucks,Milwaukee,Bucks,MIL,away,98,35,84,42.0,9,37,24.0,19,28,68.0,8,33,41,15,4,3,10,20,3,0,3,11,Indiana Pacers,117
401767817,2025,2025-04-19,2025-04-19 17:00:00,11,Indiana Pacers,Indiana,Pacers,IND,home,117,42,81,52.0,13,34,38.0,20,26,77.0,5,38,43,28,6,6,5,22,28,3,1,15,Milwaukee Bucks,98
401766463,2025,2025-04-18,2025-04-19 01:30:00,6,Dallas Mavericks,Dallas,Mavericks,DAL,away,106,41,87,47.0,12,38,32.0,12,16,75.0,7,29,36,25,9,8,16,17,0,0,0,29,Memphis Grizzlies,120
401766463,2025,2025-04-18,2025-04-19 01:30:00,29,Memphis Grizzlies,Memphis,Grizzlies,MEM,home,120,47,100,47.0,13,31,42.0,13,15,87.0,16,34,50,30,8,4,10,17,25,2,1,6,Dallas Mavericks,106
401766462,2025,2025-04-18,2025-04-18 23:00:00,14,Miami Heat,Miami,Heat,MIA,away,123,48,96,50.0,16,42,38.0,11,18,61.0,13,41,54,33,4,8,14,15,17,1,0,1,Atlanta Hawks,114
401766462,2025,2025-04-18,2025-04-18 23:00:00,1,Atlanta Hawks,Atlanta,Hawks,ATL,home,114,44,102,43.0,16,47,34.0,10,12,83.0,11,33,44,30,12,3,9,18,6,1,0,14,Miami Heat,123
401766461,2025,2025-04-16,2025-04-17 02:00:00,6,Dallas Mavericks,Dallas,Mavericks,DAL,away,120,41,83,49.0,14,28,50.0,24,26,92.0,10,31,41,29,9,8,9,15,26,1,0,23,Sacramento Kings,106
401766461,2025,2025-04-16,2025-04-17 02:00:00,23,Sacramento Kings,Sacramento,Kings,SAC,home,106,41,89,46.0,13,33,39.0,11,15,73.0,15,29,44,23,6,4,18,19,3,0,0,6,Dallas Mavericks,120
401766460,2025,2025-04-16,2025-04-16 23:30:00,14,Miami Heat,Miami,Heat,MIA,away,109,41,83,49.0,13,35,37.0,14,22,64.0,9,36,45,30,10,7,15,16,25,0,0,4,Chicago Bulls,90
401766460,2025,2025-04-16,2025-04-16 23:30:00,4,Chicago Bulls,Chicago,Bulls,CHI,home,90,33,83,40.0,10,37,27.0,14,17,82.0,7,31,38,15,9,4,17,17,0,1,0,14,Miami Heat,109
401766459,2025,2025-04-15,2025-04-16 02:00:00,29,Memphis Grizzlies,Memphis,Grizzlies,MEM,away,116,42,86,49.0,12,26,46.0,20,23,87.0,16,34,50,22,4,1,19,26,9,1,0,9,Golden State Warriors,121
401766459,2025,2025-04-15,2025-04-16 02:00:00,9,Golden State Warriors,Golden State,Warriors,GS,home,121,39,85,46.0,15,43,35.0,28,34,82.0,13,26,39,29,13,3,10,23,20,0,0,29,Memphis Grizzlies,116
401766458,2025,2025-04-15,2025-04-15 23:30:00,1,Atlanta Hawks,Atlanta,Hawks,ATL,away,95,32,84,38.0,4,21,19.0,27,34,79.0,9,33,42,22,5,5,7,18,4,1,3,19,Orlando Magic,120
401766458,2025,2025-04-15,2025-04-15 23:30:00,19,Orlando Magic,Orlando,Magic,ORL,home,120,44,91,48.0,11,39,28.0,21,27,78.0,12,42,54,29,6,9,8,25,29,2,0,1,Atlanta Hawks,95
401705759,2025,2025-04-13,2025-04-13 19:30:00,7,Denver Nuggets,Denver,Nuggets,DEN,away,126,45,88,51.0,10,29,34.0,26,31,84.0,11,36,47,28,7,6,9,13,36,0,0,10,Houston Rockets,111
401705759,2025,2025-04-13,2025-04-13 19:30:00,10,Houston Rockets,Houston,Rockets,HOU,home,111,45,100,45.0,12,34,35.0,9,14,64.0,16,29,45,32,5,4,10,24,3,0,0,7,Denver Nuggets,126
401705760,2025,2025-04-13,2025-04-13 19:30:00,6,Dallas Mavericks,Dallas,Mavericks,DAL,away,97,38,87,44.0,5,28,18.0,16,22,73.0,10,28,38,20,6,3,18,13,7,0,0,29,Memphis Grizzlies,132
401705760,2025,2025-04-13,2025-04-13 19:30:00,29,Memphis Grizzlies,Memphis,Grizzlies,MEM,home,132,52,104,50.0,15,40,38.0,13,15,87.0,19,34,53,31,13,7,11,15,41,1,0,6,Dallas Mavericks,97
401705761,2025,2025-04-13,2025-04-13 19:30:00,26,Utah Jazz,Utah,Jazz,UTAH,away,105,40,89,45.0,16,42,38.0,9,11,82.0,9,31,40,24,6,5,13,15,6,1,2,16,Minnesota Timberwolves,116
401705761,2025,2025-04-13,2025-04-13 19:30:00,16,Minnesota Timberwolves,Minnesota,Timberwolves,MIN,home,116,46,98,47.0,13,43,30.0,11,16,69.0,17,37,54,23,9,9,13,16,18,0,0,26,Utah Jazz,105
401705762,2025,2025-04-13,2025-04-13 19:30:00,25,Oklahoma City Thunder,Oklahoma City,Thunder,OKC,away,115,41,98,42.0,9,47,19.0,24,27,89.0,17,37,54,16,8,4,10,25,23,0,0,3,New Orleans Pelicans,100
401705762,2025,2025-04-13,2025-04-13 19:30:00,3,New Orleans Pelicans,New Orleans,Pelicans,NO,home,100,35,91,38.0,7,38,18.0,23,30,77.0,11,36,47,22,6,4,12,19,0,1,0,25,Oklahoma City Thunder,115
401705763,2025,2025-04-13,2025-04-13 19:30:00,28,Toronto Raptors,Toronto,Raptors,TOR,away,118,46,97,47.0,14,39,36.0,12,16,75.0,12,30,42,32,8,1,13,23,22,0,0,24,San Antonio Spurs,125
401705763,2025,2025-04-13,2025-04-13 19:30:00,24,San Antonio Spurs,San Antonio,Spurs,SA,home,125,43,84,51.0,11,32,34.0,28,32,88.0,9,41,50,22,11,2,12,13,7,0,0,28,Toronto Raptors,118
401705764,2025,2025-04-13,2025-04-13 19:30:00,12,LA Clippers,LA,Clippers,LAC,away,124,48,86,56.0,14,30,47.0,14,18,78.0,9,33,42,28,11,3,16,21,7,0,0,9,Golden State Warriors,119
401705764,2025,2025-04-13,2025-04-13 19:30:00,9,Golden State Warriors,Golden State,Warriors,GS,home,119,43,79,54.0,15,33,45.0,18,23,78.0,3,22,25,31,11,6,15,20,12,1,0,12,LA Clippers,124
401705765,2025,2025-04-13,2025-04-13 19:30:00,13,Los Angeles Lakers,Los Angeles,Lakers,LAL,away,81,31,80,39.0,9,28,32.0,10,14,71.0,13,29,42,21,9,11,20,21,0,1,1,22,Portland Trail Blazers,109
401705765,2025,2025-04-13,2025-04-13 19:30:00,22,Portland Trail Blazers,Portland,Trail Blazers,POR,home,109,42,96,44.0,15,42,36.0,10,21,48.0,27,29,56,27,7,6,14,16,33,2,0,13,Los Angeles Lakers,81
401705766,2025,2025-04-13,2025-04-13 19:30:00,21,Phoenix Suns,Phoenix,Suns,PHX,away,98,40,84,48.0,15,44,34.0,3,6,50.0,9,28,37,28,6,1,11,9,3,2,0,23,Sacramento Kings,109
401705766,2025,2025-04-13,2025-04-13 19:30:00,23,Sacramento Kings,Sacramento,Kings,SAC,home,109,46,88,52.0,14,34,41.0,3,3,100.0,10,33,43,31,6,4,11,7,17,2,0,21,Phoenix Suns,98
401705752,2025,2025-04-13,2025-04-13 17:00:00,19,Orlando Magic,Orlando,Magic,ORL,away,105,40,88,45.0,15,35,43.0,10,15,67.0,12,31,43,25,11,5,14,8,5,1,1,1,Atlanta Hawks,117
401705752,2025,2025-04-13,2025-04-13 17:00:00,1,Atlanta Hawks,Atlanta,Hawks,ATL,home,117,47,88,53.0,17,40,43.0,6,10,60.0,9,35,44,32,8,2,15,15,20,1,0,19,Orlando Magic,105
401705753,2025,2025-04-13,2025-04-13 17:00:00,30,Charlotte Hornets,Charlotte,Hornets,CHA,away,86,32,85,38.0,11,39,28.0,11,18,61.0,18,33,51,23,10,4,17,16,3,0,1,2,Boston Celtics,93
401705753,2025,2025-04-13,2025-04-13 17:00:00,2,Boston Celtics,Boston,Celtics,BOS,home,93,35,90,39.0,14,45,31.0,9,13,69.0,15,34,49,22,12,6,13,14,21,0,0,30,Charlotte Hornets,86
401705754,2025,2025-04-13,2025-04-13 17:00:00,18,New York Knicks,New York,Knicks,NY,away,113,37,86,43.0,16,42,38.0,23,26,88.0,10,30,40,27,10,3,11,25,9,1,1,17,Brooklyn Nets,105
401705754,2025,2025-04-13,2025-04-13 17:00:00,17,Brooklyn Nets,Brooklyn,Nets,BKN,home,105,38,74,51.0,12,35,34.0,17,25,68.0,6,36,42,21,4,2,18,24,10,1,2,18,New York Knicks,113
401705755,2025,2025-04-13,2025-04-13 17:00:00,11,Indiana Pacers,Indiana,Pacers,IND,away,126,48,119,40.0,10,42,24.0,20,22,91.0,14,47,61,27,15,10,13,20,8,0,0,5,Cleveland Cavaliers,118
401705755,2025,2025-04-13,2025-04-13 17:00:00,5,Cleveland Cavaliers,Cleveland,Cavaliers,CLE,home,118,44,115,38.0,18,60,30.0,12,22,55.0,18,47,65,21,6,9,21,23,27,1,0,11,Indiana Pacers,126
401705756,2025,2025-04-13,2025-04-13 17:00:00,27,Washington Wizards,Washington,Wizards,WSH,away,119,46,90,51.0,16,37,43.0,11,17,65.0,6,37,43,33,4,3,10,14,12,1,0,14,Miami Heat,118
401705756,2025,2025-04-13,2025-04-13 17:00:00,14,Miami Heat,Miami,Heat,MIA,home,118,49,98,50.0,10,32,31.0,10,12,83.0,9,37,46,28,8,6,8,12,7,0,0,27,Washington Wizards,119
401705757,2025,2025-04-13,2025-04-13 17:00:00,4,Chicago Bulls,Chicago,Bulls,CHI,away,122,47,103,46.0,13,40,32.0,15,20,75.0,15,44,59,29,10,4,12,17,23,1,0,20,Philadelphia 76ers,102
401705757,2025,2025-04-13,2025-04-13 17:00:00,20,Philadelphia 76ers,Philadelphia,76ers,PHI,home,102,36,94,38.0,12,44,27.0,18,21,86.0,10,38,48,20,7,6,14,15,9,1,0,4,Chicago Bulls,122
401705758,2025,2025-04-13,2025-04-13 17:00:00,8,Detroit Pistons,Detroit,Pistons,DET,away,133,51,107,48.0,22,59,37.0,9,14,64.0,14,28,42,35,9,3,13,19,2,0,0,15,Milwaukee Bucks,140
401705758,2025,2025-04-13,2025-04-13 17:00:00,15,Milwaukee Bucks,Milwaukee,Bucks,MIL,home,140,50,86,58.0,23,44,52.0,17,22,77.0,6,32,38,30,5,7,20,17,22,1,0,8,Detroit Pistons,133
401705751,2025,2025-04-11,2025-04-12 02:30:00,10,Houston Rockets,Houston,Rockets,HOU,away,109,41,90,46.0,18,51,35.0,9,12,75.0,7,30,37,22,8,5,18,17,6,1,0,13,Los Angeles Lakers,140
401705751,2025,2025-04-11,2025-04-12 02:30:00,13,Los Angeles Lakers,Los Angeles,Lakers,LAL,home,140,53,87,61.0,19,37,51.0,15,25,60.0,4,38,42,28,11,1,12,15,31,1,0,10,Houston Rockets,109
401705748,2025,2025-04-11,2025-04-12 02:00:00,24,San Antonio Spurs,San Antonio,Spurs,SA,away,98,39,90,43.0,13,34,38.0,7,10,70.0,5,35,40,28,7,2,14,7,10,1,0,21,Phoenix Suns,117
401705748,2025,2025-04-11,2025-04-12 02:00:00,21,Phoenix Suns,Phoenix,Suns,PHX,home,117,44,95,46.0,19,47,40.0,10,11,91.0,13,39,52,27,9,10,11,9,31,0,0,24,San Antonio Spurs,98
401705749,2025,2025-04-11,2025-04-12 02:00:00,9,Golden State Warriors,Golden State,Warriors,GS,away,103,33,83,40.0,14,44,32.0,23,28,82.0,7,38,45,26,15,7,14,19,27,1,0,22,Portland Trail Blazers,86
401705749,2025,2025-04-11,2025-04-12 02:00:00,22,Portland Trail Blazers,Portland,Trail Blazers,POR,home,86,32,85,38.0,6,30,20.0,16,22,73.0,13,39,52,21,9,5,22,20,6,0,0,9,Golden State Warriors,103
401705750,2025,2025-04-11,2025-04-12 02:00:00,12,LA Clippers,LA,Clippers,LAC,away,101,40,78,51.0,7,21,33.0,14,18,78.0,7,30,37,19,6,2,12,19,10,0,0,23,Sacramento Kings,100
401705750,2025,2025-04-11,2025-04-12 02:00:00,23,Sacramento Kings,Sacramento,Kings,SAC,home,100,37,85,44.0,10,31,32.0,16,17,94.0,11,32,43,23,5,1,11,18,9,0,1,12,LA Clippers,101
401705747,2025,2025-04-11,2025-04-12 01:30:00,25,Oklahoma City Thunder,Oklahoma City,Thunder,OKC,away,145,56,100,56.0,24,53,45.0,9,13,69.0,5,42,47,41,12,4,10,17,38,0,0,26,Utah Jazz,111
401705747,2025,2025-04-11,2025-04-12 01:30:00,26,Utah Jazz,Utah,Jazz,UTAH,home,111,39,103,38.0,17,63,27.0,16,20,80.0,19,38,57,23,7,3,16,14,0,0,0,25,Oklahoma City Thunder,145
401705745,2025,2025-04-11,2025-04-12 01:00:00,17,Brooklyn Nets,Brooklyn,Nets,BKN,away,91,33,90,37.0,12,41,29.0,13,17,76.0,15,26,41,24,7,1,9,24,7,1,0,16,Minnesota Timberwolves,117
401705745,2025,2025-04-11,2025-04-12 01:00:00,16,Minnesota Timberwolves,Minnesota,Timberwolves,MIN,home,117,42,77,55.0,11,31,35.0,22,29,76.0,7,41,48,27,5,5,12,15,28,0,1,17,Brooklyn Nets,91
401705746,2025,2025-04-11,2025-04-12 01:00:00,29,Memphis Grizzlies,Memphis,Grizzlies,MEM,away,109,41,91,45.0,14,43,33.0,13,19,68.0,7,34,41,26,8,5,12,24,15,1,0,7,Denver Nuggets,117
401705746,2025,2025-04-11,2025-04-12 01:00:00,7,Denver Nuggets,Denver,Nuggets,DEN,home,117,44,91,48.0,5,24,21.0,24,31,77.0,11,41,52,32,9,2,12,17,8,1,0,29,Memphis Grizzlies,109
401705744,2025,2025-04-11,2025-04-12 00:30:00,28,Toronto Raptors,Toronto,Raptors,TOR,away,102,40,100,40.0,11,39,28.0,11,18,61.0,16,27,43,22,11,4,10,15,0,1,0,6,Dallas Mavericks,124
401705744,2025,2025-04-11,2025-04-12 00:30:00,6,Dallas Mavericks,Dallas,Mavericks,DAL,home,124,49,89,55.0,15,34,44.0,11,17,65.0,12,44,56,34,8,10,17,12,38,3,0,28,Toronto Raptors,102
401705742,2025,2025-04-11,2025-04-12 00:00:00,27,Washington Wizards,Washington,Wizards,WSH,away,89,35,91,38.0,10,41,24.0,9,12,75.0,8,33,41,26,7,5,16,16,2,2,0,4,Chicago Bulls,119
401705742,2025,2025-04-11,2025-04-12 00:00:00,4,Chicago Bulls,Chicago,Bulls,CHI,home,119,43,93,46.0,13,41,32.0,20,22,91.0,13,41,54,32,8,7,12,13,33,1,0,27,Washington Wizards,89
401705743,2025,2025-04-11,2025-04-12 00:00:00,14,Miami Heat,Miami,Heat,MIA,away,153,58,104,56.0,20,45,44.0,17,22,77.0,16,44,60,36,12,5,9,13,52,0,0,3,New Orleans Pelicans,104
401705743,2025,2025-04-11,2025-04-12 00:00:00,3,New Orleans Pelicans,New Orleans,Pelicans,NO,home,104,38,95,40.0,14,37,38.0,14,20,70.0,12,30,42,27,6,2,13,16,0,2,0,14,Miami Heat,153
401705740,2025,2025-04-11,2025-04-11 23:30:00,30,Charlotte Hornets,Charlotte,Hornets,CHA,away,94,36,93,39.0,15,40,38.0,7,10,70.0,12,36,48,25,7,4,17,14,7,0,0,2,Boston Celtics,130
401705740,2025,2025-04-11,2025-04-11 23:30:00,2,Boston Celtics,Boston,Celtics,BOS,home,130,49,95,52.0,23,51,45.0,9,12,75.0,10,42,52,35,9,8,10,11,37,0,1,30,Charlotte Hornets,94
401705741,2025,2025-04-11,2025-04-11 23:30:00,5,Cleveland Cavaliers,Cleveland,Cavaliers,CLE,away,108,38,77,49.0,11,31,35.0,21,30,70.0,13,36,49,23,7,2,15,17,6,0,1,18,New York Knicks,102
401705741,2025,2025-04-11,2025-04-11 23:30:00,18,New York Knicks,New York,Knicks,NY,home,102,36,88,41.0,16,41,39.0,14,20,70.0,10,25,35,22,11,2,8,18,23,3,1,5,Cleveland Cavaliers,108
401705737,2025,2025-04-11,2025-04-11 23:00:00,15,Milwaukee Bucks,Milwaukee,Bucks,MIL,away,125,43,94,46.0,17,39,44.0,22,27,81.0,8,36,44,30,7,8,7,17,11,0,1,8,Detroit Pistons,119
401705737,2025,2025-04-11,2025-04-11 23:00:00,8,Detroit Pistons,Detroit,Pistons,DET,home,119,46,93,49.0,18,39,46.0,9,18,50.0,8,34,42,30,1,9,10,19,11,1,1,15,Milwaukee Bucks,125
401705738,2025,2025-04-11,2025-04-11 23:00:00,19,Orlando Magic,Orlando,Magic,ORL,away,129,49,85,58.0,13,32,41.0,18,21,86.0,8,27,35,32,14,11,19,28,35,1,0,11,Indiana Pacers,115
401705738,2025,2025-04-11,2025-04-11 23:00:00,11,Indiana Pacers,Indiana,Pacers,IND,home,115,40,89,45.0,12,29,41.0,23,35,66.0,17,27,44,24,8,7,17,19,5,3,0,19,Orlando Magic,129
401705739,2025,2025-04-11,2025-04-11 23:00:00,1,Atlanta Hawks,Atlanta,Hawks,ATL,away,124,45,94,48.0,16,42,38.0,18,24,75.0,18,35,53,28,9,5,14,15,18,1,1,20,Philadelphia 76ers,110
401705739,2025,2025-04-11,2025-04-11 23:00:00,20,Philadelphia 76ers,Philadelphia,76ers,PHI,home,110,43,97,44.0,12,35,34.0,12,15,80.0,14,31,45,29,6,6,14,17,8,1,0,1,Atlanta Hawks,124
401705736,2025,2025-04-10,2025-04-11 01:30:00,16,Minnesota Timberwolves,Minnesota,Timberwolves,MIN,away,141,48,87,55.0,20,44,45.0,25,28,89.0,8,33,41,29,6,3,16,25,23,0,0,29,Memphis Grizzlies,125
401705736,2025,2025-04-10,2025-04-11 01:30:00,29,Memphis Grizzlies,Memphis,Grizzlies,MEM,home,125,46,89,52.0,18,36,50.0,15,21,71.0,8,25,33,26,5,2,15,22,6,0,3,16,Minnesota Timberwolves,141
401705727,2025,2025-04-10,2025-04-11 00:00:00,3,New Orleans Pelicans,New Orleans,Pelicans,NO,away,111,41,96,43.0,15,47,32.0,14,19,74.0,15,38,53,28,8,0,16,21,9,0,0,15,Milwaukee Bucks,136
401705727,2025,2025-04-10,2025-04-11 00:00:00,15,Milwaukee Bucks,Milwaukee,Bucks,MIL,home,136,49,90,54.0,18,45,40.0,20,30,67.0,7,36,43,27,13,4,11,17,28,1,0,3,New Orleans Pelicans,111
401705735,2025,2025-04-10,2025-04-10 23:30:00,1,Atlanta Hawks,Atlanta,Hawks,ATL,away,133,48,84,57.0,15,36,42.0,22,33,67.0,7,44,51,36,11,1,15,19,32,0,0,17,Brooklyn Nets,109
401705735,2025,2025-04-10,2025-04-10 23:30:00,17,Brooklyn Nets,Brooklyn,Nets,BKN,home,109,36,90,40.0,22,52,42.0,15,22,68.0,10,31,41,31,8,2,17,26,0,2,0,1,Atlanta Hawks,133
401705733,2025,2025-04-10,2025-04-10 23:00:00,18,New York Knicks,New York,Knicks,NY,away,106,42,90,47.0,11,34,32.0,11,14,79.0,11,23,34,32,11,6,14,19,13,3,0,8,Detroit Pistons,115
401705733,2025,2025-04-10,2025-04-10 23:00:00,8,Detroit Pistons,Detroit,Pistons,DET,home,115,47,82,57.0,8,22,36.0,13,18,72.0,9,26,35,20,5,6,15,23,9,0,1,18,New York Knicks,106
401705734,2025,2025-04-10,2025-04-10 23:00:00,5,Cleveland Cavaliers,Cleveland,Cavaliers,CLE,away,112,43,98,44.0,17,37,46.0,9,13,69.0,11,39,50,24,6,3,11,16,11,0,3,11,Indiana Pacers,114
401705734,2025,2025-04-10,2025-04-10 23:00:00,11,Indiana Pacers,Indiana,Pacers,IND,home,114,43,93,46.0,14,41,34.0,14,20,70.0,10,36,46,28,3,11,9,16,7,1,0,5,Cleveland Cavaliers,112
401705732,2025,2025-04-09,2025-04-10 02:30:00,10,Houston Rockets,Houston,Rockets,HOU,away,117,45,88,51.0,20,40,50.0,7,10,70.0,7,29,36,24,7,4,13,14,4,1,0,12,LA Clippers,134
401705732,2025,2025-04-09,2025-04-10 02:30:00,12,LA Clippers,LA,Clippers,LAC,home,134,48,90,53.0,19,37,51.0,19,19,100.0,11,32,43,33,10,3,11,11,19,1,0,10,Houston Rockets,117
401705729,2025,2025-04-09,2025-04-10 02:00:00,24,San Antonio Spurs,San Antonio,Spurs,SA,away,114,39,81,48.0,18,46,39.0,18,21,86.0,10,33,43,23,6,5,13,23,8,2,0,9,Golden State Warriors,111
401705729,2025,2025-04-09,2025-04-10 02:00:00,9,Golden State Warriors,Golden State,Warriors,GS,home,111,36,86,42.0,16,48,33.0,23,28,82.0,16,29,45,29,8,2,10,19,14,2,1,24,San Antonio Spurs,114
401705730,2025,2025-04-09,2025-04-10 02:00:00,25,Oklahoma City Thunder,Oklahoma City,Thunder,OKC,away,125,45,86,52.0,12,30,40.0,23,27,85.0,8,36,44,24,11,2,10,18,20,2,0,21,Phoenix Suns,112
401705730,2025,2025-04-09,2025-04-10 02:00:00,21,Phoenix Suns,Phoenix,Suns,PHX,home,112,42,87,48.0,15,42,36.0,13,19,68.0,9,29,38,31,10,3,13,17,15,2,0,25,Oklahoma City Thunder,125
401705731,2025,2025-04-09,2025-04-10 02:00:00,7,Denver Nuggets,Denver,Nuggets,DEN,away,124,43,86,50.0,13,34,38.0,25,31,81.0,12,33,45,30,7,5,7,16,16,0,0,23,Sacramento Kings,116
401705731,2025,2025-04-09,2025-04-10 02:00:00,23,Sacramento Kings,Sacramento,Kings,SAC,home,116,43,92,47.0,16,36,44.0,14,17,82.0,11,29,40,25,2,5,8,22,2,0,0,7,Denver Nuggets,124
401705728,2025,2025-04-09,2025-04-10 01:00:00,22,Portland Trail Blazers,Portland,Trail Blazers,POR,away,126,48,104,46.0,11,45,24.0,19,28,68.0,14,29,43,27,13,5,16,23,8,1,0,26,Utah Jazz,133
401705728,2025,2025-04-09,2025-04-10 01:00:00,26,Utah Jazz,Utah,Jazz,UTAH,home,133,50,98,51.0,15,36,42.0,18,22,82.0,16,40,56,27,14,4,24,26,8,0,0,22,Portland Trail Blazers,126
401705726,2025,2025-04-09,2025-04-10 00:00:00,14,Miami Heat,Miami,Heat,MIA,away,111,44,92,48.0,12,33,36.0,11,17,65.0,11,28,39,28,11,3,13,10,11,0,0,4,Chicago Bulls,119
401705726,2025,2025-04-09,2025-04-10 00:00:00,4,Chicago Bulls,Chicago,Bulls,CHI,home,119,46,89,52.0,14,37,38.0,13,13,100.0,10,36,46,33,8,7,16,14,14,0,0,14,Miami Heat,111
401705724,2025,2025-04-09,2025-04-09 23:30:00,30,Charlotte Hornets,Charlotte,Hornets,CHA,away,96,36,82,44.0,11,35,31.0,13,16,81.0,5,36,41,23,5,3,19,13,5,0,0,28,Toronto Raptors,126
401705724,2025,2025-04-09,2025-04-09 23:30:00,28,Toronto Raptors,Toronto,Raptors,TOR,home,126,49,104,47.0,19,52,37.0,9,12,75.0,16,39,55,37,8,2,8,16,34,1,0,30,Charlotte Hornets,96
401705725,2025,2025-04-09,2025-04-09 23:30:00,13,Los Angeles Lakers,Los Angeles,Lakers,LAL,away,112,42,90,47.0,12,36,33.0,16,21,76.0,15,24,39,22,14,0,9,16,16,3,0,6,Dallas Mavericks,97
401705725,2025,2025-04-09,2025-04-09 23:30:00,6,Dallas Mavericks,Dallas,Mavericks,DAL,home,97,36,72,50.0,9,26,35.0,16,23,70.0,9,29,38,30,6,6,19,14,6,1,0,13,Los Angeles Lakers,112
401705722,2025,2025-04-09,2025-04-09 23:00:00,2,Boston Celtics,Boston,Celtics,BOS,away,76,32,82,39.0,7,40,17.0,5,6,83.0,9,34,43,20,5,5,15,11,3,1,0,19,Orlando Magic,96
401705722,2025,2025-04-09,2025-04-09 23:00:00,19,Orlando Magic,Orlando,Magic,ORL,home,96,37,91,41.0,16,45,36.0,6,8,75.0,12,37,49,23,5,3,10,9,26,0,0,2,Boston Celtics,76
401705723,2025,2025-04-09,2025-04-09 23:00:00,20,Philadelphia 76ers,Philadelphia,76ers,PHI,away,122,39,91,43.0,16,50,32.0,28,38,74.0,18,37,55,20,10,8,16,20,23,1,0,27,Washington Wizards,103
401705723,2025,2025-04-09,2025-04-09 23:00:00,27,Washington Wizards,Washington,Wizards,WSH,home,103,34,87,39.0,10,33,30.0,25,30,83.0,13,34,47,22,9,2,16,25,2,1,0,20,Philadelphia 76ers,122
401705721,2025,2025-04-08,2025-04-09 02:30:00,24,San Antonio Spurs,San Antonio,Spurs,SA,away,117,45,85,53.0,17,42,40.0,10,16,63.0,8,26,34,29,8,4,16,16,5,1,0,12,LA Clippers,122
401705721,2025,2025-04-08,2025-04-09 02:30:00,12,LA Clippers,LA,Clippers,LAC,home,122,48,93,52.0,14,30,47.0,12,16,75.0,14,36,50,30,6,0,15,14,18,2,0,24,San Antonio Spurs,117
401705720,2025,2025-04-08,2025-04-09 02:00:00,9,Golden State Warriors,Golden State,Warriors,GS,away,133,45,93,48.0,15,40,38.0,28,34,82.0,19,38,57,31,14,3,15,10,41,0,1,21,Phoenix Suns,95
401705720,2025,2025-04-08,2025-04-09 02:00:00,21,Phoenix Suns,Phoenix,Suns,PHX,home,95,35,88,40.0,12,43,28.0,13,15,87.0,13,28,41,22,12,4,19,19,1,0,2,9,Golden State Warriors,133
401705718,2025,2025-04-08,2025-04-09 00:00:00,16,Minnesota Timberwolves,Minnesota,Timberwolves,MIN,away,103,41,89,46.0,13,40,32.0,8,9,89.0,10,32,42,25,4,3,13,20,24,1,1,15,Milwaukee Bucks,110
401705718,2025,2025-04-08,2025-04-09 00:00:00,15,Milwaukee Bucks,Milwaukee,Bucks,MIL,home,110,40,84,48.0,12,36,33.0,18,25,72.0,11,32,43,27,8,2,11,15,7,1,2,16,Minnesota Timberwolves,103
401705719,2025,2025-04-08,2025-04-09 00:00:00,13,Los Angeles Lakers,Los Angeles,Lakers,LAL,away,120,37,80,46.0,18,40,45.0,28,37,76.0,12,33,45,21,2,6,18,15,6,1,3,25,Oklahoma City Thunder,136
401705719,2025,2025-04-08,2025-04-09 00:00:00,25,Oklahoma City Thunder,Oklahoma City,Thunder,OKC,home,136,52,104,50.0,18,37,49.0,14,20,70.0,15,29,44,26,9,5,6,26,20,1,0,13,Los Angeles Lakers,120
401705716,2025,2025-04-08,2025-04-08 23:30:00,3,New Orleans Pelicans,New Orleans,Pelicans,NO,away,114,39,82,48.0,12,33,36.0,24,31,77.0,9,33,42,26,10,6,17,18,7,0,0,17,Brooklyn Nets,119
401705716,2025,2025-04-08,2025-04-08 23:30:00,17,Brooklyn Nets,Brooklyn,Nets,BKN,home,119,41,83,49.0,17,40,43.0,20,24,83.0,7,33,40,30,11,4,16,22,20,0,0,3,New Orleans Pelicans,114
401705717,2025,2025-04-08,2025-04-08 23:30:00,2,Boston Celtics,Boston,Celtics,BOS,away,119,40,87,46.0,19,49,39.0,20,25,80.0,9,29,38,26,8,4,15,17,7,0,0,18,New York Knicks,117
401705717,2025,2025-04-08,2025-04-08 23:30:00,18,New York Knicks,New York,Knicks,NY,home,117,48,101,48.0,11,38,29.0,10,16,63.0,17,35,52,28,8,6,11,21,11,0,0,2,Boston Celtics,119
401705712,2025,2025-04-08,2025-04-08 23:00:00,29,Memphis Grizzlies,Memphis,Grizzlies,MEM,away,124,42,93,45.0,18,55,33.0,22,26,85.0,14,38,52,23,12,3,13,18,29,1,0,30,Charlotte Hornets,100
401705712,2025,2025-04-08,2025-04-08 23:00:00,30,Charlotte Hornets,Charlotte,Hornets,CHA,home,100,37,81,46.0,11,38,29.0,15,23,65.0,6,32,38,22,3,4,15,18,0,0,0,29,Memphis Grizzlies,124
401705713,2025,2025-04-08,2025-04-08 23:00:00,4,Chicago Bulls,Chicago,Bulls,CHI,away,113,41,86,48.0,15,43,35.0,16,19,84.0,12,33,45,26,9,3,20,15,3,0,0,5,Cleveland Cavaliers,135
401705713,2025,2025-04-08,2025-04-08 23:00:00,5,Cleveland Cavaliers,Cleveland,Cavaliers,CLE,home,135,51,100,51.0,25,50,50.0,8,13,62.0,16,29,45,35,13,3,12,15,27,1,0,4,Chicago Bulls,113
401705714,2025,2025-04-08,2025-04-08 23:00:00,27,Washington Wizards,Washington,Wizards,WSH,away,98,38,91,42.0,11,39,28.0,11,15,73.0,13,37,50,18,2,8,11,27,16,3,1,11,Indiana Pacers,104
401705714,2025,2025-04-08,2025-04-08 23:00:00,11,Indiana Pacers,Indiana,Pacers,IND,home,104,33,87,38.0,9,35,26.0,29,37,78.0,13,36,49,21,7,5,7,16,6,2,1,27,Washington Wizards,98
401705715,2025,2025-04-08,2025-04-08 23:00:00,1,Atlanta Hawks,Atlanta,Hawks,ATL,away,112,40,88,45.0,14,41,34.0,18,22,82.0,14,27,41,25,7,6,18,26,6,0,1,19,Orlando Magic,119
401705715,2025,2025-04-08,2025-04-08 23:00:00,19,Orlando Magic,Orlando,Magic,ORL,home,119,42,84,50.0,14,34,41.0,21,31,68.0,13,30,43,23,13,6,13,20,14,1,1,1,Atlanta Hawks,112
401705711,2025,2025-04-07,2025-04-07 23:30:00,20,Philadelphia 76ers,Philadelphia,76ers,PHI,away,105,38,88,43.0,12,38,32.0,17,25,68.0,14,31,45,20,7,4,13,14,6,0,2,14,Miami Heat,117
401705711,2025,2025-04-07,2025-04-07 23:30:00,14,Miami Heat,Miami,Heat,MIA,home,117,45,89,51.0,16,36,44.0,11,15,73.0,10,37,47,26,7,6,13,17,16,0,0,20,Philadelphia 76ers,105
401705710,2025,2025-04-07,2025-04-07 23:00:00,23,Sacramento Kings,Sacramento,Kings,SAC,away,127,47,91,52.0,11,27,41.0,22,27,81.0,18,32,50,20,5,4,10,21,13,2,0,8,Detroit Pistons,117
401705710,2025,2025-04-07,2025-04-07 23:00:00,8,Detroit Pistons,Detroit,Pistons,DET,home,117,42,89,47.0,13,39,33.0,20,28,71.0,13,24,37,30,8,4,9,23,18,0,0,23,Sacramento Kings,127
401705709,2025,2025-04-06,2025-04-07 00:30:00,10,Houston Rockets,Houston,Rockets,HOU,away,106,45,93,48.0,10,30,33.0,6,16,38.0,16,33,49,26,11,7,15,15,16,1,0,9,Golden State Warriors,96
401705709,2025,2025-04-06,2025-04-07 00:30:00,9,Golden State Warriors,Golden State,Warriors,GS,home,96,37,89,42.0,16,43,37.0,6,11,55.0,15,31,46,28,12,2,20,14,11,0,1,10,Houston Rockets,106
401754706,2025,2025-04-06,2025-04-07 00:30:00,15,Milwaukee Bucks,Milwaukee,Bucks,MIL,away,111,43,92,47.0,11,32,34.0,14,22,64.0,10,41,51,29,10,4,7,14,11,0,3,3,New Orleans Pelicans,107
401754706,2025,2025-04-06,2025-04-07 00:30:00,3,New Orleans Pelicans,New Orleans,Pelicans,NO,home,107,43,95,45.0,12,33,36.0,9,14,64.0,9,39,48,31,4,6,11,14,5,1,0,15,Milwaukee Bucks,111
401705708,2025,2025-04-06,2025-04-07 00:00:00,11,Indiana Pacers,Indiana,Pacers,IND,away,125,46,96,48.0,15,44,34.0,18,21,86.0,7,34,41,34,10,7,6,17,10,0,0,7,Denver Nuggets,120
401705708,2025,2025-04-06,2025-04-07 00:00:00,7,Denver Nuggets,Denver,Nuggets,DEN,home,120,50,93,54.0,8,31,26.0,12,18,67.0,9,38,47,33,2,7,13,17,13,0,0,11,Indiana Pacers,125
401705706,2025,2025-04-06,2025-04-06 23:00:00,21,Phoenix Suns,Phoenix,Suns,PHX,away,98,39,92,42.0,4,34,12.0,16,19,84.0,15,20,35,20,11,3,12,22,2,0,1,18,New York Knicks,112
401705706,2025,2025-04-06,2025-04-06 23:00:00,18,New York Knicks,New York,Knicks,NY,home,112,40,74,54.0,12,28,43.0,20,24,83.0,6,35,41,28,6,3,14,18,19,1,0,21,Phoenix Suns,98
401705702,2025,2025-04-06,2025-04-06 22:00:00,26,Utah Jazz,Utah,Jazz,UTAH,away,134,45,87,52.0,20,47,43.0,24,28,86.0,7,25,32,29,10,4,10,18,2,0,0,1,Atlanta Hawks,147
401705702,2025,2025-04-06,2025-04-06 22:00:00,1,Atlanta Hawks,Atlanta,Hawks,ATL,home,147,54,95,57.0,22,41,54.0,17,20,85.0,11,31,42,43,7,3,11,19,21,1,0,26,Utah Jazz,134
401705703,2025,2025-04-06,2025-04-06 22:00:00,27,Washington Wizards,Washington,Wizards,WSH,away,90,35,86,41.0,12,45,27.0,8,10,80.0,11,21,32,21,5,3,10,10,0,0,0,2,Boston Celtics,124
401705703,2025,2025-04-06,2025-04-06 22:00:00,2,Boston Celtics,Boston,Celtics,BOS,home,124,48,98,49.0,24,52,46.0,4,6,67.0,25,37,62,33,6,5,13,9,36,1,0,27,Washington Wizards,90
401705704,2025,2025-04-06,2025-04-06 22:00:00,23,Sacramento Kings,Sacramento,Kings,SAC,away,120,44,82,54.0,14,33,42.0,18,22,82.0,8,31,39,25,10,3,14,14,14,3,0,5,Cleveland Cavaliers,113
401705704,2025,2025-04-06,2025-04-06 22:00:00,5,Cleveland Cavaliers,Cleveland,Cavaliers,CLE,home,113,46,88,52.0,10,38,26.0,11,19,58.0,13,26,39,31,11,5,16,17,7,0,1,23,Sacramento Kings,120
401705705,2025,2025-04-06,2025-04-06 22:00:00,24,San Antonio Spurs,San Antonio,Spurs,SA,away,109,41,95,43.0,11,34,32.0,16,21,76.0,13,32,45,26,9,4,18,21,3,0,1,22,Portland Trail Blazers,120
401705705,2025,2025-04-06,2025-04-06 22:00:00,22,Portland Trail Blazers,Portland,Trail Blazers,POR,home,120,42,89,47.0,15,41,37.0,21,27,78.0,8,36,44,25,10,5,15,20,17,0,0,24,San Antonio Spurs,109
401705700,2025,2025-04-06,2025-04-06 19:30:00,28,Toronto Raptors,Toronto,Raptors,TOR,away,120,47,94,50.0,12,36,33.0,14,22,64.0,13,34,47,30,16,4,18,21,23,1,0,17,Brooklyn Nets,109
401705700,2025,2025-04-06,2025-04-06 19:30:00,17,Brooklyn Nets,Brooklyn,Nets,BKN,home,109,39,82,48.0,10,35,29.0,21,27,78.0,8,38,46,25,8,7,23,18,3,1,0,28,Toronto Raptors,120
401705701,2025,2025-04-06,2025-04-06 19:30:00,13,Los Angeles Lakers,Los Angeles,Lakers,LAL,away,126,46,84,55.0,22,40,55.0,12,17,71.0,8,35,43,25,6,2,15,15,29,2,0,25,Oklahoma City Thunder,99
401705701,2025,2025-04-06,2025-04-06 19:30:00,25,Oklahoma City Thunder,Oklahoma City,Thunder,OKC,home,99,39,90,43.0,12,37,32.0,9,12,75.0,9,25,34,20,9,3,7,17,3,0,0,13,Los Angeles Lakers,126
401705699,2025,2025-04-06,2025-04-06 17:00:00,4,Chicago Bulls,Chicago,Bulls,CHI,away,131,46,86,53.0,16,36,44.0,23,29,79.0,9,32,41,26,8,1,12,23,25,1,1,30,Charlotte Hornets,117
401705699,2025,2025-04-06,2025-04-06 17:00:00,30,Charlotte Hornets,Charlotte,Hornets,CHA,home,117,41,85,48.0,8,30,27.0,27,34,79.0,9,31,40,25,7,2,12,22,10,2,0,4,Chicago Bulls,131
401705698,2025,2025-04-05,2025-04-06 02:30:00,6,Dallas Mavericks,Dallas,Mavericks,DAL,away,104,34,78,44.0,7,27,26.0,29,38,76.0,10,31,41,18,5,8,15,18,0,1,0,12,LA Clippers,135
401705698,2025,2025-04-05,2025-04-06 02:30:00,12,LA Clippers,LA,Clippers,LAC,home,135,54,96,56.0,11,28,39.0,16,20,80.0,10,35,45,31,11,3,6,22,32,1,0,6,Dallas Mavericks,104
401705697,2025,2025-04-05,2025-04-06 00:00:00,15,Milwaukee Bucks,Milwaukee,Bucks,MIL,away,121,45,87,52.0,8,24,33.0,23,29,79.0,3,44,47,29,6,3,9,17,7,0,0,14,Miami Heat,115
401705697,2025,2025-04-05,2025-04-06 00:00:00,14,Miami Heat,Miami,Heat,MIA,home,115,43,102,42.0,15,46,33.0,14,16,88.0,12,40,52,24,4,1,10,21,10,0,0,15,Milwaukee Bucks,121
401705695,2025,2025-04-05,2025-04-05 23:00:00,29,Memphis Grizzlies,Memphis,Grizzlies,MEM,away,109,39,94,41.0,9,32,28.0,22,29,76.0,17,47,64,19,4,3,14,18,10,1,0,8,Detroit Pistons,103
401705695,2025,2025-04-05,2025-04-05 23:00:00,8,Detroit Pistons,Detroit,Pistons,DET,home,103,37,96,39.0,11,42,26.0,18,23,78.0,8,36,44,24,9,6,6,19,5,1,0,29,Memphis Grizzlies,109
401705696,2025,2025-04-05,2025-04-05 23:00:00,16,Minnesota Timberwolves,Minnesota,Timberwolves,MIN,away,114,41,81,51.0,11,34,32.0,21,29,72.0,14,33,47,22,5,7,15,15,13,0,0,20,Philadelphia 76ers,109
401705696,2025,2025-04-05,2025-04-05 23:00:00,20,Philadelphia 76ers,Philadelphia,76ers,PHI,home,109,44,91,48.0,12,35,34.0,9,15,60.0,11,23,34,26,9,4,8,23,4,3,0,16,Minnesota Timberwolves,114
401705694,2025,2025-04-05,2025-04-05 19:00:00,18,New York Knicks,New York,Knicks,NY,away,121,45,84,54.0,15,29,52.0,16,19,84.0,6,32,38,32,8,5,13,13,34,1,0,1,Atlanta Hawks,105
401705694,2025,2025-04-05,2025-04-05 19:00:00,1,Atlanta Hawks,Atlanta,Hawks,ATL,home,105,41,88,47.0,14,45,31.0,9,12,75.0,9,29,38,24,11,7,15,18,5,0,0,18,New York Knicks,121
401705692,2025,2025-04-04,2025-04-05 02:30:00,3,New Orleans Pelicans,New Orleans,Pelicans,NO,away,108,40,82,49.0,14,34,41.0,14,22,64.0,15,23,38,27,10,2,16,22,7,1,1,13,Los Angeles Lakers,124
401705692,2025,2025-04-04,2025-04-05 02:30:00,13,Los Angeles Lakers,Los Angeles,Lakers,LAL,home,124,41,79,52.0,16,41,39.0,26,28,93.0,8,28,36,26,7,2,12,18,17,1,1,3,New Orleans Pelicans,108
401705693,2025,2025-04-04,2025-04-05 02:30:00,6,Dallas Mavericks,Dallas,Mavericks,DAL,away,91,35,77,45.0,4,20,20.0,17,26,65.0,6,33,39,19,7,0,17,14,2,1,0,12,LA Clippers,114
401705693,2025,2025-04-04,2025-04-05 02:30:00,12,LA Clippers,LA,Clippers,LAC,home,114,44,89,49.0,14,30,47.0,12,16,75.0,11,37,48,23,11,4,13,23,35,0,0,6,Dallas Mavericks,91
401705691,2025,2025-04-04,2025-04-05 02:00:00,7,Denver Nuggets,Denver,Nuggets,DEN,away,104,40,74,54.0,12,31,39.0,12,13,92.0,7,31,38,28,8,4,25,18,12,1,0,9,Golden State Warriors,118
401705691,2025,2025-04-04,2025-04-05 02:00:00,9,Golden State Warriors,Golden State,Warriors,GS,home,118,43,88,49.0,16,38,42.0,16,18,89.0,11,25,36,25,14,2,13,15,17,1,0,7,Denver Nuggets,104
401705688,2025,2025-04-04,2025-04-05 00:00:00,22,Portland Trail Blazers,Portland,Trail Blazers,POR,away,113,44,115,38.0,11,42,26.0,14,18,78.0,19,35,54,23,7,5,5,21,5,0,1,4,Chicago Bulls,118
401705688,2025,2025-04-04,2025-04-05 00:00:00,4,Chicago Bulls,Chicago,Bulls,CHI,home,118,41,87,47.0,10,27,37.0,26,31,84.0,11,50,61,25,2,8,17,16,15,1,0,22,Portland Trail Blazers,113
401705689,2025,2025-04-04,2025-04-05 00:00:00,25,Oklahoma City Thunder,Oklahoma City,Thunder,OKC,away,111,43,89,48.0,13,35,37.0,12,15,80.0,7,26,33,24,7,6,15,20,3,0,1,10,Houston Rockets,125
401705689,2025,2025-04-04,2025-04-05 00:00:00,10,Houston Rockets,Houston,Rockets,HOU,home,125,45,92,49.0,13,29,45.0,22,26,85.0,14,34,48,24,10,5,13,16,23,2,0,25,Oklahoma City Thunder,111
401705690,2025,2025-04-04,2025-04-05 00:00:00,5,Cleveland Cavaliers,Cleveland,Cavaliers,CLE,away,114,41,87,47.0,22,51,43.0,10,14,71.0,7,37,44,31,6,4,15,13,23,2,0,24,San Antonio Spurs,113
401705690,2025,2025-04-04,2025-04-05 00:00:00,24,San Antonio Spurs,San Antonio,Spurs,SA,home,113,41,94,44.0,16,48,33.0,15,19,79.0,9,35,44,27,9,4,11,15,0,1,0,5,Cleveland Cavaliers,114
401705686,2025,2025-04-04,2025-04-04 23:30:00,21,Phoenix Suns,Phoenix,Suns,PHX,away,103,41,93,44.0,12,37,32.0,9,11,82.0,11,29,40,24,7,2,6,15,2,2,1,2,Boston Celtics,123
401705686,2025,2025-04-04,2025-04-04 23:30:00,2,Boston Celtics,Boston,Celtics,BOS,home,123,45,87,52.0,14,39,36.0,19,22,86.0,10,39,49,28,1,4,7,13,25,0,0,21,Phoenix Suns,103
401705687,2025,2025-04-04,2025-04-04 23:30:00,8,Detroit Pistons,Detroit,Pistons,DET,away,117,41,89,46.0,12,34,35.0,23,27,85.0,12,35,47,27,11,7,13,14,22,1,0,28,Toronto Raptors,105
401705687,2025,2025-04-04,2025-04-04 23:30:00,28,Toronto Raptors,Toronto,Raptors,TOR,home,105,38,91,42.0,13,37,35.0,16,20,80.0,16,33,49,24,9,6,15,24,3,1,0,8,Detroit Pistons,117
401705684,2025,2025-04-04,2025-04-04 23:00:00,23,Sacramento Kings,Sacramento,Kings,SAC,away,125,45,91,49.0,16,36,44.0,19,23,83.0,10,34,44,26,4,3,6,28,30,2,0,30,Charlotte Hornets,102
401705684,2025,2025-04-04,2025-04-04 23:00:00,30,Charlotte Hornets,Charlotte,Hornets,CHA,home,102,33,83,40.0,8,35,23.0,28,34,82.0,11,34,45,17,2,2,12,19,6,1,0,23,Sacramento Kings,125
401705685,2025,2025-04-04,2025-04-04 23:00:00,26,Utah Jazz,Utah,Jazz,UTAH,away,112,39,104,38.0,16,52,31.0,18,21,86.0,19,33,52,21,5,1,11,24,13,2,1,11,Indiana Pacers,140
401705685,2025,2025-04-04,2025-04-04 23:00:00,11,Indiana Pacers,Indiana,Pacers,IND,home,140,51,89,57.0,12,32,38.0,26,38,68.0,11,40,51,38,8,17,7,17,28,0,0,26,Utah Jazz,112
401705683,2025,2025-04-03,2025-04-04 02:00:00,9,Golden State Warriors,Golden State,Warriors,GS,away,123,39,82,48.0,19,42,45.0,26,31,84.0,14,32,46,30,5,2,13,21,16,0,0,13,Los Angeles Lakers,116
401705683,2025,2025-04-03,2025-04-04 02:00:00,13,Los Angeles Lakers,Los Angeles,Lakers,LAL,home,116,39,86,45.0,18,47,38.0,20,23,87.0,14,25,39,23,5,3,8,23,5,2,1,9,Golden State Warriors,123
401705679,2025,2025-04-03,2025-04-03 23:30:00,16,Minnesota Timberwolves,Minnesota,Timberwolves,MIN,away,105,39,78,50.0,13,42,31.0,14,21,67.0,10,35,45,27,6,10,17,13,18,1,0,17,Brooklyn Nets,90
401705679,2025,2025-04-03,2025-04-03 23:30:00,17,Brooklyn Nets,Brooklyn,Nets,BKN,home,90,38,89,43.0,11,36,31.0,3,4,75.0,8,26,34,30,11,0,10,17,4,2,1,16,Minnesota Timberwolves,105
401705680,2025,2025-04-03,2025-04-03 23:30:00,29,Memphis Grizzlies,Memphis,Grizzlies,MEM,away,110,40,85,47.0,16,38,42.0,14,17,82.0,12,37,49,24,8,4,18,18,8,0,1,14,Miami Heat,108
401705680,2025,2025-04-03,2025-04-03 23:30:00,14,Miami Heat,Miami,Heat,MIA,home,108,39,95,41.0,14,33,42.0,16,19,84.0,15,32,47,24,11,8,11,21,9,0,0,29,Memphis Grizzlies,110
401705682,2025,2025-04-03,2025-04-03 23:30:00,22,Portland Trail Blazers,Portland,Trail Blazers,POR,away,112,42,86,49.0,10,34,29.0,18,20,90.0,17,37,54,20,10,6,20,13,15,5,0,28,Toronto Raptors,103
401705682,2025,2025-04-03,2025-04-03 23:30:00,28,Toronto Raptors,Toronto,Raptors,TOR,home,103,44,96,46.0,12,34,35.0,3,5,60.0,13,22,35,29,14,1,17,19,9,1,0,22,Portland Trail Blazers,112
401705678,2025,2025-04-03,2025-04-03 23:00:00,19,Orlando Magic,Orlando,Magic,ORL,away,109,38,82,46.0,11,30,37.0,22,25,88.0,13,34,47,27,7,8,8,12,19,4,1,27,Washington Wizards,97
401705678,2025,2025-04-03,2025-04-03 23:00:00,27,Washington Wizards,Washington,Wizards,WSH,home,97,38,85,45.0,12,30,40.0,9,11,82.0,8,30,38,16,4,3,13,20,3,0,1,19,Orlando Magic,109
401705681,2025,2025-04-03,2025-04-03 23:00:00,15,Milwaukee Bucks,Milwaukee,Bucks,MIL,away,126,46,82,56.0,16,31,52.0,18,27,67.0,8,32,40,32,7,7,11,14,18,0,0,20,Philadelphia 76ers,113
401705681,2025,2025-04-03,2025-04-03 23:00:00,20,Philadelphia 76ers,Philadelphia,76ers,PHI,home,113,43,89,48.0,12,39,31.0,15,19,79.0,11,29,40,30,8,4,13,18,17,2,2,15,Milwaukee Bucks,126
401705677,2025,2025-04-02,2025-04-03 02:30:00,3,New Orleans Pelicans,New Orleans,Pelicans,NO,away,98,43,85,51.0,4,22,18.0,8,11,73.0,7,32,39,29,9,4,15,21,4,2,0,12,LA Clippers,114
401705677,2025,2025-04-02,2025-04-03 02:30:00,12,LA Clippers,LA,Clippers,LAC,home,114,40,76,53.0,13,32,41.0,21,26,81.0,2,28,30,27,9,4,10,9,20,3,1,3,New Orleans Pelicans,98
401705674,2025,2025-04-02,2025-04-03 01:30:00,8,Detroit Pistons,Detroit,Pistons,DET,away,103,36,89,40.0,10,33,30.0,21,25,84.0,11,32,43,20,5,7,18,25,2,1,0,25,Oklahoma City Thunder,119
401705674,2025,2025-04-02,2025-04-03 01:30:00,25,Oklahoma City Thunder,Oklahoma City,Thunder,OKC,home,119,42,96,44.0,10,38,26.0,25,31,81.0,13,33,46,25,12,11,10,19,17,0,0,8,Detroit Pistons,103
401705676,2025,2025-04-02,2025-04-03 01:00:00,24,San Antonio Spurs,San Antonio,Spurs,SA,away,113,43,97,44.0,17,46,37.0,10,13,77.0,8,44,52,27,6,5,10,17,20,0,0,7,Denver Nuggets,106
401705676,2025,2025-04-02,2025-04-03 01:00:00,7,Denver Nuggets,Denver,Nuggets,DEN,home,106,38,96,40.0,13,44,30.0,17,25,68.0,14,44,58,24,7,4,12,12,5,0,0,24,San Antonio Spurs,113
401705675,2025,2025-04-02,2025-04-03 00:30:00,1,Atlanta Hawks,Atlanta,Hawks,ATL,away,118,42,97,43.0,15,39,38.0,19,22,86.0,12,31,43,29,7,3,11,19,11,0,0,6,Dallas Mavericks,120
401705675,2025,2025-04-02,2025-04-03 00:30:00,6,Dallas Mavericks,Dallas,Mavericks,DAL,home,120,44,83,53.0,15,33,45.0,17,21,81.0,4,38,42,27,7,8,13,16,12,2,0,1,Atlanta Hawks,118
401705673,2025,2025-04-02,2025-04-03 00:00:00,26,Utah Jazz,Utah,Jazz,UTAH,away,105,40,94,43.0,10,40,25.0,15,23,65.0,10,29,39,25,7,6,9,14,4,1,0,10,Houston Rockets,143
401705673,2025,2025-04-02,2025-04-03 00:00:00,10,Houston Rockets,Houston,Rockets,HOU,home,143,56,104,54.0,19,45,42.0,12,19,63.0,18,45,63,30,4,6,10,18,41,0,2,26,Utah Jazz,105
401705672,2025,2025-04-02,2025-04-02 23:30:00,14,Miami Heat,Miami,Heat,MIA,away,124,43,83,52.0,14,30,47.0,24,27,89.0,11,23,34,28,9,2,4,13,22,1,1,2,Boston Celtics,103
401705672,2025,2025-04-02,2025-04-02 23:30:00,2,Boston Celtics,Boston,Celtics,BOS,home,103,39,87,45.0,12,43,28.0,13,16,81.0,19,24,43,24,3,6,13,17,2,0,2,14,Miami Heat,124
401705669,2025,2025-04-02,2025-04-02 23:00:00,18,New York Knicks,New York,Knicks,NY,away,105,40,90,44.0,11,36,31.0,14,17,82.0,15,24,39,24,7,2,14,19,15,2,0,5,Cleveland Cavaliers,124
401705669,2025,2025-04-02,2025-04-02 23:00:00,5,Cleveland Cavaliers,Cleveland,Cavaliers,CLE,home,124,50,94,53.0,12,37,32.0,12,14,86.0,15,29,44,23,8,5,13,18,21,0,0,18,New York Knicks,105
401705670,2025,2025-04-02,2025-04-02 23:00:00,30,Charlotte Hornets,Charlotte,Hornets,CHA,away,105,41,78,53.0,10,24,42.0,13,18,72.0,9,35,44,20,3,2,18,15,2,0,0,11,Indiana Pacers,119
401705670,2025,2025-04-02,2025-04-02 23:00:00,11,Indiana Pacers,Indiana,Pacers,IND,home,119,47,95,49.0,18,44,41.0,7,10,70.0,11,27,38,29,10,6,6,16,18,0,0,30,Charlotte Hornets,105
401705671,2025,2025-04-02,2025-04-02 23:00:00,23,Sacramento Kings,Sacramento,Kings,SAC,away,111,40,95,42.0,10,39,26.0,21,28,75.0,17,31,48,25,10,3,11,16,5,0,2,27,Washington Wizards,116
401705671,2025,2025-04-02,2025-04-02 23:00:00,27,Washington Wizards,Washington,Wizards,WSH,home,116,43,84,51.0,17,43,40.0,13,18,72.0,7,34,41,24,6,3,14,21,14,0,1,23,Sacramento Kings,111
401705668,2025,2025-04-01,2025-04-02 02:00:00,16,Minnesota Timberwolves,Minnesota,Timberwolves,MIN,away,140,52,111,47.0,19,50,38.0,17,25,68.0,21,31,52,35,5,2,14,34,8,0,1,7,Denver Nuggets,139
401705668,2025,2025-04-01,2025-04-02 02:00:00,7,Denver Nuggets,Denver,Nuggets,DEN,home,139,47,86,55.0,12,34,35.0,33,44,75.0,8,37,45,33,7,7,16,22,16,2,0,16,Minnesota Timberwolves,140
401705554,2025,2025-04-01,2025-04-02 00:00:00,19,Orlando Magic,Orlando,Magic,ORL,away,116,43,90,48.0,18,47,38.0,12,12,100.0,10,31,41,28,12,7,10,15,14,3,1,24,San Antonio Spurs,105
401705554,2025,2025-04-01,2025-04-02 00:00:00,24,San Antonio Spurs,San Antonio,Spurs,SA,home,105,40,81,49.0,13,32,41.0,12,17,71.0,9,29,38,24,7,4,17,14,11,0,1,19,Orlando Magic,116
401705665,2025,2025-04-01,2025-04-02 00:00:00,28,Toronto Raptors,Toronto,Raptors,TOR,away,118,44,97,45.0,20,45,44.0,10,11,91.0,9,26,35,35,7,3,12,20,10,0,0,4,Chicago Bulls,137
401705665,2025,2025-04-01,2025-04-02 00:00:00,4,Chicago Bulls,Chicago,Bulls,CHI,home,137,50,88,57.0,14,34,41.0,23,27,85.0,10,39,49,36,10,2,12,9,28,0,0,28,Toronto Raptors,118
401705666,2025,2025-04-01,2025-04-02 00:00:00,9,Golden State Warriors,Golden State,Warriors,GS,away,134,42,99,42.0,22,56,39.0,28,28,100.0,15,34,49,29,11,3,11,22,17,0,1,29,Memphis Grizzlies,125
401705666,2025,2025-04-01,2025-04-02 00:00:00,29,Memphis Grizzlies,Memphis,Grizzlies,MEM,home,125,44,92,48.0,18,44,41.0,19,22,86.0,8,35,43,22,7,6,16,23,4,0,1,9,Golden State Warriors,134
401705663,2025,2025-04-01,2025-04-01 23:30:00,22,Portland Trail Blazers,Portland,Trail Blazers,POR,away,127,47,103,46.0,13,41,32.0,20,27,74.0,19,35,54,30,13,5,17,18,18,0,0,1,Atlanta Hawks,113
401705663,2025,2025-04-01,2025-04-01 23:30:00,1,Atlanta Hawks,Atlanta,Hawks,ATL,home,113,41,92,45.0,7,32,22.0,24,28,86.0,12,33,45,26,12,8,19,22,6,1,0,22,Portland Trail Blazers,127
401705664,2025,2025-04-01,2025-04-01 23:30:00,20,Philadelphia 76ers,Philadelphia,76ers,PHI,away,91,34,81,42.0,6,31,19.0,17,22,77.0,13,29,42,23,11,5,19,21,0,1,0,18,New York Knicks,105
401705664,2025,2025-04-01,2025-04-01 23:30:00,18,New York Knicks,New York,Knicks,NY,home,105,36,85,42.0,12,31,39.0,21,26,81.0,14,30,44,23,10,4,18,18,23,1,0,20,Philadelphia 76ers,91
401705667,2025,2025-04-01,2025-04-01 23:30:00,21,Phoenix Suns,Phoenix,Suns,PHX,away,123,44,92,48.0,18,45,40.0,17,21,81.0,15,18,33,26,6,0,13,19,1,1,0,15,Milwaukee Bucks,133
401705667,2025,2025-04-01,2025-04-01 23:30:00,15,Milwaukee Bucks,Milwaukee,Bucks,MIL,home,133,51,74,69.0,17,29,59.0,14,15,93.0,3,26,29,32,6,5,18,22,22,2,2,21,Phoenix Suns,123
401705662,2025,2025-03-31,2025-04-01 02:00:00,10,Houston Rockets,Houston,Rockets,HOU,away,98,37,89,42.0,10,32,31.0,14,17,82.0,10,41,51,26,7,5,15,20,8,0,2,13,Los Angeles Lakers,104
401705662,2025,2025-03-31,2025-04-01 02:00:00,13,Los Angeles Lakers,Los Angeles,Lakers,LAL,home,104,35,89,39.0,16,46,35.0,18,20,90.0,10,35,45,22,11,6,11,15,7,0,1,10,Houston Rockets,98
401705661,2025,2025-03-31,2025-04-01 00:30:00,17,Brooklyn Nets,Brooklyn,Nets,BKN,away,113,39,90,43.0,20,51,39.0,15,20,75.0,7,33,40,32,6,3,8,23,4,0,1,6,Dallas Mavericks,109
401705661,2025,2025-03-31,2025-04-01 00:30:00,6,Dallas Mavericks,Dallas,Mavericks,DAL,home,109,41,86,48.0,10,30,33.0,17,29,59.0,12,37,49,29,4,3,8,19,10,2,0,17,Brooklyn Nets,113
401705660,2025,2025-03-31,2025-04-01 00:00:00,4,Chicago Bulls,Chicago,Bulls,CHI,away,117,44,98,45.0,16,51,31.0,13,16,81.0,10,33,43,29,7,7,19,16,2,1,0,25,Oklahoma City Thunder,145
401705660,2025,2025-03-31,2025-04-01 00:00:00,25,Oklahoma City Thunder,Oklahoma City,Thunder,OKC,home,145,52,98,53.0,23,43,53.0,18,23,78.0,9,35,44,39,11,6,14,16,43,0,0,4,Chicago Bulls,117
401705659,2025,2025-03-31,2025-03-31 23:30:00,2,Boston Celtics,Boston,Celtics,BOS,away,117,39,96,41.0,21,62,34.0,18,19,95.0,12,42,54,30,4,3,12,11,15,1,2,29,Memphis Grizzlies,103
401705659,2025,2025-03-31,2025-03-31 23:30:00,29,Memphis Grizzlies,Memphis,Grizzlies,MEM,home,103,41,92,45.0,11,44,25.0,10,16,63.0,5,40,45,21,9,3,10,16,11,1,1,2,Boston Celtics,117
401705655,2025,2025-03-31,2025-03-31 23:00:00,26,Utah Jazz,Utah,Jazz,UTAH,away,106,39,96,41.0,14,52,27.0,14,15,93.0,14,27,41,25,13,2,10,15,0,0,1,30,Charlotte Hornets,110
401705655,2025,2025-03-31,2025-03-31 23:00:00,30,Charlotte Hornets,Charlotte,Hornets,CHA,home,110,43,80,54.0,15,38,39.0,9,14,64.0,10,37,47,33,3,5,18,14,14,0,1,26,Utah Jazz,106
401705656,2025,2025-03-31,2025-03-31 23:00:00,23,Sacramento Kings,Sacramento,Kings,SAC,away,109,43,92,47.0,12,27,44.0,11,17,65.0,6,39,45,22,7,2,11,18,16,1,0,11,Indiana Pacers,111
401705656,2025,2025-03-31,2025-03-31 23:00:00,11,Indiana Pacers,Indiana,Pacers,IND,home,111,42,90,47.0,14,41,34.0,13,13,100.0,6,34,40,28,6,5,12,14,10,1,0,23,Sacramento Kings,109
401705657,2025,2025-03-31,2025-03-31 23:00:00,12,LA Clippers,LA,Clippers,LAC,away,96,36,82,44.0,8,31,26.0,16,19,84.0,11,36,47,18,12,5,16,19,10,0,0,19,Orlando Magic,87
401705657,2025,2025-03-31,2025-03-31 23:00:00,19,Orlando Magic,Orlando,Magic,ORL,home,87,30,76,39.0,7,26,27.0,20,22,91.0,6,26,32,18,10,4,14,17,6,1,0,12,LA Clippers,96
401705658,2025,2025-03-31,2025-03-31 23:00:00,14,Miami Heat,Miami,Heat,MIA,away,120,47,93,51.0,9,32,28.0,17,24,71.0,15,47,62,29,12,2,17,16,29,2,0,27,Washington Wizards,94
401705658,2025,2025-03-31,2025-03-31 23:00:00,27,Washington Wizards,Washington,Wizards,WSH,home,94,34,86,40.0,13,43,30.0,13,18,72.0,5,34,39,22,14,4,18,20,4,0,2,14,Miami Heat,120
401705654,2025,2025-03-30,2025-03-31 01:00:00,10,Houston Rockets,Houston,Rockets,HOU,away,148,56,98,57.0,18,31,58.0,18,25,72.0,13,32,45,37,14,4,9,15,42,1,2,21,Phoenix Suns,109
401705654,2025,2025-03-30,2025-03-31 01:00:00,21,Phoenix Suns,Phoenix,Suns,PHX,home,109,42,87,48.0,10,32,31.0,15,17,88.0,10,29,39,25,8,5,19,21,3,0,2,10,Houston Rockets,148
401705653,2025,2025-03-30,2025-03-30 23:30:00,28,Toronto Raptors,Toronto,Raptors,TOR,away,127,49,103,48.0,17,38,45.0,12,18,67.0,13,33,46,32,10,4,10,13,22,1,0,20,Philadelphia 76ers,109
401705653,2025,2025-03-30,2025-03-30 23:30:00,20,Philadelphia 76ers,Philadelphia,76ers,PHI,home,109,42,89,47.0,8,29,28.0,17,19,89.0,8,38,46,25,6,10,16,12,4,2,0,28,Toronto Raptors,127
401705649,2025,2025-03-30,2025-03-30 23:00:00,1,Atlanta Hawks,Atlanta,Hawks,ATL,away,145,50,94,53.0,17,48,35.0,28,35,80.0,15,31,46,36,10,2,8,29,27,1,3,15,Milwaukee Bucks,124
401705649,2025,2025-03-30,2025-03-30 23:00:00,15,Milwaukee Bucks,Milwaukee,Bucks,MIL,home,124,39,82,48.0,12,35,34.0,34,43,79.0,6,30,36,21,5,2,14,24,9,0,1,1,Atlanta Hawks,145
401705650,2025,2025-03-30,2025-03-30 23:00:00,8,Detroit Pistons,Detroit,Pistons,DET,away,104,34,95,36.0,12,38,32.0,24,32,75.0,16,28,44,22,3,3,7,24,16,0,7,16,Minnesota Timberwolves,123
401705650,2025,2025-03-30,2025-03-30 23:00:00,16,Minnesota Timberwolves,Minnesota,Timberwolves,MIN,home,123,44,93,47.0,12,31,39.0,23,31,74.0,15,44,59,24,3,9,9,24,24,1,5,8,Detroit Pistons,104
401705651,2025,2025-03-30,2025-03-30 23:00:00,30,Charlotte Hornets,Charlotte,Hornets,CHA,away,94,32,91,35.0,8,33,24.0,22,25,88.0,12,38,50,20,15,6,14,17,13,1,0,3,New Orleans Pelicans,98
401705651,2025,2025-03-30,2025-03-30 23:00:00,3,New Orleans Pelicans,New Orleans,Pelicans,NO,home,98,38,92,41.0,9,31,29.0,13,17,76.0,14,43,57,24,9,8,17,17,5,0,0,30,Charlotte Hornets,94
401705652,2025,2025-03-30,2025-03-30 23:00:00,9,Golden State Warriors,Golden State,Warriors,GS,away,148,56,97,58.0,21,44,48.0,15,19,79.0,10,34,44,42,17,3,12,15,47,1,0,24,San Antonio Spurs,106
401705652,2025,2025-03-30,2025-03-30 23:00:00,24,San Antonio Spurs,San Antonio,Spurs,SA,home,106,40,84,48.0,16,42,38.0,10,16,63.0,7,27,34,30,4,3,21,20,0,0,1,9,Golden State Warriors,148
401705648,2025,2025-03-30,2025-03-30 22:00:00,22,Portland Trail Blazers,Portland,Trail Blazers,POR,away,93,38,87,44.0,9,36,25.0,8,14,57.0,13,26,39,19,9,4,14,12,14,0,0,18,New York Knicks,110
401705648,2025,2025-03-30,2025-03-30 22:00:00,18,New York Knicks,New York,Knicks,NY,home,110,45,84,54.0,10,25,40.0,10,13,77.0,9,35,44,27,10,10,13,17,17,2,0,22,Portland Trail Blazers,93
401705647,2025,2025-03-30,2025-03-30 19:30:00,12,LA Clippers,LA,Clippers,LAC,away,122,45,93,48.0,16,41,39.0,16,22,73.0,10,34,44,25,6,4,12,17,3,2,0,5,Cleveland Cavaliers,127
401705647,2025,2025-03-30,2025-03-30 19:30:00,5,Cleveland Cavaliers,Cleveland,Cavaliers,CLE,home,127,47,93,51.0,15,45,33.0,18,23,78.0,10,35,45,33,11,3,10,17,18,0,0,12,LA Clippers,122
401705643,2025,2025-03-29,2025-03-30 00:00:00,6,Dallas Mavericks,Dallas,Mavericks,DAL,away,120,47,101,47.0,9,30,30.0,17,21,81.0,8,33,41,28,9,8,6,18,12,0,0,4,Chicago Bulls,119
401705643,2025,2025-03-29,2025-03-30 00:00:00,4,Chicago Bulls,Chicago,Bulls,CHI,home,119,43,91,47.0,14,33,42.0,19,24,79.0,12,44,56,31,4,3,19,17,12,0,2,6,Dallas Mavericks,120
401705644,2025,2025-03-29,2025-03-30 00:00:00,13,Los Angeles Lakers,Los Angeles,Lakers,LAL,away,134,45,89,51.0,19,43,44.0,25,27,93.0,8,34,42,30,7,3,13,21,20,0,0,29,Memphis Grizzlies,127
401705644,2025,2025-03-29,2025-03-30 00:00:00,29,Memphis Grizzlies,Memphis,Grizzlies,MEM,home,127,50,95,53.0,14,32,44.0,13,18,72.0,9,32,41,33,7,4,12,27,4,0,1,13,Los Angeles Lakers,134
401705645,2025,2025-03-29,2025-03-30 00:00:00,11,Indiana Pacers,Indiana,Pacers,IND,away,111,39,87,45.0,14,42,33.0,19,26,73.0,8,35,43,27,6,6,11,16,10,2,0,25,Oklahoma City Thunder,132
401705645,2025,2025-03-29,2025-03-30 00:00:00,25,Oklahoma City Thunder,Oklahoma City,Thunder,OKC,home,132,48,94,51.0,17,36,47.0,19,23,83.0,8,39,47,26,9,4,9,17,25,1,0,11,Indiana Pacers,111
401705646,2025,2025-03-29,2025-03-30 00:00:00,2,Boston Celtics,Boston,Celtics,BOS,away,121,45,94,48.0,17,51,33.0,14,18,78.0,15,39,54,32,2,4,9,18,17,2,0,24,San Antonio Spurs,111
401705646,2025,2025-03-29,2025-03-30 00:00:00,24,San Antonio Spurs,San Antonio,Spurs,SA,home,111,38,87,44.0,14,40,35.0,21,27,78.0,10,25,35,25,6,1,4,16,2,1,1,2,Boston Celtics,121
401705642,2025,2025-03-29,2025-03-29 23:30:00,14,Miami Heat,Miami,Heat,MIA,away,118,44,93,47.0,20,43,47.0,10,13,77.0,16,31,47,33,12,4,9,13,25,2,0,20,Philadelphia 76ers,95
401705642,2025,2025-03-29,2025-03-29 23:30:00,20,Philadelphia 76ers,Philadelphia,76ers,PHI,home,95,38,76,50.0,13,32,41.0,6,14,43.0,6,31,37,28,7,7,18,15,6,0,1,14,Miami Heat,118
401705641,2025,2025-03-29,2025-03-29 23:00:00,17,Brooklyn Nets,Brooklyn,Nets,BKN,away,115,39,88,44.0,18,46,39.0,19,20,95.0,12,37,49,25,2,4,12,23,9,2,0,27,Washington Wizards,112
401705641,2025,2025-03-29,2025-03-29 23:00:00,27,Washington Wizards,Washington,Wizards,WSH,home,112,37,85,44.0,9,34,26.0,29,33,88.0,7,33,40,21,5,7,6,15,17,0,0,17,Brooklyn Nets,115
401705640,2025,2025-03-29,2025-03-29 21:00:00,23,Sacramento Kings,Sacramento,Kings,SAC,away,91,34,81,42.0,7,28,25.0,16,20,80.0,9,32,41,17,6,6,16,21,0,0,1,19,Orlando Magic,121
401705640,2025,2025-03-29,2025-03-29 21:00:00,19,Orlando Magic,Orlando,Magic,ORL,home,121,44,89,49.0,18,39,46.0,15,24,63.0,13,36,49,31,10,2,12,18,35,2,0,23,Sacramento Kings,91
401705639,2025,2025-03-28,2025-03-29 01:00:00,26,Utah Jazz,Utah,Jazz,UTAH,away,93,33,93,35.0,7,40,17.0,20,24,83.0,14,28,42,21,10,0,17,19,0,1,2,7,Denver Nuggets,129
401705639,2025,2025-03-28,2025-03-29 01:00:00,7,Denver Nuggets,Denver,Nuggets,DEN,home,129,48,83,58.0,11,29,38.0,22,28,79.0,9,36,45,38,12,13,18,16,41,0,0,26,Utah Jazz,93
401705636,2025,2025-03-28,2025-03-29 00:00:00,18,New York Knicks,New York,Knicks,NY,away,116,45,93,48.0,12,33,36.0,14,16,88.0,14,30,44,28,12,1,8,14,19,1,0,15,Milwaukee Bucks,107
401705636,2025,2025-03-28,2025-03-29 00:00:00,15,Milwaukee Bucks,Milwaukee,Bucks,MIL,home,107,41,75,55.0,13,33,39.0,12,19,63.0,3,29,32,24,2,3,16,14,4,0,0,18,New York Knicks,116
401705637,2025,2025-03-28,2025-03-29 00:00:00,21,Phoenix Suns,Phoenix,Suns,PHX,away,109,41,79,52.0,18,37,49.0,9,13,69.0,8,26,34,28,6,4,16,16,2,0,0,16,Minnesota Timberwolves,124
401705637,2025,2025-03-28,2025-03-29 00:00:00,16,Minnesota Timberwolves,Minnesota,Timberwolves,MIN,home,124,47,89,53.0,19,39,49.0,11,13,85.0,12,31,43,31,12,4,11,18,22,2,0,21,Phoenix Suns,109
401705638,2025,2025-03-28,2025-03-29 00:00:00,9,Golden State Warriors,Golden State,Warriors,GS,away,111,38,92,41.0,13,55,24.0,22,29,76.0,18,32,50,29,10,1,10,22,16,1,0,3,New Orleans Pelicans,95
401705638,2025,2025-03-28,2025-03-29 00:00:00,3,New Orleans Pelicans,New Orleans,Pelicans,NO,home,95,33,81,41.0,7,23,30.0,22,28,79.0,14,32,46,24,6,5,15,23,12,1,0,9,Golden State Warriors,111
401705634,2025,2025-03-28,2025-03-28 23:30:00,12,LA Clippers,LA,Clippers,LAC,away,132,44,80,55.0,19,37,51.0,25,28,89.0,2,46,48,29,11,4,12,22,41,1,1,17,Brooklyn Nets,100
401705634,2025,2025-03-28,2025-03-28 23:30:00,17,Brooklyn Nets,Brooklyn,Nets,BKN,home,100,33,89,37.0,14,47,30.0,20,26,77.0,10,33,43,27,10,3,14,21,6,1,1,12,LA Clippers,132
401705635,2025,2025-03-28,2025-03-28 23:30:00,30,Charlotte Hornets,Charlotte,Hornets,CHA,away,97,39,96,41.0,9,31,29.0,10,15,67.0,13,43,56,29,5,5,17,12,3,1,0,28,Toronto Raptors,108
401705635,2025,2025-03-28,2025-03-28 23:30:00,28,Toronto Raptors,Toronto,Raptors,TOR,home,108,42,95,44.0,14,44,32.0,10,15,67.0,11,34,45,28,9,5,6,15,15,0,0,30,Charlotte Hornets,97
401705633,2025,2025-03-28,2025-03-28 23:00:00,5,Cleveland Cavaliers,Cleveland,Cavaliers,CLE,away,122,39,84,46.0,15,40,38.0,29,38,76.0,11,30,41,16,9,3,14,27,6,1,1,8,Detroit Pistons,133
401705633,2025,2025-03-28,2025-03-28 23:00:00,8,Detroit Pistons,Detroit,Pistons,DET,home,133,44,92,48.0,15,34,44.0,30,35,86.0,16,27,43,25,8,5,13,29,21,0,0,5,Cleveland Cavaliers,122
401705632,2025,2025-03-27,2025-03-28 02:00:00,22,Portland Trail Blazers,Portland,Trail Blazers,POR,away,107,35,88,40.0,16,50,32.0,21,26,81.0,15,17,32,23,11,3,10,20,2,2,0,23,Sacramento Kings,128
401705632,2025,2025-03-27,2025-03-28 02:00:00,23,Sacramento Kings,Sacramento,Kings,SAC,home,128,48,74,65.0,10,27,37.0,22,27,81.0,9,37,46,24,8,3,20,23,23,1,0,22,Portland Trail Blazers,107
401705631,2025,2025-03-27,2025-03-28 01:00:00,10,Houston Rockets,Houston,Rockets,HOU,away,121,47,102,46.0,12,37,32.0,15,19,79.0,18,33,51,26,7,5,9,14,15,0,0,26,Utah Jazz,110
401705631,2025,2025-03-27,2025-03-28 01:00:00,26,Utah Jazz,Utah,Jazz,UTAH,home,110,43,79,54.0,11,23,48.0,13,17,76.0,3,30,33,29,5,5,16,20,2,0,1,10,Houston Rockets,121
401705629,2025,2025-03-27,2025-03-28 00:00:00,13,Los Angeles Lakers,Los Angeles,Lakers,LAL,away,117,45,91,49.0,12,41,29.0,15,18,83.0,6,34,40,30,8,7,11,19,18,0,0,4,Chicago Bulls,119
401705629,2025,2025-03-27,2025-03-28 00:00:00,4,Chicago Bulls,Chicago,Bulls,CHI,home,119,43,92,47.0,19,44,43.0,14,22,64.0,11,37,48,33,4,2,15,15,13,0,0,13,Los Angeles Lakers,117
401705630,2025,2025-03-27,2025-03-28 00:00:00,29,Memphis Grizzlies,Memphis,Grizzlies,MEM,away,104,33,79,42.0,16,42,38.0,22,23,96.0,5,31,36,28,9,4,18,20,5,1,0,25,Oklahoma City Thunder,125
401705630,2025,2025-03-27,2025-03-28 00:00:00,25,Oklahoma City Thunder,Oklahoma City,Thunder,OKC,home,125,44,90,49.0,13,31,42.0,24,28,86.0,7,38,45,28,9,4,12,17,23,0,0,29,Memphis Grizzlies,104
401705628,2025,2025-03-27,2025-03-27 23:30:00,1,Atlanta Hawks,Atlanta,Hawks,ATL,away,112,43,83,52.0,18,41,44.0,8,11,73.0,6,30,36,27,10,2,15,11,14,1,2,14,Miami Heat,122
401705628,2025,2025-03-27,2025-03-27 23:30:00,14,Miami Heat,Miami,Heat,MIA,home,122,44,82,54.0,18,33,55.0,16,20,80.0,7,30,37,26,10,1,13,10,21,1,0,1,Atlanta Hawks,112
401705625,2025,2025-03-27,2025-03-27 23:00:00,24,San Antonio Spurs,San Antonio,Spurs,SA,away,116,43,106,41.0,14,43,33.0,16,21,76.0,19,31,50,27,10,3,10,20,8,0,0,5,Cleveland Cavaliers,124
401705625,2025,2025-03-27,2025-03-27 23:00:00,5,Cleveland Cavaliers,Cleveland,Cavaliers,CLE,home,124,46,99,46.0,17,48,35.0,15,18,83.0,14,42,56,33,7,5,13,14,16,1,0,24,San Antonio Spurs,116
401705626,2025,2025-03-27,2025-03-27 23:00:00,6,Dallas Mavericks,Dallas,Mavericks,DAL,away,101,37,78,47.0,11,22,50.0,16,22,73.0,5,35,40,21,10,1,14,17,12,1,0,19,Orlando Magic,92
401705626,2025,2025-03-27,2025-03-27 23:00:00,19,Orlando Magic,Orlando,Magic,ORL,home,92,34,80,43.0,5,30,17.0,19,24,79.0,10,34,44,14,5,5,16,20,11,1,0,6,Dallas Mavericks,101
401705627,2025,2025-03-27,2025-03-27 23:00:00,11,Indiana Pacers,Indiana,Pacers,IND,away,162,59,92,64.0,27,47,57.0,17,19,89.0,13,37,50,48,8,2,12,19,59,3,0,27,Washington Wizards,109
401705627,2025,2025-03-27,2025-03-27 23:00:00,27,Washington Wizards,Washington,Wizards,WSH,home,109,38,85,45.0,11,30,37.0,22,26,85.0,12,19,31,19,9,2,15,15,0,0,1,11,Indiana Pacers,162
401705624,2025,2025-03-26,2025-03-27 02:00:00,2,Boston Celtics,Boston,Celtics,BOS,away,132,45,89,51.0,22,52,42.0,20,22,91.0,11,37,48,33,8,7,10,18,34,1,1,21,Phoenix Suns,102
401705624,2025,2025-03-26,2025-03-27 02:00:00,21,Phoenix Suns,Phoenix,Suns,PHX,home,102,36,87,41.0,13,41,32.0,17,21,81.0,11,27,38,22,7,3,13,18,0,1,2,2,Boston Celtics,132
401705623,2025,2025-03-26,2025-03-27 01:00:00,15,Milwaukee Bucks,Milwaukee,Bucks,MIL,away,117,46,89,52.0,16,37,43.0,9,13,69.0,8,31,39,30,4,6,11,14,5,0,0,7,Denver Nuggets,127
401705623,2025,2025-03-26,2025-03-27 01:00:00,7,Denver Nuggets,Denver,Nuggets,DEN,home,127,49,90,54.0,16,37,43.0,13,22,59.0,8,38,46,36,6,4,9,12,15,1,0,15,Milwaukee Bucks,117
401705620,2025,2025-03-26,2025-03-26 23:30:00,28,Toronto Raptors,Toronto,Raptors,TOR,away,116,43,102,42.0,10,33,30.0,20,23,87.0,17,46,63,34,5,3,11,22,32,1,0,17,Brooklyn Nets,86
401705620,2025,2025-03-26,2025-03-26 23:30:00,17,Brooklyn Nets,Brooklyn,Nets,BKN,home,86,31,87,36.0,8,41,20.0,16,19,84.0,10,33,43,16,6,9,19,21,0,1,0,28,Toronto Raptors,116
401705621,2025,2025-03-26,2025-03-26 23:30:00,13,Los Angeles Lakers,Los Angeles,Lakers,LAL,away,120,41,79,52.0,17,38,45.0,21,24,88.0,8,35,43,26,5,3,14,22,17,1,0,11,Indiana Pacers,119
401705621,2025,2025-03-26,2025-03-26 23:30:00,11,Indiana Pacers,Indiana,Pacers,IND,home,119,44,87,51.0,15,36,42.0,16,19,84.0,7,29,36,31,9,4,9,16,8,1,2,13,Los Angeles Lakers,120
401705622,2025,2025-03-26,2025-03-26 23:30:00,12,LA Clippers,LA,Clippers,LAC,away,126,45,88,51.0,16,30,53.0,20,24,83.0,13,32,45,27,4,8,5,21,19,0,0,18,New York Knicks,113
401705622,2025,2025-03-26,2025-03-26 23:30:00,18,New York Knicks,New York,Knicks,NY,home,113,42,84,50.0,13,34,38.0,16,22,73.0,7,31,38,35,4,1,9,14,14,1,1,12,LA Clippers,126
401705619,2025,2025-03-26,2025-03-26 23:00:00,27,Washington Wizards,Washington,Wizards,WSH,away,119,48,95,51.0,18,44,41.0,5,12,42.0,13,36,49,30,3,6,10,12,18,1,1,20,Philadelphia 76ers,114
401705619,2025,2025-03-26,2025-03-26 23:00:00,20,Philadelphia 76ers,Philadelphia,76ers,PHI,home,114,42,98,43.0,14,46,30.0,16,20,80.0,13,34,47,22,7,5,4,15,2,1,0,27,Washington Wizards,119
401705617,2025,2025-03-25,2025-03-26 02:00:00,5,Cleveland Cavaliers,Cleveland,Cavaliers,CLE,away,122,48,88,55.0,12,27,44.0,14,17,82.0,9,32,41,28,4,6,11,18,12,3,0,22,Portland Trail Blazers,111
401705617,2025,2025-03-25,2025-03-26 02:00:00,22,Portland Trail Blazers,Portland,Trail Blazers,POR,home,111,40,100,40.0,17,52,33.0,14,22,64.0,19,26,45,28,9,3,9,15,5,1,1,5,Cleveland Cavaliers,122
401705618,2025,2025-03-25,2025-03-26 02:00:00,25,Oklahoma City Thunder,Oklahoma City,Thunder,OKC,away,121,43,82,52.0,19,32,59.0,16,20,80.0,6,46,52,30,7,6,15,18,25,2,1,23,Sacramento Kings,105
401705618,2025,2025-03-25,2025-03-26 02:00:00,23,Sacramento Kings,Sacramento,Kings,SAC,home,105,37,91,41.0,23,47,49.0,8,12,67.0,5,31,36,32,10,7,11,15,3,0,0,25,Oklahoma City Thunder,121
401705616,2025,2025-03-25,2025-03-26 01:00:00,29,Memphis Grizzlies,Memphis,Grizzlies,MEM,away,140,52,98,53.0,20,45,44.0,16,18,89.0,17,35,52,38,7,4,8,21,40,1,0,26,Utah Jazz,103
401705616,2025,2025-03-25,2025-03-26 01:00:00,26,Utah Jazz,Utah,Jazz,UTAH,home,103,34,78,44.0,17,42,40.0,18,22,82.0,4,24,28,24,6,3,13,16,14,1,0,29,Memphis Grizzlies,140
401705615,2025,2025-03-25,2025-03-26 00:00:00,1,Atlanta Hawks,Atlanta,Hawks,ATL,away,114,43,103,42.0,15,49,31.0,13,15,87.0,18,24,42,32,8,1,14,26,7,0,0,10,Houston Rockets,121
401705615,2025,2025-03-25,2025-03-26 00:00:00,10,Houston Rockets,Houston,Rockets,HOU,home,121,42,93,45.0,11,39,28.0,26,29,90.0,14,37,51,17,8,2,13,12,25,3,1,1,Atlanta Hawks,114
401705613,2025,2025-03-25,2025-03-25 23:30:00,9,Golden State Warriors,Golden State,Warriors,GS,away,86,33,83,40.0,9,38,24.0,11,16,69.0,14,24,38,20,8,1,12,14,0,4,0,14,Miami Heat,112
401705613,2025,2025-03-25,2025-03-25 23:30:00,14,Miami Heat,Miami,Heat,MIA,home,112,43,77,56.0,17,25,68.0,9,12,75.0,8,34,42,26,8,5,15,15,28,3,0,9,Golden State Warriors,86
401705614,2025,2025-03-25,2025-03-25 23:30:00,6,Dallas Mavericks,Dallas,Mavericks,DAL,away,113,43,80,54.0,6,19,32.0,21,25,84.0,5,28,33,19,9,3,16,16,4,0,1,18,New York Knicks,128
401705614,2025,2025-03-25,2025-03-25 23:30:00,18,New York Knicks,New York,Knicks,NY,home,128,53,89,60.0,10,26,38.0,12,18,67.0,5,31,36,40,9,4,14,18,26,1,0,6,Dallas Mavericks,113
401705611,2025,2025-03-25,2025-03-25 23:00:00,19,Orlando Magic,Orlando,Magic,ORL,away,111,41,90,46.0,13,42,31.0,16,19,84.0,13,37,50,22,5,4,8,21,13,3,1,30,Charlotte Hornets,104
401705611,2025,2025-03-25,2025-03-25 23:00:00,30,Charlotte Hornets,Charlotte,Hornets,CHA,home,104,37,88,42.0,14,34,41.0,16,21,76.0,8,30,38,26,4,3,11,22,7,0,1,19,Orlando Magic,111
401705612,2025,2025-03-25,2025-03-25 23:00:00,24,San Antonio Spurs,San Antonio,Spurs,SA,away,96,33,91,36.0,14,44,32.0,16,20,80.0,16,25,41,21,7,2,10,19,1,1,0,8,Detroit Pistons,122
401705612,2025,2025-03-25,2025-03-25 23:00:00,8,Detroit Pistons,Detroit,Pistons,DET,home,122,44,78,56.0,15,31,48.0,19,25,76.0,6,38,44,33,6,5,10,19,30,1,0,24,San Antonio Spurs,96
401705609,2025,2025-03-24,2025-03-25 02:00:00,15,Milwaukee Bucks,Milwaukee,Bucks,MIL,away,106,37,83,45.0,12,39,31.0,20,29,69.0,9,27,36,24,12,0,7,16,9,0,0,21,Phoenix Suns,108
401705609,2025,2025-03-24,2025-03-25 02:00:00,21,Phoenix Suns,Phoenix,Suns,PHX,home,108,39,82,48.0,14,36,39.0,16,18,89.0,14,38,52,25,2,4,16,21,7,0,1,15,Milwaukee Bucks,106
401705610,2025,2025-03-24,2025-03-25 02:00:00,2,Boston Celtics,Boston,Celtics,BOS,away,113,41,90,46.0,19,50,38.0,12,20,60.0,10,35,45,28,9,4,10,14,22,0,1,23,Sacramento Kings,95
401705610,2025,2025-03-24,2025-03-25 02:00:00,23,Sacramento Kings,Sacramento,Kings,SAC,home,95,39,86,45.0,8,24,33.0,9,11,82.0,8,37,45,23,7,1,14,18,9,1,0,2,Boston Celtics,113
401705608,2025,2025-03-24,2025-03-25 01:00:00,4,Chicago Bulls,Chicago,Bulls,CHI,away,129,45,91,49.0,17,39,44.0,22,26,85.0,12,31,43,31,8,5,10,17,12,0,0,7,Denver Nuggets,119
401705608,2025,2025-03-24,2025-03-25 01:00:00,7,Denver Nuggets,Denver,Nuggets,DEN,home,119,46,97,47.0,11,36,31.0,16,24,67.0,17,35,52,34,5,9,12,16,13,0,1,4,Chicago Bulls,129
401705607,2025,2025-03-24,2025-03-25 00:00:00,20,Philadelphia 76ers,Philadelphia,76ers,PHI,away,99,34,87,39.0,14,42,33.0,17,19,89.0,12,25,37,19,11,6,11,16,2,1,0,3,New Orleans Pelicans,112
401705607,2025,2025-03-24,2025-03-25 00:00:00,3,New Orleans Pelicans,New Orleans,Pelicans,NO,home,112,43,87,49.0,15,35,43.0,11,13,85.0,13,38,51,36,11,5,16,17,23,1,0,20,Philadelphia 76ers,99
401705606,2025,2025-03-24,2025-03-24 23:30:00,6,Dallas Mavericks,Dallas,Mavericks,DAL,away,120,49,87,56.0,10,31,32.0,12,16,75.0,11,30,41,34,10,1,10,15,22,1,0,17,Brooklyn Nets,101
401705606,2025,2025-03-24,2025-03-24 23:30:00,17,Brooklyn Nets,Brooklyn,Nets,BKN,home,101,40,78,51.0,11,33,33.0,10,14,71.0,9,28,37,30,7,2,18,15,0,1,0,6,Dallas Mavericks,120
401705603,2025,2025-03-24,2025-03-24 23:00:00,16,Minnesota Timberwolves,Minnesota,Timberwolves,MIN,away,103,44,91,48.0,9,35,26.0,6,10,60.0,9,36,45,26,5,3,17,13,0,0,1,11,Indiana Pacers,119
401705603,2025,2025-03-24,2025-03-24 23:00:00,11,Indiana Pacers,Indiana,Pacers,IND,home,119,46,94,49.0,13,35,37.0,14,14,100.0,9,37,46,30,9,5,11,12,22,1,0,16,Minnesota Timberwolves,103
401705604,2025,2025-03-24,2025-03-24 23:00:00,13,Los Angeles Lakers,Los Angeles,Lakers,LAL,away,106,37,80,46.0,10,32,31.0,22,28,79.0,11,28,39,19,7,1,10,20,9,1,0,19,Orlando Magic,118
401705604,2025,2025-03-24,2025-03-24 23:00:00,19,Orlando Magic,Orlando,Magic,ORL,home,118,42,85,49.0,15,40,38.0,19,23,83.0,12,31,43,25,6,4,8,18,17,1,0,13,Los Angeles Lakers,106
401705605,2025,2025-03-24,2025-03-24 23:00:00,28,Toronto Raptors,Toronto,Raptors,TOR,away,112,41,101,41.0,10,36,28.0,20,27,74.0,17,43,60,28,11,6,12,23,12,0,1,27,Washington Wizards,104
401705605,2025,2025-03-24,2025-03-24 23:00:00,27,Washington Wizards,Washington,Wizards,WSH,home,104,35,87,40.0,11,37,30.0,23,34,68.0,9,39,48,24,8,9,17,19,8,0,0,28,Toronto Raptors,112
401705602,2025,2025-03-23,2025-03-24 01:00:00,25,Oklahoma City Thunder,Oklahoma City,Thunder,OKC,away,103,37,92,40.0,12,35,34.0,17,20,85.0,10,32,42,28,9,8,9,22,9,0,0,12,LA Clippers,101
401705602,2025,2025-03-23,2025-03-24 01:00:00,12,LA Clippers,LA,Clippers,LAC,home,101,35,82,43.0,8,26,31.0,23,28,82.0,11,37,48,20,6,8,14,19,12,0,0,25,Oklahoma City Thunder,103
401705601,2025,2025-03-23,2025-03-23 23:00:00,7,Denver Nuggets,Denver,Nuggets,DEN,away,116,44,87,51.0,10,21,48.0,18,26,69.0,10,33,43,28,5,4,9,23,19,0,0,10,Houston Rockets,111
401705601,2025,2025-03-23,2025-03-23 23:00:00,10,Houston Rockets,Houston,Rockets,HOU,home,111,39,89,44.0,11,34,32.0,22,34,65.0,16,29,45,25,4,7,6,20,9,0,0,7,Denver Nuggets,116
401705597,2025,2025-03-23,2025-03-23 22:00:00,20,Philadelphia 76ers,Philadelphia,76ers,PHI,away,119,40,91,44.0,11,34,32.0,28,37,76.0,13,24,37,24,8,4,13,18,1,0,3,1,Atlanta Hawks,132
401705597,2025,2025-03-23,2025-03-23 22:00:00,1,Atlanta Hawks,Atlanta,Hawks,ATL,home,132,48,87,55.0,17,37,46.0,19,22,86.0,10,29,39,35,11,4,16,26,27,1,2,20,Philadelphia 76ers,119
401705598,2025,2025-03-23,2025-03-23 22:00:00,30,Charlotte Hornets,Charlotte,Hornets,CHA,away,105,41,87,47.0,11,33,33.0,12,13,92.0,12,28,40,24,5,4,19,15,12,1,0,14,Miami Heat,122
401705598,2025,2025-03-23,2025-03-23 22:00:00,14,Miami Heat,Miami,Heat,MIA,home,122,47,82,57.0,12,29,41.0,16,20,80.0,7,25,32,27,10,4,10,13,24,2,0,30,Charlotte Hornets,105
401705599,2025,2025-03-23,2025-03-23 22:00:00,24,San Antonio Spurs,San Antonio,Spurs,SA,away,123,41,86,48.0,14,43,33.0,27,32,84.0,13,33,46,27,15,6,14,14,38,0,0,28,Toronto Raptors,89
401705599,2025,2025-03-23,2025-03-23 22:00:00,28,Toronto Raptors,Toronto,Raptors,TOR,home,89,35,92,38.0,10,39,26.0,9,13,69.0,16,30,46,27,8,3,21,21,1,1,0,24,San Antonio Spurs,123
401705600,2025,2025-03-23,2025-03-23 22:00:00,2,Boston Celtics,Boston,Celtics,BOS,away,129,48,88,55.0,23,50,46.0,10,14,71.0,11,27,38,31,6,6,9,14,18,0,1,22,Portland Trail Blazers,116
401705600,2025,2025-03-23,2025-03-23 22:00:00,22,Portland Trail Blazers,Portland,Trail Blazers,POR,home,116,43,88,49.0,19,47,40.0,11,16,69.0,11,27,38,24,6,3,12,11,3,0,0,2,Boston Celtics,129
401705596,2025,2025-03-23,2025-03-23 19:30:00,5,Cleveland Cavaliers,Cleveland,Cavaliers,CLE,away,120,44,96,46.0,11,48,23.0,21,31,68.0,14,37,51,28,9,7,6,16,32,1,0,26,Utah Jazz,91
401705596,2025,2025-03-23,2025-03-23 19:30:00,26,Utah Jazz,Utah,Jazz,UTAH,home,91,32,89,36.0,16,50,32.0,11,18,61.0,13,39,52,25,4,5,18,24,2,3,0,5,Cleveland Cavaliers,120
401705595,2025,2025-03-23,2025-03-23 19:00:00,3,New Orleans Pelicans,New Orleans,Pelicans,NO,away,130,49,85,58.0,20,40,50.0,12,16,75.0,10,27,37,35,3,5,17,30,6,1,0,8,Detroit Pistons,136
401705595,2025,2025-03-23,2025-03-23 19:00:00,8,Detroit Pistons,Detroit,Pistons,DET,home,136,47,86,55.0,13,27,48.0,29,40,73.0,11,21,32,26,6,2,6,20,13,2,1,3,New Orleans Pelicans,130
401705594,2025,2025-03-22,2025-03-23 02:30:00,4,Chicago Bulls,Chicago,Bulls,CHI,away,146,56,96,58.0,19,41,46.0,15,20,75.0,10,32,42,41,17,5,10,16,34,0,0,13,Los Angeles Lakers,115
401705594,2025,2025-03-22,2025-03-23 02:30:00,13,Los Angeles Lakers,Los Angeles,Lakers,LAL,home,115,41,85,48.0,17,41,41.0,16,22,73.0,9,26,35,23,8,1,21,16,4,0,2,4,Chicago Bulls,146
401705593,2025,2025-03-22,2025-03-23 02:00:00,15,Milwaukee Bucks,Milwaukee,Bucks,MIL,away,114,44,84,52.0,13,31,42.0,13,20,65.0,11,31,42,22,6,3,9,17,6,1,0,23,Sacramento Kings,108
401705593,2025,2025-03-22,2025-03-23 02:00:00,23,Sacramento Kings,Sacramento,Kings,SAC,home,108,41,91,45.0,9,38,24.0,17,22,77.0,14,30,44,21,4,2,8,17,14,0,0,15,Milwaukee Bucks,114
401705592,2025,2025-03-22,2025-03-23 00:00:00,27,Washington Wizards,Washington,Wizards,WSH,away,103,39,88,44.0,11,36,31.0,14,19,74.0,10,31,41,21,9,5,20,23,2,0,2,18,New York Knicks,122
401705592,2025,2025-03-22,2025-03-23 00:00:00,18,New York Knicks,New York,Knicks,NY,home,122,44,91,48.0,13,35,37.0,21,27,78.0,14,35,49,29,13,3,14,17,33,2,0,27,Washington Wizards,103
401705591,2025,2025-03-22,2025-03-22 23:00:00,9,Golden State Warriors,Golden State,Warriors,GS,away,115,39,84,46.0,16,38,42.0,21,26,81.0,6,32,38,28,8,4,9,16,3,1,0,1,Atlanta Hawks,124
401705591,2025,2025-03-22,2025-03-22 23:00:00,1,Atlanta Hawks,Atlanta,Hawks,ATL,home,124,49,86,57.0,15,36,42.0,11,18,61.0,10,36,46,37,5,3,14,23,22,2,0,9,Golden State Warriors,115
401705590,2025,2025-03-22,2025-03-22 21:00:00,17,Brooklyn Nets,Brooklyn,Nets,BKN,away,103,39,90,43.0,15,43,35.0,10,17,59.0,11,37,48,20,6,1,14,20,1,1,0,11,Indiana Pacers,108
401705590,2025,2025-03-22,2025-03-22 21:00:00,11,Indiana Pacers,Indiana,Pacers,IND,home,108,40,84,48.0,11,35,31.0,17,21,81.0,6,38,44,32,5,6,13,24,20,2,0,17,Brooklyn Nets,103
401705589,2025,2025-03-21,2025-03-22 02:30:00,29,Memphis Grizzlies,Memphis,Grizzlies,MEM,away,108,40,95,42.0,19,49,39.0,9,13,69.0,10,30,40,28,8,3,10,20,8,0,0,12,LA Clippers,128
401705589,2025,2025-03-21,2025-03-22 02:30:00,12,LA Clippers,LA,Clippers,LAC,home,128,45,78,58.0,17,34,50.0,21,26,81.0,2,41,43,29,7,9,13,14,20,2,0,29,Memphis Grizzlies,108
401705587,2025,2025-03-21,2025-03-22 02:00:00,5,Cleveland Cavaliers,Cleveland,Cavaliers,CLE,away,112,42,94,45.0,17,45,38.0,11,14,79.0,16,28,44,24,11,5,11,12,4,0,0,21,Phoenix Suns,123
401705587,2025,2025-03-21,2025-03-22 02:00:00,21,Phoenix Suns,Phoenix,Suns,PHX,home,123,48,92,52.0,19,42,45.0,8,8,100.0,12,34,46,33,6,3,13,16,21,2,0,5,Cleveland Cavaliers,112
401705588,2025,2025-03-21,2025-03-22 02:00:00,7,Denver Nuggets,Denver,Nuggets,DEN,away,109,38,76,50.0,9,26,35.0,24,28,86.0,11,20,31,24,10,2,20,25,10,1,0,22,Portland Trail Blazers,128
401705588,2025,2025-03-21,2025-03-22 02:00:00,22,Portland Trail Blazers,Portland,Trail Blazers,POR,home,128,47,87,54.0,14,35,40.0,20,25,80.0,15,23,38,30,12,6,17,18,23,0,0,7,Denver Nuggets,109
401705586,2025,2025-03-21,2025-03-22 01:30:00,2,Boston Celtics,Boston,Celtics,BOS,away,121,45,97,46.0,17,51,33.0,14,16,88.0,16,32,48,27,13,4,10,15,22,1,1,26,Utah Jazz,99
401705586,2025,2025-03-21,2025-03-22 01:30:00,26,Utah Jazz,Utah,Jazz,UTAH,home,99,38,84,45.0,14,35,40.0,9,12,75.0,9,29,38,24,7,2,17,17,5,0,1,2,Boston Celtics,121
401705585,2025,2025-03-21,2025-03-22 00:30:00,8,Detroit Pistons,Detroit,Pistons,DET,away,117,46,98,47.0,11,31,35.0,14,19,74.0,15,26,41,24,14,5,14,22,3,0,3,6,Dallas Mavericks,123
401705585,2025,2025-03-21,2025-03-22 00:30:00,6,Dallas Mavericks,Dallas,Mavericks,DAL,home,123,42,80,53.0,12,34,35.0,27,36,75.0,10,34,44,25,10,7,20,16,12,0,3,8,Detroit Pistons,117
401705581,2025,2025-03-21,2025-03-22 00:00:00,10,Houston Rockets,Houston,Rockets,HOU,away,102,39,84,46.0,14,28,50.0,10,21,48.0,15,31,46,14,17,4,15,14,10,2,0,14,Miami Heat,98
401705581,2025,2025-03-21,2025-03-22 00:00:00,14,Miami Heat,Miami,Heat,MIA,home,98,38,73,52.0,10,24,42.0,12,14,86.0,5,29,34,25,8,5,20,16,11,1,0,10,Houston Rockets,102
401705582,2025,2025-03-21,2025-03-22 00:00:00,3,New Orleans Pelicans,New Orleans,Pelicans,NO,away,93,34,68,50.0,11,31,35.0,14,22,64.0,7,26,33,20,11,4,25,20,4,1,3,16,Minnesota Timberwolves,134
401705582,2025,2025-03-21,2025-03-22 00:00:00,16,Minnesota Timberwolves,Minnesota,Timberwolves,MIN,home,134,48,89,54.0,19,44,43.0,19,20,95.0,10,26,36,40,14,1,13,17,43,1,0,3,New Orleans Pelicans,93
401705583,2025,2025-03-21,2025-03-22 00:00:00,30,Charlotte Hornets,Charlotte,Hornets,CHA,away,106,37,80,46.0,19,41,46.0,13,13,100.0,6,23,29,29,6,4,16,13,0,0,0,25,Oklahoma City Thunder,141
401705583,2025,2025-03-21,2025-03-22 00:00:00,25,Oklahoma City Thunder,Oklahoma City,Thunder,OKC,home,141,54,94,57.0,21,39,54.0,12,17,71.0,10,33,43,29,10,7,7,13,35,2,0,30,Charlotte Hornets,106
401705584,2025,2025-03-21,2025-03-22 00:00:00,20,Philadelphia 76ers,Philadelphia,76ers,PHI,away,120,46,81,57.0,14,37,38.0,14,20,70.0,5,27,32,30,10,4,16,15,9,4,0,24,San Antonio Spurs,128
401705584,2025,2025-03-21,2025-03-22 00:00:00,24,San Antonio Spurs,San Antonio,Spurs,SA,home,128,47,89,53.0,19,39,49.0,15,18,83.0,9,25,34,36,11,5,14,14,16,1,0,20,Philadelphia 76ers,120
401705580,2025,2025-03-21,2025-03-21 23:00:00,19,Orlando Magic,Orlando,Magic,ORL,away,120,46,96,48.0,17,42,40.0,11,13,85.0,13,42,55,25,9,8,12,17,33,1,0,27,Washington Wizards,105
401705580,2025,2025-03-21,2025-03-21 23:00:00,27,Washington Wizards,Washington,Wizards,WSH,home,105,37,87,43.0,17,39,44.0,14,19,74.0,8,33,41,23,11,4,14,10,5,1,1,19,Orlando Magic,120
401705562,2025,2025-03-20,2025-03-21 02:30:00,15,Milwaukee Bucks,Milwaukee,Bucks,MIL,away,118,40,84,48.0,11,35,31.0,27,34,79.0,10,31,41,24,12,4,9,14,35,0,1,13,Los Angeles Lakers,89
401705562,2025,2025-03-20,2025-03-21 02:30:00,13,Los Angeles Lakers,Los Angeles,Lakers,LAL,home,89,34,82,41.0,11,32,34.0,10,16,63.0,14,36,50,26,5,4,19,25,0,3,0,15,Milwaukee Bucks,118
401705571,2025,2025-03-20,2025-03-21 02:00:00,28,Toronto Raptors,Toronto,Raptors,TOR,away,114,44,78,56.0,11,26,42.0,15,19,79.0,7,37,44,32,7,4,23,24,7,0,0,9,Golden State Warriors,117
401705571,2025,2025-03-20,2025-03-21 02:00:00,9,Golden State Warriors,Golden State,Warriors,GS,home,117,38,90,42.0,19,47,40.0,22,28,79.0,11,27,38,30,13,5,14,15,10,1,0,28,Toronto Raptors,114
401705579,2025,2025-03-20,2025-03-21 02:00:00,4,Chicago Bulls,Chicago,Bulls,CHI,away,128,45,86,52.0,15,35,43.0,23,26,88.0,12,28,40,32,9,2,12,19,12,2,1,23,Sacramento Kings,116
401705579,2025,2025-03-20,2025-03-21 02:00:00,23,Sacramento Kings,Sacramento,Kings,SAC,home,116,41,86,48.0,15,39,38.0,19,23,83.0,9,27,36,27,4,5,11,22,19,1,1,4,Chicago Bulls,128
401705576,2025,2025-03-20,2025-03-20 23:00:00,18,New York Knicks,New York,Knicks,NY,away,98,36,90,40.0,10,39,26.0,16,20,80.0,9,29,38,26,9,2,7,18,4,0,1,30,Charlotte Hornets,115
401705576,2025,2025-03-20,2025-03-20 23:00:00,30,Charlotte Hornets,Charlotte,Hornets,CHA,home,115,43,88,49.0,15,32,47.0,14,17,82.0,11,41,52,25,1,3,11,20,19,1,0,18,New York Knicks,98
401705577,2025,2025-03-20,2025-03-20 23:00:00,17,Brooklyn Nets,Brooklyn,Nets,BKN,away,99,36,101,36.0,14,50,28.0,13,18,72.0,14,33,47,20,11,4,16,24,11,0,3,11,Indiana Pacers,105
401705577,2025,2025-03-20,2025-03-20 23:00:00,11,Indiana Pacers,Indiana,Pacers,IND,home,105,35,81,43.0,8,31,26.0,27,31,87.0,10,47,57,18,10,8,22,21,6,3,3,17,Brooklyn Nets,99
401705572,2025,2025-03-19,2025-03-20 02:00:00,7,Denver Nuggets,Denver,Nuggets,DEN,away,108,41,87,47.0,13,39,33.0,13,21,62.0,12,33,45,25,8,4,18,17,0,1,0,13,Los Angeles Lakers,120
401705572,2025,2025-03-19,2025-03-20 02:00:00,13,Los Angeles Lakers,Los Angeles,Lakers,LAL,home,120,42,83,51.0,16,38,42.0,20,28,71.0,8,30,38,25,13,3,13,17,30,1,1,7,Denver Nuggets,108
401705573,2025,2025-03-19,2025-03-20 02:00:00,4,Chicago Bulls,Chicago,Bulls,CHI,away,121,49,90,54.0,15,38,39.0,8,12,67.0,8,32,40,29,7,8,13,19,4,0,0,21,Phoenix Suns,127
401705573,2025,2025-03-19,2025-03-20 02:00:00,21,Phoenix Suns,Phoenix,Suns,PHX,home,127,47,96,49.0,15,40,38.0,18,20,90.0,13,33,46,34,9,6,11,13,21,0,0,4,Chicago Bulls,121
401705574,2025,2025-03-19,2025-03-20 02:00:00,29,Memphis Grizzlies,Memphis,Grizzlies,MEM,away,99,37,92,40.0,8,30,27.0,17,21,81.0,10,30,40,23,11,4,10,20,0,0,1,22,Portland Trail Blazers,115
401705574,2025,2025-03-19,2025-03-20 02:00:00,22,Portland Trail Blazers,Portland,Trail Blazers,POR,home,115,40,96,42.0,18,46,39.0,17,21,81.0,22,43,65,25,3,6,17,17,21,0,0,29,Memphis Grizzlies,99
401705575,2025,2025-03-19,2025-03-20 02:00:00,5,Cleveland Cavaliers,Cleveland,Cavaliers,CLE,away,119,46,84,55.0,13,34,38.0,14,18,78.0,8,29,37,24,7,1,12,14,13,0,1,23,Sacramento Kings,123
401705575,2025,2025-03-19,2025-03-20 02:00:00,23,Sacramento Kings,Sacramento,Kings,SAC,home,123,46,91,51.0,16,35,46.0,15,16,94.0,14,27,41,28,9,1,11,20,11,2,0,5,Cleveland Cavaliers,119
401705193,2025,2025-03-19,2025-03-20 01:00:00,27,Washington Wizards,Washington,Wizards,WSH,away,112,43,93,46.0,12,45,27.0,14,18,78.0,13,24,37,30,12,4,13,13,11,1,0,26,Utah Jazz,128
401705193,2025,2025-03-19,2025-03-20 01:00:00,26,Utah Jazz,Utah,Jazz,UTAH,home,128,50,89,56.0,17,42,40.0,11,18,61.0,9,33,42,30,7,1,16,16,21,1,0,27,Washington Wizards,112
401705567,2025,2025-03-19,2025-03-20 00:00:00,3,New Orleans Pelicans,New Orleans,Pelicans,NO,away,119,47,89,53.0,13,29,45.0,12,22,55.0,11,35,46,28,5,6,13,25,6,2,0,16,Minnesota Timberwolves,115
401705567,2025,2025-03-19,2025-03-20 00:00:00,16,Minnesota Timberwolves,Minnesota,Timberwolves,MIN,home,115,35,77,45.0,16,39,41.0,29,36,81.0,9,31,40,21,7,6,14,19,14,0,0,3,New Orleans Pelicans,119
401705568,2025,2025-03-19,2025-03-20 00:00:00,20,Philadelphia 76ers,Philadelphia,76ers,PHI,away,100,35,95,37.0,18,57,32.0,12,16,75.0,12,29,41,24,8,3,12,15,0,0,0,25,Oklahoma City Thunder,133
401705568,2025,2025-03-19,2025-03-20 00:00:00,25,Oklahoma City Thunder,Oklahoma City,Thunder,OKC,home,133,47,90,52.0,24,52,46.0,15,20,75.0,11,44,55,36,10,5,12,12,41,2,1,20,Philadelphia 76ers,100
401705569,2025,2025-03-19,2025-03-20 00:00:00,18,New York Knicks,New York,Knicks,NY,away,105,39,92,42.0,11,37,30.0,16,21,76.0,17,27,44,28,7,7,10,18,3,1,0,24,San Antonio Spurs,120
401705569,2025,2025-03-19,2025-03-20 00:00:00,24,San Antonio Spurs,San Antonio,Spurs,SA,home,120,45,90,50.0,16,35,46.0,14,20,70.0,15,37,52,28,7,7,13,22,28,2,2,18,New York Knicks,105
401705566,2025,2025-03-19,2025-03-19 23:30:00,8,Detroit Pistons,Detroit,Pistons,DET,away,116,46,91,51.0,9,23,39.0,15,18,83.0,13,34,47,25,4,10,12,20,3,1,1,14,Miami Heat,113
401705566,2025,2025-03-19,2025-03-19 23:30:00,14,Miami Heat,Miami,Heat,MIA,home,113,44,90,49.0,10,32,31.0,15,18,83.0,11,26,37,24,7,5,13,15,12,0,1,8,Detroit Pistons,116
401705564,2025,2025-03-19,2025-03-19 23:00:00,6,Dallas Mavericks,Dallas,Mavericks,DAL,away,131,48,88,55.0,11,27,41.0,24,32,75.0,7,34,41,23,6,0,12,26,11,1,0,11,Indiana Pacers,135
401705564,2025,2025-03-19,2025-03-19 23:00:00,11,Indiana Pacers,Indiana,Pacers,IND,home,135,45,82,55.0,16,35,46.0,29,37,78.0,6,32,38,29,4,5,11,26,16,0,0,6,Dallas Mavericks,131
401705565,2025,2025-03-19,2025-03-19 23:00:00,10,Houston Rockets,Houston,Rockets,HOU,away,116,38,81,47.0,11,35,31.0,29,32,91.0,12,34,46,18,10,5,15,18,16,1,1,19,Orlando Magic,108
401705565,2025,2025-03-19,2025-03-19 23:00:00,19,Orlando Magic,Orlando,Magic,ORL,home,108,41,92,45.0,9,35,26.0,17,20,85.0,14,27,41,23,7,4,12,20,8,0,0,10,Houston Rockets,116
401705563,2025,2025-03-18,2025-03-19 02:30:00,5,Cleveland Cavaliers,Cleveland,Cavaliers,CLE,away,119,44,90,49.0,14,41,34.0,17,26,65.0,10,19,29,29,6,0,8,21,12,1,1,12,LA Clippers,132
401705563,2025,2025-03-18,2025-03-19 02:30:00,12,LA Clippers,LA,Clippers,LAC,home,132,46,84,55.0,16,35,46.0,24,28,86.0,14,35,49,28,7,5,12,26,13,1,1,5,Cleveland Cavaliers,119
401705578,2025,2025-03-18,2025-03-19 02:00:00,15,Milwaukee Bucks,Milwaukee,Bucks,MIL,away,93,31,79,39.0,12,38,32.0,19,27,70.0,4,30,34,19,9,4,9,15,6,1,2,9,Golden State Warriors,104
401705578,2025,2025-03-18,2025-03-19 02:00:00,9,Golden State Warriors,Golden State,Warriors,GS,home,104,32,77,42.0,17,44,39.0,23,26,88.0,9,43,52,25,7,6,18,24,17,1,0,15,Milwaukee Bucks,93
401705560,2025,2025-03-18,2025-03-18 23:30:00,17,Brooklyn Nets,Brooklyn,Nets,BKN,away,96,36,88,41.0,13,45,29.0,11,17,65.0,8,31,39,21,9,2,8,19,9,1,1,2,Boston Celtics,104
401705560,2025,2025-03-18,2025-03-18 23:30:00,2,Boston Celtics,Boston,Celtics,BOS,home,104,35,79,44.0,16,48,33.0,18,22,82.0,6,42,48,24,6,5,13,14,10,0,0,17,Brooklyn Nets,96
401705559,2025,2025-03-18,2025-03-18 23:00:00,1,Atlanta Hawks,Atlanta,Hawks,ATL,away,134,50,93,54.0,22,45,49.0,12,15,80.0,11,35,46,27,12,8,10,17,36,1,3,30,Charlotte Hornets,102
401705559,2025,2025-03-18,2025-03-18 23:00:00,30,Charlotte Hornets,Charlotte,Hornets,CHA,home,102,38,84,45.0,10,30,33.0,16,21,76.0,10,29,39,25,7,8,17,16,0,0,1,1,Atlanta Hawks,134
401754705,2025,2025-03-17,2025-03-18 02:30:00,24,San Antonio Spurs,San Antonio,Spurs,SA,away,109,41,88,47.0,15,38,39.0,12,14,86.0,9,35,44,30,6,5,17,18,7,0,1,13,Los Angeles Lakers,125
401754705,2025,2025-03-17,2025-03-18 02:30:00,13,Los Angeles Lakers,Los Angeles,Lakers,LAL,home,125,44,90,49.0,19,48,40.0,18,24,75.0,8,34,42,34,13,4,9,10,28,0,2,24,San Antonio Spurs,109
401705556,2025,2025-03-17,2025-03-18 02:00:00,7,Denver Nuggets,Denver,Nuggets,DEN,away,114,43,92,47.0,14,39,36.0,14,18,78.0,19,34,53,32,12,7,20,24,15,2,0,9,Golden State Warriors,105
401705556,2025,2025-03-17,2025-03-18 02:00:00,9,Golden State Warriors,Golden State,Warriors,GS,home,105,41,84,49.0,8,33,24.0,15,27,56.0,11,27,38,24,16,10,20,21,1,0,0,7,Denver Nuggets,114
401705557,2025,2025-03-17,2025-03-18 02:00:00,28,Toronto Raptors,Toronto,Raptors,TOR,away,89,31,87,36.0,10,35,29.0,17,23,74.0,12,28,40,20,4,2,11,15,7,1,0,21,Phoenix Suns,129
401705557,2025,2025-03-17,2025-03-18 02:00:00,21,Phoenix Suns,Phoenix,Suns,PHX,home,129,47,92,51.0,20,39,51.0,15,15,100.0,12,42,54,34,7,4,10,21,40,0,0,28,Toronto Raptors,89
401705558,2025,2025-03-17,2025-03-18 02:00:00,29,Memphis Grizzlies,Memphis,Grizzlies,MEM,away,122,44,90,49.0,13,30,43.0,21,21,100.0,15,33,48,24,8,7,17,22,2,1,2,23,Sacramento Kings,132
401705558,2025,2025-03-17,2025-03-18 02:00:00,23,Sacramento Kings,Sacramento,Kings,SAC,home,132,46,88,52.0,20,41,49.0,20,30,67.0,10,28,38,35,11,7,12,21,21,2,1,29,Memphis Grizzlies,122
401705561,2025,2025-03-17,2025-03-18 02:00:00,27,Washington Wizards,Washington,Wizards,WSH,away,97,38,92,41.0,12,40,30.0,9,12,75.0,11,38,49,27,6,7,16,16,8,0,0,22,Portland Trail Blazers,112
401705561,2025,2025-03-17,2025-03-18 02:00:00,22,Portland Trail Blazers,Portland,Trail Blazers,POR,home,112,42,99,42.0,15,46,33.0,13,19,68.0,14,36,50,25,15,3,8,10,24,1,0,27,Washington Wizards,97
401705555,2025,2025-03-17,2025-03-18 01:00:00,4,Chicago Bulls,Chicago,Bulls,CHI,away,111,42,97,43.0,14,45,31.0,13,16,81.0,9,40,49,29,12,3,9,14,16,2,1,26,Utah Jazz,97
401705555,2025,2025-03-17,2025-03-18 01:00:00,26,Utah Jazz,Utah,Jazz,UTAH,home,97,35,86,41.0,9,42,21.0,18,22,82.0,4,44,48,20,4,4,17,19,4,0,0,4,Chicago Bulls,111
401705551,2025,2025-03-17,2025-03-18 00:00:00,20,Philadelphia 76ers,Philadelphia,76ers,PHI,away,137,48,95,51.0,24,49,49.0,17,25,68.0,8,27,35,21,8,4,16,20,25,0,0,10,Houston Rockets,144
401705551,2025,2025-03-17,2025-03-18 00:00:00,10,Houston Rockets,Houston,Rockets,HOU,home,144,51,107,48.0,22,53,42.0,20,24,83.0,23,35,58,35,8,5,15,27,7,0,2,20,Philadelphia 76ers,137
401705552,2025,2025-03-17,2025-03-18 00:00:00,11,Indiana Pacers,Indiana,Pacers,IND,away,132,48,97,49.0,17,37,46.0,19,23,83.0,14,34,48,28,7,6,20,25,15,0,2,16,Minnesota Timberwolves,130
401705552,2025,2025-03-17,2025-03-18 00:00:00,16,Minnesota Timberwolves,Minnesota,Timberwolves,MIN,home,130,44,97,45.0,13,42,31.0,29,36,81.0,9,35,44,25,11,7,14,22,8,1,0,11,Indiana Pacers,132
401705553,2025,2025-03-17,2025-03-18 00:00:00,8,Detroit Pistons,Detroit,Pistons,DET,away,127,46,84,55.0,13,35,37.0,22,29,76.0,11,39,50,33,10,7,13,19,46,1,1,3,New Orleans Pelicans,81
401705553,2025,2025-03-17,2025-03-18 00:00:00,3,New Orleans Pelicans,New Orleans,Pelicans,NO,home,81,28,86,33.0,5,32,16.0,20,30,67.0,13,26,39,18,7,6,16,15,0,1,2,8,Detroit Pistons,127
401705550,2025,2025-03-17,2025-03-17 23:30:00,14,Miami Heat,Miami,Heat,MIA,away,95,39,82,48.0,6,23,26.0,11,12,92.0,9,30,39,23,9,6,20,11,13,1,0,18,New York Knicks,116
401705550,2025,2025-03-17,2025-03-17 23:30:00,18,New York Knicks,New York,Knicks,NY,home,116,47,95,49.0,16,34,47.0,6,6,100.0,13,28,41,30,12,6,13,14,27,1,0,14,Miami Heat,95
401705548,2025,2025-03-16,2025-03-17 01:00:00,25,Oklahoma City Thunder,Oklahoma City,Thunder,OKC,away,121,46,89,52.0,10,29,34.0,19,25,76.0,8,42,50,30,3,3,9,20,25,1,0,15,Milwaukee Bucks,105
401705548,2025,2025-03-16,2025-03-17 01:00:00,15,Milwaukee Bucks,Milwaukee,Bucks,MIL,home,105,33,83,40.0,13,34,38.0,26,33,79.0,9,25,34,21,7,8,9,23,2,0,0,25,Oklahoma City Thunder,121
401705547,2025,2025-03-16,2025-03-16 23:00:00,26,Utah Jazz,Utah,Jazz,UTAH,away,102,39,90,43.0,12,38,32.0,12,15,80.0,10,34,44,23,4,0,22,20,1,0,0,16,Minnesota Timberwolves,128
401705547,2025,2025-03-16,2025-03-16 23:00:00,16,Minnesota Timberwolves,Minnesota,Timberwolves,MIN,home,128,48,97,49.0,14,43,33.0,18,26,69.0,16,33,49,30,14,6,9,16,31,1,0,26,Utah Jazz,102
401748706,2025,2025-03-16,2025-03-16 23:00:00,30,Charlotte Hornets,Charlotte,Hornets,CHA,away,88,37,94,39.0,6,33,18.0,8,9,89.0,11,33,44,27,5,5,11,18,2,0,0,12,LA Clippers,123
401748706,2025,2025-03-16,2025-03-16 23:00:00,12,LA Clippers,LA,Clippers,LAC,home,123,45,93,48.0,13,26,50.0,20,23,87.0,17,41,58,30,10,5,10,12,38,1,0,30,Charlotte Hornets,88
401705544,2025,2025-03-16,2025-03-16 22:00:00,1,Atlanta Hawks,Atlanta,Hawks,ATL,away,114,42,90,47.0,11,37,30.0,19,24,79.0,10,28,38,27,12,11,14,17,10,0,1,17,Brooklyn Nets,122
401705544,2025,2025-03-16,2025-03-16 22:00:00,17,Brooklyn Nets,Brooklyn,Nets,BKN,home,122,43,90,48.0,17,35,49.0,19,23,83.0,12,28,40,33,7,5,15,18,12,2,1,1,Atlanta Hawks,114
401705546,2025,2025-03-16,2025-03-16 22:00:00,28,Toronto Raptors,Toronto,Raptors,TOR,away,102,38,94,40.0,10,31,32.0,16,20,80.0,19,28,47,29,12,0,18,22,16,0,0,22,Portland Trail Blazers,105
401705546,2025,2025-03-16,2025-03-16 22:00:00,22,Portland Trail Blazers,Portland,Trail Blazers,POR,home,105,36,88,41.0,18,50,36.0,15,18,83.0,19,32,51,21,10,7,20,20,5,2,0,28,Toronto Raptors,102
401705543,2025,2025-03-16,2025-03-16 19:30:00,21,Phoenix Suns,Phoenix,Suns,PHX,away,96,35,89,39.0,9,41,22.0,17,21,81.0,14,37,51,25,4,4,14,27,1,0,0,13,Los Angeles Lakers,107
401705543,2025,2025-03-16,2025-03-16 19:30:00,13,Los Angeles Lakers,Los Angeles,Lakers,LAL,home,107,35,81,43.0,14,39,36.0,23,32,72.0,7,33,40,22,7,5,8,20,20,2,1,21,Phoenix Suns,96
401705542,2025,2025-03-16,2025-03-16 17:00:00,20,Philadelphia 76ers,Philadelphia,76ers,PHI,away,130,48,92,52.0,14,36,39.0,20,24,83.0,9,30,39,21,13,3,11,21,14,0,0,6,Dallas Mavericks,125
401705542,2025,2025-03-16,2025-03-16 17:00:00,6,Dallas Mavericks,Dallas,Mavericks,DAL,home,125,46,87,53.0,10,34,29.0,23,30,77.0,10,35,45,26,4,3,15,19,11,0,0,20,Philadelphia 76ers,130
401705545,2025,2025-03-16,2025-03-16 17:00:00,19,Orlando Magic,Orlando,Magic,ORL,away,108,34,81,42.0,13,31,42.0,27,34,79.0,13,34,47,21,11,3,15,20,5,3,1,5,Cleveland Cavaliers,103
401705545,2025,2025-03-16,2025-03-16 17:00:00,5,Cleveland Cavaliers,Cleveland,Cavaliers,CLE,home,103,40,96,42.0,10,40,25.0,13,20,65.0,16,32,48,21,7,1,13,22,13,1,1,19,Orlando Magic,108
401705541,2025,2025-03-15,2025-03-16 01:00:00,27,Washington Wizards,Washington,Wizards,WSH,away,126,46,95,48.0,19,45,42.0,15,17,88.0,13,31,44,34,11,4,17,17,3,0,3,7,Denver Nuggets,123
401705541,2025,2025-03-15,2025-03-16 01:00:00,7,Denver Nuggets,Denver,Nuggets,DEN,home,123,48,95,51.0,12,34,35.0,15,17,88.0,10,32,42,40,12,8,17,20,16,1,0,27,Washington Wizards,126
401705539,2025,2025-03-15,2025-03-16 00:30:00,3,New Orleans Pelicans,New Orleans,Pelicans,NO,away,115,46,92,50.0,12,35,34.0,11,11,100.0,12,40,52,34,2,3,15,20,8,3,0,24,San Antonio Spurs,119
401705539,2025,2025-03-15,2025-03-16 00:30:00,24,San Antonio Spurs,San Antonio,Spurs,SA,home,119,39,84,46.0,16,39,41.0,25,33,76.0,8,29,37,26,10,2,10,15,11,0,0,3,New Orleans Pelicans,115
401705540,2025,2025-03-15,2025-03-16 00:30:00,18,New York Knicks,New York,Knicks,NY,away,94,37,86,43.0,9,24,38.0,11,13,85.0,13,36,49,20,6,6,13,16,5,0,1,9,Golden State Warriors,97
401705540,2025,2025-03-15,2025-03-16 00:30:00,9,Golden State Warriors,Golden State,Warriors,GS,home,97,33,83,40.0,13,41,32.0,18,22,82.0,10,35,45,25,7,5,9,13,9,2,0,18,New York Knicks,94
401705536,2025,2025-03-15,2025-03-16 00:00:00,4,Chicago Bulls,Chicago,Bulls,CHI,away,114,43,93,46.0,14,38,37.0,14,16,88.0,5,31,36,24,6,5,10,23,11,1,0,10,Houston Rockets,117
401705536,2025,2025-03-15,2025-03-16 00:00:00,10,Houston Rockets,Houston,Rockets,HOU,home,117,44,98,45.0,14,44,32.0,15,26,58.0,16,38,54,24,4,6,11,18,7,3,0,4,Chicago Bulls,114
401705537,2025,2025-03-15,2025-03-16 00:00:00,14,Miami Heat,Miami,Heat,MIA,away,91,35,88,40.0,9,37,24.0,12,15,80.0,10,27,37,24,6,4,14,16,0,0,0,29,Memphis Grizzlies,125
401705537,2025,2025-03-15,2025-03-16 00:00:00,29,Memphis Grizzlies,Memphis,Grizzlies,MEM,home,125,51,92,55.0,12,31,39.0,11,12,92.0,11,40,51,31,7,6,10,16,34,1,1,14,Miami Heat,91
401705538,2025,2025-03-15,2025-03-16 00:00:00,11,Indiana Pacers,Indiana,Pacers,IND,away,119,46,96,48.0,17,43,40.0,10,13,77.0,10,22,32,29,9,4,11,15,3,1,1,15,Milwaukee Bucks,126
401705538,2025,2025-03-15,2025-03-16 00:00:00,15,Milwaukee Bucks,Milwaukee,Bucks,MIL,home,126,43,79,54.0,15,37,41.0,25,26,96.0,7,38,45,28,9,4,15,16,21,2,0,11,Indiana Pacers,119
401705535,2025,2025-03-15,2025-03-15 23:00:00,25,Oklahoma City Thunder,Oklahoma City,Thunder,OKC,away,113,43,89,48.0,10,34,29.0,17,22,77.0,10,34,44,17,11,8,17,20,16,1,0,8,Detroit Pistons,107
401705535,2025,2025-03-15,2025-03-15 23:00:00,8,Detroit Pistons,Detroit,Pistons,DET,home,107,42,88,48.0,14,33,42.0,9,13,69.0,6,33,39,29,8,3,17,21,10,0,5,25,Oklahoma City Thunder,113
401705534,2025,2025-03-15,2025-03-15 22:00:00,2,Boston Celtics,Boston,Celtics,BOS,away,115,44,84,52.0,13,38,34.0,14,19,74.0,13,25,38,29,5,7,7,14,21,1,0,17,Brooklyn Nets,113
401705534,2025,2025-03-15,2025-03-15 22:00:00,17,Brooklyn Nets,Brooklyn,Nets,BKN,home,113,42,90,47.0,20,46,43.0,9,13,69.0,18,27,45,34,4,3,9,21,3,0,0,2,Boston Celtics,115
401705533,2025,2025-03-14,2025-03-15 02:00:00,23,Sacramento Kings,Sacramento,Kings,SAC,away,106,40,81,49.0,8,32,25.0,18,20,90.0,12,28,40,25,7,1,19,18,3,0,0,21,Phoenix Suns,122
401705533,2025,2025-03-14,2025-03-15 02:00:00,21,Phoenix Suns,Phoenix,Suns,PHX,home,122,41,79,52.0,24,43,56.0,16,19,84.0,7,27,34,33,12,3,11,15,22,3,0,23,Sacramento Kings,106
401705531,2025,2025-03-14,2025-03-15 01:30:00,13,Los Angeles Lakers,Los Angeles,Lakers,LAL,away,126,49,105,47.0,15,40,38.0,13,16,81.0,19,28,47,32,10,2,8,25,11,1,0,7,Denver Nuggets,131
401705531,2025,2025-03-14,2025-03-15 01:30:00,7,Denver Nuggets,Denver,Nuggets,DEN,home,131,44,85,52.0,13,31,42.0,30,38,79.0,9,30,39,30,7,5,12,15,13,0,0,13,Los Angeles Lakers,126
401705532,2025,2025-03-14,2025-03-15 01:30:00,28,Toronto Raptors,Toronto,Raptors,TOR,away,126,44,91,48.0,12,32,38.0,26,35,74.0,10,41,51,28,9,6,15,26,15,0,0,26,Utah Jazz,118
401705532,2025,2025-03-14,2025-03-15 01:30:00,26,Utah Jazz,Utah,Jazz,UTAH,home,118,39,89,44.0,16,38,42.0,24,31,77.0,6,29,35,23,12,2,16,25,6,1,0,28,Toronto Raptors,126
401705527,2025,2025-03-14,2025-03-15 00:00:00,6,Dallas Mavericks,Dallas,Mavericks,DAL,away,96,39,94,41.0,8,22,36.0,10,12,83.0,6,28,34,14,4,6,7,11,2,1,0,10,Houston Rockets,133
401705527,2025,2025-03-14,2025-03-15 00:00:00,10,Houston Rockets,Houston,Rockets,HOU,home,133,54,105,51.0,15,31,48.0,10,12,83.0,17,50,67,27,5,6,10,13,40,1,1,6,Dallas Mavericks,96
401705528,2025,2025-03-14,2025-03-15 00:00:00,5,Cleveland Cavaliers,Cleveland,Cavaliers,CLE,away,133,44,88,50.0,19,51,37.0,26,33,79.0,8,35,43,32,9,4,15,17,25,1,1,29,Memphis Grizzlies,124
401705528,2025,2025-03-14,2025-03-15 00:00:00,29,Memphis Grizzlies,Memphis,Grizzlies,MEM,home,124,48,97,49.0,11,36,31.0,17,21,81.0,10,35,45,25,11,3,14,25,1,0,0,5,Cleveland Cavaliers,133
401705529,2025,2025-03-14,2025-03-15 00:00:00,19,Orlando Magic,Orlando,Magic,ORL,away,111,40,89,45.0,12,28,43.0,19,22,86.0,6,25,31,18,9,5,11,22,11,0,0,16,Minnesota Timberwolves,118
401705529,2025,2025-03-14,2025-03-15 00:00:00,16,Minnesota Timberwolves,Minnesota,Timberwolves,MIN,home,118,42,80,53.0,14,33,42.0,20,28,71.0,6,39,45,26,8,6,15,21,10,1,1,19,Orlando Magic,111
401705530,2025,2025-03-14,2025-03-15 00:00:00,30,Charlotte Hornets,Charlotte,Hornets,CHA,away,145,51,85,60.0,26,46,57.0,17,19,89.0,8,26,34,42,7,2,18,17,31,2,0,24,San Antonio Spurs,134
401705530,2025,2025-03-14,2025-03-15 00:00:00,24,San Antonio Spurs,San Antonio,Spurs,SA,home,134,48,95,51.0,21,46,46.0,17,22,77.0,17,19,36,27,14,5,13,17,3,1,0,30,Charlotte Hornets,145
401705526,2025,2025-03-14,2025-03-14 23:30:00,12,LA Clippers,LA,Clippers,LAC,away,121,47,86,55.0,12,27,44.0,15,20,75.0,7,33,40,27,14,5,13,15,23,1,0,1,Atlanta Hawks,98
401705526,2025,2025-03-14,2025-03-14 23:30:00,1,Atlanta Hawks,Atlanta,Hawks,ATL,home,98,37,88,42.0,9,33,27.0,15,17,88.0,13,31,44,25,8,6,18,18,11,0,1,12,LA Clippers,121
401705524,2025,2025-03-14,2025-03-14 23:00:00,2,Boston Celtics,Boston,Celtics,BOS,away,103,36,83,43.0,19,50,38.0,12,13,92.0,9,32,41,18,8,4,14,17,14,1,0,14,Miami Heat,91
401705524,2025,2025-03-14,2025-03-14 23:00:00,14,Miami Heat,Miami,Heat,MIA,home,91,34,75,45.0,13,34,38.0,10,17,59.0,7,31,38,18,10,4,17,12,5,1,0,2,Boston Celtics,103
401705525,2025,2025-03-14,2025-03-14 23:00:00,11,Indiana Pacers,Indiana,Pacers,IND,away,112,44,89,49.0,10,35,29.0,14,18,78.0,12,33,45,31,6,4,10,17,16,1,0,20,Philadelphia 76ers,100
401705525,2025,2025-03-14,2025-03-14 23:00:00,20,Philadelphia 76ers,Philadelphia,76ers,PHI,home,100,37,82,45.0,11,38,29.0,15,22,68.0,11,32,43,13,7,9,14,19,16,2,0,11,Indiana Pacers,112
401705523,2025,2025-03-13,2025-03-14 02:00:00,23,Sacramento Kings,Sacramento,Kings,SAC,away,104,37,79,47.0,14,37,38.0,16,22,73.0,5,25,30,25,7,4,14,15,0,1,1,9,Golden State Warriors,130
401705523,2025,2025-03-13,2025-03-14 02:00:00,9,Golden State Warriors,Golden State,Warriors,GS,home,130,45,78,58.0,22,39,56.0,18,24,75.0,7,36,43,35,8,5,14,21,26,2,0,23,Sacramento Kings,104
401705522,2025,2025-03-13,2025-03-14 00:00:00,17,Brooklyn Nets,Brooklyn,Nets,BKN,away,110,43,96,45.0,11,34,32.0,13,18,72.0,15,35,50,32,6,7,9,26,12,0,0,4,Chicago Bulls,116
401705522,2025,2025-03-13,2025-03-14 00:00:00,4,Chicago Bulls,Chicago,Bulls,CHI,home,116,41,90,46.0,11,37,30.0,23,26,88.0,13,34,47,24,8,4,8,16,8,0,0,17,Brooklyn Nets,110
401705707,2025,2025-03-13,2025-03-14 00:00:00,19,Orlando Magic,Orlando,Magic,ORL,away,113,43,83,52.0,13,33,39.0,14,18,78.0,8,31,39,25,7,7,8,20,36,3,2,3,New Orleans Pelicans,93
401705707,2025,2025-03-13,2025-03-14 00:00:00,3,New Orleans Pelicans,New Orleans,Pelicans,NO,home,93,35,79,44.0,7,25,28.0,16,21,76.0,11,29,40,23,3,4,13,16,2,0,1,19,Orlando Magic,113
401705521,2025,2025-03-13,2025-03-13 23:30:00,13,Los Angeles Lakers,Los Angeles,Lakers,LAL,away,106,38,87,44.0,15,40,38.0,15,18,83.0,5,33,38,18,3,4,13,23,2,1,0,15,Milwaukee Bucks,126
401705521,2025,2025-03-13,2025-03-13 23:30:00,15,Milwaukee Bucks,Milwaukee,Bucks,MIL,home,126,41,86,48.0,17,40,43.0,27,33,82.0,7,41,48,30,9,8,11,21,23,1,0,13,Los Angeles Lakers,106
401705520,2025,2025-03-13,2025-03-13 23:00:00,27,Washington Wizards,Washington,Wizards,WSH,away,129,43,90,48.0,20,45,44.0,23,27,85.0,10,37,47,30,10,5,15,29,13,1,1,8,Detroit Pistons,125
401705520,2025,2025-03-13,2025-03-13 23:00:00,8,Detroit Pistons,Detroit,Pistons,DET,home,125,39,85,46.0,10,30,33.0,37,43,86.0,9,32,41,23,8,6,12,23,8,0,0,27,Washington Wizards,129
401705518,2025,2025-03-12,2025-03-13 02:00:00,16,Minnesota Timberwolves,Minnesota,Timberwolves,MIN,away,115,43,90,48.0,17,40,43.0,12,16,75.0,12,36,48,31,7,5,15,16,26,0,1,7,Denver Nuggets,95
401705518,2025,2025-03-12,2025-03-13 02:00:00,7,Denver Nuggets,Denver,Nuggets,DEN,home,95,36,89,40.0,7,30,23.0,16,22,73.0,12,30,42,20,9,4,10,16,0,0,1,16,Minnesota Timberwolves,115
401705519,2025,2025-03-12,2025-03-13 02:00:00,18,New York Knicks,New York,Knicks,NY,away,114,44,94,47.0,12,31,39.0,14,20,70.0,11,27,38,27,12,7,15,21,8,0,0,22,Portland Trail Blazers,113
401705519,2025,2025-03-12,2025-03-13 02:00:00,22,Portland Trail Blazers,Portland,Trail Blazers,POR,home,113,40,90,44.0,17,42,40.0,16,25,64.0,21,31,52,20,6,6,23,18,5,2,0,18,New York Knicks,114
401705514,2025,2025-03-12,2025-03-13 00:00:00,12,LA Clippers,LA,Clippers,LAC,away,119,45,76,59.0,13,27,48.0,16,24,67.0,11,34,45,24,7,0,16,10,18,2,1,14,Miami Heat,104
401705514,2025,2025-03-12,2025-03-13 00:00:00,14,Miami Heat,Miami,Heat,MIA,home,104,40,84,48.0,14,37,38.0,10,14,71.0,9,20,29,27,14,3,10,17,2,1,0,12,LA Clippers,119
401705515,2025,2025-03-12,2025-03-13 00:00:00,21,Phoenix Suns,Phoenix,Suns,PHX,away,104,39,73,53.0,10,28,36.0,16,20,80.0,5,32,37,22,7,8,16,18,4,1,1,10,Houston Rockets,111
401705515,2025,2025-03-12,2025-03-13 00:00:00,10,Houston Rockets,Houston,Rockets,HOU,home,111,40,88,45.0,12,38,32.0,19,25,76.0,11,27,38,25,11,3,9,19,17,0,1,21,Phoenix Suns,104
401705516,2025,2025-03-12,2025-03-13 00:00:00,26,Utah Jazz,Utah,Jazz,UTAH,away,115,42,90,47.0,12,34,35.0,19,28,68.0,17,43,60,24,6,8,23,17,7,0,1,29,Memphis Grizzlies,122
401705516,2025,2025-03-12,2025-03-13 00:00:00,29,Memphis Grizzlies,Memphis,Grizzlies,MEM,home,122,43,94,46.0,20,44,45.0,16,21,76.0,5,34,39,30,15,6,9,21,19,0,2,26,Utah Jazz,115
401705517,2025,2025-03-12,2025-03-13 00:00:00,6,Dallas Mavericks,Dallas,Mavericks,DAL,away,116,45,81,56.0,13,32,41.0,13,17,76.0,3,28,31,30,8,0,17,12,11,1,0,24,San Antonio Spurs,126
401705517,2025,2025-03-12,2025-03-13 00:00:00,24,San Antonio Spurs,San Antonio,Spurs,SA,home,126,50,94,53.0,11,35,31.0,15,16,94.0,13,34,47,32,11,2,16,19,15,0,0,6,Dallas Mavericks,116
401705511,2025,2025-03-12,2025-03-12 23:30:00,30,Charlotte Hornets,Charlotte,Hornets,CHA,away,110,40,88,45.0,14,35,40.0,16,18,89.0,10,37,47,29,9,9,21,26,6,0,0,1,Atlanta Hawks,123
401705511,2025,2025-03-12,2025-03-12 23:30:00,1,Atlanta Hawks,Atlanta,Hawks,ATL,home,123,37,88,42.0,14,36,39.0,35,39,90.0,13,30,43,26,13,6,13,16,15,1,0,30,Charlotte Hornets,110
401705512,2025,2025-03-12,2025-03-12 23:30:00,25,Oklahoma City Thunder,Oklahoma City,Thunder,OKC,away,118,40,82,49.0,13,37,35.0,25,35,71.0,11,33,44,19,7,2,12,17,12,0,0,2,Boston Celtics,112
401705512,2025,2025-03-12,2025-03-12 23:30:00,2,Boston Celtics,Boston,Celtics,BOS,home,112,41,94,44.0,20,63,32.0,10,12,83.0,15,26,41,25,9,6,13,25,2,0,1,25,Oklahoma City Thunder,118
401705513,2025,2025-03-12,2025-03-12 23:30:00,20,Philadelphia 76ers,Philadelphia,76ers,PHI,away,105,41,96,43.0,7,35,20.0,16,22,73.0,10,30,40,19,13,11,9,20,6,0,0,28,Toronto Raptors,118
401705513,2025,2025-03-12,2025-03-12 23:30:00,28,Toronto Raptors,Toronto,Raptors,TOR,home,118,44,100,44.0,16,40,40.0,14,18,78.0,17,42,59,33,7,5,20,17,22,2,0,20,Philadelphia 76ers,105
401705509,2025,2025-03-11,2025-03-12 00:00:00,12,LA Clippers,LA,Clippers,LAC,away,120,46,92,50.0,14,42,33.0,14,18,78.0,11,23,34,34,10,8,11,16,2,0,0,3,New Orleans Pelicans,127
401705509,2025,2025-03-11,2025-03-12 00:00:00,3,New Orleans Pelicans,New Orleans,Pelicans,NO,home,127,47,85,55.0,17,31,55.0,16,18,89.0,12,34,46,34,7,7,19,16,21,0,1,12,LA Clippers,120
401705508,2025,2025-03-11,2025-03-11 23:30:00,15,Milwaukee Bucks,Milwaukee,Bucks,MIL,away,114,43,84,51.0,14,36,39.0,14,19,74.0,6,38,44,32,4,2,15,19,4,0,1,11,Indiana Pacers,115
401705508,2025,2025-03-11,2025-03-11 23:30:00,11,Indiana Pacers,Indiana,Pacers,IND,home,115,44,87,51.0,13,39,33.0,14,18,78.0,5,33,38,30,11,3,9,20,11,1,0,15,Milwaukee Bucks,114
401705506,2025,2025-03-11,2025-03-11 23:00:00,17,Brooklyn Nets,Brooklyn,Nets,BKN,away,104,39,84,46.0,16,44,36.0,10,14,71.0,8,30,38,31,9,3,12,21,18,3,0,5,Cleveland Cavaliers,109
401705506,2025,2025-03-11,2025-03-11 23:00:00,5,Cleveland Cavaliers,Cleveland,Cavaliers,CLE,home,109,39,89,44.0,10,42,24.0,21,25,84.0,12,36,48,23,7,4,14,10,6,1,1,17,Brooklyn Nets,104
401705507,2025,2025-03-11,2025-03-11 23:00:00,27,Washington Wizards,Washington,Wizards,WSH,away,103,37,92,40.0,13,39,33.0,16,20,80.0,12,35,47,20,7,4,13,18,0,0,2,8,Detroit Pistons,123
401705507,2025,2025-03-11,2025-03-11 23:00:00,8,Detroit Pistons,Detroit,Pistons,DET,home,123,48,104,46.0,16,38,42.0,11,15,73.0,18,43,61,29,7,5,12,18,25,0,3,27,Washington Wizards,103
401705505,2025,2025-03-10,2025-03-11 02:30:00,18,New York Knicks,New York,Knicks,NY,away,133,45,84,54.0,22,40,55.0,21,26,81.0,6,34,40,34,13,1,15,24,35,1,1,23,Sacramento Kings,104
401705505,2025,2025-03-10,2025-03-11 02:30:00,23,Sacramento Kings,Sacramento,Kings,SAC,home,104,36,86,42.0,10,34,29.0,22,26,85.0,14,23,37,18,7,4,16,20,5,2,1,18,New York Knicks,133
401705504,2025,2025-03-10,2025-03-11 02:00:00,22,Portland Trail Blazers,Portland,Trail Blazers,POR,away,120,44,91,48.0,18,42,43.0,14,17,82.0,15,28,43,31,9,5,19,13,7,0,0,9,Golden State Warriors,130
401705504,2025,2025-03-10,2025-03-11 02:00:00,9,Golden State Warriors,Golden State,Warriors,GS,home,130,45,85,53.0,21,41,51.0,19,21,90.0,12,28,40,35,16,5,17,16,19,1,0,22,Portland Trail Blazers,120
401705503,2025,2025-03-10,2025-03-11 00:30:00,6,Dallas Mavericks,Dallas,Mavericks,DAL,away,133,47,88,53.0,12,38,32.0,27,30,90.0,10,30,40,25,5,2,10,18,7,1,1,24,San Antonio Spurs,129
401705503,2025,2025-03-10,2025-03-11 00:30:00,24,San Antonio Spurs,San Antonio,Spurs,SA,home,129,49,94,52.0,17,41,41.0,14,24,58.0,12,26,38,29,6,2,9,24,8,0,0,6,Dallas Mavericks,133
401705499,2025,2025-03-10,2025-03-11 00:00:00,11,Indiana Pacers,Indiana,Pacers,IND,away,103,40,101,40.0,10,40,25.0,13,19,68.0,8,31,39,30,14,4,9,13,6,1,0,4,Chicago Bulls,121
401705499,2025,2025-03-10,2025-03-11 00:00:00,4,Chicago Bulls,Chicago,Bulls,CHI,home,121,49,98,50.0,12,33,36.0,11,14,79.0,10,46,56,30,4,6,18,19,24,0,0,11,Indiana Pacers,103
401705500,2025,2025-03-10,2025-03-11 00:00:00,19,Orlando Magic,Orlando,Magic,ORL,away,84,28,86,33.0,8,32,25.0,20,24,83.0,13,29,42,15,10,5,8,19,9,1,0,10,Houston Rockets,97
401705500,2025,2025-03-10,2025-03-11 00:00:00,10,Houston Rockets,Houston,Rockets,HOU,home,97,35,89,39.0,16,43,37.0,11,18,61.0,20,43,63,20,4,4,19,18,18,1,0,19,Orlando Magic,84
401705501,2025,2025-03-10,2025-03-11 00:00:00,21,Phoenix Suns,Phoenix,Suns,PHX,away,118,41,90,46.0,20,38,53.0,16,22,73.0,15,31,46,31,6,2,16,22,16,0,3,29,Memphis Grizzlies,120
401705501,2025,2025-03-10,2025-03-11 00:00:00,29,Memphis Grizzlies,Memphis,Grizzlies,MEM,home,120,40,86,47.0,17,46,37.0,23,27,85.0,11,28,39,26,9,7,13,22,9,2,1,21,Phoenix Suns,118
401705502,2025,2025-03-10,2025-03-11 00:00:00,7,Denver Nuggets,Denver,Nuggets,DEN,away,140,52,86,60.0,18,32,56.0,18,20,90.0,9,34,43,32,6,5,12,18,16,0,0,25,Oklahoma City Thunder,127
401705502,2025,2025-03-10,2025-03-11 00:00:00,25,Oklahoma City Thunder,Oklahoma City,Thunder,OKC,home,127,47,100,47.0,19,47,40.0,14,16,88.0,13,24,37,29,9,6,10,16,12,1,1,7,Denver Nuggets,140
401705494,2025,2025-03-10,2025-03-10 23:30:00,20,Philadelphia 76ers,Philadelphia,76ers,PHI,away,123,46,91,51.0,16,42,38.0,15,20,75.0,6,25,31,29,8,3,10,15,3,1,0,1,Atlanta Hawks,132
401705494,2025,2025-03-10,2025-03-10 23:30:00,1,Atlanta Hawks,Atlanta,Hawks,ATL,home,132,53,98,54.0,15,37,41.0,11,14,79.0,14,34,48,34,4,6,15,18,22,0,1,20,Philadelphia 76ers,123
401705495,2025,2025-03-10,2025-03-10 23:30:00,26,Utah Jazz,Utah,Jazz,UTAH,away,108,43,95,45.0,13,38,34.0,9,12,75.0,14,34,48,29,3,4,12,13,3,0,0,2,Boston Celtics,114
401705495,2025,2025-03-10,2025-03-10 23:30:00,2,Boston Celtics,Boston,Celtics,BOS,home,114,40,93,43.0,18,53,34.0,16,18,89.0,12,35,47,28,11,8,9,12,24,0,0,26,Utah Jazz,108
401705496,2025,2025-03-10,2025-03-10 23:30:00,13,Los Angeles Lakers,Los Angeles,Lakers,LAL,away,108,37,85,44.0,19,40,47.0,15,19,79.0,8,35,43,31,4,4,15,20,15,0,1,17,Brooklyn Nets,111
401705496,2025,2025-03-10,2025-03-10 23:30:00,17,Brooklyn Nets,Brooklyn,Nets,BKN,home,111,37,90,41.0,18,45,40.0,19,30,63.0,16,31,47,22,10,6,7,16,8,0,2,13,Los Angeles Lakers,108
401705497,2025,2025-03-10,2025-03-10 23:30:00,30,Charlotte Hornets,Charlotte,Hornets,CHA,away,105,36,86,42.0,11,44,25.0,22,23,96.0,9,27,36,26,10,6,10,16,4,0,0,14,Miami Heat,102
401705497,2025,2025-03-10,2025-03-10 23:30:00,14,Miami Heat,Miami,Heat,MIA,home,102,39,85,46.0,10,31,32.0,14,20,70.0,11,35,46,24,7,3,16,15,17,0,1,30,Charlotte Hornets,105
401705498,2025,2025-03-10,2025-03-10 23:30:00,27,Washington Wizards,Washington,Wizards,WSH,away,104,38,105,36.0,16,55,29.0,12,15,80.0,16,38,54,25,5,12,8,20,4,0,0,28,Toronto Raptors,119
401705498,2025,2025-03-10,2025-03-10 23:30:00,28,Toronto Raptors,Toronto,Raptors,TOR,home,119,43,109,39.0,16,49,33.0,17,29,59.0,28,45,73,26,3,2,8,18,19,1,0,27,Washington Wizards,104
401705493,2025,2025-03-09,2025-03-10 01:30:00,23,Sacramento Kings,Sacramento,Kings,SAC,away,110,40,87,46.0,9,34,26.0,21,25,84.0,8,40,48,27,6,1,8,19,8,0,0,12,LA Clippers,111
401705493,2025,2025-03-09,2025-03-10 01:30:00,12,LA Clippers,LA,Clippers,LAC,home,111,43,81,53.0,10,31,32.0,15,25,60.0,3,35,38,23,4,5,9,20,9,1,0,23,Sacramento Kings,110
401705492,2025,2025-03-09,2025-03-10 01:00:00,8,Detroit Pistons,Detroit,Pistons,DET,away,119,43,87,49.0,9,28,32.0,24,32,75.0,12,42,54,22,7,8,13,24,18,1,1,22,Portland Trail Blazers,112
401705492,2025,2025-03-09,2025-03-10 01:00:00,22,Portland Trail Blazers,Portland,Trail Blazers,POR,home,112,36,93,39.0,15,50,30.0,25,32,78.0,10,31,41,17,7,4,12,27,1,1,0,8,Detroit Pistons,119
401705488,2025,2025-03-09,2025-03-10 00:00:00,5,Cleveland Cavaliers,Cleveland,Cavaliers,CLE,away,112,39,88,44.0,19,47,40.0,15,19,79.0,13,31,44,25,11,2,15,15,19,0,1,15,Milwaukee Bucks,100
401705488,2025,2025-03-09,2025-03-10 00:00:00,15,Milwaukee Bucks,Milwaukee,Bucks,MIL,home,100,39,91,43.0,9,31,29.0,13,18,72.0,15,35,50,17,9,2,18,15,1,0,0,5,Cleveland Cavaliers,112
401705491,2025,2025-03-09,2025-03-10 00:00:00,24,San Antonio Spurs,San Antonio,Spurs,SA,away,124,47,85,55.0,11,30,37.0,19,24,79.0,11,25,36,26,8,3,12,14,0,0,0,16,Minnesota Timberwolves,141
401705491,2025,2025-03-09,2025-03-10 00:00:00,16,Minnesota Timberwolves,Minnesota,Timberwolves,MIN,home,141,53,95,56.0,21,42,50.0,14,15,93.0,14,28,42,38,7,4,12,17,24,1,0,24,San Antonio Spurs,124
401705490,2025,2025-03-09,2025-03-09 23:30:00,26,Utah Jazz,Utah,Jazz,UTAH,away,122,39,93,42.0,18,46,39.0,26,31,84.0,10,34,44,25,12,4,17,21,16,1,0,20,Philadelphia 76ers,126
401705490,2025,2025-03-09,2025-03-09 23:30:00,20,Philadelphia 76ers,Philadelphia,76ers,PHI,home,126,43,96,45.0,16,47,34.0,24,25,96.0,14,36,50,27,11,9,17,23,22,1,0,26,Utah Jazz,122
401705489,2025,2025-03-09,2025-03-09 23:00:00,29,Memphis Grizzlies,Memphis,Grizzlies,MEM,away,107,41,99,41.0,13,49,27.0,12,19,63.0,23,34,57,24,11,6,12,22,11,2,0,3,New Orleans Pelicans,104
401705489,2025,2025-03-09,2025-03-09 23:00:00,3,New Orleans Pelicans,New Orleans,Pelicans,NO,home,104,35,85,41.0,13,34,38.0,21,27,78.0,10,29,39,24,5,6,14,15,14,0,1,29,Memphis Grizzlies,107
401705487,2025,2025-03-09,2025-03-09 19:30:00,21,Phoenix Suns,Phoenix,Suns,PHX,away,125,49,84,58.0,10,28,36.0,17,18,94.0,6,40,46,33,4,4,11,10,16,2,1,6,Dallas Mavericks,116
401705487,2025,2025-03-09,2025-03-09 19:30:00,6,Dallas Mavericks,Dallas,Mavericks,DAL,home,116,43,88,49.0,17,42,40.0,13,16,81.0,5,27,32,29,8,2,6,13,6,1,0,21,Phoenix Suns,125
401705486,2025,2025-03-09,2025-03-09 17:00:00,7,Denver Nuggets,Denver,Nuggets,DEN,away,103,40,97,41.0,12,40,30.0,11,20,55.0,14,34,48,22,3,6,7,18,11,1,1,25,Oklahoma City Thunder,127
401705486,2025,2025-03-09,2025-03-09 17:00:00,25,Oklahoma City Thunder,Oklahoma City,Thunder,OKC,home,127,46,94,49.0,13,38,34.0,22,25,88.0,10,46,56,25,5,14,5,20,24,0,0,7,Denver Nuggets,103
401705484,2025,2025-03-08,2025-03-09 01:30:00,13,Los Angeles Lakers,Los Angeles,Lakers,LAL,away,101,39,87,45.0,14,40,35.0,9,14,64.0,9,36,45,18,6,1,12,17,8,2,1,2,Boston Celtics,111
401705484,2025,2025-03-08,2025-03-09 01:30:00,2,Boston Celtics,Boston,Celtics,BOS,home,111,40,84,48.0,13,38,34.0,18,25,72.0,11,32,43,24,9,5,9,11,22,1,1,13,Los Angeles Lakers,101
401705485,2025,2025-03-08,2025-03-09 01:30:00,8,Detroit Pistons,Detroit,Pistons,DET,away,110,39,85,46.0,5,23,22.0,27,36,75.0,13,31,44,17,12,4,20,29,5,0,1,9,Golden State Warriors,115
401705485,2025,2025-03-08,2025-03-09 01:30:00,9,Golden State Warriors,Golden State,Warriors,GS,home,115,35,84,42.0,12,41,29.0,33,41,80.0,11,35,46,26,12,4,17,27,9,2,2,8,Detroit Pistons,110
401705482,2025,2025-03-08,2025-03-09 01:00:00,4,Chicago Bulls,Chicago,Bulls,CHI,away,114,40,88,45.0,11,42,26.0,23,26,88.0,5,46,51,27,6,4,10,14,5,0,0,14,Miami Heat,109
401705482,2025,2025-03-08,2025-03-09 01:00:00,14,Miami Heat,Miami,Heat,MIA,home,109,41,97,42.0,13,43,30.0,14,19,74.0,7,37,44,25,7,5,9,17,17,0,0,4,Chicago Bulls,114
401705483,2025,2025-03-08,2025-03-09 01:00:00,19,Orlando Magic,Orlando,Magic,ORL,away,111,42,82,51.0,12,32,38.0,15,19,79.0,5,29,34,19,5,5,10,24,17,0,0,15,Milwaukee Bucks,109
401705483,2025,2025-03-08,2025-03-09 01:00:00,15,Milwaukee Bucks,Milwaukee,Bucks,MIL,home,109,41,75,55.0,11,23,48.0,16,23,70.0,4,34,38,17,8,4,12,18,2,1,2,19,Orlando Magic,111
401705480,2025,2025-03-08,2025-03-09 00:30:00,11,Indiana Pacers,Indiana,Pacers,IND,away,118,41,94,44.0,10,33,30.0,26,30,87.0,15,26,41,29,12,6,15,21,2,1,0,1,Atlanta Hawks,120
401705480,2025,2025-03-08,2025-03-09 00:30:00,1,Atlanta Hawks,Atlanta,Hawks,ATL,home,120,45,97,46.0,10,34,29.0,20,21,95.0,16,32,48,23,10,10,16,22,20,1,1,11,Indiana Pacers,118
401705481,2025,2025-03-08,2025-03-09 00:30:00,27,Washington Wizards,Washington,Wizards,WSH,away,118,44,100,44.0,13,38,34.0,17,23,74.0,22,28,50,29,12,7,15,18,13,1,0,28,Toronto Raptors,117
401705481,2025,2025-03-08,2025-03-09 00:30:00,28,Toronto Raptors,Toronto,Raptors,TOR,home,117,40,95,42.0,10,26,38.0,27,30,90.0,22,27,49,24,11,6,15,17,10,0,0,27,Washington Wizards,118
401705479,2025,2025-03-08,2025-03-09 00:00:00,3,New Orleans Pelicans,New Orleans,Pelicans,NO,away,117,48,99,48.0,12,34,35.0,9,16,56.0,18,26,44,29,7,3,13,17,0,1,0,10,Houston Rockets,146
401705479,2025,2025-03-08,2025-03-09 00:00:00,10,Houston Rockets,Houston,Rockets,HOU,home,146,55,99,56.0,17,40,43.0,19,21,90.0,15,33,48,32,9,7,10,13,37,1,0,3,New Orleans Pelicans,117
401705478,2025,2025-03-08,2025-03-08 23:00:00,17,Brooklyn Nets,Brooklyn,Nets,BKN,away,102,38,82,46.0,14,50,28.0,12,15,80.0,8,29,37,20,6,10,11,19,17,2,0,30,Charlotte Hornets,105
401705478,2025,2025-03-08,2025-03-08 23:00:00,30,Charlotte Hornets,Charlotte,Hornets,CHA,home,105,40,98,41.0,11,34,32.0,14,16,88.0,22,28,50,25,4,2,10,13,3,0,1,17,Brooklyn Nets,102
401705477,2025,2025-03-07,2025-03-08 03:30:00,18,New York Knicks,New York,Knicks,NY,away,95,35,91,38.0,9,34,26.0,16,18,89.0,14,39,53,25,6,4,15,15,9,0,0,12,LA Clippers,105
401705477,2025,2025-03-07,2025-03-08 03:30:00,12,LA Clippers,LA,Clippers,LAC,home,105,37,88,42.0,15,38,39.0,16,19,84.0,9,38,47,23,7,8,12,17,11,0,0,18,New York Knicks,95
401705475,2025,2025-03-07,2025-03-08 03:00:00,21,Phoenix Suns,Phoenix,Suns,PHX,away,141,51,91,56.0,16,38,42.0,23,29,79.0,7,32,39,36,6,2,11,18,2,2,0,7,Denver Nuggets,149
401705475,2025,2025-03-07,2025-03-08 03:00:00,7,Denver Nuggets,Denver,Nuggets,DEN,home,149,57,97,59.0,21,40,52.0,14,18,78.0,8,30,38,45,8,3,9,22,21,0,0,21,Phoenix Suns,141
401705476,2025,2025-03-07,2025-03-08 03:00:00,24,San Antonio Spurs,San Antonio,Spurs,SA,away,109,40,87,46.0,16,42,38.0,13,23,57.0,9,27,36,27,7,4,7,17,8,1,0,23,Sacramento Kings,127
401705476,2025,2025-03-07,2025-03-08 03:00:00,23,Sacramento Kings,Sacramento,Kings,SAC,home,127,49,96,51.0,17,38,45.0,12,19,63.0,16,35,51,31,6,4,8,16,27,0,1,24,San Antonio Spurs,109
401705473,2025,2025-03-07,2025-03-08 01:00:00,16,Minnesota Timberwolves,Minnesota,Timberwolves,MIN,away,106,40,81,49.0,18,45,40.0,8,14,57.0,7,36,43,28,6,6,13,12,11,1,0,14,Miami Heat,104
401705473,2025,2025-03-07,2025-03-08 01:00:00,14,Miami Heat,Miami,Heat,MIA,home,104,41,89,46.0,14,34,41.0,8,11,73.0,7,34,41,29,7,2,9,16,5,0,0,16,Minnesota Timberwolves,106
401705474,2025,2025-03-07,2025-03-08 01:00:00,22,Portland Trail Blazers,Portland,Trail Blazers,POR,away,89,33,95,35.0,8,43,19.0,15,18,83.0,14,39,53,15,6,4,17,16,6,0,1,25,Oklahoma City Thunder,107
401705474,2025,2025-03-07,2025-03-08 01:00:00,25,Oklahoma City Thunder,Oklahoma City,Thunder,OKC,home,107,39,84,46.0,14,38,37.0,15,17,88.0,4,39,43,25,12,8,11,13,21,2,1,22,Portland Trail Blazers,89
401705471,2025,2025-03-07,2025-03-08 00:30:00,26,Utah Jazz,Utah,Jazz,UTAH,away,109,39,84,46.0,8,31,26.0,23,39,59.0,19,37,56,21,5,10,24,18,0,1,0,28,Toronto Raptors,118
401705471,2025,2025-03-07,2025-03-08 00:30:00,28,Toronto Raptors,Toronto,Raptors,TOR,home,118,40,104,38.0,14,46,30.0,24,28,86.0,22,26,48,27,13,5,8,29,16,2,0,26,Utah Jazz,109
401705472,2025,2025-03-07,2025-03-08 00:30:00,29,Memphis Grizzlies,Memphis,Grizzlies,MEM,away,122,50,106,47.0,8,21,38.0,14,16,88.0,17,42,59,28,9,12,11,20,11,0,0,6,Dallas Mavericks,111
401705472,2025,2025-03-07,2025-03-08 00:30:00,6,Dallas Mavericks,Dallas,Mavericks,DAL,home,111,37,96,39.0,15,41,37.0,22,24,92.0,11,34,45,24,7,7,12,13,11,0,0,29,Memphis Grizzlies,122
401705470,2025,2025-03-07,2025-03-08 00:00:00,5,Cleveland Cavaliers,Cleveland,Cavaliers,CLE,away,118,32,76,42.0,11,34,32.0,43,51,84.0,9,36,45,16,7,4,13,19,13,1,1,30,Charlotte Hornets,117
401705470,2025,2025-03-07,2025-03-08 00:00:00,30,Charlotte Hornets,Charlotte,Hornets,CHA,home,117,44,92,48.0,13,37,35.0,16,21,76.0,10,33,43,29,7,3,12,33,9,0,2,5,Cleveland Cavaliers,118
401705469,2025,2025-03-06,2025-03-07 03:00:00,18,New York Knicks,New York,Knicks,NY,away,109,37,94,39.0,10,43,23.0,25,32,78.0,14,32,46,20,10,2,13,21,13,3,0,13,Los Angeles Lakers,113
401705469,2025,2025-03-06,2025-03-07 03:00:00,13,Los Angeles Lakers,Los Angeles,Lakers,LAL,home,113,38,89,43.0,14,42,33.0,23,28,82.0,12,37,49,25,7,4,16,28,9,1,1,18,New York Knicks,109
401705468,2025,2025-03-06,2025-03-07 01:00:00,10,Houston Rockets,Houston,Rockets,HOU,away,109,46,81,57.0,9,29,31.0,8,18,44.0,9,32,41,33,10,6,19,24,17,0,1,3,New Orleans Pelicans,97
401705468,2025,2025-03-06,2025-03-07 01:00:00,3,New Orleans Pelicans,New Orleans,Pelicans,NO,home,97,31,83,37.0,9,27,33.0,26,33,79.0,15,26,41,17,9,7,15,19,11,0,0,10,Houston Rockets,109
401705465,2025,2025-03-06,2025-03-07 00:30:00,11,Indiana Pacers,Indiana,Pacers,IND,away,118,44,91,48.0,14,39,36.0,16,17,94.0,10,32,42,27,5,5,11,18,12,0,0,1,Atlanta Hawks,124
401705465,2025,2025-03-06,2025-03-07 00:30:00,1,Atlanta Hawks,Atlanta,Hawks,ATL,home,124,50,94,53.0,10,30,33.0,14,18,78.0,11,32,43,32,5,4,8,16,9,1,0,11,Indiana Pacers,118
401705466,2025,2025-03-06,2025-03-07 00:30:00,20,Philadelphia 76ers,Philadelphia,76ers,PHI,away,105,40,95,42.0,15,39,38.0,10,12,83.0,18,27,45,29,6,5,15,15,0,1,0,2,Boston Celtics,123
401705466,2025,2025-03-06,2025-03-07 00:30:00,2,Boston Celtics,Boston,Celtics,BOS,home,123,46,91,51.0,19,48,40.0,12,13,92.0,16,30,46,32,8,6,10,16,30,1,1,20,Philadelphia 76ers,105
401705467,2025,2025-03-06,2025-03-07 00:30:00,9,Golden State Warriors,Golden State,Warriors,GS,away,121,40,82,49.0,12,32,38.0,29,32,91.0,15,30,45,31,3,4,16,19,10,1,2,17,Brooklyn Nets,119
401705467,2025,2025-03-06,2025-03-07 00:30:00,17,Brooklyn Nets,Brooklyn,Nets,BKN,home,119,44,87,51.0,15,33,45.0,16,18,89.0,8,24,32,30,7,5,11,24,22,1,1,9,Golden State Warriors,121
401705510,2025,2025-03-06,2025-03-07 00:00:00,4,Chicago Bulls,Chicago,Bulls,CHI,away,125,43,86,50.0,15,40,38.0,24,30,80.0,13,35,48,25,5,7,18,31,8,1,1,19,Orlando Magic,123
401705510,2025,2025-03-06,2025-03-07 00:00:00,19,Orlando Magic,Orlando,Magic,ORL,home,123,40,87,46.0,9,33,27.0,34,40,85.0,9,24,33,26,10,5,12,21,11,0,1,4,Chicago Bulls,125
401705464,2025,2025-03-05,2025-03-06 03:30:00,8,Detroit Pistons,Detroit,Pistons,DET,away,115,45,86,52.0,11,35,31.0,14,19,74.0,5,29,34,27,5,2,12,20,4,1,2,12,LA Clippers,123
401705464,2025,2025-03-05,2025-03-06 03:30:00,12,LA Clippers,LA,Clippers,LAC,home,123,44,80,55.0,13,24,54.0,22,26,85.0,6,27,33,18,8,6,9,16,13,1,1,8,Detroit Pistons,115
401705461,2025,2025-03-05,2025-03-06 02:30:00,25,Oklahoma City Thunder,Oklahoma City,Thunder,OKC,away,120,44,87,51.0,15,36,42.0,17,19,89.0,3,36,39,27,10,4,11,22,21,0,0,29,Memphis Grizzlies,103
401705461,2025,2025-03-05,2025-03-06 02:30:00,29,Memphis Grizzlies,Memphis,Grizzlies,MEM,home,103,37,91,41.0,9,34,26.0,20,22,91.0,11,38,49,21,9,1,15,18,4,1,1,25,Oklahoma City Thunder,120
401705462,2025,2025-03-05,2025-03-06 02:00:00,23,Sacramento Kings,Sacramento,Kings,SAC,away,110,44,96,46.0,11,27,41.0,11,14,79.0,14,31,45,22,8,6,12,20,14,0,2,7,Denver Nuggets,116
401705462,2025,2025-03-05,2025-03-06 02:00:00,7,Denver Nuggets,Denver,Nuggets,DEN,home,116,40,87,46.0,12,35,34.0,24,30,80.0,11,35,46,28,5,8,13,14,6,0,0,23,Sacramento Kings,110
401705463,2025,2025-03-05,2025-03-06 01:00:00,6,Dallas Mavericks,Dallas,Mavericks,DAL,away,107,45,98,46.0,13,39,33.0,4,10,40.0,5,25,30,30,13,3,10,13,2,0,0,15,Milwaukee Bucks,137
401705463,2025,2025-03-05,2025-03-06 01:00:00,15,Milwaukee Bucks,Milwaukee,Bucks,MIL,home,137,52,89,58.0,16,35,46.0,17,19,89.0,8,47,55,29,6,4,17,9,36,0,1,6,Dallas Mavericks,107
401705457,2025,2025-03-05,2025-03-06 00:00:00,22,Portland Trail Blazers,Portland,Trail Blazers,POR,away,118,45,90,50.0,16,40,40.0,12,17,71.0,8,31,39,19,4,3,8,16,6,0,0,2,Boston Celtics,128
401705457,2025,2025-03-05,2025-03-06 00:00:00,2,Boston Celtics,Boston,Celtics,BOS,home,128,45,97,46.0,23,54,43.0,15,17,88.0,18,34,52,24,5,6,9,14,25,1,0,22,Portland Trail Blazers,118
401705458,2025,2025-03-05,2025-03-06 00:00:00,16,Minnesota Timberwolves,Minnesota,Timberwolves,MIN,away,125,44,90,49.0,21,49,43.0,16,22,73.0,10,33,43,27,9,3,5,17,22,1,0,30,Charlotte Hornets,110
401705458,2025,2025-03-05,2025-03-06 00:00:00,30,Charlotte Hornets,Charlotte,Hornets,CHA,home,110,42,95,44.0,12,42,29.0,14,18,78.0,20,37,57,26,3,2,13,18,6,2,0,16,Minnesota Timberwolves,125
401705459,2025,2025-03-05,2025-03-06 00:00:00,14,Miami Heat,Miami,Heat,MIA,away,107,36,83,43.0,13,36,36.0,22,25,88.0,9,33,42,29,7,2,13,19,7,1,0,5,Cleveland Cavaliers,112
401705459,2025,2025-03-05,2025-03-06 00:00:00,5,Cleveland Cavaliers,Cleveland,Cavaliers,CLE,home,112,41,87,47.0,14,40,35.0,16,22,73.0,10,37,47,26,7,4,13,19,17,0,0,14,Miami Heat,107
401705460,2025,2025-03-05,2025-03-06 00:00:00,26,Utah Jazz,Utah,Jazz,UTAH,away,122,47,101,47.0,14,40,35.0,14,20,70.0,17,41,58,21,5,3,14,19,6,1,1,27,Washington Wizards,125
401705460,2025,2025-03-05,2025-03-06 00:00:00,27,Washington Wizards,Washington,Wizards,WSH,home,125,42,95,44.0,17,47,36.0,24,29,83.0,10,35,45,32,9,12,9,18,16,0,0,26,Utah Jazz,122
401705456,2025,2025-03-04,2025-03-05 03:30:00,3,New Orleans Pelicans,New Orleans,Pelicans,NO,away,115,46,93,49.0,9,34,26.0,14,21,67.0,10,25,35,29,11,3,9,17,2,0,1,13,Los Angeles Lakers,136
401705456,2025,2025-03-04,2025-03-05 03:30:00,13,Los Angeles Lakers,Los Angeles,Lakers,LAL,home,136,48,90,53.0,19,52,37.0,21,27,78.0,17,34,51,32,7,5,14,12,27,1,2,3,New Orleans Pelicans,115
401705455,2025,2025-03-04,2025-03-05 03:00:00,12,LA Clippers,LA,Clippers,LAC,away,117,43,83,52.0,8,30,27.0,23,27,85.0,7,30,37,29,8,3,6,22,23,1,0,21,Phoenix Suns,119
401705455,2025,2025-03-04,2025-03-05 03:00:00,21,Phoenix Suns,Phoenix,Suns,PHX,home,119,41,80,51.0,14,34,41.0,23,27,85.0,7,30,37,31,5,3,11,20,6,0,0,12,LA Clippers,117
401705454,2025,2025-03-04,2025-03-05 01:30:00,17,Brooklyn Nets,Brooklyn,Nets,BKN,away,113,39,86,45.0,17,50,34.0,18,21,86.0,11,29,40,29,8,2,13,16,8,0,0,24,San Antonio Spurs,127
401705454,2025,2025-03-04,2025-03-05 01:30:00,24,San Antonio Spurs,San Antonio,Spurs,SA,home,127,52,95,55.0,18,39,46.0,5,10,50.0,13,33,46,37,9,4,13,15,25,2,0,17,Brooklyn Nets,113
401705452,2025,2025-03-04,2025-03-05 01:00:00,5,Cleveland Cavaliers,Cleveland,Cavaliers,CLE,away,139,46,98,47.0,17,48,35.0,30,33,91.0,11,42,53,27,4,4,8,14,24,1,0,4,Chicago Bulls,117
401705452,2025,2025-03-04,2025-03-05 01:00:00,4,Chicago Bulls,Chicago,Bulls,CHI,home,117,47,106,44.0,11,44,25.0,12,17,71.0,10,40,50,32,6,6,7,21,15,0,0,5,Cleveland Cavaliers,139
401705453,2025,2025-03-04,2025-03-05 01:00:00,20,Philadelphia 76ers,Philadelphia,76ers,PHI,away,112,42,86,49.0,9,32,28.0,19,27,70.0,12,24,36,22,10,2,13,16,6,0,1,16,Minnesota Timberwolves,126
401705453,2025,2025-03-04,2025-03-05 01:00:00,16,Minnesota Timberwolves,Minnesota,Timberwolves,MIN,home,126,46,81,57.0,18,40,45.0,16,17,94.0,7,30,37,29,7,5,17,21,23,2,1,20,Philadelphia 76ers,112
401705450,2025,2025-03-04,2025-03-05 00:30:00,15,Milwaukee Bucks,Milwaukee,Bucks,MIL,away,127,49,96,51.0,11,37,30.0,18,23,78.0,9,42,51,27,8,1,14,13,8,1,0,1,Atlanta Hawks,121
401705450,2025,2025-03-04,2025-03-05 00:30:00,1,Atlanta Hawks,Atlanta,Hawks,ATL,home,121,46,101,46.0,16,41,39.0,13,17,76.0,11,36,47,33,10,6,11,21,7,1,0,15,Milwaukee Bucks,127
401705451,2025,2025-03-04,2025-03-05 00:30:00,9,Golden State Warriors,Golden State,Warriors,GS,away,114,43,88,49.0,13,37,35.0,15,19,79.0,9,35,44,30,7,7,11,14,12,2,0,18,New York Knicks,102
401705451,2025,2025-03-04,2025-03-05 00:30:00,18,New York Knicks,New York,Knicks,NY,home,102,41,92,45.0,8,33,24.0,12,15,80.0,14,28,42,26,4,2,13,17,10,1,0,9,Golden State Warriors,114
401705448,2025,2025-03-04,2025-03-05 00:00:00,10,Houston Rockets,Houston,Rockets,HOU,away,102,40,98,41.0,9,30,30.0,13,26,50.0,24,34,58,22,6,0,14,14,6,0,1,11,Indiana Pacers,115
401705448,2025,2025-03-04,2025-03-05 00:00:00,11,Indiana Pacers,Indiana,Pacers,IND,home,115,44,86,51.0,17,42,40.0,10,10,100.0,5,30,35,34,9,6,11,19,17,2,0,10,Houston Rockets,102
401705449,2025,2025-03-04,2025-03-05 00:00:00,28,Toronto Raptors,Toronto,Raptors,TOR,away,114,38,80,48.0,12,30,40.0,26,35,74.0,13,35,48,28,7,8,20,25,12,0,1,19,Orlando Magic,113
401705449,2025,2025-03-04,2025-03-05 00:00:00,19,Orlando Magic,Orlando,Magic,ORL,home,113,40,83,48.0,15,36,42.0,18,23,78.0,7,28,35,28,12,5,14,27,7,0,0,28,Toronto Raptors,114
401705447,2025,2025-03-03,2025-03-04 02:00:00,8,Detroit Pistons,Detroit,Pistons,DET,away,134,51,92,55.0,11,41,27.0,21,28,75.0,8,31,39,32,16,8,13,23,31,0,0,26,Utah Jazz,106
401705447,2025,2025-03-03,2025-03-04 02:00:00,26,Utah Jazz,Utah,Jazz,UTAH,home,106,35,82,43.0,10,33,30.0,26,32,81.0,9,32,41,19,7,1,27,23,3,1,0,8,Detroit Pistons,134
401705446,2025,2025-03-03,2025-03-04 01:30:00,23,Sacramento Kings,Sacramento,Kings,SAC,away,122,47,90,52.0,16,34,47.0,12,12,100.0,9,28,37,34,4,4,7,16,32,0,1,6,Dallas Mavericks,98
401705446,2025,2025-03-03,2025-03-04 01:30:00,6,Dallas Mavericks,Dallas,Mavericks,DAL,home,98,35,77,45.0,7,26,27.0,21,24,88.0,7,30,37,28,5,1,13,13,0,1,2,23,Sacramento Kings,122
401705444,2025,2025-03-03,2025-03-04 01:00:00,1,Atlanta Hawks,Atlanta,Hawks,ATL,away,132,55,96,57.0,13,28,46.0,9,17,53.0,14,18,32,35,12,7,12,24,8,0,2,29,Memphis Grizzlies,130
401705444,2025,2025-03-03,2025-03-04 01:00:00,29,Memphis Grizzlies,Memphis,Grizzlies,MEM,home,130,47,93,51.0,13,33,39.0,23,25,92.0,17,26,43,36,7,3,19,16,13,1,1,1,Atlanta Hawks,132
401705445,2025,2025-03-03,2025-03-04 01:00:00,10,Houston Rockets,Houston,Rockets,HOU,away,128,49,101,49.0,16,35,46.0,14,17,82.0,15,34,49,20,8,7,16,21,9,0,2,25,Oklahoma City Thunder,137
401705445,2025,2025-03-03,2025-03-04 01:00:00,25,Oklahoma City Thunder,Oklahoma City,Thunder,OKC,home,137,48,97,49.0,17,37,46.0,24,27,89.0,14,35,49,31,11,6,13,18,18,0,0,10,Houston Rockets,128
401705443,2025,2025-03-03,2025-03-04 00:30:00,27,Washington Wizards,Washington,Wizards,WSH,away,90,31,84,37.0,10,35,29.0,18,22,82.0,7,36,43,22,8,0,13,17,3,0,0,14,Miami Heat,106
401705443,2025,2025-03-03,2025-03-04 00:30:00,14,Miami Heat,Miami,Heat,MIA,home,106,39,82,48.0,13,37,35.0,15,18,83.0,5,43,48,31,10,4,11,19,26,1,1,27,Washington Wizards,90
401705441,2025,2025-03-03,2025-03-04 00:00:00,9,Golden State Warriors,Golden State,Warriors,GS,away,119,40,95,42.0,18,50,36.0,21,24,88.0,12,42,54,33,10,4,8,23,19,1,2,30,Charlotte Hornets,101
401705441,2025,2025-03-03,2025-03-04 00:00:00,30,Charlotte Hornets,Charlotte,Hornets,CHA,home,101,34,86,40.0,11,40,28.0,22,33,67.0,8,39,47,20,3,6,17,19,0,0,0,9,Golden State Warriors,119
401705442,2025,2025-03-03,2025-03-04 00:00:00,22,Portland Trail Blazers,Portland,Trail Blazers,POR,away,119,48,99,48.0,11,35,31.0,12,19,63.0,22,39,61,26,6,6,10,13,18,1,0,20,Philadelphia 76ers,102
401705442,2025,2025-03-03,2025-03-04 00:00:00,20,Philadelphia 76ers,Philadelphia,76ers,PHI,home,102,41,95,43.0,11,35,31.0,9,13,69.0,14,29,43,27,6,3,8,15,12,0,0,22,Portland Trail Blazers,119
401705439,2025,2025-03-02,2025-03-03 02:30:00,16,Minnesota Timberwolves,Minnesota,Timberwolves,MIN,away,116,39,92,42.0,21,52,40.0,17,21,81.0,5,30,35,28,18,2,8,17,21,0,0,21,Phoenix Suns,98
401705439,2025,2025-03-02,2025-03-03 02:30:00,21,Phoenix Suns,Phoenix,Suns,PHX,home,98,35,80,44.0,13,42,31.0,15,19,79.0,10,47,57,24,2,7,20,16,12,2,0,16,Minnesota Timberwolves,116
401705440,2025,2025-03-02,2025-03-03 02:30:00,12,LA Clippers,LA,Clippers,LAC,away,102,38,88,43.0,12,39,31.0,14,17,82.0,10,30,40,24,9,1,12,22,0,0,0,13,Los Angeles Lakers,108
401705440,2025,2025-03-02,2025-03-03 02:30:00,13,Los Angeles Lakers,Los Angeles,Lakers,LAL,home,108,38,77,49.0,18,42,43.0,14,20,70.0,11,30,41,21,8,6,16,16,21,1,2,12,LA Clippers,102
401705438,2025,2025-03-02,2025-03-03 01:00:00,3,New Orleans Pelicans,New Orleans,Pelicans,NO,away,128,53,102,52.0,15,44,34.0,7,13,54.0,13,35,48,35,8,5,11,15,18,0,0,26,Utah Jazz,121
401705438,2025,2025-03-02,2025-03-03 01:00:00,26,Utah Jazz,Utah,Jazz,UTAH,home,121,46,96,48.0,16,44,36.0,13,17,76.0,9,32,41,35,4,4,11,14,6,2,1,3,New Orleans Pelicans,128
401705437,2025,2025-03-02,2025-03-03 00:00:00,25,Oklahoma City Thunder,Oklahoma City,Thunder,OKC,away,146,55,101,54.0,19,44,43.0,17,20,85.0,12,33,45,34,7,6,7,16,22,0,2,24,San Antonio Spurs,132
401705437,2025,2025-03-02,2025-03-03 00:00:00,24,San Antonio Spurs,San Antonio,Spurs,SA,home,132,51,91,56.0,18,43,42.0,12,16,75.0,6,29,35,36,2,3,12,17,9,1,2,25,Oklahoma City Thunder,146
401705435,2025,2025-03-02,2025-03-02 23:00:00,18,New York Knicks,New York,Knicks,NY,away,116,46,95,48.0,14,44,32.0,10,15,67.0,11,35,46,27,5,6,10,16,5,3,0,14,Miami Heat,112
401705435,2025,2025-03-02,2025-03-02 23:00:00,14,Miami Heat,Miami,Heat,MIA,home,112,45,84,54.0,11,35,31.0,11,16,69.0,3,31,34,29,5,6,12,16,19,1,1,18,New York Knicks,116
401705436,2025,2025-03-02,2025-03-02 23:00:00,28,Toronto Raptors,Toronto,Raptors,TOR,away,104,37,80,46.0,7,22,32.0,23,30,77.0,12,28,40,22,8,4,14,33,19,1,0,19,Orlando Magic,102
401705436,2025,2025-03-02,2025-03-02 23:00:00,19,Orlando Magic,Orlando,Magic,ORL,home,102,30,67,45.0,7,21,33.0,35,42,83.0,7,28,35,17,3,5,14,26,3,0,0,28,Toronto Raptors,104
401705434,2025,2025-03-02,2025-03-02 22:00:00,4,Chicago Bulls,Chicago,Bulls,CHI,away,112,44,88,50.0,10,33,30.0,14,18,78.0,12,30,42,24,6,4,12,17,9,2,1,11,Indiana Pacers,127
401705434,2025,2025-03-02,2025-03-02 22:00:00,11,Indiana Pacers,Indiana,Pacers,IND,home,127,48,87,55.0,19,44,43.0,12,18,67.0,5,31,36,34,7,4,10,16,15,2,0,4,Chicago Bulls,112
401705433,2025,2025-03-02,2025-03-02 20:30:00,22,Portland Trail Blazers,Portland,Trail Blazers,POR,away,129,42,96,44.0,14,40,35.0,31,35,89.0,13,33,46,25,8,1,19,26,18,1,0,5,Cleveland Cavaliers,133
401705433,2025,2025-03-02,2025-03-02 20:30:00,5,Cleveland Cavaliers,Cleveland,Cavaliers,CLE,home,133,42,97,43.0,19,46,41.0,30,35,86.0,13,34,47,27,12,5,13,27,5,2,2,22,Portland Trail Blazers,129
401705432,2025,2025-03-02,2025-03-02 18:00:00,7,Denver Nuggets,Denver,Nuggets,DEN,away,103,41,86,48.0,12,35,34.0,9,13,69.0,8,30,38,27,11,2,11,18,1,1,1,2,Boston Celtics,110
401705432,2025,2025-03-02,2025-03-02 18:00:00,2,Boston Celtics,Boston,Celtics,BOS,home,110,37,78,47.0,14,34,41.0,22,27,81.0,10,35,45,26,7,4,14,18,20,0,0,7,Denver Nuggets,103
401705430,2025,2025-03-01,2025-03-02 01:30:00,9,Golden State Warriors,Golden State,Warriors,GS,away,119,46,100,46.0,12,42,29.0,15,19,79.0,18,31,49,33,7,4,15,19,6,0,1,20,Philadelphia 76ers,126
401705430,2025,2025-03-01,2025-03-02 01:30:00,20,Philadelphia 76ers,Philadelphia,76ers,PHI,home,126,45,85,53.0,19,33,58.0,17,28,61.0,10,30,40,27,8,3,14,19,15,0,1,9,Golden State Warriors,119
401705431,2025,2025-03-01,2025-03-02 01:30:00,15,Milwaukee Bucks,Milwaukee,Bucks,MIL,away,132,44,87,51.0,13,39,33.0,31,35,89.0,14,38,52,33,6,6,13,19,23,0,0,6,Dallas Mavericks,117
401705431,2025,2025-03-01,2025-03-02 01:30:00,6,Dallas Mavericks,Dallas,Mavericks,DAL,home,117,43,91,47.0,11,40,28.0,20,25,80.0,8,25,33,25,7,1,11,23,10,0,0,15,Milwaukee Bucks,132
401705428,2025,2025-03-01,2025-03-02 01:00:00,23,Sacramento Kings,Sacramento,Kings,SAC,away,113,44,87,51.0,9,28,32.0,16,21,76.0,13,33,46,21,13,5,13,17,16,1,2,10,Houston Rockets,103
401705428,2025,2025-03-01,2025-03-02 01:00:00,10,Houston Rockets,Houston,Rockets,HOU,home,103,37,86,43.0,13,35,37.0,16,23,70.0,13,30,43,18,7,2,15,16,3,1,2,23,Sacramento Kings,113
401705429,2025,2025-03-01,2025-03-02 01:00:00,24,San Antonio Spurs,San Antonio,Spurs,SA,away,130,50,96,52.0,14,36,39.0,16,22,73.0,13,29,42,33,8,4,11,18,22,2,0,29,Memphis Grizzlies,128
401705429,2025,2025-03-01,2025-03-02 01:00:00,29,Memphis Grizzlies,Memphis,Grizzlies,MEM,home,128,50,95,53.0,11,38,29.0,17,20,85.0,12,29,41,31,7,8,12,16,6,1,3,24,San Antonio Spurs,130
401705427,2025,2025-03-01,2025-03-02 00:00:00,17,Brooklyn Nets,Brooklyn,Nets,BKN,away,94,29,95,31.0,6,39,15.0,30,35,86.0,14,24,38,19,12,8,12,24,2,2,1,8,Detroit Pistons,115
401705427,2025,2025-03-01,2025-03-02 00:00:00,8,Detroit Pistons,Detroit,Pistons,DET,home,115,39,72,54.0,12,28,43.0,25,29,86.0,6,41,47,31,5,15,23,29,25,4,2,17,Brooklyn Nets,94
401705426,2025,2025-03-01,2025-03-01 23:00:00,27,Washington Wizards,Washington,Wizards,WSH,away,113,40,88,45.0,17,50,34.0,16,17,94.0,12,36,48,33,13,7,15,10,16,0,1,30,Charlotte Hornets,100
401705426,2025,2025-03-01,2025-03-01 23:00:00,30,Charlotte Hornets,Charlotte,Hornets,CHA,home,100,41,93,44.0,14,42,33.0,4,6,67.0,11,33,44,28,9,5,17,14,8,0,0,27,Washington Wizards,113
401705425,2025,2025-02-28,2025-03-01 03:00:00,12,LA Clippers,LA,Clippers,LAC,away,102,39,87,45.0,9,37,24.0,15,21,71.0,15,29,44,25,11,1,17,19,10,1,0,13,Los Angeles Lakers,106
401705425,2025,2025-02-28,2025-03-01 03:00:00,13,Los Angeles Lakers,Los Angeles,Lakers,LAL,home,106,39,80,49.0,11,33,33.0,17,22,77.0,10,29,39,19,14,5,15,14,11,0,0,12,LA Clippers,102
401705424,2025,2025-02-28,2025-03-01 02:30:00,16,Minnesota Timberwolves,Minnesota,Timberwolves,MIN,away,116,44,101,44.0,20,52,38.0,8,14,57.0,11,29,40,35,17,4,7,13,13,0,0,26,Utah Jazz,117
401705424,2025,2025-02-28,2025-03-01 02:30:00,26,Utah Jazz,Utah,Jazz,UTAH,home,117,47,92,51.0,14,35,40.0,9,14,64.0,15,45,60,35,3,4,20,13,12,0,0,16,Minnesota Timberwolves,116
401705423,2025,2025-02-28,2025-03-01 02:00:00,3,New Orleans Pelicans,New Orleans,Pelicans,NO,away,108,44,87,51.0,11,28,39.0,9,15,60.0,13,22,35,28,10,3,14,13,0,1,0,21,Phoenix Suns,125
401705423,2025,2025-02-28,2025-03-01 02:00:00,21,Phoenix Suns,Phoenix,Suns,PHX,home,125,47,79,59.0,21,40,52.0,10,13,77.0,5,30,35,35,6,3,15,18,29,2,0,3,New Orleans Pelicans,108
401705420,2025,2025-02-28,2025-03-01 01:00:00,11,Indiana Pacers,Indiana,Pacers,IND,away,120,47,88,53.0,21,39,54.0,5,8,63.0,9,21,30,35,10,3,10,11,12,0,0,14,Miami Heat,125
401705420,2025,2025-02-28,2025-03-01 01:00:00,14,Miami Heat,Miami,Heat,MIA,home,125,48,84,57.0,17,32,53.0,12,13,92.0,12,27,39,34,7,4,14,11,12,1,0,11,Indiana Pacers,120
401705421,2025,2025-02-28,2025-03-01 01:00:00,28,Toronto Raptors,Toronto,Raptors,TOR,away,115,43,103,42.0,13,37,35.0,16,20,80.0,16,35,51,30,4,3,14,21,16,3,0,4,Chicago Bulls,125
401705421,2025,2025-02-28,2025-03-01 01:00:00,4,Chicago Bulls,Chicago,Bulls,CHI,home,125,45,101,45.0,13,49,27.0,22,25,88.0,10,35,45,32,11,4,11,16,10,4,0,28,Toronto Raptors,115
401705422,2025,2025-02-28,2025-03-01 01:00:00,18,New York Knicks,New York,Knicks,NY,away,114,44,95,46.0,13,38,34.0,13,16,81.0,8,27,35,29,10,7,8,16,4,1,0,29,Memphis Grizzlies,113
401705422,2025,2025-02-28,2025-03-01 01:00:00,29,Memphis Grizzlies,Memphis,Grizzlies,MEM,home,113,44,94,47.0,4,31,13.0,21,22,95.0,19,39,58,26,2,4,18,17,12,1,1,18,New York Knicks,114
401705417,2025,2025-02-28,2025-03-01 00:30:00,25,Oklahoma City Thunder,Oklahoma City,Thunder,OKC,away,135,51,101,50.0,23,50,46.0,10,12,83.0,9,34,43,37,10,1,11,18,27,1,1,1,Atlanta Hawks,119
401705417,2025,2025-02-28,2025-03-01 00:30:00,1,Atlanta Hawks,Atlanta,Hawks,ATL,home,119,43,88,49.0,15,36,42.0,18,23,78.0,10,36,46,27,8,5,19,14,0,0,0,25,Oklahoma City Thunder,135
401705418,2025,2025-02-28,2025-03-01 00:30:00,5,Cleveland Cavaliers,Cleveland,Cavaliers,CLE,away,123,45,94,48.0,17,39,44.0,16,19,84.0,14,30,44,23,4,3,7,14,7,1,0,2,Boston Celtics,116
401705418,2025,2025-02-28,2025-03-01 00:30:00,2,Boston Celtics,Boston,Celtics,BOS,home,116,43,89,48.0,17,39,44.0,13,17,76.0,14,26,40,20,5,5,11,19,22,0,0,5,Cleveland Cavaliers,123
401705419,2025,2025-02-28,2025-03-01 00:30:00,22,Portland Trail Blazers,Portland,Trail Blazers,POR,away,121,45,78,58.0,15,36,42.0,16,27,59.0,9,27,36,31,11,4,20,20,26,2,0,17,Brooklyn Nets,102
401705419,2025,2025-02-28,2025-03-01 00:30:00,17,Brooklyn Nets,Brooklyn,Nets,BKN,home,102,36,87,41.0,7,29,24.0,23,27,85.0,21,24,45,20,13,2,21,23,4,0,1,22,Portland Trail Blazers,121
401705416,2025,2025-02-28,2025-03-01 00:00:00,7,Denver Nuggets,Denver,Nuggets,DEN,away,134,47,84,56.0,17,31,55.0,23,31,74.0,10,40,50,28,5,8,19,18,25,1,1,8,Detroit Pistons,119
401705416,2025,2025-02-28,2025-03-01 00:00:00,8,Detroit Pistons,Detroit,Pistons,DET,home,119,45,99,45.0,12,37,32.0,17,23,74.0,14,28,42,32,15,3,10,22,5,1,2,7,Denver Nuggets,134
401705415,2025,2025-02-27,2025-02-28 03:30:00,16,Minnesota Timberwolves,Minnesota,Timberwolves,MIN,away,102,35,84,42.0,12,41,29.0,20,26,77.0,10,31,41,25,9,3,10,29,0,2,4,13,Los Angeles Lakers,111
401705415,2025,2025-02-27,2025-02-28 03:30:00,13,Los Angeles Lakers,Los Angeles,Lakers,LAL,home,111,34,82,41.0,11,41,27.0,32,46,70.0,16,36,52,21,7,2,12,18,23,1,2,16,Minnesota Timberwolves,102
401705414,2025,2025-02-27,2025-02-28 02:00:00,3,New Orleans Pelicans,New Orleans,Pelicans,NO,away,124,50,104,48.0,17,47,36.0,7,12,58.0,16,34,50,25,3,6,6,12,18,0,0,21,Phoenix Suns,116
401705414,2025,2025-02-27,2025-02-28 02:00:00,21,Phoenix Suns,Phoenix,Suns,PHX,home,116,44,94,47.0,20,53,38.0,8,10,80.0,14,38,52,29,4,6,10,15,7,1,1,3,New Orleans Pelicans,124
401705413,2025,2025-02-27,2025-02-28 01:30:00,30,Charlotte Hornets,Charlotte,Hornets,CHA,away,96,40,98,41.0,7,27,26.0,9,13,69.0,14,42,56,25,3,2,15,16,6,0,0,6,Dallas Mavericks,103
401705413,2025,2025-02-27,2025-02-28 01:30:00,6,Dallas Mavericks,Dallas,Mavericks,DAL,home,103,40,97,41.0,11,36,31.0,12,16,75.0,10,38,48,23,12,7,7,11,11,2,1,30,Charlotte Hornets,96
401705412,2025,2025-02-27,2025-02-28 01:00:00,7,Denver Nuggets,Denver,Nuggets,DEN,away,112,47,105,45.0,9,34,26.0,9,11,82.0,14,41,55,28,8,2,13,17,6,0,0,15,Milwaukee Bucks,121
401705412,2025,2025-02-27,2025-02-28 01:00:00,15,Milwaukee Bucks,Milwaukee,Bucks,MIL,home,121,42,90,47.0,14,34,41.0,23,28,82.0,7,41,48,25,8,4,11,11,12,0,0,7,Denver Nuggets,112
401705411,2025,2025-02-27,2025-02-28 00:00:00,9,Golden State Warriors,Golden State,Warriors,GS,away,121,36,79,46.0,19,45,42.0,30,34,88.0,11,27,38,26,8,7,12,18,13,2,0,19,Orlando Magic,115
401705411,2025,2025-02-27,2025-02-28 00:00:00,19,Orlando Magic,Orlando,Magic,ORL,home,115,45,89,51.0,11,28,39.0,14,18,78.0,15,31,46,23,9,4,18,25,17,0,1,9,Golden State Warriors,121
401705410,2025,2025-02-26,2025-02-27 02:50:00,24,San Antonio Spurs,San Antonio,Spurs,SA,away,106,42,100,42.0,7,39,18.0,15,21,71.0,12,29,41,28,10,5,8,14,0,0,0,10,Houston Rockets,118
401705410,2025,2025-02-26,2025-02-27 02:50:00,10,Houston Rockets,Houston,Rockets,HOU,home,118,48,102,47.0,11,38,29.0,11,14,79.0,20,40,60,22,4,5,14,14,28,2,0,24,San Antonio Spurs,106
401705409,2025,2025-02-26,2025-02-27 02:00:00,23,Sacramento Kings,Sacramento,Kings,SAC,away,118,46,87,53.0,15,36,42.0,11,12,92.0,7,40,47,28,6,7,12,13,22,4,0,26,Utah Jazz,101
401705409,2025,2025-02-26,2025-02-27 02:00:00,26,Utah Jazz,Utah,Jazz,UTAH,home,101,38,84,45.0,16,44,36.0,9,17,53.0,7,27,34,32,9,2,9,13,5,1,0,23,Sacramento Kings,118
401705408,2025,2025-02-26,2025-02-27 01:00:00,12,LA Clippers,LA,Clippers,LAC,away,122,44,85,52.0,19,37,51.0,15,17,88.0,11,33,44,33,9,10,15,16,12,0,0,4,Chicago Bulls,117
401705408,2025,2025-02-26,2025-02-27 01:00:00,4,Chicago Bulls,Chicago,Bulls,CHI,home,117,46,94,49.0,19,42,45.0,6,11,55.0,15,26,41,35,9,1,16,12,5,1,0,12,LA Clippers,122
401705406,2025,2025-02-26,2025-02-27 00:30:00,25,Oklahoma City Thunder,Oklahoma City,Thunder,OKC,away,129,48,90,53.0,9,30,30.0,24,29,83.0,11,34,45,27,10,4,11,21,14,1,0,17,Brooklyn Nets,121
401705406,2025,2025-02-26,2025-02-27 00:30:00,17,Brooklyn Nets,Brooklyn,Nets,BKN,home,121,38,93,41.0,23,61,38.0,22,25,88.0,18,28,46,31,7,5,14,25,18,1,1,25,Oklahoma City Thunder,129
401705407,2025,2025-02-26,2025-02-27 00:30:00,1,Atlanta Hawks,Atlanta,Hawks,ATL,away,109,41,81,51.0,12,32,38.0,15,19,79.0,9,24,33,29,6,3,15,15,5,2,0,14,Miami Heat,131
401705407,2025,2025-02-26,2025-02-27 00:30:00,14,Miami Heat,Miami,Heat,MIA,home,131,45,76,59.0,23,42,55.0,18,22,82.0,8,27,35,39,10,2,14,13,22,3,1,1,Atlanta Hawks,109
401705402,2025,2025-02-26,2025-02-27 00:00:00,2,Boston Celtics,Boston,Celtics,BOS,away,97,33,80,41.0,21,49,43.0,10,15,67.0,7,25,32,21,9,1,17,15,2,2,0,8,Detroit Pistons,117
401705402,2025,2025-02-26,2025-02-27 00:00:00,8,Detroit Pistons,Detroit,Pistons,DET,home,117,47,89,53.0,13,33,39.0,10,17,59.0,14,37,51,29,13,5,12,16,23,2,1,2,Boston Celtics,97
401705403,2025,2025-02-26,2025-02-27 00:00:00,28,Toronto Raptors,Toronto,Raptors,TOR,away,91,37,87,43.0,6,27,22.0,11,16,69.0,11,29,40,23,8,2,18,15,3,3,0,11,Indiana Pacers,111
401705403,2025,2025-02-26,2025-02-27 00:00:00,11,Indiana Pacers,Indiana,Pacers,IND,home,111,43,81,53.0,15,37,41.0,10,16,63.0,4,37,41,28,10,7,19,18,21,1,0,28,Toronto Raptors,91
401705404,2025,2025-02-26,2025-02-27 00:00:00,20,Philadelphia 76ers,Philadelphia,76ers,PHI,away,105,39,88,44.0,11,34,32.0,16,20,80.0,9,26,35,21,13,6,13,19,4,0,1,18,New York Knicks,110
401705404,2025,2025-02-26,2025-02-27 00:00:00,18,New York Knicks,New York,Knicks,NY,home,110,40,77,52.0,7,19,37.0,23,29,79.0,7,36,43,22,6,8,16,15,19,0,0,20,Philadelphia 76ers,105
401705405,2025,2025-02-26,2025-02-27 00:00:00,22,Portland Trail Blazers,Portland,Trail Blazers,POR,away,129,45,101,45.0,12,37,32.0,27,35,77.0,17,29,46,27,11,4,15,28,10,2,1,27,Washington Wizards,121
401705405,2025,2025-02-26,2025-02-27 00:00:00,27,Washington Wizards,Washington,Wizards,WSH,home,121,43,83,52.0,12,36,33.0,23,33,70.0,7,34,41,25,9,8,19,26,6,0,1,22,Portland Trail Blazers,129
401705400,2025,2025-02-25,2025-02-26 03:00:00,30,Charlotte Hornets,Charlotte,Hornets,CHA,away,92,33,89,37.0,11,40,28.0,15,18,83.0,18,32,50,18,7,8,24,15,5,1,1,9,Golden State Warriors,128
401705400,2025,2025-02-25,2025-02-26 03:00:00,9,Golden State Warriors,Golden State,Warriors,GS,home,128,49,100,49.0,15,42,36.0,15,18,83.0,16,35,51,40,16,5,11,20,39,1,1,30,Charlotte Hornets,92
401705401,2025,2025-02-25,2025-02-26 03:00:00,6,Dallas Mavericks,Dallas,Mavericks,DAL,away,99,35,98,36.0,17,44,39.0,12,13,92.0,14,31,45,23,7,11,12,14,1,0,0,13,Los Angeles Lakers,107
401705401,2025,2025-02-25,2025-02-26 03:00:00,13,Los Angeles Lakers,Los Angeles,Lakers,LAL,home,107,39,87,45.0,11,40,28.0,18,24,75.0,13,44,57,24,7,8,14,13,16,0,2,6,Dallas Mavericks,99
401705397,2025,2025-02-25,2025-02-26 01:00:00,15,Milwaukee Bucks,Milwaukee,Bucks,MIL,away,97,34,85,40.0,12,37,32.0,17,23,74.0,4,33,37,19,11,5,13,13,4,2,1,10,Houston Rockets,100
401705397,2025,2025-02-25,2025-02-26 01:00:00,10,Houston Rockets,Houston,Rockets,HOU,home,100,37,91,41.0,12,35,34.0,14,18,78.0,16,37,53,18,6,9,15,17,10,2,0,15,Milwaukee Bucks,97
401705398,2025,2025-02-25,2025-02-26 01:00:00,21,Phoenix Suns,Phoenix,Suns,PHX,away,148,53,99,54.0,21,37,57.0,21,26,81.0,8,38,46,39,6,6,16,25,10,0,0,29,Memphis Grizzlies,151
401705398,2025,2025-02-25,2025-02-26 01:00:00,29,Memphis Grizzlies,Memphis,Grizzlies,MEM,home,151,52,99,53.0,20,48,42.0,27,30,90.0,7,31,38,36,10,4,12,22,4,0,0,21,Phoenix Suns,148
401705399,2025,2025-02-25,2025-02-26 01:00:00,24,San Antonio Spurs,San Antonio,Spurs,SA,away,103,38,93,41.0,13,44,30.0,14,18,78.0,13,32,45,29,14,4,20,19,19,0,1,3,New Orleans Pelicans,109
401705399,2025,2025-02-25,2025-02-26 01:00:00,3,New Orleans Pelicans,New Orleans,Pelicans,NO,home,109,41,94,44.0,7,31,23.0,20,25,80.0,20,34,54,25,11,6,19,17,7,0,2,24,San Antonio Spurs,103
401705396,2025,2025-02-25,2025-02-26 00:30:00,5,Cleveland Cavaliers,Cleveland,Cavaliers,CLE,away,122,45,80,56.0,19,32,59.0,13,16,81.0,9,38,47,25,5,5,11,13,42,1,0,19,Orlando Magic,82
401705396,2025,2025-02-25,2025-02-26 00:30:00,19,Orlando Magic,Orlando,Magic,ORL,home,82,33,90,37.0,5,28,18.0,11,14,79.0,12,23,35,21,7,8,10,14,0,2,0,5,Cleveland Cavaliers,122
401705395,2025,2025-02-25,2025-02-26 00:00:00,2,Boston Celtics,Boston,Celtics,BOS,away,111,44,93,47.0,15,51,29.0,8,8,100.0,12,27,39,24,9,4,14,16,17,1,1,28,Toronto Raptors,101
401705395,2025,2025-02-25,2025-02-26 00:00:00,28,Toronto Raptors,Toronto,Raptors,TOR,home,101,42,83,51.0,5,33,15.0,12,16,75.0,10,30,40,27,10,1,16,14,1,1,0,2,Boston Celtics,111
401705394,2025,2025-02-24,2025-02-25 03:00:00,30,Charlotte Hornets,Charlotte,Hornets,CHA,away,88,30,85,35.0,10,40,25.0,18,24,75.0,15,22,37,24,14,4,19,16,6,0,1,23,Sacramento Kings,130
401705394,2025,2025-02-24,2025-02-25 03:00:00,23,Sacramento Kings,Sacramento,Kings,SAC,home,130,47,87,54.0,20,38,53.0,16,18,89.0,11,38,49,30,12,4,18,18,45,0,0,30,Charlotte Hornets,88
401705393,2025,2025-02-24,2025-02-25 02:00:00,22,Portland Trail Blazers,Portland,Trail Blazers,POR,away,114,41,98,42.0,14,44,32.0,18,24,75.0,16,35,51,26,7,6,13,16,13,1,1,26,Utah Jazz,112
401705393,2025,2025-02-24,2025-02-25 02:00:00,26,Utah Jazz,Utah,Jazz,UTAH,home,112,39,98,40.0,18,44,41.0,16,19,84.0,11,34,45,24,7,2,15,18,5,0,1,22,Portland Trail Blazers,114
401705392,2025,2025-02-24,2025-02-25 01:00:00,16,Minnesota Timberwolves,Minnesota,Timberwolves,MIN,away,131,44,97,45.0,9,32,28.0,34,39,87.0,11,43,54,29,6,5,13,23,3,0,0,25,Oklahoma City Thunder,128
401705392,2025,2025-02-24,2025-02-25 01:00:00,25,Oklahoma City Thunder,Oklahoma City,Thunder,OKC,home,128,45,106,42.0,15,49,31.0,23,29,79.0,16,37,53,27,10,8,11,30,25,0,0,16,Minnesota Timberwolves,131
401705391,2025,2025-02-24,2025-02-25 00:30:00,14,Miami Heat,Miami,Heat,MIA,away,86,27,84,32.0,7,40,17.0,25,27,93.0,14,31,45,15,8,4,17,9,4,1,0,1,Atlanta Hawks,98
401705391,2025,2025-02-24,2025-02-25 00:30:00,1,Atlanta Hawks,Atlanta,Hawks,ATL,home,98,40,88,45.0,9,35,26.0,9,12,75.0,13,37,50,29,13,2,16,22,13,2,1,14,Miami Heat,86
401705387,2025,2025-02-24,2025-02-25 00:00:00,12,LA Clippers,LA,Clippers,LAC,away,97,37,92,40.0,11,41,27.0,12,19,63.0,15,33,48,24,12,3,17,24,5,0,0,8,Detroit Pistons,106
401705387,2025,2025-02-24,2025-02-25 00:00:00,8,Detroit Pistons,Detroit,Pistons,DET,home,106,36,79,46.0,9,29,31.0,25,36,69.0,8,38,46,22,11,7,15,18,12,1,0,12,LA Clippers,97
401705388,2025,2025-02-24,2025-02-25 00:00:00,7,Denver Nuggets,Denver,Nuggets,DEN,away,125,53,94,56.0,8,21,38.0,11,14,79.0,14,32,46,39,8,4,19,21,17,1,0,11,Indiana Pacers,116
401705388,2025,2025-02-24,2025-02-25 00:00:00,11,Indiana Pacers,Indiana,Pacers,IND,home,116,40,85,47.0,14,43,33.0,22,27,81.0,8,24,32,29,11,3,17,14,2,1,0,7,Denver Nuggets,125
401705389,2025,2025-02-24,2025-02-25 00:00:00,4,Chicago Bulls,Chicago,Bulls,CHI,away,142,45,89,51.0,18,40,45.0,34,36,94.0,10,34,44,32,11,6,13,19,50,2,0,20,Philadelphia 76ers,110
401705389,2025,2025-02-24,2025-02-25 00:00:00,20,Philadelphia 76ers,Philadelphia,76ers,PHI,home,110,37,95,39.0,10,40,25.0,26,29,90.0,15,32,47,19,11,5,16,23,2,1,1,4,Chicago Bulls,142
401705390,2025,2025-02-24,2025-02-25 00:00:00,17,Brooklyn Nets,Brooklyn,Nets,BKN,away,99,33,84,39.0,14,36,39.0,19,24,79.0,16,23,39,25,16,4,15,28,7,3,1,27,Washington Wizards,107
401705390,2025,2025-02-24,2025-02-25 00:00:00,27,Washington Wizards,Washington,Wizards,WSH,home,107,35,70,50.0,13,31,42.0,24,25,96.0,7,30,37,26,7,8,24,26,14,0,1,17,Brooklyn Nets,99
401705386,2025,2025-02-23,2025-02-24 02:50:00,25,Oklahoma City Thunder,Oklahoma City,Thunder,OKC,away,130,48,86,56.0,19,35,54.0,15,20,75.0,7,30,37,32,9,8,13,22,19,0,0,16,Minnesota Timberwolves,123
401705386,2025,2025-02-23,2025-02-24 02:50:00,16,Minnesota Timberwolves,Minnesota,Timberwolves,MIN,home,123,39,89,44.0,18,45,40.0,27,28,96.0,15,29,44,23,6,5,13,22,7,0,1,25,Oklahoma City Thunder,130
401705384,2025,2025-02-23,2025-02-24 00:00:00,24,San Antonio Spurs,San Antonio,Spurs,SA,away,96,32,97,33.0,15,51,29.0,17,25,68.0,13,33,46,29,11,7,10,19,17,0,0,3,New Orleans Pelicans,114
401705384,2025,2025-02-23,2025-02-24 00:00:00,3,New Orleans Pelicans,New Orleans,Pelicans,NO,home,114,42,94,45.0,11,33,33.0,19,26,73.0,17,52,69,27,3,3,16,19,21,1,1,24,San Antonio Spurs,96
401705385,2025,2025-02-23,2025-02-24 00:00:00,29,Memphis Grizzlies,Memphis,Grizzlies,MEM,away,123,42,92,46.0,15,39,38.0,24,31,77.0,12,25,37,28,8,5,13,26,4,1,3,5,Cleveland Cavaliers,129
401705385,2025,2025-02-23,2025-02-24 00:00:00,5,Cleveland Cavaliers,Cleveland,Cavaliers,CLE,home,129,46,99,46.0,13,47,28.0,24,35,69.0,22,35,57,25,5,5,14,25,11,0,4,29,Memphis Grizzlies,123
401705380,2025,2025-02-23,2025-02-23 23:00:00,8,Detroit Pistons,Detroit,Pistons,DET,away,148,55,93,59.0,20,40,50.0,18,25,72.0,5,32,37,39,9,5,17,23,12,2,1,1,Atlanta Hawks,143
401705380,2025,2025-02-23,2025-02-23 23:00:00,1,Atlanta Hawks,Atlanta,Hawks,ATL,home,143,48,96,50.0,21,45,47.0,26,36,72.0,10,30,40,30,8,6,13,21,3,0,1,8,Detroit Pistons,148
401705381,2025,2025-02-23,2025-02-23 23:00:00,27,Washington Wizards,Washington,Wizards,WSH,away,90,32,78,41.0,10,38,26.0,16,22,73.0,4,32,36,22,5,4,20,23,6,0,1,19,Orlando Magic,110
401705381,2025,2025-02-23,2025-02-23 23:00:00,19,Orlando Magic,Orlando,Magic,ORL,home,110,40,90,44.0,11,32,34.0,19,22,86.0,14,33,47,25,9,5,13,23,26,3,1,27,Washington Wizards,90
401705382,2025,2025-02-23,2025-02-23 23:00:00,21,Phoenix Suns,Phoenix,Suns,PHX,away,109,43,85,51.0,7,28,25.0,16,22,73.0,4,33,37,22,9,7,11,19,2,1,2,28,Toronto Raptors,127
401705382,2025,2025-02-23,2025-02-23 23:00:00,28,Toronto Raptors,Toronto,Raptors,TOR,home,127,43,88,49.0,20,35,57.0,21,30,70.0,14,35,49,30,6,1,14,23,19,0,0,21,Phoenix Suns,109
401705383,2025,2025-02-23,2025-02-23 23:00:00,14,Miami Heat,Miami,Heat,MIA,away,113,41,88,47.0,9,31,29.0,22,26,85.0,10,36,46,25,3,3,9,22,14,2,0,15,Milwaukee Bucks,120
401705383,2025,2025-02-23,2025-02-23 23:00:00,15,Milwaukee Bucks,Milwaukee,Bucks,MIL,home,120,44,86,51.0,14,39,36.0,18,22,82.0,8,32,40,25,4,3,9,23,7,0,0,14,Miami Heat,113
401705379,2025,2025-02-23,2025-02-23 22:00:00,12,LA Clippers,LA,Clippers,LAC,away,111,38,85,45.0,10,40,25.0,25,33,76.0,6,26,32,23,9,3,10,18,0,1,1,11,Indiana Pacers,129
401705379,2025,2025-02-23,2025-02-23 22:00:00,11,Indiana Pacers,Indiana,Pacers,IND,home,129,46,84,55.0,12,36,33.0,25,27,93.0,8,38,46,31,7,5,12,24,22,2,1,12,LA Clippers,111
401705378,2025,2025-02-23,2025-02-23 20:30:00,6,Dallas Mavericks,Dallas,Mavericks,DAL,away,102,38,82,46.0,13,32,41.0,13,19,68.0,7,34,41,24,7,4,18,22,5,0,1,9,Golden State Warriors,126
401705378,2025,2025-02-23,2025-02-23 20:30:00,9,Golden State Warriors,Golden State,Warriors,GS,home,126,47,98,48.0,12,40,30.0,20,23,87.0,17,37,54,30,10,6,10,17,29,0,0,6,Dallas Mavericks,102
401705377,2025,2025-02-23,2025-02-23 18:00:00,18,New York Knicks,New York,Knicks,NY,away,105,40,92,43.0,14,36,39.0,11,11,100.0,7,33,40,21,4,1,11,15,1,0,0,2,Boston Celtics,118
401705377,2025,2025-02-23,2025-02-23 18:00:00,2,Boston Celtics,Boston,Celtics,BOS,home,118,45,91,49.0,17,44,39.0,11,11,100.0,12,37,49,27,8,5,10,14,27,2,0,18,New York Knicks,105
401705376,2025,2025-02-22,2025-02-23 03:00:00,30,Charlotte Hornets,Charlotte,Hornets,CHA,away,88,34,98,35.0,5,32,16.0,15,21,71.0,12,25,37,19,12,7,15,21,1,2,0,22,Portland Trail Blazers,141
401705376,2025,2025-02-22,2025-02-23 03:00:00,22,Portland Trail Blazers,Portland,Trail Blazers,POR,home,141,51,87,59.0,20,43,47.0,19,27,70.0,11,46,57,37,11,7,18,22,55,1,1,30,Charlotte Hornets,88
401705375,2025,2025-02-22,2025-02-23 02:30:00,10,Houston Rockets,Houston,Rockets,HOU,away,115,44,100,44.0,17,43,40.0,10,18,56.0,8,33,41,33,3,2,7,17,8,0,1,26,Utah Jazz,124
401705375,2025,2025-02-22,2025-02-23 02:30:00,26,Utah Jazz,Utah,Jazz,UTAH,home,124,49,98,50.0,13,40,32.0,13,27,48.0,16,42,58,28,4,3,8,18,12,0,1,10,Houston Rockets,115
401705374,2025,2025-02-22,2025-02-23 01:30:00,13,Los Angeles Lakers,Los Angeles,Lakers,LAL,away,123,43,86,50.0,16,41,39.0,21,25,84.0,9,30,39,27,15,9,8,20,26,1,1,7,Denver Nuggets,100
401705374,2025,2025-02-22,2025-02-23 01:30:00,7,Denver Nuggets,Denver,Nuggets,DEN,home,100,34,85,40.0,16,41,39.0,16,21,76.0,12,33,45,28,6,1,20,18,0,2,0,13,Los Angeles Lakers,123
401705373,2025,2025-02-22,2025-02-23 00:30:00,17,Brooklyn Nets,Brooklyn,Nets,BKN,away,105,41,81,51.0,7,28,25.0,16,19,84.0,9,30,39,27,10,8,16,19,17,0,1,20,Philadelphia 76ers,103
401705373,2025,2025-02-22,2025-02-23 00:30:00,20,Philadelphia 76ers,Philadelphia,76ers,PHI,home,103,36,85,42.0,10,39,26.0,21,24,88.0,15,28,43,21,8,5,13,15,6,0,1,17,Brooklyn Nets,105
401705372,2025,2025-02-22,2025-02-22 22:00:00,21,Phoenix Suns,Phoenix,Suns,PHX,away,121,43,89,48.0,10,30,33.0,25,28,89.0,8,41,49,29,7,3,11,11,12,0,0,4,Chicago Bulls,117
401705372,2025,2025-02-22,2025-02-22 22:00:00,4,Chicago Bulls,Chicago,Bulls,CHI,home,117,41,98,42.0,18,53,34.0,17,17,100.0,11,34,45,29,9,4,9,21,13,0,0,21,Phoenix Suns,121
401705371,2025,2025-02-21,2025-02-22 03:00:00,9,Golden State Warriors,Golden State,Warriors,GS,away,132,50,93,54.0,20,43,47.0,12,12,100.0,11,24,35,40,13,3,12,19,29,0,0,23,Sacramento Kings,108
401705371,2025,2025-02-21,2025-02-22 03:00:00,23,Sacramento Kings,Sacramento,Kings,SAC,home,108,40,79,51.0,11,32,34.0,17,18,94.0,11,28,39,26,8,3,21,16,5,3,2,9,Golden State Warriors,132
401705367,2025,2025-02-21,2025-02-22 02:30:00,16,Minnesota Timberwolves,Minnesota,Timberwolves,MIN,away,115,41,92,45.0,11,38,29.0,22,26,85.0,7,28,35,22,10,6,9,22,2,0,2,10,Houston Rockets,121
401705367,2025,2025-02-21,2025-02-22 02:30:00,10,Houston Rockets,Houston,Rockets,HOU,home,121,42,84,50.0,13,26,50.0,24,32,75.0,9,39,48,18,5,6,20,25,14,0,1,16,Minnesota Timberwolves,115
401705370,2025,2025-02-21,2025-02-22 02:30:00,25,Oklahoma City Thunder,Oklahoma City,Thunder,OKC,away,130,46,97,47.0,19,43,44.0,19,20,95.0,17,34,51,38,10,10,12,20,25,0,0,26,Utah Jazz,107
401705370,2025,2025-02-21,2025-02-22 02:30:00,26,Utah Jazz,Utah,Jazz,UTAH,home,107,41,90,46.0,15,41,37.0,10,18,56.0,14,29,43,27,7,2,19,15,0,2,0,25,Oklahoma City Thunder,130
401705368,2025,2025-02-21,2025-02-22 01:30:00,8,Detroit Pistons,Detroit,Pistons,DET,away,125,47,94,50.0,12,35,34.0,19,22,86.0,20,33,53,31,8,5,15,17,24,0,0,24,San Antonio Spurs,110
401705368,2025,2025-02-21,2025-02-22 01:30:00,24,San Antonio Spurs,San Antonio,Spurs,SA,home,110,43,84,51.0,10,29,34.0,14,22,64.0,8,24,32,27,11,5,15,20,10,2,0,8,Detroit Pistons,125
401705369,2025,2025-02-21,2025-02-22 01:30:00,3,New Orleans Pelicans,New Orleans,Pelicans,NO,away,103,38,92,41.0,8,27,30.0,19,25,76.0,14,39,53,25,8,6,14,23,4,0,0,6,Dallas Mavericks,111
401705369,2025,2025-02-21,2025-02-22 01:30:00,6,Dallas Mavericks,Dallas,Mavericks,DAL,home,111,37,86,43.0,16,44,36.0,21,27,78.0,8,39,47,28,8,4,13,18,12,1,1,3,New Orleans Pelicans,103
401705366,2025,2025-02-21,2025-02-22 00:30:00,14,Miami Heat,Miami,Heat,MIA,away,120,46,90,51.0,13,36,36.0,15,18,83.0,8,36,44,20,8,3,12,22,14,2,1,28,Toronto Raptors,111
401705366,2025,2025-02-21,2025-02-22 00:30:00,28,Toronto Raptors,Toronto,Raptors,TOR,home,111,38,91,42.0,17,43,40.0,18,23,78.0,14,32,46,25,8,2,13,19,3,1,1,14,Miami Heat,120
401705363,2025,2025-02-21,2025-02-22 00:00:00,18,New York Knicks,New York,Knicks,NY,away,105,42,89,47.0,10,28,36.0,11,18,61.0,9,23,32,25,8,3,16,12,5,1,0,5,Cleveland Cavaliers,142
401705363,2025,2025-02-21,2025-02-22 00:00:00,5,Cleveland Cavaliers,Cleveland,Cavaliers,CLE,home,142,56,92,61.0,19,37,51.0,11,15,73.0,11,36,47,38,12,2,15,15,42,0,0,18,New York Knicks,105
401705364,2025,2025-02-21,2025-02-22 00:00:00,29,Memphis Grizzlies,Memphis,Grizzlies,MEM,away,105,38,92,41.0,7,33,21.0,22,29,76.0,15,38,53,22,7,7,14,26,12,1,1,19,Orlando Magic,104
401705364,2025,2025-02-21,2025-02-22 00:00:00,19,Orlando Magic,Orlando,Magic,ORL,home,104,36,88,41.0,9,31,29.0,23,33,70.0,13,37,50,23,7,9,12,21,19,2,3,29,Memphis Grizzlies,105
401705365,2025,2025-02-21,2025-02-22 00:00:00,15,Milwaukee Bucks,Milwaukee,Bucks,MIL,away,104,39,82,48.0,9,32,28.0,17,26,65.0,8,36,44,24,11,6,16,24,15,1,0,27,Washington Wizards,101
401705365,2025,2025-02-21,2025-02-22 00:00:00,27,Washington Wizards,Washington,Wizards,WSH,home,101,35,87,40.0,12,39,31.0,19,27,70.0,8,34,42,25,9,4,14,21,16,0,0,15,Milwaukee Bucks,104
401705362,2025,2025-02-20,2025-02-21 03:00:00,13,Los Angeles Lakers,Los Angeles,Lakers,LAL,away,110,39,82,48.0,9,32,28.0,23,25,92.0,11,37,48,20,7,6,22,17,18,2,1,22,Portland Trail Blazers,102
401705362,2025,2025-02-20,2025-02-21 03:00:00,22,Portland Trail Blazers,Portland,Trail Blazers,POR,home,102,38,86,44.0,12,37,32.0,14,21,67.0,6,27,33,27,16,7,17,24,1,0,0,13,Los Angeles Lakers,110
401705361,2025,2025-02-20,2025-02-21 02:30:00,21,Phoenix Suns,Phoenix,Suns,PHX,away,109,38,81,47.0,16,44,36.0,17,20,85.0,5,34,39,28,6,4,18,21,0,0,1,24,San Antonio Spurs,120
401705361,2025,2025-02-20,2025-02-21 02:30:00,24,San Antonio Spurs,San Antonio,Spurs,SA,home,120,44,93,47.0,15,41,37.0,17,22,77.0,6,38,44,30,13,3,9,20,16,2,1,21,Phoenix Suns,109
401705360,2025,2025-02-20,2025-02-21 02:00:00,30,Charlotte Hornets,Charlotte,Hornets,CHA,away,115,43,99,43.0,15,37,41.0,14,17,82.0,14,31,45,28,10,2,10,21,5,0,0,7,Denver Nuggets,129
401705360,2025,2025-02-20,2025-02-21 02:00:00,7,Denver Nuggets,Denver,Nuggets,DEN,home,129,49,98,50.0,19,43,44.0,12,16,75.0,16,39,55,29,3,3,13,14,14,1,0,30,Charlotte Hornets,115
401705359,2025,2025-02-20,2025-02-21 01:00:00,12,LA Clippers,LA,Clippers,LAC,away,110,41,88,47.0,12,30,40.0,16,19,84.0,11,32,43,28,14,7,11,27,13,3,0,15,Milwaukee Bucks,116
401705359,2025,2025-02-20,2025-02-21 01:00:00,15,Milwaukee Bucks,Milwaukee,Bucks,MIL,home,116,38,80,48.0,17,43,40.0,23,27,85.0,8,33,41,22,5,5,17,18,13,1,0,12,LA Clippers,110
401705356,2025,2025-02-20,2025-02-21 00:30:00,19,Orlando Magic,Orlando,Magic,ORL,away,114,41,85,48.0,6,25,24.0,26,38,68.0,11,42,53,15,6,7,7,22,11,1,1,1,Atlanta Hawks,108
401705356,2025,2025-02-20,2025-02-21 00:30:00,1,Atlanta Hawks,Atlanta,Hawks,ATL,home,108,39,100,39.0,11,35,31.0,19,28,68.0,16,35,51,20,7,4,9,25,19,0,4,19,Orlando Magic,114
401705357,2025,2025-02-20,2025-02-21 00:30:00,5,Cleveland Cavaliers,Cleveland,Cavaliers,CLE,away,110,40,94,43.0,11,39,28.0,19,27,70.0,17,35,52,19,8,5,16,20,21,1,0,17,Brooklyn Nets,97
401705357,2025,2025-02-20,2025-02-21 00:30:00,17,Brooklyn Nets,Brooklyn,Nets,BKN,home,97,38,95,40.0,10,38,26.0,11,19,58.0,14,31,45,25,7,10,15,23,7,1,0,5,Cleveland Cavaliers,110
401705358,2025,2025-02-20,2025-02-21 00:30:00,4,Chicago Bulls,Chicago,Bulls,CHI,away,111,41,103,40.0,19,48,40.0,10,12,83.0,11,42,53,24,6,6,15,12,6,0,0,18,New York Knicks,113
401705358,2025,2025-02-20,2025-02-21 00:30:00,18,New York Knicks,New York,Knicks,NY,home,113,46,107,43.0,14,46,30.0,7,10,70.0,10,44,54,28,10,7,11,12,11,2,0,4,Chicago Bulls,111
401705354,2025,2025-02-20,2025-02-21 00:00:00,29,Memphis Grizzlies,Memphis,Grizzlies,MEM,away,113,41,99,41.0,12,39,31.0,19,22,86.0,12,34,46,28,6,7,13,19,13,0,0,11,Indiana Pacers,127
401705354,2025,2025-02-20,2025-02-21 00:00:00,11,Indiana Pacers,Indiana,Pacers,IND,home,127,46,91,51.0,17,45,38.0,18,22,82.0,9,37,46,29,6,12,10,20,26,1,0,29,Memphis Grizzlies,113
401705355,2025,2025-02-20,2025-02-21 00:00:00,2,Boston Celtics,Boston,Celtics,BOS,away,124,43,89,48.0,24,54,44.0,14,15,93.0,11,38,49,33,3,6,10,16,29,1,0,20,Philadelphia 76ers,104
401705355,2025,2025-02-20,2025-02-21 00:00:00,20,Philadelphia 76ers,Philadelphia,76ers,PHI,home,104,40,93,43.0,8,39,21.0,16,17,94.0,10,34,44,23,7,0,10,17,3,0,1,2,Boston Celtics,124
401748704,2025,2025-02-19,2025-02-20 03:00:00,30,Charlotte Hornets,Charlotte,Hornets,CHA,away,100,33,91,36.0,18,53,34.0,16,17,94.0,9,38,47,20,12,4,17,16,9,2,0,13,Los Angeles Lakers,97
401748704,2025,2025-02-19,2025-02-20 03:00:00,13,Los Angeles Lakers,Los Angeles,Lakers,LAL,home,97,37,90,41.0,15,51,29.0,8,12,67.0,12,38,50,29,7,4,18,17,13,0,2,30,Charlotte Hornets,100
401752957,2025,2025-02-16,2025-02-17 03:00:00,130580,Team Shaq,Team Shaq,Team Shaq,SHQ,away,41,16,28,57.0,9,17,53.0,0,0,0.0,2,14,16,10,5,0,4,3,18,1,0,130579,Team Chuck,25
401752957,2025,2025-02-16,2025-02-17 03:00:00,130579,Team Chuck,Team Chuck,Team Chuck,CHK,home,25,11,31,35.0,2,16,13.0,1,4,25.0,8,10,18,7,1,1,5,0,0,0,0,130580,Team Shaq,41
401752956,2025,2025-02-16,2025-02-17 02:10:00,130754,Team Candace,Team Candace,Team Candace,CAN,away,35,15,33,45.0,4,14,29.0,1,1,100.0,4,11,15,8,4,0,5,1,3,0,0,130580,Team Shaq,42
401752956,2025,2025-02-16,2025-02-17 02:10:00,130580,Team Shaq,Team Shaq,Team Shaq,SHQ,home,42,18,36,50.0,6,18,33.0,0,0,0.0,5,13,18,12,5,1,4,1,7,0,0,130754,Team Candace,35
401752955,2025,2025-02-16,2025-02-17 01:20:00,130581,Team Kenny,Team Kenny,Team Kenny,KEN,away,32,13,28,46.0,6,15,40.0,0,0,0.0,0,3,3,12,5,3,4,0,4,0,0,130579,Team Chuck,41
401752955,2025,2025-02-16,2025-02-17 01:20:00,130579,Team Chuck,Team Chuck,Team Chuck,CHK,home,41,18,23,78.0,5,8,63.0,0,0,0.0,1,13,14,14,3,3,9,1,10,0,0,130581,Team Kenny,32
401705570,2025,2025-02-13,2025-02-14 02:00:00,12,LA Clippers,LA,Clippers,LAC,away,120,39,94,41.0,14,38,37.0,28,36,78.0,13,30,43,22,16,5,10,22,5,2,0,26,Utah Jazz,116
401705570,2025,2025-02-13,2025-02-14 02:00:00,26,Utah Jazz,Utah,Jazz,UTAH,home,116,38,78,49.0,18,45,40.0,22,26,85.0,9,38,47,23,7,1,26,25,20,0,0,12,LA Clippers,120
401705352,2025,2025-02-13,2025-02-14 01:30:00,14,Miami Heat,Miami,Heat,MIA,away,113,43,91,47.0,10,36,28.0,17,26,65.0,16,26,42,23,9,4,13,14,7,0,0,6,Dallas Mavericks,118
401705352,2025,2025-02-13,2025-02-14 01:30:00,6,Dallas Mavericks,Dallas,Mavericks,DAL,home,118,46,90,51.0,13,36,36.0,13,16,81.0,11,29,40,28,7,2,13,17,8,1,1,14,Miami Heat,113
401705353,2025,2025-02-13,2025-02-14 01:30:00,25,Oklahoma City Thunder,Oklahoma City,Thunder,OKC,away,101,37,88,42.0,7,29,24.0,20,24,83.0,12,37,49,25,4,7,9,17,0,1,0,16,Minnesota Timberwolves,116
401705353,2025,2025-02-13,2025-02-14 01:30:00,16,Minnesota Timberwolves,Minnesota,Timberwolves,MIN,home,116,42,99,42.0,12,46,26.0,20,22,91.0,20,34,54,28,5,2,8,17,19,2,0,25,Oklahoma City Thunder,101
401705350,2025,2025-02-13,2025-02-14 01:00:00,9,Golden State Warriors,Golden State,Warriors,GS,away,105,35,89,39.0,11,41,27.0,24,27,89.0,9,33,42,26,13,6,10,18,24,1,0,10,Houston Rockets,98
401705350,2025,2025-02-13,2025-02-14 01:00:00,10,Houston Rockets,Houston,Rockets,HOU,home,98,38,93,41.0,12,36,33.0,10,18,56.0,15,37,52,24,7,5,20,20,3,0,2,9,Golden State Warriors,105
401705351,2025,2025-02-13,2025-02-14 01:00:00,23,Sacramento Kings,Sacramento,Kings,SAC,away,133,49,112,44.0,17,47,36.0,18,21,86.0,21,37,58,38,8,1,14,19,8,1,1,3,New Orleans Pelicans,140
401705351,2025,2025-02-13,2025-02-14 01:00:00,3,New Orleans Pelicans,New Orleans,Pelicans,NO,home,140,46,92,50.0,21,50,42.0,27,34,79.0,7,38,45,32,11,7,10,17,9,0,2,23,Sacramento Kings,133
401705349,2025,2025-02-12,2025-02-13 03:30:00,29,Memphis Grizzlies,Memphis,Grizzlies,MEM,away,114,44,89,49.0,18,36,50.0,8,15,53.0,9,31,40,24,5,4,21,21,12,1,0,12,LA Clippers,128
401705349,2025,2025-02-12,2025-02-13 03:30:00,12,LA Clippers,LA,Clippers,LAC,home,128,47,93,51.0,13,35,37.0,21,22,95.0,13,33,46,29,17,2,15,15,24,2,0,29,Memphis Grizzlies,114
401705348,2025,2025-02-12,2025-02-13 02:30:00,9,Golden State Warriors,Golden State,Warriors,GS,away,107,41,96,43.0,10,35,29.0,15,18,83.0,18,32,50,29,9,6,15,16,2,1,1,6,Dallas Mavericks,111
401705348,2025,2025-02-12,2025-02-13 02:30:00,6,Dallas Mavericks,Dallas,Mavericks,DAL,home,111,42,87,48.0,15,36,42.0,12,15,80.0,9,30,39,20,9,7,14,16,15,1,0,9,Golden State Warriors,107
401705346,2025,2025-02-12,2025-02-13 02:00:00,22,Portland Trail Blazers,Portland,Trail Blazers,POR,away,121,43,94,46.0,14,38,37.0,21,29,72.0,14,31,45,27,7,6,11,19,6,1,0,7,Denver Nuggets,132
401705346,2025,2025-02-12,2025-02-13 02:00:00,7,Denver Nuggets,Denver,Nuggets,DEN,home,132,49,96,51.0,15,38,39.0,19,24,79.0,12,37,49,26,9,7,12,20,23,2,0,22,Portland Trail Blazers,121
401705347,2025,2025-02-12,2025-02-13 02:00:00,13,Los Angeles Lakers,Los Angeles,Lakers,LAL,away,119,41,92,45.0,20,50,40.0,17,30,57.0,14,31,45,31,5,3,14,20,5,0,0,26,Utah Jazz,131
401705347,2025,2025-02-12,2025-02-13 02:00:00,26,Utah Jazz,Utah,Jazz,UTAH,home,131,45,86,52.0,15,41,37.0,26,33,79.0,11,37,48,30,10,8,12,21,25,0,1,13,Los Angeles Lakers,119
401705345,2025,2025-02-12,2025-02-13 01:30:00,21,Phoenix Suns,Phoenix,Suns,PHX,away,111,46,89,52.0,10,26,38.0,9,11,82.0,11,32,43,25,7,5,17,19,11,1,0,10,Houston Rockets,119
401705345,2025,2025-02-12,2025-02-13 01:30:00,10,Houston Rockets,Houston,Rockets,HOU,home,119,46,97,47.0,13,42,31.0,14,24,58.0,17,30,47,32,10,4,11,15,9,0,0,21,Phoenix Suns,111
401705341,2025,2025-02-12,2025-02-13 01:00:00,8,Detroit Pistons,Detroit,Pistons,DET,away,128,45,88,51.0,10,25,40.0,28,35,80.0,12,35,47,30,8,6,16,22,21,1,2,4,Chicago Bulls,110
401705341,2025,2025-02-12,2025-02-13 01:00:00,4,Chicago Bulls,Chicago,Bulls,CHI,home,110,37,86,43.0,9,41,22.0,27,30,90.0,10,27,37,23,9,7,16,27,5,2,3,8,Detroit Pistons,128
401705342,2025,2025-02-12,2025-02-13 01:00:00,15,Milwaukee Bucks,Milwaukee,Bucks,MIL,away,103,39,88,44.0,12,30,40.0,13,16,81.0,6,42,48,24,7,1,12,15,16,1,0,16,Minnesota Timberwolves,101
401705342,2025,2025-02-12,2025-02-13 01:00:00,16,Minnesota Timberwolves,Minnesota,Timberwolves,MIN,home,101,39,103,38.0,10,44,23.0,13,15,87.0,15,44,59,27,4,6,13,13,3,1,0,15,Milwaukee Bucks,103
401705343,2025,2025-02-12,2025-02-13 01:00:00,23,Sacramento Kings,Sacramento,Kings,SAC,away,119,41,87,47.0,16,45,36.0,21,29,72.0,12,36,48,28,4,7,11,16,16,0,0,3,New Orleans Pelicans,111
401705343,2025,2025-02-12,2025-02-13 01:00:00,3,New Orleans Pelicans,New Orleans,Pelicans,NO,home,111,44,94,47.0,8,32,25.0,15,18,83.0,12,28,40,28,7,5,8,23,5,1,0,23,Sacramento Kings,119
401705344,2025,2025-02-12,2025-02-13 01:00:00,14,Miami Heat,Miami,Heat,MIA,away,101,36,79,46.0,11,34,32.0,18,25,72.0,10,35,45,24,7,5,16,17,21,0,1,25,Oklahoma City Thunder,115
401705344,2025,2025-02-12,2025-02-13 01:00:00,25,Oklahoma City Thunder,Oklahoma City,Thunder,OKC,home,115,43,88,49.0,15,39,38.0,14,20,70.0,11,30,41,22,10,3,13,19,14,0,1,14,Miami Heat,101
401705338,2025,2025-02-12,2025-02-13 00:30:00,20,Philadelphia 76ers,Philadelphia,76ers,PHI,away,96,35,81,43.0,8,33,24.0,18,22,82.0,9,29,38,25,10,9,14,15,3,1,0,17,Brooklyn Nets,100
401705338,2025,2025-02-12,2025-02-13 00:30:00,17,Brooklyn Nets,Brooklyn,Nets,BKN,home,100,40,85,47.0,8,30,27.0,12,15,80.0,16,34,50,23,13,7,16,18,15,2,1,20,Philadelphia 76ers,96
401705339,2025,2025-02-12,2025-02-13 00:30:00,1,Atlanta Hawks,Atlanta,Hawks,ATL,away,148,55,110,50.0,14,38,37.0,24,35,69.0,19,28,47,43,12,10,12,29,5,2,1,18,New York Knicks,149
401705339,2025,2025-02-12,2025-02-13 00:30:00,18,New York Knicks,New York,Knicks,NY,home,149,54,94,57.0,11,26,42.0,30,37,81.0,8,31,39,28,6,5,17,23,18,1,0,1,Atlanta Hawks,148
401705340,2025,2025-02-12,2025-02-13 00:30:00,5,Cleveland Cavaliers,Cleveland,Cavaliers,CLE,away,131,48,99,48.0,18,53,34.0,17,20,85.0,13,40,53,34,11,4,13,19,39,0,1,28,Toronto Raptors,108
401705340,2025,2025-02-12,2025-02-13 00:30:00,28,Toronto Raptors,Toronto,Raptors,TOR,home,108,42,91,46.0,10,29,34.0,14,21,67.0,9,30,39,26,7,5,15,14,1,0,1,5,Cleveland Cavaliers,131
401705335,2025,2025-02-12,2025-02-13 00:00:00,24,San Antonio Spurs,San Antonio,Spurs,SA,away,103,42,96,44.0,9,39,23.0,10,12,83.0,9,29,38,30,9,2,8,16,2,0,0,2,Boston Celtics,116
401705335,2025,2025-02-12,2025-02-13 00:00:00,2,Boston Celtics,Boston,Celtics,BOS,home,116,42,91,46.0,18,55,33.0,14,21,67.0,15,41,56,25,3,5,15,12,24,2,1,24,San Antonio Spurs,103
401705336,2025,2025-02-12,2025-02-13 00:00:00,30,Charlotte Hornets,Charlotte,Hornets,CHA,away,86,32,81,40.0,8,26,31.0,14,15,93.0,6,37,43,21,4,4,12,15,5,0,2,19,Orlando Magic,102
401705336,2025,2025-02-12,2025-02-13 00:00:00,19,Orlando Magic,Orlando,Magic,ORL,home,102,37,90,41.0,14,43,33.0,14,19,74.0,13,39,52,22,4,9,8,12,21,3,2,30,Charlotte Hornets,86
401705337,2025,2025-02-12,2025-02-13 00:00:00,11,Indiana Pacers,Indiana,Pacers,IND,away,134,50,107,47.0,16,35,46.0,18,20,90.0,10,32,42,38,7,5,7,17,9,2,0,27,Washington Wizards,130
401705337,2025,2025-02-12,2025-02-13 00:00:00,27,Washington Wizards,Washington,Wizards,WSH,home,130,47,97,48.0,23,45,51.0,13,16,81.0,7,39,46,29,5,7,16,20,19,2,0,11,Indiana Pacers,134
401705333,2025,2025-02-11,2025-02-12 03:00:00,29,Memphis Grizzlies,Memphis,Grizzlies,MEM,away,119,43,100,43.0,12,39,31.0,21,27,78.0,20,40,60,22,8,3,13,22,19,0,1,21,Phoenix Suns,112
401705333,2025,2025-02-11,2025-02-12 03:00:00,21,Phoenix Suns,Phoenix,Suns,PHX,home,112,41,92,45.0,12,44,27.0,18,22,82.0,7,35,42,35,8,9,11,17,3,1,0,29,Memphis Grizzlies,119
401705332,2025,2025-02-11,2025-02-12 01:00:00,8,Detroit Pistons,Detroit,Pistons,DET,away,132,51,96,53.0,18,41,44.0,12,13,92.0,8,47,55,30,10,8,14,19,49,1,0,4,Chicago Bulls,92
401705332,2025,2025-02-11,2025-02-12 01:00:00,4,Chicago Bulls,Chicago,Bulls,CHI,home,92,35,100,35.0,10,47,21.0,12,19,63.0,14,30,44,22,9,2,14,10,0,2,0,8,Detroit Pistons,132
401705331,2025,2025-02-11,2025-02-12 00:30:00,18,New York Knicks,New York,Knicks,NY,away,128,49,91,54.0,10,27,37.0,20,23,87.0,13,35,48,37,6,2,14,22,21,2,1,11,Indiana Pacers,115
401705331,2025,2025-02-11,2025-02-12 00:30:00,11,Indiana Pacers,Indiana,Pacers,IND,home,115,43,89,48.0,9,31,29.0,20,26,77.0,9,27,36,32,8,3,10,17,7,0,1,18,New York Knicks,128
401705330,2025,2025-02-11,2025-02-12 00:00:00,28,Toronto Raptors,Toronto,Raptors,TOR,away,106,38,82,46.0,11,33,33.0,19,23,83.0,10,39,49,23,8,4,17,20,13,2,0,20,Philadelphia 76ers,103
401705330,2025,2025-02-11,2025-02-12 00:00:00,20,Philadelphia 76ers,Philadelphia,76ers,PHI,home,103,37,91,41.0,9,38,24.0,20,24,83.0,14,32,46,22,10,2,14,18,4,0,0,28,Toronto Raptors,106
401705334,2025,2025-02-10,2025-02-11 03:30:00,26,Utah Jazz,Utah,Jazz,UTAH,away,113,39,84,46.0,12,40,30.0,23,27,85.0,11,28,39,29,6,3,19,17,2,0,0,13,Los Angeles Lakers,132
401705334,2025,2025-02-10,2025-02-11 03:30:00,13,Los Angeles Lakers,Los Angeles,Lakers,LAL,home,132,50,92,54.0,15,42,36.0,17,18,94.0,10,34,44,28,11,2,11,22,34,2,0,26,Utah Jazz,113
401705329,2025,2025-02-10,2025-02-11 02:00:00,22,Portland Trail Blazers,Portland,Trail Blazers,POR,away,117,40,88,45.0,15,37,41.0,22,26,85.0,10,23,33,25,4,4,16,20,2,0,1,7,Denver Nuggets,146
401705329,2025,2025-02-10,2025-02-11 02:00:00,7,Denver Nuggets,Denver,Nuggets,DEN,home,146,60,91,66.0,8,25,32.0,18,20,90.0,6,32,38,44,12,2,8,23,32,2,3,22,Portland Trail Blazers,117
401705328,2025,2025-02-10,2025-02-11 01:30:00,23,Sacramento Kings,Sacramento,Kings,SAC,away,129,53,96,55.0,9,26,35.0,14,19,74.0,13,37,50,28,3,3,20,22,9,1,0,6,Dallas Mavericks,128
401705328,2025,2025-02-10,2025-02-11 01:30:00,6,Dallas Mavericks,Dallas,Mavericks,DAL,home,128,49,95,52.0,15,37,41.0,15,24,63.0,5,28,33,31,11,4,11,19,12,2,0,23,Sacramento Kings,129
401705326,2025,2025-02-10,2025-02-11 01:00:00,9,Golden State Warriors,Golden State,Warriors,GS,away,125,41,93,44.0,13,45,29.0,30,38,79.0,15,33,48,27,16,2,9,23,19,0,1,15,Milwaukee Bucks,111
401705326,2025,2025-02-10,2025-02-11 01:00:00,15,Milwaukee Bucks,Milwaukee,Bucks,MIL,home,111,38,76,50.0,10,33,30.0,25,34,74.0,5,32,37,18,5,4,20,25,5,0,1,9,Golden State Warriors,125
401705327,2025,2025-02-10,2025-02-11 01:00:00,3,New Orleans Pelicans,New Orleans,Pelicans,NO,away,101,36,82,44.0,10,27,37.0,19,28,68.0,12,30,42,19,4,4,22,14,2,1,0,25,Oklahoma City Thunder,137
401705327,2025,2025-02-10,2025-02-11 01:00:00,25,Oklahoma City Thunder,Oklahoma City,Thunder,OKC,home,137,49,95,52.0,27,55,49.0,12,16,75.0,10,35,45,29,15,8,10,20,39,1,0,3,New Orleans Pelicans,101
401705324,2025,2025-02-10,2025-02-11 00:30:00,30,Charlotte Hornets,Charlotte,Hornets,CHA,away,89,32,78,41.0,6,31,19.0,19,28,68.0,11,29,40,18,7,7,17,10,6,1,0,17,Brooklyn Nets,97
401705324,2025,2025-02-10,2025-02-11 00:30:00,17,Brooklyn Nets,Brooklyn,Nets,BKN,home,97,37,93,40.0,10,42,24.0,13,14,93.0,19,28,47,24,10,6,16,24,22,1,0,30,Charlotte Hornets,89
401705325,2025,2025-02-10,2025-02-11 00:30:00,2,Boston Celtics,Boston,Celtics,BOS,away,103,39,85,46.0,17,53,32.0,8,8,100.0,3,49,52,24,4,5,6,11,24,2,0,14,Miami Heat,85
401705325,2025,2025-02-10,2025-02-11 00:30:00,14,Miami Heat,Miami,Heat,MIA,home,85,31,92,34.0,11,45,24.0,12,13,92.0,12,39,51,21,2,2,4,10,11,0,0,2,Boston Celtics,103
401705321,2025,2025-02-10,2025-02-11 00:00:00,16,Minnesota Timberwolves,Minnesota,Timberwolves,MIN,away,107,36,90,40.0,12,39,31.0,23,30,77.0,15,26,41,17,10,6,16,19,0,0,1,5,Cleveland Cavaliers,128
401705321,2025,2025-02-10,2025-02-11 00:00:00,5,Cleveland Cavaliers,Cleveland,Cavaliers,CLE,home,128,48,94,51.0,17,43,40.0,15,20,75.0,14,35,49,27,10,5,16,24,26,1,1,16,Minnesota Timberwolves,107
401705322,2025,2025-02-10,2025-02-11 00:00:00,1,Atlanta Hawks,Atlanta,Hawks,ATL,away,112,38,77,49.0,12,32,38.0,24,28,86.0,6,33,39,29,10,3,16,17,8,1,1,19,Orlando Magic,106
401705322,2025,2025-02-10,2025-02-11 00:00:00,19,Orlando Magic,Orlando,Magic,ORL,home,106,37,78,47.0,12,30,40.0,20,24,83.0,7,29,36,22,10,8,17,21,7,1,1,1,Atlanta Hawks,112
401705323,2025,2025-02-10,2025-02-11 00:00:00,24,San Antonio Spurs,San Antonio,Spurs,SA,away,131,45,88,51.0,17,38,45.0,24,29,83.0,11,32,43,28,11,4,11,17,18,1,1,27,Washington Wizards,121
401705323,2025,2025-02-10,2025-02-11 00:00:00,27,Washington Wizards,Washington,Wizards,WSH,home,121,45,93,48.0,14,47,30.0,17,19,89.0,10,32,42,26,5,3,14,23,5,0,0,24,San Antonio Spurs,131
401705319,2025,2025-02-09,2025-02-09 19:00:00,28,Toronto Raptors,Toronto,Raptors,TOR,away,87,33,90,37.0,8,42,19.0,13,17,76.0,7,41,48,19,5,6,10,21,10,0,1,10,Houston Rockets,94
401705319,2025,2025-02-09,2025-02-09 19:00:00,10,Houston Rockets,Houston,Rockets,HOU,home,94,31,86,36.0,10,38,26.0,22,28,79.0,10,48,58,17,8,3,15,19,10,0,0,28,Toronto Raptors,87
401705320,2025,2025-02-09,2025-02-09 19:00:00,20,Philadelphia 76ers,Philadelphia,76ers,PHI,away,127,47,89,53.0,18,45,40.0,15,19,79.0,8,34,42,28,9,5,14,21,7,0,0,15,Milwaukee Bucks,135
401705320,2025,2025-02-09,2025-02-09 19:00:00,15,Milwaukee Bucks,Milwaukee,Bucks,MIL,home,135,46,105,44.0,24,55,44.0,19,20,95.0,19,34,53,29,7,3,12,18,25,0,1,20,Philadelphia 76ers,127
401705318,2025,2025-02-09,2025-02-09 18:00:00,30,Charlotte Hornets,Charlotte,Hornets,CHA,away,102,34,78,44.0,15,32,47.0,19,23,83.0,9,28,37,25,8,1,14,18,0,0,0,8,Detroit Pistons,112
401705318,2025,2025-02-09,2025-02-09 18:00:00,8,Detroit Pistons,Detroit,Pistons,DET,home,112,44,90,49.0,11,37,30.0,13,16,81.0,14,32,46,31,11,1,11,21,28,0,1,30,Charlotte Hornets,102
401705317,2025,2025-02-08,2025-02-09 03:30:00,26,Utah Jazz,Utah,Jazz,UTAH,away,110,39,83,47.0,17,43,40.0,15,18,83.0,12,26,38,26,7,4,19,21,13,1,0,12,LA Clippers,130
401705317,2025,2025-02-08,2025-02-09 03:30:00,12,LA Clippers,LA,Clippers,LAC,home,130,51,88,58.0,11,26,42.0,17,21,81.0,8,29,37,36,8,2,14,20,22,1,0,26,Utah Jazz,110
401705316,2025,2025-02-08,2025-02-09 03:00:00,3,New Orleans Pelicans,New Orleans,Pelicans,NO,away,118,43,90,48.0,14,36,39.0,18,25,72.0,5,34,39,27,12,8,16,24,20,0,1,23,Sacramento Kings,123
401705316,2025,2025-02-08,2025-02-09 03:00:00,23,Sacramento Kings,Sacramento,Kings,SAC,home,123,43,91,47.0,11,41,27.0,26,33,79.0,11,40,51,24,10,7,18,22,18,0,1,3,New Orleans Pelicans,118
401705315,2025,2025-02-08,2025-02-09 02:00:00,7,Denver Nuggets,Denver,Nuggets,DEN,away,122,45,92,49.0,16,35,46.0,16,17,94.0,15,41,56,28,5,4,9,13,23,1,1,21,Phoenix Suns,105
401705315,2025,2025-02-08,2025-02-09 02:00:00,21,Phoenix Suns,Phoenix,Suns,PHX,home,105,38,98,39.0,17,50,34.0,12,15,80.0,17,26,43,25,5,6,6,15,3,0,0,7,Denver Nuggets,122
401705314,2025,2025-02-08,2025-02-09 01:30:00,2,Boston Celtics,Boston,Celtics,BOS,away,131,46,85,54.0,19,39,49.0,20,24,83.0,11,37,48,21,6,7,10,21,35,1,0,18,New York Knicks,104
401705314,2025,2025-02-08,2025-02-09 01:30:00,18,New York Knicks,New York,Knicks,NY,home,104,35,83,42.0,9,24,38.0,25,29,86.0,7,23,30,16,9,1,9,15,0,0,0,2,Boston Celtics,131
401705311,2025,2025-02-08,2025-02-09 01:00:00,9,Golden State Warriors,Golden State,Warriors,GS,away,132,45,90,50.0,19,48,40.0,23,27,85.0,16,28,44,34,8,7,14,23,25,1,0,4,Chicago Bulls,111
401705311,2025,2025-02-08,2025-02-09 01:00:00,4,Chicago Bulls,Chicago,Bulls,CHI,home,111,35,79,44.0,17,39,44.0,24,31,77.0,6,25,31,24,8,4,17,19,24,0,0,9,Golden State Warriors,132
401705312,2025,2025-02-08,2025-02-09 01:00:00,25,Oklahoma City Thunder,Oklahoma City,Thunder,OKC,away,125,45,105,43.0,18,42,43.0,17,21,81.0,21,34,55,29,5,5,8,27,28,1,0,29,Memphis Grizzlies,112
401705312,2025,2025-02-08,2025-02-09 01:00:00,29,Memphis Grizzlies,Memphis,Grizzlies,MEM,home,112,36,81,44.0,12,28,43.0,28,39,72.0,10,30,40,21,7,9,13,21,2,0,0,25,Oklahoma City Thunder,125
401705313,2025,2025-02-08,2025-02-09 01:00:00,22,Portland Trail Blazers,Portland,Trail Blazers,POR,away,98,37,92,40.0,7,35,20.0,17,22,77.0,16,29,45,18,11,6,17,24,15,0,0,16,Minnesota Timberwolves,114
401705313,2025,2025-02-08,2025-02-09 01:00:00,16,Minnesota Timberwolves,Minnesota,Timberwolves,MIN,home,114,43,82,52.0,10,28,36.0,18,28,64.0,8,35,43,23,8,2,14,18,17,0,0,22,Portland Trail Blazers,98
401705309,2025,2025-02-08,2025-02-09 00:00:00,24,San Antonio Spurs,San Antonio,Spurs,SA,away,111,41,77,53.0,13,30,43.0,16,20,80.0,4,30,34,27,10,7,14,14,13,0,1,19,Orlando Magic,112
401705309,2025,2025-02-08,2025-02-09 00:00:00,19,Orlando Magic,Orlando,Magic,ORL,home,112,45,88,51.0,10,30,33.0,12,20,60.0,13,32,45,19,10,1,14,18,5,1,0,24,San Antonio Spurs,111
401705310,2025,2025-02-08,2025-02-09 00:00:00,1,Atlanta Hawks,Atlanta,Hawks,ATL,away,125,47,97,48.0,18,44,41.0,13,17,76.0,8,33,41,36,6,7,11,19,23,1,1,27,Washington Wizards,111
401705310,2025,2025-02-08,2025-02-09 00:00:00,27,Washington Wizards,Washington,Wizards,WSH,home,111,41,93,44.0,9,36,25.0,20,21,95.0,14,39,53,26,6,2,17,18,7,1,0,1,Atlanta Hawks,125
401705308,2025,2025-02-08,2025-02-08 21:00:00,11,Indiana Pacers,Indiana,Pacers,IND,away,117,37,87,43.0,12,38,32.0,31,32,97.0,11,27,38,27,10,2,10,20,2,1,1,13,Los Angeles Lakers,124
401705308,2025,2025-02-08,2025-02-08 21:00:00,13,Los Angeles Lakers,Los Angeles,Lakers,LAL,home,124,46,88,52.0,11,33,33.0,21,23,91.0,9,37,46,29,6,3,14,22,25,1,2,11,Indiana Pacers,117
401705307,2025,2025-02-08,2025-02-08 20:00:00,10,Houston Rockets,Houston,Rockets,HOU,away,105,40,100,40.0,8,28,29.0,17,22,77.0,19,29,48,21,2,5,8,22,1,1,1,6,Dallas Mavericks,116
401705307,2025,2025-02-08,2025-02-08 20:00:00,6,Dallas Mavericks,Dallas,Mavericks,DAL,home,116,39,83,47.0,12,23,52.0,26,34,76.0,12,31,43,22,4,18,5,18,21,1,1,10,Houston Rockets,105
401705306,2025,2025-02-07,2025-02-08 03:00:00,26,Utah Jazz,Utah,Jazz,UTAH,away,127,48,117,41.0,13,48,27.0,18,20,90.0,25,38,63,29,5,7,10,16,12,2,0,21,Phoenix Suns,135
401705306,2025,2025-02-07,2025-02-08 03:00:00,21,Phoenix Suns,Phoenix,Suns,PHX,home,135,47,104,45.0,22,56,39.0,19,21,90.0,12,37,49,31,6,15,7,17,13,1,0,26,Utah Jazz,127
401705305,2025,2025-02-07,2025-02-08 01:00:00,28,Toronto Raptors,Toronto,Raptors,TOR,away,109,39,91,43.0,19,41,46.0,12,19,63.0,14,28,42,31,9,6,12,24,3,0,1,25,Oklahoma City Thunder,121
401705305,2025,2025-02-07,2025-02-08 01:00:00,25,Oklahoma City Thunder,Oklahoma City,Thunder,OKC,home,121,43,84,51.0,9,31,29.0,26,31,84.0,11,33,44,26,10,7,12,14,22,0,1,28,Toronto Raptors,109
401705302,2025,2025-02-07,2025-02-08 00:30:00,15,Milwaukee Bucks,Milwaukee,Bucks,MIL,away,110,41,96,43.0,19,50,38.0,9,10,90.0,7,36,43,28,5,3,10,17,21,0,0,1,Atlanta Hawks,115
401705302,2025,2025-02-07,2025-02-08 00:30:00,1,Atlanta Hawks,Atlanta,Hawks,ATL,home,115,45,92,49.0,13,36,36.0,12,18,67.0,11,41,52,29,6,6,11,14,12,0,1,15,Milwaukee Bucks,110
401705303,2025,2025-02-07,2025-02-08 00:30:00,14,Miami Heat,Miami,Heat,MIA,away,86,32,90,36.0,12,40,30.0,10,12,83.0,11,28,39,23,9,5,14,19,11,0,1,17,Brooklyn Nets,102
401705303,2025,2025-02-07,2025-02-08 00:30:00,17,Brooklyn Nets,Brooklyn,Nets,BKN,home,102,39,93,42.0,10,37,27.0,14,18,78.0,18,39,57,17,8,13,14,15,16,0,4,14,Miami Heat,86
401705304,2025,2025-02-07,2025-02-08 00:30:00,20,Philadelphia 76ers,Philadelphia,76ers,PHI,away,112,41,83,49.0,13,31,42.0,17,20,85.0,7,31,38,26,7,7,13,20,2,0,0,8,Detroit Pistons,125
401705304,2025,2025-02-07,2025-02-08 00:30:00,8,Detroit Pistons,Detroit,Pistons,DET,home,125,44,97,45.0,17,44,39.0,20,26,77.0,21,35,56,32,7,4,14,24,34,1,0,20,Philadelphia 76ers,112
401705300,2025,2025-02-07,2025-02-08 00:00:00,24,San Antonio Spurs,San Antonio,Spurs,SA,away,116,42,92,46.0,12,39,31.0,20,24,83.0,13,25,38,25,8,5,8,13,2,0,0,30,Charlotte Hornets,117
401705300,2025,2025-02-07,2025-02-08 00:00:00,30,Charlotte Hornets,Charlotte,Hornets,CHA,home,117,47,101,47.0,17,38,45.0,6,6,100.0,16,37,53,33,4,4,11,22,19,0,0,24,San Antonio Spurs,116
401705301,2025,2025-02-07,2025-02-08 00:00:00,5,Cleveland Cavaliers,Cleveland,Cavaliers,CLE,away,134,48,94,51.0,16,38,42.0,22,24,92.0,15,31,46,32,9,3,14,20,16,0,1,27,Washington Wizards,124
401705301,2025,2025-02-07,2025-02-08 00:00:00,27,Washington Wizards,Washington,Wizards,WSH,home,124,46,94,49.0,16,44,36.0,16,25,64.0,16,24,40,25,8,2,13,17,8,2,2,5,Cleveland Cavaliers,134
401705299,2025,2025-02-06,2025-02-07 03:30:00,11,Indiana Pacers,Indiana,Pacers,IND,away,119,43,95,45.0,13,39,33.0,20,24,83.0,12,34,46,31,13,3,7,14,13,1,0,12,LA Clippers,112
401705299,2025,2025-02-06,2025-02-07 03:30:00,12,LA Clippers,LA,Clippers,LAC,home,112,41,88,47.0,17,40,43.0,13,18,72.0,11,37,48,25,5,4,19,16,22,0,0,11,Indiana Pacers,119
401705297,2025,2025-02-06,2025-02-07 03:00:00,9,Golden State Warriors,Golden State,Warriors,GS,away,112,41,101,41.0,16,53,30.0,14,20,70.0,10,30,40,29,8,2,12,25,0,0,1,13,Los Angeles Lakers,120
401705297,2025,2025-02-06,2025-02-07 03:00:00,13,Los Angeles Lakers,Los Angeles,Lakers,LAL,home,120,39,78,50.0,13,35,37.0,29,36,81.0,7,40,47,26,9,5,13,21,26,1,0,9,Golden State Warriors,112
401705298,2025,2025-02-06,2025-02-07 03:00:00,23,Sacramento Kings,Sacramento,Kings,SAC,away,102,37,88,42.0,10,30,33.0,18,22,82.0,11,36,47,21,8,6,10,20,6,1,0,22,Portland Trail Blazers,108
401705298,2025,2025-02-06,2025-02-07 03:00:00,22,Portland Trail Blazers,Portland,Trail Blazers,POR,home,108,39,90,43.0,16,40,40.0,14,18,78.0,10,37,47,25,5,7,13,18,8,0,0,23,Sacramento Kings,102
401705296,2025,2025-02-06,2025-02-07 02:00:00,19,Orlando Magic,Orlando,Magic,ORL,away,90,31,84,37.0,5,31,16.0,23,30,77.0,13,27,40,21,10,8,13,15,6,1,0,7,Denver Nuggets,112
401705296,2025,2025-02-06,2025-02-07 02:00:00,7,Denver Nuggets,Denver,Nuggets,DEN,home,112,44,83,53.0,12,30,40.0,12,21,57.0,12,40,52,33,7,4,18,22,33,2,0,19,Orlando Magic,90
401705295,2025,2025-02-06,2025-02-07 01:00:00,10,Houston Rockets,Houston,Rockets,HOU,away,114,41,84,49.0,12,31,39.0,20,28,71.0,12,27,39,26,12,7,10,18,7,2,2,16,Minnesota Timberwolves,127
401705295,2025,2025-02-06,2025-02-07 01:00:00,16,Minnesota Timberwolves,Minnesota,Timberwolves,MIN,home,127,45,94,48.0,16,39,41.0,21,24,88.0,18,29,47,23,5,6,13,21,13,0,1,10,Houston Rockets,114
401705294,2025,2025-02-06,2025-02-07 00:30:00,6,Dallas Mavericks,Dallas,Mavericks,DAL,away,127,49,88,56.0,15,33,45.0,14,18,78.0,8,27,35,32,9,4,8,15,27,3,1,2,Boston Celtics,120
401705294,2025,2025-02-06,2025-02-07 00:30:00,2,Boston Celtics,Boston,Celtics,BOS,home,120,46,89,52.0,16,37,43.0,12,15,80.0,11,29,40,30,2,6,14,17,1,0,0,6,Dallas Mavericks,127
401705293,2025,2025-02-05,2025-02-06 03:00:00,19,Orlando Magic,Orlando,Magic,ORL,away,130,50,88,57.0,16,31,52.0,14,15,93.0,9,26,35,30,8,3,8,24,30,3,0,23,Sacramento Kings,111
401705293,2025,2025-02-05,2025-02-06 03:00:00,23,Sacramento Kings,Sacramento,Kings,SAC,home,111,40,80,50.0,10,27,37.0,21,28,75.0,14,23,37,23,6,4,17,14,3,2,0,19,Orlando Magic,130
401705290,2025,2025-02-05,2025-02-06 02:30:00,21,Phoenix Suns,Phoenix,Suns,PHX,away,109,33,70,47.0,14,36,39.0,29,33,88.0,3,32,35,24,3,2,18,17,12,4,0,25,Oklahoma City Thunder,140
401705290,2025,2025-02-05,2025-02-06 02:30:00,25,Oklahoma City Thunder,Oklahoma City,Thunder,OKC,home,140,52,102,51.0,12,42,29.0,24,27,89.0,17,29,46,24,15,4,5,23,38,1,0,21,Phoenix Suns,109
401705291,2025,2025-02-05,2025-02-06 02:00:00,9,Golden State Warriors,Golden State,Warriors,GS,away,128,46,100,46.0,17,48,35.0,19,27,70.0,12,29,41,33,6,4,9,24,11,0,1,26,Utah Jazz,131
401705291,2025,2025-02-05,2025-02-06 02:00:00,26,Utah Jazz,Utah,Jazz,UTAH,home,131,48,92,52.0,13,37,35.0,22,27,81.0,12,36,48,30,5,5,12,23,14,1,0,9,Golden State Warriors,128
401705292,2025,2025-02-05,2025-02-06 02:00:00,3,New Orleans Pelicans,New Orleans,Pelicans,NO,away,119,43,93,46.0,10,29,34.0,23,26,88.0,10,28,38,26,5,3,11,10,4,0,0,7,Denver Nuggets,144
401705292,2025,2025-02-05,2025-02-06 02:00:00,7,Denver Nuggets,Denver,Nuggets,DEN,home,144,57,100,57.0,16,43,37.0,14,15,93.0,13,38,51,40,9,4,7,21,27,2,0,3,New Orleans Pelicans,119
401705289,2025,2025-02-05,2025-02-06 01:00:00,4,Chicago Bulls,Chicago,Bulls,CHI,away,108,40,83,48.0,12,36,33.0,16,22,73.0,6,28,34,25,9,5,9,22,5,2,0,16,Minnesota Timberwolves,127
401705289,2025,2025-02-05,2025-02-06 01:00:00,16,Minnesota Timberwolves,Minnesota,Timberwolves,MIN,home,127,42,98,43.0,20,47,43.0,23,28,82.0,23,36,59,27,6,8,11,15,21,0,2,4,Chicago Bulls,108
401705286,2025,2025-02-05,2025-02-06 00:30:00,27,Washington Wizards,Washington,Wizards,WSH,away,119,44,81,54.0,20,43,47.0,11,14,79.0,7,33,40,40,6,3,14,21,25,1,1,17,Brooklyn Nets,102
401705286,2025,2025-02-05,2025-02-06 00:30:00,17,Brooklyn Nets,Brooklyn,Nets,BKN,home,102,36,83,43.0,13,38,34.0,17,23,74.0,12,25,37,26,7,3,10,20,1,0,0,27,Washington Wizards,119
401705287,2025,2025-02-05,2025-02-06 00:30:00,14,Miami Heat,Miami,Heat,MIA,away,108,39,83,47.0,14,34,41.0,16,20,80.0,13,41,54,25,3,4,22,13,12,0,0,20,Philadelphia 76ers,101
401705287,2025,2025-02-05,2025-02-06 00:30:00,20,Philadelphia 76ers,Philadelphia,76ers,PHI,home,101,37,96,39.0,12,40,30.0,15,20,75.0,11,28,39,22,14,4,4,15,4,1,1,14,Miami Heat,108
401705288,2025,2025-02-05,2025-02-06 00:30:00,29,Memphis Grizzlies,Memphis,Grizzlies,MEM,away,138,47,89,53.0,16,38,42.0,28,38,74.0,24,37,61,22,7,5,16,19,31,2,0,28,Toronto Raptors,107
401705288,2025,2025-02-05,2025-02-06 00:30:00,28,Toronto Raptors,Toronto,Raptors,TOR,home,107,39,98,40.0,12,42,29.0,17,19,89.0,14,20,34,28,11,3,9,29,10,1,0,29,Memphis Grizzlies,138
401705283,2025,2025-02-05,2025-02-06 00:00:00,15,Milwaukee Bucks,Milwaukee,Bucks,MIL,away,112,41,81,51.0,18,42,43.0,12,13,92.0,6,38,44,26,6,4,9,16,21,2,1,30,Charlotte Hornets,102
401705283,2025,2025-02-05,2025-02-06 00:00:00,30,Charlotte Hornets,Charlotte,Hornets,CHA,home,102,38,88,43.0,11,34,32.0,15,20,75.0,9,32,41,21,4,1,8,14,3,0,0,15,Milwaukee Bucks,112
401705284,2025,2025-02-05,2025-02-06 00:00:00,5,Cleveland Cavaliers,Cleveland,Cavaliers,CLE,away,118,41,85,48.0,16,38,42.0,20,24,83.0,11,35,46,28,6,7,23,22,12,1,1,8,Detroit Pistons,115
401705284,2025,2025-02-05,2025-02-06 00:00:00,8,Detroit Pistons,Detroit,Pistons,DET,home,115,39,98,40.0,12,37,32.0,25,28,89.0,17,28,45,22,13,5,11,21,1,1,3,5,Cleveland Cavaliers,118
401705285,2025,2025-02-05,2025-02-06 00:00:00,24,San Antonio Spurs,San Antonio,Spurs,SA,away,126,51,101,50.0,12,37,32.0,12,16,75.0,11,30,41,36,16,3,10,20,20,0,1,1,Atlanta Hawks,125
401705285,2025,2025-02-05,2025-02-06 00:00:00,1,Atlanta Hawks,Atlanta,Hawks,ATL,home,125,48,91,53.0,16,42,38.0,13,18,72.0,8,37,45,33,5,5,20,14,2,0,0,24,San Antonio Spurs,126
401705281,2025,2025-02-04,2025-02-05 03:00:00,13,Los Angeles Lakers,Los Angeles,Lakers,LAL,away,122,45,81,56.0,18,37,49.0,14,23,61.0,10,40,50,33,7,3,14,15,31,1,2,12,LA Clippers,97
401705281,2025,2025-02-04,2025-02-05 03:00:00,12,LA Clippers,LA,Clippers,LAC,home,97,34,89,38.0,12,41,29.0,17,19,89.0,10,26,36,30,9,5,9,17,1,1,2,13,Los Angeles Lakers,122
401705282,2025,2025-02-04,2025-02-05 03:00:00,11,Indiana Pacers,Indiana,Pacers,IND,away,89,34,81,42.0,5,24,21.0,16,21,76.0,14,25,39,25,11,6,19,19,0,0,1,22,Portland Trail Blazers,112
401705282,2025,2025-02-04,2025-02-05 03:00:00,22,Portland Trail Blazers,Portland,Trail Blazers,POR,home,112,41,92,45.0,14,37,38.0,16,17,94.0,16,35,51,23,8,4,18,17,25,1,1,11,Indiana Pacers,89
401705280,2025,2025-02-04,2025-02-05 01:00:00,14,Miami Heat,Miami,Heat,MIA,away,124,43,90,48.0,17,44,39.0,21,26,81.0,11,33,44,29,4,3,13,17,13,1,0,4,Chicago Bulls,133
401705280,2025,2025-02-04,2025-02-05 01:00:00,4,Chicago Bulls,Chicago,Bulls,CHI,home,133,48,91,53.0,19,41,46.0,18,22,82.0,7,36,43,35,4,3,10,18,9,0,0,14,Miami Heat,124
401705276,2025,2025-02-04,2025-02-05 00:30:00,2,Boston Celtics,Boston,Celtics,BOS,away,112,40,98,41.0,17,48,35.0,15,18,83.0,15,38,53,26,10,6,12,21,20,0,1,5,Cleveland Cavaliers,105
401705276,2025,2025-02-04,2025-02-05 00:30:00,5,Cleveland Cavaliers,Cleveland,Cavaliers,CLE,home,105,36,91,40.0,11,39,28.0,22,26,85.0,14,37,51,18,6,1,13,23,2,0,0,2,Boston Celtics,112
401705277,2025,2025-02-04,2025-02-05 00:30:00,10,Houston Rockets,Houston,Rockets,HOU,away,97,34,83,41.0,11,32,34.0,18,27,67.0,16,29,45,23,6,6,16,18,8,2,1,17,Brooklyn Nets,99
401705277,2025,2025-02-04,2025-02-05 00:30:00,17,Brooklyn Nets,Brooklyn,Nets,BKN,home,99,38,82,46.0,10,27,37.0,13,17,76.0,10,29,39,26,10,9,13,25,8,1,1,10,Houston Rockets,97
401705279,2025,2025-02-04,2025-02-05 00:30:00,18,New York Knicks,New York,Knicks,NY,away,121,47,94,50.0,8,25,32.0,19,23,83.0,17,26,43,26,10,4,11,15,23,2,0,28,Toronto Raptors,115
401705279,2025,2025-02-04,2025-02-05 00:30:00,28,Toronto Raptors,Toronto,Raptors,TOR,home,115,43,82,52.0,11,29,38.0,18,19,95.0,10,24,34,27,7,4,14,22,6,0,0,18,New York Knicks,121
401705278,2025,2025-02-04,2025-02-05 00:00:00,6,Dallas Mavericks,Dallas,Mavericks,DAL,away,116,40,85,47.0,11,33,33.0,25,31,81.0,15,29,44,24,8,4,12,19,8,0,0,20,Philadelphia 76ers,118
401705278,2025,2025-02-04,2025-02-05 00:00:00,20,Philadelphia 76ers,Philadelphia,76ers,PHI,home,118,47,86,55.0,11,33,33.0,13,19,68.0,9,25,34,37,5,4,12,21,8,1,0,6,Dallas Mavericks,116
401705274,2025,2025-02-03,2025-02-04 03:00:00,19,Orlando Magic,Orlando,Magic,ORL,away,99,43,99,43.0,8,32,25.0,5,10,50.0,18,34,52,23,8,2,11,26,11,1,0,9,Golden State Warriors,104
401705274,2025,2025-02-03,2025-02-04 03:00:00,9,Golden State Warriors,Golden State,Warriors,GS,home,104,34,78,44.0,12,39,31.0,24,34,71.0,9,35,44,25,9,0,13,16,15,0,0,19,Orlando Magic,99
401705275,2025,2025-02-03,2025-02-04 03:00:00,21,Phoenix Suns,Phoenix,Suns,PHX,away,119,40,85,47.0,15,42,36.0,24,28,86.0,10,33,43,28,12,5,14,21,9,1,0,22,Portland Trail Blazers,121
401705275,2025,2025-02-03,2025-02-04 03:00:00,22,Portland Trail Blazers,Portland,Trail Blazers,POR,home,121,40,89,45.0,16,40,40.0,25,30,83.0,14,34,48,30,6,2,12,21,14,1,0,21,Phoenix Suns,119
401705272,2025,2025-02-03,2025-02-04 02:00:00,3,New Orleans Pelicans,New Orleans,Pelicans,NO,away,113,38,88,43.0,18,38,47.0,19,22,86.0,14,27,41,27,5,4,10,21,5,0,0,7,Denver Nuggets,125
401705272,2025,2025-02-03,2025-02-04 02:00:00,7,Denver Nuggets,Denver,Nuggets,DEN,home,125,46,92,50.0,12,33,36.0,21,26,81.0,14,32,46,28,7,6,5,16,20,1,0,3,New Orleans Pelicans,113
401705273,2025,2025-02-03,2025-02-04 02:00:00,11,Indiana Pacers,Indiana,Pacers,IND,away,112,43,91,47.0,10,42,24.0,16,20,80.0,6,31,37,32,13,10,9,20,5,0,1,26,Utah Jazz,111
401705273,2025,2025-02-03,2025-02-04 02:00:00,26,Utah Jazz,Utah,Jazz,UTAH,home,111,39,91,43.0,13,37,35.0,20,30,67.0,17,43,60,31,5,4,18,17,15,1,0,11,Indiana Pacers,112
401705269,2025,2025-02-03,2025-02-04 01:50:00,24,San Antonio Spurs,San Antonio,Spurs,SA,away,109,41,91,45.0,12,36,33.0,15,20,75.0,9,39,48,31,8,2,23,18,7,0,0,29,Memphis Grizzlies,128
401705269,2025,2025-02-03,2025-02-04 01:50:00,29,Memphis Grizzlies,Memphis,Grizzlies,MEM,home,128,48,99,48.0,14,36,39.0,18,20,90.0,10,37,47,33,17,5,15,18,21,0,0,24,San Antonio Spurs,109
401705270,2025,2025-02-03,2025-02-04 01:00:00,23,Sacramento Kings,Sacramento,Kings,SAC,away,116,45,92,49.0,10,24,42.0,16,20,80.0,11,36,47,23,7,6,10,16,12,2,0,16,Minnesota Timberwolves,114
401705270,2025,2025-02-03,2025-02-04 01:00:00,16,Minnesota Timberwolves,Minnesota,Timberwolves,MIN,home,114,43,94,46.0,12,40,30.0,16,16,100.0,11,25,36,28,5,8,8,16,2,0,1,23,Sacramento Kings,116
401705271,2025,2025-02-03,2025-02-04 01:00:00,15,Milwaukee Bucks,Milwaukee,Bucks,MIL,away,96,35,93,38.0,13,39,33.0,13,21,62.0,9,28,37,24,12,3,14,12,0,1,0,25,Oklahoma City Thunder,125
401705271,2025,2025-02-03,2025-02-04 01:00:00,25,Oklahoma City Thunder,Oklahoma City,Thunder,OKC,home,125,51,99,52.0,16,41,39.0,7,8,88.0,14,41,55,28,9,5,17,18,44,0,0,15,Milwaukee Bucks,96
401705268,2025,2025-02-03,2025-02-04 00:30:00,10,Houston Rockets,Houston,Rockets,HOU,away,118,48,104,46.0,8,28,29.0,14,15,93.0,20,30,50,27,8,6,15,26,12,2,0,18,New York Knicks,124
401705268,2025,2025-02-03,2025-02-04 00:30:00,18,New York Knicks,New York,Knicks,NY,home,124,47,93,51.0,6,26,23.0,24,30,80.0,12,28,40,24,9,5,11,15,6,3,0,10,Houston Rockets,118
401705266,2025,2025-02-03,2025-02-04 00:00:00,27,Washington Wizards,Washington,Wizards,WSH,away,124,44,99,44.0,17,51,33.0,19,23,83.0,18,36,54,29,6,5,10,21,26,1,0,30,Charlotte Hornets,114
401705266,2025,2025-02-03,2025-02-04 00:00:00,30,Charlotte Hornets,Charlotte,Hornets,CHA,home,114,39,89,44.0,11,29,38.0,25,28,89.0,9,37,46,26,4,1,10,17,5,1,0,27,Washington Wizards,124
401705267,2025,2025-02-03,2025-02-04 00:00:00,1,Atlanta Hawks,Atlanta,Hawks,ATL,away,132,42,81,52.0,16,37,43.0,32,39,82.0,5,32,37,27,8,7,12,27,14,2,2,8,Detroit Pistons,130
401705267,2025,2025-02-03,2025-02-04 00:00:00,8,Detroit Pistons,Detroit,Pistons,DET,home,130,43,83,52.0,9,27,33.0,35,38,92.0,10,31,41,31,7,2,14,25,6,0,0,1,Atlanta Hawks,132
401705265,2025,2025-02-02,2025-02-03 01:30:00,29,Memphis Grizzlies,Memphis,Grizzlies,MEM,away,132,52,107,49.0,14,39,36.0,14,22,64.0,22,39,61,37,9,5,11,15,13,1,0,15,Milwaukee Bucks,119
401705265,2025,2025-02-02,2025-02-03 01:30:00,15,Milwaukee Bucks,Milwaukee,Bucks,MIL,home,119,44,91,48.0,20,45,44.0,11,19,58.0,8,28,36,32,7,5,13,21,10,0,0,29,Memphis Grizzlies,132
401705264,2025,2025-02-02,2025-02-02 23:00:00,2,Boston Celtics,Boston,Celtics,BOS,away,118,42,84,50.0,21,49,43.0,13,16,81.0,5,33,38,34,3,8,9,21,8,0,0,20,Philadelphia 76ers,110
401705264,2025,2025-02-02,2025-02-02 23:00:00,20,Philadelphia 76ers,Philadelphia,76ers,PHI,home,110,37,82,45.0,15,32,47.0,21,28,75.0,8,38,46,20,7,2,10,19,26,0,1,2,Boston Celtics,118
401705262,2025,2025-02-02,2025-02-02 20:30:00,6,Dallas Mavericks,Dallas,Mavericks,DAL,away,101,40,103,39.0,9,43,21.0,12,15,80.0,10,35,45,22,6,3,9,11,0,0,0,5,Cleveland Cavaliers,144
401705262,2025,2025-02-02,2025-02-02 20:30:00,5,Cleveland Cavaliers,Cleveland,Cavaliers,CLE,home,144,53,93,57.0,26,45,58.0,12,16,75.0,3,48,51,39,7,8,8,17,53,1,0,6,Dallas Mavericks,101
401705263,2025,2025-02-02,2025-02-02 20:30:00,12,LA Clippers,LA,Clippers,LAC,away,108,41,88,47.0,9,28,32.0,17,21,81.0,13,28,41,21,6,7,10,15,3,0,1,28,Toronto Raptors,115
401705263,2025,2025-02-02,2025-02-02 20:30:00,28,Toronto Raptors,Toronto,Raptors,TOR,home,115,44,85,52.0,13,25,52.0,14,16,88.0,10,33,43,31,6,6,12,17,18,2,0,12,LA Clippers,108
401705261,2025,2025-02-02,2025-02-02 20:00:00,4,Chicago Bulls,Chicago,Bulls,CHI,away,119,41,89,46.0,19,52,37.0,18,20,90.0,11,33,44,28,7,4,19,11,6,1,1,8,Detroit Pistons,127
401705261,2025,2025-02-02,2025-02-02 20:00:00,8,Detroit Pistons,Detroit,Pistons,DET,home,127,54,99,55.0,10,30,33.0,9,13,69.0,8,34,42,38,14,5,11,18,17,0,0,4,Chicago Bulls,119
401705260,2025,2025-02-01,2025-02-02 03:00:00,21,Phoenix Suns,Phoenix,Suns,PHX,away,108,38,84,45.0,10,33,30.0,22,26,85.0,11,26,37,21,5,2,18,21,4,1,0,22,Portland Trail Blazers,127
401705260,2025,2025-02-01,2025-02-02 03:00:00,22,Portland Trail Blazers,Portland,Trail Blazers,POR,home,127,46,89,52.0,9,31,29.0,26,31,84.0,10,33,43,24,11,5,9,20,27,1,0,21,Phoenix Suns,108
401705258,2025,2025-02-01,2025-02-02 01:30:00,13,Los Angeles Lakers,Los Angeles,Lakers,LAL,away,128,47,81,58.0,19,40,47.0,15,18,83.0,3,34,37,26,9,4,15,22,18,0,1,18,New York Knicks,112
401705258,2025,2025-02-01,2025-02-02 01:30:00,18,New York Knicks,New York,Knicks,NY,home,112,44,95,46.0,10,28,36.0,14,19,74.0,16,28,44,33,7,3,14,16,3,0,0,13,Los Angeles Lakers,128
401705259,2025,2025-02-01,2025-02-02 01:30:00,14,Miami Heat,Miami,Heat,MIA,away,105,41,89,46.0,13,42,31.0,10,17,59.0,12,40,52,30,7,5,13,15,11,1,0,24,San Antonio Spurs,103
401705259,2025,2025-02-01,2025-02-02 01:30:00,24,San Antonio Spurs,San Antonio,Spurs,SA,home,103,38,91,42.0,12,36,33.0,15,21,71.0,13,35,48,27,8,3,10,18,4,1,1,14,Miami Heat,105
401705255,2025,2025-02-01,2025-02-02 01:00:00,17,Brooklyn Nets,Brooklyn,Nets,BKN,away,110,43,87,49.0,10,27,37.0,14,21,67.0,13,33,46,24,5,8,10,16,22,1,0,10,Houston Rockets,98
401705255,2025,2025-02-01,2025-02-02 01:00:00,10,Houston Rockets,Houston,Rockets,HOU,home,98,38,95,40.0,12,39,31.0,10,15,67.0,14,30,44,18,6,6,10,20,4,1,1,17,Brooklyn Nets,110
401705256,2025,2025-02-01,2025-02-02 01:00:00,27,Washington Wizards,Washington,Wizards,WSH,away,105,38,83,46.0,15,33,45.0,14,17,82.0,7,37,44,26,7,6,16,21,11,1,0,16,Minnesota Timberwolves,103
401705256,2025,2025-02-01,2025-02-02 01:00:00,16,Minnesota Timberwolves,Minnesota,Timberwolves,MIN,home,103,38,93,41.0,12,40,30.0,15,18,83.0,11,36,47,29,10,3,14,16,3,2,0,27,Washington Wizards,105
401705257,2025,2025-02-01,2025-02-02 01:00:00,23,Sacramento Kings,Sacramento,Kings,SAC,away,110,40,100,40.0,11,44,25.0,19,26,73.0,9,28,37,25,8,5,7,10,5,1,1,25,Oklahoma City Thunder,144
401705257,2025,2025-02-01,2025-02-02 01:00:00,25,Oklahoma City Thunder,Oklahoma City,Thunder,OKC,home,144,57,107,53.0,19,46,41.0,11,16,69.0,20,50,70,37,5,6,11,18,37,1,0,23,Sacramento Kings,110
401705254,2025,2025-02-01,2025-02-02 00:00:00,7,Denver Nuggets,Denver,Nuggets,DEN,away,107,41,88,47.0,7,37,19.0,18,20,90.0,8,35,43,29,9,9,11,16,17,0,0,30,Charlotte Hornets,104
401705254,2025,2025-02-01,2025-02-02 00:00:00,30,Charlotte Hornets,Charlotte,Hornets,CHA,home,104,41,95,43.0,9,26,35.0,13,17,76.0,13,38,51,31,5,6,12,13,4,0,0,7,Denver Nuggets,107
401705252,2025,2025-02-01,2025-02-01 22:00:00,1,Atlanta Hawks,Atlanta,Hawks,ATL,away,127,45,90,50.0,14,37,38.0,23,32,72.0,11,33,44,31,6,4,12,23,6,1,0,11,Indiana Pacers,132
401705252,2025,2025-02-01,2025-02-01 22:00:00,11,Indiana Pacers,Indiana,Pacers,IND,home,132,49,90,54.0,12,33,36.0,22,25,88.0,7,34,41,35,6,5,11,26,18,1,0,1,Atlanta Hawks,127
401705253,2025,2025-02-01,2025-02-01 22:00:00,19,Orlando Magic,Orlando,Magic,ORL,away,99,30,91,33.0,9,41,22.0,30,35,86.0,11,32,43,19,9,7,8,23,3,0,0,26,Utah Jazz,113
401705253,2025,2025-02-01,2025-02-01 22:00:00,26,Utah Jazz,Utah,Jazz,UTAH,home,113,39,84,46.0,14,35,40.0,21,24,88.0,8,43,51,26,5,7,16,27,21,0,0,19,Orlando Magic,99
401705251,2025,2025-01-31,2025-02-01 03:00:00,21,Phoenix Suns,Phoenix,Suns,PHX,away,130,50,89,56.0,19,39,49.0,11,16,69.0,4,44,48,41,7,7,14,20,29,1,1,9,Golden State Warriors,105
401705251,2025,2025-01-31,2025-02-01 03:00:00,9,Golden State Warriors,Golden State,Warriors,GS,home,105,36,96,38.0,16,44,36.0,17,25,68.0,14,35,49,26,11,6,12,19,3,0,1,21,Phoenix Suns,130
401705249,2025,2025-01-31,2025-02-01 01:00:00,2,Boston Celtics,Boston,Celtics,BOS,away,118,42,84,50.0,16,41,39.0,18,26,69.0,5,30,35,32,12,7,13,16,9,0,1,3,New Orleans Pelicans,116
401705249,2025,2025-01-31,2025-02-01 01:00:00,3,New Orleans Pelicans,New Orleans,Pelicans,NO,home,116,44,90,49.0,15,37,41.0,13,19,68.0,10,38,48,16,7,2,18,21,6,2,0,2,Boston Celtics,118
401705250,2025,2025-01-31,2025-02-01 01:00:00,15,Milwaukee Bucks,Milwaukee,Bucks,MIL,away,118,43,100,43.0,12,37,32.0,20,26,77.0,17,30,47,24,3,8,10,19,5,0,0,24,San Antonio Spurs,144
401705250,2025,2025-01-31,2025-02-01 01:00:00,24,San Antonio Spurs,San Antonio,Spurs,SA,home,144,50,102,49.0,24,50,48.0,20,25,80.0,13,40,53,37,7,11,4,20,28,2,0,15,Milwaukee Bucks,118
401705247,2025,2025-01-31,2025-02-01 00:30:00,7,Denver Nuggets,Denver,Nuggets,DEN,away,137,54,82,66.0,12,23,52.0,17,18,94.0,9,26,35,39,7,2,19,17,9,0,0,20,Philadelphia 76ers,134
401705247,2025,2025-01-31,2025-02-01 00:30:00,20,Philadelphia 76ers,Philadelphia,76ers,PHI,home,134,50,90,56.0,21,40,52.0,13,16,81.0,11,16,27,29,12,3,11,16,3,3,0,7,Denver Nuggets,137
401705248,2025,2025-01-31,2025-02-01 00:30:00,4,Chicago Bulls,Chicago,Bulls,CHI,away,122,45,89,51.0,18,40,45.0,14,17,82.0,9,43,52,34,4,9,10,18,20,1,0,28,Toronto Raptors,106
401705248,2025,2025-01-31,2025-02-01 00:30:00,28,Toronto Raptors,Toronto,Raptors,TOR,home,106,39,92,42.0,10,30,33.0,18,27,67.0,7,37,44,27,6,8,7,13,5,0,0,4,Chicago Bulls,122
401705245,2025,2025-01-31,2025-02-01 00:00:00,12,LA Clippers,LA,Clippers,LAC,away,112,44,81,54.0,11,28,39.0,13,20,65.0,9,36,45,26,7,4,16,18,11,2,0,30,Charlotte Hornets,104
401705245,2025,2025-01-31,2025-02-01 00:00:00,30,Charlotte Hornets,Charlotte,Hornets,CHA,home,104,42,96,44.0,7,30,23.0,13,15,87.0,13,29,42,18,11,3,9,16,2,0,1,12,LA Clippers,112
401705246,2025,2025-01-31,2025-02-01 00:00:00,6,Dallas Mavericks,Dallas,Mavericks,DAL,away,102,37,87,43.0,11,33,33.0,17,21,81.0,16,30,46,20,4,13,16,14,11,2,0,8,Detroit Pistons,117
401705246,2025,2025-01-31,2025-02-01 00:00:00,8,Detroit Pistons,Detroit,Pistons,DET,home,117,47,106,44.0,9,35,26.0,14,16,88.0,18,29,47,18,13,6,6,15,19,1,1,6,Dallas Mavericks,102
401705244,2025,2025-01-30,2025-01-31 03:00:00,19,Orlando Magic,Orlando,Magic,ORL,away,90,34,81,42.0,5,26,19.0,17,20,85.0,13,20,33,14,8,6,13,23,10,3,0,22,Portland Trail Blazers,119
401705244,2025,2025-01-30,2025-01-31 03:00:00,22,Portland Trail Blazers,Portland,Trail Blazers,POR,home,119,41,78,53.0,12,25,48.0,25,31,81.0,9,29,38,23,7,5,12,18,30,2,0,19,Orlando Magic,90
401705242,2025,2025-01-30,2025-01-31 02:30:00,10,Houston Rockets,Houston,Rockets,HOU,away,119,42,97,43.0,13,32,41.0,22,28,79.0,19,26,45,22,6,5,12,20,11,0,0,29,Memphis Grizzlies,120
401705242,2025,2025-01-30,2025-01-31 02:30:00,29,Memphis Grizzlies,Memphis,Grizzlies,MEM,home,120,48,93,52.0,9,28,32.0,15,20,75.0,9,28,37,23,7,6,11,25,4,0,0,10,Houston Rockets,119
401705243,2025,2025-01-30,2025-01-31 02:00:00,16,Minnesota Timberwolves,Minnesota,Timberwolves,MIN,away,138,49,82,60.0,21,38,55.0,19,24,79.0,9,30,39,38,5,9,12,18,29,1,1,26,Utah Jazz,113
401705243,2025,2025-01-30,2025-01-31 02:00:00,26,Utah Jazz,Utah,Jazz,UTAH,home,113,39,77,51.0,14,34,41.0,21,25,84.0,3,20,23,21,6,4,15,20,15,0,0,16,Minnesota Timberwolves,138
401705240,2025,2025-01-30,2025-01-31 00:00:00,13,Los Angeles Lakers,Los Angeles,Lakers,LAL,away,134,49,90,54.0,15,32,47.0,21,22,95.0,9,39,48,31,9,6,11,24,42,0,3,27,Washington Wizards,96
401705240,2025,2025-01-30,2025-01-31 00:00:00,27,Washington Wizards,Washington,Wizards,WSH,home,96,29,91,32.0,10,44,23.0,28,34,82.0,12,26,38,18,4,6,13,18,2,2,0,13,Los Angeles Lakers,134
401705241,2025,2025-01-30,2025-01-31 00:00:00,1,Atlanta Hawks,Atlanta,Hawks,ATL,away,115,41,90,46.0,13,39,33.0,20,27,74.0,10,26,36,28,10,1,11,18,5,0,0,5,Cleveland Cavaliers,137
401705241,2025,2025-01-30,2025-01-31 00:00:00,5,Cleveland Cavaliers,Cleveland,Cavaliers,CLE,home,137,53,91,58.0,13,39,33.0,18,20,90.0,10,39,49,34,9,3,11,19,29,1,0,1,Atlanta Hawks,115
401705239,2025,2025-01-29,2025-01-30 03:00:00,25,Oklahoma City Thunder,Oklahoma City,Thunder,OKC,away,109,40,99,40.0,9,39,23.0,20,25,80.0,17,33,50,21,8,3,11,21,14,3,0,9,Golden State Warriors,116
401705239,2025,2025-01-29,2025-01-30 03:00:00,9,Golden State Warriors,Golden State,Warriors,GS,home,116,40,81,49.0,13,38,34.0,23,28,82.0,7,35,42,30,6,7,15,24,9,0,2,25,Oklahoma City Thunder,109
401705238,2025,2025-01-29,2025-01-30 02:00:00,16,Minnesota Timberwolves,Minnesota,Timberwolves,MIN,away,121,42,75,56.0,13,29,45.0,24,27,89.0,4,30,34,26,8,6,14,19,16,2,3,21,Phoenix Suns,113
401705238,2025,2025-01-29,2025-01-30 02:00:00,21,Phoenix Suns,Phoenix,Suns,PHX,home,113,43,85,51.0,12,32,38.0,15,20,75.0,10,26,36,30,7,6,15,25,12,1,1,16,Minnesota Timberwolves,121
401705236,2025,2025-01-29,2025-01-30 01:00:00,6,Dallas Mavericks,Dallas,Mavericks,DAL,away,137,52,96,54.0,20,43,47.0,13,17,76.0,16,35,51,30,6,6,18,17,10,1,0,3,New Orleans Pelicans,136
401705236,2025,2025-01-29,2025-01-30 01:00:00,3,New Orleans Pelicans,New Orleans,Pelicans,NO,home,136,51,96,53.0,15,31,48.0,19,22,86.0,10,26,36,31,13,6,8,15,8,0,0,6,Dallas Mavericks,137
401705237,2025,2025-01-29,2025-01-30 01:00:00,12,LA Clippers,LA,Clippers,LAC,away,128,48,91,53.0,12,24,50.0,20,23,87.0,17,40,57,26,7,3,15,17,16,2,0,24,San Antonio Spurs,116
401705237,2025,2025-01-29,2025-01-30 01:00:00,24,San Antonio Spurs,San Antonio,Spurs,SA,home,116,42,87,48.0,14,42,33.0,18,25,72.0,7,23,30,27,11,5,9,22,5,1,0,12,LA Clippers,128
401705232,2025,2025-01-29,2025-01-30 00:30:00,4,Chicago Bulls,Chicago,Bulls,CHI,away,100,37,92,40.0,15,49,31.0,11,12,92.0,10,37,47,28,3,7,14,19,1,1,0,2,Boston Celtics,122
401705232,2025,2025-01-29,2025-01-30 00:30:00,2,Boston Celtics,Boston,Celtics,BOS,home,122,41,87,47.0,18,44,41.0,22,27,81.0,6,39,45,32,9,3,8,13,24,1,0,4,Chicago Bulls,100
401705233,2025,2025-01-29,2025-01-30 00:30:00,5,Cleveland Cavaliers,Cleveland,Cavaliers,CLE,away,126,54,100,54.0,13,42,31.0,5,6,83.0,13,34,47,29,10,2,7,17,22,0,2,14,Miami Heat,106
401705233,2025,2025-01-29,2025-01-30 00:30:00,14,Miami Heat,Miami,Heat,MIA,home,106,39,83,47.0,15,43,35.0,13,15,87.0,6,29,35,27,4,4,12,5,0,2,1,5,Cleveland Cavaliers,126
401705234,2025,2025-01-29,2025-01-30 00:30:00,7,Denver Nuggets,Denver,Nuggets,DEN,away,112,41,84,49.0,10,28,36.0,20,23,87.0,11,36,47,21,3,5,14,19,8,0,0,18,New York Knicks,122
401705234,2025,2025-01-29,2025-01-30 00:30:00,18,New York Knicks,New York,Knicks,NY,home,122,48,93,52.0,14,34,41.0,12,18,67.0,6,29,35,33,7,2,5,16,12,1,1,7,Denver Nuggets,112
401705235,2025,2025-01-29,2025-01-30 00:30:00,23,Sacramento Kings,Sacramento,Kings,SAC,away,104,40,90,44.0,10,41,24.0,14,17,82.0,14,32,46,34,5,1,12,16,12,0,1,20,Philadelphia 76ers,117
401705235,2025,2025-01-29,2025-01-30 00:30:00,20,Philadelphia 76ers,Philadelphia,76ers,PHI,home,117,43,82,52.0,12,29,41.0,19,22,86.0,5,30,35,30,8,1,9,20,13,1,0,23,Sacramento Kings,104
401705229,2025,2025-01-29,2025-01-30 00:00:00,17,Brooklyn Nets,Brooklyn,Nets,BKN,away,104,39,80,49.0,10,32,31.0,16,20,80.0,7,33,40,27,11,8,8,18,24,3,0,30,Charlotte Hornets,83
401705229,2025,2025-01-29,2025-01-30 00:00:00,30,Charlotte Hornets,Charlotte,Hornets,CHA,home,83,28,83,34.0,10,35,29.0,17,25,68.0,18,34,52,18,6,7,17,19,0,0,0,17,Brooklyn Nets,104
401705230,2025,2025-01-29,2025-01-30 00:00:00,8,Detroit Pistons,Detroit,Pistons,DET,away,119,44,89,49.0,12,34,35.0,19,26,73.0,9,32,41,26,7,3,12,21,0,3,4,11,Indiana Pacers,133
401705230,2025,2025-01-29,2025-01-30 00:00:00,11,Indiana Pacers,Indiana,Pacers,IND,home,133,46,81,57.0,19,38,50.0,22,31,71.0,5,31,36,28,7,5,13,18,20,0,2,8,Detroit Pistons,119
401705231,2025,2025-01-29,2025-01-30 00:00:00,28,Toronto Raptors,Toronto,Raptors,TOR,away,106,42,88,48.0,11,31,35.0,11,15,73.0,7,29,36,31,12,3,14,27,29,0,2,27,Washington Wizards,82
401705231,2025,2025-01-29,2025-01-30 00:00:00,27,Washington Wizards,Washington,Wizards,WSH,home,82,28,72,39.0,5,30,17.0,21,29,72.0,10,33,43,17,6,5,25,21,0,2,2,28,Toronto Raptors,106
401705227,2025,2025-01-28,2025-01-29 03:00:00,26,Utah Jazz,Utah,Jazz,UTAH,away,103,39,76,51.0,8,26,31.0,17,24,71.0,5,34,39,30,4,6,15,24,10,0,0,9,Golden State Warriors,114
401705227,2025,2025-01-28,2025-01-29 03:00:00,9,Golden State Warriors,Golden State,Warriors,GS,home,114,36,92,39.0,17,49,35.0,25,31,81.0,16,31,47,29,8,4,9,24,15,0,1,26,Utah Jazz,103
401705228,2025,2025-01-28,2025-01-29 03:00:00,15,Milwaukee Bucks,Milwaukee,Bucks,MIL,away,112,44,87,51.0,11,35,31.0,13,18,72.0,9,27,36,26,8,2,11,22,12,0,1,22,Portland Trail Blazers,125
401705228,2025,2025-01-28,2025-01-29 03:00:00,22,Portland Trail Blazers,Portland,Trail Blazers,POR,home,125,45,88,51.0,12,28,43.0,23,28,82.0,17,35,52,26,6,2,13,18,19,2,1,15,Milwaukee Bucks,112
401705226,2025,2025-01-28,2025-01-29 00:30:00,13,Los Angeles Lakers,Los Angeles,Lakers,LAL,away,104,37,72,51.0,10,33,30.0,20,23,87.0,4,35,39,25,5,3,22,19,9,0,0,20,Philadelphia 76ers,118
401705226,2025,2025-01-28,2025-01-29 00:30:00,20,Philadelphia 76ers,Philadelphia,76ers,PHI,home,118,43,91,47.0,11,34,32.0,21,25,84.0,12,31,43,20,14,4,9,20,25,0,0,13,Los Angeles Lakers,104
401748705,2025,2025-01-28,2025-01-29 00:30:00,10,Houston Rockets,Houston,Rockets,HOU,away,100,37,79,47.0,7,30,23.0,19,20,95.0,6,38,44,19,12,4,21,20,16,0,1,1,Atlanta Hawks,96
401748705,2025,2025-01-28,2025-01-29 00:30:00,1,Atlanta Hawks,Atlanta,Hawks,ATL,home,96,36,89,40.0,11,47,23.0,13,16,81.0,9,31,40,19,11,5,16,18,9,2,1,10,Houston Rockets,100
401705225,2025,2025-01-27,2025-01-28 02:30:00,12,LA Clippers,LA,Clippers,LAC,away,109,41,83,49.0,10,32,31.0,17,20,85.0,10,32,42,22,12,5,15,15,6,0,0,21,Phoenix Suns,111
401705225,2025,2025-01-27,2025-01-28 02:30:00,21,Phoenix Suns,Phoenix,Suns,PHX,home,111,40,85,47.0,22,47,47.0,9,11,82.0,11,28,39,23,10,5,17,17,13,0,1,12,LA Clippers,109
401705224,2025,2025-01-27,2025-01-28 02:00:00,15,Milwaukee Bucks,Milwaukee,Bucks,MIL,away,125,52,86,60.0,12,34,35.0,9,17,53.0,5,41,46,33,6,5,12,18,24,0,0,26,Utah Jazz,110
401705224,2025,2025-01-27,2025-01-28 02:00:00,26,Utah Jazz,Utah,Jazz,UTAH,home,110,41,100,41.0,18,54,33.0,10,13,77.0,15,31,46,28,8,1,10,19,5,1,0,15,Milwaukee Bucks,125
401705223,2025,2025-01-27,2025-01-28 01:30:00,27,Washington Wizards,Washington,Wizards,WSH,away,108,42,101,42.0,11,37,30.0,13,17,76.0,14,31,45,23,5,3,11,15,0,0,0,6,Dallas Mavericks,130
401705223,2025,2025-01-27,2025-01-28 01:30:00,6,Dallas Mavericks,Dallas,Mavericks,DAL,home,130,49,92,53.0,20,45,44.0,12,17,71.0,13,38,51,39,5,7,11,20,38,1,0,27,Washington Wizards,108
401705221,2025,2025-01-27,2025-01-28 01:00:00,7,Denver Nuggets,Denver,Nuggets,DEN,away,121,52,100,52.0,6,27,22.0,11,11,100.0,12,30,42,36,13,5,14,11,12,1,0,4,Chicago Bulls,129
401705221,2025,2025-01-27,2025-01-28 01:00:00,4,Chicago Bulls,Chicago,Bulls,CHI,home,129,49,98,50.0,24,53,45.0,7,8,88.0,13,34,47,35,11,5,17,14,12,0,2,7,Denver Nuggets,121
401705222,2025,2025-01-27,2025-01-28 01:00:00,1,Atlanta Hawks,Atlanta,Hawks,ATL,away,92,34,86,40.0,12,43,28.0,12,18,67.0,14,37,51,24,10,3,21,20,0,1,1,16,Minnesota Timberwolves,100
401705222,2025,2025-01-27,2025-01-28 01:00:00,16,Minnesota Timberwolves,Minnesota,Timberwolves,MIN,home,100,34,86,40.0,12,40,30.0,20,29,69.0,14,37,51,18,13,4,16,18,17,2,1,1,Atlanta Hawks,92
401705216,2025,2025-01-27,2025-01-28 00:30:00,10,Houston Rockets,Houston,Rockets,HOU,away,114,41,92,45.0,17,41,41.0,15,21,71.0,12,27,39,29,7,1,7,22,11,1,0,2,Boston Celtics,112
401705216,2025,2025-01-27,2025-01-28 00:30:00,2,Boston Celtics,Boston,Celtics,BOS,home,112,39,80,49.0,15,39,38.0,19,20,95.0,7,34,41,21,4,4,14,20,12,1,2,10,Houston Rockets,114
401705217,2025,2025-01-27,2025-01-28 00:30:00,23,Sacramento Kings,Sacramento,Kings,SAC,away,110,45,82,55.0,9,28,32.0,11,17,65.0,11,33,44,31,7,4,17,24,17,1,2,17,Brooklyn Nets,96
401705217,2025,2025-01-27,2025-01-28 00:30:00,17,Brooklyn Nets,Brooklyn,Nets,BKN,home,96,30,82,37.0,10,36,28.0,26,30,87.0,16,23,39,19,9,3,14,20,10,2,1,23,Sacramento Kings,110
401705218,2025,2025-01-27,2025-01-28 00:30:00,19,Orlando Magic,Orlando,Magic,ORL,away,119,45,98,46.0,14,39,36.0,15,25,60.0,12,35,47,32,9,4,14,19,14,1,0,14,Miami Heat,125
401705218,2025,2025-01-27,2025-01-28 00:30:00,14,Miami Heat,Miami,Heat,MIA,home,125,48,92,52.0,15,41,37.0,14,21,67.0,5,38,43,34,9,2,16,21,10,2,0,19,Orlando Magic,119
401705219,2025,2025-01-27,2025-01-28 00:30:00,29,Memphis Grizzlies,Memphis,Grizzlies,MEM,away,106,41,91,45.0,9,24,38.0,15,17,88.0,18,29,47,21,5,9,26,16,2,0,0,18,New York Knicks,143
401705219,2025,2025-01-27,2025-01-28 00:30:00,18,New York Knicks,New York,Knicks,NY,home,143,56,108,52.0,17,44,39.0,14,18,78.0,17,29,46,32,20,7,10,16,39,1,0,29,Memphis Grizzlies,106
401705220,2025,2025-01-27,2025-01-28 00:30:00,3,New Orleans Pelicans,New Orleans,Pelicans,NO,away,104,39,89,44.0,6,28,21.0,20,30,67.0,6,40,46,21,9,11,12,16,1,1,2,28,Toronto Raptors,113
401705220,2025,2025-01-27,2025-01-28 00:30:00,28,Toronto Raptors,Toronto,Raptors,TOR,home,113,43,100,43.0,9,33,27.0,18,23,78.0,13,41,54,31,8,5,13,24,17,0,0,3,New Orleans Pelicans,104
401705214,2025,2025-01-27,2025-01-28 00:00:00,13,Los Angeles Lakers,Los Angeles,Lakers,LAL,away,112,44,86,51.0,6,28,21.0,18,24,75.0,12,36,48,22,9,5,16,18,23,3,0,30,Charlotte Hornets,107
401705214,2025,2025-01-27,2025-01-28 00:00:00,30,Charlotte Hornets,Charlotte,Hornets,CHA,home,107,39,87,45.0,14,36,39.0,15,18,83.0,10,24,34,26,11,3,14,19,0,0,1,13,Los Angeles Lakers,112
401705215,2025,2025-01-27,2025-01-28 00:00:00,8,Detroit Pistons,Detroit,Pistons,DET,away,91,37,96,39.0,10,36,28.0,7,11,64.0,12,33,45,24,6,4,10,17,0,0,1,5,Cleveland Cavaliers,110
401705215,2025,2025-01-27,2025-01-28 00:00:00,5,Cleveland Cavaliers,Cleveland,Cavaliers,CLE,home,110,40,91,44.0,12,44,27.0,18,23,78.0,12,41,53,28,5,4,9,13,22,1,0,8,Detroit Pistons,91
401705213,2025,2025-01-26,2025-01-26 23:00:00,25,Oklahoma City Thunder,Oklahoma City,Thunder,OKC,away,118,42,89,47.0,10,30,33.0,24,29,83.0,14,29,43,24,7,3,7,19,19,2,0,22,Portland Trail Blazers,108
401705213,2025,2025-01-26,2025-01-26 23:00:00,22,Portland Trail Blazers,Portland,Trail Blazers,POR,home,108,33,81,41.0,18,40,45.0,24,28,86.0,13,31,44,21,2,6,15,27,10,0,0,25,Oklahoma City Thunder,118
401705212,2025,2025-01-25,2025-01-26 03:30:00,15,Milwaukee Bucks,Milwaukee,Bucks,MIL,away,117,37,79,47.0,13,35,37.0,30,34,88.0,5,37,42,24,2,5,13,21,11,0,0,12,LA Clippers,127
401705212,2025,2025-01-25,2025-01-26 03:30:00,12,LA Clippers,LA,Clippers,LAC,home,127,44,97,45.0,11,34,32.0,28,28,100.0,12,35,47,19,8,3,6,23,13,1,0,15,Milwaukee Bucks,117
401705211,2025,2025-01-25,2025-01-26 02:00:00,27,Washington Wizards,Washington,Wizards,WSH,away,109,42,90,47.0,18,41,44.0,7,9,78.0,5,32,37,28,8,5,8,17,2,0,1,21,Phoenix Suns,119
401705211,2025,2025-01-25,2025-01-26 02:00:00,21,Phoenix Suns,Phoenix,Suns,PHX,home,119,40,90,44.0,13,40,32.0,26,28,93.0,12,41,53,23,4,4,10,11,19,1,0,27,Washington Wizards,109
401705210,2025,2025-01-25,2025-01-26 01:30:00,13,Los Angeles Lakers,Los Angeles,Lakers,LAL,away,118,47,86,55.0,10,29,34.0,14,17,82.0,10,32,42,29,8,2,12,13,15,1,0,9,Golden State Warriors,108
401705210,2025,2025-01-25,2025-01-26 01:30:00,9,Golden State Warriors,Golden State,Warriors,GS,home,108,41,89,46.0,16,46,35.0,10,16,63.0,11,27,38,30,10,0,11,15,6,3,0,13,Los Angeles Lakers,118
401705208,2025,2025-01-25,2025-01-26 01:00:00,20,Philadelphia 76ers,Philadelphia,76ers,PHI,away,109,42,92,46.0,13,45,29.0,12,17,71.0,6,34,40,23,10,4,8,15,13,2,0,4,Chicago Bulls,97
401705208,2025,2025-01-25,2025-01-26 01:00:00,4,Chicago Bulls,Chicago,Bulls,CHI,home,97,36,85,42.0,12,38,32.0,13,20,65.0,13,41,54,24,6,3,19,16,7,1,0,20,Philadelphia 76ers,109
401705209,2025,2025-01-25,2025-01-26 01:00:00,26,Utah Jazz,Utah,Jazz,UTAH,away,103,39,92,42.0,12,47,26.0,13,16,81.0,14,26,40,27,8,5,17,22,3,0,2,29,Memphis Grizzlies,125
401705209,2025,2025-01-25,2025-01-26 01:00:00,29,Memphis Grizzlies,Memphis,Grizzlies,MEM,home,125,43,84,51.0,14,38,37.0,25,34,74.0,13,32,45,28,10,9,16,19,27,1,2,26,Utah Jazz,103
401705205,2025,2025-01-25,2025-01-26 00:30:00,28,Toronto Raptors,Toronto,Raptors,TOR,away,117,42,90,47.0,11,30,37.0,22,25,88.0,9,42,51,31,11,7,21,20,28,0,0,1,Atlanta Hawks,94
401705205,2025,2025-01-25,2025-01-26 00:30:00,1,Atlanta Hawks,Atlanta,Hawks,ATL,home,94,33,84,39.0,11,37,30.0,17,25,68.0,8,35,43,28,14,5,22,20,12,2,1,28,Toronto Raptors,117
401705206,2025,2025-01-25,2025-01-26 00:30:00,10,Houston Rockets,Houston,Rockets,HOU,away,135,45,82,55.0,13,28,46.0,32,45,71.0,14,31,45,26,5,4,11,23,19,0,0,5,Cleveland Cavaliers,131
401705206,2025,2025-01-25,2025-01-26 00:30:00,5,Cleveland Cavaliers,Cleveland,Cavaliers,CLE,home,131,47,91,52.0,17,39,44.0,20,26,77.0,10,30,40,28,4,5,11,30,6,0,0,10,Houston Rockets,135
401705207,2025,2025-01-25,2025-01-26 00:30:00,23,Sacramento Kings,Sacramento,Kings,SAC,away,120,46,95,48.0,14,36,39.0,14,16,88.0,9,29,38,33,5,5,12,19,3,0,0,18,New York Knicks,143
401705207,2025,2025-01-25,2025-01-26 00:30:00,18,New York Knicks,New York,Knicks,NY,home,143,52,105,50.0,17,36,47.0,22,23,96.0,17,36,53,40,9,4,11,13,24,0,3,23,Sacramento Kings,120
401705203,2025,2025-01-25,2025-01-26 00:00:00,3,New Orleans Pelicans,New Orleans,Pelicans,NO,away,92,32,84,38.0,8,31,26.0,20,26,77.0,9,30,39,21,8,5,13,17,4,0,0,30,Charlotte Hornets,123
401705203,2025,2025-01-25,2025-01-26 00:00:00,30,Charlotte Hornets,Charlotte,Hornets,CHA,home,123,42,84,50.0,21,50,42.0,18,25,72.0,9,39,48,28,11,5,14,18,33,1,0,3,New Orleans Pelicans,92
401705204,2025,2025-01-25,2025-01-26 00:00:00,8,Detroit Pistons,Detroit,Pistons,DET,away,113,40,86,47.0,10,25,40.0,23,28,82.0,11,30,41,22,11,5,16,25,12,0,5,19,Orlando Magic,121
401705204,2025,2025-01-25,2025-01-26 00:00:00,19,Orlando Magic,Orlando,Magic,ORL,home,121,40,83,48.0,15,33,45.0,26,38,68.0,8,32,40,22,8,4,14,23,14,1,2,8,Detroit Pistons,113
401705202,2025,2025-01-25,2025-01-25 23:00:00,14,Miami Heat,Miami,Heat,MIA,away,106,35,79,44.0,13,28,46.0,23,24,96.0,12,39,51,22,9,6,22,23,18,0,0,17,Brooklyn Nets,97
401705202,2025,2025-01-25,2025-01-25 23:00:00,17,Brooklyn Nets,Brooklyn,Nets,BKN,home,97,30,80,38.0,14,40,35.0,23,26,88.0,8,27,35,23,11,5,14,21,2,1,1,14,Miami Heat,106
401705201,2025,2025-01-25,2025-01-25 22:30:00,2,Boston Celtics,Boston,Celtics,BOS,away,122,44,103,43.0,20,52,38.0,14,19,74.0,17,34,51,33,4,5,5,24,25,0,0,6,Dallas Mavericks,107
401705201,2025,2025-01-25,2025-01-25 22:30:00,6,Dallas Mavericks,Dallas,Mavericks,DAL,home,107,39,88,44.0,8,22,36.0,21,28,75.0,13,36,49,18,2,8,12,20,10,1,1,2,Boston Celtics,122
401705200,2025,2025-01-25,2025-01-25 20:00:00,7,Denver Nuggets,Denver,Nuggets,DEN,away,104,43,88,49.0,11,32,34.0,7,13,54.0,14,22,36,32,7,3,19,13,0,1,1,16,Minnesota Timberwolves,133
401705200,2025,2025-01-25,2025-01-25 20:00:00,16,Minnesota Timberwolves,Minnesota,Timberwolves,MIN,home,133,53,95,56.0,14,30,47.0,13,15,87.0,18,27,45,38,14,4,16,14,29,0,0,7,Denver Nuggets,104
401705199,2025,2025-01-25,2025-01-25 17:00:00,11,Indiana Pacers,Indiana,Pacers,IND,away,136,53,102,52.0,17,39,44.0,13,14,93.0,16,34,50,32,14,9,10,20,38,0,1,24,San Antonio Spurs,98
401705199,2025,2025-01-25,2025-01-25 17:00:00,24,San Antonio Spurs,San Antonio,Spurs,SA,home,98,35,85,41.0,11,32,34.0,17,25,68.0,15,29,44,22,9,5,22,17,1,2,0,11,Indiana Pacers,136
401705198,2025,2025-01-24,2025-01-25 01:00:00,3,New Orleans Pelicans,New Orleans,Pelicans,NO,away,126,45,83,54.0,14,34,41.0,22,32,69.0,8,27,35,30,6,3,12,10,11,1,0,29,Memphis Grizzlies,139
401705198,2025,2025-01-24,2025-01-25 01:00:00,29,Memphis Grizzlies,Memphis,Grizzlies,MEM,home,139,56,101,55.0,19,42,45.0,8,8,100.0,16,27,43,38,8,4,12,19,18,1,0,3,New Orleans Pelicans,126
401705196,2025,2025-01-24,2025-01-25 00:00:00,22,Portland Trail Blazers,Portland,Trail Blazers,POR,away,102,32,79,41.0,11,38,29.0,27,39,69.0,15,32,47,17,12,6,16,21,9,1,0,30,Charlotte Hornets,97
401705196,2025,2025-01-24,2025-01-25 00:00:00,30,Charlotte Hornets,Charlotte,Hornets,CHA,home,97,32,85,38.0,9,31,29.0,24,28,86.0,16,30,46,20,9,6,16,28,13,0,1,22,Portland Trail Blazers,102
401705197,2025,2025-01-24,2025-01-25 00:00:00,5,Cleveland Cavaliers,Cleveland,Cavaliers,CLE,away,129,45,90,50.0,25,52,48.0,14,19,74.0,10,27,37,30,10,5,16,20,8,0,1,20,Philadelphia 76ers,132
401705197,2025,2025-01-24,2025-01-25 00:00:00,20,Philadelphia 76ers,Philadelphia,76ers,PHI,home,132,44,87,51.0,21,39,54.0,23,27,85.0,16,27,43,23,9,6,18,16,8,0,0,5,Cleveland Cavaliers,129
401705549,2025,2025-01-23,2025-01-24 03:30:00,27,Washington Wizards,Washington,Wizards,WSH,away,93,32,94,34.0,11,46,24.0,18,21,86.0,14,35,49,24,14,1,15,21,0,1,0,12,LA Clippers,110
401705549,2025,2025-01-23,2025-01-24 03:30:00,12,LA Clippers,LA,Clippers,LAC,home,110,40,88,45.0,13,38,34.0,17,18,94.0,11,44,55,29,10,7,18,19,27,0,0,27,Washington Wizards,93
401705194,2025,2025-01-23,2025-01-24 03:00:00,4,Chicago Bulls,Chicago,Bulls,CHI,away,106,34,87,39.0,16,40,40.0,22,27,81.0,10,32,42,22,7,2,11,16,14,2,1,9,Golden State Warriors,131
401705194,2025,2025-01-23,2025-01-24 03:00:00,9,Golden State Warriors,Golden State,Warriors,GS,home,131,46,102,45.0,25,57,44.0,14,14,100.0,15,37,52,37,3,6,10,21,31,2,0,4,Chicago Bulls,106
401705195,2025,2025-01-23,2025-01-24 03:00:00,2,Boston Celtics,Boston,Celtics,BOS,away,96,35,91,38.0,14,41,34.0,12,18,67.0,11,31,42,23,5,6,7,17,1,0,0,13,Los Angeles Lakers,117
401705195,2025,2025-01-23,2025-01-24 03:00:00,13,Los Angeles Lakers,Los Angeles,Lakers,LAL,home,117,42,89,47.0,15,35,43.0,18,20,90.0,10,43,53,27,4,3,6,14,28,4,0,2,Boston Celtics,96
401705192,2025,2025-01-23,2025-01-24 02:00:00,23,Sacramento Kings,Sacramento,Kings,SAC,away,123,47,107,44.0,15,41,37.0,14,19,74.0,17,36,53,31,5,3,13,20,2,0,0,7,Denver Nuggets,132
401705192,2025,2025-01-23,2025-01-24 02:00:00,7,Denver Nuggets,Denver,Nuggets,DEN,home,132,49,101,49.0,13,37,35.0,21,31,68.0,15,41,56,30,10,8,10,14,25,1,1,23,Sacramento Kings,123
401705190,2025,2025-01-23,2025-01-24 01:30:00,14,Miami Heat,Miami,Heat,MIA,away,96,34,92,37.0,12,51,24.0,16,21,76.0,13,37,50,26,3,3,10,18,15,1,0,15,Milwaukee Bucks,125
401705190,2025,2025-01-23,2025-01-24 01:30:00,15,Milwaukee Bucks,Milwaukee,Bucks,MIL,home,125,46,98,47.0,18,40,45.0,15,20,75.0,11,44,55,32,5,6,6,14,32,1,1,14,Miami Heat,96
401705191,2025,2025-01-23,2025-01-24 01:00:00,6,Dallas Mavericks,Dallas,Mavericks,DAL,away,121,39,74,53.0,14,31,45.0,29,36,81.0,8,35,43,25,9,3,20,25,13,0,0,25,Oklahoma City Thunder,115
401705191,2025,2025-01-23,2025-01-24 01:00:00,25,Oklahoma City Thunder,Oklahoma City,Thunder,OKC,home,115,42,88,48.0,15,37,41.0,16,22,73.0,8,25,33,26,9,4,12,27,9,1,1,6,Dallas Mavericks,121
401705189,2025,2025-01-23,2025-01-24 00:30:00,28,Toronto Raptors,Toronto,Raptors,TOR,away,122,47,81,58.0,9,21,43.0,19,24,79.0,6,33,39,32,10,2,19,26,17,1,0,1,Atlanta Hawks,119
401705189,2025,2025-01-23,2025-01-24 00:30:00,1,Atlanta Hawks,Atlanta,Hawks,ATL,home,119,42,87,48.0,13,37,35.0,22,30,73.0,9,27,36,30,11,2,14,21,6,1,1,28,Toronto Raptors,122
401705188,2025,2025-01-23,2025-01-24 00:00:00,22,Portland Trail Blazers,Portland,Trail Blazers,POR,away,101,40,82,49.0,9,28,32.0,12,19,63.0,8,34,42,23,14,12,13,21,25,2,1,19,Orlando Magic,79
401705188,2025,2025-01-23,2025-01-24 00:00:00,19,Orlando Magic,Orlando,Magic,ORL,home,79,26,76,34.0,6,25,24.0,21,31,68.0,14,30,44,17,9,6,19,18,5,3,0,22,Portland Trail Blazers,101
401705187,2025,2025-01-23,2025-01-23 19:00:00,24,San Antonio Spurs,San Antonio,Spurs,SA,away,140,58,96,60.0,18,36,50.0,6,6,100.0,15,42,57,43,10,10,19,13,30,1,0,11,Indiana Pacers,110
401705187,2025,2025-01-23,2025-01-23 19:00:00,11,Indiana Pacers,Indiana,Pacers,IND,home,110,44,97,45.0,13,43,30.0,9,12,75.0,9,22,31,31,10,2,11,9,5,0,0,24,San Antonio Spurs,140
401705186,2025,2025-01-22,2025-01-23 03:30:00,2,Boston Celtics,Boston,Celtics,BOS,away,117,41,90,46.0,19,50,38.0,16,20,80.0,8,24,32,24,11,4,19,14,7,0,1,12,LA Clippers,113
401705186,2025,2025-01-22,2025-01-23 03:30:00,12,LA Clippers,LA,Clippers,LAC,home,113,47,90,52.0,9,28,32.0,10,13,77.0,9,31,40,24,11,6,22,25,6,1,0,2,Boston Celtics,117
401705185,2025,2025-01-22,2025-01-23 03:00:00,9,Golden State Warriors,Golden State,Warriors,GS,away,117,43,92,47.0,22,48,46.0,9,13,69.0,12,32,44,31,5,2,19,27,18,0,1,23,Sacramento Kings,123
401705185,2025,2025-01-22,2025-01-23 03:00:00,23,Sacramento Kings,Sacramento,Kings,SAC,home,123,41,81,51.0,11,30,37.0,30,32,94.0,5,33,38,24,9,7,8,14,8,0,0,9,Golden State Warriors,117
401705181,2025,2025-01-22,2025-01-23 01:00:00,5,Cleveland Cavaliers,Cleveland,Cavaliers,CLE,away,108,41,97,42.0,13,41,32.0,13,19,68.0,20,25,45,25,12,5,13,18,9,0,1,10,Houston Rockets,109
401705181,2025,2025-01-22,2025-01-23 01:00:00,10,Houston Rockets,Houston,Rockets,HOU,home,109,40,91,44.0,15,34,44.0,14,20,70.0,20,33,53,25,8,5,22,20,13,0,1,5,Cleveland Cavaliers,108
401705182,2025,2025-01-22,2025-01-23 01:00:00,30,Charlotte Hornets,Charlotte,Hornets,CHA,away,120,41,86,48.0,11,31,35.0,27,32,84.0,11,22,33,27,9,4,16,19,0,0,0,29,Memphis Grizzlies,132
401705182,2025,2025-01-22,2025-01-23 01:00:00,29,Memphis Grizzlies,Memphis,Grizzlies,MEM,home,132,49,98,50.0,21,47,45.0,13,14,93.0,13,27,40,36,9,6,16,30,35,0,0,30,Charlotte Hornets,120
401705184,2025,2025-01-22,2025-01-23 01:00:00,26,Utah Jazz,Utah,Jazz,UTAH,away,114,42,90,47.0,14,37,38.0,16,24,67.0,23,29,52,25,3,6,27,20,8,0,2,25,Oklahoma City Thunder,123
401705184,2025,2025-01-22,2025-01-23 01:00:00,25,Oklahoma City Thunder,Oklahoma City,Thunder,OKC,home,123,44,95,46.0,12,39,31.0,23,25,92.0,13,26,39,20,15,4,10,23,11,1,1,26,Utah Jazz,114
401705178,2025,2025-01-22,2025-01-23 00:30:00,8,Detroit Pistons,Detroit,Pistons,DET,away,114,42,84,50.0,12,34,35.0,18,19,95.0,7,44,51,27,7,10,20,19,22,1,0,1,Atlanta Hawks,104
401705178,2025,2025-01-22,2025-01-23 00:30:00,1,Atlanta Hawks,Atlanta,Hawks,ATL,home,104,39,103,38.0,6,38,16.0,20,26,77.0,15,32,47,25,14,3,13,14,2,1,0,8,Detroit Pistons,114
401705179,2025,2025-01-22,2025-01-23 00:30:00,21,Phoenix Suns,Phoenix,Suns,PHX,away,108,42,88,48.0,14,41,34.0,10,13,77.0,11,37,48,28,9,1,11,12,28,0,0,17,Brooklyn Nets,84
401705179,2025,2025-01-22,2025-01-23 00:30:00,17,Brooklyn Nets,Brooklyn,Nets,BKN,home,84,34,91,37.0,7,36,19.0,9,14,64.0,20,32,52,16,8,1,16,11,0,1,0,21,Phoenix Suns,108
401705180,2025,2025-01-22,2025-01-23 00:30:00,16,Minnesota Timberwolves,Minnesota,Timberwolves,MIN,away,115,37,81,46.0,11,29,38.0,30,34,88.0,9,30,39,26,10,8,11,18,12,0,2,6,Dallas Mavericks,114
401705180,2025,2025-01-22,2025-01-23 00:30:00,6,Dallas Mavericks,Dallas,Mavericks,DAL,home,114,45,90,50.0,8,29,28.0,16,19,84.0,7,31,38,24,5,4,13,21,8,2,0,16,Minnesota Timberwolves,115
401705176,2025,2025-01-21,2025-01-22 03:30:00,27,Washington Wizards,Washington,Wizards,WSH,away,88,34,95,36.0,11,43,26.0,9,13,69.0,9,37,46,25,8,8,11,18,4,2,1,13,Los Angeles Lakers,111
401705176,2025,2025-01-21,2025-01-22 03:30:00,13,Los Angeles Lakers,Los Angeles,Lakers,LAL,home,111,43,90,48.0,11,34,32.0,14,18,78.0,7,43,50,30,6,10,10,11,23,1,0,27,Washington Wizards,88
401705175,2025,2025-01-21,2025-01-22 03:00:00,20,Philadelphia 76ers,Philadelphia,76ers,PHI,away,109,44,96,46.0,15,38,39.0,6,8,75.0,8,17,25,34,7,4,10,20,2,0,1,7,Denver Nuggets,144
401705175,2025,2025-01-21,2025-01-22 03:00:00,7,Denver Nuggets,Denver,Nuggets,DEN,home,144,52,85,61.0,16,31,52.0,24,25,96.0,14,37,51,39,7,4,13,10,35,1,0,20,Philadelphia 76ers,109
401705172,2025,2025-01-21,2025-01-22 00:30:00,18,New York Knicks,New York,Knicks,NY,away,99,40,87,46.0,8,28,29.0,11,14,79.0,9,33,42,29,11,3,10,20,13,2,0,17,Brooklyn Nets,95
401705172,2025,2025-01-21,2025-01-22 00:30:00,17,Brooklyn Nets,Brooklyn,Nets,BKN,home,95,32,86,37.0,12,40,30.0,19,25,76.0,14,33,47,21,4,9,16,18,2,1,0,18,New York Knicks,99
401705173,2025,2025-01-21,2025-01-22 00:30:00,22,Portland Trail Blazers,Portland,Trail Blazers,POR,away,116,43,87,49.0,15,43,35.0,15,23,65.0,11,36,47,25,3,5,6,13,27,2,0,14,Miami Heat,107
401705173,2025,2025-01-21,2025-01-22 00:30:00,14,Miami Heat,Miami,Heat,MIA,home,107,41,93,44.0,14,42,33.0,11,12,92.0,12,33,45,26,2,3,8,14,10,2,0,22,Portland Trail Blazers,116
401705174,2025,2025-01-21,2025-01-22 00:30:00,19,Orlando Magic,Orlando,Magic,ORL,away,93,35,85,41.0,9,31,29.0,14,19,74.0,14,34,48,16,5,2,14,24,21,0,1,28,Toronto Raptors,109
401705174,2025,2025-01-21,2025-01-22 00:30:00,28,Toronto Raptors,Toronto,Raptors,TOR,home,109,39,73,53.0,13,24,54.0,18,28,64.0,5,37,42,29,7,6,12,22,22,0,1,19,Orlando Magic,93
401705177,2025,2025-01-20,2025-01-21 03:30:00,4,Chicago Bulls,Chicago,Bulls,CHI,away,112,38,94,40.0,15,46,33.0,21,26,81.0,17,37,54,25,7,6,10,17,18,2,0,12,LA Clippers,99
401705177,2025,2025-01-20,2025-01-21 03:30:00,12,LA Clippers,LA,Clippers,LAC,home,99,37,94,39.0,9,42,21.0,16,17,94.0,10,30,40,24,4,7,9,20,7,1,0,4,Chicago Bulls,112
401705171,2025,2025-01-20,2025-01-21 01:00:00,26,Utah Jazz,Utah,Jazz,UTAH,away,119,42,106,40.0,11,46,24.0,24,30,80.0,19,44,63,25,6,4,13,19,25,1,0,3,New Orleans Pelicans,123
401705171,2025,2025-01-20,2025-01-21 01:00:00,3,New Orleans Pelicans,New Orleans,Pelicans,NO,home,123,41,92,45.0,15,41,37.0,26,29,90.0,6,39,45,28,12,8,13,24,5,1,0,26,Utah Jazz,119
401705170,2025,2025-01-20,2025-01-20 22:00:00,2,Boston Celtics,Boston,Celtics,BOS,away,125,49,92,53.0,20,48,42.0,7,8,88.0,8,42,50,33,8,9,9,8,45,1,0,9,Golden State Warriors,85
401705170,2025,2025-01-20,2025-01-20 22:00:00,9,Golden State Warriors,Golden State,Warriors,GS,home,85,32,92,35.0,14,53,26.0,7,11,64.0,10,28,38,28,8,3,12,12,2,0,1,2,Boston Celtics,125
401705169,2025,2025-01-20,2025-01-20 20:30:00,21,Phoenix Suns,Phoenix,Suns,PHX,away,92,36,77,47.0,10,26,38.0,10,13,77.0,1,33,34,22,3,5,17,20,1,0,0,5,Cleveland Cavaliers,118
401705169,2025,2025-01-20,2025-01-20 20:30:00,5,Cleveland Cavaliers,Cleveland,Cavaliers,CLE,home,118,41,95,43.0,19,46,41.0,17,23,74.0,15,35,50,27,10,1,8,18,32,1,0,21,Phoenix Suns,92
401705168,2025,2025-01-20,2025-01-20 20:00:00,1,Atlanta Hawks,Atlanta,Hawks,ATL,away,110,40,85,47.0,13,30,43.0,17,22,77.0,16,25,41,23,10,6,23,21,10,1,2,18,New York Knicks,119
401705168,2025,2025-01-20,2025-01-20 20:00:00,18,New York Knicks,New York,Knicks,NY,home,119,47,90,52.0,9,26,35.0,16,21,76.0,12,27,39,31,8,1,15,21,10,1,2,1,Atlanta Hawks,110
401705167,2025,2025-01-20,2025-01-20 19:30:00,16,Minnesota Timberwolves,Minnesota,Timberwolves,MIN,away,106,36,93,39.0,14,43,33.0,20,27,74.0,17,35,52,25,5,6,16,26,16,0,0,29,Memphis Grizzlies,108
401705167,2025,2025-01-20,2025-01-20 19:30:00,29,Memphis Grizzlies,Memphis,Grizzlies,MEM,home,108,37,86,43.0,7,33,21.0,27,34,79.0,13,34,47,19,9,4,13,22,11,0,1,16,Minnesota Timberwolves,106
401705166,2025,2025-01-20,2025-01-20 19:00:00,8,Detroit Pistons,Detroit,Pistons,DET,away,107,42,88,48.0,10,27,37.0,13,15,87.0,13,39,52,21,12,5,22,11,15,1,0,10,Houston Rockets,96
401705166,2025,2025-01-20,2025-01-20 19:00:00,10,Houston Rockets,Houston,Rockets,HOU,home,96,37,94,39.0,11,39,28.0,11,16,69.0,15,24,39,19,18,1,16,17,6,1,0,8,Detroit Pistons,107
401705165,2025,2025-01-20,2025-01-20 17:00:00,6,Dallas Mavericks,Dallas,Mavericks,DAL,away,105,38,88,43.0,6,32,19.0,23,26,88.0,16,35,51,19,10,8,14,15,9,0,0,30,Charlotte Hornets,110
401705165,2025,2025-01-20,2025-01-20 17:00:00,30,Charlotte Hornets,Charlotte,Hornets,CHA,home,110,40,98,41.0,17,39,44.0,13,18,72.0,17,32,49,28,10,7,13,16,7,0,1,6,Dallas Mavericks,105
401705162,2025,2025-01-19,2025-01-20 02:00:00,13,Los Angeles Lakers,Los Angeles,Lakers,LAL,away,102,38,76,50.0,9,27,33.0,17,19,89.0,5,28,33,26,6,6,15,14,2,2,0,12,LA Clippers,116
401705162,2025,2025-01-19,2025-01-20 02:00:00,12,LA Clippers,LA,Clippers,LAC,home,116,47,89,53.0,11,30,37.0,11,14,79.0,11,27,38,27,12,4,12,12,26,1,0,13,Los Angeles Lakers,102
401705163,2025,2025-01-19,2025-01-20 02:00:00,4,Chicago Bulls,Chicago,Bulls,CHI,away,102,36,81,44.0,8,29,28.0,22,26,85.0,8,28,36,21,10,7,14,19,15,2,0,22,Portland Trail Blazers,113
401705163,2025,2025-01-19,2025-01-20 02:00:00,22,Portland Trail Blazers,Portland,Trail Blazers,POR,home,113,42,89,47.0,9,31,29.0,20,25,80.0,14,36,50,21,7,6,17,19,15,1,0,4,Chicago Bulls,102
401705164,2025,2025-01-19,2025-01-20 02:00:00,27,Washington Wizards,Washington,Wizards,WSH,away,100,32,89,36.0,10,42,24.0,26,32,81.0,10,36,46,19,6,1,16,16,6,1,0,23,Sacramento Kings,123
401705164,2025,2025-01-19,2025-01-20 02:00:00,23,Sacramento Kings,Sacramento,Kings,SAC,home,123,46,95,48.0,12,39,31.0,19,24,79.0,10,41,51,28,12,4,11,20,24,1,0,27,Washington Wizards,100
401705160,2025,2025-01-19,2025-01-20 00:00:00,20,Philadelphia 76ers,Philadelphia,76ers,PHI,away,109,39,86,45.0,16,45,36.0,15,22,68.0,5,33,38,26,4,4,7,25,5,2,0,15,Milwaukee Bucks,123
401705160,2025,2025-01-19,2025-01-20 00:00:00,15,Milwaukee Bucks,Milwaukee,Bucks,MIL,home,123,43,87,49.0,14,37,38.0,23,30,77.0,7,41,48,31,2,3,6,16,16,1,0,20,Philadelphia 76ers,109
401705161,2025,2025-01-19,2025-01-20 00:00:00,17,Brooklyn Nets,Brooklyn,Nets,BKN,away,101,37,87,43.0,12,43,28.0,15,19,79.0,12,29,41,25,5,3,13,13,0,4,0,25,Oklahoma City Thunder,127
401705161,2025,2025-01-19,2025-01-20 00:00:00,25,Oklahoma City Thunder,Oklahoma City,Thunder,OKC,home,127,48,87,55.0,19,43,44.0,12,13,92.0,8,35,43,37,8,5,11,19,29,1,0,17,Brooklyn Nets,101
401705159,2025,2025-01-19,2025-01-19 23:00:00,7,Denver Nuggets,Denver,Nuggets,DEN,away,113,40,77,52.0,7,25,28.0,26,31,84.0,13,44,57,24,6,8,20,16,24,1,1,19,Orlando Magic,100
401705159,2025,2025-01-19,2025-01-19 23:00:00,19,Orlando Magic,Orlando,Magic,ORL,home,100,38,102,37.0,12,41,29.0,12,16,75.0,16,23,39,30,15,6,7,19,10,0,1,7,Denver Nuggets,113
401705158,2025,2025-01-19,2025-01-19 20:00:00,24,San Antonio Spurs,San Antonio,Spurs,SA,away,107,41,91,45.0,15,40,38.0,10,16,63.0,13,31,44,28,4,5,14,9,13,1,0,14,Miami Heat,128
401705158,2025,2025-01-19,2025-01-19 20:00:00,14,Miami Heat,Miami,Heat,MIA,home,128,50,95,53.0,18,33,55.0,10,10,100.0,12,37,49,35,8,6,11,12,27,0,0,24,San Antonio Spurs,107
401705157,2025,2025-01-18,2025-01-19 03:00:00,10,Houston Rockets,Houston,Rockets,HOU,away,125,48,108,44.0,14,31,45.0,15,22,68.0,23,38,61,25,13,4,12,18,24,2,0,22,Portland Trail Blazers,103
401705157,2025,2025-01-18,2025-01-19 03:00:00,22,Portland Trail Blazers,Portland,Trail Blazers,POR,home,103,39,86,45.0,12,36,33.0,13,18,72.0,8,32,40,28,6,10,19,24,5,0,0,10,Houston Rockets,125
401705156,2025,2025-01-18,2025-01-19 02:00:00,5,Cleveland Cavaliers,Cleveland,Cavaliers,CLE,away,124,42,92,46.0,17,48,35.0,23,25,92.0,13,34,47,27,4,1,7,18,20,1,0,16,Minnesota Timberwolves,117
401705156,2025,2025-01-18,2025-01-19 02:00:00,16,Minnesota Timberwolves,Minnesota,Timberwolves,MIN,home,117,43,90,48.0,15,38,39.0,16,19,84.0,9,33,42,27,4,4,7,19,11,1,0,5,Cleveland Cavaliers,124
401705155,2025,2025-01-18,2025-01-19 01:30:00,27,Washington Wizards,Washington,Wizards,WSH,away,114,38,86,44.0,22,45,49.0,16,23,70.0,11,33,44,24,5,2,13,21,10,1,0,9,Golden State Warriors,122
401705155,2025,2025-01-18,2025-01-19 01:30:00,9,Golden State Warriors,Golden State,Warriors,GS,home,122,45,96,47.0,14,41,34.0,18,24,75.0,17,38,55,24,6,7,9,18,10,1,0,27,Washington Wizards,114
401705153,2025,2025-01-18,2025-01-19 00:00:00,1,Atlanta Hawks,Atlanta,Hawks,ATL,away,119,44,93,47.0,9,37,24.0,22,28,79.0,13,42,55,27,9,10,17,17,9,1,1,2,Boston Celtics,115
401705153,2025,2025-01-18,2025-01-19 00:00:00,2,Boston Celtics,Boston,Celtics,BOS,home,115,40,104,38.0,15,52,29.0,20,23,87.0,17,36,53,23,13,6,14,18,12,0,1,1,Atlanta Hawks,119
401705154,2025,2025-01-18,2025-01-19 00:00:00,20,Philadelphia 76ers,Philadelphia,76ers,PHI,away,102,38,89,43.0,10,34,29.0,16,22,73.0,10,22,32,21,8,1,9,19,7,0,0,11,Indiana Pacers,115
401705154,2025,2025-01-18,2025-01-19 00:00:00,11,Indiana Pacers,Indiana,Pacers,IND,home,115,44,83,53.0,11,34,32.0,16,23,70.0,14,36,50,30,4,4,17,21,16,1,0,20,Philadelphia 76ers,102
401705152,2025,2025-01-18,2025-01-18 21:00:00,21,Phoenix Suns,Phoenix,Suns,PHX,away,125,43,86,50.0,7,25,28.0,32,40,80.0,13,37,50,25,6,3,9,24,7,1,1,8,Detroit Pistons,121
401705152,2025,2025-01-18,2025-01-18 21:00:00,8,Detroit Pistons,Detroit,Pistons,DET,home,121,44,94,47.0,9,33,27.0,24,36,67.0,15,28,43,22,5,3,9,27,7,0,1,21,Phoenix Suns,125
401705151,2025,2025-01-17,2025-01-18 03:30:00,17,Brooklyn Nets,Brooklyn,Nets,BKN,away,101,37,82,45.0,17,38,45.0,10,13,77.0,12,33,45,28,5,6,17,14,6,0,0,13,Los Angeles Lakers,102
401705151,2025,2025-01-17,2025-01-18 03:30:00,13,Los Angeles Lakers,Los Angeles,Lakers,LAL,home,102,38,82,46.0,12,34,35.0,14,18,78.0,6,28,34,24,6,7,10,12,11,0,0,17,Brooklyn Nets,101
401705148,2025,2025-01-17,2025-01-18 02:30:00,29,Memphis Grizzlies,Memphis,Grizzlies,MEM,away,140,55,97,57.0,19,44,43.0,11,15,73.0,10,31,41,39,9,0,7,19,31,2,1,24,San Antonio Spurs,112
401705148,2025,2025-01-17,2025-01-18 02:30:00,24,San Antonio Spurs,San Antonio,Spurs,SA,home,112,40,84,48.0,13,36,36.0,19,23,83.0,10,30,40,29,4,8,17,15,10,0,0,29,Memphis Grizzlies,140
401705149,2025,2025-01-17,2025-01-18 01:30:00,25,Oklahoma City Thunder,Oklahoma City,Thunder,OKC,away,98,35,91,38.0,20,46,43.0,8,12,67.0,14,32,46,24,7,2,15,20,7,0,4,6,Dallas Mavericks,106
401705149,2025,2025-01-17,2025-01-18 01:30:00,6,Dallas Mavericks,Dallas,Mavericks,DAL,home,106,37,75,49.0,16,41,39.0,16,22,73.0,6,37,43,25,11,7,17,18,20,0,1,25,Oklahoma City Thunder,98
401705145,2025,2025-01-17,2025-01-18 01:00:00,7,Denver Nuggets,Denver,Nuggets,DEN,away,133,50,92,54.0,16,33,48.0,17,19,89.0,7,34,41,35,5,1,5,10,23,1,0,14,Miami Heat,113
401705145,2025,2025-01-17,2025-01-18 01:00:00,14,Miami Heat,Miami,Heat,MIA,home,113,45,91,49.0,9,33,27.0,14,14,100.0,6,35,41,30,2,0,8,15,2,0,0,7,Denver Nuggets,133
401705146,2025,2025-01-17,2025-01-18 01:00:00,28,Toronto Raptors,Toronto,Raptors,TOR,away,112,43,91,47.0,8,34,24.0,18,24,75.0,13,30,43,31,6,4,12,28,0,2,0,15,Milwaukee Bucks,130
401705146,2025,2025-01-17,2025-01-18 01:00:00,15,Milwaukee Bucks,Milwaukee,Bucks,MIL,home,130,42,81,52.0,13,31,42.0,33,41,80.0,11,33,44,25,7,5,13,23,20,1,0,28,Toronto Raptors,112
401705147,2025,2025-01-17,2025-01-18 01:00:00,26,Utah Jazz,Utah,Jazz,UTAH,away,123,43,86,50.0,13,38,34.0,24,30,80.0,7,33,40,30,7,8,15,20,3,1,0,3,New Orleans Pelicans,136
401705147,2025,2025-01-17,2025-01-18 01:00:00,3,New Orleans Pelicans,New Orleans,Pelicans,NO,home,136,47,100,47.0,22,50,44.0,20,31,65.0,21,35,56,34,9,8,13,24,26,0,2,26,Utah Jazz,123
401705150,2025,2025-01-17,2025-01-18 01:00:00,30,Charlotte Hornets,Charlotte,Hornets,CHA,away,125,48,96,50.0,13,34,38.0,16,20,80.0,13,31,44,26,9,2,12,13,14,0,0,4,Chicago Bulls,123
401705150,2025,2025-01-17,2025-01-18 01:00:00,4,Chicago Bulls,Chicago,Bulls,CHI,home,123,48,95,51.0,14,40,35.0,13,14,93.0,12,33,45,34,9,3,13,18,5,1,1,30,Charlotte Hornets,125
401705144,2025,2025-01-17,2025-01-18 00:30:00,16,Minnesota Timberwolves,Minnesota,Timberwolves,MIN,away,116,42,79,53.0,22,40,55.0,10,14,71.0,11,35,46,23,5,2,15,16,17,1,1,18,New York Knicks,99
401705144,2025,2025-01-17,2025-01-18 00:30:00,18,New York Knicks,New York,Knicks,NY,home,99,35,90,39.0,14,34,41.0,15,17,88.0,15,26,41,19,10,4,9,13,3,0,0,16,Minnesota Timberwolves,116
401705143,2025,2025-01-17,2025-01-18 00:00:00,19,Orlando Magic,Orlando,Magic,ORL,away,94,34,82,41.0,5,32,16.0,21,31,68.0,12,25,37,15,3,3,8,19,2,4,0,2,Boston Celtics,121
401705143,2025,2025-01-17,2025-01-18 00:00:00,2,Boston Celtics,Boston,Celtics,BOS,home,121,42,80,53.0,17,37,46.0,20,22,91.0,11,30,41,25,6,3,10,23,27,0,0,19,Orlando Magic,94
401705141,2025,2025-01-16,2025-01-17 03:00:00,12,LA Clippers,LA,Clippers,LAC,away,118,44,78,56.0,10,23,43.0,20,27,74.0,8,42,50,23,9,4,15,13,34,3,0,22,Portland Trail Blazers,89
401705141,2025,2025-01-16,2025-01-17 03:00:00,22,Portland Trail Blazers,Portland,Trail Blazers,POR,home,89,34,91,37.0,9,34,26.0,12,13,92.0,14,23,37,24,9,1,16,17,0,0,0,12,LA Clippers,118
401705142,2025,2025-01-16,2025-01-17 03:00:00,10,Houston Rockets,Houston,Rockets,HOU,away,127,49,93,53.0,12,33,36.0,17,24,71.0,12,34,46,24,10,6,14,18,4,0,0,23,Sacramento Kings,132
401705142,2025,2025-01-16,2025-01-17 03:00:00,23,Sacramento Kings,Sacramento,Kings,SAC,home,132,49,98,50.0,14,33,42.0,20,22,91.0,12,32,44,32,5,3,12,15,16,0,0,10,Houston Rockets,127
401705140,2025,2025-01-16,2025-01-17 00:30:00,5,Cleveland Cavaliers,Cleveland,Cavaliers,CLE,away,114,42,90,47.0,13,42,31.0,17,21,81.0,11,38,49,32,2,5,21,11,4,0,1,25,Oklahoma City Thunder,134
401705140,2025,2025-01-16,2025-01-17 00:30:00,25,Oklahoma City Thunder,Oklahoma City,Thunder,OKC,home,134,53,105,50.0,18,53,34.0,10,11,91.0,8,31,39,25,12,5,6,20,42,1,0,5,Cleveland Cavaliers,114
401705138,2025,2025-01-16,2025-01-17 00:00:00,11,Indiana Pacers,Indiana,Pacers,IND,away,111,41,89,46.0,13,30,43.0,16,22,73.0,3,37,40,28,13,8,9,17,20,1,2,8,Detroit Pistons,100
401705138,2025,2025-01-16,2025-01-17 00:00:00,8,Detroit Pistons,Detroit,Pistons,DET,home,100,36,91,40.0,9,36,25.0,19,22,86.0,14,41,55,22,3,7,19,20,4,0,2,11,Indiana Pacers,111
401705139,2025,2025-01-16,2025-01-17 00:00:00,21,Phoenix Suns,Phoenix,Suns,PHX,away,130,44,85,52.0,16,33,48.0,26,31,84.0,10,37,47,33,10,4,16,23,24,0,0,27,Washington Wizards,123
401705139,2025,2025-01-16,2025-01-17 00:00:00,27,Washington Wizards,Washington,Wizards,WSH,home,123,46,92,50.0,13,41,32.0,18,27,67.0,12,33,45,28,13,4,13,22,0,0,0,21,Phoenix Suns,130
401705137,2025,2025-01-15,2025-01-16 03:30:00,17,Brooklyn Nets,Brooklyn,Nets,BKN,away,67,25,83,30.0,5,28,18.0,12,22,55.0,15,24,39,15,9,2,20,16,2,2,6,12,LA Clippers,126
401705137,2025,2025-01-15,2025-01-16 03:30:00,12,LA Clippers,LA,Clippers,LAC,home,126,43,79,54.0,12,32,38.0,28,30,93.0,6,40,46,26,13,3,14,17,64,2,2,17,Brooklyn Nets,67
401705136,2025,2025-01-15,2025-01-16 03:00:00,14,Miami Heat,Miami,Heat,MIA,away,108,39,73,53.0,16,36,44.0,14,15,93.0,3,34,37,25,3,6,19,13,14,1,0,13,Los Angeles Lakers,117
401705136,2025,2025-01-15,2025-01-16 03:00:00,13,Los Angeles Lakers,Los Angeles,Lakers,LAL,home,117,47,90,52.0,13,34,38.0,10,14,71.0,6,28,34,33,12,4,6,12,9,1,0,14,Miami Heat,108
401705131,2025,2025-01-15,2025-01-16 02:30:00,9,Golden State Warriors,Golden State,Warriors,GS,away,116,40,82,49.0,18,36,50.0,18,21,86.0,14,31,45,26,8,5,12,26,24,1,0,16,Minnesota Timberwolves,115
401705131,2025,2025-01-15,2025-01-16 02:30:00,16,Minnesota Timberwolves,Minnesota,Timberwolves,MIN,home,115,38,86,44.0,17,37,46.0,22,29,76.0,16,25,41,21,4,7,9,17,0,0,0,9,Golden State Warriors,116
401705134,2025,2025-01-15,2025-01-16 02:00:00,10,Houston Rockets,Houston,Rockets,HOU,away,128,49,94,52.0,17,38,45.0,13,17,76.0,14,26,40,28,14,6,8,19,24,3,0,7,Denver Nuggets,108
401705134,2025,2025-01-15,2025-01-16 02:00:00,7,Denver Nuggets,Denver,Nuggets,DEN,home,108,40,75,53.0,14,29,48.0,14,21,67.0,9,27,36,22,4,7,18,16,0,2,0,10,Houston Rockets,128
401705135,2025,2025-01-15,2025-01-16 02:00:00,30,Charlotte Hornets,Charlotte,Hornets,CHA,away,117,45,85,53.0,12,39,31.0,15,21,71.0,11,34,45,27,6,6,18,16,11,0,1,26,Utah Jazz,112
401705135,2025,2025-01-15,2025-01-16 02:00:00,26,Utah Jazz,Utah,Jazz,UTAH,home,112,43,93,46.0,16,43,37.0,10,17,59.0,9,27,36,30,5,4,10,18,13,2,1,30,Charlotte Hornets,117
401705129,2025,2025-01-15,2025-01-16 01:00:00,1,Atlanta Hawks,Atlanta,Hawks,ATL,away,110,41,100,41.0,13,43,30.0,15,22,68.0,14,37,51,28,11,5,9,15,17,2,0,4,Chicago Bulls,94
401705129,2025,2025-01-15,2025-01-16 01:00:00,4,Chicago Bulls,Chicago,Bulls,CHI,home,94,39,88,44.0,6,27,22.0,10,10,100.0,8,45,53,23,5,5,20,15,0,0,0,1,Atlanta Hawks,110
401705130,2025,2025-01-15,2025-01-16 01:00:00,19,Orlando Magic,Orlando,Magic,ORL,away,93,33,95,35.0,12,46,26.0,15,21,71.0,9,23,32,24,13,1,13,24,3,0,0,15,Milwaukee Bucks,122
401705130,2025,2025-01-15,2025-01-16 01:00:00,15,Milwaukee Bucks,Milwaukee,Bucks,MIL,home,122,45,72,63.0,7,12,58.0,25,35,71.0,3,46,49,24,10,10,21,20,32,0,0,19,Orlando Magic,93
401705132,2025,2025-01-15,2025-01-16 01:00:00,6,Dallas Mavericks,Dallas,Mavericks,DAL,away,116,43,90,48.0,12,35,34.0,18,25,72.0,8,37,45,27,9,3,15,17,7,2,0,3,New Orleans Pelicans,119
401705132,2025,2025-01-15,2025-01-16 01:00:00,3,New Orleans Pelicans,New Orleans,Pelicans,NO,home,119,43,97,44.0,13,39,33.0,20,24,83.0,15,34,49,24,11,8,10,20,11,0,0,6,Dallas Mavericks,116
401705133,2025,2025-01-15,2025-01-16 01:00:00,29,Memphis Grizzlies,Memphis,Grizzlies,MEM,away,129,51,103,50.0,16,38,42.0,11,17,65.0,14,38,52,28,7,5,8,19,16,0,1,24,San Antonio Spurs,115
401705133,2025,2025-01-15,2025-01-16 01:00:00,24,San Antonio Spurs,San Antonio,Spurs,SA,home,115,40,89,45.0,16,43,37.0,19,27,70.0,7,37,44,22,5,11,11,17,12,0,0,29,Memphis Grizzlies,129
401705128,2025,2025-01-15,2025-01-16 00:30:00,2,Boston Celtics,Boston,Celtics,BOS,away,97,36,91,40.0,16,46,35.0,9,18,50.0,13,32,45,24,6,8,9,16,7,0,0,28,Toronto Raptors,110
401705128,2025,2025-01-15,2025-01-16 00:30:00,28,Toronto Raptors,Toronto,Raptors,TOR,home,110,45,89,51.0,11,34,32.0,9,15,60.0,13,43,56,35,4,4,10,19,16,1,1,2,Boston Celtics,97
401705127,2025,2025-01-15,2025-01-16 00:00:00,18,New York Knicks,New York,Knicks,NY,away,125,46,86,53.0,16,37,43.0,17,24,71.0,15,30,45,28,10,3,13,14,16,3,0,20,Philadelphia 76ers,119
401705127,2025,2025-01-15,2025-01-16 00:00:00,20,Philadelphia 76ers,Philadelphia,76ers,PHI,home,119,46,92,50.0,13,35,37.0,14,14,100.0,11,24,35,27,8,2,12,19,0,0,0,18,New York Knicks,125
401705126,2025,2025-01-14,2025-01-15 03:00:00,17,Brooklyn Nets,Brooklyn,Nets,BKN,away,132,49,90,54.0,19,41,46.0,15,18,83.0,10,34,44,36,11,2,11,21,18,2,0,22,Portland Trail Blazers,114
401705126,2025,2025-01-14,2025-01-15 03:00:00,22,Portland Trail Blazers,Portland,Trail Blazers,POR,home,114,39,86,45.0,17,38,45.0,19,24,79.0,13,25,38,20,8,3,17,16,0,0,0,17,Brooklyn Nets,132
401705125,2025,2025-01-14,2025-01-15 02:30:00,7,Denver Nuggets,Denver,Nuggets,DEN,away,118,43,83,52.0,13,29,45.0,19,22,86.0,11,40,51,28,9,7,18,20,31,2,0,6,Dallas Mavericks,99
401705125,2025,2025-01-14,2025-01-15 02:30:00,6,Dallas Mavericks,Dallas,Mavericks,DAL,home,99,38,90,42.0,9,32,28.0,14,22,64.0,8,22,30,27,14,6,12,17,2,0,0,7,Denver Nuggets,118
401705123,2025,2025-01-14,2025-01-15 01:00:00,3,New Orleans Pelicans,New Orleans,Pelicans,NO,away,119,42,96,44.0,14,50,28.0,21,26,81.0,13,33,46,32,11,5,10,13,16,0,0,4,Chicago Bulls,113
401705123,2025,2025-01-14,2025-01-15 01:00:00,4,Chicago Bulls,Chicago,Bulls,CHI,home,113,45,102,44.0,14,43,33.0,9,12,75.0,18,39,57,31,8,6,15,19,9,0,0,3,New Orleans Pelicans,119
401705124,2025,2025-01-14,2025-01-15 01:00:00,23,Sacramento Kings,Sacramento,Kings,SAC,away,115,42,95,44.0,17,42,40.0,14,18,78.0,9,36,45,25,4,5,9,16,0,0,0,15,Milwaukee Bucks,130
401705124,2025,2025-01-14,2025-01-15 01:00:00,15,Milwaukee Bucks,Milwaukee,Bucks,MIL,home,130,49,99,49.0,17,45,38.0,15,18,83.0,11,41,52,32,2,4,7,21,28,2,0,23,Sacramento Kings,115
401705122,2025,2025-01-14,2025-01-15 00:30:00,21,Phoenix Suns,Phoenix,Suns,PHX,away,117,43,84,51.0,13,35,37.0,18,27,67.0,6,31,37,28,10,4,13,17,9,0,1,1,Atlanta Hawks,122
401705122,2025,2025-01-14,2025-01-15 00:30:00,1,Atlanta Hawks,Atlanta,Hawks,ATL,home,122,43,98,44.0,17,41,41.0,19,26,73.0,20,34,54,22,10,3,12,21,12,2,0,21,Phoenix Suns,117
401705120,2025,2025-01-14,2025-01-15 00:00:00,5,Cleveland Cavaliers,Cleveland,Cavaliers,CLE,away,127,43,89,48.0,15,44,34.0,26,31,84.0,14,35,49,25,8,6,14,18,15,1,0,11,Indiana Pacers,117
401705120,2025,2025-01-14,2025-01-15 00:00:00,11,Indiana Pacers,Indiana,Pacers,IND,home,117,44,91,48.0,12,28,43.0,17,22,77.0,9,28,37,30,10,3,11,18,2,3,4,5,Cleveland Cavaliers,127
401705121,2025,2025-01-14,2025-01-15 00:00:00,25,Oklahoma City Thunder,Oklahoma City,Thunder,OKC,away,118,45,81,56.0,12,36,33.0,16,18,89.0,10,28,38,32,10,4,17,22,21,1,1,20,Philadelphia 76ers,102
401705121,2025,2025-01-14,2025-01-15 00:00:00,20,Philadelphia 76ers,Philadelphia,76ers,PHI,home,102,37,84,44.0,13,44,30.0,15,20,75.0,11,24,35,23,10,1,21,18,0,1,0,25,Oklahoma City Thunder,118
401705118,2025,2025-01-13,2025-01-14 03:30:00,24,San Antonio Spurs,San Antonio,Spurs,SA,away,126,48,90,53.0,13,35,37.0,17,20,85.0,12,29,41,30,16,5,10,15,24,1,0,13,Los Angeles Lakers,102
401705118,2025,2025-01-13,2025-01-14 03:30:00,13,Los Angeles Lakers,Los Angeles,Lakers,LAL,home,102,39,87,45.0,14,44,32.0,10,16,63.0,15,25,40,24,9,4,19,17,11,0,0,24,San Antonio Spurs,126
401705119,2025,2025-01-13,2025-01-14 03:30:00,14,Miami Heat,Miami,Heat,MIA,away,98,33,85,39.0,17,52,33.0,15,18,83.0,9,40,49,22,7,3,15,9,13,1,0,12,LA Clippers,109
401705119,2025,2025-01-13,2025-01-14 03:30:00,12,LA Clippers,LA,Clippers,LAC,home,109,45,93,48.0,13,36,36.0,6,10,60.0,7,41,48,28,11,6,11,15,19,1,0,14,Miami Heat,98
401705117,2025,2025-01-13,2025-01-14 01:00:00,29,Memphis Grizzlies,Memphis,Grizzlies,MEM,away,118,45,84,54.0,14,32,44.0,14,21,67.0,8,23,31,15,17,2,17,25,13,1,1,10,Houston Rockets,120
401705117,2025,2025-01-13,2025-01-14 01:00:00,10,Houston Rockets,Houston,Rockets,HOU,home,120,41,81,51.0,16,31,52.0,22,31,71.0,15,25,40,28,13,8,22,16,5,1,0,29,Memphis Grizzlies,118
401705115,2025,2025-01-13,2025-01-14 00:30:00,8,Detroit Pistons,Detroit,Pistons,DET,away,124,46,92,50.0,15,34,44.0,17,18,94.0,11,28,39,20,8,2,11,21,11,2,0,18,New York Knicks,119
401705115,2025,2025-01-13,2025-01-14 00:30:00,18,New York Knicks,New York,Knicks,NY,home,119,40,80,50.0,15,37,41.0,24,29,83.0,10,32,42,26,5,2,17,21,6,1,0,8,Detroit Pistons,124
401705116,2025,2025-01-13,2025-01-14 00:30:00,9,Golden State Warriors,Golden State,Warriors,GS,away,101,35,88,40.0,16,46,35.0,15,22,68.0,14,32,46,23,11,4,14,14,9,1,0,28,Toronto Raptors,104
401705116,2025,2025-01-13,2025-01-14 00:30:00,28,Toronto Raptors,Toronto,Raptors,TOR,home,104,41,86,48.0,12,29,41.0,10,15,67.0,14,30,44,28,3,9,14,18,8,1,0,9,Golden State Warriors,101
401705114,2025,2025-01-13,2025-01-14 00:00:00,16,Minnesota Timberwolves,Minnesota,Timberwolves,MIN,away,120,41,83,49.0,14,37,38.0,24,31,77.0,14,39,53,20,8,6,18,15,17,1,0,27,Washington Wizards,106
401705114,2025,2025-01-13,2025-01-14 00:00:00,27,Washington Wizards,Washington,Wizards,WSH,home,106,40,91,44.0,17,40,43.0,9,15,60.0,8,26,34,27,13,3,11,18,6,0,0,16,Minnesota Timberwolves,120
401705113,2025,2025-01-12,2025-01-13 02:00:00,30,Charlotte Hornets,Charlotte,Hornets,CHA,away,113,41,92,45.0,15,40,38.0,16,20,80.0,15,37,52,30,10,2,16,20,12,0,2,21,Phoenix Suns,120
401705113,2025,2025-01-12,2025-01-13 02:00:00,21,Phoenix Suns,Phoenix,Suns,PHX,home,120,42,87,48.0,17,41,41.0,19,22,86.0,8,31,39,31,9,6,12,17,7,0,0,30,Charlotte Hornets,113
401705112,2025,2025-01-12,2025-01-13 01:00:00,17,Brooklyn Nets,Brooklyn,Nets,BKN,away,111,39,92,42.0,10,40,25.0,23,35,66.0,15,39,54,26,5,5,8,17,8,3,0,26,Utah Jazz,112
401705112,2025,2025-01-12,2025-01-13 01:00:00,26,Utah Jazz,Utah,Jazz,UTAH,home,112,40,90,44.0,17,44,39.0,15,20,75.0,6,35,41,25,7,6,9,30,13,2,0,17,Brooklyn Nets,111
401705108,2025,2025-01-12,2025-01-12 23:00:00,3,New Orleans Pelicans,New Orleans,Pelicans,NO,away,119,40,86,47.0,17,37,46.0,22,26,85.0,6,36,42,24,8,3,9,19,11,1,0,2,Boston Celtics,120
401705108,2025,2025-01-12,2025-01-12 23:00:00,2,Boston Celtics,Boston,Celtics,BOS,home,120,44,101,44.0,13,44,30.0,19,23,83.0,18,37,55,23,5,7,11,18,5,1,0,3,New Orleans Pelicans,119
401705109,2025,2025-01-12,2025-01-12 23:00:00,11,Indiana Pacers,Indiana,Pacers,IND,away,108,43,92,47.0,11,35,31.0,11,18,61.0,9,41,50,30,11,7,10,22,18,2,0,5,Cleveland Cavaliers,93
401705109,2025,2025-01-12,2025-01-12 23:00:00,5,Cleveland Cavaliers,Cleveland,Cavaliers,CLE,home,93,33,83,40.0,11,41,27.0,16,18,89.0,6,38,44,24,4,5,13,18,15,0,1,11,Indiana Pacers,108
401705110,2025,2025-01-12,2025-01-12 23:00:00,20,Philadelphia 76ers,Philadelphia,76ers,PHI,away,99,33,72,46.0,12,29,41.0,21,22,95.0,3,26,29,17,10,4,16,24,9,2,1,19,Orlando Magic,104
401705110,2025,2025-01-12,2025-01-12 23:00:00,19,Orlando Magic,Orlando,Magic,ORL,home,104,39,80,49.0,7,30,23.0,19,28,68.0,12,29,41,23,10,9,16,23,8,1,0,20,Philadelphia 76ers,99
401705111,2025,2025-01-12,2025-01-12 23:00:00,25,Oklahoma City Thunder,Oklahoma City,Thunder,OKC,away,136,45,95,47.0,13,35,37.0,33,35,94.0,15,41,56,26,11,4,13,22,44,0,1,27,Washington Wizards,95
401705111,2025,2025-01-12,2025-01-12 23:00:00,27,Washington Wizards,Washington,Wizards,WSH,home,95,28,83,34.0,9,46,20.0,30,33,91.0,8,31,39,20,6,6,16,23,1,2,1,25,Oklahoma City Thunder,136
401705107,2025,2025-01-12,2025-01-12 20:30:00,23,Sacramento Kings,Sacramento,Kings,SAC,away,124,47,95,49.0,13,39,33.0,17,21,81.0,11,42,53,33,4,3,8,14,5,0,1,4,Chicago Bulls,119
401705107,2025,2025-01-12,2025-01-12 20:30:00,4,Chicago Bulls,Chicago,Bulls,CHI,home,119,43,93,46.0,18,37,49.0,15,20,75.0,8,37,45,26,4,4,7,18,8,1,0,23,Sacramento Kings,124
401705105,2025,2025-01-12,2025-01-12 20:00:00,15,Milwaukee Bucks,Milwaukee,Bucks,MIL,away,106,43,94,46.0,10,34,29.0,10,17,59.0,15,24,39,22,6,3,14,20,4,0,1,18,New York Knicks,140
401705105,2025,2025-01-12,2025-01-12 20:00:00,18,New York Knicks,New York,Knicks,NY,home,140,51,88,58.0,18,41,44.0,20,24,83.0,10,39,49,29,6,4,11,18,34,1,0,15,Milwaukee Bucks,106
401705106,2025,2025-01-12,2025-01-12 20:00:00,7,Denver Nuggets,Denver,Nuggets,DEN,away,112,46,94,49.0,7,32,22.0,13,20,65.0,15,40,55,23,6,5,13,19,11,1,0,6,Dallas Mavericks,101
401705106,2025,2025-01-12,2025-01-12 20:00:00,6,Dallas Mavericks,Dallas,Mavericks,DAL,home,101,35,85,41.0,12,34,35.0,19,25,76.0,8,29,37,27,7,5,12,20,19,0,1,7,Denver Nuggets,112
401705102,2025,2025-01-11,2025-01-12 03:00:00,14,Miami Heat,Miami,Heat,MIA,away,119,44,92,48.0,19,44,43.0,12,16,75.0,8,35,43,31,13,5,10,16,24,1,0,22,Portland Trail Blazers,98
401705102,2025,2025-01-11,2025-01-12 03:00:00,22,Portland Trail Blazers,Portland,Trail Blazers,POR,home,98,36,95,38.0,13,45,29.0,13,19,68.0,16,35,51,24,6,6,16,15,1,1,1,14,Miami Heat,119
401705101,2025,2025-01-11,2025-01-12 01:00:00,29,Memphis Grizzlies,Memphis,Grizzlies,MEM,away,127,48,108,44.0,16,41,39.0,15,19,79.0,21,25,46,25,13,3,13,20,5,0,0,16,Minnesota Timberwolves,125
401705101,2025,2025-01-11,2025-01-12 01:00:00,16,Minnesota Timberwolves,Minnesota,Timberwolves,MIN,home,125,47,83,57.0,17,42,40.0,14,19,74.0,7,34,41,37,7,5,18,16,6,1,1,29,Memphis Grizzlies,127
401705100,2025,2025-01-11,2025-01-12 00:00:00,28,Toronto Raptors,Toronto,Raptors,TOR,away,114,40,92,43.0,16,38,42.0,18,27,67.0,15,30,45,27,12,3,12,21,2,0,0,8,Detroit Pistons,123
401705100,2025,2025-01-11,2025-01-12 00:00:00,8,Detroit Pistons,Detroit,Pistons,DET,home,123,44,84,52.0,19,33,58.0,16,21,76.0,7,39,46,35,8,5,15,22,13,2,1,28,Toronto Raptors,114
401705099,2025,2025-01-11,2025-01-11 22:00:00,26,Utah Jazz,Utah,Jazz,UTAH,away,106,42,96,44.0,9,42,21.0,13,18,72.0,21,29,50,26,6,2,13,18,0,0,0,21,Phoenix Suns,114
401705099,2025,2025-01-11,2025-01-11 22:00:00,21,Phoenix Suns,Phoenix,Suns,PHX,home,114,44,86,51.0,13,37,35.0,13,19,68.0,12,26,38,26,9,4,11,17,16,0,0,26,Utah Jazz,106
401705097,2025,2025-01-10,2025-01-11 02:00:00,17,Brooklyn Nets,Brooklyn,Nets,BKN,away,105,38,90,42.0,14,45,31.0,15,19,79.0,10,29,39,26,9,5,17,24,8,0,1,7,Denver Nuggets,124
401705097,2025,2025-01-10,2025-01-11 02:00:00,7,Denver Nuggets,Denver,Nuggets,DEN,home,124,45,87,52.0,9,24,38.0,25,33,76.0,12,37,49,34,12,5,14,18,22,1,0,17,Brooklyn Nets,105
401705096,2025,2025-01-10,2025-01-11 01:00:00,27,Washington Wizards,Washington,Wizards,WSH,away,105,39,98,40.0,18,46,39.0,9,13,69.0,13,32,45,26,6,4,15,15,3,1,0,4,Chicago Bulls,138
401705096,2025,2025-01-10,2025-01-11 01:00:00,4,Chicago Bulls,Chicago,Bulls,CHI,home,138,53,95,56.0,23,49,47.0,9,14,64.0,11,44,55,39,11,7,13,12,35,2,0,27,Washington Wizards,105
401705094,2025,2025-01-10,2025-01-11 00:30:00,23,Sacramento Kings,Sacramento,Kings,SAC,away,114,44,102,43.0,18,47,38.0,8,9,89.0,16,40,56,26,11,8,9,18,19,3,1,2,Boston Celtics,97
401705094,2025,2025-01-10,2025-01-11 00:30:00,2,Boston Celtics,Boston,Celtics,BOS,home,97,34,84,40.0,11,41,27.0,18,22,82.0,8,35,43,22,5,7,15,14,9,0,0,23,Sacramento Kings,114
401705095,2025,2025-01-10,2025-01-11 00:30:00,25,Oklahoma City Thunder,Oklahoma City,Thunder,OKC,away,126,48,89,54.0,14,27,52.0,16,18,89.0,8,38,46,20,9,9,15,23,30,0,0,18,New York Knicks,101
401705095,2025,2025-01-10,2025-01-11 00:30:00,18,New York Knicks,New York,Knicks,NY,home,101,37,96,39.0,4,31,13.0,23,23,100.0,16,27,43,18,7,3,10,15,4,2,0,25,Oklahoma City Thunder,126
401705091,2025,2025-01-10,2025-01-11 00:00:00,9,Golden State Warriors,Golden State,Warriors,GS,away,96,38,91,42.0,10,38,26.0,10,13,77.0,11,31,42,25,11,2,13,19,3,1,1,11,Indiana Pacers,108
401705091,2025,2025-01-10,2025-01-11 00:00:00,11,Indiana Pacers,Indiana,Pacers,IND,home,108,43,82,52.0,9,27,33.0,13,19,68.0,8,40,48,27,8,8,15,13,17,0,2,9,Golden State Warriors,96
401705092,2025,2025-01-10,2025-01-11 00:00:00,15,Milwaukee Bucks,Milwaukee,Bucks,MIL,away,109,43,83,52.0,9,25,36.0,14,23,61.0,7,36,43,18,10,5,11,18,9,2,0,19,Orlando Magic,106
401705092,2025,2025-01-10,2025-01-11 00:00:00,19,Orlando Magic,Orlando,Magic,ORL,home,106,37,86,43.0,14,40,35.0,18,26,69.0,12,32,44,20,8,5,10,19,8,1,1,15,Milwaukee Bucks,109
401705093,2025,2025-01-10,2025-01-11 00:00:00,3,New Orleans Pelicans,New Orleans,Pelicans,NO,away,123,44,91,48.0,18,40,45.0,17,26,65.0,12,32,44,31,7,8,12,16,16,0,1,20,Philadelphia 76ers,115
401705093,2025,2025-01-10,2025-01-11 00:00:00,20,Philadelphia 76ers,Philadelphia,76ers,PHI,home,115,42,91,46.0,14,38,37.0,17,19,89.0,11,31,42,23,7,3,9,25,5,0,3,3,New Orleans Pelicans,123
401705088,2025,2025-01-09,2025-01-10 02:00:00,1,Atlanta Hawks,Atlanta,Hawks,ATL,away,115,42,86,49.0,15,32,47.0,16,17,94.0,8,24,32,32,11,3,11,19,6,0,0,21,Phoenix Suns,123
401705088,2025,2025-01-09,2025-01-10 02:00:00,21,Phoenix Suns,Phoenix,Suns,PHX,home,123,49,85,58.0,13,33,39.0,12,15,80.0,12,30,42,33,7,6,16,15,15,0,0,1,Atlanta Hawks,115
401705089,2025,2025-01-09,2025-01-10 02:00:00,14,Miami Heat,Miami,Heat,MIA,away,97,36,91,40.0,14,50,28.0,11,15,73.0,13,36,49,26,10,7,14,12,11,0,0,26,Utah Jazz,92
401705089,2025,2025-01-09,2025-01-10 02:00:00,26,Utah Jazz,Utah,Jazz,UTAH,home,92,33,83,40.0,11,36,31.0,15,17,88.0,11,38,49,20,9,7,16,15,10,1,0,14,Miami Heat,97
401705086,2025,2025-01-09,2025-01-10 01:00:00,10,Houston Rockets,Houston,Rockets,HOU,away,119,41,96,43.0,13,34,38.0,24,41,59.0,16,28,44,21,13,3,12,23,17,1,1,29,Memphis Grizzlies,115
401705086,2025,2025-01-09,2025-01-10 01:00:00,29,Memphis Grizzlies,Memphis,Grizzlies,MEM,home,115,42,84,50.0,10,32,31.0,21,30,70.0,10,33,43,20,9,8,19,28,4,1,1,10,Houston Rockets,119
401705087,2025,2025-01-09,2025-01-10 00:30:00,22,Portland Trail Blazers,Portland,Trail Blazers,POR,away,111,39,93,42.0,16,36,44.0,17,20,85.0,14,29,43,24,6,7,12,22,12,1,1,6,Dallas Mavericks,117
401705087,2025,2025-01-09,2025-01-10 00:30:00,6,Dallas Mavericks,Dallas,Mavericks,DAL,home,117,40,88,45.0,10,30,33.0,27,30,90.0,16,37,53,26,8,7,14,18,6,0,0,22,Portland Trail Blazers,111
401705083,2025,2025-01-09,2025-01-10 00:00:00,28,Toronto Raptors,Toronto,Raptors,TOR,away,126,53,89,60.0,14,31,45.0,6,13,46.0,9,28,37,34,9,2,12,17,12,1,1,5,Cleveland Cavaliers,132
401705083,2025,2025-01-09,2025-01-10 00:00:00,5,Cleveland Cavaliers,Cleveland,Cavaliers,CLE,home,132,47,89,53.0,18,45,40.0,20,25,80.0,16,26,42,31,8,3,11,11,8,0,0,28,Toronto Raptors,126
401705084,2025,2025-01-09,2025-01-10 00:00:00,9,Golden State Warriors,Golden State,Warriors,GS,away,107,41,89,46.0,15,46,33.0,10,16,63.0,15,34,49,32,9,7,15,18,18,0,1,8,Detroit Pistons,104
401705084,2025,2025-01-09,2025-01-10 00:00:00,8,Detroit Pistons,Detroit,Pistons,DET,home,104,39,86,45.0,14,39,36.0,12,16,75.0,7,33,40,25,7,7,14,19,8,1,1,9,Golden State Warriors,107
401705085,2025,2025-01-09,2025-01-10 00:00:00,16,Minnesota Timberwolves,Minnesota,Timberwolves,MIN,away,104,34,85,40.0,12,34,35.0,24,31,77.0,14,36,50,21,9,4,8,19,24,2,0,19,Orlando Magic,89
401705085,2025,2025-01-09,2025-01-10 00:00:00,19,Orlando Magic,Orlando,Magic,ORL,home,89,33,87,38.0,10,40,25.0,13,19,68.0,13,34,47,21,4,10,14,22,3,2,2,16,Minnesota Timberwolves,104
401705082,2025,2025-01-08,2025-01-09 02:30:00,24,San Antonio Spurs,San Antonio,Spurs,SA,away,105,35,95,37.0,18,52,35.0,17,20,85.0,12,34,46,24,8,5,9,14,4,0,0,15,Milwaukee Bucks,121
401705082,2025,2025-01-08,2025-01-09 02:30:00,15,Milwaukee Bucks,Milwaukee,Bucks,MIL,home,121,44,92,48.0,19,42,45.0,14,20,70.0,10,47,57,26,7,4,10,16,26,1,1,24,San Antonio Spurs,105
401705081,2025,2025-01-08,2025-01-09 02:00:00,12,LA Clippers,LA,Clippers,LAC,away,103,30,80,38.0,11,38,29.0,32,40,80.0,9,31,40,14,8,6,11,15,0,1,1,7,Denver Nuggets,126
401705081,2025,2025-01-08,2025-01-09 02:00:00,7,Denver Nuggets,Denver,Nuggets,DEN,home,126,49,89,55.0,17,35,49.0,11,17,65.0,7,38,45,29,7,3,11,24,29,1,1,12,LA Clippers,103
401705080,2025,2025-01-08,2025-01-09 01:00:00,22,Portland Trail Blazers,Portland,Trail Blazers,POR,away,119,48,88,55.0,13,36,36.0,10,13,77.0,15,29,44,24,11,7,13,14,33,2,0,3,New Orleans Pelicans,100
401705080,2025,2025-01-08,2025-01-09 01:00:00,3,New Orleans Pelicans,New Orleans,Pelicans,NO,home,100,40,90,44.0,12,37,32.0,8,11,73.0,18,23,41,19,11,3,17,15,0,2,0,22,Portland Trail Blazers,119
401705077,2025,2025-01-08,2025-01-09 00:30:00,28,Toronto Raptors,Toronto,Raptors,TOR,away,98,38,77,49.0,10,26,38.0,12,15,80.0,8,25,33,25,9,6,16,15,4,1,0,18,New York Knicks,112
401705077,2025,2025-01-08,2025-01-09 00:30:00,18,New York Knicks,New York,Knicks,NY,home,112,42,88,48.0,12,33,36.0,16,20,80.0,15,28,43,24,9,4,12,15,26,4,0,28,Toronto Raptors,98
401705079,2025,2025-01-08,2025-01-09 00:30:00,8,Detroit Pistons,Detroit,Pistons,DET,away,113,45,86,52.0,15,37,41.0,8,12,67.0,7,35,42,30,9,9,13,20,26,2,0,17,Brooklyn Nets,98
401705079,2025,2025-01-08,2025-01-09 00:30:00,17,Brooklyn Nets,Brooklyn,Nets,BKN,home,98,33,86,38.0,13,39,33.0,19,21,90.0,9,29,38,24,10,4,15,15,1,0,0,8,Detroit Pistons,113
401705075,2025,2025-01-08,2025-01-09 00:00:00,25,Oklahoma City Thunder,Oklahoma City,Thunder,OKC,away,122,48,90,53.0,11,31,35.0,15,17,88.0,9,29,38,35,9,5,13,24,9,0,0,5,Cleveland Cavaliers,129
401705075,2025,2025-01-08,2025-01-09 00:00:00,5,Cleveland Cavaliers,Cleveland,Cavaliers,CLE,home,129,47,90,52.0,15,36,42.0,20,27,74.0,12,28,40,36,7,2,15,20,7,0,0,25,Oklahoma City Thunder,122
401705076,2025,2025-01-08,2025-01-09 00:00:00,4,Chicago Bulls,Chicago,Bulls,CHI,away,113,44,86,51.0,12,35,34.0,13,19,68.0,9,30,39,23,6,6,18,24,2,0,1,11,Indiana Pacers,129
401705076,2025,2025-01-08,2025-01-09 00:00:00,11,Indiana Pacers,Indiana,Pacers,IND,home,129,52,100,52.0,10,29,34.0,15,24,63.0,15,31,46,37,11,1,8,19,34,5,1,4,Chicago Bulls,113
401705078,2025,2025-01-08,2025-01-09 00:00:00,27,Washington Wizards,Washington,Wizards,WSH,away,103,42,94,45.0,13,30,43.0,6,9,67.0,18,33,51,26,3,6,17,18,3,1,0,20,Philadelphia 76ers,109
401705078,2025,2025-01-08,2025-01-09 00:00:00,20,Philadelphia 76ers,Philadelphia,76ers,PHI,home,109,40,88,45.0,15,44,34.0,14,19,74.0,10,26,36,21,8,11,7,14,16,2,0,27,Washington Wizards,103
401705073,2025,2025-01-07,2025-01-08 03:00:00,2,Boston Celtics,Boston,Celtics,BOS,away,118,44,88,50.0,12,35,34.0,18,20,90.0,11,30,41,30,11,7,11,13,15,1,0,7,Denver Nuggets,106
401705073,2025,2025-01-07,2025-01-08 03:00:00,7,Denver Nuggets,Denver,Nuggets,DEN,home,106,40,87,46.0,14,36,39.0,12,15,80.0,13,26,39,22,6,6,16,17,4,0,0,2,Boston Celtics,118
401705074,2025,2025-01-07,2025-01-08 03:00:00,14,Miami Heat,Miami,Heat,MIA,away,114,43,91,47.0,16,40,40.0,12,17,71.0,9,39,48,32,6,3,9,9,20,1,0,9,Golden State Warriors,98
401705074,2025,2025-01-07,2025-01-08 03:00:00,9,Golden State Warriors,Golden State,Warriors,GS,home,98,40,98,41.0,14,50,28.0,4,5,80.0,11,41,52,28,9,6,10,15,6,2,0,14,Miami Heat,114
401705072,2025,2025-01-07,2025-01-08 02:00:00,1,Atlanta Hawks,Atlanta,Hawks,ATL,away,124,47,98,48.0,18,44,41.0,12,15,80.0,12,32,44,35,6,11,10,22,16,0,0,26,Utah Jazz,121
401705072,2025,2025-01-07,2025-01-08 02:00:00,26,Utah Jazz,Utah,Jazz,UTAH,home,121,40,96,42.0,19,48,40.0,22,25,88.0,13,34,47,25,8,4,15,17,2,1,2,1,Atlanta Hawks,124
401705071,2025,2025-01-07,2025-01-08 01:00:00,16,Minnesota Timberwolves,Minnesota,Timberwolves,MIN,away,104,38,89,43.0,15,44,34.0,13,19,68.0,11,42,53,26,9,8,16,17,13,1,1,3,New Orleans Pelicans,97
401705071,2025,2025-01-07,2025-01-08 01:00:00,3,New Orleans Pelicans,New Orleans,Pelicans,NO,home,97,35,94,37.0,12,41,29.0,15,24,63.0,13,33,46,23,12,5,14,18,8,0,0,16,Minnesota Timberwolves,104
401705070,2025,2025-01-07,2025-01-08 00:30:00,13,Los Angeles Lakers,Los Angeles,Lakers,LAL,away,97,34,75,45.0,11,35,31.0,18,24,75.0,5,28,33,20,7,6,10,13,6,0,0,6,Dallas Mavericks,118
401705070,2025,2025-01-07,2025-01-08 00:30:00,6,Dallas Mavericks,Dallas,Mavericks,DAL,home,118,45,86,52.0,18,38,47.0,10,14,71.0,11,33,44,29,7,0,10,16,21,3,0,13,Los Angeles Lakers,97
401705068,2025,2025-01-07,2025-01-08 00:00:00,21,Phoenix Suns,Phoenix,Suns,PHX,away,104,39,92,42.0,8,33,24.0,18,19,95.0,8,34,42,27,3,4,11,23,10,0,0,30,Charlotte Hornets,115
401705068,2025,2025-01-07,2025-01-08 00:00:00,30,Charlotte Hornets,Charlotte,Hornets,CHA,home,115,38,98,39.0,13,47,28.0,26,29,90.0,20,39,59,23,9,5,11,19,15,3,1,21,Phoenix Suns,104
401705069,2025,2025-01-07,2025-01-08 00:00:00,10,Houston Rockets,Houston,Rockets,HOU,away,135,50,97,52.0,15,38,39.0,20,23,87.0,19,30,49,31,15,2,10,17,26,0,0,27,Washington Wizards,112
401705069,2025,2025-01-07,2025-01-08 00:00:00,27,Washington Wizards,Washington,Wizards,WSH,home,112,41,89,46.0,15,40,38.0,15,20,75.0,16,27,43,21,6,4,18,19,12,0,0,10,Houston Rockets,135
401705067,2025,2025-01-06,2025-01-07 03:00:00,14,Miami Heat,Miami,Heat,MIA,away,118,43,102,42.0,11,42,26.0,21,27,78.0,12,41,53,25,14,6,13,19,17,1,1,23,Sacramento Kings,123
401705067,2025,2025-01-06,2025-01-07 03:00:00,23,Sacramento Kings,Sacramento,Kings,SAC,home,123,45,108,42.0,13,38,34.0,20,26,77.0,18,42,60,30,7,8,15,20,7,0,0,14,Miami Heat,118
401705064,2025,2025-01-06,2025-01-07 01:00:00,24,San Antonio Spurs,San Antonio,Spurs,SA,away,110,44,95,46.0,15,46,33.0,7,12,58.0,13,36,49,31,8,12,17,18,19,0,0,4,Chicago Bulls,114
401705064,2025,2025-01-06,2025-01-07 01:00:00,4,Chicago Bulls,Chicago,Bulls,CHI,home,114,44,102,43.0,13,39,33.0,13,15,87.0,14,33,47,25,12,4,13,9,4,0,0,24,San Antonio Spurs,110
401705065,2025,2025-01-06,2025-01-07 01:00:00,6,Dallas Mavericks,Dallas,Mavericks,DAL,away,104,40,98,41.0,13,36,36.0,11,15,73.0,13,37,50,25,7,8,15,22,12,0,0,29,Memphis Grizzlies,119
401705065,2025,2025-01-06,2025-01-07 01:00:00,29,Memphis Grizzlies,Memphis,Grizzlies,MEM,home,119,40,88,45.0,12,35,34.0,27,35,77.0,13,42,55,24,11,5,13,17,15,2,0,6,Dallas Mavericks,104
401705066,2025,2025-01-06,2025-01-07 01:00:00,12,LA Clippers,LA,Clippers,LAC,away,106,37,89,42.0,12,35,34.0,20,25,80.0,14,35,49,23,9,10,13,19,19,0,1,16,Minnesota Timberwolves,108
401705066,2025,2025-01-06,2025-01-07 01:00:00,16,Minnesota Timberwolves,Minnesota,Timberwolves,MIN,home,108,41,92,45.0,16,39,41.0,10,17,59.0,17,38,55,24,6,5,14,20,10,1,1,12,LA Clippers,106
401705061,2025,2025-01-06,2025-01-07 00:30:00,11,Indiana Pacers,Indiana,Pacers,IND,away,113,40,79,51.0,12,31,39.0,21,23,91.0,5,30,35,22,8,5,10,17,24,2,0,17,Brooklyn Nets,99
401705061,2025,2025-01-06,2025-01-07 00:30:00,17,Brooklyn Nets,Brooklyn,Nets,BKN,home,99,41,98,42.0,10,33,30.0,7,11,64.0,20,31,51,23,8,3,14,19,3,0,0,11,Indiana Pacers,113
401705062,2025,2025-01-06,2025-01-07 00:30:00,19,Orlando Magic,Orlando,Magic,ORL,away,103,39,78,50.0,11,31,35.0,14,18,78.0,9,30,39,23,7,5,9,19,12,3,0,18,New York Knicks,94
401705062,2025,2025-01-06,2025-01-07 00:30:00,18,New York Knicks,New York,Knicks,NY,home,94,36,81,44.0,4,22,18.0,18,22,82.0,11,27,38,16,4,3,12,18,7,0,0,19,Orlando Magic,103
401705063,2025,2025-01-06,2025-01-07 00:30:00,15,Milwaukee Bucks,Milwaukee,Bucks,MIL,away,128,47,82,57.0,22,44,50.0,12,15,80.0,7,39,46,37,7,8,21,19,33,0,0,28,Toronto Raptors,104
401705063,2025,2025-01-06,2025-01-07 00:30:00,28,Toronto Raptors,Toronto,Raptors,TOR,home,104,41,91,45.0,9,35,26.0,13,21,62.0,10,25,35,27,11,4,15,15,5,0,0,15,Milwaukee Bucks,128
401705059,2025,2025-01-06,2025-01-07 00:00:00,22,Portland Trail Blazers,Portland,Trail Blazers,POR,away,115,48,90,53.0,16,35,46.0,3,5,60.0,7,31,38,32,6,4,16,18,22,0,1,8,Detroit Pistons,118
401705059,2025,2025-01-06,2025-01-07 00:00:00,8,Detroit Pistons,Detroit,Pistons,DET,home,118,42,94,45.0,15,43,35.0,19,22,86.0,17,28,45,23,9,4,14,15,5,1,0,22,Portland Trail Blazers,115
401705060,2025,2025-01-06,2025-01-07 00:00:00,21,Phoenix Suns,Phoenix,Suns,PHX,away,109,41,81,51.0,14,31,45.0,13,19,68.0,4,40,44,32,7,4,12,18,15,0,0,20,Philadelphia 76ers,99
401705060,2025,2025-01-06,2025-01-07 00:00:00,20,Philadelphia 76ers,Philadelphia,76ers,PHI,home,99,34,87,39.0,15,40,38.0,16,26,62.0,12,34,46,20,6,4,10,19,12,0,2,21,Phoenix Suns,109
401705058,2025,2025-01-05,2025-01-06 01:30:00,23,Sacramento Kings,Sacramento,Kings,SAC,away,129,45,87,52.0,19,43,44.0,20,22,91.0,10,33,43,31,15,3,15,19,39,1,0,9,Golden State Warriors,99
401705058,2025,2025-01-05,2025-01-06 01:30:00,9,Golden State Warriors,Golden State,Warriors,GS,home,99,37,81,46.0,12,35,34.0,13,18,72.0,9,26,35,22,10,3,22,21,0,-22,1,23,Sacramento Kings,129
401705057,2025,2025-01-05,2025-01-06 00:00:00,13,Los Angeles Lakers,Los Angeles,Lakers,LAL,away,115,38,78,49.0,16,36,44.0,23,28,82.0,10,29,39,26,4,5,10,21,2,0,0,10,Houston Rockets,119
401705057,2025,2025-01-05,2025-01-06 00:00:00,10,Houston Rockets,Houston,Rockets,HOU,home,119,47,99,47.0,14,40,35.0,11,19,58.0,18,31,49,19,3,4,6,22,22,0,0,13,Los Angeles Lakers,115
401705056,2025,2025-01-05,2025-01-05 23:30:00,26,Utah Jazz,Utah,Jazz,UTAH,away,105,39,81,48.0,11,32,34.0,16,18,89.0,11,39,50,21,6,5,22,19,20,0,0,19,Orlando Magic,92
401705056,2025,2025-01-05,2025-01-05 23:30:00,19,Orlando Magic,Orlando,Magic,ORL,home,92,35,98,36.0,14,47,30.0,8,13,62.0,14,29,43,25,8,4,11,21,8,0,1,26,Utah Jazz,105
401705054,2025,2025-01-05,2025-01-05 23:00:00,30,Charlotte Hornets,Charlotte,Hornets,CHA,away,105,38,91,42.0,15,42,36.0,14,19,74.0,13,35,48,19,9,4,15,18,2,1,1,5,Cleveland Cavaliers,115
401705054,2025,2025-01-05,2025-01-05 23:00:00,5,Cleveland Cavaliers,Cleveland,Cavaliers,CLE,home,115,44,92,48.0,15,43,35.0,12,16,75.0,9,32,41,29,5,5,12,17,24,0,0,30,Charlotte Hornets,105
401705055,2025,2025-01-05,2025-01-05 23:00:00,3,New Orleans Pelicans,New Orleans,Pelicans,NO,away,110,37,90,41.0,18,49,37.0,18,20,90.0,11,38,49,26,7,8,11,13,21,1,2,27,Washington Wizards,98
401705055,2025,2025-01-05,2025-01-05 23:00:00,27,Washington Wizards,Washington,Wizards,WSH,home,98,38,89,43.0,11,41,27.0,11,14,79.0,9,37,46,25,6,4,15,18,5,1,0,3,New Orleans Pelicans,110
401705053,2025,2025-01-05,2025-01-05 20:30:00,2,Boston Celtics,Boston,Celtics,BOS,away,92,31,85,36.0,9,46,20.0,21,24,88.0,12,36,48,17,6,5,16,18,13,0,0,25,Oklahoma City Thunder,105
401705053,2025,2025-01-05,2025-01-05 20:30:00,25,Oklahoma City Thunder,Oklahoma City,Thunder,OKC,home,105,39,87,45.0,16,38,42.0,11,13,85.0,9,37,46,22,11,6,15,18,13,1,1,2,Boston Celtics,92
401705052,2025,2025-01-04,2025-01-05 03:30:00,1,Atlanta Hawks,Atlanta,Hawks,ATL,away,105,38,88,43.0,16,46,35.0,13,17,76.0,8,35,43,30,11,4,22,12,3,1,0,12,LA Clippers,131
401705052,2025,2025-01-04,2025-01-05 03:30:00,12,LA Clippers,LA,Clippers,LAC,home,131,53,96,55.0,13,36,36.0,12,17,71.0,7,41,48,36,15,3,17,17,29,0,0,1,Atlanta Hawks,105
401705051,2025,2025-01-04,2025-01-05 01:30:00,29,Memphis Grizzlies,Memphis,Grizzlies,MEM,away,113,46,88,52.0,9,27,33.0,12,16,75.0,12,31,43,29,9,7,22,18,2,1,1,9,Golden State Warriors,121
401705051,2025,2025-01-04,2025-01-05 01:30:00,9,Golden State Warriors,Golden State,Warriors,GS,home,121,44,84,52.0,23,43,53.0,10,16,63.0,9,20,29,32,13,5,18,18,11,0,2,29,Memphis Grizzlies,113
401705047,2025,2025-01-04,2025-01-05 01:00:00,26,Utah Jazz,Utah,Jazz,UTAH,away,136,52,100,52.0,19,46,41.0,13,16,81.0,16,41,57,31,11,4,14,21,43,0,1,14,Miami Heat,100
401705047,2025,2025-01-04,2025-01-05 01:00:00,14,Miami Heat,Miami,Heat,MIA,home,100,35,80,44.0,9,35,26.0,21,30,70.0,5,27,32,25,9,7,15,14,8,0,0,26,Utah Jazz,136
401705048,2025,2025-01-04,2025-01-05 01:00:00,18,New York Knicks,New York,Knicks,NY,away,126,48,97,49.0,8,30,27.0,22,28,79.0,18,31,49,27,7,3,13,13,11,0,0,4,Chicago Bulls,139
401705048,2025,2025-01-04,2025-01-05 01:00:00,4,Chicago Bulls,Chicago,Bulls,CHI,home,139,51,94,54.0,20,37,54.0,17,18,94.0,9,34,43,36,6,4,12,21,19,1,0,18,New York Knicks,126
401705049,2025,2025-01-04,2025-01-05 01:00:00,22,Portland Trail Blazers,Portland,Trail Blazers,POR,away,105,41,85,48.0,13,36,36.0,10,13,77.0,8,47,55,21,7,3,17,9,9,1,0,15,Milwaukee Bucks,102
401705049,2025,2025-01-04,2025-01-05 01:00:00,15,Milwaukee Bucks,Milwaukee,Bucks,MIL,home,102,41,95,43.0,13,41,32.0,7,9,78.0,7,36,43,25,14,3,11,13,6,0,0,22,Portland Trail Blazers,105
401705050,2025,2025-01-04,2025-01-05 01:00:00,7,Denver Nuggets,Denver,Nuggets,DEN,away,122,47,108,44.0,10,33,30.0,18,23,78.0,14,44,58,32,11,7,7,17,11,0,1,24,San Antonio Spurs,111
401705050,2025,2025-01-04,2025-01-05 01:00:00,24,San Antonio Spurs,San Antonio,Spurs,SA,home,111,41,104,39.0,13,48,27.0,16,18,89.0,13,45,58,28,3,7,12,20,12,2,1,7,Denver Nuggets,122
401705045,2025,2025-01-04,2025-01-05 00:00:00,16,Minnesota Timberwolves,Minnesota,Timberwolves,MIN,away,105,34,80,43.0,16,40,40.0,21,26,81.0,7,26,33,20,7,4,17,21,1,0,0,8,Detroit Pistons,119
401705045,2025,2025-01-04,2025-01-05 00:00:00,8,Detroit Pistons,Detroit,Pistons,DET,home,119,45,93,48.0,13,38,34.0,16,20,80.0,13,34,47,26,12,2,12,22,24,2,2,16,Minnesota Timberwolves,105
401705046,2025,2025-01-04,2025-01-05 00:00:00,21,Phoenix Suns,Phoenix,Suns,PHX,away,108,38,78,49.0,12,30,40.0,20,21,95.0,5,31,36,30,3,7,11,14,2,2,1,11,Indiana Pacers,126
401705046,2025,2025-01-04,2025-01-05 00:00:00,11,Indiana Pacers,Indiana,Pacers,IND,home,126,46,96,48.0,15,40,38.0,19,21,90.0,13,34,47,35,7,4,6,16,20,2,1,21,Phoenix Suns,108
401705044,2025,2025-01-04,2025-01-04 23:00:00,20,Philadelphia 76ers,Philadelphia,76ers,PHI,away,123,42,82,51.0,15,40,38.0,24,30,80.0,8,42,50,31,11,2,17,17,31,1,1,17,Brooklyn Nets,94
401705044,2025,2025-01-04,2025-01-04 23:00:00,17,Brooklyn Nets,Brooklyn,Nets,BKN,home,94,34,82,41.0,14,41,34.0,12,19,63.0,6,33,39,22,6,4,22,21,11,0,0,20,Philadelphia 76ers,123
401705043,2025,2025-01-03,2025-01-04 03:30:00,1,Atlanta Hawks,Atlanta,Hawks,ATL,away,102,41,100,41.0,6,34,18.0,14,18,78.0,13,26,39,22,10,3,8,22,5,0,1,13,Los Angeles Lakers,119
401705043,2025,2025-01-03,2025-01-04 03:30:00,13,Los Angeles Lakers,Los Angeles,Lakers,LAL,home,119,43,88,49.0,13,30,43.0,20,25,80.0,17,39,56,28,4,6,18,21,17,1,1,1,Atlanta Hawks,102
401705042,2025,2025-01-03,2025-01-04 03:00:00,29,Memphis Grizzlies,Memphis,Grizzlies,MEM,away,133,43,89,48.0,17,37,46.0,30,36,83.0,14,37,51,31,5,4,17,20,2,0,0,23,Sacramento Kings,138
401705042,2025,2025-01-03,2025-01-04 03:00:00,23,Sacramento Kings,Sacramento,Kings,SAC,home,138,49,99,49.0,21,47,45.0,19,23,83.0,10,27,37,32,10,8,9,23,15,1,0,29,Memphis Grizzlies,133
401705041,2025,2025-01-03,2025-01-04 02:00:00,24,San Antonio Spurs,San Antonio,Spurs,SA,away,113,46,99,46.0,13,36,36.0,8,13,62.0,14,42,56,31,4,3,13,15,12,0,0,7,Denver Nuggets,110
401705041,2025,2025-01-03,2025-01-04 02:00:00,7,Denver Nuggets,Denver,Nuggets,DEN,home,110,42,97,43.0,15,39,38.0,11,16,69.0,10,36,46,33,7,7,8,13,5,0,0,24,San Antonio Spurs,113
401705040,2025,2025-01-03,2025-01-04 01:30:00,5,Cleveland Cavaliers,Cleveland,Cavaliers,CLE,away,134,52,98,53.0,15,40,38.0,15,20,75.0,10,36,46,38,5,7,7,20,27,1,0,6,Dallas Mavericks,122
401705040,2025,2025-01-03,2025-01-04 01:30:00,6,Dallas Mavericks,Dallas,Mavericks,DAL,home,122,43,100,43.0,12,44,27.0,24,30,80.0,21,32,53,29,3,4,12,17,4,0,0,5,Cleveland Cavaliers,134
401705037,2025,2025-01-03,2025-01-04 01:00:00,2,Boston Celtics,Boston,Celtics,BOS,away,109,39,77,51.0,19,39,49.0,12,18,67.0,12,29,41,20,6,8,14,13,28,0,1,10,Houston Rockets,86
401705037,2025,2025-01-03,2025-01-04 01:00:00,10,Houston Rockets,Houston,Rockets,HOU,home,86,32,88,36.0,10,36,28.0,12,12,100.0,14,23,37,9,6,4,11,21,3,3,0,2,Boston Celtics,109
401705038,2025,2025-01-03,2025-01-04 01:00:00,27,Washington Wizards,Washington,Wizards,WSH,away,120,45,84,54.0,9,28,32.0,21,27,78.0,14,34,48,28,6,0,21,23,8,0,1,3,New Orleans Pelicans,132
401705038,2025,2025-01-03,2025-01-04 01:00:00,3,New Orleans Pelicans,New Orleans,Pelicans,NO,home,132,48,96,50.0,18,41,44.0,18,22,82.0,13,24,37,36,10,6,7,22,17,1,1,27,Washington Wizards,120
401705039,2025,2025-01-03,2025-01-04 01:00:00,18,New York Knicks,New York,Knicks,NY,away,107,43,90,48.0,9,32,28.0,12,17,71.0,11,31,42,22,7,2,12,17,14,0,1,25,Oklahoma City Thunder,117
401705039,2025,2025-01-03,2025-01-04 01:00:00,25,Oklahoma City Thunder,Oklahoma City,Thunder,OKC,home,117,43,84,51.0,14,27,52.0,17,21,81.0,7,34,41,27,9,7,13,17,10,0,0,18,New York Knicks,107
401705036,2025,2025-01-03,2025-01-04 00:30:00,19,Orlando Magic,Orlando,Magic,ORL,away,106,37,79,47.0,19,44,43.0,13,17,76.0,12,30,42,32,10,8,11,15,22,3,0,28,Toronto Raptors,97
401705036,2025,2025-01-03,2025-01-04 00:30:00,28,Toronto Raptors,Toronto,Raptors,TOR,home,97,38,80,48.0,10,29,34.0,11,13,85.0,7,30,37,28,6,1,11,11,3,0,0,19,Orlando Magic,106
401705035,2025,2025-01-03,2025-01-04 00:00:00,30,Charlotte Hornets,Charlotte,Hornets,CHA,away,94,33,80,41.0,9,30,30.0,19,30,63.0,9,36,45,25,8,6,17,10,13,1,1,8,Detroit Pistons,98
401705035,2025,2025-01-03,2025-01-04 00:00:00,8,Detroit Pistons,Detroit,Pistons,DET,home,98,39,93,42.0,12,37,32.0,8,13,62.0,14,37,51,21,13,7,13,27,7,2,3,30,Charlotte Hornets,94
401705034,2025,2025-01-02,2025-01-03 03:30:00,22,Portland Trail Blazers,Portland,Trail Blazers,POR,away,106,40,80,50.0,9,26,35.0,17,21,81.0,8,34,42,24,6,4,18,15,8,0,3,13,Los Angeles Lakers,114
401705034,2025,2025-01-02,2025-01-03 03:30:00,13,Los Angeles Lakers,Los Angeles,Lakers,LAL,home,114,43,94,46.0,15,43,35.0,13,14,93.0,15,28,43,30,8,3,12,17,15,1,0,22,Portland Trail Blazers,106
401705033,2025,2025-01-02,2025-01-03 03:00:00,20,Philadelphia 76ers,Philadelphia,76ers,PHI,away,105,34,81,42.0,9,31,29.0,28,34,82.0,6,27,33,17,11,6,11,16,0,0,0,9,Golden State Warriors,139
401705033,2025,2025-01-02,2025-01-03 03:00:00,9,Golden State Warriors,Golden State,Warriors,GS,home,139,53,87,61.0,22,39,56.0,11,15,73.0,5,38,43,41,5,8,11,22,36,1,0,20,Philadelphia 76ers,105
401705031,2025,2025-01-02,2025-01-03 01:00:00,17,Brooklyn Nets,Brooklyn,Nets,BKN,away,113,38,88,43.0,12,39,31.0,25,28,89.0,14,37,51,26,8,3,14,21,24,0,0,15,Milwaukee Bucks,110
401705031,2025,2025-01-02,2025-01-03 01:00:00,15,Milwaukee Bucks,Milwaukee,Bucks,MIL,home,110,40,90,44.0,11,37,30.0,19,28,68.0,13,33,46,21,6,6,14,21,8,0,0,17,Brooklyn Nets,113
401705032,2025,2025-01-02,2025-01-03 01:00:00,12,LA Clippers,LA,Clippers,LAC,away,98,38,81,47.0,11,32,34.0,11,17,65.0,10,35,45,25,6,1,19,18,16,1,0,25,Oklahoma City Thunder,116
401705032,2025,2025-01-02,2025-01-03 01:00:00,25,Oklahoma City Thunder,Oklahoma City,Thunder,OKC,home,116,43,86,50.0,14,38,37.0,16,20,80.0,4,31,35,29,11,3,9,14,28,1,1,12,LA Clippers,98
401705029,2025,2025-01-02,2025-01-03 00:30:00,11,Indiana Pacers,Indiana,Pacers,IND,away,128,51,96,53.0,17,40,43.0,9,16,56.0,13,26,39,35,9,4,6,16,28,2,1,14,Miami Heat,115
401705029,2025,2025-01-02,2025-01-03 00:30:00,14,Miami Heat,Miami,Heat,MIA,home,115,43,75,57.0,11,26,42.0,18,21,86.0,5,34,39,34,6,6,14,13,2,2,0,11,Indiana Pacers,128
401705030,2025,2025-01-02,2025-01-03 00:30:00,2,Boston Celtics,Boston,Celtics,BOS,away,118,46,92,50.0,22,57,39.0,4,6,67.0,10,21,31,30,9,4,3,16,14,1,1,16,Minnesota Timberwolves,115
401705030,2025,2025-01-02,2025-01-03 00:30:00,16,Minnesota Timberwolves,Minnesota,Timberwolves,MIN,home,115,37,74,50.0,21,39,54.0,20,22,91.0,11,30,41,24,1,2,15,11,9,1,0,2,Boston Celtics,118
401705028,2025,2025-01-01,2025-01-02 03:00:00,20,Philadelphia 76ers,Philadelphia,76ers,PHI,away,107,40,84,48.0,15,40,38.0,12,14,86.0,8,26,34,24,10,5,18,22,14,1,0,23,Sacramento Kings,113
401705028,2025,2025-01-01,2025-01-02 03:00:00,23,Sacramento Kings,Sacramento,Kings,SAC,home,113,41,84,49.0,9,31,29.0,22,24,92.0,14,31,45,24,11,4,17,14,8,0,1,20,Philadelphia 76ers,107
401705027,2025,2025-01-01,2025-01-02 02:00:00,1,Atlanta Hawks,Atlanta,Hawks,ATL,away,120,45,100,45.0,16,46,35.0,14,21,67.0,12,32,44,34,10,5,13,16,5,1,2,7,Denver Nuggets,139
401705027,2025,2025-01-01,2025-01-02 02:00:00,7,Denver Nuggets,Denver,Nuggets,DEN,home,139,53,94,56.0,12,30,40.0,21,21,100.0,4,39,43,44,8,5,12,16,27,1,0,1,Atlanta Hawks,120
401705026,2025,2025-01-01,2025-01-02 01:00:00,6,Dallas Mavericks,Dallas,Mavericks,DAL,away,99,40,75,53.0,11,28,39.0,8,16,50.0,6,32,38,19,9,12,20,20,10,0,1,10,Houston Rockets,110
401705026,2025,2025-01-01,2025-01-02 01:00:00,10,Houston Rockets,Houston,Rockets,HOU,home,110,42,89,47.0,8,25,32.0,18,23,78.0,4,31,35,16,17,1,12,18,18,2,2,6,Dallas Mavericks,99
401705023,2025,2025-01-01,2025-01-02 00:30:00,3,New Orleans Pelicans,New Orleans,Pelicans,NO,away,108,40,80,50.0,9,34,26.0,19,22,86.0,5,26,31,25,4,7,10,15,0,1,2,14,Miami Heat,119
401705023,2025,2025-01-01,2025-01-02 00:30:00,14,Miami Heat,Miami,Heat,MIA,home,119,44,83,53.0,14,34,41.0,17,21,81.0,5,33,38,34,6,1,10,16,17,3,0,3,New Orleans Pelicans,108
401705024,2025,2025-01-01,2025-01-02 00:30:00,26,Utah Jazz,Utah,Jazz,UTAH,away,103,39,96,41.0,13,43,30.0,12,15,80.0,14,31,45,23,7,6,16,19,10,1,0,18,New York Knicks,119
401705024,2025,2025-01-01,2025-01-02 00:30:00,18,New York Knicks,New York,Knicks,NY,home,119,47,85,55.0,9,23,39.0,16,23,70.0,6,41,47,31,10,6,13,16,20,0,0,26,Utah Jazz,103
401705025,2025,2025-01-01,2025-01-02 00:30:00,17,Brooklyn Nets,Brooklyn,Nets,BKN,away,113,42,87,48.0,11,37,30.0,18,20,90.0,4,28,32,28,8,2,11,17,9,2,0,28,Toronto Raptors,130
401705025,2025,2025-01-01,2025-01-02 00:30:00,28,Toronto Raptors,Toronto,Raptors,TOR,home,130,52,88,59.0,16,32,50.0,10,13,77.0,8,31,39,36,8,6,10,20,21,1,1,17,Brooklyn Nets,113
401705021,2025,2025-01-01,2025-01-02 00:00:00,19,Orlando Magic,Orlando,Magic,ORL,away,96,37,91,41.0,8,35,23.0,14,20,70.0,9,24,33,18,18,5,12,21,0,1,0,8,Detroit Pistons,105
401705021,2025,2025-01-01,2025-01-02 00:00:00,8,Detroit Pistons,Detroit,Pistons,DET,home,105,41,79,52.0,12,29,41.0,11,17,65.0,9,40,49,25,7,3,23,18,18,1,0,19,Orlando Magic,96
401705022,2025,2025-01-01,2025-01-02 00:00:00,4,Chicago Bulls,Chicago,Bulls,CHI,away,107,41,92,45.0,14,47,30.0,11,14,79.0,8,36,44,28,11,6,20,13,3,0,1,27,Washington Wizards,125
401705022,2025,2025-01-01,2025-01-02 00:00:00,27,Washington Wizards,Washington,Wizards,WSH,home,125,49,99,49.0,17,36,47.0,10,12,83.0,8,34,42,36,11,3,15,13,22,2,0,4,Chicago Bulls,107
401705019,2025,2024-12-31,2025-01-01 02:00:00,29,Memphis Grizzlies,Memphis,Grizzlies,MEM,away,117,40,94,43.0,15,44,34.0,22,33,67.0,16,35,51,27,10,6,17,29,14,0,1,21,Phoenix Suns,112
401705019,2025,2024-12-31,2025-01-01 02:00:00,21,Phoenix Suns,Phoenix,Suns,PHX,home,112,42,92,46.0,9,30,30.0,19,25,76.0,10,33,43,28,9,10,17,25,0,0,1,29,Memphis Grizzlies,117
401705020,2025,2024-12-31,2025-01-01 02:00:00,5,Cleveland Cavaliers,Cleveland,Cavaliers,CLE,away,122,45,93,48.0,18,46,39.0,14,17,82.0,10,38,48,32,5,8,11,15,16,0,0,13,Los Angeles Lakers,110
401705020,2025,2024-12-31,2025-01-01 02:00:00,13,Los Angeles Lakers,Los Angeles,Lakers,LAL,home,110,42,95,44.0,9,35,26.0,17,19,89.0,8,35,43,26,7,3,8,12,2,1,0,5,Cleveland Cavaliers,122
401705018,2025,2024-12-31,2025-01-01 01:00:00,16,Minnesota Timberwolves,Minnesota,Timberwolves,MIN,away,105,39,79,49.0,15,38,39.0,12,12,100.0,10,33,43,21,3,7,23,18,12,1,0,25,Oklahoma City Thunder,113
401705018,2025,2024-12-31,2025-01-01 01:00:00,25,Oklahoma City Thunder,Oklahoma City,Thunder,OKC,home,113,42,89,47.0,12,36,33.0,17,23,74.0,9,28,37,25,16,2,9,13,14,3,0,16,Minnesota Timberwolves,105
401705017,2025,2024-12-31,2025-01-01 00:00:00,12,LA Clippers,LA,Clippers,LAC,away,86,30,87,34.0,11,41,27.0,15,18,83.0,10,31,41,17,7,3,13,15,0,1,0,24,San Antonio Spurs,122
401705017,2025,2024-12-31,2025-01-01 00:00:00,24,San Antonio Spurs,San Antonio,Spurs,SA,home,122,48,98,49.0,9,40,22.0,17,19,89.0,15,43,58,37,10,7,9,15,41,0,0,12,LA Clippers,86
401705015,2025,2024-12-31,2024-12-31 20:00:00,28,Toronto Raptors,Toronto,Raptors,TOR,away,71,27,86,31.0,10,40,25.0,7,11,64.0,14,30,44,18,8,4,21,16,4,0,0,2,Boston Celtics,125
401705015,2025,2024-12-31,2024-12-31 20:00:00,2,Boston Celtics,Boston,Celtics,BOS,home,125,47,87,54.0,22,43,51.0,9,15,60.0,11,38,49,29,14,7,13,10,56,0,0,28,Toronto Raptors,71
401705016,2025,2024-12-31,2024-12-31 20:00:00,15,Milwaukee Bucks,Milwaukee,Bucks,MIL,away,120,45,97,46.0,12,33,36.0,18,24,75.0,13,38,51,27,10,0,12,22,8,0,0,11,Indiana Pacers,112
401705016,2025,2024-12-31,2024-12-31 20:00:00,11,Indiana Pacers,Indiana,Pacers,IND,home,112,40,90,44.0,13,37,35.0,19,30,63.0,9,41,50,26,8,7,16,20,19,2,0,15,Milwaukee Bucks,120
401705012,2025,2024-12-30,2024-12-31 03:00:00,5,Cleveland Cavaliers,Cleveland,Cavaliers,CLE,away,113,44,96,46.0,18,47,38.0,7,10,70.0,11,43,54,25,10,6,16,25,26,0,1,9,Golden State Warriors,95
401705012,2025,2024-12-30,2024-12-31 03:00:00,9,Golden State Warriors,Golden State,Warriors,GS,home,95,33,99,33.0,9,38,24.0,20,26,77.0,14,41,55,20,5,8,14,14,7,1,0,5,Cleveland Cavaliers,113
401705013,2025,2024-12-30,2024-12-31 03:00:00,20,Philadelphia 76ers,Philadelphia,76ers,PHI,away,125,43,75,57.0,11,24,46.0,28,31,90.0,8,24,32,20,12,3,19,27,27,0,2,22,Portland Trail Blazers,103
401705013,2025,2024-12-30,2024-12-31 03:00:00,22,Portland Trail Blazers,Portland,Trail Blazers,POR,home,103,37,77,48.0,8,36,22.0,21,30,70.0,12,21,33,23,8,4,24,26,3,2,1,20,Philadelphia 76ers,125
401705014,2025,2024-12-30,2024-12-31 03:00:00,6,Dallas Mavericks,Dallas,Mavericks,DAL,away,100,32,76,42.0,12,31,39.0,24,29,83.0,2,34,36,17,8,13,17,20,18,1,0,23,Sacramento Kings,110
401705014,2025,2024-12-30,2024-12-31 03:00:00,23,Sacramento Kings,Sacramento,Kings,SAC,home,110,42,100,42.0,10,32,31.0,16,19,84.0,18,40,58,25,8,1,15,23,14,1,2,6,Dallas Mavericks,100
401705011,2025,2024-12-30,2024-12-31 02:00:00,7,Denver Nuggets,Denver,Nuggets,DEN,away,132,53,105,50.0,9,30,30.0,17,19,89.0,17,34,51,38,13,3,7,17,12,0,1,26,Utah Jazz,121
401705011,2025,2024-12-30,2024-12-31 02:00:00,26,Utah Jazz,Utah,Jazz,UTAH,home,121,44,86,51.0,13,38,34.0,20,22,91.0,7,30,37,28,6,2,16,17,7,0,0,7,Denver Nuggets,132
401705010,2025,2024-12-30,2024-12-31 01:00:00,12,LA Clippers,LA,Clippers,LAC,away,116,41,86,48.0,13,37,35.0,21,27,78.0,14,26,40,24,11,2,16,14,4,1,0,3,New Orleans Pelicans,113
401705010,2025,2024-12-30,2024-12-31 01:00:00,3,New Orleans Pelicans,New Orleans,Pelicans,NO,home,113,42,82,51.0,18,37,49.0,11,14,79.0,6,29,35,30,13,5,16,22,14,0,0,12,LA Clippers,116
401705008,2025,2024-12-30,2024-12-31 00:00:00,4,Chicago Bulls,Chicago,Bulls,CHI,away,115,39,104,38.0,18,60,30.0,19,27,70.0,14,49,63,31,11,4,13,17,9,2,0,30,Charlotte Hornets,108
401705008,2025,2024-12-30,2024-12-31 00:00:00,30,Charlotte Hornets,Charlotte,Hornets,CHA,home,108,42,101,42.0,10,43,23.0,14,20,70.0,9,47,56,23,8,6,14,20,11,0,0,4,Chicago Bulls,115
401705009,2025,2024-12-30,2024-12-31 00:00:00,18,New York Knicks,New York,Knicks,NY,away,126,45,98,46.0,15,44,34.0,21,25,84.0,15,39,54,34,9,2,7,19,21,1,0,27,Washington Wizards,106
401705009,2025,2024-12-30,2024-12-31 00:00:00,27,Washington Wizards,Washington,Wizards,WSH,home,106,39,92,42.0,12,43,28.0,16,22,73.0,12,34,46,25,6,8,13,23,7,0,1,18,New York Knicks,126
401705007,2025,2024-12-29,2024-12-30 02:00:00,24,San Antonio Spurs,San Antonio,Spurs,SA,away,110,38,87,44.0,11,39,28.0,23,28,82.0,8,33,41,25,6,4,9,18,12,1,0,16,Minnesota Timberwolves,112
401705007,2025,2024-12-29,2024-12-30 02:00:00,16,Minnesota Timberwolves,Minnesota,Timberwolves,MIN,home,112,43,100,43.0,11,44,25.0,15,19,79.0,18,38,56,23,4,5,10,23,16,0,2,24,San Antonio Spurs,110
401705005,2025,2024-12-29,2024-12-30 00:00:00,14,Miami Heat,Miami,Heat,MIA,away,104,37,84,44.0,10,33,30.0,20,28,71.0,15,37,52,21,6,3,14,14,8,1,3,10,Houston Rockets,100
401705005,2025,2024-12-29,2024-12-30 00:00:00,10,Houston Rockets,Houston,Rockets,HOU,home,100,38,97,39.0,13,40,32.0,11,13,85.0,19,33,52,24,5,4,12,21,12,1,6,14,Miami Heat,104
401705006,2025,2024-12-29,2024-12-30 00:00:00,29,Memphis Grizzlies,Memphis,Grizzlies,MEM,away,106,37,97,38.0,14,51,27.0,18,21,86.0,16,35,51,30,6,4,21,15,9,0,0,25,Oklahoma City Thunder,130
401705006,2025,2024-12-29,2024-12-30 00:00:00,25,Oklahoma City Thunder,Oklahoma City,Thunder,OKC,home,130,52,103,50.0,14,44,32.0,12,12,100.0,9,36,45,35,10,9,10,24,31,0,0,29,Memphis Grizzlies,106
401705003,2025,2024-12-29,2024-12-29 23:00:00,11,Indiana Pacers,Indiana,Pacers,IND,away,123,46,87,53.0,9,23,39.0,22,27,81.0,11,39,50,27,6,2,9,17,16,0,0,2,Boston Celtics,114
401705003,2025,2024-12-29,2024-12-29 23:00:00,2,Boston Celtics,Boston,Celtics,BOS,home,114,43,93,46.0,16,54,30.0,12,19,63.0,8,33,41,26,6,6,8,22,4,0,0,11,Indiana Pacers,123
401705004,2025,2024-12-29,2024-12-29 23:00:00,1,Atlanta Hawks,Atlanta,Hawks,ATL,away,136,46,95,48.0,18,45,40.0,26,35,74.0,14,26,40,30,22,8,14,19,31,1,0,28,Toronto Raptors,107
401705004,2025,2024-12-29,2024-12-29 23:00:00,28,Toronto Raptors,Toronto,Raptors,TOR,home,107,38,85,45.0,7,24,29.0,24,27,89.0,15,37,52,26,10,4,31,26,0,0,1,1,Atlanta Hawks,136
401705002,2025,2024-12-29,2024-12-29 20:30:00,17,Brooklyn Nets,Brooklyn,Nets,BKN,away,101,32,73,44.0,13,30,43.0,24,28,86.0,9,29,38,22,7,3,14,19,21,3,0,19,Orlando Magic,102
401705002,2025,2024-12-29,2024-12-29 20:30:00,19,Orlando Magic,Orlando,Magic,ORL,home,102,37,83,45.0,12,36,33.0,16,25,64.0,16,26,42,30,7,3,13,23,4,0,2,17,Brooklyn Nets,101
401705001,2025,2024-12-28,2024-12-29 03:30:00,23,Sacramento Kings,Sacramento,Kings,SAC,away,122,50,98,51.0,11,40,28.0,11,15,73.0,13,26,39,38,7,2,9,26,3,1,0,13,Los Angeles Lakers,132
401705001,2025,2024-12-28,2024-12-29 03:30:00,13,Los Angeles Lakers,Los Angeles,Lakers,LAL,home,132,46,77,60.0,14,26,54.0,26,33,79.0,4,29,33,33,4,3,11,13,20,0,0,23,Sacramento Kings,122
401705000,2025,2024-12-28,2024-12-29 03:00:00,6,Dallas Mavericks,Dallas,Mavericks,DAL,away,122,43,89,48.0,15,38,39.0,21,26,81.0,10,30,40,20,6,10,13,21,0,0,0,22,Portland Trail Blazers,126
401705000,2025,2024-12-28,2024-12-29 03:00:00,22,Portland Trail Blazers,Portland,Trail Blazers,POR,home,126,46,92,50.0,11,26,42.0,23,29,79.0,14,36,50,27,8,7,14,19,21,0,0,6,Dallas Mavericks,122
401704999,2025,2024-12-28,2024-12-29 02:30:00,20,Philadelphia 76ers,Philadelphia,76ers,PHI,away,114,36,83,43.0,13,36,36.0,29,37,78.0,10,22,32,22,15,8,8,22,11,0,1,26,Utah Jazz,111
401704999,2025,2024-12-28,2024-12-29 02:30:00,26,Utah Jazz,Utah,Jazz,UTAH,home,111,43,89,48.0,12,36,33.0,13,15,87.0,14,34,48,27,3,3,21,25,14,1,1,20,Philadelphia 76ers,114
401704998,2025,2024-12-28,2024-12-29 02:00:00,8,Detroit Pistons,Detroit,Pistons,DET,away,121,46,95,48.0,12,39,31.0,17,23,74.0,15,26,41,29,8,1,12,25,5,0,2,7,Denver Nuggets,134
401704998,2025,2024-12-28,2024-12-29 02:00:00,7,Denver Nuggets,Denver,Nuggets,DEN,home,134,46,82,56.0,13,27,48.0,29,36,81.0,8,32,40,29,9,6,13,18,25,1,0,8,Detroit Pistons,121
401704997,2025,2024-12-28,2024-12-29 01:30:00,21,Phoenix Suns,Phoenix,Suns,PHX,away,105,39,92,42.0,9,35,26.0,18,22,82.0,14,32,46,21,7,12,13,13,10,1,0,9,Golden State Warriors,109
401704997,2025,2024-12-28,2024-12-29 01:30:00,9,Golden State Warriors,Golden State,Warriors,GS,home,109,41,98,42.0,12,45,27.0,15,19,79.0,18,31,49,26,8,7,11,17,9,1,0,21,Phoenix Suns,105
401704996,2025,2024-12-28,2024-12-29 01:00:00,15,Milwaukee Bucks,Milwaukee,Bucks,MIL,away,111,41,102,40.0,15,45,33.0,14,14,100.0,6,37,43,27,6,7,7,16,5,1,0,4,Chicago Bulls,116
401704996,2025,2024-12-28,2024-12-29 01:00:00,4,Chicago Bulls,Chicago,Bulls,CHI,home,116,45,95,47.0,14,36,39.0,12,17,71.0,11,41,52,33,4,6,11,16,13,0,0,15,Milwaukee Bucks,111
401704995,2025,2024-12-28,2024-12-29 00:00:00,18,New York Knicks,New York,Knicks,NY,away,136,51,97,53.0,10,40,25.0,24,26,92.0,10,33,43,26,7,3,15,14,6,0,0,27,Washington Wizards,132
401704995,2025,2024-12-28,2024-12-29 00:00:00,27,Washington Wizards,Washington,Wizards,WSH,home,132,51,99,52.0,17,38,45.0,13,15,87.0,11,33,44,32,7,4,15,22,11,2,0,18,New York Knicks,136
401704994,2025,2024-12-28,2024-12-28 23:00:00,25,Oklahoma City Thunder,Oklahoma City,Thunder,OKC,away,106,42,88,48.0,10,38,26.0,12,14,86.0,9,40,49,29,9,1,15,19,20,2,0,30,Charlotte Hornets,94
401704994,2025,2024-12-28,2024-12-28 23:00:00,30,Charlotte Hornets,Charlotte,Hornets,CHA,home,94,29,80,36.0,11,34,32.0,25,28,89.0,8,36,44,17,9,5,18,16,0,0,0,25,Oklahoma City Thunder,106
401704993,2025,2024-12-28,2024-12-28 20:00:00,14,Miami Heat,Miami,Heat,MIA,away,110,40,90,44.0,13,41,32.0,17,18,94.0,8,34,42,23,9,4,8,19,7,1,0,1,Atlanta Hawks,120
401704993,2025,2024-12-28,2024-12-28 20:00:00,1,Atlanta Hawks,Atlanta,Hawks,ATL,home,120,44,86,51.0,15,37,41.0,17,22,77.0,9,38,47,34,7,2,11,16,10,2,0,14,Miami Heat,110
401704992,2025,2024-12-27,2024-12-28 03:00:00,9,Golden State Warriors,Golden State,Warriors,GS,away,92,35,95,37.0,7,38,18.0,15,20,75.0,19,28,47,24,14,2,14,16,4,0,1,12,LA Clippers,102
401704992,2025,2024-12-27,2024-12-28 03:00:00,12,LA Clippers,LA,Clippers,LAC,home,102,40,75,53.0,10,32,31.0,12,15,80.0,6,33,39,19,6,10,21,19,21,2,1,9,Golden State Warriors,92
401704990,2025,2024-12-27,2024-12-28 02:00:00,5,Cleveland Cavaliers,Cleveland,Cavaliers,CLE,away,149,54,96,56.0,23,48,48.0,18,22,82.0,9,29,38,40,10,7,10,17,21,1,0,7,Denver Nuggets,135
401704990,2025,2024-12-27,2024-12-28 02:00:00,7,Denver Nuggets,Denver,Nuggets,DEN,home,135,53,94,56.0,15,31,48.0,14,18,78.0,8,30,38,39,8,3,13,20,5,0,1,5,Cleveland Cavaliers,149
401704991,2025,2024-12-27,2024-12-28 02:00:00,6,Dallas Mavericks,Dallas,Mavericks,DAL,away,98,35,80,44.0,12,34,35.0,16,17,94.0,7,34,41,24,6,5,15,15,18,0,2,21,Phoenix Suns,89
401704991,2025,2024-12-27,2024-12-28 02:00:00,21,Phoenix Suns,Phoenix,Suns,PHX,home,89,32,83,39.0,13,35,37.0,12,18,67.0,12,30,42,23,11,7,13,17,0,3,2,6,Dallas Mavericks,98
401704988,2025,2024-12-27,2024-12-28 01:00:00,16,Minnesota Timberwolves,Minnesota,Timberwolves,MIN,away,113,42,83,51.0,21,43,49.0,8,16,50.0,10,30,40,25,8,6,14,22,10,2,0,10,Houston Rockets,112
401704988,2025,2024-12-27,2024-12-28 01:00:00,10,Houston Rockets,Houston,Rockets,HOU,home,112,45,92,49.0,10,30,33.0,12,19,63.0,16,31,47,19,7,3,13,16,16,1,0,16,Minnesota Timberwolves,113
401704989,2025,2024-12-27,2024-12-28 01:00:00,29,Memphis Grizzlies,Memphis,Grizzlies,MEM,away,132,42,89,47.0,17,41,41.0,31,35,89.0,9,33,42,30,12,7,16,19,22,1,0,3,New Orleans Pelicans,124
401704989,2025,2024-12-27,2024-12-28 01:00:00,3,New Orleans Pelicans,New Orleans,Pelicans,NO,home,124,43,96,45.0,11,38,29.0,27,29,93.0,12,33,45,30,13,10,17,25,0,0,0,29,Memphis Grizzlies,132
401704986,2025,2024-12-27,2024-12-28 00:30:00,11,Indiana Pacers,Indiana,Pacers,IND,away,105,38,91,42.0,11,39,28.0,18,25,72.0,13,26,39,27,5,3,12,20,0,0,0,2,Boston Celtics,142
401704986,2025,2024-12-27,2024-12-28 00:30:00,2,Boston Celtics,Boston,Celtics,BOS,home,142,47,92,51.0,23,56,41.0,25,29,86.0,18,34,52,31,9,6,10,19,38,0,0,11,Indiana Pacers,105
401704987,2025,2024-12-27,2024-12-28 00:30:00,24,San Antonio Spurs,San Antonio,Spurs,SA,away,96,32,78,41.0,12,28,43.0,20,27,74.0,11,32,43,26,10,8,13,11,17,2,1,17,Brooklyn Nets,87
401704987,2025,2024-12-27,2024-12-28 00:30:00,17,Brooklyn Nets,Brooklyn,Nets,BKN,home,87,35,90,39.0,12,41,29.0,5,8,63.0,12,33,45,22,8,4,16,22,14,2,2,24,San Antonio Spurs,96
401704985,2025,2024-12-27,2024-12-28 00:00:00,18,New York Knicks,New York,Knicks,NY,away,108,40,75,53.0,4,15,27.0,24,34,71.0,12,32,44,18,10,3,18,20,24,0,0,19,Orlando Magic,85
401704985,2025,2024-12-27,2024-12-28 00:00:00,19,Orlando Magic,Orlando,Magic,ORL,home,85,32,87,37.0,10,33,30.0,11,12,92.0,11,22,33,20,7,3,17,23,8,0,3,18,New York Knicks,108
401704983,2025,2024-12-26,2024-12-27 03:00:00,26,Utah Jazz,Utah,Jazz,UTAH,away,120,41,86,48.0,21,42,50.0,17,25,68.0,11,35,46,26,9,5,13,16,15,0,0,22,Portland Trail Blazers,122
401704983,2025,2024-12-26,2024-12-27 03:00:00,22,Portland Trail Blazers,Portland,Trail Blazers,POR,home,122,45,89,51.0,15,38,39.0,17,22,77.0,9,34,43,26,10,8,11,20,6,0,1,26,Utah Jazz,120
401704984,2025,2024-12-26,2024-12-27 03:00:00,8,Detroit Pistons,Detroit,Pistons,DET,away,114,38,91,42.0,17,44,39.0,21,25,84.0,10,34,44,25,6,4,10,22,4,0,0,23,Sacramento Kings,113
401704984,2025,2024-12-26,2024-12-27 03:00:00,23,Sacramento Kings,Sacramento,Kings,SAC,home,113,39,82,48.0,14,39,36.0,21,26,81.0,8,36,44,20,3,6,14,20,19,0,0,8,Detroit Pistons,114
401704980,2025,2024-12-26,2024-12-27 01:00:00,28,Toronto Raptors,Toronto,Raptors,TOR,away,126,49,108,45.0,14,43,33.0,14,18,78.0,13,27,40,39,8,3,15,23,0,0,2,29,Memphis Grizzlies,155
401704980,2025,2024-12-26,2024-12-27 01:00:00,29,Memphis Grizzlies,Memphis,Grizzlies,MEM,home,155,58,109,53.0,18,45,40.0,21,29,72.0,24,39,63,36,8,8,17,18,32,1,1,28,Toronto Raptors,126
401704981,2025,2024-12-26,2024-12-27 01:00:00,17,Brooklyn Nets,Brooklyn,Nets,BKN,away,111,39,82,48.0,16,38,42.0,17,22,77.0,9,29,38,25,8,1,21,11,7,0,0,15,Milwaukee Bucks,105
401704981,2025,2024-12-26,2024-12-27 01:00:00,15,Milwaukee Bucks,Milwaukee,Bucks,MIL,home,105,41,83,49.0,15,38,39.0,8,12,67.0,8,31,39,23,12,3,22,18,13,1,0,17,Brooklyn Nets,111
401704982,2025,2024-12-26,2024-12-27 01:00:00,10,Houston Rockets,Houston,Rockets,HOU,away,128,46,97,47.0,18,47,38.0,18,23,78.0,18,36,54,19,7,9,15,14,30,1,0,3,New Orleans Pelicans,111
401704982,2025,2024-12-26,2024-12-27 01:00:00,3,New Orleans Pelicans,New Orleans,Pelicans,NO,home,111,43,99,43.0,12,37,32.0,13,18,72.0,17,27,44,29,12,2,13,16,0,3,0,10,Houston Rockets,128
401704979,2025,2024-12-26,2024-12-27 00:30:00,4,Chicago Bulls,Chicago,Bulls,CHI,away,133,53,98,54.0,22,43,51.0,5,6,83.0,9,27,36,36,8,1,14,26,21,2,1,1,Atlanta Hawks,141
401704979,2025,2024-12-26,2024-12-27 00:30:00,1,Atlanta Hawks,Atlanta,Hawks,ATL,home,141,46,89,52.0,17,45,38.0,32,34,94.0,12,32,44,32,9,5,12,13,8,2,0,4,Chicago Bulls,133
401704976,2025,2024-12-26,2024-12-27 00:00:00,25,Oklahoma City Thunder,Oklahoma City,Thunder,OKC,away,120,44,95,46.0,13,37,35.0,19,24,79.0,9,36,45,20,4,4,3,18,9,0,0,11,Indiana Pacers,114
401704976,2025,2024-12-26,2024-12-27 00:00:00,11,Indiana Pacers,Indiana,Pacers,IND,home,114,42,89,47.0,14,36,39.0,16,22,73.0,11,40,51,28,1,8,11,21,15,0,0,25,Oklahoma City Thunder,120
401704977,2025,2024-12-26,2024-12-27 00:00:00,14,Miami Heat,Miami,Heat,MIA,away,89,31,76,41.0,15,30,50.0,12,14,86.0,7,28,35,21,14,6,20,20,5,1,0,19,Orlando Magic,88
401704977,2025,2024-12-26,2024-12-27 00:00:00,19,Orlando Magic,Orlando,Magic,ORL,home,88,34,77,44.0,5,29,17.0,15,18,83.0,9,33,42,14,12,6,21,15,17,2,1,14,Miami Heat,89
401704978,2025,2024-12-26,2024-12-27 00:00:00,30,Charlotte Hornets,Charlotte,Hornets,CHA,away,110,41,94,44.0,17,42,40.0,11,14,79.0,11,39,50,31,6,4,18,23,6,1,0,27,Washington Wizards,113
401704978,2025,2024-12-26,2024-12-27 00:00:00,27,Washington Wizards,Washington,Wizards,WSH,home,113,39,91,43.0,14,44,32.0,21,28,75.0,8,35,43,25,9,7,11,19,21,0,0,30,Charlotte Hornets,110
401704975,2025,2024-12-25,2024-12-26 03:30:00,7,Denver Nuggets,Denver,Nuggets,DEN,away,100,36,78,46.0,8,29,28.0,20,28,71.0,14,32,46,20,3,2,16,16,2,0,1,21,Phoenix Suns,110
401704975,2025,2024-12-25,2024-12-26 03:30:00,21,Phoenix Suns,Phoenix,Suns,PHX,home,110,41,88,47.0,11,36,31.0,17,20,85.0,12,30,42,31,12,4,7,17,15,2,0,7,Denver Nuggets,100
401704974,2025,2024-12-25,2024-12-26 01:00:00,13,Los Angeles Lakers,Los Angeles,Lakers,LAL,away,115,41,91,45.0,15,42,36.0,18,18,100.0,11,30,41,30,6,4,9,14,11,0,0,9,Golden State Warriors,113
401704974,2025,2024-12-25,2024-12-26 01:00:00,9,Golden State Warriors,Golden State,Warriors,GS,home,113,41,89,46.0,18,45,40.0,13,17,76.0,12,32,44,26,2,8,12,18,8,1,2,13,Los Angeles Lakers,115
401704973,2025,2024-12-25,2024-12-25 22:00:00,20,Philadelphia 76ers,Philadelphia,76ers,PHI,away,118,41,88,47.0,17,40,43.0,19,19,100.0,5,34,39,28,10,5,6,17,16,0,0,2,Boston Celtics,114
401704973,2025,2024-12-25,2024-12-25 22:00:00,2,Boston Celtics,Boston,Celtics,BOS,home,114,43,95,45.0,20,49,41.0,8,13,62.0,13,38,51,24,3,4,13,18,4,0,0,20,Philadelphia 76ers,118
401704972,2025,2024-12-25,2024-12-25 19:30:00,16,Minnesota Timberwolves,Minnesota,Timberwolves,MIN,away,105,40,86,47.0,14,32,44.0,11,13,85.0,8,38,46,23,8,5,10,14,28,0,0,6,Dallas Mavericks,99
401704972,2025,2024-12-25,2024-12-25 19:30:00,6,Dallas Mavericks,Dallas,Mavericks,DAL,home,99,36,87,41.0,16,43,37.0,11,11,100.0,11,32,43,15,6,8,12,13,5,1,1,16,Minnesota Timberwolves,105
401704971,2025,2024-12-25,2024-12-25 17:00:00,24,San Antonio Spurs,San Antonio,Spurs,SA,away,114,42,83,51.0,16,38,42.0,14,17,82.0,8,37,45,33,3,6,15,15,9,0,0,18,New York Knicks,117
401704971,2025,2024-12-25,2024-12-25 17:00:00,18,New York Knicks,New York,Knicks,NY,home,117,45,100,45.0,13,39,33.0,14,16,88.0,17,30,47,26,7,3,5,17,6,0,0,24,San Antonio Spurs,114
401704970,2025,2024-12-23,2024-12-24 03:30:00,8,Detroit Pistons,Detroit,Pistons,DET,away,117,47,92,51.0,11,30,37.0,12,12,100.0,10,27,37,24,12,5,12,20,11,0,0,13,Los Angeles Lakers,114
401704970,2025,2024-12-23,2024-12-24 03:30:00,13,Los Angeles Lakers,Los Angeles,Lakers,LAL,home,114,40,74,54.0,14,30,47.0,20,25,80.0,6,32,38,28,8,3,18,10,10,2,1,8,Detroit Pistons,117
401704968,2025,2024-12-23,2024-12-24 03:00:00,21,Phoenix Suns,Phoenix,Suns,PHX,away,90,33,83,40.0,13,33,39.0,11,15,73.0,9,30,39,23,6,5,13,13,6,2,0,7,Denver Nuggets,117
401704968,2025,2024-12-23,2024-12-24 03:00:00,7,Denver Nuggets,Denver,Nuggets,DEN,home,117,46,90,51.0,16,41,39.0,9,11,82.0,11,35,46,35,6,4,12,15,28,0,0,21,Phoenix Suns,90
401704969,2025,2024-12-23,2024-12-24 03:00:00,11,Indiana Pacers,Indiana,Pacers,IND,away,111,45,92,49.0,11,35,31.0,10,11,91.0,8,35,43,26,7,4,11,16,12,1,0,9,Golden State Warriors,105
401704969,2025,2024-12-23,2024-12-24 03:00:00,9,Golden State Warriors,Golden State,Warriors,GS,home,105,39,90,43.0,12,38,32.0,15,21,71.0,11,33,44,29,7,7,11,13,9,0,0,11,Indiana Pacers,111
401704967,2025,2024-12-23,2024-12-24 01:30:00,22,Portland Trail Blazers,Portland,Trail Blazers,POR,away,108,43,93,46.0,8,29,28.0,14,19,74.0,16,32,48,23,6,1,18,25,3,1,0,6,Dallas Mavericks,132
401704967,2025,2024-12-23,2024-12-24 01:30:00,6,Dallas Mavericks,Dallas,Mavericks,DAL,home,132,48,90,53.0,12,36,33.0,24,34,71.0,13,28,41,27,10,4,10,21,32,1,0,22,Portland Trail Blazers,108
401704964,2025,2024-12-23,2024-12-24 01:00:00,15,Milwaukee Bucks,Milwaukee,Bucks,MIL,away,112,40,87,46.0,18,43,42.0,14,17,82.0,7,42,49,24,7,1,13,16,25,0,0,4,Chicago Bulls,91
401704964,2025,2024-12-23,2024-12-24 01:00:00,4,Chicago Bulls,Chicago,Bulls,CHI,home,91,36,90,40.0,10,48,21.0,9,12,75.0,9,37,46,27,9,1,15,15,5,0,0,15,Milwaukee Bucks,112
401704965,2025,2024-12-23,2024-12-24 01:00:00,12,LA Clippers,LA,Clippers,LAC,away,114,42,96,44.0,9,27,33.0,21,26,81.0,15,38,53,22,15,6,17,28,8,0,1,29,Memphis Grizzlies,110
401704965,2025,2024-12-23,2024-12-24 01:00:00,29,Memphis Grizzlies,Memphis,Grizzlies,MEM,home,110,38,99,38.0,16,42,38.0,18,26,69.0,19,37,56,26,8,6,20,18,10,0,1,12,LA Clippers,114
401704966,2025,2024-12-23,2024-12-24 01:00:00,27,Washington Wizards,Washington,Wizards,WSH,away,105,36,91,40.0,16,43,37.0,17,20,85.0,13,38,51,25,7,8,19,16,8,0,1,25,Oklahoma City Thunder,123
401704966,2025,2024-12-23,2024-12-24 01:00:00,25,Oklahoma City Thunder,Oklahoma City,Thunder,OKC,home,123,47,106,44.0,10,38,26.0,19,22,86.0,19,40,59,25,15,9,12,18,21,0,0,27,Washington Wizards,105
401704961,2025,2024-12-23,2024-12-24 00:30:00,16,Minnesota Timberwolves,Minnesota,Timberwolves,MIN,away,104,39,91,43.0,14,43,33.0,12,13,92.0,16,27,43,31,12,3,21,17,5,0,1,1,Atlanta Hawks,117
401704961,2025,2024-12-23,2024-12-24 00:30:00,1,Atlanta Hawks,Atlanta,Hawks,ATL,home,117,39,73,53.0,18,36,50.0,21,26,81.0,6,32,38,27,15,6,21,14,19,2,0,16,Minnesota Timberwolves,104
401704962,2025,2024-12-23,2024-12-24 00:30:00,17,Brooklyn Nets,Brooklyn,Nets,BKN,away,95,33,84,39.0,13,34,38.0,16,20,80.0,11,31,42,23,9,2,14,18,5,1,1,14,Miami Heat,110
401704962,2025,2024-12-23,2024-12-24 00:30:00,14,Miami Heat,Miami,Heat,MIA,home,110,36,73,49.0,17,41,41.0,21,24,88.0,5,39,44,27,6,3,15,17,20,1,0,17,Brooklyn Nets,95
401704963,2025,2024-12-23,2024-12-24 00:30:00,28,Toronto Raptors,Toronto,Raptors,TOR,away,125,42,77,55.0,11,28,39.0,30,37,81.0,4,26,30,28,6,3,15,25,2,0,0,18,New York Knicks,139
401704963,2025,2024-12-23,2024-12-24 00:30:00,18,New York Knicks,New York,Knicks,NY,home,139,51,86,59.0,17,37,46.0,20,29,69.0,8,27,35,34,9,1,14,27,33,3,1,28,Toronto Raptors,125
401704957,2025,2024-12-23,2024-12-24 00:00:00,10,Houston Rockets,Houston,Rockets,HOU,away,114,43,99,43.0,13,42,31.0,15,19,79.0,21,39,60,23,4,8,11,16,34,1,2,30,Charlotte Hornets,101
401704957,2025,2024-12-23,2024-12-24 00:00:00,30,Charlotte Hornets,Charlotte,Hornets,CHA,home,101,37,89,42.0,10,36,28.0,17,24,71.0,11,33,44,25,8,6,11,15,0,0,1,10,Houston Rockets,114
401704958,2025,2024-12-23,2024-12-24 00:00:00,26,Utah Jazz,Utah,Jazz,UTAH,away,113,38,92,41.0,19,44,43.0,18,26,69.0,18,33,51,27,6,5,16,20,4,1,0,5,Cleveland Cavaliers,124
401704958,2025,2024-12-23,2024-12-24 00:00:00,5,Cleveland Cavaliers,Cleveland,Cavaliers,CLE,home,124,43,91,47.0,20,46,43.0,18,23,78.0,10,30,40,33,10,3,9,23,17,0,1,26,Utah Jazz,113
401704959,2025,2024-12-23,2024-12-24 00:00:00,2,Boston Celtics,Boston,Celtics,BOS,away,104,37,84,44.0,8,33,24.0,22,27,81.0,8,33,41,13,13,5,18,16,15,1,2,19,Orlando Magic,108
401704959,2025,2024-12-23,2024-12-24 00:00:00,19,Orlando Magic,Orlando,Magic,ORL,home,108,37,83,45.0,13,33,39.0,21,21,100.0,7,35,42,26,11,9,20,24,10,0,2,2,Boston Celtics,104
401704960,2025,2024-12-23,2024-12-24 00:00:00,24,San Antonio Spurs,San Antonio,Spurs,SA,away,106,37,81,46.0,15,45,33.0,17,18,94.0,3,39,42,24,4,12,18,21,4,0,0,20,Philadelphia 76ers,111
401704960,2025,2024-12-23,2024-12-24 00:00:00,20,Philadelphia 76ers,Philadelphia,76ers,PHI,home,111,39,93,42.0,16,44,36.0,17,23,74.0,9,38,47,22,11,2,9,18,15,2,4,24,San Antonio Spurs,106
401704956,2025,2024-12-22,2024-12-23 00:00:00,7,Denver Nuggets,Denver,Nuggets,DEN,away,132,49,97,51.0,10,33,30.0,24,32,75.0,14,40,54,34,10,8,22,19,5,0,0,3,New Orleans Pelicans,129
401704956,2025,2024-12-22,2024-12-23 00:00:00,3,New Orleans Pelicans,New Orleans,Pelicans,NO,home,129,50,108,46.0,12,40,30.0,17,23,74.0,9,34,43,37,16,9,13,23,17,2,0,7,Denver Nuggets,132
401704954,2025,2024-12-22,2024-12-22 23:00:00,10,Houston Rockets,Houston,Rockets,HOU,away,114,40,89,45.0,7,28,25.0,27,33,82.0,18,35,53,18,12,6,21,14,11,0,1,28,Toronto Raptors,110
401704954,2025,2024-12-22,2024-12-22 23:00:00,28,Toronto Raptors,Toronto,Raptors,TOR,home,110,42,92,46.0,17,43,40.0,9,13,69.0,11,31,42,33,10,3,21,25,16,0,1,10,Houston Rockets,114
401704955,2025,2024-12-22,2024-12-22 23:00:00,11,Indiana Pacers,Indiana,Pacers,IND,away,122,50,86,58.0,17,39,44.0,5,8,63.0,6,44,50,36,7,5,10,15,30,2,0,23,Sacramento Kings,95
401704955,2025,2024-12-22,2024-12-22 23:00:00,23,Sacramento Kings,Sacramento,Kings,SAC,home,95,35,96,36.0,12,38,32.0,13,17,76.0,15,32,47,21,3,3,10,11,9,0,0,11,Indiana Pacers,122
401704953,2025,2024-12-21,2024-12-22 02:00:00,8,Detroit Pistons,Detroit,Pistons,DET,away,133,49,89,55.0,19,39,49.0,16,22,73.0,10,25,35,31,13,4,13,19,15,0,0,21,Phoenix Suns,125
401704953,2025,2024-12-21,2024-12-22 02:00:00,21,Phoenix Suns,Phoenix,Suns,PHX,home,125,45,78,58.0,14,29,48.0,21,23,91.0,6,29,35,30,9,1,19,21,2,0,0,8,Detroit Pistons,133
401704951,2025,2024-12-21,2024-12-22 01:30:00,12,LA Clippers,LA,Clippers,LAC,away,97,34,81,42.0,10,37,27.0,19,22,86.0,8,32,40,18,8,7,17,14,2,0,1,6,Dallas Mavericks,113
401704951,2025,2024-12-21,2024-12-22 01:30:00,6,Dallas Mavericks,Dallas,Mavericks,DAL,home,113,40,88,45.0,14,35,40.0,19,22,86.0,11,32,43,25,12,5,11,18,17,2,1,12,LA Clippers,97
401704952,2025,2024-12-21,2024-12-22 01:30:00,22,Portland Trail Blazers,Portland,Trail Blazers,POR,away,94,38,96,40.0,12,43,28.0,6,9,67.0,11,33,44,21,8,3,13,15,2,0,0,24,San Antonio Spurs,114
401704952,2025,2024-12-21,2024-12-22 01:30:00,24,San Antonio Spurs,San Antonio,Spurs,SA,home,114,44,93,47.0,10,36,28.0,16,18,89.0,12,37,49,33,7,13,12,12,26,0,0,22,Portland Trail Blazers,94
401704946,2025,2024-12-21,2024-12-22 01:00:00,20,Philadelphia 76ers,Philadelphia,76ers,PHI,away,99,34,85,40.0,11,34,32.0,20,27,74.0,11,30,41,13,7,3,13,16,11,0,0,5,Cleveland Cavaliers,126
401704946,2025,2024-12-21,2024-12-22 01:00:00,5,Cleveland Cavaliers,Cleveland,Cavaliers,CLE,home,126,48,90,53.0,22,43,51.0,8,15,53.0,13,36,49,31,8,1,13,18,35,0,1,20,Philadelphia 76ers,99
401704947,2025,2024-12-21,2024-12-22 01:00:00,2,Boston Celtics,Boston,Celtics,BOS,away,123,48,100,48.0,15,45,33.0,12,14,86.0,17,42,59,27,8,4,12,12,29,0,0,4,Chicago Bulls,98
401704947,2025,2024-12-21,2024-12-22 01:00:00,4,Chicago Bulls,Chicago,Bulls,CHI,home,98,37,98,38.0,14,41,34.0,10,11,91.0,10,33,43,28,8,4,12,14,4,1,0,2,Boston Celtics,123
401704948,2025,2024-12-21,2024-12-22 01:00:00,27,Washington Wizards,Washington,Wizards,WSH,away,101,36,81,44.0,18,42,43.0,11,16,69.0,8,39,47,20,7,4,19,10,4,0,0,15,Milwaukee Bucks,112
401704948,2025,2024-12-21,2024-12-22 01:00:00,15,Milwaukee Bucks,Milwaukee,Bucks,MIL,home,112,44,98,45.0,20,48,42.0,4,5,80.0,10,34,44,35,12,2,11,14,26,2,0,27,Washington Wizards,101
401704949,2025,2024-12-21,2024-12-22 01:00:00,9,Golden State Warriors,Golden State,Warriors,GS,away,113,40,87,46.0,16,42,38.0,17,23,74.0,11,34,45,30,9,6,10,23,21,1,1,16,Minnesota Timberwolves,103
401704949,2025,2024-12-21,2024-12-22 01:00:00,16,Minnesota Timberwolves,Minnesota,Timberwolves,MIN,home,103,36,86,42.0,14,38,37.0,17,25,68.0,11,34,45,27,5,2,15,18,1,0,1,9,Golden State Warriors,113
401704950,2025,2024-12-21,2024-12-22 01:00:00,18,New York Knicks,New York,Knicks,NY,away,104,38,87,44.0,15,37,41.0,13,15,87.0,15,27,42,24,11,3,16,18,14,1,0,3,New Orleans Pelicans,93
401704950,2025,2024-12-21,2024-12-22 01:00:00,3,New Orleans Pelicans,New Orleans,Pelicans,NO,home,93,34,83,41.0,12,34,35.0,13,19,68.0,16,29,45,23,8,5,19,20,14,0,1,18,New York Knicks,104
401704944,2025,2024-12-21,2024-12-22 00:30:00,29,Memphis Grizzlies,Memphis,Grizzlies,MEM,away,128,50,97,52.0,18,41,44.0,10,13,77.0,8,32,40,35,13,1,18,22,29,0,0,1,Atlanta Hawks,112
401704944,2025,2024-12-21,2024-12-22 00:30:00,1,Atlanta Hawks,Atlanta,Hawks,ATL,home,112,39,80,49.0,14,38,37.0,20,24,83.0,6,35,41,29,11,6,25,14,0,0,1,29,Memphis Grizzlies,128
401704945,2025,2024-12-21,2024-12-22 00:30:00,26,Utah Jazz,Utah,Jazz,UTAH,away,105,41,86,48.0,14,41,34.0,9,17,53.0,10,35,45,25,11,8,18,16,20,0,2,17,Brooklyn Nets,94
401704945,2025,2024-12-21,2024-12-22 00:30:00,17,Brooklyn Nets,Brooklyn,Nets,BKN,home,94,38,94,40.0,7,40,17.0,11,12,92.0,16,34,50,24,9,3,17,17,7,2,0,26,Utah Jazz,105
401704943,2025,2024-12-21,2024-12-22 00:00:00,14,Miami Heat,Miami,Heat,MIA,away,114,36,75,48.0,9,32,28.0,33,42,79.0,7,31,38,16,7,2,14,25,25,1,0,19,Orlando Magic,121
401704943,2025,2024-12-21,2024-12-22 00:00:00,19,Orlando Magic,Orlando,Magic,ORL,home,121,43,87,49.0,11,37,30.0,24,27,89.0,10,31,41,24,5,9,13,23,7,0,5,14,Miami Heat,114
401704942,2025,2024-12-21,2024-12-21 23:00:00,13,Los Angeles Lakers,Los Angeles,Lakers,LAL,away,103,40,83,48.0,9,35,26.0,14,21,67.0,9,39,48,23,10,6,13,14,10,1,1,23,Sacramento Kings,99
401704942,2025,2024-12-21,2024-12-21 23:00:00,23,Sacramento Kings,Sacramento,Kings,SAC,home,99,39,90,43.0,10,37,27.0,11,14,79.0,11,35,46,25,10,1,13,20,2,1,0,13,Los Angeles Lakers,103
401704941,2025,2024-12-20,2024-12-21 01:00:00,25,Oklahoma City Thunder,Oklahoma City,Thunder,OKC,away,104,39,86,45.0,14,34,41.0,12,17,71.0,12,36,48,24,8,5,14,17,12,0,0,14,Miami Heat,97
401704941,2025,2024-12-20,2024-12-21 01:00:00,14,Miami Heat,Miami,Heat,MIA,home,97,36,83,43.0,12,40,30.0,13,20,65.0,7,34,41,20,9,3,18,16,5,1,0,25,Oklahoma City Thunder,104
401704940,2025,2024-12-20,2024-12-21 00:30:00,15,Milwaukee Bucks,Milwaukee,Bucks,MIL,away,101,40,85,47.0,10,27,37.0,11,18,61.0,10,35,45,23,14,4,20,17,1,0,0,5,Cleveland Cavaliers,124
401704940,2025,2024-12-20,2024-12-21 00:30:00,5,Cleveland Cavaliers,Cleveland,Cavaliers,CLE,home,124,46,91,51.0,20,47,43.0,12,14,86.0,9,39,48,30,11,0,15,10,36,3,1,15,Milwaukee Bucks,101
401704939,2025,2024-12-20,2024-12-21 00:00:00,30,Charlotte Hornets,Charlotte,Hornets,CHA,away,98,36,78,46.0,10,31,32.0,16,21,76.0,13,31,44,22,7,4,17,19,0,0,0,20,Philadelphia 76ers,108
401704939,2025,2024-12-20,2024-12-21 00:00:00,20,Philadelphia 76ers,Philadelphia,76ers,PHI,home,108,41,83,49.0,12,33,36.0,14,18,78.0,11,28,39,30,14,6,14,21,23,1,0,30,Charlotte Hornets,98
401704937,2025,2024-12-19,2024-12-20 03:00:00,7,Denver Nuggets,Denver,Nuggets,DEN,away,124,47,87,54.0,15,34,44.0,15,21,71.0,8,32,40,35,7,3,11,20,9,-11,0,22,Portland Trail Blazers,126
401704937,2025,2024-12-19,2024-12-20 03:00:00,22,Portland Trail Blazers,Portland,Trail Blazers,POR,home,126,45,97,46.0,16,46,35.0,20,24,83.0,15,30,45,29,7,7,10,18,17,0,0,7,Denver Nuggets,124
401704938,2025,2024-12-19,2024-12-20 03:00:00,13,Los Angeles Lakers,Los Angeles,Lakers,LAL,away,113,38,94,40.0,12,33,36.0,25,30,83.0,14,39,53,22,8,10,10,16,16,4,0,23,Sacramento Kings,100
401704938,2025,2024-12-19,2024-12-20 03:00:00,23,Sacramento Kings,Sacramento,Kings,SAC,home,100,37,82,45.0,11,29,38.0,15,22,68.0,4,39,43,27,7,6,15,20,5,2,1,13,Los Angeles Lakers,113
401704933,2025,2024-12-19,2024-12-20 02:30:00,18,New York Knicks,New York,Knicks,NY,away,133,50,97,52.0,20,45,44.0,13,16,81.0,16,41,57,39,10,2,15,12,36,0,0,16,Minnesota Timberwolves,107
401704933,2025,2024-12-19,2024-12-20 02:30:00,16,Minnesota Timberwolves,Minnesota,Timberwolves,MIN,home,107,41,89,46.0,17,42,40.0,8,13,62.0,6,31,37,29,10,5,13,15,7,0,1,18,New York Knicks,133
401704935,2025,2024-12-19,2024-12-20 02:00:00,11,Indiana Pacers,Indiana,Pacers,IND,away,120,39,89,44.0,16,41,39.0,26,31,84.0,9,38,47,30,9,7,9,21,19,0,1,21,Phoenix Suns,111
401704935,2025,2024-12-19,2024-12-20 02:00:00,21,Phoenix Suns,Phoenix,Suns,PHX,home,111,40,82,49.0,9,30,30.0,22,28,79.0,7,37,44,28,6,4,16,20,8,0,2,11,Indiana Pacers,120
401704934,2025,2024-12-19,2024-12-20 01:30:00,12,LA Clippers,LA,Clippers,LAC,away,118,44,85,52.0,14,33,42.0,16,17,94.0,8,39,47,30,9,3,13,20,23,2,0,6,Dallas Mavericks,95
401704934,2025,2024-12-19,2024-12-20 01:30:00,6,Dallas Mavericks,Dallas,Mavericks,DAL,home,95,34,86,40.0,7,30,23.0,20,28,71.0,8,32,40,21,9,5,13,13,8,0,1,12,LA Clippers,118
401704931,2025,2024-12-19,2024-12-20 01:00:00,3,New Orleans Pelicans,New Orleans,Pelicans,NO,away,113,41,92,45.0,13,28,46.0,18,25,72.0,11,26,37,25,6,2,12,22,5,0,0,10,Houston Rockets,133
401704931,2025,2024-12-19,2024-12-20 01:00:00,10,Houston Rockets,Houston,Rockets,HOU,home,133,50,87,57.0,17,39,44.0,16,19,84.0,6,36,42,34,7,6,11,20,26,1,0,3,New Orleans Pelicans,113
401704932,2025,2024-12-19,2024-12-20 01:00:00,9,Golden State Warriors,Golden State,Warriors,GS,away,93,32,90,36.0,12,36,33.0,17,24,71.0,10,26,36,20,11,5,17,16,0,1,0,29,Memphis Grizzlies,144
401704932,2025,2024-12-19,2024-12-20 01:00:00,29,Memphis Grizzlies,Memphis,Grizzlies,MEM,home,144,53,98,54.0,27,48,56.0,11,15,73.0,15,45,60,38,11,8,16,19,57,1,0,9,Golden State Warriors,93
401704936,2025,2024-12-19,2024-12-20 01:00:00,1,Atlanta Hawks,Atlanta,Hawks,ATL,away,126,46,97,47.0,16,38,42.0,18,21,86.0,12,41,53,32,14,6,22,22,11,1,1,24,San Antonio Spurs,133
401704936,2025,2024-12-19,2024-12-20 01:00:00,24,San Antonio Spurs,San Antonio,Spurs,SA,home,133,49,101,49.0,19,42,45.0,16,23,70.0,8,34,42,32,15,8,17,15,10,0,1,1,Atlanta Hawks,126
401704929,2025,2024-12-19,2024-12-20 00:30:00,4,Chicago Bulls,Chicago,Bulls,CHI,away,117,42,94,45.0,19,52,37.0,14,16,88.0,11,45,56,23,2,2,10,19,12,2,0,2,Boston Celtics,108
401704929,2025,2024-12-19,2024-12-20 00:30:00,2,Boston Celtics,Boston,Celtics,BOS,home,108,38,97,39.0,14,56,25.0,18,21,86.0,11,34,45,21,6,8,4,13,8,0,3,4,Chicago Bulls,117
401704930,2025,2024-12-19,2024-12-20 00:30:00,17,Brooklyn Nets,Brooklyn,Nets,BKN,away,101,33,82,40.0,9,39,23.0,26,31,84.0,15,38,53,18,3,6,15,21,9,2,1,28,Toronto Raptors,94
401704930,2025,2024-12-19,2024-12-20 00:30:00,28,Toronto Raptors,Toronto,Raptors,TOR,home,94,34,86,40.0,15,44,34.0,11,14,79.0,10,24,34,26,6,4,12,29,10,0,0,17,Brooklyn Nets,101
401704926,2025,2024-12-19,2024-12-20 00:00:00,26,Utah Jazz,Utah,Jazz,UTAH,away,126,39,83,47.0,20,40,50.0,28,31,90.0,15,47,62,23,5,8,27,19,29,0,2,8,Detroit Pistons,119
401704926,2025,2024-12-19,2024-12-20 00:00:00,8,Detroit Pistons,Detroit,Pistons,DET,home,119,46,105,44.0,13,47,28.0,14,18,78.0,13,26,39,26,10,8,10,25,3,0,3,26,Utah Jazz,126
401704927,2025,2024-12-19,2024-12-20 00:00:00,25,Oklahoma City Thunder,Oklahoma City,Thunder,OKC,away,105,40,83,48.0,10,31,32.0,15,16,94.0,4,28,32,23,15,6,13,20,23,0,0,19,Orlando Magic,99
401704927,2025,2024-12-19,2024-12-20 00:00:00,19,Orlando Magic,Orlando,Magic,ORL,home,99,35,78,45.0,11,35,31.0,18,25,72.0,10,30,40,25,6,6,18,16,3,2,2,25,Oklahoma City Thunder,105
401704928,2025,2024-12-19,2024-12-20 00:00:00,30,Charlotte Hornets,Charlotte,Hornets,CHA,away,114,43,106,41.0,8,43,19.0,20,27,74.0,22,30,52,30,12,2,8,21,7,0,0,27,Washington Wizards,123
401704928,2025,2024-12-19,2024-12-20 00:00:00,27,Washington Wizards,Washington,Wizards,WSH,home,123,41,83,49.0,17,42,40.0,24,31,77.0,12,40,52,33,5,8,18,18,12,0,0,30,Charlotte Hornets,114
401734908,2025,2024-12-17,2024-12-18 01:30:00,15,Milwaukee Bucks,Milwaukee,Bucks,MIL,away,97,34,81,42.0,17,40,43.0,12,18,67.0,9,43,52,25,6,4,17,20,20,2,1,25,Oklahoma City Thunder,81
401734908,2025,2024-12-17,2024-12-18 01:30:00,25,Oklahoma City Thunder,Oklahoma City,Thunder,OKC,home,81,29,86,34.0,5,32,16.0,18,22,82.0,7,36,43,13,10,5,10,14,7,0,3,15,Milwaukee Bucks,97
401736820,2025,2024-12-16,2024-12-17 03:30:00,26,Utah Jazz,Utah,Jazz,UTAH,away,107,36,80,45.0,13,39,33.0,22,30,73.0,10,25,35,22,8,3,22,20,0,1,0,12,LA Clippers,144
401736820,2025,2024-12-16,2024-12-17 03:30:00,12,LA Clippers,LA,Clippers,LAC,home,144,49,82,60.0,21,39,54.0,25,32,78.0,7,34,41,28,13,6,14,20,42,2,1,26,Utah Jazz,107
401736819,2025,2024-12-16,2024-12-17 03:00:00,7,Denver Nuggets,Denver,Nuggets,DEN,away,130,51,102,50.0,10,28,36.0,18,24,75.0,15,40,55,38,9,4,15,18,23,0,0,23,Sacramento Kings,129
401736819,2025,2024-12-16,2024-12-17 03:00:00,23,Sacramento Kings,Sacramento,Kings,SAC,home,129,49,102,48.0,12,35,34.0,19,20,95.0,11,31,42,28,10,9,11,23,10,0,0,7,Denver Nuggets,130
401736817,2025,2024-12-16,2024-12-17 00:30:00,4,Chicago Bulls,Chicago,Bulls,CHI,away,122,43,93,46.0,14,40,35.0,22,28,79.0,8,33,41,33,12,8,12,23,16,0,1,28,Toronto Raptors,121
401736817,2025,2024-12-16,2024-12-17 00:30:00,28,Toronto Raptors,Toronto,Raptors,TOR,home,121,45,92,49.0,9,26,35.0,22,30,73.0,10,34,44,28,7,6,18,21,5,0,1,4,Chicago Bulls,122
401736818,2025,2024-12-16,2024-12-17 00:30:00,5,Cleveland Cavaliers,Cleveland,Cavaliers,CLE,away,130,43,81,53.0,19,47,40.0,25,29,86.0,12,30,42,33,14,6,17,19,37,0,2,17,Brooklyn Nets,101
401736818,2025,2024-12-16,2024-12-17 00:30:00,17,Brooklyn Nets,Brooklyn,Nets,BKN,home,101,34,81,42.0,14,34,41.0,19,24,79.0,9,26,35,25,11,2,20,28,7,2,0,5,Cleveland Cavaliers,130
401736815,2025,2024-12-16,2024-12-17 00:00:00,20,Philadelphia 76ers,Philadelphia,76ers,PHI,away,121,41,80,51.0,16,38,42.0,23,30,77.0,9,33,42,21,14,4,20,20,21,0,0,30,Charlotte Hornets,108
401736815,2025,2024-12-16,2024-12-17 00:00:00,30,Charlotte Hornets,Charlotte,Hornets,CHA,home,108,42,83,51.0,12,38,32.0,12,21,57.0,9,29,38,30,12,8,20,27,1,0,1,20,Philadelphia 76ers,121
401736816,2025,2024-12-16,2024-12-17 00:00:00,14,Miami Heat,Miami,Heat,MIA,away,124,45,99,45.0,12,43,28.0,22,24,92.0,9,35,44,30,16,2,13,19,8,0,1,8,Detroit Pistons,125
401736816,2025,2024-12-16,2024-12-17 00:00:00,8,Detroit Pistons,Detroit,Pistons,DET,home,125,44,90,49.0,20,40,50.0,17,23,74.0,7,45,52,32,8,4,21,24,19,1,0,14,Miami Heat,124
401736814,2025,2024-12-15,2024-12-16 02:30:00,29,Memphis Grizzlies,Memphis,Grizzlies,MEM,away,110,38,97,39.0,9,28,32.0,25,30,83.0,17,33,50,25,10,3,20,31,0,1,1,13,Los Angeles Lakers,116
401736814,2025,2024-12-15,2024-12-16 02:30:00,13,Los Angeles Lakers,Los Angeles,Lakers,LAL,home,116,39,82,48.0,10,34,29.0,28,39,72.0,10,34,44,23,10,7,21,27,23,2,0,29,Memphis Grizzlies,110
401737912,2025,2024-12-15,2024-12-16 01:30:00,6,Dallas Mavericks,Dallas,Mavericks,DAL,away,143,52,87,60.0,21,41,51.0,18,25,72.0,10,37,47,36,8,5,15,12,19,1,0,9,Golden State Warriors,133
401737912,2025,2024-12-15,2024-12-16 01:30:00,9,Golden State Warriors,Golden State,Warriors,GS,home,133,49,103,48.0,27,54,50.0,8,11,73.0,15,22,37,39,8,2,10,17,1,0,0,6,Dallas Mavericks,143
401736813,2025,2024-12-15,2024-12-16 01:00:00,22,Portland Trail Blazers,Portland,Trail Blazers,POR,away,109,42,94,45.0,15,49,31.0,10,13,77.0,12,36,48,30,6,4,13,22,5,0,0,21,Phoenix Suns,116
401736813,2025,2024-12-15,2024-12-16 01:00:00,21,Phoenix Suns,Phoenix,Suns,PHX,home,116,43,89,48.0,15,39,38.0,15,19,79.0,12,34,46,23,7,2,11,13,16,0,0,22,Portland Trail Blazers,109
401736812,2025,2024-12-15,2024-12-16 00:00:00,16,Minnesota Timberwolves,Minnesota,Timberwolves,MIN,away,106,40,100,40.0,12,35,34.0,14,16,88.0,14,37,51,26,11,4,12,13,23,0,0,24,San Antonio Spurs,92
401736812,2025,2024-12-15,2024-12-16 00:00:00,24,San Antonio Spurs,San Antonio,Spurs,SA,home,92,37,91,41.0,11,45,24.0,7,9,78.0,12,38,50,34,6,8,18,18,2,1,1,16,Minnesota Timberwolves,106
401736811,2025,2024-12-15,2024-12-15 23:00:00,2,Boston Celtics,Boston,Celtics,BOS,away,112,40,93,43.0,18,46,39.0,14,24,58.0,16,40,56,26,11,5,18,15,22,0,0,27,Washington Wizards,98
401736811,2025,2024-12-15,2024-12-15 23:00:00,27,Washington Wizards,Washington,Wizards,WSH,home,98,40,99,40.0,13,40,32.0,5,8,63.0,17,34,51,22,10,7,16,25,8,0,1,2,Boston Celtics,112
401737902,2025,2024-12-15,2024-12-15 23:00:00,18,New York Knicks,New York,Knicks,NY,away,100,33,71,46.0,10,24,42.0,24,30,80.0,7,38,45,20,8,3,17,16,16,2,1,19,Orlando Magic,91
401737902,2025,2024-12-15,2024-12-15 23:00:00,19,Orlando Magic,Orlando,Magic,ORL,home,91,36,86,42.0,9,30,30.0,10,13,77.0,10,29,39,24,8,10,15,26,3,0,2,18,New York Knicks,100
401736810,2025,2024-12-15,2024-12-15 22:00:00,3,New Orleans Pelicans,New Orleans,Pelicans,NO,away,104,38,97,39.0,10,33,30.0,18,23,78.0,19,30,49,18,11,4,18,19,6,0,2,11,Indiana Pacers,119
401736810,2025,2024-12-15,2024-12-15 22:00:00,11,Indiana Pacers,Indiana,Pacers,IND,home,119,41,81,51.0,16,38,42.0,21,24,88.0,7,36,43,33,10,9,17,21,25,0,1,3,New Orleans Pelicans,104
401734907,2025,2024-12-14,2024-12-15 01:30:00,10,Houston Rockets,Houston,Rockets,HOU,away,96,35,96,36.0,11,46,24.0,15,25,60.0,19,30,49,17,7,3,16,25,7,0,1,25,Oklahoma City Thunder,111
401734907,2025,2024-12-14,2024-12-15 01:30:00,25,Oklahoma City Thunder,Oklahoma City,Thunder,OKC,home,111,36,80,45.0,11,30,37.0,28,32,88.0,4,39,43,19,12,4,12,24,16,0,2,10,Houston Rockets,96
401734906,2025,2024-12-14,2024-12-14 21:30:00,1,Atlanta Hawks,Atlanta,Hawks,ATL,away,102,35,82,43.0,10,24,42.0,22,34,65.0,7,37,44,23,3,6,13,20,6,0,1,15,Milwaukee Bucks,110
401734906,2025,2024-12-14,2024-12-14 21:30:00,15,Milwaukee Bucks,Milwaukee,Bucks,MIL,home,110,39,86,45.0,14,45,31.0,18,27,67.0,6,41,47,28,8,8,12,27,10,1,0,1,Atlanta Hawks,102
401736809,2025,2024-12-13,2024-12-14 03:00:00,24,San Antonio Spurs,San Antonio,Spurs,SA,away,118,44,85,52.0,14,30,47.0,16,21,76.0,13,28,41,32,5,6,14,13,13,1,3,22,Portland Trail Blazers,116
401736809,2025,2024-12-13,2024-12-14 03:00:00,22,Portland Trail Blazers,Portland,Trail Blazers,POR,home,116,42,82,51.0,16,41,39.0,16,17,94.0,8,28,36,25,9,5,13,22,17,3,0,24,San Antonio Spurs,118
401736808,2025,2024-12-13,2024-12-14 02:30:00,21,Phoenix Suns,Phoenix,Suns,PHX,away,134,47,89,53.0,22,45,49.0,18,20,90.0,9,28,37,36,10,7,7,18,12,1,0,26,Utah Jazz,126
401736808,2025,2024-12-13,2024-12-14 02:30:00,26,Utah Jazz,Utah,Jazz,UTAH,home,126,43,77,56.0,22,39,56.0,18,22,82.0,6,28,34,30,5,6,15,17,9,0,0,21,Phoenix Suns,134
401736807,2025,2024-12-13,2024-12-14 02:00:00,12,LA Clippers,LA,Clippers,LAC,away,98,37,83,45.0,14,41,34.0,10,18,56.0,5,26,31,24,18,2,19,22,6,0,0,7,Denver Nuggets,120
401736807,2025,2024-12-13,2024-12-14 02:00:00,7,Denver Nuggets,Denver,Nuggets,DEN,home,120,42,77,55.0,10,29,34.0,26,32,81.0,5,41,46,23,15,2,21,16,25,1,0,12,LA Clippers,98
401736804,2025,2024-12-13,2024-12-14 01:00:00,13,Los Angeles Lakers,Los Angeles,Lakers,LAL,away,87,33,86,38.0,10,35,29.0,11,17,65.0,15,38,53,17,7,6,21,21,0,1,0,16,Minnesota Timberwolves,97
401736804,2025,2024-12-13,2024-12-14 01:00:00,16,Minnesota Timberwolves,Minnesota,Timberwolves,MIN,home,97,35,87,40.0,9,32,28.0,18,24,75.0,11,37,48,18,12,5,13,14,17,1,2,13,Los Angeles Lakers,87
401736805,2025,2024-12-13,2024-12-14 01:00:00,17,Brooklyn Nets,Brooklyn,Nets,BKN,away,119,42,92,46.0,20,53,38.0,15,19,79.0,8,33,41,30,9,7,16,20,2,2,4,29,Memphis Grizzlies,135
401736805,2025,2024-12-13,2024-12-14 01:00:00,29,Memphis Grizzlies,Memphis,Grizzlies,MEM,home,135,52,99,53.0,17,36,47.0,14,21,67.0,12,37,49,33,9,4,13,19,21,0,4,17,Brooklyn Nets,119
401736806,2025,2024-12-13,2024-12-14 01:00:00,30,Charlotte Hornets,Charlotte,Hornets,CHA,away,95,35,98,36.0,8,46,17.0,17,21,81.0,17,37,54,22,7,5,16,20,2,1,1,4,Chicago Bulls,109
401736806,2025,2024-12-13,2024-12-14 01:00:00,4,Chicago Bulls,Chicago,Bulls,CHI,home,109,37,93,40.0,14,51,27.0,21,25,84.0,14,38,52,27,12,11,16,19,21,0,0,30,Charlotte Hornets,95
401736802,2025,2024-12-13,2024-12-14 00:00:00,27,Washington Wizards,Washington,Wizards,WSH,away,105,41,86,48.0,14,40,35.0,9,11,82.0,6,38,44,24,7,7,17,28,9,1,1,5,Cleveland Cavaliers,115
401736802,2025,2024-12-13,2024-12-14 00:00:00,5,Cleveland Cavaliers,Cleveland,Cavaliers,CLE,home,115,36,91,40.0,15,50,30.0,28,40,70.0,16,34,50,27,10,5,11,14,12,0,0,27,Washington Wizards,105
401736803,2025,2024-12-13,2024-12-14 00:00:00,11,Indiana Pacers,Indiana,Pacers,IND,away,121,47,91,52.0,14,38,37.0,13,17,76.0,8,33,41,35,9,4,10,21,19,0,0,20,Philadelphia 76ers,107
401736803,2025,2024-12-13,2024-12-14 00:00:00,20,Philadelphia 76ers,Philadelphia,76ers,PHI,home,107,37,85,44.0,10,25,40.0,23,32,72.0,15,32,47,18,5,4,15,16,7,0,0,11,Indiana Pacers,121
401736801,2025,2024-12-12,2024-12-13 01:00:00,23,Sacramento Kings,Sacramento,Kings,SAC,away,111,37,92,40.0,10,33,30.0,27,29,93.0,17,33,50,24,12,2,11,19,14,0,0,3,New Orleans Pelicans,109
401736801,2025,2024-12-12,2024-12-13 01:00:00,3,New Orleans Pelicans,New Orleans,Pelicans,NO,home,109,39,83,47.0,14,37,38.0,17,20,85.0,10,33,43,22,6,4,17,22,6,0,0,23,Sacramento Kings,111
401736799,2025,2024-12-12,2024-12-13 00:30:00,8,Detroit Pistons,Detroit,Pistons,DET,away,99,42,98,43.0,7,37,19.0,8,10,80.0,9,34,43,27,8,4,8,12,2,0,1,2,Boston Celtics,123
401736799,2025,2024-12-12,2024-12-13 00:30:00,2,Boston Celtics,Boston,Celtics,BOS,home,123,46,90,51.0,20,48,42.0,11,13,85.0,8,43,51,34,6,4,14,9,32,0,0,8,Detroit Pistons,99
401736800,2025,2024-12-12,2024-12-13 00:30:00,28,Toronto Raptors,Toronto,Raptors,TOR,away,104,41,92,45.0,11,32,34.0,11,15,73.0,9,33,42,29,8,5,11,24,16,1,1,14,Miami Heat,114
401736800,2025,2024-12-12,2024-12-13 00:30:00,14,Miami Heat,Miami,Heat,MIA,home,114,40,83,48.0,13,32,41.0,21,32,66.0,11,41,52,21,4,3,15,11,20,2,0,28,Toronto Raptors,104
401734905,2025,2024-12-11,2024-12-12 02:30:00,9,Golden State Warriors,Golden State,Warriors,GS,away,90,37,84,44.0,12,38,32.0,4,9,44.0,11,28,39,22,13,8,15,11,7,7,0,10,Houston Rockets,91
401734905,2025,2024-12-11,2024-12-12 02:30:00,10,Houston Rockets,Houston,Rockets,HOU,home,91,38,83,46.0,6,27,22.0,9,10,90.0,7,29,36,23,10,5,16,14,14,1,0,9,Golden State Warriors,90
401734904,2025,2024-12-11,2024-12-12 00:00:00,1,Atlanta Hawks,Atlanta,Hawks,ATL,away,108,43,104,41.0,9,31,29.0,13,20,65.0,22,36,58,27,5,7,10,13,14,1,0,18,New York Knicks,100
401734904,2025,2024-12-11,2024-12-12 00:00:00,18,New York Knicks,New York,Knicks,NY,home,100,40,93,43.0,11,42,26.0,9,15,60.0,12,37,49,27,8,11,12,14,12,3,0,1,Atlanta Hawks,108
401734903,2025,2024-12-10,2024-12-11 02:30:00,6,Dallas Mavericks,Dallas,Mavericks,DAL,away,104,38,80,48.0,15,36,42.0,13,19,68.0,7,37,44,25,10,2,18,12,8,1,0,25,Oklahoma City Thunder,118
401734903,2025,2024-12-10,2024-12-11 02:30:00,25,Oklahoma City Thunder,Oklahoma City,Thunder,OKC,home,118,46,101,46.0,20,50,40.0,6,7,86.0,17,35,52,29,14,5,13,17,20,1,0,6,Dallas Mavericks,104
401734902,2025,2024-12-10,2024-12-11 00:00:00,19,Orlando Magic,Orlando,Magic,ORL,away,109,41,93,44.0,6,27,22.0,21,27,78.0,15,31,46,19,11,4,13,21,11,1,0,15,Milwaukee Bucks,114
401734902,2025,2024-12-10,2024-12-11 00:00:00,15,Milwaukee Bucks,Milwaukee,Bucks,MIL,home,114,42,77,55.0,11,30,37.0,19,25,76.0,5,32,37,27,9,6,16,17,10,0,1,19,Orlando Magic,109
401704925,2025,2024-12-09,2024-12-10 00:30:00,18,New York Knicks,New York,Knicks,NY,away,113,42,82,51.0,17,40,43.0,12,19,63.0,6,34,40,32,7,7,10,13,11,0,0,28,Toronto Raptors,108
401704925,2025,2024-12-09,2024-12-10 00:30:00,28,Toronto Raptors,Toronto,Raptors,TOR,home,108,43,96,45.0,13,35,37.0,9,11,82.0,17,34,51,23,4,4,12,16,6,1,0,18,New York Knicks,113
401704924,2025,2024-12-08,2024-12-09 02:30:00,22,Portland Trail Blazers,Portland,Trail Blazers,POR,away,98,35,84,42.0,9,36,25.0,19,21,90.0,12,37,49,17,4,3,17,19,8,1,0,13,Los Angeles Lakers,107
401704924,2025,2024-12-08,2024-12-09 02:30:00,13,Los Angeles Lakers,Los Angeles,Lakers,LAL,home,107,38,83,46.0,13,34,38.0,18,21,86.0,8,32,40,25,14,7,11,20,20,0,0,22,Portland Trail Blazers,98
401704922,2025,2024-12-08,2024-12-09 02:00:00,10,Houston Rockets,Houston,Rockets,HOU,away,117,40,82,49.0,15,41,37.0,22,26,85.0,12,38,50,23,4,4,15,16,16,0,2,12,LA Clippers,106
401704922,2025,2024-12-08,2024-12-09 02:00:00,12,LA Clippers,LA,Clippers,LAC,home,106,41,92,45.0,11,34,32.0,13,16,81.0,7,26,33,21,11,3,7,24,5,1,0,10,Houston Rockets,117
401704923,2025,2024-12-08,2024-12-09 02:00:00,26,Utah Jazz,Utah,Jazz,UTAH,away,97,31,80,39.0,15,42,36.0,20,21,95.0,9,29,38,21,6,6,20,17,0,0,0,23,Sacramento Kings,141
401704923,2025,2024-12-08,2024-12-09 02:00:00,23,Sacramento Kings,Sacramento,Kings,SAC,home,141,57,100,57.0,22,44,50.0,5,8,63.0,9,34,43,39,10,7,8,17,46,0,0,26,Utah Jazz,97
401704921,2025,2024-12-08,2024-12-09 01:30:00,16,Minnesota Timberwolves,Minnesota,Timberwolves,MIN,away,106,36,79,46.0,19,42,45.0,15,20,75.0,7,32,39,22,6,8,14,18,12,2,1,9,Golden State Warriors,114
401704921,2025,2024-12-08,2024-12-09 01:30:00,9,Golden State Warriors,Golden State,Warriors,GS,home,114,42,90,47.0,16,41,39.0,14,20,70.0,14,31,45,28,8,6,11,20,11,2,0,16,Minnesota Timberwolves,106
401704919,2025,2024-12-08,2024-12-09 00:00:00,29,Memphis Grizzlies,Memphis,Grizzlies,MEM,away,140,50,96,52.0,17,43,40.0,23,29,79.0,12,34,46,34,12,8,16,20,35,2,1,27,Washington Wizards,112
401704919,2025,2024-12-08,2024-12-09 00:00:00,27,Washington Wizards,Washington,Wizards,WSH,home,112,43,100,43.0,6,32,19.0,20,22,91.0,20,32,52,20,10,5,21,25,2,0,0,29,Memphis Grizzlies,140
401704920,2025,2024-12-08,2024-12-09 00:00:00,3,New Orleans Pelicans,New Orleans,Pelicans,NO,away,116,43,99,43.0,13,38,34.0,17,21,81.0,13,30,43,26,9,8,8,21,8,0,0,24,San Antonio Spurs,121
401704920,2025,2024-12-08,2024-12-09 00:00:00,24,San Antonio Spurs,San Antonio,Spurs,SA,home,121,42,93,45.0,12,39,31.0,25,31,81.0,16,39,55,27,7,11,13,18,11,0,1,3,New Orleans Pelicans,116
401704918,2025,2024-12-08,2024-12-08 23:30:00,21,Phoenix Suns,Phoenix,Suns,PHX,away,110,39,83,47.0,13,28,46.0,19,22,86.0,9,30,39,24,7,6,19,24,12,2,0,19,Orlando Magic,115
401704918,2025,2024-12-08,2024-12-08 23:30:00,19,Orlando Magic,Orlando,Magic,ORL,home,115,42,88,48.0,12,36,33.0,19,30,63.0,14,30,44,17,11,6,13,19,7,0,2,21,Phoenix Suns,110
401704916,2025,2024-12-08,2024-12-08 23:00:00,7,Denver Nuggets,Denver,Nuggets,DEN,away,141,56,89,63.0,12,27,44.0,17,24,71.0,7,36,43,43,9,5,18,22,32,2,0,1,Atlanta Hawks,111
401704916,2025,2024-12-08,2024-12-08 23:00:00,1,Atlanta Hawks,Atlanta,Hawks,ATL,home,111,41,101,41.0,9,40,22.0,20,27,74.0,19,26,45,26,12,2,12,22,0,0,0,7,Denver Nuggets,141
401704917,2025,2024-12-08,2024-12-08 23:00:00,5,Cleveland Cavaliers,Cleveland,Cavaliers,CLE,away,113,41,86,48.0,14,33,42.0,17,18,94.0,5,31,36,25,5,1,9,18,6,0,0,14,Miami Heat,122
401704917,2025,2024-12-08,2024-12-08 23:00:00,14,Miami Heat,Miami,Heat,MIA,home,122,41,86,48.0,16,37,43.0,24,26,92.0,10,37,47,27,4,4,11,15,15,1,0,5,Cleveland Cavaliers,113
401704915,2025,2024-12-08,2024-12-08 22:00:00,30,Charlotte Hornets,Charlotte,Hornets,CHA,away,113,40,78,51.0,14,29,48.0,19,26,73.0,10,35,45,24,11,3,24,18,9,1,0,11,Indiana Pacers,109
401704915,2025,2024-12-08,2024-12-08 22:00:00,11,Indiana Pacers,Indiana,Pacers,IND,home,109,42,82,51.0,12,36,33.0,13,15,87.0,3,26,29,23,9,7,17,19,2,0,0,30,Charlotte Hornets,113
401704914,2025,2024-12-08,2024-12-08 20:30:00,15,Milwaukee Bucks,Milwaukee,Bucks,MIL,away,118,39,68,57.0,15,31,48.0,25,32,78.0,3,28,31,26,6,7,16,18,7,0,2,17,Brooklyn Nets,113
401704914,2025,2024-12-08,2024-12-08 20:30:00,17,Brooklyn Nets,Brooklyn,Nets,BKN,home,113,41,81,51.0,16,35,46.0,15,16,94.0,7,23,30,24,9,3,9,25,12,4,2,15,Milwaukee Bucks,118
401704913,2025,2024-12-08,2024-12-08 18:00:00,20,Philadelphia 76ers,Philadelphia,76ers,PHI,away,108,43,92,47.0,9,36,25.0,13,14,93.0,10,46,56,25,8,5,15,15,19,1,0,4,Chicago Bulls,100
401704913,2025,2024-12-08,2024-12-08 18:00:00,4,Chicago Bulls,Chicago,Bulls,CHI,home,100,35,86,41.0,19,54,35.0,11,12,92.0,2,33,35,29,9,3,15,18,10,0,0,20,Philadelphia 76ers,108
401704911,2025,2024-12-07,2024-12-08 01:00:00,29,Memphis Grizzlies,Memphis,Grizzlies,MEM,away,127,47,94,50.0,15,33,45.0,18,23,78.0,11,41,52,25,13,7,13,25,14,0,0,2,Boston Celtics,121
401704911,2025,2024-12-07,2024-12-08 01:00:00,2,Boston Celtics,Boston,Celtics,BOS,home,121,42,105,40.0,18,60,30.0,19,28,68.0,15,36,51,26,6,7,13,16,4,0,0,29,Memphis Grizzlies,127
401704912,2025,2024-12-07,2024-12-08 01:00:00,21,Phoenix Suns,Phoenix,Suns,PHX,away,111,36,82,44.0,16,41,39.0,23,25,92.0,13,28,41,29,8,3,14,20,5,0,1,14,Miami Heat,121
401704912,2025,2024-12-07,2024-12-08 01:00:00,14,Miami Heat,Miami,Heat,MIA,home,121,45,86,52.0,13,32,41.0,18,23,78.0,11,30,41,30,9,4,11,20,13,1,0,21,Phoenix Suns,111
401704909,2025,2024-12-07,2024-12-08 00:30:00,8,Detroit Pistons,Detroit,Pistons,DET,away,120,43,83,52.0,18,36,50.0,16,19,84.0,9,34,43,28,7,0,18,20,17,1,0,18,New York Knicks,111
401704909,2025,2024-12-07,2024-12-08 00:30:00,18,New York Knicks,New York,Knicks,NY,home,111,42,79,53.0,11,34,32.0,16,27,59.0,4,27,31,27,11,5,15,12,0,0,3,8,Detroit Pistons,120
401704910,2025,2024-12-07,2024-12-08 00:30:00,6,Dallas Mavericks,Dallas,Mavericks,DAL,away,125,38,81,47.0,17,45,38.0,32,37,86.0,14,38,52,21,10,8,18,16,24,0,0,28,Toronto Raptors,118
401704910,2025,2024-12-07,2024-12-08 00:30:00,28,Toronto Raptors,Toronto,Raptors,TOR,home,118,43,93,46.0,15,39,38.0,17,18,94.0,8,31,39,37,13,3,13,22,5,0,1,6,Dallas Mavericks,125
401704907,2025,2024-12-07,2024-12-08 00:00:00,7,Denver Nuggets,Denver,Nuggets,DEN,away,113,46,95,48.0,5,25,20.0,16,27,59.0,16,32,48,34,11,6,15,23,2,0,0,27,Washington Wizards,122
401704907,2025,2024-12-07,2024-12-08 00:00:00,27,Washington Wizards,Washington,Wizards,WSH,home,122,45,93,48.0,16,41,39.0,16,22,73.0,15,31,46,31,9,12,17,21,15,0,0,7,Denver Nuggets,113
401704908,2025,2024-12-07,2024-12-08 00:00:00,25,Oklahoma City Thunder,Oklahoma City,Thunder,OKC,away,119,45,85,53.0,12,32,38.0,17,21,81.0,10,35,45,27,13,3,18,24,30,2,0,3,New Orleans Pelicans,109
401704908,2025,2024-12-07,2024-12-08 00:00:00,3,New Orleans Pelicans,New Orleans,Pelicans,NO,home,109,38,79,48.0,11,37,30.0,22,27,81.0,8,27,35,25,15,6,18,20,0,0,1,25,Oklahoma City Thunder,119
401704906,2025,2024-12-07,2024-12-07 18:00:00,5,Cleveland Cavaliers,Cleveland,Cavaliers,CLE,away,116,42,84,50.0,14,38,37.0,18,24,75.0,14,33,47,28,6,6,11,20,22,1,3,30,Charlotte Hornets,102
401704906,2025,2024-12-07,2024-12-07 18:00:00,30,Charlotte Hornets,Charlotte,Hornets,CHA,home,102,37,86,43.0,11,39,28.0,17,19,89.0,10,27,37,21,6,5,10,27,1,1,0,5,Cleveland Cavaliers,116
401704904,2025,2024-12-06,2024-12-07 03:00:00,16,Minnesota Timberwolves,Minnesota,Timberwolves,MIN,away,107,40,88,45.0,14,42,33.0,13,14,93.0,9,39,48,32,12,6,17,14,23,4,0,9,Golden State Warriors,90
401704904,2025,2024-12-06,2024-12-07 03:00:00,9,Golden State Warriors,Golden State,Warriors,GS,home,90,32,82,39.0,11,39,28.0,15,17,88.0,10,31,41,21,9,4,22,11,7,0,1,16,Minnesota Timberwolves,107
401704905,2025,2024-12-06,2024-12-07 03:00:00,26,Utah Jazz,Utah,Jazz,UTAH,away,141,53,96,55.0,14,32,44.0,21,23,91.0,11,50,61,34,6,11,12,17,46,2,0,22,Portland Trail Blazers,99
401704905,2025,2024-12-06,2024-12-07 03:00:00,22,Portland Trail Blazers,Portland,Trail Blazers,POR,home,99,37,95,39.0,14,47,30.0,11,17,65.0,6,28,34,23,4,7,10,22,1,1,0,26,Utah Jazz,141
401704902,2025,2024-12-06,2024-12-07 01:00:00,11,Indiana Pacers,Indiana,Pacers,IND,away,132,52,92,57.0,18,30,60.0,10,12,83.0,7,39,46,33,9,4,12,10,16,1,1,4,Chicago Bulls,123
401704902,2025,2024-12-06,2024-12-07 01:00:00,4,Chicago Bulls,Chicago,Bulls,CHI,home,123,46,97,47.0,21,50,42.0,10,12,83.0,8,30,38,33,8,6,12,13,6,0,0,11,Indiana Pacers,132
401704903,2025,2024-12-06,2024-12-07 01:00:00,23,Sacramento Kings,Sacramento,Kings,SAC,away,140,51,90,57.0,16,34,47.0,22,24,92.0,7,37,44,33,7,6,11,20,27,0,0,24,San Antonio Spurs,113
401704903,2025,2024-12-06,2024-12-07 01:00:00,24,San Antonio Spurs,San Antonio,Spurs,SA,home,113,39,91,43.0,14,41,34.0,21,30,70.0,12,30,42,28,8,5,14,20,13,0,2,23,Sacramento Kings,140
401704900,2025,2024-12-06,2024-12-07 00:30:00,13,Los Angeles Lakers,Los Angeles,Lakers,LAL,away,132,51,99,52.0,16,35,46.0,14,16,88.0,6,34,40,33,11,10,13,24,11,2,0,1,Atlanta Hawks,134
401704900,2025,2024-12-06,2024-12-07 00:30:00,1,Atlanta Hawks,Atlanta,Hawks,ATL,home,134,50,100,50.0,17,40,43.0,17,22,77.0,11,37,48,40,10,5,17,24,6,0,0,13,Los Angeles Lakers,132
401704901,2025,2024-12-06,2024-12-07 00:30:00,15,Milwaukee Bucks,Milwaukee,Bucks,MIL,away,105,40,94,43.0,11,29,38.0,14,17,82.0,12,39,51,16,4,2,9,16,6,0,1,2,Boston Celtics,111
401704901,2025,2024-12-06,2024-12-07 00:30:00,2,Boston Celtics,Boston,Celtics,BOS,home,111,40,87,46.0,17,53,32.0,14,16,88.0,7,34,41,27,5,6,6,18,8,0,1,15,Milwaukee Bucks,105
401704899,2025,2024-12-06,2024-12-07 00:00:00,19,Orlando Magic,Orlando,Magic,ORL,away,94,33,78,42.0,13,46,28.0,15,17,88.0,8,30,38,21,8,6,19,23,4,2,0,20,Philadelphia 76ers,102
401704899,2025,2024-12-06,2024-12-07 00:00:00,20,Philadelphia 76ers,Philadelphia,76ers,PHI,home,102,38,79,48.0,7,26,27.0,19,29,66.0,10,27,37,23,11,0,15,19,17,1,0,19,Orlando Magic,94
401704898,2025,2024-12-05,2024-12-06 03:00:00,10,Houston Rockets,Houston,Rockets,HOU,away,93,35,93,38.0,10,38,26.0,13,17,76.0,11,34,45,20,9,9,8,20,5,0,0,9,Golden State Warriors,99
401704898,2025,2024-12-05,2024-12-06 03:00:00,9,Golden State Warriors,Golden State,Warriors,GS,home,99,36,86,42.0,9,28,32.0,18,27,67.0,11,43,54,19,5,3,10,16,15,0,0,10,Houston Rockets,93
401704895,2025,2024-12-05,2024-12-06 01:00:00,23,Sacramento Kings,Sacramento,Kings,SAC,away,110,39,98,40.0,8,35,23.0,24,28,86.0,14,32,46,19,11,1,13,23,12,0,0,29,Memphis Grizzlies,115
401704895,2025,2024-12-05,2024-12-06 01:00:00,29,Memphis Grizzlies,Memphis,Grizzlies,MEM,home,115,38,80,48.0,13,38,34.0,26,32,81.0,9,40,49,27,9,5,22,21,8,0,2,23,Sacramento Kings,110
401704896,2025,2024-12-05,2024-12-06 01:00:00,21,Phoenix Suns,Phoenix,Suns,PHX,away,124,43,85,51.0,17,45,38.0,21,26,81.0,10,36,46,32,10,3,17,15,13,0,2,3,New Orleans Pelicans,126
401704896,2025,2024-12-05,2024-12-06 01:00:00,3,New Orleans Pelicans,New Orleans,Pelicans,NO,home,126,47,95,49.0,14,36,39.0,18,25,72.0,12,32,44,23,13,4,13,24,10,0,1,21,Phoenix Suns,124
401704897,2025,2024-12-05,2024-12-06 01:00:00,4,Chicago Bulls,Chicago,Bulls,CHI,away,139,52,90,58.0,17,37,46.0,18,23,78.0,11,39,50,36,6,5,17,26,21,2,2,24,San Antonio Spurs,124
401704897,2025,2024-12-05,2024-12-06 01:00:00,24,San Antonio Spurs,San Antonio,Spurs,SA,home,124,44,95,46.0,8,28,29.0,28,39,72.0,15,26,41,26,11,4,11,17,0,0,3,4,Chicago Bulls,139
401704893,2025,2024-12-05,2024-12-06 00:30:00,30,Charlotte Hornets,Charlotte,Hornets,CHA,away,101,40,89,45.0,15,39,38.0,6,10,60.0,10,30,40,27,3,4,10,22,13,1,0,18,New York Knicks,125
401704893,2025,2024-12-05,2024-12-06 00:30:00,18,New York Knicks,New York,Knicks,NY,home,125,41,76,54.0,18,33,55.0,25,32,78.0,6,37,43,29,7,4,9,13,28,0,0,30,Charlotte Hornets,101
401704894,2025,2024-12-05,2024-12-06 00:30:00,25,Oklahoma City Thunder,Oklahoma City,Thunder,OKC,away,129,49,102,48.0,17,47,36.0,14,17,82.0,13,42,55,28,15,11,6,16,39,0,0,28,Toronto Raptors,92
401704894,2025,2024-12-05,2024-12-06 00:30:00,28,Toronto Raptors,Toronto,Raptors,TOR,home,92,32,90,36.0,11,45,24.0,17,20,85.0,12,39,51,24,5,7,20,16,3,0,0,25,Oklahoma City Thunder,129
401704891,2025,2024-12-05,2024-12-06 00:00:00,7,Denver Nuggets,Denver,Nuggets,DEN,away,114,46,96,48.0,6,24,25.0,16,22,73.0,9,40,49,25,12,5,15,13,4,1,0,5,Cleveland Cavaliers,126
401704891,2025,2024-12-05,2024-12-06 00:00:00,5,Cleveland Cavaliers,Cleveland,Cavaliers,CLE,home,126,47,94,50.0,22,48,46.0,10,16,63.0,9,38,47,32,9,3,15,17,18,2,0,7,Denver Nuggets,114
401704892,2025,2024-12-05,2024-12-06 00:00:00,6,Dallas Mavericks,Dallas,Mavericks,DAL,away,137,48,89,54.0,20,38,53.0,21,27,78.0,13,45,58,27,8,12,15,16,42,1,1,27,Washington Wizards,101
401704892,2025,2024-12-05,2024-12-06 00:00:00,27,Washington Wizards,Washington,Wizards,WSH,home,101,39,99,39.0,13,40,32.0,10,15,67.0,12,27,39,25,10,3,12,19,3,0,1,6,Dallas Mavericks,137
401704890,2025,2024-12-04,2024-12-05 03:30:00,16,Minnesota Timberwolves,Minnesota,Timberwolves,MIN,away,108,41,85,48.0,16,44,36.0,10,18,56.0,7,43,50,31,15,5,14,16,41,1,1,12,LA Clippers,80
401704890,2025,2024-12-04,2024-12-05 03:30:00,12,LA Clippers,LA,Clippers,LAC,home,80,29,83,35.0,11,40,28.0,11,13,85.0,10,36,46,13,7,2,21,16,1,2,0,16,Minnesota Timberwolves,108
401704889,2025,2024-12-04,2024-12-05 01:00:00,1,Atlanta Hawks,Atlanta,Hawks,ATL,away,119,45,102,44.0,9,32,28.0,20,22,91.0,15,39,54,29,16,3,11,25,20,3,0,15,Milwaukee Bucks,104
401704889,2025,2024-12-04,2024-12-05 01:00:00,15,Milwaukee Bucks,Milwaukee,Bucks,MIL,home,104,33,78,42.0,15,45,33.0,23,35,66.0,8,32,40,23,7,4,18,22,10,0,1,1,Atlanta Hawks,119
401704885,2025,2024-12-04,2024-12-05 00:30:00,8,Detroit Pistons,Detroit,Pistons,DET,away,120,43,84,51.0,20,39,51.0,14,18,78.0,8,26,34,27,10,5,18,21,0,1,1,2,Boston Celtics,130
401704885,2025,2024-12-04,2024-12-05 00:30:00,2,Boston Celtics,Boston,Celtics,BOS,home,130,45,94,48.0,21,53,40.0,19,25,76.0,14,29,43,30,11,7,16,14,20,0,1,8,Detroit Pistons,120
401704886,2025,2024-12-04,2024-12-05 00:30:00,11,Indiana Pacers,Indiana,Pacers,IND,away,90,32,75,43.0,8,33,24.0,18,22,82.0,5,34,39,20,6,10,16,19,3,0,0,17,Brooklyn Nets,99
401704886,2025,2024-12-04,2024-12-05 00:30:00,17,Brooklyn Nets,Brooklyn,Nets,BKN,home,99,35,81,43.0,12,36,33.0,17,23,74.0,7,36,43,24,12,6,12,18,21,5,0,11,Indiana Pacers,90
401704887,2025,2024-12-04,2024-12-05 00:30:00,13,Los Angeles Lakers,Los Angeles,Lakers,LAL,away,93,37,88,42.0,5,22,23.0,14,19,74.0,12,24,36,29,9,4,13,8,3,0,1,14,Miami Heat,134
401704887,2025,2024-12-04,2024-12-05 00:30:00,14,Miami Heat,Miami,Heat,MIA,home,134,52,90,58.0,24,47,51.0,6,9,67.0,13,39,52,42,11,5,15,16,43,1,0,13,Los Angeles Lakers,93
401704888,2025,2024-12-04,2024-12-05 00:30:00,19,Orlando Magic,Orlando,Magic,ORL,away,106,41,84,49.0,8,29,28.0,16,21,76.0,16,26,42,21,13,7,13,18,15,1,0,20,Philadelphia 76ers,102
401704888,2025,2024-12-04,2024-12-05 00:30:00,20,Philadelphia 76ers,Philadelphia,76ers,PHI,home,102,40,82,49.0,11,30,37.0,11,19,58.0,10,25,35,23,9,1,14,19,6,0,0,19,Orlando Magic,106
401703429,2025,2024-12-03,2024-12-04 03:30:00,22,Portland Trail Blazers,Portland,Trail Blazers,POR,away,105,41,80,51.0,10,29,34.0,13,16,81.0,11,18,29,25,6,4,15,15,2,3,0,12,LA Clippers,127
401703429,2025,2024-12-03,2024-12-04 03:30:00,12,LA Clippers,LA,Clippers,LAC,home,127,47,85,55.0,19,37,51.0,14,17,82.0,11,24,35,29,8,8,13,14,26,1,0,22,Portland Trail Blazers,105
401703427,2025,2024-12-03,2024-12-04 03:00:00,9,Golden State Warriors,Golden State,Warriors,GS,away,115,44,95,46.0,12,38,32.0,15,21,71.0,11,37,48,36,12,3,14,25,12,1,0,7,Denver Nuggets,119
401703427,2025,2024-12-03,2024-12-04 03:00:00,7,Denver Nuggets,Denver,Nuggets,DEN,home,119,40,79,51.0,11,24,46.0,28,35,80.0,4,34,38,32,9,5,15,15,8,0,0,9,Golden State Warriors,115
401703428,2025,2024-12-03,2024-12-04 03:00:00,10,Houston Rockets,Houston,Rockets,HOU,away,111,41,93,44.0,14,39,36.0,15,21,71.0,18,35,53,14,6,1,15,23,11,1,5,23,Sacramento Kings,120
401703428,2025,2024-12-03,2024-12-04 03:00:00,23,Sacramento Kings,Sacramento,Kings,SAC,home,120,47,91,52.0,14,30,47.0,12,20,60.0,10,24,34,33,7,8,10,20,15,0,1,10,Houston Rockets,111
401703426,2025,2024-12-03,2024-12-04 02:00:00,24,San Antonio Spurs,San Antonio,Spurs,SA,away,93,35,100,35.0,8,44,18.0,15,20,75.0,18,35,53,26,9,2,14,17,0,0,0,21,Phoenix Suns,104
401703426,2025,2024-12-03,2024-12-04 02:00:00,21,Phoenix Suns,Phoenix,Suns,PHX,home,104,38,78,49.0,11,32,34.0,17,21,81.0,2,42,44,26,10,5,12,16,17,2,0,24,San Antonio Spurs,93
401703425,2025,2024-12-03,2024-12-04 01:30:00,29,Memphis Grizzlies,Memphis,Grizzlies,MEM,away,116,45,97,46.0,13,40,32.0,13,14,93.0,13,26,39,27,15,3,19,29,15,0,0,6,Dallas Mavericks,121
401703425,2025,2024-12-03,2024-12-04 01:30:00,6,Dallas Mavericks,Dallas,Mavericks,DAL,home,121,39,81,48.0,13,32,41.0,30,44,68.0,14,35,49,24,8,8,25,23,10,0,2,29,Memphis Grizzlies,116
401703424,2025,2024-12-03,2024-12-04 01:00:00,26,Utah Jazz,Utah,Jazz,UTAH,away,106,38,70,54.0,13,35,37.0,17,22,77.0,11,25,36,21,3,6,29,14,9,0,0,25,Oklahoma City Thunder,133
401703424,2025,2024-12-03,2024-12-04 01:00:00,25,Oklahoma City Thunder,Oklahoma City,Thunder,OKC,home,133,53,102,52.0,17,47,36.0,10,11,91.0,15,19,34,32,18,3,8,23,33,0,0,26,Utah Jazz,106
401703422,2025,2024-12-03,2024-12-04 00:30:00,19,Orlando Magic,Orlando,Magic,ORL,away,106,38,87,44.0,9,39,23.0,21,25,84.0,9,29,38,20,9,4,15,19,8,1,1,18,New York Knicks,121
401703422,2025,2024-12-03,2024-12-04 00:30:00,18,New York Knicks,New York,Knicks,NY,home,121,43,85,51.0,15,35,43.0,20,20,100.0,5,34,39,30,6,4,17,25,37,2,1,19,Orlando Magic,106
401703423,2025,2024-12-03,2024-12-04 00:30:00,11,Indiana Pacers,Indiana,Pacers,IND,away,111,38,84,45.0,12,30,40.0,23,28,82.0,9,25,34,21,8,6,20,23,0,1,1,28,Toronto Raptors,122
401703423,2025,2024-12-03,2024-12-04 00:30:00,28,Toronto Raptors,Toronto,Raptors,TOR,home,122,44,81,54.0,13,33,39.0,21,29,72.0,6,36,42,28,9,4,21,26,24,0,0,11,Indiana Pacers,111
401703419,2025,2024-12-03,2024-12-04 00:00:00,20,Philadelphia 76ers,Philadelphia,76ers,PHI,away,110,38,82,46.0,16,40,40.0,18,20,90.0,8,23,31,26,9,3,12,22,19,0,0,30,Charlotte Hornets,104
401703419,2025,2024-12-03,2024-12-04 00:00:00,30,Charlotte Hornets,Charlotte,Hornets,CHA,home,104,34,77,44.0,13,34,38.0,23,28,82.0,15,32,47,22,5,3,15,17,3,4,1,20,Philadelphia 76ers,110
401703420,2025,2024-12-03,2024-12-04 00:00:00,27,Washington Wizards,Washington,Wizards,WSH,away,87,32,83,39.0,4,26,15.0,19,25,76.0,13,39,52,18,4,8,20,21,0,1,0,5,Cleveland Cavaliers,118
401703420,2025,2024-12-03,2024-12-04 00:00:00,5,Cleveland Cavaliers,Cleveland,Cavaliers,CLE,home,118,43,89,48.0,16,46,35.0,16,25,64.0,7,38,45,31,11,4,11,20,31,0,1,27,Washington Wizards,87
401703421,2025,2024-12-03,2024-12-04 00:00:00,15,Milwaukee Bucks,Milwaukee,Bucks,MIL,away,128,45,80,56.0,23,41,56.0,15,21,71.0,4,32,36,26,10,6,16,17,26,2,0,8,Detroit Pistons,107
401703421,2025,2024-12-03,2024-12-04 00:00:00,8,Detroit Pistons,Detroit,Pistons,DET,home,107,40,87,46.0,11,33,33.0,16,22,73.0,13,28,41,22,11,7,18,21,4,0,2,15,Milwaukee Bucks,128
401704883,2025,2024-12-02,2024-12-03 01:00:00,17,Brooklyn Nets,Brooklyn,Nets,BKN,away,102,38,95,40.0,14,42,33.0,12,15,80.0,10,31,41,24,9,5,10,19,6,3,1,4,Chicago Bulls,128
401704883,2025,2024-12-02,2024-12-03 01:00:00,4,Chicago Bulls,Chicago,Bulls,CHI,home,128,48,92,52.0,16,47,34.0,16,19,84.0,11,43,54,33,8,5,16,16,29,1,0,17,Brooklyn Nets,102
401704884,2025,2024-12-02,2024-12-03 01:00:00,13,Los Angeles Lakers,Los Angeles,Lakers,LAL,away,80,32,79,41.0,6,31,19.0,10,14,71.0,9,30,39,19,8,2,20,16,4,1,0,16,Minnesota Timberwolves,109
401704884,2025,2024-12-02,2024-12-03 01:00:00,16,Minnesota Timberwolves,Minnesota,Timberwolves,MIN,home,109,41,81,51.0,15,35,43.0,12,15,80.0,7,36,43,31,11,2,15,17,29,0,0,13,Los Angeles Lakers,80
401704881,2025,2024-12-02,2024-12-03 00:30:00,3,New Orleans Pelicans,New Orleans,Pelicans,NO,away,112,44,100,44.0,13,42,31.0,11,17,65.0,15,26,41,21,15,5,16,18,9,0,0,1,Atlanta Hawks,124
401704881,2025,2024-12-02,2024-12-03 00:30:00,1,Atlanta Hawks,Atlanta,Hawks,ATL,home,124,49,96,51.0,10,38,26.0,16,20,80.0,11,40,51,30,12,4,18,15,12,0,1,3,New Orleans Pelicans,112
401704882,2025,2024-12-02,2024-12-03 00:30:00,14,Miami Heat,Miami,Heat,MIA,away,89,31,87,36.0,8,35,23.0,19,23,83.0,11,33,44,24,6,1,10,11,7,0,0,2,Boston Celtics,108
401704882,2025,2024-12-02,2024-12-03 00:30:00,2,Boston Celtics,Boston,Celtics,BOS,home,108,39,89,44.0,19,55,35.0,11,13,85.0,14,40,54,25,5,9,14,20,27,3,0,14,Miami Heat,89
401704880,2025,2024-12-01,2024-12-02 03:00:00,7,Denver Nuggets,Denver,Nuggets,DEN,away,122,51,88,58.0,10,24,42.0,10,19,53.0,8,31,39,37,7,3,14,17,10,0,0,12,LA Clippers,126
401704880,2025,2024-12-01,2024-12-02 03:00:00,12,LA Clippers,LA,Clippers,LAC,home,126,43,90,48.0,18,39,46.0,22,27,81.0,13,29,42,28,8,4,14,16,11,0,0,7,Denver Nuggets,122
401704878,2025,2024-12-01,2024-12-02 02:00:00,6,Dallas Mavericks,Dallas,Mavericks,DAL,away,137,48,87,55.0,18,36,50.0,23,29,79.0,8,25,33,33,13,0,13,15,12,0,0,22,Portland Trail Blazers,131
401704878,2025,2024-12-01,2024-12-02 02:00:00,22,Portland Trail Blazers,Portland,Trail Blazers,POR,home,131,49,84,58.0,18,31,58.0,15,18,83.0,10,29,39,29,7,0,21,25,10,0,0,6,Dallas Mavericks,137
401704879,2025,2024-12-01,2024-12-02 02:00:00,24,San Antonio Spurs,San Antonio,Spurs,SA,away,127,42,82,51.0,23,46,50.0,20,24,83.0,8,30,38,32,6,9,15,17,6,1,1,23,Sacramento Kings,125
401704879,2025,2024-12-01,2024-12-02 02:00:00,23,Sacramento Kings,Sacramento,Kings,SAC,home,125,47,101,47.0,12,32,38.0,19,24,79.0,21,30,51,32,8,5,10,23,17,0,0,24,San Antonio Spurs,127
401704877,2025,2024-12-01,2024-12-02 01:00:00,13,Los Angeles Lakers,Los Angeles,Lakers,LAL,away,105,39,88,44.0,7,33,21.0,20,25,80.0,10,32,42,23,7,4,5,18,9,0,0,26,Utah Jazz,104
401704877,2025,2024-12-01,2024-12-02 01:00:00,26,Utah Jazz,Utah,Jazz,UTAH,home,104,40,79,51.0,14,40,35.0,10,16,63.0,8,36,44,27,4,4,15,19,6,0,0,13,Los Angeles Lakers,105
401704876,2025,2024-12-01,2024-12-02 00:00:00,25,Oklahoma City Thunder,Oklahoma City,Thunder,OKC,away,116,42,94,45.0,13,39,33.0,19,25,76.0,11,35,46,30,5,4,7,26,8,0,0,10,Houston Rockets,119
401704876,2025,2024-12-01,2024-12-02 00:00:00,10,Houston Rockets,Houston,Rockets,HOU,home,119,38,92,41.0,13,37,35.0,30,39,77.0,15,36,51,20,3,6,10,21,11,0,0,25,Oklahoma City Thunder,116
401704873,2025,2024-12-01,2024-12-01 23:00:00,2,Boston Celtics,Boston,Celtics,BOS,away,111,38,95,40.0,17,49,35.0,18,19,95.0,10,36,46,17,11,6,8,19,14,3,0,5,Cleveland Cavaliers,115
401704873,2025,2024-12-01,2024-12-01 23:00:00,5,Cleveland Cavaliers,Cleveland,Cavaliers,CLE,home,115,39,80,49.0,17,36,47.0,20,25,80.0,6,38,44,22,5,7,17,20,11,1,0,2,Boston Celtics,111
401704874,2025,2024-12-01,2024-12-01 23:00:00,3,New Orleans Pelicans,New Orleans,Pelicans,NO,away,85,35,94,37.0,4,27,15.0,11,17,65.0,13,29,42,20,14,9,14,19,1,0,0,18,New York Knicks,118
401704874,2025,2024-12-01,2024-12-01 23:00:00,18,New York Knicks,New York,Knicks,NY,home,118,42,92,46.0,20,45,44.0,14,16,88.0,14,46,60,30,10,9,17,14,41,0,0,3,New Orleans Pelicans,85
401704875,2025,2024-12-01,2024-12-01 23:00:00,14,Miami Heat,Miami,Heat,MIA,away,116,39,88,44.0,15,40,38.0,23,28,82.0,12,33,45,25,11,4,14,17,6,0,0,28,Toronto Raptors,119
401704875,2025,2024-12-01,2024-12-01 23:00:00,28,Toronto Raptors,Toronto,Raptors,TOR,home,119,47,88,53.0,10,29,34.0,15,20,75.0,10,37,47,30,4,5,14,23,14,2,0,14,Miami Heat,116
401704871,2025,2024-12-01,2024-12-01 20:30:00,19,Orlando Magic,Orlando,Magic,ORL,away,100,34,74,46.0,7,28,25.0,25,32,78.0,14,38,52,23,10,11,22,29,10,0,2,17,Brooklyn Nets,92
401704871,2025,2024-12-01,2024-12-01 20:30:00,17,Brooklyn Nets,Brooklyn,Nets,BKN,home,92,30,79,38.0,8,31,26.0,24,31,77.0,8,25,33,19,10,3,16,31,5,1,0,19,Orlando Magic,100
401704872,2025,2024-12-01,2024-12-01 20:30:00,11,Indiana Pacers,Indiana,Pacers,IND,away,121,43,90,48.0,14,42,33.0,21,26,81.0,6,35,41,28,8,3,15,22,19,0,1,29,Memphis Grizzlies,136
401704872,2025,2024-12-01,2024-12-01 20:30:00,29,Memphis Grizzlies,Memphis,Grizzlies,MEM,home,136,49,93,53.0,16,46,35.0,22,27,81.0,8,32,40,36,9,6,10,22,17,0,0,11,Indiana Pacers,121
401704870,2025,2024-11-30,2024-12-01 02:30:00,6,Dallas Mavericks,Dallas,Mavericks,DAL,away,106,41,90,46.0,15,39,38.0,9,15,60.0,12,36,48,30,12,6,15,21,20,0,1,26,Utah Jazz,94
401704870,2025,2024-11-30,2024-12-01 02:30:00,26,Utah Jazz,Utah,Jazz,UTAH,home,94,34,95,36.0,9,39,23.0,17,21,81.0,19,34,53,20,10,7,15,14,0,0,1,6,Dallas Mavericks,106
401704869,2025,2024-11-30,2024-12-01 02:00:00,9,Golden State Warriors,Golden State,Warriors,GS,away,105,38,92,41.0,14,40,35.0,15,18,83.0,9,34,43,28,8,5,9,17,5,0,0,21,Phoenix Suns,113
401704869,2025,2024-11-30,2024-12-01 02:00:00,21,Phoenix Suns,Phoenix,Suns,PHX,home,113,38,79,48.0,18,35,51.0,19,22,86.0,6,39,45,31,4,9,12,13,17,2,1,9,Golden State Warriors,105
401704868,2025,2024-11-30,2024-12-01 01:00:00,27,Washington Wizards,Washington,Wizards,WSH,away,114,41,87,47.0,9,32,28.0,23,24,96.0,8,33,41,24,7,3,12,26,5,0,1,15,Milwaukee Bucks,124
401704868,2025,2024-11-30,2024-12-01 01:00:00,15,Milwaukee Bucks,Milwaukee,Bucks,MIL,home,124,44,86,51.0,16,35,46.0,20,25,80.0,7,31,38,31,5,6,11,18,12,1,1,27,Washington Wizards,114
401704867,2025,2024-11-30,2024-12-01 00:00:00,20,Philadelphia 76ers,Philadelphia,76ers,PHI,away,111,42,85,49.0,11,31,35.0,16,22,73.0,12,38,50,19,9,8,14,21,23,3,0,8,Detroit Pistons,96
401704867,2025,2024-11-30,2024-12-01 00:00:00,8,Detroit Pistons,Detroit,Pistons,DET,home,96,35,91,38.0,11,40,28.0,15,18,83.0,10,32,42,22,6,5,16,19,0,1,0,20,Philadelphia 76ers,111
401704866,2025,2024-11-30,2024-11-30 23:00:00,1,Atlanta Hawks,Atlanta,Hawks,ATL,away,107,38,78,49.0,10,33,30.0,21,27,78.0,14,35,49,27,8,7,20,15,11,2,1,30,Charlotte Hornets,104
401704866,2025,2024-11-30,2024-11-30 23:00:00,30,Charlotte Hornets,Charlotte,Hornets,CHA,home,104,35,94,37.0,18,48,38.0,16,19,84.0,18,27,45,23,13,6,14,23,9,1,0,1,Atlanta Hawks,107
401703417,2025,2024-11-29,2024-11-30 03:00:00,25,Oklahoma City Thunder,Oklahoma City,Thunder,OKC,away,101,38,93,41.0,13,40,32.0,12,16,75.0,15,32,47,20,12,3,9,17,10,1,1,13,Los Angeles Lakers,93
401703417,2025,2024-11-29,2024-11-30 03:00:00,13,Los Angeles Lakers,Los Angeles,Lakers,LAL,home,93,33,73,45.0,11,38,29.0,16,21,76.0,8,39,47,25,4,6,17,18,3,0,0,25,Oklahoma City Thunder,101
401703418,2025,2024-11-29,2024-11-30 03:00:00,23,Sacramento Kings,Sacramento,Kings,SAC,away,106,35,78,45.0,15,42,36.0,21,28,75.0,11,30,41,29,7,4,20,19,7,0,0,22,Portland Trail Blazers,115
401703418,2025,2024-11-29,2024-11-30 03:00:00,22,Portland Trail Blazers,Portland,Trail Blazers,POR,home,115,46,90,51.0,11,37,30.0,12,15,80.0,8,32,40,27,10,3,11,17,19,1,0,23,Sacramento Kings,106
401703414,2025,2024-11-29,2024-11-30 01:00:00,8,Detroit Pistons,Detroit,Pistons,DET,away,130,48,83,58.0,18,38,47.0,16,20,80.0,7,37,44,35,9,5,18,16,26,0,0,11,Indiana Pacers,106
401703414,2025,2024-11-29,2024-11-30 01:00:00,11,Indiana Pacers,Indiana,Pacers,IND,home,106,41,85,48.0,12,33,36.0,12,13,92.0,7,25,32,23,9,4,16,18,5,0,1,8,Detroit Pistons,130
401703415,2025,2024-11-29,2024-11-30 01:00:00,28,Toronto Raptors,Toronto,Raptors,TOR,away,111,43,80,54.0,11,29,38.0,14,17,82.0,10,36,46,34,4,3,18,17,7,1,1,14,Miami Heat,121
401703415,2025,2024-11-29,2024-11-30 01:00:00,14,Miami Heat,Miami,Heat,MIA,home,121,43,94,46.0,21,54,39.0,14,17,82.0,9,24,33,32,10,0,8,19,15,2,0,28,Toronto Raptors,111
401703416,2025,2024-11-29,2024-11-30 01:00:00,2,Boston Celtics,Boston,Celtics,BOS,away,138,49,98,50.0,23,54,43.0,17,23,74.0,11,40,51,24,6,2,9,13,13,0,0,4,Chicago Bulls,129
401703416,2025,2024-11-29,2024-11-30 01:00:00,4,Chicago Bulls,Chicago,Bulls,CHI,home,129,48,93,52.0,20,51,39.0,13,16,81.0,5,38,43,28,7,2,8,17,9,0,0,2,Boston Celtics,138
401703412,2025,2024-11-29,2024-11-30 00:30:00,19,Orlando Magic,Orlando,Magic,ORL,away,123,44,83,53.0,18,35,51.0,17,22,77.0,11,29,40,29,13,13,17,21,28,0,3,17,Brooklyn Nets,100
401703412,2025,2024-11-29,2024-11-30 00:30:00,17,Brooklyn Nets,Brooklyn,Nets,BKN,home,100,38,77,49.0,14,29,48.0,10,14,71.0,5,30,35,22,5,5,20,21,5,0,2,19,Orlando Magic,123
401703413,2025,2024-11-29,2024-11-30 00:30:00,12,LA Clippers,LA,Clippers,LAC,away,92,36,84,43.0,10,31,32.0,10,13,77.0,8,31,39,20,17,3,15,16,3,0,0,16,Minnesota Timberwolves,93
401703413,2025,2024-11-29,2024-11-30 00:30:00,16,Minnesota Timberwolves,Minnesota,Timberwolves,MIN,home,93,31,75,41.0,15,39,38.0,16,20,80.0,11,38,49,25,8,5,21,14,11,1,1,12,LA Clippers,92
401703411,2025,2024-11-29,2024-11-29 22:00:00,3,New Orleans Pelicans,New Orleans,Pelicans,NO,away,109,38,91,42.0,9,29,31.0,24,30,80.0,14,32,46,16,9,7,14,17,3,1,0,29,Memphis Grizzlies,120
401703411,2025,2024-11-29,2024-11-29 22:00:00,29,Memphis Grizzlies,Memphis,Grizzlies,MEM,home,120,47,96,49.0,12,41,29.0,14,17,82.0,14,37,51,36,9,5,15,22,17,1,0,3,New Orleans Pelicans,109
401703410,2025,2024-11-29,2024-11-29 19:30:00,5,Cleveland Cavaliers,Cleveland,Cavaliers,CLE,away,101,38,93,41.0,11,38,29.0,14,17,82.0,11,29,40,21,9,0,13,22,8,0,1,1,Atlanta Hawks,117
401703410,2025,2024-11-29,2024-11-29 19:30:00,1,Atlanta Hawks,Atlanta,Hawks,ATL,home,117,44,85,52.0,14,34,41.0,15,18,83.0,10,43,53,33,9,5,18,20,20,3,0,5,Cleveland Cavaliers,101
401703409,2025,2024-11-29,2024-11-29 17:00:00,18,New York Knicks,New York,Knicks,NY,away,99,36,81,44.0,12,32,38.0,15,19,79.0,12,32,44,20,7,5,19,19,6,2,0,30,Charlotte Hornets,98
401703409,2025,2024-11-29,2024-11-29 17:00:00,30,Charlotte Hornets,Charlotte,Hornets,CHA,home,98,36,89,40.0,15,47,32.0,11,15,73.0,14,25,39,25,8,6,13,19,10,2,1,18,New York Knicks,99
401704865,2025,2024-11-27,2024-11-28 03:00:00,25,Oklahoma City Thunder,Oklahoma City,Thunder,OKC,away,105,39,85,46.0,11,37,30.0,16,26,62.0,8,40,48,26,10,9,14,21,19,0,0,9,Golden State Warriors,101
401704865,2025,2024-11-27,2024-11-28 03:00:00,9,Golden State Warriors,Golden State,Warriors,GS,home,101,35,98,36.0,16,50,32.0,15,21,71.0,18,39,57,25,7,6,14,21,3,2,2,25,Oklahoma City Thunder,105
401704863,2025,2024-11-27,2024-11-28 02:00:00,17,Brooklyn Nets,Brooklyn,Nets,BKN,away,127,44,87,51.0,18,42,43.0,21,22,95.0,7,29,36,32,8,1,12,24,18,1,0,21,Phoenix Suns,117
401704863,2025,2024-11-27,2024-11-28 02:00:00,21,Phoenix Suns,Phoenix,Suns,PHX,home,117,41,77,53.0,12,31,39.0,23,28,82.0,3,34,37,25,7,5,17,26,7,0,0,17,Brooklyn Nets,127
401704864,2025,2024-11-27,2024-11-28 02:00:00,7,Denver Nuggets,Denver,Nuggets,DEN,away,122,46,84,55.0,11,33,33.0,19,23,83.0,10,29,39,30,10,8,10,14,26,1,1,26,Utah Jazz,103
401704864,2025,2024-11-27,2024-11-28 02:00:00,26,Utah Jazz,Utah,Jazz,UTAH,home,103,38,90,42.0,16,43,37.0,11,18,61.0,21,26,47,25,7,5,18,17,12,1,1,7,Denver Nuggets,122
401704862,2025,2024-11-27,2024-11-28 01:30:00,13,Los Angeles Lakers,Los Angeles,Lakers,LAL,away,119,48,90,53.0,13,34,38.0,10,10,100.0,11,35,46,31,8,3,13,15,21,0,0,24,San Antonio Spurs,101
401704862,2025,2024-11-27,2024-11-28 01:30:00,24,San Antonio Spurs,San Antonio,Spurs,SA,home,101,36,85,42.0,14,40,35.0,15,16,94.0,11,27,38,26,7,4,15,13,7,0,0,13,Los Angeles Lakers,119
401704859,2025,2024-11-27,2024-11-28 01:00:00,8,Detroit Pistons,Detroit,Pistons,DET,away,111,40,85,47.0,13,38,34.0,18,25,72.0,9,33,42,24,6,4,18,17,11,2,0,29,Memphis Grizzlies,131
401704859,2025,2024-11-27,2024-11-28 01:00:00,29,Memphis Grizzlies,Memphis,Grizzlies,MEM,home,131,51,93,55.0,17,46,37.0,12,16,75.0,10,32,42,31,13,4,16,21,30,1,0,8,Detroit Pistons,111
401704860,2025,2024-11-27,2024-11-28 01:00:00,23,Sacramento Kings,Sacramento,Kings,SAC,away,115,46,94,49.0,12,37,32.0,11,15,73.0,12,35,47,28,8,3,16,21,14,1,0,16,Minnesota Timberwolves,104
401704860,2025,2024-11-27,2024-11-28 01:00:00,16,Minnesota Timberwolves,Minnesota,Timberwolves,MIN,home,104,33,74,45.0,14,39,36.0,24,27,89.0,4,29,33,25,11,9,15,19,12,0,0,23,Sacramento Kings,115
401704861,2025,2024-11-27,2024-11-28 01:00:00,28,Toronto Raptors,Toronto,Raptors,TOR,away,119,47,95,49.0,21,52,40.0,4,12,33.0,12,40,52,38,11,4,15,16,34,1,1,3,New Orleans Pelicans,93
401704861,2025,2024-11-27,2024-11-28 01:00:00,3,New Orleans Pelicans,New Orleans,Pelicans,NO,home,93,36,93,39.0,11,35,31.0,10,16,63.0,10,37,47,24,12,4,15,16,6,2,0,28,Toronto Raptors,119
401704858,2025,2024-11-27,2024-11-28 00:30:00,18,New York Knicks,New York,Knicks,NY,away,114,40,86,47.0,7,29,24.0,27,30,90.0,7,26,33,20,9,3,8,19,2,1,0,6,Dallas Mavericks,129
401704858,2025,2024-11-27,2024-11-28 00:30:00,6,Dallas Mavericks,Dallas,Mavericks,DAL,home,129,48,85,56.0,17,33,52.0,16,21,76.0,10,33,43,27,6,4,13,25,24,0,0,18,New York Knicks,114
401704852,2025,2024-11-27,2024-11-28 00:00:00,14,Miami Heat,Miami,Heat,MIA,away,98,33,73,45.0,14,37,38.0,18,22,82.0,4,40,44,21,6,5,18,9,20,4,2,30,Charlotte Hornets,94
401704852,2025,2024-11-27,2024-11-28 00:00:00,30,Charlotte Hornets,Charlotte,Hornets,CHA,home,94,37,98,38.0,17,51,33.0,3,8,38.0,16,27,43,22,10,5,13,19,2,0,0,14,Miami Heat,98
401704853,2025,2024-11-27,2024-11-28 00:00:00,1,Atlanta Hawks,Atlanta,Hawks,ATL,away,135,46,97,47.0,20,42,48.0,23,25,92.0,14,37,51,39,6,6,13,21,11,2,0,5,Cleveland Cavaliers,124
401704853,2025,2024-11-27,2024-11-28 00:00:00,5,Cleveland Cavaliers,Cleveland,Cavaliers,CLE,home,124,44,95,46.0,15,48,31.0,21,28,75.0,12,32,44,31,11,5,12,21,19,1,2,1,Atlanta Hawks,135
401704854,2025,2024-11-27,2024-11-28 00:00:00,22,Portland Trail Blazers,Portland,Trail Blazers,POR,away,114,44,87,51.0,16,35,46.0,10,17,59.0,13,25,38,31,6,5,14,18,10,0,0,11,Indiana Pacers,121
401704854,2025,2024-11-27,2024-11-28 00:00:00,11,Indiana Pacers,Indiana,Pacers,IND,home,121,46,94,49.0,13,32,41.0,16,20,80.0,19,28,47,27,10,10,12,21,13,0,0,22,Portland Trail Blazers,114
401704855,2025,2024-11-27,2024-11-28 00:00:00,4,Chicago Bulls,Chicago,Bulls,CHI,away,119,46,87,53.0,16,42,38.0,11,16,69.0,7,30,37,30,9,6,18,26,0,0,1,19,Orlando Magic,133
401704855,2025,2024-11-27,2024-11-28 00:00:00,19,Orlando Magic,Orlando,Magic,ORL,home,133,46,90,51.0,15,39,38.0,26,28,93.0,7,32,39,30,10,8,11,14,27,2,0,4,Chicago Bulls,119
401704856,2025,2024-11-27,2024-11-28 00:00:00,10,Houston Rockets,Houston,Rockets,HOU,away,122,40,88,45.0,10,31,32.0,32,38,84.0,14,37,51,23,10,14,20,19,13,1,0,20,Philadelphia 76ers,115
401704856,2025,2024-11-27,2024-11-28 00:00:00,20,Philadelphia 76ers,Philadelphia,76ers,PHI,home,115,43,96,45.0,12,33,36.0,17,23,74.0,10,32,42,19,12,7,14,26,3,2,0,10,Houston Rockets,122
401704857,2025,2024-11-27,2024-11-28 00:00:00,12,LA Clippers,LA,Clippers,LAC,away,121,45,89,51.0,12,33,36.0,19,25,76.0,13,34,47,27,18,4,13,19,33,3,1,27,Washington Wizards,96
401704857,2025,2024-11-27,2024-11-28 00:00:00,27,Washington Wizards,Washington,Wizards,WSH,home,96,35,85,41.0,8,33,24.0,18,22,82.0,11,29,40,21,9,4,20,18,0,0,0,12,LA Clippers,121
401703408,2025,2024-11-26,2024-11-27 03:00:00,13,Los Angeles Lakers,Los Angeles,Lakers,LAL,away,100,37,85,44.0,8,34,24.0,18,25,72.0,7,35,42,25,7,6,12,11,4,0,0,21,Phoenix Suns,127
401703408,2025,2024-11-26,2024-11-27 03:00:00,21,Phoenix Suns,Phoenix,Suns,PHX,home,127,51,99,52.0,17,42,40.0,8,10,80.0,8,38,46,31,9,3,9,18,30,0,2,13,Los Angeles Lakers,100
401703407,2025,2024-11-26,2024-11-27 02:00:00,24,San Antonio Spurs,San Antonio,Spurs,SA,away,128,45,93,48.0,18,48,38.0,20,26,77.0,13,26,39,30,12,5,10,17,13,0,2,26,Utah Jazz,115
401703407,2025,2024-11-26,2024-11-27 02:00:00,26,Utah Jazz,Utah,Jazz,UTAH,home,115,43,84,51.0,13,35,37.0,16,20,80.0,10,31,41,24,6,4,21,20,8,0,0,24,San Antonio Spurs,128
401703406,2025,2024-11-26,2024-11-27 01:00:00,10,Houston Rockets,Houston,Rockets,HOU,away,117,45,99,45.0,15,37,41.0,12,13,92.0,7,37,44,31,12,9,10,20,18,2,1,16,Minnesota Timberwolves,111
401703406,2025,2024-11-26,2024-11-27 01:00:00,16,Minnesota Timberwolves,Minnesota,Timberwolves,MIN,home,111,42,98,43.0,9,38,24.0,18,20,90.0,14,38,52,21,6,4,17,18,5,0,0,10,Houston Rockets,117
401703405,2025,2024-11-26,2024-11-27 00:30:00,15,Milwaukee Bucks,Milwaukee,Bucks,MIL,away,106,36,77,47.0,20,42,48.0,14,17,82.0,9,32,41,23,5,7,10,19,22,3,0,14,Miami Heat,103
401703405,2025,2024-11-26,2024-11-27 00:30:00,14,Miami Heat,Miami,Heat,MIA,home,103,35,77,45.0,10,29,34.0,23,30,77.0,9,29,38,26,6,2,8,14,0,0,0,15,Milwaukee Bucks,106
401703404,2025,2024-11-26,2024-11-27 00:00:00,4,Chicago Bulls,Chicago,Bulls,CHI,away,127,47,94,50.0,14,40,35.0,19,22,86.0,8,42,50,29,6,4,10,22,27,1,0,27,Washington Wizards,108
401703404,2025,2024-11-26,2024-11-27 00:00:00,27,Washington Wizards,Washington,Wizards,WSH,home,108,39,91,43.0,10,37,27.0,20,31,65.0,5,38,43,27,7,3,12,18,10,2,0,4,Chicago Bulls,127
401704850,2025,2024-11-25,2024-11-26 03:00:00,17,Brooklyn Nets,Brooklyn,Nets,BKN,away,128,41,83,49.0,20,45,44.0,26,30,87.0,7,35,42,23,6,3,11,18,11,1,3,9,Golden State Warriors,120
401704850,2025,2024-11-25,2024-11-26 03:00:00,9,Golden State Warriors,Golden State,Warriors,GS,home,120,45,93,48.0,19,46,41.0,11,17,65.0,11,32,43,32,8,5,12,21,18,1,0,17,Brooklyn Nets,128
401704851,2025,2024-11-25,2024-11-26 03:00:00,25,Oklahoma City Thunder,Oklahoma City,Thunder,OKC,away,130,48,86,56.0,14,31,45.0,20,25,80.0,11,33,44,28,6,3,15,18,21,0,0,23,Sacramento Kings,109
401704851,2025,2024-11-25,2024-11-26 03:00:00,23,Sacramento Kings,Sacramento,Kings,SAC,home,109,42,87,48.0,8,32,25.0,17,23,74.0,9,22,31,24,10,4,12,22,3,0,1,25,Oklahoma City Thunder,130
401704849,2025,2024-11-25,2024-11-26 02:00:00,18,New York Knicks,New York,Knicks,NY,away,145,56,92,61.0,19,36,53.0,14,16,88.0,8,35,43,45,5,4,9,23,30,2,0,7,Denver Nuggets,118
401704849,2025,2024-11-25,2024-11-26 02:00:00,7,Denver Nuggets,Denver,Nuggets,DEN,home,118,41,92,45.0,11,33,33.0,25,27,93.0,10,23,33,23,5,3,11,18,2,0,0,18,New York Knicks,145
401704848,2025,2024-11-25,2024-11-26 01:00:00,22,Portland Trail Blazers,Portland,Trail Blazers,POR,away,98,34,102,33.0,8,46,17.0,22,28,79.0,19,25,44,22,10,7,11,21,0,0,0,29,Memphis Grizzlies,123
401704848,2025,2024-11-25,2024-11-26 01:00:00,29,Memphis Grizzlies,Memphis,Grizzlies,MEM,home,123,43,87,49.0,12,28,43.0,25,34,74.0,16,44,60,35,7,13,18,20,28,1,0,22,Portland Trail Blazers,98
401704846,2025,2024-11-25,2024-11-26 00:30:00,6,Dallas Mavericks,Dallas,Mavericks,DAL,away,129,47,94,50.0,16,35,46.0,19,22,86.0,10,41,51,24,6,8,17,13,10,1,0,1,Atlanta Hawks,119
401704846,2025,2024-11-25,2024-11-26 00:30:00,1,Atlanta Hawks,Atlanta,Hawks,ATL,home,119,48,101,48.0,9,31,29.0,14,16,88.0,9,30,39,32,10,6,14,15,13,0,0,6,Dallas Mavericks,129
401704847,2025,2024-11-25,2024-11-26 00:30:00,12,LA Clippers,LA,Clippers,LAC,away,94,39,90,43.0,7,26,27.0,9,13,69.0,10,34,44,18,8,3,13,12,3,1,1,2,Boston Celtics,126
401704847,2025,2024-11-25,2024-11-26 00:30:00,2,Boston Celtics,Boston,Celtics,BOS,home,126,45,88,51.0,22,51,43.0,14,20,70.0,8,39,47,33,10,11,11,12,32,0,0,12,LA Clippers,94
401704843,2025,2024-11-25,2024-11-26 00:00:00,19,Orlando Magic,Orlando,Magic,ORL,away,95,37,94,39.0,12,46,26.0,9,17,53.0,13,26,39,21,12,6,8,21,11,0,1,30,Charlotte Hornets,84
401704843,2025,2024-11-25,2024-11-26 00:00:00,30,Charlotte Hornets,Charlotte,Hornets,CHA,home,84,31,75,41.0,7,32,22.0,15,19,79.0,13,39,52,14,6,5,26,20,8,1,2,19,Orlando Magic,95
401704844,2025,2024-11-25,2024-11-26 00:00:00,28,Toronto Raptors,Toronto,Raptors,TOR,away,100,41,104,39.0,10,35,29.0,8,10,80.0,23,27,50,26,7,5,9,27,8,1,1,8,Detroit Pistons,102
401704844,2025,2024-11-25,2024-11-26 00:00:00,8,Detroit Pistons,Detroit,Pistons,DET,home,102,34,76,45.0,12,37,32.0,22,31,71.0,6,32,38,27,4,7,14,19,15,0,3,28,Toronto Raptors,100
401704845,2025,2024-11-25,2024-11-26 00:00:00,3,New Orleans Pelicans,New Orleans,Pelicans,NO,away,110,45,87,52.0,9,33,27.0,11,19,58.0,8,36,44,35,9,3,15,16,2,0,0,11,Indiana Pacers,114
401704845,2025,2024-11-25,2024-11-26 00:00:00,11,Indiana Pacers,Indiana,Pacers,IND,home,114,43,91,47.0,17,47,36.0,11,16,69.0,7,34,41,30,10,2,13,16,17,2,0,3,New Orleans Pelicans,110
401704842,2025,2024-11-24,2024-11-25 02:00:00,17,Brooklyn Nets,Brooklyn,Nets,BKN,away,108,36,75,48.0,19,39,49.0,17,25,68.0,6,25,31,24,7,5,12,23,19,2,1,23,Sacramento Kings,103
401704842,2025,2024-11-24,2024-11-25 02:00:00,23,Sacramento Kings,Sacramento,Kings,SAC,home,103,37,77,48.0,9,25,36.0,20,31,65.0,11,33,44,21,6,6,16,22,4,0,1,17,Brooklyn Nets,108
401704841,2025,2024-11-24,2024-11-25 00:30:00,28,Toronto Raptors,Toronto,Raptors,TOR,away,108,37,92,40.0,12,39,31.0,22,34,65.0,19,36,55,22,9,5,14,18,2,2,1,5,Cleveland Cavaliers,122
401704841,2025,2024-11-24,2024-11-25 00:30:00,5,Cleveland Cavaliers,Cleveland,Cavaliers,CLE,home,122,48,97,49.0,16,41,39.0,10,14,71.0,14,35,49,27,11,4,13,21,17,1,1,28,Toronto Raptors,108
401704839,2025,2024-11-24,2024-11-24 23:00:00,6,Dallas Mavericks,Dallas,Mavericks,DAL,away,118,44,105,42.0,10,40,25.0,20,25,80.0,15,44,59,29,6,9,13,24,8,1,1,14,Miami Heat,123
401704839,2025,2024-11-24,2024-11-24 23:00:00,14,Miami Heat,Miami,Heat,MIA,home,123,46,107,43.0,14,41,34.0,17,27,63.0,12,45,57,27,6,6,9,22,10,0,0,6,Dallas Mavericks,118
401704840,2025,2024-11-24,2024-11-24 23:00:00,12,LA Clippers,LA,Clippers,LAC,away,125,47,81,58.0,12,30,40.0,19,25,76.0,10,34,44,31,9,5,17,22,33,0,1,20,Philadelphia 76ers,99
401704840,2025,2024-11-24,2024-11-24 23:00:00,20,Philadelphia 76ers,Philadelphia,76ers,PHI,home,99,34,86,40.0,9,39,23.0,22,26,85.0,13,20,33,22,8,5,13,17,2,1,0,12,LA Clippers,125
401704838,2025,2024-11-24,2024-11-24 22:00:00,27,Washington Wizards,Washington,Wizards,WSH,away,103,36,79,46.0,11,35,31.0,20,25,80.0,8,33,41,24,8,5,16,19,4,1,0,11,Indiana Pacers,115
401704838,2025,2024-11-24,2024-11-24 22:00:00,11,Indiana Pacers,Indiana,Pacers,IND,home,115,41,86,48.0,12,27,44.0,21,27,78.0,12,33,45,31,8,3,11,18,12,1,0,27,Washington Wizards,103
401704837,2025,2024-11-24,2024-11-24 20:30:00,16,Minnesota Timberwolves,Minnesota,Timberwolves,MIN,away,105,37,88,42.0,15,41,37.0,16,21,76.0,11,38,49,19,2,1,8,18,6,0,0,2,Boston Celtics,107
401704837,2025,2024-11-24,2024-11-24 20:30:00,2,Boston Celtics,Boston,Celtics,BOS,home,107,37,87,43.0,21,56,38.0,12,15,80.0,8,32,40,25,5,7,6,23,19,1,0,16,Minnesota Timberwolves,105
401704836,2025,2024-11-23,2024-11-24 03:30:00,7,Denver Nuggets,Denver,Nuggets,DEN,away,127,50,82,61.0,16,32,50.0,11,19,58.0,8,40,48,37,7,2,17,18,29,1,0,13,Los Angeles Lakers,102
401704836,2025,2024-11-23,2024-11-24 03:30:00,13,Los Angeles Lakers,Los Angeles,Lakers,LAL,home,102,39,88,44.0,13,36,36.0,11,14,79.0,6,26,32,27,11,3,15,16,10,0,0,7,Denver Nuggets,127
401704835,2025,2024-11-23,2024-11-24 01:30:00,9,Golden State Warriors,Golden State,Warriors,GS,away,94,36,95,38.0,14,44,32.0,8,13,62.0,17,32,49,29,4,3,10,21,17,0,0,24,San Antonio Spurs,104
401704835,2025,2024-11-23,2024-11-24 01:30:00,24,San Antonio Spurs,San Antonio,Spurs,SA,home,104,38,85,45.0,13,47,28.0,15,19,79.0,9,39,48,29,5,9,8,16,10,1,0,9,Golden State Warriors,94
401704832,2025,2024-11-23,2024-11-24 01:00:00,29,Memphis Grizzlies,Memphis,Grizzlies,MEM,away,142,55,96,57.0,19,42,45.0,13,20,65.0,13,36,49,38,5,4,11,18,22,3,0,4,Chicago Bulls,131
401704832,2025,2024-11-23,2024-11-24 01:00:00,4,Chicago Bulls,Chicago,Bulls,CHI,home,131,49,97,51.0,19,42,45.0,14,19,74.0,10,25,35,29,4,8,11,14,0,0,0,29,Memphis Grizzlies,142
401704833,2025,2024-11-23,2024-11-24 01:00:00,22,Portland Trail Blazers,Portland,Trail Blazers,POR,away,104,34,90,38.0,18,44,41.0,18,23,78.0,16,37,53,16,5,12,16,26,9,2,1,10,Houston Rockets,98
401704833,2025,2024-11-23,2024-11-24 01:00:00,10,Houston Rockets,Houston,Rockets,HOU,home,98,32,90,36.0,8,32,25.0,26,33,79.0,14,29,43,17,8,5,9,19,5,1,2,22,Portland Trail Blazers,104
401704834,2025,2024-11-23,2024-11-24 01:00:00,30,Charlotte Hornets,Charlotte,Hornets,CHA,away,119,41,100,41.0,19,47,40.0,18,21,86.0,14,34,48,22,6,5,10,21,2,0,0,15,Milwaukee Bucks,125
401704834,2025,2024-11-23,2024-11-24 01:00:00,15,Milwaukee Bucks,Milwaukee,Bucks,MIL,home,125,43,89,48.0,18,37,49.0,21,26,81.0,10,41,51,20,3,9,14,22,20,0,1,30,Charlotte Hornets,119
401704831,2025,2024-11-23,2024-11-24 00:00:00,8,Detroit Pistons,Detroit,Pistons,DET,away,100,35,75,47.0,13,33,39.0,17,22,77.0,10,24,34,16,7,8,17,21,6,0,1,19,Orlando Magic,111
401704831,2025,2024-11-23,2024-11-24 00:00:00,19,Orlando Magic,Orlando,Magic,ORL,home,111,40,87,46.0,12,39,31.0,19,22,86.0,17,27,44,25,13,9,13,20,22,2,1,8,Detroit Pistons,100
401704830,2025,2024-11-23,2024-11-23 22:00:00,18,New York Knicks,New York,Knicks,NY,away,106,39,100,39.0,17,51,33.0,11,12,92.0,11,29,40,25,10,10,9,19,2,0,0,26,Utah Jazz,121
401704830,2025,2024-11-23,2024-11-23 22:00:00,26,Utah Jazz,Utah,Jazz,UTAH,home,121,44,87,51.0,19,34,56.0,14,19,74.0,9,43,52,30,4,4,18,19,19,0,1,18,New York Knicks,106
401703403,2025,2024-11-22,2024-11-23 03:30:00,23,Sacramento Kings,Sacramento,Kings,SAC,away,88,32,83,39.0,7,35,20.0,17,24,71.0,8,40,48,19,5,8,15,13,6,0,1,12,LA Clippers,104
401703403,2025,2024-11-22,2024-11-23 03:30:00,12,LA Clippers,LA,Clippers,LAC,home,104,39,94,41.0,10,42,24.0,16,16,100.0,11,43,54,27,13,3,12,24,25,0,0,23,Sacramento Kings,88
401703402,2025,2024-11-22,2024-11-23 03:00:00,6,Dallas Mavericks,Dallas,Mavericks,DAL,away,123,46,91,51.0,10,27,37.0,21,27,78.0,12,32,44,24,11,5,13,22,24,0,0,7,Denver Nuggets,120
401703402,2025,2024-11-22,2024-11-23 03:00:00,7,Denver Nuggets,Denver,Nuggets,DEN,home,120,43,90,48.0,15,29,52.0,19,29,66.0,15,27,42,33,4,7,13,19,5,2,0,6,Dallas Mavericks,123
401703398,2025,2024-11-22,2024-11-23 01:00:00,11,Indiana Pacers,Indiana,Pacers,IND,away,117,43,91,47.0,11,34,32.0,20,27,74.0,14,32,46,30,11,6,15,17,0,1,0,15,Milwaukee Bucks,129
401703398,2025,2024-11-22,2024-11-23 01:00:00,15,Milwaukee Bucks,Milwaukee,Bucks,MIL,home,129,48,90,53.0,17,36,47.0,16,20,80.0,10,34,44,33,10,4,17,19,25,1,1,11,Indiana Pacers,117
401703399,2025,2024-11-22,2024-11-23 01:00:00,1,Atlanta Hawks,Atlanta,Hawks,ATL,away,122,49,107,46.0,10,34,29.0,14,19,74.0,14,28,42,32,11,4,11,16,4,0,1,4,Chicago Bulls,136
401703399,2025,2024-11-22,2024-11-23 01:00:00,4,Chicago Bulls,Chicago,Bulls,CHI,home,136,49,86,57.0,19,43,44.0,19,21,90.0,5,36,41,36,8,10,19,17,20,0,0,1,Atlanta Hawks,122
401703400,2025,2024-11-22,2024-11-23 01:00:00,22,Portland Trail Blazers,Portland,Trail Blazers,POR,away,88,30,91,33.0,11,43,26.0,17,22,77.0,13,32,45,17,9,8,20,20,8,1,0,10,Houston Rockets,116
401703400,2025,2024-11-22,2024-11-23 01:00:00,10,Houston Rockets,Houston,Rockets,HOU,home,116,42,93,45.0,15,39,38.0,17,25,68.0,13,38,51,27,14,5,17,20,28,0,0,22,Portland Trail Blazers,88
401703401,2025,2024-11-22,2024-11-23 00:30:00,9,Golden State Warriors,Golden State,Warriors,GS,away,112,39,87,45.0,12,37,32.0,22,29,76.0,14,38,52,27,5,5,16,19,10,1,0,3,New Orleans Pelicans,108
401703401,2025,2024-11-22,2024-11-23 00:30:00,3,New Orleans Pelicans,New Orleans,Pelicans,NO,home,108,41,92,45.0,12,39,31.0,14,22,64.0,13,30,43,28,10,9,9,25,6,1,1,9,Golden State Warriors,112
401703396,2025,2024-11-22,2024-11-23 00:00:00,17,Brooklyn Nets,Brooklyn,Nets,BKN,away,98,39,79,49.0,13,37,35.0,7,7,100.0,7,27,34,28,1,4,19,17,9,0,0,20,Philadelphia 76ers,113
401703396,2025,2024-11-22,2024-11-23 00:00:00,20,Philadelphia 76ers,Philadelphia,76ers,PHI,home,113,41,92,45.0,16,43,37.0,15,20,75.0,15,25,40,25,13,9,11,16,15,1,1,17,Brooklyn Nets,98
401703397,2025,2024-11-22,2024-11-23 00:00:00,2,Boston Celtics,Boston,Celtics,BOS,away,108,36,85,42.0,11,46,24.0,25,32,78.0,10,33,43,22,11,7,12,19,12,0,2,27,Washington Wizards,96
401703397,2025,2024-11-22,2024-11-23 00:00:00,27,Washington Wizards,Washington,Wizards,WSH,home,96,39,90,43.0,7,28,25.0,11,16,69.0,10,38,48,19,6,4,19,29,11,1,0,2,Boston Celtics,108
401704829,2025,2024-11-21,2024-11-22 03:30:00,19,Orlando Magic,Orlando,Magic,ORL,away,119,43,91,47.0,15,40,38.0,18,21,86.0,15,33,48,31,8,5,16,25,4,1,0,13,Los Angeles Lakers,118
401704829,2025,2024-11-21,2024-11-22 03:30:00,13,Los Angeles Lakers,Los Angeles,Lakers,LAL,home,118,44,87,51.0,13,31,42.0,17,26,65.0,9,27,36,21,4,6,10,15,10,0,1,19,Orlando Magic,119
401704828,2025,2024-11-21,2024-11-22 01:00:00,26,Utah Jazz,Utah,Jazz,UTAH,away,118,41,98,42.0,13,45,29.0,23,26,88.0,12,37,49,22,4,7,14,29,20,0,1,24,San Antonio Spurs,126
401704828,2025,2024-11-21,2024-11-22 01:00:00,24,San Antonio Spurs,San Antonio,Spurs,SA,home,126,41,88,47.0,9,32,28.0,35,46,76.0,11,40,51,32,8,9,11,20,11,0,2,26,Utah Jazz,118
401704827,2025,2024-11-21,2024-11-22 00:30:00,16,Minnesota Timberwolves,Minnesota,Timberwolves,MIN,away,105,33,80,41.0,12,35,34.0,27,33,82.0,10,30,40,16,12,5,17,24,7,0,1,28,Toronto Raptors,110
401704827,2025,2024-11-21,2024-11-22 00:30:00,28,Toronto Raptors,Toronto,Raptors,TOR,home,110,37,72,51.0,7,23,30.0,29,39,74.0,10,33,43,22,11,1,17,24,9,0,2,16,Minnesota Timberwolves,105
401704826,2025,2024-11-21,2024-11-22 00:00:00,8,Detroit Pistons,Detroit,Pistons,DET,away,121,42,99,42.0,17,48,35.0,20,25,80.0,21,35,56,30,8,3,19,23,3,0,1,30,Charlotte Hornets,123
401704826,2025,2024-11-21,2024-11-22 00:00:00,30,Charlotte Hornets,Charlotte,Hornets,CHA,home,123,44,93,47.0,20,44,45.0,15,21,71.0,11,32,43,23,12,5,15,22,20,1,2,8,Detroit Pistons,121
401704825,2025,2024-11-20,2024-11-21 03:30:00,19,Orlando Magic,Orlando,Magic,ORL,away,93,33,75,44.0,8,35,23.0,19,24,79.0,2,22,24,21,11,7,14,17,2,0,0,12,LA Clippers,104
401704825,2025,2024-11-20,2024-11-21 03:30:00,12,LA Clippers,LA,Clippers,LAC,home,104,38,77,49.0,11,22,50.0,17,21,81.0,15,34,49,22,10,1,22,22,19,3,0,19,Orlando Magic,93
401704823,2025,2024-11-20,2024-11-21 03:00:00,18,New York Knicks,New York,Knicks,NY,away,138,50,86,58.0,19,39,49.0,19,21,90.0,10,31,41,30,10,0,13,15,24,2,1,21,Phoenix Suns,122
401704823,2025,2024-11-20,2024-11-21 03:00:00,21,Phoenix Suns,Phoenix,Suns,PHX,home,122,45,92,49.0,19,50,38.0,13,17,76.0,11,23,34,30,9,2,14,16,0,0,1,18,New York Knicks,138
401704824,2025,2024-11-20,2024-11-21 03:00:00,1,Atlanta Hawks,Atlanta,Hawks,ATL,away,97,35,105,33.0,12,45,27.0,15,24,63.0,21,44,65,27,9,5,17,17,1,0,0,9,Golden State Warriors,120
401704824,2025,2024-11-20,2024-11-21 03:00:00,9,Golden State Warriors,Golden State,Warriors,GS,home,120,47,101,47.0,14,40,35.0,12,18,67.0,9,45,54,36,10,7,15,17,31,0,1,1,Atlanta Hawks,97
401704820,2025,2024-11-20,2024-11-21 01:00:00,11,Indiana Pacers,Indiana,Pacers,IND,away,113,44,83,53.0,5,22,23.0,20,25,80.0,3,33,36,19,7,9,23,24,3,0,1,10,Houston Rockets,130
401704820,2025,2024-11-20,2024-11-21 01:00:00,10,Houston Rockets,Houston,Rockets,HOU,home,130,47,102,46.0,12,36,33.0,24,33,73.0,13,34,47,25,16,2,13,21,24,1,1,11,Indiana Pacers,113
401704821,2025,2024-11-20,2024-11-21 01:00:00,20,Philadelphia 76ers,Philadelphia,76ers,PHI,away,111,39,87,45.0,11,33,33.0,22,24,92.0,14,27,41,21,12,6,14,19,5,0,1,29,Memphis Grizzlies,117
401704821,2025,2024-11-20,2024-11-21 01:00:00,29,Memphis Grizzlies,Memphis,Grizzlies,MEM,home,117,41,85,48.0,19,43,44.0,16,16,100.0,9,32,41,29,5,6,19,17,19,1,1,20,Philadelphia 76ers,111
401704822,2025,2024-11-20,2024-11-21 01:00:00,22,Portland Trail Blazers,Portland,Trail Blazers,POR,away,99,32,79,41.0,15,38,39.0,20,28,71.0,16,33,49,18,6,7,22,20,10,2,0,25,Oklahoma City Thunder,109
401704822,2025,2024-11-20,2024-11-21 01:00:00,25,Oklahoma City Thunder,Oklahoma City,Thunder,OKC,home,109,40,91,44.0,9,31,29.0,20,23,87.0,15,31,46,24,14,8,13,20,12,1,0,22,Portland Trail Blazers,99
401704818,2025,2024-11-20,2024-11-21 00:30:00,3,New Orleans Pelicans,New Orleans,Pelicans,NO,away,100,39,92,42.0,8,31,26.0,14,22,64.0,16,24,40,23,9,3,11,11,0,0,1,5,Cleveland Cavaliers,128
401704818,2025,2024-11-20,2024-11-21 00:30:00,5,Cleveland Cavaliers,Cleveland,Cavaliers,CLE,home,128,49,93,53.0,18,42,43.0,12,14,86.0,16,36,52,29,10,9,11,16,34,3,1,3,New Orleans Pelicans,100
401704819,2025,2024-11-20,2024-11-21 00:30:00,4,Chicago Bulls,Chicago,Bulls,CHI,away,106,41,88,47.0,17,45,38.0,7,7,100.0,5,28,33,25,7,2,14,23,2,0,0,15,Milwaukee Bucks,122
401704819,2025,2024-11-20,2024-11-21 00:30:00,15,Milwaukee Bucks,Milwaukee,Bucks,MIL,home,122,44,80,55.0,13,36,36.0,21,31,68.0,10,35,45,30,7,2,11,13,18,1,0,4,Chicago Bulls,106
401703395,2025,2024-11-19,2024-11-20 03:30:00,26,Utah Jazz,Utah,Jazz,UTAH,away,118,45,90,50.0,12,36,33.0,16,19,84.0,11,31,42,28,9,0,14,24,2,2,0,13,Los Angeles Lakers,124
401703395,2025,2024-11-19,2024-11-20 03:30:00,13,Los Angeles Lakers,Los Angeles,Lakers,LAL,home,124,42,76,55.0,14,31,45.0,26,36,72.0,6,28,34,30,9,5,14,16,25,0,0,26,Utah Jazz,118
401703394,2025,2024-11-19,2024-11-20 02:30:00,25,Oklahoma City Thunder,Oklahoma City,Thunder,OKC,away,104,41,100,41.0,16,53,30.0,6,7,86.0,13,34,47,24,16,4,13,18,10,1,0,24,San Antonio Spurs,110
401703394,2025,2024-11-19,2024-11-20 02:30:00,24,San Antonio Spurs,San Antonio,Spurs,SA,home,110,39,83,47.0,19,46,41.0,13,19,68.0,8,38,46,32,5,5,21,13,21,0,0,25,Oklahoma City Thunder,104
401703393,2025,2024-11-19,2024-11-20 01:30:00,3,New Orleans Pelicans,New Orleans,Pelicans,NO,away,91,31,78,40.0,11,32,34.0,18,21,86.0,7,30,37,19,9,4,21,22,0,0,0,6,Dallas Mavericks,132
401703393,2025,2024-11-19,2024-11-20 01:30:00,6,Dallas Mavericks,Dallas,Mavericks,DAL,home,132,49,94,52.0,14,31,45.0,20,25,80.0,14,34,48,26,12,7,11,15,41,1,1,3,New Orleans Pelicans,91
401703392,2025,2024-11-19,2024-11-20 01:00:00,7,Denver Nuggets,Denver,Nuggets,DEN,away,122,48,100,48.0,12,36,33.0,14,22,64.0,13,40,53,29,15,6,18,29,25,1,2,29,Memphis Grizzlies,110
401703392,2025,2024-11-19,2024-11-20 01:00:00,29,Memphis Grizzlies,Memphis,Grizzlies,MEM,home,110,41,103,40.0,9,38,24.0,19,31,61.0,19,36,55,24,9,10,22,24,0,0,1,7,Denver Nuggets,122
401703391,2025,2024-11-19,2024-11-20 00:30:00,30,Charlotte Hornets,Charlotte,Hornets,CHA,away,115,38,82,46.0,20,37,54.0,19,22,86.0,13,31,44,25,6,8,21,20,17,2,5,17,Brooklyn Nets,116
401703391,2025,2024-11-19,2024-11-20 00:30:00,17,Brooklyn Nets,Brooklyn,Nets,BKN,home,116,42,85,49.0,18,41,44.0,14,19,74.0,10,26,36,31,8,8,13,19,11,2,4,30,Charlotte Hornets,115
401703390,2025,2024-11-19,2024-11-20 00:00:00,5,Cleveland Cavaliers,Cleveland,Cavaliers,CLE,away,117,46,93,49.0,10,29,34.0,15,17,88.0,12,29,41,30,4,3,7,15,2,0,0,2,Boston Celtics,120
401703390,2025,2024-11-19,2024-11-20 00:00:00,2,Boston Celtics,Boston,Celtics,BOS,home,120,44,86,51.0,22,41,54.0,10,14,71.0,9,33,42,32,4,4,13,19,21,0,0,5,Cleveland Cavaliers,117
401704817,2025,2024-11-18,2024-11-19 03:30:00,9,Golden State Warriors,Golden State,Warriors,GS,away,99,37,84,44.0,16,44,36.0,9,19,47.0,9,36,45,27,12,4,19,14,3,0,0,12,LA Clippers,102
401704817,2025,2024-11-18,2024-11-19 03:30:00,12,LA Clippers,LA,Clippers,LAC,home,102,35,82,43.0,16,34,47.0,16,18,89.0,5,39,44,29,10,6,17,13,15,3,0,9,Golden State Warriors,99
401704816,2025,2024-11-18,2024-11-19 03:00:00,1,Atlanta Hawks,Atlanta,Hawks,ATL,away,109,39,83,47.0,16,38,42.0,15,18,83.0,6,31,37,34,7,7,14,19,16,0,0,23,Sacramento Kings,108
401704816,2025,2024-11-18,2024-11-19 03:00:00,23,Sacramento Kings,Sacramento,Kings,SAC,home,108,37,85,44.0,20,46,43.0,14,19,74.0,9,36,45,24,9,4,17,20,11,0,1,1,Atlanta Hawks,109
401704815,2025,2024-11-18,2024-11-19 02:00:00,19,Orlando Magic,Orlando,Magic,ORL,away,109,39,76,51.0,11,29,38.0,20,25,80.0,8,30,38,28,5,7,10,19,19,1,0,21,Phoenix Suns,99
401704815,2025,2024-11-18,2024-11-19 02:00:00,21,Phoenix Suns,Phoenix,Suns,PHX,home,99,35,83,42.0,12,41,29.0,17,25,68.0,16,29,45,25,5,2,13,21,1,0,1,19,Orlando Magic,109
401704814,2025,2024-11-18,2024-11-19 01:00:00,10,Houston Rockets,Houston,Rockets,HOU,away,100,40,100,40.0,9,32,28.0,11,13,85.0,16,37,53,19,9,6,12,15,13,1,1,15,Milwaukee Bucks,101
401704814,2025,2024-11-18,2024-11-19 01:00:00,15,Milwaukee Bucks,Milwaukee,Bucks,MIL,home,101,38,83,46.0,13,33,39.0,12,19,63.0,4,39,43,21,8,8,15,18,14,1,1,10,Houston Rockets,100
401704811,2025,2024-11-18,2024-11-19 00:30:00,20,Philadelphia 76ers,Philadelphia,76ers,PHI,away,89,35,84,42.0,10,41,24.0,9,12,75.0,2,40,42,25,10,3,14,17,19,1,0,14,Miami Heat,106
401704811,2025,2024-11-18,2024-11-19 00:30:00,14,Miami Heat,Miami,Heat,MIA,home,106,36,87,41.0,13,44,30.0,21,23,91.0,9,44,53,26,10,2,13,13,20,2,1,20,Philadelphia 76ers,89
401704812,2025,2024-11-18,2024-11-19 00:30:00,27,Washington Wizards,Washington,Wizards,WSH,away,106,43,91,47.0,11,33,33.0,9,16,56.0,12,29,41,23,5,3,10,19,5,0,0,18,New York Knicks,134
401704812,2025,2024-11-18,2024-11-19 00:30:00,18,New York Knicks,New York,Knicks,NY,home,134,51,91,56.0,20,40,50.0,12,13,92.0,7,34,41,37,4,1,8,12,34,0,0,27,Washington Wizards,106
401704813,2025,2024-11-18,2024-11-19 00:30:00,11,Indiana Pacers,Indiana,Pacers,IND,away,119,44,99,44.0,15,40,38.0,16,20,80.0,12,20,32,29,17,5,10,19,1,1,0,28,Toronto Raptors,130
401704813,2025,2024-11-18,2024-11-19 00:30:00,28,Toronto Raptors,Toronto,Raptors,TOR,home,130,48,82,59.0,14,29,48.0,20,28,71.0,10,36,46,27,5,9,23,26,22,0,0,11,Indiana Pacers,119
401704810,2025,2024-11-18,2024-11-19 00:00:00,4,Chicago Bulls,Chicago,Bulls,CHI,away,122,44,91,48.0,23,46,50.0,11,14,79.0,10,36,46,28,3,5,10,16,13,1,0,8,Detroit Pistons,112
401704810,2025,2024-11-18,2024-11-19 00:00:00,8,Detroit Pistons,Detroit,Pistons,DET,home,112,42,98,43.0,15,44,34.0,13,19,68.0,16,32,48,27,3,3,9,19,3,0,0,4,Chicago Bulls,122
401704809,2025,2024-11-17,2024-11-18 02:00:00,26,Utah Jazz,Utah,Jazz,UTAH,away,105,39,79,49.0,12,40,30.0,15,18,83.0,9,32,41,24,7,1,18,14,0,1,2,12,LA Clippers,116
401704809,2025,2024-11-17,2024-11-18 02:00:00,12,LA Clippers,LA,Clippers,LAC,home,116,46,94,49.0,11,40,28.0,13,17,76.0,14,27,41,30,11,5,9,11,23,0,0,26,Utah Jazz,105
401704806,2025,2024-11-17,2024-11-18 00:00:00,17,Brooklyn Nets,Brooklyn,Nets,BKN,away,104,32,76,42.0,17,41,41.0,23,30,77.0,7,28,35,31,1,3,9,19,6,0,1,18,New York Knicks,114
401704806,2025,2024-11-17,2024-11-18 00:00:00,18,New York Knicks,New York,Knicks,NY,home,114,43,88,49.0,13,40,32.0,15,19,79.0,10,37,47,33,4,5,6,23,15,2,0,17,Brooklyn Nets,104
401704807,2025,2024-11-17,2024-11-18 00:00:00,10,Houston Rockets,Houston,Rockets,HOU,away,143,55,105,52.0,10,34,29.0,23,32,72.0,14,52,66,34,8,9,10,18,39,1,0,4,Chicago Bulls,107
401704807,2025,2024-11-17,2024-11-18 00:00:00,4,Chicago Bulls,Chicago,Bulls,CHI,home,107,36,107,34.0,14,56,25.0,21,22,95.0,13,34,47,26,8,7,13,21,3,2,1,10,Houston Rockets,143
401704808,2025,2024-11-17,2024-11-18 00:00:00,6,Dallas Mavericks,Dallas,Mavericks,DAL,away,121,40,84,48.0,11,27,41.0,30,36,83.0,18,35,53,18,4,5,16,20,14,0,1,25,Oklahoma City Thunder,119
401704808,2025,2024-11-17,2024-11-18 00:00:00,25,Oklahoma City Thunder,Oklahoma City,Thunder,OKC,home,119,43,87,49.0,14,42,33.0,19,25,76.0,7,22,29,29,11,5,6,25,3,2,0,6,Dallas Mavericks,121
401704802,2025,2024-11-17,2024-11-17 23:00:00,30,Charlotte Hornets,Charlotte,Hornets,CHA,away,114,42,103,41.0,20,52,38.0,10,12,83.0,17,23,40,34,12,6,9,23,1,1,1,5,Cleveland Cavaliers,128
401704802,2025,2024-11-17,2024-11-17 23:00:00,5,Cleveland Cavaliers,Cleveland,Cavaliers,CLE,home,128,44,77,57.0,13,30,43.0,27,28,96.0,9,39,48,26,3,4,20,15,16,0,0,30,Charlotte Hornets,114
401704803,2025,2024-11-17,2024-11-17 23:00:00,8,Detroit Pistons,Detroit,Pistons,DET,away,124,46,97,47.0,17,38,45.0,15,19,79.0,13,38,51,27,11,4,8,19,25,1,1,27,Washington Wizards,104
401704803,2025,2024-11-17,2024-11-17 23:00:00,27,Washington Wizards,Washington,Wizards,WSH,home,104,39,83,47.0,12,27,44.0,14,20,70.0,5,34,39,21,6,3,17,16,2,0,0,8,Detroit Pistons,124
401704804,2025,2024-11-17,2024-11-17 23:00:00,7,Denver Nuggets,Denver,Nuggets,DEN,away,90,35,84,42.0,10,31,32.0,10,14,71.0,6,33,39,23,9,5,14,12,8,1,1,29,Memphis Grizzlies,105
401704804,2025,2024-11-17,2024-11-17 23:00:00,29,Memphis Grizzlies,Memphis,Grizzlies,MEM,home,105,41,91,45.0,13,39,33.0,10,12,83.0,10,35,45,31,10,10,12,15,24,1,0,7,Denver Nuggets,90
401704805,2025,2024-11-17,2024-11-17 23:00:00,1,Atlanta Hawks,Atlanta,Hawks,ATL,away,110,39,85,46.0,11,32,34.0,21,25,84.0,16,31,47,30,10,7,25,19,16,2,0,22,Portland Trail Blazers,114
401704805,2025,2024-11-17,2024-11-17 23:00:00,22,Portland Trail Blazers,Portland,Trail Blazers,POR,home,114,44,95,46.0,14,38,37.0,12,19,63.0,18,22,40,31,16,10,20,21,14,0,0,1,Atlanta Hawks,110
401704801,2025,2024-11-17,2024-11-17 22:00:00,14,Miami Heat,Miami,Heat,MIA,away,110,36,90,40.0,19,43,44.0,19,20,95.0,15,23,38,21,4,1,10,13,0,1,2,11,Indiana Pacers,119
401704801,2025,2024-11-17,2024-11-17 22:00:00,11,Indiana Pacers,Indiana,Pacers,IND,home,119,44,85,52.0,13,29,45.0,18,20,90.0,10,35,45,30,6,6,10,16,16,1,0,14,Miami Heat,110
401704800,2025,2024-11-17,2024-11-17 20:30:00,21,Phoenix Suns,Phoenix,Suns,PHX,away,117,46,85,54.0,14,31,45.0,11,15,73.0,12,29,41,29,9,2,19,26,16,2,1,16,Minnesota Timberwolves,120
401704800,2025,2024-11-17,2024-11-17 20:30:00,16,Minnesota Timberwolves,Minnesota,Timberwolves,MIN,home,120,42,80,53.0,17,39,44.0,19,26,73.0,9,23,32,27,8,6,14,13,3,0,1,21,Phoenix Suns,117
401704799,2025,2024-11-16,2024-11-17 03:00:00,26,Utah Jazz,Utah,Jazz,UTAH,away,117,37,75,49.0,12,26,46.0,31,42,74.0,11,22,33,16,11,3,13,20,11,3,0,23,Sacramento Kings,121
401704799,2025,2024-11-16,2024-11-17 03:00:00,23,Sacramento Kings,Sacramento,Kings,SAC,home,121,42,83,51.0,19,41,46.0,18,25,72.0,9,26,35,24,6,3,14,29,12,0,0,26,Utah Jazz,117
401704798,2025,2024-11-16,2024-11-17 01:30:00,24,San Antonio Spurs,San Antonio,Spurs,SA,away,93,28,88,32.0,11,40,28.0,26,30,87.0,13,32,45,21,10,9,11,17,8,1,0,6,Dallas Mavericks,110
401704798,2025,2024-11-16,2024-11-17 01:30:00,6,Dallas Mavericks,Dallas,Mavericks,DAL,home,110,44,94,47.0,8,31,26.0,14,18,78.0,13,40,53,26,9,7,14,18,26,1,1,24,San Antonio Spurs,93
401704796,2025,2024-11-16,2024-11-17 01:00:00,28,Toronto Raptors,Toronto,Raptors,TOR,away,123,50,98,51.0,9,23,39.0,14,21,67.0,15,31,46,35,3,2,9,19,7,0,0,2,Boston Celtics,126
401704796,2025,2024-11-16,2024-11-17 01:00:00,2,Boston Celtics,Boston,Celtics,BOS,home,126,44,99,44.0,21,61,34.0,17,19,89.0,14,28,42,30,2,6,9,20,10,0,0,28,Toronto Raptors,123
401704797,2025,2024-11-16,2024-11-17 01:00:00,13,Los Angeles Lakers,Los Angeles,Lakers,LAL,away,104,39,89,44.0,12,40,30.0,14,18,78.0,17,26,43,24,10,3,11,14,10,0,1,3,New Orleans Pelicans,99
401704797,2025,2024-11-16,2024-11-17 01:00:00,3,New Orleans Pelicans,New Orleans,Pelicans,NO,home,99,35,83,42.0,11,29,38.0,18,23,78.0,18,32,50,24,7,4,17,19,15,0,0,13,Los Angeles Lakers,104
401704795,2025,2024-11-16,2024-11-16 20:00:00,15,Milwaukee Bucks,Milwaukee,Bucks,MIL,away,114,47,92,51.0,15,36,42.0,5,11,45.0,8,32,40,31,6,6,9,18,8,0,0,30,Charlotte Hornets,115
401704795,2025,2024-11-16,2024-11-16 20:00:00,30,Charlotte Hornets,Charlotte,Hornets,CHA,home,115,41,93,44.0,15,42,36.0,18,21,86.0,16,37,53,25,7,4,10,16,5,0,0,15,Milwaukee Bucks,114
401703388,2025,2024-11-15,2024-11-16 03:00:00,29,Memphis Grizzlies,Memphis,Grizzlies,MEM,away,118,42,103,41.0,7,42,17.0,27,33,82.0,18,36,54,22,8,11,15,21,5,0,0,9,Golden State Warriors,123
401703388,2025,2024-11-15,2024-11-16 03:00:00,9,Golden State Warriors,Golden State,Warriors,GS,home,123,43,98,44.0,19,46,41.0,18,25,72.0,14,42,56,33,9,5,19,28,24,0,4,29,Memphis Grizzlies,118
401703389,2025,2024-11-15,2024-11-16 03:00:00,16,Minnesota Timberwolves,Minnesota,Timberwolves,MIN,away,130,48,101,48.0,20,49,41.0,14,16,88.0,10,31,41,26,9,4,11,19,20,0,0,23,Sacramento Kings,126
401703389,2025,2024-11-15,2024-11-16 03:00:00,23,Sacramento Kings,Sacramento,Kings,SAC,home,126,48,96,50.0,12,37,32.0,18,20,90.0,11,40,51,21,6,7,13,17,4,0,0,16,Minnesota Timberwolves,130
401703385,2025,2024-11-15,2024-11-16 01:00:00,12,LA Clippers,LA,Clippers,LAC,away,104,34,90,38.0,10,40,25.0,26,33,79.0,13,38,51,12,6,6,14,15,0,1,1,10,Houston Rockets,125
401703385,2025,2024-11-15,2024-11-16 01:00:00,10,Houston Rockets,Houston,Rockets,HOU,home,125,46,95,48.0,19,44,43.0,14,18,78.0,9,39,48,31,11,3,12,25,28,0,2,12,LA Clippers,104
401703386,2025,2024-11-15,2024-11-16 01:00:00,7,Denver Nuggets,Denver,Nuggets,DEN,away,94,37,87,43.0,10,37,27.0,10,11,91.0,5,33,38,26,10,1,7,16,7,1,0,3,New Orleans Pelicans,101
401703386,2025,2024-11-15,2024-11-16 01:00:00,3,New Orleans Pelicans,New Orleans,Pelicans,NO,home,101,37,87,43.0,11,35,31.0,16,18,89.0,17,39,56,21,4,5,14,13,11,1,0,7,Denver Nuggets,94
401703387,2025,2024-11-15,2024-11-16 01:00:00,21,Phoenix Suns,Phoenix,Suns,PHX,away,83,22,75,29.0,9,37,24.0,30,40,75.0,11,39,50,17,6,4,14,20,4,3,0,25,Oklahoma City Thunder,99
401703387,2025,2024-11-15,2024-11-16 01:00:00,25,Oklahoma City Thunder,Oklahoma City,Thunder,OKC,home,99,36,91,40.0,10,40,25.0,17,18,94.0,13,40,53,21,6,11,10,26,25,1,0,21,Phoenix Suns,83
401703381,2025,2024-11-15,2024-11-16 00:30:00,27,Washington Wizards,Washington,Wizards,WSH,away,117,43,106,41.0,15,43,35.0,16,21,76.0,13,39,52,28,11,5,15,23,14,1,0,1,Atlanta Hawks,129
401703381,2025,2024-11-15,2024-11-16 00:30:00,1,Atlanta Hawks,Atlanta,Hawks,ATL,home,129,46,98,47.0,12,37,32.0,25,30,83.0,15,40,55,28,10,10,16,17,28,0,1,27,Washington Wizards,117
401703382,2025,2024-11-15,2024-11-16 00:30:00,4,Chicago Bulls,Chicago,Bulls,CHI,away,126,45,88,51.0,20,42,48.0,16,20,80.0,3,33,36,32,7,4,17,20,1,0,0,5,Cleveland Cavaliers,144
401703382,2025,2024-11-15,2024-11-16 00:30:00,5,Cleveland Cavaliers,Cleveland,Cavaliers,CLE,home,144,51,93,55.0,21,43,49.0,21,24,88.0,4,36,40,33,11,6,13,16,19,0,0,4,Chicago Bulls,126
401703383,2025,2024-11-15,2024-11-16 00:30:00,17,Brooklyn Nets,Brooklyn,Nets,BKN,away,122,39,89,44.0,19,46,41.0,25,28,89.0,10,27,37,27,8,2,9,22,4,0,2,18,New York Knicks,124
401703383,2025,2024-11-15,2024-11-16 00:30:00,18,New York Knicks,New York,Knicks,NY,home,124,44,83,53.0,13,38,34.0,23,28,82.0,8,37,45,25,7,6,13,21,21,0,2,17,Brooklyn Nets,122
401703384,2025,2024-11-15,2024-11-16 00:30:00,13,Los Angeles Lakers,Los Angeles,Lakers,LAL,away,120,44,88,50.0,14,31,45.0,18,23,78.0,10,31,41,27,10,3,10,11,11,2,0,24,San Antonio Spurs,115
401703384,2025,2024-11-15,2024-11-16 00:30:00,24,San Antonio Spurs,San Antonio,Spurs,SA,home,115,43,88,49.0,17,45,38.0,12,16,75.0,11,29,40,32,6,5,13,19,12,0,0,13,Los Angeles Lakers,120
401703378,2025,2024-11-15,2024-11-16 00:00:00,14,Miami Heat,Miami,Heat,MIA,away,124,45,87,52.0,15,42,36.0,19,23,83.0,4,32,36,27,16,1,10,12,22,0,0,11,Indiana Pacers,111
401703378,2025,2024-11-15,2024-11-16 00:00:00,11,Indiana Pacers,Indiana,Pacers,IND,home,111,44,86,51.0,14,35,40.0,9,11,82.0,8,31,39,28,8,4,20,15,3,0,1,14,Miami Heat,124
401703379,2025,2024-11-15,2024-11-16 00:00:00,20,Philadelphia 76ers,Philadelphia,76ers,PHI,away,86,29,72,40.0,10,31,32.0,18,21,86.0,6,28,34,19,10,3,16,23,10,2,0,19,Orlando Magic,98
401703379,2025,2024-11-15,2024-11-16 00:00:00,19,Orlando Magic,Orlando,Magic,ORL,home,98,34,78,44.0,11,37,30.0,19,22,86.0,11,32,43,15,11,6,17,21,13,1,1,20,Philadelphia 76ers,86
401703380,2025,2024-11-15,2024-11-16 00:00:00,8,Detroit Pistons,Detroit,Pistons,DET,away,99,39,95,41.0,8,38,21.0,13,20,65.0,14,42,56,24,8,8,13,16,8,1,0,28,Toronto Raptors,95
401703380,2025,2024-11-15,2024-11-16 00:00:00,28,Toronto Raptors,Toronto,Raptors,TOR,home,95,35,97,36.0,8,31,26.0,17,22,77.0,17,36,53,21,7,6,14,13,8,1,0,8,Detroit Pistons,99
401704794,2025,2024-11-14,2024-11-15 02:00:00,6,Dallas Mavericks,Dallas,Mavericks,DAL,away,113,43,85,51.0,12,39,31.0,15,20,75.0,11,19,30,25,11,10,17,18,8,0,0,26,Utah Jazz,115
401704794,2025,2024-11-14,2024-11-15 02:00:00,26,Utah Jazz,Utah,Jazz,UTAH,home,115,43,85,51.0,13,34,38.0,16,21,76.0,16,24,40,25,11,2,18,20,16,2,0,6,Dallas Mavericks,113
401704791,2025,2024-11-13,2024-11-14 03:00:00,29,Memphis Grizzlies,Memphis,Grizzlies,MEM,away,123,42,89,47.0,12,33,36.0,27,33,82.0,12,29,41,28,11,6,13,25,9,1,0,13,Los Angeles Lakers,128
401704791,2025,2024-11-13,2024-11-14 03:00:00,13,Los Angeles Lakers,Los Angeles,Lakers,LAL,home,128,43,85,51.0,20,41,49.0,22,32,69.0,7,35,42,31,7,5,18,22,15,0,0,29,Memphis Grizzlies,123
401704792,2025,2024-11-13,2024-11-14 03:00:00,16,Minnesota Timberwolves,Minnesota,Timberwolves,MIN,away,98,37,94,39.0,7,39,18.0,17,22,77.0,13,28,41,16,12,3,13,19,13,1,1,22,Portland Trail Blazers,106
401704792,2025,2024-11-13,2024-11-14 03:00:00,22,Portland Trail Blazers,Portland,Trail Blazers,POR,home,106,38,83,46.0,9,25,36.0,21,23,91.0,11,36,47,17,10,10,19,18,11,1,1,16,Minnesota Timberwolves,98
401704793,2025,2024-11-13,2024-11-14 03:00:00,21,Phoenix Suns,Phoenix,Suns,PHX,away,104,36,97,37.0,13,43,30.0,19,26,73.0,19,21,40,23,12,2,10,12,4,0,0,23,Sacramento Kings,127
401704793,2025,2024-11-13,2024-11-14 03:00:00,23,Sacramento Kings,Sacramento,Kings,SAC,home,127,50,78,64.0,15,28,54.0,12,17,71.0,6,39,45,38,7,8,17,20,26,0,0,21,Phoenix Suns,104
401704788,2025,2024-11-13,2024-11-14 01:00:00,12,LA Clippers,LA,Clippers,LAC,away,103,38,96,40.0,14,38,37.0,13,16,81.0,10,32,42,27,10,3,9,16,11,3,0,10,Houston Rockets,111
401704788,2025,2024-11-13,2024-11-14 01:00:00,10,Houston Rockets,Houston,Rockets,HOU,home,111,42,97,43.0,15,40,38.0,12,17,71.0,18,41,59,28,8,11,13,17,19,1,0,12,LA Clippers,103
401704789,2025,2024-11-13,2024-11-14 01:00:00,8,Detroit Pistons,Detroit,Pistons,DET,away,120,46,100,46.0,18,38,47.0,10,13,77.0,11,34,45,29,6,7,14,21,18,1,1,15,Milwaukee Bucks,127
401704789,2025,2024-11-13,2024-11-14 01:00:00,15,Milwaukee Bucks,Milwaukee,Bucks,MIL,home,127,45,95,47.0,15,35,43.0,22,25,88.0,9,38,47,26,10,9,11,12,8,1,3,8,Detroit Pistons,120
401704790,2025,2024-11-13,2024-11-14 01:00:00,27,Washington Wizards,Washington,Wizards,WSH,away,130,49,95,52.0,18,44,41.0,14,16,88.0,11,30,41,27,5,5,18,23,3,0,0,24,San Antonio Spurs,139
401704790,2025,2024-11-13,2024-11-14 01:00:00,24,San Antonio Spurs,San Antonio,Spurs,SA,home,139,48,92,52.0,18,44,41.0,25,32,78.0,8,31,39,38,7,7,9,15,21,0,0,27,Washington Wizards,130
401704784,2025,2024-11-13,2024-11-14 00:30:00,2,Boston Celtics,Boston,Celtics,BOS,away,139,50,93,54.0,22,46,48.0,17,24,71.0,12,33,45,35,7,6,7,17,30,1,1,17,Brooklyn Nets,114
401704784,2025,2024-11-13,2024-11-14 00:30:00,17,Brooklyn Nets,Brooklyn,Nets,BKN,home,114,40,79,51.0,19,43,44.0,15,18,83.0,3,31,34,26,4,3,12,20,13,1,1,2,Boston Celtics,139
401704785,2025,2024-11-13,2024-11-14 00:30:00,4,Chicago Bulls,Chicago,Bulls,CHI,away,124,44,82,54.0,14,36,39.0,22,27,81.0,7,33,40,31,10,6,18,17,22,0,2,18,New York Knicks,123
401704785,2025,2024-11-13,2024-11-14 00:30:00,18,New York Knicks,New York,Knicks,NY,home,123,48,94,51.0,15,37,41.0,12,18,67.0,10,30,40,31,7,3,15,17,3,0,2,4,Chicago Bulls,124
401704786,2025,2024-11-13,2024-11-14 00:30:00,5,Cleveland Cavaliers,Cleveland,Cavaliers,CLE,away,114,42,85,49.0,16,40,40.0,14,17,82.0,9,37,46,25,8,1,11,14,10,0,0,20,Philadelphia 76ers,106
401704786,2025,2024-11-13,2024-11-14 00:30:00,20,Philadelphia 76ers,Philadelphia,76ers,PHI,home,106,41,92,45.0,14,43,33.0,10,11,91.0,12,33,45,24,8,2,11,13,8,1,0,5,Cleveland Cavaliers,114
401704787,2025,2024-11-13,2024-11-14 00:30:00,3,New Orleans Pelicans,New Orleans,Pelicans,NO,away,88,34,86,40.0,9,37,24.0,11,17,65.0,21,37,58,21,3,4,23,15,12,1,0,25,Oklahoma City Thunder,106
401704787,2025,2024-11-13,2024-11-14 00:30:00,25,Oklahoma City Thunder,Oklahoma City,Thunder,OKC,home,106,39,88,44.0,15,39,38.0,13,16,81.0,5,26,31,20,16,7,5,17,22,2,1,3,New Orleans Pelicans,88
401704783,2025,2024-11-13,2024-11-14 00:00:00,11,Indiana Pacers,Indiana,Pacers,IND,away,90,32,84,38.0,10,30,33.0,16,18,89.0,7,34,41,22,10,6,16,19,12,1,1,19,Orlando Magic,94
401704783,2025,2024-11-13,2024-11-14 00:00:00,19,Orlando Magic,Orlando,Magic,ORL,home,94,34,84,40.0,13,38,34.0,13,15,87.0,13,37,50,26,8,10,17,19,12,0,2,11,Indiana Pacers,90
401703376,2025,2024-11-12,2024-11-13 03:00:00,6,Dallas Mavericks,Dallas,Mavericks,DAL,away,117,44,84,52.0,11,34,32.0,18,24,75.0,8,32,40,26,6,1,17,23,11,1,0,9,Golden State Warriors,120
401703376,2025,2024-11-12,2024-11-13 03:00:00,9,Golden State Warriors,Golden State,Warriors,GS,home,120,45,94,48.0,14,41,34.0,16,27,59.0,18,32,50,29,13,7,12,18,13,1,0,6,Dallas Mavericks,117
401703377,2025,2024-11-12,2024-11-13 03:00:00,16,Minnesota Timberwolves,Minnesota,Timberwolves,MIN,away,108,37,73,51.0,13,35,37.0,21,23,91.0,4,28,32,22,13,4,21,22,3,2,1,22,Portland Trail Blazers,122
401703377,2025,2024-11-12,2024-11-13 03:00:00,22,Portland Trail Blazers,Portland,Trail Blazers,POR,home,122,43,84,51.0,18,32,56.0,18,20,90.0,11,28,39,30,14,7,19,23,19,1,0,16,Minnesota Timberwolves,108
401703375,2025,2024-11-12,2024-11-13 02:00:00,21,Phoenix Suns,Phoenix,Suns,PHX,away,120,43,86,50.0,18,39,46.0,16,22,73.0,10,32,42,21,6,11,8,11,18,2,0,26,Utah Jazz,112
401703375,2025,2024-11-12,2024-11-13 02:00:00,26,Utah Jazz,Utah,Jazz,UTAH,home,112,45,92,49.0,15,38,39.0,7,9,78.0,12,27,39,32,7,3,10,17,1,3,0,21,Phoenix Suns,120
401703374,2025,2024-11-12,2024-11-13 01:00:00,28,Toronto Raptors,Toronto,Raptors,TOR,away,85,30,86,35.0,9,25,36.0,16,20,80.0,17,37,54,20,11,6,21,11,0,1,0,15,Milwaukee Bucks,99
401703374,2025,2024-11-12,2024-11-13 01:00:00,15,Milwaukee Bucks,Milwaukee,Bucks,MIL,home,99,38,94,40.0,16,56,29.0,7,12,58.0,12,35,47,25,16,9,16,18,21,1,0,28,Toronto Raptors,85
401703373,2025,2024-11-12,2024-11-13 00:30:00,18,New York Knicks,New York,Knicks,NY,away,111,44,89,49.0,9,31,29.0,14,15,93.0,8,39,47,31,8,5,15,15,15,0,0,20,Philadelphia 76ers,99
401703373,2025,2024-11-12,2024-11-13 00:30:00,20,Philadelphia 76ers,Philadelphia,76ers,PHI,home,99,31,83,37.0,14,42,33.0,23,24,96.0,9,31,40,19,10,6,13,20,2,2,0,18,New York Knicks,111
401703370,2025,2024-11-12,2024-11-13 00:00:00,1,Atlanta Hawks,Atlanta,Hawks,ATL,away,117,50,99,51.0,10,32,31.0,7,13,54.0,19,25,44,35,16,2,16,17,3,0,0,2,Boston Celtics,116
401703370,2025,2024-11-12,2024-11-13 00:00:00,2,Boston Celtics,Boston,Celtics,BOS,home,116,38,75,51.0,18,45,40.0,22,27,81.0,6,28,34,28,7,5,20,12,15,0,0,1,Atlanta Hawks,117
401703371,2025,2024-11-12,2024-11-13 00:00:00,14,Miami Heat,Miami,Heat,MIA,away,121,47,101,47.0,17,45,38.0,10,13,77.0,12,31,43,25,14,3,10,22,3,2,0,8,Detroit Pistons,123
401703371,2025,2024-11-12,2024-11-13 00:00:00,8,Detroit Pistons,Detroit,Pistons,DET,home,123,43,92,47.0,13,36,36.0,24,28,86.0,15,41,56,32,4,4,19,19,18,0,0,14,Miami Heat,121
401703372,2025,2024-11-12,2024-11-13 00:00:00,30,Charlotte Hornets,Charlotte,Hornets,CHA,away,89,34,84,40.0,13,38,34.0,8,14,57.0,8,40,48,22,7,3,22,18,5,0,2,19,Orlando Magic,114
401703372,2025,2024-11-12,2024-11-13 00:00:00,19,Orlando Magic,Orlando,Magic,ORL,home,114,43,93,46.0,13,44,30.0,15,19,79.0,8,35,43,25,12,7,11,21,30,0,1,30,Charlotte Hornets,89
401704778,2025,2024-11-11,2024-11-12 01:00:00,5,Cleveland Cavaliers,Cleveland,Cavaliers,CLE,away,119,43,97,44.0,15,45,33.0,18,24,75.0,12,31,43,26,14,3,8,13,10,1,1,4,Chicago Bulls,113
401704778,2025,2024-11-11,2024-11-12 01:00:00,4,Chicago Bulls,Chicago,Bulls,CHI,home,113,43,87,49.0,14,38,37.0,13,16,81.0,8,43,51,26,7,5,20,17,9,1,0,5,Cleveland Cavaliers,119
401704779,2025,2024-11-11,2024-11-12 01:00:00,27,Washington Wizards,Washington,Wizards,WSH,away,92,36,88,41.0,11,31,35.0,9,13,69.0,8,26,34,21,14,5,18,17,0,1,2,10,Houston Rockets,107
401704779,2025,2024-11-11,2024-11-12 01:00:00,10,Houston Rockets,Houston,Rockets,HOU,home,107,40,87,46.0,5,23,22.0,22,25,88.0,17,41,58,13,12,10,19,17,20,2,0,27,Washington Wizards,92
401704780,2025,2024-11-11,2024-11-12 01:00:00,17,Brooklyn Nets,Brooklyn,Nets,BKN,away,107,36,84,43.0,19,42,45.0,16,19,84.0,14,32,46,24,4,5,16,14,8,1,0,3,New Orleans Pelicans,105
401704780,2025,2024-11-11,2024-11-12 01:00:00,3,New Orleans Pelicans,New Orleans,Pelicans,NO,home,105,42,94,45.0,10,30,33.0,11,12,92.0,14,31,45,31,13,4,10,15,8,1,0,17,Brooklyn Nets,107
401704781,2025,2024-11-11,2024-11-12 01:00:00,12,LA Clippers,LA,Clippers,LAC,away,128,44,80,55.0,20,37,54.0,20,29,69.0,15,32,47,31,5,5,23,22,4,1,1,25,Oklahoma City Thunder,134
401704781,2025,2024-11-11,2024-11-12 01:00:00,25,Oklahoma City Thunder,Oklahoma City,Thunder,OKC,home,134,47,91,52.0,18,46,39.0,22,23,96.0,9,20,29,31,16,5,11,23,20,0,1,12,LA Clippers,128
401704782,2025,2024-11-11,2024-11-12 01:00:00,23,Sacramento Kings,Sacramento,Kings,SAC,away,96,39,91,43.0,10,38,26.0,8,9,89.0,9,28,37,18,11,4,11,14,9,0,0,24,San Antonio Spurs,116
401704782,2025,2024-11-11,2024-11-12 01:00:00,24,San Antonio Spurs,San Antonio,Spurs,SA,home,116,43,85,51.0,22,46,48.0,8,8,100.0,8,36,44,31,5,5,16,10,20,2,0,23,Sacramento Kings,96
401704777,2025,2024-11-10,2024-11-11 02:30:00,28,Toronto Raptors,Toronto,Raptors,TOR,away,103,37,82,45.0,10,29,34.0,19,22,86.0,12,28,40,26,2,2,16,23,10,2,2,13,Los Angeles Lakers,123
401704777,2025,2024-11-10,2024-11-11 02:30:00,13,Los Angeles Lakers,Los Angeles,Lakers,LAL,home,123,44,86,51.0,12,37,32.0,23,28,82.0,10,23,33,30,9,4,5,15,20,0,0,28,Toronto Raptors,103
401704776,2025,2024-11-10,2024-11-11 02:00:00,29,Memphis Grizzlies,Memphis,Grizzlies,MEM,away,134,47,85,55.0,16,43,37.0,24,28,86.0,10,41,51,32,15,13,20,17,45,3,1,22,Portland Trail Blazers,89
401704776,2025,2024-11-10,2024-11-11 02:00:00,22,Portland Trail Blazers,Portland,Trail Blazers,POR,home,89,34,100,34.0,4,42,10.0,17,21,81.0,16,27,43,18,9,3,23,21,1,1,0,29,Memphis Grizzlies,134
401704774,2025,2024-11-10,2024-11-11 01:00:00,6,Dallas Mavericks,Dallas,Mavericks,DAL,away,120,48,90,53.0,10,33,30.0,14,19,74.0,10,32,42,29,7,5,10,17,5,0,1,7,Denver Nuggets,122
401704774,2025,2024-11-10,2024-11-11 01:00:00,7,Denver Nuggets,Denver,Nuggets,DEN,home,122,45,89,51.0,14,29,48.0,18,26,69.0,13,32,45,35,6,5,10,16,10,0,1,6,Dallas Mavericks,120
401704775,2025,2024-11-10,2024-11-11 01:00:00,23,Sacramento Kings,Sacramento,Kings,SAC,away,127,50,102,49.0,11,37,30.0,16,19,84.0,8,49,57,23,7,3,14,20,11,1,0,21,Phoenix Suns,118
401704775,2025,2024-11-10,2024-11-11 01:00:00,21,Phoenix Suns,Phoenix,Suns,PHX,home,118,44,105,42.0,18,57,32.0,12,15,80.0,8,40,48,30,11,3,11,19,11,1,0,23,Sacramento Kings,127
401704771,2025,2024-11-10,2024-11-11 00:00:00,30,Charlotte Hornets,Charlotte,Hornets,CHA,away,105,36,95,38.0,14,54,26.0,19,22,86.0,12,38,50,22,10,5,19,22,7,2,0,20,Philadelphia 76ers,107
401704771,2025,2024-11-10,2024-11-11 00:00:00,20,Philadelphia 76ers,Philadelphia,76ers,PHI,home,107,39,84,46.0,9,33,27.0,20,26,77.0,8,32,40,24,8,1,17,23,16,0,0,30,Charlotte Hornets,105
401704772,2025,2024-11-10,2024-11-11 00:00:00,14,Miami Heat,Miami,Heat,MIA,away,95,34,77,44.0,11,31,35.0,16,22,73.0,6,37,43,18,14,9,22,20,12,1,1,16,Minnesota Timberwolves,94
401704772,2025,2024-11-10,2024-11-11 00:00:00,16,Minnesota Timberwolves,Minnesota,Timberwolves,MIN,home,94,35,88,40.0,13,45,29.0,11,13,85.0,16,31,47,22,13,5,19,20,8,1,0,14,Miami Heat,95
401704773,2025,2024-11-10,2024-11-11 00:00:00,9,Golden State Warriors,Golden State,Warriors,GS,away,127,45,89,51.0,21,43,49.0,16,23,70.0,13,33,46,35,8,3,14,26,30,1,1,25,Oklahoma City Thunder,116
401704773,2025,2024-11-10,2024-11-11 00:00:00,25,Oklahoma City Thunder,Oklahoma City,Thunder,OKC,home,116,42,94,45.0,11,33,33.0,21,26,81.0,14,27,41,25,4,6,11,18,7,0,0,9,Golden State Warriors,127
401704770,2025,2024-11-10,2024-11-10 23:00:00,27,Washington Wizards,Washington,Wizards,WSH,away,94,33,72,46.0,10,33,30.0,18,25,72.0,7,30,37,20,4,7,16,25,3,1,2,19,Orlando Magic,121
401704770,2025,2024-11-10,2024-11-10 23:00:00,19,Orlando Magic,Orlando,Magic,ORL,home,121,41,91,45.0,17,48,35.0,22,25,88.0,15,29,44,25,6,5,11,21,33,1,0,27,Washington Wizards,94
401704769,2025,2024-11-10,2024-11-10 22:00:00,18,New York Knicks,New York,Knicks,NY,away,121,46,83,55.0,7,25,28.0,22,27,81.0,8,31,39,23,5,3,13,20,10,1,2,11,Indiana Pacers,132
401704769,2025,2024-11-10,2024-11-10 22:00:00,11,Indiana Pacers,Indiana,Pacers,IND,home,132,45,88,51.0,21,46,46.0,21,25,84.0,5,27,32,27,6,4,6,22,14,4,1,18,New York Knicks,121
401704768,2025,2024-11-10,2024-11-10 20:30:00,2,Boston Celtics,Boston,Celtics,BOS,away,113,35,86,41.0,19,50,38.0,24,27,89.0,8,34,42,27,5,2,12,16,7,0,1,15,Milwaukee Bucks,107
401704768,2025,2024-11-10,2024-11-10 20:30:00,15,Milwaukee Bucks,Milwaukee,Bucks,MIL,home,107,39,81,48.0,13,32,41.0,16,21,76.0,5,36,41,21,9,8,12,18,17,1,3,2,Boston Celtics,113
401704767,2025,2024-11-10,2024-11-10 20:00:00,10,Houston Rockets,Houston,Rockets,HOU,away,101,38,93,41.0,7,34,21.0,18,24,75.0,17,36,53,19,10,5,11,21,13,1,3,8,Detroit Pistons,99
401704767,2025,2024-11-10,2024-11-10 20:00:00,8,Detroit Pistons,Detroit,Pistons,DET,home,99,36,84,43.0,11,34,32.0,16,23,70.0,11,35,46,21,6,6,18,21,5,0,2,10,Houston Rockets,101
401704766,2025,2024-11-09,2024-11-10 03:30:00,28,Toronto Raptors,Toronto,Raptors,TOR,away,103,40,95,42.0,11,37,30.0,12,21,57.0,12,32,44,26,8,5,10,23,2,0,0,12,LA Clippers,105
401704766,2025,2024-11-09,2024-11-10 03:30:00,12,LA Clippers,LA,Clippers,LAC,home,105,35,76,46.0,10,26,38.0,25,32,78.0,7,40,47,18,6,8,12,20,14,2,0,28,Toronto Raptors,103
401704764,2025,2024-11-09,2024-11-10 00:30:00,4,Chicago Bulls,Chicago,Bulls,CHI,away,125,46,92,50.0,13,39,33.0,20,23,87.0,13,34,47,30,12,6,17,18,14,1,0,1,Atlanta Hawks,113
401704764,2025,2024-11-09,2024-11-10 00:30:00,1,Atlanta Hawks,Atlanta,Hawks,ATL,home,113,41,89,46.0,9,29,31.0,22,30,73.0,10,29,39,31,8,5,13,19,18,1,0,4,Chicago Bulls,125
401704765,2025,2024-11-09,2024-11-10 00:30:00,17,Brooklyn Nets,Brooklyn,Nets,BKN,away,100,34,76,45.0,15,43,35.0,17,18,94.0,10,26,36,21,4,2,17,14,14,3,0,5,Cleveland Cavaliers,105
401704765,2025,2024-11-09,2024-11-10 00:30:00,5,Cleveland Cavaliers,Cleveland,Cavaliers,CLE,home,105,40,74,54.0,10,28,36.0,15,19,79.0,4,29,33,24,12,5,14,18,15,2,0,17,Brooklyn Nets,100
401704763,2025,2024-11-09,2024-11-09 22:00:00,26,Utah Jazz,Utah,Jazz,UTAH,away,111,38,82,46.0,10,33,30.0,25,35,71.0,9,36,45,23,13,4,17,20,9,1,0,24,San Antonio Spurs,110
401704763,2025,2024-11-09,2024-11-09 22:00:00,24,San Antonio Spurs,San Antonio,Spurs,SA,home,110,38,85,45.0,17,47,36.0,17,19,89.0,6,31,37,29,8,10,20,26,6,0,0,26,Utah Jazz,111
401704761,2025,2024-11-08,2024-11-09 03:00:00,20,Philadelphia 76ers,Philadelphia,76ers,PHI,away,106,39,96,41.0,13,39,33.0,15,23,65.0,13,31,44,28,6,4,5,14,2,3,0,13,Los Angeles Lakers,116
401704761,2025,2024-11-08,2024-11-09 03:00:00,13,Los Angeles Lakers,Los Angeles,Lakers,LAL,home,116,44,85,52.0,16,35,46.0,12,14,86.0,5,40,45,28,1,13,11,17,19,2,0,20,Philadelphia 76ers,106
401704762,2025,2024-11-08,2024-11-09 03:00:00,12,LA Clippers,LA,Clippers,LAC,away,107,36,81,44.0,14,30,47.0,21,23,91.0,12,36,48,20,7,2,18,21,16,3,0,23,Sacramento Kings,98
401704762,2025,2024-11-08,2024-11-09 03:00:00,23,Sacramento Kings,Sacramento,Kings,SAC,home,98,37,78,47.0,3,26,12.0,21,24,88.0,5,30,35,19,6,3,13,19,3,1,0,12,LA Clippers,107
401704759,2025,2024-11-08,2024-11-09 02:00:00,22,Portland Trail Blazers,Portland,Trail Blazers,POR,away,102,39,91,43.0,6,25,24.0,18,24,75.0,12,25,37,13,11,7,16,17,0,1,0,16,Minnesota Timberwolves,127
401704759,2025,2024-11-08,2024-11-09 02:00:00,16,Minnesota Timberwolves,Minnesota,Timberwolves,MIN,home,127,47,97,48.0,22,50,44.0,11,14,79.0,10,39,49,32,9,7,17,21,28,3,0,22,Portland Trail Blazers,102
401704760,2025,2024-11-08,2024-11-09 02:00:00,14,Miami Heat,Miami,Heat,MIA,away,122,46,94,49.0,20,43,47.0,10,13,77.0,9,24,33,33,11,1,11,19,0,3,0,7,Denver Nuggets,135
401704760,2025,2024-11-08,2024-11-09 02:00:00,7,Denver Nuggets,Denver,Nuggets,DEN,home,135,50,81,62.0,18,35,51.0,17,19,89.0,6,33,39,37,5,5,17,13,26,1,0,14,Miami Heat,122
401704757,2025,2024-11-08,2024-11-09 01:00:00,27,Washington Wizards,Washington,Wizards,WSH,away,104,38,93,41.0,9,35,26.0,19,23,83.0,11,30,41,27,14,8,18,27,2,0,1,29,Memphis Grizzlies,128
401704757,2025,2024-11-08,2024-11-09 01:00:00,29,Memphis Grizzlies,Memphis,Grizzlies,MEM,home,128,46,97,47.0,14,43,33.0,22,25,88.0,13,37,50,30,10,10,17,19,29,2,1,27,Washington Wizards,104
401704758,2025,2024-11-08,2024-11-09 01:00:00,10,Houston Rockets,Houston,Rockets,HOU,away,107,39,90,43.0,11,30,37.0,18,26,69.0,14,34,48,19,7,3,17,18,3,0,2,25,Oklahoma City Thunder,126
401704758,2025,2024-11-08,2024-11-09 01:00:00,25,Oklahoma City Thunder,Oklahoma City,Thunder,OKC,home,126,46,90,51.0,14,37,38.0,20,23,87.0,7,34,41,24,9,8,10,23,29,1,0,10,Houston Rockets,107
401704753,2025,2024-11-08,2024-11-09 00:30:00,17,Brooklyn Nets,Brooklyn,Nets,BKN,away,104,41,100,41.0,10,38,26.0,12,15,80.0,12,39,51,24,6,3,12,22,14,1,2,2,Boston Celtics,108
401704753,2025,2024-11-08,2024-11-09 00:30:00,2,Boston Celtics,Boston,Celtics,BOS,home,108,39,90,43.0,14,53,26.0,16,19,84.0,4,35,39,23,7,9,13,15,5,0,1,17,Brooklyn Nets,104
401704754,2025,2024-11-08,2024-11-09 00:30:00,9,Golden State Warriors,Golden State,Warriors,GS,away,117,47,98,48.0,13,42,31.0,10,14,71.0,11,29,40,32,14,4,17,24,0,0,0,5,Cleveland Cavaliers,136
401704754,2025,2024-11-08,2024-11-09 00:30:00,5,Cleveland Cavaliers,Cleveland,Cavaliers,CLE,home,136,46,85,54.0,20,42,48.0,24,28,86.0,9,34,43,33,7,7,19,12,41,1,0,9,Golden State Warriors,117
401704755,2025,2024-11-08,2024-11-09 00:30:00,15,Milwaukee Bucks,Milwaukee,Bucks,MIL,away,94,36,83,43.0,7,30,23.0,15,23,65.0,11,30,41,20,1,5,12,16,0,0,0,18,New York Knicks,116
401704755,2025,2024-11-08,2024-11-09 00:30:00,18,New York Knicks,New York,Knicks,NY,home,116,43,91,47.0,14,46,30.0,16,19,84.0,14,34,48,35,7,3,7,20,30,4,0,15,Milwaukee Bucks,94
401704756,2025,2024-11-08,2024-11-09 00:30:00,21,Phoenix Suns,Phoenix,Suns,PHX,away,114,43,86,50.0,15,39,38.0,13,18,72.0,11,26,37,26,6,2,8,18,14,1,1,6,Dallas Mavericks,113
401704756,2025,2024-11-08,2024-11-09 00:30:00,6,Dallas Mavericks,Dallas,Mavericks,DAL,home,113,41,80,51.0,11,33,33.0,20,22,91.0,8,31,39,18,5,1,11,22,6,0,0,21,Phoenix Suns,114
401704750,2025,2024-11-08,2024-11-09 00:00:00,11,Indiana Pacers,Indiana,Pacers,IND,away,83,33,83,40.0,9,29,31.0,8,14,57.0,7,30,37,24,10,4,12,16,13,2,0,30,Charlotte Hornets,103
401704750,2025,2024-11-08,2024-11-09 00:00:00,30,Charlotte Hornets,Charlotte,Hornets,CHA,home,103,38,90,42.0,17,50,34.0,10,12,83.0,13,43,56,23,6,7,14,16,20,1,0,11,Indiana Pacers,83
401704751,2025,2024-11-08,2024-11-09 00:00:00,1,Atlanta Hawks,Atlanta,Hawks,ATL,away,121,44,97,45.0,15,36,42.0,18,23,78.0,15,29,44,30,12,7,17,21,1,1,0,8,Detroit Pistons,122
401704751,2025,2024-11-08,2024-11-09 00:00:00,8,Detroit Pistons,Detroit,Pistons,DET,home,122,44,86,51.0,13,33,39.0,21,31,68.0,11,34,45,27,7,8,20,18,24,1,0,1,Atlanta Hawks,121
401704752,2025,2024-11-08,2024-11-09 00:00:00,3,New Orleans Pelicans,New Orleans,Pelicans,NO,away,88,32,84,38.0,10,31,32.0,14,17,82.0,6,25,31,18,10,1,15,19,0,1,1,19,Orlando Magic,115
401704752,2025,2024-11-08,2024-11-09 00:00:00,19,Orlando Magic,Orlando,Magic,ORL,home,115,45,86,52.0,8,32,25.0,17,21,81.0,11,32,43,28,9,8,13,14,27,2,0,3,New Orleans Pelicans,88
401704747,2025,2024-11-07,2024-11-08 01:00:00,16,Minnesota Timberwolves,Minnesota,Timberwolves,MIN,away,135,51,93,55.0,16,38,42.0,17,17,100.0,10,30,40,29,7,4,13,17,18,1,0,4,Chicago Bulls,119
401704747,2025,2024-11-07,2024-11-08 01:00:00,4,Chicago Bulls,Chicago,Bulls,CHI,home,119,47,88,53.0,15,36,42.0,10,15,67.0,10,22,32,30,9,4,13,20,13,0,1,16,Minnesota Timberwolves,135
401704748,2025,2024-11-07,2024-11-08 01:00:00,26,Utah Jazz,Utah,Jazz,UTAH,away,100,33,77,43.0,17,41,41.0,17,18,94.0,8,31,39,24,5,5,21,19,10,1,0,15,Milwaukee Bucks,123
401704748,2025,2024-11-07,2024-11-08 01:00:00,15,Milwaukee Bucks,Milwaukee,Bucks,MIL,home,123,43,84,51.0,15,35,43.0,22,30,73.0,11,30,41,20,13,3,10,21,28,1,0,26,Utah Jazz,100
401704749,2025,2024-11-07,2024-11-08 01:00:00,22,Portland Trail Blazers,Portland,Trail Blazers,POR,away,105,41,86,48.0,9,32,28.0,14,22,64.0,14,27,41,23,7,3,14,14,3,0,1,24,San Antonio Spurs,118
401704749,2025,2024-11-07,2024-11-08 01:00:00,24,San Antonio Spurs,San Antonio,Spurs,SA,home,118,44,82,54.0,16,39,41.0,14,18,78.0,12,33,45,35,9,4,15,15,14,1,0,22,Portland Trail Blazers,105
401704745,2025,2024-11-06,2024-11-07 03:00:00,20,Philadelphia 76ers,Philadelphia,76ers,PHI,away,98,40,73,55.0,7,25,28.0,11,19,58.0,10,22,32,19,10,2,20,22,7,0,0,12,LA Clippers,110
401704745,2025,2024-11-06,2024-11-07 03:00:00,12,LA Clippers,LA,Clippers,LAC,home,110,41,72,57.0,12,28,43.0,16,19,84.0,8,21,29,27,12,1,17,16,22,2,0,20,Philadelphia 76ers,98
401704746,2025,2024-11-06,2024-11-07 03:00:00,28,Toronto Raptors,Toronto,Raptors,TOR,away,107,43,88,49.0,10,34,29.0,11,15,73.0,8,26,34,25,7,1,11,23,9,1,0,23,Sacramento Kings,122
401704746,2025,2024-11-06,2024-11-07 03:00:00,23,Sacramento Kings,Sacramento,Kings,SAC,home,122,42,90,47.0,10,35,29.0,28,32,88.0,15,32,47,26,7,5,9,13,16,1,2,28,Toronto Raptors,107
401704743,2025,2024-11-06,2024-11-07 02:00:00,25,Oklahoma City Thunder,Oklahoma City,Thunder,OKC,away,122,44,100,44.0,16,40,40.0,18,23,78.0,13,34,47,29,15,6,14,28,16,0,0,7,Denver Nuggets,124
401704743,2025,2024-11-06,2024-11-07 02:00:00,7,Denver Nuggets,Denver,Nuggets,DEN,home,124,42,89,47.0,16,38,42.0,24,33,73.0,13,42,55,34,8,6,18,22,8,0,2,25,Oklahoma City Thunder,122
401704744,2025,2024-11-06,2024-11-07 02:00:00,14,Miami Heat,Miami,Heat,MIA,away,112,40,92,43.0,13,34,38.0,19,20,95.0,13,30,43,27,12,3,10,16,15,0,0,21,Phoenix Suns,115
401704744,2025,2024-11-06,2024-11-07 02:00:00,21,Phoenix Suns,Phoenix,Suns,PHX,home,115,42,84,50.0,18,43,42.0,13,18,72.0,10,36,46,29,5,6,16,14,7,0,1,14,Miami Heat,112
401704742,2025,2024-11-06,2024-11-07 01:30:00,4,Chicago Bulls,Chicago,Bulls,CHI,away,99,36,86,42.0,12,42,29.0,15,23,65.0,14,37,51,25,8,2,22,17,4,1,0,6,Dallas Mavericks,119
401704742,2025,2024-11-06,2024-11-07 01:30:00,6,Dallas Mavericks,Dallas,Mavericks,DAL,home,119,45,93,48.0,12,38,32.0,17,21,81.0,9,38,47,33,11,4,15,19,30,0,0,4,Chicago Bulls,99
401704739,2025,2024-11-06,2024-11-07 01:00:00,24,San Antonio Spurs,San Antonio,Spurs,SA,away,100,37,83,45.0,14,36,39.0,12,16,75.0,8,33,41,20,6,6,19,13,0,1,0,10,Houston Rockets,127
401704739,2025,2024-11-06,2024-11-07 01:00:00,10,Houston Rockets,Houston,Rockets,HOU,home,127,54,96,56.0,10,27,37.0,9,15,60.0,11,34,45,28,10,5,11,13,29,1,1,24,San Antonio Spurs,100
401704740,2025,2024-11-06,2024-11-07 01:00:00,13,Los Angeles Lakers,Los Angeles,Lakers,LAL,away,114,41,93,44.0,15,48,31.0,17,21,81.0,9,28,37,23,10,1,11,18,0,0,1,29,Memphis Grizzlies,131
401704740,2025,2024-11-06,2024-11-07 01:00:00,29,Memphis Grizzlies,Memphis,Grizzlies,MEM,home,131,48,93,52.0,17,34,50.0,18,23,78.0,12,38,50,28,5,6,18,17,22,0,3,13,Los Angeles Lakers,114
401704741,2025,2024-11-06,2024-11-07 01:00:00,5,Cleveland Cavaliers,Cleveland,Cavaliers,CLE,away,131,52,96,54.0,17,35,49.0,10,13,77.0,12,34,46,33,6,10,11,21,16,2,0,3,New Orleans Pelicans,122
401704741,2025,2024-11-06,2024-11-07 01:00:00,3,New Orleans Pelicans,New Orleans,Pelicans,NO,home,122,42,88,48.0,13,27,48.0,25,28,89.0,8,25,33,21,8,8,9,14,12,1,0,5,Cleveland Cavaliers,131
401704737,2025,2024-11-06,2024-11-07 00:30:00,18,New York Knicks,New York,Knicks,NY,away,116,41,84,49.0,22,47,47.0,12,15,80.0,7,34,41,29,5,5,15,18,7,1,1,1,Atlanta Hawks,121
401704737,2025,2024-11-06,2024-11-07 00:30:00,1,Atlanta Hawks,Atlanta,Hawks,ATL,home,121,45,100,45.0,15,38,39.0,16,22,73.0,16,32,48,31,12,4,8,14,8,0,0,18,New York Knicks,116
401704738,2025,2024-11-06,2024-11-07 00:30:00,9,Golden State Warriors,Golden State,Warriors,GS,away,118,42,91,46.0,14,34,41.0,20,24,83.0,15,38,53,22,6,5,11,19,14,0,1,2,Boston Celtics,112
401704738,2025,2024-11-06,2024-11-07 00:30:00,2,Boston Celtics,Boston,Celtics,BOS,home,112,38,90,42.0,19,54,35.0,17,21,81.0,13,34,47,22,5,3,12,18,11,0,1,9,Golden State Warriors,118
401704735,2025,2024-11-06,2024-11-07 00:00:00,8,Detroit Pistons,Detroit,Pistons,DET,away,107,46,94,49.0,10,32,31.0,5,9,56.0,6,40,46,34,5,4,10,20,9,1,0,30,Charlotte Hornets,108
401704735,2025,2024-11-06,2024-11-07 00:00:00,30,Charlotte Hornets,Charlotte,Hornets,CHA,home,108,39,90,43.0,14,44,32.0,16,16,100.0,8,39,47,22,5,4,12,16,6,0,0,8,Detroit Pistons,107
401704736,2025,2024-11-06,2024-11-07 00:00:00,19,Orlando Magic,Orlando,Magic,ORL,away,111,42,82,51.0,7,25,28.0,20,26,77.0,10,28,38,26,6,5,16,22,1,0,0,11,Indiana Pacers,118
401704736,2025,2024-11-06,2024-11-07 00:00:00,11,Indiana Pacers,Indiana,Pacers,IND,home,118,41,76,54.0,12,26,46.0,24,26,92.0,4,32,36,21,7,3,11,24,18,0,0,19,Orlando Magic,111
401704734,2025,2024-11-04,2024-11-05 03:30:00,24,San Antonio Spurs,San Antonio,Spurs,SA,away,104,38,86,44.0,11,41,27.0,17,19,89.0,12,33,45,22,9,10,10,16,26,4,0,12,LA Clippers,113
401704734,2025,2024-11-04,2024-11-05 03:30:00,12,LA Clippers,LA,Clippers,LAC,home,113,41,90,46.0,19,37,51.0,12,17,71.0,16,28,44,25,6,7,10,21,12,1,0,24,San Antonio Spurs,104
401704733,2025,2024-11-04,2024-11-05 03:15:00,20,Philadelphia 76ers,Philadelphia,76ers,PHI,away,116,40,87,46.0,20,51,39.0,16,18,89.0,9,29,38,27,10,4,14,22,9,1,0,21,Phoenix Suns,118
401704733,2025,2024-11-04,2024-11-05 03:15:00,21,Phoenix Suns,Phoenix,Suns,PHX,home,118,42,82,51.0,11,32,34.0,23,26,88.0,9,34,43,24,6,4,14,16,11,0,0,20,Philadelphia 76ers,116
401704732,2025,2024-11-04,2024-11-05 03:00:00,28,Toronto Raptors,Toronto,Raptors,TOR,away,119,47,103,46.0,13,39,33.0,12,18,67.0,14,27,41,38,12,3,13,27,14,1,1,7,Denver Nuggets,121
401704732,2025,2024-11-04,2024-11-05 03:00:00,7,Denver Nuggets,Denver,Nuggets,DEN,home,121,41,83,49.0,10,31,32.0,29,38,76.0,14,30,44,29,9,10,17,21,7,0,0,28,Toronto Raptors,119
401704731,2025,2024-11-04,2024-11-05 02:45:00,11,Indiana Pacers,Indiana,Pacers,IND,away,134,54,95,57.0,13,32,41.0,13,20,65.0,7,39,46,30,5,3,9,16,13,1,0,6,Dallas Mavericks,127
401704731,2025,2024-11-04,2024-11-05 02:45:00,6,Dallas Mavericks,Dallas,Mavericks,DAL,home,127,46,89,52.0,15,36,42.0,20,25,80.0,5,33,38,29,4,3,8,18,2,1,0,11,Indiana Pacers,134
401704730,2025,2024-11-04,2024-11-05 02:30:00,22,Portland Trail Blazers,Portland,Trail Blazers,POR,away,118,46,84,55.0,10,29,34.0,16,24,67.0,11,27,38,21,10,5,11,15,18,1,1,3,New Orleans Pelicans,100
401704730,2025,2024-11-04,2024-11-05 02:30:00,3,New Orleans Pelicans,New Orleans,Pelicans,NO,home,100,38,84,45.0,10,35,29.0,14,16,88.0,10,24,34,24,5,3,12,20,14,4,0,22,Portland Trail Blazers,118
401704729,2025,2024-11-04,2024-11-05 02:15:00,19,Orlando Magic,Orlando,Magic,ORL,away,86,29,82,35.0,5,34,15.0,23,27,85.0,7,34,41,20,12,5,18,16,0,1,0,25,Oklahoma City Thunder,102
401704729,2025,2024-11-04,2024-11-05 02:15:00,25,Oklahoma City Thunder,Oklahoma City,Thunder,OKC,home,102,39,85,46.0,12,31,39.0,12,16,75.0,5,37,42,23,12,4,15,21,26,2,1,19,Orlando Magic,86
401704728,2025,2024-11-04,2024-11-05 02:00:00,30,Charlotte Hornets,Charlotte,Hornets,CHA,away,93,35,88,40.0,10,42,24.0,13,16,81.0,9,29,38,19,10,1,14,22,7,0,0,16,Minnesota Timberwolves,114
401704728,2025,2024-11-04,2024-11-05 02:00:00,16,Minnesota Timberwolves,Minnesota,Timberwolves,MIN,home,114,39,79,49.0,18,38,47.0,18,26,69.0,9,36,45,23,7,8,15,19,30,0,0,30,Charlotte Hornets,93
401704727,2025,2024-11-04,2024-11-05 01:45:00,18,New York Knicks,New York,Knicks,NY,away,97,34,88,39.0,11,28,39.0,18,21,86.0,13,26,39,20,6,4,10,18,5,0,1,10,Houston Rockets,109
401704727,2025,2024-11-04,2024-11-05 01:45:00,10,Houston Rockets,Houston,Rockets,HOU,home,109,43,88,49.0,8,33,24.0,15,18,83.0,11,39,50,21,4,6,10,20,15,1,0,18,New York Knicks,97
401704726,2025,2024-11-04,2024-11-05 01:30:00,26,Utah Jazz,Utah,Jazz,UTAH,away,135,48,89,54.0,16,36,44.0,23,30,77.0,12,37,49,35,3,6,12,18,15,1,1,4,Chicago Bulls,126
401704726,2025,2024-11-04,2024-11-05 01:30:00,4,Chicago Bulls,Chicago,Bulls,CHI,home,126,45,95,47.0,14,37,38.0,22,25,88.0,10,26,36,36,7,7,9,23,1,0,0,26,Utah Jazz,135
401704725,2025,2024-11-04,2024-11-05 01:15:00,23,Sacramento Kings,Sacramento,Kings,SAC,away,111,44,86,51.0,10,27,37.0,13,15,87.0,11,28,39,23,5,4,12,28,9,2,0,14,Miami Heat,110
401704725,2025,2024-11-04,2024-11-05 01:15:00,14,Miami Heat,Miami,Heat,MIA,home,110,37,85,44.0,15,36,42.0,21,30,70.0,8,28,36,24,9,6,10,15,15,1,0,23,Sacramento Kings,111
401704724,2025,2024-11-04,2024-11-05 01:00:00,29,Memphis Grizzlies,Memphis,Grizzlies,MEM,away,104,43,91,47.0,8,30,27.0,10,13,77.0,13,31,44,29,5,8,14,16,8,1,0,17,Brooklyn Nets,106
401704724,2025,2024-11-04,2024-11-05 01:00:00,17,Brooklyn Nets,Brooklyn,Nets,BKN,home,106,40,84,48.0,13,36,36.0,13,18,72.0,12,25,37,28,7,1,13,22,6,1,0,29,Memphis Grizzlies,104
401704723,2025,2024-11-04,2024-11-05 00:45:00,2,Boston Celtics,Boston,Celtics,BOS,away,123,48,99,48.0,18,55,33.0,9,13,69.0,11,39,50,27,15,7,12,14,37,1,0,1,Atlanta Hawks,93
401704723,2025,2024-11-04,2024-11-05 00:45:00,1,Atlanta Hawks,Atlanta,Hawks,ATL,home,93,37,89,42.0,6,31,19.0,13,16,81.0,8,35,43,23,9,3,19,13,3,1,1,2,Boston Celtics,123
401704722,2025,2024-11-04,2024-11-05 00:30:00,13,Los Angeles Lakers,Los Angeles,Lakers,LAL,away,103,37,85,44.0,9,25,36.0,20,27,74.0,7,30,37,28,8,1,13,16,3,0,2,8,Detroit Pistons,115
401704722,2025,2024-11-04,2024-11-05 00:30:00,8,Detroit Pistons,Detroit,Pistons,DET,home,115,45,96,47.0,8,34,24.0,17,22,77.0,17,38,55,22,6,5,12,25,20,0,1,13,Los Angeles Lakers,103
401704721,2025,2024-11-04,2024-11-05 00:15:00,9,Golden State Warriors,Golden State,Warriors,GS,away,125,44,97,45.0,12,37,32.0,25,34,74.0,16,40,56,29,5,7,6,20,17,1,0,27,Washington Wizards,112
401704721,2025,2024-11-04,2024-11-05 00:15:00,27,Washington Wizards,Washington,Wizards,WSH,home,112,42,96,44.0,10,43,23.0,18,21,86.0,8,39,47,29,4,8,9,23,0,1,1,9,Golden State Warriors,125
401704720,2025,2024-11-04,2024-11-05 00:00:00,15,Milwaukee Bucks,Milwaukee,Bucks,MIL,away,114,42,86,49.0,17,35,49.0,13,15,87.0,7,42,49,21,6,6,14,15,8,1,0,5,Cleveland Cavaliers,116
401704720,2025,2024-11-04,2024-11-05 00:00:00,5,Cleveland Cavaliers,Cleveland,Cavaliers,CLE,home,116,46,91,51.0,17,37,46.0,7,13,54.0,5,34,39,28,10,4,10,15,19,0,0,15,Milwaukee Bucks,114
401704719,2025,2024-11-03,2024-11-04 00:30:00,19,Orlando Magic,Orlando,Magic,ORL,away,85,31,93,33.0,8,41,20.0,15,19,79.0,13,30,43,19,8,4,14,22,7,1,0,6,Dallas Mavericks,108
401704719,2025,2024-11-03,2024-11-04 00:30:00,6,Dallas Mavericks,Dallas,Mavericks,DAL,home,108,42,85,49.0,10,32,31.0,14,23,61.0,12,41,53,25,8,5,18,22,33,1,1,19,Orlando Magic,85
401704718,2025,2024-11-03,2024-11-04 00:00:00,1,Atlanta Hawks,Atlanta,Hawks,ATL,away,126,50,88,57.0,15,36,42.0,11,12,92.0,10,31,41,29,10,3,16,17,25,0,0,3,New Orleans Pelicans,111
401704718,2025,2024-11-03,2024-11-04 00:00:00,3,New Orleans Pelicans,New Orleans,Pelicans,NO,home,111,39,90,43.0,16,38,42.0,17,20,85.0,18,25,43,22,6,3,18,16,7,0,0,1,Atlanta Hawks,126
401704717,2025,2024-11-03,2024-11-03 20:30:00,8,Detroit Pistons,Detroit,Pistons,DET,away,106,37,77,48.0,11,36,31.0,21,26,81.0,9,38,47,25,4,6,17,25,14,4,0,17,Brooklyn Nets,92
401704717,2025,2024-11-03,2024-11-03 20:30:00,17,Brooklyn Nets,Brooklyn,Nets,BKN,home,92,32,71,45.0,9,31,29.0,19,31,61.0,4,23,27,23,9,3,13,24,9,1,1,8,Detroit Pistons,106
401704716,2025,2024-11-02,2024-11-03 02:30:00,25,Oklahoma City Thunder,Oklahoma City,Thunder,OKC,away,105,36,84,43.0,16,39,41.0,17,19,89.0,3,38,41,25,11,3,12,22,18,0,0,12,LA Clippers,92
401704716,2025,2024-11-02,2024-11-03 02:30:00,12,LA Clippers,LA,Clippers,LAC,home,92,32,79,41.0,11,35,31.0,17,26,65.0,10,40,50,23,10,7,20,17,13,2,0,25,Oklahoma City Thunder,105
401704714,2025,2024-11-02,2024-11-03 02:00:00,26,Utah Jazz,Utah,Jazz,UTAH,away,103,32,77,42.0,13,42,31.0,26,31,84.0,8,31,39,24,7,8,22,22,3,2,1,7,Denver Nuggets,129
401704714,2025,2024-11-02,2024-11-03 02:00:00,7,Denver Nuggets,Denver,Nuggets,DEN,home,129,48,99,48.0,16,32,50.0,17,23,74.0,19,33,52,33,14,1,17,25,28,1,1,26,Utah Jazz,103
401704715,2025,2024-11-02,2024-11-03 02:00:00,22,Portland Trail Blazers,Portland,Trail Blazers,POR,away,97,37,111,33.0,14,43,33.0,9,11,82.0,14,42,56,17,10,5,6,18,4,0,1,21,Phoenix Suns,103
401704715,2025,2024-11-02,2024-11-03 02:00:00,21,Phoenix Suns,Phoenix,Suns,PHX,home,103,35,93,38.0,17,52,33.0,16,22,73.0,13,50,63,29,4,8,12,10,26,2,0,22,Portland Trail Blazers,97
401704713,2025,2024-11-02,2024-11-03 01:30:00,14,Miami Heat,Miami,Heat,MIA,away,118,43,102,42.0,15,37,41.0,17,24,71.0,21,44,65,19,6,3,13,18,24,1,0,27,Washington Wizards,98
401704713,2025,2024-11-02,2024-11-03 01:30:00,27,Washington Wizards,Washington,Wizards,WSH,home,98,38,91,42.0,7,35,20.0,15,21,71.0,8,36,44,23,12,10,11,22,0,1,2,14,Miami Heat,118
401704710,2025,2024-11-02,2024-11-03 00:00:00,9,Golden State Warriors,Golden State,Warriors,GS,away,127,40,78,51.0,15,32,47.0,32,50,64.0,9,38,47,26,5,4,14,22,31,0,0,10,Houston Rockets,121
401704710,2025,2024-11-02,2024-11-03 00:00:00,10,Houston Rockets,Houston,Rockets,HOU,home,121,44,107,41.0,15,45,33.0,18,24,75.0,18,31,49,27,10,6,11,32,1,0,2,9,Golden State Warriors,127
401704711,2025,2024-11-02,2024-11-03 00:00:00,5,Cleveland Cavaliers,Cleveland,Cavaliers,CLE,away,114,44,91,48.0,15,38,39.0,11,15,73.0,10,35,45,31,3,2,7,20,7,0,0,15,Milwaukee Bucks,113
401704711,2025,2024-11-02,2024-11-03 00:00:00,15,Milwaukee Bucks,Milwaukee,Bucks,MIL,home,113,43,89,48.0,18,39,46.0,9,15,60.0,10,35,45,24,3,3,13,23,16,0,0,5,Cleveland Cavaliers,114
401704712,2025,2024-11-02,2024-11-03 00:00:00,16,Minnesota Timberwolves,Minnesota,Timberwolves,MIN,away,103,39,82,48.0,11,37,30.0,14,20,70.0,6,26,32,21,7,2,12,16,7,1,1,24,San Antonio Spurs,113
401704712,2025,2024-11-02,2024-11-03 00:00:00,24,San Antonio Spurs,San Antonio,Spurs,SA,home,113,43,83,52.0,13,42,31.0,14,17,82.0,7,37,44,32,6,5,11,16,19,2,2,16,Minnesota Timberwolves,103
401704708,2025,2024-11-02,2024-11-02 23:30:00,29,Memphis Grizzlies,Memphis,Grizzlies,MEM,away,124,48,87,55.0,12,27,44.0,16,21,76.0,11,41,52,35,9,6,16,22,25,1,0,20,Philadelphia 76ers,107
401704708,2025,2024-11-02,2024-11-02 23:30:00,20,Philadelphia 76ers,Philadelphia,76ers,PHI,home,107,36,89,40.0,19,46,41.0,16,20,80.0,8,25,33,22,11,5,14,19,9,0,2,29,Memphis Grizzlies,124
401704709,2025,2024-11-02,2024-11-02 23:30:00,23,Sacramento Kings,Sacramento,Kings,SAC,away,128,46,100,46.0,10,40,25.0,26,32,81.0,15,34,49,21,16,3,18,22,2,0,0,28,Toronto Raptors,131
401704709,2025,2024-11-02,2024-11-02 23:30:00,28,Toronto Raptors,Toronto,Raptors,TOR,home,131,46,95,48.0,17,37,46.0,22,31,71.0,12,34,46,31,13,3,19,25,13,0,0,23,Sacramento Kings,128
401704707,2025,2024-11-02,2024-11-02 22:00:00,2,Boston Celtics,Boston,Celtics,BOS,away,113,36,82,44.0,16,52,31.0,25,28,89.0,8,36,44,23,4,4,15,17,21,0,0,30,Charlotte Hornets,103
401704707,2025,2024-11-02,2024-11-02 22:00:00,30,Charlotte Hornets,Charlotte,Hornets,CHA,home,103,40,91,44.0,17,42,40.0,6,9,67.0,7,27,34,24,10,1,13,25,2,0,0,2,Boston Celtics,113
401704706,2025,2024-11-01,2024-11-02 02:00:00,25,Oklahoma City Thunder,Oklahoma City,Thunder,OKC,away,137,51,95,54.0,19,49,39.0,16,19,84.0,14,31,45,31,14,9,13,29,28,0,2,22,Portland Trail Blazers,114
401704706,2025,2024-11-01,2024-11-02 02:00:00,22,Portland Trail Blazers,Portland,Trail Blazers,POR,home,114,39,83,47.0,15,35,43.0,21,31,68.0,11,25,36,27,8,5,19,17,3,0,0,25,Oklahoma City Thunder,137
401704705,2025,2024-11-01,2024-11-02 01:30:00,7,Denver Nuggets,Denver,Nuggets,DEN,away,116,41,92,45.0,11,32,34.0,23,29,79.0,17,29,46,30,11,2,13,18,10,2,1,16,Minnesota Timberwolves,119
401704705,2025,2024-11-01,2024-11-02 01:30:00,16,Minnesota Timberwolves,Minnesota,Timberwolves,MIN,home,119,43,83,52.0,18,42,43.0,15,18,83.0,8,30,38,34,8,9,16,22,16,1,1,7,Denver Nuggets,116
401704704,2025,2024-11-01,2024-11-02 00:00:00,11,Indiana Pacers,Indiana,Pacers,IND,away,118,46,89,52.0,16,38,42.0,10,13,77.0,6,33,39,35,3,3,14,21,13,0,1,3,New Orleans Pelicans,125
401704704,2025,2024-11-01,2024-11-02 00:00:00,3,New Orleans Pelicans,New Orleans,Pelicans,NO,home,125,49,101,49.0,12,31,39.0,15,19,79.0,15,31,46,28,8,4,6,15,8,2,0,11,Indiana Pacers,118
401704701,2025,2024-11-01,2024-11-01 23:30:00,23,Sacramento Kings,Sacramento,Kings,SAC,away,123,43,89,48.0,11,33,33.0,26,30,87.0,10,41,51,28,9,4,14,21,18,0,0,1,Atlanta Hawks,115
401704701,2025,2024-11-01,2024-11-01 23:30:00,1,Atlanta Hawks,Atlanta,Hawks,ATL,home,115,41,92,45.0,19,50,38.0,14,18,78.0,8,32,40,30,8,4,13,22,3,0,0,23,Sacramento Kings,123
401704702,2025,2024-11-01,2024-11-01 23:30:00,4,Chicago Bulls,Chicago,Bulls,CHI,away,112,38,88,43.0,17,44,39.0,19,24,79.0,10,34,44,24,5,3,16,15,4,0,0,17,Brooklyn Nets,120
401704702,2025,2024-11-01,2024-11-01 23:30:00,17,Brooklyn Nets,Brooklyn,Nets,BKN,home,120,49,94,52.0,11,36,31.0,11,13,85.0,9,37,46,34,11,6,10,20,17,1,0,4,Chicago Bulls,112
401704703,2025,2024-11-01,2024-11-01 23:30:00,13,Los Angeles Lakers,Los Angeles,Lakers,LAL,away,131,42,88,48.0,11,32,34.0,36,41,88.0,9,34,43,29,6,5,10,17,26,0,0,28,Toronto Raptors,125
401704703,2025,2024-11-01,2024-11-01 23:30:00,28,Toronto Raptors,Toronto,Raptors,TOR,home,125,52,107,49.0,10,35,29.0,11,13,85.0,15,29,44,35,4,6,11,29,0,0,0,13,Los Angeles Lakers,131
401704698,2025,2024-11-01,2024-11-01 23:00:00,2,Boston Celtics,Boston,Celtics,BOS,away,124,41,86,48.0,13,42,31.0,29,35,83.0,11,30,41,21,12,5,10,13,17,0,1,30,Charlotte Hornets,109
401704698,2025,2024-11-01,2024-11-01 23:00:00,30,Charlotte Hornets,Charlotte,Hornets,CHA,home,109,42,91,46.0,19,48,40.0,6,12,50.0,12,30,42,20,5,5,14,26,4,2,3,2,Boston Celtics,124
401704699,2025,2024-11-01,2024-11-01 23:00:00,19,Orlando Magic,Orlando,Magic,ORL,away,109,41,90,46.0,11,33,33.0,16,24,67.0,7,32,39,26,10,4,14,17,0,0,0,5,Cleveland Cavaliers,120
401704699,2025,2024-11-01,2024-11-01 23:00:00,5,Cleveland Cavaliers,Cleveland,Cavaliers,CLE,home,120,44,87,51.0,15,38,39.0,17,20,85.0,7,42,49,25,6,4,12,21,22,1,0,19,Orlando Magic,109
401704700,2025,2024-11-01,2024-11-01 23:00:00,18,New York Knicks,New York,Knicks,NY,away,128,52,101,51.0,18,38,47.0,6,10,60.0,12,33,45,31,16,3,9,14,38,1,0,8,Detroit Pistons,98
401704700,2025,2024-11-01,2024-11-01 23:00:00,8,Detroit Pistons,Detroit,Pistons,DET,home,98,41,81,51.0,11,34,32.0,5,7,71.0,6,32,38,23,6,9,22,12,0,0,1,18,New York Knicks,128
401704697,2025,2024-10-31,2024-11-01 02:30:00,21,Phoenix Suns,Phoenix,Suns,PHX,away,125,42,82,51.0,18,39,46.0,23,28,82.0,8,31,39,29,12,4,12,20,8,0,1,12,LA Clippers,119
401704697,2025,2024-10-31,2024-11-01 02:30:00,12,LA Clippers,LA,Clippers,LAC,home,119,45,93,48.0,12,35,34.0,17,21,81.0,15,33,48,27,8,8,14,22,21,0,0,21,Phoenix Suns,125
401704696,2025,2024-10-31,2024-11-01 01:00:00,24,San Antonio Spurs,San Antonio,Spurs,SA,away,106,38,92,41.0,12,43,28.0,18,23,78.0,11,31,42,25,17,7,11,17,20,0,0,26,Utah Jazz,88
401704696,2025,2024-10-31,2024-11-01 01:00:00,26,Utah Jazz,Utah,Jazz,UTAH,home,88,32,82,39.0,7,32,22.0,17,19,89.0,15,38,53,19,6,6,26,19,11,0,0,24,San Antonio Spurs,106
401704695,2025,2024-10-31,2024-11-01 00:30:00,10,Houston Rockets,Houston,Rockets,HOU,away,108,40,97,41.0,8,34,24.0,20,27,74.0,18,32,50,21,4,4,8,20,23,2,1,6,Dallas Mavericks,102
401704695,2025,2024-10-31,2024-11-01 00:30:00,6,Dallas Mavericks,Dallas,Mavericks,DAL,home,102,39,85,46.0,10,30,33.0,14,20,70.0,10,27,37,21,6,7,10,27,0,0,0,10,Houston Rockets,108
401704694,2025,2024-10-31,2024-11-01 00:00:00,15,Milwaukee Bucks,Milwaukee,Bucks,MIL,away,99,41,96,43.0,9,42,21.0,8,19,42.0,9,29,38,20,10,4,10,27,3,0,0,29,Memphis Grizzlies,122
401704694,2025,2024-10-31,2024-11-01 00:00:00,29,Memphis Grizzlies,Memphis,Grizzlies,MEM,home,122,43,82,52.0,8,28,29.0,28,31,90.0,7,49,56,26,6,3,16,21,31,1,0,15,Milwaukee Bucks,99
401704693,2025,2024-10-30,2024-10-31 02:30:00,22,Portland Trail Blazers,Portland,Trail Blazers,POR,away,106,41,92,45.0,14,33,42.0,10,12,83.0,12,35,47,19,9,6,12,18,11,1,0,12,LA Clippers,105
401704693,2025,2024-10-30,2024-10-31 02:30:00,12,LA Clippers,LA,Clippers,LAC,home,105,41,90,46.0,13,36,36.0,10,18,56.0,13,36,49,26,10,5,13,19,10,1,0,22,Portland Trail Blazers,106
401704692,2025,2024-10-30,2024-10-31 02:00:00,3,New Orleans Pelicans,New Orleans,Pelicans,NO,away,89,33,90,37.0,11,36,31.0,12,20,60.0,18,31,49,24,7,6,14,17,2,1,1,9,Golden State Warriors,104
401704692,2025,2024-10-30,2024-10-31 02:00:00,9,Golden State Warriors,Golden State,Warriors,GS,home,104,41,87,47.0,13,38,34.0,9,13,69.0,13,29,42,32,5,9,13,22,20,1,1,3,New Orleans Pelicans,89
401704691,2025,2024-10-30,2024-10-31 01:30:00,24,San Antonio Spurs,San Antonio,Spurs,SA,away,93,35,85,41.0,12,36,33.0,11,13,85.0,13,39,52,22,6,6,22,8,6,0,0,25,Oklahoma City Thunder,105
401704691,2025,2024-10-30,2024-10-31 01:30:00,25,Oklahoma City Thunder,Oklahoma City,Thunder,OKC,home,105,41,89,46.0,17,41,41.0,6,8,75.0,5,34,39,28,18,6,10,15,19,4,0,24,San Antonio Spurs,93
401704689,2025,2024-10-30,2024-10-31 00:00:00,19,Orlando Magic,Orlando,Magic,ORL,away,99,35,86,41.0,11,46,24.0,18,20,90.0,6,36,42,25,9,8,12,19,20,0,0,4,Chicago Bulls,102
401704689,2025,2024-10-30,2024-10-31 00:00:00,4,Chicago Bulls,Chicago,Bulls,CHI,home,102,36,84,43.0,13,34,38.0,17,25,68.0,9,45,54,23,6,2,14,16,8,1,0,19,Orlando Magic,99
401704690,2025,2024-10-30,2024-10-31 00:00:00,17,Brooklyn Nets,Brooklyn,Nets,BKN,away,119,41,80,51.0,15,41,37.0,22,25,88.0,8,26,34,27,10,2,15,25,14,4,3,29,Memphis Grizzlies,106
401704690,2025,2024-10-30,2024-10-31 00:00:00,29,Memphis Grizzlies,Memphis,Grizzlies,MEM,home,106,38,81,47.0,8,27,30.0,22,29,76.0,12,26,38,27,9,3,22,21,8,0,2,17,Brooklyn Nets,119
401704688,2025,2024-10-30,2024-10-30 23:30:00,18,New York Knicks,New York,Knicks,NY,away,116,40,82,49.0,18,40,45.0,18,20,90.0,7,35,42,30,8,4,9,16,12,2,0,14,Miami Heat,107
401704688,2025,2024-10-30,2024-10-30 23:30:00,14,Miami Heat,Miami,Heat,MIA,home,107,37,81,46.0,17,40,43.0,16,24,67.0,7,32,39,27,6,3,10,17,13,0,0,18,New York Knicks,116
401704683,2025,2024-10-30,2024-10-30 23:00:00,28,Toronto Raptors,Toronto,Raptors,TOR,away,133,52,91,57.0,9,28,32.0,20,30,67.0,13,28,41,37,9,5,14,25,5,0,0,30,Charlotte Hornets,138
401704683,2025,2024-10-30,2024-10-30 23:00:00,30,Charlotte Hornets,Charlotte,Hornets,CHA,home,138,49,94,52.0,20,45,44.0,20,25,80.0,14,24,38,31,9,8,15,24,23,1,0,28,Toronto Raptors,133
401704684,2025,2024-10-30,2024-10-30 23:00:00,13,Los Angeles Lakers,Los Angeles,Lakers,LAL,away,110,38,77,49.0,6,28,21.0,28,33,85.0,5,32,37,21,6,0,20,7,4,1,0,5,Cleveland Cavaliers,134
401704684,2025,2024-10-30,2024-10-30 23:00:00,5,Cleveland Cavaliers,Cleveland,Cavaliers,CLE,home,134,56,97,58.0,17,41,41.0,5,8,63.0,6,30,36,37,14,2,12,26,28,0,0,13,Los Angeles Lakers,110
401704685,2025,2024-10-30,2024-10-30 23:00:00,2,Boston Celtics,Boston,Celtics,BOS,away,132,44,109,40.0,19,57,33.0,25,31,81.0,18,33,51,23,11,5,14,19,2,0,0,11,Indiana Pacers,135
401704685,2025,2024-10-30,2024-10-30 23:00:00,11,Indiana Pacers,Indiana,Pacers,IND,home,135,50,104,48.0,15,38,39.0,20,24,83.0,16,41,57,33,10,5,18,26,24,1,0,2,Boston Celtics,132
401704686,2025,2024-10-30,2024-10-30 23:00:00,8,Detroit Pistons,Detroit,Pistons,DET,away,105,36,78,46.0,15,36,42.0,18,22,82.0,12,37,49,23,4,5,16,25,21,1,2,20,Philadelphia 76ers,95
401704686,2025,2024-10-30,2024-10-30 23:00:00,20,Philadelphia 76ers,Philadelphia,76ers,PHI,home,95,33,79,42.0,8,28,29.0,21,28,75.0,8,29,37,17,7,4,9,21,9,0,1,8,Detroit Pistons,105
401704687,2025,2024-10-30,2024-10-30 23:00:00,1,Atlanta Hawks,Atlanta,Hawks,ATL,away,120,45,95,47.0,12,39,31.0,18,21,86.0,12,29,41,28,10,3,15,19,11,2,3,27,Washington Wizards,133
401704687,2025,2024-10-30,2024-10-30 23:00:00,27,Washington Wizards,Washington,Wizards,WSH,home,133,47,89,53.0,16,38,42.0,23,25,92.0,6,31,37,32,10,5,14,21,18,2,2,1,Atlanta Hawks,120
401704682,2025,2024-10-29,2024-10-30 02:00:00,3,New Orleans Pelicans,New Orleans,Pelicans,NO,away,106,40,74,54.0,9,22,41.0,17,24,71.0,9,35,44,23,4,6,23,13,20,1,0,9,Golden State Warriors,124
401704682,2025,2024-10-29,2024-10-30 02:00:00,9,Golden State Warriors,Golden State,Warriors,GS,home,124,46,97,47.0,21,46,46.0,11,13,85.0,11,23,34,34,15,9,7,20,18,1,1,3,New Orleans Pelicans,106
401704681,2025,2024-10-29,2024-10-30 01:00:00,23,Sacramento Kings,Sacramento,Kings,SAC,away,113,48,92,52.0,8,31,26.0,9,14,64.0,9,40,49,26,9,9,11,19,27,1,0,26,Utah Jazz,96
401704681,2025,2024-10-29,2024-10-30 01:00:00,26,Utah Jazz,Utah,Jazz,UTAH,home,96,35,89,39.0,14,48,29.0,12,14,86.0,12,30,42,24,7,4,17,16,4,0,0,23,Sacramento Kings,113
401704679,2025,2024-10-29,2024-10-29 23:30:00,7,Denver Nuggets,Denver,Nuggets,DEN,away,144,46,89,52.0,13,27,48.0,39,47,83.0,9,34,43,31,3,4,5,22,7,0,0,17,Brooklyn Nets,139
401704679,2025,2024-10-29,2024-10-29 23:30:00,17,Brooklyn Nets,Brooklyn,Nets,BKN,home,139,49,96,51.0,20,52,38.0,21,27,78.0,7,34,41,37,4,6,8,32,17,1,0,7,Denver Nuggets,144
401704680,2025,2024-10-29,2024-10-29 23:30:00,6,Dallas Mavericks,Dallas,Mavericks,DAL,away,120,45,93,48.0,16,39,41.0,14,18,78.0,12,28,40,25,12,2,9,21,13,1,1,16,Minnesota Timberwolves,114
401704680,2025,2024-10-29,2024-10-29 23:30:00,16,Minnesota Timberwolves,Minnesota,Timberwolves,MIN,home,114,39,77,51.0,19,39,49.0,17,26,65.0,11,31,42,33,5,2,20,20,10,0,1,6,Dallas Mavericks,120
401704677,2025,2024-10-28,2024-10-29 02:00:00,13,Los Angeles Lakers,Los Angeles,Lakers,LAL,away,105,39,94,41.0,14,32,44.0,13,18,72.0,11,35,46,25,5,6,11,19,18,1,0,21,Phoenix Suns,109
401704677,2025,2024-10-28,2024-10-29 02:00:00,21,Phoenix Suns,Phoenix,Suns,PHX,home,109,40,87,46.0,11,36,31.0,18,20,90.0,9,37,46,21,7,11,10,22,6,1,0,13,Los Angeles Lakers,105
401704678,2025,2024-10-28,2024-10-29 02:00:00,22,Portland Trail Blazers,Portland,Trail Blazers,POR,away,98,35,83,42.0,4,22,18.0,24,30,80.0,12,34,46,17,5,4,17,22,0,1,0,23,Sacramento Kings,111
401704678,2025,2024-10-28,2024-10-29 02:00:00,23,Sacramento Kings,Sacramento,Kings,SAC,home,111,37,81,46.0,14,35,40.0,23,25,92.0,9,31,40,25,8,6,14,27,26,2,1,22,Portland Trail Blazers,98
401704676,2025,2024-10-28,2024-10-29 00:30:00,26,Utah Jazz,Utah,Jazz,UTAH,away,102,34,92,37.0,10,35,29.0,24,29,83.0,15,35,50,24,7,5,13,17,2,2,0,6,Dallas Mavericks,110
401704676,2025,2024-10-28,2024-10-29 00:30:00,6,Dallas Mavericks,Dallas,Mavericks,DAL,home,110,43,95,45.0,11,39,28.0,13,17,76.0,13,37,50,27,9,12,13,23,13,1,2,26,Utah Jazz,102
401704674,2025,2024-10-28,2024-10-29 00:00:00,4,Chicago Bulls,Chicago,Bulls,CHI,away,126,45,100,45.0,25,53,47.0,11,17,65.0,11,39,50,36,5,6,9,15,8,0,0,29,Memphis Grizzlies,123
401704674,2025,2024-10-28,2024-10-29 00:00:00,29,Memphis Grizzlies,Memphis,Grizzlies,MEM,home,123,51,111,46.0,14,43,33.0,7,13,54.0,18,42,60,37,5,9,10,21,20,0,0,4,Chicago Bulls,126
401704675,2025,2024-10-28,2024-10-29 00:00:00,10,Houston Rockets,Houston,Rockets,HOU,away,106,35,85,41.0,15,37,41.0,21,24,88.0,13,30,43,20,6,2,12,23,21,0,1,24,San Antonio Spurs,101
401704675,2025,2024-10-28,2024-10-29 00:00:00,24,San Antonio Spurs,San Antonio,Spurs,SA,home,101,37,87,43.0,10,33,30.0,17,21,81.0,17,32,49,22,6,6,17,21,0,0,1,10,Houston Rockets,106
401704669,2025,2024-10-28,2024-10-28 23:30:00,27,Washington Wizards,Washington,Wizards,WSH,away,121,41,91,45.0,21,44,48.0,18,22,82.0,9,34,43,24,7,3,18,25,10,0,2,1,Atlanta Hawks,119
401704669,2025,2024-10-28,2024-10-28 23:30:00,1,Atlanta Hawks,Atlanta,Hawks,ATL,home,119,39,81,48.0,15,40,38.0,26,36,72.0,6,33,39,32,12,7,16,22,13,0,0,27,Washington Wizards,121
401704670,2025,2024-10-28,2024-10-28 23:30:00,15,Milwaukee Bucks,Milwaukee,Bucks,MIL,away,108,37,82,45.0,8,31,26.0,26,31,84.0,8,35,43,18,7,6,16,24,5,1,0,2,Boston Celtics,119
401704670,2025,2024-10-28,2024-10-28 23:30:00,2,Boston Celtics,Boston,Celtics,BOS,home,119,43,87,49.0,18,47,38.0,15,19,79.0,4,34,38,24,5,5,12,18,18,2,2,15,Milwaukee Bucks,108
401704671,2025,2024-10-28,2024-10-28 23:30:00,8,Detroit Pistons,Detroit,Pistons,DET,away,98,35,91,38.0,14,38,37.0,14,17,82.0,19,35,54,14,6,6,16,19,5,1,0,14,Miami Heat,106
401704671,2025,2024-10-28,2024-10-28 23:30:00,14,Miami Heat,Miami,Heat,MIA,home,106,38,88,43.0,15,47,32.0,15,20,75.0,10,34,44,24,14,3,9,14,13,3,1,8,Detroit Pistons,98
401704672,2025,2024-10-28,2024-10-28 23:30:00,5,Cleveland Cavaliers,Cleveland,Cavaliers,CLE,away,110,39,82,48.0,12,36,33.0,20,24,83.0,9,32,41,21,10,5,13,20,8,1,1,18,New York Knicks,104
401704672,2025,2024-10-28,2024-10-28 23:30:00,18,New York Knicks,New York,Knicks,NY,home,104,40,90,44.0,9,28,32.0,15,18,83.0,13,30,43,22,8,3,16,21,13,0,0,5,Cleveland Cavaliers,110
401704673,2025,2024-10-28,2024-10-28 23:30:00,7,Denver Nuggets,Denver,Nuggets,DEN,away,127,47,96,49.0,9,20,45.0,24,30,80.0,15,37,52,29,6,6,16,20,8,0,1,28,Toronto Raptors,125
401704673,2025,2024-10-28,2024-10-28 23:30:00,28,Toronto Raptors,Toronto,Raptors,TOR,home,125,49,109,45.0,10,35,29.0,17,21,81.0,18,36,54,30,7,7,15,27,15,0,1,7,Denver Nuggets,127
401704668,2025,2024-10-28,2024-10-28 23:00:00,11,Indiana Pacers,Indiana,Pacers,IND,away,115,41,88,47.0,13,29,45.0,20,30,67.0,15,29,44,25,7,4,12,28,8,1,1,19,Orlando Magic,119
401704668,2025,2024-10-28,2024-10-28 23:00:00,19,Orlando Magic,Orlando,Magic,ORL,home,119,39,83,47.0,13,41,32.0,28,38,74.0,11,35,46,26,7,6,15,25,13,0,1,11,Indiana Pacers,115
401704667,2025,2024-10-27,2024-10-28 00:30:00,12,LA Clippers,LA,Clippers,LAC,away,112,42,90,47.0,10,32,31.0,18,23,78.0,14,34,48,27,11,2,18,21,13,0,0,9,Golden State Warriors,104
401704667,2025,2024-10-27,2024-10-28 00:30:00,9,Golden State Warriors,Golden State,Warriors,GS,home,104,38,88,43.0,14,43,33.0,14,22,64.0,14,33,47,19,10,5,21,22,4,0,1,12,LA Clippers,112
401704666,2025,2024-10-27,2024-10-27 23:00:00,1,Atlanta Hawks,Atlanta,Hawks,ATL,away,104,36,91,40.0,10,31,32.0,22,29,76.0,17,32,49,24,7,4,19,23,10,1,1,25,Oklahoma City Thunder,128
401704666,2025,2024-10-27,2024-10-27 23:00:00,25,Oklahoma City Thunder,Oklahoma City,Thunder,OKC,home,128,44,89,49.0,16,40,40.0,24,32,75.0,11,34,45,26,13,12,10,23,24,0,2,1,Atlanta Hawks,104
401704664,2025,2024-10-27,2024-10-27 22:00:00,15,Milwaukee Bucks,Milwaukee,Bucks,MIL,away,102,33,74,45.0,10,33,30.0,26,31,84.0,7,36,43,20,7,3,18,17,4,0,0,17,Brooklyn Nets,115
401704664,2025,2024-10-27,2024-10-27 22:00:00,17,Brooklyn Nets,Brooklyn,Nets,BKN,home,115,39,91,43.0,16,45,36.0,21,23,91.0,12,35,47,23,9,3,12,26,22,0,0,15,Milwaukee Bucks,102
401704665,2025,2024-10-27,2024-10-27 22:00:00,3,New Orleans Pelicans,New Orleans,Pelicans,NO,away,103,38,88,43.0,8,29,28.0,19,24,79.0,15,24,39,24,9,8,15,22,8,2,0,22,Portland Trail Blazers,125
401704665,2025,2024-10-27,2024-10-27 22:00:00,22,Portland Trail Blazers,Portland,Trail Blazers,POR,home,125,43,93,46.0,14,35,40.0,25,32,78.0,22,29,51,25,9,8,16,21,24,0,1,3,New Orleans Pelicans,103
401704663,2025,2024-10-27,2024-10-27 19:30:00,20,Philadelphia 76ers,Philadelphia,76ers,PHI,away,118,42,98,43.0,11,42,26.0,23,31,74.0,20,34,54,15,9,4,19,26,8,1,1,11,Indiana Pacers,114
401704663,2025,2024-10-27,2024-10-27 19:30:00,11,Indiana Pacers,Indiana,Pacers,IND,home,114,39,84,46.0,13,32,41.0,23,34,68.0,7,30,37,28,8,4,19,26,9,1,1,20,Philadelphia 76ers,118
401704662,2025,2024-10-26,2024-10-27 02:30:00,23,Sacramento Kings,Sacramento,Kings,SAC,away,127,45,88,51.0,15,44,34.0,22,25,88.0,5,27,32,32,12,5,14,19,7,0,0,13,Los Angeles Lakers,131
401704662,2025,2024-10-26,2024-10-27 02:30:00,13,Los Angeles Lakers,Los Angeles,Lakers,LAL,home,131,48,92,52.0,14,34,41.0,21,24,88.0,13,32,45,32,8,3,19,19,15,0,0,23,Sacramento Kings,127
401704661,2025,2024-10-26,2024-10-27 02:00:00,6,Dallas Mavericks,Dallas,Mavericks,DAL,away,102,37,93,40.0,13,41,32.0,15,18,83.0,12,34,46,22,6,2,8,28,5,1,1,21,Phoenix Suns,114
401704661,2025,2024-10-26,2024-10-27 02:00:00,21,Phoenix Suns,Phoenix,Suns,PHX,home,114,36,80,45.0,14,39,36.0,28,37,76.0,7,40,47,26,3,4,11,17,15,0,0,6,Dallas Mavericks,102
401704660,2025,2024-10-26,2024-10-27 00:30:00,10,Houston Rockets,Houston,Rockets,HOU,away,106,38,92,41.0,13,41,32.0,17,21,81.0,8,26,34,21,10,3,10,24,3,1,1,24,San Antonio Spurs,109
401704660,2025,2024-10-26,2024-10-27 00:30:00,24,San Antonio Spurs,San Antonio,Spurs,SA,home,109,39,79,49.0,8,20,40.0,23,28,82.0,10,39,49,23,6,7,17,18,22,0,1,10,Houston Rockets,106
401704657,2025,2024-10-26,2024-10-27 00:00:00,25,Oklahoma City Thunder,Oklahoma City,Thunder,OKC,away,114,45,107,42.0,8,40,20.0,16,20,80.0,9,45,54,21,15,5,10,18,25,0,1,4,Chicago Bulls,95
401704657,2025,2024-10-26,2024-10-27 00:00:00,4,Chicago Bulls,Chicago,Bulls,CHI,home,95,32,92,35.0,15,53,28.0,16,22,73.0,11,50,61,23,6,2,26,19,3,0,0,25,Oklahoma City Thunder,114
401704658,2025,2024-10-26,2024-10-27 00:00:00,19,Orlando Magic,Orlando,Magic,ORL,away,111,37,87,43.0,17,48,35.0,20,28,71.0,12,29,41,21,10,6,19,20,0,0,1,29,Memphis Grizzlies,124
401704658,2025,2024-10-26,2024-10-27 00:00:00,29,Memphis Grizzlies,Memphis,Grizzlies,MEM,home,124,46,86,53.0,13,34,38.0,19,24,79.0,6,36,42,38,10,5,18,24,29,0,1,19,Orlando Magic,111
401704659,2025,2024-10-26,2024-10-27 00:00:00,28,Toronto Raptors,Toronto,Raptors,TOR,away,101,41,90,46.0,10,29,34.0,9,13,69.0,12,34,46,29,9,4,20,22,0,0,1,16,Minnesota Timberwolves,112
401704659,2025,2024-10-26,2024-10-27 00:00:00,16,Minnesota Timberwolves,Minnesota,Timberwolves,MIN,home,112,39,83,47.0,14,37,38.0,20,26,77.0,9,32,41,29,9,8,13,16,22,0,0,28,Toronto Raptors,101
401704654,2025,2024-10-26,2024-10-26 23:00:00,14,Miami Heat,Miami,Heat,MIA,away,114,40,86,47.0,14,34,41.0,20,28,71.0,13,30,43,33,8,6,13,19,14,1,0,30,Charlotte Hornets,106
401704654,2025,2024-10-26,2024-10-26 23:00:00,30,Charlotte Hornets,Charlotte,Hornets,CHA,home,106,39,89,44.0,13,41,32.0,15,21,71.0,15,31,46,20,6,5,17,24,7,3,1,14,Miami Heat,114
401704655,2025,2024-10-26,2024-10-26 23:00:00,2,Boston Celtics,Boston,Celtics,BOS,away,124,38,90,42.0,22,48,46.0,26,30,87.0,13,24,37,19,10,6,10,16,23,0,1,8,Detroit Pistons,118
401704655,2025,2024-10-26,2024-10-26 23:00:00,8,Detroit Pistons,Detroit,Pistons,DET,home,118,43,88,49.0,14,39,36.0,18,22,82.0,9,35,44,27,4,7,14,22,6,1,2,2,Boston Celtics,124
401704656,2025,2024-10-26,2024-10-26 23:00:00,5,Cleveland Cavaliers,Cleveland,Cavaliers,CLE,away,135,47,88,53.0,18,39,46.0,23,34,68.0,11,37,48,27,13,10,16,27,27,1,0,27,Washington Wizards,116
401704656,2025,2024-10-26,2024-10-26 23:00:00,27,Washington Wizards,Washington,Wizards,WSH,home,116,37,96,39.0,15,43,35.0,27,32,84.0,18,28,46,25,6,9,15,25,2,0,0,5,Cleveland Cavaliers,135
401704653,2025,2024-10-26,2024-10-26 21:00:00,12,LA Clippers,LA,Clippers,LAC,away,109,40,82,49.0,12,33,36.0,17,21,81.0,11,33,44,30,4,5,16,24,18,1,1,7,Denver Nuggets,104
401704653,2025,2024-10-26,2024-10-26 21:00:00,7,Denver Nuggets,Denver,Nuggets,DEN,home,104,35,87,40.0,14,35,40.0,20,24,83.0,10,27,37,20,13,4,10,22,7,0,0,12,LA Clippers,109
401704651,2025,2024-10-25,2024-10-26 02:00:00,21,Phoenix Suns,Phoenix,Suns,PHX,away,116,42,82,51.0,17,37,46.0,15,17,88.0,5,29,34,35,8,4,16,26,22,1,0,13,Los Angeles Lakers,123
401704651,2025,2024-10-25,2024-10-26 02:00:00,13,Los Angeles Lakers,Los Angeles,Lakers,LAL,home,123,40,75,53.0,14,27,52.0,29,39,74.0,6,31,37,33,10,5,12,18,12,1,0,21,Phoenix Suns,116
401704652,2025,2024-10-25,2024-10-26 02:00:00,3,New Orleans Pelicans,New Orleans,Pelicans,NO,away,105,32,76,42.0,12,31,39.0,21,31,68.0,10,31,41,22,12,5,13,16,6,0,2,22,Portland Trail Blazers,103
401704652,2025,2024-10-25,2024-10-26 02:00:00,22,Portland Trail Blazers,Portland,Trail Blazers,POR,home,103,33,78,42.0,13,35,37.0,12,15,80.0,8,33,41,25,7,10,18,22,16,1,1,3,New Orleans Pelicans,105
401704650,2025,2024-10-25,2024-10-26 01:30:00,9,Golden State Warriors,Golden State,Warriors,GS,away,127,51,106,48.0,20,50,40.0,5,6,83.0,19,41,60,35,15,6,13,25,41,2,0,26,Utah Jazz,86
401704650,2025,2024-10-25,2024-10-26 01:30:00,26,Utah Jazz,Utah,Jazz,UTAH,home,86,29,92,32.0,9,42,21.0,19,26,73.0,14,31,45,18,8,5,22,11,9,0,0,9,Golden State Warriors,127
401704648,2025,2024-10-25,2024-10-26 00:00:00,29,Memphis Grizzlies,Memphis,Grizzlies,MEM,away,108,38,91,42.0,10,28,36.0,22,36,61.0,14,29,43,24,8,8,17,25,12,2,0,10,Houston Rockets,128
401704648,2025,2024-10-25,2024-10-26 00:00:00,10,Houston Rockets,Houston,Rockets,HOU,home,128,43,98,44.0,17,43,40.0,25,36,69.0,23,41,64,20,10,4,17,32,22,2,0,29,Memphis Grizzlies,108
401704649,2025,2024-10-25,2024-10-26 00:00:00,4,Chicago Bulls,Chicago,Bulls,CHI,away,133,46,96,48.0,21,47,45.0,20,23,87.0,9,37,46,30,10,4,9,17,15,1,0,15,Milwaukee Bucks,122
401704649,2025,2024-10-25,2024-10-26 00:00:00,15,Milwaukee Bucks,Milwaukee,Bucks,MIL,home,122,46,93,49.0,13,40,32.0,17,25,68.0,8,39,47,24,5,3,14,14,8,1,1,4,Chicago Bulls,133
401704645,2025,2024-10-25,2024-10-25 23:30:00,30,Charlotte Hornets,Charlotte,Hornets,CHA,away,120,37,96,39.0,21,51,41.0,25,31,81.0,22,31,53,22,7,4,17,28,0,1,1,1,Atlanta Hawks,125
401704645,2025,2024-10-25,2024-10-25 23:30:00,1,Atlanta Hawks,Atlanta,Hawks,ATL,home,125,39,81,48.0,14,38,37.0,33,38,87.0,7,32,39,25,11,9,13,28,15,1,0,30,Charlotte Hornets,120
401704646,2025,2024-10-25,2024-10-25 23:30:00,8,Detroit Pistons,Detroit,Pistons,DET,away,101,38,81,47.0,13,32,41.0,12,17,71.0,8,34,42,25,3,5,22,22,5,0,2,5,Cleveland Cavaliers,113
401704646,2025,2024-10-25,2024-10-25 23:30:00,5,Cleveland Cavaliers,Cleveland,Cavaliers,CLE,home,113,42,82,51.0,13,34,38.0,16,23,70.0,5,34,39,28,13,4,12,15,18,1,3,8,Detroit Pistons,101
401704647,2025,2024-10-25,2024-10-25 23:30:00,11,Indiana Pacers,Indiana,Pacers,IND,away,98,41,83,49.0,3,30,10.0,13,20,65.0,9,24,33,28,8,6,15,24,4,1,0,18,New York Knicks,123
401704647,2025,2024-10-25,2024-10-25 23:30:00,18,New York Knicks,New York,Knicks,NY,home,123,44,84,52.0,12,27,44.0,23,29,79.0,11,32,43,19,5,4,11,18,33,1,0,11,Indiana Pacers,98
401704643,2025,2024-10-25,2024-10-25 23:00:00,17,Brooklyn Nets,Brooklyn,Nets,BKN,away,101,35,83,42.0,14,37,38.0,17,21,81.0,8,29,37,22,7,3,17,31,4,2,0,19,Orlando Magic,116
401704643,2025,2024-10-25,2024-10-25 23:00:00,19,Orlando Magic,Orlando,Magic,ORL,home,116,39,75,52.0,15,30,50.0,23,33,70.0,5,34,39,28,10,7,12,19,18,1,1,17,Brooklyn Nets,101
401704644,2025,2024-10-25,2024-10-25 23:00:00,20,Philadelphia 76ers,Philadelphia,76ers,PHI,away,107,29,76,38.0,9,29,31.0,40,53,75.0,10,18,28,19,11,5,16,32,3,0,1,28,Toronto Raptors,115
401704644,2025,2024-10-25,2024-10-25 23:00:00,28,Toronto Raptors,Toronto,Raptors,TOR,home,115,35,76,46.0,6,23,26.0,39,46,85.0,18,36,54,25,11,13,26,34,19,1,2,20,Philadelphia 76ers,107
401704641,2025,2024-10-24,2024-10-25 02:00:00,25,Oklahoma City Thunder,Oklahoma City,Thunder,OKC,away,102,43,101,43.0,8,36,22.0,8,12,67.0,13,36,49,23,9,13,12,15,20,0,0,7,Denver Nuggets,87
401704641,2025,2024-10-24,2024-10-25 02:00:00,7,Denver Nuggets,Denver,Nuggets,DEN,home,87,35,98,36.0,7,38,18.0,10,14,71.0,17,40,57,29,11,7,15,12,9,1,1,25,Oklahoma City Thunder,102
401704642,2025,2024-10-24,2024-10-25 02:00:00,16,Minnesota Timberwolves,Minnesota,Timberwolves,MIN,away,117,41,86,48.0,20,50,40.0,15,17,88.0,6,36,42,24,3,2,16,24,6,1,0,23,Sacramento Kings,115
401704642,2025,2024-10-24,2024-10-25 02:00:00,23,Sacramento Kings,Sacramento,Kings,SAC,home,115,38,82,46.0,11,29,38.0,28,35,80.0,4,34,38,21,7,2,9,18,12,0,0,16,Minnesota Timberwolves,117
401704640,2025,2024-10-24,2024-10-24 23:30:00,24,San Antonio Spurs,San Antonio,Spurs,SA,away,109,39,86,45.0,12,36,33.0,19,24,79.0,12,40,52,30,6,5,19,18,6,0,0,6,Dallas Mavericks,120
401704640,2025,2024-10-24,2024-10-24 23:30:00,6,Dallas Mavericks,Dallas,Mavericks,DAL,home,120,42,102,41.0,19,44,43.0,17,23,74.0,17,33,50,27,9,5,9,21,21,1,0,24,San Antonio Spurs,109
401704639,2025,2024-10-24,2024-10-24 23:00:00,2,Boston Celtics,Boston,Celtics,BOS,away,122,42,90,47.0,17,45,38.0,21,27,78.0,12,37,49,21,7,3,14,19,32,0,0,27,Washington Wizards,102
401704639,2025,2024-10-24,2024-10-24 23:00:00,27,Washington Wizards,Washington,Wizards,WSH,home,102,41,95,43.0,7,36,19.0,13,18,72.0,10,30,40,27,9,6,13,19,8,2,0,2,Boston Celtics,122
401704637,2025,2024-10-23,2024-10-24 02:00:00,21,Phoenix Suns,Phoenix,Suns,PHX,away,116,38,78,49.0,15,38,39.0,25,34,74.0,4,38,42,25,12,9,22,23,14,0,0,12,LA Clippers,113
401704637,2025,2024-10-23,2024-10-24 02:00:00,12,LA Clippers,LA,Clippers,LAC,home,113,42,92,46.0,8,29,28.0,21,30,70.0,13,38,51,27,9,1,21,29,10,1,0,21,Phoenix Suns,116
401704638,2025,2024-10-23,2024-10-24 02:00:00,9,Golden State Warriors,Golden State,Warriors,GS,away,140,48,93,52.0,20,48,42.0,24,30,80.0,15,42,57,38,13,5,17,27,37,1,1,22,Portland Trail Blazers,104
401704638,2025,2024-10-23,2024-10-24 02:00:00,22,Portland Trail Blazers,Portland,Trail Blazers,POR,home,104,36,92,39.0,8,34,24.0,24,30,80.0,13,29,42,21,10,4,17,22,9,1,0,9,Golden State Warriors,140
401704636,2025,2024-10-23,2024-10-24 01:00:00,29,Memphis Grizzlies,Memphis,Grizzlies,MEM,away,126,43,91,47.0,17,45,38.0,23,32,72.0,13,28,41,28,7,5,12,35,17,1,1,26,Utah Jazz,124
401704636,2025,2024-10-23,2024-10-24 01:00:00,26,Utah Jazz,Utah,Jazz,UTAH,home,124,40,85,47.0,10,26,38.0,34,45,76.0,14,35,49,21,7,9,14,24,5,3,0,29,Memphis Grizzlies,126
401704634,2025,2024-10-23,2024-10-24 00:00:00,30,Charlotte Hornets,Charlotte,Hornets,CHA,away,110,38,85,45.0,15,39,38.0,19,24,79.0,15,41,56,20,6,10,16,21,5,1,0,10,Houston Rockets,105
401704634,2025,2024-10-23,2024-10-24 00:00:00,10,Houston Rockets,Houston,Rockets,HOU,home,105,38,103,37.0,13,43,30.0,16,20,80.0,16,27,43,19,8,4,8,18,18,0,0,30,Charlotte Hornets,110
401704635,2025,2024-10-23,2024-10-24 00:00:00,4,Chicago Bulls,Chicago,Bulls,CHI,away,111,42,86,49.0,10,34,29.0,17,25,68.0,9,38,47,26,4,2,21,16,,0,0,3,New Orleans Pelicans,123
401704635,2025,2024-10-23,2024-10-24 00:00:00,3,New Orleans Pelicans,New Orleans,Pelicans,NO,home,123,45,97,46.0,14,37,38.0,19,21,90.0,7,35,42,29,15,10,11,17,,1,0,4,Chicago Bulls,111
401704630,2025,2024-10-23,2024-10-23 23:30:00,17,Brooklyn Nets,Brooklyn,Nets,BKN,away,116,40,91,44.0,17,43,40.0,19,25,76.0,12,31,43,21,8,6,17,32,8,2,1,1,Atlanta Hawks,120
401704630,2025,2024-10-23,2024-10-23 23:30:00,1,Atlanta Hawks,Atlanta,Hawks,ATL,home,120,39,80,49.0,9,28,32.0,33,46,72.0,12,33,45,25,12,9,16,20,10,0,2,17,Brooklyn Nets,116
401704631,2025,2024-10-23,2024-10-23 23:30:00,19,Orlando Magic,Orlando,Magic,ORL,away,116,41,96,43.0,18,49,37.0,16,22,73.0,18,39,57,28,8,8,11,21,32,3,0,14,Miami Heat,97
401704631,2025,2024-10-23,2024-10-23 23:30:00,14,Miami Heat,Miami,Heat,MIA,home,97,32,82,39.0,11,34,32.0,22,29,76.0,9,32,41,24,5,8,11,19,8,0,1,19,Orlando Magic,116
401704632,2025,2024-10-23,2024-10-23 23:30:00,15,Milwaukee Bucks,Milwaukee,Bucks,MIL,away,124,43,80,54.0,16,37,43.0,22,31,71.0,8,38,46,27,4,9,14,23,22,0,0,20,Philadelphia 76ers,109
401704632,2025,2024-10-23,2024-10-23 23:30:00,20,Philadelphia 76ers,Philadelphia,76ers,PHI,home,109,41,98,42.0,8,31,26.0,19,27,70.0,17,32,49,18,4,2,10,28,5,0,1,15,Milwaukee Bucks,124
401704633,2025,2024-10-23,2024-10-23 23:30:00,5,Cleveland Cavaliers,Cleveland,Cavaliers,CLE,away,136,51,87,59.0,14,30,47.0,20,26,77.0,8,28,36,29,10,9,12,22,33,1,0,28,Toronto Raptors,106
401704633,2025,2024-10-23,2024-10-23 23:30:00,28,Toronto Raptors,Toronto,Raptors,TOR,home,106,36,86,42.0,12,31,39.0,22,29,76.0,14,24,38,25,8,6,18,24,7,1,0,5,Cleveland Cavaliers,136
401704629,2025,2024-10-23,2024-10-23 23:00:00,11,Indiana Pacers,Indiana,Pacers,IND,away,115,42,83,51.0,9,31,29.0,22,25,88.0,7,32,39,32,10,8,15,23,6,0,0,8,Detroit Pistons,109
401704629,2025,2024-10-23,2024-10-23 23:00:00,8,Detroit Pistons,Detroit,Pistons,DET,home,109,38,88,43.0,9,33,27.0,24,28,86.0,12,26,38,22,6,2,12,21,12,2,2,11,Indiana Pacers,115
401704628,2025,2024-10-22,2024-10-23 02:00:00,16,Minnesota Timberwolves,Minnesota,Timberwolves,MIN,away,103,35,85,41.0,13,41,32.0,20,27,74.0,12,35,47,17,4,1,15,22,2,1,0,13,Los Angeles Lakers,110
401704628,2025,2024-10-22,2024-10-23 02:00:00,13,Los Angeles Lakers,Los Angeles,Lakers,LAL,home,110,42,95,44.0,5,30,17.0,21,25,84.0,15,31,46,22,7,8,7,22,19,0,0,16,Minnesota Timberwolves,103
401704627,2025,2024-10-22,2024-10-22 23:30:00,18,New York Knicks,New York,Knicks,NY,away,109,43,78,55.0,11,30,37.0,12,16,75.0,5,29,34,20,2,3,11,12,1,1,0,2,Boston Celtics,132
401704627,2025,2024-10-22,2024-10-22 23:30:00,2,Boston Celtics,Boston,Celtics,BOS,home,132,48,95,51.0,29,61,48.0,7,8,88.0,11,29,40,33,6,3,3,15,35,1,1,18,New York Knicks,109
