game_id,season,game_date,game_date_time,team_id,team_name,team_location,team_abbreviation,field_goals_made,field_goals_attempted,field_goal_pct,three_point_field_goals_made,three_point_field_goals_attempted,three_point_field_goal_pct,free_throws_made,free_throws_attempted,free_throw_pct,offensive_rebounds,defensive_rebounds,assists,steals,blocks,turnovers,fouls,largest_lead,team_turnovers,total_technical_fouls
401656363,2024,2024-06-17,2024-06-18 00:30:00,6,Mavericks,Dallas,DAL,35,78,44.9,11,37,29.7,7,13,53.8,7,28,18,4,4,13,20,0,0,0
401656363,2024,2024-06-17,2024-06-18 00:30:00,2,Celtics,Boston,BOS,38,89,42.7,13,39,33.3,17,20,85.0,15,36,25,9,2,7,15,26,2,0
401656362,2024,2024-06-14,2024-06-15 00:30:00,2,Celtics,Boston,BOS,29,80,36.3,14,41,34.1,12,13,92.3,4,27,18,2,5,13,19,3,1,0
401656362,2024,2024-06-14,2024-06-15 00:30:00,6,Mavericks,Dallas,DAL,46,91,50.5,15,37,40.5,15,22,68.2,13,39,21,7,2,8,17,48,1,0
401656361,2024,2024-06-12,2024-06-13 00:30:00,2,Celtics,Boston,BOS,38,82,46.3,17,46,37.0,13,14,92.9,6,30,26,4,6,9,19,21,0,0
401656361,2024,2024-06-12,2024-06-13 00:30:00,6,Mavericks,Dallas,DAL,38,86,44.2,9,25,36.0,14,16,87.5,7,36,15,5,1,8,17,13,1,1
401656360,2024,2024-06-09,2024-06-10 00:00:00,6,Mavericks,Dallas,DAL,38,80,47.5,6,26,23.1,16,24,66.7,9,34,21,5,3,15,17,7,0,0
401656360,2024,2024-06-09,2024-06-10 00:00:00,2,Celtics,Boston,BOS,38,84,45.2,10,39,25.6,19,20,95.0,10,31,29,10,5,10,15,14,1,1
401656359,2024,2024-06-06,2024-06-07 00:30:00,6,Mavericks,Dallas,DAL,35,84,41.7,7,27,25.9,12,19,63.2,10,33,9,8,1,11,16,4,0,0
401656359,2024,2024-06-06,2024-06-07 00:30:00,2,Celtics,Boston,BOS,39,82,47.6,16,42,38.1,13,19,68.4,10,37,23,6,9,12,16,29,2,0
401672980,2024,2024-05-30,2024-05-31 00:30:00,6,Mavericks,Dallas,DAL,46,84,54.8,15,34,44.1,17,23,73.9,9,36,19,7,5,12,20,36,1,1
401672980,2024,2024-05-30,2024-05-31 00:30:00,16,Timberwolves,Minnesota,MIN,38,89,42.7,10,32,31.3,17,21,81.0,13,28,17,8,5,11,17,2,3,1
401672979,2024,2024-05-28,2024-05-29 00:30:00,16,Timberwolves,Minnesota,MIN,39,74,52.7,11,24,45.8,16,25,64.0,6,34,23,9,4,14,23,12,1,2
401672979,2024,2024-05-28,2024-05-29 00:30:00,6,Mavericks,Dallas,DAL,34,81,42.0,14,40,35.0,18,21,85.7,10,28,23,6,4,13,22,4,1,3
401672001,2024,2024-05-27,2024-05-28 00:00:00,2,Celtics,Boston,BOS,40,89,44.9,14,44,31.8,11,14,78.6,12,32,22,10,6,11,18,8,2,1
401672001,2024,2024-05-27,2024-05-28 00:00:00,11,Pacers,Indiana,IND,40,87,46.0,10,29,34.5,12,16,75.0,13,34,24,5,4,14,19,9,0,1
401672978,2024,2024-05-26,2024-05-27 00:00:00,16,Timberwolves,Minnesota,MIN,43,85,50.6,9,30,30.0,12,17,70.6,10,23,26,4,2,10,24,3,0,1
401672978,2024,2024-05-26,2024-05-27 00:00:00,6,Mavericks,Dallas,DAL,38,68,55.9,14,28,50.0,26,31,83.9,7,25,19,7,5,14,19,12,0,0
401672000,2024,2024-05-25,2024-05-26 00:30:00,2,Celtics,Boston,BOS,39,83,47.0,16,46,34.8,20,26,76.9,7,29,24,7,12,7,18,9,1,0
401672000,2024,2024-05-25,2024-05-26 00:30:00,11,Pacers,Indiana,IND,46,91,50.5,5,22,22.7,14,14,100.0,9,34,32,4,1,11,21,18,0,0
401672977,2024,2024-05-24,2024-05-25 00:30:00,6,Mavericks,Dallas,DAL,41,84,48.8,12,31,38.7,15,22,68.2,11,33,24,7,7,10,17,3,0,0
401672977,2024,2024-05-24,2024-05-25 00:30:00,16,Timberwolves,Minnesota,MIN,35,85,41.2,12,31,38.7,26,32,81.3,12,28,26,7,7,9,19,18,0,0
401671999,2024,2024-05-23,2024-05-24 00:00:00,11,Pacers,Indiana,IND,44,84,52.4,11,29,37.9,11,16,68.8,12,25,23,5,2,16,23,6,0,1
401671999,2024,2024-05-23,2024-05-24 00:00:00,2,Celtics,Boston,BOS,47,88,53.4,15,37,40.5,17,20,85.0,13,27,28,9,2,10,16,20,2,1
401672976,2024,2024-05-22,2024-05-23 00:30:00,6,Mavericks,Dallas,DAL,43,87,49.4,6,25,24.0,16,17,94.1,11,37,21,5,8,13,15,8,0,1
401672976,2024,2024-05-22,2024-05-23 00:30:00,16,Timberwolves,Minnesota,MIN,38,89,42.7,18,49,36.7,11,18,61.1,10,30,23,8,3,10,17,9,0,0
401671998,2024,2024-05-21,2024-05-22 00:00:00,11,Pacers,Indiana,IND,53,99,53.5,13,35,37.1,9,10,90.0,10,34,38,8,4,21,23,5,1,1
401671998,2024,2024-05-21,2024-05-22 00:00:00,2,Celtics,Boston,BOS,47,99,47.5,15,45,33.3,24,30,80.0,13,30,30,11,5,14,15,13,1,0
401658198,2024,2024-05-19,2024-05-19 19:30:00,11,Pacers,Indiana,IND,53,79,67.1,13,24,54.2,11,16,68.8,7,26,33,7,9,12,22,23,2,1
401658198,2024,2024-05-19,2024-05-19 19:30:00,18,Knicks,New York,NY,36,85,42.4,13,35,37.1,24,27,88.9,9,19,22,5,2,8,17,3,2,1
401657188,2024,2024-05-19,2024-05-20 00:00:00,16,Timberwolves,Minnesota,MIN,31,79,39.2,10,34,29.4,26,30,86.7,11,36,18,9,6,7,21,10,2,0
401657188,2024,2024-05-19,2024-05-20 00:00:00,7,Nuggets,Denver,DEN,34,83,41.0,8,33,24.2,14,16,87.5,11,33,18,3,7,10,23,20,0,0
401658194,2024,2024-05-18,2024-05-19 00:00:00,25,Thunder,Oklahoma City,OKC,44,92,47.8,15,41,36.6,13,17,76.5,7,24,25,10,5,8,20,17,2,0
401658194,2024,2024-05-18,2024-05-19 00:00:00,6,Mavericks,Dallas,DAL,42,82,51.2,16,34,47.1,17,24,70.8,14,33,25,5,4,17,23,5,1,2
401658197,2024,2024-05-17,2024-05-18 00:30:00,18,Knicks,New York,NY,36,82,43.9,13,34,38.2,18,26,69.2,13,22,20,6,5,7,15,5,2,0
401658197,2024,2024-05-17,2024-05-18 00:30:00,11,Pacers,Indiana,IND,49,91,53.8,9,26,34.6,9,13,69.2,14,33,35,3,8,8,21,23,1,1
401657187,2024,2024-05-16,2024-05-17 00:30:00,7,Nuggets,Denver,DEN,26,86,30.2,7,36,19.4,11,14,78.6,10,33,18,2,5,12,17,7,0,0
401657187,2024,2024-05-16,2024-05-17 00:30:00,16,Timberwolves,Minnesota,MIN,40,86,46.5,15,40,37.5,20,24,83.3,11,51,26,9,4,6,14,50,0,1
401658228,2024,2024-05-15,2024-05-15 23:00:00,5,Cavaliers,Cleveland,CLE,38,79,48.1,13,31,41.9,9,12,75.0,6,22,25,5,2,10,16,6,0,0
401658228,2024,2024-05-15,2024-05-15 23:00:00,2,Celtics,Boston,BOS,42,80,52.5,19,43,44.2,10,12,83.3,11,32,32,6,6,12,15,17,2,1
401658192,2024,2024-05-15,2024-05-16 01:30:00,6,Mavericks,Dallas,DAL,40,76,53.0,14,35,40.0,10,13,77.0,9,37,27,5,5,14,17,18,0,1
401658192,2024,2024-05-15,2024-05-16 01:30:00,25,Thunder,Oklahoma City,OKC,37,87,43.0,10,40,25.0,8,10,80.0,8,25,20,8,2,6,15,6,1,0
401658196,2024,2024-05-14,2024-05-15 00:00:00,11,Pacers,Indiana,IND,31,72,43.1,12,27,44.4,17,22,77.3,5,24,24,5,6,18,19,7,0,2
401658196,2024,2024-05-14,2024-05-15 00:00:00,18,Knicks,New York,NY,47,101,46.5,12,35,34.3,15,19,78.9,20,33,26,7,5,9,22,31,0,3
401657186,2024,2024-05-14,2024-05-15 02:30:00,16,Timberwolves,Minnesota,MIN,38,78,48.7,8,26,30.8,13,19,68.4,8,25,30,7,7,14,20,4,0,0
401657186,2024,2024-05-14,2024-05-15 02:30:00,7,Nuggets,Denver,DEN,44,80,55.0,9,19,47.4,15,18,83.3,8,30,30,6,5,11,17,18,1,1
401658227,2024,2024-05-13,2024-05-13 23:00:00,2,Celtics,Boston,BOS,38,78,48.7,12,32,37.5,21,24,87.5,10,38,15,6,4,14,12,15,1,1
401658227,2024,2024-05-13,2024-05-13 23:00:00,5,Cavaliers,Cleveland,CLE,41,94,43.6,15,48,31.3,5,7,71.4,8,24,26,8,3,7,17,6,1,1
401658191,2024,2024-05-13,2024-05-14 01:30:00,25,Thunder,Oklahoma City,OKC,35,92,38.0,7,27,25.9,23,24,95.8,12,33,18,8,9,7,20,5,1,1
401658191,2024,2024-05-13,2024-05-14 01:30:00,6,Mavericks,Dallas,DAL,36,88,40.9,12,35,34.3,12,23,52.2,12,35,26,4,13,13,18,14,1,1
401657423,2024,2024-05-12,2024-05-12 19:30:00,18,Knicks,New York,NY,30,89,33.7,7,37,18.9,22,31,71.0,16,27,18,8,2,12,12,2,2,1
401657423,2024,2024-05-12,2024-05-12 19:30:00,11,Pacers,Indiana,IND,50,88,56.8,14,31,45.2,7,8,87.5,9,43,31,9,7,14,25,43,0,0
401657185,2024,2024-05-12,2024-05-13 00:00:00,7,Nuggets,Denver,DEN,45,79,57.0,13,29,44.8,12,15,80.0,5,26,29,7,6,12,20,18,0,0
401657185,2024,2024-05-12,2024-05-13 00:00:00,16,Timberwolves,Minnesota,MIN,39,82,47.6,11,28,39.3,18,27,66.7,12,30,21,5,3,11,21,7,0,0
401658190,2024,2024-05-11,2024-05-11 19:30:00,25,Thunder,Oklahoma City,OKC,38,81,46.9,10,30,33.3,15,19,78.9,6,35,23,7,11,13,22,10,1,0
401658190,2024,2024-05-11,2024-05-11 19:30:00,6,Mavericks,Dallas,DAL,39,91,42.9,11,33,33.3,16,25,64.0,15,33,21,7,2,13,16,9,1,0
401658226,2024,2024-05-11,2024-05-12 00:30:00,2,Celtics,Boston,BOS,41,80,51.2,13,34,38.2,11,14,78.6,9,35,22,3,4,11,14,23,1,0
401658226,2024,2024-05-11,2024-05-12 00:30:00,5,Cavaliers,Cleveland,CLE,36,84,42.9,12,36,33.3,9,10,90.0,7,28,17,4,2,8,14,4,0,1
401657422,2024,2024-05-10,2024-05-10 23:00:00,18,Knicks,New York,NY,38,80,47.5,14,27,51.9,16,22,72.7,10,31,19,6,6,13,18,9,0,0
401657422,2024,2024-05-10,2024-05-10 23:00:00,11,Pacers,Indiana,IND,42,89,47.2,12,32,37.5,15,18,83.3,13,29,22,6,6,10,20,12,0,0
401657184,2024,2024-05-10,2024-05-11 01:30:00,7,Nuggets,Denver,DEN,43,80,53.8,14,29,48.3,17,20,85.0,8,32,26,9,4,10,25,34,1,1
401657184,2024,2024-05-10,2024-05-11 01:30:00,16,Timberwolves,Minnesota,MIN,31,71,43.7,10,33,30.3,18,25,72.0,5,27,23,5,3,14,20,2,2,3
401658225,2024,2024-05-09,2024-05-09 23:00:00,5,Cavaliers,Cleveland,CLE,47,86,54.7,13,28,46.4,11,16,68.8,7,37,24,4,3,10,20,29,2,0
401658225,2024,2024-05-09,2024-05-09 23:00:00,2,Celtics,Boston,BOS,33,80,41.3,8,35,22.9,20,24,83.3,6,25,22,5,3,7,15,9,0,0
401658188,2024,2024-05-09,2024-05-10 01:30:00,6,Mavericks,Dallas,DAL,42,90,46.7,18,37,48.6,17,24,70.8,12,32,30,8,6,10,21,14,0,0
401658188,2024,2024-05-09,2024-05-10 01:30:00,25,Thunder,Oklahoma City,OKC,42,89,47.2,10,30,33.3,16,17,94.1,8,33,25,5,6,10,18,3,0,2
401657421,2024,2024-05-08,2024-05-09 00:00:00,11,Pacers,Indiana,IND,48,93,51.6,15,34,44.1,10,17,58.8,14,20,33,5,3,9,17,12,0,2
401657421,2024,2024-05-08,2024-05-09 00:00:00,18,Knicks,New York,NY,49,86,57.0,14,30,46.7,18,22,81.8,12,32,28,5,3,9,14,12,2,0
401658224,2024,2024-05-07,2024-05-07 23:00:00,5,Cavaliers,Cleveland,CLE,37,90,41.1,11,42,26.2,10,13,76.9,7,31,19,2,3,5,18,2,0,0
401658224,2024,2024-05-07,2024-05-07 23:00:00,2,Celtics,Boston,BOS,45,92,48.9,18,46,39.1,12,14,85.7,13,42,22,2,7,6,13,26,3,0
401657231,2024,2024-05-07,2024-05-08 01:30:00,6,Mavericks,Dallas,DAL,33,84,39.3,12,35,34.3,17,25,68.0,11,28,19,5,8,15,21,3,1,1
401657231,2024,2024-05-07,2024-05-08 01:30:00,25,Thunder,Oklahoma City,OKC,40,89,44.9,16,35,45.7,21,28,75.0,16,36,29,8,8,9,18,25,2,1
401657420,2024,2024-05-06,2024-05-06 23:30:00,11,Pacers,Indiana,IND,46,88,52.3,10,26,38.5,15,19,78.9,7,25,32,9,5,7,22,9,1,0
401657420,2024,2024-05-06,2024-05-06 23:30:00,18,Knicks,New York,NY,44,82,53.7,11,23,47.8,22,26,84.6,8,32,25,5,4,14,19,8,1,0
401657183,2024,2024-05-06,2024-05-07 02:00:00,16,Timberwolves,Minnesota,MIN,42,84,50.0,13,33,39.4,9,14,64.3,10,32,28,11,12,12,20,32,0,0
401657183,2024,2024-05-06,2024-05-07 02:00:00,7,Nuggets,Denver,DEN,29,83,34.9,9,30,30.0,13,18,72.2,18,32,16,6,6,16,14,2,3,1
401655123,2024,2024-05-05,2024-05-05 17:00:00,19,Magic,Orlando,ORL,29,86,33.7,10,31,32.3,26,30,86.7,18,31,17,11,4,17,32,18,0,0
401655123,2024,2024-05-05,2024-05-05 17:00:00,5,Cavaliers,Cleveland,CLE,34,77,44.2,8,24,33.3,30,36,83.3,10,38,19,8,8,14,23,14,2,0
401657182,2024,2024-05-04,2024-05-04 23:00:00,16,Timberwolves,Minnesota,MIN,43,82,52.4,11,27,40.7,9,12,75.0,7,35,24,4,6,14,20,14,0,1
401657182,2024,2024-05-04,2024-05-04 23:00:00,7,Nuggets,Denver,DEN,35,75,46.7,13,31,41.9,16,20,80.0,3,31,24,12,2,12,18,7,0,0
401655122,2024,2024-05-03,2024-05-03 23:00:00,5,Cavaliers,Cleveland,CLE,42,86,48.8,7,28,25.0,5,10,50.0,7,31,15,8,10,13,23,9,2,0
401655122,2024,2024-05-03,2024-05-03 23:00:00,19,Magic,Orlando,ORL,35,89,39.3,11,36,30.6,22,26,84.6,15,33,19,6,4,13,15,8,1,0
401655098,2024,2024-05-03,2024-05-04 01:30:00,12,Clippers,LA,LAC,34,82,41.5,8,31,25.8,25,32,78.1,16,29,23,4,2,9,26,2,2,0
401655098,2024,2024-05-03,2024-05-04 01:30:00,6,Mavericks,Dallas,DAL,40,83,48.2,12,36,33.3,22,33,66.7,18,27,26,6,4,9,24,24,1,0
401655116,2024,2024-05-02,2024-05-02 22:30:00,15,Bucks,Milwaukee,MIL,35,83,42.2,7,27,25.9,21,32,65.6,15,25,19,4,0,12,18,7,0,1
401655116,2024,2024-05-02,2024-05-02 22:30:00,11,Pacers,Indiana,IND,46,85,54.1,13,40,32.5,15,17,88.2,7,37,33,7,3,10,26,24,1,1
401655110,2024,2024-05-02,2024-05-03 01:00:00,18,Knicks,New York,NY,43,93,46.2,14,31,45.2,18,24,75.0,20,28,28,6,8,9,17,22,0,0
401655110,2024,2024-05-02,2024-05-03 01:00:00,20,76ers,Philadelphia,PHI,38,87,43.7,17,40,42.5,22,23,95.7,16,30,20,6,5,11,22,10,1,0
401655103,2024,2024-05-01,2024-05-01 23:30:00,14,Heat,Miami,MIA,36,87,41.4,3,29,10.3,9,10,90.0,2,27,20,4,0,6,17,0,0,1
401655103,2024,2024-05-01,2024-05-01 23:30:00,2,Celtics,Boston,BOS,42,77,54.5,16,40,40.0,18,27,66.7,8,48,23,5,3,14,15,37,1,1
401655097,2024,2024-05-01,2024-05-02 02:00:00,6,Mavericks,Dallas,DAL,47,87,54.0,14,39,35.9,15,20,75.0,9,31,27,5,6,8,22,32,2,0
401655097,2024,2024-05-01,2024-05-02 02:00:00,12,Clippers,LA,LAC,33,87,37.9,9,35,25.7,18,21,85.7,14,31,18,4,0,13,19,2,2,0
401655109,2024,2024-04-30,2024-04-30 23:00:00,20,76ers,Philadelphia,PHI,42,91,46.2,15,39,38.5,13,19,68.4,12,34,28,5,7,16,23,9,1,0
401655109,2024,2024-04-30,2024-04-30 23:00:00,18,Knicks,New York,NY,40,86,46.5,10,36,27.8,16,24,66.7,6,34,19,10,8,14,19,10,1,0
401655121,2024,2024-04-30,2024-05-01 00:00:00,19,Magic,Orlando,ORL,36,78,46.2,9,31,29.0,22,29,75.9,7,36,17,5,7,14,17,3,0,0
401655121,2024,2024-04-30,2024-05-01 00:00:00,5,Cavaliers,Cleveland,CLE,38,88,43.2,13,37,35.1,15,19,78.9,8,31,23,9,3,10,25,10,0,0
401655115,2024,2024-04-30,2024-05-01 01:30:00,11,Pacers,Indiana,IND,36,81,44.4,12,38,31.6,8,13,61.5,10,26,25,3,3,12,18,10,1,1
401655115,2024,2024-04-30,2024-05-01 01:30:00,15,Bucks,Milwaukee,MIL,44,84,52.4,11,29,37.9,16,20,80.0,11,33,23,8,4,10,15,27,1,0
401655102,2024,2024-04-29,2024-04-29 23:30:00,2,Celtics,Boston,BOS,36,86,41.9,14,37,37.8,16,18,88.9,11,35,21,5,3,10,20,28,1,1
401655102,2024,2024-04-29,2024-04-29 23:30:00,14,Heat,Miami,MIA,35,86,40.7,9,33,27.3,9,12,75.0,8,34,17,4,3,13,18,1,2,0
401655078,2024,2024-04-29,2024-04-30 00:30:00,25,Thunder,Oklahoma City,OKC,35,82,42.7,12,40,30.0,15,24,62.5,8,36,18,9,7,14,18,11,0,0
401655078,2024,2024-04-29,2024-04-30 00:30:00,3,Pelicans,New Orleans,NO,32,85,37.6,8,34,23.5,17,20,85.0,12,38,22,10,8,18,25,5,1,0
401655085,2024,2024-04-29,2024-04-30 02:00:00,13,Lakers,Los Angeles,LAL,39,84,46.4,10,35,28.6,18,27,66.7,11,30,30,7,6,8,12,9,1,1
401655085,2024,2024-04-29,2024-04-30 02:00:00,7,Nuggets,Denver,DEN,42,89,47.2,16,38,42.1,8,9,88.9,9,36,28,6,1,13,16,6,1,1
401655108,2024,2024-04-28,2024-04-28 17:00:00,18,Knicks,New York,NY,37,86,43.0,7,27,25.9,16,26,61.5,15,37,19,1,11,12,19,6,0,0
401655108,2024,2024-04-28,2024-04-28 17:00:00,20,76ers,Philadelphia,PHI,29,82,35.4,9,33,27.3,25,29,86.2,9,33,23,5,5,8,24,12,1,0
401655096,2024,2024-04-28,2024-04-28 19:30:00,12,Clippers,LA,LAC,43,80,53.8,18,29,62.1,12,18,66.7,5,24,22,10,6,12,27,31,1,0
401655096,2024,2024-04-28,2024-04-28 19:30:00,6,Mavericks,Dallas,DAL,40,81,49.4,11,33,33.3,20,25,80.0,14,28,22,5,5,16,21,4,1,1
401655114,2024,2024-04-28,2024-04-28 23:00:00,15,Bucks,Milwaukee,MIL,46,90,51.1,12,33,36.4,9,14,64.3,7,35,26,5,4,9,18,5,0,4
401655114,2024,2024-04-28,2024-04-28 23:00:00,11,Pacers,Indiana,IND,46,89,51.7,22,43,51.2,12,18,66.7,5,33,33,5,6,7,18,19,1,2
401655090,2024,2024-04-28,2024-04-29 01:30:00,16,Timberwolves,Minnesota,MIN,41,89,46.1,15,36,41.7,25,31,80.6,17,27,23,6,6,9,27,6,3,0
401655090,2024,2024-04-28,2024-04-29 01:30:00,21,Suns,Phoenix,PHX,38,74,51.4,10,26,38.5,30,36,83.3,10,23,20,6,7,11,26,6,1,1
401655120,2024,2024-04-27,2024-04-27 17:00:00,5,Cavaliers,Cleveland,CLE,34,72,47.2,4,17,23.5,17,21,81.0,2,27,24,10,3,15,20,10,0,2
401655120,2024,2024-04-27,2024-04-27 17:00:00,19,Magic,Orlando,ORL,43,77,55.8,12,26,46.2,14,19,73.7,8,35,24,7,6,17,19,30,1,2
401655077,2024,2024-04-27,2024-04-27 19:30:00,25,Thunder,Oklahoma City,OKC,40,83,48.2,17,36,47.2,9,13,69.2,9,38,27,13,5,16,14,24,0,0
401655077,2024,2024-04-27,2024-04-27 19:30:00,3,Pelicans,New Orleans,NO,32,84,38.1,9,32,28.1,12,14,85.7,11,34,18,14,2,20,15,5,1,1
401655101,2024,2024-04-27,2024-04-27 22:00:00,2,Celtics,Boston,BOS,39,82,47.6,11,37,29.7,15,21,71.4,10,33,22,4,6,5,16,29,1,0
401655101,2024,2024-04-27,2024-04-27 22:00:00,14,Heat,Miami,MIA,32,77,41.6,9,28,32.1,11,14,78.6,9,27,21,2,2,12,14,0,0,1
401655084,2024,2024-04-27,2024-04-28 00:30:00,7,Nuggets,Denver,DEN,39,87,44.8,9,30,30.0,21,25,84.0,9,31,30,9,4,14,15,0,0,1
401655084,2024,2024-04-27,2024-04-28 00:30:00,13,Lakers,Los Angeles,LAL,48,92,52.2,8,26,30.8,15,18,83.3,8,38,23,6,2,11,20,19,1,0
401655113,2024,2024-04-26,2024-04-26 21:30:00,15,Bucks,Milwaukee,MIL,41,88,46.6,10,31,32.3,26,27,96.3,11,32,20,6,2,11,26,3,1,0
401655113,2024,2024-04-26,2024-04-26 21:30:00,11,Pacers,Indiana,IND,45,105,42.9,13,49,26.5,18,24,75.0,19,31,32,5,4,8,20,19,0,0
401655095,2024,2024-04-26,2024-04-27 00:00:00,12,Clippers,LA,LAC,32,70,45.7,10,29,34.5,16,20,80.0,8,33,19,5,4,19,24,7,0,3
401655095,2024,2024-04-26,2024-04-27 00:00:00,6,Mavericks,Dallas,DAL,39,86,45.3,9,35,25.7,14,19,73.7,11,25,21,12,7,8,16,21,1,2
401655089,2024,2024-04-26,2024-04-27 02:30:00,16,Timberwolves,Minnesota,MIN,43,87,49.4,13,34,38.2,27,31,87.1,15,35,26,5,1,13,25,24,1,2
401655089,2024,2024-04-26,2024-04-27 02:30:00,21,Suns,Phoenix,PHX,35,76,46.1,11,28,39.3,28,32,87.5,5,23,24,8,3,9,26,0,1,1
401655119,2024,2024-04-25,2024-04-25 23:00:00,5,Cavaliers,Cleveland,CLE,32,82,39.0,8,34,23.5,11,13,84.6,5,27,24,2,8,14,16,7,0,1
401655119,2024,2024-04-25,2024-04-25 23:00:00,19,Magic,Orlando,ORL,47,92,51.1,13,37,35.1,14,16,87.5,14,37,24,7,3,8,21,43,1,0
401655107,2024,2024-04-25,2024-04-25 23:30:00,18,Knicks,New York,NY,44,90,48.9,13,30,43.3,13,19,68.4,11,21,27,4,3,9,25,5,0,0
401655107,2024,2024-04-25,2024-04-25 23:30:00,20,76ers,Philadelphia,PHI,41,75,54.7,15,31,48.4,28,33,84.8,8,28,24,6,8,10,18,15,1,0
401655083,2024,2024-04-25,2024-04-26 02:00:00,7,Nuggets,Denver,DEN,44,90,48.9,5,28,17.9,19,22,86.4,14,37,27,4,3,13,14,15,0,0
401655083,2024,2024-04-25,2024-04-26 02:00:00,13,Lakers,Los Angeles,LAL,44,90,48.9,5,27,18.5,12,17,70.6,8,30,23,8,2,7,16,12,0,0
401655100,2024,2024-04-24,2024-04-24 23:00:00,14,Heat,Miami,MIA,37,75,49.3,23,43,53.5,14,18,77.8,4,36,25,9,1,12,22,12,2,0
401655100,2024,2024-04-24,2024-04-24 23:00:00,2,Celtics,Boston,BOS,37,80,46.3,12,32,37.5,15,21,71.4,6,33,21,9,8,12,17,6,1,0
401655076,2024,2024-04-24,2024-04-25 01:30:00,3,Pelicans,New Orleans,NO,33,73,45.2,7,26,26.9,19,21,90.5,8,27,16,4,2,17,24,5,1,2
401655076,2024,2024-04-24,2024-04-25 01:30:00,25,Thunder,Oklahoma City,OKC,46,78,59.0,14,29,48.3,18,20,90.0,5,32,25,5,2,8,19,34,1,0
401655088,2024,2024-04-23,2024-04-23 23:30:00,21,Suns,Phoenix,PHX,35,78,44.9,8,22,36.4,15,19,78.9,11,30,19,7,1,19,22,8,1,1
401655088,2024,2024-04-23,2024-04-23 23:30:00,16,Timberwolves,Minnesota,MIN,35,78,44.9,9,32,28.1,26,30,86.7,10,29,23,11,2,13,21,19,1,1
401655112,2024,2024-04-23,2024-04-24 00:30:00,11,Pacers,Indiana,IND,50,90,55.6,16,36,44.4,9,14,64.3,7,38,38,3,6,5,18,23,1,2
401655112,2024,2024-04-23,2024-04-24 00:30:00,15,Bucks,Milwaukee,MIL,38,86,44.2,13,32,40.6,19,21,90.5,8,32,24,4,4,7,13,8,1,1
401655094,2024,2024-04-23,2024-04-24 02:00:00,6,Mavericks,Dallas,DAL,32,76,42.1,14,33,42.4,18,27,66.7,11,39,17,8,7,13,23,9,1,1
401655094,2024,2024-04-23,2024-04-24 02:00:00,12,Clippers,LA,LAC,32,87,36.8,8,30,26.7,21,26,80.8,14,33,18,9,4,8,19,6,1,0
401655118,2024,2024-04-22,2024-04-22 23:00:00,19,Magic,Orlando,ORL,29,80,36.3,9,35,25.7,19,26,73.1,11,30,18,8,5,16,22,0,1,0
401655118,2024,2024-04-22,2024-04-22 23:00:00,5,Cavaliers,Cleveland,CLE,34,82,41.5,12,39,30.8,16,26,61.5,15,33,18,11,6,15,24,22,0,0
401655106,2024,2024-04-22,2024-04-22 23:30:00,20,76ers,Philadelphia,PHI,36,84,42.9,13,36,36.1,16,22,72.7,10,34,26,3,6,10,21,10,1,1
401655106,2024,2024-04-22,2024-04-22 23:30:00,18,Knicks,New York,NY,37,91,40.7,11,33,33.3,19,23,82.6,12,34,22,5,6,7,17,8,1,0
401655082,2024,2024-04-22,2024-04-23 02:00:00,13,Lakers,Los Angeles,LAL,38,78,48.7,13,30,43.3,10,13,76.9,4,34,24,6,3,14,20,20,1,0
401655082,2024,2024-04-22,2024-04-23 02:00:00,7,Nuggets,Denver,DEN,39,88,44.3,8,34,23.5,15,17,88.2,9,36,26,6,4,9,17,3,0,0
401654760,2024,2024-04-21,2024-04-21 17:00:00,14,Heat,Miami,MIA,38,81,46.9,12,37,32.4,6,6,100.0,5,29,23,4,1,9,13,0,2,1
401654760,2024,2024-04-21,2024-04-21 17:00:00,2,Celtics,Boston,BOS,39,82,47.6,22,49,44.9,14,16,87.5,10,34,27,6,6,10,10,34,1,1
401654763,2024,2024-04-21,2024-04-21 19:30:00,6,Mavericks,Dallas,DAL,31,80,38.8,10,33,30.3,25,33,75.8,9,32,14,7,9,8,15,0,1,0
401654763,2024,2024-04-21,2024-04-21 19:30:00,12,Clippers,LA,LAC,40,87,46.0,18,36,50.0,11,13,84.6,10,35,21,5,3,12,22,29,2,1
401654761,2024,2024-04-21,2024-04-21 23:00:00,11,Pacers,Indiana,IND,36,91,39.6,8,38,21.1,14,21,66.7,14,36,20,4,5,12,16,2,1,1
401654761,2024,2024-04-21,2024-04-21 23:00:00,15,Bucks,Milwaukee,MIL,41,87,47.1,14,37,37.8,13,13,100.0,5,42,21,5,5,10,22,30,2,1
401654762,2024,2024-04-21,2024-04-22 01:30:00,3,Pelicans,New Orleans,NO,37,96,38.5,11,39,28.2,7,9,77.8,18,34,22,7,6,14,16,7,0,0
401654762,2024,2024-04-21,2024-04-22 01:30:00,25,Thunder,Oklahoma City,OKC,37,85,43.5,10,32,31.3,10,13,76.9,8,36,21,5,7,13,13,10,0,0
401654757,2024,2024-04-20,2024-04-20 17:00:00,19,Magic,Orlando,ORL,28,86,32.6,8,37,21.6,19,30,63.3,11,29,16,12,7,12,25,0,0,0
401654757,2024,2024-04-20,2024-04-20 17:00:00,5,Cavaliers,Cleveland,CLE,36,81,44.4,8,30,26.7,17,21,81.0,10,44,21,9,4,17,21,20,1,2
401654759,2024,2024-04-20,2024-04-20 19:30:00,21,Suns,Phoenix,PHX,33,75,44.0,9,28,32.1,20,25,80.0,3,25,16,9,6,15,19,5,0,1
401654759,2024,2024-04-20,2024-04-20 19:30:00,16,Timberwolves,Minnesota,MIN,44,88,50.0,12,32,37.5,20,22,90.9,13,39,26,8,2,14,24,27,1,0
401654756,2024,2024-04-20,2024-04-20 22:00:00,20,76ers,Philadelphia,PHI,36,81,44.4,12,35,34.3,20,22,90.9,9,24,17,8,7,11,21,13,0,1
401654756,2024,2024-04-20,2024-04-20 22:00:00,18,Knicks,New York,NY,36,91,39.6,16,35,45.7,23,28,82.1,23,32,20,6,7,11,18,14,1,0
401654758,2024,2024-04-20,2024-04-21 00:30:00,13,Lakers,Los Angeles,LAL,39,79,49.4,8,29,27.6,17,19,89.5,6,34,22,3,7,12,15,12,0,0
401654758,2024,2024-04-20,2024-04-21 00:30:00,7,Nuggets,Denver,DEN,47,102,46.1,15,42,35.7,5,6,83.3,15,34,27,7,4,4,20,15,2,0
401654660,2024,2024-04-19,2024-04-19 23:00:00,4,Bulls,Chicago,CHI,35,92,38.0,13,43,30.2,8,10,80.0,7,31,27,12,6,12,19,5,0,0
401654660,2024,2024-04-19,2024-04-19 23:00:00,14,Heat,Miami,MIA,38,82,46.3,14,33,42.4,22,24,91.7,9,38,26,6,6,15,11,29,0,0
401654661,2024,2024-04-19,2024-04-20 01:30:00,23,Kings,Sacramento,SAC,36,88,40.9,11,41,26.8,15,22,68.2,14,26,21,9,4,15,17,7,0,0
401654661,2024,2024-04-19,2024-04-20 01:30:00,3,Pelicans,New Orleans,NO,44,85,51.8,7,19,36.8,10,13,76.9,11,34,29,9,8,15,19,20,1,0
401654659,2024,2024-04-17,2024-04-17 23:00:00,14,Heat,Miami,MIA,38,90,42.2,14,39,35.9,14,19,73.7,18,29,23,12,4,13,19,14,0,1
401654659,2024,2024-04-17,2024-04-17 23:00:00,20,76ers,Philadelphia,PHI,36,86,41.9,12,35,34.3,21,23,91.3,15,34,23,4,3,15,17,8,1,2
401654658,2024,2024-04-17,2024-04-18 01:48:00,1,Hawks,Atlanta,ATL,41,91,45.1,11,37,29.7,23,28,82.1,8,26,30,4,2,9,16,2,2,1
401654658,2024,2024-04-17,2024-04-18 01:48:00,4,Bulls,Chicago,CHI,54,95,56.8,11,26,42.3,12,15,80.0,10,37,27,6,8,7,20,23,3,1
401654655,2024,2024-04-16,2024-04-16 23:30:00,13,Lakers,Los Angeles,LAL,35,84,41.7,14,35,40.0,26,29,89.7,6,35,24,8,7,8,12,18,0,1
401654655,2024,2024-04-16,2024-04-16 23:30:00,3,Pelicans,New Orleans,NO,43,93,46.2,9,30,30.0,11,15,73.3,10,40,30,4,2,12,23,10,1,1
401654656,2024,2024-04-16,2024-04-17 02:00:00,9,Warriors,Golden State,GS,33,80,41.3,10,32,31.3,18,23,78.3,8,34,19,5,3,16,17,3,0,0
401654656,2024,2024-04-16,2024-04-17 02:00:00,23,Kings,Sacramento,SAC,43,98,43.9,18,39,46.2,14,15,93.3,15,34,28,10,5,8,17,26,0,0
401585814,2024,2024-04-14,2024-04-14 17:00:00,27,Wizards,Washington,WSH,49,103,47.6,14,38,36.8,10,10,100.0,8,28,33,9,4,11,16,4,1,0
401585814,2024,2024-04-14,2024-04-14 17:00:00,2,Celtics,Boston,BOS,51,89,57.3,16,32,50.0,14,21,66.7,10,38,29,10,15,14,13,24,3,0
401585815,2024,2024-04-14,2024-04-14 17:00:00,30,Hornets,Charlotte,CHA,46,91,50.5,19,40,47.5,9,11,81.8,10,37,36,10,9,9,11,10,1,0
401585815,2024,2024-04-14,2024-04-14 17:00:00,5,Cavaliers,Cleveland,CLE,44,93,47.3,16,33,48.5,6,9,66.7,12,31,30,4,1,14,8,13,0,0
401585816,2024,2024-04-14,2024-04-14 17:00:00,1,Hawks,Atlanta,ATL,39,89,43.8,12,36,33.3,25,27,92.6,9,23,25,6,5,15,12,0,2,0
401585816,2024,2024-04-14,2024-04-14 17:00:00,11,Pacers,Indiana,IND,65,100,65.0,19,36,52.8,8,10,80.0,12,36,41,10,6,14,24,44,2,0
401585817,2024,2024-04-14,2024-04-14 17:00:00,28,Raptors,Toronto,TOR,38,90,42.2,9,34,26.5,18,21,85.7,13,28,23,6,3,19,21,4,0,2
401585817,2024,2024-04-14,2024-04-14 17:00:00,14,Heat,Miami,MIA,46,87,52.9,9,36,25.0,17,19,89.5,13,33,29,13,7,19,16,30,0,1
401585818,2024,2024-04-14,2024-04-14 17:00:00,4,Bulls,Chicago,CHI,49,101,48.5,8,31,25.8,13,16,81.3,15,29,25,15,3,12,21,8,0,0
401585818,2024,2024-04-14,2024-04-14 17:00:00,18,Knicks,New York,NY,46,91,50.5,12,32,37.5,16,21,76.2,16,37,27,7,6,21,17,7,0,0
401585819,2024,2024-04-14,2024-04-14 17:00:00,15,Bucks,Milwaukee,MIL,30,75,40.0,7,27,25.9,21,23,91.3,7,27,16,10,4,17,18,11,0,0
401585819,2024,2024-04-14,2024-04-14 17:00:00,19,Magic,Orlando,ORL,42,85,49.4,11,35,31.4,18,19,94.7,7,36,27,11,5,11,18,30,3,1
401585820,2024,2024-04-14,2024-04-14 17:00:00,17,Nets,Brooklyn,BKN,32,83,38.6,9,34,26.5,13,17,76.5,4,38,19,8,6,12,14,3,1,0
401585820,2024,2024-04-14,2024-04-14 17:00:00,20,76ers,Philadelphia,PHI,41,96,42.7,14,44,31.8,11,15,73.3,13,44,30,8,6,12,16,28,2,0
401585821,2024,2024-04-14,2024-04-14 19:30:00,7,Nuggets,Denver,DEN,46,89,51.7,12,36,33.3,22,26,84.6,16,38,32,9,5,17,17,26,1,0
401585821,2024,2024-04-14,2024-04-14 19:30:00,29,Grizzlies,Memphis,MEM,45,100,45.0,8,33,24.2,13,18,72.2,16,27,22,9,2,13,18,1,0,1
401585822,2024,2024-04-14,2024-04-14 19:30:00,21,Suns,Phoenix,PHX,47,86,54.7,16,29,55.2,15,18,83.3,13,19,28,13,3,12,24,24,1,1
401585822,2024,2024-04-14,2024-04-14 19:30:00,16,Timberwolves,Minnesota,MIN,36,70,51.4,9,26,34.6,25,31,80.6,12,24,22,7,5,24,20,1,0,2
401585823,2024,2024-04-14,2024-04-14 19:30:00,13,Lakers,Los Angeles,LAL,48,87,55.2,11,29,37.9,17,18,94.4,7,32,32,12,3,14,13,32,1,0
401585823,2024,2024-04-14,2024-04-14 19:30:00,3,Pelicans,New Orleans,NO,41,86,47.7,15,37,40.5,11,14,78.6,10,29,26,8,1,19,17,0,0,0
401585824,2024,2024-04-14,2024-04-14 19:30:00,6,Mavericks,Dallas,DAL,32,97,33.0,8,39,20.5,14,17,82.4,12,29,19,8,2,14,15,0,1,0
401585824,2024,2024-04-14,2024-04-14 19:30:00,25,Thunder,Oklahoma City,OKC,54,97,55.7,14,34,41.2,13,16,81.3,11,47,38,6,6,14,17,58,1,0
401585825,2024,2024-04-14,2024-04-14 19:30:00,8,Pistons,Detroit,DET,36,92,39.1,8,33,24.2,15,20,75.0,11,29,17,7,3,14,9,3,0,0
401585825,2024,2024-04-14,2024-04-14 19:30:00,24,Spurs,San Antonio,SA,49,91,53.8,15,34,44.1,10,14,71.4,12,42,33,9,3,13,17,34,1,0
401585826,2024,2024-04-14,2024-04-14 19:30:00,26,Jazz,Utah,UTAH,46,89,51.7,14,34,41.2,10,16,62.5,14,34,22,6,5,19,20,5,1,0
401585826,2024,2024-04-14,2024-04-14 19:30:00,9,Warriors,Golden State,GS,45,94,47.9,14,43,32.6,19,23,82.6,12,30,35,10,6,9,14,12,0,0
401585827,2024,2024-04-14,2024-04-14 19:30:00,10,Rockets,Houston,HOU,50,103,48.5,11,38,28.9,5,14,35.7,17,42,31,7,8,18,13,14,0,0
401585827,2024,2024-04-14,2024-04-14 19:30:00,12,Clippers,LA,LAC,41,104,39.4,8,37,21.6,15,17,88.2,16,35,23,13,8,12,14,5,0,0
401585828,2024,2024-04-14,2024-04-14 19:30:00,22,Trail Blazers,Portland,POR,31,98,31.6,7,45,15.6,13,17,76.5,23,31,18,11,2,17,19,2,1,0
401585828,2024,2024-04-14,2024-04-14 19:30:00,23,Kings,Sacramento,SAC,43,87,49.4,13,34,38.2,22,27,81.5,13,38,29,11,6,14,19,44,0,0
401585799,2024,2024-04-12,2024-04-12 23:00:00,19,Magic,Orlando,ORL,43,95,45.3,8,27,29.6,19,25,76.0,10,35,25,7,7,11,21,4,0,1
401585799,2024,2024-04-12,2024-04-12 23:00:00,20,76ers,Philadelphia,PHI,42,88,47.7,18,37,48.6,23,28,82.1,8,36,22,6,6,11,20,17,2,0
401585800,2024,2024-04-12,2024-04-12 23:00:00,4,Bulls,Chicago,CHI,48,98,49.0,14,35,40.0,19,28,67.9,17,39,28,9,6,13,25,7,0,0
401585800,2024,2024-04-12,2024-04-12 23:00:00,27,Wizards,Washington,WSH,45,86,52.3,18,43,41.9,19,29,65.5,4,35,32,6,5,12,22,16,0,0
401585801,2024,2024-04-12,2024-04-12 23:30:00,30,Hornets,Charlotte,CHA,32,76,42.1,15,35,42.9,19,22,86.4,4,29,20,3,7,19,15,4,1,0
401585801,2024,2024-04-12,2024-04-12 23:30:00,2,Celtics,Boston,BOS,54,104,51.9,14,41,34.1,9,13,69.2,16,37,34,12,1,6,20,35,0,0
401585802,2024,2024-04-12,2024-04-12 23:30:00,11,Pacers,Indiana,IND,46,89,51.7,9,32,28.1,19,22,86.4,7,32,37,7,2,13,17,3,1,1
401585802,2024,2024-04-12,2024-04-12 23:30:00,5,Cavaliers,Cleveland,CLE,50,95,52.6,13,32,40.6,16,23,69.6,11,30,28,9,2,9,14,14,2,2
401585803,2024,2024-04-12,2024-04-12 23:30:00,17,Nets,Brooklyn,BKN,41,82,50.0,11,32,34.4,14,19,73.7,16,29,22,3,4,12,19,17,2,1
401585803,2024,2024-04-12,2024-04-12 23:30:00,18,Knicks,New York,NY,38,83,45.8,14,30,46.7,21,25,84.0,8,23,21,10,3,5,15,11,0,1
401585804,2024,2024-04-12,2024-04-13 00:00:00,28,Raptors,Toronto,TOR,37,77,48.1,10,31,32.3,19,22,86.4,7,34,23,1,1,17,21,0,0,0
401585804,2024,2024-04-12,2024-04-13 00:00:00,14,Heat,Miami,MIA,45,86,52.3,17,41,41.5,18,23,78.3,6,31,37,7,2,4,16,25,3,0
401585805,2024,2024-04-12,2024-04-13 00:00:00,13,Lakers,Los Angeles,LAL,42,81,51.9,13,37,35.1,26,34,76.5,10,29,25,5,6,19,17,13,0,0
401585805,2024,2024-04-12,2024-04-13 00:00:00,29,Grizzlies,Memphis,MEM,43,95,45.3,17,39,43.6,17,21,81.0,16,26,19,14,2,13,27,9,2,2
401585806,2024,2024-04-12,2024-04-13 00:00:00,1,Hawks,Atlanta,ATL,40,90,44.4,9,30,30.0,17,25,68.0,9,31,23,4,1,14,25,5,1,0
401585806,2024,2024-04-12,2024-04-13 00:00:00,16,Timberwolves,Minnesota,MIN,38,79,48.1,10,37,27.0,23,29,79.3,7,37,29,8,11,14,22,17,0,0
401585807,2024,2024-04-12,2024-04-13 00:00:00,15,Bucks,Milwaukee,MIL,42,85,49.4,11,30,36.7,12,13,92.3,8,34,27,7,3,17,15,3,2,1
401585807,2024,2024-04-12,2024-04-13 00:00:00,25,Thunder,Oklahoma City,OKC,47,89,52.8,13,38,34.2,18,20,90.0,8,30,29,13,5,10,12,29,0,1
401585808,2024,2024-04-12,2024-04-13 00:00:00,7,Nuggets,Denver,DEN,49,97,50.5,13,36,36.1,9,10,90.0,6,27,31,9,4,7,19,23,2,2
401585808,2024,2024-04-12,2024-04-13 00:00:00,24,Spurs,San Antonio,SA,45,85,52.9,15,33,45.5,16,23,69.6,11,38,31,2,4,18,13,3,0,3
401585809,2024,2024-04-12,2024-04-13 00:30:00,8,Pistons,Detroit,DET,46,95,48.4,8,31,25.8,7,9,77.8,6,34,23,11,7,6,10,18,1,0
401585809,2024,2024-04-12,2024-04-13 00:30:00,6,Mavericks,Dallas,DAL,36,83,43.4,8,29,27.6,9,12,75.0,9,40,20,5,5,20,9,2,0,1
401585810,2024,2024-04-12,2024-04-13 02:00:00,3,Pelicans,New Orleans,NO,42,90,46.7,20,38,52.6,10,16,62.5,5,33,24,11,5,8,13,16,1,0
401585810,2024,2024-04-12,2024-04-13 02:00:00,9,Warriors,Golden State,GS,40,86,46.5,13,34,38.2,16,21,76.2,11,42,27,6,5,16,15,11,0,0
401585811,2024,2024-04-12,2024-04-13 02:00:00,10,Rockets,Houston,HOU,44,92,47.8,11,39,28.2,17,20,85.0,10,38,25,3,5,8,20,20,1,1
401585811,2024,2024-04-12,2024-04-13 02:00:00,22,Trail Blazers,Portland,POR,37,95,38.9,12,35,34.3,21,29,72.4,16,32,20,4,5,7,14,8,0,1
401585812,2024,2024-04-12,2024-04-13 02:30:00,26,Jazz,Utah,UTAH,41,88,46.6,6,35,17.1,22,25,88.0,14,32,26,7,4,16,14,11,2,0
401585812,2024,2024-04-12,2024-04-13 02:30:00,12,Clippers,LA,LAC,43,96,44.8,10,39,25.6,13,19,68.4,20,24,23,9,7,13,17,13,0,2
401585813,2024,2024-04-12,2024-04-13 02:30:00,21,Suns,Phoenix,PHX,40,76,52.6,12,32,37.5,16,17,94.1,6,35,25,4,4,18,16,5,1,0
401585813,2024,2024-04-12,2024-04-13 02:30:00,23,Kings,Sacramento,SAC,40,91,44.0,14,38,36.8,13,14,92.9,9,26,26,12,1,7,19,16,0,0
401585794,2024,2024-04-11,2024-04-11 23:00:00,4,Bulls,Chicago,CHI,51,96,53.1,14,36,38.9,11,15,73.3,11,31,28,14,5,8,15,28,1,2
401585794,2024,2024-04-11,2024-04-11 23:00:00,8,Pistons,Detroit,DET,38,77,49.4,14,35,40.0,15,23,65.2,7,31,27,4,2,20,12,4,0,0
401585795,2024,2024-04-11,2024-04-11 23:30:00,18,Knicks,New York,NY,49,99,49.5,14,36,38.9,6,10,60.0,17,35,24,7,4,12,12,31,3,0
401585795,2024,2024-04-11,2024-04-11 23:30:00,2,Celtics,Boston,BOS,40,86,46.5,16,42,38.1,13,16,81.3,10,26,25,7,12,12,16,2,0,0
401585796,2024,2024-04-11,2024-04-12 01:00:00,10,Rockets,Houston,HOU,40,95,42.1,21,47,44.7,20,22,90.9,16,23,22,8,6,10,18,12,0,2
401585796,2024,2024-04-11,2024-04-12 01:00:00,26,Jazz,Utah,UTAH,44,87,50.6,14,39,35.9,22,27,81.5,15,34,27,8,7,14,20,7,2,0
401585797,2024,2024-04-11,2024-04-12 02:00:00,9,Warriors,Golden State,GS,36,77,46.8,12,35,34.3,16,20,80.0,10,36,24,8,13,16,18,10,0,0
401585797,2024,2024-04-11,2024-04-12 02:00:00,22,Trail Blazers,Portland,POR,35,97,36.1,8,34,23.5,14,17,82.4,20,29,22,9,3,12,18,7,1,0
401585798,2024,2024-04-11,2024-04-12 02:00:00,3,Pelicans,New Orleans,NO,49,86,57.0,22,40,55.0,15,18,83.3,5,35,35,7,2,13,16,23,0,0
401585798,2024,2024-04-11,2024-04-12 02:00:00,23,Kings,Sacramento,SAC,46,84,54.8,16,38,42.1,15,20,75.0,5,27,26,7,0,14,17,0,0,1
401585786,2024,2024-04-10,2024-04-10 23:00:00,29,Grizzlies,Memphis,MEM,33,84,39.3,14,32,43.8,18,19,94.7,10,34,21,10,10,13,21,9,3,1
401585786,2024,2024-04-10,2024-04-10 23:00:00,5,Cavaliers,Cleveland,CLE,37,82,45.1,15,37,40.5,21,29,72.4,12,35,27,11,10,13,15,20,3,2
401585787,2024,2024-04-10,2024-04-10 23:30:00,30,Hornets,Charlotte,CHA,40,79,50.6,14,36,38.9,21,22,95.5,5,28,25,11,2,13,18,6,1,0
401585787,2024,2024-04-10,2024-04-10 23:30:00,1,Hawks,Atlanta,ATL,43,82,52.4,18,40,45.0,10,16,62.5,7,31,35,7,2,16,20,18,2,0
401585788,2024,2024-04-10,2024-04-10 23:30:00,28,Raptors,Toronto,TOR,35,94,37.2,16,40,40.0,16,18,88.9,15,30,19,8,5,9,22,9,1,1
401585788,2024,2024-04-10,2024-04-10 23:30:00,17,Nets,Brooklyn,BKN,38,86,44.2,11,36,30.6,19,24,79.2,14,42,25,4,15,13,16,4,2,0
401585789,2024,2024-04-10,2024-04-10 23:30:00,6,Mavericks,Dallas,DAL,43,87,49.4,15,44,34.1,10,13,76.9,8,31,27,8,8,7,13,25,0,0
401585789,2024,2024-04-10,2024-04-10 23:30:00,14,Heat,Miami,MIA,33,81,40.7,13,30,43.3,13,13,100.0,12,34,22,3,1,15,16,4,3,0
401585790,2024,2024-04-10,2024-04-11 00:00:00,19,Magic,Orlando,ORL,36,78,46.2,11,30,36.7,16,23,69.6,5,29,19,6,1,15,15,5,1,2
401585790,2024,2024-04-10,2024-04-11 00:00:00,15,Bucks,Milwaukee,MIL,43,84,51.2,15,40,37.5,16,20,80.0,10,33,27,9,4,12,20,27,3,1
401585791,2024,2024-04-10,2024-04-11 00:00:00,24,Spurs,San Antonio,SA,32,96,33.3,9,40,22.5,16,20,80.0,4,43,24,8,4,15,14,0,0,0
401585791,2024,2024-04-10,2024-04-11 00:00:00,25,Thunder,Oklahoma City,OKC,47,101,46.5,16,38,42.1,17,21,81.0,7,55,33,12,6,12,16,42,0,0
401585792,2024,2024-04-10,2024-04-11 02:00:00,16,Timberwolves,Minnesota,MIN,41,82,50.0,13,30,43.3,12,21,57.1,9,26,23,9,5,9,21,7,1,0
401585792,2024,2024-04-10,2024-04-11 02:00:00,7,Nuggets,Denver,DEN,46,83,55.4,11,25,44.0,13,23,56.5,11,33,31,7,8,13,21,16,1,0
401585793,2024,2024-04-10,2024-04-11 02:30:00,21,Suns,Phoenix,PHX,46,95,48.4,18,50,36.0,14,15,93.3,9,39,29,8,6,13,13,16,0,0
401585793,2024,2024-04-10,2024-04-11 02:30:00,12,Clippers,LA,LAC,44,95,46.3,12,36,33.3,8,10,80.0,9,35,23,9,3,12,13,8,1,1
401585772,2024,2024-04-09,2024-04-09 23:00:00,6,Mavericks,Dallas,DAL,50,93,53.8,17,50,34.0,13,20,65.0,16,39,35,6,7,14,19,27,1,0
401585772,2024,2024-04-09,2024-04-09 23:00:00,30,Hornets,Charlotte,CHA,39,89,43.8,10,32,31.3,16,21,76.2,8,31,24,8,3,11,16,1,1,1
401585773,2024,2024-04-09,2024-04-09 23:00:00,8,Pistons,Detroit,DET,34,84,40.5,14,30,46.7,20,24,83.3,9,35,20,3,5,16,17,2,0,0
401585773,2024,2024-04-09,2024-04-09 23:00:00,20,76ers,Philadelphia,PHI,44,98,44.9,13,37,35.1,19,23,82.6,16,35,29,11,8,7,18,24,2,0
401585774,2024,2024-04-09,2024-04-09 23:00:00,11,Pacers,Indiana,IND,54,99,54.5,16,45,35.6,16,23,69.6,15,29,33,9,8,13,23,18,1,0
401585774,2024,2024-04-09,2024-04-09 23:00:00,28,Raptors,Toronto,TOR,47,94,50.0,5,21,23.8,24,33,72.7,16,24,21,8,6,15,20,12,0,1
401585775,2024,2024-04-09,2024-04-09 23:30:00,14,Heat,Miami,MIA,42,88,47.7,18,45,40.0,15,21,71.4,5,41,29,8,3,18,16,15,0,0
401585775,2024,2024-04-09,2024-04-09 23:30:00,1,Hawks,Atlanta,ATL,45,113,39.8,10,46,21.7,11,14,78.6,17,42,28,13,2,15,23,4,1,0
401585776,2024,2024-04-09,2024-04-09 23:30:00,2,Celtics,Boston,BOS,37,93,39.8,17,52,32.7,0,0,0.0,12,26,27,11,4,12,8,1,0,0
401585776,2024,2024-04-09,2024-04-09 23:30:00,15,Bucks,Milwaukee,MIL,43,81,53.1,17,36,47.2,1,2,50.0,10,39,29,6,5,16,4,24,2,0
401585777,2024,2024-04-09,2024-04-10 00:00:00,18,Knicks,New York,NY,46,83,55.4,17,36,47.2,19,20,95.0,6,25,31,6,4,10,15,17,1,0
401585777,2024,2024-04-09,2024-04-10 00:00:00,4,Bulls,Chicago,CHI,47,88,53.4,10,28,35.7,13,19,68.4,12,27,20,4,5,9,18,2,0,1
401585778,2024,2024-04-09,2024-04-10 00:00:00,19,Magic,Orlando,ORL,39,86,45.3,7,24,29.2,21,23,91.3,10,32,23,9,6,14,15,5,1,1
401585778,2024,2024-04-09,2024-04-10 00:00:00,10,Rockets,Houston,HOU,45,86,52.3,15,35,42.9,13,18,72.2,6,31,29,8,7,12,21,19,0,2
401585779,2024,2024-04-09,2024-04-10 00:00:00,24,Spurs,San Antonio,SA,42,87,48.3,10,40,25.0,8,8,100.0,10,41,30,5,11,16,12,20,1,0
401585779,2024,2024-04-09,2024-04-10 00:00:00,29,Grizzlies,Memphis,MEM,36,104,34.6,6,30,20.0,9,11,81.8,17,32,21,10,5,7,13,14,1,0
401585780,2024,2024-04-09,2024-04-10 00:00:00,27,Wizards,Washington,WSH,44,89,49.4,20,43,46.5,13,17,76.5,7,34,26,5,4,13,22,21,0,0
401585780,2024,2024-04-09,2024-04-10 00:00:00,16,Timberwolves,Minnesota,MIN,43,90,47.8,18,41,43.9,26,32,81.3,10,34,30,9,8,8,14,15,0,1
401585781,2024,2024-04-09,2024-04-10 00:00:00,23,Kings,Sacramento,SAC,33,96,34.4,20,58,34.5,19,26,73.1,21,35,23,8,4,17,22,20,0,1
401585781,2024,2024-04-09,2024-04-10 00:00:00,25,Thunder,Oklahoma City,OKC,39,80,48.8,11,30,36.7,23,31,74.2,6,36,21,11,8,13,18,7,1,2
401585782,2024,2024-04-09,2024-04-10 01:00:00,7,Nuggets,Denver,DEN,46,94,48.9,14,37,37.8,5,11,45.5,13,30,30,12,12,9,10,19,1,0
401585782,2024,2024-04-09,2024-04-10 01:00:00,26,Jazz,Utah,UTAH,36,91,39.6,10,31,32.3,13,13,100.0,11,33,19,5,2,14,9,0,1,0
401585783,2024,2024-04-09,2024-04-10 02:00:00,9,Warriors,Golden State,GS,47,80,58.8,26,41,63.4,14,21,66.7,4,38,37,3,12,15,17,18,0,0
401585783,2024,2024-04-09,2024-04-10 02:00:00,13,Lakers,Los Angeles,LAL,44,96,45.8,12,35,34.3,20,24,83.3,10,30,31,8,3,7,14,1,1,1
401585784,2024,2024-04-09,2024-04-10 02:00:00,12,Clippers,LA,LAC,41,87,47.1,12,26,46.2,11,11,100.0,10,53,28,5,3,18,22,37,3,2
401585784,2024,2024-04-09,2024-04-10 02:00:00,21,Suns,Phoenix,PHX,30,89,33.7,8,35,22.9,24,28,85.7,8,30,17,16,7,8,13,0,0,1
401585785,2024,2024-04-09,2024-04-10 02:00:00,3,Pelicans,New Orleans,NO,36,87,41.4,11,36,30.6,27,29,93.1,13,32,25,13,2,9,9,20,0,0
401585785,2024,2024-04-09,2024-04-10 02:00:00,22,Trail Blazers,Portland,POR,40,85,47.1,13,38,34.2,7,8,87.5,13,34,28,3,3,21,19,11,1,0
401585759,2024,2024-04-07,2024-04-07 19:30:00,10,Rockets,Houston,HOU,46,93,49.5,17,41,41.5,27,35,77.1,4,28,31,11,6,10,34,22,1,0
401585759,2024,2024-04-07,2024-04-07 19:30:00,6,Mavericks,Dallas,DAL,46,85,54.1,15,39,38.5,40,45,88.9,6,41,21,4,6,17,26,11,0,1
401585760,2024,2024-04-07,2024-04-07 19:30:00,5,Cavaliers,Cleveland,CLE,42,88,47.7,11,30,36.7,23,27,85.2,7,29,27,10,2,11,16,26,0,2
401585760,2024,2024-04-07,2024-04-07 19:30:00,12,Clippers,LA,LAC,41,84,48.8,14,35,40.0,24,24,100.0,11,37,26,5,2,15,22,3,1,1
401585761,2024,2024-04-07,2024-04-07 21:00:00,14,Heat,Miami,MIA,39,84,46.4,8,27,29.6,29,32,90.6,8,31,21,3,2,7,22,2,0,0
401585761,2024,2024-04-07,2024-04-07 21:00:00,11,Pacers,Indiana,IND,44,86,51.2,9,32,28.1,20,21,95.2,4,33,27,4,6,6,24,22,1,1
401585762,2024,2024-04-07,2024-04-07 22:00:00,22,Trail Blazers,Portland,POR,40,102,39.2,14,38,36.8,13,13,100.0,22,31,26,8,2,14,12,3,1,1
401585762,2024,2024-04-07,2024-04-07 22:00:00,2,Celtics,Boston,BOS,49,87,56.3,16,38,42.1,10,13,76.9,5,35,34,11,8,12,12,19,1,0
401585763,2024,2024-04-07,2024-04-07 22:00:00,25,Thunder,Oklahoma City,OKC,45,87,51.7,18,36,50.0,13,17,76.5,10,26,33,14,4,16,17,14,1,1
401585763,2024,2024-04-07,2024-04-07 22:00:00,30,Hornets,Charlotte,CHA,45,83,54.2,17,40,42.5,11,14,78.6,7,29,29,12,9,18,14,4,0,1
401585764,2024,2024-04-07,2024-04-07 22:00:00,4,Bulls,Chicago,CHI,38,75,50.7,6,20,30.0,16,22,72.7,8,29,20,7,5,21,17,0,0,0
401585764,2024,2024-04-07,2024-04-07 22:00:00,19,Magic,Orlando,ORL,42,90,46.7,11,34,32.4,18,19,94.7,10,30,24,12,4,10,17,21,0,1
401585765,2024,2024-04-07,2024-04-07 22:00:00,27,Wizards,Washington,WSH,42,89,47.2,16,40,40.0,22,30,73.3,8,35,29,9,11,15,25,1,0,1
401585765,2024,2024-04-07,2024-04-07 22:00:00,28,Raptors,Toronto,TOR,49,96,51.0,11,31,35.5,21,28,75.0,8,41,33,9,4,13,26,29,1,1
401585766,2024,2024-04-07,2024-04-07 22:00:00,3,Pelicans,New Orleans,NO,40,85,47.1,16,39,41.0,17,19,89.5,8,34,26,8,7,12,17,12,2,2
401585766,2024,2024-04-07,2024-04-07 22:00:00,21,Suns,Phoenix,PHX,39,87,44.8,14,39,35.9,13,14,92.9,9,29,30,7,8,15,17,13,1,1
401585767,2024,2024-04-07,2024-04-07 23:00:00,18,Knicks,New York,NY,45,92,48.9,14,29,48.3,18,22,81.8,13,28,25,9,6,5,22,16,2,0
401585767,2024,2024-04-07,2024-04-07 23:00:00,15,Bucks,Milwaukee,MIL,35,75,46.7,12,34,35.3,27,32,84.4,9,29,27,3,7,14,16,11,0,1
401585768,2024,2024-04-07,2024-04-07 23:00:00,20,76ers,Philadelphia,PHI,52,114,45.6,12,39,30.8,17,19,89.5,8,38,31,15,3,10,20,14,2,1
401585768,2024,2024-04-07,2024-04-07 23:00:00,24,Spurs,San Antonio,SA,44,98,44.9,16,44,36.4,22,26,84.6,14,45,31,5,11,25,17,13,0,1
401585769,2024,2024-04-07,2024-04-07 23:30:00,23,Kings,Sacramento,SAC,40,94,42.6,15,48,31.3,12,16,75.0,11,43,31,8,12,9,17,33,0,0
401585769,2024,2024-04-07,2024-04-07 23:30:00,17,Nets,Brooklyn,BKN,30,86,34.9,7,30,23.3,10,13,76.9,7,39,17,5,5,16,14,7,1,1
401585770,2024,2024-04-07,2024-04-08 00:30:00,26,Jazz,Utah,UTAH,39,83,47.0,15,35,42.9,17,21,81.0,6,23,21,4,6,11,9,6,0,0
401585770,2024,2024-04-07,2024-04-08 00:30:00,9,Warriors,Golden State,GS,49,92,53.3,14,35,40.0,6,6,100.0,11,36,32,9,8,13,19,23,3,1
401585771,2024,2024-04-07,2024-04-08 02:00:00,16,Timberwolves,Minnesota,MIN,50,97,51.5,15,39,38.5,12,14,85.7,13,33,29,12,3,14,20,20,2,0
401585771,2024,2024-04-07,2024-04-08 02:00:00,13,Lakers,Los Angeles,LAL,39,84,46.4,11,31,35.5,28,32,87.5,10,31,27,10,2,15,14,7,0,1
401585755,2024,2024-04-06,2024-04-06 19:30:00,5,Cavaliers,Cleveland,CLE,39,90,43.3,11,35,31.4,8,12,66.7,11,29,24,11,3,18,11,4,1,0
401585755,2024,2024-04-06,2024-04-06 19:30:00,13,Lakers,Los Angeles,LAL,45,80,56.3,16,37,43.2,10,16,62.5,6,34,30,11,11,17,12,19,3,0
401585756,2024,2024-04-06,2024-04-06 23:00:00,8,Pistons,Detroit,DET,42,92,45.7,17,39,43.6,2,4,50.0,5,23,25,9,2,7,24,19,3,1
401585756,2024,2024-04-06,2024-04-06 23:00:00,17,Nets,Brooklyn,BKN,38,73,52.1,11,27,40.7,26,33,78.8,11,37,20,3,7,18,11,10,0,0
401585757,2024,2024-04-06,2024-04-07 00:00:00,20,76ers,Philadelphia,PHI,41,79,51.9,16,39,41.0,18,23,78.3,9,32,27,12,9,19,22,27,0,0
401585757,2024,2024-04-06,2024-04-07 00:00:00,29,Grizzlies,Memphis,MEM,36,87,41.4,9,26,34.6,15,21,71.4,15,29,21,9,2,18,18,0,1,0
401585758,2024,2024-04-06,2024-04-07 01:00:00,1,Hawks,Atlanta,ATL,37,87,42.5,12,37,32.4,24,29,82.8,11,27,30,8,2,16,18,3,0,0
401585758,2024,2024-04-06,2024-04-07 01:00:00,7,Nuggets,Denver,DEN,53,88,60.2,23,41,56.1,13,16,81.3,6,41,38,9,7,15,21,32,2,1
401585743,2024,2024-04-05,2024-04-05 23:00:00,19,Magic,Orlando,ORL,42,94,44.7,9,38,23.7,22,26,84.6,15,22,24,9,3,10,19,0,0,0
401585743,2024,2024-04-05,2024-04-05 23:00:00,30,Hornets,Charlotte,CHA,43,72,59.7,15,30,50.0,23,23,100.0,4,32,29,6,4,18,22,19,2,1
401585744,2024,2024-04-05,2024-04-05 23:00:00,25,Thunder,Oklahoma City,OKC,42,86,48.8,8,30,26.7,20,24,83.3,9,30,24,8,6,15,17,10,0,0
401585744,2024,2024-04-05,2024-04-05 23:00:00,11,Pacers,Indiana,IND,46,88,52.3,15,35,42.9,19,21,90.5,8,31,30,8,5,13,23,18,1,0
401585745,2024,2024-04-05,2024-04-05 23:00:00,22,Trail Blazers,Portland,POR,41,94,43.6,9,29,31.0,17,24,70.8,16,39,29,7,5,12,23,12,1,0
401585745,2024,2024-04-05,2024-04-05 23:00:00,27,Wizards,Washington,WSH,38,88,43.2,5,33,15.2,21,30,70.0,12,33,24,9,5,9,21,6,1,0
401585746,2024,2024-04-05,2024-04-05 23:30:00,23,Kings,Sacramento,SAC,38,99,38.4,17,51,33.3,7,13,53.8,15,39,21,4,3,7,15,5,0,0
401585746,2024,2024-04-05,2024-04-05 23:30:00,2,Celtics,Boston,BOS,38,89,42.7,12,44,27.3,13,18,72.2,12,39,25,6,4,7,11,19,1,0
401585747,2024,2024-04-05,2024-04-06 00:00:00,18,Knicks,New York,NY,36,83,43.4,10,29,34.5,18,24,75.0,9,29,22,9,2,17,15,0,1,0
401585747,2024,2024-04-05,2024-04-06 00:00:00,4,Bulls,Chicago,CHI,44,93,47.3,7,23,30.4,13,16,81.3,19,38,27,11,5,16,19,20,1,1
401585748,2024,2024-04-05,2024-04-06 00:00:00,14,Heat,Miami,MIA,44,89,49.4,13,36,36.1,18,21,85.7,8,40,27,8,4,9,18,18,0,0
401585748,2024,2024-04-05,2024-04-06 00:00:00,10,Rockets,Houston,HOU,34,90,37.8,14,44,31.8,22,25,88.0,12,33,25,7,2,9,13,7,0,4
401585749,2024,2024-04-05,2024-04-06 00:00:00,8,Pistons,Detroit,DET,32,79,40.5,8,30,26.7,18,24,75.0,10,28,22,13,4,17,14,6,1,0
401585749,2024,2024-04-05,2024-04-06 00:00:00,29,Grizzlies,Memphis,MEM,42,90,46.7,10,31,32.3,14,16,87.5,15,34,24,13,7,20,14,27,1,0
401585750,2024,2024-04-05,2024-04-06 00:00:00,28,Raptors,Toronto,TOR,36,79,45.6,14,36,38.9,31,36,86.1,9,38,24,9,3,16,18,14,1,0
401585750,2024,2024-04-05,2024-04-06 00:00:00,15,Bucks,Milwaukee,MIL,41,94,43.6,12,42,28.6,17,21,81.0,12,33,21,8,6,13,24,10,0,1
401585751,2024,2024-04-05,2024-04-06 00:00:00,24,Spurs,San Antonio,SA,42,83,50.6,17,46,37.0,10,13,76.9,6,28,34,9,8,16,13,6,1,0
401585751,2024,2024-04-05,2024-04-06 00:00:00,3,Pelicans,New Orleans,NO,44,86,51.2,9,29,31.0,12,12,100.0,11,30,28,11,2,17,17,15,0,0
401585725,2024,2024-04-05,2024-04-06 00:30:00,9,Warriors,Golden State,GS,41,93,44.1,12,35,34.3,12,18,66.7,11,33,27,12,5,15,19,4,0,1
401585725,2024,2024-04-05,2024-04-06 00:30:00,6,Mavericks,Dallas,DAL,40,84,47.6,12,34,35.3,16,21,76.2,8,33,30,9,9,17,17,16,1,0
401585753,2024,2024-04-05,2024-04-06 02:00:00,16,Timberwolves,Minnesota,MIN,33,85,38.8,10,29,34.5,11,14,78.6,8,36,23,9,6,18,20,0,1,0
401585753,2024,2024-04-05,2024-04-06 02:00:00,21,Suns,Phoenix,PHX,33,76,43.4,9,26,34.6,22,29,75.9,7,42,29,12,3,18,19,23,0,0
401585754,2024,2024-04-05,2024-04-06 02:30:00,26,Jazz,Utah,UTAH,35,91,38.5,9,30,30.0,23,29,79.3,14,29,20,11,4,15,16,0,0,0
401585754,2024,2024-04-05,2024-04-06 02:30:00,12,Clippers,LA,LAC,51,91,56.0,13,35,37.1,16,18,88.9,8,43,32,9,4,14,22,38,1,1
401585739,2024,2024-04-04,2024-04-04 23:30:00,20,76ers,Philadelphia,PHI,43,92,46.7,14,40,35.0,9,11,81.8,8,33,28,11,7,11,15,16,0,0
401585739,2024,2024-04-04,2024-04-04 23:30:00,14,Heat,Miami,MIA,39,94,41.5,13,43,30.2,14,16,87.5,16,35,24,8,4,15,10,8,2,0
401585740,2024,2024-04-04,2024-04-04 23:30:00,23,Kings,Sacramento,SAC,42,86,48.8,18,42,42.9,7,12,58.3,9,26,26,6,3,16,23,21,0,0
401585740,2024,2024-04-04,2024-04-04 23:30:00,18,Knicks,New York,NY,44,80,55.0,12,28,42.9,20,29,69.0,9,30,34,9,2,11,20,16,2,0
401585752,2024,2024-04-04,2024-04-04 23:30:00,1,Hawks,Atlanta,ATL,34,85,40.0,13,38,34.2,14,21,66.7,11,45,21,7,2,21,22,8,0,1
401585752,2024,2024-04-04,2024-04-04 23:30:00,6,Mavericks,Dallas,DAL,38,94,40.4,18,49,36.7,15,17,88.2,11,42,20,7,7,14,17,17,0,0
401585741,2024,2024-04-04,2024-04-05 00:00:00,9,Warriors,Golden State,GS,47,80,58.8,17,35,48.6,22,25,88.0,12,31,29,6,2,18,23,23,3,0
401585741,2024,2024-04-04,2024-04-05 00:00:00,10,Rockets,Houston,HOU,36,86,41.9,12,40,30.0,26,30,86.7,12,17,23,11,1,12,19,0,0,0
401585742,2024,2024-04-04,2024-04-05 02:00:00,7,Nuggets,Denver,DEN,36,83,43.4,11,35,31.4,17,25,68.0,6,45,27,3,4,13,19,17,1,3
401585742,2024,2024-04-04,2024-04-05 02:00:00,12,Clippers,LA,LAC,34,90,37.8,7,33,21.2,27,32,84.4,7,41,22,10,2,6,20,13,1,1
401585730,2024,2024-04-03,2024-04-03 23:00:00,22,Trail Blazers,Portland,POR,37,93,39.8,7,26,26.9,8,12,66.7,14,41,19,4,2,15,19,11,1,0
401585730,2024,2024-04-03,2024-04-03 23:00:00,30,Hornets,Charlotte,CHA,32,78,41.0,5,31,16.1,17,22,77.3,2,34,22,10,8,9,15,4,2,0
401585731,2024,2024-04-03,2024-04-03 23:00:00,13,Lakers,Los Angeles,LAL,46,91,50.5,8,28,28.6,25,29,86.2,11,38,21,10,4,16,10,17,1,0
401585731,2024,2024-04-03,2024-04-03 23:00:00,27,Wizards,Washington,WSH,45,91,49.5,18,42,42.9,12,13,92.3,6,33,26,11,4,18,22,11,0,1
401585732,2024,2024-04-03,2024-04-03 23:30:00,8,Pistons,Detroit,DET,43,94,45.7,10,30,33.3,17,21,81.0,8,29,24,14,3,10,13,1,0,0
401585732,2024,2024-04-03,2024-04-03 23:30:00,1,Hawks,Atlanta,ATL,49,90,54.4,13,38,34.2,10,15,66.7,6,42,36,9,8,16,13,22,0,0
401585733,2024,2024-04-03,2024-04-03 23:30:00,25,Thunder,Oklahoma City,OKC,35,81,43.2,5,24,20.8,25,28,89.3,5,26,21,8,5,13,11,2,1,0
401585733,2024,2024-04-03,2024-04-03 23:30:00,2,Celtics,Boston,BOS,50,92,54.3,17,40,42.5,18,19,94.7,11,35,33,7,10,10,18,35,1,0
401585734,2024,2024-04-03,2024-04-03 23:30:00,11,Pacers,Indiana,IND,46,103,44.7,10,38,26.3,9,11,81.8,19,26,27,8,9,9,21,14,0,1
401585734,2024,2024-04-03,2024-04-03 23:30:00,17,Nets,Brooklyn,BKN,42,87,48.3,12,32,37.5,19,27,70.4,15,35,22,4,8,13,16,13,0,2
401585735,2024,2024-04-03,2024-04-04 00:00:00,29,Grizzlies,Memphis,MEM,46,91,50.5,7,23,30.4,12,17,70.6,13,41,25,5,8,8,12,10,1,1
401585735,2024,2024-04-03,2024-04-04 00:00:00,15,Bucks,Milwaukee,MIL,38,95,40.0,18,44,40.9,7,12,58.3,13,31,26,5,10,11,14,10,0,0
401585736,2024,2024-04-03,2024-04-04 00:00:00,28,Raptors,Toronto,TOR,33,90,36.7,7,30,23.3,12,14,85.7,10,38,19,4,6,20,15,5,1,0
401585736,2024,2024-04-03,2024-04-04 00:00:00,16,Timberwolves,Minnesota,MIN,49,96,51.0,20,43,46.5,15,22,68.2,9,41,37,13,9,9,12,48,0,2
401585737,2024,2024-04-03,2024-04-04 00:00:00,19,Magic,Orlando,ORL,41,80,51.2,13,32,40.6,22,30,73.3,7,32,27,9,2,13,20,20,0,3
401585737,2024,2024-04-03,2024-04-04 00:00:00,3,Pelicans,New Orleans,NO,36,76,47.4,12,29,41.4,24,28,85.7,7,28,21,9,1,14,26,7,0,5
401585738,2024,2024-04-03,2024-04-04 02:00:00,5,Cavaliers,Cleveland,CLE,39,83,47.0,7,26,26.9,16,19,84.2,7,30,28,9,4,15,14,5,0,0
401585738,2024,2024-04-03,2024-04-04 02:00:00,21,Suns,Phoenix,PHX,44,87,50.6,18,33,54.5,16,17,94.1,8,35,32,11,2,15,17,28,1,0
401585722,2024,2024-04-02,2024-04-02 23:00:00,13,Lakers,Los Angeles,LAL,52,101,51.5,18,41,43.9,6,12,50.0,13,34,38,6,8,14,17,33,1,0
401585722,2024,2024-04-02,2024-04-02 23:00:00,28,Raptors,Toronto,TOR,43,89,48.3,10,32,31.3,15,21,71.4,5,35,25,11,6,17,19,8,0,0
401585723,2024,2024-04-02,2024-04-02 23:00:00,15,Bucks,Milwaukee,MIL,45,103,43.7,11,48,22.9,12,18,66.7,18,39,31,8,6,12,17,4,0,0
401585723,2024,2024-04-02,2024-04-02 23:00:00,27,Wizards,Washington,WSH,47,93,50.5,9,38,23.7,14,17,82.4,5,39,26,9,2,10,20,15,1,1
401585721,2024,2024-04-02,2024-04-02 23:30:00,25,Thunder,Oklahoma City,OKC,37,87,42.5,13,39,33.3,18,22,81.8,12,31,30,10,9,14,18,13,1,0
401585721,2024,2024-04-02,2024-04-02 23:30:00,20,76ers,Philadelphia,PHI,36,78,46.2,14,30,46.7,23,25,92.0,9,33,27,8,4,16,20,4,2,0
401585724,2024,2024-04-02,2024-04-02 23:30:00,18,Knicks,New York,NY,35,76,46.1,12,34,35.3,17,21,81.0,7,23,25,11,2,14,17,1,0,0
401585724,2024,2024-04-02,2024-04-02 23:30:00,14,Heat,Miami,MIA,36,74,48.6,17,38,44.7,20,21,95.2,7,32,24,5,4,17,17,16,1,0
401585726,2024,2024-04-02,2024-04-03 00:00:00,10,Rockets,Houston,HOU,41,92,44.6,14,48,29.2,10,14,71.4,12,25,23,10,0,14,23,11,1,0
401585726,2024,2024-04-02,2024-04-03 00:00:00,16,Timberwolves,Minnesota,MIN,41,77,53.2,11,26,42.3,20,22,90.9,6,33,29,12,5,17,17,15,1,0
401585727,2024,2024-04-02,2024-04-03 01:00:00,24,Spurs,San Antonio,SA,42,105,40.0,13,44,29.5,8,16,50.0,15,44,33,4,12,7,19,9,1,0
401585727,2024,2024-04-02,2024-04-03 01:00:00,7,Nuggets,Denver,DEN,43,98,43.9,11,34,32.4,13,16,81.3,11,41,28,5,10,8,15,11,0,0
401585728,2024,2024-04-02,2024-04-03 01:00:00,5,Cavaliers,Cleveland,CLE,46,85,54.1,16,39,41.0,21,24,87.5,9,32,38,10,6,13,14,24,2,2
401585728,2024,2024-04-02,2024-04-03 01:00:00,26,Jazz,Utah,UTAH,41,85,48.2,16,37,43.2,15,18,83.3,7,26,26,7,3,19,22,0,1,0
401585729,2024,2024-04-02,2024-04-03 02:00:00,12,Clippers,LA,LAC,31,76,40.8,11,27,40.7,22,27,81.5,9,29,18,6,1,15,21,6,1,0
401585729,2024,2024-04-02,2024-04-03 02:00:00,23,Kings,Sacramento,SAC,39,92,42.4,12,42,28.6,19,25,76.0,20,36,29,10,6,10,18,26,0,0
401636114,2024,2024-04-02,2024-04-03 02:00:00,6,Mavericks,Dallas,DAL,39,89,43.8,15,40,37.5,7,11,63.6,8,34,27,8,7,15,14,9,0,0
401636114,2024,2024-04-02,2024-04-03 02:00:00,9,Warriors,Golden State,GS,41,90,45.6,15,32,46.9,7,7,100.0,11,41,29,9,4,17,18,13,0,0
401585715,2024,2024-04-01,2024-04-01 23:00:00,2,Celtics,Boston,BOS,43,89,48.3,19,53,35.8,13,16,81.3,11,40,28,3,3,10,15,19,1,0
401585715,2024,2024-04-01,2024-04-01 23:00:00,30,Hornets,Charlotte,CHA,41,91,45.1,13,37,35.1,9,11,81.8,8,32,28,3,2,6,15,8,1,1
401585716,2024,2024-04-01,2024-04-01 23:00:00,29,Grizzlies,Memphis,MEM,40,91,44.0,11,33,33.3,19,23,82.6,15,29,28,11,9,12,18,8,1,0
401585716,2024,2024-04-01,2024-04-01 23:00:00,8,Pistons,Detroit,DET,40,79,50.6,11,28,39.3,17,22,77.3,9,32,22,7,9,14,16,15,0,0
401585717,2024,2024-04-01,2024-04-01 23:00:00,17,Nets,Brooklyn,BKN,41,87,47.1,10,26,38.5,19,28,67.9,12,31,20,3,4,15,19,4,0,2
401585717,2024,2024-04-01,2024-04-01 23:00:00,11,Pacers,Indiana,IND,53,103,51.5,13,31,41.9,14,17,82.4,14,33,35,6,9,9,21,36,1,0
401585718,2024,2024-04-01,2024-04-01 23:00:00,22,Trail Blazers,Portland,POR,40,90,44.4,11,31,35.5,12,15,80.0,11,33,28,9,3,9,21,4,2,0
401585718,2024,2024-04-01,2024-04-01 23:00:00,19,Magic,Orlando,ORL,36,76,47.4,11,32,34.4,21,27,77.8,9,34,26,4,6,15,17,15,1,0
401585719,2024,2024-04-01,2024-04-02 00:00:00,1,Hawks,Atlanta,ATL,41,82,50.0,19,40,47.5,12,18,66.7,8,37,29,4,5,14,21,17,1,0
401585719,2024,2024-04-01,2024-04-02 00:00:00,4,Bulls,Chicago,CHI,37,94,39.4,7,28,25.0,20,24,83.3,16,35,17,8,2,8,17,11,0,0
401585720,2024,2024-04-01,2024-04-02 00:00:00,21,Suns,Phoenix,PHX,43,87,49.4,18,47,38.3,20,25,80.0,16,33,29,7,6,12,21,27,2,1
401585720,2024,2024-04-01,2024-04-02 00:00:00,3,Pelicans,New Orleans,NO,42,89,47.2,11,27,40.7,16,24,66.7,12,25,29,10,1,9,17,2,0,0
401585705,2024,2024-03-31,2024-03-31 19:30:00,5,Cavaliers,Cleveland,CLE,38,82,46.3,8,25,32.0,17,21,81.0,6,22,26,10,4,15,12,6,0,0
401585705,2024,2024-03-31,2024-03-31 19:30:00,7,Nuggets,Denver,DEN,50,87,57.5,21,33,63.6,9,13,69.2,11,40,36,7,4,16,19,29,1,2
401585706,2024,2024-03-31,2024-03-31 22:00:00,13,Lakers,Los Angeles,LAL,42,77,54.5,15,40,37.5,17,22,77.3,6,44,24,8,6,19,15,26,1,0
401585706,2024,2024-03-31,2024-03-31 22:00:00,17,Nets,Brooklyn,BKN,39,92,42.4,12,36,33.3,14,19,73.7,9,29,19,12,3,12,17,0,1,0
401585707,2024,2024-03-31,2024-03-31 22:00:00,12,Clippers,LA,LAC,43,75,57.3,14,29,48.3,30,34,88.2,7,34,28,4,5,8,16,19,2,0
401585707,2024,2024-03-31,2024-03-31 22:00:00,30,Hornets,Charlotte,CHA,44,88,50.0,23,52,44.2,7,11,63.6,5,26,32,3,2,9,25,3,0,0
401585708,2024,2024-03-31,2024-03-31 22:00:00,20,76ers,Philadelphia,PHI,49,83,59.0,24,43,55.8,13,16,81.3,9,30,28,6,10,15,17,18,1,0
401585708,2024,2024-03-31,2024-03-31 22:00:00,28,Raptors,Toronto,TOR,47,90,52.2,11,30,36.7,15,20,75.0,7,23,31,10,2,12,14,0,0,0
401585709,2024,2024-03-31,2024-03-31 22:00:00,14,Heat,Miami,MIA,40,81,49.4,14,36,38.9,25,29,86.2,6,36,22,11,8,13,19,18,1,0
401585709,2024,2024-03-31,2024-03-31 22:00:00,27,Wizards,Washington,WSH,40,88,45.5,11,38,28.9,16,21,76.2,7,35,27,6,1,15,22,8,1,0
401585710,2024,2024-03-31,2024-03-31 23:00:00,25,Thunder,Oklahoma City,OKC,44,82,53.7,13,34,38.2,12,24,50.0,9,34,29,6,8,12,23,8,1,0
401585710,2024,2024-03-31,2024-03-31 23:00:00,18,Knicks,New York,NY,38,92,41.3,13,43,30.2,23,34,67.6,15,31,24,8,3,10,19,12,1,0
401585711,2024,2024-03-31,2024-03-31 23:00:00,6,Mavericks,Dallas,DAL,48,93,51.6,24,47,51.1,5,9,55.6,10,37,24,7,8,13,17,29,1,1
401585711,2024,2024-03-31,2024-03-31 23:00:00,10,Rockets,Houston,HOU,39,92,42.4,13,38,34.2,16,19,84.2,12,31,22,9,3,10,14,5,2,2
401585712,2024,2024-03-31,2024-03-31 23:00:00,4,Bulls,Chicago,CHI,42,80,52.5,17,29,58.6,8,12,66.7,8,35,30,11,3,16,18,16,0,0
401585712,2024,2024-03-31,2024-03-31 23:00:00,16,Timberwolves,Minnesota,MIN,38,81,46.9,11,37,29.7,14,21,66.7,8,29,28,12,5,13,10,3,1,0
401585713,2024,2024-03-31,2024-03-31 23:00:00,9,Warriors,Golden State,GS,45,92,48.9,16,39,41.0,11,13,84.6,12,29,34,15,3,15,14,13,1,2
401585713,2024,2024-03-31,2024-03-31 23:00:00,24,Spurs,San Antonio,SA,40,89,44.9,17,43,39.5,16,18,88.9,16,29,31,7,5,19,12,13,0,1
401585714,2024,2024-03-31,2024-04-01 01:00:00,26,Jazz,Utah,UTAH,34,83,41.0,16,41,39.0,22,28,78.6,11,22,22,6,4,12,18,2,0,1
401585714,2024,2024-03-31,2024-04-01 01:00:00,23,Kings,Sacramento,SAC,45,84,53.6,20,40,50.0,17,23,73.9,13,31,34,8,6,15,23,25,0,0
401585702,2024,2024-03-30,2024-03-30 21:00:00,2,Celtics,Boston,BOS,39,82,47.6,15,37,40.5,11,12,91.7,8,43,27,7,7,12,13,22,1,2
401585702,2024,2024-03-30,2024-03-30 21:00:00,3,Pelicans,New Orleans,NO,34,86,39.5,13,35,37.1,11,18,61.1,10,31,22,9,3,9,12,11,0,0
401585703,2024,2024-03-30,2024-03-30 23:00:00,29,Grizzlies,Memphis,MEM,31,86,36.0,12,36,33.3,14,17,82.4,13,32,25,11,7,19,19,2,0,0
401585703,2024,2024-03-30,2024-03-30 23:00:00,19,Magic,Orlando,ORL,38,78,48.7,22,44,50.0,20,23,87.0,5,38,28,8,8,15,16,43,2,0
401585704,2024,2024-03-30,2024-03-30 23:30:00,15,Bucks,Milwaukee,MIL,43,78,55.1,8,28,28.6,28,35,80.0,6,34,27,7,5,10,18,21,2,2
401585704,2024,2024-03-30,2024-03-30 23:30:00,1,Hawks,Atlanta,ATL,42,92,45.7,14,35,40.0,15,18,83.3,9,30,24,5,3,11,26,8,0,1
401585690,2024,2024-03-29,2024-03-29 23:00:00,9,Warriors,Golden State,GS,48,89,53.9,11,32,34.4,8,9,88.9,11,39,35,7,5,12,19,23,1,0
401585690,2024,2024-03-29,2024-03-29 23:00:00,30,Hornets,Charlotte,CHA,34,84,40.5,12,46,26.1,17,24,70.8,12,29,23,4,2,11,10,3,0,1
401585691,2024,2024-03-29,2024-03-29 23:00:00,13,Lakers,Los Angeles,LAL,35,86,40.7,5,30,16.7,15,18,83.3,10,38,24,3,3,16,14,5,0,0
401585691,2024,2024-03-29,2024-03-29 23:00:00,11,Pacers,Indiana,IND,43,89,48.3,10,31,32.3,13,14,92.9,6,40,27,8,6,8,14,21,2,0
401585692,2024,2024-03-29,2024-03-29 23:00:00,12,Clippers,LA,LAC,41,85,48.2,8,24,33.3,10,12,83.3,12,29,19,11,4,16,17,11,1,0
401585692,2024,2024-03-29,2024-03-29 23:00:00,19,Magic,Orlando,ORL,38,86,44.2,10,29,34.5,11,15,73.3,13,25,20,10,8,14,11,5,3,2
401585693,2024,2024-03-29,2024-03-29 23:00:00,8,Pistons,Detroit,DET,37,89,41.6,6,24,25.0,16,20,80.0,8,39,19,9,5,13,18,19,0,0
401585693,2024,2024-03-29,2024-03-29 23:00:00,27,Wizards,Washington,WSH,36,88,40.9,9,33,27.3,6,8,75.0,9,38,22,2,4,18,18,1,1,1
401585694,2024,2024-03-29,2024-03-29 23:30:00,4,Bulls,Chicago,CHI,38,75,50.7,9,30,30.0,23,29,79.3,5,39,24,3,6,12,18,8,1,0
401585694,2024,2024-03-29,2024-03-29 23:30:00,17,Nets,Brooklyn,BKN,43,91,47.3,25,44,56.8,14,22,63.6,12,31,26,9,3,6,22,17,1,1
401585695,2024,2024-03-29,2024-03-29 23:30:00,20,76ers,Philadelphia,PHI,42,94,44.7,16,40,40.0,14,17,82.4,16,26,28,6,7,9,20,4,0,1
401585695,2024,2024-03-29,2024-03-29 23:30:00,5,Cavaliers,Cleveland,CLE,45,82,54.9,16,37,43.2,11,13,84.6,5,32,34,4,3,13,17,8,1,1
401585696,2024,2024-03-29,2024-03-30 00:00:00,22,Trail Blazers,Portland,POR,35,87,40.2,5,30,16.7,7,11,63.6,10,33,20,4,2,23,19,5,1,1
401585696,2024,2024-03-29,2024-03-30 00:00:00,14,Heat,Miami,MIA,54,92,58.7,21,39,53.8,13,18,72.2,6,38,41,17,4,8,13,60,1,0
401585697,2024,2024-03-29,2024-03-30 00:00:00,21,Suns,Phoenix,PHX,39,87,44.8,13,41,31.7,12,15,80.0,13,26,26,6,6,14,15,6,0,0
401585697,2024,2024-03-29,2024-03-30 00:00:00,25,Thunder,Oklahoma City,OKC,49,87,56.3,16,30,53.3,14,14,100.0,7,31,33,7,7,10,13,29,1,1
401585698,2024,2024-03-29,2024-03-30 00:00:00,18,Knicks,New York,NY,51,110,46.4,14,37,37.8,10,12,83.3,18,32,24,10,1,11,24,2,1,0
401585698,2024,2024-03-29,2024-03-30 00:00:00,24,Spurs,San Antonio,SA,44,82,53.7,16,40,40.0,26,32,81.3,8,38,34,3,2,15,16,21,0,0
401585699,2024,2024-03-29,2024-03-30 01:00:00,16,Timberwolves,Minnesota,MIN,38,74,51.4,9,28,32.1,26,37,70.3,6,33,28,6,7,7,20,26,2,1
401585699,2024,2024-03-29,2024-03-30 01:00:00,7,Nuggets,Denver,DEN,35,88,39.8,8,28,28.6,20,27,74.1,13,33,29,6,1,12,24,2,1,1
401585700,2024,2024-03-29,2024-03-30 01:30:00,10,Rockets,Houston,HOU,35,91,38.5,13,42,31.0,18,28,64.3,15,30,19,10,6,10,18,9,0,2
401585700,2024,2024-03-29,2024-03-30 01:30:00,26,Jazz,Utah,UTAH,37,80,46.3,8,31,25.8,18,19,94.7,11,40,23,4,9,20,23,13,1,1
401585701,2024,2024-03-29,2024-03-30 02:00:00,6,Mavericks,Dallas,DAL,35,74,47.3,15,35,42.9,22,33,66.7,6,36,24,4,6,10,12,4,0,0
401585701,2024,2024-03-29,2024-03-30 02:00:00,23,Kings,Sacramento,SAC,40,92,43.5,15,32,46.9,8,12,66.7,10,35,24,9,1,10,22,15,1,0
401585688,2024,2024-03-28,2024-03-28 23:30:00,2,Celtics,Boston,BOS,45,94,47.9,14,36,38.9,18,21,85.7,9,34,28,7,6,12,15,8,0,0
401585688,2024,2024-03-28,2024-03-28 23:30:00,1,Hawks,Atlanta,ATL,51,104,49.0,15,44,34.1,6,10,60.0,17,36,24,5,5,11,17,4,0,5
401585689,2024,2024-03-28,2024-03-29 00:00:00,15,Bucks,Milwaukee,MIL,38,82,46.3,14,39,35.9,10,19,52.6,5,41,21,1,4,14,25,5,0,1
401585689,2024,2024-03-28,2024-03-29 00:00:00,3,Pelicans,New Orleans,NO,36,91,39.6,8,32,25.0,27,34,79.4,11,37,22,11,5,6,19,18,1,1
401585676,2024,2024-03-27,2024-03-27 23:00:00,5,Cavaliers,Cleveland,CLE,42,85,49.4,19,44,43.2,8,14,57.1,9,23,33,7,1,13,21,14,2,0
401585676,2024,2024-03-27,2024-03-27 23:00:00,30,Hornets,Charlotte,CHA,44,76,57.9,13,33,39.4,17,22,77.3,8,30,30,8,2,15,14,7,1,1
401585677,2024,2024-03-27,2024-03-27 23:00:00,9,Warriors,Golden State,GS,40,90,44.4,10,34,29.4,11,13,84.6,12,40,26,5,5,12,18,17,1,2
401585677,2024,2024-03-27,2024-03-27 23:00:00,19,Magic,Orlando,ORL,36,85,42.4,10,32,31.3,11,21,52.4,10,29,25,10,5,10,13,2,1,0
401585678,2024,2024-03-27,2024-03-27 23:00:00,17,Nets,Brooklyn,BKN,47,98,48.0,10,33,30.3,18,23,78.3,10,35,24,8,9,8,16,10,0,0
401585678,2024,2024-03-27,2024-03-27 23:00:00,27,Wizards,Washington,WSH,46,91,50.5,14,34,41.2,13,17,76.5,5,39,26,4,4,13,21,7,1,2
401585679,2024,2024-03-27,2024-03-27 23:30:00,22,Trail Blazers,Portland,POR,43,85,50.6,14,31,45.2,6,10,60.0,6,27,35,8,2,18,18,4,1,2
401585679,2024,2024-03-27,2024-03-27 23:30:00,1,Hawks,Atlanta,ATL,44,85,51.8,16,41,39.0,16,20,80.0,8,33,23,12,9,16,17,19,1,0
401585680,2024,2024-03-27,2024-03-27 23:30:00,12,Clippers,LA,LAC,40,90,44.4,14,36,38.9,14,20,70.0,11,32,28,8,5,6,16,1,2,0
401585680,2024,2024-03-27,2024-03-27 23:30:00,20,76ers,Philadelphia,PHI,39,82,47.6,13,33,39.4,16,19,84.2,10,41,17,3,11,12,18,15,0,0
401585681,2024,2024-03-27,2024-03-27 23:30:00,18,Knicks,New York,NY,55,94,58.5,22,44,50.0,13,16,81.3,15,27,37,7,8,11,17,44,0,0
401585681,2024,2024-03-27,2024-03-27 23:30:00,28,Raptors,Toronto,TOR,39,84,46.4,11,31,35.5,12,13,92.3,11,17,31,7,4,18,17,0,0,0
401585682,2024,2024-03-27,2024-03-28 00:00:00,11,Pacers,Indiana,IND,34,85,40.0,13,42,31.0,18,23,78.3,12,28,25,3,4,13,23,4,0,0
401585682,2024,2024-03-27,2024-03-28 00:00:00,4,Bulls,Chicago,CHI,49,98,50.0,12,27,44.4,15,18,83.3,13,41,28,7,5,7,19,29,1,3
401585683,2024,2024-03-27,2024-03-28 00:00:00,13,Lakers,Los Angeles,LAL,45,81,55.6,18,33,54.5,28,35,80.0,4,39,31,5,4,15,19,27,1,2
401585683,2024,2024-03-27,2024-03-28 00:00:00,29,Grizzlies,Memphis,MEM,46,97,47.4,17,43,39.5,15,19,78.9,13,26,30,10,3,14,23,3,0,0
401585684,2024,2024-03-27,2024-03-28 00:00:00,8,Pistons,Detroit,DET,31,81,38.3,9,32,28.1,20,25,80.0,10,31,15,9,1,12,14,5,0,0
401585684,2024,2024-03-27,2024-03-28 00:00:00,16,Timberwolves,Minnesota,MIN,42,82,51.2,11,36,30.6,11,16,68.8,9,31,28,8,3,12,17,17,0,0
401585685,2024,2024-03-27,2024-03-28 00:00:00,10,Rockets,Houston,HOU,50,104,48.1,15,43,34.9,17,23,73.9,16,34,25,10,3,16,24,14,0,1
401585685,2024,2024-03-27,2024-03-28 00:00:00,25,Thunder,Oklahoma City,OKC,47,96,49.0,14,38,36.8,18,24,75.0,13,36,26,7,7,19,24,8,0,0
401585686,2024,2024-03-27,2024-03-28 01:00:00,24,Spurs,San Antonio,SA,44,86,51.2,16,33,48.5,14,21,66.7,9,32,40,9,7,21,21,19,0,0
401585686,2024,2024-03-27,2024-03-28 01:00:00,26,Jazz,Utah,UTAH,39,83,47.0,13,35,37.1,20,22,90.9,6,30,25,8,4,21,16,1,1,0
401585687,2024,2024-03-27,2024-03-28 02:00:00,21,Suns,Phoenix,PHX,39,83,47.0,16,33,48.5,10,11,90.9,12,39,29,3,7,16,13,15,1,0
401585687,2024,2024-03-27,2024-03-28 02:00:00,7,Nuggets,Denver,DEN,38,88,43.2,10,40,25.0,11,12,91.7,9,29,24,9,4,8,13,2,0,0
401585672,2024,2024-03-26,2024-03-26 23:30:00,9,Warriors,Golden State,GS,47,85,55.3,13,38,34.2,6,10,60.0,7,36,31,6,5,10,20,22,2,0
401585672,2024,2024-03-26,2024-03-26 23:30:00,14,Heat,Miami,MIA,37,92,40.2,8,33,24.2,10,13,76.9,11,28,24,3,2,8,9,5,1,0
401585673,2024,2024-03-26,2024-03-26 23:30:00,13,Lakers,Los Angeles,LAL,42,108,38.9,14,44,31.8,30,32,93.8,15,54,30,4,8,17,13,5,0,0
401585673,2024,2024-03-26,2024-03-26 23:30:00,15,Bucks,Milwaukee,MIL,49,119,41.2,15,51,29.4,11,17,64.7,15,46,37,9,5,14,26,19,0,0
401585674,2024,2024-03-26,2024-03-27 00:00:00,25,Thunder,Oklahoma City,OKC,46,86,53.5,15,34,44.1,12,14,85.7,7,38,28,5,3,12,17,20,0,1
401585674,2024,2024-03-26,2024-03-27 00:00:00,3,Pelicans,New Orleans,NO,39,86,45.3,14,38,36.8,20,23,87.0,5,32,26,7,2,9,18,5,1,0
401585675,2024,2024-03-26,2024-03-27 02:00:00,6,Mavericks,Dallas,DAL,51,92,55.4,22,39,56.4,8,13,61.5,5,44,34,10,4,9,18,39,0,0
401585675,2024,2024-03-26,2024-03-27 02:00:00,23,Kings,Sacramento,SAC,35,90,38.9,11,30,36.7,15,19,78.9,11,31,27,6,5,13,15,5,1,2
401585661,2024,2024-03-25,2024-03-25 23:00:00,30,Hornets,Charlotte,CHA,34,80,42.5,9,28,32.1,15,18,83.3,6,27,22,5,4,11,13,3,1,1
401585661,2024,2024-03-25,2024-03-25 23:00:00,5,Cavaliers,Cleveland,CLE,46,86,53.5,17,41,41.5,6,10,60.0,9,38,41,4,3,12,15,25,2,0
401585662,2024,2024-03-25,2024-03-25 23:30:00,2,Celtics,Boston,BOS,47,95,49.5,11,38,28.9,13,19,68.4,12,26,21,7,8,7,16,30,2,0
401585662,2024,2024-03-25,2024-03-25 23:30:00,1,Hawks,Atlanta,ATL,46,87,52.9,18,36,50.0,10,17,58.8,15,29,30,5,3,13,18,4,0,0
401585663,2024,2024-03-25,2024-03-25 23:30:00,8,Pistons,Detroit,DET,34,88,38.6,10,34,29.4,21,22,95.5,7,30,22,8,5,12,22,0,0,0
401585663,2024,2024-03-25,2024-03-25 23:30:00,18,Knicks,New York,NY,45,89,50.6,19,46,41.3,15,22,68.2,12,40,30,6,6,13,18,31,1,0
401585664,2024,2024-03-25,2024-03-25 23:30:00,17,Nets,Brooklyn,BKN,37,81,45.7,9,39,23.1,13,18,72.2,16,34,20,3,4,18,16,13,2,1
401585664,2024,2024-03-25,2024-03-25 23:30:00,28,Raptors,Toronto,TOR,37,85,43.5,5,27,18.5,9,12,75.0,8,22,23,10,2,10,15,3,0,0
401585665,2024,2024-03-25,2024-03-26 00:00:00,27,Wizards,Washington,WSH,39,97,40.2,14,49,28.6,15,18,83.3,14,38,32,8,5,13,21,16,1,0
401585665,2024,2024-03-25,2024-03-26 00:00:00,4,Bulls,Chicago,CHI,36,87,41.4,10,35,28.6,23,28,82.1,9,37,27,9,8,11,14,2,1,1
401585666,2024,2024-03-25,2024-03-26 00:00:00,22,Trail Blazers,Portland,POR,36,87,41.4,7,33,21.2,13,15,86.7,10,34,14,5,6,16,25,9,1,0
401585666,2024,2024-03-25,2024-03-26 00:00:00,10,Rockets,Houston,HOU,37,93,39.8,12,39,30.8,24,25,96.0,13,32,19,7,7,8,16,20,1,0
401585667,2024,2024-03-25,2024-03-26 00:00:00,21,Suns,Phoenix,PHX,42,83,50.6,10,28,35.7,8,14,57.1,5,42,28,5,7,14,14,9,1,0
401585667,2024,2024-03-25,2024-03-26 00:00:00,24,Spurs,San Antonio,SA,40,91,44.0,8,31,25.8,16,19,84.2,5,35,23,10,1,7,15,11,0,0
401585668,2024,2024-03-25,2024-03-26 01:00:00,29,Grizzlies,Memphis,MEM,37,94,39.4,11,44,25.0,18,27,66.7,17,23,25,9,9,14,15,0,3,0
401585668,2024,2024-03-25,2024-03-26 01:00:00,7,Nuggets,Denver,DEN,48,90,53.3,15,32,46.9,17,18,94.4,15,35,38,10,7,15,23,31,1,1
401585669,2024,2024-03-25,2024-03-26 01:00:00,6,Mavericks,Dallas,DAL,44,92,47.8,12,42,28.6,15,18,83.3,10,37,31,9,7,6,17,13,0,1
401585669,2024,2024-03-25,2024-03-26 01:00:00,26,Jazz,Utah,UTAH,37,87,42.5,13,39,33.3,18,22,81.8,11,35,28,6,3,12,15,8,1,0
401585670,2024,2024-03-25,2024-03-26 02:00:00,20,76ers,Philadelphia,PHI,34,82,41.5,11,34,32.4,17,20,85.0,15,32,18,2,4,15,25,1,0,2
401585670,2024,2024-03-25,2024-03-26 02:00:00,23,Kings,Sacramento,SAC,38,86,44.2,10,38,26.3,22,28,78.6,11,29,25,6,6,7,18,22,1,1
401585671,2024,2024-03-25,2024-03-26 02:30:00,11,Pacers,Indiana,IND,50,86,58.1,17,28,60.7,16,22,72.7,7,27,28,7,3,8,21,23,0,0
401585671,2024,2024-03-25,2024-03-26 02:30:00,12,Clippers,LA,LAC,46,85,54.1,6,20,30.0,18,22,81.8,11,25,26,4,4,8,19,8,2,1
401585655,2024,2024-03-24,2024-03-24 19:00:00,3,Pelicans,New Orleans,NO,41,81,50.6,11,34,32.4,21,31,67.7,6,35,27,8,7,10,22,22,0,2
401585655,2024,2024-03-24,2024-03-24 19:00:00,8,Pistons,Detroit,DET,32,79,40.5,11,41,26.8,26,32,81.3,10,36,20,4,5,16,25,0,1,0
401585656,2024,2024-03-24,2024-03-24 19:30:00,20,76ers,Philadelphia,PHI,48,90,53.3,18,37,48.6,7,9,77.8,12,25,32,7,10,8,18,21,0,0
401585656,2024,2024-03-24,2024-03-24 19:30:00,12,Clippers,LA,LAC,40,83,48.2,10,28,35.7,17,18,94.4,10,27,27,2,9,13,11,0,1,0
401585657,2024,2024-03-24,2024-03-24 22:00:00,5,Cavaliers,Cleveland,CLE,30,72,41.7,9,29,31.0,15,20,75.0,4,26,24,3,3,17,16,3,0,0
401585657,2024,2024-03-24,2024-03-24 22:00:00,14,Heat,Miami,MIA,43,83,51.8,15,38,39.5,20,23,87.0,9,35,29,13,0,9,17,45,3,1
401585658,2024,2024-03-24,2024-03-24 23:00:00,25,Thunder,Oklahoma City,OKC,33,89,37.1,10,43,23.3,17,22,77.3,10,27,20,9,1,12,16,8,0,0
401585658,2024,2024-03-24,2024-03-24 23:00:00,15,Bucks,Milwaukee,MIL,49,92,53.3,11,34,32.4,9,14,64.3,15,42,33,7,5,16,21,26,1,1
401585659,2024,2024-03-24,2024-03-24 23:00:00,9,Warriors,Golden State,GS,38,85,44.7,14,36,38.9,20,26,76.9,7,34,23,8,3,12,19,12,1,0
401585659,2024,2024-03-24,2024-03-24 23:00:00,16,Timberwolves,Minnesota,MIN,40,84,47.6,21,40,52.5,13,18,72.2,7,37,30,9,5,15,17,8,1,1
401585660,2024,2024-03-24,2024-03-25 02:00:00,11,Pacers,Indiana,IND,59,107,55.1,18,36,50.0,9,16,56.3,10,30,39,6,4,11,31,11,0,1
401585660,2024,2024-03-24,2024-03-25 02:00:00,13,Lakers,Los Angeles,LAL,50,89,56.2,12,25,48.0,38,43,88.4,8,33,28,6,7,10,14,19,0,0
401585647,2024,2024-03-23,2024-03-23 17:00:00,17,Nets,Brooklyn,BKN,34,76,44.7,12,34,35.3,13,15,86.7,8,33,26,5,6,15,15,6,0,0
401585647,2024,2024-03-23,2024-03-23 17:00:00,18,Knicks,New York,NY,42,97,43.3,15,40,37.5,6,12,50.0,16,31,25,10,4,9,15,18,1,0
401585648,2024,2024-03-23,2024-03-23 23:00:00,23,Kings,Sacramento,SAC,38,87,43.7,15,40,37.5,18,21,85.7,6,36,26,6,5,7,19,9,0,0
401585648,2024,2024-03-23,2024-03-23 23:00:00,19,Magic,Orlando,ORL,42,88,47.7,10,35,28.6,13,18,72.2,12,37,27,5,3,13,20,8,0,0
401585649,2024,2024-03-23,2024-03-23 23:30:00,30,Hornets,Charlotte,CHA,35,84,41.7,11,39,28.2,10,14,71.4,11,28,25,3,4,13,9,4,2,1
401585649,2024,2024-03-23,2024-03-23 23:30:00,1,Hawks,Atlanta,ATL,50,90,55.6,20,42,47.6,12,14,85.7,11,32,40,9,5,8,14,41,1,0
401585650,2024,2024-03-23,2024-03-24 00:00:00,28,Raptors,Toronto,TOR,40,94,42.6,8,33,24.2,21,26,80.8,13,29,27,9,7,12,20,11,0,0
401585650,2024,2024-03-23,2024-03-24 00:00:00,27,Wizards,Washington,WSH,44,92,47.8,11,35,31.4,13,19,68.4,16,39,28,7,8,17,18,6,1,1
401585651,2024,2024-03-23,2024-03-24 00:00:00,2,Celtics,Boston,BOS,44,86,51.2,21,48,43.8,15,17,88.2,12,29,28,5,3,12,9,13,0,1
401585651,2024,2024-03-23,2024-03-24 00:00:00,4,Bulls,Chicago,CHI,47,82,57.3,9,24,37.5,10,11,90.9,3,26,36,7,3,7,18,7,0,2
401585652,2024,2024-03-23,2024-03-24 00:00:00,26,Jazz,Utah,UTAH,40,89,44.9,11,37,29.7,28,33,84.8,12,28,24,2,4,10,11,2,0,1
401585652,2024,2024-03-23,2024-03-24 00:00:00,10,Rockets,Houston,HOU,54,97,55.7,27,49,55.1,12,14,85.7,12,32,31,7,3,9,26,35,0,2
401585653,2024,2024-03-23,2024-03-24 00:00:00,21,Suns,Phoenix,PHX,56,94,59.6,11,24,45.8,8,10,80.0,7,32,38,11,5,8,18,32,2,0
401585653,2024,2024-03-23,2024-03-24 00:00:00,24,Spurs,San Antonio,SA,40,85,47.1,9,33,27.3,17,21,81.0,8,26,27,6,6,15,9,0,0,0
401585654,2024,2024-03-23,2024-03-24 02:00:00,7,Nuggets,Denver,DEN,41,91,45.1,8,24,33.3,24,33,72.7,19,30,25,8,9,13,17,15,1,0
401585654,2024,2024-03-23,2024-03-24 02:00:00,22,Trail Blazers,Portland,POR,43,93,46.2,10,28,35.7,15,17,88.2,14,31,27,8,8,15,24,2,1,1
401585639,2024,2024-03-22,2024-03-22 23:00:00,2,Celtics,Boston,BOS,47,89,52.8,16,45,35.6,19,27,70.4,8,27,31,9,5,7,15,27,0,0
401585639,2024,2024-03-22,2024-03-22 23:00:00,8,Pistons,Detroit,DET,42,83,50.6,9,31,29.0,9,13,69.2,8,34,25,4,1,18,23,6,1,0
401585640,2024,2024-03-22,2024-03-22 23:00:00,25,Thunder,Oklahoma City,OKC,48,95,50.5,12,32,37.5,15,19,78.9,13,33,27,17,5,15,20,22,1,0
401585640,2024,2024-03-22,2024-03-22 23:00:00,28,Raptors,Toronto,TOR,40,76,52.6,11,30,36.7,12,17,70.6,5,31,34,12,3,27,18,11,0,0
401585641,2024,2024-03-22,2024-03-23 00:00:00,3,Pelicans,New Orleans,NO,42,82,51.2,18,36,50.0,9,12,75.0,12,44,25,3,2,12,13,26,1,0
401585641,2024,2024-03-22,2024-03-23 00:00:00,14,Heat,Miami,MIA,31,86,36.0,13,47,27.7,13,15,86.7,7,27,22,3,4,4,9,12,2,0
401585642,2024,2024-03-22,2024-03-23 00:00:00,5,Cavaliers,Cleveland,CLE,34,81,42.0,7,29,24.1,16,19,84.2,10,31,22,6,5,12,14,7,0,0
401585642,2024,2024-03-22,2024-03-23 00:00:00,16,Timberwolves,Minnesota,MIN,41,85,48.2,14,27,51.9,8,16,50.0,13,33,27,9,5,11,12,14,1,2
401585643,2024,2024-03-22,2024-03-23 00:00:00,29,Grizzlies,Memphis,MEM,33,82,40.2,12,34,35.3,21,31,67.7,9,42,18,10,4,17,17,8,1,0
401585643,2024,2024-03-22,2024-03-23 00:00:00,24,Spurs,San Antonio,SA,37,95,38.9,7,38,18.4,16,23,69.6,15,41,24,12,7,16,23,17,0,0
401585644,2024,2024-03-22,2024-03-23 02:00:00,11,Pacers,Indiana,IND,48,99,48.5,15,36,41.7,12,16,75.0,12,38,32,8,10,11,14,17,0,0
401585644,2024,2024-03-22,2024-03-23 02:00:00,9,Warriors,Golden State,GS,43,106,40.6,14,48,29.2,11,16,68.8,24,40,24,6,6,14,15,12,0,2
401585645,2024,2024-03-22,2024-03-23 02:00:00,12,Clippers,LA,LAC,44,77,57.1,14,33,42.4,23,27,85.2,7,33,26,8,8,17,21,26,0,0
401585645,2024,2024-03-22,2024-03-23 02:00:00,22,Trail Blazers,Portland,POR,45,93,48.4,12,33,36.4,15,25,60.0,15,26,29,11,1,10,19,1,0,1
401585646,2024,2024-03-22,2024-03-23 02:30:00,20,76ers,Philadelphia,PHI,33,96,34.4,8,37,21.6,20,24,83.3,13,29,20,13,7,8,23,7,1,1
401585646,2024,2024-03-22,2024-03-23 02:30:00,13,Lakers,Los Angeles,LAL,32,73,43.8,12,31,38.7,25,33,75.8,11,43,22,1,7,21,16,9,0,0
401585632,2024,2024-03-21,2024-03-21 23:00:00,3,Pelicans,New Orleans,NO,42,78,53.8,6,20,30.0,16,21,76.2,3,30,24,11,1,18,18,12,1,0
401585632,2024,2024-03-21,2024-03-21 23:00:00,19,Magic,Orlando,ORL,47,86,54.7,14,36,38.9,13,19,68.4,10,30,33,12,4,14,16,21,2,0
401585633,2024,2024-03-21,2024-03-21 23:00:00,23,Kings,Sacramento,SAC,37,86,43.0,11,39,28.2,17,19,89.5,10,27,21,12,7,15,20,2,0,0
401585633,2024,2024-03-21,2024-03-21 23:00:00,27,Wizards,Washington,WSH,41,81,50.6,10,25,40.0,17,23,73.9,10,35,20,9,3,19,19,19,1,1
401585634,2024,2024-03-21,2024-03-22 00:00:00,4,Bulls,Chicago,CHI,42,93,45.2,12,31,38.7,21,25,84.0,12,31,23,8,3,11,17,4,0,0
401585634,2024,2024-03-21,2024-03-22 00:00:00,10,Rockets,Houston,HOU,47,93,50.5,17,45,37.8,16,20,80.0,13,36,27,7,6,14,21,19,2,2
401585635,2024,2024-03-21,2024-03-22 00:00:00,17,Nets,Brooklyn,BKN,41,92,44.6,13,44,29.5,13,16,81.3,15,34,29,7,1,14,12,4,0,0
401585635,2024,2024-03-21,2024-03-22 00:00:00,15,Bucks,Milwaukee,MIL,43,91,47.3,16,41,39.0,13,15,86.7,11,29,27,5,4,10,17,20,0,1
401585636,2024,2024-03-21,2024-03-22 00:30:00,26,Jazz,Utah,UTAH,38,83,45.8,4,30,13.3,17,19,89.5,5,33,29,6,3,18,23,7,0,0
401585636,2024,2024-03-21,2024-03-22 00:30:00,6,Mavericks,Dallas,DAL,43,86,50.0,10,32,31.3,17,28,60.7,11,32,33,12,3,13,20,19,0,0
401585637,2024,2024-03-21,2024-03-22 01:00:00,18,Knicks,New York,NY,38,79,48.1,11,31,35.5,13,17,76.5,4,27,28,6,6,9,18,6,1,1
401585637,2024,2024-03-21,2024-03-22 01:00:00,7,Nuggets,Denver,DEN,45,84,53.6,6,20,30.0,17,20,85.0,9,33,31,5,4,9,14,14,1,0
401585638,2024,2024-03-21,2024-03-22 02:30:00,1,Hawks,Atlanta,ATL,40,91,44.0,12,35,34.3,23,29,79.3,12,24,27,11,3,8,23,14,3,1
401585638,2024,2024-03-21,2024-03-22 02:30:00,21,Suns,Phoenix,PHX,41,74,55.4,22,41,53.7,24,27,88.9,7,31,28,4,11,17,19,14,0,0
401585624,2024,2024-03-20,2024-03-20 23:00:00,14,Heat,Miami,MIA,38,83,45.8,13,36,36.1,18,19,94.7,7,30,19,7,2,7,20,11,1,0
401585624,2024,2024-03-20,2024-03-20 23:00:00,5,Cavaliers,Cleveland,CLE,35,75,46.7,15,42,35.7,19,22,86.4,6,31,30,3,2,11,19,4,1,3
401585625,2024,2024-03-20,2024-03-20 23:00:00,11,Pacers,Indiana,IND,50,88,56.8,11,29,37.9,11,18,61.1,5,35,38,13,6,12,16,28,1,1
401585625,2024,2024-03-20,2024-03-20 23:00:00,8,Pistons,Detroit,DET,37,90,41.1,5,23,21.7,24,30,80.0,12,34,23,8,1,15,14,8,0,0
401585626,2024,2024-03-20,2024-03-20 23:30:00,15,Bucks,Milwaukee,MIL,45,84,53.6,17,35,48.6,12,14,85.7,9,32,20,3,6,14,25,2,1,0
401585626,2024,2024-03-20,2024-03-20 23:30:00,2,Celtics,Boston,BOS,40,85,47.1,18,40,45.0,24,29,82.8,11,26,25,6,5,9,18,21,0,1
401585627,2024,2024-03-20,2024-03-20 23:30:00,23,Kings,Sacramento,SAC,48,93,51.6,12,40,30.0,15,18,83.3,18,35,32,14,6,15,16,38,1,0
401585627,2024,2024-03-20,2024-03-20 23:30:00,28,Raptors,Toronto,TOR,33,80,41.3,10,31,32.3,13,18,72.2,11,20,21,11,3,21,15,1,1,0
401585628,2024,2024-03-20,2024-03-21 00:00:00,26,Jazz,Utah,UTAH,40,90,44.4,10,36,27.8,17,18,94.4,11,36,20,6,5,15,22,4,1,0
401585628,2024,2024-03-20,2024-03-21 00:00:00,25,Thunder,Oklahoma City,OKC,43,88,48.9,10,34,29.4,23,29,79.3,10,35,29,10,7,10,16,19,0,1
401585629,2024,2024-03-20,2024-03-21 02:00:00,29,Grizzlies,Memphis,MEM,42,96,43.8,18,49,36.7,14,18,77.8,16,29,29,4,3,10,15,4,2,1
401585629,2024,2024-03-20,2024-03-21 02:00:00,9,Warriors,Golden State,GS,58,100,58.0,19,39,48.7,2,6,33.3,13,35,43,6,5,6,17,27,1,1
401585630,2024,2024-03-20,2024-03-21 02:00:00,20,76ers,Philadelphia,PHI,41,95,43.2,13,37,35.1,7,18,38.9,13,27,33,12,7,9,12,8,2,1
401585630,2024,2024-03-20,2024-03-21 02:00:00,21,Suns,Phoenix,PHX,45,90,50.0,19,39,48.7,6,8,75.0,14,41,34,7,12,23,18,26,0,1
401585631,2024,2024-03-20,2024-03-21 02:00:00,12,Clippers,LA,LAC,45,86,52.3,13,31,41.9,13,15,86.7,8,34,29,15,7,11,13,27,1,0
401585631,2024,2024-03-20,2024-03-21 02:00:00,22,Trail Blazers,Portland,POR,39,81,48.1,15,34,44.1,10,15,66.7,8,30,21,6,4,17,16,6,0,0
401585619,2024,2024-03-19,2024-03-19 23:00:00,30,Hornets,Charlotte,CHA,38,79,48.1,9,29,31.0,7,9,77.8,4,26,19,8,1,17,13,2,0,2
401585619,2024,2024-03-19,2024-03-19 23:00:00,19,Magic,Orlando,ORL,44,81,54.3,12,34,35.3,12,13,92.3,10,31,32,10,6,16,10,41,2,1
401585620,2024,2024-03-19,2024-03-19 23:00:00,10,Rockets,Houston,HOU,47,91,51.6,13,39,33.3,30,36,83.3,12,35,25,6,11,7,15,25,0,1
401585620,2024,2024-03-19,2024-03-19 23:00:00,27,Wizards,Washington,WSH,42,98,42.9,15,39,38.5,15,20,75.0,17,27,24,6,2,10,27,4,1,1
401585621,2024,2024-03-19,2024-03-19 23:30:00,3,Pelicans,New Orleans,NO,42,83,50.6,10,34,29.4,10,13,76.9,11,37,29,7,5,13,19,24,1,0
401585621,2024,2024-03-19,2024-03-19 23:30:00,17,Nets,Brooklyn,BKN,31,84,36.9,12,40,30.0,17,22,77.3,14,28,19,6,4,13,13,1,1,1
401585622,2024,2024-03-19,2024-03-20 00:00:00,6,Mavericks,Dallas,DAL,44,91,48.4,10,30,33.3,15,17,88.2,3,37,31,6,3,9,18,13,0,1
401585622,2024,2024-03-19,2024-03-20 00:00:00,24,Spurs,San Antonio,SA,39,89,43.8,14,39,35.9,15,21,71.4,9,39,31,6,10,15,14,4,1,0
401585623,2024,2024-03-19,2024-03-20 01:00:00,7,Nuggets,Denver,DEN,42,81,51.9,14,27,51.9,17,22,77.3,11,38,26,5,1,17,19,18,0,0
401585623,2024,2024-03-19,2024-03-20 01:00:00,16,Timberwolves,Minnesota,MIN,42,88,47.7,12,35,34.3,16,23,69.6,8,29,25,10,7,7,16,4,0,0
401585611,2024,2024-03-18,2024-03-18 23:00:00,5,Cavaliers,Cleveland,CLE,38,80,47.5,12,32,37.5,20,28,71.4,9,30,27,8,4,14,18,10,0,0
401585611,2024,2024-03-18,2024-03-18 23:00:00,11,Pacers,Indiana,IND,42,91,46.2,9,38,23.7,10,16,62.5,14,31,28,8,3,11,24,15,0,1
401585612,2024,2024-03-18,2024-03-18 23:30:00,8,Pistons,Detroit,DET,36,84,42.9,9,29,31.0,13,15,86.7,8,35,21,6,3,12,15,3,1,1
401585612,2024,2024-03-18,2024-03-18 23:30:00,2,Celtics,Boston,BOS,43,95,45.3,22,49,44.9,11,13,84.6,15,38,30,8,8,9,9,29,2,0
401585613,2024,2024-03-18,2024-03-18 23:30:00,14,Heat,Miami,MIA,35,89,39.3,12,33,36.4,9,14,64.3,11,38,23,8,3,15,13,3,0,1
401585613,2024,2024-03-18,2024-03-18 23:30:00,20,76ers,Philadelphia,PHI,37,85,43.5,13,36,36.1,11,12,91.7,7,39,23,7,12,12,16,17,0,0
401585614,2024,2024-03-18,2024-03-19 00:00:00,22,Trail Blazers,Portland,POR,40,88,45.5,8,28,28.6,19,25,76.0,13,30,21,7,5,13,24,3,0,0
401585614,2024,2024-03-18,2024-03-19 00:00:00,4,Bulls,Chicago,CHI,41,93,44.1,11,33,33.3,17,21,81.0,13,27,26,9,5,9,21,16,0,0
401585615,2024,2024-03-18,2024-03-19 01:00:00,16,Timberwolves,Minnesota,MIN,44,91,48.4,16,41,39.0,10,12,83.3,12,23,27,9,9,9,15,10,0,1
401585615,2024,2024-03-18,2024-03-19 01:00:00,26,Jazz,Utah,UTAH,39,84,46.4,14,32,43.8,12,14,85.7,14,33,25,6,3,17,13,16,0,0
401585616,2024,2024-03-18,2024-03-19 02:00:00,18,Knicks,New York,NY,44,91,48.4,14,37,37.8,17,20,85.0,14,30,29,6,1,10,17,15,3,0
401585616,2024,2024-03-18,2024-03-19 02:00:00,9,Warriors,Golden State,GS,42,88,47.7,14,36,38.9,14,18,77.8,12,27,29,7,5,13,16,0,0,0
401585617,2024,2024-03-18,2024-03-19 02:00:00,29,Grizzlies,Memphis,MEM,37,98,37.8,13,38,34.2,24,30,80.0,15,34,22,13,7,12,23,5,2,2
401585617,2024,2024-03-18,2024-03-19 02:00:00,23,Kings,Sacramento,SAC,42,94,44.7,11,35,31.4,26,32,81.3,15,44,30,7,10,17,25,12,2,0
401585618,2024,2024-03-18,2024-03-19 02:30:00,1,Hawks,Atlanta,ATL,42,98,42.9,9,41,22.0,12,15,80.0,12,30,32,8,5,9,14,9,0,1
401585618,2024,2024-03-18,2024-03-19 02:30:00,13,Lakers,Los Angeles,LAL,52,90,57.8,15,36,41.7,17,20,85.0,4,44,39,6,4,8,15,35,1,0
401585604,2024,2024-03-17,2024-03-17 17:00:00,21,Suns,Phoenix,PHX,51,87,58.6,14,33,42.4,13,15,86.7,7,32,36,7,5,12,16,6,2,0
401585604,2024,2024-03-17,2024-03-17 17:00:00,15,Bucks,Milwaukee,MIL,51,94,54.3,24,41,58.5,14,14,100.0,10,25,35,11,2,10,12,25,1,0
401585605,2024,2024-03-17,2024-03-17 19:00:00,14,Heat,Miami,MIA,40,89,44.9,12,35,34.3,12,16,75.0,11,36,24,7,2,9,11,17,1,1
401585605,2024,2024-03-17,2024-03-17 19:00:00,8,Pistons,Detroit,DET,38,83,45.8,14,36,38.9,11,14,78.6,7,37,24,4,7,12,19,7,0,0
401585606,2024,2024-03-17,2024-03-17 19:30:00,7,Nuggets,Denver,DEN,37,84,44.0,12,28,42.9,19,22,86.4,6,31,26,7,6,7,16,8,1,2
401585606,2024,2024-03-17,2024-03-17 19:30:00,6,Mavericks,Dallas,DAL,42,100,42.0,9,35,25.7,14,21,66.7,22,38,22,5,5,11,21,13,1,0
401585607,2024,2024-03-17,2024-03-17 22:00:00,28,Raptors,Toronto,TOR,37,84,44.0,8,31,25.8,14,15,93.3,11,26,23,7,3,18,18,2,0,1
401585607,2024,2024-03-17,2024-03-17 22:00:00,19,Magic,Orlando,ORL,43,85,50.6,11,36,30.6,14,20,70.0,10,29,22,7,4,13,16,20,2,0
401585608,2024,2024-03-17,2024-03-17 22:00:00,2,Celtics,Boston,BOS,43,87,49.4,24,50,48.0,20,24,83.3,12,31,30,9,6,14,17,36,1,1
401585608,2024,2024-03-17,2024-03-17 22:00:00,27,Wizards,Washington,WSH,41,89,46.1,10,34,29.4,12,14,85.7,10,30,24,3,5,16,20,0,0,1
401585609,2024,2024-03-17,2024-03-17 23:00:00,17,Nets,Brooklyn,BKN,47,102,46.1,8,31,25.8,13,19,68.4,11,37,29,13,5,12,20,11,0,2
401585609,2024,2024-03-17,2024-03-17 23:00:00,24,Spurs,San Antonio,SA,46,99,46.5,9,37,24.3,21,23,91.3,13,37,30,6,10,17,17,7,1,0
401585610,2024,2024-03-17,2024-03-18 01:30:00,1,Hawks,Atlanta,ATL,41,84,48.8,17,34,50.0,11,12,91.7,10,35,32,10,7,14,22,29,2,0
401585610,2024,2024-03-17,2024-03-18 01:30:00,12,Clippers,LA,LAC,28,74,37.8,11,36,30.6,26,29,89.7,10,30,17,10,5,15,13,3,1,0
401585595,2024,2024-03-16,2024-03-16 21:00:00,5,Cavaliers,Cleveland,CLE,37,82,45.1,12,38,31.6,17,20,85.0,7,38,22,6,7,15,12,1,1,1
401585595,2024,2024-03-16,2024-03-16 21:00:00,10,Rockets,Houston,HOU,47,98,48.0,15,42,35.7,8,12,66.7,11,37,28,9,7,9,19,27,1,1
401585596,2024,2024-03-16,2024-03-16 23:00:00,17,Nets,Brooklyn,BKN,33,77,42.9,10,25,40.0,24,31,77.4,12,33,18,8,3,20,18,9,1,1
401585596,2024,2024-03-16,2024-03-16 23:00:00,11,Pacers,Indiana,IND,50,105,47.6,6,30,20.0,15,16,93.8,17,33,21,13,4,10,23,27,3,0
401585597,2024,2024-03-16,2024-03-16 23:00:00,30,Hornets,Charlotte,CHA,37,82,45.1,10,31,32.3,14,18,77.8,12,28,21,11,4,16,21,3,0,0
401585597,2024,2024-03-16,2024-03-16 23:00:00,20,76ers,Philadelphia,PHI,36,81,44.4,13,41,31.7,24,25,96.0,10,31,25,9,4,15,23,13,1,1
401585598,2024,2024-03-16,2024-03-16 23:00:00,22,Trail Blazers,Portland,POR,42,84,50.0,12,33,36.4,11,12,91.7,10,26,23,3,7,19,15,5,1,0
401585598,2024,2024-03-16,2024-03-16 23:00:00,3,Pelicans,New Orleans,NO,52,97,53.6,13,33,39.4,9,10,90.0,10,29,36,8,5,9,13,19,1,0
401585599,2024,2024-03-16,2024-03-17 00:00:00,27,Wizards,Washington,WSH,36,84,42.9,13,32,40.6,13,22,59.1,9,23,27,12,7,15,21,1,1,1
401585599,2024,2024-03-16,2024-03-17 00:00:00,4,Bulls,Chicago,CHI,49,85,57.6,8,24,33.3,21,29,72.4,12,39,33,9,4,15,16,29,0,1
401585600,2024,2024-03-16,2024-03-17 00:00:00,25,Thunder,Oklahoma City,OKC,45,87,51.7,12,35,34.3,16,21,76.2,8,37,25,7,8,11,19,14,1,1
401585600,2024,2024-03-16,2024-03-17 00:00:00,29,Grizzlies,Memphis,MEM,37,81,45.7,18,44,40.9,20,26,76.9,7,29,34,7,4,14,20,6,0,1
401585601,2024,2024-03-16,2024-03-17 00:30:00,9,Warriors,Golden State,GS,51,97,52.6,14,34,41.2,12,15,80.0,14,31,38,3,4,7,19,12,0,0
401585601,2024,2024-03-16,2024-03-17 00:30:00,13,Lakers,Los Angeles,LAL,47,92,51.1,12,34,35.3,15,18,83.3,8,31,32,3,4,9,13,7,1,0
401585602,2024,2024-03-16,2024-03-17 01:30:00,16,Timberwolves,Minnesota,MIN,44,93,47.3,19,41,46.3,12,15,80.0,7,37,31,8,6,8,16,21,1,0
401585602,2024,2024-03-16,2024-03-17 01:30:00,26,Jazz,Utah,UTAH,38,83,45.8,6,26,23.1,18,21,85.7,10,41,23,4,5,15,14,5,1,0
401585603,2024,2024-03-16,2024-03-17 02:00:00,18,Knicks,New York,NY,37,86,43.0,11,39,28.2,13,16,81.3,10,42,19,8,9,14,21,9,2,0
401585603,2024,2024-03-16,2024-03-17 02:00:00,23,Kings,Sacramento,SAC,30,85,35.3,10,37,27.0,21,26,80.8,11,31,22,7,5,12,20,5,0,1
401585589,2024,2024-03-15,2024-03-15 23:00:00,21,Suns,Phoenix,PHX,40,87,46.0,11,38,28.9,16,20,80.0,10,47,31,3,3,10,20,25,0,2
401585589,2024,2024-03-15,2024-03-15 23:00:00,30,Hornets,Charlotte,CHA,35,94,37.2,6,37,16.2,20,27,74.1,12,36,20,6,3,4,16,5,1,0
401585590,2024,2024-03-15,2024-03-15 23:00:00,14,Heat,Miami,MIA,43,91,47.3,7,34,20.6,15,21,71.4,9,35,23,14,6,8,16,21,0,1
401585590,2024,2024-03-15,2024-03-15 23:00:00,8,Pistons,Detroit,DET,36,84,42.9,10,38,26.3,13,15,86.7,9,39,27,5,2,17,16,5,1,1
401585591,2024,2024-03-15,2024-03-15 23:30:00,19,Magic,Orlando,ORL,40,80,50.0,14,31,45.2,19,22,86.4,6,33,25,7,4,14,15,19,1,0
401585591,2024,2024-03-15,2024-03-15 23:30:00,28,Raptors,Toronto,TOR,38,81,46.9,14,34,41.2,13,20,65.0,9,31,24,11,4,15,24,9,1,0
401585592,2024,2024-03-15,2024-03-16 00:00:00,12,Clippers,LA,LAC,37,77,48.1,12,33,36.4,18,19,94.7,5,32,18,6,8,12,17,4,3,0
401585592,2024,2024-03-15,2024-03-16 00:00:00,3,Pelicans,New Orleans,NO,42,87,48.3,13,35,37.1,15,20,75.0,9,31,28,8,2,8,21,11,1,1
401585593,2024,2024-03-15,2024-03-16 00:30:00,7,Nuggets,Denver,DEN,49,89,55.1,10,25,40.0,9,12,75.0,7,33,37,13,5,12,20,21,1,1
401585593,2024,2024-03-15,2024-03-16 00:30:00,24,Spurs,San Antonio,SA,37,81,45.7,11,29,37.9,21,27,77.8,12,32,23,6,4,16,13,2,1,0
401585594,2024,2024-03-15,2024-03-16 01:30:00,1,Hawks,Atlanta,ATL,41,92,44.6,20,39,51.3,20,27,74.1,11,30,32,7,5,9,16,5,0,0
401585594,2024,2024-03-15,2024-03-16 01:30:00,26,Jazz,Utah,UTAH,46,90,51.1,14,36,38.9,18,20,90.0,10,39,24,6,7,11,21,11,2,1
401585583,2024,2024-03-14,2024-03-14 23:30:00,21,Suns,Phoenix,PHX,47,99,47.5,11,31,35.5,7,10,70.0,19,32,27,4,3,13,12,8,1,1
401585583,2024,2024-03-14,2024-03-14 23:30:00,2,Celtics,Boston,BOS,47,89,52.8,25,50,50.0,8,11,72.7,6,27,31,12,5,8,13,20,2,0
401585584,2024,2024-03-14,2024-03-15 00:00:00,12,Clippers,LA,LAC,48,80,60.0,20,40,50.0,10,14,71.4,6,29,32,9,2,9,16,21,1,0
401585584,2024,2024-03-14,2024-03-15 00:00:00,4,Bulls,Chicago,CHI,41,86,47.7,16,35,45.7,13,16,81.3,11,25,28,4,2,13,14,5,0,0
401585585,2024,2024-03-14,2024-03-15 00:00:00,27,Wizards,Washington,WSH,46,93,49.5,12,38,31.6,15,19,78.9,7,25,29,11,2,13,19,2,1,0
401585585,2024,2024-03-14,2024-03-15 00:00:00,10,Rockets,Houston,HOU,51,87,58.6,12,28,42.9,21,24,87.5,8,39,24,7,1,17,19,24,2,1
401585586,2024,2024-03-14,2024-03-15 00:00:00,20,76ers,Philadelphia,PHI,39,79,49.4,17,35,48.6,10,14,71.4,6,24,20,6,4,11,18,12,2,0
401585586,2024,2024-03-14,2024-03-15 00:00:00,15,Bucks,Milwaukee,MIL,39,72,54.2,16,36,44.4,20,24,83.3,6,31,29,6,4,14,14,9,1,3
401585587,2024,2024-03-14,2024-03-15 02:00:00,6,Mavericks,Dallas,DAL,43,84,51.2,12,29,41.4,21,26,80.8,10,30,25,6,2,19,20,3,0,0
401585587,2024,2024-03-14,2024-03-15 02:00:00,25,Thunder,Oklahoma City,OKC,45,86,52.3,16,39,41.0,20,23,87.0,8,26,28,10,7,13,24,11,0,0
401585588,2024,2024-03-14,2024-03-15 02:00:00,18,Knicks,New York,NY,38,87,43.7,6,29,20.7,23,26,88.5,15,35,16,11,1,12,18,22,3,0
401585588,2024,2024-03-14,2024-03-15 02:00:00,22,Trail Blazers,Portland,POR,34,84,40.5,11,33,33.3,14,16,87.5,13,32,19,10,2,17,19,7,1,1
401585574,2024,2024-03-13,2024-03-13 23:00:00,28,Raptors,Toronto,TOR,41,93,44.1,9,36,25.0,13,19,68.4,3,34,32,13,8,11,20,16,0,2
401585574,2024,2024-03-13,2024-03-13 23:00:00,8,Pistons,Detroit,DET,39,88,44.3,11,30,36.7,24,31,77.4,11,47,27,7,7,21,21,16,1,0
401585575,2024,2024-03-13,2024-03-13 23:00:00,17,Nets,Brooklyn,BKN,38,81,46.9,7,26,26.9,23,27,85.2,8,24,21,7,4,13,19,0,0,4
401585575,2024,2024-03-13,2024-03-13 23:00:00,19,Magic,Orlando,ORL,40,77,51.9,14,32,43.8,20,26,76.9,6,28,29,6,6,12,20,19,1,2
401585576,2024,2024-03-13,2024-03-13 23:30:00,4,Bulls,Chicago,CHI,48,92,52.2,10,28,35.7,26,32,81.3,7,41,22,6,5,11,21,10,1,0
401585576,2024,2024-03-13,2024-03-13 23:30:00,11,Pacers,Indiana,IND,46,99,46.5,14,45,31.1,23,28,82.1,9,38,30,4,6,8,25,11,1,1
401585577,2024,2024-03-13,2024-03-13 23:30:00,7,Nuggets,Denver,DEN,40,82,48.8,11,33,33.3,9,13,69.2,7,34,24,4,2,9,13,14,1,0
401585577,2024,2024-03-13,2024-03-13 23:30:00,14,Heat,Miami,MIA,34,80,42.5,5,21,23.8,15,18,83.3,8,34,18,5,2,8,13,4,1,0
401585578,2024,2024-03-13,2024-03-14 00:00:00,30,Hornets,Charlotte,CHA,44,82,53.7,13,36,36.1,9,13,69.2,6,29,26,12,7,20,11,18,0,0
401585578,2024,2024-03-13,2024-03-14 00:00:00,29,Grizzlies,Memphis,MEM,36,85,42.4,16,40,40.0,10,11,90.9,16,30,24,12,5,21,19,2,3,0
401585579,2024,2024-03-13,2024-03-14 00:00:00,5,Cavaliers,Cleveland,CLE,47,92,51.1,20,45,44.4,2,3,66.7,8,38,38,4,4,9,18,27,3,0
401585579,2024,2024-03-13,2024-03-14 00:00:00,3,Pelicans,New Orleans,NO,35,80,43.8,4,22,18.2,21,26,80.8,7,36,22,7,6,11,13,3,1,0
401585580,2024,2024-03-13,2024-03-14 00:30:00,9,Warriors,Golden State,GS,37,92,40.2,9,28,32.1,16,19,84.2,15,27,19,9,3,15,20,4,2,1
401585580,2024,2024-03-13,2024-03-14 00:30:00,6,Mavericks,Dallas,DAL,44,82,53.7,6,27,22.2,15,19,78.9,9,33,30,6,13,16,16,18,1,0
401585581,2024,2024-03-13,2024-03-14 02:00:00,1,Hawks,Atlanta,ATL,38,88,43.2,14,39,35.9,12,18,66.7,13,25,19,11,6,14,23,16,1,0
401585581,2024,2024-03-13,2024-03-14 02:00:00,22,Trail Blazers,Portland,POR,38,82,46.3,10,30,33.3,20,24,83.3,12,37,24,7,5,18,21,9,0,0
401585582,2024,2024-03-13,2024-03-14 02:00:00,13,Lakers,Los Angeles,LAL,38,78,48.7,14,32,43.8,17,22,77.3,7,31,25,8,2,14,12,5,0,0
401585582,2024,2024-03-13,2024-03-14 02:00:00,23,Kings,Sacramento,SAC,46,88,52.3,19,41,46.3,9,12,75.0,9,35,30,11,2,12,19,17,2,1
401585567,2024,2024-03-12,2024-03-12 23:30:00,20,76ers,Philadelphia,PHI,30,80,37.5,8,33,24.2,11,16,68.8,7,24,17,7,4,8,16,0,0,0
401585567,2024,2024-03-12,2024-03-12 23:30:00,18,Knicks,New York,NY,40,79,50.6,14,40,35.0,12,15,80.0,9,42,32,4,4,12,15,33,1,0
401585568,2024,2024-03-12,2024-03-13 00:00:00,27,Wizards,Washington,WSH,37,82,45.1,11,36,30.6,12,16,75.0,4,24,26,9,3,13,18,0,0,0
401585568,2024,2024-03-12,2024-03-13 00:00:00,29,Grizzlies,Memphis,MEM,42,94,44.7,8,33,24.2,17,21,81.0,17,36,27,8,7,17,19,25,1,1
401585569,2024,2024-03-12,2024-03-13 00:00:00,11,Pacers,Indiana,IND,48,89,53.9,9,28,32.1,16,19,84.2,4,39,34,8,10,9,11,16,0,0
401585569,2024,2024-03-12,2024-03-13 00:00:00,25,Thunder,Oklahoma City,OKC,43,99,43.4,14,37,37.8,11,15,73.3,13,37,24,5,4,12,16,1,1,0
401585570,2024,2024-03-12,2024-03-13 00:30:00,10,Rockets,Houston,HOU,37,80,46.3,10,32,31.3,19,21,90.5,8,28,21,10,5,12,19,9,1,0
401585570,2024,2024-03-12,2024-03-13 00:30:00,24,Spurs,San Antonio,SA,39,82,47.6,11,36,30.6,12,14,85.7,10,32,30,9,5,13,20,10,2,0
401585571,2024,2024-03-12,2024-03-13 01:00:00,2,Celtics,Boston,BOS,43,92,46.7,20,49,40.8,17,19,89.5,14,32,25,5,8,8,14,22,1,0
401585571,2024,2024-03-12,2024-03-13 01:00:00,26,Jazz,Utah,UTAH,41,86,47.7,15,32,46.9,10,11,90.9,9,29,23,4,7,10,18,5,0,0
401585572,2024,2024-03-12,2024-03-13 02:00:00,16,Timberwolves,Minnesota,MIN,48,94,51.1,12,33,36.4,10,14,71.4,19,29,26,11,6,9,20,22,2,0
401585572,2024,2024-03-12,2024-03-13 02:00:00,12,Clippers,LA,LAC,34,72,47.2,11,30,36.7,21,25,84.0,8,26,22,7,4,18,18,22,0,0
401585573,2024,2024-03-12,2024-03-13 02:00:00,15,Bucks,Milwaukee,MIL,30,82,36.6,7,39,17.9,27,35,77.1,10,34,23,3,2,13,18,0,0,1
401585573,2024,2024-03-12,2024-03-13 02:00:00,23,Kings,Sacramento,SAC,49,92,53.3,18,40,45.0,13,16,81.3,6,45,34,11,1,8,26,37,1,1
401585561,2024,2024-03-11,2024-03-11 23:00:00,30,Hornets,Charlotte,CHA,34,88,38.6,13,40,32.5,16,23,69.6,9,31,27,7,2,12,16,2,1,1
401585561,2024,2024-03-11,2024-03-11 23:00:00,8,Pistons,Detroit,DET,41,86,47.7,10,42,23.8,22,24,91.7,9,42,26,8,5,12,19,19,0,0
401585562,2024,2024-03-11,2024-03-11 23:30:00,21,Suns,Phoenix,PHX,46,84,54.8,12,32,37.5,13,19,68.4,12,30,23,8,6,14,18,9,0,0
401585562,2024,2024-03-11,2024-03-11 23:30:00,5,Cavaliers,Cleveland,CLE,40,84,47.6,15,46,32.6,16,19,84.2,10,27,30,9,0,12,18,19,1,0
401585563,2024,2024-03-11,2024-03-12 00:00:00,6,Mavericks,Dallas,DAL,51,93,54.8,13,41,31.7,12,15,80.0,10,39,33,10,6,6,17,37,0,1
401585563,2024,2024-03-11,2024-03-12 00:00:00,4,Bulls,Chicago,CHI,35,89,39.3,7,34,20.6,15,22,68.2,14,29,19,6,2,13,12,0,0,0
401585564,2024,2024-03-11,2024-03-12 00:00:00,9,Warriors,Golden State,GS,46,93,49.5,12,27,44.4,8,12,66.7,10,35,28,7,4,13,19,17,1,0
401585564,2024,2024-03-11,2024-03-12 00:00:00,24,Spurs,San Antonio,SA,39,93,41.9,14,37,37.8,10,15,66.7,13,37,27,6,10,15,15,11,0,0
401585565,2024,2024-03-11,2024-03-12 01:00:00,28,Raptors,Toronto,TOR,47,93,50.5,11,30,36.7,14,17,82.4,11,31,30,6,4,11,16,22,2,0
401585565,2024,2024-03-11,2024-03-12 01:00:00,7,Nuggets,Denver,DEN,52,95,54.7,10,29,34.5,11,18,61.1,11,31,36,8,8,9,14,6,0,1
401585566,2024,2024-03-11,2024-03-12 02:30:00,2,Celtics,Boston,BOS,49,100,49.0,15,40,37.5,8,12,66.7,14,31,34,7,10,3,11,24,0,0
401585566,2024,2024-03-11,2024-03-12 02:30:00,22,Trail Blazers,Portland,POR,39,87,44.8,10,28,35.7,11,11,100.0,9,29,23,3,5,11,11,2,0,0
401585552,2024,2024-03-10,2024-03-10 19:00:00,15,Bucks,Milwaukee,MIL,43,87,49.4,17,38,44.7,21,27,77.8,7,34,28,5,6,7,15,10,0,1
401585552,2024,2024-03-10,2024-03-10 19:00:00,12,Clippers,LA,LAC,47,104,45.2,14,47,29.8,9,10,90.0,17,35,30,3,9,10,23,7,0,1
401585553,2024,2024-03-10,2024-03-10 22:00:00,3,Pelicans,New Orleans,NO,43,75,57.3,14,27,51.9,16,22,72.7,4,39,32,8,7,12,10,22,0,1
401585553,2024,2024-03-10,2024-03-10 22:00:00,1,Hawks,Atlanta,ATL,38,91,41.8,17,46,37.0,10,13,76.9,12,29,28,6,4,11,15,4,0,0
401585554,2024,2024-03-10,2024-03-10 22:00:00,27,Wizards,Washington,WSH,39,81,48.1,16,39,41.0,16,22,72.7,6,34,35,5,5,15,18,10,0,0
401585554,2024,2024-03-10,2024-03-10 22:00:00,14,Heat,Miami,MIA,43,95,45.3,10,33,30.3,12,18,66.7,16,35,20,9,6,13,18,11,0,0
401585556,2024,2024-03-10,2024-03-10 22:00:00,11,Pacers,Indiana,IND,38,78,48.7,8,23,34.8,27,33,81.8,5,41,20,5,10,12,21,16,1,2
401585556,2024,2024-03-10,2024-03-10 22:00:00,19,Magic,Orlando,ORL,33,88,37.5,9,36,25.0,22,29,75.9,13,33,18,7,3,12,27,15,1,2
401585557,2024,2024-03-10,2024-03-10 22:00:00,10,Rockets,Houston,HOU,39,84,46.4,12,29,41.4,22,27,81.5,6,36,23,8,1,12,18,17,0,0
401585557,2024,2024-03-10,2024-03-10 22:00:00,23,Kings,Sacramento,SAC,39,86,45.3,6,32,18.8,20,23,87.0,7,37,24,10,5,12,20,13,1,0
401585555,2024,2024-03-10,2024-03-10 23:00:00,20,76ers,Philadelphia,PHI,31,80,38.8,9,30,30.0,8,14,57.1,14,33,20,9,5,13,18,10,2,2
401585555,2024,2024-03-10,2024-03-10 23:00:00,18,Knicks,New York,NY,26,80,32.5,9,40,22.5,12,16,75.0,16,34,19,9,5,19,14,5,2,2
401585558,2024,2024-03-10,2024-03-10 23:00:00,17,Nets,Brooklyn,BKN,42,79,53.2,18,35,51.4,18,20,90.0,8,32,33,7,3,12,17,26,3,2
401585558,2024,2024-03-10,2024-03-10 23:00:00,5,Cavaliers,Cleveland,CLE,37,76,48.7,14,32,43.8,13,20,65.0,5,26,25,8,4,12,17,3,0,1
401585559,2024,2024-03-10,2024-03-10 23:00:00,29,Grizzlies,Memphis,MEM,32,78,41.0,11,33,33.3,18,27,66.7,8,31,21,8,4,16,14,0,0,0
401585559,2024,2024-03-10,2024-03-10 23:00:00,25,Thunder,Oklahoma City,OKC,49,93,52.7,21,47,44.7,5,5,100.0,8,38,36,8,6,10,18,38,0,0
401585560,2024,2024-03-10,2024-03-11 01:30:00,16,Timberwolves,Minnesota,MIN,41,97,42.3,16,46,34.8,11,13,84.6,11,27,27,8,6,11,18,4,1,2
401585560,2024,2024-03-10,2024-03-11 01:30:00,13,Lakers,Los Angeles,LAL,44,83,53.0,10,24,41.7,22,29,75.9,14,42,29,9,4,19,12,16,2,1
401585545,2024,2024-03-09,2024-03-09 21:00:00,4,Bulls,Chicago,CHI,37,86,43.0,13,35,37.1,15,19,78.9,12,26,27,7,3,12,19,14,0,0
401585545,2024,2024-03-09,2024-03-09 21:00:00,12,Clippers,LA,LAC,42,84,50.0,12,35,34.3,16,18,88.9,9,36,29,7,6,13,20,11,3,0
401585546,2024,2024-03-09,2024-03-10 00:00:00,17,Nets,Brooklyn,BKN,36,90,40.0,14,42,33.3,13,17,76.5,16,25,22,4,2,15,14,12,1,0
401585546,2024,2024-03-09,2024-03-10 00:00:00,30,Hornets,Charlotte,CHA,44,81,54.3,11,30,36.7,11,15,73.3,9,36,26,9,3,16,18,12,1,0
401585547,2024,2024-03-09,2024-03-10 00:00:00,6,Mavericks,Dallas,DAL,51,92,55.4,14,38,36.8,26,32,81.3,4,32,29,13,8,14,18,25,0,2
401585547,2024,2024-03-09,2024-03-10 00:00:00,8,Pistons,Detroit,DET,45,99,45.5,13,37,35.1,21,25,84.0,20,36,27,8,4,19,26,2,1,2
401585548,2024,2024-03-09,2024-03-10 01:30:00,2,Celtics,Boston,BOS,46,94,48.9,15,39,38.5,10,13,76.9,13,30,29,7,4,12,12,15,0,1
401585548,2024,2024-03-09,2024-03-10 01:30:00,21,Suns,Phoenix,PHX,44,87,50.6,9,31,29.0,10,16,62.5,10,31,21,6,1,14,14,4,1,0
401585549,2024,2024-03-09,2024-03-10 01:30:00,24,Spurs,San Antonio,SA,44,86,51.2,17,33,51.5,21,28,75.0,12,37,34,6,6,12,22,21,2,0
401585549,2024,2024-03-09,2024-03-10 01:30:00,9,Warriors,Golden State,GS,41,88,46.6,10,30,33.3,21,29,72.4,9,30,26,9,7,12,24,2,0,0
401585550,2024,2024-03-09,2024-03-10 02:00:00,26,Jazz,Utah,UTAH,47,94,50.0,8,26,30.8,19,25,76.0,14,22,22,7,2,15,15,0,0,0
401585550,2024,2024-03-09,2024-03-10 02:00:00,7,Nuggets,Denver,DEN,55,83,66.3,19,32,59.4,13,16,81.3,5,27,40,8,10,13,22,39,1,0
401585551,2024,2024-03-09,2024-03-10 03:00:00,28,Raptors,Toronto,TOR,43,91,47.3,16,43,37.2,16,19,84.2,9,34,29,9,6,20,18,2,0,1
401585551,2024,2024-03-09,2024-03-10 03:00:00,22,Trail Blazers,Portland,POR,49,103,47.6,16,40,40.0,14,15,93.3,18,34,31,10,3,14,18,21,1,0
401585537,2024,2024-03-08,2024-03-09 00:00:00,3,Pelicans,New Orleans,NO,35,79,44.3,11,31,35.5,22,23,95.7,9,39,22,7,10,12,18,35,2,0
401585537,2024,2024-03-08,2024-03-09 00:00:00,20,76ers,Philadelphia,PHI,35,88,39.8,9,37,24.3,16,20,80.0,13,29,21,8,7,10,19,3,2,0
401585538,2024,2024-03-08,2024-03-09 00:00:00,30,Hornets,Charlotte,CHA,40,100,40.0,9,42,21.4,11,15,73.3,13,35,18,6,5,7,19,10,0,1
401585538,2024,2024-03-08,2024-03-09 00:00:00,27,Wizards,Washington,WSH,43,87,49.4,6,33,18.2,20,23,87.0,10,44,25,5,11,11,20,15,0,0
401585539,2024,2024-03-08,2024-03-09 00:30:00,16,Timberwolves,Minnesota,MIN,39,94,41.5,8,30,26.7,18,22,81.8,7,38,25,5,5,12,25,9,2,2
401585539,2024,2024-03-08,2024-03-09 00:30:00,5,Cavaliers,Cleveland,CLE,38,88,43.2,11,34,32.4,26,36,72.2,10,36,27,7,8,12,20,9,1,0
401585540,2024,2024-03-08,2024-03-09 00:30:00,19,Magic,Orlando,ORL,27,79,34.2,6,26,23.1,14,20,70.0,12,25,12,7,10,13,12,0,1,0
401585540,2024,2024-03-08,2024-03-09 00:30:00,18,Knicks,New York,NY,38,79,48.1,16,33,48.5,6,8,75.0,11,32,20,7,10,15,14,26,1,2
401585541,2024,2024-03-08,2024-03-09 01:00:00,1,Hawks,Atlanta,ATL,37,87,42.5,15,35,42.9,10,15,66.7,15,32,21,9,5,14,20,12,2,0
401585541,2024,2024-03-08,2024-03-09 01:00:00,29,Grizzlies,Memphis,MEM,30,74,40.5,10,26,38.5,22,30,73.3,10,28,21,10,11,13,19,14,0,0
401585542,2024,2024-03-08,2024-03-09 01:00:00,14,Heat,Miami,MIA,38,82,46.3,11,29,37.9,13,18,72.2,7,36,24,6,5,10,16,14,1,0
401585542,2024,2024-03-08,2024-03-09 01:00:00,25,Thunder,Oklahoma City,OKC,42,89,47.2,12,38,31.6,11,13,84.6,9,36,28,5,8,9,16,7,0,0
401585543,2024,2024-03-08,2024-03-09 03:00:00,15,Bucks,Milwaukee,MIL,46,93,49.5,16,41,39.0,14,17,82.4,6,37,28,3,2,6,17,6,2,0
401585543,2024,2024-03-08,2024-03-09 03:00:00,13,Lakers,Los Angeles,LAL,47,90,52.2,16,34,47.1,13,19,68.4,4,34,27,2,7,5,16,9,0,0
401585544,2024,2024-03-08,2024-03-09 03:00:00,10,Rockets,Houston,HOU,45,94,47.9,14,37,37.8,19,26,73.1,14,33,33,12,10,7,15,18,0,1
401585544,2024,2024-03-08,2024-03-09 03:00:00,22,Trail Blazers,Portland,POR,37,89,41.6,16,35,45.7,17,25,68.0,19,30,22,5,5,17,16,12,0,0
401585530,2024,2024-03-07,2024-03-08 00:00:00,17,Nets,Brooklyn,BKN,41,84,48.8,17,41,41.5,13,18,72.2,4,24,24,12,4,14,17,6,0,1
401585530,2024,2024-03-07,2024-03-08 00:00:00,8,Pistons,Detroit,DET,43,82,52.4,12,30,40.0,20,21,95.2,13,37,24,7,4,22,18,18,1,0
401585531,2024,2024-03-07,2024-03-08 00:00:00,16,Timberwolves,Minnesota,MIN,46,98,46.9,7,25,28.0,14,19,73.7,13,35,23,9,6,9,20,17,2,1
401585531,2024,2024-03-07,2024-03-08 00:00:00,11,Pacers,Indiana,IND,42,82,51.2,10,26,38.5,17,23,73.9,7,32,26,5,10,15,24,2,0,1
401585532,2024,2024-03-07,2024-03-08 00:30:00,14,Heat,Miami,MIA,40,82,48.8,17,38,44.7,11,17,64.7,2,35,30,7,2,10,20,15,2,0
401585532,2024,2024-03-07,2024-03-08 00:30:00,6,Mavericks,Dallas,DAL,40,87,46.0,16,41,39.0,18,23,78.3,10,35,27,5,6,9,16,11,1,0
401585533,2024,2024-03-07,2024-03-08 02:00:00,28,Raptors,Toronto,TOR,43,94,45.7,16,44,36.4,11,15,73.3,9,27,30,5,2,9,20,0,0,0
401585533,2024,2024-03-07,2024-03-08 02:00:00,21,Suns,Phoenix,PHX,44,86,51.2,15,35,42.9,17,20,85.0,10,39,29,6,6,14,16,19,2,0
401585534,2024,2024-03-07,2024-03-08 03:00:00,2,Celtics,Boston,BOS,41,91,45.1,11,38,28.9,16,25,64.0,13,34,24,6,3,12,18,5,0,3
401585534,2024,2024-03-07,2024-03-08 03:00:00,7,Nuggets,Denver,DEN,45,90,50.0,4,21,19.0,21,22,95.5,8,37,27,10,4,7,19,12,1,2
401585535,2024,2024-03-07,2024-03-08 03:00:00,4,Bulls,Chicago,CHI,46,87,53.0,16,36,44.0,17,23,74.0,7,33,29,6,5,14,22,12,0,0
401585535,2024,2024-03-07,2024-03-08 03:00:00,9,Warriors,Golden State,GS,44,97,45.0,11,42,26.0,23,28,82.0,13,35,31,8,2,11,22,13,0,0
401585536,2024,2024-03-07,2024-03-08 03:00:00,24,Spurs,San Antonio,SA,46,91,50.5,16,33,48.5,21,21,100.0,9,28,39,8,4,12,20,8,0,0
401585536,2024,2024-03-07,2024-03-08 03:00:00,23,Kings,Sacramento,SAC,52,102,51.0,10,32,31.3,17,18,94.4,14,32,31,8,3,13,15,20,0,0
401585522,2024,2024-03-06,2024-03-07 00:00:00,19,Magic,Orlando,ORL,44,81,54.3,12,26,46.2,19,21,90.5,9,33,21,4,5,15,14,13,0,0
401585522,2024,2024-03-06,2024-03-07 00:00:00,27,Wizards,Washington,WSH,40,88,45.5,12,38,31.6,17,20,85.0,9,26,26,7,4,9,20,21,0,0
401585523,2024,2024-03-06,2024-03-07 00:30:00,5,Cavaliers,Cleveland,CLE,39,89,43.8,10,44,22.7,13,17,76.5,10,32,27,5,4,13,16,4,2,1
401585523,2024,2024-03-06,2024-03-07 00:30:00,1,Hawks,Atlanta,ATL,43,84,51.2,11,30,36.7,15,20,75.0,8,34,27,7,3,9,17,21,2,1
401585524,2024,2024-03-06,2024-03-07 00:30:00,29,Grizzlies,Memphis,MEM,41,91,45.1,13,37,35.1,20,23,87.0,15,39,21,3,15,15,14,8,0,2
401585524,2024,2024-03-06,2024-03-07 00:30:00,20,76ers,Philadelphia,PHI,39,102,38.2,13,35,37.1,18,21,85.7,17,30,25,11,9,11,21,15,0,0
401585525,2024,2024-03-06,2024-03-07 00:30:00,12,Clippers,LA,LAC,44,80,55.0,12,29,41.4,22,26,84.6,8,33,19,5,8,9,17,8,0,0
401585525,2024,2024-03-06,2024-03-07 00:30:00,10,Rockets,Houston,HOU,45,94,47.9,16,37,43.2,10,17,58.8,13,25,33,6,2,8,21,20,0,1
401585526,2024,2024-03-06,2024-03-07 02:00:00,4,Bulls,Chicago,CHI,45,90,50.0,17,39,43.6,12,15,80.0,7,32,29,7,4,7,13,12,2,1
401585526,2024,2024-03-06,2024-03-07 02:00:00,26,Jazz,Utah,UTAH,44,96,45.8,15,47,31.9,14,16,87.5,14,31,28,4,7,10,14,2,0,1
401585527,2024,2024-03-06,2024-03-07 03:00:00,15,Bucks,Milwaukee,MIL,34,89,38.2,11,39,28.2,11,15,73.3,6,30,19,8,5,15,10,5,0,0
401585527,2024,2024-03-06,2024-03-07 03:00:00,9,Warriors,Golden State,GS,51,91,56.0,19,39,48.7,4,7,57.1,8,42,37,10,13,14,13,35,2,1
401585528,2024,2024-03-06,2024-03-07 03:00:00,25,Thunder,Oklahoma City,OKC,43,74,58.1,9,22,40.9,33,39,84.6,7,32,23,10,5,18,18,16,0,0
401585528,2024,2024-03-06,2024-03-07 03:00:00,22,Trail Blazers,Portland,POR,41,81,50.6,14,34,41.2,24,27,88.9,7,25,27,10,2,17,28,0,0,0
401585529,2024,2024-03-06,2024-03-07 03:30:00,23,Kings,Sacramento,SAC,54,97,55.7,12,31,38.7,10,12,83.3,9,37,32,8,2,13,23,22,1,0
401585529,2024,2024-03-06,2024-03-07 03:30:00,13,Lakers,Los Angeles,LAL,42,81,51.9,15,32,46.9,21,25,84.0,3,31,25,4,5,14,14,19,0,1
401585513,2024,2024-03-05,2024-03-06 00:00:00,19,Magic,Orlando,ORL,40,74,54.1,13,35,37.1,8,15,53.3,8,33,23,9,1,17,16,16,1,2
401585513,2024,2024-03-05,2024-03-06 00:00:00,30,Hornets,Charlotte,CHA,33,72,45.8,12,33,36.4,11,11,100.0,3,28,19,7,1,19,19,7,0,1
401585514,2024,2024-03-05,2024-03-06 00:30:00,2,Celtics,Boston,BOS,39,93,41.9,15,38,39.5,11,12,91.7,14,39,24,6,9,13,13,22,0,0
401585514,2024,2024-03-05,2024-03-06 00:30:00,5,Cavaliers,Cleveland,CLE,39,90,43.3,20,42,47.6,7,11,63.6,8,34,28,11,3,8,10,4,1,0
401585515,2024,2024-03-05,2024-03-06 00:30:00,20,76ers,Philadelphia,PHI,40,82,48.8,12,28,42.9,15,19,78.9,8,30,25,6,2,12,24,14,0,1
401585515,2024,2024-03-05,2024-03-06 00:30:00,17,Nets,Brooklyn,BKN,41,84,48.8,12,30,40.0,18,24,75.0,10,34,25,4,7,12,16,7,2,1
401585516,2024,2024-03-05,2024-03-06 00:30:00,8,Pistons,Detroit,DET,39,89,43.8,12,42,28.6,20,22,90.9,10,32,26,5,3,10,16,5,1,0
401585516,2024,2024-03-05,2024-03-06 00:30:00,14,Heat,Miami,MIA,42,85,49.4,14,31,45.2,20,23,87.0,8,34,27,7,5,9,14,11,0,2
401585517,2024,2024-03-05,2024-03-06 00:30:00,1,Hawks,Atlanta,ATL,44,87,50.6,10,31,32.3,18,23,78.3,13,38,26,6,5,14,13,22,2,2
401585517,2024,2024-03-05,2024-03-06 00:30:00,18,Knicks,New York,NY,38,99,38.4,16,52,30.8,8,11,72.7,17,23,27,8,6,11,18,0,1,0
401585518,2024,2024-03-05,2024-03-06 00:30:00,3,Pelicans,New Orleans,NO,53,105,50.5,24,49,49.0,9,11,81.8,17,45,38,9,5,11,19,43,0,0
401585518,2024,2024-03-05,2024-03-06 00:30:00,28,Raptors,Toronto,TOR,36,93,38.7,13,44,29.5,13,22,59.1,11,34,21,6,7,11,11,5,1,0
401585519,2024,2024-03-05,2024-03-06 01:00:00,24,Spurs,San Antonio,SA,38,87,43.7,12,36,33.3,13,16,81.3,12,38,24,1,10,18,12,6,1,1
401585519,2024,2024-03-05,2024-03-06 01:00:00,10,Rockets,Houston,HOU,49,105,46.7,9,34,26.5,7,11,63.6,16,35,23,15,5,5,15,13,2,1
401585520,2024,2024-03-05,2024-03-06 01:30:00,11,Pacers,Indiana,IND,50,93,53.8,18,39,46.2,19,24,79.2,9,34,34,3,2,8,21,20,1,0
401585520,2024,2024-03-05,2024-03-06 01:30:00,6,Mavericks,Dallas,DAL,45,93,48.4,13,39,33.3,17,21,81.0,9,32,23,5,6,9,23,6,0,0
401585521,2024,2024-03-05,2024-03-06 03:00:00,21,Suns,Phoenix,PHX,42,96,43.8,15,34,44.1,18,22,81.8,11,41,32,9,7,9,19,22,1,1
401585521,2024,2024-03-05,2024-03-06 03:00:00,7,Nuggets,Denver,DEN,41,96,42.7,15,40,37.5,10,14,71.4,10,41,25,6,6,14,15,7,1,0
401585507,2024,2024-03-04,2024-03-05 00:30:00,29,Grizzlies,Memphis,MEM,38,82,46.3,12,37,32.4,18,22,81.8,15,35,26,6,3,18,22,9,1,0
401585507,2024,2024-03-04,2024-03-05 00:30:00,17,Nets,Brooklyn,BKN,35,79,44.3,15,42,35.7,17,30,56.7,12,21,27,10,6,13,20,6,0,1
401585508,2024,2024-03-04,2024-03-05 01:00:00,12,Clippers,LA,LAC,37,84,44.0,16,40,40.0,16,25,64.0,5,33,25,9,3,13,21,15,1,0
401585508,2024,2024-03-04,2024-03-05 01:00:00,15,Bucks,Milwaukee,MIL,37,78,47.4,15,38,39.5,24,28,85.7,7,39,20,8,3,11,20,12,1,2
401585509,2024,2024-03-04,2024-03-05 01:00:00,22,Trail Blazers,Portland,POR,45,92,48.9,16,39,41.0,8,11,72.7,12,29,28,5,3,13,26,7,1,2
401585509,2024,2024-03-04,2024-03-05 01:00:00,16,Timberwolves,Minnesota,MIN,40,79,50.6,11,28,39.3,28,37,75.7,12,28,28,9,7,11,17,15,0,0
401585510,2024,2024-03-04,2024-03-05 02:00:00,27,Wizards,Washington,WSH,40,94,42.6,16,38,42.1,19,23,82.6,10,33,26,6,3,15,15,14,0,0
401585510,2024,2024-03-04,2024-03-05 02:00:00,26,Jazz,Utah,UTAH,49,101,48.5,16,40,40.0,13,15,86.7,11,40,29,6,9,11,16,12,2,0
401585511,2024,2024-03-04,2024-03-05 03:00:00,4,Bulls,Chicago,CHI,42,84,50.0,11,32,34.4,18,22,81.8,7,25,28,9,2,9,17,4,1,0
401585511,2024,2024-03-04,2024-03-05 03:00:00,23,Kings,Sacramento,SAC,41,92,44.6,11,37,29.7,16,18,88.9,20,31,29,6,6,17,22,22,1,1
401585512,2024,2024-03-04,2024-03-05 03:30:00,25,Thunder,Oklahoma City,OKC,37,94,39.4,15,39,38.5,15,16,93.8,13,25,22,12,7,10,20,12,0,1
401585512,2024,2024-03-04,2024-03-05 03:30:00,13,Lakers,Los Angeles,LAL,41,80,51.2,16,34,47.1,18,25,72.0,12,43,29,8,7,20,15,25,1,2
401585499,2024,2024-03-03,2024-03-03 18:00:00,20,76ers,Philadelphia,PHI,40,88,45.5,11,37,29.7,29,31,93.5,13,29,26,10,5,8,19,18,1,0
401585499,2024,2024-03-03,2024-03-03 18:00:00,6,Mavericks,Dallas,DAL,40,86,46.5,16,41,39.0,20,23,87.0,12,33,20,6,2,17,18,11,0,2
401585500,2024,2024-03-03,2024-03-03 20:30:00,9,Warriors,Golden State,GS,36,92,39.1,7,41,17.1,9,13,69.2,12,34,24,2,3,17,13,2,0,0
401585500,2024,2024-03-03,2024-03-03 20:30:00,2,Celtics,Boston,BOS,53,96,55.2,25,49,51.0,9,11,81.8,7,44,35,10,5,7,19,56,1,1
401585501,2024,2024-03-03,2024-03-03 20:30:00,12,Clippers,LA,LAC,32,85,37.6,10,34,29.4,15,17,88.2,7,33,17,7,5,9,12,5,0,0
401585501,2024,2024-03-03,2024-03-03 20:30:00,16,Timberwolves,Minnesota,MIN,31,80,38.8,9,33,27.3,17,18,94.4,12,42,24,4,7,15,14,16,0,0
401585502,2024,2024-03-03,2024-03-03 23:00:00,8,Pistons,Detroit,DET,33,86,38.4,8,36,22.2,17,20,85.0,5,23,25,11,2,12,19,2,0,0
401585502,2024,2024-03-03,2024-03-03 23:00:00,19,Magic,Orlando,ORL,43,72,59.7,7,23,30.4,20,25,80.0,7,41,24,7,6,20,16,27,2,1
401585503,2024,2024-03-03,2024-03-03 23:00:00,30,Hornets,Charlotte,CHA,43,92,46.7,8,27,29.6,12,16,75.0,11,34,24,8,6,16,15,8,1,1
401585503,2024,2024-03-03,2024-03-03 23:00:00,28,Raptors,Toronto,TOR,42,91,46.2,13,38,34.2,14,18,77.8,11,34,27,8,6,14,16,15,2,1
401585504,2024,2024-03-03,2024-03-04 00:00:00,18,Knicks,New York,NY,42,86,48.8,16,39,41.0,7,10,70.0,10,37,32,8,9,9,13,15,3,0
401585504,2024,2024-03-03,2024-03-04 00:00:00,5,Cavaliers,Cleveland,CLE,39,87,44.8,17,44,38.6,3,8,37.5,10,29,31,7,5,10,11,5,1,0
401585505,2024,2024-03-03,2024-03-04 00:00:00,11,Pacers,Indiana,IND,41,93,44.1,6,30,20.0,17,21,81.0,14,28,20,9,4,10,14,3,2,0
401585505,2024,2024-03-03,2024-03-04 00:00:00,24,Spurs,San Antonio,SA,46,85,54.1,10,25,40.0,15,19,78.9,10,35,33,6,8,14,17,13,2,0
401585506,2024,2024-03-03,2024-03-04 02:30:00,25,Thunder,Oklahoma City,OKC,49,102,48.0,9,31,29.0,11,15,73.3,10,31,21,16,8,5,15,24,1,0
401585506,2024,2024-03-03,2024-03-04 02:30:00,21,Suns,Phoenix,PHX,40,91,44.0,14,39,35.9,16,18,88.9,15,35,26,2,7,21,15,13,1,0
401585494,2024,2024-03-02,2024-03-02 20:00:00,1,Hawks,Atlanta,ATL,37,87,42.5,11,34,32.4,17,23,73.9,12,30,23,4,4,11,19,13,1,1
401585494,2024,2024-03-02,2024-03-02 20:00:00,17,Nets,Brooklyn,BKN,41,88,46.6,15,32,46.9,17,22,77.3,12,33,28,6,8,10,19,18,1,2
401585495,2024,2024-03-02,2024-03-02 22:00:00,26,Jazz,Utah,UTAH,42,87,48.3,14,35,40.0,22,26,84.6,12,30,24,3,5,10,19,11,1,0
401585495,2024,2024-03-02,2024-03-02 22:00:00,14,Heat,Miami,MIA,46,88,52.3,13,34,38.2,21,25,84.0,8,26,33,6,6,6,20,9,0,0
401585496,2024,2024-03-02,2024-03-03 01:00:00,22,Trail Blazers,Portland,POR,39,92,42.4,11,35,31.4,18,24,75.0,13,37,23,8,5,22,25,8,1,0
401585496,2024,2024-03-02,2024-03-03 01:00:00,29,Grizzlies,Memphis,MEM,30,83,36.1,15,40,37.5,25,33,75.8,9,36,21,15,9,22,17,18,2,3
401585497,2024,2024-03-02,2024-03-03 01:30:00,7,Nuggets,Denver,DEN,54,92,58.7,11,26,42.3,5,7,71.4,11,36,34,5,7,10,8,10,0,0
401585497,2024,2024-03-02,2024-03-03 01:30:00,13,Lakers,Los Angeles,LAL,47,89,52.8,12,29,41.4,8,11,72.7,6,25,33,5,4,7,9,11,8,0
401585498,2024,2024-03-02,2024-03-03 02:00:00,10,Rockets,Houston,HOU,42,96,43.8,16,42,38.1,18,26,69.2,13,36,27,13,3,12,22,20,1,1
401585498,2024,2024-03-02,2024-03-03 02:00:00,21,Suns,Phoenix,PHX,39,85,45.9,9,29,31.0,22,29,75.9,9,38,23,6,6,19,17,2,0,4
401585485,2024,2024-03-01,2024-03-02 00:00:00,5,Cavaliers,Cleveland,CLE,33,83,39.8,18,41,43.9,26,30,86.7,12,41,25,7,6,15,20,26,1,1
401585485,2024,2024-03-01,2024-03-02 00:00:00,8,Pistons,Detroit,DET,33,89,37.1,10,36,27.8,24,28,85.7,9,33,24,10,7,8,23,0,1,0
401585486,2024,2024-03-01,2024-03-02 00:00:00,30,Hornets,Charlotte,CHA,43,84,51.2,14,33,42.4,14,17,82.4,7,25,24,5,6,5,13,12,0,1
401585486,2024,2024-03-01,2024-03-02 00:00:00,20,76ers,Philadelphia,PHI,46,96,47.9,19,44,43.2,10,11,90.9,15,33,38,5,7,7,17,12,0,0
401585487,2024,2024-03-01,2024-03-02 00:30:00,6,Mavericks,Dallas,DAL,44,94,46.8,9,34,26.5,13,18,72.2,10,32,20,4,4,7,12,3,1,0
401585487,2024,2024-03-01,2024-03-02 00:30:00,2,Celtics,Boston,BOS,52,94,55.3,21,43,48.8,13,13,100.0,9,38,33,4,8,9,15,28,0,0
401585488,2024,2024-03-01,2024-03-02 00:30:00,9,Warriors,Golden State,GS,44,98,44.9,18,44,40.9,14,18,77.8,15,41,26,10,5,14,14,16,0,1
401585488,2024,2024-03-01,2024-03-02 00:30:00,28,Raptors,Toronto,TOR,41,95,43.2,12,45,26.7,11,17,64.7,11,36,31,9,2,14,14,9,0,1
401585489,2024,2024-03-01,2024-03-02 01:00:00,22,Trail Blazers,Portland,POR,48,92,52.2,13,31,41.9,13,16,81.3,16,30,31,13,8,14,20,33,0,1
401585489,2024,2024-03-01,2024-03-02 01:00:00,29,Grizzlies,Memphis,MEM,35,79,44.3,9,24,37.5,13,22,59.1,8,22,15,6,8,21,17,4,2,0
401585490,2024,2024-03-01,2024-03-02 01:00:00,23,Kings,Sacramento,SAC,50,100,50.0,11,29,37.9,13,24,54.2,14,31,29,8,6,7,29,14,1,0
401585490,2024,2024-03-01,2024-03-02 01:00:00,16,Timberwolves,Minnesota,MIN,42,85,49.4,12,31,38.7,24,32,75.0,8,36,29,4,5,12,22,3,1,0
401585491,2024,2024-03-01,2024-03-02 01:00:00,11,Pacers,Indiana,IND,40,95,42.1,10,32,31.3,12,18,66.7,17,27,25,9,8,16,21,3,0,3
401585491,2024,2024-03-01,2024-03-02 01:00:00,3,Pelicans,New Orleans,NO,48,86,55.8,15,32,46.9,18,26,69.2,11,36,25,9,4,17,17,36,0,1
401585492,2024,2024-03-01,2024-03-02 03:00:00,15,Bucks,Milwaukee,MIL,37,86,43.0,15,46,32.6,24,32,75.0,11,38,22,7,4,7,18,25,0,0
401585492,2024,2024-03-01,2024-03-02 03:00:00,4,Bulls,Chicago,CHI,36,86,41.9,11,27,40.7,14,16,87.5,7,37,25,4,2,12,21,0,0,2
401585493,2024,2024-03-01,2024-03-02 03:30:00,27,Wizards,Washington,WSH,46,98,46.9,12,34,35.3,11,15,73.3,9,30,29,5,3,9,17,6,1,3
401585493,2024,2024-03-01,2024-03-02 03:30:00,12,Clippers,LA,LAC,54,94,57.4,13,32,40.6,19,25,76.0,9,40,32,5,7,8,13,28,1,0
401585477,2024,2024-02-29,2024-03-01 00:00:00,15,Bucks,Milwaukee,MIL,39,86,45.3,16,39,41.0,17,20,85.0,8,36,21,9,3,7,18,25,1,1
401585477,2024,2024-02-29,2024-03-01 00:00:00,30,Hornets,Charlotte,CHA,36,82,43.9,12,39,30.8,15,20,75.0,9,33,24,3,3,13,18,0,0,1
401585478,2024,2024-02-29,2024-03-01 00:00:00,26,Jazz,Utah,UTAH,34,80,42.5,16,37,43.2,23,28,82.1,7,30,25,8,1,13,22,4,0,0
401585478,2024,2024-02-29,2024-03-01 00:00:00,19,Magic,Orlando,ORL,42,77,54.5,10,30,33.3,21,31,67.7,10,35,27,9,6,15,20,13,0,0
401585479,2024,2024-02-29,2024-03-01 00:30:00,1,Hawks,Atlanta,ATL,37,86,43.0,8,28,28.6,15,21,71.4,8,31,18,3,8,11,14,0,3,0
401585479,2024,2024-02-29,2024-03-01 00:30:00,17,Nets,Brooklyn,BKN,46,90,51.1,22,46,47.8,10,13,76.9,8,35,30,6,4,9,16,31,1,0
401585480,2024,2024-02-29,2024-03-01 00:30:00,9,Warriors,Golden State,GS,44,98,44.9,14,44,31.8,8,16,50.0,16,37,26,8,5,11,19,17,0,0
401585480,2024,2024-02-29,2024-03-01 00:30:00,18,Knicks,New York,NY,35,95,36.8,12,39,30.8,17,24,70.8,17,39,23,7,3,12,15,0,1,0
401585481,2024,2024-02-29,2024-03-01 01:30:00,25,Thunder,Oklahoma City,OKC,44,89,49.4,9,31,29.0,21,22,95.5,7,30,20,6,2,10,15,7,1,2
401585481,2024,2024-02-29,2024-03-01 01:30:00,24,Spurs,San Antonio,SA,48,91,52.7,19,39,48.7,17,20,85.0,11,34,39,6,8,11,20,14,1,1
401585482,2024,2024-02-29,2024-03-01 02:00:00,10,Rockets,Houston,HOU,33,99,33.3,11,45,24.4,28,31,90.3,19,39,14,8,5,12,29,1,1,3
401585482,2024,2024-02-29,2024-03-01 02:00:00,21,Suns,Phoenix,PHX,36,89,40.4,13,37,35.1,25,37,67.6,14,37,20,6,6,14,21,21,0,1
401585483,2024,2024-02-29,2024-03-01 03:00:00,14,Heat,Miami,MIA,35,83,42.2,7,26,26.9,20,24,83.3,9,36,21,10,1,14,16,0,1,0
401585483,2024,2024-02-29,2024-03-01 03:00:00,7,Nuggets,Denver,DEN,36,84,42.9,12,34,35.3,19,21,90.5,9,32,22,10,8,15,23,16,0,0
401585484,2024,2024-02-29,2024-03-01 03:30:00,27,Wizards,Washington,WSH,52,102,51.0,17,41,41.5,10,12,83.3,10,35,35,6,6,15,19,9,0,1
401585484,2024,2024-02-29,2024-03-01 03:30:00,13,Lakers,Los Angeles,LAL,53,101,52.5,8,23,34.8,20,24,83.3,7,38,30,6,6,11,16,8,0,1
401585471,2024,2024-02-28,2024-02-29 00:30:00,3,Pelicans,New Orleans,NO,42,90,46.7,11,29,37.9,19,23,82.6,7,33,26,2,4,10,12,0,0,0
401585471,2024,2024-02-28,2024-02-29 00:30:00,11,Pacers,Indiana,IND,50,102,49.0,14,38,36.8,9,9,100.0,14,36,34,5,9,8,21,20,2,0
401585472,2024,2024-02-28,2024-02-29 00:30:00,6,Mavericks,Dallas,DAL,52,96,54.2,15,43,34.9,17,21,81.0,11,39,32,7,10,14,20,15,2,1
401585472,2024,2024-02-28,2024-02-29 00:30:00,28,Raptors,Toronto,TOR,46,98,46.9,13,35,37.1,20,30,66.7,12,32,34,11,3,11,21,7,1,0
401585473,2024,2024-02-28,2024-02-29 01:00:00,29,Grizzlies,Memphis,MEM,36,93,38.7,11,37,29.7,18,20,90.0,17,33,23,8,5,14,22,14,1,0
401585473,2024,2024-02-28,2024-02-29 01:00:00,16,Timberwolves,Minnesota,MIN,39,79,49.4,14,35,40.0,18,22,81.8,5,34,29,4,13,13,19,9,1,1
401585474,2024,2024-02-28,2024-02-29 01:00:00,5,Cavaliers,Cleveland,CLE,45,104,43.3,22,54,40.7,11,19,57.9,5,34,37,7,11,12,25,12,0,1
401585474,2024,2024-02-28,2024-02-29 01:00:00,4,Bulls,Chicago,CHI,44,110,40.0,13,37,35.1,31,38,81.6,25,49,29,6,8,16,18,9,3,1
401585475,2024,2024-02-28,2024-02-29 02:00:00,23,Kings,Sacramento,SAC,38,95,40.0,12,35,34.3,8,13,61.5,15,28,28,8,5,14,14,15,0,0
401585475,2024,2024-02-28,2024-02-29 02:00:00,7,Nuggets,Denver,DEN,46,86,53.5,15,35,42.9,10,11,90.9,5,38,35,10,6,15,17,32,1,0
401585476,2024,2024-02-28,2024-02-29 03:00:00,13,Lakers,Los Angeles,LAL,47,86,54.7,14,36,38.9,8,10,80.0,8,31,28,6,5,15,12,6,2,0
401585476,2024,2024-02-28,2024-02-29 03:00:00,12,Clippers,LA,LAC,45,89,50.6,10,37,27.0,12,16,75.0,9,27,29,10,1,12,17,21,2,0
401585460,2024,2024-02-27,2024-02-28 00:00:00,6,Mavericks,Dallas,DAL,48,91,52.7,14,33,42.4,9,15,60.0,5,31,23,11,6,5,12,10,0,1
401585460,2024,2024-02-27,2024-02-28 00:00:00,5,Cavaliers,Cleveland,CLE,44,83,53.0,20,40,50.0,13,18,72.2,9,38,35,2,4,16,12,15,0,1
401585461,2024,2024-02-27,2024-02-28 00:00:00,17,Nets,Brooklyn,BKN,31,79,39.2,8,31,25.8,11,14,78.6,9,26,18,10,1,20,22,2,2,1
401585461,2024,2024-02-27,2024-02-28 00:00:00,19,Magic,Orlando,ORL,39,74,52.7,9,25,36.0,21,25,84.0,5,33,20,14,2,17,22,33,2,1
401585462,2024,2024-02-27,2024-02-28 00:00:00,9,Warriors,Golden State,GS,47,94,50.0,21,46,45.7,8,11,72.7,9,35,39,12,6,18,11,23,1,0
401585462,2024,2024-02-27,2024-02-28 00:00:00,27,Wizards,Washington,WSH,46,93,49.5,12,35,34.3,8,10,80.0,11,30,34,5,5,20,12,9,1,1
401585463,2024,2024-02-27,2024-02-28 00:30:00,26,Jazz,Utah,UTAH,35,94,37.2,11,38,28.9,16,19,84.2,12,31,24,11,4,17,15,0,1,0
401585463,2024,2024-02-27,2024-02-28 00:30:00,1,Hawks,Atlanta,ATL,46,93,49.5,12,32,37.5,20,23,87.0,15,40,27,8,8,17,15,30,1,1
401585464,2024,2024-02-27,2024-02-28 00:30:00,20,76ers,Philadelphia,PHI,37,94,39.4,14,42,33.3,11,12,91.7,8,20,20,6,5,9,23,7,1,0
401585464,2024,2024-02-27,2024-02-28 00:30:00,2,Celtics,Boston,BOS,39,74,52.7,5,22,22.7,34,37,91.9,9,47,21,7,9,14,16,20,0,1
401585465,2024,2024-02-27,2024-02-28 00:30:00,3,Pelicans,New Orleans,NO,39,77,50.6,18,34,52.9,19,23,82.6,10,34,23,4,5,14,21,23,1,0
401585465,2024,2024-02-27,2024-02-28 00:30:00,18,Knicks,New York,NY,31,83,37.3,14,46,30.4,16,23,69.6,13,25,27,6,5,11,20,5,2,0
401585466,2024,2024-02-27,2024-02-28 01:00:00,24,Spurs,San Antonio,SA,39,82,48.0,16,41,39.0,11,15,73.0,7,34,28,9,7,22,15,5,1,0
401585466,2024,2024-02-27,2024-02-28 01:00:00,16,Timberwolves,Minnesota,MIN,43,93,46.0,13,31,42.0,15,17,88.0,11,35,28,16,8,14,14,24,0,1
401585467,2024,2024-02-27,2024-02-28 01:00:00,8,Pistons,Detroit,DET,37,75,49.3,14,37,37.8,17,23,73.9,8,39,22,3,8,18,19,11,2,0
401585467,2024,2024-02-27,2024-02-28 01:00:00,4,Bulls,Chicago,CHI,39,98,39.8,2,29,6.9,15,18,83.3,15,24,22,11,3,6,18,13,0,0
401585468,2024,2024-02-27,2024-02-28 01:00:00,30,Hornets,Charlotte,CHA,30,81,37.0,11,40,27.5,14,17,82.4,5,32,24,6,2,13,16,5,0,1
401585468,2024,2024-02-27,2024-02-28 01:00:00,15,Bucks,Milwaukee,MIL,46,89,51.7,16,40,40.0,15,18,83.3,11,40,29,7,3,9,17,49,1,3
401585469,2024,2024-02-27,2024-02-28 03:00:00,10,Rockets,Houston,HOU,37,95,38.9,9,39,23.1,12,18,66.7,12,34,22,5,8,15,16,5,0,2
401585469,2024,2024-02-27,2024-02-28 03:00:00,25,Thunder,Oklahoma City,OKC,44,93,47.3,10,27,37.0,14,18,77.8,12,43,19,7,8,13,14,20,2,0
401585470,2024,2024-02-27,2024-02-28 03:00:00,14,Heat,Miami,MIA,37,70,52.9,14,26,53.8,18,26,69.2,6,28,29,8,8,18,19,12,2,0
401585470,2024,2024-02-27,2024-02-28 03:00:00,22,Trail Blazers,Portland,POR,35,86,40.7,10,31,32.3,16,19,84.2,15,25,24,9,4,17,25,15,1,1
401585457,2024,2024-02-26,2024-02-27 00:00:00,28,Raptors,Toronto,TOR,53,96,55.2,12,28,42.9,12,17,70.6,12,33,35,4,7,11,17,12,1,0
401585457,2024,2024-02-26,2024-02-27 00:00:00,11,Pacers,Indiana,IND,46,100,46.0,13,42,31.0,17,23,73.9,13,30,27,8,5,10,19,5,0,0
401585456,2024,2024-02-26,2024-02-27 00:30:00,8,Pistons,Detroit,DET,38,79,48.1,14,30,46.7,21,26,80.8,10,32,25,9,6,17,15,7,0,2
401585456,2024,2024-02-26,2024-02-27 00:30:00,18,Knicks,New York,NY,41,92,44.6,15,39,38.5,16,21,76.2,15,29,31,9,4,14,16,13,0,1
401585458,2024,2024-02-26,2024-02-27 01:00:00,17,Nets,Brooklyn,BKN,44,90,48.9,15,42,35.7,8,14,57.1,12,34,32,5,5,8,24,30,2,0
401585458,2024,2024-02-26,2024-02-27 01:00:00,29,Grizzlies,Memphis,MEM,29,75,38.7,7,26,26.9,21,26,80.8,8,32,16,6,4,14,13,0,1,0
401585459,2024,2024-02-26,2024-02-27 03:00:00,14,Heat,Miami,MIA,45,87,51.7,11,30,36.7,20,25,80.0,10,29,27,12,3,11,12,20,0,0
401585459,2024,2024-02-26,2024-02-27 03:00:00,23,Kings,Sacramento,SAC,45,85,52.9,13,32,40.6,7,12,58.3,11,30,30,10,5,15,20,10,0,1
401585445,2024,2024-02-25,2024-02-25 18:00:00,15,Bucks,Milwaukee,MIL,43,79,54.4,18,37,48.6,15,18,83.3,7,40,32,6,10,18,13,25,1,0
401585445,2024,2024-02-25,2024-02-25 18:00:00,20,76ers,Philadelphia,PHI,36,97,37.1,16,46,34.8,10,11,90.9,13,28,24,12,5,10,18,1,0,0
401585446,2024,2024-02-25,2024-02-25 20:30:00,13,Lakers,Los Angeles,LAL,47,90,52.2,15,35,42.9,4,8,50.0,3,31,28,7,4,10,14,3,2,0
401585446,2024,2024-02-25,2024-02-25 20:30:00,21,Suns,Phoenix,PHX,44,93,47.3,17,40,42.5,18,19,94.7,14,37,32,6,9,12,12,20,3,0
401585447,2024,2024-02-25,2024-02-25 22:00:00,6,Mavericks,Dallas,DAL,41,87,47.1,14,31,45.2,15,21,71.4,8,30,15,9,4,15,13,6,1,0
401585447,2024,2024-02-25,2024-02-25 22:00:00,11,Pacers,Indiana,IND,52,93,55.9,14,36,38.9,15,17,88.2,6,40,38,12,0,12,16,22,3,0
401585448,2024,2024-02-25,2024-02-25 23:00:00,5,Cavaliers,Cleveland,CLE,42,83,50.6,10,32,31.3,20,27,74.1,6,41,35,6,6,10,16,12,1,0
401585448,2024,2024-02-25,2024-02-25 23:00:00,27,Wizards,Washington,WSH,40,90,44.4,12,40,30.0,13,18,72.2,4,36,29,6,2,9,22,10,0,1
401585449,2024,2024-02-25,2024-02-26 00:00:00,19,Magic,Orlando,ORL,35,84,41.7,14,38,36.8,8,18,44.4,14,37,23,7,9,18,19,7,2,0
401585449,2024,2024-02-25,2024-02-26 00:00:00,1,Hawks,Atlanta,ATL,41,90,45.6,12,29,41.4,15,17,88.2,9,35,31,10,3,9,17,20,1,0
401585450,2024,2024-02-25,2024-02-26 00:00:00,25,Thunder,Oklahoma City,OKC,46,97,47.4,17,35,48.6,14,15,93.3,10,38,30,12,8,9,22,17,3,0
401585450,2024,2024-02-25,2024-02-26 00:00:00,10,Rockets,Houston,HOU,38,93,40.9,16,41,39.0,18,23,78.3,13,37,18,6,7,18,16,16,0,0
401585451,2024,2024-02-25,2024-02-26 00:00:00,4,Bulls,Chicago,CHI,41,95,43.2,13,40,32.5,19,21,90.5,12,37,29,12,0,9,15,10,2,0
401585451,2024,2024-02-25,2024-02-26 00:00:00,3,Pelicans,New Orleans,NO,40,88,45.5,16,41,39.0,10,14,71.4,12,37,25,5,7,19,17,12,0,0
401585452,2024,2024-02-25,2024-02-26 00:00:00,7,Nuggets,Denver,DEN,43,88,48.9,11,32,34.4,22,26,84.6,12,33,29,10,5,10,20,16,0,1
401585452,2024,2024-02-25,2024-02-26 00:00:00,9,Warriors,Golden State,GS,35,81,43.2,11,34,32.4,22,29,75.9,11,31,27,5,3,17,18,16,0,0
401585453,2024,2024-02-25,2024-02-26 01:00:00,24,Spurs,San Antonio,SA,42,91,46.2,13,31,41.9,12,19,63.2,10,36,34,8,11,20,17,4,0,0
401585453,2024,2024-02-25,2024-02-26 01:00:00,26,Jazz,Utah,UTAH,46,90,51.1,17,35,48.6,19,22,86.4,5,33,36,13,8,17,17,24,0,0
401585454,2024,2024-02-25,2024-02-26 02:00:00,30,Hornets,Charlotte,CHA,37,75,49.3,7,24,29.2,12,17,70.6,4,37,24,12,6,14,12,21,5,0
401585454,2024,2024-02-25,2024-02-26 02:00:00,22,Trail Blazers,Portland,POR,33,95,34.7,3,32,9.4,11,16,68.8,22,34,14,11,4,15,16,3,1,0
401585455,2024,2024-02-25,2024-02-26 02:30:00,23,Kings,Sacramento,SAC,45,91,49.5,15,37,40.5,18,22,81.8,14,27,29,10,1,10,15,18,0,2
401585455,2024,2024-02-25,2024-02-26 02:30:00,12,Clippers,LA,LAC,40,82,48.8,8,27,29.6,19,20,95.0,10,29,23,7,2,15,14,4,1,0
401585442,2024,2024-02-24,2024-02-25 01:00:00,19,Magic,Orlando,ORL,43,87,49.4,12,24,50.0,14,21,66.7,13,33,25,9,9,10,15,11,3,1
401585442,2024,2024-02-24,2024-02-25 01:00:00,8,Pistons,Detroit,DET,43,85,50.6,14,31,45.2,9,13,69.2,7,29,29,7,7,12,21,4,0,0
401585444,2024,2024-02-24,2024-02-25 01:30:00,2,Celtics,Boston,BOS,46,81,56.8,15,35,42.9,9,12,75.0,11,25,27,8,4,7,16,20,0,3
401585444,2024,2024-02-24,2024-02-25 01:30:00,18,Knicks,New York,NY,37,82,45.1,13,38,34.2,15,16,93.8,15,24,21,1,3,13,15,4,1,0
401585443,2024,2024-02-24,2024-02-25 02:00:00,17,Nets,Brooklyn,BKN,35,104,34.0,6,35,17.0,10,11,91.0,16,40,20,7,2,11,17,10,0,2
401585443,2024,2024-02-24,2024-02-25 02:00:00,16,Timberwolves,Minnesota,MIN,36,84,43.0,12,38,32.0,17,23,74.0,6,45,22,6,9,12,14,15,1,3
401585432,2024,2024-02-23,2024-02-24 00:30:00,28,Raptors,Toronto,TOR,50,102,49.0,15,39,38.5,8,8,100.0,11,36,37,3,7,11,20,16,1,1
401585432,2024,2024-02-23,2024-02-24 00:30:00,1,Hawks,Atlanta,ATL,46,106,43.4,12,39,30.8,17,24,70.8,20,34,27,5,4,9,11,4,0,4
401585433,2024,2024-02-23,2024-02-24 00:30:00,5,Cavaliers,Cleveland,CLE,34,80,42.5,8,27,29.6,21,31,67.7,5,38,24,5,8,10,15,5,1,0
401585433,2024,2024-02-23,2024-02-24 00:30:00,20,76ers,Philadelphia,PHI,40,90,44.4,12,29,41.4,12,15,80.0,9,42,20,6,7,9,25,11,1,1
401585434,2024,2024-02-23,2024-02-24 01:00:00,21,Suns,Phoenix,PHX,38,95,40.0,7,31,22.6,27,35,77.1,19,39,23,10,8,10,20,16,0,2
401585434,2024,2024-02-23,2024-02-24 01:00:00,10,Rockets,Houston,HOU,37,93,39.8,15,45,33.3,25,34,73.5,17,37,25,8,5,14,23,14,0,0
401585435,2024,2024-02-23,2024-02-24 01:00:00,12,Clippers,LA,LAC,37,84,44.0,12,32,37.5,15,17,88.2,14,37,20,7,2,20,20,8,1,0
401585435,2024,2024-02-23,2024-02-24 01:00:00,29,Grizzlies,Memphis,MEM,38,91,41.8,8,35,22.9,11,16,68.8,14,27,26,12,3,12,17,7,1,1
401585437,2024,2024-02-23,2024-02-24 01:00:00,27,Wizards,Washington,WSH,41,104,39.4,9,38,23.7,15,21,71.4,16,27,20,10,3,14,17,3,2,0
401585437,2024,2024-02-23,2024-02-24 01:00:00,25,Thunder,Oklahoma City,OKC,55,92,59.8,20,40,50.0,17,21,81.0,8,48,30,5,9,15,22,46,0,0
401585438,2024,2024-02-23,2024-02-24 01:00:00,14,Heat,Miami,MIA,38,82,46.3,13,29,44.8,17,25,68.0,10,36,20,6,11,14,14,19,1,3
401585438,2024,2024-02-23,2024-02-24 01:00:00,3,Pelicans,New Orleans,NO,39,104,37.5,7,32,21.9,10,13,76.9,18,36,20,6,7,11,19,2,0,4
401585436,2024,2024-02-23,2024-02-24 03:00:00,15,Bucks,Milwaukee,MIL,41,87,47.1,13,37,35.1,17,25,68.0,11,36,24,10,4,10,18,17,0,1
401585436,2024,2024-02-23,2024-02-24 03:00:00,16,Timberwolves,Minnesota,MIN,43,98,43.9,13,35,37.1,8,13,61.5,16,36,23,8,4,13,18,8,1,0
401585439,2024,2024-02-23,2024-02-24 03:00:00,30,Hornets,Charlotte,CHA,32,88,36.4,11,39,28.2,9,11,81.8,13,30,21,13,6,18,15,1,1,2
401585439,2024,2024-02-23,2024-02-24 03:00:00,9,Warriors,Golden State,GS,38,89,42.7,13,42,31.0,8,10,80.0,13,40,28,7,7,21,15,23,1,2
401585440,2024,2024-02-23,2024-02-24 03:00:00,7,Nuggets,Denver,DEN,50,85,58.8,13,33,39.4,14,22,63.6,11,34,38,8,6,12,17,22,1,0
401585440,2024,2024-02-23,2024-02-24 03:00:00,22,Trail Blazers,Portland,POR,46,101,45.5,8,25,32.0,12,18,66.7,19,26,25,11,2,10,17,5,1,0
401585441,2024,2024-02-23,2024-02-24 03:30:00,24,Spurs,San Antonio,SA,42,96,43.8,15,38,39.5,19,23,82.6,16,31,33,9,7,14,14,6,0,1
401585441,2024,2024-02-23,2024-02-24 03:30:00,13,Lakers,Los Angeles,LAL,49,95,51.6,11,27,40.7,14,18,77.8,10,36,28,7,4,12,18,18,1,0
401585420,2024,2024-02-22,2024-02-23 00:00:00,19,Magic,Orlando,ORL,43,84,51.2,14,25,56.0,16,18,88.9,10,23,26,8,3,13,23,14,0,1
401585420,2024,2024-02-22,2024-02-23 00:00:00,5,Cavaliers,Cleveland,CLE,39,70,55.7,10,22,45.5,21,26,80.8,7,26,31,8,5,17,18,4,2,1
401585421,2024,2024-02-22,2024-02-23 00:00:00,8,Pistons,Detroit,DET,47,89,52.8,12,30,40.0,9,18,50.0,6,35,27,6,4,15,21,1,0,1
401585421,2024,2024-02-22,2024-02-23 00:00:00,11,Pacers,Indiana,IND,50,94,53.2,13,30,43.3,16,19,84.2,7,35,36,10,5,13,15,31,1,0
401585422,2024,2024-02-22,2024-02-23 00:00:00,18,Knicks,New York,NY,38,79,48.1,15,34,44.1,19,27,70.4,12,33,24,11,6,15,13,26,3,1
401585422,2024,2024-02-22,2024-02-23 00:00:00,20,76ers,Philadelphia,PHI,37,84,44.0,10,29,34.5,12,14,85.7,7,31,23,7,3,18,23,1,0,2
401585423,2024,2024-02-22,2024-02-23 00:00:00,17,Nets,Brooklyn,BKN,33,80,41.3,11,37,29.7,16,22,72.7,6,33,19,7,2,19,24,1,1,0
401585423,2024,2024-02-22,2024-02-23 00:00:00,28,Raptors,Toronto,TOR,41,84,48.8,14,31,45.2,25,30,83.3,7,38,24,10,6,10,18,34,1,1
401585424,2024,2024-02-22,2024-02-23 00:30:00,21,Suns,Phoenix,PHX,40,83,48.2,15,36,41.7,18,24,75.0,11,30,20,7,4,16,21,11,0,0
401585424,2024,2024-02-22,2024-02-23 00:30:00,6,Mavericks,Dallas,DAL,43,90,47.8,19,44,43.2,18,21,85.7,10,29,24,10,5,10,21,15,0,1
401585425,2024,2024-02-22,2024-02-23 01:00:00,2,Celtics,Boston,BOS,45,83,54.2,23,47,48.9,16,21,76.2,5,31,27,10,11,13,16,21,1,0
401585425,2024,2024-02-22,2024-02-23 01:00:00,4,Bulls,Chicago,CHI,44,94,46.8,10,28,35.7,14,16,87.5,13,32,30,6,2,13,17,3,0,1
401585426,2024,2024-02-22,2024-02-23 01:00:00,10,Rockets,Houston,HOU,36,82,43.9,15,41,36.6,18,28,64.3,12,32,27,6,5,22,18,4,2,1
401585426,2024,2024-02-22,2024-02-23 01:00:00,3,Pelicans,New Orleans,NO,50,96,52.1,16,41,39.0,11,18,61.1,9,34,35,16,6,13,21,29,1,1
401585427,2024,2024-02-22,2024-02-23 01:00:00,12,Clippers,LA,LAC,42,93,45.2,12,32,37.5,11,13,84.6,11,31,27,6,2,14,15,7,0,0
401585427,2024,2024-02-22,2024-02-23 01:00:00,25,Thunder,Oklahoma City,OKC,50,90,55.6,17,35,48.6,12,17,70.6,8,36,24,9,11,12,16,22,3,0
401585428,2024,2024-02-22,2024-02-23 02:00:00,27,Wizards,Washington,WSH,40,104,38.5,17,38,44.7,13,23,56.5,14,26,30,14,1,14,15,0,0,0
401585428,2024,2024-02-22,2024-02-23 02:00:00,7,Nuggets,Denver,DEN,56,101,55.4,7,31,22.6,11,15,73.3,13,47,41,11,11,16,16,28,0,1
401585429,2024,2024-02-22,2024-02-23 02:00:00,30,Hornets,Charlotte,CHA,40,92,43.5,20,42,47.6,15,22,68.2,12,30,28,11,3,9,23,10,1,2
401585429,2024,2024-02-22,2024-02-23 02:00:00,26,Jazz,Utah,UTAH,37,86,43.0,9,39,23.1,24,27,88.9,15,39,26,3,2,19,21,9,0,1
401585430,2024,2024-02-22,2024-02-23 03:00:00,13,Lakers,Los Angeles,LAL,43,88,48.9,10,35,28.6,14,21,66.7,10,31,28,5,9,11,18,4,0,0
401585430,2024,2024-02-22,2024-02-23 03:00:00,9,Warriors,Golden State,GS,50,107,46.7,16,41,39.0,12,14,85.7,15,33,32,6,4,9,19,21,0,0
401585431,2024,2024-02-22,2024-02-23 03:00:00,24,Spurs,San Antonio,SA,50,98,51.0,11,25,44.0,11,16,68.8,11,31,37,9,5,8,12,6,0,0
401585431,2024,2024-02-22,2024-02-23 03:00:00,23,Kings,Sacramento,SAC,52,93,55.9,13,33,39.4,10,14,71.4,7,35,29,5,6,10,12,11,0,0
401623259,2024,2024-02-18,2024-02-19 01:00:00,32,All-Stars,Western Conf,WEST,80,143,55.9,25,71,35.2,1,1,100.0,16,37,60,8,2,11,2,5,0,0
401623259,2024,2024-02-18,2024-02-19 01:00:00,31,All-Stars,Eastern Conf,EAST,83,146,56.8,42,97,43.3,3,4,75.0,24,40,46,6,1,14,1,27,0,0
401585418,2024,2024-02-15,2024-02-16 01:30:00,15,Bucks,Milwaukee,MIL,42,90,46.7,11,44,25.0,15,20,75.0,11,33,24,10,5,13,22,8,1,1
401585418,2024,2024-02-15,2024-02-16 01:30:00,29,Grizzlies,Memphis,MEM,44,83,53.0,13,26,50.0,12,19,63.2,7,33,30,9,3,16,16,10,0,0
401636113,2024,2024-02-15,2024-02-16 02:00:00,9,Warriors,Golden State,GS,49,92,53.3,20,42,47.6,22,28,78.6,13,28,42,8,6,13,19,19,0,1
401636113,2024,2024-02-15,2024-02-16 02:00:00,26,Jazz,Utah,UTAH,43,93,46.2,22,49,44.9,29,32,90.6,17,31,33,10,3,16,22,11,0,1
401585419,2024,2024-02-15,2024-02-16 03:00:00,16,Timberwolves,Minnesota,MIN,46,89,51.7,11,30,36.7,25,27,92.6,11,41,24,8,5,13,22,38,1,0
401585419,2024,2024-02-15,2024-02-16 03:00:00,22,Trail Blazers,Portland,POR,31,83,37.3,8,29,27.6,21,30,70.0,9,26,18,8,5,15,23,2,0,2
401585405,2024,2024-02-14,2024-02-15 00:00:00,1,Hawks,Atlanta,ATL,36,89,40.4,9,38,23.7,18,20,90.0,15,30,23,5,6,16,20,2,0,0
401585405,2024,2024-02-14,2024-02-15 00:00:00,30,Hornets,Charlotte,CHA,44,89,49.4,15,37,40.5,19,20,95.0,12,34,27,7,4,12,18,25,1,0
401585406,2024,2024-02-14,2024-02-15 00:00:00,18,Knicks,New York,NY,35,84,41.7,11,29,37.9,19,24,79.2,16,18,15,8,0,10,11,12,2,0
401585406,2024,2024-02-14,2024-02-15 00:00:00,19,Magic,Orlando,ORL,48,76,63.2,12,26,46.2,10,11,90.9,7,27,25,7,7,12,22,23,0,1
401585407,2024,2024-02-14,2024-02-15 00:00:00,14,Heat,Miami,MIA,42,88,47.7,11,35,31.4,14,15,93.3,10,33,27,10,1,13,17,8,0,1
401585407,2024,2024-02-14,2024-02-15 00:00:00,20,76ers,Philadelphia,PHI,41,86,47.7,10,35,28.6,12,16,75.0,6,33,29,3,1,14,20,7,0,0
401585408,2024,2024-02-14,2024-02-15 00:30:00,17,Nets,Brooklyn,BKN,31,81,38.3,10,31,32.3,14,15,93.3,6,25,27,5,1,11,12,0,1,0
401585408,2024,2024-02-14,2024-02-15 00:30:00,2,Celtics,Boston,BOS,52,91,57.1,22,45,48.9,10,12,83.3,10,41,32,6,5,8,13,56,2,0
401585409,2024,2024-02-14,2024-02-15 00:30:00,4,Bulls,Chicago,CHI,38,83,45.8,14,33,42.4,15,17,88.2,9,35,18,5,3,14,21,17,1,2
401585409,2024,2024-02-14,2024-02-15 00:30:00,5,Cavaliers,Cleveland,CLE,40,83,48.2,12,37,32.4,16,21,76.2,6,30,31,6,2,8,18,3,0,1
401585410,2024,2024-02-14,2024-02-15 00:30:00,11,Pacers,Indiana,IND,47,97,48.5,17,41,41.5,16,23,69.6,9,30,32,9,9,8,20,3,0,1
401585410,2024,2024-02-14,2024-02-15 00:30:00,28,Raptors,Toronto,TOR,50,98,51.0,6,26,23.1,19,26,73.1,15,41,30,6,7,15,20,11,0,2
401585411,2024,2024-02-14,2024-02-15 01:00:00,10,Rockets,Houston,HOU,42,102,41.2,11,36,30.6,18,28,64.3,22,34,20,9,4,9,25,2,0,2
401585411,2024,2024-02-14,2024-02-15 01:00:00,29,Grizzlies,Memphis,MEM,39,79,49.4,15,35,42.9,28,41,68.3,8,38,27,8,11,11,20,23,0,1
401585412,2024,2024-02-14,2024-02-15 01:00:00,27,Wizards,Washington,WSH,44,92,47.8,21,45,46.7,17,20,85.0,15,27,35,7,3,19,22,6,0,1
401585412,2024,2024-02-14,2024-02-15 01:00:00,3,Pelicans,New Orleans,NO,50,89,56.2,10,32,31.3,23,29,79.3,8,31,36,14,6,10,21,20,0,1
401585413,2024,2024-02-14,2024-02-15 01:30:00,24,Spurs,San Antonio,SA,36,100,36.0,10,40,25.0,11,15,73.3,13,31,29,8,7,11,9,15,1,0
401585413,2024,2024-02-14,2024-02-15 01:30:00,6,Mavericks,Dallas,DAL,49,92,53.3,11,30,36.7,7,10,70.0,8,47,28,6,10,15,14,29,1,1
401585414,2024,2024-02-14,2024-02-15 02:00:00,23,Kings,Sacramento,SAC,39,89,43.8,9,33,27.3,15,19,78.9,10,38,21,7,5,14,18,7,1,0
401585414,2024,2024-02-14,2024-02-15 02:00:00,7,Nuggets,Denver,DEN,35,89,39.3,9,26,34.6,19,22,86.4,12,33,27,6,5,12,18,16,0,2
401585415,2024,2024-02-14,2024-02-15 02:00:00,8,Pistons,Detroit,DET,38,99,38.4,10,37,27.0,14,22,63.6,16,32,26,14,5,19,32,2,0,1
401585415,2024,2024-02-14,2024-02-15 02:00:00,21,Suns,Phoenix,PHX,35,77,45.5,10,31,32.3,36,44,81.8,9,45,28,15,11,23,20,35,1,5
401585416,2024,2024-02-14,2024-02-15 02:00:00,13,Lakers,Los Angeles,LAL,52,91,57.1,14,31,45.2,20,24,83.3,5,32,34,8,4,9,13,23,1,1
401585416,2024,2024-02-14,2024-02-15 02:00:00,26,Jazz,Utah,UTAH,49,101,48.5,14,45,31.1,10,13,76.9,15,29,29,5,7,13,21,5,0,0
401585417,2024,2024-02-14,2024-02-15 03:00:00,12,Clippers,LA,LAC,44,88,50.0,13,38,34.2,29,37,78.4,12,36,28,6,4,12,21,7,0,3
401585417,2024,2024-02-14,2024-02-15 03:00:00,9,Warriors,Golden State,GS,47,103,45.6,18,47,38.3,13,18,72.2,13,34,34,7,2,9,25,15,0,3
401585399,2024,2024-02-13,2024-02-14 00:30:00,2,Celtics,Boston,BOS,43,83,51.8,15,37,40.5,17,23,73.9,7,32,31,6,1,13,24,23,1,0
401585399,2024,2024-02-13,2024-02-14 00:30:00,17,Nets,Brooklyn,BKN,39,79,49.4,15,33,45.5,17,26,65.4,7,30,28,6,3,12,21,3,0,2
401585400,2024,2024-02-13,2024-02-14 00:30:00,25,Thunder,Oklahoma City,OKC,46,84,54.8,13,32,40.6,22,24,91.7,4,27,28,9,8,11,20,21,1,0
401585400,2024,2024-02-13,2024-02-14 00:30:00,19,Magic,Orlando,ORL,41,91,45.1,11,36,30.6,20,25,80.0,14,34,29,6,3,16,19,11,0,0
401585401,2024,2024-02-13,2024-02-14 01:00:00,14,Heat,Miami,MIA,45,87,51.7,19,40,47.5,14,18,77.8,7,40,34,10,3,14,13,31,0,1
401585401,2024,2024-02-13,2024-02-14 01:00:00,15,Bucks,Milwaukee,MIL,37,83,44.6,13,39,33.3,10,11,90.9,5,33,24,8,4,18,12,0,0,1
401585402,2024,2024-02-13,2024-02-14 03:00:00,23,Kings,Sacramento,SAC,49,95,51.6,9,31,29.0,18,24,75.0,15,35,27,8,6,13,27,11,0,1
401585402,2024,2024-02-13,2024-02-14 03:00:00,21,Suns,Phoenix,PHX,44,85,51.8,13,31,41.9,29,36,80.6,7,32,29,11,6,12,16,10,0,0
401585403,2024,2024-02-13,2024-02-14 03:00:00,16,Timberwolves,Minnesota,MIN,39,84,46.4,13,33,39.4,30,34,88.2,12,29,24,8,9,12,18,20,0,0
401585403,2024,2024-02-13,2024-02-14 03:00:00,22,Trail Blazers,Portland,POR,39,87,44.8,11,29,37.9,20,25,80.0,12,32,26,5,1,16,29,7,0,0
401585404,2024,2024-02-13,2024-02-14 03:30:00,8,Pistons,Detroit,DET,45,108,41.7,8,28,28.6,13,17,76.5,17,33,30,8,2,10,24,1,0,0
401585404,2024,2024-02-13,2024-02-14 03:30:00,13,Lakers,Los Angeles,LAL,43,84,51.2,14,35,40.0,25,30,83.3,7,40,32,6,11,15,14,24,1,1
401585389,2024,2024-02-12,2024-02-13 00:00:00,11,Pacers,Indiana,IND,42,83,50.6,8,30,26.7,10,16,62.5,2,30,31,9,3,11,11,7,0,0
401585389,2024,2024-02-12,2024-02-13 00:00:00,30,Hornets,Charlotte,CHA,44,82,53.7,10,34,29.4,13,16,81.3,5,41,27,5,3,16,17,9,3,0
401585390,2024,2024-02-12,2024-02-13 00:00:00,20,76ers,Philadelphia,PHI,48,88,54.5,11,26,42.3,16,19,84.2,11,31,25,5,4,10,22,10,1,1
401585390,2024,2024-02-12,2024-02-13 00:00:00,5,Cavaliers,Cleveland,CLE,44,92,47.8,13,37,35.1,20,25,80.0,15,28,33,6,8,10,17,4,1,2
401585391,2024,2024-02-12,2024-02-13 00:30:00,4,Bulls,Chicago,CHI,51,92,55.4,13,28,46.4,21,29,72.4,7,36,29,6,2,6,22,12,0,0
401585391,2024,2024-02-12,2024-02-13 00:30:00,1,Hawks,Atlanta,ATL,44,94,46.8,14,43,32.6,24,29,82.8,15,34,33,4,3,11,20,13,1,2
401585392,2024,2024-02-12,2024-02-13 00:30:00,24,Spurs,San Antonio,SA,46,87,52.9,11,30,36.7,19,23,82.6,5,41,37,12,13,17,14,31,2,0
401585392,2024,2024-02-12,2024-02-13 00:30:00,28,Raptors,Toronto,TOR,39,98,39.8,8,31,25.8,13,16,81.3,16,31,25,11,4,19,20,0,0,0
401585393,2024,2024-02-12,2024-02-13 01:00:00,18,Knicks,New York,NY,42,92,45.7,12,36,33.3,7,12,58.3,19,32,19,4,4,16,23,8,1,1
401585393,2024,2024-02-12,2024-02-13 01:00:00,10,Rockets,Houston,HOU,36,80,45.0,10,26,38.5,23,33,69.7,12,27,22,12,3,11,16,16,1,0
401585394,2024,2024-02-12,2024-02-13 01:00:00,3,Pelicans,New Orleans,NO,32,78,41.0,13,35,37.1,19,24,79.2,12,37,21,12,4,17,18,25,2,0
401585394,2024,2024-02-12,2024-02-13 01:00:00,29,Grizzlies,Memphis,MEM,34,81,42.0,12,44,27.3,7,8,87.5,3,33,28,7,8,17,17,8,1,1
401585395,2024,2024-02-12,2024-02-13 01:00:00,7,Nuggets,Denver,DEN,36,94,38.3,11,40,27.5,12,17,70.6,12,36,24,7,2,13,14,3,0,0
401585395,2024,2024-02-12,2024-02-13 01:00:00,15,Bucks,Milwaukee,MIL,42,84,50.0,16,34,47.1,12,18,66.7,9,42,30,8,6,12,19,28,1,3
401585396,2024,2024-02-12,2024-02-13 01:30:00,27,Wizards,Washington,WSH,44,106,41.5,7,32,21.9,9,15,60.0,12,40,27,9,7,15,25,11,1,1
401585396,2024,2024-02-12,2024-02-13 01:30:00,6,Mavericks,Dallas,DAL,43,96,44.8,9,36,25.0,17,26,65.4,12,44,27,7,12,16,18,8,0,0
401585397,2024,2024-02-12,2024-02-13 02:00:00,9,Warriors,Golden State,GS,48,100,48.0,20,44,45.5,13,17,76.5,12,39,31,8,4,13,13,22,0,0
401585397,2024,2024-02-12,2024-02-13 02:00:00,26,Jazz,Utah,UTAH,41,92,44.6,11,32,34.4,14,16,87.5,9,35,23,8,7,17,17,3,1,0
401585398,2024,2024-02-12,2024-02-13 03:30:00,16,Timberwolves,Minnesota,MIN,46,86,53.5,11,34,32.4,18,19,94.7,9,32,33,9,7,11,20,24,2,0
401585398,2024,2024-02-12,2024-02-13 03:30:00,12,Clippers,LA,LAC,34,84,40.5,9,28,32.1,23,26,88.5,10,26,20,6,3,13,14,4,0,0
401585387,2024,2024-02-11,2024-02-11 19:00:00,2,Celtics,Boston,BOS,41,81,51.0,16,39,41.0,12,17,71.0,6,36,27,1,9,9,13,15,2,0
401585387,2024,2024-02-11,2024-02-11 19:00:00,14,Heat,Miami,MIA,40,97,41.0,12,40,30.0,14,15,93.0,14,31,21,4,2,7,14,3,0,0
401585388,2024,2024-02-11,2024-02-11 20:00:00,23,Kings,Sacramento,SAC,44,90,48.9,16,42,38.1,9,13,69.2,10,30,32,5,5,18,22,4,0,0
401585388,2024,2024-02-11,2024-02-11 20:00:00,25,Thunder,Oklahoma City,OKC,46,85,54.1,13,27,48.1,22,27,81.5,5,31,30,8,9,9,17,24,2,0
401585376,2024,2024-02-10,2024-02-10 20:00:00,25,Thunder,Oklahoma City,OKC,38,98,38.8,17,47,36.2,18,21,85.7,12,28,23,5,4,10,23,0,0,0
401585376,2024,2024-02-10,2024-02-10 20:00:00,6,Mavericks,Dallas,DAL,53,91,58.2,15,38,39.5,25,33,75.8,11,43,30,8,3,12,23,41,0,0
401585377,2024,2024-02-10,2024-02-10 20:30:00,8,Pistons,Detroit,DET,45,102,44.1,9,30,30.0,7,7,100.0,14,43,27,7,2,14,19,13,0,2
401585377,2024,2024-02-10,2024-02-10 20:30:00,12,Clippers,LA,LAC,37,82,45.1,13,39,33.3,25,26,96.2,0,35,20,9,6,11,13,13,0,1
401585378,2024,2024-02-10,2024-02-10 23:00:00,24,Spurs,San Antonio,SA,36,91,39.6,11,34,32.4,20,21,95.2,15,26,20,5,3,14,11,3,0,0
401585378,2024,2024-02-10,2024-02-10 23:00:00,17,Nets,Brooklyn,BKN,49,87,56.3,17,34,50.0,8,11,72.7,9,32,31,8,7,11,23,28,1,1
401585379,2024,2024-02-10,2024-02-11 00:00:00,29,Grizzlies,Memphis,MEM,43,92,46.7,16,44,36.4,4,8,50.0,9,23,33,12,5,12,13,6,0,0
401585379,2024,2024-02-10,2024-02-11 00:00:00,30,Hornets,Charlotte,CHA,47,82,57.3,16,31,51.6,5,7,71.4,5,38,30,8,4,19,9,14,0,0
401585380,2024,2024-02-10,2024-02-11 00:00:00,4,Bulls,Chicago,CHI,43,99,43.4,12,37,32.4,10,14,71.4,18,25,21,10,6,8,24,11,0,1
401585380,2024,2024-02-10,2024-02-11 00:00:00,19,Magic,Orlando,ORL,41,88,46.6,13,39,33.3,19,26,73.1,13,35,23,4,6,15,18,10,2,0
401585381,2024,2024-02-10,2024-02-11 00:00:00,20,76ers,Philadelphia,PHI,48,100,48.0,8,27,29.6,15,23,65.2,13,35,28,8,4,11,18,15,0,0
401585381,2024,2024-02-10,2024-02-11 00:00:00,27,Wizards,Washington,WSH,42,86,48.8,13,35,37.1,16,21,76.2,7,32,28,7,8,15,23,6,2,0
401585382,2024,2024-02-10,2024-02-11 00:30:00,10,Rockets,Houston,HOU,44,100,44.0,13,43,30.2,12,19,63.2,16,42,22,6,6,17,26,12,0,2
401585382,2024,2024-02-10,2024-02-11 00:30:00,1,Hawks,Atlanta,ATL,40,88,45.5,14,41,34.1,28,37,75.7,9,32,25,7,8,11,18,15,0,0
401585383,2024,2024-02-10,2024-02-11 00:30:00,11,Pacers,Indiana,IND,50,82,61.0,14,29,48.3,11,19,57.9,6,35,30,4,3,15,20,22,1,0
401585383,2024,2024-02-10,2024-02-11 00:30:00,18,Knicks,New York,NY,40,84,47.6,10,32,31.3,21,23,91.3,5,27,16,7,4,9,15,4,0,1
401585384,2024,2024-02-10,2024-02-11 00:30:00,5,Cavaliers,Cleveland,CLE,48,92,52.2,14,41,34.1,9,13,69.2,14,33,36,5,4,10,18,25,1,0
401585384,2024,2024-02-10,2024-02-11 00:30:00,28,Raptors,Toronto,TOR,35,87,40.2,9,31,29.0,16,23,69.6,12,28,22,7,3,11,14,3,0,0
401585385,2024,2024-02-10,2024-02-11 01:30:00,21,Suns,Phoenix,PHX,43,94,45.7,11,34,32.4,15,16,93.8,9,33,28,9,8,14,13,5,0,0
401585385,2024,2024-02-10,2024-02-11 01:30:00,9,Warriors,Golden State,GS,45,101,44.6,17,41,41.5,6,11,54.5,13,39,33,6,2,13,20,7,1,2
401585386,2024,2024-02-10,2024-02-11 03:00:00,3,Pelicans,New Orleans,NO,36,76,47.4,10,27,37.0,11,16,68.8,8,28,27,9,6,12,14,13,0,0
401585386,2024,2024-02-10,2024-02-11 03:00:00,22,Trail Blazers,Portland,POR,33,76,43.4,6,21,28.6,12,17,70.6,11,31,19,7,4,17,14,2,1,0
401585370,2024,2024-02-09,2024-02-10 00:00:00,1,Hawks,Atlanta,ATL,42,81,51.9,16,36,44.4,27,33,81.8,9,31,31,4,9,13,19,22,0,0
401585370,2024,2024-02-09,2024-02-10 00:00:00,20,76ers,Philadelphia,PHI,42,98,42.9,15,45,33.3,22,29,75.9,18,31,24,7,6,9,24,0,1,0
401585371,2024,2024-02-09,2024-02-10 00:30:00,27,Wizards,Washington,WSH,45,95,47.4,20,47,42.6,19,21,90.5,5,34,32,8,1,12,25,8,0,1
401585371,2024,2024-02-09,2024-02-10 00:30:00,2,Celtics,Boston,BOS,48,92,52.2,11,34,32.4,26,28,92.9,9,40,25,9,5,13,17,15,0,0
401585372,2024,2024-02-09,2024-02-10 00:30:00,10,Rockets,Houston,HOU,38,85,44.7,15,38,39.5,13,16,81.3,12,36,22,5,3,21,20,3,1,1
401585372,2024,2024-02-09,2024-02-10 00:30:00,28,Raptors,Toronto,TOR,40,95,42.1,10,33,30.3,17,19,89.5,16,25,24,14,8,11,17,22,1,0
401585373,2024,2024-02-09,2024-02-10 01:00:00,30,Hornets,Charlotte,CHA,27,79,34.2,7,29,24.1,23,29,79.3,8,40,17,2,2,13,20,3,2,0
401585373,2024,2024-02-09,2024-02-10 01:00:00,15,Bucks,Milwaukee,MIL,41,94,43.6,18,52,34.6,20,24,83.3,10,43,26,8,5,5,24,42,2,0
401585374,2024,2024-02-09,2024-02-10 03:00:00,7,Nuggets,Denver,DEN,38,82,46.3,10,29,34.5,20,28,71.4,9,26,26,9,5,20,16,9,1,2
401585374,2024,2024-02-09,2024-02-10 03:00:00,23,Kings,Sacramento,SAC,51,87,58.6,17,34,50.0,16,18,88.9,6,36,32,11,1,16,22,32,0,0
401585375,2024,2024-02-09,2024-02-10 03:30:00,3,Pelicans,New Orleans,NO,46,89,51.7,11,29,37.9,19,23,82.6,10,31,28,5,7,13,22,4,0,4
401585375,2024,2024-02-09,2024-02-10 03:30:00,13,Lakers,Los Angeles,LAL,49,88,55.7,14,31,45.2,27,32,84.4,5,27,32,5,5,7,20,20,1,0
401585361,2024,2024-02-08,2024-02-09 00:00:00,9,Warriors,Golden State,GS,52,93,55.9,17,32,53.1,10,13,76.9,10,39,33,7,7,17,22,25,0,0
401585361,2024,2024-02-08,2024-02-09 00:00:00,11,Pacers,Indiana,IND,39,81,48.1,12,31,38.7,19,27,70.4,7,23,31,11,6,14,17,0,0,1
401585362,2024,2024-02-08,2024-02-09 00:00:00,24,Spurs,San Antonio,SA,42,81,51.9,11,35,31.4,16,17,94.1,4,23,29,7,5,14,16,0,1,0
401585362,2024,2024-02-08,2024-02-09 00:00:00,19,Magic,Orlando,ORL,49,82,59.8,16,27,59.3,13,20,65.0,8,31,34,11,5,16,20,23,1,1
401585363,2024,2024-02-08,2024-02-09 00:30:00,5,Cavaliers,Cleveland,CLE,43,80,53.8,15,37,40.5,17,17,100.0,7,41,26,8,13,15,18,31,2,1
401585363,2024,2024-02-08,2024-02-09 00:30:00,17,Nets,Brooklyn,BKN,37,93,39.8,10,25,40.0,11,14,78.6,12,22,22,9,3,12,17,0,0,1
401585364,2024,2024-02-08,2024-02-09 00:30:00,6,Mavericks,Dallas,DAL,43,82,52.4,18,42,42.9,18,23,78.3,6,34,30,7,6,8,13,20,1,0
401585364,2024,2024-02-08,2024-02-09 00:30:00,18,Knicks,New York,NY,42,94,44.7,14,37,37.8,10,11,90.9,14,32,27,5,2,14,19,0,0,0
401585365,2024,2024-02-08,2024-02-09 01:00:00,4,Bulls,Chicago,CHI,43,79,54.4,12,26,46.2,20,22,90.9,8,38,24,3,4,14,16,9,1,1
401585365,2024,2024-02-08,2024-02-09 01:00:00,29,Grizzlies,Memphis,MEM,42,91,46.2,18,46,39.1,8,13,61.5,9,25,26,8,4,9,24,9,1,0
401585366,2024,2024-02-08,2024-02-09 01:00:00,16,Timberwolves,Minnesota,MIN,48,87,55.2,21,41,51.2,12,16,75.0,12,31,34,8,3,8,17,28,0,0
401585366,2024,2024-02-08,2024-02-09 01:00:00,15,Bucks,Milwaukee,MIL,40,81,49.4,14,33,42.4,11,16,68.8,10,25,35,6,3,13,10,4,0,0
401585367,2024,2024-02-08,2024-02-09 02:00:00,26,Jazz,Utah,UTAH,41,94,43.6,12,35,34.3,21,31,67.7,19,33,28,7,7,15,14,0,0,0
401585367,2024,2024-02-08,2024-02-09 02:00:00,21,Suns,Phoenix,PHX,52,88,59.1,14,29,48.3,11,16,68.8,5,32,37,10,7,12,22,19,0,0
401585368,2024,2024-02-08,2024-02-09 03:00:00,7,Nuggets,Denver,DEN,47,97,48.5,14,32,43.8,6,7,85.7,14,36,33,4,6,12,17,15,2,0
401585368,2024,2024-02-08,2024-02-09 03:00:00,13,Lakers,Los Angeles,LAL,41,89,46.1,8,25,32.0,16,22,72.7,10,29,27,12,10,7,10,0,0,0
401585369,2024,2024-02-08,2024-02-09 03:00:00,8,Pistons,Detroit,DET,45,93,48.4,16,27,59.3,22,31,71.0,16,29,26,3,7,16,23,6,1,2
401585369,2024,2024-02-08,2024-02-09 03:00:00,22,Trail Blazers,Portland,POR,41,89,46.1,11,30,36.7,29,33,87.9,11,27,29,9,7,15,27,23,2,1
401585354,2024,2024-02-07,2024-02-08 00:00:00,28,Raptors,Toronto,TOR,43,81,53.1,17,33,51.5,20,24,83.3,7,34,30,5,3,9,17,7,2,0
401585354,2024,2024-02-07,2024-02-08 00:00:00,30,Hornets,Charlotte,CHA,44,90,48.9,16,39,41.0,13,20,65.0,9,29,27,6,2,10,20,15,0,0
401585356,2024,2024-02-07,2024-02-08 00:00:00,5,Cavaliers,Cleveland,CLE,43,88,48.9,12,35,34.3,16,22,72.7,7,39,25,4,5,14,11,11,0,0
401585356,2024,2024-02-07,2024-02-08 00:00:00,27,Wizards,Washington,WSH,42,94,44.7,16,40,40.0,6,9,66.7,12,35,27,10,5,15,23,7,0,0
401585355,2024,2024-02-07,2024-02-08 00:30:00,9,Warriors,Golden State,GS,47,94,50.0,16,38,42.1,17,22,77.3,12,40,30,7,8,12,21,30,1,0
401585355,2024,2024-02-07,2024-02-08 00:30:00,20,76ers,Philadelphia,PHI,41,98,41.8,8,32,25.0,14,14,100.0,11,29,21,7,8,14,16,10,1,0
401585357,2024,2024-02-07,2024-02-08 00:30:00,1,Hawks,Atlanta,ATL,43,102,42.2,13,41,31.7,18,20,90.0,13,36,24,8,2,9,13,5,0,0
401585357,2024,2024-02-07,2024-02-08 00:30:00,2,Celtics,Boston,BOS,49,93,52.7,17,49,34.7,10,11,90.9,6,39,33,6,9,14,16,13,0,0
401585358,2024,2024-02-07,2024-02-08 00:30:00,24,Spurs,San Antonio,SA,41,90,45.6,12,37,32.4,10,17,58.8,6,40,30,6,2,14,21,6,1,0
401585358,2024,2024-02-07,2024-02-08 00:30:00,14,Heat,Miami,MIA,43,87,49.4,12,38,31.6,18,23,78.3,5,40,29,8,2,10,20,19,1,1
401585359,2024,2024-02-07,2024-02-08 03:00:00,3,Pelicans,New Orleans,NO,47,88,53.4,12,32,37.5,11,16,68.8,8,30,30,13,5,12,17,17,3,1
401585359,2024,2024-02-07,2024-02-08 03:00:00,12,Clippers,LA,LAC,36,78,46.2,12,32,37.5,22,26,84.6,8,29,23,7,2,19,17,0,0,0
401585360,2024,2024-02-07,2024-02-08 03:00:00,8,Pistons,Detroit,DET,47,84,56.0,17,31,54.8,22,22,100.0,6,42,32,2,2,11,21,15,2,0
401585360,2024,2024-02-07,2024-02-08 03:00:00,23,Kings,Sacramento,SAC,45,95,47.4,15,44,34.1,15,22,68.2,5,28,31,7,6,4,20,9,0,2
401585347,2024,2024-02-06,2024-02-07 00:00:00,10,Rockets,Houston,HOU,50,97,51.5,12,25,48.0,17,23,73.9,20,28,26,5,3,15,16,10,0,0
401585347,2024,2024-02-06,2024-02-07 00:00:00,11,Pacers,Indiana,IND,54,86,62.8,15,32,46.9,9,14,64.3,5,20,35,7,7,12,20,14,0,0
401585348,2024,2024-02-06,2024-02-07 00:30:00,6,Mavericks,Dallas,DAL,46,91,50.5,19,43,44.2,8,13,61.5,6,39,25,7,3,10,12,23,1,0
401585348,2024,2024-02-06,2024-02-07 00:30:00,17,Nets,Brooklyn,BKN,41,91,45.1,12,33,36.4,13,15,86.7,8,35,33,6,5,10,13,3,0,0
401585349,2024,2024-02-06,2024-02-07 00:30:00,19,Magic,Orlando,ORL,35,80,43.8,10,35,28.6,15,21,71.4,8,31,25,7,3,18,17,0,0,0
401585349,2024,2024-02-06,2024-02-07 00:30:00,14,Heat,Miami,MIA,47,87,54.0,13,36,36.1,14,18,77.8,11,34,31,10,3,13,19,26,0,0
401585350,2024,2024-02-06,2024-02-07 00:30:00,29,Grizzlies,Memphis,MEM,41,80,51.2,21,37,56.8,10,16,62.5,8,27,33,4,5,18,15,0,0,4
401585350,2024,2024-02-06,2024-02-07 00:30:00,18,Knicks,New York,NY,48,86,55.8,11,27,40.7,16,20,80.0,8,29,28,12,5,10,12,28,0,0
401585351,2024,2024-02-06,2024-02-07 01:00:00,16,Timberwolves,Minnesota,MIN,42,92,45.7,20,45,44.4,19,26,73.1,10,32,28,6,5,13,25,23,1,2
401585351,2024,2024-02-06,2024-02-07 01:00:00,4,Bulls,Chicago,CHI,45,93,48.4,12,30,40.0,27,32,84.4,13,35,24,9,16,14,22,6,0,1
401585352,2024,2024-02-06,2024-02-07 02:00:00,25,Thunder,Oklahoma City,OKC,43,90,47.8,19,37,51.4,12,18,66.7,9,23,26,9,9,11,16,12,0,0
401585352,2024,2024-02-06,2024-02-07 02:00:00,26,Jazz,Utah,UTAH,46,89,51.7,14,35,40.0,18,20,90.0,15,33,29,9,8,17,17,8,0,0
401585353,2024,2024-02-06,2024-02-07 03:00:00,15,Bucks,Milwaukee,MIL,39,90,43.0,13,40,32.0,15,25,60.0,10,34,23,10,4,12,21,7,1,0
401585353,2024,2024-02-06,2024-02-07 03:00:00,21,Suns,Phoenix,PHX,44,87,51.0,8,28,29.0,18,27,67.0,8,41,17,8,5,13,19,15,1,0
401585341,2024,2024-02-05,2024-02-06 00:00:00,13,Lakers,Los Angeles,LAL,50,89,56.2,8,34,23.5,16,19,84.2,7,41,36,5,6,16,12,21,1,0
401585341,2024,2024-02-05,2024-02-06 00:00:00,30,Hornets,Charlotte,CHA,47,96,49.0,13,32,40.6,11,14,78.6,5,29,26,9,1,9,16,7,0,0
401585342,2024,2024-02-05,2024-02-06 00:00:00,23,Kings,Sacramento,SAC,43,93,46.2,17,44,38.6,7,12,58.3,10,30,28,5,1,12,18,2,0,0
401585342,2024,2024-02-05,2024-02-06 00:00:00,5,Cavaliers,Cleveland,CLE,51,88,58.0,23,41,56.1,11,17,64.7,5,40,36,10,5,8,15,29,1,2
401585343,2024,2024-02-05,2024-02-06 00:00:00,6,Mavericks,Dallas,DAL,42,87,48.3,17,43,39.5,17,23,73.9,8,36,28,6,4,9,16,22,1,0
401585343,2024,2024-02-05,2024-02-06 00:00:00,20,76ers,Philadelphia,PHI,40,93,43.0,8,29,27.6,14,20,70.0,16,35,20,8,5,11,21,11,1,1
401585344,2024,2024-02-05,2024-02-06 00:30:00,12,Clippers,LA,LAC,52,89,58.4,21,35,60.0,24,31,77.4,8,28,32,8,5,7,19,13,1,0
401585344,2024,2024-02-05,2024-02-06 00:30:00,1,Hawks,Atlanta,ATL,51,95,53.7,20,39,51.3,22,27,81.5,13,26,35,5,4,11,22,5,0,2
401585345,2024,2024-02-05,2024-02-06 00:30:00,9,Warriors,Golden State,GS,43,93,46.2,4,22,18.2,19,23,82.6,16,44,24,7,8,13,17,12,1,0
401585345,2024,2024-02-05,2024-02-06 00:30:00,17,Nets,Brooklyn,BKN,34,89,38.2,13,42,31.0,17,22,77.3,11,27,23,7,12,10,23,9,0,0
401585346,2024,2024-02-05,2024-02-06 01:00:00,28,Raptors,Toronto,TOR,40,84,47.6,10,31,32.3,10,15,66.7,10,28,27,4,6,18,12,2,0,0
401585346,2024,2024-02-05,2024-02-06 01:00:00,3,Pelicans,New Orleans,NO,53,104,51.0,19,45,42.2,13,13,100.0,17,34,36,11,5,7,13,45,0,0
401585332,2024,2024-02-04,2024-02-04 20:00:00,19,Magic,Orlando,ORL,45,84,53.6,10,24,41.7,11,15,73.3,7,30,22,7,3,10,18,12,0,1
401585332,2024,2024-02-04,2024-02-04 20:00:00,8,Pistons,Detroit,DET,36,80,45.0,8,31,25.8,19,22,86.4,9,27,22,6,5,15,18,9,0,0
401585333,2024,2024-02-04,2024-02-04 20:30:00,21,Suns,Phoenix,PHX,54,88,61.4,11,25,44.0,21,26,80.8,9,33,33,13,6,17,12,32,1,1
401585333,2024,2024-02-04,2024-02-04 20:30:00,27,Wizards,Washington,WSH,47,96,49.0,7,32,21.9,11,17,64.7,13,22,32,11,4,18,19,0,0,1
401585334,2024,2024-02-04,2024-02-04 23:00:00,29,Grizzlies,Memphis,MEM,35,92,38.0,11,38,28.9,10,12,83.3,16,30,19,5,3,20,15,0,1,0
401585334,2024,2024-02-04,2024-02-04 23:00:00,2,Celtics,Boston,BOS,48,99,48.5,19,51,37.3,16,18,88.9,17,40,30,12,4,10,13,40,1,0
401585335,2024,2024-02-04,2024-02-04 23:00:00,11,Pacers,Indiana,IND,45,92,48.9,11,33,33.3,14,18,77.8,11,38,34,5,4,11,15,24,0,0
401585335,2024,2024-02-04,2024-02-04 23:00:00,30,Hornets,Charlotte,CHA,35,88,39.8,8,29,27.6,21,25,84.0,11,32,18,6,5,10,16,0,1,1
401585336,2024,2024-02-04,2024-02-04 23:17:00,12,Clippers,LA,LAC,34,77,44.2,16,39,41.0,19,22,86.4,9,39,23,6,5,15,12,13,2,0
401585336,2024,2024-02-04,2024-02-04 23:17:00,14,Heat,Miami,MIA,38,91,41.8,8,30,26.7,11,12,91.7,12,33,24,9,0,10,19,11,0,0
401585337,2024,2024-02-04,2024-02-05 00:00:00,10,Rockets,Houston,HOU,31,88,35.2,10,30,33.3,18,27,66.7,10,31,20,10,7,11,26,6,0,0
401585337,2024,2024-02-04,2024-02-05 00:00:00,16,Timberwolves,Minnesota,MIN,40,90,44.4,11,30,36.7,20,27,74.1,11,47,21,6,11,15,19,28,1,2
401585338,2024,2024-02-04,2024-02-05 00:00:00,28,Raptors,Toronto,TOR,48,101,47.5,14,35,40.0,17,21,81.0,11,37,38,6,5,11,16,23,1,1
401585338,2024,2024-02-04,2024-02-05 00:00:00,25,Thunder,Oklahoma City,OKC,52,110,47.3,23,63,36.5,8,8,100.0,14,31,40,6,8,10,15,8,1,1
401585339,2024,2024-02-04,2024-02-05 01:00:00,15,Bucks,Milwaukee,MIL,39,84,46.4,15,41,36.6,15,25,60.0,7,25,27,8,3,11,21,19,1,1
401585339,2024,2024-02-04,2024-02-05 01:00:00,26,Jazz,Utah,UTAH,43,89,48.3,17,44,38.6,20,24,83.3,12,40,31,3,3,16,24,15,0,1
401585340,2024,2024-02-04,2024-02-05 01:30:00,22,Trail Blazers,Portland,POR,39,85,45.9,11,31,35.5,14,15,93.3,15,27,29,6,3,13,16,14,0,1
401585340,2024,2024-02-04,2024-02-05 01:30:00,7,Nuggets,Denver,DEN,42,86,48.8,12,28,42.9,16,19,84.2,14,28,26,8,6,8,11,15,1,2
401585326,2024,2024-02-03,2024-02-03 23:00:00,17,Nets,Brooklyn,BKN,49,95,51.6,20,51,39.2,18,23,78.3,13,40,35,3,5,10,20,30,2,1
401585326,2024,2024-02-03,2024-02-03 23:00:00,20,76ers,Philadelphia,PHI,44,96,45.8,12,29,41.4,21,27,77.8,11,33,26,7,1,5,17,0,0,4
401585327,2024,2024-02-03,2024-02-04 00:30:00,9,Warriors,Golden State,GS,50,112,44.6,18,56,32.1,16,20,80.0,14,43,26,4,7,14,23,8,0,0
401585327,2024,2024-02-03,2024-02-04 00:30:00,1,Hawks,Atlanta,ATL,55,114,48.2,14,43,32.6,17,22,77.3,16,41,27,5,4,8,20,11,0,0
401585328,2024,2024-02-03,2024-02-04 01:00:00,23,Kings,Sacramento,SAC,42,84,50.0,15,39,38.5,24,29,82.8,4,36,33,12,1,16,18,30,1,1
401585328,2024,2024-02-03,2024-02-04 01:00:00,4,Bulls,Chicago,CHI,42,91,46.2,11,34,32.4,20,22,90.9,11,36,24,13,3,16,20,5,0,2
401585329,2024,2024-02-03,2024-02-04 01:30:00,13,Lakers,Los Angeles,LAL,39,80,48.8,12,31,38.7,23,27,85.2,3,35,28,4,11,5,16,9,0,1
401585329,2024,2024-02-03,2024-02-04 01:30:00,18,Knicks,New York,NY,41,100,41.0,10,35,28.6,13,15,86.7,18,33,21,1,4,7,20,8,0,0
401585330,2024,2024-02-03,2024-02-04 01:30:00,15,Bucks,Milwaukee,MIL,50,88,56.8,12,30,40.0,17,25,68.0,5,31,34,13,2,11,21,15,1,1
401585330,2024,2024-02-03,2024-02-04 01:30:00,6,Mavericks,Dallas,DAL,40,81,49.4,16,39,41.0,21,23,91.3,8,34,22,9,1,21,19,25,0,3
401585331,2024,2024-02-03,2024-02-04 01:30:00,5,Cavaliers,Cleveland,CLE,46,97,47.4,13,44,29.5,12,13,92.3,10,41,31,6,4,9,19,26,1,1
401585331,2024,2024-02-03,2024-02-04 01:30:00,24,Spurs,San Antonio,SA,36,98,36.7,12,40,30.0,17,21,81.0,14,40,23,6,6,11,13,1,1,1
401585316,2024,2024-02-02,2024-02-03 00:00:00,12,Clippers,LA,LAC,53,89,59.6,14,29,48.3,16,19,84.2,7,29,31,12,5,9,21,20,2,1
401585316,2024,2024-02-02,2024-02-03 00:00:00,8,Pistons,Detroit,DET,45,89,50.6,17,40,42.5,18,24,75.0,13,25,28,5,3,16,18,14,1,0
401585317,2024,2024-02-02,2024-02-03 00:00:00,14,Heat,Miami,MIA,38,88,43.2,7,31,22.6,27,35,77.1,14,45,24,4,1,12,18,16,0,1
401585317,2024,2024-02-02,2024-02-03 00:00:00,27,Wizards,Washington,WSH,37,90,41.1,11,42,26.2,17,21,81.0,6,37,28,5,4,8,25,11,1,1
401585318,2024,2024-02-02,2024-02-03 00:30:00,21,Suns,Phoenix,PHX,47,88,53.4,14,37,37.8,12,14,85.7,8,30,31,6,5,16,17,3,1,1
401585318,2024,2024-02-02,2024-02-03 00:30:00,1,Hawks,Atlanta,ATL,49,95,51.6,17,44,38.6,14,18,77.8,12,31,29,7,4,9,13,11,1,2
401585319,2024,2024-02-02,2024-02-03 00:30:00,23,Kings,Sacramento,SAC,51,90,56.7,13,34,38.2,18,28,64.3,9,29,26,15,3,16,17,18,1,0
401585319,2024,2024-02-02,2024-02-03 00:30:00,11,Pacers,Indiana,IND,46,85,54.1,10,29,34.5,20,24,83.3,8,31,23,13,3,22,20,5,0,1
401585320,2024,2024-02-02,2024-02-03 01:00:00,28,Raptors,Toronto,TOR,40,91,44.0,11,33,33.3,15,20,75.0,8,29,17,11,5,14,18,3,0,0
401585320,2024,2024-02-02,2024-02-03 01:00:00,10,Rockets,Houston,HOU,55,93,59.1,11,31,35.5,14,17,82.4,7,42,30,9,3,14,20,31,1,2
401585321,2024,2024-02-02,2024-02-03 01:00:00,9,Warriors,Golden State,GS,46,83,55.4,11,29,37.9,18,22,81.8,6,40,32,7,8,14,17,20,0,1
401585321,2024,2024-02-02,2024-02-03 01:00:00,29,Grizzlies,Memphis,MEM,35,87,40.2,14,46,30.4,17,24,70.8,9,28,30,7,4,13,20,4,1,0
401585322,2024,2024-02-02,2024-02-03 01:00:00,19,Magic,Orlando,ORL,39,85,45.9,9,25,36.0,21,26,80.8,10,32,24,11,4,13,17,5,2,1
401585322,2024,2024-02-02,2024-02-03 01:00:00,16,Timberwolves,Minnesota,MIN,38,82,46.3,12,38,31.6,18,20,90.0,6,32,24,8,5,17,20,17,0,1
401585323,2024,2024-02-02,2024-02-03 01:00:00,30,Hornets,Charlotte,CHA,41,92,44.6,14,31,45.2,10,14,71.4,7,28,22,12,4,14,21,0,0,1
401585323,2024,2024-02-02,2024-02-03 01:00:00,25,Thunder,Oklahoma City,OKC,44,75,58.7,17,36,47.2,21,27,77.8,3,41,31,10,10,16,17,35,3,0
401585324,2024,2024-02-02,2024-02-03 01:00:00,3,Pelicans,New Orleans,NO,46,95,48.4,7,26,26.9,15,21,71.4,13,26,29,14,3,9,17,5,0,0
401585324,2024,2024-02-02,2024-02-03 01:00:00,24,Spurs,San Antonio,SA,46,96,47.9,10,39,25.6,11,18,61.1,18,37,35,6,10,18,16,12,0,0
401585325,2024,2024-02-02,2024-02-03 02:00:00,22,Trail Blazers,Portland,POR,37,80,46.3,10,28,35.7,24,30,80.0,13,24,14,7,4,8,16,2,2,1
401585325,2024,2024-02-02,2024-02-03 02:00:00,7,Nuggets,Denver,DEN,46,91,50.5,12,36,33.3,16,17,94.1,16,32,34,3,6,11,20,15,1,0
401585312,2024,2024-02-01,2024-02-02 00:30:00,13,Lakers,Los Angeles,LAL,38,94,40.4,19,36,52.8,19,26,73.1,15,37,30,11,2,7,8,16,0,0
401585312,2024,2024-02-01,2024-02-02 00:30:00,2,Celtics,Boston,BOS,41,97,42.3,16,48,33.3,7,7,100.0,14,40,30,4,12,15,19,4,0,0
401585313,2024,2024-02-01,2024-02-02 00:30:00,11,Pacers,Indiana,IND,42,93,45.2,13,33,39.4,8,13,61.5,9,35,21,9,9,13,25,15,0,0
401585313,2024,2024-02-01,2024-02-02 00:30:00,18,Knicks,New York,NY,41,103,39.8,8,38,21.1,19,25,76.0,24,36,15,8,7,10,14,7,0,1
401585315,2024,2024-02-01,2024-02-02 01:00:00,5,Cavaliers,Cleveland,CLE,41,86,47.7,14,35,40.0,12,18,66.7,10,38,26,6,8,14,16,7,0,2
401585315,2024,2024-02-01,2024-02-02 01:00:00,29,Grizzlies,Memphis,MEM,37,90,41.1,12,38,31.6,15,17,88.2,7,36,25,9,12,12,19,12,1,0
401585314,2024,2024-02-01,2024-02-02 03:00:00,20,76ers,Philadelphia,PHI,47,94,50.0,14,32,43.8,19,21,90.5,10,30,27,6,11,4,22,12,1,1
401585314,2024,2024-02-01,2024-02-02 03:00:00,26,Jazz,Utah,UTAH,45,87,51.7,12,36,33.3,22,25,88.0,10,33,36,3,9,9,15,3,2,1
401585302,2024,2024-01-31,2024-02-01 00:00:00,4,Bulls,Chicago,CHI,45,87,51.7,11,29,37.9,16,22,72.7,11,33,28,4,7,9,13,12,1,1
401585302,2024,2024-01-31,2024-02-01 00:00:00,30,Hornets,Charlotte,CHA,40,90,44.4,16,46,34.8,14,17,82.4,9,31,25,4,6,9,18,10,1,0
401585303,2024,2024-01-31,2024-02-01 00:00:00,8,Pistons,Detroit,DET,45,81,55.6,16,31,51.6,15,19,78.9,7,28,27,8,3,17,17,5,2,0
401585303,2024,2024-01-31,2024-02-01 00:00:00,5,Cavaliers,Cleveland,CLE,47,89,52.8,12,35,34.3,22,23,95.7,10,23,26,13,5,9,15,9,0,0
401585304,2024,2024-01-31,2024-02-01 00:00:00,12,Clippers,LA,LAC,47,100,47.0,12,30,40.0,19,22,86.4,18,34,25,9,7,8,16,29,0,0
401585304,2024,2024-01-31,2024-02-01 00:00:00,27,Wizards,Washington,WSH,45,97,46.4,9,29,31.0,10,15,66.7,12,33,19,4,10,13,19,3,0,0
401585306,2024,2024-01-31,2024-02-01 00:30:00,23,Kings,Sacramento,SAC,41,93,44.1,12,40,30.0,12,18,66.7,12,32,26,6,3,9,17,3,0,0
401585306,2024,2024-01-31,2024-02-01 00:30:00,14,Heat,Miami,MIA,42,84,50.0,13,28,46.4,18,23,78.3,7,42,38,3,2,8,16,18,2,0
401585307,2024,2024-01-31,2024-02-01 01:00:00,3,Pelicans,New Orleans,NO,41,82,50.0,11,34,32.4,17,24,70.8,12,44,20,3,6,16,22,20,0,0
401585307,2024,2024-01-31,2024-02-01 01:00:00,10,Rockets,Houston,HOU,35,87,40.2,13,44,29.5,16,17,94.1,5,24,19,11,2,5,21,3,0,0
401585308,2024,2024-01-31,2024-02-01 01:00:00,6,Mavericks,Dallas,DAL,31,76,40.8,6,29,20.7,19,26,73.1,9,22,18,4,4,16,24,4,1,0
401585308,2024,2024-01-31,2024-02-01 01:00:00,16,Timberwolves,Minnesota,MIN,45,80,56.3,13,30,43.3,18,30,60.0,9,36,31,6,4,10,24,36,0,1
401585309,2024,2024-01-31,2024-02-01 01:00:00,19,Magic,Orlando,ORL,41,86,47.7,7,20,35.0,19,23,82.6,12,33,29,10,5,15,20,25,1,0
401585309,2024,2024-01-31,2024-02-01 01:00:00,24,Spurs,San Antonio,SA,36,80,45.0,9,31,29.0,17,24,70.8,7,34,24,9,9,17,20,11,2,0
401585310,2024,2024-01-31,2024-02-01 01:00:00,7,Nuggets,Denver,DEN,37,93,39.8,15,37,40.5,11,16,68.8,12,35,21,7,9,8,23,13,2,0
401585310,2024,2024-01-31,2024-02-01 01:00:00,25,Thunder,Oklahoma City,OKC,37,87,42.5,11,26,42.3,20,25,80.0,15,38,24,2,9,11,14,13,2,0
401585305,2024,2024-01-31,2024-02-01 01:30:00,21,Suns,Phoenix,PHX,49,79,62.0,14,28,50.0,24,32,75.0,9,33,35,5,6,15,12,21,1,1
401585305,2024,2024-01-31,2024-02-01 01:30:00,17,Nets,Brooklyn,BKN,47,94,50.0,16,39,41.0,10,13,76.9,8,19,28,11,1,11,24,6,0,1
401585311,2024,2024-01-31,2024-02-01 03:00:00,15,Bucks,Milwaukee,MIL,45,92,48.9,13,45,28.9,13,18,72.2,10,29,27,7,5,13,17,8,0,0
401585311,2024,2024-01-31,2024-02-01 03:00:00,22,Trail Blazers,Portland,POR,49,92,53.3,12,28,42.9,9,9,100.0,9,30,26,9,1,11,20,10,0,0
401585297,2024,2024-01-30,2024-01-31 00:30:00,13,Lakers,Los Angeles,LAL,48,90,53.3,12,33,36.4,14,25,56.0,7,30,28,12,3,14,16,6,0,0
401585297,2024,2024-01-30,2024-01-31 00:30:00,1,Hawks,Atlanta,ATL,53,101,52.5,16,38,42.1,16,18,88.9,12,34,32,10,2,12,18,20,0,0
401585298,2024,2024-01-30,2024-01-31 00:30:00,11,Pacers,Indiana,IND,50,108,46.3,12,39,30.8,12,15,80.0,19,31,33,4,2,7,21,1,1,0
401585298,2024,2024-01-30,2024-01-31 00:30:00,2,Celtics,Boston,BOS,47,87,54.0,17,36,47.2,18,22,81.8,7,33,25,6,9,10,16,20,2,0
401585299,2024,2024-01-30,2024-01-31 00:30:00,26,Jazz,Utah,UTAH,39,86,45.3,12,36,33.3,13,17,76.5,15,28,23,3,5,14,16,9,1,1
401585299,2024,2024-01-30,2024-01-31 00:30:00,18,Knicks,New York,NY,44,94,46.8,13,34,38.2,17,18,94.4,14,31,29,9,7,5,16,25,1,2
401585300,2024,2024-01-30,2024-01-31 01:00:00,28,Raptors,Toronto,TOR,43,83,51.8,14,29,48.3,18,20,90.0,9,29,34,10,4,19,20,11,1,0
401585300,2024,2024-01-30,2024-01-31 01:00:00,4,Bulls,Chicago,CHI,38,75,50.7,11,32,34.4,20,27,74.1,6,27,21,9,9,17,16,16,3,0
401585301,2024,2024-01-30,2024-01-31 03:00:00,20,76ers,Philadelphia,PHI,39,85,45.9,13,30,43.3,16,21,76.2,13,26,11,14,2,16,24,8,0,0
401585301,2024,2024-01-30,2024-01-31 03:00:00,9,Warriors,Golden State,GS,44,79,55.7,14,32,43.8,17,19,89.5,8,34,32,6,6,16,20,14,2,2
401585285,2024,2024-01-29,2024-01-30 00:00:00,18,Knicks,New York,NY,44,84,52.4,12,37,32.4,13,16,81.3,7,35,25,5,3,9,16,29,0,1
401585285,2024,2024-01-29,2024-01-30 00:00:00,30,Hornets,Charlotte,CHA,37,81,45.7,11,32,34.4,7,14,50.0,9,32,23,4,6,13,14,4,1,2
401585286,2024,2024-01-29,2024-01-30 00:00:00,12,Clippers,LA,LAC,38,80,47.5,11,34,32.4,21,28,75.0,6,31,28,8,3,12,21,7,1,1
401585286,2024,2024-01-29,2024-01-30 00:00:00,5,Cavaliers,Cleveland,CLE,42,86,48.8,13,40,32.5,21,26,80.8,11,35,28,6,3,13,18,12,0,2
401585287,2024,2024-01-29,2024-01-30 00:30:00,3,Pelicans,New Orleans,NO,46,91,50.5,10,35,28.6,10,13,76.9,9,31,21,7,6,12,14,17,0,0
401585287,2024,2024-01-29,2024-01-30 00:30:00,2,Celtics,Boston,BOS,43,85,50.6,17,46,37.0,15,20,75.0,6,34,27,7,5,11,15,11,0,0
401585288,2024,2024-01-29,2024-01-30 00:30:00,26,Jazz,Utah,UTAH,39,86,45.3,9,27,33.3,27,34,79.4,12,32,23,3,7,17,14,4,0,1
401585288,2024,2024-01-29,2024-01-30 00:30:00,17,Nets,Brooklyn,BKN,54,105,51.4,21,45,46.7,18,19,94.7,16,34,41,12,9,8,24,35,1,2
401585289,2024,2024-01-29,2024-01-30 00:30:00,21,Suns,Phoenix,PHX,46,94,48.9,14,40,35.0,12,17,70.6,10,37,30,8,8,7,16,28,1,1
401585289,2024,2024-01-29,2024-01-30 00:30:00,14,Heat,Miami,MIA,33,84,39.3,14,36,38.9,25,25,100.0,8,36,20,5,5,11,18,7,2,2
401585290,2024,2024-01-29,2024-01-30 01:00:00,13,Lakers,Los Angeles,LAL,45,91,49.5,13,35,37.1,16,26,61.5,4,31,26,10,6,12,13,1,0,4
401585290,2024,2024-01-29,2024-01-30 01:00:00,10,Rockets,Houston,HOU,52,98,53.1,12,36,33.3,19,25,76.0,14,42,36,10,2,15,19,30,0,1
401585291,2024,2024-01-29,2024-01-30 01:00:00,23,Kings,Sacramento,SAC,43,84,51.2,11,38,28.9,6,10,60.0,11,40,24,10,1,19,17,9,0,1
401585291,2024,2024-01-29,2024-01-30 01:00:00,29,Grizzlies,Memphis,MEM,30,80,37.5,13,36,36.1,21,28,75.0,9,28,22,11,1,14,16,15,0,0
401585292,2024,2024-01-29,2024-01-30 01:00:00,16,Timberwolves,Minnesota,MIN,40,83,48.2,14,29,48.3,13,15,86.7,9,36,21,7,2,13,19,10,0,0
401585292,2024,2024-01-29,2024-01-30 01:00:00,25,Thunder,Oklahoma City,OKC,35,79,44.3,14,35,40.0,17,22,77.3,8,30,21,5,7,12,17,7,0,0
401585293,2024,2024-01-29,2024-01-30 01:00:00,27,Wizards,Washington,WSH,46,86,53.5,9,25,36.0,17,24,70.8,14,31,32,9,8,18,15,5,1,0
401585293,2024,2024-01-29,2024-01-30 01:00:00,24,Spurs,San Antonio,SA,43,92,46.7,12,30,40.0,15,17,88.2,10,26,31,10,7,14,17,14,1,0
401585294,2024,2024-01-29,2024-01-30 01:30:00,19,Magic,Orlando,ORL,45,88,51.1,18,38,47.4,21,28,75.0,12,23,27,7,1,11,33,16,1,0
401585294,2024,2024-01-29,2024-01-30 01:30:00,6,Mavericks,Dallas,DAL,43,69,62.3,13,27,48.1,32,43,74.4,3,32,27,6,2,15,24,7,0,2
401585295,2024,2024-01-29,2024-01-30 02:00:00,15,Bucks,Milwaukee,MIL,36,84,42.9,16,40,40.0,19,25,76.0,7,33,24,3,7,12,22,13,1,0
401585295,2024,2024-01-29,2024-01-30 02:00:00,7,Nuggets,Denver,DEN,44,91,48.4,4,18,22.2,21,24,87.5,9,38,29,7,4,8,22,9,0,0
401585296,2024,2024-01-29,2024-01-30 03:00:00,20,76ers,Philadelphia,PHI,37,83,44.6,5,29,17.2,25,28,89.3,12,22,17,6,5,14,25,8,3,0
401585296,2024,2024-01-29,2024-01-30 03:00:00,22,Trail Blazers,Portland,POR,46,84,54.8,12,28,42.9,26,29,89.7,11,28,29,7,5,13,24,31,0,1
401585282,2024,2024-01-28,2024-01-28 19:00:00,25,Thunder,Oklahoma City,OKC,44,92,47.8,8,28,28.6,8,12,66.7,11,32,17,7,5,10,18,10,0,0
401585282,2024,2024-01-28,2024-01-28 19:00:00,8,Pistons,Detroit,DET,47,95,49.5,11,26,42.3,15,19,78.9,15,38,27,6,2,9,11,19,0,0
401585280,2024,2024-01-28,2024-01-28 20:30:00,29,Grizzlies,Memphis,MEM,38,82,46.3,11,30,36.7,23,31,74.2,13,32,20,5,7,13,20,8,0,1
401585280,2024,2024-01-28,2024-01-28 20:30:00,11,Pacers,Indiana,IND,44,90,48.9,13,35,37.1,15,16,93.8,11,33,31,8,6,10,26,12,0,0
401585281,2024,2024-01-28,2024-01-28 23:00:00,28,Raptors,Toronto,TOR,41,89,46.1,15,31,48.4,28,32,87.5,15,31,29,12,3,14,30,9,0,0
401585281,2024,2024-01-28,2024-01-28 23:00:00,1,Hawks,Atlanta,ATL,44,95,46.3,6,27,22.2,32,40,80.0,20,31,27,7,4,14,21,12,0,0
401585283,2024,2024-01-28,2024-01-28 23:00:00,21,Suns,Phoenix,PHX,41,73,56.2,4,14,28.6,12,21,57.1,6,33,19,4,5,22,19,13,1,0
401585283,2024,2024-01-28,2024-01-28 23:00:00,19,Magic,Orlando,ORL,41,92,44.6,12,36,33.3,19,26,73.1,11,29,30,12,7,7,21,17,3,0
401585284,2024,2024-01-28,2024-01-29 02:00:00,4,Bulls,Chicago,CHI,42,90,46.7,8,32,25.0,12,17,70.6,5,35,27,7,10,4,19,11,1,0
401585284,2024,2024-01-28,2024-01-29 02:00:00,22,Trail Blazers,Portland,POR,32,79,40.5,6,33,18.2,26,29,89.7,7,41,22,2,5,13,21,1,1,1
401585270,2024,2024-01-27,2024-01-27 17:00:00,27,Wizards,Washington,WSH,45,100,45.0,11,34,32.4,17,21,81.0,16,34,26,10,4,9,19,15,1,0
401585270,2024,2024-01-27,2024-01-27 17:00:00,8,Pistons,Detroit,DET,37,85,43.5,9,32,28.1,21,27,77.8,11,34,22,2,8,17,20,12,0,1
401585271,2024,2024-01-27,2024-01-27 20:00:00,14,Heat,Miami,MIA,41,88,46.6,14,37,37.8,13,16,81.3,8,30,26,6,4,8,18,10,0,0
401585271,2024,2024-01-27,2024-01-27 20:00:00,18,Knicks,New York,NY,45,87,51.7,17,33,51.5,18,26,69.2,11,35,25,6,3,7,15,22,0,0
401585272,2024,2024-01-27,2024-01-27 22:30:00,20,76ers,Philadelphia,PHI,43,81,53.1,6,22,27.3,13,16,81.3,6,33,25,5,6,11,29,2,0,1
401585272,2024,2024-01-27,2024-01-27 22:30:00,7,Nuggets,Denver,DEN,37,82,45.1,13,37,35.1,24,38,63.2,13,31,25,5,3,7,15,10,1,1
401585273,2024,2024-01-27,2024-01-27 23:00:00,10,Rockets,Houston,HOU,37,94,39.4,10,37,27.0,20,23,87.0,15,40,20,6,3,17,29,0,0,1
401585273,2024,2024-01-27,2024-01-27 23:00:00,17,Nets,Brooklyn,BKN,36,74,48.6,12,34,35.3,22,37,59.5,2,38,24,11,6,19,22,28,0,2
401585274,2024,2024-01-27,2024-01-28 00:00:00,12,Clippers,LA,LAC,45,102,44.1,10,40,25.0,15,18,83.3,15,43,28,8,8,7,20,36,1,1
401585274,2024,2024-01-27,2024-01-28 00:00:00,2,Celtics,Boston,BOS,36,100,36.0,10,40,25.0,14,16,87.5,18,34,21,2,9,11,13,3,0,2
401585275,2024,2024-01-27,2024-01-28 00:00:00,26,Jazz,Utah,UTAH,52,93,55.9,17,41,41.5,13,17,76.5,15,34,38,6,6,13,18,36,1,0
401585275,2024,2024-01-27,2024-01-28 00:00:00,30,Hornets,Charlotte,CHA,47,92,51.1,13,32,40.6,15,21,71.4,9,26,35,7,6,10,22,0,0,0
401585276,2024,2024-01-27,2024-01-28 01:00:00,3,Pelicans,New Orleans,NO,40,85,47.1,9,23,39.1,28,36,77.8,9,34,20,5,3,14,17,6,1,0
401585276,2024,2024-01-27,2024-01-28 01:00:00,15,Bucks,Milwaukee,MIL,51,91,56.0,20,45,44.4,19,25,76.0,6,39,30,12,0,9,25,34,0,1
401585277,2024,2024-01-27,2024-01-28 01:30:00,16,Timberwolves,Minnesota,MIN,45,79,57.0,14,26,53.8,8,15,53.3,7,25,30,9,6,13,13,15,0,0
401585277,2024,2024-01-27,2024-01-28 01:30:00,24,Spurs,San Antonio,SA,46,84,54.8,13,30,43.3,8,15,53.3,14,25,35,7,7,15,14,6,0,0
401585278,2024,2024-01-27,2024-01-28 01:30:00,13,Lakers,Los Angeles,LAL,49,101,48.5,9,27,33.3,38,43,88.4,7,48,33,9,5,19,21,6,1,1
401585278,2024,2024-01-27,2024-01-28 01:30:00,9,Warriors,Golden State,GS,55,119,46.2,23,58,39.7,11,16,68.8,11,39,37,11,3,17,34,15,0,2
401585279,2024,2024-01-27,2024-01-28 02:00:00,23,Kings,Sacramento,SAC,43,80,53.8,11,30,36.7,23,30,76.7,6,33,27,4,10,13,20,23,1,0
401585279,2024,2024-01-27,2024-01-28 02:00:00,6,Mavericks,Dallas,DAL,43,98,43.9,16,46,34.8,13,18,72.2,13,30,35,7,2,10,24,8,0,4
401585262,2024,2024-01-26,2024-01-27 00:00:00,6,Mavericks,Dallas,DAL,51,85,60.0,19,35,54.3,27,32,84.4,6,31,28,3,5,13,25,11,0,0
401585262,2024,2024-01-26,2024-01-27 00:00:00,1,Hawks,Atlanta,ATL,51,97,52.6,15,34,44.1,26,30,86.7,12,24,32,7,2,7,24,6,0,1
401585263,2024,2024-01-26,2024-01-27 00:00:00,10,Rockets,Houston,HOU,50,89,56.2,13,33,39.4,25,31,80.6,11,42,34,7,10,12,20,41,2,2
401585263,2024,2024-01-26,2024-01-27 00:00:00,30,Hornets,Charlotte,CHA,35,85,41.2,9,29,31.0,25,32,78.1,5,27,20,6,7,13,25,5,0,2
401585264,2024,2024-01-26,2024-01-27 00:00:00,21,Suns,Phoenix,PHX,51,89,57.3,13,30,43.3,16,18,88.9,7,31,24,8,5,20,17,17,0,0
401585264,2024,2024-01-26,2024-01-27 00:00:00,11,Pacers,Indiana,IND,58,109,53.2,8,26,30.8,9,15,60.0,21,27,34,8,3,12,17,6,1,1
401585265,2024,2024-01-26,2024-01-27 00:30:00,12,Clippers,LA,LAC,48,95,50.5,9,32,28.1,22,24,91.7,12,38,29,6,7,10,17,21,1,0
401585265,2024,2024-01-26,2024-01-27 00:30:00,28,Raptors,Toronto,TOR,44,96,45.8,6,32,18.8,13,22,59.1,15,30,26,6,3,11,18,4,0,0
401585266,2024,2024-01-26,2024-01-27 01:00:00,19,Magic,Orlando,ORL,38,81,46.9,9,34,26.5,21,29,72.4,9,31,21,8,4,11,14,6,0,0
401585266,2024,2024-01-26,2024-01-27 01:00:00,29,Grizzlies,Memphis,MEM,42,90,46.7,15,41,36.6,8,13,61.5,9,34,30,9,7,13,21,11,1,1
401585267,2024,2024-01-26,2024-01-27 01:00:00,5,Cavaliers,Cleveland,CLE,38,92,41.3,14,36,38.9,22,31,71.0,15,36,20,7,8,13,22,17,0,0
401585267,2024,2024-01-26,2024-01-27 01:00:00,15,Bucks,Milwaukee,MIL,35,87,40.2,13,34,38.2,17,24,70.8,12,39,21,6,4,18,24,6,0,3
401585268,2024,2024-01-26,2024-01-27 01:00:00,25,Thunder,Oklahoma City,OKC,42,88,47.7,10,33,30.3,13,14,92.9,6,39,22,11,5,11,11,26,2,0
401585268,2024,2024-01-26,2024-01-27 01:00:00,3,Pelicans,New Orleans,NO,32,82,39.0,9,36,25.0,10,14,71.4,8,33,24,9,5,20,16,6,0,0
401585269,2024,2024-01-26,2024-01-27 02:30:00,22,Trail Blazers,Portland,POR,38,90,42.2,10,37,27.0,14,19,73.7,8,29,23,11,3,13,20,7,2,0
401585269,2024,2024-01-26,2024-01-27 02:30:00,24,Spurs,San Antonio,SA,42,92,45.7,10,34,29.4,22,26,84.6,17,42,30,12,5,17,11,18,1,1
401585255,2024,2024-01-25,2024-01-26 00:00:00,20,76ers,Philadelphia,PHI,42,87,48.3,7,29,24.1,31,43,72.1,6,25,24,13,6,12,20,0,0,1
401585255,2024,2024-01-25,2024-01-26 00:00:00,11,Pacers,Indiana,IND,53,93,57.0,12,28,42.9,16,21,76.2,12,43,35,6,8,21,33,27,0,1
401585256,2024,2024-01-25,2024-01-26 00:00:00,26,Jazz,Utah,UTAH,50,97,51.5,13,31,41.9,10,12,83.3,13,39,34,6,2,15,19,25,1,0
401585256,2024,2024-01-25,2024-01-26 00:00:00,27,Wizards,Washington,WSH,43,88,48.9,7,30,23.3,15,20,75.0,5,30,33,11,7,11,14,9,0,0
401585257,2024,2024-01-25,2024-01-26 00:30:00,16,Timberwolves,Minnesota,MIN,37,75,49.3,10,21,47.6,12,16,75.0,5,33,24,6,4,14,17,17,3,1
401585257,2024,2024-01-25,2024-01-26 00:30:00,17,Nets,Brooklyn,BKN,35,77,45.5,10,33,30.3,14,16,87.5,5,27,22,7,3,13,15,8,2,0
401585258,2024,2024-01-25,2024-01-26 00:30:00,2,Celtics,Boston,BOS,51,80,63.7,22,40,55.0,19,20,95.0,6,41,36,4,5,11,10,34,0,0
401585258,2024,2024-01-25,2024-01-26 00:30:00,14,Heat,Miami,MIA,42,94,44.7,16,42,38.1,10,13,76.9,11,20,25,7,1,4,12,2,1,0
401585259,2024,2024-01-25,2024-01-26 00:30:00,7,Nuggets,Denver,DEN,34,84,40.5,5,26,19.2,11,13,84.6,13,27,20,2,2,19,20,0,0,1
401585259,2024,2024-01-25,2024-01-26 00:30:00,18,Knicks,New York,NY,45,85,52.9,15,38,39.5,17,20,85.0,12,32,26,12,3,8,14,38,2,0
401585260,2024,2024-01-25,2024-01-26 03:00:00,23,Kings,Sacramento,SAC,48,91,52.7,22,48,45.8,16,19,84.2,8,26,33,8,5,10,21,11,0,0
401585260,2024,2024-01-25,2024-01-26 03:00:00,9,Warriors,Golden State,GS,48,86,55.8,19,37,51.4,18,23,78.3,6,27,30,7,3,13,19,4,0,1
401585261,2024,2024-01-25,2024-01-26 03:30:00,4,Bulls,Chicago,CHI,47,88,53.4,12,37,32.4,26,29,89.7,12,27,27,7,6,16,18,4,1,0
401585261,2024,2024-01-25,2024-01-26 03:30:00,13,Lakers,Los Angeles,LAL,53,87,60.9,20,31,64.5,15,20,75.0,5,25,35,10,4,12,21,24,2,1
401585247,2024,2024-01-24,2024-01-25 00:00:00,30,Hornets,Charlotte,CHA,38,87,43.7,15,38,39.5,15,19,78.9,9,39,27,5,5,11,22,6,0,0
401585247,2024,2024-01-24,2024-01-25 00:00:00,8,Pistons,Detroit,DET,43,86,50.0,15,38,39.5,12,20,60.0,5,39,26,4,0,11,17,8,0,1
401585248,2024,2024-01-24,2024-01-25 00:00:00,16,Timberwolves,Minnesota,MIN,42,100,42.0,9,32,28.1,25,29,86.2,15,33,26,8,7,7,22,14,0,1
401585248,2024,2024-01-24,2024-01-25 00:00:00,27,Wizards,Washington,WSH,37,77,48.1,10,24,41.7,23,29,79.3,7,42,31,2,3,21,22,6,0,0
401585249,2024,2024-01-24,2024-01-25 00:30:00,29,Grizzlies,Memphis,MEM,36,80,45.0,17,36,47.2,16,19,84.2,7,37,30,8,6,18,19,14,0,0
401585249,2024,2024-01-24,2024-01-25 00:30:00,14,Heat,Miami,MIA,33,82,40.2,11,34,32.4,19,25,76.0,11,33,21,9,9,17,17,7,0,0
401585251,2024,2024-01-24,2024-01-25 01:00:00,22,Trail Blazers,Portland,POR,50,98,51.0,15,35,42.9,22,24,91.7,13,35,31,6,4,12,18,7,0,1
401585251,2024,2024-01-24,2024-01-25 01:00:00,10,Rockets,Houston,HOU,50,94,53.2,12,36,33.3,19,22,86.4,8,29,29,8,6,8,19,13,0,0
401585252,2024,2024-01-24,2024-01-25 01:00:00,5,Cavaliers,Cleveland,CLE,46,91,50.5,13,38,34.2,11,15,73.3,6,33,26,5,2,12,18,0,1,1
401585252,2024,2024-01-24,2024-01-25 01:00:00,15,Bucks,Milwaukee,MIL,45,90,50.0,11,29,37.9,25,28,89.3,10,36,24,9,3,11,16,21,1,0
401585253,2024,2024-01-24,2024-01-25 01:30:00,21,Suns,Phoenix,PHX,51,85,60.0,14,34,41.2,16,22,72.7,11,38,30,10,4,15,20,29,1,3
401585253,2024,2024-01-24,2024-01-25 01:30:00,6,Mavericks,Dallas,DAL,41,89,46.1,17,43,39.5,10,18,55.6,10,23,25,4,3,14,16,16,0,5
401585250,2024,2024-01-24,2024-01-25 02:30:00,25,Thunder,Oklahoma City,OKC,54,96,56.3,18,40,45.0,14,16,87.5,16,31,36,11,8,15,20,32,1,0
401585250,2024,2024-01-24,2024-01-25 02:30:00,24,Spurs,San Antonio,SA,43,86,50.0,9,32,28.1,19,25,76.0,12,26,30,7,11,18,14,2,1,0
401585254,2024,2024-01-24,2024-01-25 03:00:00,1,Hawks,Atlanta,ATL,39,94,41.5,14,43,32.6,20,26,76.9,13,32,30,7,2,10,16,7,1,1
401585254,2024,2024-01-24,2024-01-25 03:00:00,9,Warriors,Golden State,GS,51,91,56.0,16,33,48.5,16,22,72.7,11,38,26,6,9,10,18,22,0,0
401585242,2024,2024-01-23,2024-01-24 00:00:00,7,Nuggets,Denver,DEN,44,88,50.0,11,33,33.3,15,17,88.2,11,31,22,5,9,10,17,13,2,1
401585242,2024,2024-01-23,2024-01-24 00:00:00,11,Pacers,Indiana,IND,43,87,49.4,5,21,23.8,18,21,85.7,7,31,24,4,1,10,16,13,0,2
401585243,2024,2024-01-23,2024-01-24 00:30:00,18,Knicks,New York,NY,40,86,46.5,10,29,34.5,18,19,94.7,11,31,21,8,8,13,13,5,1,0
401585243,2024,2024-01-23,2024-01-24 00:30:00,17,Nets,Brooklyn,BKN,42,95,44.2,15,42,35.7,4,5,80.0,13,27,29,7,5,13,19,10,0,0
401585244,2024,2024-01-23,2024-01-24 01:00:00,26,Jazz,Utah,UTAH,43,92,46.7,12,36,33.3,26,32,81.3,6,32,27,4,8,8,15,4,0,1
401585244,2024,2024-01-23,2024-01-24 01:00:00,3,Pelicans,New Orleans,NO,60,104,57.7,23,46,50.0,10,15,66.7,12,45,41,5,4,9,24,35,0,1
401585245,2024,2024-01-23,2024-01-24 01:00:00,22,Trail Blazers,Portland,POR,37,86,43.0,18,39,46.2,17,21,81.0,12,34,27,6,6,19,19,9,0,2
401585245,2024,2024-01-23,2024-01-24 01:00:00,25,Thunder,Oklahoma City,OKC,43,89,48.3,7,23,30.4,18,28,64.3,10,33,23,9,10,12,18,13,0,0
401585246,2024,2024-01-23,2024-01-24 03:00:00,13,Lakers,Los Angeles,LAL,45,92,48.9,11,32,34.4,15,22,68.2,13,28,27,9,8,15,15,1,0,0
401585246,2024,2024-01-23,2024-01-24 03:00:00,12,Clippers,LA,LAC,52,88,59.1,14,27,51.9,9,12,75.0,6,30,33,8,5,14,17,16,1,0
401585234,2024,2024-01-22,2024-01-23 00:00:00,15,Bucks,Milwaukee,MIL,42,94,44.7,10,39,25.6,28,34,82.4,10,39,26,7,8,9,22,11,0,2
401585234,2024,2024-01-22,2024-01-23 00:00:00,8,Pistons,Detroit,DET,40,89,44.9,10,30,33.3,23,29,79.3,6,36,25,4,9,10,25,8,0,0
401585235,2024,2024-01-22,2024-01-23 00:00:00,5,Cavaliers,Cleveland,CLE,45,80,56.3,20,38,52.6,16,22,72.7,9,30,29,10,4,9,20,36,3,1
401585235,2024,2024-01-22,2024-01-23 00:00:00,19,Magic,Orlando,ORL,34,74,45.9,11,29,37.9,20,30,66.7,8,26,25,7,0,15,17,0,0,3
401585236,2024,2024-01-22,2024-01-23 00:00:00,24,Spurs,San Antonio,SA,43,93,46.2,13,41,31.7,24,27,88.9,13,30,29,3,3,8,22,9,0,0
401585236,2024,2024-01-22,2024-01-23 00:00:00,20,76ers,Philadelphia,PHI,48,97,49.5,5,20,25.0,32,40,80.0,19,29,28,5,3,4,20,19,0,0
401585237,2024,2024-01-22,2024-01-23 00:30:00,29,Grizzlies,Memphis,MEM,44,95,46.3,13,34,38.2,7,12,58.3,19,28,30,11,8,15,15,19,1,1
401585237,2024,2024-01-22,2024-01-23 00:30:00,28,Raptors,Toronto,TOR,35,79,44.3,8,23,34.8,22,23,95.7,12,35,31,7,8,17,14,0,0,1
401585238,2024,2024-01-22,2024-01-23 01:00:00,30,Hornets,Charlotte,CHA,50,88,56.8,14,37,37.8,14,18,77.8,7,28,30,8,4,10,20,5,0,0
401585238,2024,2024-01-22,2024-01-23 01:00:00,16,Timberwolves,Minnesota,MIN,44,84,52.4,18,41,43.9,19,25,76.0,6,30,34,4,1,13,15,18,0,0
401585239,2024,2024-01-22,2024-01-23 01:30:00,2,Celtics,Boston,BOS,41,88,46.6,15,46,32.6,22,30,73.3,5,39,26,7,8,6,20,16,0,0
401585239,2024,2024-01-22,2024-01-23 01:30:00,6,Mavericks,Dallas,DAL,43,97,44.3,14,40,35.0,10,14,71.4,10,38,24,4,4,10,20,7,0,1
401585240,2024,2024-01-22,2024-01-23 02:00:00,4,Bulls,Chicago,CHI,45,93,48.4,14,37,37.8,9,14,64.3,14,33,25,6,4,10,18,23,0,1
401585240,2024,2024-01-22,2024-01-23 02:00:00,21,Suns,Phoenix,PHX,44,85,51.8,14,34,41.2,13,17,76.5,5,34,32,5,5,7,13,3,0,1
401585241,2024,2024-01-22,2024-01-23 03:00:00,1,Hawks,Atlanta,ATL,36,93,38.7,14,40,35.0,21,27,77.8,13,37,19,2,7,12,19,2,0,2
401585241,2024,2024-01-22,2024-01-23 03:00:00,23,Kings,Sacramento,SAC,43,93,46.2,12,38,31.6,24,27,88.9,10,41,22,8,2,8,21,24,1,1
401585228,2024,2024-01-21,2024-01-21 20:30:00,17,Nets,Brooklyn,BKN,44,90,48.9,14,39,35.9,12,16,75.0,6,30,29,6,5,12,21,18,1,1
401585228,2024,2024-01-21,2024-01-21 20:30:00,12,Clippers,LA,LAC,42,83,50.6,13,26,50.0,28,33,84.8,8,37,26,6,5,10,18,11,1,1
401585229,2024,2024-01-21,2024-01-21 23:00:00,14,Heat,Miami,MIA,30,80,37.5,12,37,32.4,15,18,83.3,12,24,22,9,1,14,22,6,4,0
401585229,2024,2024-01-21,2024-01-21 23:00:00,19,Magic,Orlando,ORL,37,78,47.4,9,28,32.1,22,28,78.6,12,32,21,5,5,14,16,24,0,1
401585230,2024,2024-01-21,2024-01-21 23:00:00,7,Nuggets,Denver,DEN,43,88,48.9,8,22,36.4,19,28,67.9,13,37,29,9,11,13,16,17,1,1
401585230,2024,2024-01-21,2024-01-21 23:00:00,27,Wizards,Washington,WSH,39,91,42.9,8,27,29.6,18,22,81.8,12,28,31,6,9,13,23,6,0,0
401585231,2024,2024-01-21,2024-01-22 00:00:00,2,Celtics,Boston,BOS,43,98,43.9,17,47,36.2,13,18,72.2,16,39,31,10,12,16,17,17,0,0
401585231,2024,2024-01-21,2024-01-22 00:00:00,10,Rockets,Houston,HOU,41,94,43.6,10,35,28.6,15,22,68.2,11,38,26,9,3,15,17,1,0,1
401585232,2024,2024-01-21,2024-01-22 01:00:00,11,Pacers,Indiana,IND,41,94,43.6,14,31,45.2,14,23,60.9,14,26,28,9,4,11,20,2,0,1
401585232,2024,2024-01-21,2024-01-22 01:00:00,21,Suns,Phoenix,PHX,47,82,57.3,8,25,32.0,15,18,83.3,6,38,25,7,5,16,24,14,1,0
401585233,2024,2024-01-21,2024-01-22 03:00:00,22,Trail Blazers,Portland,POR,42,90,46.7,9,29,31.0,17,20,85.0,10,25,24,7,5,12,21,0,2,0
401585233,2024,2024-01-21,2024-01-22 03:00:00,13,Lakers,Los Angeles,LAL,47,86,54.7,13,33,39.4,27,29,93.1,10,35,28,9,6,12,18,27,2,0
401585220,2024,2024-01-20,2024-01-20 20:00:00,15,Bucks,Milwaukee,MIL,47,85,55.3,12,32,37.5,35,49,71.4,8,41,30,6,6,10,18,11,0,1
401585220,2024,2024-01-20,2024-01-20 20:00:00,8,Pistons,Detroit,DET,44,94,46.8,21,37,56.8,26,32,81.3,9,31,30,6,2,8,30,9,1,0
401585221,2024,2024-01-20,2024-01-21 00:00:00,20,76ers,Philadelphia,PHI,36,85,42.4,5,25,20.0,20,24,83.3,6,40,21,7,6,10,12,13,0,1
401585221,2024,2024-01-20,2024-01-21 00:00:00,30,Hornets,Charlotte,CHA,35,85,41.2,9,37,24.3,10,14,71.4,7,40,23,2,7,16,20,4,1,0
401585222,2024,2024-01-20,2024-01-21 00:00:00,24,Spurs,San Antonio,SA,51,96,53.1,12,31,38.7,17,23,73.9,14,35,38,6,10,17,19,7,0,0
401585222,2024,2024-01-20,2024-01-21 00:00:00,27,Wizards,Washington,WSH,49,103,47.6,9,29,31.0,20,23,87.0,14,32,28,10,4,11,21,12,1,1
401585223,2024,2024-01-20,2024-01-21 00:30:00,5,Cavaliers,Cleveland,CLE,43,85,50.6,16,43,37.2,14,16,87.5,4,45,32,7,6,13,16,27,1,0
401585223,2024,2024-01-20,2024-01-21 00:30:00,1,Hawks,Atlanta,ATL,37,93,39.8,11,38,28.9,10,15,66.7,11,34,25,5,4,11,15,0,0,1
401585224,2024,2024-01-20,2024-01-21 00:30:00,28,Raptors,Toronto,TOR,38,92,41.3,11,34,32.4,13,23,56.5,11,20,29,10,5,10,18,11,0,1
401585224,2024,2024-01-20,2024-01-21 00:30:00,18,Knicks,New York,NY,48,88,54.5,14,39,35.9,16,20,80.0,15,46,27,4,7,21,20,28,1,0
401585225,2024,2024-01-20,2024-01-21 01:00:00,29,Grizzlies,Memphis,MEM,32,75,42.7,13,42,31.0,19,23,82.6,3,29,28,6,4,15,13,4,1,0
401585225,2024,2024-01-20,2024-01-21 01:00:00,4,Bulls,Chicago,CHI,47,91,51.6,14,33,42.4,17,21,81.0,13,39,32,11,5,11,18,31,1,1
401585226,2024,2024-01-20,2024-01-21 01:00:00,26,Jazz,Utah,UTAH,48,105,45.7,13,43,30.2,17,22,77.3,16,43,28,4,8,17,24,4,0,1
401585226,2024,2024-01-20,2024-01-21 01:00:00,10,Rockets,Houston,HOU,50,117,42.7,13,39,33.3,14,22,63.6,23,33,27,11,10,7,22,17,0,3
401585227,2024,2024-01-20,2024-01-21 01:00:00,25,Thunder,Oklahoma City,OKC,32,81,39.5,8,24,33.3,30,35,85.7,9,28,21,12,4,8,20,16,0,2
401585227,2024,2024-01-20,2024-01-21 01:00:00,16,Timberwolves,Minnesota,MIN,31,75,41.3,14,37,37.8,21,29,72.4,9,41,22,4,7,21,26,12,0,0
401585212,2024,2024-01-19,2024-01-20 00:00:00,24,Spurs,San Antonio,SA,47,84,56.0,15,32,46.9,11,17,64.7,7,27,36,9,3,13,17,1,0,1
401585212,2024,2024-01-19,2024-01-20 00:00:00,30,Hornets,Charlotte,CHA,47,84,56.0,16,29,55.2,14,16,87.5,10,30,25,9,4,17,16,12,1,0
401585213,2024,2024-01-19,2024-01-20 00:00:00,20,76ers,Philadelphia,PHI,42,87,48.3,13,30,43.3,27,29,93.1,16,26,23,11,5,7,23,22,1,0
401585213,2024,2024-01-19,2024-01-20 00:00:00,19,Magic,Orlando,ORL,37,78,47.4,10,23,43.5,25,27,92.6,11,25,24,3,5,16,23,5,0,1
401585214,2024,2024-01-19,2024-01-20 00:30:00,7,Nuggets,Denver,DEN,42,81,51.9,8,31,25.8,10,13,76.9,10,37,20,0,3,9,13,4,2,0
401585214,2024,2024-01-19,2024-01-20 00:30:00,2,Celtics,Boston,BOS,38,89,42.7,14,44,31.8,10,14,71.4,12,26,21,5,2,2,17,12,1,2
401585215,2024,2024-01-19,2024-01-20 01:00:00,1,Hawks,Atlanta,ATL,40,87,46.0,15,35,42.9,14,17,82.4,9,29,23,6,2,13,20,10,2,1
401585215,2024,2024-01-19,2024-01-20 01:00:00,14,Heat,Miami,MIA,38,82,46.3,12,31,38.7,20,22,90.9,13,31,21,7,2,16,17,9,2,0
401585216,2024,2024-01-19,2024-01-20 01:00:00,21,Suns,Phoenix,PHX,46,93,49.5,15,41,36.6,16,21,76.2,7,41,32,7,3,8,17,30,2,2
401585216,2024,2024-01-19,2024-01-20 01:00:00,3,Pelicans,New Orleans,NO,41,93,44.1,10,42,23.8,17,23,73.9,9,33,27,4,5,11,16,2,0,1
401585218,2024,2024-01-19,2024-01-20 03:00:00,11,Pacers,Indiana,IND,39,91,42.9,20,47,42.6,17,25,68.0,6,31,34,3,6,13,26,7,1,1
401585218,2024,2024-01-19,2024-01-20 03:00:00,22,Trail Blazers,Portland,POR,42,84,50.0,4,12,33.3,30,35,85.7,9,38,18,3,11,9,21,13,2,1
401585219,2024,2024-01-19,2024-01-20 03:30:00,17,Nets,Brooklyn,BKN,50,95,52.6,19,47,40.4,11,14,78.6,8,33,31,10,4,8,17,23,3,3
401585219,2024,2024-01-19,2024-01-20 03:30:00,13,Lakers,Los Angeles,LAL,40,90,44.4,12,33,36.4,20,24,83.3,10,34,31,7,3,14,11,12,0,1
401585207,2024,2024-01-18,2024-01-19 00:30:00,27,Wizards,Washington,WSH,41,90,45.6,10,31,32.3,17,22,77.3,9,37,31,9,4,12,24,6,0,0
401585207,2024,2024-01-18,2024-01-19 00:30:00,18,Knicks,New York,NY,39,86,45.3,13,38,34.2,22,26,84.6,7,40,22,6,5,17,18,10,0,1
401585208,2024,2024-01-18,2024-01-19 00:30:00,4,Bulls,Chicago,CHI,48,91,52.7,6,24,25.0,14,17,82.4,9,33,30,7,5,10,22,14,2,0
401585208,2024,2024-01-18,2024-01-19 00:30:00,28,Raptors,Toronto,TOR,42,83,50.6,10,38,26.3,16,20,80.0,7,31,31,7,5,14,18,4,0,0
401585209,2024,2024-01-18,2024-01-19 02:00:00,25,Thunder,Oklahoma City,OKC,48,86,55.8,14,32,43.8,24,28,85.7,7,31,36,8,10,15,29,19,1,1
401585209,2024,2024-01-18,2024-01-19 02:00:00,26,Jazz,Utah,UTAH,43,89,48.3,13,32,40.6,30,36,83.3,11,27,33,7,4,14,21,0,1,0
401585210,2024,2024-01-18,2024-01-19 03:00:00,29,Grizzlies,Memphis,MEM,39,85,45.9,14,34,41.2,11,17,64.7,8,26,22,9,4,14,23,13,1,0
401585210,2024,2024-01-18,2024-01-19 03:00:00,16,Timberwolves,Minnesota,MIN,45,82,54.9,12,28,42.9,16,21,76.2,6,33,30,8,9,14,13,15,1,0
401585211,2024,2024-01-18,2024-01-19 03:00:00,11,Pacers,Indiana,IND,49,89,55.1,13,33,39.4,15,19,78.9,4,30,33,5,6,11,20,16,1,0
401585211,2024,2024-01-18,2024-01-19 03:00:00,23,Kings,Sacramento,SAC,44,85,51.8,15,37,40.5,18,32,56.3,8,30,27,7,6,11,20,4,0,0
401585197,2024,2024-01-17,2024-01-18 00:00:00,16,Timberwolves,Minnesota,MIN,47,93,50.5,15,30,50.0,15,21,71.4,9,33,32,7,5,9,14,17,2,1
401585197,2024,2024-01-17,2024-01-18 00:00:00,8,Pistons,Detroit,DET,46,89,51.7,12,31,38.7,13,19,68.4,8,32,30,4,7,12,18,3,0,1
401585198,2024,2024-01-17,2024-01-18 00:30:00,19,Magic,Orlando,ORL,39,88,44.3,10,35,28.6,16,22,72.7,16,24,18,16,8,13,22,7,0,0
401585198,2024,2024-01-17,2024-01-18 00:30:00,1,Hawks,Atlanta,ATL,39,76,51.3,8,25,32.0,20,22,90.9,10,31,21,8,2,23,17,4,0,0
401585199,2024,2024-01-17,2024-01-18 00:30:00,24,Spurs,San Antonio,SA,39,93,41.9,7,34,20.6,13,16,81.3,11,30,26,5,3,10,15,2,0,1
401585199,2024,2024-01-17,2024-01-18 00:30:00,2,Celtics,Boston,BOS,42,90,46.7,18,38,47.4,15,19,78.9,12,42,22,5,6,12,15,30,2,0
401585200,2024,2024-01-17,2024-01-18 00:30:00,15,Bucks,Milwaukee,MIL,38,95,40.0,12,42,28.6,7,10,70.0,9,27,19,6,6,10,18,0,0,0
401585200,2024,2024-01-17,2024-01-18 00:30:00,5,Cavaliers,Cleveland,CLE,55,93,59.1,12,28,42.9,13,19,68.4,11,44,36,5,3,10,9,47,1,0
401585201,2024,2024-01-17,2024-01-18 00:30:00,10,Rockets,Houston,HOU,35,84,41.7,8,30,26.7,16,19,84.2,6,32,23,6,9,10,18,3,0,0
401585201,2024,2024-01-17,2024-01-18 00:30:00,18,Knicks,New York,NY,39,87,44.8,13,37,35.1,18,22,81.8,12,39,24,6,5,12,20,20,3,1
401585202,2024,2024-01-17,2024-01-18 00:30:00,14,Heat,Miami,MIA,41,90,45.6,6,28,21.4,9,12,75.0,12,25,24,4,5,14,13,0,0,0
401585202,2024,2024-01-17,2024-01-18 00:30:00,28,Raptors,Toronto,TOR,45,88,51.1,20,38,52.6,11,18,61.1,13,32,34,9,4,10,14,37,2,0
401585203,2024,2024-01-17,2024-01-18 01:00:00,30,Hornets,Charlotte,CHA,39,90,43.3,19,45,42.2,15,18,83.3,15,26,29,7,8,13,19,3,1,0
401585203,2024,2024-01-17,2024-01-18 01:00:00,3,Pelicans,New Orleans,NO,44,88,50.0,25,47,53.2,19,23,82.6,16,34,32,11,3,12,14,24,1,1
401585205,2024,2024-01-17,2024-01-18 01:30:00,6,Mavericks,Dallas,DAL,42,91,46.2,11,40,27.5,15,18,83.3,11,32,26,4,5,15,19,7,0,0
401585205,2024,2024-01-17,2024-01-18 01:30:00,13,Lakers,Los Angeles,LAL,49,91,53.8,12,28,42.9,17,24,70.8,9,36,33,8,1,10,15,24,1,0
401585206,2024,2024-01-17,2024-01-18 03:00:00,17,Nets,Brooklyn,BKN,35,73,47.9,15,38,39.5,18,27,66.7,6,27,28,9,3,10,14,11,1,0
401585206,2024,2024-01-17,2024-01-18 03:00:00,22,Trail Blazers,Portland,POR,42,86,48.8,9,27,33.3,12,14,85.7,10,31,21,2,2,9,16,7,4,0
401585194,2024,2024-01-16,2024-01-17 00:30:00,7,Nuggets,Denver,DEN,45,89,50.6,12,29,41.4,19,25,76.0,16,30,23,4,3,10,19,6,1,2
401585194,2024,2024-01-16,2024-01-17 00:30:00,20,76ers,Philadelphia,PHI,43,76,56.6,15,31,48.4,25,34,73.5,5,27,27,6,7,8,21,10,0,1
401585195,2024,2024-01-16,2024-01-17 02:00:00,23,Kings,Sacramento,SAC,46,92,50.0,18,40,45.0,7,12,58.3,5,26,34,7,4,14,20,22,0,0
401585195,2024,2024-01-16,2024-01-17 02:00:00,21,Suns,Phoenix,PHX,42,85,49.4,17,37,45.9,18,20,90.0,8,38,32,7,6,16,15,2,4,0
401585196,2024,2024-01-16,2024-01-17 03:00:00,25,Thunder,Oklahoma City,OKC,42,83,50.6,16,34,47.1,17,20,85.0,9,26,30,5,5,12,19,3,0,0
401585196,2024,2024-01-16,2024-01-17 03:00:00,12,Clippers,LA,LAC,47,87,54.0,20,43,46.5,14,23,60.9,12,27,30,5,10,9,18,13,1,0
401585183,2024,2024-01-15,2024-01-15 18:00:00,10,Rockets,Houston,HOU,44,88,50.0,8,27,29.6,19,32,59.4,16,30,21,7,9,13,23,1,0,4
401585183,2024,2024-01-15,2024-01-15 18:00:00,20,76ers,Philadelphia,PHI,40,83,48.2,15,31,48.4,29,34,85.3,8,33,25,8,4,10,24,28,1,2
401585184,2024,2024-01-15,2024-01-15 19:30:00,3,Pelicans,New Orleans,NO,41,81,50.6,7,23,30.4,31,41,75.6,8,29,21,9,2,9,28,10,1,2
401585184,2024,2024-01-15,2024-01-15 19:30:00,6,Mavericks,Dallas,DAL,39,85,45.9,18,43,41.9,29,35,82.9,13,29,24,4,6,11,29,16,1,2
401585185,2024,2024-01-15,2024-01-15 20:00:00,19,Magic,Orlando,ORL,38,85,44.7,8,29,27.6,14,21,66.7,13,33,26,2,3,7,20,6,1,2
401585185,2024,2024-01-15,2024-01-15 20:00:00,18,Knicks,New York,NY,33,83,39.8,13,40,32.5,15,22,68.2,13,28,20,3,3,9,20,11,1,0
401585186,2024,2024-01-15,2024-01-15 20:00:00,8,Pistons,Detroit,DET,50,90,55.6,12,31,38.7,17,23,73.9,12,40,30,4,10,15,13,15,1,0
401585186,2024,2024-01-15,2024-01-15 20:00:00,27,Wizards,Washington,WSH,44,95,46.3,19,41,46.3,10,11,90.9,8,25,30,8,7,8,19,7,0,2
401585187,2024,2024-01-15,2024-01-15 20:30:00,24,Spurs,San Antonio,SA,38,95,40.0,11,42,26.2,12,17,70.6,9,35,27,10,8,17,18,0,1,0
401585187,2024,2024-01-15,2024-01-15 20:30:00,1,Hawks,Atlanta,ATL,40,93,43.0,13,38,34.2,16,21,76.2,13,44,24,8,6,16,19,35,4,0
401585188,2024,2024-01-15,2024-01-15 23:00:00,9,Warriors,Golden State,GS,44,90,48.9,10,31,32.3,9,10,90.0,7,38,28,4,6,19,25,9,0,1
401585188,2024,2024-01-15,2024-01-15 23:00:00,29,Grizzlies,Memphis,MEM,32,86,37.2,20,54,37.0,32,40,80.0,11,31,24,13,10,11,12,12,2,1
401585189,2024,2024-01-15,2024-01-16 00:00:00,4,Bulls,Chicago,CHI,35,83,42.2,9,32,28.1,12,16,75.0,6,37,21,8,6,18,17,1,1,1
401585189,2024,2024-01-15,2024-01-16 00:00:00,5,Cavaliers,Cleveland,CLE,39,95,41.1,20,57,35.1,11,11,100.0,13,35,28,9,3,11,14,21,3,0
401585190,2024,2024-01-15,2024-01-16 00:30:00,14,Heat,Miami,MIA,33,87,37.9,8,31,25.8,22,25,88.0,6,48,22,6,4,12,16,5,1,2
401585190,2024,2024-01-15,2024-01-16 00:30:00,17,Nets,Brooklyn,BKN,34,99,34.3,12,55,21.8,15,16,93.8,9,41,26,9,9,8,17,16,0,1
401585191,2024,2024-01-15,2024-01-16 00:30:00,2,Celtics,Boston,BOS,33,82,40.2,16,39,41.0,23,25,92.0,5,48,20,3,7,12,16,14,1,0
401585191,2024,2024-01-15,2024-01-16 00:30:00,28,Raptors,Toronto,TOR,38,95,40.0,4,32,12.5,16,21,76.2,9,43,25,6,2,7,21,7,0,0
401585192,2024,2024-01-15,2024-01-16 02:00:00,11,Pacers,Indiana,IND,38,95,40.0,9,31,29.0,20,25,80.0,18,25,27,9,4,13,31,0,1,0
401585192,2024,2024-01-15,2024-01-16 02:00:00,26,Jazz,Utah,UTAH,45,81,55.6,11,25,44.0,31,35,88.6,10,36,29,5,8,14,17,29,1,1
401585193,2024,2024-01-15,2024-01-16 03:30:00,25,Thunder,Oklahoma City,OKC,40,96,41.7,15,49,30.6,10,11,90.9,13,27,23,11,6,11,18,7,0,0
401585193,2024,2024-01-15,2024-01-16 03:30:00,13,Lakers,Los Angeles,LAL,44,84,52.4,8,24,33.3,16,18,88.9,8,36,30,7,9,17,12,13,0,0
401585178,2024,2024-01-14,2024-01-14 20:30:00,11,Pacers,Indiana,IND,43,92,46.7,8,29,27.6,15,22,68.2,14,23,28,11,1,13,21,4,0,0
401585178,2024,2024-01-14,2024-01-14 20:30:00,7,Nuggets,Denver,DEN,46,71,64.8,10,20,50.0,15,23,65.2,4,36,31,8,3,21,18,12,1,2
401585179,2024,2024-01-14,2024-01-14 23:00:00,30,Hornets,Charlotte,CHA,33,95,34.7,10,41,24.4,11,15,73.3,17,33,17,5,3,13,17,0,2,2
401585179,2024,2024-01-14,2024-01-14 23:00:00,14,Heat,Miami,MIA,40,81,49.4,11,25,44.0,13,16,81.3,4,40,27,6,6,14,15,24,0,2
401585180,2024,2024-01-14,2024-01-15 00:00:00,23,Kings,Sacramento,SAC,55,105,52.4,17,41,41.5,15,20,75.0,9,38,34,6,2,9,19,9,0,2
401585180,2024,2024-01-14,2024-01-15 00:00:00,15,Bucks,Milwaukee,MIL,48,92,52.2,20,43,46.5,27,32,84.4,4,36,31,5,3,13,22,12,1,2
401585181,2024,2024-01-14,2024-01-15 00:00:00,12,Clippers,LA,LAC,36,83,43.4,17,39,43.6,16,18,88.9,7,27,28,9,4,11,24,3,0,0
401585181,2024,2024-01-14,2024-01-15 00:00:00,16,Timberwolves,Minnesota,MIN,38,67,56.7,13,26,50.0,20,31,64.5,6,35,25,8,5,17,23,17,2,0
401585182,2024,2024-01-14,2024-01-15 02:00:00,21,Suns,Phoenix,PHX,46,76,60.5,13,28,46.4,22,27,81.5,7,34,27,7,5,12,20,17,2,2
401585182,2024,2024-01-14,2024-01-15 02:00:00,22,Trail Blazers,Portland,POR,40,89,44.9,20,42,47.6,16,22,72.7,12,24,23,8,1,13,21,7,1,0
401585170,2024,2024-01-13,2024-01-14 00:00:00,10,Rockets,Houston,HOU,40,99,40.4,7,30,23.3,26,30,86.7,15,35,20,10,3,12,18,6,1,2
401585170,2024,2024-01-13,2024-01-14 00:00:00,2,Celtics,Boston,BOS,51,95,53.7,24,47,51.1,19,25,76.0,10,40,26,7,8,11,21,36,1,2
401585171,2024,2024-01-13,2024-01-14 00:30:00,27,Wizards,Washington,WSH,47,97,48.5,12,32,37.5,21,26,80.8,12,42,32,10,9,12,22,30,0,0
401585171,2024,2024-01-13,2024-01-14 00:30:00,1,Hawks,Atlanta,ATL,32,93,34.4,11,40,27.5,24,33,72.7,16,34,21,9,7,14,20,3,2,0
401585172,2024,2024-01-13,2024-01-14 01:00:00,18,Knicks,New York,NY,40,83,48.2,13,38,34.2,13,19,68.4,15,41,25,11,11,22,15,14,1,0
401585172,2024,2024-01-13,2024-01-14 01:00:00,29,Grizzlies,Memphis,MEM,36,87,41.4,9,38,23.7,13,15,86.7,9,26,27,14,6,12,16,6,0,0
401585173,2024,2024-01-13,2024-01-14 01:00:00,9,Warriors,Golden State,GS,47,98,48.0,15,36,41.7,9,14,64.3,12,29,23,5,4,7,16,7,1,0
401585173,2024,2024-01-13,2024-01-14 01:00:00,15,Bucks,Milwaukee,MIL,51,94,54.3,13,31,41.9,14,17,82.4,14,36,33,6,5,12,15,13,0,2
401585174,2024,2024-01-13,2024-01-14 01:00:00,19,Magic,Orlando,ORL,39,84,46.4,7,35,20.0,15,24,62.5,11,39,21,5,8,15,22,3,1,0
401585174,2024,2024-01-13,2024-01-14 01:00:00,25,Thunder,Oklahoma City,OKC,43,94,45.7,8,36,22.2,18,21,85.7,12,34,23,9,4,8,19,16,1,0
401585175,2024,2024-01-13,2024-01-14 01:30:00,3,Pelicans,New Orleans,NO,39,79,49.4,12,30,40.0,28,37,75.7,14,30,29,7,4,10,20,12,1,1
401585175,2024,2024-01-13,2024-01-14 01:30:00,6,Mavericks,Dallas,DAL,37,82,45.1,15,41,36.6,19,20,95.0,9,25,23,6,1,12,25,5,0,0
401585176,2024,2024-01-13,2024-01-14 01:30:00,4,Bulls,Chicago,CHI,46,90,51.1,15,34,44.1,15,20,75.0,7,40,31,5,8,9,18,18,0,1
401585176,2024,2024-01-13,2024-01-14 01:30:00,24,Spurs,San Antonio,SA,39,95,41.1,18,46,39.1,20,23,87.0,12,35,26,7,4,8,19,8,1,0
401585177,2024,2024-01-13,2024-01-14 02:30:00,13,Lakers,Los Angeles,LAL,46,92,50.0,13,29,44.8,20,24,83.3,7,33,30,6,8,12,23,12,0,1
401585177,2024,2024-01-13,2024-01-14 02:30:00,26,Jazz,Utah,UTAH,42,93,45.2,12,37,32.4,36,39,92.3,13,39,28,7,5,10,20,11,0,0
401585160,2024,2024-01-12,2024-01-13 00:30:00,23,Kings,Sacramento,SAC,32,95,33.7,8,38,21.1,21,26,80.8,23,31,20,6,4,16,18,2,1,0
401585160,2024,2024-01-12,2024-01-13 00:30:00,20,76ers,Philadelphia,PHI,40,93,43.0,15,35,42.9,17,18,94.4,14,32,23,11,9,13,19,25,1,0
401585161,2024,2024-01-12,2024-01-13 00:30:00,11,Pacers,Indiana,IND,53,79,67.1,11,18,61.1,9,12,75.0,10,35,41,12,9,25,21,27,2,1
401585161,2024,2024-01-12,2024-01-13 00:30:00,1,Hawks,Atlanta,ATL,40,89,44.9,11,30,36.7,17,23,73.9,12,16,25,14,2,14,13,4,1,0
401585162,2024,2024-01-12,2024-01-13 00:30:00,10,Rockets,Houston,HOU,41,90,45.6,8,30,26.7,22,25,88.0,10,31,21,8,5,9,16,6,0,1
401585162,2024,2024-01-12,2024-01-13 00:30:00,8,Pistons,Detroit,DET,44,88,50.0,12,35,34.3,10,16,62.5,11,35,32,6,9,14,21,12,1,0
401585163,2024,2024-01-12,2024-01-13 01:00:00,19,Magic,Orlando,ORL,36,82,43.9,12,40,30.0,12,20,60.0,10,28,26,10,8,11,20,3,2,0
401585163,2024,2024-01-12,2024-01-13 01:00:00,14,Heat,Miami,MIA,37,83,44.6,8,26,30.8,17,20,85.0,12,29,23,6,1,16,17,11,1,1
401585164,2024,2024-01-12,2024-01-13 01:00:00,9,Warriors,Golden State,GS,49,94,52.1,20,47,42.6,22,30,73.3,13,31,39,7,4,3,16,16,2,0
401585164,2024,2024-01-12,2024-01-13 01:00:00,4,Bulls,Chicago,CHI,50,86,58.1,18,40,45.0,13,16,81.3,6,30,31,1,3,12,21,13,0,1
401585165,2024,2024-01-12,2024-01-13 01:00:00,12,Clippers,LA,LAC,49,89,55.1,15,31,48.4,15,20,75.0,11,32,22,9,7,12,16,23,0,0
401585165,2024,2024-01-12,2024-01-13 01:00:00,29,Grizzlies,Memphis,MEM,41,95,43.2,18,44,40.9,19,27,70.4,17,29,30,5,4,9,21,7,0,1
401585166,2024,2024-01-12,2024-01-13 01:00:00,22,Trail Blazers,Portland,POR,30,77,39.0,10,28,35.7,23,34,67.6,10,28,18,8,5,19,19,0,1,0
401585166,2024,2024-01-12,2024-01-13 01:00:00,16,Timberwolves,Minnesota,MIN,44,80,55.0,11,31,35.5,17,24,70.8,8,37,35,14,5,15,23,36,1,2
401585169,2024,2024-01-12,2024-01-13 01:00:00,30,Hornets,Charlotte,CHA,32,89,36.0,10,34,29.4,25,28,89.3,16,28,22,11,3,19,24,2,1,0
401585169,2024,2024-01-12,2024-01-13 01:00:00,24,Spurs,San Antonio,SA,45,87,51.7,18,38,47.4,27,34,79.4,7,38,31,9,7,14,20,38,1,0
401585168,2024,2024-01-12,2024-01-13 02:30:00,28,Raptors,Toronto,TOR,35,81,43.2,17,34,50.0,26,37,70.3,8,23,25,5,8,13,21,5,0,1
401585168,2024,2024-01-12,2024-01-13 02:30:00,26,Jazz,Utah,UTAH,52,93,55.9,21,43,48.8,20,26,76.9,14,42,34,7,8,13,23,35,1,0
401585167,2024,2024-01-12,2024-01-13 03:00:00,3,Pelicans,New Orleans,NO,42,89,47.2,13,33,39.4,16,22,72.7,8,27,30,9,3,8,10,5,1,1
401585167,2024,2024-01-12,2024-01-13 03:00:00,7,Nuggets,Denver,DEN,50,90,55.6,14,33,42.4,11,15,73.3,10,38,30,5,4,15,18,22,2,0
401585155,2024,2024-01-11,2024-01-11 19:00:00,17,Nets,Brooklyn,BKN,37,82,45.1,8,27,29.6,20,28,71.4,9,32,18,5,4,16,29,0,1,1
401585155,2024,2024-01-11,2024-01-11 19:00:00,5,Cavaliers,Cleveland,CLE,32,82,39.0,13,44,29.5,34,43,79.1,12,35,16,11,6,11,24,26,0,0
401585156,2024,2024-01-11,2024-01-12 00:30:00,2,Celtics,Boston,BOS,34,91,37.4,9,35,25.7,25,30,83.3,6,25,22,5,5,6,13,0,0,0
401585156,2024,2024-01-11,2024-01-12 00:30:00,15,Bucks,Milwaukee,MIL,52,92,56.5,18,42,42.9,13,16,81.3,12,42,34,3,6,9,22,43,2,3
401585157,2024,2024-01-11,2024-01-12 01:00:00,22,Trail Blazers,Portland,POR,28,101,27.7,11,49,22.4,10,16,62.5,13,29,16,8,8,9,19,5,1,3
401585157,2024,2024-01-11,2024-01-12 01:00:00,25,Thunder,Oklahoma City,OKC,53,93,57.0,14,35,40.0,19,22,86.4,8,51,41,6,8,12,10,62,1,2
401585158,2024,2024-01-11,2024-01-12 01:30:00,18,Knicks,New York,NY,44,89,49.4,14,42,33.3,22,28,78.6,13,32,27,7,2,14,25,0,2,1
401585158,2024,2024-01-11,2024-01-12 01:30:00,6,Mavericks,Dallas,DAL,44,88,50.0,17,41,41.5,23,30,76.7,11,27,27,6,2,10,19,21,0,0
401585159,2024,2024-01-11,2024-01-12 03:00:00,21,Suns,Phoenix,PHX,46,93,49.5,14,39,35.9,21,23,91.3,13,33,23,12,3,12,16,32,1,2
401585159,2024,2024-01-11,2024-01-12 03:00:00,13,Lakers,Los Angeles,LAL,40,80,50.0,13,34,38.2,16,25,64.0,7,30,33,8,4,18,19,1,0,0
401585145,2024,2024-01-10,2024-01-11 00:00:00,16,Timberwolves,Minnesota,MIN,44,95,46.3,14,34,41.2,18,20,90.0,8,39,22,4,6,9,27,9,0,0
401585145,2024,2024-01-10,2024-01-11 00:00:00,2,Celtics,Boston,BOS,39,90,43.3,19,47,40.4,30,31,96.8,7,39,21,5,4,8,19,10,0,1
401585146,2024,2024-01-10,2024-01-11 00:00:00,23,Kings,Sacramento,SAC,46,89,51.7,13,35,37.1,18,23,78.3,14,39,24,2,8,9,15,26,1,0
401585146,2024,2024-01-10,2024-01-11 00:00:00,30,Hornets,Charlotte,CHA,35,87,40.2,16,38,42.1,12,16,75.0,8,28,17,2,3,8,16,7,2,0
401585147,2024,2024-01-10,2024-01-11 00:00:00,24,Spurs,San Antonio,SA,49,94,52.1,9,27,33.3,23,27,85.2,10,36,36,7,4,5,15,25,0,0
401585147,2024,2024-01-10,2024-01-11 00:00:00,8,Pistons,Detroit,DET,44,96,45.8,10,32,31.3,10,13,76.9,9,34,33,4,3,10,19,2,0,0
401585148,2024,2024-01-10,2024-01-11 00:00:00,27,Wizards,Washington,WSH,38,88,43.2,7,31,22.6,21,30,70.0,13,33,24,8,8,13,23,6,1,0
401585148,2024,2024-01-10,2024-01-11 00:00:00,11,Pacers,Indiana,IND,41,92,44.6,8,25,32.0,22,24,91.7,14,40,31,7,6,13,22,17,1,0
401585149,2024,2024-01-10,2024-01-11 00:30:00,20,76ers,Philadelphia,PHI,46,102,45.1,12,34,35.3,28,33,84.8,13,38,26,8,9,11,28,8,0,2
401585149,2024,2024-01-10,2024-01-11 00:30:00,1,Hawks,Atlanta,ATL,48,102,47.1,12,34,35.3,31,42,73.8,16,39,32,6,8,12,21,7,1,2
401585150,2024,2024-01-10,2024-01-11 00:30:00,25,Thunder,Oklahoma City,OKC,51,86,59.3,14,33,42.4,12,16,75.0,4,38,36,4,4,12,19,16,1,1
401585150,2024,2024-01-10,2024-01-11 00:30:00,14,Heat,Miami,MIA,41,89,46.1,15,36,41.7,23,28,82.1,8,30,25,8,3,10,13,10,0,0
401585151,2024,2024-01-10,2024-01-11 01:00:00,10,Rockets,Houston,HOU,48,101,47.5,11,45,24.4,12,20,60.0,9,41,29,9,4,14,18,7,0,1
401585151,2024,2024-01-10,2024-01-11 01:00:00,4,Bulls,Chicago,CHI,42,95,44.2,19,47,40.4,21,25,84.0,8,38,31,9,4,14,19,16,0,2
401585153,2024,2024-01-10,2024-01-11 01:30:00,3,Pelicans,New Orleans,NO,54,94,57.4,19,40,47.5,14,19,73.7,13,34,37,11,7,11,19,41,0,0
401585153,2024,2024-01-10,2024-01-11 01:30:00,9,Warriors,Golden State,GS,39,89,43.8,12,39,30.8,15,18,83.3,14,29,24,4,4,17,19,0,0,0
401585152,2024,2024-01-10,2024-01-11 03:00:00,7,Nuggets,Denver,DEN,37,81,45.7,13,33,39.4,24,28,85.7,8,26,26,11,4,16,23,2,0,0
401585152,2024,2024-01-10,2024-01-11 03:00:00,26,Jazz,Utah,UTAH,46,83,55.4,13,33,39.4,19,23,82.6,7,33,34,12,8,16,19,25,1,0
401585154,2024,2024-01-10,2024-01-11 03:30:00,28,Raptors,Toronto,TOR,46,84,54.8,12,30,40.0,16,18,88.9,7,30,31,4,2,14,17,6,1,0
401585154,2024,2024-01-10,2024-01-11 03:30:00,12,Clippers,LA,LAC,49,93,52.7,15,34,44.1,13,13,100.0,11,25,34,6,5,7,17,11,0,0
401585140,2024,2024-01-09,2024-01-10 00:00:00,23,Kings,Sacramento,SAC,54,94,57.4,13,33,39.4,10,14,71.4,10,34,39,8,6,17,21,21,1,0
401585140,2024,2024-01-09,2024-01-10 00:00:00,8,Pistons,Detroit,DET,40,85,47.1,14,37,37.8,16,21,76.2,13,27,27,12,2,21,19,20,0,1
401585141,2024,2024-01-09,2024-01-10 00:00:00,16,Timberwolves,Minnesota,MIN,43,80,53.8,12,30,40.0,15,19,78.9,5,43,34,8,4,18,18,34,0,1
401585141,2024,2024-01-09,2024-01-10 00:00:00,19,Magic,Orlando,ORL,34,94,36.2,13,42,31.0,11,18,61.1,16,30,20,13,5,12,22,0,1,0
401585142,2024,2024-01-09,2024-01-10 00:30:00,22,Trail Blazers,Portland,POR,33,86,38.4,6,29,20.7,12,18,66.7,12,31,19,8,7,15,17,0,0,1
401585142,2024,2024-01-09,2024-01-10 00:30:00,18,Knicks,New York,NY,37,89,41.6,18,48,37.5,20,23,87.0,15,40,26,11,4,14,16,39,1,0
401585143,2024,2024-01-09,2024-01-10 01:30:00,29,Grizzlies,Memphis,MEM,44,91,48.4,14,37,37.8,18,21,85.7,18,36,27,7,3,16,18,22,1,1
401585143,2024,2024-01-09,2024-01-10 01:30:00,6,Mavericks,Dallas,DAL,36,82,43.9,9,27,33.3,22,27,81.5,8,25,20,9,4,12,17,7,1,1
401585144,2024,2024-01-09,2024-01-10 03:30:00,28,Raptors,Toronto,TOR,53,94,56.4,17,35,48.6,8,13,61.5,5,32,34,8,4,12,26,8,0,0
401585144,2024,2024-01-09,2024-01-10 03:30:00,13,Lakers,Los Angeles,LAL,44,81,54.3,16,36,44.4,28,36,77.8,5,34,34,6,4,15,16,8,0,2
401585134,2024,2024-01-08,2024-01-09 00:00:00,4,Bulls,Chicago,CHI,45,92,48.9,9,26,34.6,20,24,83.3,12,39,27,7,7,13,18,12,1,0
401585134,2024,2024-01-08,2024-01-09 00:00:00,30,Hornets,Charlotte,CHA,40,94,42.6,17,42,40.5,15,17,88.2,14,30,26,3,7,12,22,3,3,0
401585135,2024,2024-01-08,2024-01-09 00:00:00,2,Celtics,Boston,BOS,47,90,52.2,17,35,48.6,20,29,69.0,13,29,26,3,8,15,20,11,0,0
401585135,2024,2024-01-08,2024-01-09 00:00:00,11,Pacers,Indiana,IND,48,91,52.7,19,40,47.5,18,22,81.8,9,30,29,6,7,13,23,7,0,1
401585136,2024,2024-01-08,2024-01-09 00:00:00,25,Thunder,Oklahoma City,OKC,52,88,59.1,14,28,50.0,18,24,75.0,10,30,37,11,7,14,21,13,1,0
401585136,2024,2024-01-08,2024-01-09 00:00:00,27,Wizards,Washington,WSH,44,89,49.4,15,32,46.9,25,29,86.2,12,26,32,7,5,14,23,2,1,0
401585137,2024,2024-01-08,2024-01-09 00:30:00,10,Rockets,Houston,HOU,37,88,42.0,14,41,34.1,25,28,89.3,12,30,20,8,4,12,31,2,0,1
401585137,2024,2024-01-08,2024-01-09 00:30:00,14,Heat,Miami,MIA,41,82,50.0,15,36,41.7,23,32,71.9,10,35,30,6,5,11,21,15,0,2
401585138,2024,2024-01-08,2024-01-09 01:00:00,26,Jazz,Utah,UTAH,47,90,52.2,20,44,45.5,18,22,81.8,10,37,33,6,8,10,15,33,1,2
401585138,2024,2024-01-08,2024-01-09 01:00:00,15,Bucks,Milwaukee,MIL,42,94,44.7,17,36,47.2,15,19,78.9,11,27,31,6,6,9,20,1,0,1
401585139,2024,2024-01-08,2024-01-09 03:30:00,21,Suns,Phoenix,PHX,38,77,49.4,10,30,33.3,25,29,86.2,5,20,17,6,4,14,20,5,0,1
401585139,2024,2024-01-08,2024-01-09 03:30:00,12,Clippers,LA,LAC,53,85,62.4,15,29,51.7,17,23,73.9,11,33,32,11,3,12,21,30,2,0
401585125,2024,2024-01-07,2024-01-07 18:00:00,24,Spurs,San Antonio,SA,41,86,47.7,14,37,37.8,19,22,86.4,8,32,22,10,6,11,18,14,0,0
401585125,2024,2024-01-07,2024-01-07 18:00:00,5,Cavaliers,Cleveland,CLE,43,88,48.9,16,43,37.2,15,21,71.4,12,32,27,6,3,16,16,16,0,2
401585126,2024,2024-01-07,2024-01-07 20:00:00,22,Trail Blazers,Portland,POR,45,95,47.4,20,38,52.6,24,30,80.0,9,29,21,5,5,9,20,7,1,1
401585126,2024,2024-01-07,2024-01-07 20:00:00,17,Nets,Brooklyn,BKN,46,91,50.5,14,37,37.8,21,25,84.0,9,35,29,7,7,15,25,10,1,0
401585127,2024,2024-01-07,2024-01-07 23:00:00,1,Hawks,Atlanta,ATL,42,91,46.2,9,30,30.0,17,29,58.6,8,42,21,9,10,12,23,9,1,1
401585127,2024,2024-01-07,2024-01-07 23:00:00,19,Magic,Orlando,ORL,43,98,43.9,17,41,41.5,14,22,63.6,13,44,25,8,3,11,24,14,2,1
401585128,2024,2024-01-07,2024-01-07 23:00:00,3,Pelicans,New Orleans,NO,50,82,61.0,19,35,54.3,14,16,87.5,9,42,35,2,9,16,14,50,0,0
401585128,2024,2024-01-07,2024-01-07 23:00:00,23,Kings,Sacramento,SAC,38,91,41.8,15,45,33.3,9,12,75.0,8,17,28,9,2,9,12,1,0,0
401585129,2024,2024-01-07,2024-01-08 00:30:00,16,Timberwolves,Minnesota,MIN,41,94,43.6,13,41,31.7,13,21,61.9,18,33,22,6,4,13,22,6,0,0
401585129,2024,2024-01-07,2024-01-08 00:30:00,6,Mavericks,Dallas,DAL,43,95,45.3,15,40,37.5,14,20,70.0,15,29,20,7,8,11,19,9,0,1
401585130,2024,2024-01-07,2024-01-08 01:00:00,8,Pistons,Detroit,DET,42,89,47.2,9,24,37.5,21,30,70.0,13,24,28,6,0,11,20,4,1,2
401585130,2024,2024-01-07,2024-01-08 01:00:00,7,Nuggets,Denver,DEN,47,80,58.8,10,27,37.0,27,31,87.1,6,32,35,6,10,12,23,24,2,1
401585131,2024,2024-01-07,2024-01-08 01:00:00,29,Grizzlies,Memphis,MEM,43,97,44.3,17,49,34.7,18,24,75.0,15,39,29,7,8,17,24,6,1,0
401585131,2024,2024-01-07,2024-01-08 01:00:00,21,Suns,Phoenix,PHX,46,102,45.1,8,28,28.6,15,22,68.2,16,34,29,5,6,12,27,13,0,1
401585132,2024,2024-01-07,2024-01-08 01:30:00,28,Raptors,Toronto,TOR,55,94,58.5,15,33,45.5,8,14,57.1,9,36,38,7,6,7,14,27,0,2
401585132,2024,2024-01-07,2024-01-08 01:30:00,9,Warriors,Golden State,GS,45,100,45.0,14,46,30.4,14,15,93.3,15,28,30,5,4,10,11,0,1,1
401585133,2024,2024-01-07,2024-01-08 02:30:00,12,Clippers,LA,LAC,36,91,39.6,14,37,37.8,17,19,89.5,13,27,21,12,5,14,19,9,2,0
401585133,2024,2024-01-07,2024-01-08 02:30:00,13,Lakers,Los Angeles,LAL,42,82,51.2,11,29,37.9,11,16,68.8,8,32,23,9,6,19,11,10,0,2
401585121,2024,2024-01-06,2024-01-07 00:00:00,2,Celtics,Boston,BOS,46,90,51.1,16,41,39.0,10,19,52.6,13,43,26,6,6,17,20,19,1,0
401585121,2024,2024-01-06,2024-01-07 00:00:00,11,Pacers,Indiana,IND,38,92,41.3,8,42,19.0,17,22,77.3,10,28,23,12,2,9,18,0,0,1
401585122,2024,2024-01-06,2024-01-07 00:00:00,18,Knicks,New York,NY,43,87,49.4,14,36,38.9,21,24,87.5,11,34,27,9,2,14,16,26,0,0
401585122,2024,2024-01-06,2024-01-07 00:00:00,27,Wizards,Washington,WSH,40,85,47.1,13,37,35.1,12,20,60.0,12,33,33,5,3,20,20,0,0,1
401585123,2024,2024-01-06,2024-01-07 00:30:00,26,Jazz,Utah,UTAH,46,80,57.5,8,30,26.7,20,24,83.3,9,39,30,4,4,23,18,15,1,0
401585123,2024,2024-01-06,2024-01-07 00:30:00,20,76ers,Philadelphia,PHI,42,104,40.4,7,38,18.4,18,23,78.3,15,19,30,12,6,6,20,3,0,1
401585124,2024,2024-01-06,2024-01-07 01:00:00,15,Bucks,Milwaukee,MIL,35,76,46.1,9,34,26.5,29,42,69.0,4,37,20,7,4,11,24,4,0,1
401585124,2024,2024-01-06,2024-01-07 01:00:00,10,Rockets,Houston,HOU,36,83,43.4,13,34,38.2,27,32,84.4,7,39,22,7,2,10,24,21,0,2
401585107,2024,2024-01-05,2024-01-06 00:00:00,26,Jazz,Utah,UTAH,34,94,36.2,6,34,17.6,23,34,67.6,16,41,23,11,2,18,24,0,0,0
401585107,2024,2024-01-05,2024-01-06 00:00:00,2,Celtics,Boston,BOS,39,90,43.3,17,49,34.7,31,36,86.1,9,47,24,9,8,12,23,36,2,1
401585108,2024,2024-01-05,2024-01-06 00:00:00,1,Hawks,Atlanta,ATL,40,93,43.0,10,42,23.8,26,30,86.7,14,25,21,6,3,14,11,6,0,0
401585108,2024,2024-01-05,2024-01-06 00:00:00,11,Pacers,Indiana,IND,60,94,63.8,19,39,48.7,11,13,84.6,8,31,50,12,3,14,24,38,2,0
401585109,2024,2024-01-05,2024-01-06 00:30:00,25,Thunder,Oklahoma City,OKC,45,84,53.6,9,31,29.0,16,24,66.7,7,29,29,8,5,13,26,2,0,1
401585109,2024,2024-01-05,2024-01-06 00:30:00,17,Nets,Brooklyn,BKN,41,91,45.1,14,39,35.9,28,33,84.8,20,31,25,9,3,15,24,32,0,0
401585110,2024,2024-01-05,2024-01-06 00:30:00,27,Wizards,Washington,WSH,35,84,41.7,9,30,30.0,11,15,73.3,7,24,19,12,8,16,19,0,1,0
401585110,2024,2024-01-05,2024-01-06 00:30:00,5,Cavaliers,Cleveland,CLE,41,77,53.2,16,33,48.5,16,23,69.6,12,40,31,9,1,23,19,29,1,1
401585111,2024,2024-01-05,2024-01-06 00:30:00,18,Knicks,New York,NY,43,89,48.3,18,41,43.9,24,25,96.0,10,39,27,7,7,11,22,39,2,0
401585111,2024,2024-01-05,2024-01-06 00:30:00,20,76ers,Philadelphia,PHI,33,81,40.7,6,23,26.1,20,27,74.1,8,30,22,8,9,14,18,10,0,0
401585112,2024,2024-01-05,2024-01-06 01:00:00,30,Hornets,Charlotte,CHA,36,89,40.4,10,34,29.4,9,12,75.0,12,30,20,7,1,11,20,5,2,1
401585112,2024,2024-01-05,2024-01-06 01:00:00,4,Bulls,Chicago,CHI,40,74,54.1,10,28,35.7,14,17,82.4,4,37,29,7,6,14,17,21,1,1
401585113,2024,2024-01-05,2024-01-06 01:00:00,16,Timberwolves,Minnesota,MIN,46,88,52.3,14,33,42.4,16,20,80.0,9,43,31,12,7,14,18,33,0,0
401585113,2024,2024-01-05,2024-01-06 01:00:00,10,Rockets,Houston,HOU,36,90,40.0,12,32,37.5,11,15,73.3,7,31,18,7,2,15,15,5,0,0
401585114,2024,2024-01-05,2024-01-06 01:00:00,12,Clippers,LA,LAC,40,82,48.8,15,36,41.7,16,20,80.0,10,40,28,6,7,14,18,31,1,0
401585114,2024,2024-01-05,2024-01-06 01:00:00,3,Pelicans,New Orleans,NO,33,92,35.9,12,29,41.4,17,23,73.9,14,29,22,9,5,9,17,8,0,0
401585115,2024,2024-01-05,2024-01-06 01:30:00,22,Trail Blazers,Portland,POR,39,95,41.1,13,40,32.5,12,17,70.6,10,32,27,9,3,18,15,5,1,2
401585115,2024,2024-01-05,2024-01-06 01:30:00,6,Mavericks,Dallas,DAL,56,96,58.3,17,38,44.7,10,15,66.7,10,42,35,11,8,17,21,39,0,2
401585116,2024,2024-01-05,2024-01-06 02:00:00,19,Magic,Orlando,ORL,41,82,50.0,17,36,47.2,23,34,67.6,11,29,25,9,3,14,20,6,1,0
401585116,2024,2024-01-05,2024-01-06 02:00:00,7,Nuggets,Denver,DEN,48,95,50.5,9,33,27.3,15,19,78.9,9,29,28,8,1,13,23,18,0,0
401585117,2024,2024-01-05,2024-01-06 02:00:00,14,Heat,Miami,MIA,34,83,41.0,10,37,27.0,19,22,86.4,11,33,26,5,2,15,21,4,1,0
401585117,2024,2024-01-05,2024-01-06 02:00:00,21,Suns,Phoenix,PHX,44,87,50.6,14,35,40.0,11,17,64.7,9,35,30,13,5,9,18,21,2,0
401585118,2024,2024-01-05,2024-01-06 03:00:00,8,Pistons,Detroit,DET,44,98,44.9,13,44,29.5,8,10,80.0,10,30,25,8,9,11,23,3,0,2
401585118,2024,2024-01-05,2024-01-06 03:00:00,9,Warriors,Golden State,GS,38,82,46.3,16,38,42.1,21,25,84.0,7,38,24,3,5,16,18,11,3,1
401585119,2024,2024-01-05,2024-01-06 03:00:00,29,Grizzlies,Memphis,MEM,44,82,53.7,23,45,51.1,16,20,80.0,6,38,33,8,4,17,20,16,2,2
401585119,2024,2024-01-05,2024-01-06 03:00:00,13,Lakers,Los Angeles,LAL,42,85,49.4,10,28,35.7,19,27,70.4,8,27,26,13,3,13,14,13,1,1
401585120,2024,2024-01-05,2024-01-06 03:00:00,28,Raptors,Toronto,TOR,47,87,54.0,13,37,35.1,23,27,85.2,8,29,31,5,10,14,20,1,0,1
401585120,2024,2024-01-05,2024-01-06 03:00:00,23,Kings,Sacramento,SAC,52,100,52.0,21,38,55.3,10,15,66.7,11,31,35,4,1,14,23,23,1,1
401585105,2024,2024-01-04,2024-01-05 00:30:00,15,Bucks,Milwaukee,MIL,49,92,53.3,12,34,35.3,15,19,78.9,8,34,27,5,5,14,16,13,0,0
401585105,2024,2024-01-04,2024-01-05 00:30:00,24,Spurs,San Antonio,SA,46,95,48.4,14,40,35.0,15,17,88.2,10,32,31,10,8,11,16,5,1,0
401585106,2024,2024-01-04,2024-01-05 03:00:00,7,Nuggets,Denver,DEN,48,85,56.5,9,26,34.6,25,29,86.2,11,25,28,7,4,7,15,10,2,0
401585106,2024,2024-01-04,2024-01-05 03:00:00,9,Warriors,Golden State,GS,49,90,54.4,15,36,41.7,14,16,87.5,9,24,35,4,3,8,20,18,2,2
401585093,2024,2024-01-03,2024-01-04 00:00:00,27,Wizards,Washington,WSH,42,101,41.6,12,35,34.3,5,11,45.5,12,24,23,8,5,8,14,5,0,0
401585093,2024,2024-01-03,2024-01-04 00:00:00,5,Cavaliers,Cleveland,CLE,54,100,54.0,20,42,47.6,12,16,75.0,18,44,37,5,8,8,13,44,3,0
401585094,2024,2024-01-03,2024-01-04 00:00:00,15,Bucks,Milwaukee,MIL,46,92,50.0,14,37,37.8,24,32,75.0,10,32,30,6,4,13,25,6,0,2
401585094,2024,2024-01-03,2024-01-04 00:00:00,11,Pacers,Indiana,IND,50,90,55.6,14,35,40.0,28,34,82.4,7,37,34,7,5,10,27,18,1,3
401585095,2024,2024-01-03,2024-01-04 00:30:00,25,Thunder,Oklahoma City,OKC,50,91,54.9,18,36,50.0,20,26,76.9,9,28,30,10,1,13,23,0,0,1
401585095,2024,2024-01-03,2024-01-04 00:30:00,1,Hawks,Atlanta,ATL,48,95,50.5,14,39,35.9,31,33,93.9,15,34,30,8,5,11,21,21,2,1
401585097,2024,2024-01-03,2024-01-04 01:00:00,17,Nets,Brooklyn,BKN,36,93,38.7,13,44,29.5,16,26,61.5,15,35,25,11,6,8,19,5,2,0
401585097,2024,2024-01-03,2024-01-04 01:00:00,10,Rockets,Houston,HOU,37,76,48.7,19,39,48.7,19,27,70.4,5,43,27,5,4,16,19,18,0,1
401585098,2024,2024-01-03,2024-01-04 01:00:00,28,Raptors,Toronto,TOR,41,85,48.2,12,26,46.2,22,27,81.5,7,39,25,5,6,12,20,20,0,0
401585098,2024,2024-01-03,2024-01-04 01:00:00,29,Grizzlies,Memphis,MEM,40,94,42.6,15,42,35.7,16,19,84.2,9,34,25,7,5,10,19,8,0,0
401585099,2024,2024-01-03,2024-01-04 01:00:00,3,Pelicans,New Orleans,NO,45,81,55.6,12,26,46.2,15,17,88.2,9,32,30,7,5,12,24,24,2,2
401585099,2024,2024-01-03,2024-01-04 01:00:00,16,Timberwolves,Minnesota,MIN,37,82,45.1,10,31,32.3,22,27,81.5,8,20,26,7,6,11,13,3,2,1
401585096,2024,2024-01-03,2024-01-04 01:30:00,4,Bulls,Chicago,CHI,37,89,41.6,13,32,40.6,13,16,81.3,11,28,24,9,7,11,17,10,0,1
401585096,2024,2024-01-03,2024-01-04 01:30:00,18,Knicks,New York,NY,46,89,51.7,15,38,39.5,9,11,81.8,13,39,29,6,7,15,17,17,1,0
401585100,2024,2024-01-03,2024-01-04 01:30:00,22,Trail Blazers,Portland,POR,34,87,39.1,13,40,32.5,16,22,72.7,10,36,23,4,3,22,34,0,0,0
401585100,2024,2024-01-03,2024-01-04 01:30:00,6,Mavericks,Dallas,DAL,42,84,50.0,13,30,43.3,29,41,70.7,7,36,25,12,7,11,18,38,1,2
401585101,2024,2024-01-03,2024-01-04 02:00:00,12,Clippers,LA,LAC,42,76,55.3,18,34,52.9,29,32,90.6,10,26,25,9,5,12,18,23,2,4
401585101,2024,2024-01-03,2024-01-04 02:00:00,21,Suns,Phoenix,PHX,42,79,53.2,15,35,42.9,23,26,88.5,10,22,23,9,2,16,23,0,1,2
401585102,2024,2024-01-03,2024-01-04 02:00:00,8,Pistons,Detroit,DET,56,105,53.3,19,41,46.3,17,22,77.3,16,32,33,5,3,17,27,10,0,1
401585102,2024,2024-01-03,2024-01-04 02:00:00,26,Jazz,Utah,UTAH,53,103,51.5,16,32,50.0,32,35,91.4,15,28,28,11,8,12,22,7,0,2
401585103,2024,2024-01-03,2024-01-04 03:00:00,14,Heat,Miami,MIA,41,93,44.1,16,42,38.1,12,17,70.6,7,32,30,14,3,8,23,16,2,0
401585103,2024,2024-01-03,2024-01-04 03:00:00,13,Lakers,Los Angeles,LAL,35,83,42.2,4,30,13.3,22,24,91.7,9,41,29,3,6,21,14,2,1,0
401585104,2024,2024-01-03,2024-01-04 03:00:00,19,Magic,Orlando,ORL,44,90,48.9,25,44,56.8,22,27,81.5,7,32,33,10,7,20,30,7,1,1
401585104,2024,2024-01-03,2024-01-04 03:00:00,23,Kings,Sacramento,SAC,51,105,48.6,15,40,37.5,21,31,67.7,18,40,36,9,3,17,21,16,4,2
401585087,2024,2024-01-02,2024-01-03 00:00:00,4,Bulls,Chicago,CHI,37,96,38.5,7,37,18.9,16,23,69.6,19,32,17,9,7,18,21,0,0,0
401585087,2024,2024-01-02,2024-01-03 00:00:00,20,76ers,Philadelphia,PHI,38,80,47.5,12,30,40.0,22,30,73.3,6,37,28,9,6,17,22,31,2,1
401585088,2024,2024-01-02,2024-01-03 01:00:00,24,Spurs,San Antonio,SA,36,85,42.4,10,31,32.3,16,23,69.6,6,34,21,6,8,14,24,3,2,0
401585088,2024,2024-01-02,2024-01-03 01:00:00,29,Grizzlies,Memphis,MEM,37,80,46.3,12,38,31.6,20,25,80.0,8,38,24,5,8,15,23,18,0,1
401585089,2024,2024-01-02,2024-01-03 01:00:00,17,Nets,Brooklyn,BKN,35,98,35.7,11,43,25.6,4,8,50.0,18,25,26,7,4,12,13,0,3,0
401585089,2024,2024-01-02,2024-01-03 01:00:00,3,Pelicans,New Orleans,NO,41,88,46.6,16,39,41.0,14,18,77.8,17,36,23,10,9,16,12,32,1,1
401585090,2024,2024-01-02,2024-01-03 01:00:00,2,Celtics,Boston,BOS,42,92,45.7,15,40,37.5,24,29,82.8,17,30,33,7,10,14,15,3,0,1
401585090,2024,2024-01-02,2024-01-03 01:00:00,25,Thunder,Oklahoma City,OKC,48,91,52.7,18,40,45.0,13,17,76.5,10,28,34,7,10,10,22,18,2,0
401585091,2024,2024-01-02,2024-01-03 03:00:00,19,Magic,Orlando,ORL,41,92,44.6,14,36,38.9,19,23,82.6,16,25,19,8,4,17,24,9,1,0
401585091,2024,2024-01-02,2024-01-03 03:00:00,9,Warriors,Golden State,GS,42,78,53.8,13,35,37.1,24,37,64.9,9,27,23,9,6,12,19,11,0,1
401585092,2024,2024-01-02,2024-01-03 03:00:00,30,Hornets,Charlotte,CHA,42,82,51.2,12,34,35.3,15,19,78.9,4,31,23,8,10,14,15,7,1,0
401585092,2024,2024-01-02,2024-01-03 03:00:00,23,Kings,Sacramento,SAC,40,92,43.5,14,36,38.9,10,17,58.8,15,33,23,8,2,20,23,10,1,1
401585079,2024,2024-01-01,2024-01-01 20:00:00,16,Timberwolves,Minnesota,MIN,36,76,47.4,11,28,39.3,23,29,79.3,4,30,19,6,4,13,22,11,1,2
401585079,2024,2024-01-01,2024-01-01 20:00:00,18,Knicks,New York,NY,39,89,43.8,12,34,35.3,22,28,78.6,16,33,23,7,4,13,24,22,2,0
401585080,2024,2024-01-01,2024-01-02 00:30:00,5,Cavaliers,Cleveland,CLE,43,89,48.3,12,36,33.3,23,26,88.5,6,37,25,9,2,9,29,3,0,1
401585080,2024,2024-01-01,2024-01-02 00:30:00,28,Raptors,Toronto,TOR,42,87,48.3,11,30,36.7,29,40,72.5,10,37,25,5,4,11,22,19,0,0
401585081,2024,2024-01-01,2024-01-02 01:00:00,8,Pistons,Detroit,DET,40,83,48.2,13,29,44.8,20,27,74.1,10,27,27,3,4,17,21,2,1,0
401585081,2024,2024-01-01,2024-01-02 01:00:00,10,Rockets,Houston,HOU,51,91,56.0,15,35,42.9,19,24,79.2,6,33,34,11,1,9,19,33,1,0
401585082,2024,2024-01-01,2024-01-02 01:00:00,11,Pacers,Indiana,IND,43,97,44.3,5,35,14.3,31,38,81.6,14,38,23,7,5,7,24,9,0,1
401585082,2024,2024-01-01,2024-01-02 01:00:00,15,Bucks,Milwaukee,MIL,41,93,44.1,10,40,25.0,21,26,80.8,8,38,27,4,8,11,26,15,0,1
401585083,2024,2024-01-01,2024-01-02 02:00:00,30,Hornets,Charlotte,CHA,36,86,41.9,10,26,38.5,11,16,68.8,8,37,24,4,5,12,15,4,2,1
401585083,2024,2024-01-01,2024-01-02 02:00:00,7,Nuggets,Denver,DEN,41,83,49.4,15,38,39.5,14,18,77.8,4,40,27,9,9,10,15,27,1,3
401585084,2024,2024-01-01,2024-01-02 02:00:00,22,Trail Blazers,Portland,POR,33,80,41.3,8,30,26.7,14,19,73.7,6,30,21,6,10,18,19,9,1,0
401585084,2024,2024-01-01,2024-01-02 02:00:00,21,Suns,Phoenix,PHX,38,80,47.5,11,29,37.9,22,33,66.7,9,38,24,10,5,16,20,26,0,0
401585085,2024,2024-01-01,2024-01-02 02:00:00,6,Mavericks,Dallas,DAL,37,93,39.8,11,40,27.5,5,10,50.0,8,33,28,6,5,16,15,3,0,1
401585085,2024,2024-01-01,2024-01-02 02:00:00,26,Jazz,Utah,UTAH,49,96,51.0,12,44,27.3,17,18,94.4,7,46,37,9,6,12,15,39,1,0
401585086,2024,2024-01-01,2024-01-02 03:30:00,14,Heat,Miami,MIA,35,83,42.2,11,34,32.4,23,29,79.3,12,23,24,7,3,13,17,14,1,0
401585086,2024,2024-01-01,2024-01-02 03:30:00,12,Clippers,LA,LAC,47,80,58.8,14,29,48.3,13,14,92.9,6,31,25,10,3,15,20,22,2,1
401585073,2024,2023-12-31,2023-12-31 20:00:00,1,Hawks,Atlanta,ATL,47,95,49.5,12,32,37.5,24,37,64.9,12,46,27,5,3,12,18,15,0,1
401585073,2024,2023-12-31,2023-12-31 20:00:00,27,Wizards,Washington,WSH,46,98,46.9,17,53,32.1,17,21,81.0,6,36,35,5,9,9,21,13,0,2
401585074,2024,2023-12-31,2024-01-01 00:00:00,13,Lakers,Los Angeles,LAL,39,82,47.6,10,32,31.3,21,25,84.0,4,31,26,8,10,13,15,1,0,1
401585074,2024,2023-12-31,2024-01-01 00:00:00,3,Pelicans,New Orleans,NO,45,87,51.7,17,34,50.0,22,27,81.5,12,35,33,9,6,11,22,22,2,0
401585075,2024,2023-12-31,2024-01-01 00:00:00,17,Nets,Brooklyn,BKN,38,100,38.0,12,46,26.1,20,31,64.5,17,30,26,9,2,6,21,10,1,0
401585075,2024,2023-12-31,2024-01-01 00:00:00,25,Thunder,Oklahoma City,OKC,45,83,54.2,18,33,54.5,16,20,80.0,5,41,31,1,6,13,24,21,2,0
401585076,2024,2023-12-31,2024-01-01 00:00:00,2,Celtics,Boston,BOS,51,95,53.7,15,42,35.7,17,22,77.3,13,44,29,6,7,10,12,37,1,0
401585076,2024,2023-12-31,2024-01-01 00:00:00,24,Spurs,San Antonio,SA,40,94,42.6,12,45,26.7,9,12,75.0,9,30,28,6,1,12,17,0,4,0
401585077,2024,2023-12-31,2024-01-01 01:00:00,23,Kings,Sacramento,SAC,47,92,51.1,16,33,48.5,13,17,76.5,9,50,28,2,4,12,22,31,1,1
401585077,2024,2023-12-31,2024-01-01 01:00:00,29,Grizzlies,Memphis,MEM,30,82,36.6,12,40,30.0,20,28,71.4,1,33,20,4,1,8,14,5,0,1
401585078,2024,2023-12-31,2024-01-01 01:00:00,19,Magic,Orlando,ORL,42,90,46.7,12,37,32.4,11,12,91.7,8,37,22,2,4,15,18,2,0,0
401585078,2024,2023-12-31,2024-01-01 01:00:00,21,Suns,Phoenix,PHX,44,88,50.0,8,27,29.6,16,19,84.2,6,29,21,11,4,6,17,16,0,0
401585067,2024,2023-12-30,2023-12-30 22:00:00,14,Heat,Miami,MIA,34,78,43.6,9,31,29.0,32,40,80.0,8,38,20,8,8,16,24,6,0,0
401585067,2024,2023-12-30,2023-12-30 22:00:00,26,Jazz,Utah,UTAH,43,93,46.2,11,41,26.8,20,28,71.4,9,34,29,8,6,10,25,8,0,0
401585068,2024,2023-12-30,2023-12-30 23:00:00,28,Raptors,Toronto,TOR,46,91,50.5,12,24,50.0,23,28,82.1,6,27,26,9,5,7,27,5,1,1
401585068,2024,2023-12-30,2023-12-30 23:00:00,8,Pistons,Detroit,DET,41,82,50.0,12,28,42.9,35,40,87.5,6,35,29,4,4,11,22,11,1,0
401585069,2024,2023-12-30,2023-12-31 00:00:00,18,Knicks,New York,NY,45,95,47.4,17,37,45.9,19,27,70.4,15,27,24,12,2,13,19,9,1,2
401585069,2024,2023-12-30,2023-12-31 00:00:00,11,Pacers,Indiana,IND,50,85,58.8,23,43,53.5,17,21,81.0,7,27,40,6,7,16,18,17,0,4
401585070,2024,2023-12-30,2023-12-31 01:00:00,20,76ers,Philadelphia,PHI,36,92,39.1,9,38,23.7,11,15,73.3,12,24,24,12,5,7,22,1,1,1
401585070,2024,2023-12-30,2023-12-31 01:00:00,4,Bulls,Chicago,CHI,40,79,50.6,7,25,28.0,18,30,60.0,12,41,21,5,5,16,15,18,1,0
401585071,2024,2023-12-30,2023-12-31 01:00:00,13,Lakers,Los Angeles,LAL,37,88,42.0,7,24,29.2,25,32,78.1,8,31,23,12,4,10,15,11,0,2
401585071,2024,2023-12-30,2023-12-31 01:00:00,16,Timberwolves,Minnesota,MIN,38,76,50.0,12,34,35.3,20,24,83.3,7,38,24,8,8,19,26,7,0,2
401585072,2024,2023-12-30,2023-12-31 01:30:00,6,Mavericks,Dallas,DAL,49,88,55.7,16,40,40.0,18,22,81.8,6,37,25,5,2,9,14,16,0,0
401585072,2024,2023-12-30,2023-12-31 01:30:00,9,Warriors,Golden State,GS,47,103,45.6,19,48,39.6,9,13,69.2,16,31,32,8,3,10,21,4,1,0
401585057,2024,2023-12-29,2023-12-30 00:00:00,18,Knicks,New York,NY,38,86,44.2,6,30,20.0,26,29,89.7,6,34,22,8,4,16,30,3,0,1
401585057,2024,2023-12-29,2023-12-30 00:00:00,19,Magic,Orlando,ORL,40,89,44.9,7,33,21.2,30,40,75.0,14,35,24,10,6,15,20,20,0,1
401585058,2024,2023-12-29,2023-12-30 00:00:00,17,Nets,Brooklyn,BKN,39,91,42.9,9,28,32.1,17,27,63.0,18,36,24,5,4,10,13,9,0,0
401585058,2024,2023-12-29,2023-12-30 00:00:00,27,Wizards,Washington,WSH,46,91,50.5,15,38,39.5,3,7,42.9,8,35,28,5,5,6,19,8,1,1
401585059,2024,2023-12-29,2023-12-30 00:30:00,23,Kings,Sacramento,SAC,46,89,51.7,17,45,37.8,8,15,53.3,5,33,35,9,3,12,20,7,0,0
401585059,2024,2023-12-29,2023-12-30 00:30:00,1,Hawks,Atlanta,ATL,37,94,39.4,15,43,34.9,21,25,84.0,18,33,29,9,4,15,16,23,0,1
401585060,2024,2023-12-29,2023-12-30 00:30:00,28,Raptors,Toronto,TOR,44,95,46.3,17,44,38.6,13,20,65.0,9,29,29,10,6,4,15,4,1,1
401585060,2024,2023-12-29,2023-12-30 00:30:00,2,Celtics,Boston,BOS,43,88,48.9,17,39,43.6,17,20,85.0,13,39,29,3,6,16,17,20,0,0
401585061,2024,2023-12-29,2023-12-30 00:30:00,15,Bucks,Milwaukee,MIL,41,80,51.2,12,29,41.4,25,28,89.3,7,36,26,5,6,17,15,15,0,1
401585061,2024,2023-12-29,2023-12-30 00:30:00,5,Cavaliers,Cleveland,CLE,49,103,47.6,6,43,14.0,7,9,77.8,7,30,28,11,7,8,20,15,0,2
401585062,2024,2023-12-29,2023-12-30 01:00:00,20,76ers,Philadelphia,PHI,45,86,52.3,12,33,36.4,29,33,87.9,11,19,22,10,5,10,21,5,0,0
401585062,2024,2023-12-29,2023-12-30 01:00:00,10,Rockets,Houston,HOU,49,91,53.8,14,30,46.7,15,21,71.4,14,28,30,8,6,16,24,11,1,0
401585063,2024,2023-12-29,2023-12-30 02:00:00,25,Thunder,Oklahoma City,OKC,46,91,50.5,12,35,34.3,15,16,93.8,10,41,29,10,8,11,20,26,1,0
401585063,2024,2023-12-29,2023-12-30 02:00:00,7,Nuggets,Denver,DEN,36,85,42.4,10,37,27.0,11,15,73.3,5,31,30,6,5,16,17,3,1,0
401585064,2024,2023-12-29,2023-12-30 02:00:00,30,Hornets,Charlotte,CHA,44,92,47.8,23,46,50.0,8,8,100.0,8,18,32,5,3,6,17,6,0,1
401585064,2024,2023-12-29,2023-12-30 02:00:00,21,Suns,Phoenix,PHX,46,74,62.2,18,30,60.0,23,24,95.8,6,33,34,3,11,14,14,20,1,1
401585065,2024,2023-12-29,2023-12-30 03:00:00,24,Spurs,San Antonio,SA,48,94,51.1,14,33,42.4,18,25,72.0,13,29,31,9,3,14,19,5,0,1
401585065,2024,2023-12-29,2023-12-30 03:00:00,22,Trail Blazers,Portland,POR,48,95,50.5,16,27,59.3,22,27,81.5,16,27,28,8,6,14,19,26,0,0
401585066,2024,2023-12-29,2023-12-30 03:30:00,29,Grizzlies,Memphis,MEM,38,87,43.7,13,40,32.5,17,20,85.0,3,30,29,10,4,12,22,6,0,0
401585066,2024,2023-12-29,2023-12-30 03:30:00,12,Clippers,LA,LAC,43,87,49.4,11,39,28.2,20,25,80.0,11,43,28,3,6,17,19,21,1,1
401585049,2024,2023-12-28,2023-12-29 00:30:00,8,Pistons,Detroit,DET,48,101,47.5,14,43,32.6,12,19,63.2,19,38,27,7,4,18,21,21,1,0
401585049,2024,2023-12-28,2023-12-29 00:30:00,2,Celtics,Boston,BOS,48,99,48.5,11,39,28.2,21,25,84.0,11,32,25,10,4,12,15,8,0,0
401585050,2024,2023-12-28,2023-12-29 01:00:00,11,Pacers,Indiana,IND,43,85,50.6,19,42,45.2,15,22,68.2,6,41,30,6,9,13,21,25,1,0
401585050,2024,2023-12-28,2023-12-29 01:00:00,4,Bulls,Chicago,CHI,40,97,41.2,7,27,25.9,17,22,77.3,13,34,19,7,4,7,20,7,1,0
401585051,2024,2023-12-28,2023-12-29 01:00:00,6,Mavericks,Dallas,DAL,40,90,44.4,14,33,42.4,16,19,84.2,13,26,29,9,3,16,27,3,2,0
401585051,2024,2023-12-28,2023-12-29 01:00:00,16,Timberwolves,Minnesota,MIN,38,74,51.4,17,33,51.5,25,34,73.5,6,32,23,9,10,22,21,18,0,1
401585052,2024,2023-12-28,2023-12-29 01:00:00,26,Jazz,Utah,UTAH,36,85,42.4,12,39,30.8,21,25,84.0,17,25,27,5,3,18,15,2,1,0
401585052,2024,2023-12-28,2023-12-29 01:00:00,3,Pelicans,New Orleans,NO,45,82,54.9,10,27,37.0,12,15,80.0,6,29,27,10,7,14,19,11,1,1
401585053,2024,2023-12-28,2023-12-29 02:00:00,29,Grizzlies,Memphis,MEM,37,89,41.6,13,35,37.1,18,25,72.0,11,25,23,8,5,11,13,8,0,1
401585053,2024,2023-12-28,2023-12-29 02:00:00,7,Nuggets,Denver,DEN,55,96,57.3,20,41,48.8,12,14,85.7,12,41,43,6,7,11,19,38,1,1
401585054,2024,2023-12-28,2023-12-29 03:00:00,14,Heat,Miami,MIA,44,91,48.4,10,31,32.3,16,22,72.7,10,34,26,6,1,7,19,22,3,0
401585054,2024,2023-12-28,2023-12-29 03:00:00,9,Warriors,Golden State,GS,37,88,42.0,8,33,24.2,20,25,80.0,12,31,27,4,7,13,19,5,0,0
401585055,2024,2023-12-28,2023-12-29 03:00:00,24,Spurs,San Antonio,SA,41,85,48.2,10,36,27.8,26,28,92.9,7,35,33,9,10,11,20,28,0,0
401585055,2024,2023-12-28,2023-12-29 03:00:00,22,Trail Blazers,Portland,POR,35,101,34.7,11,36,30.6,24,32,75.0,22,35,16,6,4,13,22,0,0,0
401585056,2024,2023-12-28,2023-12-29 03:30:00,30,Hornets,Charlotte,CHA,40,85,47.1,15,33,45.5,17,28,60.7,8,35,29,5,5,19,14,9,0,0
401585056,2024,2023-12-28,2023-12-29 03:30:00,13,Lakers,Los Angeles,LAL,52,97,53.6,15,30,50.0,14,14,100.0,5,37,41,11,7,11,21,28,0,1
401585043,2024,2023-12-27,2023-12-28 00:00:00,20,76ers,Philadelphia,PHI,45,96,46.9,10,28,35.7,12,17,70.6,12,36,14,10,8,10,19,23,0,2
401585043,2024,2023-12-27,2023-12-28 00:00:00,19,Magic,Orlando,ORL,31,79,39.2,9,33,27.3,21,24,87.5,9,34,17,5,11,16,18,6,0,0
401585044,2024,2023-12-27,2023-12-28 00:00:00,28,Raptors,Toronto,TOR,52,91,57.1,15,38,39.5,13,19,68.4,14,39,43,12,5,17,18,31,3,0
401585044,2024,2023-12-27,2023-12-28 00:00:00,27,Wizards,Washington,WSH,42,90,46.7,8,33,24.2,10,15,66.7,10,24,25,11,3,16,17,8,1,0
401585045,2024,2023-12-27,2023-12-28 00:30:00,15,Bucks,Milwaukee,MIL,52,89,58.4,23,51,45.1,17,23,73.9,8,33,41,6,8,10,18,22,0,4
401585045,2024,2023-12-27,2023-12-28 00:30:00,17,Nets,Brooklyn,BKN,45,101,44.6,7,32,21.9,25,29,86.2,17,30,29,7,2,9,17,3,0,2
401585046,2024,2023-12-27,2023-12-28 01:00:00,21,Suns,Phoenix,PHX,47,82,57.3,14,33,42.4,21,26,80.8,8,36,28,4,11,19,17,21,0,2
401585046,2024,2023-12-27,2023-12-28 01:00:00,10,Rockets,Houston,HOU,40,96,41.7,17,41,41.5,16,22,72.7,9,24,20,11,3,9,21,4,1,1
401585047,2024,2023-12-27,2023-12-28 01:00:00,18,Knicks,New York,NY,41,82,50.0,14,34,41.2,24,30,80.0,9,31,24,2,2,18,21,2,0,0
401585047,2024,2023-12-27,2023-12-28 01:00:00,25,Thunder,Oklahoma City,OKC,49,90,54.4,14,32,43.8,17,22,77.3,3,24,20,6,10,4,21,17,0,0
401585048,2024,2023-12-27,2023-12-28 01:30:00,5,Cavaliers,Cleveland,CLE,40,92,43.5,17,43,39.5,16,23,69.6,18,39,33,7,4,16,21,6,0,0
401585048,2024,2023-12-27,2023-12-28 01:30:00,6,Mavericks,Dallas,DAL,39,88,44.3,10,37,27.0,22,26,84.6,7,30,21,12,7,10,21,20,0,0
401585034,2024,2023-12-26,2023-12-27 00:00:00,17,Nets,Brooklyn,BKN,41,82,50.0,9,22,40.9,27,43,62.8,7,35,22,6,7,9,22,11,0,0
401585034,2024,2023-12-26,2023-12-27 00:00:00,8,Pistons,Detroit,DET,40,90,44.4,9,25,36.0,23,32,71.9,16,36,20,6,4,13,27,14,1,1
401585035,2024,2023-12-26,2023-12-27 00:00:00,19,Magic,Orlando,ORL,49,93,52.7,12,26,46.2,17,25,68.0,7,33,30,11,5,16,16,17,0,2
401585035,2024,2023-12-26,2023-12-27 00:00:00,27,Wizards,Washington,WSH,43,87,49.4,16,42,38.1,17,21,81.0,10,37,27,10,8,20,21,3,0,0
401585036,2024,2023-12-26,2023-12-27 01:00:00,1,Hawks,Atlanta,ATL,41,89,46.1,13,45,28.9,18,21,85.7,12,28,24,6,3,15,21,12,1,0
401585036,2024,2023-12-26,2023-12-27 01:00:00,4,Bulls,Chicago,CHI,42,92,45.7,7,25,28.0,27,31,87.1,18,30,23,10,2,8,17,11,2,0
401585037,2024,2023-12-26,2023-12-27 01:00:00,11,Pacers,Indiana,IND,43,82,52.4,19,43,44.2,18,21,85.7,10,35,28,5,7,20,22,12,0,0
401585037,2024,2023-12-26,2023-12-27 01:00:00,10,Rockets,Houston,HOU,47,97,48.5,5,24,20.8,18,22,81.8,15,29,19,15,2,10,16,10,1,1
401585038,2024,2023-12-26,2023-12-27 01:00:00,29,Grizzlies,Memphis,MEM,39,90,43.3,11,46,23.9,27,32,84.4,8,42,24,10,17,17,24,8,1,0
401585038,2024,2023-12-26,2023-12-27 01:00:00,3,Pelicans,New Orleans,NO,42,97,43.3,10,31,32.3,21,33,63.6,10,36,18,12,6,14,26,15,1,0
401585039,2024,2023-12-26,2023-12-27 01:00:00,16,Timberwolves,Minnesota,MIN,34,73,46.6,12,27,44.4,26,32,81.3,8,26,22,8,1,21,16,3,3,3
401585039,2024,2023-12-26,2023-12-27 01:00:00,25,Thunder,Oklahoma City,OKC,49,81,60.5,18,39,46.2,13,16,81.3,3,26,35,9,7,11,24,25,4,0
401585040,2024,2023-12-26,2023-12-27 01:00:00,26,Jazz,Utah,UTAH,47,95,49.5,16,43,37.2,20,22,90.9,13,40,34,4,7,14,21,20,0,0
401585040,2024,2023-12-26,2023-12-27 01:00:00,24,Spurs,San Antonio,SA,44,98,44.9,16,35,45.7,14,21,66.7,13,30,36,8,8,9,18,15,0,0
401585041,2024,2023-12-26,2023-12-27 03:00:00,23,Kings,Sacramento,SAC,45,93,48.4,10,42,23.8,13,16,81.3,11,29,25,5,7,10,16,8,2,0
401585041,2024,2023-12-26,2023-12-27 03:00:00,22,Trail Blazers,Portland,POR,49,98,50.0,16,40,40.0,16,20,80.0,16,30,28,5,5,7,17,20,3,0
401585042,2024,2023-12-26,2023-12-27 03:30:00,30,Hornets,Charlotte,CHA,43,93,46.2,6,29,20.7,12,16,75.0,8,34,31,8,6,11,23,7,0,0
401585042,2024,2023-12-26,2023-12-27 03:30:00,12,Clippers,LA,LAC,40,85,47.1,14,34,41.2,19,25,76.0,11,34,24,7,3,13,14,11,0,1
401585029,2024,2023-12-25,2023-12-25 17:00:00,15,Bucks,Milwaukee,MIL,45,95,47.4,13,42,31.0,19,24,79.2,17,27,26,7,4,11,23,4,0,1
401585029,2024,2023-12-25,2023-12-25 17:00:00,18,Knicks,New York,NY,50,92,54.3,8,26,30.8,21,26,80.8,7,34,27,7,4,11,18,16,1,0
401585030,2024,2023-12-25,2023-12-25 19:30:00,9,Warriors,Golden State,GS,40,87,46.0,14,40,35.0,20,23,87.0,9,30,23,7,3,13,23,6,0,0
401585030,2024,2023-12-25,2023-12-25 19:30:00,7,Nuggets,Denver,DEN,40,82,48.8,14,34,41.2,26,32,81.3,10,33,25,6,4,14,17,10,0,1
401585031,2024,2023-12-25,2023-12-25 22:00:00,2,Celtics,Boston,BOS,46,91,50.5,13,42,31.0,21,28,75.0,11,33,31,8,7,8,17,18,0,1
401585031,2024,2023-12-25,2023-12-25 22:00:00,13,Lakers,Los Angeles,LAL,43,90,47.8,13,32,40.6,16,21,76.2,13,30,24,4,1,12,19,2,0,0
401585032,2024,2023-12-25,2023-12-26 01:00:00,20,76ers,Philadelphia,PHI,40,94,42.6,17,45,37.8,16,25,64.0,5,31,23,11,4,7,22,10,1,3
401585032,2024,2023-12-25,2023-12-26 01:00:00,14,Heat,Miami,MIA,40,84,47.6,12,32,37.5,27,35,77.1,13,43,27,5,7,14,17,21,0,0
401585033,2024,2023-12-25,2023-12-26 03:43:00,6,Mavericks,Dallas,DAL,45,84,53.6,16,44,36.4,22,30,73.3,8,30,28,7,6,11,20,15,0,1
401585033,2024,2023-12-25,2023-12-26 03:43:00,21,Suns,Phoenix,PHX,40,90,44.4,14,41,34.1,20,25,80.0,14,33,28,5,2,15,21,6,1,1
401585016,2024,2023-12-23,2023-12-23 17:30:00,15,Bucks,Milwaukee,MIL,48,91,53.0,16,32,50.0,18,23,78.0,12,41,25,4,2,14,22,22,0,1
401585016,2024,2023-12-23,2023-12-23 17:30:00,18,Knicks,New York,NY,41,93,44.0,9,29,31.0,20,21,95.0,11,30,17,5,2,11,22,1,0,0
401585017,2024,2023-12-23,2023-12-23 20:30:00,2,Celtics,Boston,BOS,49,94,52.1,25,53,47.2,22,28,78.6,15,36,33,4,5,9,19,39,1,0
401585017,2024,2023-12-23,2023-12-23 20:30:00,12,Clippers,LA,LAC,41,89,46.1,11,34,32.4,15,15,100.0,9,25,25,4,4,10,24,1,1,0
401585018,2024,2023-12-23,2023-12-24 00:00:00,7,Nuggets,Denver,DEN,39,90,43.3,12,30,40.0,12,14,85.7,12,36,25,11,13,14,21,18,3,1
401585018,2024,2023-12-23,2023-12-24 00:00:00,30,Hornets,Charlotte,CHA,34,88,38.6,8,28,28.6,19,23,82.6,13,34,23,8,11,17,15,10,1,0
401585019,2024,2023-12-23,2023-12-24 00:00:00,19,Magic,Orlando,ORL,39,73,53.4,6,18,33.3,33,41,80.5,10,29,22,9,5,13,18,15,2,1
401585019,2024,2023-12-23,2023-12-24 00:00:00,11,Pacers,Indiana,IND,43,82,52.4,15,34,44.1,9,13,69.2,7,26,27,7,6,15,30,3,0,1
401585020,2024,2023-12-23,2023-12-24 00:00:00,10,Rockets,Houston,HOU,35,82,42.7,9,29,31.0,27,35,77.1,13,31,21,9,2,11,20,7,1,1
401585020,2024,2023-12-23,2023-12-24 00:00:00,3,Pelicans,New Orleans,NO,38,82,46.3,8,31,25.8,20,29,69.0,13,33,21,9,7,16,22,7,0,4
401585021,2024,2023-12-23,2023-12-24 00:30:00,29,Grizzlies,Memphis,MEM,50,97,51.5,11,33,33.3,14,22,63.6,15,36,29,6,7,11,16,9,1,0
401585021,2024,2023-12-23,2023-12-24 00:30:00,1,Hawks,Atlanta,ATL,45,96,46.9,13,43,30.2,16,20,80.0,13,28,28,8,5,10,22,12,1,0
401585022,2024,2023-12-23,2023-12-24 00:30:00,8,Pistons,Detroit,DET,39,79,49.4,15,35,42.9,22,29,75.9,6,30,26,5,3,13,25,6,1,0
401585022,2024,2023-12-23,2023-12-24 00:30:00,17,Nets,Brooklyn,BKN,45,86,52.3,10,24,41.7,26,32,81.3,7,31,32,10,3,10,22,21,2,0
401585023,2024,2023-12-23,2023-12-24 00:30:00,26,Jazz,Utah,UTAH,48,91,52.7,17,38,44.7,13,14,92.9,8,33,35,7,5,11,17,10,1,0
401585023,2024,2023-12-23,2023-12-24 00:30:00,28,Raptors,Toronto,TOR,45,94,47.9,13,32,40.6,16,19,84.2,12,27,35,7,5,11,17,17,0,0
401585024,2024,2023-12-23,2023-12-24 01:00:00,5,Cavaliers,Cleveland,CLE,39,88,44.3,12,45,26.7,19,26,73.1,15,33,28,7,4,12,16,17,1,1
401585024,2024,2023-12-23,2023-12-24 01:00:00,4,Bulls,Chicago,CHI,35,80,43.8,8,35,22.9,17,19,89.5,5,32,23,6,5,12,22,3,0,0
401585025,2024,2023-12-23,2023-12-24 01:00:00,13,Lakers,Los Angeles,LAL,47,90,52.2,16,32,50.0,19,23,82.6,8,36,37,7,7,9,13,26,0,1
401585025,2024,2023-12-23,2023-12-24 01:00:00,25,Thunder,Oklahoma City,OKC,46,95,48.4,13,41,31.7,15,19,78.9,11,31,24,6,7,9,17,3,0,0
401585026,2024,2023-12-23,2023-12-24 01:30:00,24,Spurs,San Antonio,SA,44,98,44.9,14,45,31.1,17,24,70.8,8,34,32,9,3,10,16,5,0,2
401585026,2024,2023-12-23,2023-12-24 01:30:00,6,Mavericks,Dallas,DAL,52,100,52.0,23,45,51.1,17,21,81.0,11,41,26,7,6,12,18,41,1,1
401585027,2024,2023-12-23,2023-12-24 01:30:00,22,Trail Blazers,Portland,POR,38,84,45.2,13,35,37.1,17,25,68.0,8,22,26,13,3,11,20,11,1,1
401585027,2024,2023-12-23,2023-12-24 01:30:00,9,Warriors,Golden State,GS,48,83,57.8,10,33,30.3,20,24,83.3,13,36,38,8,2,16,14,23,2,2
401585028,2024,2023-12-23,2023-12-24 03:00:00,16,Timberwolves,Minnesota,MIN,44,87,50.6,10,33,30.3,12,14,85.7,7,36,31,9,5,12,18,22,0,0
401585028,2024,2023-12-23,2023-12-24 03:00:00,23,Kings,Sacramento,SAC,37,85,43.5,8,33,24.2,16,21,76.2,8,32,23,10,2,11,20,2,0,1
401585010,2024,2023-12-22,2023-12-23 00:00:00,28,Raptors,Toronto,TOR,39,87,44.8,9,33,27.3,24,28,85.7,11,35,30,9,6,12,16,15,0,0
401585010,2024,2023-12-22,2023-12-23 00:00:00,20,76ers,Philadelphia,PHI,44,83,53.0,14,31,45.2,19,21,90.5,3,35,34,6,6,13,21,16,1,0
401585011,2024,2023-12-22,2023-12-23 00:30:00,7,Nuggets,Denver,DEN,45,87,51.7,11,26,42.3,21,25,84.0,8,33,29,6,5,6,19,11,0,0
401585011,2024,2023-12-22,2023-12-23 00:30:00,17,Nets,Brooklyn,BKN,43,89,48.3,13,33,39.4,18,26,69.2,14,31,32,4,7,10,23,7,1,0
401585012,2024,2023-12-22,2023-12-23 01:00:00,1,Hawks,Atlanta,ATL,42,96,43.8,19,54,35.2,10,14,71.4,12,31,29,9,2,13,23,11,1,2
401585012,2024,2023-12-22,2023-12-23 01:00:00,14,Heat,Miami,MIA,40,86,46.5,17,39,43.6,25,30,83.3,12,36,21,7,2,17,18,12,0,1
401585013,2024,2023-12-22,2023-12-23 01:00:00,6,Mavericks,Dallas,DAL,35,101,34.7,7,40,17.5,19,26,73.1,14,33,18,10,1,11,17,1,1,0
401585013,2024,2023-12-22,2023-12-23 01:00:00,10,Rockets,Houston,HOU,46,95,48.4,11,38,28.9,19,23,82.6,12,51,21,7,3,16,22,38,1,0
401585015,2024,2023-12-22,2023-12-23 03:00:00,21,Suns,Phoenix,PHX,39,88,44.3,5,25,20.0,22,28,78.6,15,30,19,8,4,15,19,2,0,3
401585015,2024,2023-12-22,2023-12-23 03:00:00,23,Kings,Sacramento,SAC,44,83,53.0,12,38,31.6,20,26,76.9,7,30,32,7,7,12,24,29,2,1
401585014,2024,2023-12-22,2023-12-23 03:18:00,27,Wizards,Washington,WSH,44,97,45.4,11,35,31.4,19,24,79.2,9,30,25,7,4,9,16,8,0,1
401585014,2024,2023-12-22,2023-12-23 03:18:00,9,Warriors,Golden State,GS,47,97,48.5,18,45,40.0,17,20,85.0,14,43,33,5,2,12,17,23,0,2
401585002,2024,2023-12-21,2023-12-22 00:00:00,26,Jazz,Utah,UTAH,43,94,45.7,11,30,36.7,22,24,91.7,15,29,26,15,7,12,18,13,1,1
401585002,2024,2023-12-21,2023-12-22 00:00:00,8,Pistons,Detroit,DET,43,86,50.0,9,31,29.0,16,19,84.2,12,29,24,6,9,20,19,8,1,0
401585003,2024,2023-12-21,2023-12-22 00:30:00,3,Pelicans,New Orleans,NO,47,86,54.7,15,35,42.9,14,16,87.5,7,33,32,7,4,9,15,24,0,1
401585003,2024,2023-12-21,2023-12-22 00:30:00,5,Cavaliers,Cleveland,CLE,41,87,47.1,17,44,38.6,5,8,62.5,6,29,34,4,3,11,13,3,1,1
401585004,2024,2023-12-21,2023-12-22 01:00:00,24,Spurs,San Antonio,SA,37,81,45.7,10,30,33.3,11,16,68.8,9,32,24,6,7,19,11,6,0,0
401585004,2024,2023-12-21,2023-12-22 01:00:00,4,Bulls,Chicago,CHI,49,90,54.4,7,28,25.0,9,11,81.8,5,31,24,11,5,11,18,22,1,1
401585005,2024,2023-12-21,2023-12-22 01:00:00,11,Pacers,Indiana,IND,38,90,42.2,18,52,34.6,9,11,81.8,12,27,28,12,9,16,21,3,1,1
401585005,2024,2023-12-21,2023-12-22 01:00:00,29,Grizzlies,Memphis,MEM,43,84,51.2,16,35,45.7,14,21,66.7,8,33,27,8,7,18,14,23,2,0
401585006,2024,2023-12-21,2023-12-22 01:00:00,19,Magic,Orlando,ORL,45,99,45.5,8,33,24.2,16,23,69.6,13,32,26,6,9,7,23,9,0,0
401585006,2024,2023-12-21,2023-12-22 01:00:00,15,Bucks,Milwaukee,MIL,38,90,42.2,11,37,29.7,31,35,88.6,10,41,26,3,6,13,22,15,0,0
401585007,2024,2023-12-21,2023-12-22 01:00:00,12,Clippers,LA,LAC,44,93,47.3,17,43,39.5,10,12,83.3,12,28,23,9,5,15,18,1,1,0
401585007,2024,2023-12-21,2023-12-22 01:00:00,25,Thunder,Oklahoma City,OKC,51,87,58.6,16,34,47.1,16,18,88.9,6,32,35,9,5,11,11,20,1,2
401585008,2024,2023-12-21,2023-12-22 02:00:00,13,Lakers,Los Angeles,LAL,41,83,49.4,10,24,41.7,19,24,79.2,7,31,21,6,6,17,18,7,1,0
401585008,2024,2023-12-21,2023-12-22 02:00:00,16,Timberwolves,Minnesota,MIN,42,87,48.3,14,36,38.9,20,25,80.0,9,31,32,13,7,14,19,13,0,0
401585009,2024,2023-12-21,2023-12-22 03:00:00,27,Wizards,Washington,WSH,42,84,50.0,12,30,40.0,22,32,68.8,7,30,26,9,6,11,17,18,1,3
401585009,2024,2023-12-21,2023-12-22 03:00:00,22,Trail Blazers,Portland,POR,43,95,45.3,14,30,46.7,17,23,73.9,20,31,24,7,6,15,27,0,1,0
401584992,2024,2023-12-20,2023-12-21 00:00:00,26,Jazz,Utah,UTAH,40,78,51.3,13,30,43.3,23,28,82.1,6,32,24,5,6,16,22,4,0,0
401584992,2024,2023-12-20,2023-12-21 00:00:00,5,Cavaliers,Cleveland,CLE,45,96,46.9,23,51,45.1,11,16,68.8,14,30,34,8,3,11,23,14,1,0
401584993,2024,2023-12-20,2023-12-21 00:00:00,30,Hornets,Charlotte,CHA,45,95,47.4,8,31,25.8,15,19,78.9,16,21,23,6,0,10,18,2,2,0
401584993,2024,2023-12-20,2023-12-21 00:00:00,11,Pacers,Indiana,IND,49,80,61.3,18,39,46.2,28,30,93.3,8,30,37,6,8,13,20,33,0,1
401584994,2024,2023-12-20,2023-12-21 00:00:00,14,Heat,Miami,MIA,40,83,48.2,15,29,51.7,20,24,83.3,10,29,25,6,2,11,17,24,0,0
401584994,2024,2023-12-20,2023-12-21 00:00:00,19,Magic,Orlando,ORL,41,89,46.1,9,36,25.0,15,19,78.9,15,34,29,8,5,11,24,5,1,0
401584995,2024,2023-12-20,2023-12-21 00:00:00,16,Timberwolves,Minnesota,MIN,42,82,51.2,9,25,36.0,20,24,83.3,9,30,22,4,2,18,22,8,1,2
401584995,2024,2023-12-20,2023-12-21 00:00:00,20,76ers,Philadelphia,PHI,45,84,53.6,8,22,36.4,29,32,90.6,7,29,20,9,3,12,25,16,0,2
401584996,2024,2023-12-20,2023-12-21 00:30:00,18,Knicks,New York,NY,44,95,46.3,13,33,39.4,20,25,80.0,12,42,24,8,7,11,15,25,0,1
401584996,2024,2023-12-20,2023-12-21 00:30:00,17,Nets,Brooklyn,BKN,37,101,36.6,15,47,31.9,13,17,76.5,17,32,25,6,9,11,20,1,0,2
401584997,2024,2023-12-20,2023-12-21 00:30:00,7,Nuggets,Denver,DEN,49,98,50.0,12,33,36.4,3,7,42.9,15,31,29,9,9,8,13,21,1,0
401584997,2024,2023-12-20,2023-12-21 00:30:00,28,Raptors,Toronto,TOR,43,90,47.8,9,27,33.3,9,13,69.2,10,31,26,3,5,11,12,6,0,0
401584998,2024,2023-12-20,2023-12-21 01:00:00,13,Lakers,Los Angeles,LAL,42,94,44.7,12,37,32.4,12,15,80.0,8,32,27,7,7,13,11,5,1,0
401584998,2024,2023-12-20,2023-12-21 01:00:00,4,Bulls,Chicago,CHI,48,88,54.5,18,34,52.9,10,11,90.9,7,41,25,7,6,15,15,18,1,2
401584999,2024,2023-12-20,2023-12-21 01:00:00,1,Hawks,Atlanta,ATL,47,91,51.6,17,40,42.5,23,28,82.1,12,32,31,4,3,9,18,20,3,1
401584999,2024,2023-12-20,2023-12-21 01:00:00,10,Rockets,Houston,HOU,44,89,49.4,16,34,47.1,23,23,100.0,8,29,25,4,6,8,23,5,1,0
401585000,2024,2023-12-20,2023-12-21 01:30:00,12,Clippers,LA,LAC,43,77,55.8,11,31,35.5,23,25,92.0,7,37,27,6,4,12,22,22,2,1
401585000,2024,2023-12-20,2023-12-21 01:30:00,6,Mavericks,Dallas,DAL,39,91,42.9,14,43,32.6,19,27,70.4,13,23,23,8,3,6,19,3,2,0
401585001,2024,2023-12-20,2023-12-21 03:00:00,2,Celtics,Boston,BOS,51,92,55.4,22,42,52.4,20,24,83.3,14,36,35,6,10,9,17,30,0,0
401585001,2024,2023-12-20,2023-12-21 03:00:00,23,Kings,Sacramento,SAC,43,91,47.3,21,44,47.7,12,23,52.2,12,25,29,4,8,7,15,12,0,1
401584988,2024,2023-12-19,2023-12-20 00:30:00,29,Grizzlies,Memphis,MEM,41,82,50.0,10,31,32.3,23,29,79.3,13,29,19,5,7,17,19,6,1,0
401584988,2024,2023-12-19,2023-12-20 00:30:00,3,Pelicans,New Orleans,NO,40,85,47.1,11,25,44.0,22,24,91.7,11,28,23,4,3,11,23,24,0,0
401584989,2024,2023-12-19,2023-12-20 01:00:00,24,Spurs,San Antonio,SA,46,96,47.9,9,30,30.0,18,21,85.7,8,44,27,4,4,16,17,2,0,2
401584989,2024,2023-12-19,2023-12-20 01:00:00,15,Bucks,Milwaukee,MIL,50,106,47.2,18,49,36.7,14,18,77.8,11,36,34,11,7,6,15,24,1,1
401584990,2024,2023-12-19,2023-12-20 03:00:00,2,Celtics,Boston,BOS,47,114,41.2,17,58,29.3,15,17,88.2,18,37,28,6,5,8,13,17,0,0
401584990,2024,2023-12-19,2023-12-20 03:00:00,9,Warriors,Golden State,GS,50,109,45.9,20,50,40.0,12,14,85.7,18,41,29,4,5,10,15,6,0,1
401584991,2024,2023-12-19,2023-12-20 03:00:00,21,Suns,Phoenix,PHX,42,94,44.7,5,23,21.7,15,21,71.4,14,33,23,10,6,13,15,16,2,1
401584991,2024,2023-12-19,2023-12-20 03:00:00,22,Trail Blazers,Portland,POR,39,87,44.8,14,28,50.0,17,19,89.5,10,32,23,8,4,15,18,14,2,0
401584977,2024,2023-12-18,2023-12-19 00:00:00,10,Rockets,Houston,HOU,47,102,46.1,12,33,36.4,24,27,88.9,15,32,34,9,5,13,32,9,1,1
401584977,2024,2023-12-18,2023-12-19 00:00:00,5,Cavaliers,Cleveland,CLE,47,97,48.5,19,48,39.6,22,34,64.7,14,24,29,7,8,11,25,12,1,2
401584978,2024,2023-12-18,2023-12-19 00:00:00,12,Clippers,LA,LAC,56,98,57.1,19,38,50.0,20,23,87.0,14,32,26,4,9,11,19,33,0,0
401584978,2024,2023-12-18,2023-12-19 00:00:00,11,Pacers,Indiana,IND,49,95,51.6,12,33,36.4,17,21,81.0,11,23,38,6,7,11,21,6,0,1
401584979,2024,2023-12-18,2023-12-19 00:00:00,4,Bulls,Chicago,CHI,42,89,47.2,12,29,41.4,12,15,80.0,11,34,24,7,9,10,15,12,0,1
401584979,2024,2023-12-18,2023-12-19 00:00:00,20,76ers,Philadelphia,PHI,38,88,43.2,11,32,34.4,17,19,89.5,9,35,23,8,8,12,17,12,0,0
401584980,2024,2023-12-18,2023-12-19 00:30:00,8,Pistons,Detroit,DET,48,94,51.1,9,22,40.9,19,27,70.4,12,24,23,7,3,13,26,0,0,1
401584980,2024,2023-12-18,2023-12-19 00:30:00,1,Hawks,Atlanta,ATL,46,85,54.1,16,36,44.4,22,27,81.5,11,29,25,6,10,17,24,16,1,2
401584981,2024,2023-12-18,2023-12-19 00:30:00,16,Timberwolves,Minnesota,MIN,42,85,49.4,11,29,37.9,17,19,89.5,12,33,27,10,9,13,19,5,1,1
401584981,2024,2023-12-18,2023-12-19 00:30:00,14,Heat,Miami,MIA,41,87,47.1,11,30,36.7,15,18,83.3,9,31,27,10,4,15,18,17,0,0
401584982,2024,2023-12-18,2023-12-19 00:30:00,30,Hornets,Charlotte,CHA,39,89,43.8,8,32,25.0,13,13,100.0,10,26,18,8,6,12,19,11,1,0
401584982,2024,2023-12-18,2023-12-19 00:30:00,28,Raptors,Toronto,TOR,44,86,51.2,8,29,27.6,18,22,81.8,15,36,30,4,4,17,16,15,2,0
401584983,2024,2023-12-18,2023-12-19 01:00:00,29,Grizzlies,Memphis,MEM,30,85,35.3,19,54,35.2,18,21,85.7,7,38,25,6,3,22,19,6,0,0
401584983,2024,2023-12-18,2023-12-19 01:00:00,25,Thunder,Oklahoma City,OKC,42,92,45.7,11,36,30.6,21,23,91.3,10,43,31,11,10,12,18,31,0,0
401584984,2024,2023-12-18,2023-12-19 02:00:00,6,Mavericks,Dallas,DAL,41,92,44.6,13,38,34.2,9,19,47.4,15,28,19,2,0,11,20,0,0,0
401584984,2024,2023-12-18,2023-12-19 02:00:00,7,Nuggets,Denver,DEN,49,87,56.3,14,26,53.8,18,22,81.8,9,37,29,7,4,8,19,36,1,0
401584985,2024,2023-12-18,2023-12-19 02:00:00,17,Nets,Brooklyn,BKN,39,90,43.3,16,39,41.0,14,20,70.0,11,25,25,4,9,13,17,7,1,1
401584985,2024,2023-12-18,2023-12-19 02:00:00,26,Jazz,Utah,UTAH,45,91,49.5,14,34,41.2,21,24,87.5,12,39,30,6,8,14,20,20,0,0
401584986,2024,2023-12-18,2023-12-19 03:00:00,27,Wizards,Washington,WSH,44,85,51.8,18,38,47.4,25,30,83.3,5,34,26,3,6,11,21,6,1,0
401584986,2024,2023-12-18,2023-12-19 03:00:00,23,Kings,Sacramento,SAC,53,100,53.0,17,43,39.5,20,26,76.9,9,33,35,8,5,7,24,26,0,0
401584987,2024,2023-12-18,2023-12-19 03:30:00,18,Knicks,New York,NY,42,88,47.7,10,30,33.3,20,23,87.0,11,41,21,5,6,15,16,12,1,1
401584987,2024,2023-12-18,2023-12-19 03:30:00,13,Lakers,Los Angeles,LAL,42,99,42.4,13,41,31.7,12,13,92.3,9,32,29,9,3,10,17,6,0,2
401584972,2024,2023-12-17,2023-12-17 20:00:00,19,Magic,Orlando,ORL,34,89,38.2,11,36,30.6,18,24,75.0,10,33,18,7,4,8,16,10,1,0
401584972,2024,2023-12-17,2023-12-17 20:00:00,2,Celtics,Boston,BOS,45,95,47.4,17,36,47.2,7,8,87.5,10,45,18,4,10,14,19,23,0,1
401584973,2024,2023-12-17,2023-12-17 20:30:00,3,Pelicans,New Orleans,NO,55,98,56.1,22,42,52.4,14,22,63.6,11,40,38,11,3,13,19,40,2,1
401584973,2024,2023-12-17,2023-12-17 20:30:00,24,Spurs,San Antonio,SA,40,94,42.6,15,42,35.7,15,21,71.4,9,30,29,6,6,13,15,6,0,0
401584974,2024,2023-12-17,2023-12-18 00:00:00,10,Rockets,Houston,HOU,45,85,52.9,11,27,40.7,18,21,85.7,6,25,26,8,4,9,21,4,1,5
401584974,2024,2023-12-17,2023-12-18 00:00:00,15,Bucks,Milwaukee,MIL,45,90,50.0,13,36,36.1,25,32,78.1,16,30,25,4,1,15,23,14,2,0
401584975,2024,2023-12-17,2023-12-18 01:00:00,27,Wizards,Washington,WSH,39,95,41.1,14,46,30.4,16,20,80.0,10,34,24,8,6,10,25,16,0,2
401584975,2024,2023-12-17,2023-12-18 01:00:00,21,Suns,Phoenix,PHX,41,90,45.6,7,31,22.6,23,30,76.7,13,41,29,8,6,17,16,8,0,1
401584976,2024,2023-12-17,2023-12-18 02:00:00,9,Warriors,Golden State,GS,46,87,52.9,13,38,34.2,13,19,68.4,11,32,31,10,4,14,20,22,0,1
401584976,2024,2023-12-17,2023-12-18 02:00:00,22,Trail Blazers,Portland,POR,40,85,47.1,13,35,37.1,21,23,91.3,9,28,23,10,4,13,20,0,1,1
401584962,2024,2023-12-16,2023-12-16 23:00:00,8,Pistons,Detroit,DET,43,96,44.8,6,28,21.4,22,26,84.6,10,26,25,10,4,8,23,0,0,0
401584962,2024,2023-12-16,2023-12-16 23:00:00,15,Bucks,Milwaukee,MIL,50,88,56.8,19,42,45.2,27,32,84.4,8,41,24,5,8,14,24,34,1,1
401584963,2024,2023-12-16,2023-12-17 00:00:00,20,76ers,Philadelphia,PHI,53,88,60.2,14,31,45.2,15,17,88.2,5,40,30,10,6,10,17,53,0,0
401584963,2024,2023-12-16,2023-12-17 00:00:00,30,Hornets,Charlotte,CHA,33,91,36.3,7,35,20.0,9,11,81.8,8,28,15,3,4,11,14,0,2,1
401584964,2024,2023-12-16,2023-12-17 00:30:00,1,Hawks,Atlanta,ATL,41,85,48.2,15,36,41.7,22,25,88.0,6,28,21,5,4,11,21,1,0,0
401584964,2024,2023-12-16,2023-12-17 00:30:00,5,Cavaliers,Cleveland,CLE,49,101,48.5,16,42,38.1,13,15,86.7,18,31,32,8,3,10,22,23,1,0
401584965,2024,2023-12-16,2023-12-17 01:00:00,4,Bulls,Chicago,CHI,37,77,48.1,16,38,42.1,26,29,89.7,11,29,25,8,4,14,19,7,1,1
401584965,2024,2023-12-16,2023-12-17 01:00:00,14,Heat,Miami,MIA,43,83,51.8,13,35,37.1,19,25,76.0,8,23,26,7,2,10,19,15,0,0
401584966,2024,2023-12-16,2023-12-17 01:00:00,11,Pacers,Indiana,IND,45,90,50.0,6,21,28.6,13,16,81.3,13,27,25,10,6,13,15,6,2,0
401584966,2024,2023-12-16,2023-12-17 01:00:00,16,Timberwolves,Minnesota,MIN,48,86,55.8,18,30,60.0,13,16,81.3,8,28,33,10,4,15,16,26,0,0
401584967,2024,2023-12-16,2023-12-17 01:30:00,17,Nets,Brooklyn,BKN,45,93,48.4,17,43,39.5,13,15,86.7,14,28,31,6,8,16,21,6,0,1
401584967,2024,2023-12-16,2023-12-17 01:30:00,9,Warriors,Golden State,GS,44,91,48.4,17,32,53.1,19,20,95.0,13,29,29,7,5,14,15,18,0,1
401584968,2024,2023-12-16,2023-12-17 02:00:00,25,Thunder,Oklahoma City,OKC,43,84,51.2,7,21,33.3,25,30,83.3,9,31,22,4,9,10,19,3,1,1
401584968,2024,2023-12-16,2023-12-17 02:00:00,7,Nuggets,Denver,DEN,42,93,45.2,12,32,37.5,21,24,87.5,16,30,30,5,0,9,22,11,0,0
401584969,2024,2023-12-16,2023-12-17 02:00:00,6,Mavericks,Dallas,DAL,48,97,49.5,16,47,34.0,19,21,90.5,11,36,27,7,2,12,17,18,1,2
401584969,2024,2023-12-16,2023-12-17 02:00:00,22,Trail Blazers,Portland,POR,47,94,50.0,7,32,21.9,19,22,86.4,10,34,17,8,2,11,21,8,0,3
401584970,2024,2023-12-16,2023-12-17 03:00:00,26,Jazz,Utah,UTAH,38,86,44.2,12,37,32.4,16,21,76.2,9,28,28,8,3,12,12,0,1,2
401584970,2024,2023-12-16,2023-12-17 03:00:00,23,Kings,Sacramento,SAC,46,85,54.1,22,45,48.9,11,15,73.3,8,37,36,6,2,14,17,30,4,3
401584971,2024,2023-12-16,2023-12-17 03:30:00,18,Knicks,New York,NY,44,94,46.8,11,35,31.4,23,26,88.5,12,27,20,7,4,10,22,4,0,3
401584971,2024,2023-12-16,2023-12-17 03:30:00,12,Clippers,LA,LAC,50,88,56.8,16,33,48.5,28,34,82.4,8,34,36,8,6,8,21,32,1,0
401584954,2024,2023-12-15,2023-12-16 00:00:00,3,Pelicans,New Orleans,NO,38,80,47.5,9,27,33.3,27,32,84.4,11,38,24,4,5,15,17,13,1,0
401584954,2024,2023-12-15,2023-12-16 00:00:00,30,Hornets,Charlotte,CHA,41,92,44.6,9,31,29.0,16,21,76.2,8,31,18,7,4,8,24,4,0,0
401584955,2024,2023-12-15,2023-12-16 00:00:00,8,Pistons,Detroit,DET,35,81,43.2,4,21,19.0,18,23,78.3,7,35,19,3,7,21,25,0,0,1
401584955,2024,2023-12-15,2023-12-16 00:00:00,20,76ers,Philadelphia,PHI,41,98,41.8,14,37,37.8,28,31,90.3,16,38,24,17,8,11,23,41,1,1
401584956,2024,2023-12-15,2023-12-16 00:00:00,11,Pacers,Indiana,IND,48,107,44.9,15,40,37.5,12,16,75.0,13,28,35,7,8,15,25,8,0,0
401584956,2024,2023-12-15,2023-12-16 00:00:00,27,Wizards,Washington,WSH,52,92,56.5,13,27,48.1,20,26,76.9,8,39,36,7,8,17,18,24,2,0
401584957,2024,2023-12-15,2023-12-16 00:30:00,19,Magic,Orlando,ORL,42,87,48.3,14,35,40.0,13,18,72.2,13,32,25,5,2,21,22,7,0,0
401584957,2024,2023-12-15,2023-12-16 00:30:00,2,Celtics,Boston,BOS,48,92,52.2,18,42,42.9,14,20,70.0,9,25,31,14,7,10,22,25,1,0
401584958,2024,2023-12-15,2023-12-16 00:30:00,1,Hawks,Atlanta,ATL,52,101,51.5,16,41,39.0,5,6,83.3,16,39,34,4,4,12,19,24,2,0
401584958,2024,2023-12-15,2023-12-16 00:30:00,28,Raptors,Toronto,TOR,40,77,51.9,10,31,32.3,14,25,56.0,3,29,30,8,6,14,19,5,0,0
401584959,2024,2023-12-15,2023-12-16 00:30:00,13,Lakers,Los Angeles,LAL,43,89,48.3,11,36,30.6,18,28,64.3,9,34,32,5,5,6,15,0,0,1
401584959,2024,2023-12-15,2023-12-16 00:30:00,24,Spurs,San Antonio,SA,47,95,49.5,18,42,42.9,17,19,89.5,9,36,35,5,5,8,19,25,1,0
401584960,2024,2023-12-15,2023-12-16 01:00:00,10,Rockets,Houston,HOU,32,88,36.4,11,29,37.9,28,32,87.5,15,36,18,10,10,11,19,7,0,1
401584960,2024,2023-12-15,2023-12-16 01:00:00,29,Grizzlies,Memphis,MEM,37,92,40.2,11,40,27.5,11,15,73.3,13,35,19,4,8,17,24,17,1,2
401584961,2024,2023-12-15,2023-12-16 03:00:00,18,Knicks,New York,NY,49,82,59.8,17,29,58.6,24,28,85.7,9,29,28,9,5,11,20,20,0,2
401584961,2024,2023-12-15,2023-12-16 03:00:00,21,Suns,Phoenix,PHX,47,90,52.2,11,28,39.3,17,21,81.0,10,23,30,4,3,11,17,10,1,2
401584947,2024,2023-12-14,2023-12-15 00:30:00,5,Cavaliers,Cleveland,CLE,40,83,48.2,11,33,33.3,16,17,94.1,9,30,21,7,1,16,18,0,0,1
401584947,2024,2023-12-14,2023-12-15 00:30:00,2,Celtics,Boston,BOS,43,85,50.6,13,36,36.1,17,20,85.0,13,31,22,7,8,13,15,14,0,1
401584948,2024,2023-12-14,2023-12-15 00:30:00,4,Bulls,Chicago,CHI,45,93,48.4,14,36,38.9,20,30,66.7,11,32,32,8,2,5,23,25,0,0
401584948,2024,2023-12-14,2023-12-15 00:30:00,14,Heat,Miami,MIA,37,80,46.3,15,34,44.1,27,35,77.1,8,34,26,2,1,10,20,0,1,1
401584949,2024,2023-12-14,2023-12-15 01:30:00,16,Timberwolves,Minnesota,MIN,44,88,50.0,14,31,45.2,17,25,68.0,12,33,30,9,4,15,19,22,2,1
401584949,2024,2023-12-14,2023-12-15 01:30:00,6,Mavericks,Dallas,DAL,39,83,47.0,7,32,21.9,16,18,88.9,4,30,21,6,2,15,19,15,1,2
401584950,2024,2023-12-14,2023-12-15 02:00:00,17,Nets,Brooklyn,BKN,39,95,41.1,8,30,26.7,15,20,75.0,18,35,28,5,4,16,23,0,0,1
401584950,2024,2023-12-14,2023-12-15 02:00:00,7,Nuggets,Denver,DEN,47,99,47.5,12,36,33.3,18,21,85.7,12,36,31,13,6,8,15,28,1,0
401584951,2024,2023-12-14,2023-12-15 03:00:00,26,Jazz,Utah,UTAH,49,92,53.3,11,33,33.3,13,14,92.9,13,32,27,9,9,11,14,33,0,0
401584951,2024,2023-12-14,2023-12-15 03:00:00,22,Trail Blazers,Portland,POR,43,103,41.7,16,45,35.6,12,18,66.7,21,28,30,9,4,11,12,3,0,0
401584952,2024,2023-12-14,2023-12-15 03:00:00,25,Thunder,Oklahoma City,OKC,44,102,43.1,11,36,30.6,24,27,88.9,16,28,26,8,7,13,25,6,1,0
401584952,2024,2023-12-14,2023-12-15 03:00:00,23,Kings,Sacramento,SAC,47,95,49.5,18,45,40.0,16,21,76.2,11,36,32,6,4,17,22,14,0,1
401584953,2024,2023-12-14,2023-12-15 03:30:00,9,Warriors,Golden State,GS,40,92,43.5,16,45,35.6,17,19,89.5,16,27,22,8,2,11,24,8,2,1
401584953,2024,2023-12-14,2023-12-15 03:30:00,12,Clippers,LA,LAC,41,81,50.6,13,32,40.6,26,30,86.7,10,30,27,6,9,13,20,16,1,1
401584938,2024,2023-12-13,2023-12-14 00:00:00,20,76ers,Philadelphia,PHI,45,87,51.7,11,30,36.7,28,34,82.4,10,43,28,6,4,10,20,30,1,0
401584938,2024,2023-12-13,2023-12-14 00:00:00,8,Pistons,Detroit,DET,39,88,44.3,10,33,30.3,23,30,76.7,6,29,24,6,3,9,22,2,1,0
401584939,2024,2023-12-13,2023-12-14 00:00:00,3,Pelicans,New Orleans,NO,50,96,52.1,16,34,47.1,26,30,86.7,10,36,30,11,3,9,17,28,1,0
401584939,2024,2023-12-13,2023-12-14 00:00:00,27,Wizards,Washington,WSH,42,82,51.2,19,44,43.2,19,24,79.2,3,30,28,7,6,15,16,15,0,2
401584940,2024,2023-12-13,2023-12-14 00:30:00,30,Hornets,Charlotte,CHA,41,77,53.2,12,31,38.7,10,11,90.9,4,27,27,11,5,21,18,4,0,1
401584940,2024,2023-12-13,2023-12-14 00:30:00,14,Heat,Miami,MIA,41,86,47.7,15,30,50.0,18,19,94.7,17,30,29,10,3,22,12,21,1,2
401584941,2024,2023-12-13,2023-12-14 00:30:00,1,Hawks,Atlanta,ATL,48,100,48.0,18,41,43.9,14,19,73.7,13,29,32,9,8,7,18,12,0,0
401584941,2024,2023-12-13,2023-12-14 00:30:00,28,Raptors,Toronto,TOR,50,87,57.5,18,34,52.9,17,24,70.8,9,38,39,3,9,14,18,14,1,1
401584942,2024,2023-12-13,2023-12-14 01:00:00,29,Grizzlies,Memphis,MEM,35,82,42.7,10,38,26.3,24,34,70.6,5,34,25,7,4,11,30,1,0,0
401584942,2024,2023-12-13,2023-12-14 01:00:00,10,Rockets,Houston,HOU,39,86,45.3,12,32,37.5,27,37,73.0,15,43,23,6,3,19,28,19,0,1
401584943,2024,2023-12-13,2023-12-14 01:00:00,11,Pacers,Indiana,IND,45,100,45.0,11,36,30.6,25,32,78.1,16,29,30,7,6,18,32,8,0,4
401584943,2024,2023-12-13,2023-12-14 01:00:00,15,Bucks,Milwaukee,MIL,48,89,53.9,7,27,25.9,37,48,77.1,12,31,27,8,8,15,24,22,1,4
401584944,2024,2023-12-13,2023-12-14 01:00:00,13,Lakers,Los Angeles,LAL,49,91,53.8,14,35,40.0,10,17,58.8,5,41,31,14,4,16,16,20,0,0
401584944,2024,2023-12-13,2023-12-14 01:00:00,24,Spurs,San Antonio,SA,45,96,46.9,16,37,43.2,13,18,72.2,10,36,28,8,6,17,16,5,0,0
401584945,2024,2023-12-13,2023-12-14 02:00:00,17,Nets,Brooklyn,BKN,41,89,46.1,15,41,36.6,19,24,79.2,10,26,24,9,4,7,17,15,0,4
401584945,2024,2023-12-13,2023-12-14 02:00:00,21,Suns,Phoenix,PHX,40,84,47.6,9,28,32.1,23,27,85.2,14,35,28,5,4,12,20,7,0,0
401584946,2024,2023-12-13,2023-12-14 02:00:00,18,Knicks,New York,NY,41,94,43.6,9,39,23.1,22,32,68.8,14,32,21,10,4,8,21,10,3,0
401584946,2024,2023-12-13,2023-12-14 02:00:00,26,Jazz,Utah,UTAH,43,98,43.9,16,42,38.1,15,21,71.4,15,38,31,5,4,15,27,17,1,0
401584933,2024,2023-12-12,2023-12-13 00:30:00,5,Cavaliers,Cleveland,CLE,44,92,47.8,19,45,42.2,6,9,66.7,6,29,27,6,4,12,18,15,1,1
401584933,2024,2023-12-12,2023-12-13 00:30:00,2,Celtics,Boston,BOS,38,84,45.2,18,44,40.9,26,26,100.0,12,33,23,9,9,13,13,10,2,0
401584934,2024,2023-12-12,2023-12-13 00:30:00,13,Lakers,Los Angeles,LAL,49,91,53.8,15,29,51.7,12,18,66.7,10,30,34,4,4,15,20,4,0,0
401584934,2024,2023-12-12,2023-12-13 00:30:00,6,Mavericks,Dallas,DAL,44,89,49.4,21,43,48.8,18,21,85.7,12,24,28,7,5,10,17,15,0,3
401584935,2024,2023-12-12,2023-12-13 01:00:00,7,Nuggets,Denver,DEN,39,83,47.0,14,30,46.7,22,32,68.8,15,31,28,4,4,10,20,16,1,1
401584935,2024,2023-12-12,2023-12-13 01:00:00,4,Bulls,Chicago,CHI,36,86,41.9,13,40,32.5,21,23,91.3,11,30,26,6,9,12,22,1,2,1
401584936,2024,2023-12-12,2023-12-13 03:00:00,9,Warriors,Golden State,GS,41,92,44.6,16,46,34.8,18,27,66.7,13,38,26,9,1,15,28,13,0,1
401584936,2024,2023-12-12,2023-12-13 03:00:00,21,Suns,Phoenix,PHX,38,84,45.2,14,39,35.9,29,34,85.3,7,34,27,8,7,14,22,13,1,0
401584937,2024,2023-12-12,2023-12-13 03:30:00,23,Kings,Sacramento,SAC,36,86,41.9,10,37,27.0,17,24,70.8,7,31,27,8,2,14,19,3,0,0
401584937,2024,2023-12-12,2023-12-13 03:30:00,12,Clippers,LA,LAC,44,84,52.4,11,29,37.9,20,21,95.2,6,43,21,7,2,15,17,33,2,0
401584920,2024,2023-12-11,2023-12-12 00:00:00,14,Heat,Miami,MIA,37,77,48.1,15,35,42.9,27,34,79.4,8,35,31,7,3,10,22,14,1,1
401584920,2024,2023-12-11,2023-12-12 00:00:00,30,Hornets,Charlotte,CHA,40,84,47.6,17,41,41.5,17,22,77.3,6,25,31,3,2,10,22,2,1,0
401584921,2024,2023-12-11,2023-12-12 00:00:00,11,Pacers,Indiana,IND,52,92,56.5,13,31,41.9,14,19,73.7,11,32,33,8,5,18,20,15,0,0
401584921,2024,2023-12-11,2023-12-12 00:00:00,8,Pistons,Detroit,DET,45,81,55.6,10,29,34.5,23,30,76.7,6,24,26,11,4,14,18,4,1,0
401584922,2024,2023-12-11,2023-12-12 00:00:00,5,Cavaliers,Cleveland,CLE,30,85,35.3,9,40,22.5,25,33,75.8,18,30,15,10,3,14,23,7,0,2
401584922,2024,2023-12-11,2023-12-12 00:00:00,19,Magic,Orlando,ORL,39,84,46.4,7,26,26.9,19,25,76.0,12,31,22,7,8,12,22,18,2,2
401584923,2024,2023-12-11,2023-12-12 00:00:00,27,Wizards,Washington,WSH,36,85,42.4,9,31,29.0,20,31,64.5,13,31,21,5,2,22,19,0,0,0
401584923,2024,2023-12-11,2023-12-12 00:00:00,20,76ers,Philadelphia,PHI,52,95,54.7,20,46,43.5,22,25,88.0,9,38,37,14,6,13,27,48,1,0
401584924,2024,2023-12-11,2023-12-12 00:30:00,7,Nuggets,Denver,DEN,47,88,53.4,12,29,41.4,23,29,79.3,14,35,29,9,8,16,19,20,0,1
401584924,2024,2023-12-11,2023-12-12 00:30:00,1,Hawks,Atlanta,ATL,44,96,45.8,17,44,38.6,17,18,94.4,13,22,25,9,2,10,21,11,0,4
401584925,2024,2023-12-11,2023-12-12 00:30:00,28,Raptors,Toronto,TOR,47,96,49.0,14,39,35.9,22,30,73.3,17,21,32,12,0,10,21,3,0,0
401584925,2024,2023-12-11,2023-12-12 00:30:00,18,Knicks,New York,NY,52,86,60.5,17,29,58.6,15,23,65.2,14,28,36,5,3,15,22,10,0,1
401584926,2024,2023-12-11,2023-12-12 01:00:00,24,Spurs,San Antonio,SA,31,87,35.6,5,41,12.2,15,22,68.2,9,42,20,9,5,17,14,5,0,0
401584926,2024,2023-12-11,2023-12-12 01:00:00,10,Rockets,Houston,HOU,32,93,34.4,12,39,30.8,17,20,85.0,15,45,20,7,2,16,18,12,0,1
401584927,2024,2023-12-11,2023-12-12 01:00:00,6,Mavericks,Dallas,DAL,43,86,50.0,17,40,42.5,17,19,89.5,10,33,27,8,9,17,17,21,0,1
401584927,2024,2023-12-11,2023-12-12 01:00:00,29,Grizzlies,Memphis,MEM,41,89,46.1,18,44,40.9,13,16,81.3,10,28,26,9,5,17,19,5,1,0
401584928,2024,2023-12-11,2023-12-12 01:00:00,4,Bulls,Chicago,CHI,47,114,41.2,15,34,44.1,20,25,80.0,18,33,25,3,4,6,27,1,0,1
401584928,2024,2023-12-11,2023-12-12 01:00:00,15,Bucks,Milwaukee,MIL,44,86,51.2,15,37,40.5,30,37,81.1,6,42,34,5,4,11,21,14,0,0
401584929,2024,2023-12-11,2023-12-12 01:00:00,16,Timberwolves,Minnesota,MIN,40,91,44.0,13,36,36.1,14,19,73.7,11,36,26,5,3,11,28,4,3,1
401584929,2024,2023-12-11,2023-12-12 01:00:00,3,Pelicans,New Orleans,NO,40,82,48.8,10,27,37.0,31,40,77.5,10,37,27,7,7,13,20,17,1,2
401584930,2024,2023-12-11,2023-12-12 01:00:00,26,Jazz,Utah,UTAH,44,92,47.8,12,38,31.6,20,21,95.2,9,32,32,9,9,15,21,0,2,1
401584930,2024,2023-12-11,2023-12-12 01:00:00,25,Thunder,Oklahoma City,OKC,50,96,52.1,18,38,47.4,16,17,94.1,7,32,35,9,7,12,17,38,0,2
401584931,2024,2023-12-11,2023-12-12 03:00:00,17,Nets,Brooklyn,BKN,42,88,47.7,14,29,48.3,20,21,95.2,10,31,24,4,6,13,13,0,0,1
401584931,2024,2023-12-11,2023-12-12 03:00:00,23,Kings,Sacramento,SAC,48,94,51.1,25,45,55.6,10,14,71.4,10,33,38,4,3,13,24,21,0,1
401584932,2024,2023-12-11,2023-12-12 03:30:00,22,Trail Blazers,Portland,POR,43,90,47.8,19,40,47.5,22,26,84.6,11,25,25,5,4,12,21,5,0,1
401584932,2024,2023-12-11,2023-12-12 03:30:00,12,Clippers,LA,LAC,49,89,55.1,13,34,38.2,21,22,95.5,9,26,33,7,9,9,20,14,0,1
401607495,2024,2023-12-09,2023-12-10 01:30:00,11,Pacers,Indiana,IND,35,95,36.8,10,41,24.4,29,33,87.9,9,23,27,10,7,9,33,3,0,0
401607495,2024,2023-12-09,2023-12-10 01:30:00,13,Lakers,Los Angeles,LAL,47,88,53.4,2,13,15.4,27,35,77.1,12,43,25,5,10,18,25,16,2,0
401616470,2024,2023-12-08,2023-12-09 00:00:00,28,Raptors,Toronto,TOR,47,93,50.5,6,32,18.8,16,21,76.2,14,28,32,7,2,14,21,5,0,0
401616470,2024,2023-12-08,2023-12-09 00:00:00,30,Hornets,Charlotte,CHA,44,79,55.7,13,25,52.0,18,20,90.0,7,24,30,7,4,15,15,20,1,1
401616471,2024,2023-12-08,2023-12-09 00:00:00,8,Pistons,Detroit,DET,34,81,42.0,6,30,20.0,17,24,70.8,8,30,17,3,2,15,17,6,1,1
401616471,2024,2023-12-08,2023-12-09 00:00:00,19,Magic,Orlando,ORL,49,89,55.1,10,26,38.5,15,19,78.9,6,39,26,5,4,9,20,34,1,1
401616472,2024,2023-12-08,2023-12-09 00:00:00,1,Hawks,Atlanta,ATL,41,104,39.4,13,39,33.3,19,21,90.5,23,32,20,3,4,13,23,9,1,0
401616472,2024,2023-12-08,2023-12-09 00:00:00,20,76ers,Philadelphia,PHI,42,87,48.3,11,30,36.7,30,37,81.1,14,34,24,6,8,10,14,14,1,1
401616473,2024,2023-12-08,2023-12-09 00:30:00,27,Wizards,Washington,WSH,38,91,41.8,6,33,18.2,15,21,71.4,12,29,19,4,7,16,19,2,0,1
401616473,2024,2023-12-08,2023-12-09 00:30:00,17,Nets,Brooklyn,BKN,50,104,48.1,10,33,30.3,14,18,77.8,18,37,27,8,8,10,18,30,1,1
401617579,2024,2023-12-08,2023-12-09 00:30:00,18,Knicks,New York,NY,44,88,50.0,15,37,40.5,20,27,74.1,12,32,28,4,3,13,20,4,1,1
401617579,2024,2023-12-08,2023-12-09 00:30:00,2,Celtics,Boston,BOS,48,91,52.7,19,47,40.4,18,21,85.7,8,26,24,8,5,7,19,20,1,2
401616474,2024,2023-12-08,2023-12-09 01:00:00,5,Cavaliers,Cleveland,CLE,40,87,46.0,14,38,36.8,17,26,65.4,12,39,21,13,2,13,17,18,0,2
401616474,2024,2023-12-08,2023-12-09 01:00:00,14,Heat,Miami,MIA,37,86,43.0,15,42,35.7,10,15,66.7,7,30,23,5,5,18,23,16,0,2
401616475,2024,2023-12-08,2023-12-09 01:00:00,16,Timberwolves,Minnesota,MIN,44,88,50.0,15,38,39.5,24,26,92.3,15,39,30,4,8,13,17,26,0,0
401616475,2024,2023-12-08,2023-12-09 01:00:00,29,Grizzlies,Memphis,MEM,37,86,43.0,15,35,42.9,14,19,73.7,8,20,24,7,4,9,23,6,1,0
401616476,2024,2023-12-08,2023-12-09 01:00:00,9,Warriors,Golden State,GS,49,104,47.1,19,48,39.6,19,23,82.6,24,36,29,3,2,28,28,14,1,1
401616476,2024,2023-12-08,2023-12-09 01:00:00,25,Thunder,Oklahoma City,OKC,51,98,52.0,5,29,17.2,31,36,86.1,11,28,15,17,7,9,22,10,2,2
401616477,2024,2023-12-08,2023-12-09 01:30:00,4,Bulls,Chicago,CHI,47,102,46.1,13,28,46.4,14,24,58.3,24,32,27,9,2,7,19,10,1,0
401616477,2024,2023-12-08,2023-12-09 01:30:00,24,Spurs,San Antonio,SA,39,83,47.0,17,42,40.5,17,20,85.0,10,34,35,4,9,12,20,13,1,0
401616478,2024,2023-12-08,2023-12-09 02:00:00,10,Rockets,Houston,HOU,35,82,42.7,13,39,33.3,31,42,73.8,11,36,21,3,3,9,20,25,1,1
401616478,2024,2023-12-08,2023-12-09 02:00:00,7,Nuggets,Denver,DEN,38,90,42.2,10,28,35.7,20,27,74.1,12,35,22,4,5,10,24,7,0,4
401617581,2024,2023-12-08,2023-12-09 02:00:00,23,Kings,Sacramento,SAC,42,92,45.7,14,39,35.9,16,20,80.0,15,35,25,7,0,12,22,15,1,1
401617581,2024,2023-12-08,2023-12-09 02:00:00,21,Suns,Phoenix,PHX,40,83,48.2,11,32,34.4,15,23,65.2,8,32,26,8,5,11,19,11,0,1
401616479,2024,2023-12-08,2023-12-09 03:00:00,12,Clippers,LA,LAC,43,88,48.9,15,34,44.1,16,21,76.2,11,29,23,8,9,12,18,18,2,1
401616479,2024,2023-12-08,2023-12-09 03:00:00,26,Jazz,Utah,UTAH,38,84,45.2,9,31,29.0,18,24,75.0,8,32,23,10,10,13,17,1,3,0
401616480,2024,2023-12-08,2023-12-09 03:00:00,6,Mavericks,Dallas,DAL,47,91,51.6,12,39,30.8,19,22,86.4,9,33,26,8,5,15,23,19,0,1
401616480,2024,2023-12-08,2023-12-09 03:00:00,22,Trail Blazers,Portland,POR,39,105,37.1,18,53,34.0,16,18,88.9,18,30,20,9,1,15,24,0,0,0
401607494,2024,2023-12-07,2023-12-07 22:00:00,11,Pacers,Indiana,IND,50,102,49.0,7,33,21.2,21,25,84.0,15,36,30,9,8,9,21,12,1,0
401607494,2024,2023-12-07,2023-12-07 22:00:00,15,Bucks,Milwaukee,MIL,43,96,44.8,12,33,36.4,21,28,75.0,12,34,19,3,9,12,17,7,0,1
401607493,2024,2023-12-07,2023-12-08 02:00:00,3,Pelicans,New Orleans,NO,34,95,35.8,7,31,22.6,14,20,70.0,12,30,22,7,5,12,21,5,0,0
401607493,2024,2023-12-07,2023-12-08 02:00:00,13,Lakers,Los Angeles,LAL,47,86,54.7,17,35,48.6,22,29,75.9,11,48,31,6,4,14,16,44,1,0
401616459,2024,2023-12-06,2023-12-07 00:00:00,19,Magic,Orlando,ORL,41,84,48.8,2,23,8.7,27,37,73.0,7,29,22,10,6,11,21,0,0,0
401616459,2024,2023-12-06,2023-12-07 00:00:00,5,Cavaliers,Cleveland,CLE,46,86,53.5,14,34,41.2,15,20,75.0,10,35,29,5,2,15,27,23,2,2
401616460,2024,2023-12-06,2023-12-07 00:00:00,29,Grizzlies,Memphis,MEM,47,91,52.0,11,26,42.0,11,14,79.0,9,37,26,10,8,14,9,14,0,1
401616460,2024,2023-12-06,2023-12-07 00:00:00,8,Pistons,Detroit,DET,41,91,45.0,11,35,31.0,9,9,100.0,8,34,30,9,6,16,17,8,1,0
401616462,2024,2023-12-06,2023-12-07 00:00:00,20,76ers,Philadelphia,PHI,47,92,51.1,8,27,29.6,29,34,85.3,11,32,29,7,2,11,14,7,0,1
401616462,2024,2023-12-06,2023-12-07 00:00:00,27,Wizards,Washington,WSH,52,92,56.5,14,35,40.0,8,8,100.0,2,30,39,8,6,11,22,10,0,1
401616461,2024,2023-12-06,2023-12-07 00:30:00,14,Heat,Miami,MIA,41,89,46.1,14,38,36.8,16,19,84.2,8,36,33,5,4,7,18,15,0,0
401616461,2024,2023-12-06,2023-12-07 00:30:00,28,Raptors,Toronto,TOR,37,86,43.0,14,37,37.8,15,17,88.2,8,38,29,3,8,14,18,5,0,1
401616463,2024,2023-12-06,2023-12-07 00:30:00,17,Nets,Brooklyn,BKN,43,94,45.7,11,27,40.7,17,24,70.8,12,33,24,7,6,12,19,4,0,0
401616463,2024,2023-12-06,2023-12-07 00:30:00,1,Hawks,Atlanta,ATL,42,94,44.7,12,35,34.3,17,18,94.4,11,38,25,5,4,12,23,7,1,0
401616464,2024,2023-12-06,2023-12-07 00:30:00,24,Spurs,San Antonio,SA,38,101,37.6,8,36,22.2,10,15,66.7,13,36,23,7,4,11,17,8,1,0
401616464,2024,2023-12-06,2023-12-07 00:30:00,16,Timberwolves,Minnesota,MIN,36,87,41.4,12,40,30.0,18,21,85.7,11,44,20,4,10,14,16,12,0,0
401616465,2024,2023-12-06,2023-12-07 01:00:00,30,Hornets,Charlotte,CHA,39,90,43.3,10,37,27.0,12,12,100.0,12,30,25,9,9,16,24,6,1,0
401616465,2024,2023-12-06,2023-12-07 01:00:00,4,Bulls,Chicago,CHI,38,90,42.2,12,25,48.0,23,29,79.3,21,36,23,6,6,16,16,22,0,0
401616466,2024,2023-12-06,2023-12-07 01:00:00,25,Thunder,Oklahoma City,OKC,37,87,42.5,8,29,27.6,19,24,79.2,4,26,22,14,10,8,21,2,1,1
401616466,2024,2023-12-06,2023-12-07 01:00:00,10,Rockets,Houston,HOU,40,83,48.2,15,33,45.5,15,22,68.2,10,43,28,6,5,19,16,17,2,2
401616467,2024,2023-12-06,2023-12-07 01:30:00,26,Jazz,Utah,UTAH,35,87,40.2,12,33,36.4,15,18,83.3,11,32,22,6,3,19,20,0,0,1
401616467,2024,2023-12-06,2023-12-07 01:30:00,6,Mavericks,Dallas,DAL,56,101,55.4,22,49,44.9,13,19,68.4,11,36,37,11,5,7,14,52,1,1
401616468,2024,2023-12-06,2023-12-07 03:00:00,22,Trail Blazers,Portland,POR,39,95,41.1,16,46,34.8,12,16,75.0,11,29,22,8,3,10,30,11,0,0
401616468,2024,2023-12-06,2023-12-07 03:00:00,9,Warriors,Golden State,GS,36,86,41.9,10,34,29.4,28,33,84.8,15,35,20,4,3,17,19,4,0,1
401616469,2024,2023-12-06,2023-12-07 03:00:00,7,Nuggets,Denver,DEN,41,98,41.8,12,31,38.7,8,9,88.9,14,32,29,7,5,11,20,15,0,0
401616469,2024,2023-12-06,2023-12-07 03:00:00,12,Clippers,LA,LAC,40,87,46.0,12,27,44.4,19,25,76.0,13,38,21,7,9,11,14,10,0,0
401607489,2024,2023-12-05,2023-12-06 00:30:00,18,Knicks,New York,NY,43,87,49.4,7,23,30.4,29,33,87.9,12,24,27,8,4,16,17,4,1,0
401607489,2024,2023-12-05,2023-12-06 00:30:00,15,Bucks,Milwaukee,MIL,55,91,60.4,23,38,60.5,13,19,68.4,12,25,32,12,6,12,23,27,0,0
401607490,2024,2023-12-05,2023-12-06 03:00:00,21,Suns,Phoenix,PHX,37,75,49.3,12,25,48.0,17,21,81.0,8,36,25,8,5,20,21,3,2,1
401607490,2024,2023-12-05,2023-12-06 03:00:00,13,Lakers,Los Angeles,LAL,38,102,37.3,9,30,30.0,21,25,84.0,21,24,24,11,2,9,19,15,1,0
401607491,2024,2023-12-04,2023-12-05 00:30:00,2,Celtics,Boston,BOS,46,97,47.4,12,41,29.3,8,12,66.7,13,43,27,5,9,17,19,9,1,0
401607491,2024,2023-12-04,2023-12-05 00:30:00,11,Pacers,Indiana,IND,43,94,45.7,19,40,47.5,17,21,81.0,7,34,28,8,4,6,15,11,0,0
401607492,2024,2023-12-04,2023-12-05 03:00:00,3,Pelicans,New Orleans,NO,47,87,54.0,14,31,45.2,19,23,82.6,13,29,29,12,7,12,22,15,2,0
401607492,2024,2023-12-04,2023-12-05 03:00:00,23,Kings,Sacramento,SAC,38,85,44.7,14,41,34.1,27,33,81.8,11,27,29,8,2,13,18,15,1,1
401584908,2024,2023-12-02,2023-12-02 21:00:00,9,Warriors,Golden State,GS,38,86,44.2,17,43,39.5,19,24,79.2,6,36,31,5,4,13,15,22,2,1
401584908,2024,2023-12-02,2023-12-02 21:00:00,12,Clippers,LA,LAC,44,90,48.9,13,39,33.3,12,14,85.7,5,35,31,5,6,11,21,1,0,0
401584909,2024,2023-12-02,2023-12-02 22:00:00,16,Timberwolves,Minnesota,MIN,43,84,51.2,11,31,35.5,26,30,86.7,10,31,26,5,3,11,16,12,0,0
401584909,2024,2023-12-02,2023-12-02 22:00:00,30,Hornets,Charlotte,CHA,44,91,48.4,12,25,48.0,17,19,89.5,10,26,29,6,4,8,22,4,0,0
401584910,2024,2023-12-02,2023-12-03 00:00:00,19,Magic,Orlando,ORL,35,88,39.8,9,29,31.0,22,27,81.5,8,29,24,3,5,11,27,1,0,2
401584910,2024,2023-12-02,2023-12-03 00:00:00,17,Nets,Brooklyn,BKN,46,91,50.5,14,34,41.2,23,31,74.2,14,43,31,4,8,11,21,28,0,2
401584911,2024,2023-12-02,2023-12-03 00:00:00,5,Cavaliers,Cleveland,CLE,44,89,49.4,10,30,33.3,12,18,66.7,8,35,25,11,1,11,18,12,0,0
401584911,2024,2023-12-02,2023-12-03 00:00:00,8,Pistons,Detroit,DET,39,83,47.0,8,30,26.7,15,23,65.2,10,39,24,9,3,16,20,8,0,1
401584912,2024,2023-12-02,2023-12-03 01:00:00,11,Pacers,Indiana,IND,56,85,65.9,16,32,50.0,16,20,80.0,3,29,35,4,8,9,24,17,1,0
401584912,2024,2023-12-02,2023-12-03 01:00:00,14,Heat,Miami,MIA,48,89,53.9,12,25,48.0,21,24,87.5,6,22,27,3,1,10,22,10,2,0
401584913,2024,2023-12-02,2023-12-03 01:00:00,3,Pelicans,New Orleans,NO,41,82,50.0,8,25,32.0,28,35,80.0,13,26,20,10,1,12,17,10,0,1
401584913,2024,2023-12-02,2023-12-03 01:00:00,4,Bulls,Chicago,CHI,48,88,54.5,17,40,42.5,11,15,73.3,12,29,32,6,8,13,21,12,0,2
401584914,2024,2023-12-02,2023-12-03 01:00:00,1,Hawks,Atlanta,ATL,45,101,44.6,15,38,39.5,16,21,76.2,15,25,23,11,4,11,14,6,0,0
401584914,2024,2023-12-02,2023-12-03 01:00:00,15,Bucks,Milwaukee,MIL,53,89,59.6,14,33,42.4,12,15,80.0,8,36,33,5,6,15,19,14,1,1
401584915,2024,2023-12-02,2023-12-03 02:00:00,25,Thunder,Oklahoma City,OKC,44,100,44.0,20,44,45.5,18,22,81.8,16,34,24,8,5,12,24,24,1,0
401584915,2024,2023-12-02,2023-12-03 02:00:00,6,Mavericks,Dallas,DAL,39,87,44.8,19,52,36.5,23,35,65.7,15,32,26,5,12,15,21,6,1,0
401584916,2024,2023-12-02,2023-12-03 02:00:00,29,Grizzlies,Memphis,MEM,39,86,45.3,9,31,29.0,22,24,91.7,8,32,14,9,8,15,31,5,2,2
401584916,2024,2023-12-02,2023-12-03 02:00:00,21,Suns,Phoenix,PHX,36,83,43.4,9,26,34.6,35,43,81.4,12,32,24,10,5,16,21,16,1,1
401584917,2024,2023-12-02,2023-12-03 02:30:00,22,Trail Blazers,Portland,POR,38,95,40.0,13,40,32.5,24,27,88.9,11,29,17,11,5,9,20,6,2,1
401584917,2024,2023-12-02,2023-12-03 02:30:00,26,Jazz,Utah,UTAH,46,94,48.9,7,34,20.6,19,24,79.2,16,40,27,5,11,17,21,16,1,1
401584918,2024,2023-12-02,2023-12-03 03:00:00,7,Nuggets,Denver,DEN,49,99,49.5,6,25,24.0,13,20,65.0,8,38,35,9,7,10,14,8,1,0
401584918,2024,2023-12-02,2023-12-03 03:00:00,23,Kings,Sacramento,SAC,48,99,48.5,16,34,47.1,11,15,73.3,9,38,33,7,5,11,14,17,0,0
401584919,2024,2023-12-02,2023-12-03 03:30:00,10,Rockets,Houston,HOU,36,89,40.4,11,31,35.5,14,18,77.8,11,43,24,5,7,16,23,9,1,3
401584919,2024,2023-12-02,2023-12-03 03:30:00,13,Lakers,Los Angeles,LAL,40,89,44.9,8,27,29.6,19,27,70.4,9,39,24,11,7,9,17,19,3,2
401584902,2024,2023-12-01,2023-12-02 00:00:00,27,Wizards,Washington,WSH,45,89,50.6,13,28,46.4,22,31,71.0,8,32,25,8,5,14,29,9,0,2
401584902,2024,2023-12-01,2023-12-02 00:00:00,19,Magic,Orlando,ORL,46,89,51.7,12,31,38.7,26,33,78.8,10,34,35,6,8,14,23,9,1,3
401584903,2024,2023-12-01,2023-12-02 00:30:00,20,76ers,Philadelphia,PHI,43,94,45.7,16,35,45.7,17,23,73.9,15,27,16,16,5,16,24,7,0,2
401584903,2024,2023-12-01,2023-12-02 00:30:00,2,Celtics,Boston,BOS,39,77,50.6,16,33,48.5,31,36,86.1,10,36,25,10,8,20,18,8,0,2
401584904,2024,2023-12-01,2023-12-02 00:30:00,18,Knicks,New York,NY,45,90,50.0,16,36,44.4,13,16,81.3,11,32,30,6,3,12,15,19,1,0
401584904,2024,2023-12-01,2023-12-02 00:30:00,28,Raptors,Toronto,TOR,44,100,44.0,6,32,18.8,12,17,70.6,19,29,32,7,6,12,19,6,0,0
401584905,2024,2023-12-01,2023-12-02 00:30:00,29,Grizzlies,Memphis,MEM,44,90,48.9,11,34,32.4,9,11,81.8,13,39,27,8,12,14,23,21,1,0
401584905,2024,2023-12-01,2023-12-02 00:30:00,6,Mavericks,Dallas,DAL,34,92,37.0,12,39,30.8,14,21,66.7,13,29,27,9,5,11,13,3,1,0
401584906,2024,2023-12-01,2023-12-02 01:00:00,24,Spurs,San Antonio,SA,38,83,45.8,16,39,41.0,14,17,82.4,8,31,28,5,5,19,21,7,1,0
401584906,2024,2023-12-01,2023-12-02 01:00:00,3,Pelicans,New Orleans,NO,42,85,49.4,10,31,32.3,27,29,93.1,10,32,26,8,6,11,15,16,1,0
401584907,2024,2023-12-01,2023-12-02 03:00:00,7,Nuggets,Denver,DEN,50,88,56.8,12,32,37.5,7,12,58.3,4,28,38,8,4,9,21,17,0,0
401584907,2024,2023-12-01,2023-12-02 03:00:00,21,Suns,Phoenix,PHX,39,84,46.4,9,27,33.3,24,26,92.3,8,35,22,4,9,12,17,3,0,0
401584893,2024,2023-11-30,2023-12-01 00:00:00,22,Trail Blazers,Portland,POR,39,77,50.6,14,35,40.0,11,11,100.0,9,31,29,10,4,22,17,12,1,1
401584893,2024,2023-11-30,2023-12-01 00:00:00,5,Cavaliers,Cleveland,CLE,38,89,42.7,7,32,21.9,12,12,100.0,14,21,25,12,2,17,15,16,2,0
401584894,2024,2023-11-30,2023-12-01 00:30:00,30,Hornets,Charlotte,CHA,46,91,50.5,21,36,58.3,16,16,100.0,13,28,30,6,7,9,16,7,0,0
401584894,2024,2023-11-30,2023-12-01 00:30:00,17,Nets,Brooklyn,BKN,52,105,49.5,14,36,38.9,10,15,66.7,22,30,21,6,4,9,11,10,0,1
401584895,2024,2023-11-30,2023-12-01 00:30:00,11,Pacers,Indiana,IND,50,98,51.0,11,43,25.6,21,32,65.6,10,24,30,11,5,9,31,13,1,0
401584895,2024,2023-11-30,2023-12-01 00:30:00,14,Heat,Miami,MIA,48,86,55.8,8,21,38.1,38,45,84.4,10,38,25,4,1,14,28,16,0,0
401584896,2024,2023-11-30,2023-12-01 00:30:00,8,Pistons,Detroit,DET,43,81,53.1,15,35,42.9,11,17,64.7,8,34,22,4,3,20,25,2,0,0
401584896,2024,2023-11-30,2023-12-01 00:30:00,18,Knicks,New York,NY,41,88,46.6,16,41,39.0,20,28,71.4,12,29,25,8,3,11,17,16,0,1
401584897,2024,2023-11-30,2023-12-01 01:00:00,15,Bucks,Milwaukee,MIL,44,98,44.9,16,48,33.3,9,13,69.2,9,34,28,12,6,20,21,9,1,0
401584897,2024,2023-11-30,2023-12-01 01:00:00,4,Bulls,Chicago,CHI,45,98,45.9,13,37,35.1,17,22,77.3,14,37,32,14,4,21,18,12,0,2
401584898,2024,2023-11-30,2023-12-01 01:00:00,26,Jazz,Utah,UTAH,33,87,37.9,11,34,32.4,13,14,92.9,13,38,22,6,4,19,19,12,2,0
401584898,2024,2023-11-30,2023-12-01 01:00:00,16,Timberwolves,Minnesota,MIN,39,89,43.8,13,35,37.1,10,13,76.9,10,32,29,13,7,11,16,20,1,0
401584899,2024,2023-11-30,2023-12-01 01:00:00,13,Lakers,Los Angeles,LAL,36,81,44.4,11,33,33.3,27,32,84.4,7,34,24,6,2,13,20,14,1,0
401584899,2024,2023-11-30,2023-12-01 01:00:00,25,Thunder,Oklahoma City,OKC,50,94,53.2,14,42,33.3,19,22,86.4,8,40,29,9,6,7,24,23,2,0
401584900,2024,2023-11-30,2023-12-01 01:00:00,1,Hawks,Atlanta,ATL,49,96,51.0,14,33,42.4,25,29,86.2,8,29,24,14,2,10,25,6,0,1
401584900,2024,2023-11-30,2023-12-01 01:00:00,24,Spurs,San Antonio,SA,48,89,53.9,18,41,43.9,21,23,91.3,11,36,34,4,7,21,22,15,0,0
401584901,2024,2023-11-30,2023-12-01 03:00:00,12,Clippers,LA,LAC,42,95,44.2,12,32,37.5,18,24,75.0,15,28,26,5,1,6,21,4,0,0
401584901,2024,2023-11-30,2023-12-01 03:00:00,9,Warriors,Golden State,GS,41,82,50.0,15,39,38.5,23,31,74.2,10,37,30,3,4,7,18,18,2,1
401584886,2024,2023-11-29,2023-11-30 00:00:00,13,Lakers,Los Angeles,LAL,45,88,51.1,12,34,35.3,31,38,81.6,8,41,28,7,10,12,12,33,0,0
401584886,2024,2023-11-29,2023-11-30 00:00:00,8,Pistons,Detroit,DET,40,97,41.2,15,36,41.7,12,14,85.7,10,29,28,8,3,14,31,5,0,0
401584887,2024,2023-11-29,2023-11-30 00:00:00,27,Wizards,Washington,WSH,41,87,47.1,11,29,37.9,27,35,77.1,7,22,28,14,3,10,20,7,0,1
401584887,2024,2023-11-29,2023-11-30 00:00:00,19,Magic,Orlando,ORL,51,84,60.7,17,27,63.0,20,24,83.3,9,35,34,5,6,18,22,22,1,1
401584888,2024,2023-11-29,2023-11-30 00:30:00,21,Suns,Phoenix,PHX,38,94,40.4,7,26,26.9,22,23,95.7,12,35,25,3,5,9,15,3,1,1
401584888,2024,2023-11-29,2023-11-30 00:30:00,28,Raptors,Toronto,TOR,42,93,45.2,10,27,37.0,18,21,85.7,15,34,25,7,5,9,22,12,1,0
401584889,2024,2023-11-29,2023-11-30 01:00:00,26,Jazz,Utah,UTAH,34,90,37.8,16,39,41.0,7,12,58.3,12,27,26,8,8,17,14,8,1,0
401584889,2024,2023-11-29,2023-11-30 01:00:00,29,Grizzlies,Memphis,MEM,43,87,49.4,13,39,33.3,6,8,75.0,12,39,26,9,10,15,15,25,2,2
401584890,2024,2023-11-29,2023-11-30 01:00:00,20,76ers,Philadelphia,PHI,42,81,51.9,14,34,41.2,16,18,88.9,8,22,28,8,7,21,26,0,0,1
401584890,2024,2023-11-29,2023-11-30 01:00:00,3,Pelicans,New Orleans,NO,42,78,53.8,10,30,33.3,30,34,88.2,13,27,33,11,4,20,22,29,1,1
401584891,2024,2023-11-29,2023-11-30 02:00:00,10,Rockets,Houston,HOU,47,86,54.7,16,41,39.0,14,19,73.7,8,27,27,3,5,8,20,0,1,0
401584891,2024,2023-11-29,2023-11-30 02:00:00,7,Nuggets,Denver,DEN,48,95,50.5,19,43,44.2,19,26,73.1,13,28,37,4,2,3,18,19,1,0
401584892,2024,2023-11-29,2023-11-30 03:00:00,12,Clippers,LA,LAC,50,93,53.8,14,28,50.0,17,22,77.3,8,29,28,8,5,4,20,25,3,1
401584892,2024,2023-11-29,2023-11-30 03:00:00,23,Kings,Sacramento,SAC,40,86,46.5,13,41,31.7,24,28,85.7,13,34,22,1,1,14,20,3,0,0
401584141,2024,2023-11-28,2023-11-29 00:30:00,4,Bulls,Chicago,CHI,39,90,43.3,9,28,32.1,10,18,55.6,9,28,25,11,7,8,13,3,0,0
401584141,2024,2023-11-28,2023-11-29 00:30:00,2,Celtics,Boston,BOS,47,90,52.2,21,49,42.9,9,12,75.0,11,41,36,6,9,16,18,35,0,0
401584142,2024,2023-11-28,2023-11-29 00:30:00,28,Raptors,Toronto,TOR,39,101,38.6,13,36,36.1,12,19,63.2,15,31,27,11,3,7,21,7,0,1
401584142,2024,2023-11-28,2023-11-29 00:30:00,17,Nets,Brooklyn,BKN,40,89,44.9,13,38,34.2,22,26,84.6,13,46,26,7,8,15,17,15,0,1
401584143,2024,2023-11-28,2023-11-29 00:30:00,1,Hawks,Atlanta,ATL,35,101,34.7,13,44,29.5,22,24,91.7,14,30,21,9,3,10,16,12,1,2
401584143,2024,2023-11-28,2023-11-29 00:30:00,5,Cavaliers,Cleveland,CLE,50,93,53.8,13,36,36.1,15,17,88.2,12,43,27,8,12,16,20,25,1,2
401584144,2024,2023-11-28,2023-11-29 00:30:00,15,Bucks,Milwaukee,MIL,47,88,53.4,13,35,37.1,24,27,88.9,8,37,26,3,4,9,21,13,0,0
401584144,2024,2023-11-28,2023-11-29 00:30:00,14,Heat,Miami,MIA,48,94,51.1,14,30,46.7,14,21,66.7,8,27,32,3,5,6,22,5,0,1
401584145,2024,2023-11-28,2023-11-29 00:30:00,30,Hornets,Charlotte,CHA,37,89,41.6,13,31,41.9,4,7,57.1,13,28,21,8,2,17,14,0,0,1
401584145,2024,2023-11-28,2023-11-29 00:30:00,18,Knicks,New York,NY,41,88,46.6,15,38,39.5,18,20,90.0,15,39,21,10,7,16,12,26,0,1
401584146,2024,2023-11-28,2023-11-29 01:00:00,25,Thunder,Oklahoma City,OKC,37,90,41.1,11,30,36.7,18,23,78.3,9,27,22,8,4,8,23,12,2,0
401584146,2024,2023-11-28,2023-11-29 01:00:00,16,Timberwolves,Minnesota,MIN,33,78,42.3,14,33,42.4,26,32,81.3,10,41,18,3,9,19,17,5,1,2
401584147,2024,2023-11-28,2023-11-29 01:30:00,10,Rockets,Houston,HOU,42,85,49.4,8,29,27.6,23,29,79.3,10,30,33,2,6,12,27,9,0,0
401584147,2024,2023-11-28,2023-11-29 01:30:00,6,Mavericks,Dallas,DAL,42,89,47.2,12,34,35.3,25,29,86.2,9,29,25,5,4,7,25,14,0,1
401584148,2024,2023-11-28,2023-11-29 03:00:00,9,Warriors,Golden State,GS,40,83,48.2,17,41,41.5,26,30,86.7,9,43,25,6,6,18,31,24,2,1
401584148,2024,2023-11-28,2023-11-29 03:00:00,23,Kings,Sacramento,SAC,41,91,45.1,15,44,34.1,27,42,64.3,12,34,25,8,7,10,23,3,0,1
401584881,2024,2023-11-27,2023-11-28 00:00:00,27,Wizards,Washington,WSH,45,89,50.6,10,29,34.5,26,28,92.9,6,40,29,8,6,15,19,21,1,1
401584881,2024,2023-11-27,2023-11-28 00:00:00,8,Pistons,Detroit,DET,43,102,42.2,8,38,21.1,13,19,68.4,18,31,29,7,11,16,22,8,1,3
401584882,2024,2023-11-27,2023-11-28 00:00:00,22,Trail Blazers,Portland,POR,40,85,47.1,9,18,50.0,25,31,80.6,9,29,20,6,4,16,21,8,0,1
401584882,2024,2023-11-27,2023-11-28 00:00:00,11,Pacers,Indiana,IND,42,88,47.7,8,33,24.2,18,24,75.0,10,32,26,10,6,20,24,4,0,0
401584883,2024,2023-11-27,2023-11-28 00:00:00,13,Lakers,Los Angeles,LAL,39,83,47.0,7,28,25.0,9,13,69.2,6,26,23,3,4,17,18,5,0,0
401584883,2024,2023-11-27,2023-11-28 00:00:00,20,76ers,Philadelphia,PHI,47,93,50.5,22,46,47.8,22,26,84.6,15,33,33,11,2,5,17,46,2,0
401584884,2024,2023-11-27,2023-11-28 02:00:00,3,Pelicans,New Orleans,NO,44,88,50.0,7,22,31.8,17,25,68.0,11,37,27,5,1,8,25,3,0,1
401584884,2024,2023-11-27,2023-11-28 02:00:00,26,Jazz,Utah,UTAH,37,88,42.0,17,48,35.4,23,28,82.1,9,34,31,6,4,10,23,11,0,0
401584885,2024,2023-11-27,2023-11-28 03:30:00,7,Nuggets,Denver,DEN,44,92,47.8,10,22,45.5,15,28,53.6,18,34,28,8,6,11,22,11,0,2
401584885,2024,2023-11-27,2023-11-28 03:30:00,12,Clippers,LA,LAC,35,85,41.2,6,20,30.0,28,34,82.4,16,33,18,6,9,13,23,11,0,0
401584873,2024,2023-11-26,2023-11-26 20:30:00,22,Trail Blazers,Portland,POR,37,91,40.7,13,32,40.6,15,20,75.0,11,29,21,15,4,17,26,26,3,0
401584873,2024,2023-11-26,2023-11-26 20:30:00,15,Bucks,Milwaukee,MIL,35,89,39.3,14,42,33.3,24,32,75.0,18,34,19,13,11,17,20,6,0,0
401584874,2024,2023-11-26,2023-11-26 23:00:00,1,Hawks,Atlanta,ATL,36,88,40.9,19,53,35.8,12,19,63.2,11,32,15,5,4,15,17,0,1,2
401584874,2024,2023-11-26,2023-11-26 23:00:00,2,Celtics,Boston,BOS,42,95,44.2,13,47,27.7,16,20,80.0,18,40,24,9,3,12,19,20,1,0
401584875,2024,2023-11-26,2023-11-26 23:00:00,21,Suns,Phoenix,PHX,42,91,46.2,16,38,42.1,16,21,76.2,18,29,27,4,11,11,25,15,2,0
401584875,2024,2023-11-26,2023-11-26 23:00:00,18,Knicks,New York,NY,39,86,45.3,12,29,41.4,23,32,71.9,13,25,18,7,5,6,19,2,2,1
401584876,2024,2023-11-26,2023-11-26 23:00:00,30,Hornets,Charlotte,CHA,44,83,53.0,13,30,43.3,16,25,64.0,5,31,27,6,7,18,26,8,0,0
401584876,2024,2023-11-26,2023-11-26 23:00:00,19,Magic,Orlando,ORL,47,87,54.0,10,27,37.0,26,33,78.8,7,37,33,10,3,14,26,16,1,0
401584877,2024,2023-11-26,2023-11-26 23:00:00,16,Timberwolves,Minnesota,MIN,43,81,53.1,15,34,44.1,18,23,78.3,6,36,30,5,5,14,26,26,2,1
401584877,2024,2023-11-26,2023-11-26 23:00:00,29,Grizzlies,Memphis,MEM,34,88,38.6,10,37,27.0,19,27,70.4,11,24,24,4,4,13,18,0,1,1
401584878,2024,2023-11-26,2023-11-27 00:30:00,4,Bulls,Chicago,CHI,40,83,48.2,12,32,37.5,17,22,77.3,10,30,21,3,2,11,18,21,0,0
401584878,2024,2023-11-26,2023-11-27 00:30:00,17,Nets,Brooklyn,BKN,41,83,49.4,25,53,47.2,11,15,73.3,8,31,29,7,2,9,19,16,2,0
401584879,2024,2023-11-26,2023-11-27 00:30:00,28,Raptors,Toronto,TOR,37,89,41.6,8,32,25.0,20,29,69.0,17,33,17,9,3,12,11,12,0,1
401584879,2024,2023-11-26,2023-11-27 00:30:00,5,Cavaliers,Cleveland,CLE,45,97,46.4,10,31,32.3,5,6,83.3,12,37,29,2,5,14,18,12,0,2
401584880,2024,2023-11-26,2023-11-27 01:00:00,24,Spurs,San Antonio,SA,42,93,45.2,14,37,37.8,22,26,84.6,10,25,34,10,6,15,22,2,0,0
401584880,2024,2023-11-26,2023-11-27 01:00:00,7,Nuggets,Denver,DEN,50,89,56.2,12,28,42.9,20,25,80.0,11,34,38,8,3,19,25,28,1,0
401584867,2024,2023-11-25,2023-11-25 22:00:00,20,76ers,Philadelphia,PHI,38,83,45.8,14,41,34.1,37,45,82.2,17,32,30,2,9,12,26,13,1,0
401584867,2024,2023-11-25,2023-11-25 22:00:00,25,Thunder,Oklahoma City,OKC,43,98,43.9,16,43,37.2,21,26,80.8,13,25,29,3,3,4,27,7,0,0
401584868,2024,2023-11-25,2023-11-25 23:00:00,14,Heat,Miami,MIA,38,87,43.7,11,34,32.4,10,13,76.9,13,31,24,6,3,17,18,1,1,0
401584868,2024,2023-11-25,2023-11-25 23:00:00,17,Nets,Brooklyn,BKN,39,78,50.0,14,36,38.9,20,23,87.0,8,34,27,11,9,11,18,21,2,1
401584869,2024,2023-11-25,2023-11-26 00:00:00,1,Hawks,Atlanta,ATL,52,102,51.0,18,37,48.6,14,20,70.0,17,32,29,13,2,9,15,36,1,1
401584869,2024,2023-11-25,2023-11-26 00:00:00,27,Wizards,Washington,WSH,43,88,48.9,10,38,26.3,12,12,100.0,8,33,33,5,6,20,17,0,0,0
401584870,2024,2023-11-25,2023-11-26 00:30:00,13,Lakers,Los Angeles,LAL,47,90,52.2,9,27,33.3,18,21,85.7,9,35,34,9,8,18,15,8,0,1
401584870,2024,2023-11-25,2023-11-26 00:30:00,5,Cavaliers,Cleveland,CLE,43,91,47.3,9,28,32.1,20,23,87.0,7,30,30,13,4,14,16,8,0,1
401584871,2024,2023-11-25,2023-11-26 02:30:00,3,Pelicans,New Orleans,NO,39,93,41.9,11,36,30.6,11,18,61.1,13,29,31,15,4,13,17,13,0,1
401584871,2024,2023-11-25,2023-11-26 02:30:00,26,Jazz,Utah,UTAH,38,87,43.7,15,43,34.9,14,17,82.4,14,38,23,8,6,23,13,8,1,1
401584872,2024,2023-11-25,2023-11-26 03:30:00,6,Mavericks,Dallas,DAL,34,91,37.4,9,38,23.7,11,14,78.6,10,27,17,6,5,9,24,2,0,1
401584872,2024,2023-11-25,2023-11-26 03:30:00,12,Clippers,LA,LAC,38,88,43.2,8,29,27.6,23,31,74.2,17,40,25,2,6,12,16,24,1,1
401584131,2024,2023-11-24,2023-11-24 19:30:00,2,Celtics,Boston,BOS,31,76,40.8,7,29,24.1,27,37,73.0,4,27,17,10,4,14,18,12,1,2
401584131,2024,2023-11-24,2023-11-24 19:30:00,19,Magic,Orlando,ORL,43,85,50.6,11,28,39.3,16,22,72.7,13,35,23,5,3,18,28,17,0,3
401584132,2024,2023-11-24,2023-11-24 22:00:00,21,Suns,Phoenix,PHX,39,76,51.3,11,31,35.5,21,28,75.0,7,34,22,10,6,12,12,21,1,1
401584132,2024,2023-11-24,2023-11-24 22:00:00,29,Grizzlies,Memphis,MEM,37,80,46.3,9,33,27.3,6,10,60.0,6,29,22,6,2,13,22,5,2,1
401584133,2024,2023-11-24,2023-11-25 00:30:00,14,Heat,Miami,MIA,34,87,39.1,10,37,27.0,20,21,95.2,10,31,20,11,0,11,19,21,0,0
401584133,2024,2023-11-24,2023-11-25 00:30:00,18,Knicks,New York,NY,39,81,48.1,10,29,34.5,12,18,66.7,6,40,21,7,2,18,14,9,1,1
401584134,2024,2023-11-24,2023-11-25 00:30:00,4,Bulls,Chicago,CHI,42,82,51.2,12,27,44.4,12,19,63.2,9,28,20,5,2,12,20,3,1,3
401584134,2024,2023-11-24,2023-11-25 00:30:00,28,Raptors,Toronto,TOR,44,83,53.0,13,39,33.3,20,27,74.1,13,27,32,8,6,14,14,20,0,1
401584135,2024,2023-11-24,2023-11-25 01:00:00,8,Pistons,Detroit,DET,43,90,47.8,7,18,38.9,20,24,83.3,14,29,22,6,11,14,18,6,0,0
401584135,2024,2023-11-24,2023-11-25 01:00:00,11,Pacers,Indiana,IND,49,102,48.0,16,38,42.1,22,24,91.7,15,25,24,7,8,8,21,23,1,0
401584136,2024,2023-11-24,2023-11-25 01:00:00,7,Nuggets,Denver,DEN,32,94,34.0,7,30,23.3,15,21,71.4,16,30,17,8,4,15,14,5,0,0
401584136,2024,2023-11-24,2023-11-25 01:00:00,10,Rockets,Houston,HOU,40,82,48.8,12,29,41.4,13,15,86.7,6,43,25,9,9,14,21,26,0,2
401584137,2024,2023-11-24,2023-11-25 01:00:00,27,Wizards,Washington,WSH,48,100,48.0,15,37,40.5,17,21,81.0,12,34,29,3,4,8,24,6,1,0
401584137,2024,2023-11-24,2023-11-25 01:00:00,15,Bucks,Milwaukee,MIL,48,92,52.2,9,31,29.0,26,33,78.8,10,40,28,6,6,9,22,7,0,1
401584138,2024,2023-11-24,2023-11-25 01:00:00,23,Kings,Sacramento,SAC,49,100,49.0,17,35,48.6,9,11,81.8,14,32,25,7,4,13,19,22,0,1
401584138,2024,2023-11-24,2023-11-25 01:00:00,16,Timberwolves,Minnesota,MIN,36,82,43.9,12,33,36.4,27,29,93.1,10,34,25,6,9,18,18,3,0,0
401584139,2024,2023-11-24,2023-11-25 03:00:00,24,Spurs,San Antonio,SA,45,100,45.0,12,47,25.5,10,12,83.3,15,31,28,10,3,19,18,10,1,0
401584139,2024,2023-11-24,2023-11-25 03:00:00,9,Warriors,Golden State,GS,40,81,49.4,19,42,45.2,19,24,79.2,7,34,35,7,2,24,21,18,0,1
401584140,2024,2023-11-24,2023-11-25 03:30:00,3,Pelicans,New Orleans,NO,43,88,48.9,10,24,41.7,20,27,74.1,12,38,26,6,5,15,19,21,0,0
401584140,2024,2023-11-24,2023-11-25 03:30:00,12,Clippers,LA,LAC,42,92,45.7,11,37,29.7,11,17,64.7,8,31,27,11,8,11,24,6,0,0
401584853,2024,2023-11-22,2023-11-23 00:00:00,27,Wizards,Washington,WSH,44,97,45.4,11,32,34.4,15,18,83.3,11,36,26,7,3,10,18,19,0,0
401584853,2024,2023-11-22,2023-11-23 00:00:00,30,Hornets,Charlotte,CHA,43,91,47.3,16,37,43.2,15,21,71.4,11,38,27,6,4,12,15,5,1,0
401584854,2024,2023-11-22,2023-11-23 00:00:00,7,Nuggets,Denver,DEN,44,93,47.3,15,35,42.9,16,21,76.2,17,25,29,6,2,10,25,9,2,0
401584854,2024,2023-11-22,2023-11-23 00:00:00,19,Magic,Orlando,ORL,44,81,54.3,10,29,34.5,26,30,86.7,11,30,27,9,7,12,21,5,0,0
401584855,2024,2023-11-22,2023-11-23 00:30:00,17,Nets,Brooklyn,BKN,55,113,48.7,15,35,42.9,20,24,83.3,22,37,28,8,6,16,24,5,0,2
401584855,2024,2023-11-22,2023-11-23 00:30:00,1,Hawks,Atlanta,ATL,51,116,44.0,18,49,36.7,27,29,93.1,22,36,24,10,8,14,18,15,0,1
401584856,2024,2023-11-22,2023-11-23 00:30:00,15,Bucks,Milwaukee,MIL,45,101,44.6,13,34,38.2,13,17,76.5,13,34,23,9,2,9,19,0,0,0
401584856,2024,2023-11-22,2023-11-23 00:30:00,2,Celtics,Boston,BOS,44,84,52.4,17,42,40.5,14,17,82.4,4,39,27,3,5,15,15,21,0,1
401584857,2024,2023-11-22,2023-11-23 00:30:00,14,Heat,Miami,MIA,46,88,52.3,20,35,57.1,17,21,81.0,10,31,30,11,7,10,19,33,2,0
401584857,2024,2023-11-22,2023-11-23 00:30:00,5,Cavaliers,Cleveland,CLE,36,77,46.8,14,30,46.7,10,14,71.4,7,27,25,5,6,19,17,0,0,2
401584858,2024,2023-11-22,2023-11-23 00:30:00,28,Raptors,Toronto,TOR,48,90,53.3,11,27,40.7,25,30,83.3,13,33,26,7,3,17,15,7,2,1
401584858,2024,2023-11-22,2023-11-23 00:30:00,11,Pacers,Indiana,IND,50,91,54.9,18,39,46.2,13,16,81.3,5,26,33,10,6,14,24,13,1,0
401584859,2024,2023-11-22,2023-11-23 01:00:00,29,Grizzlies,Memphis,MEM,27,82,32.9,7,32,21.9,30,35,85.7,9,37,17,3,7,9,19,11,0,0
401584859,2024,2023-11-22,2023-11-23 01:00:00,10,Rockets,Houston,HOU,40,92,43.5,14,43,32.6,17,20,85.0,6,43,22,6,6,6,22,24,1,1
401584860,2024,2023-11-22,2023-11-23 01:00:00,20,76ers,Philadelphia,PHI,34,87,39.1,7,32,21.9,24,30,80.0,16,32,21,9,12,14,23,0,1,0
401584860,2024,2023-11-22,2023-11-23 01:00:00,16,Timberwolves,Minnesota,MIN,43,89,48.3,10,26,38.5,16,24,66.7,10,38,28,10,8,12,21,21,1,0
401584861,2024,2023-11-22,2023-11-23 01:00:00,23,Kings,Sacramento,SAC,34,76,44.7,15,44,34.1,29,35,82.9,4,34,22,3,1,15,25,9,1,2
401584861,2024,2023-11-22,2023-11-23 01:00:00,3,Pelicans,New Orleans,NO,41,87,47.1,7,30,23.3,28,37,75.7,13,35,23,10,2,10,28,17,0,0
401584862,2024,2023-11-22,2023-11-23 01:00:00,4,Bulls,Chicago,CHI,34,88,38.6,17,44,38.6,17,17,100.0,11,27,22,7,2,10,26,0,2,1
401584862,2024,2023-11-22,2023-11-23 01:00:00,25,Thunder,Oklahoma City,OKC,37,75,49.3,11,29,37.9,31,38,81.6,11,34,24,4,12,12,17,18,2,1
401584863,2024,2023-11-22,2023-11-23 01:00:00,12,Clippers,LA,LAC,39,85,45.9,9,28,32.1,22,29,75.9,11,39,29,10,3,16,23,18,0,0
401584863,2024,2023-11-22,2023-11-23 01:00:00,24,Spurs,San Antonio,SA,35,91,38.5,11,38,28.9,21,23,91.3,10,34,26,8,6,13,24,0,1,0
401584864,2024,2023-11-22,2023-11-23 03:00:00,9,Warriors,Golden State,GS,43,90,47.8,10,32,31.3,19,29,65.5,11,32,29,10,3,15,34,7,1,3
401584864,2024,2023-11-22,2023-11-23 03:00:00,21,Suns,Phoenix,PHX,34,76,44.7,11,28,39.3,44,52,84.6,11,32,22,9,8,15,22,23,0,2
401584865,2024,2023-11-22,2023-11-23 03:00:00,26,Jazz,Utah,UTAH,37,79,46.8,10,31,32.3,21,26,80.8,14,30,25,7,3,21,13,0,3,0
401584865,2024,2023-11-22,2023-11-23 03:00:00,22,Trail Blazers,Portland,POR,47,92,51.1,17,39,43.6,10,15,66.7,14,23,31,9,6,13,21,32,1,0
401584866,2024,2023-11-22,2023-11-23 03:30:00,6,Mavericks,Dallas,DAL,38,96,39.6,16,50,32.0,12,16,75.0,11,37,21,5,4,4,18,20,0,0
401584866,2024,2023-11-22,2023-11-23 03:30:00,13,Lakers,Los Angeles,LAL,39,84,46.4,11,29,37.9,12,19,63.2,9,42,26,1,2,11,17,3,2,0
401584126,2024,2023-11-21,2023-11-22 00:00:00,28,Raptors,Toronto,TOR,38,75,50.7,14,28,50.0,17,22,77.3,5,33,29,6,6,23,20,2,1,1
401584126,2024,2023-11-21,2023-11-22 00:00:00,19,Magic,Orlando,ORL,50,100,50.0,12,31,38.7,14,20,70.0,15,25,31,12,8,12,19,27,1,0
401584127,2024,2023-11-21,2023-11-22 00:30:00,11,Pacers,Indiana,IND,57,94,60.6,22,45,48.9,21,28,75.0,7,22,35,7,11,13,25,13,1,0
401584127,2024,2023-11-21,2023-11-22 00:30:00,1,Hawks,Atlanta,ATL,57,95,60.0,15,31,48.4,23,28,82.1,12,27,28,8,4,15,23,20,0,1
401584128,2024,2023-11-21,2023-11-22 00:30:00,5,Cavaliers,Cleveland,CLE,46,94,48.9,9,25,36.0,21,25,84.0,14,42,33,9,4,15,21,18,1,1
401584128,2024,2023-11-21,2023-11-22 00:30:00,20,76ers,Philadelphia,PHI,40,96,41.7,11,35,31.4,28,34,82.4,14,30,19,12,8,14,25,5,0,0
401584129,2024,2023-11-21,2023-11-22 02:00:00,22,Trail Blazers,Portland,POR,38,87,43.7,14,31,45.2,17,20,85.0,12,18,20,8,3,13,20,2,0,0
401584129,2024,2023-11-21,2023-11-22 02:00:00,21,Suns,Phoenix,PHX,43,76,56.6,7,17,41.2,27,28,96.4,11,27,26,8,8,13,18,18,2,1
401584130,2024,2023-11-21,2023-11-22 03:00:00,26,Jazz,Utah,UTAH,38,98,38.8,11,44,25.0,12,16,75.0,13,29,25,6,3,14,22,0,0,1
401584130,2024,2023-11-21,2023-11-22 03:00:00,13,Lakers,Los Angeles,LAL,49,86,57.0,11,29,37.9,22,27,81.5,9,43,35,6,5,13,15,39,2,0
401584845,2024,2023-11-20,2023-11-21 00:00:00,2,Celtics,Boston,BOS,42,97,43.3,16,50,32.0,18,28,64.3,11,37,19,6,8,13,15,18,2,0
401584845,2024,2023-11-20,2023-11-21 00:00:00,30,Hornets,Charlotte,CHA,46,104,44.2,13,39,33.3,16,17,94.1,17,40,29,9,7,13,18,4,0,1
401584846,2024,2023-11-20,2023-11-21 00:00:00,7,Nuggets,Denver,DEN,40,87,46.0,11,28,39.3,16,21,76.2,11,32,30,7,8,14,17,8,0,5
401584846,2024,2023-11-20,2023-11-21 00:00:00,8,Pistons,Detroit,DET,36,81,44.4,7,21,33.3,24,26,92.3,11,32,21,7,5,18,24,8,0,1
401584847,2024,2023-11-20,2023-11-21 00:00:00,15,Bucks,Milwaukee,MIL,55,94,58.5,11,29,37.9,21,28,75.0,16,39,33,3,6,13,13,18,2,1
401584847,2024,2023-11-20,2023-11-21 00:00:00,27,Wizards,Washington,WSH,55,99,55.6,10,29,34.5,9,11,81.8,5,21,29,6,4,4,19,8,0,0
401584848,2024,2023-11-20,2023-11-21 01:00:00,14,Heat,Miami,MIA,42,84,50.0,17,35,48.6,17,20,85.0,9,34,31,7,1,8,19,24,2,1
401584848,2024,2023-11-20,2023-11-21 01:00:00,4,Bulls,Chicago,CHI,37,81,45.7,11,37,29.7,15,16,93.8,7,29,21,2,7,11,16,0,0,1
401584849,2024,2023-11-20,2023-11-21 01:00:00,18,Knicks,New York,NY,32,92,34.8,9,38,23.7,27,34,79.4,17,33,16,8,3,10,23,2,0,2
401584849,2024,2023-11-20,2023-11-21 01:00:00,16,Timberwolves,Minnesota,MIN,41,80,51.2,11,34,32.4,24,32,75.0,7,37,30,7,7,13,26,22,1,2
401584850,2024,2023-11-20,2023-11-21 01:00:00,23,Kings,Sacramento,SAC,33,87,37.9,11,45,24.4,16,24,66.7,9,27,27,4,5,13,21,6,0,0
401584850,2024,2023-11-20,2023-11-21 01:00:00,3,Pelicans,New Orleans,NO,50,92,54.3,12,28,42.9,17,21,81.0,10,45,38,8,6,10,19,41,2,0
401584851,2024,2023-11-20,2023-11-21 01:00:00,12,Clippers,LA,LAC,45,95,47.4,12,36,33.3,22,25,88.0,10,41,30,15,3,7,10,28,0,1
401584851,2024,2023-11-20,2023-11-21 01:00:00,24,Spurs,San Antonio,SA,39,90,43.3,10,38,26.3,11,14,78.6,13,36,23,4,7,16,17,3,0,0
401584852,2024,2023-11-20,2023-11-21 03:00:00,10,Rockets,Houston,HOU,44,95,46.3,13,41,31.7,15,19,78.9,15,33,28,6,3,8,24,5,0,1
401584852,2024,2023-11-20,2023-11-21 03:00:00,9,Warriors,Golden State,GS,36,77,46.8,21,43,48.8,28,33,84.8,8,35,26,3,1,8,21,14,0,1
401584836,2024,2023-11-19,2023-11-19 20:00:00,20,76ers,Philadelphia,PHI,44,94,46.8,16,35,45.7,17,18,94.4,10,34,32,8,4,4,18,27,1,0
401584836,2024,2023-11-19,2023-11-19 20:00:00,17,Nets,Brooklyn,BKN,38,81,46.9,11,28,39.3,12,16,75.0,9,36,24,2,8,15,14,4,0,0
401584839,2024,2023-11-19,2023-11-19 21:00:00,8,Pistons,Detroit,DET,39,83,47.0,9,26,34.6,26,35,74.3,7,34,25,3,3,17,23,0,0,1
401584839,2024,2023-11-19,2023-11-19 21:00:00,28,Raptors,Toronto,TOR,55,102,53.9,14,36,38.9,18,29,62.1,12,35,44,10,5,7,23,40,1,1
401584837,2024,2023-11-19,2023-11-19 22:00:00,19,Magic,Orlando,ORL,43,87,49.4,7,20,35.0,35,42,83.3,8,34,21,10,10,15,23,40,0,1
401584837,2024,2023-11-19,2023-11-19 22:00:00,11,Pacers,Indiana,IND,42,95,44.2,8,31,25.8,24,31,77.4,11,29,24,10,7,16,32,0,0,1
401584838,2024,2023-11-19,2023-11-19 23:00:00,7,Nuggets,Denver,DEN,39,82,47.6,14,29,48.3,17,23,73.9,9,24,23,7,5,11,21,2,2,1
401584838,2024,2023-11-19,2023-11-19 23:00:00,5,Cavaliers,Cleveland,CLE,45,82,54.9,11,27,40.7,20,26,76.9,11,36,30,6,5,13,18,26,1,0
401584840,2024,2023-11-19,2023-11-20 00:30:00,23,Kings,Sacramento,SAC,48,90,53.3,17,40,42.5,16,21,76.2,14,34,34,9,3,12,20,21,1,3
401584840,2024,2023-11-19,2023-11-20 00:30:00,6,Mavericks,Dallas,DAL,41,88,46.6,12,34,35.3,19,26,73.1,11,29,23,8,2,10,15,2,0,2
401584841,2024,2023-11-19,2023-11-20 01:00:00,2,Celtics,Boston,BOS,35,77,45.5,12,31,38.7,20,25,80.0,9,36,20,6,10,17,19,10,0,1
401584841,2024,2023-11-19,2023-11-20 01:00:00,29,Grizzlies,Memphis,MEM,37,95,38.9,17,44,38.6,9,10,90.0,14,28,28,7,5,9,21,3,2,0
401584842,2024,2023-11-19,2023-11-20 01:00:00,21,Suns,Phoenix,PHX,50,102,49.0,18,45,40.0,22,26,84.6,11,33,36,11,13,17,28,11,1,0
401584842,2024,2023-11-19,2023-11-20 01:00:00,26,Jazz,Utah,UTAH,48,115,41.7,15,46,32.6,26,32,81.3,27,32,27,11,5,18,27,8,1,1
401584843,2024,2023-11-19,2023-11-20 02:00:00,25,Thunder,Oklahoma City,OKC,49,81,60.5,22,36,61.1,14,14,100.0,10,33,28,8,3,17,18,47,1,2
401584843,2024,2023-11-19,2023-11-20 02:00:00,22,Trail Blazers,Portland,POR,34,85,40.0,9,34,26.5,14,21,66.7,13,18,21,10,2,17,15,2,2,0
401584844,2024,2023-11-19,2023-11-20 02:30:00,10,Rockets,Houston,HOU,41,84,48.8,14,37,37.8,8,10,80.0,6,28,35,7,3,18,25,11,0,3
401584844,2024,2023-11-19,2023-11-20 02:30:00,13,Lakers,Los Angeles,LAL,39,83,47.0,6,29,20.7,21,29,72.4,10,32,26,13,1,17,13,8,1,3
401584830,2024,2023-11-18,2023-11-18 23:00:00,18,Knicks,New York,NY,46,91,50.5,16,37,43.2,14,19,73.7,13,34,27,7,4,12,13,18,0,0
401584830,2024,2023-11-18,2023-11-18 23:00:00,30,Hornets,Charlotte,CHA,40,82,48.8,17,35,48.6,11,13,84.6,4,32,29,5,5,13,22,0,0,2
401584831,2024,2023-11-18,2023-11-19 00:00:00,16,Timberwolves,Minnesota,MIN,43,80,53.8,13,31,41.9,22,27,81.5,5,28,29,6,7,14,21,2,0,1
401584831,2024,2023-11-18,2023-11-19 00:00:00,3,Pelicans,New Orleans,NO,44,86,51.2,12,29,41.4,20,23,87.0,13,27,27,9,5,17,26,15,0,0
401584832,2024,2023-11-18,2023-11-19 01:00:00,14,Heat,Miami,MIA,33,77,42.9,12,36,33.3,19,23,82.6,5,29,23,9,0,15,18,21,0,0
401584832,2024,2023-11-18,2023-11-19 01:00:00,4,Bulls,Chicago,CHI,36,81,44.4,16,45,35.6,14,19,73.7,10,34,24,9,6,12,22,5,1,0
401584833,2024,2023-11-18,2023-11-19 01:00:00,6,Mavericks,Dallas,DAL,51,103,49.5,16,47,34.0,7,10,70.0,11,38,27,1,2,12,16,12,0,1
401584833,2024,2023-11-18,2023-11-19 01:00:00,15,Bucks,Milwaukee,MIL,49,94,52.1,17,45,37.8,17,20,85.0,5,36,29,8,3,6,16,11,1,1
401584834,2024,2023-11-18,2023-11-19 01:00:00,29,Grizzlies,Memphis,MEM,40,86,46.5,11,33,33.3,29,36,80.6,12,33,23,7,3,12,25,12,2,1
401584834,2024,2023-11-18,2023-11-19 01:00:00,24,Spurs,San Antonio,SA,36,83,43.4,15,40,37.5,21,26,80.8,12,28,26,5,9,15,28,19,0,3
401584835,2024,2023-11-18,2023-11-19 01:30:00,25,Thunder,Oklahoma City,OKC,52,100,52.0,8,23,34.8,18,20,90.0,9,38,26,8,7,10,16,7,2,0
401584835,2024,2023-11-18,2023-11-19 01:30:00,9,Warriors,Golden State,GS,44,97,45.4,18,46,39.1,17,21,81.0,14,35,33,6,4,16,18,18,0,0
401584115,2024,2023-11-17,2023-11-18 00:00:00,15,Bucks,Milwaukee,MIL,49,89,55.1,22,45,48.9,10,13,76.9,4,45,32,4,7,13,21,33,0,2
401584115,2024,2023-11-17,2023-11-18 00:00:00,30,Hornets,Charlotte,CHA,37,91,40.7,6,26,23.1,19,22,86.4,9,34,18,5,2,12,14,13,0,1
401584116,2024,2023-11-17,2023-11-18 00:00:00,18,Knicks,New York,NY,45,91,49.5,16,38,42.1,14,20,70.0,14,34,26,5,6,10,21,23,1,0
401584116,2024,2023-11-17,2023-11-18 00:00:00,27,Wizards,Washington,WSH,37,82,45.1,10,32,31.3,15,16,93.8,7,25,25,4,4,14,18,0,0,2
401584117,2024,2023-11-17,2023-11-18 00:30:00,20,76ers,Philadelphia,PHI,43,88,48.9,13,30,43.3,27,28,96.4,13,30,32,9,4,15,20,16,2,1
401584117,2024,2023-11-17,2023-11-18 00:30:00,1,Hawks,Atlanta,ATL,40,89,44.9,12,33,36.4,24,30,80.0,14,25,24,8,4,13,20,6,0,2
401584118,2024,2023-11-17,2023-11-18 00:30:00,8,Pistons,Detroit,DET,39,91,42.9,9,35,25.7,13,15,86.7,18,33,20,8,6,17,19,6,0,0
401584118,2024,2023-11-17,2023-11-18 00:30:00,5,Cavaliers,Cleveland,CLE,42,82,51.2,9,21,42.9,15,21,71.4,7,32,21,9,6,12,9,16,0,0
401584119,2024,2023-11-17,2023-11-18 00:30:00,2,Celtics,Boston,BOS,42,92,45.7,16,46,34.8,8,9,88.9,8,36,29,5,4,10,13,16,1,2
401584119,2024,2023-11-17,2023-11-18 00:30:00,28,Raptors,Toronto,TOR,42,87,48.3,12,33,36.4,9,14,64.3,5,36,29,4,1,13,11,8,0,0
401584120,2024,2023-11-17,2023-11-18 00:30:00,23,Kings,Sacramento,SAC,46,85,54.1,18,42,42.9,19,24,79.2,4,38,31,10,2,13,22,16,1,1
401584120,2024,2023-11-17,2023-11-18 00:30:00,24,Spurs,San Antonio,SA,43,92,46.7,15,36,41.7,19,23,82.6,6,36,33,7,3,15,21,18,0,1
401584121,2024,2023-11-17,2023-11-18 01:00:00,19,Magic,Orlando,ORL,38,79,48.1,11,34,32.4,16,23,69.6,10,36,24,7,7,17,22,20,2,1
401584121,2024,2023-11-17,2023-11-18 01:00:00,4,Bulls,Chicago,CHI,35,79,44.3,10,29,34.5,17,22,77.3,5,29,19,10,3,16,21,7,0,0
401584122,2024,2023-11-17,2023-11-18 01:00:00,7,Nuggets,Denver,DEN,47,96,49.0,10,40,25.0,6,12,50.0,11,40,37,4,3,13,20,0,0,0
401584122,2024,2023-11-17,2023-11-18 01:00:00,3,Pelicans,New Orleans,NO,46,88,52.3,12,23,52.2,11,21,52.4,4,35,33,8,5,9,13,20,2,0
401584123,2024,2023-11-17,2023-11-18 03:00:00,21,Suns,Phoenix,PHX,45,86,52.3,18,33,54.5,23,26,88.5,5,31,35,5,4,8,22,14,1,0
401584123,2024,2023-11-17,2023-11-18 03:00:00,26,Jazz,Utah,UTAH,43,85,50.6,16,36,44.4,26,31,83.9,10,29,27,3,10,8,23,6,0,0
401584124,2024,2023-11-17,2023-11-18 03:00:00,13,Lakers,Los Angeles,LAL,40,81,49.4,12,29,41.4,15,22,68.2,11,33,27,11,6,18,16,17,0,1
401584124,2024,2023-11-17,2023-11-18 03:00:00,22,Trail Blazers,Portland,POR,36,89,40.4,10,37,27.0,13,18,72.2,19,29,17,11,2,18,17,0,1,3
401584125,2024,2023-11-17,2023-11-18 03:30:00,10,Rockets,Houston,HOU,38,88,43.2,10,31,32.3,14,20,70.0,12,35,24,6,5,16,28,9,1,0
401584125,2024,2023-11-17,2023-11-18 03:30:00,12,Clippers,LA,LAC,36,83,43.4,13,34,38.2,21,30,70.0,8,39,22,10,7,12,19,10,2,1
401584828,2024,2023-11-16,2023-11-17 00:30:00,17,Nets,Brooklyn,BKN,40,85,47.1,14,36,38.9,21,27,77.8,10,30,29,5,3,14,20,6,1,3
401584828,2024,2023-11-16,2023-11-17 00:30:00,14,Heat,Miami,MIA,42,81,51.9,15,35,42.9,23,24,95.8,7,25,26,8,3,9,20,17,0,1
401584829,2024,2023-11-16,2023-11-17 03:00:00,25,Thunder,Oklahoma City,OKC,44,87,50.6,19,32,59.4,21,23,91.3,7,35,31,10,3,12,20,21,1,1
401584829,2024,2023-11-16,2023-11-17 03:00:00,9,Warriors,Golden State,GS,40,98,40.8,14,41,34.1,15,19,78.9,20,29,27,5,4,16,19,6,0,0
401584820,2024,2023-11-15,2023-11-16 00:00:00,6,Mavericks,Dallas,DAL,48,92,52.2,17,42,40.5,17,29,58.6,9,37,32,6,4,10,16,27,0,0
401584820,2024,2023-11-15,2023-11-16 00:00:00,27,Wizards,Washington,WSH,43,89,48.3,12,36,33.3,19,23,82.6,8,38,23,6,1,12,22,2,0,0
401584821,2024,2023-11-15,2023-11-16 00:30:00,18,Knicks,New York,NY,45,94,47.9,16,34,47.1,10,11,90.9,14,28,29,9,2,16,20,13,1,0
401584821,2024,2023-11-15,2023-11-16 00:30:00,1,Hawks,Atlanta,ATL,41,75,54.7,12,31,38.7,20,26,76.9,6,24,28,11,6,15,20,7,0,0
401584822,2024,2023-11-15,2023-11-16 00:30:00,2,Celtics,Boston,BOS,42,88,47.7,18,50,36.0,15,19,78.9,12,33,23,7,8,9,15,17,1,0
401584822,2024,2023-11-15,2023-11-16 00:30:00,20,76ers,Philadelphia,PHI,39,85,45.9,11,30,36.7,18,22,81.8,10,31,18,5,1,9,14,5,0,1
401584823,2024,2023-11-15,2023-11-16 00:30:00,15,Bucks,Milwaukee,MIL,44,85,51.8,20,39,51.3,20,21,95.2,9,32,25,8,9,13,25,33,0,0
401584823,2024,2023-11-15,2023-11-16 00:30:00,28,Raptors,Toronto,TOR,38,96,39.6,9,33,27.3,27,31,87.1,26,29,28,10,8,14,19,6,0,2
401584824,2024,2023-11-15,2023-11-16 01:00:00,19,Magic,Orlando,ORL,32,82,39.0,8,28,28.6,24,30,80.0,12,34,20,12,3,13,21,19,2,1
401584824,2024,2023-11-15,2023-11-16 01:00:00,4,Bulls,Chicago,CHI,33,83,39.8,9,33,27.3,19,22,86.4,14,39,16,7,4,19,25,3,0,0
401584825,2024,2023-11-15,2023-11-16 02:00:00,16,Timberwolves,Minnesota,MIN,42,92,45.7,5,27,18.5,26,28,92.9,16,24,18,8,5,6,14,3,0,1
401584825,2024,2023-11-15,2023-11-16 02:00:00,21,Suns,Phoenix,PHX,51,85,60.0,17,31,54.8,14,15,93.3,5,27,31,1,4,9,21,28,0,1
401584826,2024,2023-11-15,2023-11-16 03:00:00,23,Kings,Sacramento,SAC,48,96,50.0,16,44,36.4,13,17,76.5,11,34,31,20,1,15,20,26,1,0
401584826,2024,2023-11-15,2023-11-16 03:00:00,13,Lakers,Los Angeles,LAL,42,83,50.6,11,29,37.9,15,19,78.9,7,36,25,12,6,23,17,0,0,0
401584827,2024,2023-11-15,2023-11-16 03:00:00,5,Cavaliers,Cleveland,CLE,42,75,56.0,9,30,30.0,16,21,76.2,7,40,23,5,9,17,16,18,1,3
401584827,2024,2023-11-15,2023-11-16 03:00:00,22,Trail Blazers,Portland,POR,34,91,37.4,13,38,34.2,14,16,87.5,8,22,24,9,3,12,21,3,2,0
401584105,2024,2023-11-14,2023-11-15 00:00:00,14,Heat,Miami,MIA,40,83,48.2,8,31,25.8,23,28,82.1,10,32,26,12,5,7,19,13,1,0
401584105,2024,2023-11-14,2023-11-15 00:00:00,30,Hornets,Charlotte,CHA,36,81,44.4,15,32,46.9,18,22,81.8,13,32,21,6,0,18,21,11,0,2
401584106,2024,2023-11-14,2023-11-15 00:00:00,1,Hawks,Atlanta,ATL,45,87,51.7,12,33,36.4,24,26,92.3,10,31,28,9,7,14,19,12,0,0
401584106,2024,2023-11-14,2023-11-15 00:00:00,8,Pistons,Detroit,DET,47,90,52.2,10,29,34.5,16,23,69.6,14,28,36,9,6,17,20,5,0,1
401584107,2024,2023-11-14,2023-11-15 00:00:00,11,Pacers,Indiana,IND,48,93,51.6,13,37,35.1,23,33,69.7,10,31,32,7,5,11,28,13,0,0
401584107,2024,2023-11-14,2023-11-15 00:00:00,20,76ers,Philadelphia,PHI,43,86,50.0,6,22,27.3,34,35,97.1,5,33,22,5,3,16,26,3,0,1
401584108,2024,2023-11-14,2023-11-15 00:30:00,19,Magic,Orlando,ORL,36,82,43.9,16,46,34.8,16,21,76.2,9,28,23,9,4,14,16,7,2,0
401584108,2024,2023-11-14,2023-11-15 00:30:00,17,Nets,Brooklyn,BKN,46,85,54.1,19,39,48.7,13,20,65.0,13,31,22,13,3,15,24,20,1,0
401584109,2024,2023-11-14,2023-11-15 00:30:00,24,Spurs,San Antonio,SA,36,93,38.7,9,30,30.0,6,9,66.7,13,30,24,7,6,24,13,4,1,2
401584109,2024,2023-11-14,2023-11-15 00:30:00,25,Thunder,Oklahoma City,OKC,46,89,51.7,15,39,38.5,16,20,80.0,4,36,34,19,6,15,17,40,1,1
401584110,2024,2023-11-14,2023-11-15 01:00:00,6,Mavericks,Dallas,DAL,38,90,42.2,14,42,33.3,20,26,76.9,16,29,25,4,3,20,16,5,0,1
401584110,2024,2023-11-14,2023-11-15 01:00:00,3,Pelicans,New Orleans,NO,49,94,52.1,14,38,36.8,19,26,73.1,12,30,33,17,6,12,20,33,1,1
401584111,2024,2023-11-14,2023-11-15 02:00:00,22,Trail Blazers,Portland,POR,37,88,42.0,11,35,31.4,14,20,70.0,13,30,23,5,6,17,15,3,0,0
401584111,2024,2023-11-14,2023-11-15 02:00:00,26,Jazz,Utah,UTAH,44,95,46.3,13,43,30.2,14,15,93.3,16,36,26,11,6,12,18,17,1,0
401584112,2024,2023-11-14,2023-11-15 03:00:00,12,Clippers,LA,LAC,37,86,43.0,13,29,44.8,21,24,87.5,14,28,21,10,1,10,24,7,1,1
401584112,2024,2023-11-14,2023-11-15 03:00:00,7,Nuggets,Denver,DEN,39,73,53.4,8,23,34.8,25,32,78.1,6,30,26,4,2,14,19,13,0,0
401584113,2024,2023-11-14,2023-11-15 03:00:00,16,Timberwolves,Minnesota,MIN,36,81,44.4,14,34,41.2,18,21,85.7,9,33,24,9,5,19,19,6,1,3
401584113,2024,2023-11-14,2023-11-15 03:00:00,9,Warriors,Golden State,GS,37,88,42.0,13,39,33.3,14,16,87.5,13,33,28,11,2,19,22,12,1,1
401584114,2024,2023-11-14,2023-11-15 03:30:00,29,Grizzlies,Memphis,MEM,39,106,36.8,20,53,37.7,9,12,75.0,13,20,28,8,9,9,15,3,0,3
401584114,2024,2023-11-14,2023-11-15 03:30:00,13,Lakers,Los Angeles,LAL,47,81,58.0,22,35,62.9,18,24,75.0,10,44,30,4,10,18,13,31,1,2
401584816,2024,2023-11-13,2023-11-14 00:30:00,18,Knicks,New York,NY,33,79,41.8,15,35,42.9,17,24,70.8,12,25,17,5,2,8,16,8,4,1
401584816,2024,2023-11-13,2023-11-14 00:30:00,2,Celtics,Boston,BOS,40,79,50.6,19,43,44.2,15,16,93.8,8,29,27,3,3,11,22,17,0,1
401584817,2024,2023-11-13,2023-11-14 00:30:00,27,Wizards,Washington,WSH,43,84,51.2,12,26,46.2,9,12,75.0,8,30,32,11,5,22,22,23,0,1
401584817,2024,2023-11-13,2023-11-14 00:30:00,28,Raptors,Toronto,TOR,45,90,50.0,4,20,20.0,17,25,68.0,16,32,28,11,4,16,13,4,3,0
401584818,2024,2023-11-13,2023-11-14 01:00:00,4,Bulls,Chicago,CHI,38,100,38.0,14,42,33.3,19,21,90.5,18,29,24,9,7,6,25,1,2,2
401584818,2024,2023-11-13,2023-11-14 01:00:00,15,Bucks,Milwaukee,MIL,42,89,47.2,15,47,31.9,19,27,70.4,13,40,23,3,5,15,23,17,2,1
401584819,2024,2023-11-13,2023-11-14 03:00:00,5,Cavaliers,Cleveland,CLE,45,91,49.5,16,35,45.7,14,17,82.4,14,25,24,3,1,11,18,3,0,0
401584819,2024,2023-11-13,2023-11-14 03:00:00,23,Kings,Sacramento,SAC,49,83,59.0,20,42,47.6,14,22,63.6,8,29,32,3,4,10,19,21,0,0
401584805,2024,2023-11-12,2023-11-12 17:00:00,30,Hornets,Charlotte,CHA,44,94,46.8,12,35,34.3,7,11,63.6,15,21,21,5,4,12,25,1,0,2
401584805,2024,2023-11-12,2023-11-12 17:00:00,18,Knicks,New York,NY,47,87,54.0,15,36,41.7,20,30,66.7,10,30,25,8,4,9,18,29,0,0
401584806,2024,2023-11-12,2023-11-12 20:00:00,27,Wizards,Washington,WSH,33,88,37.5,10,41,24.4,18,25,72.0,7,35,20,14,3,12,15,5,0,1
401584806,2024,2023-11-12,2023-11-12 20:00:00,17,Nets,Brooklyn,BKN,37,98,37.8,12,49,24.5,16,20,80.0,20,46,22,6,6,18,18,17,1,1
401584807,2024,2023-11-12,2023-11-12 20:30:00,29,Grizzlies,Memphis,MEM,37,88,42.0,13,41,31.7,18,24,75.0,11,30,25,7,6,16,23,15,0,0
401584807,2024,2023-11-12,2023-11-12 20:30:00,12,Clippers,LA,LAC,37,85,43.5,12,34,35.3,15,23,65.2,8,33,26,9,3,14,23,3,2,1
401584808,2024,2023-11-12,2023-11-12 23:00:00,11,Pacers,Indiana,IND,47,90,52.2,16,39,41.0,16,19,84.2,8,24,31,8,9,10,14,1,0,0
401584808,2024,2023-11-12,2023-11-12 23:00:00,20,76ers,Philadelphia,PHI,53,105,50.5,14,33,42.4,17,20,85.0,23,31,28,5,7,11,15,19,1,0
401584809,2024,2023-11-12,2023-11-13 00:00:00,8,Pistons,Detroit,DET,38,88,43.2,11,32,34.4,21,26,80.8,16,33,26,4,6,16,19,11,0,0
401584809,2024,2023-11-12,2023-11-13 00:00:00,4,Bulls,Chicago,CHI,44,91,48.4,11,30,36.7,20,25,80.0,11,29,22,12,6,6,21,11,1,1
401584810,2024,2023-11-12,2023-11-13 00:00:00,7,Nuggets,Denver,DEN,42,91,46.2,9,32,28.1,11,14,78.6,12,37,24,3,5,11,20,9,0,0
401584810,2024,2023-11-12,2023-11-13 00:00:00,10,Rockets,Houston,HOU,37,87,42.5,10,32,31.3,23,29,79.3,12,33,20,7,4,9,16,10,0,0
401584811,2024,2023-11-12,2023-11-13 00:00:00,6,Mavericks,Dallas,DAL,50,102,49.0,20,53,37.7,16,21,76.2,8,34,29,7,6,6,19,29,0,0
401584811,2024,2023-11-12,2023-11-13 00:00:00,3,Pelicans,New Orleans,NO,47,92,51.1,17,36,47.2,13,22,59.1,13,41,31,2,3,18,20,3,0,0
401584812,2024,2023-11-12,2023-11-13 00:00:00,14,Heat,Miami,MIA,39,89,43.8,12,31,38.7,28,30,93.3,11,30,26,7,3,4,12,6,3,0
401584812,2024,2023-11-12,2023-11-13 00:00:00,24,Spurs,San Antonio,SA,42,91,46.2,19,44,43.2,10,12,83.3,11,39,35,3,6,17,21,19,0,0
401584813,2024,2023-11-12,2023-11-13 01:00:00,25,Thunder,Oklahoma City,OKC,40,82,48.8,10,27,37.0,21,25,84.0,6,27,23,9,8,7,21,12,2,0
401584813,2024,2023-11-12,2023-11-13 01:00:00,21,Suns,Phoenix,PHX,32,83,38.6,9,29,31.0,26,31,83.9,16,35,20,4,7,17,19,8,0,1
401584814,2024,2023-11-12,2023-11-13 01:30:00,16,Timberwolves,Minnesota,MIN,43,82,52.4,9,27,33.3,21,30,70.0,9,38,27,8,6,14,19,16,0,2
401584814,2024,2023-11-12,2023-11-13 01:30:00,9,Warriors,Golden State,GS,37,96,38.5,12,43,27.9,24,28,85.7,19,32,24,9,0,14,28,8,0,2
401584815,2024,2023-11-12,2023-11-13 03:00:00,22,Trail Blazers,Portland,POR,45,90,50.0,13,37,35.1,7,9,77.8,5,33,29,2,8,15,25,8,1,1
401584815,2024,2023-11-12,2023-11-13 03:00:00,13,Lakers,Los Angeles,LAL,41,84,48.8,4,19,21.1,30,37,81.1,7,34,27,8,4,9,11,14,0,2
401584801,2024,2023-11-11,2023-11-11 23:00:00,15,Bucks,Milwaukee,MIL,38,77,49.4,9,29,31.0,12,25,48.0,5,31,25,9,6,19,24,5,0,4
401584801,2024,2023-11-11,2023-11-11 23:00:00,19,Magic,Orlando,ORL,36,84,42.9,10,26,38.5,30,35,85.7,15,28,24,9,2,13,17,21,3,4
401584802,2024,2023-11-11,2023-11-12 00:00:00,28,Raptors,Toronto,TOR,35,91,38.5,10,37,27.0,14,16,87.5,7,30,25,8,1,8,14,6,1,0
401584802,2024,2023-11-11,2023-11-12 00:00:00,2,Celtics,Boston,BOS,47,86,54.7,15,44,34.1,8,13,61.5,5,41,30,1,4,12,14,30,1,1
401584803,2024,2023-11-11,2023-11-12 00:30:00,14,Heat,Miami,MIA,41,84,48.8,12,38,31.6,23,25,92.0,7,32,23,10,4,15,14,21,0,1
401584803,2024,2023-11-11,2023-11-12 00:30:00,1,Hawks,Atlanta,ATL,38,87,43.7,18,46,39.1,15,18,83.3,15,33,23,6,6,21,19,3,1,2
401584804,2024,2023-11-11,2023-11-12 01:30:00,5,Cavaliers,Cleveland,CLE,37,86,43.0,11,30,36.7,33,43,76.7,11,34,23,13,3,10,24,17,1,0
401584804,2024,2023-11-11,2023-11-12 01:30:00,9,Warriors,Golden State,GS,37,90,41.1,13,38,34.2,23,30,76.7,15,40,26,5,3,20,29,3,0,2
401584096,2024,2023-11-10,2023-11-11 00:00:00,20,76ers,Philadelphia,PHI,35,83,42.2,9,28,32.1,35,41,85.4,11,35,23,13,5,8,23,17,1,2
401584096,2024,2023-11-10,2023-11-11 00:00:00,8,Pistons,Detroit,DET,40,86,46.5,8,28,28.6,18,22,81.8,11,37,28,3,5,16,26,16,1,1
401584097,2024,2023-11-10,2023-11-11 00:00:00,30,Hornets,Charlotte,CHA,50,110,45.5,6,28,21.4,18,28,64.3,28,39,31,10,4,9,19,9,1,0
401584097,2024,2023-11-10,2023-11-11 00:00:00,27,Wizards,Washington,WSH,43,88,48.9,14,38,36.8,17,20,85.0,7,29,28,4,6,15,23,16,0,0
401584098,2024,2023-11-10,2023-11-11 00:30:00,17,Nets,Brooklyn,BKN,38,85,44.7,15,37,40.5,16,18,88.9,9,37,26,0,3,10,25,1,2,1
401584098,2024,2023-11-10,2023-11-11 00:30:00,2,Celtics,Boston,BOS,41,94,43.6,19,52,36.5,20,28,71.4,17,35,29,5,3,7,13,24,1,1
401584099,2024,2023-11-10,2023-11-11 01:00:00,3,Pelicans,New Orleans,NO,34,75,45.3,8,25,32.0,25,34,73.5,8,41,12,6,6,18,26,10,0,0
401584099,2024,2023-11-10,2023-11-11 01:00:00,10,Rockets,Houston,HOU,36,88,40.9,10,35,28.6,22,28,78.6,9,33,20,9,5,9,22,14,0,3
401584100,2024,2023-11-10,2023-11-11 01:00:00,26,Jazz,Utah,UTAH,41,76,53.9,18,37,48.6,27,29,93.1,8,30,28,10,12,19,17,21,2,1
401584100,2024,2023-11-10,2023-11-11 01:00:00,29,Grizzlies,Memphis,MEM,46,101,45.5,19,48,39.6,10,13,76.9,14,23,23,5,5,11,23,8,0,3
401584101,2024,2023-11-10,2023-11-11 01:00:00,16,Timberwolves,Minnesota,MIN,43,87,49.4,10,27,37.0,21,27,77.8,13,38,23,6,4,18,19,18,0,0
401584101,2024,2023-11-10,2023-11-11 01:00:00,24,Spurs,San Antonio,SA,43,92,46.7,12,34,35.3,12,19,63.2,7,31,29,9,8,14,21,10,0,0
401584102,2024,2023-11-10,2023-11-11 01:30:00,12,Clippers,LA,LAC,43,88,48.9,8,27,29.6,32,36,88.9,19,28,21,7,2,14,27,12,0,4
401584102,2024,2023-11-10,2023-11-11 01:30:00,6,Mavericks,Dallas,DAL,51,98,52.0,19,42,45.2,23,26,88.5,15,26,30,7,1,8,23,32,1,1
401584103,2024,2023-11-10,2023-11-11 03:00:00,13,Lakers,Los Angeles,LAL,42,84,50.0,12,27,44.4,26,34,76.5,9,34,27,9,7,11,20,7,0,0
401584103,2024,2023-11-10,2023-11-11 03:00:00,21,Suns,Phoenix,PHX,42,94,44.7,15,37,40.5,20,27,74.1,17,35,22,9,1,13,24,14,0,1
401584104,2024,2023-11-10,2023-11-11 03:00:00,25,Thunder,Oklahoma City,OKC,39,87,44.8,7,30,23.3,13,16,81.3,5,33,22,9,5,16,15,0,0,0
401584104,2024,2023-11-10,2023-11-11 03:00:00,23,Kings,Sacramento,SAC,38,91,41.8,13,47,27.7,16,21,76.2,16,36,28,10,9,17,22,17,1,0
401584799,2024,2023-11-09,2023-11-10 00:00:00,15,Bucks,Milwaukee,MIL,46,87,52.9,9,27,33.3,23,26,88.5,5,36,23,6,5,14,19,10,0,3
401584799,2024,2023-11-09,2023-11-10 00:00:00,11,Pacers,Indiana,IND,44,92,47.8,20,48,41.7,18,20,90.0,9,31,27,6,6,11,25,18,2,0
401584800,2024,2023-11-09,2023-11-10 02:30:00,1,Hawks,Atlanta,ATL,41,85,48.2,15,39,38.5,23,30,76.7,8,28,22,13,7,17,25,11,1,2
401584800,2024,2023-11-09,2023-11-10 02:30:00,19,Magic,Orlando,ORL,42,90,46.7,10,27,37.0,25,35,71.4,18,29,19,12,6,19,24,11,0,0
401584785,2024,2023-11-08,2023-11-09 00:00:00,27,Wizards,Washington,WSH,47,97,48.5,18,43,41.9,20,25,80.0,13,27,26,10,6,10,26,26,1,2
401584785,2024,2023-11-08,2023-11-09 00:00:00,30,Hornets,Charlotte,CHA,41,79,51.9,8,25,32.0,26,35,74.3,11,36,17,8,5,20,22,6,2,0
401584786,2024,2023-11-08,2023-11-09 00:00:00,26,Jazz,Utah,UTAH,45,96,46.9,11,27,40.7,17,18,94.4,16,31,26,3,5,21,17,10,1,0
401584786,2024,2023-11-08,2023-11-09 00:00:00,11,Pacers,Indiana,IND,52,101,51.5,13,41,31.7,17,20,85.0,14,32,26,14,7,11,15,16,1,0
401584787,2024,2023-11-08,2023-11-09 00:00:00,2,Celtics,Boston,BOS,36,91,39.6,15,47,31.9,16,19,84.2,9,34,28,8,6,12,13,11,1,1
401584787,2024,2023-11-08,2023-11-09 00:00:00,20,76ers,Philadelphia,PHI,42,95,44.2,9,34,26.5,13,15,86.7,12,44,20,7,7,12,16,15,2,1
401584788,2024,2023-11-08,2023-11-09 00:30:00,12,Clippers,LA,LAC,36,91,39.6,8,36,22.2,13,13,100.0,11,40,22,10,8,15,15,8,1,0
401584788,2024,2023-11-08,2023-11-09 00:30:00,17,Nets,Brooklyn,BKN,37,92,40.2,15,41,36.6,11,13,84.6,14,35,22,10,10,14,14,10,0,1
401584789,2024,2023-11-08,2023-11-09 00:30:00,24,Spurs,San Antonio,SA,44,90,48.9,9,34,26.5,8,13,61.5,11,35,31,2,7,13,22,0,0,0
401584789,2024,2023-11-08,2023-11-09 00:30:00,18,Knicks,New York,NY,46,100,46.0,19,42,45.2,15,22,68.2,13,34,28,7,0,3,14,30,1,0
401584790,2024,2023-11-08,2023-11-09 01:00:00,21,Suns,Phoenix,PHX,38,90,42.2,19,48,39.6,21,25,84.0,13,41,32,7,10,21,20,18,1,0
401584790,2024,2023-11-08,2023-11-09 01:00:00,4,Bulls,Chicago,CHI,42,96,43.8,14,33,42.4,17,23,73.9,9,30,30,12,7,14,22,4,0,1
401584791,2024,2023-11-08,2023-11-09 01:00:00,13,Lakers,Los Angeles,LAL,36,85,42.4,7,25,28.0,15,24,62.5,5,29,20,7,6,9,18,0,0,0
401584791,2024,2023-11-08,2023-11-09 01:00:00,10,Rockets,Houston,HOU,51,93,54.8,14,33,42.4,12,19,63.2,14,43,26,4,4,11,23,35,2,1
401584792,2024,2023-11-08,2023-11-09 01:00:00,14,Heat,Miami,MIA,35,77,45.5,11,28,39.3,27,32,84.4,9,35,22,9,8,19,24,12,0,1
401584792,2024,2023-11-08,2023-11-09 01:00:00,29,Grizzlies,Memphis,MEM,35,90,38.9,11,37,29.7,21,28,75.0,13,25,20,10,4,13,27,4,1,2
401584793,2024,2023-11-08,2023-11-09 01:00:00,8,Pistons,Detroit,DET,48,98,49.0,7,29,24.1,15,16,93.8,11,42,28,2,5,17,24,10,2,2
401584793,2024,2023-11-08,2023-11-09 01:00:00,15,Bucks,Milwaukee,MIL,41,90,45.6,11,37,29.7,27,32,84.4,5,31,19,8,7,10,18,15,0,5
401584794,2024,2023-11-08,2023-11-09 01:00:00,3,Pelicans,New Orleans,NO,36,93,38.7,8,28,28.6,21,22,95.5,11,29,23,6,1,17,23,2,0,0
401584794,2024,2023-11-08,2023-11-09 01:00:00,16,Timberwolves,Minnesota,MIN,45,82,54.9,15,37,40.5,17,24,70.8,8,40,30,9,7,16,23,31,2,0
401584795,2024,2023-11-08,2023-11-09 01:00:00,5,Cavaliers,Cleveland,CLE,42,83,50.6,9,29,31.0,27,37,73.0,11,30,26,9,5,18,24,6,2,0
401584795,2024,2023-11-08,2023-11-09 01:00:00,25,Thunder,Oklahoma City,OKC,44,86,51.2,12,28,42.9,28,30,93.3,12,29,23,10,8,14,27,17,0,0
401584796,2024,2023-11-08,2023-11-09 01:30:00,28,Raptors,Toronto,TOR,49,99,49.5,11,36,30.6,18,27,66.7,15,35,27,10,4,11,25,15,1,0
401584796,2024,2023-11-08,2023-11-09 01:30:00,6,Mavericks,Dallas,DAL,40,84,47.6,17,41,41.5,19,31,61.3,6,32,25,4,6,15,21,9,1,1
401584797,2024,2023-11-08,2023-11-09 03:00:00,9,Warriors,Golden State,GS,37,86,43.0,11,35,31.4,20,26,76.9,11,38,21,5,0,9,20,5,0,1
401584797,2024,2023-11-08,2023-11-09 03:00:00,7,Nuggets,Denver,DEN,41,92,44.6,11,35,31.4,15,22,68.2,10,35,24,7,4,6,20,12,0,0
401584798,2024,2023-11-08,2023-11-09 03:00:00,22,Trail Blazers,Portland,POR,44,87,50.6,8,22,36.4,22,29,75.9,7,29,26,10,5,18,29,5,0,1
401584798,2024,2023-11-08,2023-11-09 03:00:00,23,Kings,Sacramento,SAC,41,89,46.1,11,37,29.7,28,38,73.7,15,35,32,11,6,21,24,10,0,2
401584773,2024,2023-11-06,2023-11-07 00:00:00,9,Warriors,Golden State,GS,46,97,47.4,12,41,29.3,16,21,76.2,17,27,26,8,4,11,14,13,0,1
401584773,2024,2023-11-06,2023-11-07 00:00:00,8,Pistons,Detroit,DET,38,80,47.5,13,30,43.3,20,21,95.2,7,32,23,8,2,14,20,7,2,1
401584774,2024,2023-11-06,2023-11-07 00:00:00,24,Spurs,San Antonio,SA,40,94,42.6,8,26,30.8,23,30,76.7,12,24,26,7,5,11,15,0,0,1
401584774,2024,2023-11-06,2023-11-07 00:00:00,11,Pacers,Indiana,IND,55,95,57.9,20,38,52.6,22,23,95.7,9,40,38,7,4,14,24,44,1,0
401584775,2024,2023-11-06,2023-11-07 00:00:00,6,Mavericks,Dallas,DAL,41,82,50.0,15,40,37.5,20,28,71.4,5,26,21,9,6,14,20,15,1,2
401584775,2024,2023-11-06,2023-11-07 00:00:00,19,Magic,Orlando,ORL,40,85,47.1,8,27,29.6,14,18,77.8,6,32,27,6,4,20,24,15,1,2
401584776,2024,2023-11-06,2023-11-07 00:00:00,27,Wizards,Washington,WSH,49,96,51.0,14,34,41.2,16,20,80.0,10,28,31,6,10,19,26,7,0,0
401584776,2024,2023-11-06,2023-11-07 00:00:00,20,76ers,Philadelphia,PHI,51,91,56.0,12,31,38.7,32,36,88.9,10,35,37,12,7,15,15,27,1,3
401584777,2024,2023-11-06,2023-11-07 00:30:00,15,Bucks,Milwaukee,MIL,46,96,47.9,16,48,33.3,21,24,87.5,12,36,26,6,2,10,13,9,0,2
401584777,2024,2023-11-06,2023-11-07 00:30:00,17,Nets,Brooklyn,BKN,49,101,48.5,16,45,35.6,11,13,84.6,11,35,22,2,4,8,16,10,0,1
401584778,2024,2023-11-06,2023-11-07 00:30:00,13,Lakers,Los Angeles,LAL,44,81,54.3,8,26,30.8,11,14,78.6,5,33,28,6,5,17,17,7,0,5
401584778,2024,2023-11-06,2023-11-07 00:30:00,14,Heat,Miami,MIA,41,88,46.6,12,37,32.4,14,16,87.5,11,33,30,11,4,17,14,13,1,3
401584779,2024,2023-11-06,2023-11-07 00:30:00,12,Clippers,LA,LAC,36,73,49.3,11,32,34.4,14,16,87.5,7,24,21,8,3,22,15,6,0,0
401584779,2024,2023-11-06,2023-11-07 00:30:00,18,Knicks,New York,NY,41,88,46.6,12,31,38.7,17,18,94.4,18,30,28,13,1,19,13,17,1,0
401584780,2024,2023-11-06,2023-11-07 01:00:00,26,Jazz,Utah,UTAH,41,86,47.7,16,43,37.2,15,17,88.2,17,35,32,1,7,22,20,5,1,0
401584780,2024,2023-11-06,2023-11-07 01:00:00,4,Bulls,Chicago,CHI,48,93,51.6,18,34,52.9,16,19,84.2,10,26,26,12,3,8,18,25,0,0
401584781,2024,2023-11-06,2023-11-07 01:00:00,23,Kings,Sacramento,SAC,36,81,44.4,14,40,35.0,11,20,55.0,12,22,22,5,2,13,22,2,2,0
401584781,2024,2023-11-06,2023-11-07 01:00:00,10,Rockets,Houston,HOU,43,75,57.3,15,31,48.4,21,27,77.8,5,34,28,8,4,10,19,40,1,0
401584782,2024,2023-11-06,2023-11-07 01:00:00,2,Celtics,Boston,BOS,36,92,39.1,11,39,28.2,26,34,76.5,11,34,20,13,2,16,26,8,2,0
401584782,2024,2023-11-06,2023-11-07 01:00:00,16,Timberwolves,Minnesota,MIN,44,85,51.8,13,37,35.1,13,25,52.0,6,39,26,7,5,23,26,7,1,0
401584783,2024,2023-11-06,2023-11-07 01:00:00,1,Hawks,Atlanta,ATL,38,102,37.3,14,42,33.3,27,32,84.4,25,34,27,8,3,15,16,0,0,1
401584783,2024,2023-11-06,2023-11-07 01:00:00,25,Thunder,Oklahoma City,OKC,45,94,47.9,14,35,40.0,22,23,95.7,11,38,27,7,7,13,22,19,0,1
401584784,2024,2023-11-06,2023-11-07 02:00:00,3,Pelicans,New Orleans,NO,45,90,50.0,13,30,43.3,13,15,86.7,8,30,24,6,2,13,18,20,0,3
401584784,2024,2023-11-06,2023-11-07 02:00:00,7,Nuggets,Denver,DEN,51,95,53.7,15,39,38.5,17,23,73.9,11,34,37,6,5,9,16,18,1,0
401584768,2024,2023-11-05,2023-11-05 20:00:00,21,Suns,Phoenix,PHX,43,86,50.0,8,21,38.1,26,29,89.7,14,29,29,8,10,18,13,21,0,3
401584768,2024,2023-11-05,2023-11-05 20:00:00,8,Pistons,Detroit,DET,43,87,49.4,8,23,34.8,12,14,85.7,10,23,25,7,6,16,23,3,2,0
401584769,2024,2023-11-05,2023-11-05 20:30:00,28,Raptors,Toronto,TOR,44,97,45.4,19,48,39.6,16,26,61.5,13,34,29,12,6,14,15,7,1,0
401584769,2024,2023-11-05,2023-11-05 20:30:00,24,Spurs,San Antonio,SA,48,96,50.0,10,32,31.3,10,13,76.9,9,37,30,7,7,17,21,22,0,0
401584770,2024,2023-11-05,2023-11-05 23:00:00,9,Warriors,Golden State,GS,34,94,36.2,16,41,39.0,20,30,66.7,17,27,26,10,4,13,18,4,0,1
401584770,2024,2023-11-05,2023-11-05 23:00:00,5,Cavaliers,Cleveland,CLE,41,83,49.4,11,37,29.7,22,28,78.6,13,41,26,8,2,18,21,14,0,0
401584771,2024,2023-11-05,2023-11-06 00:30:00,30,Hornets,Charlotte,CHA,49,99,49.5,8,30,26.7,12,21,57.1,10,33,30,5,2,8,25,15,1,1
401584771,2024,2023-11-05,2023-11-06 00:30:00,6,Mavericks,Dallas,DAL,43,91,47.3,14,42,33.3,24,32,75.0,9,38,31,3,6,10,19,7,1,1
401584772,2024,2023-11-05,2023-11-06 02:00:00,29,Grizzlies,Memphis,MEM,45,89,50.6,13,32,40.6,9,13,69.2,10,39,27,6,7,16,18,12,1,0
401584772,2024,2023-11-05,2023-11-06 02:00:00,22,Trail Blazers,Portland,POR,37,95,38.9,14,45,31.1,12,15,80.0,16,31,23,11,5,14,21,12,0,1
401584760,2024,2023-11-04,2023-11-04 17:00:00,21,Suns,Phoenix,PHX,32,89,36.0,9,35,25.7,27,33,81.8,15,27,22,11,12,10,11,5,1,1
401584760,2024,2023-11-04,2023-11-04 17:00:00,20,76ers,Philadelphia,PHI,43,90,47.8,11,30,36.7,15,18,83.3,15,36,24,5,6,17,24,18,1,1
401584761,2024,2023-11-04,2023-11-04 23:00:00,30,Hornets,Charlotte,CHA,47,88,53.4,8,20,40.0,23,23,100.0,12,29,23,5,10,13,20,13,0,0
401584761,2024,2023-11-04,2023-11-04 23:00:00,11,Pacers,Indiana,IND,45,93,48.4,22,45,48.9,12,16,75.0,11,25,31,7,5,14,18,7,1,2
401584762,2024,2023-11-04,2023-11-04 23:00:00,13,Lakers,Los Angeles,LAL,37,84,44.0,8,30,26.7,19,21,90.5,10,30,17,6,10,17,21,4,0,2
401584762,2024,2023-11-04,2023-11-04 23:00:00,19,Magic,Orlando,ORL,46,101,45.5,12,33,36.4,16,19,84.2,19,32,29,6,9,15,18,25,1,2
401584763,2024,2023-11-04,2023-11-04 23:00:00,1,Hawks,Atlanta,ATL,45,93,48.4,14,41,34.1,19,24,79.2,19,33,28,4,6,11,16,18,2,1
401584763,2024,2023-11-04,2023-11-04 23:00:00,3,Pelicans,New Orleans,NO,40,84,47.6,8,31,25.8,17,21,81.0,9,26,24,9,7,9,15,10,2,1
401584764,2024,2023-11-04,2023-11-05 00:00:00,2,Celtics,Boston,BOS,43,90,47.8,15,45,33.3,23,27,85.2,10,40,22,4,6,11,17,14,0,2
401584764,2024,2023-11-04,2023-11-05 00:00:00,17,Nets,Brooklyn,BKN,43,100,43.0,17,52,32.7,11,17,64.7,10,32,22,4,5,5,21,5,1,1
401584765,2024,2023-11-04,2023-11-05 00:00:00,23,Kings,Sacramento,SAC,32,84,38.1,11,41,26.8,14,19,73.7,8,35,20,5,6,11,19,1,0,0
401584765,2024,2023-11-04,2023-11-05 00:00:00,10,Rockets,Houston,HOU,40,87,46.0,13,36,36.1,14,20,70.0,10,43,28,4,3,11,18,20,0,1
401584766,2024,2023-11-04,2023-11-05 00:00:00,26,Jazz,Utah,UTAH,35,91,38.5,12,43,27.9,13,17,76.5,17,22,20,3,7,18,20,5,0,1
401584766,2024,2023-11-04,2023-11-05 00:00:00,16,Timberwolves,Minnesota,MIN,45,81,55.6,9,24,37.5,24,31,77.4,9,34,25,10,11,10,23,31,1,0
401584767,2024,2023-11-04,2023-11-05 01:00:00,4,Bulls,Chicago,CHI,39,86,45.3,7,26,26.9,16,23,69.6,9,28,28,7,3,11,19,6,0,0
401584767,2024,2023-11-04,2023-11-05 01:00:00,7,Nuggets,Denver,DEN,42,81,51.9,16,36,44.4,23,30,76.7,10,39,31,10,4,11,18,23,1,2
401584089,2024,2023-11-03,2023-11-03 23:00:00,5,Cavaliers,Cleveland,CLE,44,84,52.4,8,28,28.6,20,25,80.0,5,30,27,10,9,13,20,4,0,3
401584089,2024,2023-11-03,2023-11-03 23:00:00,11,Pacers,Indiana,IND,45,86,52.3,15,31,48.4,16,24,66.7,7,33,28,7,5,18,18,18,1,0
401584090,2024,2023-11-03,2023-11-03 23:30:00,18,Knicks,New York,NY,38,96,39.6,10,39,25.6,19,25,76.0,16,40,18,6,1,10,22,6,1,1
401584090,2024,2023-11-03,2023-11-03 23:30:00,15,Bucks,Milwaukee,MIL,35,82,42.7,20,39,51.3,20,28,71.4,7,34,24,6,11,14,16,14,0,2
401584091,2024,2023-11-03,2023-11-04 00:00:00,27,Wizards,Washington,WSH,46,81,56.8,13,28,46.4,9,17,52.9,4,26,33,7,4,20,18,6,0,0
401584091,2024,2023-11-03,2023-11-04 00:00:00,14,Heat,Miami,MIA,48,80,60.0,13,27,48.1,12,14,85.7,7,30,35,9,1,19,18,25,2,0
401584092,2024,2023-11-03,2023-11-04 00:00:00,17,Nets,Brooklyn,BKN,44,96,45.8,18,45,40.0,3,5,60.0,8,31,32,4,4,8,12,10,3,0
401584092,2024,2023-11-03,2023-11-04 00:00:00,4,Bulls,Chicago,CHI,43,89,48.3,11,28,39.3,10,14,71.4,9,33,21,4,4,10,13,7,0,0
401584093,2024,2023-11-03,2023-11-04 00:00:00,9,Warriors,Golden State,GS,49,92,53.3,18,40,45.0,25,30,83.3,13,25,36,9,2,15,25,9,0,0
401584093,2024,2023-11-03,2023-11-04 00:00:00,25,Thunder,Oklahoma City,OKC,50,83,60.2,15,29,51.7,24,30,80.0,7,25,26,3,1,19,20,7,0,0
401584094,2024,2023-11-03,2023-11-04 02:00:00,6,Mavericks,Dallas,DAL,41,86,47.7,17,42,40.5,15,17,88.2,10,24,27,12,6,15,19,4,0,1
401584094,2024,2023-11-03,2023-11-04 02:00:00,7,Nuggets,Denver,DEN,49,93,52.7,13,30,43.3,14,19,73.7,19,32,33,11,6,17,17,20,3,2
401584095,2024,2023-11-03,2023-11-04 02:00:00,29,Grizzlies,Memphis,MEM,47,96,49.0,10,35,28.6,9,13,69.2,7,41,29,8,10,17,25,11,0,2
401584095,2024,2023-11-03,2023-11-04 02:00:00,22,Trail Blazers,Portland,POR,39,96,40.6,9,32,28.1,28,36,77.8,15,35,19,12,7,14,15,7,0,0
401584756,2024,2023-11-02,2023-11-02 23:00:00,28,Raptors,Toronto,TOR,38,79,48.1,10,28,35.7,13,19,68.4,9,32,30,4,3,19,20,6,0,5
401584756,2024,2023-11-02,2023-11-02 23:00:00,20,76ers,Philadelphia,PHI,42,92,45.7,9,25,36.0,21,25,84.0,15,31,21,12,3,14,19,18,0,3
401584757,2024,2023-11-02,2023-11-03 00:00:00,8,Pistons,Detroit,DET,41,94,43.6,13,38,34.2,21,26,80.8,19,29,30,4,5,16,31,2,0,2
401584757,2024,2023-11-02,2023-11-03 00:00:00,3,Pelicans,New Orleans,NO,39,80,48.8,14,32,43.8,33,35,94.3,7,29,27,5,7,12,18,25,0,1
401584758,2024,2023-11-02,2023-11-03 01:00:00,19,Magic,Orlando,ORL,39,85,45.9,10,29,34.5,27,36,75.0,10,33,27,17,9,17,25,14,0,1
401584758,2024,2023-11-02,2023-11-03 01:00:00,26,Jazz,Utah,UTAH,41,89,46.1,12,33,36.4,19,26,73.1,13,35,27,9,7,20,27,10,0,1
401584759,2024,2023-11-02,2023-11-03 02:00:00,24,Spurs,San Antonio,SA,51,98,52.0,18,37,48.6,12,13,92.3,9,32,37,7,5,8,21,27,0,0
401584759,2024,2023-11-02,2023-11-03 02:00:00,21,Suns,Phoenix,PHX,43,80,53.8,16,32,50.0,19,26,73.1,5,29,26,5,4,14,15,0,0,2
401584743,2024,2023-11-01,2023-11-01 23:00:00,22,Trail Blazers,Portland,POR,38,81,46.9,7,20,35.0,27,33,81.8,7,37,23,10,7,17,15,9,0,0
401584743,2024,2023-11-01,2023-11-01 23:00:00,8,Pistons,Detroit,DET,40,90,44.4,11,29,37.9,10,11,90.9,6,32,24,12,4,18,31,18,0,1
401584744,2024,2023-11-01,2023-11-01 23:00:00,15,Bucks,Milwaukee,MIL,35,76,46.1,13,34,38.2,28,38,73.7,7,22,19,9,2,12,17,0,0,2
401584744,2024,2023-11-01,2023-11-01 23:00:00,28,Raptors,Toronto,TOR,51,91,56.0,15,38,39.5,13,14,92.9,15,35,35,7,6,16,25,27,2,0
401584745,2024,2023-11-01,2023-11-01 23:30:00,27,Wizards,Washington,WSH,51,101,50.5,10,40,25.0,9,14,64.3,6,29,32,14,3,11,25,10,0,0
401584745,2024,2023-11-01,2023-11-01 23:30:00,1,Hawks,Atlanta,ATL,46,92,50.0,9,32,28.1,29,32,90.6,14,43,26,8,3,20,16,26,1,1
401584746,2024,2023-11-01,2023-11-01 23:30:00,11,Pacers,Indiana,IND,46,101,45.5,5,37,13.5,7,12,58.3,8,23,26,6,6,9,20,2,0,0
401584746,2024,2023-11-01,2023-11-01 23:30:00,2,Celtics,Boston,BOS,54,95,56.8,20,35,57.1,27,28,96.4,11,46,27,5,2,11,19,53,2,0
401584747,2024,2023-11-01,2023-11-01 23:30:00,17,Nets,Brooklyn,BKN,37,82,45.1,16,36,44.4,19,26,73.1,7,40,27,11,4,18,18,7,0,1
401584747,2024,2023-11-01,2023-11-01 23:30:00,14,Heat,Miami,MIA,39,91,42.9,13,38,34.2,14,18,77.8,11,35,22,10,5,16,20,16,2,0
401584748,2024,2023-11-01,2023-11-01 23:30:00,5,Cavaliers,Cleveland,CLE,32,74,43.2,12,32,37.5,19,20,95.0,6,40,22,7,5,18,27,9,0,1
401584748,2024,2023-11-01,2023-11-01 23:30:00,18,Knicks,New York,NY,32,92,34.8,5,30,16.7,20,30,66.7,16,34,18,10,3,13,16,5,1,0
401584749,2024,2023-11-01,2023-11-01 23:30:00,3,Pelicans,New Orleans,NO,40,102,39.2,13,42,31.0,17,29,58.6,22,36,23,8,5,10,20,12,1,0
401584749,2024,2023-11-01,2023-11-01 23:30:00,25,Thunder,Oklahoma City,OKC,38,88,43.2,7,34,20.6,23,25,92.0,6,43,23,6,5,14,24,22,1,1
401584750,2024,2023-11-01,2023-11-02 00:00:00,30,Hornets,Charlotte,CHA,45,90,50.0,11,27,40.7,18,25,72.0,15,29,21,9,8,16,19,6,0,2
401584750,2024,2023-11-01,2023-11-02 00:00:00,10,Rockets,Houston,HOU,44,84,52.4,21,37,56.8,19,23,82.6,7,31,35,10,2,17,22,18,0,1
401584751,2024,2023-11-01,2023-11-02 00:00:00,7,Nuggets,Denver,DEN,38,96,39.6,6,33,18.2,7,10,70.0,12,31,23,6,10,15,22,0,1,0
401584751,2024,2023-11-01,2023-11-02 00:00:00,16,Timberwolves,Minnesota,MIN,38,83,45.8,8,21,38.1,26,27,96.3,8,39,20,9,5,13,15,23,1,2
401584752,2024,2023-11-01,2023-11-02 00:30:00,4,Bulls,Chicago,CHI,42,89,47.2,11,33,33.3,10,11,90.9,12,31,19,10,3,13,23,6,0,1
401584752,2024,2023-11-01,2023-11-02 00:30:00,6,Mavericks,Dallas,DAL,37,81,45.7,20,48,41.7,20,28,71.4,13,32,23,7,2,13,11,10,2,1
401584753,2024,2023-11-01,2023-11-02 01:00:00,29,Grizzlies,Memphis,MEM,35,96,36.5,14,54,25.9,25,32,78.1,14,28,25,12,7,15,22,0,1,1
401584753,2024,2023-11-01,2023-11-02 01:00:00,26,Jazz,Utah,UTAH,47,87,54.0,22,43,51.2,17,24,70.8,10,40,35,7,3,21,22,35,0,1
401584754,2024,2023-11-01,2023-11-02 02:00:00,23,Kings,Sacramento,SAC,36,88,40.9,11,35,31.4,18,23,78.3,14,34,24,8,4,12,17,11,3,1
401584754,2024,2023-11-01,2023-11-02 02:00:00,9,Warriors,Golden State,GS,39,81,48.1,11,31,35.5,13,15,86.7,7,29,32,5,6,17,17,9,1,1
401584755,2024,2023-11-01,2023-11-02 02:00:00,12,Clippers,LA,LAC,47,99,47.5,14,34,41.2,17,27,63.0,12,34,22,12,1,13,31,19,0,0
401584755,2024,2023-11-01,2023-11-02 02:00:00,13,Lakers,Los Angeles,LAL,46,90,51.1,11,32,34.4,27,36,75.0,9,42,28,10,9,14,24,9,0,2
401584740,2024,2023-10-31,2023-10-31 23:30:00,18,Knicks,New York,NY,38,86,44.2,13,34,38.2,20,25,80.0,12,36,18,9,1,14,17,23,0,0
401584740,2024,2023-10-31,2023-10-31 23:30:00,5,Cavaliers,Cleveland,CLE,36,92,39.1,10,38,26.3,9,12,75.0,14,32,19,6,6,15,19,2,0,1
401584741,2024,2023-10-31,2023-11-01 02:00:00,24,Spurs,San Antonio,SA,43,92,46.7,14,37,37.8,15,20,75.0,8,29,25,10,9,12,17,1,0,0
401584741,2024,2023-10-31,2023-11-01 02:00:00,21,Suns,Phoenix,PHX,42,83,50.6,18,39,46.2,12,15,80.0,6,37,29,8,7,19,18,20,0,1
401584742,2024,2023-10-31,2023-11-01 02:30:00,19,Magic,Orlando,ORL,38,81,46.9,7,30,23.3,19,33,57.6,7,33,23,9,3,16,24,9,0,0
401584742,2024,2023-10-31,2023-11-01 02:30:00,12,Clippers,LA,LAC,44,89,49.4,14,31,45.2,16,23,69.6,9,35,29,10,4,16,26,20,0,0
401584729,2024,2023-10-30,2023-10-30 23:00:00,17,Nets,Brooklyn,BKN,49,87,56.3,12,33,36.4,23,32,71.9,10,36,25,4,8,13,19,21,1,1
401584729,2024,2023-10-30,2023-10-30 23:00:00,30,Hornets,Charlotte,CHA,47,96,49.0,8,31,25.8,19,20,95.0,8,31,33,8,5,9,23,0,1,0
401584730,2024,2023-10-30,2023-10-30 23:00:00,4,Bulls,Chicago,CHI,40,87,46.0,6,17,35.3,26,31,83.9,10,34,19,8,6,13,17,7,0,1
401584730,2024,2023-10-30,2023-10-30 23:00:00,11,Pacers,Indiana,IND,36,88,40.9,12,46,26.1,21,25,84.0,11,36,26,7,5,17,24,8,0,1
401584731,2024,2023-10-30,2023-10-30 23:00:00,2,Celtics,Boston,BOS,51,102,50.0,19,53,35.8,5,7,71.4,15,36,31,11,6,17,21,37,1,0
401584731,2024,2023-10-30,2023-10-30 23:00:00,27,Wizards,Washington,WSH,39,87,44.8,11,36,30.6,18,26,69.2,11,29,26,12,4,15,13,0,0,0
401584732,2024,2023-10-30,2023-10-30 23:30:00,16,Timberwolves,Minnesota,MIN,44,90,48.9,16,33,48.5,9,15,60.0,10,28,24,5,5,10,17,21,4,2
401584732,2024,2023-10-30,2023-10-30 23:30:00,1,Hawks,Atlanta,ATL,48,86,55.8,14,30,46.7,17,18,94.4,4,32,28,6,7,9,12,19,2,1
401584733,2024,2023-10-30,2023-10-30 23:30:00,22,Trail Blazers,Portland,POR,38,85,44.7,11,35,31.4,12,15,80.0,13,38,20,6,7,14,19,8,2,0
401584733,2024,2023-10-30,2023-10-30 23:30:00,28,Raptors,Toronto,TOR,38,94,40.4,4,29,13.8,11,15,73.3,14,33,19,10,4,11,17,7,1,0
401584734,2024,2023-10-30,2023-10-31 00:00:00,6,Mavericks,Dallas,DAL,42,84,50.0,23,47,48.9,18,24,75.0,6,42,24,4,7,15,17,17,0,1
401584734,2024,2023-10-30,2023-10-31 00:00:00,29,Grizzlies,Memphis,MEM,42,92,45.7,14,37,37.8,12,20,60.0,10,34,22,9,4,12,22,8,0,0
401584735,2024,2023-10-30,2023-10-31 00:00:00,14,Heat,Miami,MIA,41,86,47.7,13,34,38.2,19,20,95.0,7,33,27,7,2,14,20,5,1,0
401584735,2024,2023-10-30,2023-10-31 00:00:00,15,Bucks,Milwaukee,MIL,44,87,50.6,12,37,32.4,22,30,73.3,9,34,24,8,5,14,23,25,1,0
401584736,2024,2023-10-30,2023-10-31 00:00:00,9,Warriors,Golden State,GS,51,98,52.0,15,41,36.6,13,20,65.0,21,43,28,6,7,14,21,29,1,1
401584736,2024,2023-10-30,2023-10-31 00:00:00,3,Pelicans,New Orleans,NO,38,93,40.9,10,39,25.6,16,26,61.5,14,25,23,8,3,11,18,5,0,2
401584737,2024,2023-10-30,2023-10-31 00:00:00,8,Pistons,Detroit,DET,39,91,42.9,15,28,53.6,19,24,79.2,13,28,31,6,5,16,25,1,1,1
401584737,2024,2023-10-30,2023-10-31 00:00:00,25,Thunder,Oklahoma City,OKC,44,83,53.0,13,29,44.8,23,28,82.1,6,38,21,9,10,15,19,21,0,1
401584738,2024,2023-10-30,2023-10-31 01:00:00,26,Jazz,Utah,UTAH,42,98,42.9,11,37,29.7,7,15,46.7,17,34,30,6,2,12,21,1,1,0
401584738,2024,2023-10-30,2023-10-31 01:00:00,7,Nuggets,Denver,DEN,47,84,56.0,9,28,32.1,7,17,41.2,7,36,32,4,8,12,14,17,1,0
401584739,2024,2023-10-30,2023-10-31 02:30:00,19,Magic,Orlando,ORL,38,95,40.0,14,35,40.0,13,18,72.2,12,32,28,10,3,11,22,8,0,1
401584739,2024,2023-10-30,2023-10-31 02:30:00,13,Lakers,Los Angeles,LAL,42,79,53.2,8,27,29.6,14,18,77.8,3,37,28,7,10,16,17,11,0,0
401584723,2024,2023-10-29,2023-10-29 19:30:00,7,Nuggets,Denver,DEN,53,88,60.2,11,27,40.7,11,13,84.6,10,38,34,8,5,13,21,35,0,0
401584723,2024,2023-10-29,2023-10-29 19:30:00,25,Thunder,Oklahoma City,OKC,37,90,41.1,6,32,18.8,15,18,83.3,7,22,22,8,4,9,14,1,1,0
401584724,2024,2023-10-29,2023-10-29 23:00:00,9,Warriors,Golden State,GS,35,81,43.2,18,45,40.0,18,23,78.3,8,41,27,6,6,14,18,16,0,0
401584724,2024,2023-10-29,2023-10-29 23:00:00,10,Rockets,Houston,HOU,34,90,37.8,9,33,27.3,18,19,94.7,10,32,22,7,4,7,20,6,0,0
401584725,2024,2023-10-29,2023-10-29 23:00:00,1,Hawks,Atlanta,ATL,47,93,50.5,15,37,40.5,18,22,81.8,13,33,32,15,2,17,17,31,0,0
401584725,2024,2023-10-29,2023-10-29 23:00:00,15,Bucks,Milwaukee,MIL,39,86,45.3,16,44,36.4,16,20,80.0,12,27,22,10,3,23,22,0,0,1
401584726,2024,2023-10-29,2023-10-29 23:30:00,22,Trail Blazers,Portland,POR,36,94,38.3,7,31,22.6,19,22,86.4,14,28,19,10,9,15,26,6,1,0
401584726,2024,2023-10-29,2023-10-29 23:30:00,20,76ers,Philadelphia,PHI,40,82,48.8,11,28,39.3,35,40,87.5,11,40,28,10,17,15,20,31,1,1
401584727,2024,2023-10-29,2023-10-30 01:00:00,24,Spurs,San Antonio,SA,30,80,37.5,11,33,33.3,12,16,75.0,6,31,21,9,6,25,23,3,0,0
401584727,2024,2023-10-29,2023-10-30 01:00:00,12,Clippers,LA,LAC,47,91,51.6,16,42,38.1,13,21,61.9,9,39,23,15,5,16,16,41,0,1
401584728,2024,2023-10-29,2023-10-30 01:00:00,13,Lakers,Los Angeles,LAL,43,98,43.9,15,45,33.3,26,34,76.5,8,45,27,4,4,12,22,5,0,1
401584728,2024,2023-10-29,2023-10-30 01:00:00,23,Kings,Sacramento,SAC,49,104,47.1,17,48,35.4,17,24,70.8,6,41,30,6,7,10,28,15,0,0
401584716,2024,2023-10-28,2023-10-28 23:00:00,4,Bulls,Chicago,CHI,39,93,41.9,11,28,39.3,13,16,81.3,13,20,16,10,5,8,20,4,0,1
401584716,2024,2023-10-28,2023-10-28 23:00:00,8,Pistons,Detroit,DET,45,86,52.3,12,28,42.9,16,20,80.0,15,38,29,4,4,15,18,19,2,3
401584717,2024,2023-10-28,2023-10-28 23:00:00,29,Grizzlies,Memphis,MEM,39,91,42.9,19,47,40.4,9,9,100.0,6,39,27,7,8,16,21,7,2,0
401584717,2024,2023-10-28,2023-10-28 23:00:00,27,Wizards,Washington,WSH,40,93,43.0,16,46,34.8,17,22,77.3,11,34,25,9,5,11,15,25,1,0
401584718,2024,2023-10-28,2023-10-28 23:00:00,18,Knicks,New York,NY,33,90,36.7,7,37,18.9,14,18,77.8,16,43,19,7,3,18,17,2,1,1
401584718,2024,2023-10-28,2023-10-28 23:00:00,3,Pelicans,New Orleans,NO,40,87,46.0,9,33,27.3,7,16,43.8,4,39,20,8,5,13,22,19,0,0
401584719,2024,2023-10-28,2023-10-28 23:30:00,11,Pacers,Indiana,IND,48,98,49.0,15,38,39.5,14,17,82.4,11,37,36,3,4,7,20,15,1,1
401584719,2024,2023-10-28,2023-10-28 23:30:00,5,Cavaliers,Cleveland,CLE,43,99,43.4,12,31,38.7,15,24,62.5,18,33,29,2,6,6,16,15,1,1
401584720,2024,2023-10-28,2023-10-28 23:30:00,20,76ers,Philadelphia,PHI,43,86,50.0,10,28,35.7,18,21,85.7,9,33,25,8,7,9,18,14,2,1
401584720,2024,2023-10-28,2023-10-28 23:30:00,28,Raptors,Toronto,TOR,38,87,43.7,17,32,53.1,14,19,73.7,13,28,28,5,5,13,19,12,0,1
401584721,2024,2023-10-28,2023-10-29 00:00:00,14,Heat,Miami,MIA,35,87,40.2,12,38,31.6,8,14,57.1,9,33,24,6,1,14,12,8,1,0
401584721,2024,2023-10-28,2023-10-29 00:00:00,16,Timberwolves,Minnesota,MIN,44,86,51.2,12,34,35.3,6,8,75.0,7,40,30,9,3,14,17,23,2,0
401584722,2024,2023-10-28,2023-10-29 02:00:00,26,Jazz,Utah,UTAH,40,91,44.0,12,37,32.4,12,14,85.7,15,30,26,6,5,18,20,4,1,1
401584722,2024,2023-10-28,2023-10-29 02:00:00,21,Suns,Phoenix,PHX,45,85,52.9,10,37,27.0,26,28,92.9,7,32,31,10,7,11,19,33,0,1
401584705,2024,2023-10-27,2023-10-27 23:00:00,8,Pistons,Detroit,DET,40,88,45.5,10,30,33.3,21,25,84.0,12,41,28,7,6,23,29,15,1,2
401584705,2024,2023-10-27,2023-10-27 23:00:00,30,Hornets,Charlotte,CHA,33,88,37.5,7,28,25.0,26,34,76.5,11,30,20,13,7,18,23,2,0,3
401584706,2024,2023-10-27,2023-10-27 23:00:00,7,Nuggets,Denver,DEN,41,88,46.6,14,37,37.8,12,18,66.7,6,33,27,11,9,17,18,12,2,0
401584706,2024,2023-10-27,2023-10-27 23:00:00,29,Grizzlies,Memphis,MEM,37,84,44.0,10,33,30.3,20,24,83.3,13,35,22,13,7,20,23,2,1,0
401584707,2024,2023-10-27,2023-10-27 23:30:00,18,Knicks,New York,NY,43,90,47.8,20,44,45.5,20,28,71.4,12,33,30,9,6,16,21,11,0,0
401584707,2024,2023-10-27,2023-10-27 23:30:00,1,Hawks,Atlanta,ATL,42,87,48.3,12,32,37.5,24,30,80.0,9,35,28,7,6,14,20,1,0,0
401584708,2024,2023-10-27,2023-10-27 23:30:00,14,Heat,Miami,MIA,38,89,42.7,16,33,48.5,19,23,82.6,11,34,24,8,6,12,16,13,0,0
401584708,2024,2023-10-27,2023-10-27 23:30:00,2,Celtics,Boston,BOS,45,95,47.4,16,39,41.0,13,19,68.4,16,39,20,7,6,15,19,8,0,2
401584709,2024,2023-10-27,2023-10-27 23:30:00,25,Thunder,Oklahoma City,OKC,40,87,46.0,13,26,50.0,15,19,78.9,6,41,22,8,10,18,17,15,0,0
401584709,2024,2023-10-27,2023-10-27 23:30:00,5,Cavaliers,Cleveland,CLE,38,92,41.3,12,45,26.7,17,23,73.9,8,40,20,10,8,13,16,10,1,2
401584710,2024,2023-10-27,2023-10-28 00:00:00,28,Raptors,Toronto,TOR,39,84,46.4,9,36,25.0,16,25,64.0,8,45,25,5,2,21,29,17,2,0
401584710,2024,2023-10-27,2023-10-28 00:00:00,4,Bulls,Chicago,CHI,37,99,37.4,8,39,20.5,22,28,78.6,15,37,18,10,5,16,22,19,1,1
401584711,2024,2023-10-27,2023-10-28 00:00:00,10,Rockets,Houston,HOU,52,100,52.0,8,32,25.0,10,20,50.0,11,32,30,7,2,18,26,10,0,2
401584711,2024,2023-10-27,2023-10-28 00:00:00,24,Spurs,San Antonio,SA,46,94,48.9,13,42,31.0,21,28,75.0,12,31,32,11,4,18,17,6,0,0
401584712,2024,2023-10-27,2023-10-28 00:30:00,17,Nets,Brooklyn,BKN,45,92,48.9,21,43,48.8,9,10,90.0,10,37,30,5,4,15,28,7,1,0
401584712,2024,2023-10-27,2023-10-28 00:30:00,6,Mavericks,Dallas,DAL,44,91,48.4,15,36,41.7,22,28,78.6,8,32,20,5,2,9,15,5,0,1
401584713,2024,2023-10-27,2023-10-28 01:30:00,12,Clippers,LA,LAC,41,77,53.2,14,35,40.0,22,28,78.6,6,30,17,8,6,14,22,4,2,0
401584713,2024,2023-10-27,2023-10-28 01:30:00,26,Jazz,Utah,UTAH,42,96,43.8,16,41,39.0,20,22,90.9,17,28,27,7,4,14,24,14,0,0
401584714,2024,2023-10-27,2023-10-28 02:00:00,19,Magic,Orlando,ORL,36,79,45.6,9,28,32.1,21,32,65.6,10,35,22,10,5,14,16,13,0,2
401584714,2024,2023-10-27,2023-10-28 02:00:00,22,Trail Blazers,Portland,POR,35,88,39.8,9,32,28.1,18,21,85.7,15,32,15,6,1,16,24,5,0,0
401584715,2024,2023-10-27,2023-10-28 02:00:00,9,Warriors,Golden State,GS,48,87,55.2,14,32,43.8,12,14,85.7,7,32,32,14,3,19,24,18,0,2
401584715,2024,2023-10-27,2023-10-28 02:00:00,23,Kings,Sacramento,SAC,41,94,43.6,12,40,30.0,20,29,69.0,10,31,24,10,3,14,16,11,0,0
401584703,2024,2023-10-26,2023-10-26 23:30:00,20,76ers,Philadelphia,PHI,41,80,51.2,16,35,45.7,19,28,67.9,4,35,25,8,4,15,28,8,0,0
401584703,2024,2023-10-26,2023-10-26 23:30:00,15,Bucks,Milwaukee,MIL,41,81,50.6,11,30,36.7,25,36,69.4,8,35,20,9,4,14,23,19,0,0
401584704,2024,2023-10-26,2023-10-27 02:00:00,21,Suns,Phoenix,PHX,34,81,42.0,9,31,29.0,18,23,78.3,10,39,16,7,3,20,21,12,4,1
401584704,2024,2023-10-26,2023-10-27 02:00:00,13,Lakers,Los Angeles,LAL,36,84,42.9,5,29,17.2,23,29,79.3,8,34,24,14,7,16,23,7,0,0
401584691,2024,2023-10-25,2023-10-25 23:00:00,1,Hawks,Atlanta,ATL,39,93,41.9,5,29,17.2,27,33,81.8,12,30,24,12,1,12,19,11,0,0
401584691,2024,2023-10-25,2023-10-25 23:00:00,30,Hornets,Charlotte,CHA,43,86,50.0,11,37,29.7,19,26,73.1,12,39,34,5,3,19,21,7,0,0
401584692,2024,2023-10-25,2023-10-25 23:00:00,27,Wizards,Washington,WSH,44,96,45.8,9,24,37.5,23,29,79.3,11,34,28,6,9,14,11,9,0,0
401584692,2024,2023-10-25,2023-10-25 23:00:00,11,Pacers,Indiana,IND,56,107,52.3,20,43,46.5,11,12,91.7,10,41,38,10,8,12,23,25,0,0
401584693,2024,2023-10-25,2023-10-25 23:00:00,2,Celtics,Boston,BOS,37,77,48.1,12,39,30.8,22,26,84.6,7,39,18,6,11,13,22,12,0,3
401584693,2024,2023-10-25,2023-10-25 23:00:00,18,Knicks,New York,NY,36,97,37.1,18,41,43.9,14,26,53.8,17,30,24,9,0,9,22,6,2,2
401584694,2024,2023-10-25,2023-10-25 23:00:00,10,Rockets,Houston,HOU,32,79,40.5,12,34,35.3,10,16,62.5,7,24,19,6,3,18,24,3,1,0
401584694,2024,2023-10-25,2023-10-25 23:00:00,19,Magic,Orlando,ORL,42,87,48.3,9,34,26.5,23,26,88.5,17,40,19,8,6,14,20,30,2,1
401584695,2024,2023-10-25,2023-10-25 23:30:00,5,Cavaliers,Cleveland,CLE,44,94,46.8,17,43,39.5,9,10,90.0,9,29,25,10,6,10,23,13,0,2
401584695,2024,2023-10-25,2023-10-25 23:30:00,17,Nets,Brooklyn,BKN,42,84,50.0,9,27,33.3,20,26,76.9,13,37,30,6,6,17,16,6,1,0
401584696,2024,2023-10-25,2023-10-25 23:30:00,8,Pistons,Detroit,DET,41,92,44.6,11,32,34.4,9,15,60.0,17,39,28,3,13,16,23,7,1,0
401584696,2024,2023-10-25,2023-10-25 23:30:00,14,Heat,Miami,MIA,37,92,40.2,8,22,36.4,21,26,80.8,16,32,22,11,3,7,18,19,0,1
401584697,2024,2023-10-25,2023-10-25 23:30:00,16,Timberwolves,Minnesota,MIN,34,100,34.0,8,31,25.8,18,22,81.8,16,46,20,8,9,14,14,6,0,0
401584697,2024,2023-10-25,2023-10-25 23:30:00,28,Raptors,Toronto,TOR,36,90,40.0,14,35,40.0,11,16,68.8,8,39,27,9,11,14,18,10,0,0
401584698,2024,2023-10-25,2023-10-26 00:00:00,25,Thunder,Oklahoma City,OKC,45,82,54.9,19,39,48.7,15,18,83.3,5,38,30,6,4,15,19,21,1,1
401584698,2024,2023-10-25,2023-10-26 00:00:00,4,Bulls,Chicago,CHI,39,94,41.5,12,42,28.6,14,18,77.8,13,29,26,10,3,12,16,4,1,2
401584699,2024,2023-10-25,2023-10-26 00:00:00,3,Pelicans,New Orleans,NO,40,85,47.1,14,32,43.8,17,22,77.3,11,41,22,8,5,21,21,17,0,0
401584699,2024,2023-10-25,2023-10-26 00:00:00,29,Grizzlies,Memphis,MEM,38,91,41.8,12,43,27.9,16,20,80.0,8,29,23,8,7,13,19,8,0,1
401584700,2024,2023-10-25,2023-10-26 01:00:00,23,Kings,Sacramento,SAC,47,102,46.1,19,51,37.3,17,20,85.0,15,30,29,6,8,11,25,23,1,1
401584700,2024,2023-10-25,2023-10-26 01:00:00,26,Jazz,Utah,UTAH,41,91,45.1,9,28,32.1,23,31,74.2,16,38,22,6,2,14,20,1,0,2
401584701,2024,2023-10-25,2023-10-26 01:30:00,6,Mavericks,Dallas,DAL,47,99,47.5,15,47,31.9,17,23,73.9,13,35,24,6,3,12,20,7,0,1
401584701,2024,2023-10-25,2023-10-26 01:30:00,24,Spurs,San Antonio,SA,46,89,51.7,11,35,31.4,16,22,72.7,9,36,33,8,5,19,23,12,0,0
401584702,2024,2023-10-25,2023-10-26 02:30:00,22,Trail Blazers,Portland,POR,44,93,47.3,10,32,31.3,13,17,76.5,15,25,20,10,4,17,20,0,1,0
401584702,2024,2023-10-25,2023-10-26 02:30:00,12,Clippers,LA,LAC,47,90,52.2,16,34,47.1,13,16,81.3,14,31,36,11,7,17,20,30,1,0
401584689,2024,2023-10-24,2023-10-24 23:30:00,13,Lakers,Los Angeles,LAL,41,90,45.6,10,29,34.5,15,20,75.0,13,31,23,5,4,11,18,4,1,0
401584689,2024,2023-10-24,2023-10-24 23:30:00,7,Nuggets,Denver,DEN,48,91,52.7,14,34,41.2,9,12,75.0,9,33,29,9,6,11,15,18,1,1
401584690,2024,2023-10-24,2023-10-25 02:00:00,21,Suns,Phoenix,PHX,42,95,44.2,11,33,33.3,13,17,76.5,17,43,23,5,7,19,22,15,0,0
401584690,2024,2023-10-24,2023-10-25 02:00:00,9,Warriors,Golden State,GS,36,101,35.6,10,43,23.3,22,28,78.6,18,31,19,11,6,11,23,8,0,0
