game_id,season,game_date,team_name,team_location,team_abbr,home_away,player_id,player_name,position,starter,did_not_play,minutes,pts,reb,ast,stl,blk,tov,fg_made,fg_att,threes_made,threes_att,ft_made,ft_att,plus_minus,source
401902644,2026,2026-10-03,Heat,Miami,MIA,away,3032977,Giannis Antetokounmpo,F,True,False,14.0,9.0,4.0,7.0,0.0,0.0,2.0,,,,,,,4.0,espn_api
401902644,2026,2026-10-03,Heat,Miami,MIA,away,3059319,Andrew Wiggins,F,True,False,13.0,12.0,1.0,0.0,1.0,0.0,0.0,,,,,,,5.0,espn_api
401902644,2026,2026-10-03,Heat,Miami,MIA,away,4066261,Bam Adebayo,C,True,False,13.0,10.0,6.0,0.0,0.0,0.0,2.0,,,,,,,5.0,espn_api
401902644,2026,2026-10-03,Heat,Miami,MIA,away,6475,Klay Thompson,G,True,False,13.0,0.0,2.0,0.0,0.0,0.0,1.0,,,,,,,5.0,espn_api
401902644,2026,2026-10-03,Heat,Miami,MIA,away,4278053,Davion Mitchell,G,True,False,13.0,3.0,1.0,4.0,1.0,0.0,2.0,,,,,,,5.0,espn_api
401902644,2026,2026-10-03,Heat,Miami,MIA,away,3064482,Bobby Portis,F,False,False,11.0,4.0,3.0,2.0,0.0,0.0,1.0,,,,,,,16.0,espn_api
401902644,2026,2026-10-03,Heat,Miami,MIA,away,3899664,Simone Fontecchio,F,False,False,11.0,4.0,2.0,1.0,0.0,1.0,2.0,,,,,,,16.0,espn_api
401902644,2026,2026-10-03,Heat,Miami,MIA,away,4431772,Myron Gardner,F,False,False,14.0,7.0,5.0,2.0,2.0,1.0,2.0,,,,,,,4.0,espn_api
401902644,2026,2026-10-03,Heat,Miami,MIA,away,4693954,Ian Schieffelin,F,False,False,10.0,11.0,3.0,1.0,0.0,0.0,0.0,,,,,,,8.0,espn_api
401902644,2026,2026-10-03,Heat,Miami,MIA,away,4702784,J'Vonne Hadley,F,False,False,10.0,2.0,6.0,0.0,1.0,0.0,0.0,,,,,,,-1.0,espn_api
401902644,2026,2026-10-03,Heat,Miami,MIA,away,4997528,Nikola Jovic,F,False,False,17.0,11.0,7.0,4.0,0.0,2.0,2.0,,,,,,,11.0,espn_api
401902644,2026,2026-10-03,Heat,Miami,MIA,away,4278076,Nick Richards,C,False,False,10.0,0.0,7.0,0.0,0.0,2.0,2.0,,,,,,,-7.0,espn_api
401902644,2026,2026-10-03,Heat,Miami,MIA,away,4700818,Vladislav Goldin,C,False,False,7.0,6.0,1.0,0.0,0.0,0.0,1.0,,,,,,,1.0,espn_api
401902644,2026,2026-10-03,Heat,Miami,MIA,away,2528210,Tim Hardaway Jr.,G,False,False,11.0,14.0,0.0,0.0,0.0,0.0,1.0,,,,,,,16.0,espn_api
401902644,2026,2026-10-03,Heat,Miami,MIA,away,4431720,Lester Quinones,G,False,False,9.0,0.0,1.0,0.0,0.0,0.0,1.0,,,,,,,5.0,espn_api
401902644,2026,2026-10-03,Heat,Miami,MIA,away,4601025,Pelle Larsson,G,False,False,11.0,13.0,2.0,2.0,2.0,0.0,1.0,,,,,,,16.0,espn_api
401902644,2026,2026-10-03,Heat,Miami,MIA,away,4837356,Tre Donaldson,G,False,False,16.0,6.0,0.0,3.0,1.0,1.0,2.0,,,,,,,-1.0,espn_api
401902644,2026,2026-10-03,Heat,Miami,MIA,away,4898237,Bez Mbeng,G,False,False,18.0,11.0,3.0,3.0,1.0,0.0,2.0,,,,,,,11.0,espn_api
401902644,2026,2026-10-03,Heat,Miami,MIA,away,5107157,Ryan Conwell,G,False,False,18.0,6.0,1.0,2.0,0.0,0.0,1.0,,,,,,,1.0,espn_api
401902644,2026,2026-10-03,Raptors,Toronto,TOR,home,4395625,RJ Barrett,F,True,False,17.0,15.0,3.0,1.0,1.0,0.0,1.0,,,,,,,7.0,espn_api
401902644,2026,2026-10-03,Raptors,Toronto,TOR,home,4433134,Scottie Barnes,F,True,False,12.0,11.0,2.0,2.0,3.0,0.0,3.0,,,,,,,-16.0,espn_api
401902644,2026,2026-10-03,Raptors,Toronto,TOR,home,3134908,Jakob Poeltl,C,True,False,18.0,9.0,1.0,1.0,2.0,1.0,1.0,,,,,,,8.0,espn_api
401902644,2026,2026-10-03,Raptors,Toronto,TOR,home,4395724,Immanuel Quickley,G,True,False,12.0,5.0,2.0,3.0,1.0,0.0,1.0,,,,,,,-8.0,espn_api
401902644,2026,2026-10-03,Raptors,Toronto,TOR,home,4684272,Ja'Kobe Walter,G,True,False,18.0,8.0,5.0,1.0,0.0,0.0,1.0,,,,,,,8.0,espn_api
401902644,2026,2026-10-03,Raptors,Toronto,TOR,home,5093267,Collin Murray-Boyles,F,False,False,20.0,6.0,9.0,1.0,0.0,0.0,0.0,,,,,,,-7.0,espn_api
401902644,2026,2026-10-03,Raptors,Toronto,TOR,home,4279143,Tyreke Key,G,False,False,16.0,15.0,1.0,0.0,0.0,0.0,1.0,,,,,,,-11.0,espn_api
401902644,2026,2026-10-03,Raptors,Toronto,TOR,home,4397784,Malachi Smith,G,False,False,31.0,7.0,5.0,2.0,2.0,0.0,3.0,,,,,,,-31.0,espn_api
401902644,2026,2026-10-03,Raptors,Toronto,TOR,home,4432241,Jamal Shead,G,False,False,28.0,3.0,5.0,7.0,3.0,1.0,2.0,,,,,,,-17.0,espn_api
401902644,2026,2026-10-03,Raptors,Toronto,TOR,home,4432737,Jaden Bradley,G,False,False,20.0,9.0,3.0,2.0,1.0,0.0,0.0,,,,,,,-20.0,espn_api
401902644,2026,2026-10-03,Raptors,Toronto,TOR,home,4433138,Nimari Burnett,G,False,False,24.0,6.0,3.0,3.0,1.0,0.0,4.0,,,,,,,-20.0,espn_api
401902644,2026,2026-10-03,Raptors,Toronto,TOR,home,4590360,Chucky Hepburn,G,False,False,25.0,11.0,4.0,2.0,3.0,0.0,2.0,,,,,,,-13.0,espn_api
401914127,2026,2026-10-04,Jazz,Utah,UTAH,away,4066336,Lauri Markkanen,F,True,False,14.0,17.0,2.0,0.0,1.0,0.0,1.0,,,,,,,11.0,espn_api
401914127,2026,2026-10-04,Jazz,Utah,UTAH,away,4277961,Jaren Jackson Jr.,F,True,False,18.0,11.0,4.0,2.0,0.0,0.0,1.0,,,,,,,4.0,espn_api
401914127,2026,2026-10-04,Jazz,Utah,UTAH,away,3102530,Jusuf Nurkic,C,True,False,11.0,4.0,5.0,4.0,1.0,1.0,0.0,,,,,,,3.0,espn_api
401914127,2026,2026-10-04,Jazz,Utah,UTAH,away,4433627,Keyonte George,G,True,False,21.0,15.0,4.0,3.0,0.0,0.0,1.0,,,,,,,6.0,espn_api
401914127,2026,2026-10-04,Jazz,Utah,UTAH,away,5041955,Darryn Peterson,G,True,False,19.0,3.0,6.0,2.0,1.0,0.0,2.0,,,,,,,-2.0,espn_api
401914127,2026,2026-10-04,Jazz,Utah,UTAH,away,4396963,Blake Hinson,F,False,False,17.0,14.0,6.0,0.0,0.0,0.0,0.0,,,,,,,4.0,espn_api
401914127,2026,2026-10-04,Jazz,Utah,UTAH,away,4433618,Harrison Ingram,F,False,False,12.0,6.0,1.0,0.0,0.0,0.0,1.0,,,,,,,1.0,espn_api
401914127,2026,2026-10-04,Jazz,Utah,UTAH,away,4277919,Mo Bamba,C,False,False,12.0,6.0,7.0,2.0,0.0,0.0,0.0,,,,,,,6.0,espn_api
401914127,2026,2026-10-04,Jazz,Utah,UTAH,away,4397077,Jaxson Hayes,C,False,False,19.0,2.0,3.0,4.0,0.0,3.0,1.0,,,,,,,-1.0,espn_api
401914127,2026,2026-10-04,Jazz,Utah,UTAH,away,4684682,Jonas Aidoo,C,False,False,3.0,0.0,2.0,0.0,0.0,0.0,0.0,,,,,,,-1.0,espn_api
401914127,2026,2026-10-04,Jazz,Utah,UTAH,away,3133602,Svi Mykhailiuk,G,False,False,17.0,9.0,0.0,3.0,0.0,0.0,0.0,,,,,,,11.0,espn_api
401914127,2026,2026-10-04,Jazz,Utah,UTAH,away,4065663,Josh Okogie,G,False,False,14.0,3.0,1.0,1.0,0.0,0.0,0.0,,,,,,,-4.0,espn_api
401914127,2026,2026-10-04,Jazz,Utah,UTAH,away,4433268,Trey Alexander,G,False,False,12.0,0.0,2.0,2.0,0.0,0.0,1.0,,,,,,,1.0,espn_api
401914127,2026,2026-10-04,Jazz,Utah,UTAH,away,4683766,Isaiah Collier,G,False,False,15.0,9.0,4.0,4.0,0.0,0.0,0.0,,,,,,,5.0,espn_api
401914127,2026,2026-10-04,Jazz,Utah,UTAH,away,4683933,Tamar Bates,G,False,False,15.0,0.0,2.0,1.0,0.0,0.0,1.0,,,,,,,5.0,espn_api
401914127,2026,2026-10-04,Jazz,Utah,UTAH,away,4873138,Ace Bailey,G,False,False,20.0,10.0,5.0,0.0,1.0,1.0,1.0,,,,,,,11.0,espn_api
401914127,2026,2026-10-04,Jazz,Utah,UTAH,away,4684793,Kyle Filipowski,F,False,True,,,,,,,,,,,,,,,espn_api
401914127,2026,2026-10-04,Jazz,Utah,UTAH,away,5105839,Brice Sensabaugh,F,False,True,,,,,,,,,,,,,,,espn_api
401914127,2026,2026-10-04,Jazz,Utah,UTAH,away,4395997,Terrell Brown Jr.,G,False,True,,,,,,,,,,,,,,,espn_api
401914127,2026,2026-10-04,Jazz,Utah,UTAH,away,4432811,Josh Green,G,False,True,,,,,,,,,,,,,,,espn_api
401914127,2026,2026-10-04,Nuggets,Denver,DEN,home,3064290,Aaron Gordon,F,True,False,10.0,12.0,4.0,0.0,0.0,0.0,2.0,,,,,,,-5.0,espn_api
401914127,2026,2026-10-04,Nuggets,Denver,DEN,home,3138196,Cameron Johnson,F,True,False,15.0,8.0,2.0,0.0,1.0,1.0,0.0,,,,,,,-7.0,espn_api
401914127,2026,2026-10-04,Nuggets,Denver,DEN,home,3112335,Nikola Jokic,C,True,False,15.0,3.0,3.0,7.0,1.0,1.0,0.0,,,,,,,-13.0,espn_api
401914127,2026,2026-10-04,Nuggets,Denver,DEN,home,3135046,Tyus Jones,G,True,False,19.0,8.0,2.0,6.0,0.0,0.0,2.0,,,,,,,-6.0,espn_api
401914127,2026,2026-10-04,Nuggets,Denver,DEN,home,4431767,Christian Braun,G,True,False,15.0,6.0,3.0,1.0,0.0,0.0,0.0,,,,,,,-13.0,espn_api
401914127,2026,2026-10-04,Nuggets,Denver,DEN,home,4065813,Alpha Diallo,F,False,False,13.0,2.0,3.0,2.0,0.0,0.0,1.0,,,,,,,-1.0,espn_api
401914127,2026,2026-10-04,Nuggets,Denver,DEN,home,4277848,Marvin Bagley III,F,False,False,14.0,5.0,7.0,0.0,0.0,0.0,2.0,,,,,,,4.0,espn_api
401914127,2026,2026-10-04,Nuggets,Denver,DEN,home,4431690,Zeke Nnaji,F,False,False,15.0,3.0,3.0,1.0,0.0,1.0,2.0,,,,,,,-1.0,espn_api
401914127,2026,2026-10-04,Nuggets,Denver,DEN,home,4432872,Emanuel Miller,F,False,False,3.0,5.0,1.0,0.0,0.0,0.0,0.0,,,,,,,1.0,espn_api
401914127,2026,2026-10-04,Nuggets,Denver,DEN,home,4432976,Coleman Hawkins,F,False,False,3.0,0.0,0.0,0.0,0.0,0.0,0.0,,,,,,,1.0,espn_api
401914127,2026,2026-10-04,Nuggets,Denver,DEN,home,4433607,DaRon Holmes II,F,False,False,12.0,4.0,1.0,1.0,0.0,1.0,0.0,,,,,,,-6.0,espn_api
401914127,2026,2026-10-04,Nuggets,Denver,DEN,home,4565698,Bryce Hopkins,F,False,False,12.0,1.0,2.0,0.0,1.0,0.0,0.0,,,,,,,-10.0,espn_api
401914127,2026,2026-10-04,Nuggets,Denver,DEN,home,4698719,Trevon Brazile,F,False,False,20.0,7.0,3.0,0.0,0.0,2.0,0.0,,,,,,,-1.0,espn_api
401914127,2026,2026-10-04,Nuggets,Denver,DEN,home,5105592,Cam Whitmore,F,False,False,15.0,6.0,2.0,1.0,0.0,0.0,0.0,,,,,,,-3.0,espn_api
401914127,2026,2026-10-04,Nuggets,Denver,DEN,home,3978,DeMar DeRozan,G,False,False,10.0,5.0,1.0,1.0,0.0,1.0,0.0,,,,,,,-8.0,espn_api
401914127,2026,2026-10-04,Nuggets,Denver,DEN,home,4277890,Lonnie Walker IV,G,False,False,9.0,3.0,3.0,2.0,1.0,1.0,0.0,,,,,,,1.0,espn_api
401914127,2026,2026-10-04,Nuggets,Denver,DEN,home,4395667,Dane Goodwin,G,False,False,3.0,0.0,1.0,0.0,0.0,0.0,0.0,,,,,,,1.0,espn_api
401914127,2026,2026-10-04,Nuggets,Denver,DEN,home,4432181,Julian Strawther,G,False,False,20.0,14.0,3.0,1.0,0.0,0.0,1.0,,,,,,,3.0,espn_api
401914127,2026,2026-10-04,Nuggets,Denver,DEN,home,4433629,Ryan Nembhard,G,False,False,17.0,5.0,3.0,4.0,0.0,0.0,1.0,,,,,,,3.0,espn_api
401914127,2026,2026-10-04,Nuggets,Denver,DEN,home,4592427,Spencer Jones,F,False,True,,,,,,,,,,,,,,,espn_api
401914127,2026,2026-10-04,Nuggets,Denver,DEN,home,3936299,Jamal Murray,G,False,True,,,,,,,,,,,,,,,espn_api
401918010,2026,2026-10-04,Warriors,Golden State,GS,away,6589,Draymond Green,F,True,False,14.0,2.0,2.0,2.0,3.0,0.0,0.0,,,,,,,-6.0,espn_api
401918010,2026,2026-10-04,Warriors,Golden State,GS,away,5175737,Yaxel Lendeborg,F,True,False,19.0,4.0,9.0,3.0,0.0,1.0,0.0,,,,,,,3.0,espn_api
401918010,2026,2026-10-04,Warriors,Golden State,GS,away,3213,Al Horford,C,True,False,16.0,3.0,3.0,1.0,1.0,0.0,2.0,,,,,,,2.0,espn_api
401918010,2026,2026-10-04,Warriors,Golden State,GS,away,3975,Stephen Curry,G,True,False,13.0,10.0,2.0,2.0,1.0,0.0,2.0,,,,,,,-14.0,espn_api
401918010,2026,2026-10-04,Warriors,Golden State,GS,away,4709138,Brandin Podziemski,G,True,False,18.0,7.0,2.0,2.0,1.0,0.0,1.0,,,,,,,7.0,espn_api
401918010,2026,2026-10-04,Warriors,Golden State,GS,away,2990969,Georges Niang,F,False,False,12.0,4.0,2.0,0.0,0.0,0.0,0.0,,,,,,,2.0,espn_api
401918010,2026,2026-10-04,Warriors,Golden State,GS,away,4703396,Graham Ike,F,False,False,16.0,11.0,5.0,1.0,2.0,1.0,2.0,,,,,,,1.0,espn_api
401918010,2026,2026-10-04,Warriors,Golden State,GS,away,4897449,Malevy Leons,F,False,False,10.0,8.0,2.0,1.0,1.0,0.0,1.0,,,,,,,-2.0,espn_api
401918010,2026,2026-10-04,Warriors,Golden State,GS,away,4997536,Gui Santos,F,False,False,17.0,9.0,4.0,0.0,0.0,0.0,2.0,,,,,,,-11.0,espn_api
401918010,2026,2026-10-04,Warriors,Golden State,GS,away,5170949,Alex Toohey,F,False,False,8.0,2.0,0.0,1.0,1.0,2.0,0.0,,,,,,,-1.0,espn_api
401918010,2026,2026-10-04,Warriors,Golden State,GS,away,4397886,Charles Bassey,C,False,False,16.0,12.0,8.0,1.0,2.0,0.0,3.0,,,,,,,-6.0,espn_api
401918010,2026,2026-10-04,Warriors,Golden State,GS,away,3134903,Gary Payton II,G,False,False,12.0,6.0,0.0,1.0,2.0,0.0,0.0,,,,,,,14.0,espn_api
401918010,2026,2026-10-04,Warriors,Golden State,GS,away,4066436,De'Anthony Melton,G,False,False,16.0,2.0,1.0,2.0,0.0,0.0,1.0,,,,,,,-1.0,espn_api
401918010,2026,2026-10-04,Warriors,Golden State,GS,away,4397040,Brandon Williams,G,False,False,16.0,11.0,2.0,3.0,1.0,0.0,1.0,,,,,,,16.0,espn_api
401918010,2026,2026-10-04,Warriors,Golden State,GS,away,4433149,LJ Cryer,G,False,False,3.0,1.0,0.0,0.0,0.0,0.0,0.0,,,,,,,-1.0,espn_api
401918010,2026,2026-10-04,Warriors,Golden State,GS,away,4433159,Dalen Terry,G,False,False,11.0,5.0,5.0,2.0,0.0,0.0,0.0,,,,,,,-9.0,espn_api
401918010,2026,2026-10-04,Warriors,Golden State,GS,away,4696317,Miles Kelly,G,False,False,7.0,2.0,0.0,1.0,0.0,0.0,1.0,,,,,,,-9.0,espn_api
401918010,2026,2026-10-04,Warriors,Golden State,GS,away,4897262,Will Richard,G,False,False,17.0,2.0,2.0,0.0,0.0,0.0,0.0,,,,,,,0.0,espn_api
401918010,2026,2026-10-04,Warriors,Golden State,GS,away,6430,Jimmy Butler III,F,False,True,,,,,,,,,,,,,,,espn_api
401918010,2026,2026-10-04,Warriors,Golden State,GS,away,3102531,Kristaps Porzingis,C,False,True,,,,,,,,,,,,,,,espn_api
401918010,2026,2026-10-04,Warriors,Golden State,GS,away,4432171,Moses Moody,G,False,True,,,,,,,,,,,,,,,espn_api
401918010,2026,2026-10-04,Clippers,LA,LAC,home,3936099,Derrick Jones Jr.,F,True,False,15.0,6.0,1.0,0.0,0.0,1.0,0.0,,,,,,,5.0,espn_api
401918010,2026,2026-10-04,Clippers,LA,LAC,home,4066648,Rui Hachimura,F,True,False,15.0,21.0,5.0,0.0,0.0,1.0,2.0,,,,,,,7.0,espn_api
401918010,2026,2026-10-04,Clippers,LA,LAC,home,4432170,Isaiah Jackson,F,True,False,17.0,4.0,4.0,3.0,1.0,2.0,3.0,,,,,,,7.0,espn_api
401918010,2026,2026-10-04,Clippers,LA,LAC,home,4065778,Max Strus,G,True,False,5.0,0.0,1.0,0.0,0.0,0.0,0.0,,,,,,,-2.0,espn_api
401918010,2026,2026-10-04,Clippers,LA,LAC,home,4396907,Darius Garland,G,True,False,15.0,15.0,3.0,6.0,0.0,0.0,1.0,,,,,,,9.0,espn_api
401918010,2026,2026-10-04,Clippers,LA,LAC,home,5075626,Baba Miller,F,False,False,20.0,9.0,6.0,0.0,0.0,0.0,1.0,,,,,,,-4.0,espn_api
401918010,2026,2026-10-04,Clippers,LA,LAC,home,5105832,Nick Martinelli,F,False,False,24.0,5.0,2.0,1.0,0.0,0.0,2.0,,,,,,,-3.0,espn_api
401918010,2026,2026-10-04,Clippers,LA,LAC,home,3448,Brook Lopez,C,False,False,7.0,1.0,3.0,0.0,0.0,0.0,1.0,,,,,,,5.0,espn_api
401918010,2026,2026-10-04,Clippers,LA,LAC,home,2991139,Kris Dunn,G,False,False,6.0,3.0,1.0,0.0,0.0,1.0,0.0,,,,,,,2.0,espn_api
401918010,2026,2026-10-04,Clippers,LA,LAC,home,4398390,Jalen Pickett,G,False,False,14.0,4.0,2.0,0.0,0.0,0.0,2.0,,,,,,,-8.0,espn_api
401918010,2026,2026-10-04,Clippers,LA,LAC,home,4683935,Blake Wesley,G,False,False,18.0,8.0,3.0,1.0,1.0,1.0,1.0,,,,,,,1.0,espn_api
401918010,2026,2026-10-04,Clippers,LA,LAC,home,4845363,Cam Christie,G,False,False,28.0,8.0,8.0,3.0,0.0,0.0,5.0,,,,,,,7.0,espn_api
401918010,2026,2026-10-04,Clippers,LA,LAC,home,5105853,Fletcher Loyer,G,False,False,7.0,0.0,1.0,0.0,0.0,0.0,0.0,,,,,,,-10.0,espn_api
401918010,2026,2026-10-04,Clippers,LA,LAC,home,5106258,Gradey Dick,G,False,False,16.0,4.0,6.0,1.0,0.0,0.0,1.0,,,,,,,0.0,espn_api
401918010,2026,2026-10-04,Clippers,LA,LAC,home,5159895,Yuki Kawamura,G,False,False,4.0,1.0,0.0,0.0,0.0,0.0,2.0,,,,,,,-3.0,espn_api
401918010,2026,2026-10-04,Clippers,LA,LAC,home,5254165,Keaton Wagler,G,False,False,30.0,15.0,6.0,3.0,2.0,1.0,0.0,,,,,,,2.0,espn_api
401918010,2026,2026-10-04,Clippers,LA,LAC,home,3913176,Brandon Ingram,F,False,True,,,,,,,,,,,,,,,espn_api
401918010,2026,2026-10-04,Clippers,LA,LAC,home,5108024,Yanic Konan Niederhauser,C,False,True,,,,,,,,,,,,,,,espn_api
401918010,2026,2026-10-04,Clippers,LA,LAC,home,6580,Bradley Beal,G,False,True,,,,,,,,,,,,,,,espn_api
401918010,2026,2026-10-04,Clippers,LA,LAC,home,4396818,Jordan Miller,G,False,True,,,,,,,,,,,,,,,espn_api
401918010,2026,2026-10-04,Clippers,LA,LAC,home,4702352,Kobe Sanders,G,False,True,,,,,,,,,,,,,,,espn_api
401898388,2026,2026-10-05,Grizzlies,Memphis,MEM,away,4903027,Cedric Coward,F,True,False,18.0,9.0,5.0,4.0,1.0,0.0,2.0,,,,,,,5.0,espn_api
401898388,2026,2026-10-05,Grizzlies,Memphis,MEM,away,5041935,Cameron Boozer,F,True,False,18.0,11.0,5.0,4.0,2.0,0.0,1.0,,,,,,,5.0,espn_api
401898388,2026,2026-10-05,Grizzlies,Memphis,MEM,away,5112087,Jaylen Wells,F,True,False,17.0,12.0,0.0,0.0,1.0,0.0,0.0,,,,,,,3.0,espn_api
401898388,2026,2026-10-05,Grizzlies,Memphis,MEM,away,4593016,Quinten Post,C,True,False,12.0,8.0,4.0,0.0,0.0,0.0,0.0,,,,,,,9.0,espn_api
401898388,2026,2026-10-05,Grizzlies,Memphis,MEM,away,4065733,Ty Jerome,G,True,False,15.0,12.0,0.0,5.0,0.0,1.0,3.0,,,,,,,11.0,espn_api
401898388,2026,2026-10-05,Grizzlies,Memphis,MEM,away,2991070,Jerami Grant,F,False,False,14.0,10.0,4.0,2.0,0.0,0.0,0.0,,,,,,,14.0,espn_api
401898388,2026,2026-10-05,Grizzlies,Memphis,MEM,away,4594326,Kris Murray,F,False,False,13.0,3.0,1.0,0.0,0.0,0.0,0.0,,,,,,,-4.0,espn_api
401898388,2026,2026-10-05,Grizzlies,Memphis,MEM,away,4595400,Olivier-Maxence Prosper,F,False,False,11.0,1.0,1.0,1.0,2.0,0.0,1.0,,,,,,,-3.0,espn_api
401898388,2026,2026-10-05,Grizzlies,Memphis,MEM,away,4684806,Taylor Hendricks,F,False,False,19.0,7.0,6.0,1.0,3.0,1.0,2.0,,,,,,,-1.0,espn_api
401898388,2026,2026-10-05,Grizzlies,Memphis,MEM,away,5105550,GG Jackson,F,False,False,16.0,14.0,2.0,1.0,1.0,0.0,0.0,,,,,,,9.0,espn_api
401898388,2026,2026-10-05,Grizzlies,Memphis,MEM,away,5231919,Karim Lopez,F,False,False,8.0,2.0,1.0,0.0,2.0,1.0,0.0,,,,,,,-6.0,espn_api
401898388,2026,2026-10-05,Grizzlies,Memphis,MEM,away,4432810,Isaiah Stewart,C,False,False,2.0,0.0,1.0,0.0,0.0,0.0,0.0,,,,,,,4.0,espn_api
401898388,2026,2026-10-05,Grizzlies,Memphis,MEM,away,5105817,Carson Cooper,C,False,False,15.0,8.0,4.0,1.0,0.0,0.0,0.0,,,,,,,-3.0,espn_api
401898388,2026,2026-10-05,Grizzlies,Memphis,MEM,away,4431785,Scotty Pippen Jr.,G,False,False,16.0,10.0,0.0,4.0,1.0,0.0,2.0,,,,,,,9.0,espn_api
401898388,2026,2026-10-05,Grizzlies,Memphis,MEM,away,4433083,Cam Spencer,G,False,False,14.0,8.0,4.0,2.0,0.0,0.0,3.0,,,,,,,4.0,espn_api
401898388,2026,2026-10-05,Grizzlies,Memphis,MEM,away,4683934,Jahmai Mashack,G,False,False,8.0,2.0,1.0,1.0,0.0,0.0,1.0,,,,,,,-6.0,espn_api
401898388,2026,2026-10-05,Grizzlies,Memphis,MEM,away,4781746,Javon Small,G,False,False,13.0,8.0,1.0,4.0,0.0,0.0,1.0,,,,,,,-4.0,espn_api
401898388,2026,2026-10-05,Grizzlies,Memphis,MEM,away,4896372,Walter Clayton Jr.,G,False,False,13.0,7.0,1.0,2.0,0.0,0.0,2.0,,,,,,,-1.0,espn_api
401898388,2026,2026-10-05,Hawks,Atlanta,ATL,home,4431680,Onyeka Okongwu,F,True,False,14.0,8.0,4.0,2.0,0.0,1.0,1.0,,,,,,,-8.0,espn_api
401898388,2026,2026-10-05,Hawks,Atlanta,ATL,home,4701230,Jalen Johnson,F,True,False,18.0,8.0,5.0,3.0,1.0,0.0,2.0,,,,,,,-8.0,espn_api
401898388,2026,2026-10-05,Hawks,Atlanta,ATL,home,4278039,Nickeil Alexander-Walker,G,True,False,16.0,14.0,1.0,0.0,1.0,0.0,0.0,,,,,,,-11.0,espn_api
401898388,2026,2026-10-05,Hawks,Atlanta,ATL,home,4869342,Dyson Daniels,G,True,False,18.0,6.0,4.0,2.0,0.0,0.0,1.0,,,,,,,-8.0,espn_api
401898388,2026,2026-10-05,Hawks,Atlanta,ATL,home,5149077,Kingston Flemings,G,True,False,25.0,11.0,0.0,2.0,0.0,0.0,3.0,,,,,,,-12.0,espn_api
401898388,2026,2026-10-05,Hawks,Atlanta,ATL,home,2578185,Dorian Finney-Smith,F,False,False,8.0,3.0,0.0,1.0,1.0,0.0,1.0,,,,,,,6.0,espn_api
401898388,2026,2026-10-05,Hawks,Atlanta,ATL,home,4280151,Corey Kispert,F,False,False,20.0,19.0,4.0,2.0,1.0,0.0,1.0,,,,,,,-9.0,espn_api
401898388,2026,2026-10-05,Hawks,Atlanta,ATL,home,4431714,Jalen Wilson,F,False,False,15.0,12.0,0.0,0.0,1.0,0.0,0.0,,,,,,,8.0,espn_api
401898388,2026,2026-10-05,Hawks,Atlanta,ATL,home,4712902,Cameron Corhen,F,False,False,3.0,0.0,2.0,0.0,0.0,0.0,0.0,,,,,,,-1.0,espn_api
401898388,2026,2026-10-05,Hawks,Atlanta,ATL,home,4873201,Asa Newell,F,False,False,22.0,12.0,12.0,2.0,2.0,0.0,2.0,,,,,,,-5.0,espn_api
401898388,2026,2026-10-05,Hawks,Atlanta,ATL,home,5106262,Zuby Ejiofor,F,False,False,14.0,5.0,3.0,2.0,0.0,0.0,0.0,,,,,,,7.0,espn_api
401898388,2026,2026-10-05,Hawks,Atlanta,ATL,home,3146557,Jock Landale,C,False,False,16.0,4.0,6.0,3.0,0.0,0.0,0.0,,,,,,,-9.0,espn_api
401898388,2026,2026-10-05,Hawks,Atlanta,ATL,home,4397183,Aaron Wiggins,G,False,False,11.0,7.0,0.0,0.0,0.0,0.0,0.0,,,,,,,-13.0,espn_api
401898388,2026,2026-10-05,Hawks,Atlanta,ATL,home,4431941,RayJ Dennis,G,False,False,18.0,12.0,3.0,3.0,2.0,0.0,3.0,,,,,,,12.0,espn_api
401898388,2026,2026-10-05,Hawks,Atlanta,ATL,home,4585618,Keshon Gilbert,G,False,False,15.0,2.0,1.0,2.0,1.0,0.0,3.0,,,,,,,7.0,espn_api
401898388,2026,2026-10-05,Hawks,Atlanta,ATL,home,4683857,Kobe Johnson,G,False,False,8.0,0.0,0.0,1.0,1.0,0.0,0.0,,,,,,,-1.0,espn_api
401908947,2026,2026-10-05,Suns,Phoenix,PHX,away,3155526,Dillon Brooks,F,True,False,16.0,11.0,2.0,0.0,0.0,0.0,0.0,,,,,,,18.0,espn_api
401908947,2026,2026-10-05,Suns,Phoenix,PHX,away,4066383,Miles Bridges,F,True,False,14.0,8.0,5.0,4.0,1.0,0.0,1.0,,,,,,,9.0,espn_api
401908947,2026,2026-10-05,Suns,Phoenix,PHX,away,4601023,Oso Ighodaro,F,True,False,14.0,3.0,5.0,2.0,1.0,0.0,1.0,,,,,,,9.0,espn_api
401908947,2026,2026-10-05,Suns,Phoenix,PHX,away,3136193,Devin Booker,G,True,False,16.0,13.0,3.0,3.0,0.0,0.0,2.0,,,,,,,18.0,espn_api
401908947,2026,2026-10-05,Suns,Phoenix,PHX,away,4437244,Jalen Green,G,True,False,15.0,11.0,2.0,1.0,0.0,0.0,1.0,,,,,,,10.0,espn_api
401908947,2026,2026-10-05,Suns,Phoenix,PHX,away,4291678,Haywood Highsmith,F,False,False,16.0,2.0,4.0,0.0,0.0,0.0,5.0,,,,,,,-16.0,espn_api
401908947,2026,2026-10-05,Suns,Phoenix,PHX,away,4888725,Ryan Dunn,F,False,False,16.0,2.0,2.0,1.0,1.0,0.0,3.0,,,,,,,-10.0,espn_api
401908947,2026,2026-10-05,Suns,Phoenix,PHX,away,5041953,Koa Peat,F,False,False,12.0,4.0,4.0,0.0,0.0,0.0,2.0,,,,,,,-9.0,espn_api
401908947,2026,2026-10-05,Suns,Phoenix,PHX,away,5105977,Rasheer Fleming,F,False,False,19.0,3.0,5.0,1.0,2.0,0.0,1.0,,,,,,,-9.0,espn_api
401908947,2026,2026-10-05,Suns,Phoenix,PHX,away,4066268,Duop Reath,C,False,False,9.0,2.0,1.0,0.0,0.0,0.0,1.0,,,,,,,-10.0,espn_api
401908947,2026,2026-10-05,Suns,Phoenix,PHX,away,5203685,Khaman Maluach,C,False,False,17.0,6.0,2.0,0.0,0.0,1.0,0.0,,,,,,,2.0,espn_api
401908947,2026,2026-10-05,Suns,Phoenix,PHX,away,3913174,Luke Kennard,G,False,False,15.0,9.0,2.0,2.0,0.0,0.0,2.0,,,,,,,-7.0,espn_api
401908947,2026,2026-10-05,Suns,Phoenix,PHX,away,4278402,Jordan Goodwin,G,False,False,11.0,7.0,6.0,1.0,3.0,0.0,1.0,,,,,,,5.0,espn_api
401908947,2026,2026-10-05,Suns,Phoenix,PHX,away,4278585,Collin Gillespie,G,False,False,17.0,8.0,1.0,1.0,1.0,1.0,3.0,,,,,,,6.0,espn_api
401908947,2026,2026-10-05,Suns,Phoenix,PHX,away,4280245,Jamaree Bouyea,G,False,False,17.0,9.0,2.0,2.0,1.0,0.0,4.0,,,,,,,-19.0,espn_api
401908947,2026,2026-10-05,Suns,Phoenix,PHX,away,4432646,Kennedy Chandler,G,False,False,9.0,8.0,1.0,0.0,1.0,0.0,0.0,,,,,,,1.0,espn_api
401908947,2026,2026-10-05,Suns,Phoenix,PHX,away,4592714,Pat Spencer,G,False,False,7.0,1.0,0.0,1.0,1.0,0.0,2.0,,,,,,,-8.0,espn_api
401908947,2026,2026-10-05,Suns,Phoenix,PHX,away,4702602,CJ Huntley,F,False,True,,,,,,,,,,,,,,,espn_api
401908947,2026,2026-10-05,Suns,Phoenix,PHX,away,4909710,Phillip Wheeler,F,False,True,,,,,,,,,,,,,,,espn_api
401908947,2026,2026-10-05,Suns,Phoenix,PHX,away,4701232,Mark Williams,C,False,True,,,,,,,,,,,,,,,espn_api
401908947,2026,2026-10-05,Suns,Phoenix,PHX,away,4591259,Koby Brea,G,False,True,,,,,,,,,,,,,,,espn_api
401908947,2026,2026-10-05,Pistons,Detroit,DET,home,3157465,Duncan Robinson,F,True,False,13.0,9.0,0.0,1.0,0.0,0.0,3.0,,,,,,,-8.0,espn_api
401908947,2026,2026-10-05,Pistons,Detroit,DET,home,3908845,John Collins,F,True,False,17.0,10.0,3.0,0.0,2.0,0.0,2.0,,,,,,,-2.0,espn_api
401908947,2026,2026-10-05,Pistons,Detroit,DET,home,4278562,Paul Reed,F,True,False,21.0,10.0,7.0,3.0,1.0,1.0,1.0,,,,,,,-3.0,espn_api
401908947,2026,2026-10-05,Pistons,Detroit,DET,home,4432166,Cade Cunningham,G,True,False,16.0,10.0,2.0,1.0,1.0,0.0,1.0,,,,,,,-14.0,espn_api
401908947,2026,2026-10-05,Pistons,Detroit,DET,home,4684742,Ausar Thompson,G,True,False,18.0,10.0,2.0,2.0,3.0,1.0,1.0,,,,,,,2.0,espn_api
401908947,2026,2026-10-05,Pistons,Detroit,DET,home,2990962,Taurean Prince,F,False,False,11.0,3.0,1.0,0.0,1.0,0.0,1.0,,,,,,,14.0,espn_api
401908947,2026,2026-10-05,Pistons,Detroit,DET,home,4397882,Tolu Smith,F,False,False,16.0,1.0,5.0,1.0,0.0,0.0,0.0,,,,,,,13.0,espn_api
401908947,2026,2026-10-05,Pistons,Detroit,DET,home,4592843,Brice Williams,F,False,False,6.0,3.0,0.0,1.0,0.0,0.0,0.0,,,,,,,-1.0,espn_api
401908947,2026,2026-10-05,Pistons,Detroit,DET,home,4683771,Ronald Holland II,F,False,False,24.0,14.0,4.0,1.0,5.0,2.0,3.0,,,,,,,-1.0,espn_api
401908947,2026,2026-10-05,Pistons,Detroit,DET,home,5107818,Isaac Jones,C,False,False,7.0,5.0,2.0,0.0,1.0,2.0,2.0,,,,,,,-4.0,espn_api
401908947,2026,2026-10-05,Pistons,Detroit,DET,home,2596112,Javonte Green,G,False,False,13.0,6.0,1.0,1.0,1.0,1.0,1.0,,,,,,,-4.0,espn_api
401908947,2026,2026-10-05,Pistons,Detroit,DET,home,4066372,Kevin Huerter,G,False,False,18.0,4.0,0.0,0.0,2.0,1.0,1.0,,,,,,,-3.0,espn_api
401908947,2026,2026-10-05,Pistons,Detroit,DET,home,4395702,Isaiah Joe,G,False,False,18.0,7.0,2.0,1.0,1.0,0.0,1.0,,,,,,,-3.0,espn_api
401908947,2026,2026-10-05,Pistons,Detroit,DET,home,4700852,Chaz Lanier,G,False,False,14.0,5.0,3.0,0.0,2.0,0.0,2.0,,,,,,,2.0,espn_api
401908947,2026,2026-10-05,Pistons,Detroit,DET,home,5107199,Daniss Jenkins,G,False,False,18.0,5.0,2.0,4.0,0.0,0.0,1.0,,,,,,,15.0,espn_api
401908947,2026,2026-10-05,Pistons,Detroit,DET,home,5258459,Ebuka Okorie,G,False,False,10.0,7.0,1.0,1.0,1.0,0.0,0.0,,,,,,,7.0,espn_api
401908947,2026,2026-10-05,Pistons,Detroit,DET,home,4433621,Jalen Duren,C,False,True,,,,,,,,,,,,,,,espn_api
401908947,2026,2026-10-05,Pistons,Detroit,DET,home,5037878,Ugonna Onyenso,C,False,True,,,,,,,,,,,,,,,espn_api
401908947,2026,2026-10-05,Pistons,Detroit,DET,home,4397449,Elijah Harkless,G,False,True,,,,,,,,,,,,,,,espn_api
401908947,2026,2026-10-05,Pistons,Detroit,DET,home,5106708,John Ukomadu,NA,False,True,,,,,,,,,,,,,,,espn_api
401914101,2026,2026-10-05,Knicks,New York,NY,away,3934719,OG Anunoby,F,True,False,14.0,12.0,6.0,0.0,0.0,0.0,0.0,,,,,,,1.0,espn_api
401914101,2026,2026-10-05,Knicks,New York,NY,away,3136195,Karl-Anthony Towns,C,True,False,15.0,5.0,5.0,2.0,0.0,0.0,2.0,,,,,,,-10.0,espn_api
401914101,2026,2026-10-05,Knicks,New York,NY,away,3062679,Josh Hart,G,True,False,13.0,2.0,1.0,0.0,0.0,0.0,1.0,,,,,,,-7.0,espn_api
401914101,2026,2026-10-05,Knicks,New York,NY,away,3147657,Mikal Bridges,G,True,False,15.0,3.0,3.0,3.0,0.0,0.0,0.0,,,,,,,-8.0,espn_api
401914101,2026,2026-10-05,Knicks,New York,NY,away,3934672,Jalen Brunson,G,True,False,15.0,12.0,4.0,3.0,0.0,0.0,0.0,,,,,,,-10.0,espn_api
401914101,2026,2026-10-05,Knicks,New York,NY,away,3914285,Drew Eubanks,F,False,False,6.0,1.0,1.0,0.0,0.0,0.0,1.0,,,,,,,-7.0,espn_api
401914101,2026,2026-10-05,Knicks,New York,NY,away,4838721,Tyler Nickel,F,False,False,8.0,0.0,1.0,1.0,0.0,1.0,0.0,,,,,,,-5.0,espn_api
401914101,2026,2026-10-05,Knicks,New York,NY,away,5211983,Pacome Dadiet,F,False,False,18.0,5.0,3.0,0.0,0.0,0.0,0.0,,,,,,,-18.0,espn_api
401914101,2026,2026-10-05,Knicks,New York,NY,away,5289900,Mohamed Diawara,F,False,False,17.0,8.0,5.0,0.0,1.0,1.0,2.0,,,,,,,-7.0,espn_api
401914101,2026,2026-10-05,Knicks,New York,NY,away,6585,Andre Drummond,C,False,False,12.0,6.0,5.0,1.0,0.0,3.0,0.0,,,,,,,9.0,espn_api
401914101,2026,2026-10-05,Knicks,New York,NY,away,4065673,Tony Bradley,C,False,False,6.0,2.0,0.0,0.0,0.0,0.0,0.0,,,,,,,-2.0,espn_api
401914101,2026,2026-10-05,Knicks,New York,NY,away,4432808,James Wiseman,C,False,False,9.0,8.0,5.0,0.0,0.0,1.0,1.0,,,,,,,-13.0,espn_api
401914101,2026,2026-10-05,Knicks,New York,NY,away,2528426,Jordan Clarkson,G,False,False,14.0,6.0,4.0,1.0,0.0,0.0,2.0,,,,,,,-19.0,espn_api
401914101,2026,2026-10-05,Knicks,New York,NY,away,3914044,Landry Shamet,G,False,False,11.0,10.0,0.0,0.0,0.0,0.0,0.0,,,,,,,7.0,espn_api
401914101,2026,2026-10-05,Knicks,New York,NY,away,4065670,Bruce Brown,G,False,False,10.0,2.0,0.0,0.0,0.0,0.0,1.0,,,,,,,-14.0,espn_api
401914101,2026,2026-10-05,Knicks,New York,NY,away,4397018,Ochai Agbaji,G,False,False,8.0,1.0,1.0,0.0,0.0,0.0,0.0,,,,,,,-11.0,espn_api
401914101,2026,2026-10-05,Knicks,New York,NY,away,4411057,Kevin McCullar Jr.,G,False,False,10.0,6.0,4.0,1.0,0.0,1.0,2.0,,,,,,,-6.0,espn_api
401914101,2026,2026-10-05,Knicks,New York,NY,away,4431823,Miles McBride,G,False,False,12.0,0.0,1.0,3.0,0.0,0.0,0.0,,,,,,,7.0,espn_api
401914101,2026,2026-10-05,Knicks,New York,NY,away,4433225,Tyler Kolek,G,False,False,17.0,5.0,2.0,5.0,0.0,1.0,0.0,,,,,,,3.0,espn_api
401914101,2026,2026-10-05,Knicks,New York,NY,away,4683730,Jaden Akins,G,False,False,8.0,3.0,0.0,3.0,0.0,0.0,1.0,,,,,,,-5.0,espn_api
401914101,2026,2026-10-05,Knicks,New York,NY,away,4277869,Jose Alvarado,G,False,True,,,,,,,,,,,,,,,espn_api
401914101,2026,2026-10-05,76ers,Philadelphia,PHI,home,3912848,Dean Wade,F,True,False,13.0,2.0,5.0,0.0,1.0,0.0,0.0,,,,,,,6.0,espn_api
401914101,2026,2026-10-05,76ers,Philadelphia,PHI,home,4871141,Ariel Hukporti,C,True,False,5.0,0.0,0.0,1.0,0.0,0.0,0.0,,,,,,,-2.0,espn_api
401914101,2026,2026-10-05,76ers,Philadelphia,PHI,home,2581018,Kentavious Caldwell-Pope,G,True,False,13.0,7.0,2.0,2.0,1.0,0.0,0.0,,,,,,,3.0,espn_api
401914101,2026,2026-10-05,76ers,Philadelphia,PHI,home,3917376,Jaylen Brown,G,True,False,17.0,22.0,2.0,2.0,0.0,1.0,0.0,,,,,,,7.0,espn_api
401914101,2026,2026-10-05,76ers,Philadelphia,PHI,home,5124612,VJ Edgecombe,G,True,False,20.0,12.0,4.0,7.0,0.0,0.0,0.0,,,,,,,12.0,espn_api
401914101,2026,2026-10-05,76ers,Philadelphia,PHI,home,4432446,Jabari Walker,F,False,False,19.0,11.0,11.0,1.0,1.0,1.0,1.0,,,,,,,3.0,espn_api
401914101,2026,2026-10-05,76ers,Philadelphia,PHI,home,4702159,Dillon Jones,F,False,False,18.0,11.0,6.0,2.0,0.0,0.0,1.0,,,,,,,21.0,espn_api
401914101,2026,2026-10-05,76ers,Philadelphia,PHI,home,4711297,Justin Edwards,F,False,False,24.0,6.0,1.0,1.0,1.0,1.0,2.0,,,,,,,0.0,espn_api
401914101,2026,2026-10-05,76ers,Philadelphia,PHI,home,4897471,Saint Thomas,F,False,False,15.0,11.0,10.0,1.0,1.0,0.0,1.0,,,,,,,17.0,espn_api
401914101,2026,2026-10-05,76ers,Philadelphia,PHI,home,4433144,Caleb Love,G,False,False,24.0,15.0,3.0,6.0,0.0,2.0,0.0,,,,,,,18.0,espn_api
401914101,2026,2026-10-05,76ers,Philadelphia,PHI,home,4592444,Jameer Nelson Jr.,G,False,False,15.0,7.0,2.0,0.0,1.0,2.0,2.0,,,,,,,15.0,espn_api
401914101,2026,2026-10-05,76ers,Philadelphia,PHI,home,4702049,Duke Miles,G,False,False,9.0,4.0,1.0,1.0,0.0,0.0,0.0,,,,,,,5.0,espn_api
401914101,2026,2026-10-05,76ers,Philadelphia,PHI,home,4873090,Labaron Philon Jr.,G,False,False,25.0,6.0,2.0,4.0,0.0,0.0,0.0,,,,,,,-2.0,espn_api
401914101,2026,2026-10-05,76ers,Philadelphia,PHI,home,5099752,Rayan Rupert,G,False,False,25.0,6.0,4.0,1.0,0.0,0.0,1.0,,,,,,,12.0,espn_api
401914101,2026,2026-10-05,76ers,Philadelphia,PHI,home,1966,LeBron James,F,False,True,,,,,,,,,,,,,,,espn_api
401914101,2026,2026-10-05,76ers,Philadelphia,PHI,home,4870562,Dominick Barlow,F,False,True,,,,,,,,,,,,,,,espn_api
401914101,2026,2026-10-05,76ers,Philadelphia,PHI,home,3059318,Joel Embiid,C,False,True,,,,,,,,,,,,,,,espn_api
401914101,2026,2026-10-05,76ers,Philadelphia,PHI,home,3904625,Tacko Fall,C,False,True,,,,,,,,,,,,,,,espn_api
401914101,2026,2026-10-05,76ers,Philadelphia,PHI,home,5105637,Adem Bona,C,False,True,,,,,,,,,,,,,,,espn_api
401914101,2026,2026-10-05,76ers,Philadelphia,PHI,home,4351851,Anfernee Simons,G,False,True,,,,,,,,,,,,,,,espn_api
401914101,2026,2026-10-05,76ers,Philadelphia,PHI,home,4431678,Tyrese Maxey,G,False,True,,,,,,,,,,,,,,,espn_api
401914102,2026,2026-10-05,Timberwolves,Minnesota,MIN,away,4431671,Jaden McDaniels,F,True,False,15.0,9.0,3.0,1.0,0.0,0.0,0.0,,,,,,,10.0,espn_api
401914102,2026,2026-10-05,Timberwolves,Minnesota,MIN,away,4433247,Jonathan Kuminga,F,True,False,14.0,8.0,2.0,0.0,0.0,0.0,0.0,,,,,,,12.0,espn_api
401914102,2026,2026-10-05,Timberwolves,Minnesota,MIN,away,3032976,Rudy Gobert,C,True,False,17.0,6.0,7.0,0.0,0.0,0.0,1.0,,,,,,,6.0,espn_api
401914102,2026,2026-10-05,Timberwolves,Minnesota,MIN,away,4432816,LaMelo Ball,G,True,False,17.0,11.0,4.0,3.0,1.0,0.0,1.0,,,,,,,2.0,espn_api
401914102,2026,2026-10-05,Timberwolves,Minnesota,MIN,away,4594268,Anthony Edwards,G,True,False,18.0,14.0,4.0,2.0,0.0,2.0,2.0,,,,,,,13.0,espn_api
401914102,2026,2026-10-05,Timberwolves,Minnesota,MIN,away,3136196,Trey Lyles,F,False,False,12.0,3.0,2.0,0.0,0.0,0.0,0.0,,,,,,,2.0,espn_api
401914102,2026,2026-10-05,Timberwolves,Minnesota,MIN,away,4431695,Drew Timme,F,False,False,6.0,3.0,0.0,1.0,2.0,0.0,0.0,,,,,,,6.0,espn_api
401914102,2026,2026-10-05,Timberwolves,Minnesota,MIN,away,4431828,KJ Martin,F,False,False,9.0,4.0,1.0,0.0,0.0,0.0,0.0,,,,,,,5.0,espn_api
401914102,2026,2026-10-05,Timberwolves,Minnesota,MIN,away,4592699,Enrique Freeman,F,False,False,6.0,4.0,2.0,0.0,0.0,0.0,0.0,,,,,,,-2.0,espn_api
401914102,2026,2026-10-05,Timberwolves,Minnesota,MIN,away,4702134,Norchad Omier,F,False,False,9.0,2.0,2.0,1.0,1.0,0.0,2.0,,,,,,,7.0,espn_api
401914102,2026,2026-10-05,Timberwolves,Minnesota,MIN,away,4895758,Cody Williams,F,False,False,10.0,5.0,2.0,4.0,0.0,0.0,0.0,,,,,,,9.0,espn_api
401914102,2026,2026-10-05,Timberwolves,Minnesota,MIN,away,5061585,Isaiah Evans,F,False,False,8.0,2.0,3.0,0.0,1.0,0.0,1.0,,,,,,,3.0,espn_api
401914102,2026,2026-10-05,Timberwolves,Minnesota,MIN,away,5279133,Joan Beringer,F,False,False,15.0,12.0,7.0,0.0,0.0,1.0,2.0,,,,,,,7.0,espn_api
401914102,2026,2026-10-05,Timberwolves,Minnesota,MIN,away,5157587,Rocco Zikarsky,C,False,False,8.0,0.0,1.0,0.0,0.0,1.0,0.0,,,,,,,-1.0,espn_api
401914102,2026,2026-10-05,Timberwolves,Minnesota,MIN,away,4397002,Ayo Dosunmu,G,False,False,13.0,5.0,3.0,0.0,0.0,0.0,0.0,,,,,,,-5.0,espn_api
401914102,2026,2026-10-05,Timberwolves,Minnesota,MIN,away,4432247,Jaylen Clark,G,False,False,10.0,0.0,0.0,1.0,1.0,2.0,0.0,,,,,,,4.0,espn_api
401914102,2026,2026-10-05,Timberwolves,Minnesota,MIN,away,4432847,Terrence Shannon Jr.,G,False,False,16.0,6.0,1.0,4.0,1.0,1.0,0.0,,,,,,,-5.0,espn_api
401914102,2026,2026-10-05,Timberwolves,Minnesota,MIN,away,4592492,Bones Hyland,G,False,False,9.0,0.0,2.0,2.0,1.0,0.0,1.0,,,,,,,5.0,espn_api
401914102,2026,2026-10-05,Timberwolves,Minnesota,MIN,away,4592686,Antonio Reeves,G,False,False,12.0,12.0,3.0,2.0,1.0,0.0,0.0,,,,,,,14.0,espn_api
401914102,2026,2026-10-05,Timberwolves,Minnesota,MIN,away,4592979,Zyon Pullin,G,False,False,16.0,10.0,2.0,1.0,0.0,0.0,1.0,,,,,,,3.0,espn_api
401914102,2026,2026-10-05,Bucks,Milwaukee,MIL,home,3134907,Kyle Kuzma,F,True,False,20.0,1.0,5.0,1.0,0.0,0.0,0.0,,,,,,,-13.0,espn_api
401914102,2026,2026-10-05,Bucks,Milwaukee,MIL,home,4432848,Jaime Jaquez Jr.,F,True,False,18.0,5.0,1.0,1.0,0.0,0.0,2.0,,,,,,,-7.0,espn_api
401914102,2026,2026-10-05,Bucks,Milwaukee,MIL,home,3133628,Myles Turner,C,True,False,19.0,7.0,5.0,1.0,1.0,1.0,1.0,,,,,,,-6.0,espn_api
401914102,2026,2026-10-05,Bucks,Milwaukee,MIL,home,4395725,Tyler Herro,G,True,False,19.0,11.0,3.0,3.0,0.0,0.0,4.0,,,,,,,-11.0,espn_api
401914102,2026,2026-10-05,Bucks,Milwaukee,MIL,home,4591725,Ryan Rollins,G,True,False,14.0,15.0,4.0,1.0,1.0,1.0,0.0,,,,,,,9.0,espn_api
401914102,2026,2026-10-05,Bucks,Milwaukee,MIL,home,4397233,Pete Nance,F,False,False,7.0,3.0,1.0,0.0,0.0,0.0,0.0,,,,,,,-4.0,espn_api
401914102,2026,2026-10-05,Bucks,Milwaukee,MIL,home,5164559,Nate Ament,F,False,False,14.0,8.0,2.0,0.0,0.0,0.0,0.0,,,,,,,-5.0,espn_api
401914102,2026,2026-10-05,Bucks,Milwaukee,MIL,home,4277922,Jericho Sims,C,False,False,19.0,2.0,3.0,1.0,0.0,0.0,0.0,,,,,,,0.0,espn_api
401914102,2026,2026-10-05,Bucks,Milwaukee,MIL,home,5105623,Kel'el Ware,C,False,False,24.0,14.0,12.0,0.0,1.0,1.0,0.0,,,,,,,-10.0,espn_api
401914102,2026,2026-10-05,Bucks,Milwaukee,MIL,home,2991043,Caris LeVert,G,False,False,11.0,0.0,0.0,1.0,0.0,0.0,4.0,,,,,,,-16.0,espn_api
401914102,2026,2026-10-05,Bucks,Milwaukee,MIL,home,4277843,Gary Trent Jr.,G,False,False,18.0,11.0,1.0,1.0,0.0,0.0,0.0,,,,,,,-8.0,espn_api
401914102,2026,2026-10-05,Bucks,Milwaukee,MIL,home,4397140,Kevin Porter Jr.,G,False,False,19.0,7.0,3.0,2.0,0.0,0.0,1.0,,,,,,,-10.0,espn_api
401914102,2026,2026-10-05,Bucks,Milwaukee,MIL,home,4397475,AJ Green,G,False,False,22.0,6.0,5.0,2.0,0.0,0.0,2.0,,,,,,,-2.0,espn_api
401914102,2026,2026-10-05,Bucks,Milwaukee,MIL,home,5082206,Brayden Burries,G,False,False,16.0,7.0,2.0,5.0,2.0,0.0,3.0,,,,,,,-12.0,espn_api
401914102,2026,2026-10-05,Bucks,Milwaukee,MIL,home,4432588,John Butler Jr.,F,False,True,,,,,,,,,,,,,,,espn_api
401914102,2026,2026-10-05,Bucks,Milwaukee,MIL,home,4997526,Ousmane Dieng,F,False,True,,,,,,,,,,,,,,,espn_api
401914102,2026,2026-10-05,Bucks,Milwaukee,MIL,home,5214989,Bogoljub Markovic,F,False,True,,,,,,,,,,,,,,,espn_api
401914102,2026,2026-10-05,Bucks,Milwaukee,MIL,home,4398257,Jake Stephens,C,False,True,,,,,,,,,,,,,,,espn_api
401914102,2026,2026-10-05,Bucks,Milwaukee,MIL,home,4397114,Cormac Ryan,G,False,True,,,,,,,,,,,,,,,espn_api
401914102,2026,2026-10-05,Bucks,Milwaukee,MIL,home,4697268,Kam Jones,G,False,True,,,,,,,,,,,,,,,espn_api
401914102,2026,2026-10-05,Bucks,Milwaukee,MIL,home,5214640,Kasparas Jakucionis,G,False,True,,,,,,,,,,,,,,,espn_api
401898716,2026,2026-10-05,Lakers,Los Angeles,LAL,away,3155535,Kevon Looney,F,True,False,18.0,2.0,9.0,3.0,1.0,0.0,1.0,,,,,,,13.0,espn_api
401898716,2026,2026-10-05,Lakers,Los Angeles,LAL,away,4433137,Ziaire Williams,F,True,False,21.0,13.0,1.0,1.0,1.0,0.0,0.0,,,,,,,4.0,espn_api
401898716,2026,2026-10-05,Lakers,Los Angeles,LAL,away,3907498,Matisse Thybulle,G,True,False,18.0,6.0,0.0,1.0,2.0,0.0,0.0,,,,,,,3.0,espn_api
401898716,2026,2026-10-05,Lakers,Los Angeles,LAL,away,3945274,Luka Doncic,G,True,False,16.0,21.0,2.0,3.0,2.0,0.0,5.0,,,,,,,12.0,espn_api
401898716,2026,2026-10-05,Lakers,Los Angeles,LAL,away,4397014,Quentin Grimes,G,True,False,19.0,16.0,0.0,1.0,0.0,0.0,0.0,,,,,,,9.0,espn_api
401898716,2026,2026-10-05,Lakers,Los Angeles,LAL,away,4278077,Jarred Vanderbilt,F,False,False,11.0,4.0,2.0,1.0,0.0,0.0,2.0,,,,,,,-3.0,espn_api
401898716,2026,2026-10-05,Lakers,Los Angeles,LAL,away,4278580,Sandro Mamukelashvili,F,False,False,19.0,8.0,1.0,5.0,2.0,0.0,3.0,,,,,,,9.0,espn_api
401898716,2026,2026-10-05,Lakers,Los Angeles,LAL,away,4592691,Jake LaRavia,F,False,False,21.0,12.0,3.0,2.0,2.0,2.0,1.0,,,,,,,27.0,espn_api
401898716,2026,2026-10-05,Lakers,Los Angeles,LAL,away,4897943,Dalton Knecht,F,False,False,12.0,0.0,2.0,1.0,0.0,0.0,1.0,,,,,,,2.0,espn_api
401898716,2026,2026-10-05,Lakers,Los Angeles,LAL,away,5060631,Adou Thiero,F,False,False,17.0,3.0,4.0,4.0,2.0,0.0,1.0,,,,,,,21.0,espn_api
401898716,2026,2026-10-05,Lakers,Los Angeles,LAL,away,5107258,William Kyle III,F,False,False,5.0,0.0,1.0,1.0,0.0,0.0,0.0,,,,,,,5.0,espn_api
401898716,2026,2026-10-05,Lakers,Los Angeles,LAL,away,4683774,Bronny James,G,False,False,16.0,3.0,5.0,2.0,0.0,1.0,1.0,,,,,,,7.0,espn_api
401898716,2026,2026-10-05,Lakers,Los Angeles,LAL,away,4702972,Chris Manon,G,False,False,12.0,12.0,5.0,1.0,1.0,1.0,3.0,,,,,,,2.0,espn_api
401898716,2026,2026-10-05,Lakers,Los Angeles,LAL,away,4868423,Jaden Hardy,G,False,False,14.0,8.0,1.0,1.0,0.0,0.0,3.0,,,,,,,3.0,espn_api
401898716,2026,2026-10-05,Lakers,Los Angeles,LAL,away,5113969,Cameron Carr,G,False,False,23.0,19.0,3.0,2.0,2.0,0.0,0.0,,,,,,,6.0,espn_api
401898716,2026,2026-10-05,Lakers,Los Angeles,LAL,away,4397134,Cole Swider,F,False,True,,,,,,,,,,,,,,,espn_api
401898716,2026,2026-10-05,Lakers,Los Angeles,LAL,away,5114350,AK Okereke,F,False,True,,,,,,,,,,,,,,,espn_api
401898716,2026,2026-10-05,Kings,Sacramento,SAC,home,3155942,Domantas Sabonis,F,True,False,10.0,4.0,3.0,3.0,0.0,0.0,3.0,,,,,,,-13.0,espn_api
401898716,2026,2026-10-05,Kings,Sacramento,SAC,home,4065732,De'Andre Hunter,F,True,False,13.0,3.0,0.0,0.0,0.0,0.0,0.0,,,,,,,-16.0,espn_api
401898716,2026,2026-10-05,Kings,Sacramento,SAC,home,4431679,Precious Achiuwa,F,True,False,13.0,2.0,1.0,1.0,1.0,0.0,0.0,,,,,,,-18.0,espn_api
401898716,2026,2026-10-05,Kings,Sacramento,SAC,home,3064440,Zach LaVine,G,True,False,15.0,9.0,1.0,0.0,0.0,0.0,2.0,,,,,,,-25.0,espn_api
401898716,2026,2026-10-05,Kings,Sacramento,SAC,home,5142620,Darius Acuff Jr.,G,True,False,27.0,19.0,2.0,4.0,1.0,1.0,5.0,,,,,,,-13.0,espn_api
401898716,2026,2026-10-05,Kings,Sacramento,SAC,home,4917149,Alex Karaban,F,False,False,16.0,3.0,3.0,2.0,2.0,0.0,1.0,,,,,,,-5.0,espn_api
401898716,2026,2026-10-05,Kings,Sacramento,SAC,home,4433174,Dylan Cardwell,C,False,False,29.0,9.0,10.0,3.0,3.0,1.0,3.0,,,,,,,-6.0,espn_api
401898716,2026,2026-10-05,Kings,Sacramento,SAC,home,4898371,Maxime Raynaud,C,False,False,24.0,12.0,8.0,2.0,0.0,0.0,5.0,,,,,,,-16.0,espn_api
401898716,2026,2026-10-05,Kings,Sacramento,SAC,home,2583639,Elfrid Payton,G,False,False,7.0,0.0,3.0,0.0,0.0,0.0,0.0,,,,,,,-5.0,espn_api
401898716,2026,2026-10-05,Kings,Sacramento,SAC,home,4279318,Daeqwon Plowden,G,False,False,25.0,12.0,5.0,1.0,1.0,0.0,3.0,,,,,,,-6.0,espn_api
401898716,2026,2026-10-05,Kings,Sacramento,SAC,home,4397654,Adam Flagler,G,False,False,1.0,0.0,0.0,0.0,0.0,0.0,0.0,,,,,,,0.0,espn_api
401898716,2026,2026-10-05,Kings,Sacramento,SAC,home,4702384,Nique Clifford,G,False,False,28.0,23.0,9.0,2.0,0.0,0.0,1.0,,,,,,,4.0,espn_api
401898716,2026,2026-10-05,Kings,Sacramento,SAC,home,5106058,Emanuel Sharp,G,False,False,30.0,7.0,1.0,2.0,2.0,0.0,3.0,,,,,,,-1.0,espn_api
401898716,2026,2026-10-05,Kings,Sacramento,SAC,home,4395650,Leaky Black,F,False,True,,,,,,,,,,,,,,,espn_api
401898716,2026,2026-10-05,Kings,Sacramento,SAC,home,5107897,Jonathan Mogbo,F,False,True,,,,,,,,,,,,,,,espn_api
401898716,2026,2026-10-05,Kings,Sacramento,SAC,home,4592965,Tristen Newton,G,False,True,,,,,,,,,,,,,,,espn_api
401901820,2026,2026-10-06,Nets,Brooklyn,BKN,away,3064514,Julius Randle,F,True,False,18.0,13.0,2.0,3.0,1.0,0.0,0.0,,,,,,,9.0,espn_api
401901820,2026,2026-10-06,Nets,Brooklyn,BKN,away,4278104,Michael Porter Jr.,F,True,False,17.0,16.0,5.0,2.0,1.0,0.0,1.0,,,,,,,5.0,espn_api
401901820,2026,2026-10-06,Nets,Brooklyn,BKN,away,4432194,Day'Ron Sharpe,C,True,False,18.0,8.0,7.0,3.0,0.0,2.0,1.0,,,,,,,19.0,espn_api
401901820,2026,2026-10-06,Nets,Brooklyn,BKN,away,4702177,Keon Ellis,G,True,False,12.0,5.0,0.0,0.0,0.0,0.0,1.0,,,,,,,15.0,espn_api
401901820,2026,2026-10-06,Nets,Brooklyn,BKN,away,5175643,Egor Demin,G,True,False,18.0,6.0,1.0,5.0,0.0,0.0,2.0,,,,,,,4.0,espn_api
401901820,2026,2026-10-06,Nets,Brooklyn,BKN,away,4432189,Dain Dainja,F,False,False,4.0,0.0,0.0,0.0,0.0,0.0,0.0,,,,,,,-1.0,espn_api
401901820,2026,2026-10-06,Nets,Brooklyn,BKN,away,4687718,Josh Minott,F,False,False,9.0,6.0,1.0,0.0,2.0,0.0,0.0,,,,,,,15.0,espn_api
401901820,2026,2026-10-06,Nets,Brooklyn,BKN,away,4702670,Grant Nelson,F,False,False,6.0,5.0,2.0,1.0,0.0,0.0,0.0,,,,,,,10.0,espn_api
401901820,2026,2026-10-06,Nets,Brooklyn,BKN,away,4712896,Noah Clowney,F,False,False,19.0,7.0,1.0,1.0,2.0,0.0,1.0,,,,,,,15.0,espn_api
401901820,2026,2026-10-06,Nets,Brooklyn,BKN,away,5105626,Tyler Bilodeau,F,False,False,8.0,5.0,3.0,0.0,0.0,0.0,0.0,,,,,,,8.0,espn_api
401901820,2026,2026-10-06,Nets,Brooklyn,BKN,away,5107173,Danny Wolf,F,False,False,15.0,9.0,3.0,5.0,0.0,0.0,1.0,,,,,,,18.0,espn_api
401901820,2026,2026-10-06,Nets,Brooklyn,BKN,away,5174655,Chaney Johnson,F,False,False,17.0,6.0,2.0,0.0,1.0,0.0,0.0,,,,,,,11.0,espn_api
401901820,2026,2026-10-06,Nets,Brooklyn,BKN,away,3150844,Moritz Wagner,C,False,False,18.0,5.0,4.0,5.0,1.0,0.0,2.0,,,,,,,0.0,espn_api
401901820,2026,2026-10-06,Nets,Brooklyn,BKN,away,3907823,Terance Mann,G,False,False,20.0,6.0,2.0,1.0,2.0,0.0,1.0,,,,,,,-7.0,espn_api
401901820,2026,2026-10-06,Nets,Brooklyn,BKN,away,5037873,Drake Powell,G,False,False,13.0,9.0,2.0,1.0,1.0,0.0,0.0,,,,,,,20.0,espn_api
401901820,2026,2026-10-06,Nets,Brooklyn,BKN,away,5242502,Ben Saraf,G,False,False,15.0,8.0,2.0,2.0,0.0,0.0,1.0,,,,,,,15.0,espn_api
401901820,2026,2026-10-06,Nets,Brooklyn,BKN,away,5279130,Nolan Traore,G,False,False,10.0,10.0,1.0,2.0,1.0,0.0,1.0,,,,,,,15.0,espn_api
401901820,2026,2026-10-06,Nets,Brooklyn,BKN,away,5177736,Ben Humrichous,NA,False,False,4.0,0.0,0.0,0.0,0.0,0.0,0.0,,,,,,,-1.0,espn_api
401901820,2026,2026-10-06,Hornets,Charlotte,CHA,home,4433249,Moussa Diabate,F,True,False,20.0,4.0,4.0,1.0,2.0,2.0,4.0,,,,,,,-8.0,espn_api
401901820,2026,2026-10-06,Hornets,Charlotte,CHA,home,4396971,Naz Reid,C,True,False,16.0,13.0,4.0,0.0,0.0,0.0,3.0,,,,,,,-7.0,espn_api
401901820,2026,2026-10-06,Hornets,Charlotte,CHA,home,3032979,Dennis Schroder,G,True,False,15.0,5.0,0.0,2.0,1.0,0.0,0.0,,,,,,,-2.0,espn_api
401901820,2026,2026-10-06,Hornets,Charlotte,CHA,home,3135045,Grayson Allen,G,True,False,14.0,13.0,1.0,1.0,0.0,0.0,1.0,,,,,,,2.0,espn_api
401901820,2026,2026-10-06,Hornets,Charlotte,CHA,home,5239590,Liam McNeeley,G,True,False,19.0,14.0,1.0,0.0,0.0,0.0,6.0,,,,,,,-13.0,espn_api
401901820,2026,2026-10-06,Hornets,Charlotte,CHA,home,2583632,Royce O'Neale,F,False,False,17.0,3.0,2.0,5.0,1.0,2.0,1.0,,,,,,,-6.0,espn_api
401901820,2026,2026-10-06,Hornets,Charlotte,CHA,home,4897504,Wyatt Fricks,F,False,False,13.0,2.0,3.0,0.0,0.0,1.0,0.0,,,,,,,-18.0,espn_api
401901820,2026,2026-10-06,Hornets,Charlotte,CHA,home,5211176,Tidjane Salaun,F,False,False,28.0,6.0,2.0,1.0,2.0,0.0,3.0,,,,,,,-24.0,espn_api
401901820,2026,2026-10-06,Hornets,Charlotte,CHA,home,5281370,Hannes Steinbach,F,False,False,14.0,7.0,4.0,0.0,0.0,0.0,0.0,,,,,,,-15.0,espn_api
401901820,2026,2026-10-06,Hornets,Charlotte,CHA,home,4576060,Ryan Kalkbrenner,C,False,False,15.0,2.0,2.0,0.0,0.0,0.0,0.0,,,,,,,-8.0,espn_api
401901820,2026,2026-10-06,Hornets,Charlotte,CHA,home,4701225,PJ Hall,C,False,False,8.0,4.0,3.0,0.0,0.0,0.0,3.0,,,,,,,-11.0,espn_api
401901820,2026,2026-10-06,Hornets,Charlotte,CHA,home,2578239,Pat Connaughton,G,False,False,9.0,1.0,0.0,3.0,0.0,0.0,1.0,,,,,,,-17.0,espn_api
401901820,2026,2026-10-06,Hornets,Charlotte,CHA,home,4278729,Jarkel Joiner,G,False,False,14.0,5.0,0.0,3.0,1.0,0.0,0.0,,,,,,,-10.0,espn_api
401901820,2026,2026-10-06,Hornets,Charlotte,CHA,home,4602025,Sion James,G,False,False,17.0,8.0,4.0,0.0,0.0,0.0,1.0,,,,,,,-16.0,espn_api
401901820,2026,2026-10-06,Hornets,Charlotte,CHA,home,5176517,Michael Ajayi,NA,False,False,19.0,3.0,4.0,3.0,0.0,1.0,2.0,,,,,,,-17.0,espn_api
401898389,2026,2026-10-06,Pelicans,New Orleans,NO,away,4277813,Herbert Jones,F,True,False,20.0,7.0,2.0,1.0,0.0,0.0,0.0,,,,,,,-20.0,espn_api
401898389,2026,2026-10-06,Pelicans,New Orleans,NO,away,4395628,Zion Williamson,F,True,False,16.0,11.0,4.0,1.0,0.0,0.0,1.0,,,,,,,-23.0,espn_api
401898389,2026,2026-10-06,Pelicans,New Orleans,NO,away,4397688,Trey Murphy III,F,True,False,19.0,11.0,3.0,2.0,2.0,0.0,0.0,,,,,,,-20.0,espn_api
401898389,2026,2026-10-06,Pelicans,New Orleans,NO,away,5061589,Yves Missi,C,True,False,19.0,6.0,7.0,1.0,1.0,1.0,0.0,,,,,,,-20.0,espn_api
401898389,2026,2026-10-06,Pelicans,New Orleans,NO,away,3907497,Dejounte Murray,G,True,False,19.0,6.0,4.0,6.0,0.0,0.0,1.0,,,,,,,-20.0,espn_api
401898389,2026,2026-10-06,Pelicans,New Orleans,NO,away,4431675,Trendon Watford,F,False,False,12.0,7.0,6.0,1.0,2.0,0.0,1.0,,,,,,,9.0,espn_api
401898389,2026,2026-10-06,Pelicans,New Orleans,NO,away,4433623,Caleb Houstan,F,False,False,6.0,0.0,0.0,0.0,0.0,0.0,1.0,,,,,,,7.0,espn_api
401898389,2026,2026-10-06,Pelicans,New Orleans,NO,away,4997538,Karlo Matkovic,F,False,False,12.0,3.0,3.0,1.0,2.0,1.0,0.0,,,,,,,9.0,espn_api
401898389,2026,2026-10-06,Pelicans,New Orleans,NO,away,4869780,Derik Queen,C,False,False,17.0,10.0,9.0,1.0,3.0,0.0,2.0,,,,,,,17.0,espn_api
401898389,2026,2026-10-06,Pelicans,New Orleans,NO,away,4277956,Jordan Poole,G,False,False,16.0,9.0,1.0,0.0,1.0,0.0,0.0,,,,,,,17.0,espn_api
401898389,2026,2026-10-06,Pelicans,New Orleans,NO,away,4397136,Saddiq Bey,G,False,False,20.0,5.0,2.0,0.0,1.0,0.0,1.0,,,,,,,20.0,espn_api
401898389,2026,2026-10-06,Pelicans,New Orleans,NO,away,4576086,Bryce McGowens,G,False,False,12.0,7.0,1.0,1.0,2.0,1.0,1.0,,,,,,,9.0,espn_api
401898389,2026,2026-10-06,Pelicans,New Orleans,NO,away,4683634,Bennedict Mathurin,G,False,False,17.0,13.0,2.0,5.0,0.0,0.0,1.0,,,,,,,17.0,espn_api
401898389,2026,2026-10-06,Pelicans,New Orleans,NO,away,4683736,Kobe Bufkin,G,False,False,6.0,6.0,1.0,0.0,0.0,0.0,0.0,,,,,,,2.0,espn_api
401898389,2026,2026-10-06,Pelicans,New Orleans,NO,away,4703115,Jaron Pierre Jr.,G,False,False,12.0,3.0,4.0,3.0,0.0,1.0,1.0,,,,,,,9.0,espn_api
401898389,2026,2026-10-06,Pelicans,New Orleans,NO,away,5144091,Jeremiah Fears,G,False,False,17.0,12.0,2.0,1.0,0.0,0.0,1.0,,,,,,,17.0,espn_api
401898389,2026,2026-10-06,Pelicans,New Orleans,NO,away,4683742,Julian Reese,F,False,True,,,,,,,,,,,,,,,espn_api
401898389,2026,2026-10-06,Pelicans,New Orleans,NO,away,4712862,Malik Dia,F,False,True,,,,,,,,,,,,,,,espn_api
401898389,2026,2026-10-06,Pelicans,New Orleans,NO,away,3442,DeAndre Jordan,C,False,True,,,,,,,,,,,,,,,espn_api
401898389,2026,2026-10-06,Pelicans,New Orleans,NO,away,4431778,Christian Koloko,C,False,True,,,,,,,,,,,,,,,espn_api
401898389,2026,2026-10-06,Thunder,Oklahoma City,OKC,home,5174983,Aday Mara,C,True,False,18.0,12.0,9.0,3.0,0.0,3.0,2.0,,,,,,,13.0,espn_api
401898389,2026,2026-10-06,Thunder,Oklahoma City,OKC,home,3133626,Kenrich Williams,G,True,False,18.0,9.0,8.0,2.0,1.0,1.0,1.0,,,,,,,14.0,espn_api
401898389,2026,2026-10-06,Thunder,Oklahoma City,OKC,home,4683778,Jared McCain,G,True,False,16.0,12.0,1.0,5.0,1.0,0.0,1.0,,,,,,,8.0,espn_api
401898389,2026,2026-10-06,Thunder,Oklahoma City,OKC,home,4900671,Ajay Mitchell,G,True,False,18.0,11.0,1.0,4.0,0.0,0.0,2.0,,,,,,,13.0,espn_api
401898389,2026,2026-10-06,Thunder,Oklahoma City,OKC,home,5241364,Bennett Stirtz,G,True,False,31.0,15.0,5.0,6.0,0.0,0.0,4.0,,,,,,,-7.0,espn_api
401898389,2026,2026-10-06,Thunder,Oklahoma City,OKC,home,4684208,Brooks Barnhizer,F,False,False,26.0,12.0,7.0,3.0,0.0,1.0,2.0,,,,,,,-8.0,espn_api
401898389,2026,2026-10-06,Thunder,Oklahoma City,OKC,home,5116468,Andrew Holifield,F,False,False,7.0,4.0,0.0,0.0,0.0,0.0,0.0,,,,,,,-17.0,espn_api
401898389,2026,2026-10-06,Thunder,Oklahoma City,OKC,home,5109790,Christoph Tilly,C,False,False,25.0,9.0,4.0,2.0,0.0,1.0,3.0,,,,,,,-5.0,espn_api
401898389,2026,2026-10-06,Thunder,Oklahoma City,OKC,home,4277923,Zhaire Smith,G,False,False,14.0,2.0,1.0,0.0,0.0,1.0,1.0,,,,,,,-19.0,espn_api
401898389,2026,2026-10-06,Thunder,Oklahoma City,OKC,home,4897155,Anthony Pritchard,G,False,False,10.0,7.0,2.0,1.0,2.0,0.0,2.0,,,,,,,-13.0,espn_api
401898389,2026,2026-10-06,Thunder,Oklahoma City,OKC,home,5105800,Josh Dix,G,False,False,30.0,11.0,2.0,2.0,0.0,0.0,2.0,,,,,,,-2.0,espn_api
401898389,2026,2026-10-06,Thunder,Oklahoma City,OKC,home,5106270,Otega Oweh,G,False,False,28.0,6.0,6.0,1.0,2.0,1.0,2.0,,,,,,,-7.0,espn_api
401898389,2026,2026-10-06,Thunder,Oklahoma City,OKC,home,4685802,Robert McCray V,G,False,True,,,,,,,,,,,,,,,espn_api
401914128,2026,2026-10-06,Nuggets,Denver,DEN,away,3064290,Aaron Gordon,F,True,False,15.0,18.0,5.0,0.0,0.0,0.0,0.0,,,,,,,6.0,espn_api
401914128,2026,2026-10-06,Nuggets,Denver,DEN,away,3138196,Cameron Johnson,F,True,False,15.0,10.0,1.0,1.0,0.0,0.0,0.0,,,,,,,6.0,espn_api
401914128,2026,2026-10-06,Nuggets,Denver,DEN,away,3112335,Nikola Jokic,C,True,False,16.0,6.0,4.0,5.0,1.0,0.0,2.0,,,,,,,2.0,espn_api
401914128,2026,2026-10-06,Nuggets,Denver,DEN,away,3936299,Jamal Murray,G,True,False,16.0,4.0,2.0,3.0,0.0,1.0,0.0,,,,,,,4.0,espn_api
401914128,2026,2026-10-06,Nuggets,Denver,DEN,away,4431767,Christian Braun,G,True,False,14.0,5.0,4.0,0.0,0.0,1.0,1.0,,,,,,,-2.0,espn_api
401914128,2026,2026-10-06,Nuggets,Denver,DEN,away,4065813,Alpha Diallo,F,False,False,21.0,8.0,2.0,0.0,2.0,0.0,3.0,,,,,,,8.0,espn_api
401914128,2026,2026-10-06,Nuggets,Denver,DEN,away,4277848,Marvin Bagley III,F,False,False,15.0,10.0,5.0,0.0,1.0,1.0,1.0,,,,,,,15.0,espn_api
401914128,2026,2026-10-06,Nuggets,Denver,DEN,away,4431690,Zeke Nnaji,F,False,False,9.0,6.0,4.0,0.0,0.0,1.0,2.0,,,,,,,-3.0,espn_api
401914128,2026,2026-10-06,Nuggets,Denver,DEN,away,4433607,DaRon Holmes II,F,False,False,8.0,4.0,3.0,1.0,0.0,2.0,0.0,,,,,,,-3.0,espn_api
401914128,2026,2026-10-06,Nuggets,Denver,DEN,away,4565698,Bryce Hopkins,F,False,False,11.0,1.0,1.0,1.0,0.0,0.0,1.0,,,,,,,-7.0,espn_api
401914128,2026,2026-10-06,Nuggets,Denver,DEN,away,4698719,Trevon Brazile,F,False,False,17.0,4.0,2.0,0.0,0.0,1.0,1.0,,,,,,,7.0,espn_api
401914128,2026,2026-10-06,Nuggets,Denver,DEN,away,5105592,Cam Whitmore,F,False,False,15.0,14.0,1.0,0.0,0.0,0.0,0.0,,,,,,,-7.0,espn_api
401914128,2026,2026-10-06,Nuggets,Denver,DEN,away,3978,DeMar DeRozan,G,False,False,11.0,7.0,1.0,1.0,0.0,0.0,0.0,,,,,,,8.0,espn_api
401914128,2026,2026-10-06,Nuggets,Denver,DEN,away,3135046,Tyus Jones,G,False,False,15.0,2.0,2.0,6.0,2.0,0.0,1.0,,,,,,,12.0,espn_api
401914128,2026,2026-10-06,Nuggets,Denver,DEN,away,4277890,Lonnie Walker IV,G,False,False,8.0,1.0,0.0,0.0,0.0,0.0,0.0,,,,,,,-5.0,espn_api
401914128,2026,2026-10-06,Nuggets,Denver,DEN,away,4432181,Julian Strawther,G,False,False,18.0,15.0,4.0,3.0,1.0,0.0,2.0,,,,,,,13.0,espn_api
401914128,2026,2026-10-06,Nuggets,Denver,DEN,away,4433629,Ryan Nembhard,G,False,False,16.0,2.0,0.0,5.0,1.0,0.0,1.0,,,,,,,1.0,espn_api
401914128,2026,2026-10-06,Nuggets,Denver,DEN,away,4432872,Emanuel Miller,F,False,True,,,,,,,,,,,,,,,espn_api
401914128,2026,2026-10-06,Nuggets,Denver,DEN,away,4432976,Coleman Hawkins,F,False,True,,,,,,,,,,,,,,,espn_api
401914128,2026,2026-10-06,Nuggets,Denver,DEN,away,4592427,Spencer Jones,F,False,True,,,,,,,,,,,,,,,espn_api
401914128,2026,2026-10-06,Nuggets,Denver,DEN,away,4395667,Dane Goodwin,G,False,True,,,,,,,,,,,,,,,espn_api
401914128,2026,2026-10-06,Jazz,Utah,UTAH,home,4277961,Jaren Jackson Jr.,F,True,False,16.0,7.0,1.0,0.0,0.0,1.0,1.0,,,,,,,-3.0,espn_api
401914128,2026,2026-10-06,Jazz,Utah,UTAH,home,4397077,Jaxson Hayes,C,True,False,14.0,7.0,4.0,0.0,0.0,1.0,0.0,,,,,,,-1.0,espn_api
401914128,2026,2026-10-06,Jazz,Utah,UTAH,home,4433627,Keyonte George,G,True,False,13.0,6.0,0.0,4.0,0.0,0.0,2.0,,,,,,,-5.0,espn_api
401914128,2026,2026-10-06,Jazz,Utah,UTAH,home,4873138,Ace Bailey,G,True,False,27.0,10.0,7.0,3.0,1.0,1.0,2.0,,,,,,,-5.0,espn_api
401914128,2026,2026-10-06,Jazz,Utah,UTAH,home,5041955,Darryn Peterson,G,True,False,30.0,23.0,3.0,3.0,0.0,0.0,2.0,,,,,,,-11.0,espn_api
401914128,2026,2026-10-06,Jazz,Utah,UTAH,home,4396963,Blake Hinson,F,False,False,12.0,0.0,0.0,1.0,0.0,0.0,1.0,,,,,,,3.0,espn_api
401914128,2026,2026-10-06,Jazz,Utah,UTAH,home,4433618,Harrison Ingram,F,False,False,8.0,9.0,5.0,2.0,0.0,0.0,0.0,,,,,,,5.0,espn_api
401914128,2026,2026-10-06,Jazz,Utah,UTAH,home,4277919,Mo Bamba,C,False,False,20.0,8.0,10.0,0.0,0.0,0.0,2.0,,,,,,,-18.0,espn_api
401914128,2026,2026-10-06,Jazz,Utah,UTAH,home,4684682,Jonas Aidoo,C,False,False,8.0,6.0,5.0,0.0,0.0,1.0,0.0,,,,,,,5.0,espn_api
401914128,2026,2026-10-06,Jazz,Utah,UTAH,home,3133602,Svi Mykhailiuk,G,False,False,22.0,9.0,3.0,0.0,2.0,1.0,1.0,,,,,,,-9.0,espn_api
401914128,2026,2026-10-06,Jazz,Utah,UTAH,home,4065663,Josh Okogie,G,False,False,25.0,8.0,3.0,3.0,1.0,0.0,0.0,,,,,,,-12.0,espn_api
401914128,2026,2026-10-06,Jazz,Utah,UTAH,home,4432811,Josh Green,G,False,False,11.0,0.0,2.0,2.0,2.0,0.0,0.0,,,,,,,0.0,espn_api
401914128,2026,2026-10-06,Jazz,Utah,UTAH,home,4433268,Trey Alexander,G,False,False,8.0,7.0,0.0,1.0,0.0,0.0,0.0,,,,,,,5.0,espn_api
401914128,2026,2026-10-06,Jazz,Utah,UTAH,home,4683766,Isaiah Collier,G,False,False,17.0,6.0,0.0,3.0,0.0,0.0,2.0,,,,,,,-12.0,espn_api
401914128,2026,2026-10-06,Jazz,Utah,UTAH,home,4683933,Tamar Bates,G,False,False,12.0,0.0,0.0,0.0,0.0,0.0,1.0,,,,,,,3.0,espn_api
401914128,2026,2026-10-06,Jazz,Utah,UTAH,home,4066336,Lauri Markkanen,F,False,True,,,,,,,,,,,,,,,espn_api
401914128,2026,2026-10-06,Jazz,Utah,UTAH,home,4278395,Taylor Funk,F,False,True,,,,,,,,,,,,,,,espn_api
401914128,2026,2026-10-06,Jazz,Utah,UTAH,home,4684793,Kyle Filipowski,F,False,True,,,,,,,,,,,,,,,espn_api
401914128,2026,2026-10-06,Jazz,Utah,UTAH,home,5105839,Brice Sensabaugh,F,False,True,,,,,,,,,,,,,,,espn_api
401914128,2026,2026-10-06,Jazz,Utah,UTAH,home,3102530,Jusuf Nurkic,C,False,True,,,,,,,,,,,,,,,espn_api
401914128,2026,2026-10-06,Jazz,Utah,UTAH,home,4395997,Terrell Brown Jr.,G,False,True,,,,,,,,,,,,,,,espn_api
401898390,2026,2026-10-06,Lakers,Los Angeles,LAL,away,4278580,Sandro Mamukelashvili,F,True,False,18.0,15.0,2.0,2.0,0.0,1.0,1.0,,,,,,,-20.0,espn_api
401898390,2026,2026-10-06,Lakers,Los Angeles,LAL,away,4592691,Jake LaRavia,F,True,False,22.0,9.0,3.0,1.0,3.0,1.0,1.0,,,,,,,-24.0,espn_api
401898390,2026,2026-10-06,Lakers,Los Angeles,LAL,away,5060631,Adou Thiero,F,True,False,17.0,7.0,4.0,0.0,0.0,0.0,2.0,,,,,,,-12.0,espn_api
401898390,2026,2026-10-06,Lakers,Los Angeles,LAL,away,4397014,Quentin Grimes,G,True,False,23.0,12.0,1.0,3.0,1.0,0.0,3.0,,,,,,,-24.0,espn_api
401898390,2026,2026-10-06,Lakers,Los Angeles,LAL,away,4683774,Bronny James,G,True,False,21.0,4.0,1.0,5.0,0.0,0.0,3.0,,,,,,,-13.0,espn_api
401898390,2026,2026-10-06,Lakers,Los Angeles,LAL,away,3155535,Kevon Looney,F,False,False,13.0,0.0,3.0,2.0,0.0,1.0,0.0,,,,,,,-6.0,espn_api
401898390,2026,2026-10-06,Lakers,Los Angeles,LAL,away,4278077,Jarred Vanderbilt,F,False,False,16.0,2.0,5.0,1.0,3.0,1.0,1.0,,,,,,,-2.0,espn_api
401898390,2026,2026-10-06,Lakers,Los Angeles,LAL,away,4397134,Cole Swider,F,False,False,12.0,9.0,2.0,0.0,0.0,0.0,0.0,,,,,,,-5.0,espn_api
401898390,2026,2026-10-06,Lakers,Los Angeles,LAL,away,4897943,Dalton Knecht,F,False,False,22.0,11.0,1.0,1.0,0.0,0.0,3.0,,,,,,,3.0,espn_api
401898390,2026,2026-10-06,Lakers,Los Angeles,LAL,away,5107258,William Kyle III,F,False,False,10.0,0.0,2.0,0.0,0.0,0.0,0.0,,,,,,,-3.0,espn_api
401898390,2026,2026-10-06,Lakers,Los Angeles,LAL,away,5114350,AK Okereke,F,False,False,13.0,4.0,3.0,2.0,0.0,0.0,0.0,,,,,,,-1.0,espn_api
401898390,2026,2026-10-06,Lakers,Los Angeles,LAL,away,4702972,Chris Manon,G,False,False,22.0,7.0,4.0,0.0,2.0,1.0,1.0,,,,,,,-2.0,espn_api
401898390,2026,2026-10-06,Lakers,Los Angeles,LAL,away,4868423,Jaden Hardy,G,False,False,19.0,13.0,4.0,3.0,2.0,0.0,5.0,,,,,,,-9.0,espn_api
401898390,2026,2026-10-06,Lakers,Los Angeles,LAL,away,5113969,Cameron Carr,G,False,False,12.0,5.0,0.0,0.0,2.0,0.0,2.0,,,,,,,-12.0,espn_api
401898390,2026,2026-10-06,Lakers,Los Angeles,LAL,away,4433137,Ziaire Williams,F,False,True,,,,,,,,,,,,,,,espn_api
401898390,2026,2026-10-06,Lakers,Los Angeles,LAL,away,4433599,Arthur Kaluma,F,False,True,,,,,,,,,,,,,,,espn_api
401898390,2026,2026-10-06,Lakers,Los Angeles,LAL,away,4433136,Walker Kessler,C,False,True,,,,,,,,,,,,,,,espn_api
401898390,2026,2026-10-06,Lakers,Los Angeles,LAL,away,3907498,Matisse Thybulle,G,False,True,,,,,,,,,,,,,,,espn_api
401898390,2026,2026-10-06,Lakers,Los Angeles,LAL,away,3945274,Luka Doncic,G,False,True,,,,,,,,,,,,,,,espn_api
401898390,2026,2026-10-06,Lakers,Los Angeles,LAL,away,4066457,Austin Reaves,G,False,True,,,,,,,,,,,,,,,espn_api
401898390,2026,2026-10-06,Lakers,Los Angeles,LAL,away,4277811,Collin Sexton,G,False,True,,,,,,,,,,,,,,,espn_api
401898390,2026,2026-10-06,Warriors,Golden State,GS,home,6589,Draymond Green,F,True,False,15.0,3.0,2.0,8.0,1.0,0.0,2.0,,,,,,,25.0,espn_api
401898390,2026,2026-10-06,Warriors,Golden State,GS,home,4997536,Gui Santos,F,True,False,21.0,7.0,3.0,2.0,1.0,1.0,1.0,,,,,,,13.0,espn_api
401898390,2026,2026-10-06,Warriors,Golden State,GS,home,5175737,Yaxel Lendeborg,F,True,False,21.0,17.0,9.0,2.0,0.0,1.0,2.0,,,,,,,21.0,espn_api
401898390,2026,2026-10-06,Warriors,Golden State,GS,home,3975,Stephen Curry,G,True,False,14.0,16.0,2.0,5.0,0.0,0.0,0.0,,,,,,,26.0,espn_api
401898390,2026,2026-10-06,Warriors,Golden State,GS,home,4709138,Brandin Podziemski,G,True,False,19.0,16.0,2.0,1.0,1.0,1.0,2.0,,,,,,,12.0,espn_api
401898390,2026,2026-10-06,Warriors,Golden State,GS,home,2990969,Georges Niang,F,False,False,19.0,7.0,1.0,0.0,1.0,0.0,0.0,,,,,,,5.0,espn_api
401898390,2026,2026-10-06,Warriors,Golden State,GS,home,4703396,Graham Ike,F,False,False,12.0,6.0,7.0,3.0,0.0,0.0,2.0,,,,,,,-12.0,espn_api
401898390,2026,2026-10-06,Warriors,Golden State,GS,home,4897449,Malevy Leons,F,False,False,10.0,5.0,1.0,1.0,0.0,0.0,1.0,,,,,,,2.0,espn_api
401898390,2026,2026-10-06,Warriors,Golden State,GS,home,5170949,Alex Toohey,F,False,False,3.0,3.0,1.0,0.0,0.0,0.0,0.0,,,,,,,9.0,espn_api
401898390,2026,2026-10-06,Warriors,Golden State,GS,home,4397886,Charles Bassey,C,False,False,14.0,4.0,6.0,2.0,1.0,3.0,0.0,,,,,,,15.0,espn_api
401898390,2026,2026-10-06,Warriors,Golden State,GS,home,3134903,Gary Payton II,G,False,False,16.0,4.0,5.0,1.0,1.0,0.0,2.0,,,,,,,14.0,espn_api
401898390,2026,2026-10-06,Warriors,Golden State,GS,home,4066436,De'Anthony Melton,G,False,False,18.0,9.0,1.0,3.0,1.0,0.0,2.0,,,,,,,-5.0,espn_api
401898390,2026,2026-10-06,Warriors,Golden State,GS,home,4397040,Brandon Williams,G,False,False,18.0,10.0,2.0,1.0,1.0,1.0,5.0,,,,,,,1.0,espn_api
401898390,2026,2026-10-06,Warriors,Golden State,GS,home,4433149,LJ Cryer,G,False,False,9.0,2.0,0.0,1.0,1.0,0.0,2.0,,,,,,,-6.0,espn_api
401898390,2026,2026-10-06,Warriors,Golden State,GS,home,4433159,Dalen Terry,G,False,False,8.0,4.0,1.0,1.0,1.0,0.0,1.0,,,,,,,6.0,espn_api
401898390,2026,2026-10-06,Warriors,Golden State,GS,home,4696317,Miles Kelly,G,False,False,6.0,6.0,0.0,0.0,0.0,1.0,1.0,,,,,,,-1.0,espn_api
401898390,2026,2026-10-06,Warriors,Golden State,GS,home,4897262,Will Richard,G,False,False,15.0,5.0,1.0,1.0,0.0,1.0,0.0,,,,,,,5.0,espn_api
401898390,2026,2026-10-06,Warriors,Golden State,GS,home,6430,Jimmy Butler III,F,False,True,,,,,,,,,,,,,,,espn_api
401898390,2026,2026-10-06,Warriors,Golden State,GS,home,3213,Al Horford,C,False,True,,,,,,,,,,,,,,,espn_api
401898390,2026,2026-10-06,Warriors,Golden State,GS,home,3102531,Kristaps Porzingis,C,False,True,,,,,,,,,,,,,,,espn_api
401898390,2026,2026-10-06,Warriors,Golden State,GS,home,4432171,Moses Moody,G,False,True,,,,,,,,,,,,,,,espn_api
401914123,2026,2026-10-07,Timberwolves,Minnesota,MIN,away,4431671,Jaden McDaniels,F,True,False,21.0,16.0,3.0,0.0,1.0,1.0,1.0,,,,,,,6.0,espn_api
401914123,2026,2026-10-07,Timberwolves,Minnesota,MIN,away,4433247,Jonathan Kuminga,F,True,False,19.0,2.0,1.0,3.0,1.0,0.0,0.0,,,,,,,-7.0,espn_api
401914123,2026,2026-10-07,Timberwolves,Minnesota,MIN,away,3032976,Rudy Gobert,C,True,False,19.0,7.0,9.0,2.0,1.0,0.0,2.0,,,,,,,7.0,espn_api
401914123,2026,2026-10-07,Timberwolves,Minnesota,MIN,away,4432816,LaMelo Ball,G,True,False,20.0,14.0,4.0,7.0,0.0,0.0,5.0,,,,,,,7.0,espn_api
401914123,2026,2026-10-07,Timberwolves,Minnesota,MIN,away,4594268,Anthony Edwards,G,True,False,20.0,19.0,1.0,1.0,0.0,0.0,0.0,,,,,,,1.0,espn_api
401914123,2026,2026-10-07,Timberwolves,Minnesota,MIN,away,3136196,Trey Lyles,F,False,False,12.0,8.0,4.0,2.0,0.0,0.0,0.0,,,,,,,-4.0,espn_api
401914123,2026,2026-10-07,Timberwolves,Minnesota,MIN,away,4592699,Enrique Freeman,F,False,False,8.0,0.0,1.0,0.0,1.0,2.0,1.0,,,,,,,-6.0,espn_api
401914123,2026,2026-10-07,Timberwolves,Minnesota,MIN,away,4702134,Norchad Omier,F,False,False,6.0,0.0,0.0,0.0,1.0,0.0,0.0,,,,,,,-6.0,espn_api
401914123,2026,2026-10-07,Timberwolves,Minnesota,MIN,away,4895758,Cody Williams,F,False,False,18.0,6.0,3.0,1.0,0.0,1.0,1.0,,,,,,,-4.0,espn_api
401914123,2026,2026-10-07,Timberwolves,Minnesota,MIN,away,5061585,Isaiah Evans,F,False,False,7.0,2.0,0.0,0.0,0.0,1.0,0.0,,,,,,,-4.0,espn_api
401914123,2026,2026-10-07,Timberwolves,Minnesota,MIN,away,5279133,Joan Beringer,F,False,False,19.0,2.0,8.0,0.0,0.0,1.0,2.0,,,,,,,-8.0,espn_api
401914123,2026,2026-10-07,Timberwolves,Minnesota,MIN,away,4397002,Ayo Dosunmu,G,False,False,17.0,10.0,1.0,3.0,1.0,0.0,1.0,,,,,,,-11.0,espn_api
401914123,2026,2026-10-07,Timberwolves,Minnesota,MIN,away,4432247,Jaylen Clark,G,False,False,11.0,0.0,1.0,0.0,2.0,0.0,2.0,,,,,,,-16.0,espn_api
401914123,2026,2026-10-07,Timberwolves,Minnesota,MIN,away,4432847,Terrence Shannon Jr.,G,False,False,17.0,9.0,1.0,2.0,1.0,0.0,1.0,,,,,,,-7.0,espn_api
401914123,2026,2026-10-07,Timberwolves,Minnesota,MIN,away,4592492,Bones Hyland,G,False,False,11.0,10.0,0.0,1.0,1.0,1.0,1.0,,,,,,,2.0,espn_api
401914123,2026,2026-10-07,Timberwolves,Minnesota,MIN,away,4592979,Zyon Pullin,G,False,False,14.0,7.0,3.0,0.0,0.0,0.0,2.0,,,,,,,-5.0,espn_api
401914123,2026,2026-10-07,Timberwolves,Minnesota,MIN,away,4431695,Drew Timme,F,False,True,,,,,,,,,,,,,,,espn_api
401914123,2026,2026-10-07,Timberwolves,Minnesota,MIN,away,4431828,KJ Martin,F,False,True,,,,,,,,,,,,,,,espn_api
401914123,2026,2026-10-07,Timberwolves,Minnesota,MIN,away,5157587,Rocco Zikarsky,C,False,True,,,,,,,,,,,,,,,espn_api
401914123,2026,2026-10-07,Timberwolves,Minnesota,MIN,away,4592686,Antonio Reeves,G,False,True,,,,,,,,,,,,,,,espn_api
401914123,2026,2026-10-07,Pacers,Indiana,IND,home,3149673,Pascal Siakam,F,True,False,19.0,10.0,2.0,3.0,1.0,2.0,1.0,,,,,,,-4.0,espn_api
401914123,2026,2026-10-07,Pacers,Indiana,IND,home,4017837,Ivica Zubac,C,True,False,18.0,6.0,3.0,2.0,1.0,0.0,3.0,,,,,,,-13.0,espn_api
401914123,2026,2026-10-07,Pacers,Indiana,IND,home,4395712,Andrew Nembhard,G,True,False,16.0,4.0,1.0,2.0,1.0,0.0,1.0,,,,,,,1.0,espn_api
401914123,2026,2026-10-07,Pacers,Indiana,IND,home,4396909,Aaron Nesmith,G,True,False,16.0,19.0,0.0,0.0,0.0,0.0,0.0,,,,,,,-13.0,espn_api
401914123,2026,2026-10-07,Pacers,Indiana,IND,home,4396993,Tyrese Haliburton,G,True,False,16.0,7.0,0.0,6.0,1.0,2.0,1.0,,,,,,,-12.0,espn_api
401914123,2026,2026-10-07,Pacers,Indiana,IND,home,4278355,Obi Toppin,F,False,False,11.0,10.0,2.0,1.0,1.0,1.0,2.0,,,,,,,9.0,espn_api
401914123,2026,2026-10-07,Pacers,Indiana,IND,home,4398207,Jalen Slawson,F,False,False,18.0,4.0,5.0,1.0,2.0,2.0,2.0,,,,,,,16.0,espn_api
401914123,2026,2026-10-07,Pacers,Indiana,IND,home,5106060,Jarace Walker,F,False,False,28.0,7.0,5.0,10.0,0.0,0.0,1.0,,,,,,,18.0,espn_api
401914123,2026,2026-10-07,Pacers,Indiana,IND,home,4065731,Jay Huff,C,False,False,17.0,16.0,4.0,4.0,1.0,1.0,2.0,,,,,,,9.0,espn_api
401914123,2026,2026-10-07,Pacers,Indiana,IND,home,3133603,Kelly Oubre Jr.,G,False,False,10.0,5.0,1.0,2.0,2.0,0.0,2.0,,,,,,,10.0,espn_api
401914123,2026,2026-10-07,Pacers,Indiana,IND,home,4431752,Kobe Brown,G,False,False,17.0,5.0,5.0,1.0,0.0,0.0,2.0,,,,,,,5.0,espn_api
401914123,2026,2026-10-07,Pacers,Indiana,IND,home,4433076,Ben Sheppard,G,False,False,22.0,13.0,5.0,0.0,2.0,0.0,1.0,,,,,,,6.0,espn_api
401914123,2026,2026-10-07,Pacers,Indiana,IND,home,4592829,Quenton Jackson,G,False,False,10.0,5.0,1.0,1.0,0.0,0.0,1.0,,,,,,,4.0,espn_api
401914123,2026,2026-10-07,Pacers,Indiana,IND,home,5105854,Braden Smith,G,False,False,14.0,3.0,5.0,5.0,0.0,0.0,1.0,,,,,,,11.0,espn_api
401914123,2026,2026-10-07,Pacers,Indiana,IND,home,4592677,Rienk Mast,NA,False,False,5.0,5.0,3.0,1.0,0.0,0.0,0.0,,,,,,,6.0,espn_api
401914123,2026,2026-10-07,Pacers,Indiana,IND,home,5105647,Keba Keita,NA,False,False,2.0,4.0,1.0,0.0,0.0,0.0,0.0,,,,,,,2.0,espn_api
401914123,2026,2026-10-07,Pacers,Indiana,IND,home,3999,James Johnson,F,False,True,,,,,,,,,,,,,,,espn_api
401898391,2026,2026-10-07,Magic,Orlando,ORL,away,4432573,Paolo Banchero,F,True,False,15.0,11.0,1.0,5.0,0.0,0.0,2.0,,,,,,,8.0,espn_api
401898391,2026,2026-10-07,Magic,Orlando,ORL,away,4566434,Franz Wagner,F,True,False,14.0,6.0,2.0,7.0,2.0,0.0,1.0,,,,,,,7.0,espn_api
401898391,2026,2026-10-07,Magic,Orlando,ORL,away,4277847,Wendell Carter Jr.,C,True,False,15.0,13.0,4.0,2.0,0.0,0.0,0.0,,,,,,,17.0,espn_api
401898391,2026,2026-10-07,Magic,Orlando,ORL,away,4066320,Desmond Bane,G,True,False,13.0,9.0,1.0,1.0,0.0,0.0,1.0,,,,,,,11.0,espn_api
401898391,2026,2026-10-07,Magic,Orlando,ORL,away,5239561,Jase Richardson,G,True,False,23.0,3.0,3.0,3.0,0.0,0.0,0.0,,,,,,,11.0,espn_api
401898391,2026,2026-10-07,Magic,Orlando,ORL,away,4278075,Kevin Knox II,F,False,False,13.0,11.0,6.0,0.0,0.0,0.0,0.0,,,,,,,-4.0,espn_api
401898391,2026,2026-10-07,Magic,Orlando,ORL,away,4278572,Jamal Cain,F,False,False,22.0,15.0,2.0,1.0,0.0,0.0,1.0,,,,,,,4.0,espn_api
401898391,2026,2026-10-07,Magic,Orlando,ORL,away,4565201,Malaki Branham,F,False,False,13.0,5.0,5.0,0.0,0.0,0.0,3.0,,,,,,,-4.0,espn_api
401898391,2026,2026-10-07,Magic,Orlando,ORL,away,4702382,Tristan da Silva,F,False,False,25.0,19.0,5.0,2.0,1.0,0.0,0.0,,,,,,,-8.0,espn_api
401898391,2026,2026-10-07,Magic,Orlando,ORL,away,6478,Nikola Vucevic,C,False,False,12.0,9.0,3.0,1.0,1.0,1.0,0.0,,,,,,,-14.0,espn_api
401898391,2026,2026-10-07,Magic,Orlando,ORL,away,4348700,Goga Bitadze,C,False,False,13.0,7.0,2.0,0.0,0.0,1.0,1.0,,,,,,,3.0,espn_api
401898391,2026,2026-10-07,Magic,Orlando,ORL,away,4397204,Colin Castleton,C,False,False,8.0,4.0,2.0,0.0,0.0,1.0,2.0,,,,,,,-2.0,espn_api
401898391,2026,2026-10-07,Magic,Orlando,ORL,away,3133635,Jevon Carter,G,False,False,19.0,5.0,4.0,6.0,0.0,0.0,2.0,,,,,,,-7.0,espn_api
401898391,2026,2026-10-07,Magic,Orlando,ORL,away,4576085,JD Davison,G,False,False,10.0,1.0,2.0,5.0,1.0,0.0,0.0,,,,,,,-1.0,espn_api
401898391,2026,2026-10-07,Magic,Orlando,ORL,away,4593034,Alex Morales,G,False,False,24.0,4.0,10.0,2.0,1.0,1.0,1.0,,,,,,,-1.0,espn_api
401898391,2026,2026-10-07,Magic,Orlando,ORL,away,4065654,Jonathan Isaac,F,False,True,,,,,,,,,,,,,,,espn_api
401898391,2026,2026-10-07,Magic,Orlando,ORL,away,5107251,Izaiyah Nelson,F,False,True,,,,,,,,,,,,,,,espn_api
401898391,2026,2026-10-07,Magic,Orlando,ORL,away,5214637,Noah Penda,F,False,True,,,,,,,,,,,,,,,espn_api
401898391,2026,2026-10-07,Magic,Orlando,ORL,away,4432165,Jalen Suggs,G,False,True,,,,,,,,,,,,,,,espn_api
401898391,2026,2026-10-07,Magic,Orlando,ORL,away,4712849,Anthony Black,G,False,True,,,,,,,,,,,,,,,espn_api
401898391,2026,2026-10-07,Grizzlies,Memphis,MEM,home,4903027,Cedric Coward,F,True,False,22.0,8.0,4.0,3.0,0.0,0.0,0.0,,,,,,,-13.0,espn_api
401898391,2026,2026-10-07,Grizzlies,Memphis,MEM,home,5041935,Cameron Boozer,F,True,False,22.0,16.0,6.0,2.0,0.0,0.0,2.0,,,,,,,-13.0,espn_api
401898391,2026,2026-10-07,Grizzlies,Memphis,MEM,home,5112087,Jaylen Wells,F,True,False,22.0,6.0,5.0,0.0,0.0,0.0,0.0,,,,,,,-13.0,espn_api
401898391,2026,2026-10-07,Grizzlies,Memphis,MEM,home,4600663,Zach Edey,C,True,False,10.0,2.0,4.0,1.0,1.0,1.0,0.0,,,,,,,-10.0,espn_api
401898391,2026,2026-10-07,Grizzlies,Memphis,MEM,home,4065733,Ty Jerome,G,True,False,19.0,17.0,1.0,4.0,0.0,0.0,0.0,,,,,,,-2.0,espn_api
401898391,2026,2026-10-07,Grizzlies,Memphis,MEM,home,2991070,Jerami Grant,F,False,False,20.0,3.0,3.0,1.0,0.0,0.0,0.0,,,,,,,6.0,espn_api
401898391,2026,2026-10-07,Grizzlies,Memphis,MEM,home,4594326,Kris Murray,F,False,False,10.0,5.0,1.0,1.0,1.0,0.0,0.0,,,,,,,3.0,espn_api
401898391,2026,2026-10-07,Grizzlies,Memphis,MEM,home,4595400,Olivier-Maxence Prosper,F,False,False,12.0,9.0,0.0,1.0,0.0,1.0,0.0,,,,,,,3.0,espn_api
401898391,2026,2026-10-07,Grizzlies,Memphis,MEM,home,4684806,Taylor Hendricks,F,False,False,11.0,12.0,2.0,1.0,0.0,1.0,0.0,,,,,,,7.0,espn_api
401898391,2026,2026-10-07,Grizzlies,Memphis,MEM,home,5105550,GG Jackson,F,False,False,14.0,15.0,6.0,0.0,1.0,0.0,0.0,,,,,,,6.0,espn_api
401898391,2026,2026-10-07,Grizzlies,Memphis,MEM,home,5231919,Karim Lopez,F,False,False,6.0,0.0,0.0,1.0,0.0,0.0,0.0,,,,,,,0.0,espn_api
401898391,2026,2026-10-07,Grizzlies,Memphis,MEM,home,4593016,Quinten Post,C,False,False,15.0,5.0,1.0,4.0,0.0,0.0,0.0,,,,,,,1.0,espn_api
401898391,2026,2026-10-07,Grizzlies,Memphis,MEM,home,5105817,Carson Cooper,C,False,False,5.0,0.0,2.0,0.0,0.0,0.0,0.0,,,,,,,-2.0,espn_api
401898391,2026,2026-10-07,Grizzlies,Memphis,MEM,home,4431785,Scotty Pippen Jr.,G,False,False,14.0,1.0,0.0,2.0,3.0,0.0,1.0,,,,,,,6.0,espn_api
401898391,2026,2026-10-07,Grizzlies,Memphis,MEM,home,4433083,Cam Spencer,G,False,False,16.0,7.0,1.0,5.0,1.0,0.0,2.0,,,,,,,-6.0,espn_api
401898391,2026,2026-10-07,Grizzlies,Memphis,MEM,home,4781746,Javon Small,G,False,False,8.0,3.0,0.0,2.0,0.0,0.0,0.0,,,,,,,3.0,espn_api
401898391,2026,2026-10-07,Grizzlies,Memphis,MEM,home,4896372,Walter Clayton Jr.,G,False,False,13.0,9.0,4.0,3.0,0.0,1.0,2.0,,,,,,,4.0,espn_api
401898391,2026,2026-10-07,Grizzlies,Memphis,MEM,home,4432810,Isaiah Stewart,C,False,True,,,,,,,,,,,,,,,espn_api
401898391,2026,2026-10-07,Grizzlies,Memphis,MEM,home,4432185,Micah Peavy,G,False,True,,,,,,,,,,,,,,,espn_api
401898391,2026,2026-10-07,Grizzlies,Memphis,MEM,home,4683934,Jahmai Mashack,G,False,True,,,,,,,,,,,,,,,espn_api
401908620,2026,2026-10-07,Bucks,Milwaukee,MIL,away,4432848,Jaime Jaquez Jr.,F,True,False,22.0,13.0,1.0,3.0,2.0,0.0,2.0,,,,,,,-6.0,espn_api
401908620,2026,2026-10-07,Bucks,Milwaukee,MIL,away,3133628,Myles Turner,C,True,False,22.0,19.0,5.0,0.0,1.0,2.0,1.0,,,,,,,16.0,espn_api
401908620,2026,2026-10-07,Bucks,Milwaukee,MIL,away,5105623,Kel'el Ware,C,True,False,25.0,18.0,12.0,1.0,0.0,1.0,1.0,,,,,,,-9.0,espn_api
401908620,2026,2026-10-07,Bucks,Milwaukee,MIL,away,4395725,Tyler Herro,G,True,False,23.0,13.0,3.0,3.0,0.0,1.0,2.0,,,,,,,8.0,espn_api
401908620,2026,2026-10-07,Bucks,Milwaukee,MIL,away,4591725,Ryan Rollins,G,True,False,21.0,12.0,3.0,7.0,1.0,1.0,1.0,,,,,,,2.0,espn_api
401908620,2026,2026-10-07,Bucks,Milwaukee,MIL,away,4397233,Pete Nance,F,False,False,13.0,6.0,5.0,0.0,0.0,0.0,1.0,,,,,,,4.0,espn_api
401908620,2026,2026-10-07,Bucks,Milwaukee,MIL,away,4997526,Ousmane Dieng,F,False,False,23.0,8.0,5.0,7.0,0.0,0.0,1.0,,,,,,,2.0,espn_api
401908620,2026,2026-10-07,Bucks,Milwaukee,MIL,away,5164559,Nate Ament,F,False,False,10.0,3.0,4.0,1.0,1.0,0.0,0.0,,,,,,,-1.0,espn_api
401908620,2026,2026-10-07,Bucks,Milwaukee,MIL,away,5214989,Bogoljub Markovic,F,False,False,6.0,2.0,2.0,0.0,0.0,0.0,1.0,,,,,,,5.0,espn_api
401908620,2026,2026-10-07,Bucks,Milwaukee,MIL,away,4277922,Jericho Sims,C,False,False,18.0,6.0,6.0,2.0,0.0,0.0,2.0,,,,,,,-21.0,espn_api
401908620,2026,2026-10-07,Bucks,Milwaukee,MIL,away,4397114,Cormac Ryan,G,False,False,11.0,2.0,2.0,0.0,1.0,1.0,1.0,,,,,,,9.0,espn_api
401908620,2026,2026-10-07,Bucks,Milwaukee,MIL,away,4697268,Kam Jones,G,False,False,10.0,0.0,2.0,2.0,0.0,0.0,2.0,,,,,,,6.0,espn_api
401908620,2026,2026-10-07,Bucks,Milwaukee,MIL,away,5082206,Brayden Burries,G,False,False,21.0,16.0,5.0,1.0,2.0,0.0,1.0,,,,,,,-4.0,espn_api
401908620,2026,2026-10-07,Bucks,Milwaukee,MIL,away,5214640,Kasparas Jakucionis,G,False,False,18.0,10.0,4.0,4.0,0.0,1.0,1.0,,,,,,,-1.0,espn_api
401908620,2026,2026-10-07,Bucks,Milwaukee,MIL,away,4432588,John Butler Jr.,F,False,True,,,,,,,,,,,,,,,espn_api
401908620,2026,2026-10-07,Bucks,Milwaukee,MIL,away,4433569,Johni Broome,F,False,True,,,,,,,,,,,,,,,espn_api
401908620,2026,2026-10-07,Bucks,Milwaukee,MIL,away,4398257,Jake Stephens,C,False,True,,,,,,,,,,,,,,,espn_api
401908620,2026,2026-10-07,Thunder,Oklahoma City,OKC,home,5174983,Aday Mara,C,True,False,25.0,22.0,6.0,2.0,0.0,1.0,0.0,,,,,,,17.0,espn_api
401908620,2026,2026-10-07,Thunder,Oklahoma City,OKC,home,2991350,Alex Caruso,G,True,False,17.0,12.0,4.0,2.0,0.0,1.0,0.0,,,,,,,15.0,espn_api
401908620,2026,2026-10-07,Thunder,Oklahoma City,OKC,home,4278073,Shai Gilgeous-Alexander,G,True,False,18.0,17.0,3.0,5.0,0.0,1.0,0.0,,,,,,,9.0,espn_api
401908620,2026,2026-10-07,Thunder,Oklahoma City,OKC,home,4593803,Jalen Williams,G,True,False,19.0,16.0,3.0,6.0,2.0,0.0,1.0,,,,,,,9.0,espn_api
401908620,2026,2026-10-07,Thunder,Oklahoma City,OKC,home,4683692,Cason Wallace,G,True,False,18.0,7.0,3.0,6.0,1.0,1.0,0.0,,,,,,,11.0,espn_api
401908620,2026,2026-10-07,Thunder,Oklahoma City,OKC,home,4684208,Brooks Barnhizer,F,False,False,19.0,6.0,3.0,1.0,0.0,0.0,2.0,,,,,,,-9.0,espn_api
401908620,2026,2026-10-07,Thunder,Oklahoma City,OKC,home,5116468,Andrew Holifield,F,False,False,6.0,2.0,1.0,1.0,0.0,0.0,0.0,,,,,,,2.0,espn_api
401908620,2026,2026-10-07,Thunder,Oklahoma City,OKC,home,5109790,Christoph Tilly,C,False,False,8.0,0.0,2.0,0.0,1.0,0.0,1.0,,,,,,,-14.0,espn_api
401908620,2026,2026-10-07,Thunder,Oklahoma City,OKC,home,3133626,Kenrich Williams,G,False,False,14.0,3.0,4.0,0.0,2.0,0.0,1.0,,,,,,,-8.0,espn_api
401908620,2026,2026-10-07,Thunder,Oklahoma City,OKC,home,4683778,Jared McCain,G,False,False,17.0,11.0,1.0,2.0,0.0,0.0,1.0,,,,,,,8.0,espn_api
401908620,2026,2026-10-07,Thunder,Oklahoma City,OKC,home,4897155,Anthony Pritchard,G,False,False,10.0,2.0,1.0,2.0,1.0,0.0,1.0,,,,,,,-3.0,espn_api
401908620,2026,2026-10-07,Thunder,Oklahoma City,OKC,home,4900671,Ajay Mitchell,G,False,False,17.0,3.0,2.0,5.0,0.0,1.0,4.0,,,,,,,-6.0,espn_api
401908620,2026,2026-10-07,Thunder,Oklahoma City,OKC,home,5105800,Josh Dix,G,False,False,14.0,3.0,0.0,0.0,0.0,0.0,1.0,,,,,,,-15.0,espn_api
401908620,2026,2026-10-07,Thunder,Oklahoma City,OKC,home,5106270,Otega Oweh,G,False,False,16.0,2.0,1.0,0.0,0.0,1.0,1.0,,,,,,,-6.0,espn_api
401908620,2026,2026-10-07,Thunder,Oklahoma City,OKC,home,5241364,Bennett Stirtz,G,False,False,22.0,20.0,5.0,2.0,1.0,0.0,1.0,,,,,,,-20.0,espn_api
401908620,2026,2026-10-07,Thunder,Oklahoma City,OKC,home,4277923,Zhaire Smith,G,False,True,,,,,,,,,,,,,,,espn_api
401908620,2026,2026-10-07,Thunder,Oklahoma City,OKC,home,4685802,Robert McCray V,G,False,True,,,,,,,,,,,,,,,espn_api
401908939,2026,2026-10-07,Suns,Phoenix,PHX,away,3155526,Dillon Brooks,F,True,False,23.0,24.0,4.0,2.0,1.0,0.0,5.0,,,,,,,-7.0,espn_api
401908939,2026,2026-10-07,Suns,Phoenix,PHX,away,4066383,Miles Bridges,F,True,False,8.0,3.0,1.0,1.0,0.0,0.0,0.0,,,,,,,-1.0,espn_api
401908939,2026,2026-10-07,Suns,Phoenix,PHX,away,4601023,Oso Ighodaro,F,True,False,18.0,8.0,2.0,2.0,1.0,0.0,2.0,,,,,,,3.0,espn_api
401908939,2026,2026-10-07,Suns,Phoenix,PHX,away,3136193,Devin Booker,G,True,False,23.0,11.0,0.0,1.0,0.0,0.0,2.0,,,,,,,-7.0,espn_api
401908939,2026,2026-10-07,Suns,Phoenix,PHX,away,4437244,Jalen Green,G,True,False,22.0,12.0,4.0,2.0,2.0,1.0,4.0,,,,,,,-8.0,espn_api
401908939,2026,2026-10-07,Suns,Phoenix,PHX,away,4291678,Haywood Highsmith,F,False,False,7.0,0.0,1.0,0.0,0.0,0.0,1.0,,,,,,,-5.0,espn_api
401908939,2026,2026-10-07,Suns,Phoenix,PHX,away,4888725,Ryan Dunn,F,False,False,23.0,4.0,5.0,2.0,2.0,1.0,2.0,,,,,,,-1.0,espn_api
401908939,2026,2026-10-07,Suns,Phoenix,PHX,away,5041953,Koa Peat,F,False,False,5.0,2.0,3.0,0.0,0.0,0.0,1.0,,,,,,,-9.0,espn_api
401908939,2026,2026-10-07,Suns,Phoenix,PHX,away,5105977,Rasheer Fleming,F,False,False,20.0,3.0,3.0,0.0,0.0,0.0,0.0,,,,,,,-3.0,espn_api
401908939,2026,2026-10-07,Suns,Phoenix,PHX,away,5203685,Khaman Maluach,C,False,False,25.0,8.0,7.0,4.0,0.0,0.0,2.0,,,,,,,1.0,espn_api
401908939,2026,2026-10-07,Suns,Phoenix,PHX,away,3913174,Luke Kennard,G,False,False,13.0,8.0,2.0,4.0,1.0,0.0,0.0,,,,,,,4.0,espn_api
401908939,2026,2026-10-07,Suns,Phoenix,PHX,away,4278402,Jordan Goodwin,G,False,False,16.0,5.0,3.0,2.0,6.0,0.0,2.0,,,,,,,1.0,espn_api
401908939,2026,2026-10-07,Suns,Phoenix,PHX,away,4278585,Collin Gillespie,G,False,False,14.0,12.0,3.0,2.0,0.0,0.0,2.0,,,,,,,5.0,espn_api
401908939,2026,2026-10-07,Suns,Phoenix,PHX,away,4280245,Jamaree Bouyea,G,False,False,12.0,9.0,0.0,2.0,1.0,0.0,3.0,,,,,,,-4.0,espn_api
401908939,2026,2026-10-07,Suns,Phoenix,PHX,away,4592714,Pat Spencer,G,False,False,12.0,8.0,0.0,1.0,0.0,0.0,0.0,,,,,,,-4.0,espn_api
401908939,2026,2026-10-07,Suns,Phoenix,PHX,away,4702602,CJ Huntley,F,False,True,,,,,,,,,,,,,,,espn_api
401908939,2026,2026-10-07,Suns,Phoenix,PHX,away,4909710,Phillip Wheeler,F,False,True,,,,,,,,,,,,,,,espn_api
401908939,2026,2026-10-07,Suns,Phoenix,PHX,away,4066268,Duop Reath,C,False,True,,,,,,,,,,,,,,,espn_api
401908939,2026,2026-10-07,Suns,Phoenix,PHX,away,4701232,Mark Williams,C,False,True,,,,,,,,,,,,,,,espn_api
401908939,2026,2026-10-07,Suns,Phoenix,PHX,away,4432646,Kennedy Chandler,G,False,True,,,,,,,,,,,,,,,espn_api
401908939,2026,2026-10-07,Suns,Phoenix,PHX,away,4591259,Koby Brea,G,False,True,,,,,,,,,,,,,,,espn_api
401908939,2026,2026-10-07,Bulls,Chicago,CHI,home,4397189,Jalen Smith,F,True,False,20.0,13.0,8.0,1.0,2.0,0.0,3.0,,,,,,,-1.0,espn_api
401908939,2026,2026-10-07,Bulls,Chicago,CHI,home,4711294,Matas Buzelis,F,True,False,26.0,14.0,3.0,1.0,2.0,2.0,1.0,,,,,,,0.0,espn_api
401908939,2026,2026-10-07,Bulls,Chicago,CHI,home,5095151,Caleb Wilson,F,True,False,29.0,15.0,3.0,2.0,1.0,0.0,2.0,,,,,,,-3.0,espn_api
401908939,2026,2026-10-07,Bulls,Chicago,CHI,home,2595516,Norman Powell,G,True,False,14.0,14.0,0.0,1.0,1.0,0.0,2.0,,,,,,,4.0,espn_api
401908939,2026,2026-10-07,Bulls,Chicago,CHI,home,4871145,Josh Giddey,G,True,False,23.0,7.0,3.0,7.0,0.0,1.0,2.0,,,,,,,5.0,espn_api
401908939,2026,2026-10-07,Bulls,Chicago,CHI,home,4397689,Drew Peterson,F,False,False,7.0,3.0,0.0,3.0,0.0,1.0,2.0,,,,,,,5.0,espn_api
401908939,2026,2026-10-07,Bulls,Chicago,CHI,home,4431687,Patrick Williams,F,False,False,11.0,6.0,1.0,0.0,1.0,0.0,0.0,,,,,,,8.0,espn_api
401908939,2026,2026-10-07,Bulls,Chicago,CHI,home,4432822,Isaac Okoro,F,False,False,17.0,2.0,1.0,2.0,0.0,0.0,0.0,,,,,,,-5.0,espn_api
401908939,2026,2026-10-07,Bulls,Chicago,CHI,home,5044385,Leonard Miller,F,False,False,14.0,14.0,1.0,2.0,2.0,0.0,0.0,,,,,,,4.0,espn_api
401908939,2026,2026-10-07,Bulls,Chicago,CHI,home,5105555,Tobe Awaka,F,False,False,21.0,14.0,11.0,0.0,1.0,1.0,3.0,,,,,,,-2.0,espn_api
401908939,2026,2026-10-07,Bulls,Chicago,CHI,home,5242496,Noa Essengue,F,False,False,15.0,2.0,0.0,2.0,0.0,0.0,1.0,,,,,,,12.0,espn_api
401908939,2026,2026-10-07,Bulls,Chicago,CHI,home,2990984,Buddy Hield,G,False,False,15.0,8.0,2.0,3.0,1.0,0.0,2.0,,,,,,,-1.0,espn_api
401908939,2026,2026-10-07,Bulls,Chicago,CHI,home,4432162,Brandon Boston Jr.,G,False,False,5.0,2.0,0.0,0.0,0.0,0.0,0.0,,,,,,,3.0,espn_api
401908939,2026,2026-10-07,Bulls,Chicago,CHI,home,4848625,Dailyn Swain,G,False,False,22.0,10.0,2.0,6.0,2.0,0.0,3.0,,,,,,,6.0,espn_api
401908939,2026,2026-10-07,Bulls,Chicago,CHI,home,4066650,Zach Collins,F,False,True,,,,,,,,,,,,,,,espn_api
401908939,2026,2026-10-07,Bulls,Chicago,CHI,home,4432946,Jalen Bridges,F,False,True,,,,,,,,,,,,,,,espn_api
401908939,2026,2026-10-07,Bulls,Chicago,CHI,home,4278067,Nic Claxton,C,False,True,,,,,,,,,,,,,,,espn_api
401908939,2026,2026-10-07,Bulls,Chicago,CHI,home,4593049,Orlando Robinson,C,False,True,,,,,,,,,,,,,,,espn_api
401908939,2026,2026-10-07,Bulls,Chicago,CHI,home,4395626,Tre Jones,G,False,True,,,,,,,,,,,,,,,espn_api
401908939,2026,2026-10-07,Bulls,Chicago,CHI,home,4432117,Isaiah Stevens,G,False,True,,,,,,,,,,,,,,,espn_api
401908939,2026,2026-10-07,Bulls,Chicago,CHI,home,4683750,Jordan Hawkins,G,False,True,,,,,,,,,,,,,,,espn_api
401908939,2026,2026-10-07,Bulls,Chicago,CHI,home,4898010,Jaylin Sellers,G,False,True,,,,,,,,,,,,,,,espn_api
401914129,2026,2026-10-07,Warriors,Golden State,GS,away,4897449,Malevy Leons,F,True,False,33.0,5.0,5.0,0.0,1.0,1.0,2.0,,,,,,,-1.0,espn_api
401914129,2026,2026-10-07,Warriors,Golden State,GS,away,4397886,Charles Bassey,C,True,False,24.0,13.0,6.0,1.0,3.0,3.0,3.0,,,,,,,-2.0,espn_api
401914129,2026,2026-10-07,Warriors,Golden State,GS,away,4397040,Brandon Williams,G,True,False,18.0,17.0,3.0,4.0,1.0,0.0,3.0,,,,,,,1.0,espn_api
401914129,2026,2026-10-07,Warriors,Golden State,GS,away,4433159,Dalen Terry,G,True,False,43.0,23.0,8.0,9.0,4.0,0.0,4.0,,,,,,,0.0,espn_api
401914129,2026,2026-10-07,Warriors,Golden State,GS,away,4897262,Will Richard,G,True,False,33.0,15.0,3.0,1.0,0.0,0.0,2.0,,,,,,,4.0,espn_api
401914129,2026,2026-10-07,Warriors,Golden State,GS,away,4703396,Graham Ike,F,False,False,24.0,10.0,6.0,2.0,1.0,0.0,2.0,,,,,,,-3.0,espn_api
401914129,2026,2026-10-07,Warriors,Golden State,GS,away,5170949,Alex Toohey,F,False,False,19.0,5.0,1.0,2.0,0.0,2.0,0.0,,,,,,,-20.0,espn_api
401914129,2026,2026-10-07,Warriors,Golden State,GS,away,4433149,LJ Cryer,G,False,False,18.0,6.0,1.0,1.0,0.0,0.0,2.0,,,,,,,-18.0,espn_api
401914129,2026,2026-10-07,Warriors,Golden State,GS,away,4696317,Miles Kelly,G,False,False,28.0,24.0,7.0,6.0,1.0,1.0,1.0,,,,,,,14.0,espn_api
401914129,2026,2026-10-07,Warriors,Golden State,GS,away,6430,Jimmy Butler III,F,False,True,,,,,,,,,,,,,,,espn_api
401914129,2026,2026-10-07,Warriors,Golden State,GS,away,4432171,Moses Moody,G,False,True,,,,,,,,,,,,,,,espn_api
401914129,2026,2026-10-07,Trail Blazers,Portland,POR,home,4431736,Toumani Camara,F,True,False,19.0,5.0,1.0,1.0,1.0,0.0,0.0,,,,,,,-4.0,espn_api
401914129,2026,2026-10-07,Trail Blazers,Portland,POR,home,4683021,Deni Avdija,F,True,False,21.0,23.0,2.0,2.0,0.0,0.0,2.0,,,,,,,-2.0,espn_api
401914129,2026,2026-10-07,Trail Blazers,Portland,POR,home,5105565,Donovan Clingan,C,True,False,20.0,3.0,10.0,2.0,1.0,1.0,0.0,,,,,,,-9.0,espn_api
401914129,2026,2026-10-07,Trail Blazers,Portland,POR,home,6606,Damian Lillard,G,True,False,19.0,15.0,1.0,1.0,2.0,0.0,1.0,,,,,,,-5.0,espn_api
401914129,2026,2026-10-07,Trail Blazers,Portland,POR,home,4279888,Ja Morant,G,True,False,19.0,8.0,2.0,5.0,2.0,0.0,4.0,,,,,,,-4.0,espn_api
401914129,2026,2026-10-07,Trail Blazers,Portland,POR,home,4593043,John Tonje,F,False,False,3.0,0.0,0.0,1.0,1.0,0.0,0.0,,,,,,,-5.0,espn_api
401914129,2026,2026-10-07,Trail Blazers,Portland,POR,home,4610139,Jeremy Sochan,F,False,False,9.0,10.0,0.0,0.0,0.0,0.0,0.0,,,,,,,12.0,espn_api
401914129,2026,2026-10-07,Trail Blazers,Portland,POR,home,4066211,Robert Williams III,C,False,False,14.0,8.0,5.0,1.0,1.0,5.0,1.0,,,,,,,16.0,espn_api
401914129,2026,2026-10-07,Trail Blazers,Portland,POR,home,4066399,Micah Potter,C,False,False,13.0,13.0,6.0,1.0,0.0,0.0,0.0,,,,,,,-1.0,espn_api
401914129,2026,2026-10-07,Trail Blazers,Portland,POR,home,4592435,Branden Carlson,C,False,False,9.0,4.0,3.0,0.0,0.0,0.0,0.0,,,,,,,2.0,espn_api
401914129,2026,2026-10-07,Trail Blazers,Portland,POR,home,5217746,Yang Hansen,C,False,False,12.0,6.0,2.0,4.0,1.0,0.0,2.0,,,,,,,5.0,espn_api
401914129,2026,2026-10-07,Trail Blazers,Portland,POR,home,3995,Jrue Holiday,G,False,False,19.0,5.0,7.0,5.0,1.0,0.0,3.0,,,,,,,5.0,espn_api
401914129,2026,2026-10-07,Trail Blazers,Portland,POR,home,4578893,Vit Krejci,G,False,False,14.0,3.0,4.0,3.0,0.0,0.0,0.0,,,,,,,8.0,espn_api
401914129,2026,2026-10-07,Trail Blazers,Portland,POR,home,4683678,Scoot Henderson,G,False,False,17.0,9.0,3.0,3.0,0.0,1.0,3.0,,,,,,,4.0,espn_api
401914129,2026,2026-10-07,Trail Blazers,Portland,POR,home,4703889,Jayson Kent,G,False,False,3.0,3.0,1.0,1.0,1.0,0.0,0.0,,,,,,,-5.0,espn_api
401914129,2026,2026-10-07,Trail Blazers,Portland,POR,home,4706557,Chris Youngblood,G,False,False,12.0,8.0,2.0,3.0,1.0,0.0,3.0,,,,,,,5.0,espn_api
401914129,2026,2026-10-07,Trail Blazers,Portland,POR,home,5081727,Sidy Cissoko,G,False,False,16.0,0.0,1.0,1.0,1.0,2.0,2.0,,,,,,,3.0,espn_api
401914129,2026,2026-10-07,Trail Blazers,Portland,POR,home,4684737,Jaylen Martin,G,False,True,,,,,,,,,,,,,,,espn_api
401914129,2026,2026-10-07,Trail Blazers,Portland,POR,home,4914336,Shaedon Sharpe,G,False,True,,,,,,,,,,,,,,,espn_api
401898392,2026,2026-10-08,Celtics,Boston,BOS,away,4277951,Luka Garza,C,True,False,27.0,22.0,10.0,2.0,0.0,3.0,0.0,,,,,,,5.0,espn_api
401898392,2026,2026-10-08,Celtics,Boston,BOS,away,3195,Mike Conley,G,True,False,18.0,3.0,1.0,4.0,1.0,0.0,2.0,,,,,,,-11.0,espn_api
401898392,2026,2026-10-08,Celtics,Boston,BOS,away,4593841,Baylor Scheierman,G,True,False,23.0,16.0,5.0,3.0,0.0,0.0,1.0,,,,,,,-8.0,espn_api
401898392,2026,2026-10-08,Celtics,Boston,BOS,away,4683689,Jordan Walsh,G,True,False,26.0,16.0,2.0,1.0,0.0,1.0,1.0,,,,,,,-13.0,espn_api
401898392,2026,2026-10-08,Celtics,Boston,BOS,away,5175647,Hugo Gonzalez,G,True,False,26.0,15.0,4.0,5.0,0.0,0.0,2.0,,,,,,,7.0,espn_api
401898392,2026,2026-10-08,Celtics,Boston,BOS,away,4398356,Gabe McGlothan,F,False,False,5.0,0.0,2.0,0.0,1.0,0.0,1.0,,,,,,,-2.0,espn_api
401898392,2026,2026-10-08,Celtics,Boston,BOS,away,4702745,Amari Williams,F,False,False,5.0,0.0,4.0,1.0,0.0,0.0,2.0,,,,,,,8.0,espn_api
401898392,2026,2026-10-08,Celtics,Boston,BOS,away,4837238,Tucker DeVries,F,False,False,11.0,6.0,2.0,1.0,0.0,0.0,0.0,,,,,,,7.0,espn_api
401898392,2026,2026-10-08,Celtics,Boston,BOS,away,5106283,Dillon Mitchell,F,False,False,28.0,10.0,9.0,4.0,2.0,0.0,2.0,,,,,,,15.0,espn_api
401898392,2026,2026-10-08,Celtics,Boston,BOS,away,5142621,Chris Cenac Jr.,F,False,False,24.0,7.0,8.0,1.0,0.0,4.0,0.0,,,,,,,8.0,espn_api
401898392,2026,2026-10-08,Celtics,Boston,BOS,away,4433188,Devin Carter,G,False,False,25.0,17.0,5.0,3.0,2.0,0.0,5.0,,,,,,,22.0,espn_api
401898392,2026,2026-10-08,Celtics,Boston,BOS,away,5106272,Milos Uzan,G,False,False,15.0,6.0,3.0,3.0,0.0,0.0,0.0,,,,,,,6.0,espn_api
401898392,2026,2026-10-08,Celtics,Boston,BOS,away,5176420,Hayden Gray,G,False,False,8.0,6.0,1.0,1.0,0.0,0.0,0.0,,,,,,,11.0,espn_api
401898392,2026,2026-10-08,Celtics,Boston,BOS,away,4251,Paul George,F,False,True,,,,,,,,,,,,,,,espn_api
401898392,2026,2026-10-08,Celtics,Boston,BOS,away,4065648,Jayson Tatum,F,False,True,,,,,,,,,,,,,,,espn_api
401898392,2026,2026-10-08,Celtics,Boston,BOS,away,4065804,Sam Hauser,F,False,True,,,,,,,,,,,,,,,espn_api
401898392,2026,2026-10-08,Celtics,Boston,BOS,away,4351852,Mitchell Robinson,C,False,True,,,,,,,,,,,,,,,espn_api
401898392,2026,2026-10-08,Celtics,Boston,BOS,away,4397424,Neemias Queta,C,False,True,,,,,,,,,,,,,,,espn_api
401898392,2026,2026-10-08,Celtics,Boston,BOS,away,3078576,Derrick White,G,False,True,,,,,,,,,,,,,,,espn_api
401898392,2026,2026-10-08,Celtics,Boston,BOS,away,4066354,Payton Pritchard,G,False,True,,,,,,,,,,,,,,,espn_api
401898392,2026,2026-10-08,Celtics,Boston,BOS,away,4397251,Ron Harper Jr.,G,False,True,,,,,,,,,,,,,,,espn_api
401898392,2026,2026-10-08,Cavaliers,Cleveland,CLE,home,4066328,Jarrett Allen,C,True,False,17.0,6.0,4.0,0.0,2.0,0.0,1.0,,,,,,,0.0,espn_api
401898392,2026,2026-10-08,Cavaliers,Cleveland,CLE,home,4432158,Evan Mobley,C,True,False,17.0,8.0,1.0,1.0,0.0,0.0,2.0,,,,,,,-6.0,espn_api
401898392,2026,2026-10-08,Cavaliers,Cleveland,CLE,home,3908809,Donovan Mitchell,G,True,False,17.0,11.0,0.0,3.0,0.0,0.0,2.0,,,,,,,0.0,espn_api
401898392,2026,2026-10-08,Cavaliers,Cleveland,CLE,home,4576087,Peyton Watson,G,True,False,17.0,7.0,4.0,4.0,0.0,2.0,1.0,,,,,,,-6.0,espn_api
401898392,2026,2026-10-08,Cavaliers,Cleveland,CLE,home,4683747,Jaylon Tyson,G,True,False,17.0,14.0,3.0,2.0,0.0,0.0,0.0,,,,,,,-6.0,espn_api
401898392,2026,2026-10-08,Cavaliers,Cleveland,CLE,home,2995706,Mario Hezonja,F,False,False,17.0,5.0,5.0,3.0,0.0,0.0,1.0,,,,,,,-2.0,espn_api
401898392,2026,2026-10-08,Cavaliers,Cleveland,CLE,home,4431734,Tristan Enaruna,F,False,False,17.0,13.0,3.0,1.0,1.0,0.0,1.0,,,,,,,-10.0,espn_api
401898392,2026,2026-10-08,Cavaliers,Cleveland,CLE,home,4593815,Rashaun Agee,F,False,False,11.0,6.0,2.0,0.0,0.0,0.0,0.0,,,,,,,-6.0,espn_api
401898392,2026,2026-10-08,Cavaliers,Cleveland,CLE,home,4702099,Zack Austin,F,False,False,1.0,0.0,0.0,0.0,0.0,0.0,0.0,,,,,,,-1.0,espn_api
401898392,2026,2026-10-08,Cavaliers,Cleveland,CLE,home,5177362,Riley Minix,F,False,False,15.0,4.0,4.0,3.0,0.0,1.0,0.0,,,,,,,-4.0,espn_api
401898392,2026,2026-10-08,Cavaliers,Cleveland,CLE,home,3934723,Thomas Bryant,C,False,False,9.0,8.0,2.0,1.0,0.0,2.0,1.0,,,,,,,-1.0,espn_api
401898392,2026,2026-10-08,Cavaliers,Cleveland,CLE,home,5106261,Ernest Udeh Jr.,C,False,False,15.0,2.0,4.0,0.0,1.0,0.0,0.0,,,,,,,-1.0,espn_api
401898392,2026,2026-10-08,Cavaliers,Cleveland,CLE,home,4066757,Sam Merrill,G,False,False,10.0,8.0,0.0,1.0,0.0,0.0,0.0,,,,,,,-6.0,espn_api
401898392,2026,2026-10-08,Cavaliers,Cleveland,CLE,home,4701233,Craig Porter Jr.,G,False,False,16.0,5.0,3.0,10.0,2.0,1.0,0.0,,,,,,,-2.0,espn_api
401898392,2026,2026-10-08,Cavaliers,Cleveland,CLE,home,4898369,Curtis Jones,G,False,False,1.0,0.0,0.0,0.0,0.0,0.0,0.0,,,,,,,-1.0,espn_api
401898392,2026,2026-10-08,Cavaliers,Cleveland,CLE,home,5023693,Tyrese Proctor,G,False,False,21.0,5.0,2.0,1.0,1.0,0.0,1.0,,,,,,,-3.0,espn_api
401898392,2026,2026-10-08,Cavaliers,Cleveland,CLE,home,5041951,Meleek Thomas,G,False,False,23.0,11.0,2.0,2.0,3.0,0.0,1.0,,,,,,,0.0,espn_api
401898392,2026,2026-10-08,Cavaliers,Cleveland,CLE,home,5106268,Nae'Qwan Tomlin,F,False,True,,,,,,,,,,,,,,,espn_api
401898392,2026,2026-10-08,Cavaliers,Cleveland,CLE,home,4997530,Khalifa Diop,C,False,True,,,,,,,,,,,,,,,espn_api
401898392,2026,2026-10-08,Cavaliers,Cleveland,CLE,home,3992,James Harden,G,False,True,,,,,,,,,,,,,,,espn_api
401898392,2026,2026-10-08,Cavaliers,Cleveland,CLE,home,4701845,Kadary Richmond,G,False,True,,,,,,,,,,,,,,,espn_api
401898393,2026,2026-10-08,Pelicans,New Orleans,NO,away,4395628,Zion Williamson,F,True,False,16.0,8.0,1.0,1.0,1.0,0.0,1.0,,,,,,,2.0,espn_api
401898393,2026,2026-10-08,Pelicans,New Orleans,NO,away,4397688,Trey Murphy III,F,True,False,14.0,11.0,1.0,2.0,1.0,0.0,1.0,,,,,,,-13.0,espn_api
401898393,2026,2026-10-08,Pelicans,New Orleans,NO,away,5061589,Yves Missi,C,True,False,19.0,11.0,9.0,0.0,0.0,0.0,0.0,,,,,,,-5.0,espn_api
401898393,2026,2026-10-08,Pelicans,New Orleans,NO,away,4683634,Bennedict Mathurin,G,True,False,14.0,8.0,4.0,1.0,0.0,0.0,2.0,,,,,,,-12.0,espn_api
401898393,2026,2026-10-08,Pelicans,New Orleans,NO,away,5144091,Jeremiah Fears,G,True,False,19.0,11.0,2.0,2.0,0.0,0.0,3.0,,,,,,,-3.0,espn_api
401898393,2026,2026-10-08,Pelicans,New Orleans,NO,away,4277813,Herbert Jones,F,False,False,10.0,0.0,3.0,2.0,2.0,0.0,0.0,,,,,,,0.0,espn_api
401898393,2026,2026-10-08,Pelicans,New Orleans,NO,away,4431675,Trendon Watford,F,False,False,15.0,2.0,7.0,2.0,0.0,1.0,0.0,,,,,,,6.0,espn_api
401898393,2026,2026-10-08,Pelicans,New Orleans,NO,away,4433623,Caleb Houstan,F,False,False,15.0,3.0,2.0,0.0,1.0,0.0,0.0,,,,,,,-6.0,espn_api
401898393,2026,2026-10-08,Pelicans,New Orleans,NO,away,4683742,Julian Reese,F,False,False,3.0,2.0,1.0,0.0,0.0,0.0,1.0,,,,,,,-1.0,espn_api
401898393,2026,2026-10-08,Pelicans,New Orleans,NO,away,4712862,Malik Dia,F,False,False,6.0,0.0,0.0,0.0,1.0,0.0,1.0,,,,,,,-8.0,espn_api
401898393,2026,2026-10-08,Pelicans,New Orleans,NO,away,4997538,Karlo Matkovic,F,False,False,12.0,9.0,3.0,0.0,0.0,0.0,2.0,,,,,,,1.0,espn_api
401898393,2026,2026-10-08,Pelicans,New Orleans,NO,away,4431778,Christian Koloko,C,False,False,4.0,0.0,2.0,1.0,1.0,2.0,0.0,,,,,,,-1.0,espn_api
401898393,2026,2026-10-08,Pelicans,New Orleans,NO,away,4869780,Derik Queen,C,False,False,16.0,5.0,8.0,1.0,0.0,1.0,5.0,,,,,,,-1.0,espn_api
401898393,2026,2026-10-08,Pelicans,New Orleans,NO,away,4277956,Jordan Poole,G,False,False,13.0,14.0,1.0,2.0,0.0,0.0,1.0,,,,,,,4.0,espn_api
401898393,2026,2026-10-08,Pelicans,New Orleans,NO,away,4397136,Saddiq Bey,G,False,False,17.0,12.0,5.0,0.0,0.0,0.0,1.0,,,,,,,-4.0,espn_api
401898393,2026,2026-10-08,Pelicans,New Orleans,NO,away,4576086,Bryce McGowens,G,False,False,20.0,1.0,3.0,7.0,3.0,0.0,2.0,,,,,,,-7.0,espn_api
401898393,2026,2026-10-08,Pelicans,New Orleans,NO,away,4683736,Kobe Bufkin,G,False,False,12.0,9.0,1.0,1.0,0.0,0.0,0.0,,,,,,,-2.0,espn_api
401898393,2026,2026-10-08,Pelicans,New Orleans,NO,away,4703115,Jaron Pierre Jr.,G,False,False,13.0,12.0,1.0,0.0,0.0,1.0,2.0,,,,,,,0.0,espn_api
401898393,2026,2026-10-08,Pelicans,New Orleans,NO,away,3442,DeAndre Jordan,C,False,True,,,,,,,,,,,,,,,espn_api
401898393,2026,2026-10-08,Pelicans,New Orleans,NO,away,3907497,Dejounte Murray,G,False,True,,,,,,,,,,,,,,,espn_api
401898393,2026,2026-10-08,Pelicans,New Orleans,NO,away,5170947,AJ Johnson,G,False,True,,,,,,,,,,,,,,,espn_api
401898393,2026,2026-10-08,Heat,Miami,MIA,home,3032977,Giannis Antetokounmpo,F,True,False,18.0,18.0,4.0,4.0,1.0,0.0,2.0,,,,,,,0.0,espn_api
401898393,2026,2026-10-08,Heat,Miami,MIA,home,3059319,Andrew Wiggins,F,True,False,15.0,13.0,2.0,0.0,1.0,0.0,0.0,,,,,,,12.0,espn_api
401898393,2026,2026-10-08,Heat,Miami,MIA,home,4066261,Bam Adebayo,C,True,False,16.0,9.0,4.0,2.0,1.0,0.0,0.0,,,,,,,11.0,espn_api
401898393,2026,2026-10-08,Heat,Miami,MIA,home,6475,Klay Thompson,G,True,False,14.0,5.0,1.0,3.0,1.0,3.0,0.0,,,,,,,7.0,espn_api
401898393,2026,2026-10-08,Heat,Miami,MIA,home,4278053,Davion Mitchell,G,True,False,20.0,9.0,1.0,7.0,0.0,0.0,1.0,,,,,,,15.0,espn_api
401898393,2026,2026-10-08,Heat,Miami,MIA,home,3064482,Bobby Portis,F,False,False,20.0,11.0,6.0,2.0,2.0,1.0,2.0,,,,,,,-5.0,espn_api
401898393,2026,2026-10-08,Heat,Miami,MIA,home,3899664,Simone Fontecchio,F,False,False,14.0,6.0,3.0,1.0,0.0,0.0,1.0,,,,,,,5.0,espn_api
401898393,2026,2026-10-08,Heat,Miami,MIA,home,4431772,Myron Gardner,F,False,False,15.0,11.0,4.0,4.0,3.0,1.0,0.0,,,,,,,2.0,espn_api
401898393,2026,2026-10-08,Heat,Miami,MIA,home,4693954,Ian Schieffelin,F,False,False,12.0,2.0,2.0,2.0,0.0,0.0,1.0,,,,,,,13.0,espn_api
401898393,2026,2026-10-08,Heat,Miami,MIA,home,4702784,J'Vonne Hadley,F,False,False,12.0,5.0,2.0,1.0,0.0,0.0,0.0,,,,,,,13.0,espn_api
401898393,2026,2026-10-08,Heat,Miami,MIA,home,4997528,Nikola Jovic,F,False,False,21.0,8.0,4.0,2.0,2.0,2.0,0.0,,,,,,,-15.0,espn_api
401898393,2026,2026-10-08,Heat,Miami,MIA,home,4278076,Nick Richards,C,False,False,15.0,5.0,9.0,0.0,1.0,1.0,3.0,,,,,,,2.0,espn_api
401898393,2026,2026-10-08,Heat,Miami,MIA,home,2528210,Tim Hardaway Jr.,G,False,False,19.0,11.0,3.0,2.0,0.0,0.0,0.0,,,,,,,1.0,espn_api
401898393,2026,2026-10-08,Heat,Miami,MIA,home,4837356,Tre Donaldson,G,False,False,15.0,12.0,1.0,2.0,0.0,0.0,1.0,,,,,,,2.0,espn_api
401898393,2026,2026-10-08,Heat,Miami,MIA,home,5107157,Ryan Conwell,G,False,False,14.0,3.0,1.0,4.0,0.0,0.0,0.0,,,,,,,-13.0,espn_api
401898393,2026,2026-10-08,Heat,Miami,MIA,home,4431786,Keshad Johnson,F,False,True,,,,,,,,,,,,,,,espn_api
401898393,2026,2026-10-08,Heat,Miami,MIA,home,4700818,Vladislav Goldin,C,False,True,,,,,,,,,,,,,,,espn_api
401898393,2026,2026-10-08,Heat,Miami,MIA,home,4066993,Dru Smith,G,False,True,,,,,,,,,,,,,,,espn_api
401898393,2026,2026-10-08,Heat,Miami,MIA,home,4431720,Lester Quinones,G,False,True,,,,,,,,,,,,,,,espn_api
401898393,2026,2026-10-08,Heat,Miami,MIA,home,4601025,Pelle Larsson,G,False,True,,,,,,,,,,,,,,,espn_api
401898393,2026,2026-10-08,Heat,Miami,MIA,home,4898237,Bez Mbeng,G,False,True,,,,,,,,,,,,,,,espn_api
401901823,2026,2026-10-08,76ers,Philadelphia,PHI,away,1966,LeBron James,F,True,False,18.0,10.0,4.0,5.0,1.0,0.0,2.0,,,,,,,10.0,espn_api
401901823,2026,2026-10-08,76ers,Philadelphia,PHI,away,3059318,Joel Embiid,C,True,False,24.0,6.0,3.0,3.0,1.0,1.0,8.0,,,,,,,-8.0,espn_api
401901823,2026,2026-10-08,76ers,Philadelphia,PHI,away,3917376,Jaylen Brown,G,True,False,24.0,18.0,2.0,2.0,0.0,0.0,0.0,,,,,,,-13.0,espn_api
401901823,2026,2026-10-08,76ers,Philadelphia,PHI,away,4431678,Tyrese Maxey,G,True,False,19.0,14.0,2.0,2.0,1.0,0.0,2.0,,,,,,,1.0,espn_api
401901823,2026,2026-10-08,76ers,Philadelphia,PHI,away,5124612,VJ Edgecombe,G,True,False,23.0,11.0,5.0,1.0,0.0,1.0,1.0,,,,,,,-3.0,espn_api
401901823,2026,2026-10-08,76ers,Philadelphia,PHI,away,3912848,Dean Wade,F,False,False,16.0,7.0,4.0,0.0,0.0,0.0,2.0,,,,,,,-2.0,espn_api
401901823,2026,2026-10-08,76ers,Philadelphia,PHI,away,4432446,Jabari Walker,F,False,False,15.0,8.0,7.0,0.0,0.0,0.0,0.0,,,,,,,-3.0,espn_api
401901823,2026,2026-10-08,76ers,Philadelphia,PHI,away,4702159,Dillon Jones,F,False,False,11.0,0.0,2.0,3.0,1.0,0.0,1.0,,,,,,,4.0,espn_api
401901823,2026,2026-10-08,76ers,Philadelphia,PHI,away,4711297,Justin Edwards,F,False,False,17.0,7.0,5.0,0.0,0.0,1.0,2.0,,,,,,,-6.0,espn_api
401901823,2026,2026-10-08,76ers,Philadelphia,PHI,away,4897471,Saint Thomas,F,False,False,5.0,4.0,1.0,1.0,0.0,0.0,0.0,,,,,,,0.0,espn_api
401901823,2026,2026-10-08,76ers,Philadelphia,PHI,away,2581018,Kentavious Caldwell-Pope,G,False,False,12.0,2.0,1.0,1.0,0.0,1.0,0.0,,,,,,,-5.0,espn_api
401901823,2026,2026-10-08,76ers,Philadelphia,PHI,away,4433144,Caleb Love,G,False,False,14.0,4.0,0.0,5.0,0.0,0.0,0.0,,,,,,,2.0,espn_api
401901823,2026,2026-10-08,76ers,Philadelphia,PHI,away,4592444,Jameer Nelson Jr.,G,False,False,7.0,6.0,1.0,1.0,1.0,0.0,2.0,,,,,,,6.0,espn_api
401901823,2026,2026-10-08,76ers,Philadelphia,PHI,away,4873090,Labaron Philon Jr.,G,False,False,21.0,6.0,3.0,2.0,2.0,0.0,0.0,,,,,,,-13.0,espn_api
401901823,2026,2026-10-08,76ers,Philadelphia,PHI,away,5099752,Rayan Rupert,G,False,False,15.0,5.0,3.0,0.0,1.0,0.0,1.0,,,,,,,0.0,espn_api
401901823,2026,2026-10-08,76ers,Philadelphia,PHI,away,4702049,Duke Miles,G,False,True,,,,,,,,,,,,,,,espn_api
401901823,2026,2026-10-08,Nets,Brooklyn,BKN,home,3064514,Julius Randle,F,True,False,22.0,14.0,6.0,2.0,2.0,0.0,1.0,,,,,,,1.0,espn_api
401901823,2026,2026-10-08,Nets,Brooklyn,BKN,home,4712896,Noah Clowney,F,True,False,20.0,11.0,1.0,0.0,1.0,1.0,0.0,,,,,,,12.0,espn_api
401901823,2026,2026-10-08,Nets,Brooklyn,BKN,home,3150844,Moritz Wagner,C,True,False,18.0,6.0,3.0,1.0,4.0,0.0,0.0,,,,,,,9.0,espn_api
401901823,2026,2026-10-08,Nets,Brooklyn,BKN,home,4702177,Keon Ellis,G,True,False,21.0,12.0,2.0,0.0,1.0,0.0,0.0,,,,,,,5.0,espn_api
401901823,2026,2026-10-08,Nets,Brooklyn,BKN,home,5175643,Egor Demin,G,True,False,22.0,13.0,1.0,5.0,0.0,0.0,1.0,,,,,,,13.0,espn_api
401901823,2026,2026-10-08,Nets,Brooklyn,BKN,home,4687718,Josh Minott,F,False,False,18.0,4.0,3.0,1.0,0.0,0.0,2.0,,,,,,,6.0,espn_api
401901823,2026,2026-10-08,Nets,Brooklyn,BKN,home,4702670,Grant Nelson,F,False,False,12.0,8.0,2.0,1.0,0.0,0.0,2.0,,,,,,,-6.0,espn_api
401901823,2026,2026-10-08,Nets,Brooklyn,BKN,home,5105626,Tyler Bilodeau,F,False,False,12.0,5.0,5.0,0.0,0.0,0.0,0.0,,,,,,,-6.0,espn_api
401901823,2026,2026-10-08,Nets,Brooklyn,BKN,home,5107173,Danny Wolf,F,False,False,16.0,9.0,6.0,4.0,0.0,0.0,2.0,,,,,,,8.0,espn_api
401901823,2026,2026-10-08,Nets,Brooklyn,BKN,home,5174655,Chaney Johnson,F,False,False,18.0,9.0,4.0,2.0,2.0,2.0,2.0,,,,,,,3.0,espn_api
401901823,2026,2026-10-08,Nets,Brooklyn,BKN,home,3907823,Terance Mann,G,False,False,12.0,0.0,2.0,1.0,1.0,0.0,0.0,,,,,,,-6.0,espn_api
401901823,2026,2026-10-08,Nets,Brooklyn,BKN,home,5037873,Drake Powell,G,False,False,14.0,4.0,0.0,1.0,1.0,0.0,0.0,,,,,,,3.0,espn_api
401901823,2026,2026-10-08,Nets,Brooklyn,BKN,home,5242502,Ben Saraf,G,False,False,12.0,5.0,1.0,3.0,1.0,0.0,2.0,,,,,,,-6.0,espn_api
401901823,2026,2026-10-08,Nets,Brooklyn,BKN,home,5279130,Nolan Traore,G,False,False,16.0,12.0,1.0,2.0,1.0,0.0,2.0,,,,,,,0.0,espn_api
401901823,2026,2026-10-08,Nets,Brooklyn,BKN,home,5177736,Ben Humrichous,NA,False,False,7.0,2.0,2.0,0.0,0.0,0.0,0.0,,,,,,,-6.0,espn_api
401901823,2026,2026-10-08,Nets,Brooklyn,BKN,home,4432189,Dain Dainja,F,False,True,,,,,,,,,,,,,,,espn_api
401906508,2026,2026-10-08,Wizards,Washington,WSH,away,6583,Anthony Davis,F,True,False,17.0,16.0,7.0,2.0,0.0,1.0,2.0,,,,,,,-6.0,espn_api
401906508,2026,2026-10-08,Wizards,Washington,WSH,away,5142718,AJ Dybantsa,F,True,False,23.0,11.0,2.0,2.0,4.0,0.0,0.0,,,,,,,-2.0,espn_api
401906508,2026,2026-10-08,Wizards,Washington,WSH,away,5174563,Kyshawn George,F,True,False,22.0,12.0,7.0,5.0,0.0,1.0,4.0,,,,,,,-2.0,espn_api
401906508,2026,2026-10-08,Wizards,Washington,WSH,away,4278129,Deandre Ayton,C,True,False,17.0,4.0,10.0,1.0,1.0,0.0,0.0,,,,,,,1.0,espn_api
401906508,2026,2026-10-08,Wizards,Washington,WSH,away,4277905,Trae Young,G,True,False,17.0,15.0,0.0,4.0,2.0,0.0,2.0,,,,,,,1.0,espn_api
401906508,2026,2026-10-08,Wizards,Washington,WSH,away,2581184,Anthony Gill,F,False,False,4.0,3.0,0.0,0.0,0.0,0.0,0.0,,,,,,,6.0,espn_api
401906508,2026,2026-10-08,Wizards,Washington,WSH,away,4432907,Justin Champagnie,F,False,False,19.0,12.0,3.0,0.0,2.0,2.0,1.0,,,,,,,9.0,espn_api
401906508,2026,2026-10-08,Wizards,Washington,WSH,away,4433622,Chris Livingston,F,False,False,6.0,5.0,0.0,0.0,0.0,0.0,0.0,,,,,,,-3.0,espn_api
401906508,2026,2026-10-08,Wizards,Washington,WSH,away,5105841,Felix Okpara,F,False,False,20.0,7.0,6.0,1.0,0.0,0.0,1.0,,,,,,,2.0,espn_api
401906508,2026,2026-10-08,Wizards,Washington,WSH,away,4432187,Reece Beekman,G,False,False,6.0,0.0,0.0,0.0,0.0,0.0,1.0,,,,,,,-3.0,espn_api
401906508,2026,2026-10-08,Wizards,Washington,WSH,away,4432819,Tre Mann,G,False,False,16.0,6.0,5.0,4.0,0.0,0.0,3.0,,,,,,,12.0,espn_api
401906508,2026,2026-10-08,Wizards,Washington,WSH,away,4845374,Bub Carrington,G,False,False,17.0,11.0,3.0,1.0,1.0,0.0,4.0,,,,,,,4.0,espn_api
401906508,2026,2026-10-08,Wizards,Washington,WSH,away,5104155,Bilal Coulibaly,G,False,False,19.0,2.0,5.0,1.0,0.0,0.0,2.0,,,,,,,-8.0,espn_api
401906508,2026,2026-10-08,Wizards,Washington,WSH,away,5144126,Will Riley,G,False,False,19.0,2.0,4.0,1.0,1.0,0.0,1.0,,,,,,,7.0,espn_api
401906508,2026,2026-10-08,Wizards,Washington,WSH,away,5238230,Tre Johnson,G,False,False,18.0,5.0,1.0,0.0,0.0,0.0,1.0,,,,,,,-8.0,espn_api
401906508,2026,2026-10-08,Wizards,Washington,WSH,away,6609,Khris Middleton,F,False,True,,,,,,,,,,,,,,,espn_api
401906508,2026,2026-10-08,Wizards,Washington,WSH,away,4997537,Tristan Vukcevic,F,False,True,,,,,,,,,,,,,,,espn_api
401906508,2026,2026-10-08,Wizards,Washington,WSH,away,3936296,Skal Labissiere,C,False,True,,,,,,,,,,,,,,,espn_api
401906508,2026,2026-10-08,Wizards,Washington,WSH,away,5160992,Alex Sarr,C,False,True,,,,,,,,,,,,,,,espn_api
401906508,2026,2026-10-08,Wizards,Washington,WSH,away,4432645,Trevor Keels,G,False,True,,,,,,,,,,,,,,,espn_api
401906508,2026,2026-10-08,Wizards,Washington,WSH,away,4606840,Jamir Watkins,G,False,True,,,,,,,,,,,,,,,espn_api
401906508,2026,2026-10-08,Knicks,New York,NY,home,3934719,OG Anunoby,F,True,False,19.0,10.0,5.0,1.0,1.0,1.0,1.0,,,,,,,-2.0,espn_api
401906508,2026,2026-10-08,Knicks,New York,NY,home,3136195,Karl-Anthony Towns,C,True,False,19.0,8.0,7.0,3.0,1.0,0.0,3.0,,,,,,,-2.0,espn_api
401906508,2026,2026-10-08,Knicks,New York,NY,home,3062679,Josh Hart,G,True,False,21.0,13.0,6.0,3.0,1.0,1.0,0.0,,,,,,,-2.0,espn_api
401906508,2026,2026-10-08,Knicks,New York,NY,home,3147657,Mikal Bridges,G,True,False,20.0,2.0,1.0,3.0,0.0,1.0,1.0,,,,,,,-1.0,espn_api
401906508,2026,2026-10-08,Knicks,New York,NY,home,3934672,Jalen Brunson,G,True,False,20.0,13.0,0.0,3.0,1.0,0.0,2.0,,,,,,,-1.0,espn_api
401906508,2026,2026-10-08,Knicks,New York,NY,home,4838721,Tyler Nickel,F,False,False,6.0,3.0,0.0,2.0,1.0,0.0,0.0,,,,,,,3.0,espn_api
401906508,2026,2026-10-08,Knicks,New York,NY,home,5211983,Pacome Dadiet,F,False,False,12.0,5.0,5.0,0.0,1.0,0.0,1.0,,,,,,,-8.0,espn_api
401906508,2026,2026-10-08,Knicks,New York,NY,home,5289900,Mohamed Diawara,F,False,False,13.0,0.0,2.0,3.0,0.0,0.0,1.0,,,,,,,5.0,espn_api
401906508,2026,2026-10-08,Knicks,New York,NY,home,6585,Andre Drummond,C,False,False,20.0,8.0,9.0,4.0,2.0,0.0,2.0,,,,,,,1.0,espn_api
401906508,2026,2026-10-08,Knicks,New York,NY,home,4432808,James Wiseman,C,False,False,9.0,4.0,1.0,0.0,0.0,2.0,1.0,,,,,,,-1.0,espn_api
401906508,2026,2026-10-08,Knicks,New York,NY,home,2528426,Jordan Clarkson,G,False,False,9.0,7.0,0.0,0.0,0.0,0.0,0.0,,,,,,,-5.0,espn_api
401906508,2026,2026-10-08,Knicks,New York,NY,home,3914044,Landry Shamet,G,False,False,16.0,13.0,4.0,0.0,0.0,0.0,1.0,,,,,,,4.0,espn_api
401906508,2026,2026-10-08,Knicks,New York,NY,home,4065670,Bruce Brown,G,False,False,10.0,4.0,1.0,1.0,0.0,0.0,1.0,,,,,,,-3.0,espn_api
401906508,2026,2026-10-08,Knicks,New York,NY,home,4277869,Jose Alvarado,G,False,False,14.0,6.0,2.0,1.0,1.0,0.0,1.0,,,,,,,-5.0,espn_api
401906508,2026,2026-10-08,Knicks,New York,NY,home,4431823,Miles McBride,G,False,False,16.0,6.0,2.0,0.0,0.0,0.0,0.0,,,,,,,5.0,espn_api
401906508,2026,2026-10-08,Knicks,New York,NY,home,4433225,Tyler Kolek,G,False,False,10.0,2.0,1.0,3.0,1.0,0.0,0.0,,,,,,,-1.0,espn_api
401906508,2026,2026-10-08,Knicks,New York,NY,home,4683730,Jaden Akins,G,False,False,6.0,5.0,1.0,1.0,0.0,0.0,0.0,,,,,,,3.0,espn_api
401906508,2026,2026-10-08,Knicks,New York,NY,home,3914285,Drew Eubanks,F,False,True,,,,,,,,,,,,,,,espn_api
401906508,2026,2026-10-08,Knicks,New York,NY,home,4065673,Tony Bradley,C,False,True,,,,,,,,,,,,,,,espn_api
401906508,2026,2026-10-08,Knicks,New York,NY,home,4397018,Ochai Agbaji,G,False,True,,,,,,,,,,,,,,,espn_api
401906508,2026,2026-10-08,Knicks,New York,NY,home,4411057,Kevin McCullar Jr.,G,False,True,,,,,,,,,,,,,,,espn_api
401898394,2026,2026-10-08,Hawks,Atlanta,ATL,away,4431680,Onyeka Okongwu,F,True,False,22.0,13.0,4.0,5.0,0.0,0.0,1.0,,,,,,,3.0,espn_api
401898394,2026,2026-10-08,Hawks,Atlanta,ATL,away,2490149,CJ McCollum,G,True,False,19.0,14.0,5.0,4.0,0.0,0.0,1.0,,,,,,,-6.0,espn_api
401898394,2026,2026-10-08,Hawks,Atlanta,ATL,away,4278039,Nickeil Alexander-Walker,G,True,False,23.0,7.0,3.0,2.0,0.0,0.0,1.0,,,,,,,-7.0,espn_api
401898394,2026,2026-10-08,Hawks,Atlanta,ATL,away,4397183,Aaron Wiggins,G,True,False,24.0,10.0,2.0,4.0,1.0,2.0,2.0,,,,,,,-1.0,espn_api
401898394,2026,2026-10-08,Hawks,Atlanta,ATL,away,4869342,Dyson Daniels,G,True,False,21.0,13.0,11.0,1.0,1.0,0.0,0.0,,,,,,,-10.0,espn_api
401898394,2026,2026-10-08,Hawks,Atlanta,ATL,away,2578185,Dorian Finney-Smith,F,False,False,8.0,2.0,1.0,0.0,1.0,0.0,1.0,,,,,,,7.0,espn_api
401898394,2026,2026-10-08,Hawks,Atlanta,ATL,away,4280151,Corey Kispert,F,False,False,21.0,10.0,0.0,2.0,0.0,0.0,0.0,,,,,,,-1.0,espn_api
401898394,2026,2026-10-08,Hawks,Atlanta,ATL,away,4431714,Jalen Wilson,F,False,False,14.0,2.0,1.0,1.0,0.0,0.0,0.0,,,,,,,10.0,espn_api
401898394,2026,2026-10-08,Hawks,Atlanta,ATL,away,4712902,Cameron Corhen,F,False,False,4.0,0.0,1.0,0.0,0.0,0.0,0.0,,,,,,,0.0,espn_api
401898394,2026,2026-10-08,Hawks,Atlanta,ATL,away,4873201,Asa Newell,F,False,False,14.0,16.0,1.0,0.0,0.0,0.0,0.0,,,,,,,21.0,espn_api
401898394,2026,2026-10-08,Hawks,Atlanta,ATL,away,5106262,Zuby Ejiofor,F,False,False,14.0,7.0,4.0,0.0,1.0,0.0,1.0,,,,,,,2.0,espn_api
401898394,2026,2026-10-08,Hawks,Atlanta,ATL,away,3146557,Jock Landale,C,False,False,14.0,10.0,5.0,2.0,1.0,2.0,1.0,,,,,,,-5.0,espn_api
401898394,2026,2026-10-08,Hawks,Atlanta,ATL,away,4431941,RayJ Dennis,G,False,False,12.0,4.0,2.0,4.0,1.0,1.0,0.0,,,,,,,9.0,espn_api
401898394,2026,2026-10-08,Hawks,Atlanta,ATL,away,4683857,Kobe Johnson,G,False,False,9.0,0.0,0.0,0.0,3.0,0.0,1.0,,,,,,,5.0,espn_api
401898394,2026,2026-10-08,Hawks,Atlanta,ATL,away,5149077,Kingston Flemings,G,False,False,20.0,15.0,3.0,5.0,3.0,0.0,1.0,,,,,,,8.0,espn_api
401898394,2026,2026-10-08,Hawks,Atlanta,ATL,away,4701230,Jalen Johnson,F,False,True,,,,,,,,,,,,,,,espn_api
401898394,2026,2026-10-08,Hawks,Atlanta,ATL,away,4712863,Mouhamed Gueye,F,False,True,,,,,,,,,,,,,,,espn_api
401898394,2026,2026-10-08,Hawks,Atlanta,ATL,away,5105571,Henri Veesaar,C,False,True,,,,,,,,,,,,,,,espn_api
401898394,2026,2026-10-08,Hawks,Atlanta,ATL,away,4397020,Luguentz Dort,G,False,True,,,,,,,,,,,,,,,espn_api
401898394,2026,2026-10-08,Hawks,Atlanta,ATL,away,4585618,Keshon Gilbert,G,False,True,,,,,,,,,,,,,,,espn_api
401898394,2026,2026-10-08,Spurs,San Antonio,SA,home,4592479,Julian Champagnie,F,True,False,18.0,10.0,0.0,1.0,0.0,0.0,2.0,,,,,,,-6.0,espn_api
401898394,2026,2026-10-08,Spurs,San Antonio,SA,home,5104157,Victor Wembanyama,F,True,False,17.0,9.0,6.0,1.0,0.0,1.0,2.0,,,,,,,-2.0,espn_api
401898394,2026,2026-10-08,Spurs,San Antonio,SA,home,4395630,Devin Vassell,G,True,False,18.0,12.0,3.0,1.0,1.0,1.0,0.0,,,,,,,0.0,espn_api
401898394,2026,2026-10-08,Spurs,San Antonio,SA,home,4845367,Stephon Castle,G,True,False,18.0,14.0,4.0,3.0,1.0,0.0,2.0,,,,,,,0.0,espn_api
401898394,2026,2026-10-08,Spurs,San Antonio,SA,home,5037871,Dylan Harper,G,True,False,19.0,16.0,4.0,4.0,1.0,0.0,0.0,,,,,,,6.0,espn_api
401898394,2026,2026-10-08,Spurs,San Antonio,SA,home,6578,Harrison Barnes,F,False,False,17.0,7.0,2.0,2.0,1.0,1.0,1.0,,,,,,,3.0,espn_api
401898394,2026,2026-10-08,Spurs,San Antonio,SA,home,4395723,Keldon Johnson,F,False,False,19.0,3.0,7.0,2.0,1.0,0.0,2.0,,,,,,,16.0,espn_api
401898394,2026,2026-10-08,Spurs,San Antonio,SA,home,4713010,David Jones Garcia,F,False,False,15.0,14.0,4.0,0.0,0.0,0.0,2.0,,,,,,,-7.0,espn_api
401898394,2026,2026-10-08,Spurs,San Antonio,SA,home,5061568,Carter Bryant,F,False,False,23.0,11.0,5.0,0.0,1.0,1.0,4.0,,,,,,,-5.0,espn_api
401898394,2026,2026-10-08,Spurs,San Antonio,SA,home,3064560,Luke Kornet,C,False,False,15.0,6.0,4.0,2.0,0.0,1.0,0.0,,,,,,,5.0,espn_api
401898394,2026,2026-10-08,Spurs,San Antonio,SA,home,5105809,Tarris Reed Jr.,C,False,False,17.0,2.0,6.0,1.0,0.0,0.0,0.0,,,,,,,-14.0,espn_api
401898394,2026,2026-10-08,Spurs,San Antonio,SA,home,3134916,Jordan McLaughlin,G,False,False,13.0,2.0,1.0,1.0,0.0,0.0,2.0,,,,,,,-6.0,espn_api
401898394,2026,2026-10-08,Spurs,San Antonio,SA,home,3155937,Jon Elmore,G,False,False,6.0,0.0,0.0,0.0,0.0,1.0,1.0,,,,,,,-6.0,espn_api
401898394,2026,2026-10-08,Spurs,San Antonio,SA,home,4433176,RJ Davis,G,False,False,7.0,2.0,2.0,1.0,0.0,0.0,1.0,,,,,,,-8.0,espn_api
401898394,2026,2026-10-08,Spurs,San Antonio,SA,home,4703421,Taelon Peter,G,False,False,9.0,0.0,1.0,1.0,0.0,0.0,0.0,,,,,,,-5.0,espn_api
401898394,2026,2026-10-08,Spurs,San Antonio,SA,home,5107968,Ja'Kobi Gillespie,G,False,False,9.0,8.0,0.0,0.0,1.0,0.0,2.0,,,,,,,-6.0,espn_api
401898394,2026,2026-10-08,Spurs,San Antonio,SA,home,4277880,Malik Williams,C,False,True,,,,,,,,,,,,,,,espn_api
401898394,2026,2026-10-08,Spurs,San Antonio,SA,home,4066259,De'Aaron Fox,G,False,True,,,,,,,,,,,,,,,espn_api
401898717,2026,2026-10-08,Kings,Sacramento,SAC,away,4065732,De'Andre Hunter,F,True,False,18.0,3.0,4.0,0.0,2.0,0.0,5.0,,,,,,,-14.0,espn_api
401898717,2026,2026-10-08,Kings,Sacramento,SAC,away,4431679,Precious Achiuwa,F,True,False,24.0,18.0,5.0,3.0,1.0,0.0,1.0,,,,,,,0.0,espn_api
401898717,2026,2026-10-08,Kings,Sacramento,SAC,away,4898371,Maxime Raynaud,C,True,False,24.0,13.0,10.0,2.0,0.0,2.0,4.0,,,,,,,-21.0,espn_api
401898717,2026,2026-10-08,Kings,Sacramento,SAC,away,3064440,Zach LaVine,G,True,False,23.0,11.0,1.0,4.0,4.0,0.0,0.0,,,,,,,-8.0,espn_api
401898717,2026,2026-10-08,Kings,Sacramento,SAC,away,5142620,Darius Acuff Jr.,G,True,False,23.0,12.0,0.0,1.0,2.0,1.0,3.0,,,,,,,-14.0,espn_api
401898717,2026,2026-10-08,Kings,Sacramento,SAC,away,4395650,Leaky Black,F,False,False,11.0,4.0,1.0,1.0,1.0,0.0,0.0,,,,,,,-3.0,espn_api
401898717,2026,2026-10-08,Kings,Sacramento,SAC,away,4917149,Alex Karaban,F,False,False,20.0,7.0,3.0,2.0,1.0,0.0,2.0,,,,,,,3.0,espn_api
401898717,2026,2026-10-08,Kings,Sacramento,SAC,away,5107897,Jonathan Mogbo,F,False,False,22.0,12.0,7.0,3.0,2.0,0.0,2.0,,,,,,,10.0,espn_api
401898717,2026,2026-10-08,Kings,Sacramento,SAC,away,4433174,Dylan Cardwell,C,False,False,12.0,0.0,7.0,2.0,0.0,0.0,2.0,,,,,,,0.0,espn_api
401898717,2026,2026-10-08,Kings,Sacramento,SAC,away,2583639,Elfrid Payton,G,False,False,10.0,0.0,3.0,2.0,2.0,0.0,2.0,,,,,,,-3.0,espn_api
401898717,2026,2026-10-08,Kings,Sacramento,SAC,away,4279318,Daeqwon Plowden,G,False,False,11.0,15.0,0.0,1.0,1.0,2.0,1.0,,,,,,,8.0,espn_api
401898717,2026,2026-10-08,Kings,Sacramento,SAC,away,4397654,Adam Flagler,G,False,False,8.0,0.0,0.0,1.0,0.0,0.0,2.0,,,,,,,2.0,espn_api
401898717,2026,2026-10-08,Kings,Sacramento,SAC,away,4702384,Nique Clifford,G,False,False,12.0,4.0,2.0,6.0,2.0,0.0,1.0,,,,,,,-1.0,espn_api
401898717,2026,2026-10-08,Kings,Sacramento,SAC,away,5106058,Emanuel Sharp,G,False,False,21.0,11.0,3.0,1.0,2.0,0.0,0.0,,,,,,,21.0,espn_api
401898717,2026,2026-10-08,Kings,Sacramento,SAC,away,4592965,Tristen Newton,G,False,True,,,,,,,,,,,,,,,espn_api
401898717,2026,2026-10-08,Lakers,Los Angeles,LAL,home,3155535,Kevon Looney,F,True,False,17.0,4.0,5.0,1.0,0.0,1.0,0.0,,,,,,,7.0,espn_api
401898717,2026,2026-10-08,Lakers,Los Angeles,LAL,home,5060631,Adou Thiero,F,True,False,21.0,6.0,3.0,1.0,2.0,2.0,0.0,,,,,,,4.0,espn_api
401898717,2026,2026-10-08,Lakers,Los Angeles,LAL,home,3945274,Luka Doncic,G,True,False,25.0,23.0,3.0,3.0,1.0,0.0,5.0,,,,,,,8.0,espn_api
401898717,2026,2026-10-08,Lakers,Los Angeles,LAL,home,4066457,Austin Reaves,G,True,False,25.0,8.0,5.0,8.0,1.0,0.0,3.0,,,,,,,10.0,espn_api
401898717,2026,2026-10-08,Lakers,Los Angeles,LAL,home,4397014,Quentin Grimes,G,True,False,29.0,12.0,0.0,0.0,2.0,0.0,6.0,,,,,,,3.0,espn_api
401898717,2026,2026-10-08,Lakers,Los Angeles,LAL,home,4278077,Jarred Vanderbilt,F,False,False,9.0,4.0,6.0,0.0,1.0,0.0,1.0,,,,,,,-7.0,espn_api
401898717,2026,2026-10-08,Lakers,Los Angeles,LAL,home,4278580,Sandro Mamukelashvili,F,False,False,21.0,19.0,3.0,4.0,1.0,1.0,2.0,,,,,,,13.0,espn_api
401898717,2026,2026-10-08,Lakers,Los Angeles,LAL,home,4397134,Cole Swider,F,False,False,4.0,1.0,0.0,0.0,0.0,0.0,0.0,,,,,,,-7.0,espn_api
401898717,2026,2026-10-08,Lakers,Los Angeles,LAL,home,4592691,Jake LaRavia,F,False,False,24.0,17.0,4.0,3.0,1.0,1.0,1.0,,,,,,,12.0,espn_api
401898717,2026,2026-10-08,Lakers,Los Angeles,LAL,home,5107258,William Kyle III,F,False,False,3.0,2.0,0.0,0.0,0.0,1.0,1.0,,,,,,,-5.0,espn_api
401898717,2026,2026-10-08,Lakers,Los Angeles,LAL,home,5114350,AK Okereke,F,False,False,5.0,3.0,2.0,0.0,0.0,0.0,0.0,,,,,,,-5.0,espn_api
401898717,2026,2026-10-08,Lakers,Los Angeles,LAL,home,3907498,Matisse Thybulle,G,False,False,21.0,3.0,4.0,1.0,1.0,0.0,0.0,,,,,,,5.0,espn_api
401898717,2026,2026-10-08,Lakers,Los Angeles,LAL,home,4683774,Bronny James,G,False,False,22.0,4.0,4.0,6.0,1.0,0.0,4.0,,,,,,,-5.0,espn_api
401898717,2026,2026-10-08,Lakers,Los Angeles,LAL,home,4702972,Chris Manon,G,False,False,6.0,2.0,0.0,0.0,1.0,0.0,0.0,,,,,,,-4.0,espn_api
401898717,2026,2026-10-08,Lakers,Los Angeles,LAL,home,4868423,Jaden Hardy,G,False,False,9.0,6.0,0.0,0.0,1.0,0.0,1.0,,,,,,,-9.0,espn_api
401898395,2026,2026-10-09,Rockets,Houston,HOU,away,3202,Kevin Durant,F,True,False,23.0,15.0,0.0,2.0,0.0,1.0,1.0,,,,,,,11.0,espn_api
401898395,2026,2026-10-09,Rockets,Houston,HOU,away,4432639,Jabari Smith Jr.,F,True,False,22.0,12.0,4.0,1.0,1.0,0.0,0.0,,,,,,,12.0,espn_api
401898395,2026,2026-10-09,Rockets,Houston,HOU,away,4871144,Alperen Sengun,C,True,False,22.0,16.0,10.0,10.0,1.0,0.0,3.0,,,,,,,22.0,espn_api
401898395,2026,2026-10-09,Rockets,Houston,HOU,away,2991230,Fred VanVleet,G,True,False,24.0,17.0,2.0,7.0,2.0,0.0,1.0,,,,,,,15.0,espn_api
401898395,2026,2026-10-09,Rockets,Houston,HOU,away,4684740,Amen Thompson,G,True,False,24.0,8.0,7.0,2.0,1.0,1.0,6.0,,,,,,,7.0,espn_api
401898395,2026,2026-10-09,Rockets,Houston,HOU,away,4433192,Tari Eason,F,False,False,24.0,20.0,9.0,2.0,2.0,0.0,0.0,,,,,,,17.0,espn_api
401898395,2026,2026-10-09,Rockets,Houston,HOU,away,4592857,Isaiah Crawford,F,False,False,12.0,4.0,1.0,0.0,1.0,1.0,1.0,,,,,,,7.0,espn_api
401898395,2026,2026-10-09,Rockets,Houston,HOU,away,5105553,Julian Phillips,F,False,False,7.0,0.0,0.0,0.0,0.0,0.0,0.0,,,,,,,-5.0,espn_api
401898395,2026,2026-10-09,Rockets,Houston,HOU,away,2991235,Steven Adams,C,False,False,14.0,2.0,3.0,1.0,1.0,0.0,1.0,,,,,,,-3.0,espn_api
401898395,2026,2026-10-09,Rockets,Houston,HOU,away,4432827,Oscar Tshiebwe,C,False,False,12.0,5.0,3.0,1.0,0.0,0.0,2.0,,,,,,,-1.0,espn_api
401898395,2026,2026-10-09,Rockets,Houston,HOU,away,3037789,Bogdan Bogdanovic,G,False,False,16.0,4.0,2.0,4.0,0.0,0.0,1.0,,,,,,,16.0,espn_api
401898395,2026,2026-10-09,Rockets,Houston,HOU,away,4683860,Quadir Copeland,G,False,False,9.0,3.0,1.0,1.0,1.0,0.0,2.0,,,,,,,-8.0,espn_api
401898395,2026,2026-10-09,Rockets,Houston,HOU,away,4709131,Sean Pedulla,G,False,False,4.0,0.0,0.0,2.0,0.0,0.0,0.0,,,,,,,-4.0,espn_api
401898395,2026,2026-10-09,Rockets,Houston,HOU,away,4711272,Reed Sheppard,G,False,False,19.0,16.0,1.0,1.0,1.0,0.0,1.0,,,,,,,12.0,espn_api
401898395,2026,2026-10-09,Rockets,Houston,HOU,away,5105837,Bruce Thornton,G,False,False,9.0,13.0,0.0,2.0,0.0,1.0,2.0,,,,,,,-8.0,espn_api
401898395,2026,2026-10-09,Rockets,Houston,HOU,away,3136777,Jae'Sean Tate,F,False,True,,,,,,,,,,,,,,,espn_api
401898395,2026,2026-10-09,Rockets,Houston,HOU,away,3102529,Clint Capela,C,False,True,,,,,,,,,,,,,,,espn_api
401898395,2026,2026-10-09,Rockets,Houston,HOU,away,2990992,Marcus Smart,G,False,True,,,,,,,,,,,,,,,espn_api
401898395,2026,2026-10-09,Mavericks,Dallas,DAL,home,4278594,Naji Marshall,F,True,False,24.0,16.0,2.0,3.0,0.0,0.0,2.0,,,,,,,-13.0,espn_api
401898395,2026,2026-10-09,Mavericks,Dallas,DAL,home,4873153,Morez Johnson Jr.,F,True,False,12.0,4.0,2.0,1.0,1.0,0.0,0.0,,,,,,,-7.0,espn_api
401898395,2026,2026-10-09,Mavericks,Dallas,DAL,home,5041939,Cooper Flagg,F,True,False,19.0,19.0,6.0,3.0,1.0,1.0,2.0,,,,,,,-15.0,espn_api
401898395,2026,2026-10-09,Mavericks,Dallas,DAL,home,5211175,Zaccharie Risacher,F,True,False,24.0,9.0,8.0,1.0,1.0,0.0,1.0,,,,,,,-13.0,espn_api
401898395,2026,2026-10-09,Mavericks,Dallas,DAL,home,4432582,Max Christie,G,True,False,24.0,14.0,2.0,2.0,1.0,0.0,0.0,,,,,,,-12.0,espn_api
401898395,2026,2026-10-09,Mavericks,Dallas,DAL,home,2531367,Dwight Powell,F,False,False,13.0,1.0,1.0,8.0,0.0,1.0,1.0,,,,,,,0.0,espn_api
401898395,2026,2026-10-09,Mavericks,Dallas,DAL,home,4278049,Daniel Gafford,F,False,False,8.0,7.0,3.0,0.0,1.0,0.0,1.0,,,,,,,-3.0,espn_api
401898395,2026,2026-10-09,Mavericks,Dallas,DAL,home,5106040,Tobi Lawal,F,False,False,15.0,13.0,1.0,0.0,2.0,0.0,2.0,,,,,,,2.0,espn_api
401898395,2026,2026-10-09,Mavericks,Dallas,DAL,home,5148538,Tarik Biberovic,F,False,False,19.0,9.0,3.0,2.0,0.0,0.0,0.0,,,,,,,-3.0,espn_api
401898395,2026,2026-10-09,Mavericks,Dallas,DAL,home,5279129,Sergio de Larrea,F,False,False,24.0,11.0,2.0,6.0,1.0,0.0,4.0,,,,,,,-3.0,espn_api
401898395,2026,2026-10-09,Mavericks,Dallas,DAL,home,4701208,Moussa Cisse,C,False,False,14.0,0.0,6.0,3.0,2.0,0.0,2.0,,,,,,,-8.0,espn_api
401898395,2026,2026-10-09,Mavericks,Dallas,DAL,home,4431775,Seth Lundy,G,False,False,14.0,3.0,1.0,0.0,0.0,0.0,1.0,,,,,,,-8.0,espn_api
401898395,2026,2026-10-09,Mavericks,Dallas,DAL,home,4898238,John Poulakidas,G,False,False,14.0,3.0,0.0,2.0,0.0,0.0,1.0,,,,,,,-5.0,espn_api
401898395,2026,2026-10-09,Mavericks,Dallas,DAL,home,5105806,Jett Howard,G,False,False,16.0,8.0,1.0,3.0,2.0,0.0,1.0,,,,,,,-2.0,espn_api
401898395,2026,2026-10-09,Mavericks,Dallas,DAL,home,3138160,Caleb Martin,F,False,True,,,,,,,,,,,,,,,espn_api
401898395,2026,2026-10-09,Mavericks,Dallas,DAL,home,4278078,P.J. Washington,F,False,True,,,,,,,,,,,,,,,espn_api
401898395,2026,2026-10-09,Mavericks,Dallas,DAL,home,4593125,Santi Aldama,F,False,True,,,,,,,,,,,,,,,espn_api
401898395,2026,2026-10-09,Mavericks,Dallas,DAL,home,4683688,Dereck Lively II,C,False,True,,,,,,,,,,,,,,,espn_api
401898395,2026,2026-10-09,Mavericks,Dallas,DAL,home,6442,Kyrie Irving,G,False,True,,,,,,,,,,,,,,,espn_api
401898395,2026,2026-10-09,Mavericks,Dallas,DAL,home,4432107,Marcus Sasser,G,False,True,,,,,,,,,,,,,,,espn_api
