game_id,game_date,home_team,away_team,home_pts,away_pts,season,actual_spread,actual_total
401442535,2022-06-16,Boston Celtics,Golden State Warriors,90.0,103.0,2022,-13.0,193.0
401442534,2022-06-13,Golden State Warriors,Boston Celtics,104.0,94.0,2022,10.0,198.0
401442533,2022-06-10,Boston Celtics,Golden State Warriors,97.0,107.0,2022,-10.0,204.0
401442532,2022-06-08,Boston Celtics,Golden State Warriors,116.0,100.0,2022,16.0,216.0
401442531,2022-06-05,Golden State Warriors,Boston Celtics,107.0,88.0,2022,19.0,195.0
401442530,2022-06-02,Golden State Warriors,Boston Celtics,108.0,120.0,2022,-12.0,228.0
401438136,2022-05-29,Miami Heat,Boston Celtics,96.0,100.0,2022,-4.0,196.0
401438135,2022-05-27,Boston Celtics,Miami Heat,103.0,111.0,2022,-8.0,214.0
401438948,2022-05-26,Golden State Warriors,Dallas Mavericks,120.0,110.0,2022,10.0,230.0
401438134,2022-05-25,Miami Heat,Boston Celtics,80.0,93.0,2022,-13.0,173.0
401438947,2022-05-24,Dallas Mavericks,Golden State Warriors,119.0,109.0,2022,10.0,228.0
401438133,2022-05-23,Boston Celtics,Miami Heat,102.0,82.0,2022,20.0,184.0
401438946,2022-05-22,Dallas Mavericks,Golden State Warriors,100.0,109.0,2022,-9.0,209.0
401438132,2022-05-21,Boston Celtics,Miami Heat,103.0,109.0,2022,-6.0,212.0
401438945,2022-05-20,Golden State Warriors,Dallas Mavericks,126.0,117.0,2022,9.0,243.0
401438131,2022-05-19,Miami Heat,Boston Celtics,102.0,127.0,2022,-25.0,229.0
401438944,2022-05-18,Golden State Warriors,Dallas Mavericks,112.0,87.0,2022,25.0,199.0
401438130,2022-05-17,Miami Heat,Boston Celtics,118.0,107.0,2022,11.0,225.0
401433616,2022-05-15,Boston Celtics,Milwaukee Bucks,109.0,81.0,2022,28.0,190.0
401434115,2022-05-15,Phoenix Suns,Dallas Mavericks,90.0,123.0,2022,-33.0,213.0
401433615,2022-05-13,Milwaukee Bucks,Boston Celtics,95.0,108.0,2022,-13.0,203.0
401434775,2022-05-13,Golden State Warriors,Memphis Grizzlies,110.0,96.0,2022,14.0,206.0
401434055,2022-05-12,Philadelphia 76ers,Miami Heat,90.0,99.0,2022,-9.0,189.0
401434114,2022-05-12,Dallas Mavericks,Phoenix Suns,113.0,86.0,2022,27.0,199.0
401433614,2022-05-11,Boston Celtics,Milwaukee Bucks,107.0,110.0,2022,-3.0,217.0
401434774,2022-05-11,Memphis Grizzlies,Golden State Warriors,134.0,95.0,2022,39.0,229.0
401434054,2022-05-10,Miami Heat,Philadelphia 76ers,120.0,85.0,2022,35.0,205.0
401434113,2022-05-10,Phoenix Suns,Dallas Mavericks,110.0,80.0,2022,30.0,190.0
401433613,2022-05-09,Milwaukee Bucks,Boston Celtics,108.0,116.0,2022,-8.0,224.0
401434773,2022-05-09,Golden State Warriors,Memphis Grizzlies,101.0,98.0,2022,3.0,199.0
401434112,2022-05-08,Dallas Mavericks,Phoenix Suns,111.0,101.0,2022,10.0,212.0
401434053,2022-05-08,Philadelphia 76ers,Miami Heat,116.0,108.0,2022,8.0,224.0
401433612,2022-05-07,Milwaukee Bucks,Boston Celtics,103.0,101.0,2022,2.0,204.0
401434772,2022-05-07,Golden State Warriors,Memphis Grizzlies,142.0,112.0,2022,30.0,254.0
401434052,2022-05-06,Philadelphia 76ers,Miami Heat,99.0,79.0,2022,20.0,178.0
401434111,2022-05-06,Dallas Mavericks,Phoenix Suns,103.0,94.0,2022,9.0,197.0
401434051,2022-05-04,Miami Heat,Philadelphia 76ers,119.0,103.0,2022,16.0,222.0
401434110,2022-05-04,Phoenix Suns,Dallas Mavericks,129.0,109.0,2022,20.0,238.0
401433611,2022-05-03,Boston Celtics,Milwaukee Bucks,109.0,86.0,2022,23.0,195.0
401434771,2022-05-03,Memphis Grizzlies,Golden State Warriors,106.0,101.0,2022,5.0,207.0
401434050,2022-05-02,Miami Heat,Philadelphia 76ers,106.0,92.0,2022,14.0,198.0
401434070,2022-05-02,Phoenix Suns,Dallas Mavericks,121.0,114.0,2022,7.0,235.0
401433610,2022-05-01,Boston Celtics,Milwaukee Bucks,89.0,101.0,2022,-12.0,190.0
401434770,2022-05-01,Memphis Grizzlies,Golden State Warriors,116.0,117.0,2022,-1.0,233.0
401430234,2022-04-29,Minnesota Timberwolves,Memphis Grizzlies,106.0,114.0,2022,-8.0,220.0
401430244,2022-04-28,Toronto Raptors,Philadelphia 76ers,97.0,132.0,2022,-35.0,229.0
401430228,2022-04-28,New Orleans Pelicans,Phoenix Suns,109.0,115.0,2022,-6.0,224.0
401430241,2022-04-28,Utah Jazz,Dallas Mavericks,96.0,98.0,2022,-2.0,194.0
401430251,2022-04-27,Milwaukee Bucks,Chicago Bulls,116.0,100.0,2022,16.0,216.0
401430255,2022-04-27,Golden State Warriors,Denver Nuggets,102.0,98.0,2022,4.0,200.0
401430219,2022-04-26,Miami Heat,Atlanta Hawks,97.0,94.0,2022,3.0,191.0
401430231,2022-04-26,Memphis Grizzlies,Minnesota Timberwolves,111.0,109.0,2022,2.0,220.0
401430226,2022-04-26,Phoenix Suns,New Orleans Pelicans,112.0,97.0,2022,15.0,209.0
401430212,2022-04-25,Brooklyn Nets,Boston Celtics,112.0,116.0,2022,-4.0,228.0
401430243,2022-04-25,Philadelphia 76ers,Toronto Raptors,88.0,103.0,2022,-15.0,191.0
401430239,2022-04-25,Dallas Mavericks,Utah Jazz,102.0,77.0,2022,25.0,179.0
401430249,2022-04-24,Chicago Bulls,Milwaukee Bucks,95.0,119.0,2022,-24.0,214.0
401430253,2022-04-24,Denver Nuggets,Golden State Warriors,126.0,121.0,2022,5.0,247.0
401430218,2022-04-24,Atlanta Hawks,Miami Heat,86.0,110.0,2022,-24.0,196.0
401430225,2022-04-24,New Orleans Pelicans,Phoenix Suns,118.0,103.0,2022,15.0,221.0
401430240,2022-04-23,Toronto Raptors,Philadelphia 76ers,110.0,102.0,2022,8.0,212.0
401430237,2022-04-23,Utah Jazz,Dallas Mavericks,100.0,99.0,2022,1.0,199.0
401430211,2022-04-23,Brooklyn Nets,Boston Celtics,103.0,109.0,2022,-6.0,212.0
401430230,2022-04-23,Minnesota Timberwolves,Memphis Grizzlies,119.0,118.0,2022,1.0,237.0
401430217,2022-04-22,Atlanta Hawks,Miami Heat,111.0,110.0,2022,1.0,221.0
401430248,2022-04-22,Chicago Bulls,Milwaukee Bucks,81.0,111.0,2022,-30.0,192.0
401430224,2022-04-22,New Orleans Pelicans,Phoenix Suns,111.0,114.0,2022,-3.0,225.0
401430227,2022-04-21,Minnesota Timberwolves,Memphis Grizzlies,95.0,104.0,2022,-9.0,199.0
401430235,2022-04-21,Utah Jazz,Dallas Mavericks,118.0,126.0,2022,-8.0,244.0
401430250,2022-04-21,Denver Nuggets,Golden State Warriors,113.0,118.0,2022,-5.0,231.0
401430210,2022-04-20,Boston Celtics,Brooklyn Nets,114.0,107.0,2022,7.0,221.0
401430236,2022-04-20,Toronto Raptors,Philadelphia 76ers,101.0,104.0,2022,-3.0,205.0
401430246,2022-04-20,Milwaukee Bucks,Chicago Bulls,110.0,114.0,2022,-4.0,224.0
401430216,2022-04-19,Miami Heat,Atlanta Hawks,115.0,105.0,2022,10.0,220.0
401430223,2022-04-19,Memphis Grizzlies,Minnesota Timberwolves,124.0,96.0,2022,28.0,220.0
401430222,2022-04-19,Phoenix Suns,New Orleans Pelicans,114.0,125.0,2022,-11.0,239.0
401430233,2022-04-18,Philadelphia 76ers,Toronto Raptors,112.0,97.0,2022,15.0,209.0
401430232,2022-04-18,Dallas Mavericks,Utah Jazz,110.0,104.0,2022,6.0,214.0
401430247,2022-04-18,Golden State Warriors,Denver Nuggets,126.0,106.0,2022,20.0,232.0
401429891,2022-04-17,Miami Heat,Atlanta Hawks,115.0,91.0,2022,24.0,206.0
401429890,2022-04-17,Boston Celtics,Brooklyn Nets,115.0,114.0,2022,1.0,229.0
401429892,2022-04-17,Milwaukee Bucks,Chicago Bulls,93.0,86.0,2022,7.0,179.0
401429893,2022-04-17,Phoenix Suns,New Orleans Pelicans,110.0,99.0,2022,11.0,209.0
401429872,2022-04-16,Dallas Mavericks,Utah Jazz,93.0,99.0,2022,-6.0,192.0
401429873,2022-04-16,Memphis Grizzlies,Minnesota Timberwolves,117.0,130.0,2022,-13.0,247.0
401429874,2022-04-16,Philadelphia 76ers,Toronto Raptors,131.0,111.0,2022,20.0,242.0
401429875,2022-04-16,Golden State Warriors,Denver Nuggets,123.0,107.0,2022,16.0,230.0
401428074,2022-04-15,Cleveland Cavaliers,Atlanta Hawks,101.0,107.0,2022,-6.0,208.0
401428075,2022-04-15,LA Clippers,New Orleans Pelicans,101.0,105.0,2022,-4.0,206.0
401428072,2022-04-13,Atlanta Hawks,Charlotte Hornets,132.0,103.0,2022,29.0,235.0
401428073,2022-04-13,New Orleans Pelicans,San Antonio Spurs,113.0,103.0,2022,10.0,216.0
401428070,2022-04-12,Brooklyn Nets,Cleveland Cavaliers,115.0,108.0,2022,7.0,223.0
401428071,2022-04-12,Minnesota Timberwolves,LA Clippers,109.0,104.0,2022,5.0,213.0
401361035,2022-04-10,Brooklyn Nets,Indiana Pacers,134.0,126.0,2022,8.0,260.0
401361036,2022-04-10,Charlotte Hornets,Washington Wizards,124.0,108.0,2022,16.0,232.0
401361037,2022-04-10,Cleveland Cavaliers,Milwaukee Bucks,133.0,115.0,2022,18.0,248.0
401361040,2022-04-10,Houston Rockets,Atlanta Hawks,114.0,130.0,2022,-16.0,244.0
401361042,2022-04-10,Memphis Grizzlies,Boston Celtics,110.0,139.0,2022,-29.0,249.0
401361045,2022-04-10,New York Knicks,Toronto Raptors,105.0,94.0,2022,11.0,199.0
401361046,2022-04-10,Orlando Magic,Miami Heat,125.0,111.0,2022,14.0,236.0
401361047,2022-04-10,Philadelphia 76ers,Detroit Pistons,118.0,106.0,2022,12.0,224.0
401361043,2022-04-10,Minnesota Timberwolves,Chicago Bulls,120.0,124.0,2022,-4.0,244.0
401361038,2022-04-10,Dallas Mavericks,San Antonio Spurs,130.0,120.0,2022,10.0,250.0
401361039,2022-04-10,Denver Nuggets,Los Angeles Lakers,141.0,146.0,2022,-5.0,287.0
401361041,2022-04-10,LA Clippers,Oklahoma City Thunder,138.0,88.0,2022,50.0,226.0
401361044,2022-04-10,New Orleans Pelicans,Golden State Warriors,107.0,128.0,2022,-21.0,235.0
401361048,2022-04-10,Phoenix Suns,Sacramento Kings,109.0,116.0,2022,-7.0,225.0
401361049,2022-04-10,Portland Trail Blazers,Utah Jazz,80.0,111.0,2022,-31.0,191.0
401361033,2022-04-09,Philadelphia 76ers,Indiana Pacers,133.0,120.0,2022,13.0,253.0
401361032,2022-04-09,Memphis Grizzlies,New Orleans Pelicans,141.0,114.0,2022,27.0,255.0
401361034,2022-04-09,San Antonio Spurs,Golden State Warriors,94.0,100.0,2022,-6.0,194.0
401361031,2022-04-09,LA Clippers,Sacramento Kings,117.0,98.0,2022,19.0,215.0
401361022,2022-04-08,Detroit Pistons,Milwaukee Bucks,101.0,131.0,2022,-30.0,232.0
401361023,2022-04-08,Washington Wizards,New York Knicks,92.0,114.0,2022,-22.0,206.0
401361024,2022-04-08,Brooklyn Nets,Cleveland Cavaliers,118.0,107.0,2022,11.0,225.0
401361025,2022-04-08,Toronto Raptors,Houston Rockets,117.0,115.0,2022,2.0,232.0
401361026,2022-04-08,Miami Heat,Atlanta Hawks,113.0,109.0,2022,4.0,222.0
401361027,2022-04-08,Chicago Bulls,Charlotte Hornets,117.0,133.0,2022,-16.0,250.0
401361028,2022-04-08,Dallas Mavericks,Portland Trail Blazers,128.0,78.0,2022,50.0,206.0
401361029,2022-04-08,Utah Jazz,Phoenix Suns,105.0,111.0,2022,-6.0,216.0
401361030,2022-04-08,Los Angeles Lakers,Oklahoma City Thunder,120.0,101.0,2022,19.0,221.0
401361015,2022-04-07,Charlotte Hornets,Orlando Magic,128.0,101.0,2022,27.0,229.0
401361016,2022-04-07,Toronto Raptors,Philadelphia 76ers,119.0,114.0,2022,5.0,233.0
401361017,2022-04-07,Milwaukee Bucks,Boston Celtics,127.0,121.0,2022,6.0,248.0
401361018,2022-04-07,Minnesota Timberwolves,San Antonio Spurs,127.0,121.0,2022,6.0,248.0
401361019,2022-04-07,New Orleans Pelicans,Portland Trail Blazers,127.0,94.0,2022,33.0,221.0
401361020,2022-04-07,Denver Nuggets,Memphis Grizzlies,122.0,109.0,2022,13.0,231.0
401361021,2022-04-07,Golden State Warriors,Los Angeles Lakers,128.0,112.0,2022,16.0,240.0
401361009,2022-04-06,Detroit Pistons,Dallas Mavericks,113.0,131.0,2022,-18.0,244.0
401361010,2022-04-06,New York Knicks,Brooklyn Nets,98.0,110.0,2022,-12.0,208.0
401361011,2022-04-06,Atlanta Hawks,Washington Wizards,118.0,103.0,2022,15.0,221.0
401361012,2022-04-06,Chicago Bulls,Boston Celtics,94.0,117.0,2022,-23.0,211.0
401361013,2022-04-06,Utah Jazz,Oklahoma City Thunder,137.0,101.0,2022,36.0,238.0
401361014,2022-04-06,LA Clippers,Phoenix Suns,113.0,109.0,2022,4.0,222.0
401360997,2022-04-05,Indiana Pacers,Philadelphia 76ers,122.0,131.0,2022,-9.0,253.0
401360998,2022-04-05,Orlando Magic,Cleveland Cavaliers,120.0,115.0,2022,5.0,235.0
401360999,2022-04-05,Brooklyn Nets,Houston Rockets,118.0,105.0,2022,13.0,223.0
401361000,2022-04-05,Miami Heat,Charlotte Hornets,144.0,115.0,2022,29.0,259.0
401361001,2022-04-05,Toronto Raptors,Atlanta Hawks,118.0,108.0,2022,10.0,226.0
401361002,2022-04-05,Chicago Bulls,Milwaukee Bucks,106.0,127.0,2022,-21.0,233.0
401361003,2022-04-05,Minnesota Timberwolves,Washington Wizards,114.0,132.0,2022,-18.0,246.0
401361004,2022-04-05,Oklahoma City Thunder,Portland Trail Blazers,98.0,94.0,2022,4.0,192.0
401361005,2022-04-05,Denver Nuggets,San Antonio Spurs,97.0,116.0,2022,-19.0,213.0
401361006,2022-04-05,Utah Jazz,Memphis Grizzlies,121.0,115.0,2022,6.0,236.0
401361007,2022-04-05,Sacramento Kings,New Orleans Pelicans,109.0,123.0,2022,-14.0,232.0
401361008,2022-04-05,Phoenix Suns,Los Angeles Lakers,121.0,110.0,2022,11.0,231.0
401360985,2022-04-03,Boston Celtics,Washington Wizards,144.0,102.0,2022,42.0,246.0
401360986,2022-04-03,Milwaukee Bucks,Dallas Mavericks,112.0,118.0,2022,-6.0,230.0
401360987,2022-04-03,Los Angeles Lakers,Denver Nuggets,118.0,129.0,2022,-11.0,247.0
401360988,2022-04-03,Indiana Pacers,Detroit Pistons,117.0,121.0,2022,-4.0,238.0
401360989,2022-04-03,Cleveland Cavaliers,Philadelphia 76ers,108.0,112.0,2022,-4.0,220.0
401360990,2022-04-03,Orlando Magic,New York Knicks,88.0,118.0,2022,-30.0,206.0
401360991,2022-04-03,Toronto Raptors,Miami Heat,109.0,114.0,2022,-5.0,223.0
401360992,2022-04-03,Houston Rockets,Minnesota Timberwolves,132.0,139.0,2022,-7.0,271.0
401360993,2022-04-03,Oklahoma City Thunder,Phoenix Suns,117.0,96.0,2022,21.0,213.0
401360994,2022-04-03,San Antonio Spurs,Portland Trail Blazers,113.0,92.0,2022,21.0,205.0
401360995,2022-04-03,Sacramento Kings,Golden State Warriors,90.0,109.0,2022,-19.0,199.0
401360996,2022-04-03,LA Clippers,New Orleans Pelicans,119.0,100.0,2022,19.0,219.0
401360980,2022-04-02,Philadelphia 76ers,Charlotte Hornets,144.0,114.0,2022,30.0,258.0
401360981,2022-04-02,New York Knicks,Cleveland Cavaliers,101.0,119.0,2022,-18.0,220.0
401360982,2022-04-02,Atlanta Hawks,Brooklyn Nets,122.0,115.0,2022,7.0,237.0
401360983,2022-04-02,Chicago Bulls,Miami Heat,109.0,127.0,2022,-18.0,236.0
401360984,2022-04-02,Golden State Warriors,Utah Jazz,111.0,107.0,2022,4.0,218.0
401360970,2022-04-01,Orlando Magic,Toronto Raptors,89.0,102.0,2022,-13.0,191.0
401360971,2022-04-01,Washington Wizards,Dallas Mavericks,135.0,103.0,2022,32.0,238.0
401360972,2022-04-01,Boston Celtics,Indiana Pacers,128.0,123.0,2022,5.0,251.0
401360973,2022-04-01,Houston Rockets,Sacramento Kings,117.0,122.0,2022,-5.0,239.0
401360974,2022-04-01,Memphis Grizzlies,Phoenix Suns,122.0,114.0,2022,8.0,236.0
401360975,2022-04-01,Milwaukee Bucks,LA Clippers,119.0,153.0,2022,-34.0,272.0
401360976,2022-04-01,Oklahoma City Thunder,Detroit Pistons,101.0,110.0,2022,-9.0,211.0
401360977,2022-04-01,San Antonio Spurs,Portland Trail Blazers,130.0,111.0,2022,19.0,241.0
401360978,2022-04-01,Denver Nuggets,Minnesota Timberwolves,130.0,136.0,2022,-6.0,266.0
401360979,2022-04-01,Los Angeles Lakers,New Orleans Pelicans,111.0,114.0,2022,-3.0,225.0
401360966,2022-03-31,Detroit Pistons,Philadelphia 76ers,102.0,94.0,2022,8.0,196.0
401360967,2022-03-31,Brooklyn Nets,Milwaukee Bucks,119.0,120.0,2022,-1.0,239.0
401401145,2022-03-31,Atlanta Hawks,Cleveland Cavaliers,131.0,107.0,2022,24.0,238.0
401360968,2022-03-31,Chicago Bulls,LA Clippers,135.0,130.0,2022,5.0,265.0
401360969,2022-03-31,Utah Jazz,Los Angeles Lakers,122.0,109.0,2022,13.0,231.0
401360955,2022-03-30,Cleveland Cavaliers,Dallas Mavericks,112.0,120.0,2022,-8.0,232.0
401360956,2022-03-30,Indiana Pacers,Denver Nuggets,118.0,125.0,2022,-7.0,243.0
401360957,2022-03-30,Washington Wizards,Orlando Magic,127.0,110.0,2022,17.0,237.0
401360958,2022-03-30,Boston Celtics,Miami Heat,98.0,106.0,2022,-8.0,204.0
401360959,2022-03-30,New York Knicks,Charlotte Hornets,114.0,125.0,2022,-11.0,239.0
401360960,2022-03-30,Toronto Raptors,Minnesota Timberwolves,125.0,102.0,2022,23.0,227.0
401360961,2022-03-30,Houston Rockets,Sacramento Kings,118.0,121.0,2022,-3.0,239.0
401360962,2022-03-30,Oklahoma City Thunder,Atlanta Hawks,118.0,136.0,2022,-18.0,254.0
401360963,2022-03-30,San Antonio Spurs,Memphis Grizzlies,111.0,112.0,2022,-1.0,223.0
401360964,2022-03-30,Golden State Warriors,Phoenix Suns,103.0,107.0,2022,-4.0,210.0
401360965,2022-03-30,Portland Trail Blazers,New Orleans Pelicans,107.0,117.0,2022,-10.0,224.0
401360950,2022-03-29,Philadelphia 76ers,Milwaukee Bucks,116.0,118.0,2022,-2.0,234.0
401360951,2022-03-29,Washington Wizards,Chicago Bulls,94.0,107.0,2022,-13.0,201.0
401360952,2022-03-29,Brooklyn Nets,Detroit Pistons,130.0,123.0,2022,7.0,253.0
401360953,2022-03-29,Dallas Mavericks,Los Angeles Lakers,128.0,110.0,2022,18.0,238.0
401360954,2022-03-29,LA Clippers,Utah Jazz,121.0,115.0,2022,6.0,236.0
401360941,2022-03-28,Charlotte Hornets,Denver Nuggets,109.0,113.0,2022,-4.0,222.0
401360942,2022-03-28,Cleveland Cavaliers,Orlando Magic,107.0,101.0,2022,6.0,208.0
401360943,2022-03-28,Indiana Pacers,Atlanta Hawks,123.0,132.0,2022,-9.0,255.0
401360944,2022-03-28,Miami Heat,Sacramento Kings,123.0,100.0,2022,23.0,223.0
401360945,2022-03-28,New York Knicks,Chicago Bulls,109.0,104.0,2022,5.0,213.0
401360946,2022-03-28,Toronto Raptors,Boston Celtics,115.0,112.0,2022,3.0,227.0
401360947,2022-03-28,Houston Rockets,San Antonio Spurs,120.0,123.0,2022,-3.0,243.0
401360948,2022-03-28,Memphis Grizzlies,Golden State Warriors,123.0,95.0,2022,28.0,218.0
401360949,2022-03-28,Portland Trail Blazers,Oklahoma City Thunder,131.0,134.0,2022,-3.0,265.0
401360934,2022-03-27,Detroit Pistons,New York Knicks,102.0,104.0,2022,-2.0,206.0
401360935,2022-03-27,Boston Celtics,Minnesota Timberwolves,134.0,112.0,2022,22.0,246.0
401360936,2022-03-27,Washington Wizards,Golden State Warriors,123.0,115.0,2022,8.0,238.0
401360937,2022-03-27,Phoenix Suns,Philadelphia 76ers,114.0,104.0,2022,10.0,218.0
401360938,2022-03-27,New Orleans Pelicans,Los Angeles Lakers,116.0,108.0,2022,8.0,224.0
401360939,2022-03-27,Brooklyn Nets,Charlotte Hornets,110.0,119.0,2022,-9.0,229.0
401360940,2022-03-27,Dallas Mavericks,Utah Jazz,114.0,100.0,2022,14.0,214.0
401360926,2022-03-26,New Orleans Pelicans,San Antonio Spurs,103.0,107.0,2022,-4.0,210.0
401360927,2022-03-26,Orlando Magic,Sacramento Kings,110.0,114.0,2022,-4.0,224.0
401360928,2022-03-26,Toronto Raptors,Indiana Pacers,131.0,91.0,2022,40.0,222.0
401360929,2022-03-26,Cleveland Cavaliers,Chicago Bulls,94.0,98.0,2022,-4.0,192.0
401360930,2022-03-26,Miami Heat,Brooklyn Nets,95.0,110.0,2022,-15.0,205.0
401360931,2022-03-26,Memphis Grizzlies,Milwaukee Bucks,127.0,102.0,2022,25.0,229.0
401360932,2022-03-26,Denver Nuggets,Oklahoma City Thunder,113.0,107.0,2022,6.0,220.0
401360933,2022-03-26,Portland Trail Blazers,Houston Rockets,98.0,115.0,2022,-17.0,213.0
401360919,2022-03-25,Charlotte Hornets,Utah Jazz,107.0,101.0,2022,6.0,208.0
401360920,2022-03-25,Detroit Pistons,Washington Wizards,97.0,100.0,2022,-3.0,197.0
401360921,2022-03-25,Atlanta Hawks,Golden State Warriors,121.0,110.0,2022,11.0,231.0
401360922,2022-03-25,Miami Heat,New York Knicks,103.0,111.0,2022,-8.0,214.0
401360923,2022-03-25,Minnesota Timberwolves,Dallas Mavericks,116.0,95.0,2022,21.0,211.0
401360924,2022-03-25,Portland Trail Blazers,Houston Rockets,106.0,125.0,2022,-19.0,231.0
401360925,2022-03-25,LA Clippers,Philadelphia 76ers,97.0,122.0,2022,-25.0,219.0
401360914,2022-03-24,Toronto Raptors,Cleveland Cavaliers,117.0,104.0,2022,13.0,221.0
401360915,2022-03-24,Memphis Grizzlies,Indiana Pacers,133.0,103.0,2022,30.0,236.0
401360916,2022-03-24,Milwaukee Bucks,Washington Wizards,114.0,102.0,2022,12.0,216.0
401360917,2022-03-24,New Orleans Pelicans,Chicago Bulls,126.0,109.0,2022,17.0,235.0
401360918,2022-03-24,Denver Nuggets,Phoenix Suns,130.0,140.0,2022,-10.0,270.0
401360903,2022-03-23,Charlotte Hornets,New York Knicks,106.0,121.0,2022,-15.0,227.0
401360904,2022-03-23,Detroit Pistons,Atlanta Hawks,122.0,101.0,2022,21.0,223.0
401360905,2022-03-23,Indiana Pacers,Sacramento Kings,109.0,110.0,2022,-1.0,219.0
401360906,2022-03-23,Boston Celtics,Utah Jazz,125.0,97.0,2022,28.0,222.0
401360907,2022-03-23,Miami Heat,Golden State Warriors,104.0,118.0,2022,-14.0,222.0
401360908,2022-03-23,Memphis Grizzlies,Brooklyn Nets,132.0,120.0,2022,12.0,252.0
401360909,2022-03-23,Minnesota Timberwolves,Phoenix Suns,116.0,125.0,2022,-9.0,241.0
401360910,2022-03-23,Oklahoma City Thunder,Orlando Magic,118.0,102.0,2022,16.0,220.0
401360911,2022-03-23,Dallas Mavericks,Houston Rockets,110.0,91.0,2022,19.0,201.0
401360912,2022-03-23,Los Angeles Lakers,Philadelphia 76ers,121.0,126.0,2022,-5.0,247.0
401360913,2022-03-23,Portland Trail Blazers,San Antonio Spurs,96.0,133.0,2022,-37.0,229.0
401360899,2022-03-22,Orlando Magic,Golden State Warriors,94.0,90.0,2022,4.0,184.0
401360900,2022-03-22,New York Knicks,Atlanta Hawks,111.0,117.0,2022,-6.0,228.0
401360901,2022-03-22,Milwaukee Bucks,Chicago Bulls,126.0,98.0,2022,28.0,224.0
401360902,2022-03-22,Denver Nuggets,LA Clippers,127.0,115.0,2022,12.0,242.0
401360890,2022-03-21,Charlotte Hornets,New Orleans Pelicans,106.0,103.0,2022,3.0,209.0
401360891,2022-03-21,Cleveland Cavaliers,Los Angeles Lakers,120.0,131.0,2022,-11.0,251.0
401360892,2022-03-21,Detroit Pistons,Portland Trail Blazers,115.0,119.0,2022,-4.0,234.0
401360893,2022-03-21,Philadelphia 76ers,Miami Heat,113.0,106.0,2022,7.0,219.0
401360894,2022-03-21,Brooklyn Nets,Utah Jazz,114.0,106.0,2022,8.0,220.0
401360895,2022-03-21,Chicago Bulls,Toronto Raptors,113.0,99.0,2022,14.0,212.0
401360896,2022-03-21,Houston Rockets,Washington Wizards,115.0,97.0,2022,18.0,212.0
401360897,2022-03-21,Oklahoma City Thunder,Boston Celtics,123.0,132.0,2022,-9.0,255.0
401360898,2022-03-21,Dallas Mavericks,Minnesota Timberwolves,110.0,108.0,2022,2.0,218.0
401360881,2022-03-20,Indiana Pacers,Portland Trail Blazers,129.0,98.0,2022,31.0,227.0
401360882,2022-03-20,Houston Rockets,Memphis Grizzlies,98.0,122.0,2022,-24.0,220.0
401360883,2022-03-20,Atlanta Hawks,New Orleans Pelicans,112.0,117.0,2022,-5.0,229.0
401360884,2022-03-20,Orlando Magic,Oklahoma City Thunder,90.0,85.0,2022,5.0,175.0
401360885,2022-03-20,Sacramento Kings,Phoenix Suns,124.0,127.0,2022,-3.0,251.0
401360886,2022-03-20,New York Knicks,Utah Jazz,93.0,108.0,2022,-15.0,201.0
401360887,2022-03-20,Denver Nuggets,Boston Celtics,104.0,124.0,2022,-20.0,228.0
401360888,2022-03-20,Philadelphia 76ers,Toronto Raptors,88.0,93.0,2022,-5.0,181.0
401360889,2022-03-20,Golden State Warriors,San Antonio Spurs,108.0,110.0,2022,-2.0,218.0
401360877,2022-03-19,Minnesota Timberwolves,Milwaukee Bucks,138.0,119.0,2022,19.0,257.0
401360878,2022-03-19,Charlotte Hornets,Dallas Mavericks,129.0,108.0,2022,21.0,237.0
401360879,2022-03-19,Cleveland Cavaliers,Detroit Pistons,113.0,109.0,2022,4.0,222.0
401360880,2022-03-19,Washington Wizards,Los Angeles Lakers,127.0,119.0,2022,8.0,246.0
401360875,2022-03-18,Philadelphia 76ers,Dallas Mavericks,111.0,101.0,2022,10.0,212.0
401360865,2022-03-18,New York Knicks,Washington Wizards,100.0,97.0,2022,3.0,197.0
401360866,2022-03-18,Toronto Raptors,Los Angeles Lakers,123.0,128.0,2022,-5.0,251.0
401360872,2022-03-18,Atlanta Hawks,Memphis Grizzlies,120.0,105.0,2022,15.0,225.0
401360873,2022-03-18,Brooklyn Nets,Portland Trail Blazers,128.0,123.0,2022,5.0,251.0
401360874,2022-03-18,Cleveland Cavaliers,Denver Nuggets,119.0,116.0,2022,3.0,235.0
401360867,2022-03-18,Miami Heat,Oklahoma City Thunder,120.0,108.0,2022,12.0,228.0
401360868,2022-03-18,Houston Rockets,Indiana Pacers,118.0,121.0,2022,-3.0,239.0
401360869,2022-03-18,San Antonio Spurs,New Orleans Pelicans,91.0,124.0,2022,-33.0,215.0
401360870,2022-03-18,Utah Jazz,LA Clippers,121.0,92.0,2022,29.0,213.0
401360871,2022-03-18,Sacramento Kings,Boston Celtics,97.0,126.0,2022,-29.0,223.0
401360876,2022-03-18,Phoenix Suns,Chicago Bulls,129.0,102.0,2022,27.0,231.0
401360864,2022-03-17,Orlando Magic,Detroit Pistons,120.0,134.0,2022,-14.0,254.0
401360852,2022-03-16,Charlotte Hornets,Atlanta Hawks,116.0,106.0,2022,10.0,222.0
401360853,2022-03-16,Cleveland Cavaliers,Philadelphia 76ers,114.0,118.0,2022,-4.0,232.0
401360854,2022-03-16,Washington Wizards,Denver Nuggets,109.0,127.0,2022,-18.0,236.0
401360855,2022-03-16,Brooklyn Nets,Dallas Mavericks,111.0,113.0,2022,-2.0,224.0
401360856,2022-03-16,New York Knicks,Portland Trail Blazers,128.0,98.0,2022,30.0,226.0
401360857,2022-03-16,Houston Rockets,Phoenix Suns,112.0,129.0,2022,-17.0,241.0
401360858,2022-03-16,Minnesota Timberwolves,Los Angeles Lakers,124.0,104.0,2022,20.0,228.0
401360859,2022-03-16,San Antonio Spurs,Oklahoma City Thunder,122.0,120.0,2022,2.0,242.0
401360860,2022-03-16,Utah Jazz,Chicago Bulls,125.0,110.0,2022,15.0,235.0
401360861,2022-03-16,Golden State Warriors,Boston Celtics,88.0,110.0,2022,-22.0,198.0
401360862,2022-03-16,Sacramento Kings,Milwaukee Bucks,126.0,135.0,2022,-9.0,261.0
401360863,2022-03-16,LA Clippers,Toronto Raptors,100.0,103.0,2022,-3.0,203.0
401360848,2022-03-15,Indiana Pacers,Memphis Grizzlies,102.0,135.0,2022,-33.0,237.0
401360849,2022-03-15,Orlando Magic,Brooklyn Nets,108.0,150.0,2022,-42.0,258.0
401360850,2022-03-15,Miami Heat,Detroit Pistons,105.0,98.0,2022,7.0,203.0
401360851,2022-03-15,New Orleans Pelicans,Phoenix Suns,115.0,131.0,2022,-16.0,246.0
401360839,2022-03-14,Cleveland Cavaliers,LA Clippers,120.0,111.0,2022,9.0,231.0
401360840,2022-03-14,Atlanta Hawks,Portland Trail Blazers,122.0,113.0,2022,9.0,235.0
401360841,2022-03-14,Philadelphia 76ers,Denver Nuggets,110.0,114.0,2022,-4.0,224.0
401360842,2022-03-14,Oklahoma City Thunder,Charlotte Hornets,116.0,134.0,2022,-18.0,250.0
401360843,2022-03-14,San Antonio Spurs,Minnesota Timberwolves,139.0,149.0,2022,-10.0,288.0
401360844,2022-03-14,Golden State Warriors,Washington Wizards,126.0,112.0,2022,14.0,238.0
401360845,2022-03-14,Sacramento Kings,Chicago Bulls,112.0,103.0,2022,9.0,215.0
401360846,2022-03-14,Utah Jazz,Milwaukee Bucks,111.0,117.0,2022,-6.0,228.0
401360847,2022-03-14,Los Angeles Lakers,Toronto Raptors,103.0,114.0,2022,-11.0,217.0
401360831,2022-03-13,Brooklyn Nets,New York Knicks,110.0,107.0,2022,3.0,217.0
401360832,2022-03-13,Detroit Pistons,LA Clippers,102.0,106.0,2022,-4.0,208.0
401360833,2022-03-13,Boston Celtics,Dallas Mavericks,92.0,95.0,2022,-3.0,187.0
401360834,2022-03-13,Orlando Magic,Philadelphia 76ers,114.0,116.0,2022,-2.0,230.0
401360835,2022-03-13,Atlanta Hawks,Indiana Pacers,131.0,128.0,2022,3.0,259.0
401360836,2022-03-13,New Orleans Pelicans,Houston Rockets,130.0,105.0,2022,25.0,235.0
401360837,2022-03-13,Oklahoma City Thunder,Memphis Grizzlies,118.0,125.0,2022,-7.0,243.0
401360838,2022-03-13,Phoenix Suns,Los Angeles Lakers,140.0,111.0,2022,29.0,251.0
401360824,2022-03-12,Miami Heat,Minnesota Timberwolves,104.0,113.0,2022,-9.0,217.0
401360825,2022-03-12,Chicago Bulls,Cleveland Cavaliers,101.0,91.0,2022,10.0,192.0
401360826,2022-03-12,San Antonio Spurs,Indiana Pacers,108.0,119.0,2022,-11.0,227.0
401360827,2022-03-12,Golden State Warriors,Milwaukee Bucks,122.0,109.0,2022,13.0,231.0
401360828,2022-03-12,Denver Nuggets,Toronto Raptors,115.0,127.0,2022,-12.0,242.0
401360829,2022-03-12,Utah Jazz,Sacramento Kings,134.0,125.0,2022,9.0,259.0
401360830,2022-03-12,Portland Trail Blazers,Washington Wizards,127.0,118.0,2022,9.0,245.0
401360814,2022-03-11,Orlando Magic,Minnesota Timberwolves,118.0,110.0,2022,8.0,228.0
401360815,2022-03-11,Atlanta Hawks,LA Clippers,112.0,106.0,2022,6.0,218.0
401360816,2022-03-11,Boston Celtics,Detroit Pistons,114.0,103.0,2022,11.0,217.0
401360817,2022-03-11,Miami Heat,Cleveland Cavaliers,117.0,105.0,2022,12.0,222.0
401360818,2022-03-11,Houston Rockets,Dallas Mavericks,100.0,113.0,2022,-13.0,213.0
401360819,2022-03-11,Memphis Grizzlies,New York Knicks,118.0,114.0,2022,4.0,232.0
401360820,2022-03-11,New Orleans Pelicans,Charlotte Hornets,120.0,142.0,2022,-22.0,262.0
401360821,2022-03-11,San Antonio Spurs,Utah Jazz,104.0,102.0,2022,2.0,206.0
401360822,2022-03-11,Phoenix Suns,Toronto Raptors,112.0,117.0,2022,-5.0,229.0
401360823,2022-03-11,Los Angeles Lakers,Washington Wizards,122.0,109.0,2022,13.0,231.0
401360812,2022-03-10,Philadelphia 76ers,Brooklyn Nets,100.0,129.0,2022,-29.0,229.0
401360813,2022-03-10,Denver Nuggets,Golden State Warriors,102.0,113.0,2022,-11.0,215.0
401360800,2022-03-09,Charlotte Hornets,Boston Celtics,101.0,115.0,2022,-14.0,216.0
401360801,2022-03-09,Detroit Pistons,Chicago Bulls,108.0,114.0,2022,-6.0,222.0
401360802,2022-03-09,Miami Heat,Phoenix Suns,90.0,111.0,2022,-21.0,201.0
401360803,2022-03-09,Milwaukee Bucks,Atlanta Hawks,124.0,115.0,2022,9.0,239.0
401360804,2022-03-09,Houston Rockets,Los Angeles Lakers,139.0,130.0,2022,9.0,269.0
401360805,2022-03-09,Minnesota Timberwolves,Oklahoma City Thunder,132.0,102.0,2022,30.0,234.0
401360806,2022-03-09,New Orleans Pelicans,Orlando Magic,102.0,108.0,2022,-6.0,210.0
401360807,2022-03-09,Dallas Mavericks,New York Knicks,77.0,107.0,2022,-30.0,184.0
401360808,2022-03-09,San Antonio Spurs,Toronto Raptors,104.0,119.0,2022,-15.0,223.0
401360809,2022-03-09,Utah Jazz,Portland Trail Blazers,123.0,85.0,2022,38.0,208.0
401360810,2022-03-09,Sacramento Kings,Denver Nuggets,100.0,106.0,2022,-6.0,206.0
401360811,2022-03-09,LA Clippers,Washington Wizards,115.0,109.0,2022,6.0,224.0
401360794,2022-03-08,Charlotte Hornets,Brooklyn Nets,121.0,132.0,2022,-11.0,253.0
401360795,2022-03-08,Indiana Pacers,Cleveland Cavaliers,124.0,127.0,2022,-3.0,251.0
401360796,2022-03-08,Orlando Magic,Phoenix Suns,99.0,102.0,2022,-3.0,201.0
401360797,2022-03-08,Memphis Grizzlies,New Orleans Pelicans,132.0,111.0,2022,21.0,243.0
401360798,2022-03-08,Oklahoma City Thunder,Milwaukee Bucks,115.0,142.0,2022,-27.0,257.0
401360799,2022-03-08,Golden State Warriors,LA Clippers,112.0,97.0,2022,15.0,209.0
401360787,2022-03-07,Detroit Pistons,Atlanta Hawks,113.0,110.0,2022,3.0,223.0
401360788,2022-03-07,Philadelphia 76ers,Chicago Bulls,121.0,106.0,2022,15.0,227.0
401360789,2022-03-07,Miami Heat,Houston Rockets,123.0,106.0,2022,17.0,229.0
401360790,2022-03-07,Minnesota Timberwolves,Portland Trail Blazers,124.0,81.0,2022,43.0,205.0
401360791,2022-03-07,Dallas Mavericks,Utah Jazz,111.0,103.0,2022,8.0,214.0
401360792,2022-03-07,San Antonio Spurs,Los Angeles Lakers,117.0,110.0,2022,7.0,227.0
401401144,2022-03-07,Denver Nuggets,Golden State Warriors,131.0,124.0,2022,7.0,255.0
401360793,2022-03-07,Sacramento Kings,New York Knicks,115.0,131.0,2022,-16.0,246.0
401360779,2022-03-06,Boston Celtics,Brooklyn Nets,126.0,120.0,2022,6.0,246.0
401360780,2022-03-06,Milwaukee Bucks,Phoenix Suns,132.0,122.0,2022,10.0,254.0
401360782,2022-03-06,Washington Wizards,Indiana Pacers,133.0,123.0,2022,10.0,256.0
401360783,2022-03-06,Houston Rockets,Memphis Grizzlies,123.0,112.0,2022,11.0,235.0
401360784,2022-03-06,Oklahoma City Thunder,Utah Jazz,103.0,116.0,2022,-13.0,219.0
401360781,2022-03-06,Cleveland Cavaliers,Toronto Raptors,104.0,96.0,2022,8.0,200.0
401360786,2022-03-06,Denver Nuggets,New Orleans Pelicans,138.0,130.0,2022,8.0,268.0
401360785,2022-03-06,LA Clippers,New York Knicks,93.0,116.0,2022,-23.0,209.0
401360773,2022-03-05,Dallas Mavericks,Sacramento Kings,114.0,113.0,2022,1.0,227.0
401360774,2022-03-05,Charlotte Hornets,San Antonio Spurs,123.0,117.0,2022,6.0,240.0
401360775,2022-03-05,Miami Heat,Philadelphia 76ers,99.0,82.0,2022,17.0,181.0
401360776,2022-03-05,Memphis Grizzlies,Orlando Magic,124.0,96.0,2022,28.0,220.0
401360777,2022-03-05,Minnesota Timberwolves,Portland Trail Blazers,135.0,121.0,2022,14.0,256.0
401360778,2022-03-05,Los Angeles Lakers,Golden State Warriors,124.0,116.0,2022,8.0,240.0
401360765,2022-03-04,Detroit Pistons,Indiana Pacers,111.0,106.0,2022,5.0,217.0
401360766,2022-03-04,Philadelphia 76ers,Cleveland Cavaliers,125.0,119.0,2022,6.0,244.0
401360767,2022-03-04,Washington Wizards,Atlanta Hawks,114.0,117.0,2022,-3.0,231.0
401360768,2022-03-04,Chicago Bulls,Milwaukee Bucks,112.0,118.0,2022,-6.0,230.0
401401142,2022-03-04,Toronto Raptors,Orlando Magic,97.0,103.0,2022,-6.0,200.0
401360769,2022-03-04,New Orleans Pelicans,Utah Jazz,124.0,90.0,2022,34.0,214.0
401360770,2022-03-04,Oklahoma City Thunder,Minnesota Timberwolves,101.0,138.0,2022,-37.0,239.0
401360771,2022-03-04,Denver Nuggets,Houston Rockets,116.0,101.0,2022,15.0,217.0
401360772,2022-03-04,Phoenix Suns,New York Knicks,115.0,114.0,2022,1.0,229.0
401360529,2022-03-03,Atlanta Hawks,Chicago Bulls,130.0,124.0,2022,6.0,254.0
401360759,2022-03-03,Boston Celtics,Memphis Grizzlies,120.0,107.0,2022,13.0,227.0
401360760,2022-03-03,Brooklyn Nets,Miami Heat,107.0,113.0,2022,-6.0,220.0
401360761,2022-03-03,Toronto Raptors,Detroit Pistons,106.0,108.0,2022,-2.0,214.0
401360762,2022-03-03,Dallas Mavericks,Golden State Warriors,122.0,113.0,2022,9.0,235.0
401360763,2022-03-03,San Antonio Spurs,Sacramento Kings,112.0,115.0,2022,-3.0,227.0
401360764,2022-03-03,LA Clippers,Los Angeles Lakers,132.0,111.0,2022,21.0,243.0
401360751,2022-03-02,Cleveland Cavaliers,Charlotte Hornets,98.0,119.0,2022,-21.0,217.0
401360752,2022-03-02,Orlando Magic,Indiana Pacers,114.0,122.0,2022,-8.0,236.0
401360753,2022-03-02,Philadelphia 76ers,New York Knicks,123.0,108.0,2022,15.0,231.0
401360754,2022-03-02,Houston Rockets,Utah Jazz,127.0,132.0,2022,-5.0,259.0
401360755,2022-03-02,Milwaukee Bucks,Miami Heat,120.0,119.0,2022,1.0,239.0
401360756,2022-03-02,New Orleans Pelicans,Sacramento Kings,125.0,95.0,2022,30.0,220.0
401360757,2022-03-02,Denver Nuggets,Oklahoma City Thunder,107.0,119.0,2022,-12.0,226.0
401360758,2022-03-02,Phoenix Suns,Portland Trail Blazers,120.0,90.0,2022,30.0,210.0
401360745,2022-03-01,Washington Wizards,Detroit Pistons,116.0,113.0,2022,3.0,229.0
401360746,2022-03-01,Boston Celtics,Atlanta Hawks,107.0,98.0,2022,9.0,205.0
401360747,2022-03-01,Toronto Raptors,Brooklyn Nets,109.0,108.0,2022,1.0,217.0
401360748,2022-03-01,Houston Rockets,LA Clippers,100.0,113.0,2022,-13.0,213.0
401360749,2022-03-01,Minnesota Timberwolves,Golden State Warriors,129.0,114.0,2022,15.0,243.0
401360750,2022-03-01,Los Angeles Lakers,Dallas Mavericks,104.0,109.0,2022,-5.0,213.0
401360739,2022-02-28,Cleveland Cavaliers,Minnesota Timberwolves,122.0,127.0,2022,-5.0,249.0
401360740,2022-02-28,Orlando Magic,Indiana Pacers,119.0,103.0,2022,16.0,222.0
401360545,2022-02-28,Brooklyn Nets,Toronto Raptors,97.0,133.0,2022,-36.0,230.0
401360741,2022-02-28,Miami Heat,Chicago Bulls,112.0,99.0,2022,13.0,211.0
401360742,2022-02-28,Memphis Grizzlies,San Antonio Spurs,118.0,105.0,2022,13.0,223.0
401360743,2022-02-28,Milwaukee Bucks,Charlotte Hornets,130.0,106.0,2022,24.0,236.0
401360744,2022-02-28,Oklahoma City Thunder,Sacramento Kings,110.0,131.0,2022,-21.0,241.0
401360731,2022-02-27,New York Knicks,Philadelphia 76ers,109.0,125.0,2022,-16.0,234.0
401360732,2022-02-27,Phoenix Suns,Utah Jazz,114.0,118.0,2022,-4.0,232.0
401360733,2022-02-27,Indiana Pacers,Boston Celtics,128.0,107.0,2022,21.0,235.0
401360734,2022-02-27,Charlotte Hornets,Detroit Pistons,126.0,127.0,2022,-1.0,253.0
401360735,2022-02-27,Houston Rockets,LA Clippers,98.0,99.0,2022,-1.0,197.0
401360736,2022-02-27,Golden State Warriors,Dallas Mavericks,101.0,107.0,2022,-6.0,208.0
401360737,2022-02-27,Portland Trail Blazers,Denver Nuggets,92.0,124.0,2022,-32.0,216.0
401360738,2022-02-27,Los Angeles Lakers,New Orleans Pelicans,95.0,123.0,2022,-28.0,218.0
401360724,2022-02-26,Detroit Pistons,Boston Celtics,104.0,113.0,2022,-9.0,217.0
401360725,2022-02-26,Atlanta Hawks,Toronto Raptors,127.0,100.0,2022,27.0,227.0
401360726,2022-02-26,Cleveland Cavaliers,Washington Wizards,92.0,86.0,2022,6.0,178.0
401360727,2022-02-26,Miami Heat,San Antonio Spurs,133.0,129.0,2022,4.0,262.0
401360728,2022-02-26,Chicago Bulls,Memphis Grizzlies,110.0,116.0,2022,-6.0,226.0
401360729,2022-02-26,Milwaukee Bucks,Brooklyn Nets,123.0,126.0,2022,-3.0,249.0
401360730,2022-02-26,Denver Nuggets,Sacramento Kings,115.0,110.0,2022,5.0,225.0
401360715,2022-02-25,Charlotte Hornets,Toronto Raptors,125.0,93.0,2022,32.0,218.0
401360716,2022-02-25,Indiana Pacers,Oklahoma City Thunder,125.0,129.0,2022,-4.0,254.0
401360717,2022-02-25,Orlando Magic,Houston Rockets,119.0,111.0,2022,8.0,230.0
401360718,2022-02-25,Washington Wizards,San Antonio Spurs,153.0,157.0,2022,-4.0,310.0
401360719,2022-02-25,New York Knicks,Miami Heat,100.0,115.0,2022,-15.0,215.0
401360720,2022-02-25,Minnesota Timberwolves,Philadelphia 76ers,102.0,133.0,2022,-31.0,235.0
401360721,2022-02-25,Phoenix Suns,New Orleans Pelicans,102.0,117.0,2022,-15.0,219.0
401360722,2022-02-25,Utah Jazz,Dallas Mavericks,114.0,109.0,2022,5.0,223.0
401360723,2022-02-25,Los Angeles Lakers,LA Clippers,102.0,105.0,2022,-3.0,207.0
401360708,2022-02-24,Detroit Pistons,Cleveland Cavaliers,106.0,103.0,2022,3.0,209.0
401360709,2022-02-24,Brooklyn Nets,Boston Celtics,106.0,129.0,2022,-23.0,235.0
401360710,2022-02-24,Chicago Bulls,Atlanta Hawks,112.0,108.0,2022,4.0,220.0
401360711,2022-02-24,Minnesota Timberwolves,Memphis Grizzlies,119.0,114.0,2022,5.0,233.0
401360712,2022-02-24,Oklahoma City Thunder,Phoenix Suns,104.0,124.0,2022,-20.0,228.0
401360713,2022-02-24,Portland Trail Blazers,Golden State Warriors,95.0,132.0,2022,-37.0,227.0
401360714,2022-02-24,Sacramento Kings,Denver Nuggets,110.0,128.0,2022,-18.0,238.0
401410564,2022-02-20,Team LeBron,Team Durant,163.0,160.0,2022,3.0,323.0
401360704,2022-02-17,Charlotte Hornets,Miami Heat,107.0,111.0,2022,-4.0,218.0
401401136,2022-02-17,Brooklyn Nets,Washington Wizards,103.0,117.0,2022,-14.0,220.0
401360705,2022-02-17,New Orleans Pelicans,Dallas Mavericks,118.0,125.0,2022,-7.0,243.0
401360706,2022-02-17,Milwaukee Bucks,Philadelphia 76ers,120.0,123.0,2022,-3.0,243.0
401360707,2022-02-17,LA Clippers,Houston Rockets,142.0,111.0,2022,31.0,253.0
401360693,2022-02-16,Orlando Magic,Atlanta Hawks,109.0,130.0,2022,-21.0,239.0
401360694,2022-02-16,Boston Celtics,Detroit Pistons,111.0,112.0,2022,-1.0,223.0
401360695,2022-02-16,Indiana Pacers,Washington Wizards,113.0,108.0,2022,5.0,221.0
401360696,2022-02-16,New York Knicks,Brooklyn Nets,106.0,111.0,2022,-5.0,217.0
401360697,2022-02-16,Chicago Bulls,Sacramento Kings,125.0,118.0,2022,7.0,243.0
401360698,2022-02-16,Memphis Grizzlies,Portland Trail Blazers,119.0,123.0,2022,-4.0,242.0
401360699,2022-02-16,Minnesota Timberwolves,Toronto Raptors,91.0,103.0,2022,-12.0,194.0
401360700,2022-02-16,Oklahoma City Thunder,San Antonio Spurs,106.0,114.0,2022,-8.0,220.0
401360701,2022-02-16,Phoenix Suns,Houston Rockets,124.0,121.0,2022,3.0,245.0
401360702,2022-02-16,Golden State Warriors,Denver Nuggets,116.0,117.0,2022,-1.0,233.0
401360703,2022-02-16,Los Angeles Lakers,Utah Jazz,106.0,101.0,2022,5.0,207.0
401360686,2022-02-15,Atlanta Hawks,Cleveland Cavaliers,124.0,116.0,2022,8.0,240.0
401360687,2022-02-15,Miami Heat,Dallas Mavericks,99.0,107.0,2022,-8.0,206.0
401360688,2022-02-15,Philadelphia 76ers,Boston Celtics,87.0,135.0,2022,-48.0,222.0
401360689,2022-02-15,Milwaukee Bucks,Indiana Pacers,128.0,119.0,2022,9.0,247.0
401360690,2022-02-15,Minnesota Timberwolves,Charlotte Hornets,126.0,120.0,2022,6.0,246.0
401360691,2022-02-15,New Orleans Pelicans,Memphis Grizzlies,109.0,121.0,2022,-12.0,230.0
401360692,2022-02-15,Phoenix Suns,LA Clippers,103.0,96.0,2022,7.0,199.0
401360677,2022-02-14,Washington Wizards,Detroit Pistons,103.0,94.0,2022,9.0,197.0
401360678,2022-02-14,Brooklyn Nets,Sacramento Kings,109.0,85.0,2022,24.0,194.0
401360679,2022-02-14,New York Knicks,Oklahoma City Thunder,123.0,127.0,2022,-4.0,250.0
401360680,2022-02-14,Chicago Bulls,San Antonio Spurs,120.0,109.0,2022,11.0,229.0
401360681,2022-02-14,Milwaukee Bucks,Portland Trail Blazers,107.0,122.0,2022,-15.0,229.0
401360682,2022-02-14,New Orleans Pelicans,Toronto Raptors,120.0,90.0,2022,30.0,210.0
401360683,2022-02-14,Denver Nuggets,Orlando Magic,121.0,111.0,2022,10.0,232.0
401360684,2022-02-14,Utah Jazz,Houston Rockets,135.0,101.0,2022,34.0,236.0
401360685,2022-02-14,LA Clippers,Golden State Warriors,119.0,104.0,2022,15.0,223.0
401360675,2022-02-13,Boston Celtics,Atlanta Hawks,105.0,95.0,2022,10.0,200.0
401360676,2022-02-13,Indiana Pacers,Minnesota Timberwolves,120.0,129.0,2022,-9.0,249.0
401360664,2022-02-12,Portland Trail Blazers,New York Knicks,112.0,103.0,2022,9.0,215.0
401360665,2022-02-12,Charlotte Hornets,Memphis Grizzlies,118.0,125.0,2022,-7.0,243.0
401360666,2022-02-12,Washington Wizards,Sacramento Kings,110.0,123.0,2022,-13.0,233.0
401360667,2022-02-12,New Orleans Pelicans,San Antonio Spurs,114.0,124.0,2022,-10.0,238.0
401360668,2022-02-12,Philadelphia 76ers,Cleveland Cavaliers,103.0,93.0,2022,10.0,196.0
401360669,2022-02-12,Toronto Raptors,Denver Nuggets,109.0,110.0,2022,-1.0,219.0
401360670,2022-02-12,Miami Heat,Brooklyn Nets,115.0,111.0,2022,4.0,226.0
401360671,2022-02-12,Chicago Bulls,Oklahoma City Thunder,106.0,101.0,2022,5.0,207.0
401360672,2022-02-12,Dallas Mavericks,LA Clippers,97.0,99.0,2022,-2.0,196.0
401360673,2022-02-12,Golden State Warriors,Los Angeles Lakers,117.0,115.0,2022,2.0,232.0
401360674,2022-02-12,Phoenix Suns,Orlando Magic,132.0,105.0,2022,27.0,237.0
401360657,2022-02-11,Detroit Pistons,Charlotte Hornets,119.0,141.0,2022,-22.0,260.0
401360658,2022-02-11,Indiana Pacers,Cleveland Cavaliers,113.0,120.0,2022,-7.0,233.0
401360659,2022-02-11,Philadelphia 76ers,Oklahoma City Thunder,100.0,87.0,2022,13.0,187.0
401360660,2022-02-11,Atlanta Hawks,San Antonio Spurs,121.0,136.0,2022,-15.0,257.0
401360661,2022-02-11,Boston Celtics,Denver Nuggets,108.0,102.0,2022,6.0,210.0
401360662,2022-02-11,Chicago Bulls,Minnesota Timberwolves,134.0,122.0,2022,12.0,256.0
401360663,2022-02-11,Utah Jazz,Orlando Magic,114.0,99.0,2022,15.0,213.0
401360650,2022-02-10,Detroit Pistons,Memphis Grizzlies,107.0,132.0,2022,-25.0,239.0
401360651,2022-02-10,Washington Wizards,Brooklyn Nets,113.0,112.0,2022,1.0,225.0
401360652,2022-02-10,New Orleans Pelicans,Miami Heat,97.0,112.0,2022,-15.0,209.0
401360653,2022-02-10,Houston Rockets,Toronto Raptors,120.0,139.0,2022,-19.0,259.0
401360654,2022-02-10,Dallas Mavericks,LA Clippers,112.0,105.0,2022,7.0,217.0
401360655,2022-02-10,Phoenix Suns,Milwaukee Bucks,131.0,107.0,2022,24.0,238.0
401360656,2022-02-10,Golden State Warriors,New York Knicks,114.0,116.0,2022,-2.0,230.0
401360644,2022-02-09,Cleveland Cavaliers,San Antonio Spurs,105.0,92.0,2022,13.0,197.0
401360645,2022-02-09,Charlotte Hornets,Chicago Bulls,109.0,121.0,2022,-12.0,230.0
401360646,2022-02-09,Oklahoma City Thunder,Toronto Raptors,98.0,117.0,2022,-19.0,215.0
401360647,2022-02-09,Utah Jazz,Golden State Warriors,111.0,85.0,2022,26.0,196.0
401360648,2022-02-09,Portland Trail Blazers,Los Angeles Lakers,107.0,105.0,2022,2.0,212.0
401360649,2022-02-09,Sacramento Kings,Minnesota Timberwolves,132.0,119.0,2022,13.0,251.0
401360634,2022-02-08,Philadelphia 76ers,Phoenix Suns,109.0,114.0,2022,-5.0,223.0
401360635,2022-02-08,Atlanta Hawks,Indiana Pacers,133.0,112.0,2022,21.0,245.0
401360636,2022-02-08,Brooklyn Nets,Boston Celtics,91.0,126.0,2022,-35.0,217.0
401360637,2022-02-08,Memphis Grizzlies,LA Clippers,135.0,109.0,2022,26.0,244.0
401360638,2022-02-08,New Orleans Pelicans,Houston Rockets,110.0,97.0,2022,13.0,207.0
401360639,2022-02-08,Dallas Mavericks,Detroit Pistons,116.0,86.0,2022,30.0,202.0
401360640,2022-02-08,Denver Nuggets,New York Knicks,132.0,115.0,2022,17.0,247.0
401360641,2022-02-08,Los Angeles Lakers,Milwaukee Bucks,116.0,131.0,2022,-15.0,247.0
401360642,2022-02-08,Portland Trail Blazers,Orlando Magic,95.0,113.0,2022,-18.0,208.0
401360643,2022-02-08,Sacramento Kings,Minnesota Timberwolves,114.0,134.0,2022,-20.0,248.0
401360629,2022-02-07,Charlotte Hornets,Toronto Raptors,101.0,116.0,2022,-15.0,217.0
401360630,2022-02-07,Washington Wizards,Miami Heat,100.0,121.0,2022,-21.0,221.0
401360631,2022-02-07,Chicago Bulls,Phoenix Suns,124.0,127.0,2022,-3.0,251.0
401360632,2022-02-07,Oklahoma City Thunder,Golden State Warriors,98.0,110.0,2022,-12.0,208.0
401360633,2022-02-07,Utah Jazz,New York Knicks,113.0,104.0,2022,9.0,217.0
401360621,2022-02-06,Chicago Bulls,Philadelphia 76ers,108.0,119.0,2022,-11.0,227.0
401360622,2022-02-06,Minnesota Timberwolves,Detroit Pistons,118.0,105.0,2022,13.0,223.0
401360623,2022-02-06,Denver Nuggets,Brooklyn Nets,124.0,104.0,2022,20.0,228.0
401360624,2022-02-06,Cleveland Cavaliers,Indiana Pacers,98.0,85.0,2022,13.0,183.0
401360625,2022-02-06,Orlando Magic,Boston Celtics,83.0,116.0,2022,-33.0,199.0
401360626,2022-02-06,Dallas Mavericks,Atlanta Hawks,103.0,94.0,2022,9.0,197.0
401360627,2022-02-06,Houston Rockets,New Orleans Pelicans,107.0,120.0,2022,-13.0,227.0
401360628,2022-02-06,LA Clippers,Milwaukee Bucks,113.0,137.0,2022,-24.0,250.0
401360615,2022-02-05,Orlando Magic,Memphis Grizzlies,115.0,135.0,2022,-20.0,250.0
401360616,2022-02-05,Charlotte Hornets,Miami Heat,86.0,104.0,2022,-18.0,190.0
401360617,2022-02-05,Washington Wizards,Phoenix Suns,80.0,95.0,2022,-15.0,175.0
401360618,2022-02-05,Los Angeles Lakers,New York Knicks,122.0,115.0,2022,7.0,237.0
401360619,2022-02-05,Portland Trail Blazers,Milwaukee Bucks,108.0,137.0,2022,-29.0,245.0
401360620,2022-02-05,Sacramento Kings,Oklahoma City Thunder,113.0,103.0,2022,10.0,216.0
401360606,2022-02-04,Charlotte Hornets,Cleveland Cavaliers,101.0,102.0,2022,-1.0,203.0
401360607,2022-02-04,Detroit Pistons,Boston Celtics,93.0,102.0,2022,-9.0,195.0
401360608,2022-02-04,Indiana Pacers,Chicago Bulls,115.0,122.0,2022,-7.0,237.0
401360609,2022-02-04,Toronto Raptors,Atlanta Hawks,125.0,114.0,2022,11.0,239.0
401360611,2022-02-04,San Antonio Spurs,Houston Rockets,131.0,106.0,2022,25.0,237.0
401360612,2022-02-04,Utah Jazz,Brooklyn Nets,125.0,102.0,2022,23.0,227.0
401360613,2022-02-04,Denver Nuggets,New Orleans Pelicans,105.0,113.0,2022,-8.0,218.0
401360610,2022-02-04,Dallas Mavericks,Philadelphia 76ers,107.0,98.0,2022,9.0,205.0
401360614,2022-02-04,Portland Trail Blazers,Oklahoma City Thunder,93.0,96.0,2022,-3.0,189.0
401360601,2022-02-03,Detroit Pistons,Minnesota Timberwolves,117.0,128.0,2022,-11.0,245.0
401401143,2022-02-03,San Antonio Spurs,Miami Heat,95.0,112.0,2022,-17.0,207.0
401360602,2022-02-03,Atlanta Hawks,Phoenix Suns,124.0,115.0,2022,9.0,239.0
401401141,2022-02-03,Toronto Raptors,Chicago Bulls,127.0,120.0,2022,7.0,247.0
401360604,2022-02-03,Golden State Warriors,Sacramento Kings,126.0,114.0,2022,12.0,240.0
401360605,2022-02-03,LA Clippers,Los Angeles Lakers,111.0,110.0,2022,1.0,221.0
401360592,2022-02-02,Indiana Pacers,Orlando Magic,118.0,119.0,2022,-1.0,237.0
401360593,2022-02-02,Philadelphia 76ers,Washington Wizards,103.0,106.0,2022,-3.0,209.0
401360594,2022-02-02,Boston Celtics,Charlotte Hornets,113.0,107.0,2022,6.0,220.0
401360595,2022-02-02,New York Knicks,Memphis Grizzlies,108.0,120.0,2022,-12.0,228.0
401360596,2022-02-02,Houston Rockets,Cleveland Cavaliers,115.0,104.0,2022,11.0,219.0
401360597,2022-02-02,Dallas Mavericks,Oklahoma City Thunder,114.0,120.0,2022,-6.0,234.0
401360598,2022-02-02,Utah Jazz,Denver Nuggets,108.0,104.0,2022,4.0,212.0
401360599,2022-02-02,Sacramento Kings,Brooklyn Nets,112.0,101.0,2022,11.0,213.0
401360600,2022-02-02,Los Angeles Lakers,Portland Trail Blazers,99.0,94.0,2022,5.0,193.0
401360585,2022-02-01,Detroit Pistons,New Orleans Pelicans,101.0,111.0,2022,-10.0,212.0
401360587,2022-02-01,Milwaukee Bucks,Washington Wizards,112.0,98.0,2022,14.0,210.0
401360603,2022-02-01,Toronto Raptors,Miami Heat,110.0,106.0,2022,4.0,216.0
401360588,2022-02-01,Chicago Bulls,Orlando Magic,126.0,115.0,2022,11.0,241.0
401360589,2022-02-01,Minnesota Timberwolves,Denver Nuggets,130.0,115.0,2022,15.0,245.0
401360590,2022-02-01,San Antonio Spurs,Golden State Warriors,120.0,124.0,2022,-4.0,244.0
401360591,2022-02-01,Phoenix Suns,Brooklyn Nets,121.0,111.0,2022,10.0,232.0
401360578,2022-01-31,Cleveland Cavaliers,New Orleans Pelicans,93.0,90.0,2022,3.0,183.0
401360579,2022-01-31,Indiana Pacers,LA Clippers,122.0,116.0,2022,6.0,238.0
401360580,2022-01-31,Philadelphia 76ers,Memphis Grizzlies,122.0,119.0,2022,3.0,241.0
401360581,2022-01-31,Boston Celtics,Miami Heat,122.0,92.0,2022,30.0,214.0
401360582,2022-01-31,New York Knicks,Sacramento Kings,116.0,96.0,2022,20.0,212.0
401360586,2022-01-31,Atlanta Hawks,Toronto Raptors,100.0,106.0,2022,-6.0,206.0
401360583,2022-01-31,Houston Rockets,Golden State Warriors,108.0,122.0,2022,-14.0,230.0
401360584,2022-01-31,Oklahoma City Thunder,Portland Trail Blazers,98.0,81.0,2022,17.0,179.0
401360570,2022-01-30,Atlanta Hawks,Los Angeles Lakers,129.0,121.0,2022,8.0,250.0
401360571,2022-01-30,Charlotte Hornets,LA Clippers,90.0,115.0,2022,-25.0,205.0
401360572,2022-01-30,Chicago Bulls,Portland Trail Blazers,130.0,116.0,2022,14.0,246.0
401360573,2022-01-30,Detroit Pistons,Cleveland Cavaliers,115.0,105.0,2022,10.0,220.0
401360574,2022-01-30,Orlando Magic,Dallas Mavericks,110.0,108.0,2022,2.0,218.0
401360575,2022-01-30,Milwaukee Bucks,Denver Nuggets,100.0,136.0,2022,-36.0,236.0
401360576,2022-01-30,Minnesota Timberwolves,Utah Jazz,126.0,106.0,2022,20.0,232.0
401360577,2022-01-30,Phoenix Suns,San Antonio Spurs,115.0,110.0,2022,5.0,225.0
401360564,2022-01-29,New Orleans Pelicans,Boston Celtics,97.0,107.0,2022,-10.0,204.0
401360565,2022-01-29,Dallas Mavericks,Indiana Pacers,132.0,105.0,2022,27.0,237.0
401360566,2022-01-29,Philadelphia 76ers,Sacramento Kings,103.0,101.0,2022,2.0,204.0
401360567,2022-01-29,Miami Heat,Toronto Raptors,120.0,124.0,2022,-4.0,244.0
401360568,2022-01-29,Memphis Grizzlies,Washington Wizards,115.0,95.0,2022,20.0,210.0
401360569,2022-01-29,Golden State Warriors,Brooklyn Nets,110.0,106.0,2022,4.0,216.0
401360555,2022-01-28,Orlando Magic,Detroit Pistons,119.0,103.0,2022,16.0,222.0
401360554,2022-01-28,Charlotte Hornets,Los Angeles Lakers,117.0,114.0,2022,3.0,231.0
401360556,2022-01-28,Atlanta Hawks,Boston Celtics,108.0,92.0,2022,16.0,200.0
401360548,2022-01-28,New Orleans Pelicans,Denver Nuggets,105.0,116.0,2022,-11.0,221.0
401360557,2022-01-28,Miami Heat,LA Clippers,121.0,114.0,2022,7.0,235.0
401360558,2022-01-28,Houston Rockets,Portland Trail Blazers,110.0,125.0,2022,-15.0,235.0
401360559,2022-01-28,Memphis Grizzlies,Utah Jazz,119.0,109.0,2022,10.0,228.0
401360560,2022-01-28,Oklahoma City Thunder,Indiana Pacers,110.0,113.0,2022,-3.0,223.0
401360561,2022-01-28,San Antonio Spurs,Chicago Bulls,131.0,122.0,2022,9.0,253.0
401360562,2022-01-28,Phoenix Suns,Minnesota Timberwolves,134.0,124.0,2022,10.0,258.0
401360563,2022-01-28,Milwaukee Bucks,New York Knicks,123.0,108.0,2022,15.0,231.0
401360552,2022-01-27,Philadelphia 76ers,Los Angeles Lakers,105.0,87.0,2022,18.0,192.0
401360553,2022-01-27,Golden State Warriors,Minnesota Timberwolves,124.0,115.0,2022,9.0,239.0
401360541,2022-01-26,Cleveland Cavaliers,Milwaukee Bucks,115.0,99.0,2022,16.0,214.0
401360542,2022-01-26,Indiana Pacers,Charlotte Hornets,126.0,158.0,2022,-32.0,284.0
401360543,2022-01-26,Orlando Magic,LA Clippers,102.0,111.0,2022,-9.0,213.0
401360544,2022-01-26,Atlanta Hawks,Sacramento Kings,121.0,104.0,2022,17.0,225.0
401360546,2022-01-26,Miami Heat,New York Knicks,110.0,96.0,2022,14.0,206.0
401401134,2022-01-26,Brooklyn Nets,Denver Nuggets,118.0,124.0,2022,-6.0,242.0
401401140,2022-01-26,Chicago Bulls,Toronto Raptors,111.0,105.0,2022,6.0,216.0
401360547,2022-01-26,San Antonio Spurs,Memphis Grizzlies,110.0,118.0,2022,-8.0,228.0
401360550,2022-01-26,Utah Jazz,Phoenix Suns,97.0,105.0,2022,-8.0,202.0
401360551,2022-01-26,Portland Trail Blazers,Dallas Mavericks,112.0,132.0,2022,-20.0,244.0
401360533,2022-01-25,Detroit Pistons,Denver Nuggets,105.0,110.0,2022,-5.0,215.0
401360534,2022-01-25,Toronto Raptors,Charlotte Hornets,125.0,113.0,2022,12.0,238.0
401360535,2022-01-25,Washington Wizards,LA Clippers,115.0,116.0,2022,-1.0,231.0
401401137,2022-01-25,Philadelphia 76ers,New Orleans Pelicans,117.0,107.0,2022,10.0,224.0
401360536,2022-01-25,Boston Celtics,Sacramento Kings,128.0,75.0,2022,53.0,203.0
401360537,2022-01-25,Brooklyn Nets,Los Angeles Lakers,96.0,106.0,2022,-10.0,202.0
401360538,2022-01-25,Houston Rockets,San Antonio Spurs,104.0,134.0,2022,-30.0,238.0
401360539,2022-01-25,Golden State Warriors,Dallas Mavericks,130.0,92.0,2022,38.0,222.0
401360540,2022-01-25,Portland Trail Blazers,Minnesota Timberwolves,107.0,109.0,2022,-2.0,216.0
401360528,2022-01-24,Cleveland Cavaliers,New York Knicks,95.0,93.0,2022,2.0,188.0
401360531,2022-01-24,New Orleans Pelicans,Indiana Pacers,117.0,113.0,2022,4.0,230.0
401360549,2022-01-24,Oklahoma City Thunder,Chicago Bulls,110.0,111.0,2022,-1.0,221.0
401360532,2022-01-24,Phoenix Suns,Utah Jazz,115.0,109.0,2022,6.0,224.0
401360517,2022-01-23,New York Knicks,LA Clippers,110.0,102.0,2022,8.0,212.0
401360518,2022-01-23,Washington Wizards,Boston Celtics,87.0,116.0,2022,-29.0,203.0
401360519,2022-01-23,Miami Heat,Los Angeles Lakers,113.0,107.0,2022,6.0,220.0
401360520,2022-01-23,Orlando Magic,Chicago Bulls,114.0,95.0,2022,19.0,209.0
401360521,2022-01-23,Toronto Raptors,Portland Trail Blazers,105.0,114.0,2022,-9.0,219.0
401360522,2022-01-23,Charlotte Hornets,Atlanta Hawks,91.0,113.0,2022,-22.0,204.0
401360523,2022-01-23,San Antonio Spurs,Philadelphia 76ers,109.0,115.0,2022,-6.0,224.0
401360524,2022-01-23,Dallas Mavericks,Memphis Grizzlies,104.0,91.0,2022,13.0,195.0
401360525,2022-01-23,Minnesota Timberwolves,Brooklyn Nets,136.0,125.0,2022,11.0,261.0
401360526,2022-01-23,Denver Nuggets,Detroit Pistons,117.0,111.0,2022,6.0,228.0
401360527,2022-01-23,Golden State Warriors,Utah Jazz,94.0,92.0,2022,2.0,186.0
401360515,2022-01-22,Milwaukee Bucks,Sacramento Kings,133.0,127.0,2022,6.0,260.0
401360514,2022-01-22,Cleveland Cavaliers,Oklahoma City Thunder,94.0,87.0,2022,7.0,181.0
401360516,2022-01-22,Phoenix Suns,Indiana Pacers,113.0,103.0,2022,10.0,216.0
401360503,2022-01-21,Charlotte Hornets,Oklahoma City Thunder,121.0,98.0,2022,23.0,219.0
401360504,2022-01-21,Orlando Magic,Los Angeles Lakers,105.0,116.0,2022,-11.0,221.0
401360505,2022-01-21,Philadelphia 76ers,LA Clippers,101.0,102.0,2022,-1.0,203.0
401360506,2022-01-21,Atlanta Hawks,Miami Heat,110.0,108.0,2022,2.0,218.0
401360507,2022-01-21,Boston Celtics,Portland Trail Blazers,105.0,109.0,2022,-4.0,214.0
401360508,2022-01-21,Washington Wizards,Toronto Raptors,105.0,109.0,2022,-4.0,214.0
401360509,2022-01-21,Milwaukee Bucks,Chicago Bulls,94.0,90.0,2022,4.0,184.0
401360510,2022-01-21,San Antonio Spurs,Brooklyn Nets,102.0,117.0,2022,-15.0,219.0
401360511,2022-01-21,Denver Nuggets,Memphis Grizzlies,118.0,122.0,2022,-4.0,240.0
401360512,2022-01-21,Utah Jazz,Detroit Pistons,111.0,101.0,2022,10.0,212.0
401360513,2022-01-21,Golden State Warriors,Houston Rockets,105.0,103.0,2022,2.0,208.0
401360500,2022-01-20,New York Knicks,New Orleans Pelicans,91.0,102.0,2022,-11.0,193.0
401360501,2022-01-20,Dallas Mavericks,Phoenix Suns,101.0,109.0,2022,-8.0,210.0
401360502,2022-01-20,Golden State Warriors,Indiana Pacers,117.0,121.0,2022,-4.0,238.0
401360487,2022-01-19,Philadelphia 76ers,Orlando Magic,123.0,110.0,2022,13.0,233.0
401360488,2022-01-19,Washington Wizards,Brooklyn Nets,118.0,119.0,2022,-1.0,237.0
401360489,2022-01-19,Atlanta Hawks,Minnesota Timberwolves,134.0,122.0,2022,12.0,256.0
401360490,2022-01-19,Boston Celtics,Charlotte Hornets,102.0,111.0,2022,-9.0,213.0
401360491,2022-01-19,Miami Heat,Portland Trail Blazers,104.0,92.0,2022,12.0,196.0
401360492,2022-01-19,Chicago Bulls,Cleveland Cavaliers,117.0,104.0,2022,13.0,221.0
401360493,2022-01-19,Milwaukee Bucks,Memphis Grizzlies,126.0,114.0,2022,12.0,240.0
401360494,2022-01-19,Dallas Mavericks,Toronto Raptors,102.0,98.0,2022,4.0,200.0
401360495,2022-01-19,San Antonio Spurs,Oklahoma City Thunder,118.0,96.0,2022,22.0,214.0
401360496,2022-01-19,Utah Jazz,Houston Rockets,111.0,116.0,2022,-5.0,227.0
401360497,2022-01-19,Denver Nuggets,LA Clippers,130.0,128.0,2022,2.0,258.0
401360498,2022-01-19,Sacramento Kings,Detroit Pistons,131.0,133.0,2022,-2.0,264.0
401360499,2022-01-19,Los Angeles Lakers,Indiana Pacers,104.0,111.0,2022,-7.0,215.0
401360485,2022-01-18,New York Knicks,Minnesota Timberwolves,110.0,112.0,2022,-2.0,222.0
401360486,2022-01-18,Golden State Warriors,Detroit Pistons,102.0,86.0,2022,16.0,188.0
401360473,2022-01-17,Boston Celtics,New Orleans Pelicans,104.0,92.0,2022,12.0,196.0
401360474,2022-01-17,New York Knicks,Charlotte Hornets,87.0,97.0,2022,-10.0,184.0
401360475,2022-01-17,Washington Wizards,Philadelphia 76ers,117.0,98.0,2022,19.0,215.0
401360476,2022-01-17,Cleveland Cavaliers,Brooklyn Nets,114.0,107.0,2022,7.0,221.0
401360477,2022-01-17,Memphis Grizzlies,Chicago Bulls,119.0,106.0,2022,13.0,225.0
401360478,2022-01-17,LA Clippers,Indiana Pacers,139.0,133.0,2022,6.0,272.0
401360479,2022-01-17,Atlanta Hawks,Milwaukee Bucks,121.0,114.0,2022,7.0,235.0
401360480,2022-01-17,Orlando Magic,Portland Trail Blazers,88.0,98.0,2022,-10.0,186.0
401360481,2022-01-17,Miami Heat,Toronto Raptors,104.0,99.0,2022,5.0,203.0
401360482,2022-01-17,Dallas Mavericks,Oklahoma City Thunder,104.0,102.0,2022,2.0,206.0
401360483,2022-01-17,San Antonio Spurs,Phoenix Suns,107.0,121.0,2022,-14.0,228.0
401360484,2022-01-17,Los Angeles Lakers,Utah Jazz,101.0,95.0,2022,6.0,196.0
401360436,2022-01-16,Detroit Pistons,Phoenix Suns,108.0,135.0,2022,-27.0,243.0
401360470,2022-01-16,Sacramento Kings,Houston Rockets,112.0,118.0,2022,-6.0,230.0
401360471,2022-01-16,Minnesota Timberwolves,Golden State Warriors,119.0,99.0,2022,20.0,218.0
401360472,2022-01-16,Denver Nuggets,Utah Jazz,102.0,125.0,2022,-23.0,227.0
401360460,2022-01-15,Milwaukee Bucks,Toronto Raptors,96.0,103.0,2022,-7.0,199.0
401360461,2022-01-15,Washington Wizards,Portland Trail Blazers,110.0,115.0,2022,-5.0,225.0
401360462,2022-01-15,Atlanta Hawks,New York Knicks,108.0,117.0,2022,-9.0,225.0
401360463,2022-01-15,Brooklyn Nets,New Orleans Pelicans,120.0,105.0,2022,15.0,225.0
401360464,2022-01-15,Miami Heat,Philadelphia 76ers,98.0,109.0,2022,-11.0,207.0
401360465,2022-01-15,Oklahoma City Thunder,Cleveland Cavaliers,102.0,107.0,2022,-5.0,209.0
401360466,2022-01-15,Boston Celtics,Chicago Bulls,114.0,112.0,2022,2.0,226.0
401360467,2022-01-15,San Antonio Spurs,LA Clippers,101.0,94.0,2022,7.0,195.0
401360468,2022-01-15,Denver Nuggets,Los Angeles Lakers,133.0,96.0,2022,37.0,229.0
401360469,2022-01-15,Dallas Mavericks,Orlando Magic,108.0,92.0,2022,16.0,200.0
401360451,2022-01-14,Charlotte Hornets,Orlando Magic,109.0,116.0,2022,-7.0,225.0
401360452,2022-01-14,Detroit Pistons,Toronto Raptors,103.0,87.0,2022,16.0,190.0
401360453,2022-01-14,Indiana Pacers,Phoenix Suns,94.0,112.0,2022,-18.0,206.0
401360454,2022-01-14,Philadelphia 76ers,Boston Celtics,111.0,99.0,2022,12.0,210.0
401360456,2022-01-14,Chicago Bulls,Golden State Warriors,96.0,138.0,2022,-42.0,234.0
401360455,2022-01-14,Miami Heat,Atlanta Hawks,124.0,118.0,2022,6.0,242.0
401360457,2022-01-14,San Antonio Spurs,Cleveland Cavaliers,109.0,114.0,2022,-5.0,223.0
401360458,2022-01-14,Memphis Grizzlies,Dallas Mavericks,85.0,112.0,2022,-27.0,197.0
401360459,2022-01-14,Sacramento Kings,Houston Rockets,126.0,114.0,2022,12.0,240.0
401360446,2022-01-13,Milwaukee Bucks,Golden State Warriors,118.0,99.0,2022,19.0,217.0
401360447,2022-01-13,Memphis Grizzlies,Minnesota Timberwolves,116.0,108.0,2022,8.0,224.0
401360448,2022-01-13,New Orleans Pelicans,LA Clippers,113.0,89.0,2022,24.0,202.0
401360449,2022-01-13,Brooklyn Nets,Oklahoma City Thunder,109.0,130.0,2022,-21.0,239.0
401360450,2022-01-13,Denver Nuggets,Portland Trail Blazers,140.0,108.0,2022,32.0,248.0
401360437,2022-01-12,Indiana Pacers,Boston Celtics,100.0,119.0,2022,-19.0,219.0
401360438,2022-01-12,Philadelphia 76ers,Charlotte Hornets,98.0,109.0,2022,-11.0,207.0
401360439,2022-01-12,Washington Wizards,Orlando Magic,112.0,106.0,2022,6.0,218.0
401360440,2022-01-12,Atlanta Hawks,Miami Heat,91.0,115.0,2022,-24.0,206.0
401360441,2022-01-12,New York Knicks,Dallas Mavericks,108.0,85.0,2022,23.0,193.0
401360442,2022-01-12,San Antonio Spurs,Houston Rockets,124.0,128.0,2022,-4.0,252.0
401360443,2022-01-12,Utah Jazz,Cleveland Cavaliers,91.0,111.0,2022,-20.0,202.0
401360444,2022-01-12,Chicago Bulls,Brooklyn Nets,112.0,138.0,2022,-26.0,250.0
401360445,2022-01-12,Sacramento Kings,Los Angeles Lakers,125.0,116.0,2022,9.0,241.0
401360431,2022-01-11,Washington Wizards,Oklahoma City Thunder,122.0,118.0,2022,4.0,240.0
401360432,2022-01-11,Toronto Raptors,Phoenix Suns,95.0,99.0,2022,-4.0,194.0
401360433,2022-01-11,Memphis Grizzlies,Golden State Warriors,116.0,108.0,2022,8.0,224.0
401360434,2022-01-11,New Orleans Pelicans,Minnesota Timberwolves,128.0,125.0,2022,3.0,253.0
401401138,2022-01-11,Chicago Bulls,Detroit Pistons,133.0,87.0,2022,46.0,220.0
401360435,2022-01-11,LA Clippers,Denver Nuggets,87.0,85.0,2022,2.0,172.0
401360426,2022-01-10,Charlotte Hornets,Milwaukee Bucks,103.0,99.0,2022,4.0,202.0
401360427,2022-01-10,Detroit Pistons,Utah Jazz,126.0,116.0,2022,10.0,242.0
401360428,2022-01-10,Boston Celtics,Indiana Pacers,101.0,98.0,2022,3.0,199.0
401360429,2022-01-10,New York Knicks,San Antonio Spurs,111.0,96.0,2022,15.0,207.0
401360530,2022-01-10,Houston Rockets,Philadelphia 76ers,91.0,111.0,2022,-20.0,202.0
401360430,2022-01-10,Sacramento Kings,Cleveland Cavaliers,108.0,109.0,2022,-1.0,217.0
401401133,2022-01-10,Portland Trail Blazers,Brooklyn Nets,114.0,108.0,2022,6.0,222.0
401360421,2022-01-09,Brooklyn Nets,San Antonio Spurs,121.0,119.0,2022,2.0,240.0
401360416,2022-01-09,LA Clippers,Atlanta Hawks,106.0,93.0,2022,13.0,199.0
401360417,2022-01-09,Orlando Magic,Washington Wizards,100.0,102.0,2022,-2.0,202.0
401360418,2022-01-09,Toronto Raptors,New Orleans Pelicans,105.0,101.0,2022,4.0,206.0
401360419,2022-01-09,Houston Rockets,Minnesota Timberwolves,123.0,141.0,2022,-18.0,264.0
401360420,2022-01-09,Oklahoma City Thunder,Denver Nuggets,95.0,99.0,2022,-4.0,194.0
401360422,2022-01-09,Dallas Mavericks,Chicago Bulls,113.0,99.0,2022,14.0,212.0
401360423,2022-01-09,Golden State Warriors,Cleveland Cavaliers,96.0,82.0,2022,14.0,178.0
401360424,2022-01-09,Portland Trail Blazers,Sacramento Kings,103.0,88.0,2022,15.0,191.0
401360425,2022-01-09,Los Angeles Lakers,Memphis Grizzlies,119.0,127.0,2022,-8.0,246.0
401360410,2022-01-08,LA Clippers,Memphis Grizzlies,108.0,123.0,2022,-15.0,231.0
401360411,2022-01-08,Charlotte Hornets,Milwaukee Bucks,114.0,106.0,2022,8.0,220.0
401360412,2022-01-08,Detroit Pistons,Orlando Magic,97.0,92.0,2022,5.0,189.0
401360413,2022-01-08,Indiana Pacers,Utah Jazz,125.0,113.0,2022,12.0,238.0
401360414,2022-01-08,Boston Celtics,New York Knicks,99.0,75.0,2022,24.0,174.0
401360415,2022-01-08,Phoenix Suns,Miami Heat,100.0,123.0,2022,-23.0,223.0
401360401,2022-01-07,Philadelphia 76ers,San Antonio Spurs,119.0,100.0,2022,19.0,219.0
401360402,2022-01-07,Brooklyn Nets,Milwaukee Bucks,109.0,121.0,2022,-12.0,230.0
401360403,2022-01-07,Toronto Raptors,Utah Jazz,122.0,108.0,2022,14.0,230.0
401360404,2022-01-07,Chicago Bulls,Washington Wizards,130.0,122.0,2022,8.0,252.0
401360405,2022-01-07,Houston Rockets,Dallas Mavericks,106.0,130.0,2022,-24.0,236.0
401360406,2022-01-07,Oklahoma City Thunder,Minnesota Timberwolves,105.0,135.0,2022,-30.0,240.0
401360407,2022-01-07,Denver Nuggets,Sacramento Kings,121.0,111.0,2022,10.0,232.0
401360408,2022-01-07,Los Angeles Lakers,Atlanta Hawks,134.0,118.0,2022,16.0,252.0
401360409,2022-01-07,Portland Trail Blazers,Cleveland Cavaliers,101.0,114.0,2022,-13.0,215.0
401360397,2022-01-06,New York Knicks,Boston Celtics,108.0,105.0,2022,3.0,213.0
401360398,2022-01-06,Memphis Grizzlies,Detroit Pistons,118.0,88.0,2022,30.0,206.0
401360399,2022-01-06,New Orleans Pelicans,Golden State Warriors,101.0,96.0,2022,5.0,197.0
401360400,2022-01-06,Phoenix Suns,LA Clippers,106.0,89.0,2022,17.0,195.0
401360386,2022-01-05,Charlotte Hornets,Detroit Pistons,140.0,111.0,2022,29.0,251.0
401360387,2022-01-05,Orlando Magic,Philadelphia 76ers,106.0,116.0,2022,-10.0,222.0
401360388,2022-01-05,Washington Wizards,Houston Rockets,111.0,114.0,2022,-3.0,225.0
401360389,2022-01-05,Boston Celtics,San Antonio Spurs,97.0,99.0,2022,-2.0,196.0
401360390,2022-01-05,Indiana Pacers,Brooklyn Nets,121.0,129.0,2022,-8.0,250.0
401360391,2022-01-05,Dallas Mavericks,Golden State Warriors,99.0,82.0,2022,17.0,181.0
401360392,2022-01-05,Milwaukee Bucks,Toronto Raptors,111.0,117.0,2022,-6.0,228.0
401360393,2022-01-05,Minnesota Timberwolves,Oklahoma City Thunder,98.0,90.0,2022,8.0,188.0
401360394,2022-01-05,Denver Nuggets,Utah Jazz,109.0,115.0,2022,-6.0,224.0
401360395,2022-01-05,Portland Trail Blazers,Miami Heat,109.0,115.0,2022,-6.0,224.0
401360396,2022-01-05,Sacramento Kings,Atlanta Hawks,102.0,108.0,2022,-6.0,210.0
401360381,2022-01-04,Cleveland Cavaliers,Memphis Grizzlies,106.0,110.0,2022,-4.0,216.0
401360382,2022-01-04,Toronto Raptors,San Antonio Spurs,129.0,104.0,2022,25.0,233.0
401360383,2022-01-04,New York Knicks,Indiana Pacers,104.0,94.0,2022,10.0,198.0
401360384,2022-01-04,New Orleans Pelicans,Phoenix Suns,110.0,123.0,2022,-13.0,233.0
401360385,2022-01-04,Los Angeles Lakers,Sacramento Kings,122.0,114.0,2022,8.0,236.0
401360371,2022-01-03,Philadelphia 76ers,Houston Rockets,133.0,113.0,2022,20.0,246.0
401360372,2022-01-03,Washington Wizards,Charlotte Hornets,124.0,121.0,2022,3.0,245.0
401360373,2022-01-03,Brooklyn Nets,Memphis Grizzlies,104.0,118.0,2022,-14.0,222.0
401360374,2022-01-03,Chicago Bulls,Orlando Magic,102.0,98.0,2022,4.0,200.0
401360375,2022-01-03,Milwaukee Bucks,Detroit Pistons,106.0,115.0,2022,-9.0,221.0
401360376,2022-01-03,New Orleans Pelicans,Utah Jazz,104.0,115.0,2022,-11.0,219.0
401360377,2022-01-03,Dallas Mavericks,Denver Nuggets,103.0,89.0,2022,14.0,192.0
401360378,2022-01-03,Golden State Warriors,Miami Heat,115.0,108.0,2022,7.0,223.0
401360379,2022-01-03,Portland Trail Blazers,Atlanta Hawks,136.0,131.0,2022,5.0,267.0
401360380,2022-01-03,LA Clippers,Minnesota Timberwolves,104.0,122.0,2022,-18.0,226.0
401360364,2022-01-02,Toronto Raptors,New York Knicks,120.0,105.0,2022,15.0,225.0
401360365,2022-01-02,Boston Celtics,Orlando Magic,116.0,111.0,2022,5.0,227.0
401360366,2022-01-02,Cleveland Cavaliers,Indiana Pacers,108.0,104.0,2022,4.0,212.0
401360367,2022-01-02,Sacramento Kings,Miami Heat,115.0,113.0,2022,2.0,228.0
401360368,2022-01-02,Charlotte Hornets,Phoenix Suns,99.0,133.0,2022,-34.0,232.0
401360369,2022-01-02,Oklahoma City Thunder,Dallas Mavericks,86.0,95.0,2022,-9.0,181.0
401360370,2022-01-02,Los Angeles Lakers,Minnesota Timberwolves,108.0,103.0,2022,5.0,211.0
401360358,2022-01-01,Milwaukee Bucks,New Orleans Pelicans,136.0,113.0,2022,23.0,249.0
401360359,2022-01-01,Detroit Pistons,San Antonio Spurs,117.0,116.0,2022,1.0,233.0
401360360,2022-01-01,Washington Wizards,Chicago Bulls,119.0,120.0,2022,-1.0,239.0
401360361,2022-01-01,Brooklyn Nets,LA Clippers,116.0,120.0,2022,-4.0,236.0
401360362,2022-01-01,Houston Rockets,Denver Nuggets,111.0,124.0,2022,-13.0,235.0
401360363,2022-01-01,Utah Jazz,Golden State Warriors,116.0,123.0,2022,-7.0,239.0
401360348,2021-12-31,Boston Celtics,Phoenix Suns,123.0,108.0,2022,15.0,231.0
401360349,2021-12-31,Indiana Pacers,Chicago Bulls,106.0,108.0,2022,-2.0,214.0
401360350,2021-12-31,Sacramento Kings,Dallas Mavericks,96.0,112.0,2022,-16.0,208.0
401360351,2021-12-31,Houston Rockets,Miami Heat,110.0,120.0,2022,-10.0,230.0
401360352,2021-12-31,Cleveland Cavaliers,Atlanta Hawks,118.0,121.0,2022,-3.0,239.0
401360353,2021-12-31,Toronto Raptors,LA Clippers,116.0,108.0,2022,8.0,224.0
401360354,2021-12-31,Memphis Grizzlies,San Antonio Spurs,118.0,105.0,2022,13.0,223.0
401360355,2021-12-31,Oklahoma City Thunder,New York Knicks,95.0,80.0,2022,15.0,175.0
401360356,2021-12-31,Utah Jazz,Minnesota Timberwolves,120.0,108.0,2022,12.0,228.0
401360357,2021-12-31,Los Angeles Lakers,Portland Trail Blazers,139.0,106.0,2022,33.0,245.0
401360344,2021-12-30,Brooklyn Nets,Philadelphia 76ers,102.0,110.0,2022,-8.0,212.0
401360345,2021-12-30,Orlando Magic,Milwaukee Bucks,118.0,136.0,2022,-18.0,254.0
401360346,2021-12-30,Washington Wizards,Cleveland Cavaliers,110.0,93.0,2022,17.0,203.0
401360335,2021-12-29,Detroit Pistons,New York Knicks,85.0,94.0,2022,-9.0,179.0
401360336,2021-12-29,Indiana Pacers,Charlotte Hornets,108.0,116.0,2022,-8.0,224.0
401360337,2021-12-29,Boston Celtics,LA Clippers,82.0,91.0,2022,-9.0,173.0
401360338,2021-12-29,Chicago Bulls,Atlanta Hawks,131.0,117.0,2022,14.0,248.0
401360339,2021-12-29,Memphis Grizzlies,Los Angeles Lakers,104.0,99.0,2022,5.0,203.0
401360341,2021-12-29,Phoenix Suns,Oklahoma City Thunder,115.0,97.0,2022,18.0,212.0
401360342,2021-12-29,Portland Trail Blazers,Utah Jazz,105.0,120.0,2022,-15.0,225.0
401360343,2021-12-29,Sacramento Kings,Dallas Mavericks,95.0,94.0,2022,1.0,189.0
401360327,2021-12-28,Orlando Magic,Milwaukee Bucks,110.0,127.0,2022,-17.0,237.0
401360328,2021-12-28,Miami Heat,Washington Wizards,119.0,112.0,2022,7.0,231.0
401360329,2021-12-28,Toronto Raptors,Philadelphia 76ers,109.0,114.0,2022,-5.0,223.0
401360330,2021-12-28,Houston Rockets,Los Angeles Lakers,123.0,132.0,2022,-9.0,255.0
401360331,2021-12-28,Minnesota Timberwolves,New York Knicks,88.0,96.0,2022,-8.0,184.0
401360332,2021-12-28,New Orleans Pelicans,Cleveland Cavaliers,108.0,104.0,2022,4.0,212.0
401360333,2021-12-28,Golden State Warriors,Denver Nuggets,86.0,89.0,2022,-3.0,175.0
401360334,2021-12-28,Sacramento Kings,Oklahoma City Thunder,117.0,111.0,2022,6.0,228.0
401360320,2021-12-27,Charlotte Hornets,Houston Rockets,123.0,99.0,2022,24.0,222.0
401360321,2021-12-27,Atlanta Hawks,Chicago Bulls,118.0,130.0,2022,-12.0,248.0
401360322,2021-12-27,Minnesota Timberwolves,Boston Celtics,108.0,103.0,2022,5.0,211.0
401360323,2021-12-27,San Antonio Spurs,Utah Jazz,104.0,110.0,2022,-6.0,214.0
401360324,2021-12-27,Phoenix Suns,Memphis Grizzlies,113.0,114.0,2022,-1.0,227.0
401360325,2021-12-27,Portland Trail Blazers,Dallas Mavericks,117.0,132.0,2022,-15.0,249.0
401360326,2021-12-27,LA Clippers,Brooklyn Nets,108.0,124.0,2022,-16.0,232.0
401360312,2021-12-26,Miami Heat,Orlando Magic,93.0,83.0,2022,10.0,176.0
401360313,2021-12-26,Cleveland Cavaliers,Toronto Raptors,144.0,99.0,2022,45.0,243.0
401360314,2021-12-26,Washington Wizards,Philadelphia 76ers,96.0,117.0,2022,-21.0,213.0
401360315,2021-12-26,Sacramento Kings,Memphis Grizzlies,102.0,127.0,2022,-25.0,229.0
401360316,2021-12-26,Oklahoma City Thunder,New Orleans Pelicans,117.0,112.0,2022,5.0,229.0
401360317,2021-12-26,San Antonio Spurs,Detroit Pistons,144.0,109.0,2022,35.0,253.0
401360318,2021-12-26,Chicago Bulls,Indiana Pacers,113.0,105.0,2022,8.0,218.0
401360319,2021-12-26,LA Clippers,Denver Nuggets,100.0,103.0,2022,-3.0,203.0
401358781,2021-12-25,New York Knicks,Atlanta Hawks,101.0,87.0,2022,14.0,188.0
401358782,2021-12-25,Milwaukee Bucks,Boston Celtics,117.0,113.0,2022,4.0,230.0
401358783,2021-12-25,Phoenix Suns,Golden State Warriors,107.0,116.0,2022,-9.0,223.0
401358784,2021-12-25,Los Angeles Lakers,Brooklyn Nets,115.0,122.0,2022,-7.0,237.0
401358785,2021-12-25,Utah Jazz,Dallas Mavericks,120.0,116.0,2022,4.0,236.0
401360300,2021-12-23,Indiana Pacers,Houston Rockets,118.0,106.0,2022,12.0,224.0
401360301,2021-12-23,Orlando Magic,New Orleans Pelicans,104.0,110.0,2022,-6.0,214.0
401360302,2021-12-23,Philadelphia 76ers,Atlanta Hawks,96.0,98.0,2022,-2.0,194.0
401360303,2021-12-23,Miami Heat,Detroit Pistons,115.0,112.0,2022,3.0,227.0
401360304,2021-12-23,New York Knicks,Washington Wizards,117.0,124.0,2022,-7.0,241.0
401360305,2021-12-23,Dallas Mavericks,Milwaukee Bucks,95.0,102.0,2022,-7.0,197.0
401360306,2021-12-23,Denver Nuggets,Charlotte Hornets,107.0,115.0,2022,-8.0,222.0
401360307,2021-12-23,Phoenix Suns,Oklahoma City Thunder,113.0,101.0,2022,12.0,214.0
401360308,2021-12-23,Utah Jazz,Minnesota Timberwolves,128.0,116.0,2022,12.0,244.0
401360309,2021-12-23,Golden State Warriors,Memphis Grizzlies,113.0,104.0,2022,9.0,217.0
401360311,2021-12-23,Los Angeles Lakers,San Antonio Spurs,110.0,138.0,2022,-28.0,248.0
401360294,2021-12-22,Atlanta Hawks,Orlando Magic,98.0,104.0,2022,-6.0,202.0
401360295,2021-12-22,Boston Celtics,Cleveland Cavaliers,111.0,101.0,2022,10.0,212.0
401360297,2021-12-22,Milwaukee Bucks,Houston Rockets,126.0,106.0,2022,20.0,232.0
401360298,2021-12-22,Oklahoma City Thunder,Denver Nuggets,108.0,94.0,2022,14.0,202.0
401360299,2021-12-22,Sacramento Kings,LA Clippers,89.0,105.0,2022,-16.0,194.0
401360289,2021-12-21,Miami Heat,Indiana Pacers,125.0,96.0,2022,29.0,221.0
401360290,2021-12-21,New York Knicks,Detroit Pistons,105.0,91.0,2022,14.0,196.0
401360291,2021-12-21,New Orleans Pelicans,Portland Trail Blazers,111.0,97.0,2022,14.0,208.0
401360292,2021-12-21,Dallas Mavericks,Minnesota Timberwolves,114.0,102.0,2022,12.0,216.0
401360293,2021-12-21,Los Angeles Lakers,Phoenix Suns,90.0,108.0,2022,-18.0,198.0
401360281,2021-12-20,Boston Celtics,Philadelphia 76ers,103.0,108.0,2022,-5.0,211.0
401360283,2021-12-20,Chicago Bulls,Houston Rockets,133.0,118.0,2022,15.0,251.0
401360284,2021-12-20,Memphis Grizzlies,Oklahoma City Thunder,99.0,102.0,2022,-3.0,201.0
401360285,2021-12-20,Utah Jazz,Charlotte Hornets,112.0,102.0,2022,10.0,214.0
401360286,2021-12-20,Golden State Warriors,Sacramento Kings,113.0,98.0,2022,15.0,211.0
401360287,2021-12-20,LA Clippers,San Antonio Spurs,92.0,116.0,2022,-24.0,208.0
401360273,2021-12-19,Detroit Pistons,Miami Heat,100.0,90.0,2022,10.0,190.0
401360274,2021-12-19,Memphis Grizzlies,Portland Trail Blazers,100.0,105.0,2022,-5.0,205.0
401360275,2021-12-19,Sacramento Kings,San Antonio Spurs,121.0,114.0,2022,7.0,235.0
401360272,2021-12-19,Chicago Bulls,Los Angeles Lakers,115.0,110.0,2022,5.0,225.0
401360279,2021-12-19,Minnesota Timberwolves,Dallas Mavericks,111.0,105.0,2022,6.0,216.0
401360280,2021-12-19,Phoenix Suns,Charlotte Hornets,137.0,106.0,2022,31.0,243.0
401360265,2021-12-18,Detroit Pistons,Houston Rockets,107.0,116.0,2022,-9.0,223.0
401360269,2021-12-18,Boston Celtics,New York Knicks,114.0,107.0,2022,7.0,221.0
401360266,2021-12-18,Brooklyn Nets,Orlando Magic,93.0,100.0,2022,-7.0,193.0
401360267,2021-12-18,Toronto Raptors,Golden State Warriors,119.0,100.0,2022,19.0,219.0
401360268,2021-12-18,Oklahoma City Thunder,LA Clippers,104.0,103.0,2022,1.0,207.0
401360270,2021-12-18,Milwaukee Bucks,Cleveland Cavaliers,90.0,119.0,2022,-29.0,209.0
401360271,2021-12-18,Utah Jazz,Washington Wizards,103.0,109.0,2022,-6.0,212.0
401360257,2021-12-17,Orlando Magic,Miami Heat,105.0,115.0,2022,-10.0,220.0
401360258,2021-12-17,Atlanta Hawks,Denver Nuggets,115.0,133.0,2022,-18.0,248.0
401360259,2021-12-17,Boston Celtics,Golden State Warriors,107.0,111.0,2022,-4.0,218.0
401360262,2021-12-17,New Orleans Pelicans,Milwaukee Bucks,116.0,112.0,2022,4.0,228.0
401360261,2021-12-17,Utah Jazz,San Antonio Spurs,126.0,128.0,2022,-2.0,254.0
401360260,2021-12-17,Minnesota Timberwolves,Los Angeles Lakers,110.0,92.0,2022,18.0,202.0
401360263,2021-12-17,Portland Trail Blazers,Charlotte Hornets,125.0,116.0,2022,9.0,241.0
401360264,2021-12-17,Sacramento Kings,Memphis Grizzlies,105.0,124.0,2022,-19.0,229.0
401360252,2021-12-16,Indiana Pacers,Detroit Pistons,122.0,113.0,2022,9.0,235.0
401360253,2021-12-16,Brooklyn Nets,Philadelphia 76ers,114.0,105.0,2022,9.0,219.0
401360255,2021-12-16,Houston Rockets,New York Knicks,103.0,116.0,2022,-13.0,219.0
401360256,2021-12-16,Phoenix Suns,Washington Wizards,118.0,98.0,2022,20.0,216.0
401360241,2021-12-15,Cleveland Cavaliers,Houston Rockets,124.0,89.0,2022,35.0,213.0
401360242,2021-12-15,Orlando Magic,Atlanta Hawks,99.0,111.0,2022,-12.0,210.0
401360243,2021-12-15,Philadelphia 76ers,Miami Heat,96.0,101.0,2022,-5.0,197.0
401360244,2021-12-15,Dallas Mavericks,Los Angeles Lakers,104.0,107.0,2022,-3.0,211.0
401360245,2021-12-15,Milwaukee Bucks,Indiana Pacers,114.0,99.0,2022,15.0,213.0
401360246,2021-12-15,Oklahoma City Thunder,New Orleans Pelicans,110.0,113.0,2022,-3.0,223.0
401360247,2021-12-15,San Antonio Spurs,Charlotte Hornets,115.0,131.0,2022,-16.0,246.0
401360248,2021-12-15,Denver Nuggets,Minnesota Timberwolves,107.0,124.0,2022,-17.0,231.0
401360249,2021-12-15,Utah Jazz,LA Clippers,124.0,103.0,2022,21.0,227.0
401360250,2021-12-15,Portland Trail Blazers,Memphis Grizzlies,103.0,113.0,2022,-10.0,216.0
401360251,2021-12-15,Sacramento Kings,Washington Wizards,119.0,105.0,2022,14.0,224.0
401360237,2021-12-14,Brooklyn Nets,Toronto Raptors,131.0,129.0,2022,2.0,260.0
401360238,2021-12-14,New York Knicks,Golden State Warriors,96.0,105.0,2022,-9.0,201.0
401360240,2021-12-14,Portland Trail Blazers,Phoenix Suns,107.0,111.0,2022,-4.0,218.0
401360228,2021-12-13,Cleveland Cavaliers,Miami Heat,105.0,94.0,2022,11.0,199.0
401360229,2021-12-13,Indiana Pacers,Golden State Warriors,100.0,102.0,2022,-2.0,202.0
401360230,2021-12-13,Toronto Raptors,Sacramento Kings,124.0,101.0,2022,23.0,225.0
401360231,2021-12-13,Atlanta Hawks,Houston Rockets,126.0,132.0,2022,-6.0,258.0
401360232,2021-12-13,Boston Celtics,Milwaukee Bucks,117.0,103.0,2022,14.0,220.0
401360233,2021-12-13,Memphis Grizzlies,Philadelphia 76ers,126.0,91.0,2022,35.0,217.0
401360234,2021-12-13,Dallas Mavericks,Charlotte Hornets,120.0,96.0,2022,24.0,216.0
401360235,2021-12-13,Denver Nuggets,Washington Wizards,113.0,107.0,2022,6.0,220.0
401360236,2021-12-13,LA Clippers,Phoenix Suns,111.0,95.0,2022,16.0,206.0
401360222,2021-12-12,New York Knicks,Milwaukee Bucks,97.0,112.0,2022,-15.0,209.0
401360223,2021-12-12,Detroit Pistons,Brooklyn Nets,104.0,116.0,2022,-12.0,220.0
401360224,2021-12-12,Oklahoma City Thunder,Dallas Mavericks,84.0,103.0,2022,-19.0,187.0
401360225,2021-12-12,San Antonio Spurs,New Orleans Pelicans,112.0,97.0,2022,15.0,209.0
401360226,2021-12-12,Portland Trail Blazers,Minnesota Timberwolves,111.0,116.0,2022,-5.0,227.0
401360227,2021-12-12,Los Angeles Lakers,Orlando Magic,106.0,94.0,2022,12.0,200.0
401360215,2021-12-11,LA Clippers,Orlando Magic,106.0,104.0,2022,2.0,210.0
401360216,2021-12-11,Washington Wizards,Utah Jazz,98.0,123.0,2022,-25.0,221.0
401360217,2021-12-11,Cleveland Cavaliers,Sacramento Kings,117.0,103.0,2022,14.0,220.0
401360218,2021-12-11,Miami Heat,Chicago Bulls,118.0,92.0,2022,26.0,210.0
401360219,2021-12-11,Memphis Grizzlies,Houston Rockets,113.0,106.0,2022,7.0,219.0
401360220,2021-12-11,Philadelphia 76ers,Golden State Warriors,102.0,93.0,2022,9.0,195.0
401360221,2021-12-11,San Antonio Spurs,Denver Nuggets,112.0,127.0,2022,-15.0,239.0
401360206,2021-12-10,Charlotte Hornets,Sacramento Kings,124.0,123.0,2022,1.0,247.0
401360207,2021-12-10,Indiana Pacers,Dallas Mavericks,106.0,93.0,2022,13.0,199.0
401360208,2021-12-10,Atlanta Hawks,Brooklyn Nets,105.0,113.0,2022,-8.0,218.0
401360209,2021-12-10,Toronto Raptors,New York Knicks,90.0,87.0,2022,3.0,177.0
401360210,2021-12-10,Houston Rockets,Milwaukee Bucks,114.0,123.0,2022,-9.0,237.0
401360211,2021-12-10,Minnesota Timberwolves,Cleveland Cavaliers,106.0,123.0,2022,-17.0,229.0
401360212,2021-12-10,New Orleans Pelicans,Detroit Pistons,109.0,93.0,2022,16.0,202.0
401360213,2021-12-10,Oklahoma City Thunder,Los Angeles Lakers,95.0,116.0,2022,-21.0,211.0
401360214,2021-12-10,Phoenix Suns,Boston Celtics,111.0,90.0,2022,21.0,201.0
401360203,2021-12-09,Philadelphia 76ers,Utah Jazz,96.0,118.0,2022,-22.0,214.0
401360204,2021-12-09,Memphis Grizzlies,Los Angeles Lakers,108.0,95.0,2022,13.0,203.0
401360205,2021-12-09,San Antonio Spurs,Denver Nuggets,123.0,111.0,2022,12.0,234.0
401360190,2021-12-08,Charlotte Hornets,Philadelphia 76ers,106.0,110.0,2022,-4.0,216.0
401360191,2021-12-08,Cleveland Cavaliers,Chicago Bulls,115.0,92.0,2022,23.0,207.0
401360192,2021-12-08,Detroit Pistons,Washington Wizards,116.0,119.0,2022,-3.0,235.0
401360193,2021-12-08,Indiana Pacers,New York Knicks,122.0,102.0,2022,20.0,224.0
401360194,2021-12-08,Miami Heat,Milwaukee Bucks,113.0,104.0,2022,9.0,217.0
401360195,2021-12-08,Toronto Raptors,Oklahoma City Thunder,109.0,110.0,2022,-1.0,219.0
401360196,2021-12-08,Houston Rockets,Brooklyn Nets,114.0,104.0,2022,10.0,218.0
401360197,2021-12-08,Memphis Grizzlies,Dallas Mavericks,96.0,104.0,2022,-8.0,200.0
401360198,2021-12-08,Minnesota Timberwolves,Utah Jazz,104.0,136.0,2022,-32.0,240.0
401360199,2021-12-08,New Orleans Pelicans,Denver Nuggets,114.0,120.0,2022,-6.0,234.0
401360200,2021-12-08,Golden State Warriors,Portland Trail Blazers,104.0,94.0,2022,10.0,198.0
401360201,2021-12-08,Sacramento Kings,Orlando Magic,142.0,130.0,2022,12.0,272.0
401360202,2021-12-08,LA Clippers,Boston Celtics,114.0,111.0,2022,3.0,225.0
401360187,2021-12-07,Dallas Mavericks,Brooklyn Nets,99.0,102.0,2022,-3.0,201.0
401360188,2021-12-07,San Antonio Spurs,New York Knicks,109.0,121.0,2022,-12.0,230.0
401360189,2021-12-07,Los Angeles Lakers,Boston Celtics,117.0,102.0,2022,15.0,219.0
401360177,2021-12-06,Charlotte Hornets,Philadelphia 76ers,124.0,127.0,2022,-3.0,251.0
401360178,2021-12-06,Detroit Pistons,Oklahoma City Thunder,103.0,114.0,2022,-11.0,217.0
401360179,2021-12-06,Indiana Pacers,Washington Wizards,116.0,110.0,2022,6.0,226.0
401360180,2021-12-06,Miami Heat,Memphis Grizzlies,90.0,105.0,2022,-15.0,195.0
401360181,2021-12-06,Chicago Bulls,Denver Nuggets,109.0,97.0,2022,12.0,206.0
401360182,2021-12-06,Milwaukee Bucks,Cleveland Cavaliers,112.0,104.0,2022,8.0,216.0
401360183,2021-12-06,Minnesota Timberwolves,Atlanta Hawks,110.0,121.0,2022,-11.0,231.0
401360184,2021-12-06,Phoenix Suns,San Antonio Spurs,108.0,104.0,2022,4.0,212.0
401360185,2021-12-06,Golden State Warriors,Orlando Magic,126.0,95.0,2022,31.0,221.0
401360186,2021-12-06,Portland Trail Blazers,LA Clippers,90.0,102.0,2022,-12.0,192.0
401360173,2021-12-05,Cleveland Cavaliers,Utah Jazz,108.0,109.0,2022,-1.0,217.0
401360174,2021-12-05,Atlanta Hawks,Charlotte Hornets,127.0,130.0,2022,-3.0,257.0
401360175,2021-12-05,Toronto Raptors,Washington Wizards,102.0,90.0,2022,12.0,192.0
401360176,2021-12-05,Houston Rockets,New Orleans Pelicans,118.0,108.0,2022,10.0,226.0
401360166,2021-12-04,New York Knicks,Denver Nuggets,99.0,113.0,2022,-14.0,212.0
401360167,2021-12-04,Brooklyn Nets,Chicago Bulls,107.0,111.0,2022,-4.0,218.0
401360168,2021-12-04,Milwaukee Bucks,Miami Heat,124.0,102.0,2022,22.0,226.0
401360169,2021-12-04,Dallas Mavericks,Memphis Grizzlies,90.0,97.0,2022,-7.0,187.0
401360170,2021-12-04,Golden State Warriors,San Antonio Spurs,107.0,112.0,2022,-5.0,219.0
401360171,2021-12-04,Portland Trail Blazers,Boston Celtics,117.0,145.0,2022,-28.0,262.0
401360172,2021-12-04,Sacramento Kings,LA Clippers,104.0,99.0,2022,5.0,203.0
401360157,2021-12-03,Indiana Pacers,Miami Heat,104.0,113.0,2022,-9.0,217.0
401360158,2021-12-03,Washington Wizards,Cleveland Cavaliers,101.0,116.0,2022,-15.0,217.0
401360159,2021-12-03,Atlanta Hawks,Philadelphia 76ers,96.0,98.0,2022,-2.0,194.0
401360160,2021-12-03,Brooklyn Nets,Minnesota Timberwolves,110.0,105.0,2022,5.0,215.0
401360161,2021-12-03,Houston Rockets,Orlando Magic,118.0,116.0,2022,2.0,234.0
401360162,2021-12-03,Dallas Mavericks,New Orleans Pelicans,91.0,107.0,2022,-16.0,198.0
401360163,2021-12-03,Utah Jazz,Boston Celtics,137.0,130.0,2022,7.0,267.0
401360164,2021-12-03,Golden State Warriors,Phoenix Suns,118.0,96.0,2022,22.0,214.0
401360165,2021-12-03,Los Angeles Lakers,LA Clippers,115.0,119.0,2022,-4.0,234.0
401360152,2021-12-02,New York Knicks,Chicago Bulls,115.0,119.0,2022,-4.0,234.0
401360153,2021-12-02,Toronto Raptors,Milwaukee Bucks,97.0,93.0,2022,4.0,190.0
401360154,2021-12-02,Memphis Grizzlies,Oklahoma City Thunder,152.0,79.0,2022,73.0,231.0
401360155,2021-12-02,Phoenix Suns,Detroit Pistons,114.0,103.0,2022,11.0,217.0
401360156,2021-12-02,Portland Trail Blazers,San Antonio Spurs,83.0,114.0,2022,-31.0,197.0
401360143,2021-12-01,Indiana Pacers,Atlanta Hawks,111.0,114.0,2022,-3.0,225.0
401360144,2021-12-01,Orlando Magic,Denver Nuggets,108.0,103.0,2022,5.0,211.0
401360145,2021-12-01,Washington Wizards,Minnesota Timberwolves,115.0,107.0,2022,8.0,222.0
401360146,2021-12-01,Boston Celtics,Philadelphia 76ers,88.0,87.0,2022,1.0,175.0
401360147,2021-12-01,Miami Heat,Cleveland Cavaliers,85.0,111.0,2022,-26.0,196.0
401360148,2021-12-01,Milwaukee Bucks,Charlotte Hornets,127.0,125.0,2022,2.0,252.0
401360149,2021-12-01,New Orleans Pelicans,Dallas Mavericks,107.0,139.0,2022,-32.0,246.0
401360150,2021-12-01,Oklahoma City Thunder,Houston Rockets,110.0,114.0,2022,-4.0,224.0
401360151,2021-12-01,LA Clippers,Sacramento Kings,115.0,124.0,2022,-9.0,239.0
401360138,2021-11-30,Brooklyn Nets,New York Knicks,112.0,110.0,2022,2.0,222.0
401360139,2021-11-30,Toronto Raptors,Memphis Grizzlies,91.0,98.0,2022,-7.0,189.0
401360140,2021-11-30,Phoenix Suns,Golden State Warriors,104.0,96.0,2022,8.0,200.0
401360141,2021-11-30,Portland Trail Blazers,Detroit Pistons,110.0,92.0,2022,18.0,202.0
401360142,2021-11-30,Sacramento Kings,Los Angeles Lakers,92.0,117.0,2022,-25.0,209.0
401360129,2021-11-29,Philadelphia 76ers,Orlando Magic,101.0,96.0,2022,5.0,197.0
401360130,2021-11-29,Miami Heat,Denver Nuggets,111.0,120.0,2022,-9.0,231.0
401360131,2021-11-29,Chicago Bulls,Charlotte Hornets,133.0,119.0,2022,14.0,252.0
401360132,2021-11-29,Houston Rockets,Oklahoma City Thunder,102.0,89.0,2022,13.0,191.0
401360133,2021-11-29,Minnesota Timberwolves,Indiana Pacers,100.0,98.0,2022,2.0,198.0
401360134,2021-11-29,Dallas Mavericks,Cleveland Cavaliers,96.0,114.0,2022,-18.0,210.0
401360135,2021-11-29,San Antonio Spurs,Washington Wizards,116.0,99.0,2022,17.0,215.0
401360136,2021-11-29,Utah Jazz,Portland Trail Blazers,129.0,107.0,2022,22.0,236.0
401360137,2021-11-29,LA Clippers,New Orleans Pelicans,104.0,123.0,2022,-19.0,227.0
401360124,2021-11-28,LA Clippers,Golden State Warriors,90.0,105.0,2022,-15.0,195.0
401360125,2021-11-28,Indiana Pacers,Milwaukee Bucks,100.0,118.0,2022,-18.0,218.0
401360126,2021-11-28,Toronto Raptors,Boston Celtics,97.0,109.0,2022,-12.0,206.0
401360127,2021-11-28,Memphis Grizzlies,Sacramento Kings,128.0,101.0,2022,27.0,229.0
401360128,2021-11-28,Los Angeles Lakers,Detroit Pistons,110.0,106.0,2022,4.0,216.0
401360116,2021-11-27,Philadelphia 76ers,Minnesota Timberwolves,120.0,121.0,2022,-1.0,241.0
401360117,2021-11-27,Atlanta Hawks,New York Knicks,90.0,99.0,2022,-9.0,189.0
401360118,2021-11-27,Brooklyn Nets,Phoenix Suns,107.0,113.0,2022,-6.0,220.0
401360119,2021-11-27,Cleveland Cavaliers,Orlando Magic,105.0,92.0,2022,13.0,197.0
401360120,2021-11-27,Chicago Bulls,Miami Heat,104.0,107.0,2022,-3.0,211.0
401360121,2021-11-27,Houston Rockets,Charlotte Hornets,146.0,143.0,2022,3.0,289.0
401360122,2021-11-27,Dallas Mavericks,Washington Wizards,114.0,120.0,2022,-6.0,234.0
401360123,2021-11-27,Utah Jazz,New Orleans Pelicans,127.0,105.0,2022,22.0,232.0
401360104,2021-11-26,LA Clippers,Detroit Pistons,107.0,96.0,2022,11.0,203.0
401360105,2021-11-26,Charlotte Hornets,Minnesota Timberwolves,133.0,115.0,2022,18.0,248.0
401360106,2021-11-26,New York Knicks,Phoenix Suns,97.0,118.0,2022,-21.0,215.0
401360107,2021-11-26,Orlando Magic,Chicago Bulls,88.0,123.0,2022,-35.0,211.0
401360108,2021-11-26,Indiana Pacers,Toronto Raptors,114.0,97.0,2022,17.0,211.0
401360109,2021-11-26,Memphis Grizzlies,Atlanta Hawks,100.0,132.0,2022,-32.0,232.0
401360110,2021-11-26,Oklahoma City Thunder,Washington Wizards,99.0,101.0,2022,-2.0,200.0
401360111,2021-11-26,San Antonio Spurs,Boston Celtics,96.0,88.0,2022,8.0,184.0
401360112,2021-11-26,Denver Nuggets,Milwaukee Bucks,109.0,120.0,2022,-11.0,229.0
401360113,2021-11-26,Utah Jazz,New Orleans Pelicans,97.0,98.0,2022,-1.0,195.0
401360114,2021-11-26,Golden State Warriors,Portland Trail Blazers,118.0,103.0,2022,15.0,221.0
401360115,2021-11-26,Los Angeles Lakers,Sacramento Kings,137.0,141.0,2022,-4.0,278.0
401360091,2021-11-24,Cleveland Cavaliers,Phoenix Suns,115.0,120.0,2022,-5.0,235.0
401360092,2021-11-24,Indiana Pacers,Los Angeles Lakers,116.0,124.0,2022,-8.0,240.0
401360093,2021-11-24,Orlando Magic,Charlotte Hornets,99.0,106.0,2022,-7.0,205.0
401360094,2021-11-24,Boston Celtics,Brooklyn Nets,104.0,123.0,2022,-19.0,227.0
401360095,2021-11-24,Houston Rockets,Chicago Bulls,118.0,113.0,2022,5.0,231.0
401360096,2021-11-24,Memphis Grizzlies,Toronto Raptors,113.0,126.0,2022,-13.0,239.0
401360097,2021-11-24,Milwaukee Bucks,Detroit Pistons,114.0,93.0,2022,21.0,207.0
401360098,2021-11-24,Minnesota Timberwolves,Miami Heat,113.0,101.0,2022,12.0,214.0
401360099,2021-11-24,New Orleans Pelicans,Washington Wizards,127.0,102.0,2022,25.0,229.0
401360100,2021-11-24,Oklahoma City Thunder,Utah Jazz,104.0,110.0,2022,-6.0,214.0
401360101,2021-11-24,San Antonio Spurs,Atlanta Hawks,106.0,124.0,2022,-18.0,230.0
401360102,2021-11-24,Golden State Warriors,Philadelphia 76ers,116.0,96.0,2022,20.0,212.0
401360103,2021-11-24,Sacramento Kings,Portland Trail Blazers,125.0,121.0,2022,4.0,246.0
401360087,2021-11-23,Detroit Pistons,Miami Heat,92.0,100.0,2022,-8.0,192.0
401360088,2021-11-23,New York Knicks,Los Angeles Lakers,106.0,100.0,2022,6.0,206.0
401360089,2021-11-23,Portland Trail Blazers,Denver Nuggets,119.0,100.0,2022,19.0,219.0
401360090,2021-11-23,LA Clippers,Dallas Mavericks,104.0,112.0,2022,-8.0,216.0
401360077,2021-11-22,Cleveland Cavaliers,Brooklyn Nets,112.0,117.0,2022,-5.0,229.0
401360078,2021-11-22,Washington Wizards,Charlotte Hornets,103.0,109.0,2022,-6.0,212.0
401360079,2021-11-22,Atlanta Hawks,Oklahoma City Thunder,113.0,101.0,2022,12.0,214.0
401360080,2021-11-22,Boston Celtics,Houston Rockets,108.0,90.0,2022,18.0,198.0
401360081,2021-11-22,Chicago Bulls,Indiana Pacers,77.0,109.0,2022,-32.0,186.0
401360082,2021-11-22,Milwaukee Bucks,Orlando Magic,123.0,92.0,2022,31.0,215.0
401360083,2021-11-22,New Orleans Pelicans,Minnesota Timberwolves,96.0,110.0,2022,-14.0,206.0
401360084,2021-11-22,San Antonio Spurs,Phoenix Suns,111.0,115.0,2022,-4.0,226.0
401360085,2021-11-22,Utah Jazz,Memphis Grizzlies,118.0,119.0,2022,-1.0,237.0
401360086,2021-11-22,Sacramento Kings,Philadelphia 76ers,94.0,102.0,2022,-8.0,196.0
401360072,2021-11-21,LA Clippers,Dallas Mavericks,97.0,91.0,2022,6.0,188.0
401360073,2021-11-21,Detroit Pistons,Los Angeles Lakers,116.0,121.0,2022,-5.0,237.0
401360074,2021-11-21,Chicago Bulls,New York Knicks,109.0,103.0,2022,6.0,212.0
401360075,2021-11-21,Phoenix Suns,Denver Nuggets,126.0,97.0,2022,29.0,223.0
401360076,2021-11-21,Golden State Warriors,Toronto Raptors,119.0,104.0,2022,15.0,223.0
401360063,2021-11-20,New York Knicks,Houston Rockets,106.0,99.0,2022,7.0,205.0
401360064,2021-11-20,Indiana Pacers,New Orleans Pelicans,111.0,94.0,2022,17.0,205.0
401360065,2021-11-20,Washington Wizards,Miami Heat,103.0,100.0,2022,3.0,203.0
401360066,2021-11-20,Atlanta Hawks,Charlotte Hornets,115.0,105.0,2022,10.0,220.0
401360067,2021-11-20,Boston Celtics,Oklahoma City Thunder,111.0,105.0,2022,6.0,216.0
401360068,2021-11-20,Milwaukee Bucks,Orlando Magic,117.0,108.0,2022,9.0,225.0
401360069,2021-11-20,Minnesota Timberwolves,Memphis Grizzlies,138.0,95.0,2022,43.0,233.0
401360070,2021-11-20,Portland Trail Blazers,Philadelphia 76ers,118.0,111.0,2022,7.0,229.0
401360071,2021-11-20,Sacramento Kings,Utah Jazz,105.0,123.0,2022,-18.0,228.0
401360054,2021-11-19,Charlotte Hornets,Indiana Pacers,121.0,118.0,2022,3.0,239.0
401360055,2021-11-19,Detroit Pistons,Golden State Warriors,102.0,105.0,2022,-3.0,207.0
401360056,2021-11-19,Boston Celtics,Los Angeles Lakers,130.0,108.0,2022,22.0,238.0
401360057,2021-11-19,Brooklyn Nets,Orlando Magic,115.0,113.0,2022,2.0,228.0
401360058,2021-11-19,Milwaukee Bucks,Oklahoma City Thunder,96.0,89.0,2022,7.0,185.0
401360059,2021-11-19,New Orleans Pelicans,LA Clippers,94.0,81.0,2022,13.0,175.0
401360060,2021-11-19,Denver Nuggets,Chicago Bulls,108.0,114.0,2022,-6.0,222.0
401360061,2021-11-19,Phoenix Suns,Dallas Mavericks,112.0,104.0,2022,8.0,216.0
401360062,2021-11-19,Sacramento Kings,Toronto Raptors,89.0,108.0,2022,-19.0,197.0
401360048,2021-11-18,Cleveland Cavaliers,Golden State Warriors,89.0,104.0,2022,-15.0,193.0
401360049,2021-11-18,Miami Heat,Washington Wizards,112.0,97.0,2022,15.0,209.0
401360050,2021-11-18,Memphis Grizzlies,LA Clippers,120.0,108.0,2022,12.0,228.0
401360051,2021-11-18,Minnesota Timberwolves,San Antonio Spurs,115.0,90.0,2022,25.0,205.0
401360052,2021-11-18,Denver Nuggets,Philadelphia 76ers,89.0,103.0,2022,-14.0,192.0
401360053,2021-11-18,Utah Jazz,Toronto Raptors,119.0,103.0,2022,16.0,222.0
401360037,2021-11-17,Charlotte Hornets,Washington Wizards,97.0,87.0,2022,10.0,184.0
401360038,2021-11-17,Detroit Pistons,Indiana Pacers,97.0,89.0,2022,8.0,186.0
401360039,2021-11-17,Atlanta Hawks,Boston Celtics,110.0,99.0,2022,11.0,209.0
401360040,2021-11-17,Brooklyn Nets,Cleveland Cavaliers,109.0,99.0,2022,10.0,208.0
401360041,2021-11-17,Miami Heat,New Orleans Pelicans,113.0,98.0,2022,15.0,211.0
401360042,2021-11-17,New York Knicks,Orlando Magic,98.0,104.0,2022,-6.0,202.0
401360043,2021-11-17,Milwaukee Bucks,Los Angeles Lakers,109.0,102.0,2022,7.0,211.0
401360044,2021-11-17,Minnesota Timberwolves,Sacramento Kings,107.0,97.0,2022,10.0,204.0
401360045,2021-11-17,Oklahoma City Thunder,Houston Rockets,101.0,89.0,2022,12.0,190.0
401360046,2021-11-17,Phoenix Suns,Dallas Mavericks,105.0,98.0,2022,7.0,203.0
401360047,2021-11-17,Portland Trail Blazers,Chicago Bulls,112.0,107.0,2022,5.0,219.0
401360034,2021-11-16,Brooklyn Nets,Golden State Warriors,99.0,117.0,2022,-18.0,216.0
401360035,2021-11-16,Utah Jazz,Philadelphia 76ers,120.0,85.0,2022,35.0,205.0
401360036,2021-11-16,LA Clippers,San Antonio Spurs,106.0,92.0,2022,14.0,198.0
401360023,2021-11-15,Cleveland Cavaliers,Boston Celtics,92.0,98.0,2022,-6.0,190.0
401360024,2021-11-15,Detroit Pistons,Sacramento Kings,107.0,129.0,2022,-22.0,236.0
401360025,2021-11-15,Washington Wizards,New Orleans Pelicans,105.0,100.0,2022,5.0,205.0
401360026,2021-11-15,Atlanta Hawks,Orlando Magic,129.0,111.0,2022,18.0,240.0
401360027,2021-11-15,New York Knicks,Indiana Pacers,92.0,84.0,2022,8.0,176.0
401360028,2021-11-15,Dallas Mavericks,Denver Nuggets,111.0,101.0,2022,10.0,212.0
401360029,2021-11-15,Memphis Grizzlies,Houston Rockets,136.0,102.0,2022,34.0,238.0
401360030,2021-11-15,Minnesota Timberwolves,Phoenix Suns,96.0,99.0,2022,-3.0,195.0
401360031,2021-11-15,Oklahoma City Thunder,Miami Heat,90.0,103.0,2022,-13.0,193.0
401360032,2021-11-15,Portland Trail Blazers,Toronto Raptors,118.0,113.0,2022,5.0,231.0
401360033,2021-11-15,Los Angeles Lakers,Chicago Bulls,103.0,121.0,2022,-18.0,224.0
401360016,2021-11-14,Los Angeles Lakers,San Antonio Spurs,114.0,106.0,2022,8.0,220.0
401360017,2021-11-14,Atlanta Hawks,Milwaukee Bucks,120.0,100.0,2022,20.0,220.0
401360018,2021-11-14,Charlotte Hornets,Golden State Warriors,106.0,102.0,2022,4.0,208.0
401360019,2021-11-14,Houston Rockets,Phoenix Suns,89.0,115.0,2022,-26.0,204.0
401360020,2021-11-14,Oklahoma City Thunder,Brooklyn Nets,96.0,120.0,2022,-24.0,216.0
401360021,2021-11-14,Denver Nuggets,Portland Trail Blazers,124.0,95.0,2022,29.0,219.0
401360022,2021-11-14,LA Clippers,Chicago Bulls,90.0,100.0,2022,-10.0,190.0
401360009,2021-11-13,Utah Jazz,Miami Heat,105.0,111.0,2022,-6.0,216.0
401360010,2021-11-13,Indiana Pacers,Philadelphia 76ers,118.0,113.0,2022,5.0,231.0
401360011,2021-11-13,Orlando Magic,Washington Wizards,92.0,104.0,2022,-12.0,196.0
401360012,2021-11-13,New Orleans Pelicans,Memphis Grizzlies,112.0,101.0,2022,11.0,213.0
401360013,2021-11-13,Toronto Raptors,Detroit Pistons,121.0,127.0,2022,-6.0,248.0
401360014,2021-11-13,Cleveland Cavaliers,Boston Celtics,91.0,89.0,2022,2.0,180.0
401360015,2021-11-13,LA Clippers,Minnesota Timberwolves,129.0,102.0,2022,27.0,231.0
401359998,2021-11-12,Charlotte Hornets,New York Knicks,104.0,96.0,2022,8.0,200.0
401359999,2021-11-12,Boston Celtics,Milwaukee Bucks,122.0,113.0,2022,9.0,235.0
401360000,2021-11-12,Cleveland Cavaliers,Detroit Pistons,98.0,78.0,2022,20.0,176.0
401360001,2021-11-12,Houston Rockets,Portland Trail Blazers,92.0,104.0,2022,-12.0,196.0
401360002,2021-11-12,Memphis Grizzlies,Phoenix Suns,94.0,119.0,2022,-25.0,213.0
401360003,2021-11-12,New Orleans Pelicans,Brooklyn Nets,112.0,120.0,2022,-8.0,232.0
401360004,2021-11-12,Oklahoma City Thunder,Sacramento Kings,105.0,103.0,2022,2.0,208.0
401360005,2021-11-12,San Antonio Spurs,Dallas Mavericks,109.0,123.0,2022,-14.0,232.0
401360006,2021-11-12,Denver Nuggets,Atlanta Hawks,105.0,96.0,2022,9.0,201.0
401360007,2021-11-12,Golden State Warriors,Chicago Bulls,119.0,93.0,2022,26.0,212.0
401360008,2021-11-12,Los Angeles Lakers,Minnesota Timberwolves,83.0,107.0,2022,-24.0,190.0
401359995,2021-11-11,Philadelphia 76ers,Toronto Raptors,109.0,115.0,2022,-6.0,224.0
401359996,2021-11-11,Utah Jazz,Indiana Pacers,100.0,111.0,2022,-11.0,211.0
401359997,2021-11-11,LA Clippers,Miami Heat,112.0,109.0,2022,3.0,221.0
401359982,2021-11-10,Cleveland Cavaliers,Washington Wizards,94.0,97.0,2022,-3.0,191.0
401359983,2021-11-10,Orlando Magic,Brooklyn Nets,90.0,123.0,2022,-33.0,213.0
401359984,2021-11-10,Boston Celtics,Toronto Raptors,104.0,88.0,2022,16.0,192.0
401359985,2021-11-10,New York Knicks,Milwaukee Bucks,100.0,112.0,2022,-12.0,212.0
401359986,2021-11-10,Houston Rockets,Detroit Pistons,104.0,112.0,2022,-8.0,216.0
401359987,2021-11-10,Chicago Bulls,Dallas Mavericks,117.0,107.0,2022,10.0,224.0
401359988,2021-11-10,Memphis Grizzlies,Charlotte Hornets,108.0,118.0,2022,-10.0,226.0
401359989,2021-11-10,New Orleans Pelicans,Oklahoma City Thunder,100.0,108.0,2022,-8.0,208.0
401359990,2021-11-10,San Antonio Spurs,Sacramento Kings,136.0,117.0,2022,19.0,253.0
401359991,2021-11-10,Denver Nuggets,Indiana Pacers,101.0,98.0,2022,3.0,199.0
401359992,2021-11-10,Phoenix Suns,Portland Trail Blazers,119.0,109.0,2022,10.0,228.0
401359993,2021-11-10,Golden State Warriors,Minnesota Timberwolves,123.0,110.0,2022,13.0,233.0
401359994,2021-11-10,Los Angeles Lakers,Miami Heat,120.0,117.0,2022,3.0,237.0
401359979,2021-11-09,Philadelphia 76ers,Milwaukee Bucks,109.0,118.0,2022,-9.0,227.0
401359980,2021-11-09,Utah Jazz,Atlanta Hawks,110.0,98.0,2022,12.0,208.0
401359981,2021-11-09,LA Clippers,Portland Trail Blazers,117.0,109.0,2022,8.0,226.0
401359971,2021-11-08,Philadelphia 76ers,New York Knicks,96.0,103.0,2022,-7.0,199.0
401359972,2021-11-08,Chicago Bulls,Brooklyn Nets,118.0,95.0,2022,23.0,213.0
401359973,2021-11-08,Memphis Grizzlies,Minnesota Timberwolves,125.0,118.0,2022,7.0,243.0
401359974,2021-11-08,Dallas Mavericks,New Orleans Pelicans,108.0,92.0,2022,16.0,200.0
401359975,2021-11-08,Denver Nuggets,Miami Heat,113.0,96.0,2022,17.0,209.0
401359976,2021-11-08,Golden State Warriors,Atlanta Hawks,127.0,113.0,2022,14.0,240.0
401359977,2021-11-08,Sacramento Kings,Phoenix Suns,104.0,109.0,2022,-5.0,213.0
401359978,2021-11-08,Los Angeles Lakers,Charlotte Hornets,126.0,123.0,2022,3.0,249.0
401359963,2021-11-07,Toronto Raptors,Brooklyn Nets,103.0,116.0,2022,-13.0,219.0
401359964,2021-11-07,New York Knicks,Cleveland Cavaliers,109.0,126.0,2022,-17.0,235.0
401359965,2021-11-07,Orlando Magic,Utah Jazz,107.0,100.0,2022,7.0,207.0
401359966,2021-11-07,Washington Wizards,Milwaukee Bucks,101.0,94.0,2022,7.0,195.0
401359967,2021-11-07,Sacramento Kings,Indiana Pacers,91.0,94.0,2022,-3.0,185.0
401359968,2021-11-07,Oklahoma City Thunder,San Antonio Spurs,99.0,94.0,2022,5.0,193.0
401359969,2021-11-07,Golden State Warriors,Houston Rockets,120.0,107.0,2022,13.0,227.0
401359970,2021-11-07,LA Clippers,Charlotte Hornets,120.0,106.0,2022,14.0,226.0
401359957,2021-11-06,Denver Nuggets,Houston Rockets,95.0,94.0,2022,1.0,189.0
401359958,2021-11-06,Miami Heat,Utah Jazz,118.0,115.0,2022,3.0,233.0
401359959,2021-11-06,Chicago Bulls,Philadelphia 76ers,105.0,114.0,2022,-9.0,219.0
401359960,2021-11-06,Dallas Mavericks,Boston Celtics,107.0,104.0,2022,3.0,211.0
401359961,2021-11-06,Phoenix Suns,Atlanta Hawks,121.0,117.0,2022,4.0,238.0
401359962,2021-11-06,Portland Trail Blazers,Los Angeles Lakers,105.0,90.0,2022,15.0,195.0
401359948,2021-11-05,Detroit Pistons,Brooklyn Nets,90.0,96.0,2022,-6.0,186.0
401359949,2021-11-05,Orlando Magic,San Antonio Spurs,89.0,102.0,2022,-13.0,191.0
401359950,2021-11-05,Washington Wizards,Memphis Grizzlies,115.0,87.0,2022,28.0,202.0
401359951,2021-11-05,Toronto Raptors,Cleveland Cavaliers,101.0,102.0,2022,-1.0,203.0
401359952,2021-11-05,Milwaukee Bucks,New York Knicks,98.0,113.0,2022,-15.0,211.0
401359953,2021-11-05,Minnesota Timberwolves,LA Clippers,84.0,104.0,2022,-20.0,188.0
401359954,2021-11-05,Golden State Warriors,New Orleans Pelicans,126.0,85.0,2022,41.0,211.0
401359955,2021-11-05,Portland Trail Blazers,Indiana Pacers,110.0,106.0,2022,4.0,216.0
401359956,2021-11-05,Sacramento Kings,Charlotte Hornets,140.0,110.0,2022,30.0,250.0
401359943,2021-11-04,Detroit Pistons,Philadelphia 76ers,98.0,109.0,2022,-11.0,207.0
401359944,2021-11-04,Atlanta Hawks,Utah Jazz,98.0,116.0,2022,-18.0,214.0
401359945,2021-11-04,Miami Heat,Boston Celtics,78.0,95.0,2022,-17.0,173.0
401359946,2021-11-04,Phoenix Suns,Houston Rockets,123.0,111.0,2022,12.0,234.0
401359947,2021-11-04,Los Angeles Lakers,Oklahoma City Thunder,104.0,107.0,2022,-3.0,211.0
401359932,2021-11-03,Cleveland Cavaliers,Portland Trail Blazers,107.0,104.0,2022,3.0,211.0
401359933,2021-11-03,Indiana Pacers,New York Knicks,111.0,98.0,2022,13.0,209.0
401359934,2021-11-03,Orlando Magic,Boston Celtics,79.0,92.0,2022,-13.0,171.0
401359935,2021-11-03,Philadelphia 76ers,Chicago Bulls,103.0,98.0,2022,5.0,201.0
401359936,2021-11-03,Washington Wizards,Toronto Raptors,100.0,109.0,2022,-9.0,209.0
401359937,2021-11-03,Brooklyn Nets,Atlanta Hawks,117.0,108.0,2022,9.0,225.0
401359938,2021-11-03,Memphis Grizzlies,Denver Nuggets,108.0,106.0,2022,2.0,214.0
401359939,2021-11-03,Minnesota Timberwolves,LA Clippers,115.0,126.0,2022,-11.0,241.0
401359940,2021-11-03,San Antonio Spurs,Dallas Mavericks,108.0,109.0,2022,-1.0,217.0
401359941,2021-11-03,Golden State Warriors,Charlotte Hornets,114.0,92.0,2022,22.0,206.0
401359942,2021-11-03,Sacramento Kings,New Orleans Pelicans,112.0,99.0,2022,13.0,211.0
401359927,2021-11-02,Detroit Pistons,Milwaukee Bucks,89.0,117.0,2022,-28.0,206.0
401359928,2021-11-02,Dallas Mavericks,Miami Heat,110.0,125.0,2022,-15.0,235.0
401359929,2021-11-02,Utah Jazz,Sacramento Kings,119.0,113.0,2022,6.0,232.0
401359930,2021-11-02,Phoenix Suns,New Orleans Pelicans,112.0,100.0,2022,12.0,212.0
401359931,2021-11-02,Los Angeles Lakers,Houston Rockets,119.0,117.0,2022,2.0,236.0
401359918,2021-11-01,Charlotte Hornets,Cleveland Cavaliers,110.0,113.0,2022,-3.0,223.0
401359919,2021-11-01,Indiana Pacers,San Antonio Spurs,131.0,118.0,2022,13.0,249.0
401359920,2021-11-01,Philadelphia 76ers,Portland Trail Blazers,113.0,103.0,2022,10.0,216.0
401359921,2021-11-01,Atlanta Hawks,Washington Wizards,118.0,111.0,2022,7.0,229.0
401359922,2021-11-01,Boston Celtics,Chicago Bulls,114.0,128.0,2022,-14.0,242.0
401359923,2021-11-01,New York Knicks,Toronto Raptors,104.0,113.0,2022,-9.0,217.0
401359924,2021-11-01,Memphis Grizzlies,Denver Nuggets,106.0,97.0,2022,9.0,203.0
401359925,2021-11-01,Minnesota Timberwolves,Orlando Magic,97.0,115.0,2022,-18.0,212.0
401359926,2021-11-01,LA Clippers,Oklahoma City Thunder,99.0,94.0,2022,5.0,193.0
401359913,2021-10-31,Dallas Mavericks,Sacramento Kings,105.0,99.0,2022,6.0,204.0
401359914,2021-10-31,Charlotte Hornets,Portland Trail Blazers,125.0,113.0,2022,12.0,238.0
401359915,2021-10-31,Milwaukee Bucks,Utah Jazz,95.0,107.0,2022,-12.0,202.0
401359916,2021-10-31,Brooklyn Nets,Detroit Pistons,117.0,91.0,2022,26.0,208.0
401359917,2021-10-31,Los Angeles Lakers,Houston Rockets,95.0,85.0,2022,10.0,180.0
401359902,2021-10-30,Washington Wizards,Boston Celtics,115.0,112.0,2022,3.0,227.0
401359903,2021-10-30,Detroit Pistons,Orlando Magic,110.0,103.0,2022,7.0,213.0
401359904,2021-10-30,New Orleans Pelicans,New York Knicks,117.0,123.0,2022,-6.0,240.0
401359905,2021-10-30,Indiana Pacers,Toronto Raptors,94.0,97.0,2022,-3.0,191.0
401359906,2021-10-30,Philadelphia 76ers,Atlanta Hawks,122.0,94.0,2022,28.0,216.0
401359907,2021-10-30,Chicago Bulls,Utah Jazz,107.0,99.0,2022,8.0,206.0
401359908,2021-10-30,Memphis Grizzlies,Miami Heat,103.0,129.0,2022,-26.0,232.0
401359909,2021-10-30,Milwaukee Bucks,San Antonio Spurs,93.0,102.0,2022,-9.0,195.0
401359910,2021-10-30,Golden State Warriors,Oklahoma City Thunder,103.0,82.0,2022,21.0,185.0
401359911,2021-10-30,Minnesota Timberwolves,Denver Nuggets,91.0,93.0,2022,-2.0,184.0
401359912,2021-10-30,Phoenix Suns,Cleveland Cavaliers,101.0,92.0,2022,9.0,193.0
401359895,2021-10-29,Toronto Raptors,Orlando Magic,110.0,109.0,2022,1.0,219.0
401359896,2021-10-29,Brooklyn Nets,Indiana Pacers,105.0,98.0,2022,7.0,203.0
401359897,2021-10-29,Miami Heat,Charlotte Hornets,114.0,99.0,2022,15.0,213.0
401359898,2021-10-29,New Orleans Pelicans,Sacramento Kings,109.0,113.0,2022,-4.0,222.0
401359899,2021-10-29,Denver Nuggets,Dallas Mavericks,106.0,75.0,2022,31.0,181.0
401359900,2021-10-29,Portland Trail Blazers,LA Clippers,111.0,92.0,2022,19.0,203.0
401359901,2021-10-29,Los Angeles Lakers,Cleveland Cavaliers,113.0,101.0,2022,12.0,214.0
401359889,2021-10-28,Philadelphia 76ers,Detroit Pistons,110.0,102.0,2022,8.0,212.0
401359890,2021-10-28,Washington Wizards,Atlanta Hawks,122.0,111.0,2022,11.0,233.0
401359891,2021-10-28,Chicago Bulls,New York Knicks,103.0,104.0,2022,-1.0,207.0
401359892,2021-10-28,Houston Rockets,Utah Jazz,91.0,122.0,2022,-31.0,213.0
401359893,2021-10-28,Dallas Mavericks,San Antonio Spurs,104.0,99.0,2022,5.0,203.0
401359894,2021-10-28,Golden State Warriors,Memphis Grizzlies,101.0,104.0,2022,-3.0,205.0
401359879,2021-10-27,Orlando Magic,Charlotte Hornets,111.0,120.0,2022,-9.0,231.0
401359880,2021-10-27,Boston Celtics,Washington Wizards,107.0,116.0,2022,-9.0,223.0
401359881,2021-10-27,Brooklyn Nets,Miami Heat,93.0,106.0,2022,-13.0,199.0
401359882,2021-10-27,Toronto Raptors,Indiana Pacers,118.0,100.0,2022,18.0,218.0
401359883,2021-10-27,New Orleans Pelicans,Atlanta Hawks,99.0,102.0,2022,-3.0,201.0
401359884,2021-10-27,Milwaukee Bucks,Minnesota Timberwolves,108.0,113.0,2022,-5.0,221.0
401359885,2021-10-27,Oklahoma City Thunder,Los Angeles Lakers,123.0,115.0,2022,8.0,238.0
401359886,2021-10-27,Phoenix Suns,Sacramento Kings,107.0,110.0,2022,-3.0,217.0
401359887,2021-10-27,Portland Trail Blazers,Memphis Grizzlies,116.0,96.0,2022,20.0,212.0
401359888,2021-10-27,LA Clippers,Cleveland Cavaliers,79.0,92.0,2022,-13.0,171.0
401359874,2021-10-26,New York Knicks,Philadelphia 76ers,112.0,99.0,2022,13.0,211.0
401359875,2021-10-26,Oklahoma City Thunder,Golden State Warriors,98.0,106.0,2022,-8.0,204.0
401359876,2021-10-26,Dallas Mavericks,Houston Rockets,116.0,106.0,2022,10.0,222.0
401359877,2021-10-26,San Antonio Spurs,Los Angeles Lakers,121.0,125.0,2022,-4.0,246.0
401359878,2021-10-26,Utah Jazz,Denver Nuggets,122.0,110.0,2022,12.0,232.0
401359865,2021-10-25,Charlotte Hornets,Boston Celtics,129.0,140.0,2022,-11.0,269.0
401359866,2021-10-25,Indiana Pacers,Milwaukee Bucks,109.0,119.0,2022,-10.0,228.0
401359867,2021-10-25,Atlanta Hawks,Detroit Pistons,122.0,104.0,2022,18.0,226.0
401359868,2021-10-25,Brooklyn Nets,Washington Wizards,104.0,90.0,2022,14.0,194.0
401359869,2021-10-25,Miami Heat,Orlando Magic,107.0,90.0,2022,17.0,197.0
401359870,2021-10-25,Toronto Raptors,Chicago Bulls,108.0,111.0,2022,-3.0,219.0
401359871,2021-10-25,Minnesota Timberwolves,New Orleans Pelicans,98.0,107.0,2022,-9.0,205.0
401359872,2021-10-25,Denver Nuggets,Cleveland Cavaliers,87.0,99.0,2022,-12.0,186.0
401359873,2021-10-25,LA Clippers,Portland Trail Blazers,116.0,86.0,2022,30.0,202.0
401359859,2021-10-24,Brooklyn Nets,Charlotte Hornets,95.0,111.0,2022,-16.0,206.0
401359860,2021-10-24,New York Knicks,Orlando Magic,104.0,110.0,2022,-6.0,214.0
401359861,2021-10-24,Houston Rockets,Boston Celtics,97.0,107.0,2022,-10.0,204.0
401359862,2021-10-24,Oklahoma City Thunder,Philadelphia 76ers,103.0,115.0,2022,-12.0,218.0
401359863,2021-10-24,Sacramento Kings,Golden State Warriors,107.0,119.0,2022,-12.0,226.0
401359864,2021-10-24,Los Angeles Lakers,Memphis Grizzlies,121.0,118.0,2022,3.0,239.0
401359851,2021-10-23,Cleveland Cavaliers,Atlanta Hawks,101.0,95.0,2022,6.0,196.0
401359852,2021-10-23,Indiana Pacers,Miami Heat,102.0,91.0,2022,11.0,193.0
401359853,2021-10-23,Toronto Raptors,Dallas Mavericks,95.0,103.0,2022,-8.0,198.0
401359854,2021-10-23,Chicago Bulls,Detroit Pistons,97.0,82.0,2022,15.0,179.0
401359855,2021-10-23,Minnesota Timberwolves,New Orleans Pelicans,96.0,89.0,2022,7.0,185.0
401359856,2021-10-23,San Antonio Spurs,Milwaukee Bucks,111.0,121.0,2022,-10.0,232.0
401359857,2021-10-23,Portland Trail Blazers,Phoenix Suns,134.0,105.0,2022,29.0,239.0
401359858,2021-10-23,LA Clippers,Memphis Grizzlies,114.0,120.0,2022,-6.0,234.0
401359843,2021-10-22,Cleveland Cavaliers,Charlotte Hornets,112.0,123.0,2022,-11.0,235.0
401359844,2021-10-22,Orlando Magic,New York Knicks,96.0,121.0,2022,-25.0,217.0
401359845,2021-10-22,Washington Wizards,Indiana Pacers,135.0,134.0,2022,1.0,269.0
401358779,2021-10-22,Philadelphia 76ers,Brooklyn Nets,109.0,114.0,2022,-5.0,223.0
401359846,2021-10-22,Boston Celtics,Toronto Raptors,83.0,115.0,2022,-32.0,198.0
401359847,2021-10-22,Chicago Bulls,New Orleans Pelicans,128.0,112.0,2022,16.0,240.0
401359848,2021-10-22,Houston Rockets,Oklahoma City Thunder,124.0,91.0,2022,33.0,215.0
401359849,2021-10-22,Denver Nuggets,San Antonio Spurs,102.0,96.0,2022,6.0,198.0
401358780,2021-10-22,Los Angeles Lakers,Phoenix Suns,105.0,115.0,2022,-10.0,220.0
401359850,2021-10-22,Sacramento Kings,Utah Jazz,101.0,110.0,2022,-9.0,211.0
401358777,2021-10-21,Atlanta Hawks,Dallas Mavericks,113.0,87.0,2022,26.0,200.0
401359842,2021-10-21,Miami Heat,Milwaukee Bucks,137.0,95.0,2022,42.0,232.0
401358778,2021-10-21,Golden State Warriors,LA Clippers,115.0,113.0,2022,2.0,228.0
401359833,2021-10-20,Charlotte Hornets,Indiana Pacers,123.0,122.0,2022,1.0,245.0
401359834,2021-10-20,Detroit Pistons,Chicago Bulls,88.0,94.0,2022,-6.0,182.0
401358775,2021-10-20,New York Knicks,Boston Celtics,138.0,134.0,2022,4.0,272.0
401359835,2021-10-20,Toronto Raptors,Washington Wizards,83.0,98.0,2022,-15.0,181.0
401359836,2021-10-20,Memphis Grizzlies,Cleveland Cavaliers,132.0,121.0,2022,11.0,253.0
401359837,2021-10-20,Minnesota Timberwolves,Houston Rockets,124.0,106.0,2022,18.0,230.0
401359838,2021-10-20,New Orleans Pelicans,Philadelphia 76ers,97.0,117.0,2022,-20.0,214.0
401359839,2021-10-20,San Antonio Spurs,Orlando Magic,123.0,97.0,2022,26.0,220.0
401359840,2021-10-20,Utah Jazz,Oklahoma City Thunder,107.0,86.0,2022,21.0,193.0
401358776,2021-10-20,Phoenix Suns,Denver Nuggets,98.0,110.0,2022,-12.0,208.0
401359841,2021-10-20,Portland Trail Blazers,Sacramento Kings,121.0,124.0,2022,-3.0,245.0
401358773,2021-10-19,Milwaukee Bucks,Brooklyn Nets,127.0,104.0,2022,23.0,231.0
401358774,2021-10-19,Los Angeles Lakers,Golden State Warriors,114.0,121.0,2022,-7.0,235.0
401544850,2023-06-12,Denver Nuggets,Miami Heat,94.0,89.0,2023,5.0,183.0
401544849,2023-06-09,Miami Heat,Denver Nuggets,95.0,108.0,2023,-13.0,203.0
401544848,2023-06-07,Miami Heat,Denver Nuggets,94.0,109.0,2023,-15.0,203.0
401544847,2023-06-04,Denver Nuggets,Miami Heat,108.0,111.0,2023,-3.0,219.0
401544846,2023-06-01,Denver Nuggets,Miami Heat,104.0,93.0,2023,11.0,197.0
401547678,2023-05-29,Boston Celtics,Miami Heat,84.0,103.0,2023,-19.0,187.0
401547676,2023-05-27,Miami Heat,Boston Celtics,103.0,104.0,2023,-1.0,207.0
401547675,2023-05-25,Boston Celtics,Miami Heat,110.0,97.0,2023,13.0,207.0
401547674,2023-05-23,Miami Heat,Boston Celtics,99.0,116.0,2023,-17.0,215.0
401547684,2023-05-22,Los Angeles Lakers,Denver Nuggets,111.0,113.0,2023,-2.0,224.0
401547673,2023-05-21,Miami Heat,Boston Celtics,128.0,102.0,2023,26.0,230.0
401547683,2023-05-20,Los Angeles Lakers,Denver Nuggets,108.0,119.0,2023,-11.0,227.0
401547672,2023-05-19,Boston Celtics,Miami Heat,105.0,111.0,2023,-6.0,216.0
401547682,2023-05-18,Denver Nuggets,Los Angeles Lakers,108.0,103.0,2023,5.0,211.0
401547671,2023-05-17,Boston Celtics,Miami Heat,116.0,123.0,2023,-7.0,239.0
401547679,2023-05-16,Denver Nuggets,Los Angeles Lakers,132.0,126.0,2023,6.0,258.0
401545117,2023-05-14,Boston Celtics,Philadelphia 76ers,112.0,88.0,2023,24.0,200.0
401544978,2023-05-12,Miami Heat,New York Knicks,96.0,92.0,2023,4.0,188.0
401545236,2023-05-12,Los Angeles Lakers,Golden State Warriors,122.0,101.0,2023,21.0,223.0
401545116,2023-05-11,Philadelphia 76ers,Boston Celtics,86.0,95.0,2023,-9.0,181.0
401544339,2023-05-11,Phoenix Suns,Denver Nuggets,100.0,125.0,2023,-25.0,225.0
401544977,2023-05-10,New York Knicks,Miami Heat,112.0,103.0,2023,9.0,215.0
401545235,2023-05-10,Golden State Warriors,Los Angeles Lakers,121.0,106.0,2023,15.0,227.0
401545115,2023-05-09,Boston Celtics,Philadelphia 76ers,103.0,115.0,2023,-12.0,218.0
401544338,2023-05-09,Denver Nuggets,Phoenix Suns,118.0,102.0,2023,16.0,220.0
401544976,2023-05-08,Miami Heat,New York Knicks,109.0,101.0,2023,8.0,210.0
401545234,2023-05-08,Los Angeles Lakers,Golden State Warriors,104.0,101.0,2023,3.0,205.0
401545114,2023-05-07,Philadelphia 76ers,Boston Celtics,116.0,115.0,2023,1.0,231.0
401544337,2023-05-07,Phoenix Suns,Denver Nuggets,129.0,124.0,2023,5.0,253.0
401544975,2023-05-06,Miami Heat,New York Knicks,105.0,86.0,2023,19.0,191.0
401545233,2023-05-06,Los Angeles Lakers,Golden State Warriors,127.0,97.0,2023,30.0,224.0
401545113,2023-05-05,Philadelphia 76ers,Boston Celtics,102.0,114.0,2023,-12.0,216.0
401544336,2023-05-05,Phoenix Suns,Denver Nuggets,121.0,114.0,2023,7.0,235.0
401545232,2023-05-04,Golden State Warriors,Los Angeles Lakers,127.0,100.0,2023,27.0,227.0
401545112,2023-05-03,Boston Celtics,Philadelphia 76ers,121.0,87.0,2023,34.0,208.0
401544974,2023-05-02,New York Knicks,Miami Heat,111.0,105.0,2023,6.0,216.0
401545231,2023-05-02,Golden State Warriors,Los Angeles Lakers,112.0,117.0,2023,-5.0,229.0
401545111,2023-05-01,Boston Celtics,Philadelphia 76ers,115.0,119.0,2023,-4.0,234.0
401544335,2023-05-01,Denver Nuggets,Phoenix Suns,97.0,87.0,2023,10.0,184.0
401544973,2023-04-30,New York Knicks,Miami Heat,101.0,108.0,2023,-7.0,209.0
401541236,2023-04-30,Sacramento Kings,Golden State Warriors,100.0,120.0,2023,-20.0,220.0
401544334,2023-04-29,Denver Nuggets,Phoenix Suns,125.0,107.0,2023,18.0,232.0
401541235,2023-04-28,Golden State Warriors,Sacramento Kings,99.0,118.0,2023,-19.0,217.0
401541232,2023-04-28,Los Angeles Lakers,Memphis Grizzlies,125.0,85.0,2023,40.0,210.0
401541244,2023-04-27,Atlanta Hawks,Boston Celtics,120.0,128.0,2023,-8.0,248.0
401541249,2023-04-26,Cleveland Cavaliers,New York Knicks,95.0,106.0,2023,-11.0,201.0
401541231,2023-04-26,Memphis Grizzlies,Los Angeles Lakers,116.0,99.0,2023,17.0,215.0
401541240,2023-04-26,Milwaukee Bucks,Miami Heat,126.0,128.0,2023,-2.0,254.0
401541234,2023-04-26,Sacramento Kings,Golden State Warriors,116.0,123.0,2023,-7.0,239.0
401541243,2023-04-25,Boston Celtics,Atlanta Hawks,117.0,119.0,2023,-2.0,236.0
401541196,2023-04-25,Denver Nuggets,Minnesota Timberwolves,112.0,109.0,2023,3.0,221.0
401541237,2023-04-25,Phoenix Suns,LA Clippers,136.0,130.0,2023,6.0,266.0
401541187,2023-04-24,Miami Heat,Milwaukee Bucks,119.0,114.0,2023,5.0,233.0
401541184,2023-04-24,Los Angeles Lakers,Memphis Grizzlies,117.0,111.0,2023,6.0,228.0
401541190,2023-04-23,New York Knicks,Cleveland Cavaliers,102.0,93.0,2023,9.0,195.0
401541185,2023-04-23,Golden State Warriors,Sacramento Kings,126.0,125.0,2023,1.0,251.0
401541188,2023-04-23,Atlanta Hawks,Boston Celtics,121.0,129.0,2023,-8.0,250.0
401541183,2023-04-23,Minnesota Timberwolves,Denver Nuggets,114.0,108.0,2023,6.0,222.0
401541189,2023-04-22,Brooklyn Nets,Philadelphia 76ers,88.0,96.0,2023,-8.0,184.0
401541186,2023-04-22,LA Clippers,Phoenix Suns,100.0,112.0,2023,-12.0,212.0
401541179,2023-04-22,Miami Heat,Milwaukee Bucks,121.0,99.0,2023,22.0,220.0
401541176,2023-04-22,Los Angeles Lakers,Memphis Grizzlies,111.0,101.0,2023,10.0,212.0
401541180,2023-04-21,Atlanta Hawks,Boston Celtics,130.0,122.0,2023,8.0,252.0
401541182,2023-04-21,New York Knicks,Cleveland Cavaliers,99.0,79.0,2023,20.0,178.0
401541175,2023-04-21,Minnesota Timberwolves,Denver Nuggets,111.0,120.0,2023,-9.0,231.0
401541181,2023-04-20,Brooklyn Nets,Philadelphia 76ers,97.0,102.0,2023,-5.0,199.0
401541177,2023-04-20,Golden State Warriors,Sacramento Kings,114.0,97.0,2023,17.0,211.0
401541178,2023-04-20,LA Clippers,Phoenix Suns,124.0,129.0,2023,-5.0,253.0
401541168,2023-04-19,Memphis Grizzlies,Los Angeles Lakers,103.0,93.0,2023,10.0,196.0
401541171,2023-04-19,Milwaukee Bucks,Miami Heat,138.0,122.0,2023,16.0,260.0
401541167,2023-04-19,Denver Nuggets,Minnesota Timberwolves,122.0,113.0,2023,9.0,235.0
401541172,2023-04-18,Boston Celtics,Atlanta Hawks,119.0,106.0,2023,13.0,225.0
401541174,2023-04-18,Cleveland Cavaliers,New York Knicks,107.0,90.0,2023,17.0,197.0
401541170,2023-04-18,Phoenix Suns,LA Clippers,123.0,109.0,2023,14.0,232.0
401541173,2023-04-17,Philadelphia 76ers,Brooklyn Nets,96.0,84.0,2023,12.0,180.0
401541169,2023-04-17,Sacramento Kings,Golden State Warriors,114.0,106.0,2023,8.0,220.0
401540756,2023-04-16,Memphis Grizzlies,Los Angeles Lakers,112.0,128.0,2023,-16.0,240.0
401540754,2023-04-16,Milwaukee Bucks,Miami Heat,117.0,130.0,2023,-13.0,247.0
401540757,2023-04-16,Phoenix Suns,LA Clippers,110.0,115.0,2023,-5.0,225.0
401540755,2023-04-16,Denver Nuggets,Minnesota Timberwolves,109.0,80.0,2023,29.0,189.0
401540750,2023-04-15,Philadelphia 76ers,Brooklyn Nets,121.0,101.0,2023,20.0,222.0
401540751,2023-04-15,Boston Celtics,Atlanta Hawks,112.0,99.0,2023,13.0,211.0
401540752,2023-04-15,Cleveland Cavaliers,New York Knicks,97.0,101.0,2023,-4.0,198.0
401540753,2023-04-15,Sacramento Kings,Golden State Warriors,126.0,123.0,2023,3.0,249.0
401539675,2023-04-14,Miami Heat,Chicago Bulls,102.0,91.0,2023,11.0,193.0
401539676,2023-04-14,Minnesota Timberwolves,Oklahoma City Thunder,120.0,95.0,2023,25.0,215.0
401539673,2023-04-12,Toronto Raptors,Chicago Bulls,105.0,109.0,2023,-4.0,214.0
401539674,2023-04-12,New Orleans Pelicans,Oklahoma City Thunder,118.0,123.0,2023,-5.0,241.0
401539671,2023-04-11,Miami Heat,Atlanta Hawks,105.0,116.0,2023,-11.0,221.0
401539672,2023-04-11,Los Angeles Lakers,Minnesota Timberwolves,108.0,102.0,2023,6.0,210.0
401469371,2023-04-09,Boston Celtics,Atlanta Hawks,120.0,114.0,2023,6.0,234.0
401469372,2023-04-09,Brooklyn Nets,Philadelphia 76ers,105.0,134.0,2023,-29.0,239.0
401469373,2023-04-09,Cleveland Cavaliers,Charlotte Hornets,95.0,106.0,2023,-11.0,201.0
401469374,2023-04-09,Miami Heat,Orlando Magic,123.0,110.0,2023,13.0,233.0
401469375,2023-04-09,New York Knicks,Indiana Pacers,136.0,141.0,2023,-5.0,277.0
401469376,2023-04-09,Toronto Raptors,Milwaukee Bucks,121.0,105.0,2023,16.0,226.0
401469377,2023-04-09,Washington Wizards,Houston Rockets,109.0,114.0,2023,-5.0,223.0
401469378,2023-04-09,Chicago Bulls,Detroit Pistons,103.0,81.0,2023,22.0,184.0
401469379,2023-04-09,Dallas Mavericks,San Antonio Spurs,117.0,138.0,2023,-21.0,255.0
401469380,2023-04-09,Minnesota Timberwolves,New Orleans Pelicans,113.0,108.0,2023,5.0,221.0
401469381,2023-04-09,Oklahoma City Thunder,Memphis Grizzlies,115.0,100.0,2023,15.0,215.0
401469382,2023-04-09,Denver Nuggets,Sacramento Kings,109.0,95.0,2023,14.0,204.0
401469383,2023-04-09,Los Angeles Lakers,Utah Jazz,128.0,117.0,2023,11.0,245.0
401469384,2023-04-09,Phoenix Suns,LA Clippers,114.0,119.0,2023,-5.0,233.0
401469385,2023-04-09,Portland Trail Blazers,Golden State Warriors,101.0,157.0,2023,-56.0,258.0
401469368,2023-04-08,Utah Jazz,Denver Nuggets,118.0,114.0,2023,4.0,232.0
401469369,2023-04-08,San Antonio Spurs,Minnesota Timberwolves,131.0,151.0,2023,-20.0,282.0
401469370,2023-04-08,LA Clippers,Portland Trail Blazers,136.0,125.0,2023,11.0,261.0
401469357,2023-04-07,Charlotte Hornets,Houston Rockets,109.0,112.0,2023,-3.0,221.0
401469358,2023-04-07,Indiana Pacers,Detroit Pistons,115.0,122.0,2023,-7.0,237.0
401469359,2023-04-07,Washington Wizards,Miami Heat,114.0,108.0,2023,6.0,222.0
401469360,2023-04-07,Atlanta Hawks,Philadelphia 76ers,131.0,136.0,2023,-5.0,267.0
401469361,2023-04-07,Boston Celtics,Toronto Raptors,121.0,102.0,2023,19.0,223.0
401469362,2023-04-07,Brooklyn Nets,Orlando Magic,101.0,84.0,2023,17.0,185.0
401469363,2023-04-07,Milwaukee Bucks,Memphis Grizzlies,114.0,137.0,2023,-23.0,251.0
401469364,2023-04-07,New Orleans Pelicans,New York Knicks,113.0,105.0,2023,8.0,218.0
401469365,2023-04-07,Dallas Mavericks,Chicago Bulls,112.0,115.0,2023,-3.0,227.0
401469366,2023-04-07,Sacramento Kings,Golden State Warriors,97.0,119.0,2023,-22.0,216.0
401469367,2023-04-07,Los Angeles Lakers,Phoenix Suns,121.0,107.0,2023,14.0,228.0
401469352,2023-04-06,Orlando Magic,Cleveland Cavaliers,94.0,118.0,2023,-24.0,212.0
401469353,2023-04-06,Philadelphia 76ers,Miami Heat,101.0,129.0,2023,-28.0,230.0
401469354,2023-04-06,San Antonio Spurs,Portland Trail Blazers,129.0,127.0,2023,2.0,256.0
401469355,2023-04-06,Utah Jazz,Oklahoma City Thunder,98.0,114.0,2023,-16.0,212.0
401469356,2023-04-06,Phoenix Suns,Denver Nuggets,119.0,115.0,2023,4.0,234.0
401469344,2023-04-05,Detroit Pistons,Brooklyn Nets,108.0,123.0,2023,-15.0,231.0
401469345,2023-04-05,Indiana Pacers,New York Knicks,129.0,138.0,2023,-9.0,267.0
401469346,2023-04-05,Atlanta Hawks,Washington Wizards,134.0,116.0,2023,18.0,250.0
401469347,2023-04-05,Boston Celtics,Toronto Raptors,97.0,93.0,2023,4.0,190.0
401469348,2023-04-05,Milwaukee Bucks,Chicago Bulls,105.0,92.0,2023,13.0,197.0
401469349,2023-04-05,New Orleans Pelicans,Memphis Grizzlies,138.0,131.0,2023,7.0,269.0
401469350,2023-04-05,Dallas Mavericks,Sacramento Kings,123.0,119.0,2023,4.0,242.0
401469351,2023-04-05,LA Clippers,Los Angeles Lakers,125.0,118.0,2023,7.0,243.0
401469331,2023-04-04,Charlotte Hornets,Toronto Raptors,100.0,120.0,2023,-20.0,220.0
401469332,2023-04-04,Detroit Pistons,Miami Heat,105.0,118.0,2023,-13.0,223.0
401469333,2023-04-04,Orlando Magic,Cleveland Cavaliers,113.0,117.0,2023,-4.0,230.0
401469334,2023-04-04,Washington Wizards,Milwaukee Bucks,128.0,140.0,2023,-12.0,268.0
401469335,2023-04-04,Brooklyn Nets,Minnesota Timberwolves,102.0,107.0,2023,-5.0,209.0
401469336,2023-04-04,Philadelphia 76ers,Boston Celtics,103.0,101.0,2023,2.0,204.0
401469337,2023-04-04,Chicago Bulls,Atlanta Hawks,105.0,123.0,2023,-18.0,228.0
401469338,2023-04-04,Houston Rockets,Denver Nuggets,124.0,103.0,2023,21.0,227.0
401469339,2023-04-04,Memphis Grizzlies,Portland Trail Blazers,119.0,109.0,2023,10.0,228.0
401469340,2023-04-04,New Orleans Pelicans,Sacramento Kings,103.0,121.0,2023,-18.0,224.0
401469341,2023-04-04,Utah Jazz,Los Angeles Lakers,133.0,135.0,2023,-2.0,268.0
401469342,2023-04-04,Golden State Warriors,Oklahoma City Thunder,136.0,125.0,2023,11.0,261.0
401469343,2023-04-04,Phoenix Suns,San Antonio Spurs,115.0,94.0,2023,21.0,209.0
401469318,2023-04-02,Charlotte Hornets,Toronto Raptors,108.0,128.0,2023,-20.0,236.0
401469319,2023-04-02,Brooklyn Nets,Utah Jazz,111.0,110.0,2023,1.0,221.0
401469320,2023-04-02,Chicago Bulls,Memphis Grizzlies,128.0,107.0,2023,21.0,235.0
401469321,2023-04-02,Minnesota Timberwolves,Portland Trail Blazers,105.0,107.0,2023,-2.0,212.0
401469322,2023-04-02,Atlanta Hawks,Dallas Mavericks,132.0,130.0,2023,2.0,262.0
401469323,2023-04-02,New York Knicks,Washington Wizards,118.0,109.0,2023,9.0,227.0
401469324,2023-04-02,Orlando Magic,Detroit Pistons,128.0,102.0,2023,26.0,230.0
401469325,2023-04-02,Sacramento Kings,San Antonio Spurs,134.0,142.0,2023,-8.0,276.0
401469326,2023-04-02,Houston Rockets,Los Angeles Lakers,109.0,134.0,2023,-25.0,243.0
401469327,2023-04-02,Oklahoma City Thunder,Phoenix Suns,118.0,128.0,2023,-10.0,246.0
401469328,2023-04-02,Cleveland Cavaliers,Indiana Pacers,115.0,105.0,2023,10.0,220.0
401469329,2023-04-02,Milwaukee Bucks,Philadelphia 76ers,117.0,104.0,2023,13.0,221.0
401469330,2023-04-02,Denver Nuggets,Golden State Warriors,112.0,110.0,2023,2.0,222.0
401469316,2023-04-01,Miami Heat,Dallas Mavericks,129.0,122.0,2023,7.0,251.0
401469317,2023-04-01,New Orleans Pelicans,LA Clippers,122.0,114.0,2023,8.0,236.0
401469303,2023-03-31,Charlotte Hornets,Chicago Bulls,91.0,121.0,2023,-30.0,212.0
401469304,2023-03-31,Indiana Pacers,Oklahoma City Thunder,121.0,117.0,2023,4.0,238.0
401469305,2023-03-31,Philadelphia 76ers,Toronto Raptors,117.0,110.0,2023,7.0,227.0
401469306,2023-03-31,Washington Wizards,Orlando Magic,109.0,116.0,2023,-7.0,225.0
401469307,2023-03-31,Boston Celtics,Utah Jazz,122.0,114.0,2023,8.0,236.0
401469308,2023-03-31,Brooklyn Nets,Atlanta Hawks,124.0,107.0,2023,17.0,231.0
401469309,2023-03-31,Cleveland Cavaliers,New York Knicks,116.0,130.0,2023,-14.0,246.0
401469310,2023-03-31,Houston Rockets,Detroit Pistons,121.0,115.0,2023,6.0,236.0
401469311,2023-03-31,Memphis Grizzlies,LA Clippers,108.0,94.0,2023,14.0,202.0
401469312,2023-03-31,Minnesota Timberwolves,Los Angeles Lakers,111.0,123.0,2023,-12.0,234.0
401469313,2023-03-31,Golden State Warriors,San Antonio Spurs,130.0,115.0,2023,15.0,245.0
401469314,2023-03-31,Portland Trail Blazers,Sacramento Kings,114.0,138.0,2023,-24.0,252.0
401469315,2023-03-31,Phoenix Suns,Denver Nuggets,100.0,93.0,2023,7.0,193.0
401469301,2023-03-30,Milwaukee Bucks,Boston Celtics,99.0,140.0,2023,-41.0,239.0
401469302,2023-03-30,Denver Nuggets,New Orleans Pelicans,88.0,107.0,2023,-19.0,195.0
401469291,2023-03-29,Indiana Pacers,Milwaukee Bucks,136.0,149.0,2023,-13.0,285.0
401469292,2023-03-29,Brooklyn Nets,Houston Rockets,123.0,114.0,2023,9.0,237.0
401469293,2023-03-29,New York Knicks,Miami Heat,101.0,92.0,2023,9.0,193.0
401469294,2023-03-29,Philadelphia 76ers,Dallas Mavericks,116.0,108.0,2023,8.0,224.0
401469295,2023-03-29,Chicago Bulls,Los Angeles Lakers,110.0,121.0,2023,-11.0,231.0
401469296,2023-03-29,Memphis Grizzlies,LA Clippers,132.0,141.0,2023,-9.0,273.0
401469297,2023-03-29,Oklahoma City Thunder,Detroit Pistons,107.0,106.0,2023,1.0,213.0
401469298,2023-03-29,San Antonio Spurs,Utah Jazz,117.0,128.0,2023,-11.0,245.0
401469300,2023-03-29,Portland Trail Blazers,Sacramento Kings,80.0,120.0,2023,-40.0,200.0
401469299,2023-03-29,Phoenix Suns,Minnesota Timberwolves,107.0,100.0,2023,7.0,207.0
401469285,2023-03-28,Washington Wizards,Boston Celtics,130.0,111.0,2023,19.0,241.0
401469286,2023-03-28,Atlanta Hawks,Cleveland Cavaliers,120.0,118.0,2023,2.0,238.0
401469287,2023-03-28,Toronto Raptors,Miami Heat,106.0,92.0,2023,14.0,198.0
401469288,2023-03-28,Memphis Grizzlies,Orlando Magic,113.0,108.0,2023,5.0,221.0
401469289,2023-03-28,Oklahoma City Thunder,Charlotte Hornets,134.0,137.0,2023,-3.0,271.0
401469290,2023-03-28,Golden State Warriors,New Orleans Pelicans,120.0,109.0,2023,11.0,229.0
401469277,2023-03-27,Detroit Pistons,Milwaukee Bucks,117.0,126.0,2023,-9.0,243.0
401469278,2023-03-27,Indiana Pacers,Dallas Mavericks,104.0,127.0,2023,-23.0,231.0
401469279,2023-03-27,New York Knicks,Houston Rockets,137.0,115.0,2023,22.0,252.0
401469280,2023-03-27,Utah Jazz,Phoenix Suns,103.0,117.0,2023,-14.0,220.0
401469281,2023-03-27,Denver Nuggets,Philadelphia 76ers,116.0,111.0,2023,5.0,227.0
401469282,2023-03-27,Portland Trail Blazers,New Orleans Pelicans,90.0,124.0,2023,-34.0,214.0
401469283,2023-03-27,Sacramento Kings,Minnesota Timberwolves,115.0,119.0,2023,-4.0,234.0
401469284,2023-03-27,LA Clippers,Chicago Bulls,124.0,112.0,2023,12.0,236.0
401469268,2023-03-26,Charlotte Hornets,Dallas Mavericks,110.0,104.0,2023,6.0,214.0
401469269,2023-03-26,Los Angeles Lakers,Chicago Bulls,108.0,118.0,2023,-10.0,226.0
401469270,2023-03-26,Atlanta Hawks,Memphis Grizzlies,119.0,123.0,2023,-4.0,242.0
401469271,2023-03-26,Boston Celtics,San Antonio Spurs,137.0,93.0,2023,44.0,230.0
401469272,2023-03-26,Cleveland Cavaliers,Houston Rockets,108.0,91.0,2023,17.0,199.0
401469273,2023-03-26,Orlando Magic,Brooklyn Nets,119.0,106.0,2023,13.0,225.0
401469274,2023-03-26,Toronto Raptors,Washington Wizards,114.0,104.0,2023,10.0,218.0
401469275,2023-03-26,Portland Trail Blazers,Oklahoma City Thunder,112.0,118.0,2023,-6.0,230.0
401469276,2023-03-26,Golden State Warriors,Minnesota Timberwolves,96.0,99.0,2023,-3.0,195.0
401469262,2023-03-25,Atlanta Hawks,Indiana Pacers,143.0,130.0,2023,13.0,273.0
401469263,2023-03-25,Miami Heat,Brooklyn Nets,100.0,129.0,2023,-29.0,229.0
401469264,2023-03-25,Denver Nuggets,Milwaukee Bucks,129.0,106.0,2023,23.0,235.0
401469265,2023-03-25,Phoenix Suns,Philadelphia 76ers,125.0,105.0,2023,20.0,230.0
401469266,2023-03-25,Sacramento Kings,Utah Jazz,121.0,113.0,2023,8.0,234.0
401469267,2023-03-25,LA Clippers,New Orleans Pelicans,110.0,131.0,2023,-21.0,241.0
401469252,2023-03-24,Boston Celtics,Indiana Pacers,120.0,95.0,2023,25.0,215.0
401469253,2023-03-24,Washington Wizards,San Antonio Spurs,136.0,124.0,2023,12.0,260.0
401469254,2023-03-24,Toronto Raptors,Detroit Pistons,118.0,97.0,2023,21.0,215.0
401469255,2023-03-24,Memphis Grizzlies,Houston Rockets,151.0,114.0,2023,37.0,265.0
401469256,2023-03-24,Dallas Mavericks,Charlotte Hornets,109.0,117.0,2023,-8.0,226.0
401469257,2023-03-24,Utah Jazz,Milwaukee Bucks,116.0,144.0,2023,-28.0,260.0
401469258,2023-03-24,Golden State Warriors,Philadelphia 76ers,120.0,112.0,2023,8.0,232.0
401469259,2023-03-24,Portland Trail Blazers,Chicago Bulls,96.0,124.0,2023,-28.0,220.0
401469260,2023-03-24,Sacramento Kings,Phoenix Suns,135.0,127.0,2023,8.0,262.0
401469261,2023-03-24,Los Angeles Lakers,Oklahoma City Thunder,116.0,111.0,2023,5.0,227.0
401469248,2023-03-23,Orlando Magic,New York Knicks,111.0,106.0,2023,5.0,217.0
401469249,2023-03-23,Brooklyn Nets,Cleveland Cavaliers,114.0,116.0,2023,-2.0,230.0
401469250,2023-03-23,New Orleans Pelicans,Charlotte Hornets,115.0,96.0,2023,19.0,211.0
401469251,2023-03-23,LA Clippers,Oklahoma City Thunder,127.0,105.0,2023,22.0,232.0
401469238,2023-03-22,Washington Wizards,Denver Nuggets,104.0,118.0,2023,-14.0,222.0
401469239,2023-03-22,Miami Heat,New York Knicks,127.0,120.0,2023,7.0,247.0
401469240,2023-03-22,Toronto Raptors,Indiana Pacers,114.0,118.0,2023,-4.0,232.0
401469241,2023-03-22,Dallas Mavericks,Golden State Warriors,125.0,127.0,2023,-2.0,252.0
401469242,2023-03-22,Chicago Bulls,Philadelphia 76ers,91.0,116.0,2023,-25.0,207.0
401469243,2023-03-22,Memphis Grizzlies,Houston Rockets,130.0,125.0,2023,5.0,255.0
401469244,2023-03-22,Milwaukee Bucks,San Antonio Spurs,130.0,94.0,2023,36.0,224.0
401469245,2023-03-22,Minnesota Timberwolves,Atlanta Hawks,125.0,124.0,2023,1.0,249.0
401469246,2023-03-22,Utah Jazz,Portland Trail Blazers,115.0,127.0,2023,-12.0,242.0
401469247,2023-03-22,Los Angeles Lakers,Phoenix Suns,122.0,111.0,2023,11.0,233.0
401469232,2023-03-21,Orlando Magic,Washington Wizards,122.0,112.0,2023,10.0,234.0
401469233,2023-03-21,Atlanta Hawks,Detroit Pistons,129.0,107.0,2023,22.0,236.0
401469234,2023-03-21,Brooklyn Nets,Cleveland Cavaliers,109.0,115.0,2023,-6.0,224.0
401469235,2023-03-21,New Orleans Pelicans,San Antonio Spurs,119.0,84.0,2023,35.0,203.0
401469236,2023-03-21,Sacramento Kings,Boston Celtics,109.0,132.0,2023,-23.0,241.0
401469237,2023-03-21,LA Clippers,Oklahoma City Thunder,100.0,101.0,2023,-1.0,201.0
401469226,2023-03-20,Charlotte Hornets,Indiana Pacers,115.0,109.0,2023,6.0,224.0
401469227,2023-03-20,Philadelphia 76ers,Chicago Bulls,105.0,109.0,2023,-4.0,214.0
401469228,2023-03-20,New York Knicks,Minnesota Timberwolves,134.0,140.0,2023,-6.0,274.0
401469229,2023-03-20,Houston Rockets,Golden State Warriors,108.0,121.0,2023,-13.0,229.0
401469230,2023-03-20,Memphis Grizzlies,Dallas Mavericks,112.0,108.0,2023,4.0,220.0
401469231,2023-03-20,Utah Jazz,Sacramento Kings,128.0,120.0,2023,8.0,248.0
401469218,2023-03-19,Brooklyn Nets,Denver Nuggets,102.0,108.0,2023,-6.0,210.0
401469219,2023-03-19,Oklahoma City Thunder,Phoenix Suns,124.0,120.0,2023,4.0,244.0
401469220,2023-03-19,San Antonio Spurs,Atlanta Hawks,126.0,118.0,2023,8.0,244.0
401469221,2023-03-19,Detroit Pistons,Miami Heat,100.0,112.0,2023,-12.0,212.0
401469222,2023-03-19,Houston Rockets,New Orleans Pelicans,107.0,117.0,2023,-10.0,224.0
401469223,2023-03-19,Milwaukee Bucks,Toronto Raptors,118.0,111.0,2023,7.0,229.0
401469224,2023-03-19,Portland Trail Blazers,LA Clippers,102.0,117.0,2023,-15.0,219.0
401469225,2023-03-19,Los Angeles Lakers,Orlando Magic,111.0,105.0,2023,6.0,216.0
401469210,2023-03-18,New York Knicks,Denver Nuggets,116.0,110.0,2023,6.0,226.0
401469211,2023-03-18,LA Clippers,Orlando Magic,108.0,113.0,2023,-5.0,221.0
401469212,2023-03-18,Indiana Pacers,Philadelphia 76ers,121.0,141.0,2023,-20.0,262.0
401469213,2023-03-18,Toronto Raptors,Minnesota Timberwolves,122.0,107.0,2023,15.0,229.0
401469214,2023-03-18,Washington Wizards,Sacramento Kings,118.0,132.0,2023,-14.0,250.0
401469215,2023-03-18,Chicago Bulls,Miami Heat,113.0,99.0,2023,14.0,212.0
401469216,2023-03-18,Memphis Grizzlies,Golden State Warriors,133.0,119.0,2023,14.0,252.0
401469217,2023-03-18,Utah Jazz,Boston Celtics,118.0,117.0,2023,1.0,235.0
401469202,2023-03-17,Charlotte Hornets,Philadelphia 76ers,82.0,121.0,2023,-39.0,203.0
401469203,2023-03-17,Atlanta Hawks,Golden State Warriors,127.0,119.0,2023,8.0,246.0
401469204,2023-03-17,Cleveland Cavaliers,Washington Wizards,117.0,94.0,2023,23.0,211.0
401469205,2023-03-17,Chicago Bulls,Minnesota Timberwolves,139.0,131.0,2023,8.0,270.0
401469206,2023-03-17,Houston Rockets,New Orleans Pelicans,114.0,112.0,2023,2.0,226.0
401469207,2023-03-17,San Antonio Spurs,Memphis Grizzlies,120.0,126.0,2023,-6.0,246.0
401469208,2023-03-17,Portland Trail Blazers,Boston Celtics,112.0,126.0,2023,-14.0,238.0
401469209,2023-03-17,Los Angeles Lakers,Dallas Mavericks,110.0,111.0,2023,-1.0,221.0
401469197,2023-03-16,Detroit Pistons,Denver Nuggets,100.0,119.0,2023,-19.0,219.0
401469198,2023-03-16,Brooklyn Nets,Sacramento Kings,96.0,101.0,2023,-5.0,197.0
401469199,2023-03-16,Toronto Raptors,Oklahoma City Thunder,128.0,111.0,2023,17.0,239.0
401469200,2023-03-16,Milwaukee Bucks,Indiana Pacers,123.0,139.0,2023,-16.0,262.0
401469201,2023-03-16,Phoenix Suns,Orlando Magic,116.0,113.0,2023,3.0,229.0
401469190,2023-03-15,Cleveland Cavaliers,Philadelphia 76ers,109.0,118.0,2023,-9.0,227.0
401469191,2023-03-15,Miami Heat,Memphis Grizzlies,138.0,119.0,2023,19.0,257.0
401469192,2023-03-15,Chicago Bulls,Sacramento Kings,114.0,117.0,2023,-3.0,231.0
401469193,2023-03-15,Houston Rockets,Los Angeles Lakers,114.0,110.0,2023,4.0,224.0
401469194,2023-03-15,Minnesota Timberwolves,Boston Celtics,102.0,104.0,2023,-2.0,206.0
401469195,2023-03-15,San Antonio Spurs,Dallas Mavericks,128.0,137.0,2023,-9.0,265.0
401469196,2023-03-15,LA Clippers,Golden State Warriors,134.0,126.0,2023,8.0,260.0
401469182,2023-03-14,Charlotte Hornets,Cleveland Cavaliers,104.0,120.0,2023,-16.0,224.0
401469183,2023-03-14,Washington Wizards,Detroit Pistons,117.0,97.0,2023,20.0,214.0
401469184,2023-03-14,Toronto Raptors,Denver Nuggets,125.0,110.0,2023,15.0,235.0
401469185,2023-03-14,New Orleans Pelicans,Los Angeles Lakers,108.0,123.0,2023,-15.0,231.0
401469186,2023-03-14,Oklahoma City Thunder,Brooklyn Nets,121.0,107.0,2023,14.0,228.0
401469187,2023-03-14,San Antonio Spurs,Orlando Magic,132.0,114.0,2023,18.0,246.0
401469188,2023-03-14,Phoenix Suns,Milwaukee Bucks,104.0,116.0,2023,-12.0,220.0
401469189,2023-03-14,Portland Trail Blazers,New York Knicks,107.0,123.0,2023,-16.0,230.0
401469175,2023-03-13,Detroit Pistons,Indiana Pacers,117.0,97.0,2023,20.0,214.0
401469176,2023-03-13,Atlanta Hawks,Minnesota Timberwolves,115.0,136.0,2023,-21.0,251.0
401469177,2023-03-13,Miami Heat,Utah Jazz,119.0,115.0,2023,4.0,234.0
401469178,2023-03-13,Dallas Mavericks,Memphis Grizzlies,88.0,104.0,2023,-16.0,192.0
401469179,2023-03-13,Houston Rockets,Boston Celtics,111.0,109.0,2023,2.0,220.0
401469180,2023-03-13,Golden State Warriors,Phoenix Suns,123.0,112.0,2023,11.0,235.0
401469181,2023-03-13,Sacramento Kings,Milwaukee Bucks,124.0,133.0,2023,-9.0,257.0
401469169,2023-03-12,Denver Nuggets,Brooklyn Nets,120.0,122.0,2023,-2.0,242.0
401469170,2023-03-12,Charlotte Hornets,Cleveland Cavaliers,108.0,114.0,2023,-6.0,222.0
401469171,2023-03-12,Philadelphia 76ers,Washington Wizards,112.0,93.0,2023,19.0,205.0
401469172,2023-03-12,New Orleans Pelicans,Portland Trail Blazers,127.0,110.0,2023,17.0,237.0
401469173,2023-03-12,San Antonio Spurs,Oklahoma City Thunder,90.0,102.0,2023,-12.0,192.0
401469174,2023-03-12,Los Angeles Lakers,New York Knicks,108.0,112.0,2023,-4.0,220.0
401469159,2023-03-11,LA Clippers,New York Knicks,106.0,95.0,2023,11.0,201.0
401469160,2023-03-11,Charlotte Hornets,Utah Jazz,111.0,119.0,2023,-8.0,230.0
401469161,2023-03-11,Detroit Pistons,Indiana Pacers,115.0,121.0,2023,-6.0,236.0
401469162,2023-03-11,Orlando Magic,Miami Heat,126.0,114.0,2023,12.0,240.0
401469163,2023-03-11,Atlanta Hawks,Boston Celtics,125.0,134.0,2023,-9.0,259.0
401469164,2023-03-11,Houston Rockets,Chicago Bulls,111.0,119.0,2023,-8.0,230.0
401469165,2023-03-11,Memphis Grizzlies,Dallas Mavericks,112.0,108.0,2023,4.0,220.0
401469166,2023-03-11,New Orleans Pelicans,Oklahoma City Thunder,96.0,110.0,2023,-14.0,206.0
401469167,2023-03-11,Golden State Warriors,Milwaukee Bucks,125.0,116.0,2023,9.0,241.0
401469168,2023-03-11,Phoenix Suns,Sacramento Kings,119.0,128.0,2023,-9.0,247.0
401469153,2023-03-10,Philadelphia 76ers,Portland Trail Blazers,120.0,119.0,2023,1.0,239.0
401469154,2023-03-10,Washington Wizards,Atlanta Hawks,107.0,114.0,2023,-7.0,221.0
401469155,2023-03-10,Miami Heat,Cleveland Cavaliers,119.0,115.0,2023,4.0,234.0
401469156,2023-03-10,Minnesota Timberwolves,Brooklyn Nets,123.0,124.0,2023,-1.0,247.0
401469157,2023-03-10,San Antonio Spurs,Denver Nuggets,128.0,120.0,2023,8.0,248.0
401469158,2023-03-10,Los Angeles Lakers,Toronto Raptors,122.0,112.0,2023,10.0,234.0
401469147,2023-03-09,Detroit Pistons,Charlotte Hornets,103.0,113.0,2023,-10.0,216.0
401469148,2023-03-09,Indiana Pacers,Houston Rockets,134.0,125.0,2023,9.0,259.0
401469149,2023-03-09,Orlando Magic,Utah Jazz,124.0,131.0,2023,-7.0,255.0
401469151,2023-03-09,Memphis Grizzlies,Golden State Warriors,131.0,110.0,2023,21.0,241.0
401469150,2023-03-09,Milwaukee Bucks,Brooklyn Nets,118.0,113.0,2023,5.0,231.0
401469152,2023-03-09,Sacramento Kings,New York Knicks,122.0,117.0,2023,5.0,239.0
401469140,2023-03-08,Washington Wizards,Atlanta Hawks,120.0,122.0,2023,-2.0,242.0
401469141,2023-03-08,Boston Celtics,Portland Trail Blazers,115.0,93.0,2023,22.0,208.0
401469142,2023-03-08,Miami Heat,Cleveland Cavaliers,100.0,104.0,2023,-4.0,204.0
401469143,2023-03-08,New Orleans Pelicans,Dallas Mavericks,113.0,106.0,2023,7.0,219.0
401469144,2023-03-08,Denver Nuggets,Chicago Bulls,96.0,117.0,2023,-21.0,213.0
401469145,2023-03-08,Phoenix Suns,Oklahoma City Thunder,132.0,101.0,2023,31.0,233.0
401469146,2023-03-08,LA Clippers,Toronto Raptors,108.0,100.0,2023,8.0,208.0
401469133,2023-03-07,Orlando Magic,Milwaukee Bucks,123.0,134.0,2023,-11.0,257.0
401526670,2023-03-07,Detroit Pistons,Washington Wizards,117.0,119.0,2023,-2.0,236.0
401469134,2023-03-07,New York Knicks,Charlotte Hornets,105.0,112.0,2023,-7.0,217.0
401469135,2023-03-07,Minnesota Timberwolves,Philadelphia 76ers,94.0,117.0,2023,-23.0,211.0
401469136,2023-03-07,Houston Rockets,Brooklyn Nets,96.0,118.0,2023,-22.0,214.0
401469137,2023-03-07,Oklahoma City Thunder,Golden State Warriors,137.0,128.0,2023,9.0,265.0
401469138,2023-03-07,Dallas Mavericks,Utah Jazz,120.0,116.0,2023,4.0,236.0
401469139,2023-03-07,Los Angeles Lakers,Memphis Grizzlies,112.0,103.0,2023,9.0,215.0
401469126,2023-03-06,Cleveland Cavaliers,Boston Celtics,118.0,114.0,2023,4.0,232.0
401469127,2023-03-06,Indiana Pacers,Philadelphia 76ers,143.0,147.0,2023,-4.0,290.0
401469132,2023-03-06,Detroit Pistons,Portland Trail Blazers,104.0,110.0,2023,-6.0,214.0
401469129,2023-03-06,Miami Heat,Atlanta Hawks,130.0,128.0,2023,2.0,258.0
401469130,2023-03-06,Denver Nuggets,Toronto Raptors,118.0,113.0,2023,5.0,231.0
401469131,2023-03-06,Sacramento Kings,New Orleans Pelicans,123.0,108.0,2023,15.0,231.0
401469117,2023-03-05,Dallas Mavericks,Phoenix Suns,126.0,130.0,2023,-4.0,256.0
401469118,2023-03-05,Chicago Bulls,Indiana Pacers,122.0,125.0,2023,-3.0,247.0
401469119,2023-03-05,Los Angeles Lakers,Golden State Warriors,113.0,105.0,2023,8.0,218.0
401469120,2023-03-05,Brooklyn Nets,Charlotte Hornets,102.0,86.0,2023,16.0,188.0
401469121,2023-03-05,Orlando Magic,Portland Trail Blazers,119.0,122.0,2023,-3.0,241.0
401469122,2023-03-05,Houston Rockets,San Antonio Spurs,142.0,110.0,2023,32.0,252.0
401469123,2023-03-05,Oklahoma City Thunder,Utah Jazz,129.0,119.0,2023,10.0,248.0
401469124,2023-03-05,Boston Celtics,New York Knicks,129.0,131.0,2023,-2.0,260.0
401469128,2023-03-05,Washington Wizards,Milwaukee Bucks,111.0,117.0,2023,-6.0,228.0
401469125,2023-03-05,LA Clippers,Memphis Grizzlies,135.0,129.0,2023,6.0,264.0
401469111,2023-03-04,Washington Wizards,Toronto Raptors,109.0,116.0,2023,-7.0,225.0
401469112,2023-03-04,Cleveland Cavaliers,Detroit Pistons,114.0,90.0,2023,24.0,204.0
401469113,2023-03-04,Miami Heat,Atlanta Hawks,117.0,109.0,2023,8.0,226.0
401469114,2023-03-04,San Antonio Spurs,Houston Rockets,110.0,122.0,2023,-12.0,232.0
401469115,2023-03-04,Milwaukee Bucks,Philadelphia 76ers,130.0,133.0,2023,-3.0,263.0
401469116,2023-03-04,Sacramento Kings,Minnesota Timberwolves,134.0,138.0,2023,-4.0,272.0
401469101,2023-03-03,Charlotte Hornets,Orlando Magic,106.0,117.0,2023,-11.0,223.0
401469102,2023-03-03,Atlanta Hawks,Portland Trail Blazers,129.0,111.0,2023,18.0,240.0
401469103,2023-03-03,Boston Celtics,Brooklyn Nets,105.0,115.0,2023,-10.0,220.0
401469104,2023-03-03,Miami Heat,New York Knicks,120.0,122.0,2023,-2.0,242.0
401469105,2023-03-03,Chicago Bulls,Phoenix Suns,104.0,125.0,2023,-21.0,229.0
401469106,2023-03-03,Oklahoma City Thunder,Utah Jazz,130.0,103.0,2023,27.0,233.0
401469107,2023-03-03,Denver Nuggets,Memphis Grizzlies,113.0,97.0,2023,16.0,210.0
401469108,2023-03-03,Golden State Warriors,New Orleans Pelicans,108.0,99.0,2023,9.0,207.0
401469109,2023-03-03,Sacramento Kings,LA Clippers,128.0,127.0,2023,1.0,255.0
401469110,2023-03-03,Los Angeles Lakers,Minnesota Timberwolves,102.0,110.0,2023,-8.0,212.0
401469097,2023-03-02,Washington Wizards,Toronto Raptors,119.0,108.0,2023,11.0,227.0
401469098,2023-03-02,Dallas Mavericks,Philadelphia 76ers,133.0,126.0,2023,7.0,259.0
401469099,2023-03-02,San Antonio Spurs,Indiana Pacers,110.0,99.0,2023,11.0,209.0
401469100,2023-03-02,Golden State Warriors,LA Clippers,115.0,91.0,2023,24.0,206.0
401469088,2023-03-01,Charlotte Hornets,Phoenix Suns,91.0,105.0,2023,-14.0,196.0
401469089,2023-03-01,Detroit Pistons,Chicago Bulls,115.0,117.0,2023,-2.0,232.0
401469090,2023-03-01,Boston Celtics,Cleveland Cavaliers,117.0,113.0,2023,4.0,230.0
401469091,2023-03-01,Miami Heat,Philadelphia 76ers,96.0,119.0,2023,-23.0,215.0
401469092,2023-03-01,New York Knicks,Brooklyn Nets,142.0,118.0,2023,24.0,260.0
401469093,2023-03-01,Houston Rockets,Memphis Grizzlies,99.0,113.0,2023,-14.0,212.0
401469094,2023-03-01,Milwaukee Bucks,Orlando Magic,139.0,117.0,2023,22.0,256.0
401469095,2023-03-01,Oklahoma City Thunder,Los Angeles Lakers,117.0,123.0,2023,-6.0,240.0
401469096,2023-03-01,Portland Trail Blazers,New Orleans Pelicans,110.0,121.0,2023,-11.0,231.0
401469078,2023-02-28,Atlanta Hawks,Washington Wizards,116.0,119.0,2023,-3.0,235.0
401469079,2023-02-28,Brooklyn Nets,Milwaukee Bucks,104.0,118.0,2023,-14.0,222.0
401469080,2023-02-28,Toronto Raptors,Chicago Bulls,104.0,98.0,2023,6.0,202.0
401469082,2023-02-28,Memphis Grizzlies,Los Angeles Lakers,121.0,109.0,2023,12.0,230.0
401469081,2023-02-28,Houston Rockets,Denver Nuggets,112.0,133.0,2023,-21.0,245.0
401469083,2023-02-28,Oklahoma City Thunder,Sacramento Kings,117.0,123.0,2023,-6.0,240.0
401469084,2023-02-28,Dallas Mavericks,Indiana Pacers,122.0,124.0,2023,-2.0,246.0
401469085,2023-02-28,Utah Jazz,San Antonio Spurs,94.0,102.0,2023,-8.0,196.0
401469086,2023-02-28,Golden State Warriors,Portland Trail Blazers,123.0,105.0,2023,18.0,228.0
401469087,2023-02-28,LA Clippers,Minnesota Timberwolves,101.0,108.0,2023,-7.0,209.0
401469074,2023-02-27,Charlotte Hornets,Detroit Pistons,117.0,106.0,2023,11.0,223.0
401469075,2023-02-27,Philadelphia 76ers,Miami Heat,99.0,101.0,2023,-2.0,200.0
401469076,2023-02-27,New York Knicks,Boston Celtics,109.0,94.0,2023,15.0,203.0
401469077,2023-02-27,New Orleans Pelicans,Orlando Magic,93.0,101.0,2023,-8.0,194.0
401469065,2023-02-26,Milwaukee Bucks,Phoenix Suns,104.0,101.0,2023,3.0,205.0
401469066,2023-02-26,Atlanta Hawks,Brooklyn Nets,129.0,127.0,2023,2.0,256.0
401469067,2023-02-26,Chicago Bulls,Washington Wizards,102.0,82.0,2023,20.0,184.0
401469068,2023-02-26,Dallas Mavericks,Los Angeles Lakers,108.0,111.0,2023,-3.0,219.0
401469069,2023-02-26,Cleveland Cavaliers,Toronto Raptors,118.0,93.0,2023,25.0,211.0
401469070,2023-02-26,Oklahoma City Thunder,Sacramento Kings,115.0,124.0,2023,-9.0,239.0
401469071,2023-02-26,Golden State Warriors,Minnesota Timberwolves,109.0,104.0,2023,5.0,213.0
401469072,2023-02-26,Portland Trail Blazers,Houston Rockets,131.0,114.0,2023,17.0,245.0
401469073,2023-02-26,Denver Nuggets,LA Clippers,134.0,124.0,2023,10.0,258.0
401469058,2023-02-25,Detroit Pistons,Toronto Raptors,91.0,95.0,2023,-4.0,186.0
401469059,2023-02-25,Charlotte Hornets,Miami Heat,108.0,103.0,2023,5.0,211.0
401469060,2023-02-25,Orlando Magic,Indiana Pacers,108.0,121.0,2023,-13.0,229.0
401469061,2023-02-25,New York Knicks,New Orleans Pelicans,128.0,106.0,2023,22.0,234.0
401469062,2023-02-25,Memphis Grizzlies,Denver Nuggets,112.0,94.0,2023,18.0,206.0
401469063,2023-02-25,Philadelphia 76ers,Boston Celtics,107.0,110.0,2023,-3.0,217.0
401469064,2023-02-25,Utah Jazz,San Antonio Spurs,118.0,102.0,2023,16.0,220.0
401469050,2023-02-24,Washington Wizards,New York Knicks,109.0,115.0,2023,-6.0,224.0
401469051,2023-02-24,Atlanta Hawks,Cleveland Cavaliers,136.0,119.0,2023,17.0,255.0
401469052,2023-02-24,Milwaukee Bucks,Miami Heat,128.0,99.0,2023,29.0,227.0
401469053,2023-02-24,Minnesota Timberwolves,Charlotte Hornets,113.0,121.0,2023,-8.0,234.0
401469055,2023-02-24,Chicago Bulls,Brooklyn Nets,131.0,87.0,2023,44.0,218.0
401469054,2023-02-24,Phoenix Suns,Oklahoma City Thunder,124.0,115.0,2023,9.0,239.0
401469056,2023-02-24,Golden State Warriors,Houston Rockets,116.0,101.0,2023,15.0,217.0
401469057,2023-02-24,LA Clippers,Sacramento Kings,175.0,176.0,2023,-1.0,351.0
401469041,2023-02-23,Cleveland Cavaliers,Denver Nuggets,109.0,115.0,2023,-6.0,224.0
401469042,2023-02-23,Indiana Pacers,Boston Celtics,138.0,142.0,2023,-4.0,280.0
401469043,2023-02-23,Orlando Magic,Detroit Pistons,108.0,106.0,2023,2.0,214.0
401469044,2023-02-23,Philadelphia 76ers,Memphis Grizzlies,110.0,105.0,2023,5.0,215.0
401469045,2023-02-23,Toronto Raptors,New Orleans Pelicans,115.0,110.0,2023,5.0,225.0
401469046,2023-02-23,Dallas Mavericks,San Antonio Spurs,142.0,116.0,2023,26.0,258.0
401469047,2023-02-23,Utah Jazz,Oklahoma City Thunder,120.0,119.0,2023,1.0,239.0
401469048,2023-02-23,Los Angeles Lakers,Golden State Warriors,124.0,111.0,2023,13.0,235.0
401469049,2023-02-23,Sacramento Kings,Portland Trail Blazers,133.0,116.0,2023,17.0,249.0
401524696,2023-02-19,Team LeBron,Team Giannis,175.0,184.0,2023,-9.0,359.0
401469038,2023-02-16,Chicago Bulls,Milwaukee Bucks,100.0,112.0,2023,-12.0,212.0
401469039,2023-02-16,Minnesota Timberwolves,Washington Wizards,106.0,114.0,2023,-8.0,220.0
401469040,2023-02-16,Phoenix Suns,LA Clippers,107.0,116.0,2023,-9.0,223.0
401469028,2023-02-15,Charlotte Hornets,San Antonio Spurs,120.0,110.0,2023,10.0,230.0
401469029,2023-02-15,Indiana Pacers,Chicago Bulls,117.0,113.0,2023,4.0,230.0
401469030,2023-02-15,Philadelphia 76ers,Cleveland Cavaliers,118.0,112.0,2023,6.0,230.0
401469031,2023-02-15,Atlanta Hawks,New York Knicks,101.0,122.0,2023,-21.0,223.0
401469032,2023-02-15,Boston Celtics,Detroit Pistons,127.0,109.0,2023,18.0,236.0
401469033,2023-02-15,Brooklyn Nets,Miami Heat,116.0,105.0,2023,11.0,221.0
401469034,2023-02-15,Memphis Grizzlies,Utah Jazz,117.0,111.0,2023,6.0,228.0
401469035,2023-02-15,Oklahoma City Thunder,Houston Rockets,133.0,96.0,2023,37.0,229.0
401469036,2023-02-15,Denver Nuggets,Dallas Mavericks,118.0,109.0,2023,9.0,227.0
401469037,2023-02-15,Los Angeles Lakers,New Orleans Pelicans,120.0,102.0,2023,18.0,222.0
401469023,2023-02-14,Toronto Raptors,Orlando Magic,123.0,113.0,2023,10.0,236.0
401469024,2023-02-14,Milwaukee Bucks,Boston Celtics,131.0,125.0,2023,6.0,256.0
401469025,2023-02-14,Phoenix Suns,Sacramento Kings,120.0,109.0,2023,11.0,229.0
401469026,2023-02-14,LA Clippers,Golden State Warriors,134.0,124.0,2023,10.0,258.0
401469027,2023-02-14,Portland Trail Blazers,Washington Wizards,101.0,126.0,2023,-25.0,227.0
401469012,2023-02-13,Charlotte Hornets,Atlanta Hawks,144.0,138.0,2023,6.0,282.0
401469013,2023-02-13,Cleveland Cavaliers,San Antonio Spurs,117.0,109.0,2023,8.0,226.0
401469014,2023-02-13,Indiana Pacers,Utah Jazz,117.0,123.0,2023,-6.0,240.0
401469015,2023-02-13,Philadelphia 76ers,Houston Rockets,123.0,104.0,2023,19.0,227.0
401469016,2023-02-13,Miami Heat,Denver Nuggets,108.0,112.0,2023,-4.0,220.0
401469017,2023-02-13,New York Knicks,Brooklyn Nets,124.0,106.0,2023,18.0,230.0
401469018,2023-02-13,Chicago Bulls,Orlando Magic,91.0,100.0,2023,-9.0,191.0
401469019,2023-02-13,Oklahoma City Thunder,New Orleans Pelicans,100.0,103.0,2023,-3.0,203.0
401469020,2023-02-13,Dallas Mavericks,Minnesota Timberwolves,121.0,124.0,2023,-3.0,245.0
401469021,2023-02-13,Golden State Warriors,Washington Wizards,135.0,126.0,2023,9.0,261.0
401469022,2023-02-13,Portland Trail Blazers,Los Angeles Lakers,127.0,115.0,2023,12.0,242.0
401469010,2023-02-12,Boston Celtics,Memphis Grizzlies,119.0,109.0,2023,10.0,228.0
401469011,2023-02-12,Toronto Raptors,Detroit Pistons,119.0,118.0,2023,1.0,237.0
401469001,2023-02-11,Brooklyn Nets,Philadelphia 76ers,98.0,101.0,2023,-3.0,199.0
401469002,2023-02-11,Charlotte Hornets,Denver Nuggets,105.0,119.0,2023,-14.0,224.0
401469003,2023-02-11,Orlando Magic,Miami Heat,103.0,107.0,2023,-4.0,210.0
401469004,2023-02-11,Washington Wizards,Indiana Pacers,127.0,113.0,2023,14.0,240.0
401469005,2023-02-11,Atlanta Hawks,San Antonio Spurs,125.0,106.0,2023,19.0,231.0
401469006,2023-02-11,New York Knicks,Utah Jazz,126.0,120.0,2023,6.0,246.0
401469007,2023-02-11,Cleveland Cavaliers,Chicago Bulls,97.0,89.0,2023,8.0,186.0
401469008,2023-02-11,Golden State Warriors,Los Angeles Lakers,103.0,109.0,2023,-6.0,212.0
401469009,2023-02-11,Sacramento Kings,Dallas Mavericks,133.0,128.0,2023,5.0,261.0
401468990,2023-02-10,Detroit Pistons,San Antonio Spurs,138.0,131.0,2023,7.0,269.0
401468991,2023-02-10,Indiana Pacers,Phoenix Suns,104.0,117.0,2023,-13.0,221.0
401468992,2023-02-10,Philadelphia 76ers,New York Knicks,119.0,108.0,2023,11.0,227.0
401468993,2023-02-10,Boston Celtics,Charlotte Hornets,127.0,116.0,2023,11.0,243.0
401468994,2023-02-10,Toronto Raptors,Utah Jazz,116.0,122.0,2023,-6.0,238.0
401468995,2023-02-10,Miami Heat,Houston Rockets,97.0,95.0,2023,2.0,192.0
401468996,2023-02-10,Memphis Grizzlies,Minnesota Timberwolves,128.0,107.0,2023,21.0,235.0
401468997,2023-02-10,New Orleans Pelicans,Cleveland Cavaliers,107.0,118.0,2023,-11.0,225.0
401468998,2023-02-10,Portland Trail Blazers,Oklahoma City Thunder,129.0,138.0,2023,-9.0,267.0
401468999,2023-02-10,Sacramento Kings,Dallas Mavericks,114.0,122.0,2023,-8.0,236.0
401469000,2023-02-10,LA Clippers,Milwaukee Bucks,106.0,119.0,2023,-13.0,225.0
401468986,2023-02-09,Orlando Magic,Denver Nuggets,115.0,104.0,2023,11.0,219.0
401468987,2023-02-09,Atlanta Hawks,Phoenix Suns,116.0,107.0,2023,9.0,223.0
401468988,2023-02-09,Brooklyn Nets,Chicago Bulls,116.0,105.0,2023,11.0,221.0
401468989,2023-02-09,Los Angeles Lakers,Milwaukee Bucks,106.0,115.0,2023,-9.0,221.0
401468977,2023-02-08,Cleveland Cavaliers,Detroit Pistons,113.0,85.0,2023,28.0,198.0
401468978,2023-02-08,Washington Wizards,Charlotte Hornets,118.0,104.0,2023,14.0,222.0
401468979,2023-02-08,Boston Celtics,Philadelphia 76ers,106.0,99.0,2023,7.0,205.0
401468980,2023-02-08,Miami Heat,Indiana Pacers,116.0,111.0,2023,5.0,227.0
401468981,2023-02-08,Toronto Raptors,San Antonio Spurs,112.0,98.0,2023,14.0,210.0
401468982,2023-02-08,Houston Rockets,Sacramento Kings,128.0,130.0,2023,-2.0,258.0
401468983,2023-02-08,Utah Jazz,Minnesota Timberwolves,118.0,143.0,2023,-25.0,261.0
401468984,2023-02-08,LA Clippers,Dallas Mavericks,104.0,110.0,2023,-6.0,214.0
401468985,2023-02-08,Portland Trail Blazers,Golden State Warriors,125.0,122.0,2023,3.0,247.0
401468971,2023-02-07,Orlando Magic,New York Knicks,98.0,102.0,2023,-4.0,200.0
401468972,2023-02-07,Brooklyn Nets,Phoenix Suns,112.0,116.0,2023,-4.0,228.0
401468973,2023-02-07,New Orleans Pelicans,Atlanta Hawks,116.0,107.0,2023,9.0,223.0
401468974,2023-02-07,Memphis Grizzlies,Chicago Bulls,104.0,89.0,2023,15.0,193.0
401468975,2023-02-07,Denver Nuggets,Minnesota Timberwolves,146.0,112.0,2023,34.0,258.0
401468976,2023-02-07,Los Angeles Lakers,Oklahoma City Thunder,130.0,133.0,2023,-3.0,263.0
401468963,2023-02-06,Detroit Pistons,Boston Celtics,99.0,111.0,2023,-12.0,210.0
401468964,2023-02-06,Washington Wizards,Cleveland Cavaliers,91.0,114.0,2023,-23.0,205.0
401468965,2023-02-06,Brooklyn Nets,LA Clippers,116.0,124.0,2023,-8.0,240.0
401468966,2023-02-06,Chicago Bulls,San Antonio Spurs,128.0,104.0,2023,24.0,232.0
401468967,2023-02-06,Houston Rockets,Sacramento Kings,120.0,140.0,2023,-20.0,260.0
401468968,2023-02-06,Utah Jazz,Dallas Mavericks,111.0,124.0,2023,-13.0,235.0
401468969,2023-02-06,Golden State Warriors,Oklahoma City Thunder,141.0,114.0,2023,27.0,255.0
401468970,2023-02-06,Portland Trail Blazers,Milwaukee Bucks,108.0,127.0,2023,-19.0,235.0
401468957,2023-02-05,Charlotte Hornets,Orlando Magic,113.0,119.0,2023,-6.0,232.0
401468958,2023-02-05,Indiana Pacers,Cleveland Cavaliers,103.0,122.0,2023,-19.0,225.0
401468959,2023-02-05,New York Knicks,Philadelphia 76ers,108.0,97.0,2023,11.0,205.0
401468960,2023-02-05,Memphis Grizzlies,Toronto Raptors,103.0,106.0,2023,-3.0,209.0
401468961,2023-02-05,Minnesota Timberwolves,Denver Nuggets,128.0,98.0,2023,30.0,226.0
401468962,2023-02-05,New Orleans Pelicans,Sacramento Kings,136.0,104.0,2023,32.0,240.0
401468948,2023-02-04,Brooklyn Nets,Washington Wizards,125.0,123.0,2023,2.0,248.0
401468953,2023-02-04,New Orleans Pelicans,Los Angeles Lakers,131.0,126.0,2023,5.0,257.0
401468949,2023-02-04,Detroit Pistons,Phoenix Suns,100.0,116.0,2023,-16.0,216.0
401468950,2023-02-04,New York Knicks,LA Clippers,128.0,134.0,2023,-6.0,262.0
401468951,2023-02-04,Chicago Bulls,Portland Trail Blazers,129.0,121.0,2023,8.0,250.0
401468952,2023-02-04,Milwaukee Bucks,Miami Heat,123.0,115.0,2023,8.0,238.0
401468954,2023-02-04,Oklahoma City Thunder,Houston Rockets,153.0,121.0,2023,32.0,274.0
401468955,2023-02-04,Golden State Warriors,Dallas Mavericks,119.0,113.0,2023,6.0,232.0
401468956,2023-02-04,Denver Nuggets,Atlanta Hawks,128.0,108.0,2023,20.0,236.0
401468940,2023-02-03,Detroit Pistons,Charlotte Hornets,118.0,112.0,2023,6.0,230.0
401468941,2023-02-03,Indiana Pacers,Sacramento Kings,107.0,104.0,2023,3.0,211.0
401468942,2023-02-03,Washington Wizards,Portland Trail Blazers,116.0,124.0,2023,-8.0,240.0
401468943,2023-02-03,Boston Celtics,Phoenix Suns,94.0,106.0,2023,-12.0,200.0
401468944,2023-02-03,Houston Rockets,Toronto Raptors,111.0,117.0,2023,-6.0,228.0
401468945,2023-02-03,Minnesota Timberwolves,Orlando Magic,120.0,127.0,2023,-7.0,247.0
401468946,2023-02-03,San Antonio Spurs,Philadelphia 76ers,125.0,137.0,2023,-12.0,262.0
401468947,2023-02-03,Utah Jazz,Atlanta Hawks,108.0,115.0,2023,-7.0,223.0
401468933,2023-02-02,Indiana Pacers,Los Angeles Lakers,111.0,112.0,2023,-1.0,223.0
401468934,2023-02-02,Cleveland Cavaliers,Memphis Grizzlies,128.0,113.0,2023,15.0,241.0
401468935,2023-02-02,New York Knicks,Miami Heat,106.0,104.0,2023,2.0,210.0
401468936,2023-02-02,Chicago Bulls,Charlotte Hornets,114.0,98.0,2023,16.0,212.0
401468937,2023-02-02,Dallas Mavericks,New Orleans Pelicans,111.0,106.0,2023,5.0,217.0
401468938,2023-02-02,Denver Nuggets,Golden State Warriors,134.0,117.0,2023,17.0,251.0
401468939,2023-02-02,Milwaukee Bucks,LA Clippers,106.0,105.0,2023,1.0,211.0
401468925,2023-02-01,Philadelphia 76ers,Orlando Magic,105.0,94.0,2023,11.0,199.0
401468926,2023-02-01,Memphis Grizzlies,Portland Trail Blazers,112.0,122.0,2023,-10.0,234.0
401468927,2023-02-01,Boston Celtics,Brooklyn Nets,139.0,96.0,2023,43.0,235.0
401468928,2023-02-01,Houston Rockets,Oklahoma City Thunder,112.0,106.0,2023,6.0,218.0
401468929,2023-02-01,Minnesota Timberwolves,Golden State Warriors,119.0,114.0,2023,5.0,233.0
401468930,2023-02-01,San Antonio Spurs,Sacramento Kings,109.0,119.0,2023,-10.0,228.0
401468931,2023-02-01,Utah Jazz,Toronto Raptors,131.0,128.0,2023,3.0,259.0
401468932,2023-02-01,Phoenix Suns,Atlanta Hawks,100.0,132.0,2023,-32.0,232.0
401468919,2023-01-31,Cleveland Cavaliers,Miami Heat,97.0,100.0,2023,-3.0,197.0
401468920,2023-01-31,New York Knicks,Los Angeles Lakers,123.0,129.0,2023,-6.0,252.0
401468921,2023-01-31,Chicago Bulls,LA Clippers,103.0,108.0,2023,-5.0,211.0
401468922,2023-01-31,Milwaukee Bucks,Charlotte Hornets,124.0,115.0,2023,9.0,239.0
401468923,2023-01-31,Denver Nuggets,New Orleans Pelicans,122.0,113.0,2023,9.0,235.0
401468911,2023-01-30,Philadelphia 76ers,Orlando Magic,109.0,119.0,2023,-10.0,228.0
401468912,2023-01-30,Brooklyn Nets,Los Angeles Lakers,121.0,104.0,2023,17.0,225.0
401468913,2023-01-30,Minnesota Timberwolves,Sacramento Kings,111.0,118.0,2023,-7.0,229.0
401468914,2023-01-30,Oklahoma City Thunder,Golden State Warriors,120.0,128.0,2023,-8.0,248.0
401468915,2023-01-30,San Antonio Spurs,Washington Wizards,106.0,127.0,2023,-21.0,233.0
401468916,2023-01-30,Dallas Mavericks,Detroit Pistons,111.0,105.0,2023,6.0,216.0
401468917,2023-01-30,Phoenix Suns,Toronto Raptors,114.0,106.0,2023,8.0,220.0
401468918,2023-01-30,Portland Trail Blazers,Atlanta Hawks,129.0,125.0,2023,4.0,254.0
401468907,2023-01-29,Charlotte Hornets,Miami Heat,122.0,117.0,2023,5.0,239.0
401468908,2023-01-29,Memphis Grizzlies,Indiana Pacers,112.0,100.0,2023,12.0,212.0
401468909,2023-01-29,Cleveland Cavaliers,LA Clippers,122.0,99.0,2023,23.0,221.0
401468910,2023-01-29,Milwaukee Bucks,New Orleans Pelicans,135.0,110.0,2023,25.0,245.0
401468896,2023-01-28,Philadelphia 76ers,Denver Nuggets,126.0,119.0,2023,7.0,245.0
401468897,2023-01-28,Brooklyn Nets,New York Knicks,122.0,115.0,2023,7.0,237.0
401468898,2023-01-28,Detroit Pistons,Houston Rockets,114.0,117.0,2023,-3.0,231.0
401468899,2023-01-28,Orlando Magic,Chicago Bulls,109.0,128.0,2023,-19.0,237.0
401468900,2023-01-28,Atlanta Hawks,LA Clippers,113.0,120.0,2023,-7.0,233.0
401468901,2023-01-28,Minnesota Timberwolves,Sacramento Kings,117.0,110.0,2023,7.0,227.0
401468902,2023-01-28,New Orleans Pelicans,Washington Wizards,103.0,113.0,2023,-10.0,216.0
401468903,2023-01-28,San Antonio Spurs,Phoenix Suns,118.0,128.0,2023,-10.0,246.0
401468904,2023-01-28,Boston Celtics,Los Angeles Lakers,125.0,121.0,2023,4.0,246.0
401468905,2023-01-28,Utah Jazz,Dallas Mavericks,108.0,100.0,2023,8.0,208.0
401468906,2023-01-28,Portland Trail Blazers,Toronto Raptors,105.0,123.0,2023,-18.0,228.0
401468891,2023-01-27,Indiana Pacers,Milwaukee Bucks,131.0,141.0,2023,-10.0,272.0
401468892,2023-01-27,Minnesota Timberwolves,Memphis Grizzlies,111.0,100.0,2023,11.0,211.0
401468893,2023-01-27,Miami Heat,Orlando Magic,110.0,105.0,2023,5.0,215.0
401468894,2023-01-27,Oklahoma City Thunder,Cleveland Cavaliers,112.0,100.0,2023,12.0,212.0
401468895,2023-01-27,Golden State Warriors,Toronto Raptors,129.0,117.0,2023,12.0,246.0
401468885,2023-01-26,Boston Celtics,New York Knicks,117.0,120.0,2023,-3.0,237.0
401468886,2023-01-26,Brooklyn Nets,Detroit Pistons,122.0,130.0,2023,-8.0,252.0
401468887,2023-01-26,Charlotte Hornets,Chicago Bulls,111.0,96.0,2023,15.0,207.0
401468888,2023-01-26,Houston Rockets,Cleveland Cavaliers,95.0,113.0,2023,-18.0,208.0
401468889,2023-01-26,Phoenix Suns,Dallas Mavericks,95.0,99.0,2023,-4.0,194.0
401468890,2023-01-26,LA Clippers,San Antonio Spurs,138.0,100.0,2023,38.0,238.0
401468875,2023-01-25,Orlando Magic,Indiana Pacers,126.0,120.0,2023,6.0,246.0
401468876,2023-01-25,Philadelphia 76ers,Brooklyn Nets,137.0,133.0,2023,4.0,270.0
401468877,2023-01-25,Houston Rockets,Washington Wizards,103.0,108.0,2023,-5.0,211.0
401468878,2023-01-25,Milwaukee Bucks,Denver Nuggets,107.0,99.0,2023,8.0,206.0
401468879,2023-01-25,New Orleans Pelicans,Minnesota Timberwolves,102.0,111.0,2023,-9.0,213.0
401468880,2023-01-25,Oklahoma City Thunder,Atlanta Hawks,132.0,137.0,2023,-5.0,269.0
401468881,2023-01-25,Golden State Warriors,Memphis Grizzlies,122.0,120.0,2023,2.0,242.0
401468882,2023-01-25,Portland Trail Blazers,Utah Jazz,134.0,124.0,2023,10.0,258.0
401468883,2023-01-25,Sacramento Kings,Toronto Raptors,95.0,113.0,2023,-18.0,208.0
401468884,2023-01-25,Los Angeles Lakers,San Antonio Spurs,113.0,104.0,2023,9.0,217.0
401468868,2023-01-24,Indiana Pacers,Chicago Bulls,116.0,110.0,2023,6.0,226.0
401468869,2023-01-24,Miami Heat,Boston Celtics,98.0,95.0,2023,3.0,193.0
401468870,2023-01-24,New York Knicks,Cleveland Cavaliers,105.0,103.0,2023,2.0,208.0
401468871,2023-01-24,New Orleans Pelicans,Denver Nuggets,98.0,99.0,2023,-1.0,197.0
401468872,2023-01-24,Dallas Mavericks,Washington Wizards,126.0,127.0,2023,-1.0,253.0
401468873,2023-01-24,Phoenix Suns,Charlotte Hornets,128.0,97.0,2023,31.0,225.0
401468874,2023-01-24,Los Angeles Lakers,LA Clippers,115.0,133.0,2023,-18.0,248.0
401468861,2023-01-23,Detroit Pistons,Milwaukee Bucks,130.0,150.0,2023,-20.0,280.0
401468862,2023-01-23,Orlando Magic,Boston Celtics,113.0,98.0,2023,15.0,211.0
401468863,2023-01-23,Chicago Bulls,Atlanta Hawks,111.0,100.0,2023,11.0,211.0
401468864,2023-01-23,Houston Rockets,Minnesota Timberwolves,119.0,114.0,2023,5.0,233.0
401468865,2023-01-23,Utah Jazz,Charlotte Hornets,120.0,102.0,2023,18.0,222.0
401468866,2023-01-23,Portland Trail Blazers,San Antonio Spurs,147.0,127.0,2023,20.0,274.0
401468867,2023-01-23,Sacramento Kings,Memphis Grizzlies,133.0,100.0,2023,33.0,233.0
401468856,2023-01-22,Dallas Mavericks,LA Clippers,98.0,112.0,2023,-14.0,210.0
401468854,2023-01-22,Miami Heat,New Orleans Pelicans,100.0,96.0,2023,4.0,196.0
401468855,2023-01-22,Toronto Raptors,New York Knicks,125.0,116.0,2023,9.0,241.0
401468857,2023-01-22,Denver Nuggets,Oklahoma City Thunder,99.0,101.0,2023,-2.0,200.0
401468858,2023-01-22,Phoenix Suns,Memphis Grizzlies,112.0,110.0,2023,2.0,222.0
401468859,2023-01-22,Golden State Warriors,Brooklyn Nets,116.0,120.0,2023,-4.0,236.0
401468860,2023-01-22,Portland Trail Blazers,Los Angeles Lakers,112.0,121.0,2023,-9.0,233.0
401468847,2023-01-21,Toronto Raptors,Boston Celtics,104.0,106.0,2023,-2.0,210.0
401468848,2023-01-21,Washington Wizards,Orlando Magic,138.0,118.0,2023,20.0,256.0
401468849,2023-01-21,Atlanta Hawks,Charlotte Hornets,118.0,122.0,2023,-4.0,240.0
401468850,2023-01-21,Cleveland Cavaliers,Milwaukee Bucks,114.0,102.0,2023,12.0,216.0
401468851,2023-01-21,Minnesota Timberwolves,Houston Rockets,113.0,104.0,2023,9.0,217.0
401468852,2023-01-21,Phoenix Suns,Indiana Pacers,112.0,107.0,2023,5.0,219.0
401468853,2023-01-21,Sacramento Kings,Philadelphia 76ers,127.0,129.0,2023,-2.0,256.0
401468838,2023-01-20,Orlando Magic,New Orleans Pelicans,123.0,110.0,2023,13.0,233.0
401468839,2023-01-20,Atlanta Hawks,New York Knicks,139.0,124.0,2023,15.0,263.0
401468840,2023-01-20,Cleveland Cavaliers,Golden State Warriors,114.0,120.0,2023,-6.0,234.0
401468841,2023-01-20,Dallas Mavericks,Miami Heat,115.0,90.0,2023,25.0,205.0
401468842,2023-01-20,San Antonio Spurs,LA Clippers,126.0,131.0,2023,-5.0,257.0
401468843,2023-01-20,Denver Nuggets,Indiana Pacers,134.0,111.0,2023,23.0,245.0
401468844,2023-01-20,Utah Jazz,Brooklyn Nets,106.0,117.0,2023,-11.0,223.0
401468845,2023-01-20,Los Angeles Lakers,Memphis Grizzlies,122.0,121.0,2023,1.0,243.0
401468846,2023-01-20,Sacramento Kings,Oklahoma City Thunder,118.0,113.0,2023,5.0,231.0
401468833,2023-01-19,Detroit Pistons,Chicago Bulls,108.0,126.0,2023,-18.0,234.0
401468834,2023-01-19,Boston Celtics,Golden State Warriors,121.0,118.0,2023,3.0,239.0
401468835,2023-01-19,Minnesota Timberwolves,Toronto Raptors,128.0,126.0,2023,2.0,254.0
401468836,2023-01-19,Phoenix Suns,Brooklyn Nets,117.0,112.0,2023,5.0,229.0
401468837,2023-01-19,Portland Trail Blazers,Philadelphia 76ers,95.0,105.0,2023,-10.0,200.0
401468824,2023-01-18,New York Knicks,Washington Wizards,105.0,116.0,2023,-11.0,221.0
401468825,2023-01-18,Dallas Mavericks,Atlanta Hawks,122.0,130.0,2023,-8.0,252.0
401468826,2023-01-18,Houston Rockets,Charlotte Hornets,117.0,122.0,2023,-5.0,239.0
401468827,2023-01-18,Memphis Grizzlies,Cleveland Cavaliers,115.0,114.0,2023,1.0,229.0
401468828,2023-01-18,New Orleans Pelicans,Miami Heat,98.0,124.0,2023,-26.0,222.0
401468829,2023-01-18,Oklahoma City Thunder,Indiana Pacers,126.0,106.0,2023,20.0,232.0
401468830,2023-01-18,Utah Jazz,LA Clippers,126.0,103.0,2023,23.0,229.0
401468831,2023-01-18,Denver Nuggets,Minnesota Timberwolves,122.0,118.0,2023,4.0,240.0
401468832,2023-01-18,Los Angeles Lakers,Sacramento Kings,111.0,116.0,2023,-5.0,227.0
401468820,2023-01-17,Milwaukee Bucks,Toronto Raptors,130.0,122.0,2023,8.0,252.0
401468821,2023-01-17,San Antonio Spurs,Brooklyn Nets,106.0,98.0,2023,8.0,204.0
401468822,2023-01-17,Denver Nuggets,Portland Trail Blazers,122.0,113.0,2023,9.0,235.0
401468823,2023-01-17,LA Clippers,Philadelphia 76ers,110.0,120.0,2023,-10.0,230.0
401468811,2023-01-16,Charlotte Hornets,Boston Celtics,118.0,130.0,2023,-12.0,248.0
401468812,2023-01-16,Milwaukee Bucks,Indiana Pacers,132.0,119.0,2023,13.0,251.0
401468813,2023-01-16,Cleveland Cavaliers,New Orleans Pelicans,113.0,103.0,2023,10.0,216.0
401468814,2023-01-16,New York Knicks,Toronto Raptors,121.0,123.0,2023,-2.0,244.0
401468815,2023-01-16,Washington Wizards,Golden State Warriors,118.0,127.0,2023,-9.0,245.0
401468816,2023-01-16,Atlanta Hawks,Miami Heat,121.0,113.0,2023,8.0,234.0
401468817,2023-01-16,Minnesota Timberwolves,Utah Jazz,125.0,126.0,2023,-1.0,251.0
401468818,2023-01-16,Memphis Grizzlies,Phoenix Suns,136.0,106.0,2023,30.0,242.0
401468819,2023-01-16,Los Angeles Lakers,Houston Rockets,140.0,132.0,2023,8.0,272.0
401468803,2023-01-15,Detroit Pistons,New York Knicks,104.0,117.0,2023,-13.0,221.0
401468804,2023-01-15,LA Clippers,Houston Rockets,121.0,100.0,2023,21.0,221.0
401468805,2023-01-15,Chicago Bulls,Golden State Warriors,132.0,118.0,2023,14.0,250.0
401468806,2023-01-15,Brooklyn Nets,Oklahoma City Thunder,102.0,112.0,2023,-10.0,214.0
401468807,2023-01-15,San Antonio Spurs,Sacramento Kings,119.0,132.0,2023,-13.0,251.0
401468808,2023-01-15,Denver Nuggets,Orlando Magic,119.0,116.0,2023,3.0,235.0
401468809,2023-01-15,Portland Trail Blazers,Dallas Mavericks,140.0,123.0,2023,17.0,263.0
401468810,2023-01-15,Los Angeles Lakers,Philadelphia 76ers,112.0,113.0,2023,-1.0,225.0
401468796,2023-01-14,Miami Heat,Milwaukee Bucks,111.0,95.0,2023,16.0,206.0
401468797,2023-01-14,Charlotte Hornets,Boston Celtics,106.0,122.0,2023,-16.0,228.0
401468798,2023-01-14,Indiana Pacers,Memphis Grizzlies,112.0,130.0,2023,-18.0,242.0
401468799,2023-01-14,Toronto Raptors,Atlanta Hawks,103.0,114.0,2023,-11.0,217.0
401468800,2023-01-14,Minnesota Timberwolves,Cleveland Cavaliers,110.0,102.0,2023,8.0,212.0
401468801,2023-01-14,Utah Jazz,Philadelphia 76ers,117.0,118.0,2023,-1.0,235.0
401468802,2023-01-14,Portland Trail Blazers,Dallas Mavericks,136.0,119.0,2023,17.0,255.0
401468787,2023-01-13,Detroit Pistons,New Orleans Pelicans,110.0,116.0,2023,-6.0,226.0
401468788,2023-01-13,Indiana Pacers,Atlanta Hawks,111.0,113.0,2023,-2.0,224.0
401468789,2023-01-13,Washington Wizards,New York Knicks,108.0,112.0,2023,-4.0,220.0
401468790,2023-01-13,San Antonio Spurs,Golden State Warriors,113.0,144.0,2023,-31.0,257.0
401468791,2023-01-13,Chicago Bulls,Oklahoma City Thunder,110.0,124.0,2023,-14.0,234.0
401468792,2023-01-13,Minnesota Timberwolves,Phoenix Suns,121.0,116.0,2023,5.0,237.0
401468793,2023-01-13,Utah Jazz,Orlando Magic,112.0,108.0,2023,4.0,220.0
401468794,2023-01-13,LA Clippers,Denver Nuggets,103.0,115.0,2023,-12.0,218.0
401468795,2023-01-13,Sacramento Kings,Houston Rockets,139.0,114.0,2023,25.0,253.0
401468781,2023-01-12,Philadelphia 76ers,Oklahoma City Thunder,114.0,133.0,2023,-19.0,247.0
401468782,2023-01-12,Brooklyn Nets,Boston Celtics,98.0,109.0,2023,-11.0,207.0
401468783,2023-01-12,Miami Heat,Milwaukee Bucks,108.0,102.0,2023,6.0,210.0
401468784,2023-01-12,Toronto Raptors,Charlotte Hornets,124.0,114.0,2023,10.0,238.0
401468785,2023-01-12,Los Angeles Lakers,Dallas Mavericks,115.0,119.0,2023,-4.0,234.0
401468786,2023-01-12,Portland Trail Blazers,Cleveland Cavaliers,113.0,119.0,2023,-6.0,232.0
401468773,2023-01-11,Detroit Pistons,Minnesota Timberwolves,135.0,118.0,2023,17.0,253.0
401468774,2023-01-11,Washington Wizards,Chicago Bulls,100.0,97.0,2023,3.0,197.0
401468775,2023-01-11,Atlanta Hawks,Milwaukee Bucks,105.0,114.0,2023,-9.0,219.0
401468776,2023-01-11,Boston Celtics,New Orleans Pelicans,125.0,114.0,2023,11.0,239.0
401468777,2023-01-11,New York Knicks,Indiana Pacers,119.0,113.0,2023,6.0,232.0
401468778,2023-01-11,Memphis Grizzlies,San Antonio Spurs,135.0,129.0,2023,6.0,264.0
401468779,2023-01-11,Denver Nuggets,Phoenix Suns,126.0,97.0,2023,29.0,223.0
401468780,2023-01-11,Sacramento Kings,Houston Rockets,135.0,115.0,2023,20.0,250.0
401468767,2023-01-10,Philadelphia 76ers,Detroit Pistons,147.0,116.0,2023,31.0,263.0
401468766,2023-01-10,Miami Heat,Oklahoma City Thunder,112.0,111.0,2023,1.0,223.0
401468768,2023-01-10,Toronto Raptors,Charlotte Hornets,132.0,120.0,2023,12.0,252.0
401468769,2023-01-10,Utah Jazz,Cleveland Cavaliers,116.0,114.0,2023,2.0,230.0
401468770,2023-01-10,Golden State Warriors,Phoenix Suns,113.0,125.0,2023,-12.0,238.0
401468771,2023-01-10,Portland Trail Blazers,Orlando Magic,106.0,109.0,2023,-3.0,215.0
401468772,2023-01-10,LA Clippers,Dallas Mavericks,113.0,101.0,2023,12.0,214.0
401468760,2023-01-09,Washington Wizards,New Orleans Pelicans,112.0,132.0,2023,-20.0,244.0
401468761,2023-01-09,Boston Celtics,Chicago Bulls,107.0,99.0,2023,8.0,206.0
401468762,2023-01-09,New York Knicks,Milwaukee Bucks,107.0,111.0,2023,-4.0,218.0
401468763,2023-01-09,Memphis Grizzlies,San Antonio Spurs,121.0,113.0,2023,8.0,234.0
401468764,2023-01-09,Denver Nuggets,Los Angeles Lakers,122.0,109.0,2023,13.0,231.0
401468765,2023-01-09,Sacramento Kings,Orlando Magic,136.0,111.0,2023,25.0,247.0
401468751,2023-01-08,Detroit Pistons,Philadelphia 76ers,111.0,123.0,2023,-12.0,234.0
401468752,2023-01-08,Toronto Raptors,Portland Trail Blazers,117.0,105.0,2023,12.0,222.0
401468753,2023-01-08,Indiana Pacers,Charlotte Hornets,116.0,111.0,2023,5.0,227.0
401468754,2023-01-08,Miami Heat,Brooklyn Nets,101.0,102.0,2023,-1.0,203.0
401468755,2023-01-08,Memphis Grizzlies,Utah Jazz,123.0,118.0,2023,5.0,241.0
401468756,2023-01-08,Houston Rockets,Minnesota Timberwolves,96.0,104.0,2023,-8.0,200.0
401468757,2023-01-08,Oklahoma City Thunder,Dallas Mavericks,120.0,109.0,2023,11.0,229.0
401468758,2023-01-08,Phoenix Suns,Cleveland Cavaliers,98.0,112.0,2023,-14.0,210.0
401468759,2023-01-08,LA Clippers,Atlanta Hawks,108.0,112.0,2023,-4.0,220.0
401468746,2023-01-07,San Antonio Spurs,Boston Celtics,116.0,121.0,2023,-5.0,237.0
401468747,2023-01-07,Chicago Bulls,Utah Jazz,126.0,118.0,2023,8.0,244.0
401468748,2023-01-07,Dallas Mavericks,New Orleans Pelicans,127.0,117.0,2023,10.0,244.0
401468749,2023-01-07,Golden State Warriors,Orlando Magic,101.0,115.0,2023,-14.0,216.0
401468750,2023-01-07,Sacramento Kings,Los Angeles Lakers,134.0,136.0,2023,-2.0,270.0
401468735,2023-01-06,Indiana Pacers,Portland Trail Blazers,108.0,99.0,2023,9.0,207.0
401468736,2023-01-06,Philadelphia 76ers,Chicago Bulls,112.0,126.0,2023,-14.0,238.0
401468737,2023-01-06,Toronto Raptors,New York Knicks,108.0,112.0,2023,-4.0,220.0
401468741,2023-01-06,New Orleans Pelicans,Brooklyn Nets,102.0,108.0,2023,-6.0,210.0
401468738,2023-01-06,Milwaukee Bucks,Charlotte Hornets,109.0,138.0,2023,-29.0,247.0
401468739,2023-01-06,Oklahoma City Thunder,Washington Wizards,127.0,110.0,2023,17.0,237.0
401468740,2023-01-06,San Antonio Spurs,Detroit Pistons,121.0,109.0,2023,12.0,230.0
401468742,2023-01-06,Minnesota Timberwolves,LA Clippers,128.0,115.0,2023,13.0,243.0
401468743,2023-01-06,Denver Nuggets,Cleveland Cavaliers,121.0,108.0,2023,13.0,229.0
401468744,2023-01-06,Phoenix Suns,Miami Heat,96.0,104.0,2023,-8.0,200.0
401468745,2023-01-06,Los Angeles Lakers,Atlanta Hawks,130.0,114.0,2023,16.0,244.0
401468731,2023-01-05,Orlando Magic,Memphis Grizzlies,115.0,123.0,2023,-8.0,238.0
401468732,2023-01-05,Dallas Mavericks,Boston Celtics,95.0,124.0,2023,-29.0,219.0
401468733,2023-01-05,Houston Rockets,Utah Jazz,114.0,131.0,2023,-17.0,245.0
401468734,2023-01-05,Denver Nuggets,LA Clippers,122.0,91.0,2023,31.0,213.0
401468719,2023-01-04,Charlotte Hornets,Memphis Grizzlies,107.0,131.0,2023,-24.0,238.0
401468720,2023-01-04,Cleveland Cavaliers,Phoenix Suns,90.0,88.0,2023,2.0,178.0
401468721,2023-01-04,Orlando Magic,Oklahoma City Thunder,126.0,115.0,2023,11.0,241.0
401468722,2023-01-04,Philadelphia 76ers,Indiana Pacers,129.0,126.0,2023,3.0,255.0
401468723,2023-01-04,New York Knicks,San Antonio Spurs,117.0,114.0,2023,3.0,231.0
401468724,2023-01-04,Toronto Raptors,Milwaukee Bucks,101.0,104.0,2023,-3.0,205.0
401468725,2023-01-04,Chicago Bulls,Brooklyn Nets,121.0,112.0,2023,9.0,233.0
401468726,2023-01-04,Minnesota Timberwolves,Portland Trail Blazers,113.0,106.0,2023,7.0,219.0
401468727,2023-01-04,New Orleans Pelicans,Houston Rockets,119.0,108.0,2023,11.0,227.0
401468728,2023-01-04,Golden State Warriors,Detroit Pistons,119.0,122.0,2023,-3.0,241.0
401468729,2023-01-04,Los Angeles Lakers,Miami Heat,112.0,109.0,2023,3.0,221.0
401468730,2023-01-04,Sacramento Kings,Atlanta Hawks,117.0,120.0,2023,-3.0,237.0
401468716,2023-01-03,Milwaukee Bucks,Washington Wizards,123.0,113.0,2023,10.0,236.0
401468717,2023-01-03,Oklahoma City Thunder,Boston Celtics,150.0,117.0,2023,33.0,267.0
401468718,2023-01-03,Utah Jazz,Sacramento Kings,115.0,117.0,2023,-2.0,232.0
401468705,2023-01-02,New York Knicks,Phoenix Suns,102.0,83.0,2023,19.0,185.0
401468706,2023-01-02,Charlotte Hornets,Los Angeles Lakers,115.0,121.0,2023,-6.0,236.0
401468707,2023-01-02,Cleveland Cavaliers,Chicago Bulls,145.0,134.0,2023,11.0,279.0
401468708,2023-01-02,Indiana Pacers,Toronto Raptors,122.0,114.0,2023,8.0,236.0
401468709,2023-01-02,Philadelphia 76ers,New Orleans Pelicans,120.0,111.0,2023,9.0,231.0
401468710,2023-01-02,Brooklyn Nets,San Antonio Spurs,139.0,103.0,2023,36.0,242.0
401468711,2023-01-02,Houston Rockets,Dallas Mavericks,106.0,111.0,2023,-5.0,217.0
401468712,2023-01-02,Minnesota Timberwolves,Denver Nuggets,124.0,111.0,2023,13.0,235.0
401468713,2023-01-02,Golden State Warriors,Atlanta Hawks,143.0,141.0,2023,2.0,284.0
401468714,2023-01-02,Portland Trail Blazers,Detroit Pistons,135.0,106.0,2023,29.0,241.0
401468715,2023-01-02,LA Clippers,Miami Heat,100.0,110.0,2023,-10.0,210.0
401468702,2023-01-01,Memphis Grizzlies,Sacramento Kings,118.0,108.0,2023,10.0,226.0
401468703,2023-01-01,Milwaukee Bucks,Washington Wizards,95.0,118.0,2023,-23.0,213.0
401468704,2023-01-01,Denver Nuggets,Boston Celtics,123.0,111.0,2023,12.0,234.0
401468693,2022-12-31,Indiana Pacers,LA Clippers,131.0,130.0,2023,1.0,261.0
401468694,2022-12-31,Charlotte Hornets,Brooklyn Nets,106.0,123.0,2023,-17.0,229.0
401468695,2022-12-31,Chicago Bulls,Cleveland Cavaliers,102.0,103.0,2023,-1.0,205.0
401468696,2022-12-31,Houston Rockets,New York Knicks,88.0,108.0,2023,-20.0,196.0
401468697,2022-12-31,San Antonio Spurs,Dallas Mavericks,125.0,126.0,2023,-1.0,251.0
401468698,2022-12-31,Memphis Grizzlies,New Orleans Pelicans,116.0,101.0,2023,15.0,217.0
401468699,2022-12-31,Minnesota Timberwolves,Detroit Pistons,104.0,116.0,2023,-12.0,220.0
401468700,2022-12-31,Oklahoma City Thunder,Philadelphia 76ers,96.0,115.0,2023,-19.0,211.0
401468701,2022-12-31,Utah Jazz,Miami Heat,123.0,126.0,2023,-3.0,249.0
401468684,2022-12-30,Orlando Magic,Washington Wizards,100.0,119.0,2023,-19.0,219.0
401468685,2022-12-30,Atlanta Hawks,Los Angeles Lakers,121.0,130.0,2023,-9.0,251.0
401468686,2022-12-30,Toronto Raptors,Phoenix Suns,113.0,104.0,2023,9.0,217.0
401468687,2022-12-30,Chicago Bulls,Detroit Pistons,132.0,118.0,2023,14.0,250.0
401468688,2022-12-30,Milwaukee Bucks,Minnesota Timberwolves,123.0,114.0,2023,9.0,237.0
401468689,2022-12-30,New Orleans Pelicans,Philadelphia 76ers,127.0,116.0,2023,11.0,243.0
401468690,2022-12-30,Denver Nuggets,Miami Heat,124.0,119.0,2023,5.0,243.0
401468691,2022-12-30,Golden State Warriors,Portland Trail Blazers,118.0,112.0,2023,6.0,230.0
401468692,2022-12-30,Sacramento Kings,Utah Jazz,126.0,125.0,2023,1.0,251.0
401468678,2022-12-29,Charlotte Hornets,Oklahoma City Thunder,121.0,113.0,2023,8.0,234.0
401468679,2022-12-29,Indiana Pacers,Cleveland Cavaliers,135.0,126.0,2023,9.0,261.0
401468680,2022-12-29,Boston Celtics,LA Clippers,116.0,110.0,2023,6.0,226.0
401468681,2022-12-29,Toronto Raptors,Memphis Grizzlies,106.0,119.0,2023,-13.0,225.0
401468682,2022-12-29,San Antonio Spurs,New York Knicks,122.0,115.0,2023,7.0,237.0
401468683,2022-12-29,Dallas Mavericks,Houston Rockets,129.0,114.0,2023,15.0,243.0
401468670,2022-12-28,Detroit Pistons,Orlando Magic,121.0,101.0,2023,20.0,222.0
401468671,2022-12-28,Washington Wizards,Phoenix Suns,127.0,102.0,2023,25.0,229.0
401468672,2022-12-28,Atlanta Hawks,Brooklyn Nets,107.0,108.0,2023,-1.0,215.0
401468673,2022-12-28,Miami Heat,Los Angeles Lakers,112.0,98.0,2023,14.0,210.0
401468674,2022-12-28,Chicago Bulls,Milwaukee Bucks,119.0,113.0,2023,6.0,232.0
401468675,2022-12-28,New Orleans Pelicans,Minnesota Timberwolves,119.0,118.0,2023,1.0,237.0
401468676,2022-12-28,Golden State Warriors,Utah Jazz,112.0,107.0,2023,5.0,219.0
401468677,2022-12-28,Sacramento Kings,Denver Nuggets,127.0,126.0,2023,1.0,253.0
401468660,2022-12-27,Orlando Magic,Los Angeles Lakers,110.0,129.0,2023,-19.0,239.0
401468661,2022-12-27,Washington Wizards,Philadelphia 76ers,116.0,111.0,2023,5.0,227.0
401468662,2022-12-27,Boston Celtics,Houston Rockets,126.0,102.0,2023,24.0,228.0
401468663,2022-12-27,Indiana Pacers,Atlanta Hawks,129.0,114.0,2023,15.0,243.0
401468664,2022-12-27,Toronto Raptors,LA Clippers,113.0,124.0,2023,-11.0,237.0
401468665,2022-12-27,Memphis Grizzlies,Phoenix Suns,108.0,125.0,2023,-17.0,233.0
401468666,2022-12-27,Oklahoma City Thunder,San Antonio Spurs,130.0,114.0,2023,16.0,244.0
401468667,2022-12-27,Dallas Mavericks,New York Knicks,126.0,121.0,2023,5.0,247.0
401468668,2022-12-27,Golden State Warriors,Charlotte Hornets,110.0,105.0,2023,5.0,215.0
401468669,2022-12-27,Sacramento Kings,Denver Nuggets,106.0,113.0,2023,-7.0,219.0
401468653,2022-12-26,Cleveland Cavaliers,Brooklyn Nets,117.0,125.0,2023,-8.0,242.0
401468654,2022-12-26,Detroit Pistons,LA Clippers,131.0,142.0,2023,-11.0,273.0
401468655,2022-12-26,Miami Heat,Minnesota Timberwolves,113.0,110.0,2023,3.0,223.0
401468656,2022-12-26,Chicago Bulls,Houston Rockets,118.0,133.0,2023,-15.0,251.0
401468657,2022-12-26,New Orleans Pelicans,Indiana Pacers,113.0,93.0,2023,20.0,206.0
401468658,2022-12-26,San Antonio Spurs,Utah Jazz,126.0,122.0,2023,4.0,248.0
401468659,2022-12-26,Portland Trail Blazers,Charlotte Hornets,124.0,113.0,2023,11.0,237.0
401468648,2022-12-25,New York Knicks,Philadelphia 76ers,112.0,119.0,2023,-7.0,231.0
401468649,2022-12-25,Dallas Mavericks,Los Angeles Lakers,124.0,115.0,2023,9.0,239.0
401468650,2022-12-25,Boston Celtics,Milwaukee Bucks,139.0,118.0,2023,21.0,257.0
401468651,2022-12-25,Golden State Warriors,Memphis Grizzlies,123.0,109.0,2023,14.0,232.0
401468652,2022-12-25,Denver Nuggets,Phoenix Suns,128.0,125.0,2023,3.0,253.0
401468634,2022-12-23,Orlando Magic,San Antonio Spurs,133.0,113.0,2023,20.0,246.0
401468635,2022-12-23,Philadelphia 76ers,LA Clippers,119.0,114.0,2023,5.0,233.0
401468636,2022-12-23,Atlanta Hawks,Detroit Pistons,130.0,105.0,2023,25.0,235.0
401468637,2022-12-23,Boston Celtics,Minnesota Timberwolves,121.0,109.0,2023,12.0,230.0
401468638,2022-12-23,Brooklyn Nets,Milwaukee Bucks,118.0,100.0,2023,18.0,218.0
401468639,2022-12-23,Cleveland Cavaliers,Toronto Raptors,107.0,118.0,2023,-11.0,225.0
401468640,2022-12-23,New York Knicks,Chicago Bulls,117.0,118.0,2023,-1.0,235.0
401468641,2022-12-23,Miami Heat,Indiana Pacers,108.0,111.0,2023,-3.0,219.0
401468642,2022-12-23,Houston Rockets,Dallas Mavericks,106.0,112.0,2023,-6.0,218.0
401468643,2022-12-23,Oklahoma City Thunder,New Orleans Pelicans,125.0,128.0,2023,-3.0,253.0
401468644,2022-12-23,Denver Nuggets,Portland Trail Blazers,120.0,107.0,2023,13.0,227.0
401468645,2022-12-23,Phoenix Suns,Memphis Grizzlies,100.0,125.0,2023,-25.0,225.0
401468646,2022-12-23,Sacramento Kings,Washington Wizards,111.0,125.0,2023,-14.0,236.0
401468647,2022-12-23,Los Angeles Lakers,Charlotte Hornets,130.0,134.0,2023,-4.0,264.0
401468632,2022-12-22,New Orleans Pelicans,San Antonio Spurs,126.0,117.0,2023,9.0,243.0
401468633,2022-12-22,Utah Jazz,Washington Wizards,120.0,112.0,2023,8.0,232.0
401468621,2022-12-21,Cleveland Cavaliers,Milwaukee Bucks,114.0,106.0,2023,8.0,220.0
401468622,2022-12-21,Philadelphia 76ers,Detroit Pistons,113.0,93.0,2023,20.0,206.0
401468623,2022-12-21,Atlanta Hawks,Chicago Bulls,108.0,110.0,2023,-2.0,218.0
401468624,2022-12-21,Boston Celtics,Indiana Pacers,112.0,117.0,2023,-5.0,229.0
401468625,2022-12-21,Brooklyn Nets,Golden State Warriors,143.0,113.0,2023,30.0,256.0
401468626,2022-12-21,New York Knicks,Toronto Raptors,106.0,113.0,2023,-7.0,219.0
401468627,2022-12-21,Houston Rockets,Orlando Magic,110.0,116.0,2023,-6.0,226.0
401468628,2022-12-21,Minnesota Timberwolves,Dallas Mavericks,99.0,104.0,2023,-5.0,203.0
401468629,2022-12-21,Oklahoma City Thunder,Portland Trail Blazers,101.0,98.0,2023,3.0,199.0
401468630,2022-12-21,Sacramento Kings,Los Angeles Lakers,134.0,120.0,2023,14.0,254.0
401468631,2022-12-21,LA Clippers,Charlotte Hornets,126.0,105.0,2023,21.0,231.0
401468616,2022-12-20,Detroit Pistons,Utah Jazz,111.0,126.0,2023,-15.0,237.0
401468617,2022-12-20,Miami Heat,Chicago Bulls,103.0,113.0,2023,-10.0,216.0
401468618,2022-12-20,New York Knicks,Golden State Warriors,132.0,94.0,2023,38.0,226.0
401468619,2022-12-20,Phoenix Suns,Washington Wizards,110.0,113.0,2023,-3.0,223.0
401468620,2022-12-20,Denver Nuggets,Memphis Grizzlies,105.0,91.0,2023,14.0,196.0
401468607,2022-12-19,Cleveland Cavaliers,Utah Jazz,122.0,99.0,2023,23.0,221.0
401468608,2022-12-19,Philadelphia 76ers,Toronto Raptors,104.0,101.0,2023,3.0,205.0
401468609,2022-12-19,Atlanta Hawks,Orlando Magic,126.0,125.0,2023,1.0,251.0
401468610,2022-12-19,Houston Rockets,San Antonio Spurs,105.0,124.0,2023,-19.0,229.0
401468611,2022-12-19,Minnesota Timberwolves,Dallas Mavericks,116.0,106.0,2023,10.0,222.0
401468612,2022-12-19,New Orleans Pelicans,Milwaukee Bucks,119.0,128.0,2023,-9.0,247.0
401468613,2022-12-19,Oklahoma City Thunder,Portland Trail Blazers,123.0,121.0,2023,2.0,244.0
401468614,2022-12-19,Phoenix Suns,Los Angeles Lakers,130.0,104.0,2023,26.0,234.0
401468615,2022-12-19,Sacramento Kings,Charlotte Hornets,119.0,125.0,2023,-6.0,244.0
401468600,2022-12-18,Boston Celtics,Orlando Magic,92.0,95.0,2023,-3.0,187.0
401468601,2022-12-18,Indiana Pacers,New York Knicks,106.0,109.0,2023,-3.0,215.0
401468602,2022-12-18,Detroit Pistons,Brooklyn Nets,121.0,124.0,2023,-3.0,245.0
401468603,2022-12-18,Toronto Raptors,Golden State Warriors,110.0,126.0,2023,-16.0,236.0
401468604,2022-12-18,Minnesota Timberwolves,Chicago Bulls,150.0,126.0,2023,24.0,276.0
401468605,2022-12-18,Denver Nuggets,Charlotte Hornets,119.0,115.0,2023,4.0,234.0
401468606,2022-12-18,Los Angeles Lakers,Washington Wizards,119.0,117.0,2023,2.0,236.0
401468593,2022-12-17,LA Clippers,Washington Wizards,102.0,93.0,2023,9.0,195.0
401468594,2022-12-17,San Antonio Spurs,Miami Heat,101.0,111.0,2023,-10.0,212.0
401468595,2022-12-17,Cleveland Cavaliers,Dallas Mavericks,100.0,99.0,2023,1.0,199.0
401468596,2022-12-17,Houston Rockets,Portland Trail Blazers,95.0,107.0,2023,-12.0,202.0
401468597,2022-12-17,Milwaukee Bucks,Utah Jazz,123.0,97.0,2023,26.0,220.0
401468598,2022-12-17,Oklahoma City Thunder,Memphis Grizzlies,115.0,109.0,2023,6.0,224.0
401468599,2022-12-17,Phoenix Suns,New Orleans Pelicans,118.0,114.0,2023,4.0,232.0
401468583,2022-12-16,Charlotte Hornets,Atlanta Hawks,106.0,125.0,2023,-19.0,231.0
401468584,2022-12-16,Detroit Pistons,Sacramento Kings,113.0,122.0,2023,-9.0,235.0
401468585,2022-12-16,Boston Celtics,Orlando Magic,109.0,117.0,2023,-8.0,226.0
401468586,2022-12-16,Cleveland Cavaliers,Indiana Pacers,118.0,112.0,2023,6.0,230.0
401468587,2022-12-16,Philadelphia 76ers,Golden State Warriors,118.0,106.0,2023,12.0,224.0
401468588,2022-12-16,Toronto Raptors,Brooklyn Nets,116.0,119.0,2023,-3.0,235.0
401468589,2022-12-16,Chicago Bulls,New York Knicks,91.0,114.0,2023,-23.0,205.0
401468590,2022-12-16,Oklahoma City Thunder,Minnesota Timberwolves,110.0,112.0,2023,-2.0,222.0
401468591,2022-12-16,Dallas Mavericks,Portland Trail Blazers,130.0,110.0,2023,20.0,240.0
401468592,2022-12-16,Los Angeles Lakers,Denver Nuggets,126.0,108.0,2023,18.0,234.0
401468579,2022-12-15,Houston Rockets,Miami Heat,108.0,111.0,2023,-3.0,219.0
401468580,2022-12-15,Memphis Grizzlies,Milwaukee Bucks,142.0,101.0,2023,41.0,243.0
401468581,2022-12-15,Utah Jazz,New Orleans Pelicans,132.0,129.0,2023,3.0,261.0
401468582,2022-12-15,LA Clippers,Phoenix Suns,95.0,111.0,2023,-16.0,206.0
401468569,2022-12-14,Charlotte Hornets,Detroit Pistons,134.0,141.0,2023,-7.0,275.0
401468570,2022-12-14,Indiana Pacers,Golden State Warriors,125.0,119.0,2023,6.0,244.0
401468571,2022-12-14,Orlando Magic,Atlanta Hawks,135.0,124.0,2023,11.0,259.0
401468572,2022-12-14,Toronto Raptors,Sacramento Kings,123.0,124.0,2023,-1.0,247.0
401468573,2022-12-14,Chicago Bulls,New York Knicks,120.0,128.0,2023,-8.0,248.0
401468574,2022-12-14,Oklahoma City Thunder,Miami Heat,108.0,110.0,2023,-2.0,218.0
401468575,2022-12-14,San Antonio Spurs,Portland Trail Blazers,112.0,128.0,2023,-16.0,240.0
401468576,2022-12-14,Dallas Mavericks,Cleveland Cavaliers,90.0,105.0,2023,-15.0,195.0
401468577,2022-12-14,Denver Nuggets,Washington Wizards,141.0,128.0,2023,13.0,269.0
401468578,2022-12-14,LA Clippers,Minnesota Timberwolves,99.0,88.0,2023,11.0,187.0
401468564,2022-12-13,Philadelphia 76ers,Sacramento Kings,123.0,103.0,2023,20.0,226.0
401468565,2022-12-13,Milwaukee Bucks,Golden State Warriors,128.0,111.0,2023,17.0,239.0
401468566,2022-12-13,Houston Rockets,Phoenix Suns,111.0,97.0,2023,14.0,208.0
401468567,2022-12-13,Utah Jazz,New Orleans Pelicans,121.0,100.0,2023,21.0,221.0
401468568,2022-12-13,Los Angeles Lakers,Boston Celtics,118.0,122.0,2023,-4.0,240.0
401468557,2022-12-12,Indiana Pacers,Miami Heat,82.0,87.0,2023,-5.0,169.0
401468558,2022-12-12,Washington Wizards,Brooklyn Nets,100.0,112.0,2023,-12.0,212.0
401468559,2022-12-12,Memphis Grizzlies,Atlanta Hawks,128.0,103.0,2023,25.0,231.0
401468560,2022-12-12,Dallas Mavericks,Oklahoma City Thunder,121.0,114.0,2023,7.0,235.0
401468561,2022-12-12,San Antonio Spurs,Cleveland Cavaliers,112.0,111.0,2023,1.0,223.0
401468562,2022-12-12,Portland Trail Blazers,Minnesota Timberwolves,133.0,112.0,2023,21.0,245.0
401468563,2022-12-12,LA Clippers,Boston Celtics,113.0,93.0,2023,20.0,206.0
401468550,2022-12-11,New Orleans Pelicans,Phoenix Suns,129.0,124.0,2023,5.0,253.0
401468551,2022-12-11,Detroit Pistons,Los Angeles Lakers,117.0,124.0,2023,-7.0,241.0
401468552,2022-12-11,New York Knicks,Sacramento Kings,112.0,99.0,2023,13.0,211.0
401468553,2022-12-11,Orlando Magic,Toronto Raptors,111.0,99.0,2023,12.0,210.0
401468554,2022-12-11,Philadelphia 76ers,Charlotte Hornets,131.0,113.0,2023,18.0,244.0
401468555,2022-12-11,Atlanta Hawks,Chicago Bulls,123.0,122.0,2023,1.0,245.0
401468556,2022-12-11,Houston Rockets,Milwaukee Bucks,97.0,92.0,2023,5.0,189.0
401468542,2022-12-10,Miami Heat,San Antonio Spurs,111.0,115.0,2023,-4.0,226.0
401468543,2022-12-10,Indiana Pacers,Brooklyn Nets,133.0,136.0,2023,-3.0,269.0
401468544,2022-12-10,Washington Wizards,LA Clippers,107.0,114.0,2023,-7.0,221.0
401468545,2022-12-10,Cleveland Cavaliers,Oklahoma City Thunder,110.0,102.0,2023,8.0,212.0
401468546,2022-12-10,Chicago Bulls,Dallas Mavericks,144.0,115.0,2023,29.0,259.0
401468547,2022-12-10,Golden State Warriors,Boston Celtics,123.0,107.0,2023,16.0,230.0
401468548,2022-12-10,Denver Nuggets,Utah Jazz,115.0,110.0,2023,5.0,225.0
401468549,2022-12-10,Portland Trail Blazers,Minnesota Timberwolves,124.0,118.0,2023,6.0,242.0
401468532,2022-12-09,Charlotte Hornets,New York Knicks,102.0,121.0,2023,-19.0,223.0
401468533,2022-12-09,Indiana Pacers,Washington Wizards,121.0,111.0,2023,10.0,232.0
401468534,2022-12-09,Orlando Magic,Toronto Raptors,113.0,109.0,2023,4.0,222.0
401468535,2022-12-09,Brooklyn Nets,Atlanta Hawks,120.0,116.0,2023,4.0,236.0
401468536,2022-12-09,Cleveland Cavaliers,Sacramento Kings,95.0,106.0,2023,-11.0,201.0
401468537,2022-12-09,Philadelphia 76ers,Los Angeles Lakers,133.0,122.0,2023,11.0,255.0
401468538,2022-12-09,Memphis Grizzlies,Detroit Pistons,114.0,103.0,2023,11.0,217.0
401468539,2022-12-09,New Orleans Pelicans,Phoenix Suns,128.0,117.0,2023,11.0,245.0
401468540,2022-12-09,Utah Jazz,Minnesota Timberwolves,108.0,118.0,2023,-10.0,226.0
401468541,2022-12-09,Dallas Mavericks,Milwaukee Bucks,105.0,106.0,2023,-1.0,211.0
401468529,2022-12-08,Miami Heat,LA Clippers,115.0,110.0,2023,5.0,225.0
401468530,2022-12-08,San Antonio Spurs,Houston Rockets,118.0,109.0,2023,9.0,227.0
401468531,2022-12-08,Portland Trail Blazers,Denver Nuggets,120.0,121.0,2023,-1.0,241.0
401468518,2022-12-07,Orlando Magic,LA Clippers,116.0,111.0,2023,5.0,227.0
401468519,2022-12-07,Brooklyn Nets,Charlotte Hornets,122.0,116.0,2023,6.0,238.0
401468520,2022-12-07,New York Knicks,Atlanta Hawks,113.0,89.0,2023,24.0,202.0
401468521,2022-12-07,Toronto Raptors,Los Angeles Lakers,126.0,113.0,2023,13.0,239.0
401468522,2022-12-07,Chicago Bulls,Washington Wizards,115.0,111.0,2023,4.0,226.0
401468523,2022-12-07,Memphis Grizzlies,Oklahoma City Thunder,123.0,102.0,2023,21.0,225.0
401468524,2022-12-07,Milwaukee Bucks,Sacramento Kings,126.0,113.0,2023,13.0,239.0
401468525,2022-12-07,Minnesota Timberwolves,Indiana Pacers,121.0,115.0,2023,6.0,236.0
401468526,2022-12-07,New Orleans Pelicans,Detroit Pistons,104.0,98.0,2023,6.0,202.0
401468527,2022-12-07,Utah Jazz,Golden State Warriors,124.0,123.0,2023,1.0,247.0
401468528,2022-12-07,Phoenix Suns,Boston Celtics,98.0,125.0,2023,-27.0,223.0
401468515,2022-12-06,Cleveland Cavaliers,Los Angeles Lakers,116.0,102.0,2023,14.0,218.0
401468516,2022-12-06,Miami Heat,Detroit Pistons,96.0,116.0,2023,-20.0,212.0
401468517,2022-12-06,Denver Nuggets,Dallas Mavericks,115.0,116.0,2023,-1.0,231.0
401468507,2022-12-05,Charlotte Hornets,LA Clippers,117.0,119.0,2023,-2.0,236.0
401468508,2022-12-05,Orlando Magic,Milwaukee Bucks,102.0,109.0,2023,-7.0,211.0
401468509,2022-12-05,Atlanta Hawks,Oklahoma City Thunder,114.0,121.0,2023,-7.0,235.0
401468510,2022-12-05,Toronto Raptors,Boston Celtics,110.0,116.0,2023,-6.0,226.0
401468511,2022-12-05,Houston Rockets,Philadelphia 76ers,132.0,123.0,2023,9.0,255.0
401468512,2022-12-05,Memphis Grizzlies,Miami Heat,101.0,93.0,2023,8.0,194.0
401468513,2022-12-05,Dallas Mavericks,Phoenix Suns,130.0,111.0,2023,19.0,241.0
401468514,2022-12-05,Golden State Warriors,Indiana Pacers,104.0,112.0,2023,-8.0,216.0
401468499,2022-12-04,New Orleans Pelicans,Denver Nuggets,121.0,106.0,2023,15.0,227.0
401468500,2022-12-04,San Antonio Spurs,Phoenix Suns,95.0,133.0,2023,-38.0,228.0
401468501,2022-12-04,Brooklyn Nets,Boston Celtics,92.0,103.0,2023,-11.0,195.0
401468502,2022-12-04,Detroit Pistons,Memphis Grizzlies,112.0,122.0,2023,-10.0,234.0
401468503,2022-12-04,New York Knicks,Cleveland Cavaliers,92.0,81.0,2023,11.0,173.0
401468504,2022-12-04,Washington Wizards,Los Angeles Lakers,119.0,130.0,2023,-11.0,249.0
401468505,2022-12-04,Sacramento Kings,Chicago Bulls,110.0,101.0,2023,9.0,211.0
401468506,2022-12-04,Portland Trail Blazers,Indiana Pacers,116.0,100.0,2023,16.0,216.0
401468492,2022-12-03,New York Knicks,Dallas Mavericks,100.0,121.0,2023,-21.0,221.0
401468493,2022-12-03,LA Clippers,Sacramento Kings,96.0,123.0,2023,-27.0,219.0
401468494,2022-12-03,Charlotte Hornets,Milwaukee Bucks,96.0,105.0,2023,-9.0,201.0
401468495,2022-12-03,Toronto Raptors,Orlando Magic,121.0,108.0,2023,13.0,229.0
401468496,2022-12-03,Minnesota Timberwolves,Oklahoma City Thunder,128.0,135.0,2023,-7.0,263.0
401468497,2022-12-03,Golden State Warriors,Houston Rockets,120.0,101.0,2023,19.0,221.0
401468498,2022-12-03,Utah Jazz,Portland Trail Blazers,111.0,116.0,2023,-5.0,227.0
401468481,2022-12-02,Charlotte Hornets,Washington Wizards,117.0,116.0,2023,1.0,233.0
401468482,2022-12-02,Atlanta Hawks,Denver Nuggets,117.0,109.0,2023,8.0,226.0
401468483,2022-12-02,Boston Celtics,Miami Heat,116.0,120.0,2023,-4.0,236.0
401468484,2022-12-02,Brooklyn Nets,Toronto Raptors,114.0,105.0,2023,9.0,219.0
401468485,2022-12-02,Cleveland Cavaliers,Orlando Magic,107.0,96.0,2023,11.0,203.0
401468486,2022-12-02,Milwaukee Bucks,Los Angeles Lakers,129.0,133.0,2023,-4.0,262.0
401468487,2022-12-02,Memphis Grizzlies,Philadelphia 76ers,117.0,109.0,2023,8.0,226.0
401468488,2022-12-02,San Antonio Spurs,New Orleans Pelicans,99.0,117.0,2023,-18.0,216.0
401468489,2022-12-02,Phoenix Suns,Houston Rockets,121.0,122.0,2023,-1.0,243.0
401468490,2022-12-02,Utah Jazz,Indiana Pacers,139.0,119.0,2023,20.0,258.0
401468491,2022-12-02,Golden State Warriors,Chicago Bulls,119.0,111.0,2023,8.0,230.0
401468480,2022-12-01,Detroit Pistons,Dallas Mavericks,131.0,125.0,2023,6.0,256.0
401468467,2022-11-30,Cleveland Cavaliers,Philadelphia 76ers,113.0,85.0,2023,28.0,198.0
401468468,2022-11-30,Orlando Magic,Atlanta Hawks,108.0,125.0,2023,-17.0,233.0
401468469,2022-11-30,Boston Celtics,Miami Heat,134.0,121.0,2023,13.0,255.0
401468470,2022-11-30,Brooklyn Nets,Washington Wizards,113.0,107.0,2023,6.0,220.0
401468471,2022-11-30,New York Knicks,Milwaukee Bucks,103.0,109.0,2023,-6.0,212.0
401468472,2022-11-30,Minnesota Timberwolves,Memphis Grizzlies,109.0,101.0,2023,8.0,210.0
401468473,2022-11-30,New Orleans Pelicans,Toronto Raptors,126.0,108.0,2023,18.0,234.0
401468474,2022-11-30,Oklahoma City Thunder,San Antonio Spurs,119.0,111.0,2023,8.0,230.0
401468475,2022-11-30,Denver Nuggets,Houston Rockets,120.0,100.0,2023,20.0,220.0
401468476,2022-11-30,Phoenix Suns,Chicago Bulls,132.0,113.0,2023,19.0,245.0
401468477,2022-11-30,Utah Jazz,LA Clippers,125.0,112.0,2023,13.0,237.0
401468478,2022-11-30,Sacramento Kings,Indiana Pacers,137.0,114.0,2023,23.0,251.0
401468479,2022-11-30,Los Angeles Lakers,Portland Trail Blazers,128.0,109.0,2023,19.0,237.0
401468464,2022-11-29,Detroit Pistons,New York Knicks,110.0,140.0,2023,-30.0,250.0
401468465,2022-11-29,Dallas Mavericks,Golden State Warriors,116.0,113.0,2023,3.0,229.0
401468466,2022-11-29,Portland Trail Blazers,LA Clippers,112.0,118.0,2023,-6.0,230.0
401468454,2022-11-28,Philadelphia 76ers,Atlanta Hawks,104.0,101.0,2023,3.0,205.0
401468455,2022-11-28,Washington Wizards,Minnesota Timberwolves,142.0,127.0,2023,15.0,269.0
401468456,2022-11-28,Boston Celtics,Charlotte Hornets,140.0,105.0,2023,35.0,245.0
401468457,2022-11-28,Brooklyn Nets,Orlando Magic,109.0,102.0,2023,7.0,211.0
401468458,2022-11-28,Toronto Raptors,Cleveland Cavaliers,100.0,88.0,2023,12.0,188.0
401468459,2022-11-28,New Orleans Pelicans,Oklahoma City Thunder,105.0,101.0,2023,4.0,206.0
401468460,2022-11-28,Denver Nuggets,Houston Rockets,129.0,113.0,2023,16.0,242.0
401468461,2022-11-28,Utah Jazz,Chicago Bulls,107.0,114.0,2023,-7.0,221.0
401468462,2022-11-28,Sacramento Kings,Phoenix Suns,117.0,122.0,2023,-5.0,239.0
401468463,2022-11-28,Los Angeles Lakers,Indiana Pacers,115.0,116.0,2023,-1.0,231.0
401468445,2022-11-27,Brooklyn Nets,Portland Trail Blazers,111.0,97.0,2023,14.0,208.0
401468446,2022-11-27,Minnesota Timberwolves,Golden State Warriors,114.0,137.0,2023,-23.0,251.0
401468447,2022-11-27,LA Clippers,Indiana Pacers,114.0,100.0,2023,14.0,214.0
401468448,2022-11-27,Atlanta Hawks,Miami Heat,98.0,106.0,2023,-8.0,204.0
401468449,2022-11-27,Boston Celtics,Washington Wizards,130.0,121.0,2023,9.0,251.0
401468450,2022-11-27,Detroit Pistons,Cleveland Cavaliers,94.0,102.0,2023,-8.0,196.0
401468451,2022-11-27,New York Knicks,Memphis Grizzlies,123.0,127.0,2023,-4.0,250.0
401468452,2022-11-27,Orlando Magic,Philadelphia 76ers,103.0,133.0,2023,-30.0,236.0
401468453,2022-11-27,Milwaukee Bucks,Dallas Mavericks,124.0,115.0,2023,9.0,239.0
401468441,2022-11-26,Toronto Raptors,Dallas Mavericks,105.0,100.0,2023,5.0,205.0
401468442,2022-11-26,Houston Rockets,Oklahoma City Thunder,118.0,105.0,2023,13.0,223.0
401468443,2022-11-26,San Antonio Spurs,Los Angeles Lakers,138.0,143.0,2023,-5.0,281.0
401468444,2022-11-26,Phoenix Suns,Utah Jazz,113.0,112.0,2023,1.0,225.0
401468427,2022-11-25,Charlotte Hornets,Minnesota Timberwolves,110.0,108.0,2023,2.0,218.0
401468428,2022-11-25,Orlando Magic,Philadelphia 76ers,99.0,107.0,2023,-8.0,206.0
401468429,2022-11-25,New York Knicks,Portland Trail Blazers,129.0,132.0,2023,-3.0,261.0
401468430,2022-11-25,Boston Celtics,Sacramento Kings,122.0,104.0,2023,18.0,226.0
401468431,2022-11-25,Indiana Pacers,Brooklyn Nets,128.0,117.0,2023,11.0,245.0
401468432,2022-11-25,Miami Heat,Washington Wizards,110.0,107.0,2023,3.0,217.0
401468433,2022-11-25,Houston Rockets,Atlanta Hawks,128.0,122.0,2023,6.0,250.0
401468434,2022-11-25,Memphis Grizzlies,New Orleans Pelicans,132.0,111.0,2023,21.0,243.0
401468435,2022-11-25,Milwaukee Bucks,Cleveland Cavaliers,117.0,102.0,2023,15.0,219.0
401468436,2022-11-25,Oklahoma City Thunder,Chicago Bulls,123.0,119.0,2023,4.0,242.0
401468437,2022-11-25,San Antonio Spurs,Los Angeles Lakers,94.0,105.0,2023,-11.0,199.0
401468438,2022-11-25,Phoenix Suns,Detroit Pistons,108.0,102.0,2023,6.0,210.0
401468439,2022-11-25,Golden State Warriors,Utah Jazz,129.0,118.0,2023,11.0,247.0
401468440,2022-11-25,LA Clippers,Denver Nuggets,104.0,114.0,2023,-10.0,218.0
401468415,2022-11-23,Charlotte Hornets,Philadelphia 76ers,107.0,101.0,2023,6.0,208.0
401468416,2022-11-23,Cleveland Cavaliers,Portland Trail Blazers,114.0,96.0,2023,18.0,210.0
401468417,2022-11-23,Indiana Pacers,Minnesota Timberwolves,101.0,115.0,2023,-14.0,216.0
401468418,2022-11-23,Atlanta Hawks,Sacramento Kings,115.0,106.0,2023,9.0,221.0
401468419,2022-11-23,Boston Celtics,Dallas Mavericks,125.0,112.0,2023,13.0,237.0
401468420,2022-11-23,Miami Heat,Washington Wizards,113.0,105.0,2023,8.0,218.0
401468421,2022-11-23,Toronto Raptors,Brooklyn Nets,98.0,112.0,2023,-14.0,210.0
401468422,2022-11-23,Milwaukee Bucks,Chicago Bulls,113.0,118.0,2023,-5.0,231.0
401468423,2022-11-23,Oklahoma City Thunder,Denver Nuggets,126.0,131.0,2023,-5.0,257.0
401468424,2022-11-23,San Antonio Spurs,New Orleans Pelicans,110.0,129.0,2023,-19.0,239.0
401468425,2022-11-23,Utah Jazz,Detroit Pistons,116.0,125.0,2023,-9.0,241.0
401468426,2022-11-23,Golden State Warriors,LA Clippers,124.0,107.0,2023,17.0,231.0
401468411,2022-11-22,Philadelphia 76ers,Brooklyn Nets,115.0,106.0,2023,9.0,221.0
401468412,2022-11-22,Memphis Grizzlies,Sacramento Kings,109.0,113.0,2023,-4.0,222.0
401468413,2022-11-22,Denver Nuggets,Detroit Pistons,108.0,110.0,2023,-2.0,218.0
401468414,2022-11-22,Phoenix Suns,Los Angeles Lakers,115.0,105.0,2023,10.0,220.0
401468403,2022-11-21,Cleveland Cavaliers,Atlanta Hawks,114.0,102.0,2023,12.0,216.0
401468404,2022-11-21,Indiana Pacers,Orlando Magic,123.0,102.0,2023,21.0,225.0
401468405,2022-11-21,Chicago Bulls,Boston Celtics,121.0,107.0,2023,14.0,228.0
401468406,2022-11-21,Milwaukee Bucks,Portland Trail Blazers,119.0,111.0,2023,8.0,230.0
401468407,2022-11-21,Minnesota Timberwolves,Miami Heat,105.0,101.0,2023,4.0,206.0
401468408,2022-11-21,New Orleans Pelicans,Golden State Warriors,128.0,83.0,2023,45.0,211.0
401468409,2022-11-21,Oklahoma City Thunder,New York Knicks,119.0,129.0,2023,-10.0,248.0
401468410,2022-11-21,LA Clippers,Utah Jazz,121.0,114.0,2023,7.0,235.0
401468395,2022-11-20,Phoenix Suns,New York Knicks,116.0,95.0,2023,21.0,211.0
401468396,2022-11-20,Washington Wizards,Charlotte Hornets,106.0,102.0,2023,4.0,208.0
401468397,2022-11-20,Sacramento Kings,Detroit Pistons,137.0,129.0,2023,8.0,266.0
401468398,2022-11-20,Brooklyn Nets,Memphis Grizzlies,127.0,115.0,2023,12.0,242.0
401468399,2022-11-20,Cleveland Cavaliers,Miami Heat,113.0,87.0,2023,26.0,200.0
401468400,2022-11-20,Houston Rockets,Golden State Warriors,120.0,127.0,2023,-7.0,247.0
401468401,2022-11-20,Dallas Mavericks,Denver Nuggets,97.0,98.0,2023,-1.0,195.0
401468402,2022-11-20,Los Angeles Lakers,San Antonio Spurs,123.0,92.0,2023,31.0,215.0
401468390,2022-11-19,Atlanta Hawks,Toronto Raptors,124.0,122.0,2023,2.0,246.0
401468391,2022-11-19,Indiana Pacers,Orlando Magic,114.0,113.0,2023,1.0,227.0
401468392,2022-11-19,Philadelphia 76ers,Minnesota Timberwolves,109.0,112.0,2023,-3.0,221.0
401468393,2022-11-19,Portland Trail Blazers,Utah Jazz,113.0,118.0,2023,-5.0,231.0
401468394,2022-11-19,LA Clippers,San Antonio Spurs,119.0,97.0,2023,22.0,216.0
401468379,2022-11-18,Washington Wizards,Miami Heat,107.0,106.0,2023,1.0,213.0
401468380,2022-11-18,Cleveland Cavaliers,Charlotte Hornets,132.0,122.0,2023,10.0,254.0
401468381,2022-11-18,Philadelphia 76ers,Milwaukee Bucks,110.0,102.0,2023,8.0,212.0
401468382,2022-11-18,Chicago Bulls,Orlando Magic,107.0,108.0,2023,-1.0,215.0
401468383,2022-11-18,Houston Rockets,Indiana Pacers,91.0,99.0,2023,-8.0,190.0
401468384,2022-11-18,Memphis Grizzlies,Oklahoma City Thunder,121.0,110.0,2023,11.0,231.0
401468385,2022-11-18,Dallas Mavericks,Denver Nuggets,127.0,99.0,2023,28.0,226.0
401468386,2022-11-18,New Orleans Pelicans,Boston Celtics,109.0,117.0,2023,-8.0,226.0
401468387,2022-11-18,Utah Jazz,Phoenix Suns,134.0,133.0,2023,1.0,267.0
401468388,2022-11-18,Golden State Warriors,New York Knicks,111.0,101.0,2023,10.0,212.0
401468389,2022-11-18,Los Angeles Lakers,Detroit Pistons,128.0,121.0,2023,7.0,249.0
401468376,2022-11-17,Portland Trail Blazers,Brooklyn Nets,107.0,109.0,2023,-2.0,216.0
401468377,2022-11-17,Sacramento Kings,San Antonio Spurs,130.0,112.0,2023,18.0,242.0
401468378,2022-11-17,LA Clippers,Detroit Pistons,96.0,91.0,2023,5.0,187.0
401468366,2022-11-16,Charlotte Hornets,Indiana Pacers,113.0,125.0,2023,-12.0,238.0
401468367,2022-11-16,Orlando Magic,Minnesota Timberwolves,108.0,126.0,2023,-18.0,234.0
401468368,2022-11-16,Washington Wizards,Oklahoma City Thunder,120.0,121.0,2023,-1.0,241.0
401468369,2022-11-16,Atlanta Hawks,Boston Celtics,101.0,126.0,2023,-25.0,227.0
401468370,2022-11-16,Toronto Raptors,Miami Heat,112.0,104.0,2023,8.0,216.0
401468371,2022-11-16,Milwaukee Bucks,Cleveland Cavaliers,113.0,98.0,2023,15.0,211.0
401468372,2022-11-16,New Orleans Pelicans,Chicago Bulls,124.0,110.0,2023,14.0,234.0
401468373,2022-11-16,Dallas Mavericks,Houston Rockets,92.0,101.0,2023,-9.0,193.0
401468374,2022-11-16,Denver Nuggets,New York Knicks,103.0,106.0,2023,-3.0,209.0
401468375,2022-11-16,Phoenix Suns,Golden State Warriors,130.0,119.0,2023,11.0,249.0
401468361,2022-11-15,New Orleans Pelicans,Memphis Grizzlies,113.0,102.0,2023,11.0,215.0
401468362,2022-11-15,Dallas Mavericks,LA Clippers,103.0,101.0,2023,2.0,204.0
401468363,2022-11-15,Utah Jazz,New York Knicks,111.0,118.0,2023,-7.0,229.0
401468364,2022-11-15,Portland Trail Blazers,San Antonio Spurs,117.0,110.0,2023,7.0,227.0
401468365,2022-11-15,Sacramento Kings,Brooklyn Nets,153.0,121.0,2023,32.0,274.0
401468354,2022-11-14,Detroit Pistons,Toronto Raptors,111.0,115.0,2023,-4.0,226.0
401468355,2022-11-14,Orlando Magic,Charlotte Hornets,105.0,112.0,2023,-7.0,217.0
401468356,2022-11-14,Boston Celtics,Oklahoma City Thunder,126.0,122.0,2023,4.0,248.0
401468357,2022-11-14,Miami Heat,Phoenix Suns,113.0,112.0,2023,1.0,225.0
401468358,2022-11-14,Houston Rockets,LA Clippers,106.0,122.0,2023,-16.0,228.0
401468359,2022-11-14,Milwaukee Bucks,Atlanta Hawks,106.0,121.0,2023,-15.0,227.0
401468360,2022-11-14,Golden State Warriors,San Antonio Spurs,132.0,95.0,2023,37.0,227.0
401468347,2022-11-13,New York Knicks,Oklahoma City Thunder,135.0,145.0,2023,-10.0,280.0
401468348,2022-11-13,Cleveland Cavaliers,Minnesota Timberwolves,124.0,129.0,2023,-5.0,253.0
401468349,2022-11-13,Washington Wizards,Memphis Grizzlies,102.0,92.0,2023,10.0,194.0
401468350,2022-11-13,Philadelphia 76ers,Utah Jazz,105.0,98.0,2023,7.0,203.0
401468351,2022-11-13,Chicago Bulls,Denver Nuggets,103.0,126.0,2023,-23.0,229.0
401468352,2022-11-13,Sacramento Kings,Golden State Warriors,122.0,115.0,2023,7.0,237.0
401468353,2022-11-13,Los Angeles Lakers,Brooklyn Nets,116.0,103.0,2023,13.0,219.0
401468339,2022-11-12,LA Clippers,Brooklyn Nets,95.0,110.0,2023,-15.0,205.0
401468340,2022-11-12,Washington Wizards,Utah Jazz,121.0,112.0,2023,9.0,233.0
401468341,2022-11-12,Detroit Pistons,Boston Celtics,108.0,117.0,2023,-9.0,225.0
401468342,2022-11-12,Indiana Pacers,Toronto Raptors,118.0,104.0,2023,14.0,222.0
401468343,2022-11-12,Philadelphia 76ers,Atlanta Hawks,121.0,109.0,2023,12.0,230.0
401468344,2022-11-12,Miami Heat,Charlotte Hornets,132.0,115.0,2023,17.0,247.0
401468345,2022-11-12,Dallas Mavericks,Portland Trail Blazers,117.0,112.0,2023,5.0,229.0
401468346,2022-11-12,New Orleans Pelicans,Houston Rockets,119.0,106.0,2023,13.0,225.0
401468331,2022-11-11,Boston Celtics,Denver Nuggets,131.0,112.0,2023,19.0,243.0
401468332,2022-11-11,Orlando Magic,Phoenix Suns,114.0,97.0,2023,17.0,211.0
401468333,2022-11-11,New York Knicks,Detroit Pistons,121.0,112.0,2023,9.0,233.0
401468334,2022-11-11,Oklahoma City Thunder,Toronto Raptors,132.0,113.0,2023,19.0,245.0
401468335,2022-11-11,San Antonio Spurs,Milwaukee Bucks,111.0,93.0,2023,18.0,204.0
401468336,2022-11-11,Memphis Grizzlies,Minnesota Timberwolves,114.0,103.0,2023,11.0,217.0
401468337,2022-11-11,Golden State Warriors,Cleveland Cavaliers,106.0,101.0,2023,5.0,207.0
401468338,2022-11-11,Los Angeles Lakers,Sacramento Kings,114.0,120.0,2023,-6.0,234.0
401468327,2022-11-10,Washington Wizards,Dallas Mavericks,113.0,105.0,2023,8.0,218.0
401468328,2022-11-10,Atlanta Hawks,Philadelphia 76ers,104.0,95.0,2023,9.0,199.0
401468329,2022-11-10,Miami Heat,Charlotte Hornets,117.0,112.0,2023,5.0,229.0
401468330,2022-11-10,New Orleans Pelicans,Portland Trail Blazers,95.0,106.0,2023,-11.0,201.0
401468316,2022-11-09,Orlando Magic,Dallas Mavericks,94.0,87.0,2023,7.0,181.0
401468314,2022-11-09,Charlotte Hornets,Portland Trail Blazers,95.0,105.0,2023,-10.0,200.0
401468315,2022-11-09,Indiana Pacers,Denver Nuggets,119.0,122.0,2023,-3.0,241.0
401468317,2022-11-09,Atlanta Hawks,Utah Jazz,119.0,125.0,2023,-6.0,244.0
401468318,2022-11-09,Boston Celtics,Detroit Pistons,128.0,112.0,2023,16.0,240.0
401468319,2022-11-09,Brooklyn Nets,New York Knicks,112.0,85.0,2023,27.0,197.0
401468320,2022-11-09,Toronto Raptors,Houston Rockets,116.0,109.0,2023,7.0,225.0
401468321,2022-11-09,Chicago Bulls,New Orleans Pelicans,111.0,115.0,2023,-4.0,226.0
401468322,2022-11-09,Minnesota Timberwolves,Phoenix Suns,117.0,129.0,2023,-12.0,246.0
401468323,2022-11-09,Oklahoma City Thunder,Milwaukee Bucks,132.0,136.0,2023,-4.0,268.0
401468324,2022-11-09,San Antonio Spurs,Memphis Grizzlies,122.0,124.0,2023,-2.0,246.0
401468325,2022-11-09,LA Clippers,Los Angeles Lakers,114.0,101.0,2023,13.0,215.0
401468326,2022-11-09,Sacramento Kings,Cleveland Cavaliers,127.0,120.0,2023,7.0,247.0
401468299,2022-11-07,Charlotte Hornets,Washington Wizards,100.0,108.0,2023,-8.0,208.0
401468300,2022-11-07,Orlando Magic,Houston Rockets,127.0,134.0,2023,-7.0,261.0
401468301,2022-11-07,Detroit Pistons,Oklahoma City Thunder,112.0,103.0,2023,9.0,215.0
401468302,2022-11-07,Indiana Pacers,New Orleans Pelicans,129.0,122.0,2023,7.0,251.0
401468303,2022-11-07,Philadelphia 76ers,Phoenix Suns,100.0,88.0,2023,12.0,188.0
401468304,2022-11-07,Atlanta Hawks,Milwaukee Bucks,117.0,98.0,2023,19.0,215.0
401468305,2022-11-07,Miami Heat,Portland Trail Blazers,107.0,110.0,2023,-3.0,217.0
401468306,2022-11-07,Chicago Bulls,Toronto Raptors,111.0,97.0,2023,14.0,208.0
401468307,2022-11-07,Memphis Grizzlies,Boston Celtics,106.0,109.0,2023,-3.0,215.0
401468308,2022-11-07,Minnesota Timberwolves,New York Knicks,107.0,120.0,2023,-13.0,227.0
401468309,2022-11-07,San Antonio Spurs,Denver Nuggets,109.0,115.0,2023,-6.0,224.0
401468310,2022-11-07,Dallas Mavericks,Brooklyn Nets,96.0,94.0,2023,2.0,190.0
401468311,2022-11-07,Golden State Warriors,Sacramento Kings,116.0,113.0,2023,3.0,229.0
401468312,2022-11-07,Utah Jazz,Los Angeles Lakers,139.0,116.0,2023,23.0,255.0
401468313,2022-11-07,LA Clippers,Cleveland Cavaliers,119.0,117.0,2023,2.0,236.0
401468295,2022-11-06,Los Angeles Lakers,Cleveland Cavaliers,100.0,114.0,2023,-14.0,214.0
401468296,2022-11-06,Toronto Raptors,Chicago Bulls,113.0,104.0,2023,9.0,217.0
401468297,2022-11-06,Memphis Grizzlies,Washington Wizards,103.0,97.0,2023,6.0,200.0
401468298,2022-11-06,LA Clippers,Utah Jazz,102.0,110.0,2023,-8.0,212.0
401468287,2022-11-05,Orlando Magic,Sacramento Kings,123.0,126.0,2023,-3.0,249.0
401468288,2022-11-05,Charlotte Hornets,Brooklyn Nets,94.0,98.0,2023,-4.0,192.0
401468289,2022-11-05,Atlanta Hawks,New Orleans Pelicans,124.0,121.0,2023,3.0,245.0
401468290,2022-11-05,New York Knicks,Boston Celtics,118.0,133.0,2023,-15.0,251.0
401468291,2022-11-05,Milwaukee Bucks,Oklahoma City Thunder,108.0,94.0,2023,14.0,202.0
401468292,2022-11-05,Minnesota Timberwolves,Houston Rockets,129.0,117.0,2023,12.0,246.0
401468293,2022-11-05,Denver Nuggets,San Antonio Spurs,126.0,101.0,2023,25.0,227.0
401468294,2022-11-05,Phoenix Suns,Portland Trail Blazers,102.0,82.0,2023,20.0,184.0
401468275,2022-11-04,Detroit Pistons,Cleveland Cavaliers,88.0,112.0,2023,-24.0,200.0
401468276,2022-11-04,Indiana Pacers,Miami Heat,101.0,99.0,2023,2.0,200.0
401468277,2022-11-04,Philadelphia 76ers,New York Knicks,104.0,106.0,2023,-2.0,210.0
401468278,2022-11-04,Washington Wizards,Brooklyn Nets,86.0,128.0,2023,-42.0,214.0
401468279,2022-11-04,Boston Celtics,Chicago Bulls,123.0,119.0,2023,4.0,242.0
401468280,2022-11-04,Memphis Grizzlies,Charlotte Hornets,130.0,99.0,2023,31.0,229.0
401468281,2022-11-04,San Antonio Spurs,LA Clippers,106.0,113.0,2023,-7.0,219.0
401468282,2022-11-04,Dallas Mavericks,Toronto Raptors,111.0,110.0,2023,1.0,221.0
401468283,2022-11-04,New Orleans Pelicans,Golden State Warriors,114.0,105.0,2023,9.0,219.0
401468284,2022-11-04,Minnesota Timberwolves,Milwaukee Bucks,102.0,115.0,2023,-13.0,217.0
401468285,2022-11-04,Phoenix Suns,Portland Trail Blazers,106.0,108.0,2023,-2.0,214.0
401468286,2022-11-04,Los Angeles Lakers,Utah Jazz,116.0,130.0,2023,-14.0,246.0
401468273,2022-11-03,Orlando Magic,Golden State Warriors,130.0,129.0,2023,1.0,259.0
401468274,2022-11-03,Oklahoma City Thunder,Denver Nuggets,110.0,122.0,2023,-12.0,232.0
401468263,2022-11-02,Philadelphia 76ers,Washington Wizards,111.0,121.0,2023,-10.0,232.0
401468262,2022-11-02,Cleveland Cavaliers,Boston Celtics,114.0,113.0,2023,1.0,227.0
401468264,2022-11-02,Miami Heat,Sacramento Kings,110.0,107.0,2023,3.0,217.0
401468265,2022-11-02,New York Knicks,Atlanta Hawks,99.0,112.0,2023,-13.0,211.0
401468266,2022-11-02,Chicago Bulls,Charlotte Hornets,106.0,88.0,2023,18.0,194.0
401468267,2022-11-02,Houston Rockets,LA Clippers,101.0,109.0,2023,-8.0,210.0
401468268,2022-11-02,Milwaukee Bucks,Detroit Pistons,116.0,91.0,2023,25.0,207.0
401468269,2022-11-02,San Antonio Spurs,Toronto Raptors,100.0,143.0,2023,-43.0,243.0
401468270,2022-11-02,Dallas Mavericks,Utah Jazz,103.0,100.0,2023,3.0,203.0
401468271,2022-11-02,Portland Trail Blazers,Memphis Grizzlies,106.0,111.0,2023,-5.0,217.0
401468272,2022-11-02,Los Angeles Lakers,New Orleans Pelicans,120.0,117.0,2023,3.0,237.0
401468258,2022-11-01,Brooklyn Nets,Chicago Bulls,99.0,108.0,2023,-9.0,207.0
401468259,2022-11-01,Miami Heat,Golden State Warriors,116.0,109.0,2023,7.0,225.0
401468260,2022-11-01,Oklahoma City Thunder,Orlando Magic,116.0,108.0,2023,8.0,224.0
401468261,2022-11-01,Phoenix Suns,Minnesota Timberwolves,116.0,107.0,2023,9.0,223.0
401468251,2022-10-31,Charlotte Hornets,Sacramento Kings,108.0,115.0,2023,-7.0,223.0
401468252,2022-10-31,Washington Wizards,Philadelphia 76ers,111.0,118.0,2023,-7.0,229.0
401468253,2022-10-31,Brooklyn Nets,Indiana Pacers,116.0,109.0,2023,7.0,225.0
401468254,2022-10-31,Toronto Raptors,Atlanta Hawks,139.0,109.0,2023,30.0,248.0
401468255,2022-10-31,Milwaukee Bucks,Detroit Pistons,110.0,108.0,2023,2.0,218.0
401468256,2022-10-31,Utah Jazz,Memphis Grizzlies,121.0,105.0,2023,16.0,226.0
401468257,2022-10-31,LA Clippers,Houston Rockets,95.0,93.0,2023,2.0,188.0
401468243,2022-10-30,LA Clippers,New Orleans Pelicans,91.0,112.0,2023,-21.0,203.0
401468244,2022-10-30,Boston Celtics,Washington Wizards,112.0,94.0,2023,18.0,206.0
401468245,2022-10-30,Cleveland Cavaliers,New York Knicks,121.0,108.0,2023,13.0,229.0
401468246,2022-10-30,Detroit Pistons,Golden State Warriors,128.0,114.0,2023,14.0,242.0
401468247,2022-10-30,San Antonio Spurs,Minnesota Timberwolves,107.0,98.0,2023,9.0,205.0
401468248,2022-10-30,Dallas Mavericks,Orlando Magic,114.0,105.0,2023,9.0,219.0
401468249,2022-10-30,Phoenix Suns,Houston Rockets,124.0,109.0,2023,15.0,233.0
401468250,2022-10-30,Los Angeles Lakers,Denver Nuggets,121.0,110.0,2023,11.0,231.0
401468236,2022-10-29,Sacramento Kings,Miami Heat,119.0,113.0,2023,6.0,232.0
401468237,2022-10-29,Charlotte Hornets,Golden State Warriors,120.0,113.0,2023,7.0,233.0
401468238,2022-10-29,Brooklyn Nets,Indiana Pacers,116.0,125.0,2023,-9.0,241.0
401468239,2022-10-29,Chicago Bulls,Philadelphia 76ers,109.0,114.0,2023,-5.0,223.0
401468240,2022-10-29,Milwaukee Bucks,Atlanta Hawks,123.0,115.0,2023,8.0,238.0
401468241,2022-10-29,Dallas Mavericks,Oklahoma City Thunder,111.0,117.0,2023,-6.0,228.0
401468242,2022-10-29,Utah Jazz,Memphis Grizzlies,124.0,123.0,2023,1.0,247.0
401468225,2022-10-28,Detroit Pistons,Atlanta Hawks,112.0,136.0,2023,-24.0,248.0
401468226,2022-10-28,Orlando Magic,Charlotte Hornets,113.0,93.0,2023,20.0,206.0
401468227,2022-10-28,Boston Celtics,Cleveland Cavaliers,123.0,132.0,2023,-9.0,255.0
401468228,2022-10-28,Toronto Raptors,Philadelphia 76ers,90.0,112.0,2023,-22.0,202.0
401468229,2022-10-28,Washington Wizards,Indiana Pacers,117.0,127.0,2023,-10.0,244.0
401468230,2022-10-28,Milwaukee Bucks,New York Knicks,119.0,108.0,2023,11.0,227.0
401468231,2022-10-28,Minnesota Timberwolves,Los Angeles Lakers,111.0,102.0,2023,9.0,213.0
401468232,2022-10-28,San Antonio Spurs,Chicago Bulls,129.0,124.0,2023,5.0,253.0
401468233,2022-10-28,Denver Nuggets,Utah Jazz,117.0,101.0,2023,16.0,218.0
401468235,2022-10-28,Portland Trail Blazers,Houston Rockets,125.0,111.0,2023,14.0,236.0
401468234,2022-10-28,Phoenix Suns,New Orleans Pelicans,124.0,111.0,2023,13.0,235.0
401468221,2022-10-27,Brooklyn Nets,Dallas Mavericks,125.0,129.0,2023,-4.0,254.0
401468222,2022-10-27,Oklahoma City Thunder,LA Clippers,118.0,110.0,2023,8.0,228.0
401468223,2022-10-27,Golden State Warriors,Miami Heat,123.0,110.0,2023,13.0,233.0
401468224,2022-10-27,Sacramento Kings,Memphis Grizzlies,110.0,125.0,2023,-15.0,235.0
401468211,2022-10-26,Cleveland Cavaliers,Orlando Magic,103.0,92.0,2023,11.0,195.0
401468212,2022-10-26,Detroit Pistons,Atlanta Hawks,113.0,118.0,2023,-5.0,231.0
401468213,2022-10-26,New York Knicks,Charlotte Hornets,134.0,131.0,2023,3.0,265.0
401468214,2022-10-26,Toronto Raptors,Philadelphia 76ers,119.0,109.0,2023,10.0,228.0
401468215,2022-10-26,Milwaukee Bucks,Brooklyn Nets,110.0,99.0,2023,11.0,209.0
401468216,2022-10-26,Chicago Bulls,Indiana Pacers,124.0,109.0,2023,15.0,233.0
401468217,2022-10-26,Minnesota Timberwolves,San Antonio Spurs,134.0,122.0,2023,12.0,256.0
401468218,2022-10-26,Utah Jazz,Houston Rockets,109.0,101.0,2023,8.0,210.0
401468220,2022-10-26,Portland Trail Blazers,Miami Heat,98.0,119.0,2023,-21.0,217.0
401468219,2022-10-26,Denver Nuggets,Los Angeles Lakers,110.0,99.0,2023,11.0,209.0
401468207,2022-10-25,Washington Wizards,Detroit Pistons,120.0,99.0,2023,21.0,219.0
401468208,2022-10-25,New Orleans Pelicans,Dallas Mavericks,113.0,111.0,2023,2.0,224.0
401468209,2022-10-25,Oklahoma City Thunder,LA Clippers,108.0,94.0,2023,14.0,202.0
401468210,2022-10-25,Phoenix Suns,Golden State Warriors,134.0,105.0,2023,29.0,239.0
401468199,2022-10-24,Philadelphia 76ers,Indiana Pacers,120.0,106.0,2023,14.0,226.0
401468200,2022-10-24,Miami Heat,Toronto Raptors,90.0,98.0,2023,-8.0,188.0
401468201,2022-10-24,New York Knicks,Orlando Magic,115.0,102.0,2023,13.0,217.0
401468202,2022-10-24,Chicago Bulls,Boston Celtics,120.0,102.0,2023,18.0,222.0
401468203,2022-10-24,Houston Rockets,Utah Jazz,114.0,108.0,2023,6.0,222.0
401468204,2022-10-24,Memphis Grizzlies,Brooklyn Nets,134.0,124.0,2023,10.0,258.0
401468205,2022-10-24,Minnesota Timberwolves,San Antonio Spurs,106.0,115.0,2023,-9.0,221.0
401468206,2022-10-24,Portland Trail Blazers,Denver Nuggets,135.0,110.0,2023,25.0,245.0
401468192,2022-10-23,Los Angeles Lakers,Portland Trail Blazers,104.0,106.0,2023,-2.0,210.0
401468193,2022-10-23,Atlanta Hawks,Charlotte Hornets,109.0,126.0,2023,-17.0,235.0
401468194,2022-10-23,Cleveland Cavaliers,Washington Wizards,117.0,107.0,2023,10.0,224.0
401468195,2022-10-23,New Orleans Pelicans,Utah Jazz,121.0,122.0,2023,-1.0,243.0
401468196,2022-10-23,Oklahoma City Thunder,Minnesota Timberwolves,106.0,116.0,2023,-10.0,222.0
401468197,2022-10-23,Golden State Warriors,Sacramento Kings,130.0,125.0,2023,5.0,255.0
401468198,2022-10-23,LA Clippers,Phoenix Suns,95.0,112.0,2023,-17.0,207.0
401468183,2022-10-22,Philadelphia 76ers,San Antonio Spurs,105.0,114.0,2023,-9.0,219.0
401468184,2022-10-22,Indiana Pacers,Detroit Pistons,124.0,115.0,2023,9.0,239.0
401468185,2022-10-22,Orlando Magic,Boston Celtics,120.0,126.0,2023,-6.0,246.0
401468186,2022-10-22,Miami Heat,Toronto Raptors,112.0,109.0,2023,3.0,221.0
401468187,2022-10-22,Chicago Bulls,Cleveland Cavaliers,96.0,128.0,2023,-32.0,224.0
401468188,2022-10-22,Milwaukee Bucks,Houston Rockets,125.0,105.0,2023,20.0,230.0
401468189,2022-10-22,Dallas Mavericks,Memphis Grizzlies,137.0,96.0,2023,41.0,233.0
401468190,2022-10-22,Denver Nuggets,Oklahoma City Thunder,122.0,117.0,2023,5.0,239.0
401468191,2022-10-22,Sacramento Kings,LA Clippers,109.0,111.0,2023,-2.0,220.0
401468172,2022-10-21,Charlotte Hornets,New Orleans Pelicans,112.0,124.0,2023,-12.0,236.0
401468173,2022-10-21,Indiana Pacers,San Antonio Spurs,134.0,137.0,2023,-3.0,271.0
401468174,2022-10-21,Washington Wizards,Chicago Bulls,102.0,100.0,2023,2.0,202.0
401468175,2022-10-21,Atlanta Hawks,Orlando Magic,108.0,98.0,2023,10.0,206.0
401468176,2022-10-21,Brooklyn Nets,Toronto Raptors,109.0,105.0,2023,4.0,214.0
401468177,2022-10-21,Miami Heat,Boston Celtics,104.0,111.0,2023,-7.0,215.0
401468178,2022-10-21,New York Knicks,Detroit Pistons,130.0,106.0,2023,24.0,236.0
401468179,2022-10-21,Houston Rockets,Memphis Grizzlies,122.0,129.0,2023,-7.0,251.0
401468180,2022-10-21,Minnesota Timberwolves,Utah Jazz,126.0,132.0,2023,-6.0,258.0
401468181,2022-10-21,Golden State Warriors,Denver Nuggets,123.0,128.0,2023,-5.0,251.0
401468182,2022-10-21,Portland Trail Blazers,Phoenix Suns,113.0,111.0,2023,2.0,224.0
401468170,2022-10-20,Philadelphia 76ers,Milwaukee Bucks,88.0,90.0,2023,-2.0,178.0
401468171,2022-10-20,Los Angeles Lakers,LA Clippers,97.0,103.0,2023,-6.0,200.0
401468018,2022-10-19,Detroit Pistons,Orlando Magic,113.0,109.0,2023,4.0,222.0
401468019,2022-10-19,Indiana Pacers,Washington Wizards,107.0,114.0,2023,-7.0,221.0
401468020,2022-10-19,Atlanta Hawks,Houston Rockets,117.0,107.0,2023,10.0,224.0
401468021,2022-10-19,Brooklyn Nets,New Orleans Pelicans,108.0,130.0,2023,-22.0,238.0
401468022,2022-10-19,Miami Heat,Chicago Bulls,108.0,116.0,2023,-8.0,224.0
401468023,2022-10-19,Toronto Raptors,Cleveland Cavaliers,108.0,105.0,2023,3.0,213.0
401468024,2022-10-19,Memphis Grizzlies,New York Knicks,115.0,112.0,2023,3.0,227.0
401468025,2022-10-19,Minnesota Timberwolves,Oklahoma City Thunder,115.0,108.0,2023,7.0,223.0
401468026,2022-10-19,San Antonio Spurs,Charlotte Hornets,102.0,129.0,2023,-27.0,231.0
401468027,2022-10-19,Utah Jazz,Denver Nuggets,123.0,102.0,2023,21.0,225.0
401468028,2022-10-19,Phoenix Suns,Dallas Mavericks,107.0,105.0,2023,2.0,212.0
401468029,2022-10-19,Sacramento Kings,Portland Trail Blazers,108.0,115.0,2023,-7.0,223.0
401468016,2022-10-18,Boston Celtics,Philadelphia 76ers,126.0,117.0,2023,9.0,243.0
401468017,2022-10-18,Golden State Warriors,Los Angeles Lakers,123.0,109.0,2023,14.0,232.0
401656363,2024-06-17,Boston Celtics,Dallas Mavericks,106.0,88.0,2024,18.0,194.0
401656362,2024-06-14,Dallas Mavericks,Boston Celtics,122.0,84.0,2024,38.0,206.0
401656361,2024-06-12,Dallas Mavericks,Boston Celtics,99.0,106.0,2024,-7.0,205.0
401656360,2024-06-09,Boston Celtics,Dallas Mavericks,105.0,98.0,2024,7.0,203.0
401656359,2024-06-06,Boston Celtics,Dallas Mavericks,107.0,89.0,2024,18.0,196.0
401672980,2024-05-30,Minnesota Timberwolves,Dallas Mavericks,103.0,124.0,2024,-21.0,227.0
401672979,2024-05-28,Dallas Mavericks,Minnesota Timberwolves,100.0,105.0,2024,-5.0,205.0
401672001,2024-05-27,Indiana Pacers,Boston Celtics,102.0,105.0,2024,-3.0,207.0
401672978,2024-05-26,Dallas Mavericks,Minnesota Timberwolves,116.0,107.0,2024,9.0,223.0
401672000,2024-05-25,Indiana Pacers,Boston Celtics,111.0,114.0,2024,-3.0,225.0
401672977,2024-05-24,Minnesota Timberwolves,Dallas Mavericks,108.0,109.0,2024,-1.0,217.0
401671999,2024-05-23,Boston Celtics,Indiana Pacers,126.0,110.0,2024,16.0,236.0
401672976,2024-05-22,Minnesota Timberwolves,Dallas Mavericks,105.0,108.0,2024,-3.0,213.0
401671998,2024-05-21,Boston Celtics,Indiana Pacers,133.0,128.0,2024,5.0,261.0
401658198,2024-05-19,New York Knicks,Indiana Pacers,109.0,130.0,2024,-21.0,239.0
401657188,2024-05-19,Denver Nuggets,Minnesota Timberwolves,90.0,98.0,2024,-8.0,188.0
401658194,2024-05-18,Dallas Mavericks,Oklahoma City Thunder,117.0,116.0,2024,1.0,233.0
401658197,2024-05-17,Indiana Pacers,New York Knicks,116.0,103.0,2024,13.0,219.0
401657187,2024-05-16,Minnesota Timberwolves,Denver Nuggets,115.0,70.0,2024,45.0,185.0
401658228,2024-05-15,Boston Celtics,Cleveland Cavaliers,113.0,98.0,2024,15.0,211.0
401658192,2024-05-15,Oklahoma City Thunder,Dallas Mavericks,92.0,104.0,2024,-12.0,196.0
401658196,2024-05-14,New York Knicks,Indiana Pacers,121.0,91.0,2024,30.0,212.0
401657186,2024-05-14,Denver Nuggets,Minnesota Timberwolves,112.0,97.0,2024,15.0,209.0
401658227,2024-05-13,Cleveland Cavaliers,Boston Celtics,102.0,109.0,2024,-7.0,211.0
401658191,2024-05-13,Dallas Mavericks,Oklahoma City Thunder,96.0,100.0,2024,-4.0,196.0
401657423,2024-05-12,Indiana Pacers,New York Knicks,121.0,89.0,2024,32.0,210.0
401657185,2024-05-12,Minnesota Timberwolves,Denver Nuggets,107.0,115.0,2024,-8.0,222.0
401658190,2024-05-11,Dallas Mavericks,Oklahoma City Thunder,105.0,101.0,2024,4.0,206.0
401658226,2024-05-11,Cleveland Cavaliers,Boston Celtics,93.0,106.0,2024,-13.0,199.0
401657422,2024-05-10,Indiana Pacers,New York Knicks,111.0,106.0,2024,5.0,217.0
401657184,2024-05-10,Minnesota Timberwolves,Denver Nuggets,90.0,117.0,2024,-27.0,207.0
401658225,2024-05-09,Boston Celtics,Cleveland Cavaliers,94.0,118.0,2024,-24.0,212.0
401658188,2024-05-09,Oklahoma City Thunder,Dallas Mavericks,110.0,119.0,2024,-9.0,229.0
401657421,2024-05-08,New York Knicks,Indiana Pacers,130.0,121.0,2024,9.0,251.0
401658224,2024-05-07,Boston Celtics,Cleveland Cavaliers,120.0,95.0,2024,25.0,215.0
401657231,2024-05-07,Oklahoma City Thunder,Dallas Mavericks,117.0,95.0,2024,22.0,212.0
401657420,2024-05-06,New York Knicks,Indiana Pacers,121.0,117.0,2024,4.0,238.0
401657183,2024-05-06,Denver Nuggets,Minnesota Timberwolves,80.0,106.0,2024,-26.0,186.0
401655123,2024-05-05,Cleveland Cavaliers,Orlando Magic,106.0,94.0,2024,12.0,200.0
401657182,2024-05-04,Denver Nuggets,Minnesota Timberwolves,99.0,106.0,2024,-7.0,205.0
401655122,2024-05-03,Orlando Magic,Cleveland Cavaliers,103.0,96.0,2024,7.0,199.0
401655098,2024-05-03,Dallas Mavericks,LA Clippers,114.0,101.0,2024,13.0,215.0
401655116,2024-05-02,Indiana Pacers,Milwaukee Bucks,120.0,98.0,2024,22.0,218.0
401655110,2024-05-02,Philadelphia 76ers,New York Knicks,115.0,118.0,2024,-3.0,233.0
401655103,2024-05-01,Boston Celtics,Miami Heat,118.0,84.0,2024,34.0,202.0
401655097,2024-05-01,LA Clippers,Dallas Mavericks,93.0,123.0,2024,-30.0,216.0
401655109,2024-04-30,New York Knicks,Philadelphia 76ers,106.0,112.0,2024,-6.0,218.0
401655121,2024-04-30,Cleveland Cavaliers,Orlando Magic,104.0,103.0,2024,1.0,207.0
401655115,2024-04-30,Milwaukee Bucks,Indiana Pacers,115.0,92.0,2024,23.0,207.0
401655102,2024-04-29,Miami Heat,Boston Celtics,88.0,102.0,2024,-14.0,190.0
401655078,2024-04-29,New Orleans Pelicans,Oklahoma City Thunder,89.0,97.0,2024,-8.0,186.0
401655085,2024-04-29,Denver Nuggets,Los Angeles Lakers,108.0,106.0,2024,2.0,214.0
401655108,2024-04-28,Philadelphia 76ers,New York Knicks,92.0,97.0,2024,-5.0,189.0
401655096,2024-04-28,Dallas Mavericks,LA Clippers,111.0,116.0,2024,-5.0,227.0
401655114,2024-04-28,Indiana Pacers,Milwaukee Bucks,126.0,113.0,2024,13.0,239.0
401655090,2024-04-28,Phoenix Suns,Minnesota Timberwolves,116.0,122.0,2024,-6.0,238.0
401655120,2024-04-27,Orlando Magic,Cleveland Cavaliers,112.0,89.0,2024,23.0,201.0
401655077,2024-04-27,New Orleans Pelicans,Oklahoma City Thunder,85.0,106.0,2024,-21.0,191.0
401655101,2024-04-27,Miami Heat,Boston Celtics,84.0,104.0,2024,-20.0,188.0
401655084,2024-04-27,Los Angeles Lakers,Denver Nuggets,119.0,108.0,2024,11.0,227.0
401655113,2024-04-26,Indiana Pacers,Milwaukee Bucks,121.0,118.0,2024,3.0,239.0
401655095,2024-04-26,Dallas Mavericks,LA Clippers,101.0,90.0,2024,11.0,191.0
401655089,2024-04-26,Phoenix Suns,Minnesota Timberwolves,109.0,126.0,2024,-17.0,235.0
401655119,2024-04-25,Orlando Magic,Cleveland Cavaliers,121.0,83.0,2024,38.0,204.0
401655107,2024-04-25,Philadelphia 76ers,New York Knicks,125.0,114.0,2024,11.0,239.0
401655083,2024-04-25,Los Angeles Lakers,Denver Nuggets,105.0,112.0,2024,-7.0,217.0
401655100,2024-04-24,Boston Celtics,Miami Heat,101.0,111.0,2024,-10.0,212.0
401655076,2024-04-24,Oklahoma City Thunder,New Orleans Pelicans,124.0,92.0,2024,32.0,216.0
401655088,2024-04-23,Minnesota Timberwolves,Phoenix Suns,105.0,93.0,2024,12.0,198.0
401655112,2024-04-23,Milwaukee Bucks,Indiana Pacers,108.0,125.0,2024,-17.0,233.0
401655094,2024-04-23,LA Clippers,Dallas Mavericks,93.0,96.0,2024,-3.0,189.0
401655118,2024-04-22,Cleveland Cavaliers,Orlando Magic,96.0,86.0,2024,10.0,182.0
401655106,2024-04-22,New York Knicks,Philadelphia 76ers,104.0,101.0,2024,3.0,205.0
401655082,2024-04-22,Denver Nuggets,Los Angeles Lakers,101.0,99.0,2024,2.0,200.0
401654760,2024-04-21,Boston Celtics,Miami Heat,114.0,94.0,2024,20.0,208.0
401654763,2024-04-21,LA Clippers,Dallas Mavericks,109.0,97.0,2024,12.0,206.0
401654761,2024-04-21,Milwaukee Bucks,Indiana Pacers,109.0,94.0,2024,15.0,203.0
401654762,2024-04-21,Oklahoma City Thunder,New Orleans Pelicans,94.0,92.0,2024,2.0,186.0
401654757,2024-04-20,Cleveland Cavaliers,Orlando Magic,97.0,83.0,2024,14.0,180.0
401654759,2024-04-20,Minnesota Timberwolves,Phoenix Suns,120.0,95.0,2024,25.0,215.0
401654756,2024-04-20,New York Knicks,Philadelphia 76ers,111.0,104.0,2024,7.0,215.0
401654758,2024-04-20,Denver Nuggets,Los Angeles Lakers,114.0,103.0,2024,11.0,217.0
401654660,2024-04-19,Miami Heat,Chicago Bulls,112.0,91.0,2024,21.0,203.0
401654661,2024-04-19,New Orleans Pelicans,Sacramento Kings,105.0,98.0,2024,7.0,203.0
401654659,2024-04-17,Philadelphia 76ers,Miami Heat,105.0,104.0,2024,1.0,209.0
401654658,2024-04-17,Chicago Bulls,Atlanta Hawks,131.0,116.0,2024,15.0,247.0
401654655,2024-04-16,New Orleans Pelicans,Los Angeles Lakers,106.0,110.0,2024,-4.0,216.0
401654656,2024-04-16,Sacramento Kings,Golden State Warriors,118.0,94.0,2024,24.0,212.0
401585814,2024-04-14,Boston Celtics,Washington Wizards,132.0,122.0,2024,10.0,254.0
401585815,2024-04-14,Cleveland Cavaliers,Charlotte Hornets,110.0,120.0,2024,-10.0,230.0
401585816,2024-04-14,Indiana Pacers,Atlanta Hawks,157.0,115.0,2024,42.0,272.0
401585817,2024-04-14,Miami Heat,Toronto Raptors,118.0,103.0,2024,15.0,221.0
401585818,2024-04-14,New York Knicks,Chicago Bulls,120.0,119.0,2024,1.0,239.0
401585819,2024-04-14,Orlando Magic,Milwaukee Bucks,113.0,88.0,2024,25.0,201.0
401585820,2024-04-14,Philadelphia 76ers,Brooklyn Nets,107.0,86.0,2024,21.0,193.0
401585821,2024-04-14,Memphis Grizzlies,Denver Nuggets,111.0,126.0,2024,-15.0,237.0
401585822,2024-04-14,Minnesota Timberwolves,Phoenix Suns,106.0,125.0,2024,-19.0,231.0
401585823,2024-04-14,New Orleans Pelicans,Los Angeles Lakers,108.0,124.0,2024,-16.0,232.0
401585824,2024-04-14,Oklahoma City Thunder,Dallas Mavericks,135.0,86.0,2024,49.0,221.0
401585825,2024-04-14,San Antonio Spurs,Detroit Pistons,123.0,95.0,2024,28.0,218.0
401585826,2024-04-14,Golden State Warriors,Utah Jazz,123.0,116.0,2024,7.0,239.0
401585827,2024-04-14,LA Clippers,Houston Rockets,105.0,116.0,2024,-11.0,221.0
401585828,2024-04-14,Sacramento Kings,Portland Trail Blazers,121.0,82.0,2024,39.0,203.0
401585799,2024-04-12,Philadelphia 76ers,Orlando Magic,125.0,113.0,2024,12.0,238.0
401585800,2024-04-12,Washington Wizards,Chicago Bulls,127.0,129.0,2024,-2.0,256.0
401585801,2024-04-12,Boston Celtics,Charlotte Hornets,131.0,98.0,2024,33.0,229.0
401585802,2024-04-12,Cleveland Cavaliers,Indiana Pacers,129.0,120.0,2024,9.0,249.0
401585803,2024-04-12,New York Knicks,Brooklyn Nets,111.0,107.0,2024,4.0,218.0
401585804,2024-04-12,Miami Heat,Toronto Raptors,125.0,103.0,2024,22.0,228.0
401585805,2024-04-12,Memphis Grizzlies,Los Angeles Lakers,120.0,123.0,2024,-3.0,243.0
401585806,2024-04-12,Minnesota Timberwolves,Atlanta Hawks,109.0,106.0,2024,3.0,215.0
401585807,2024-04-12,Oklahoma City Thunder,Milwaukee Bucks,125.0,107.0,2024,18.0,232.0
401585808,2024-04-12,San Antonio Spurs,Denver Nuggets,121.0,120.0,2024,1.0,241.0
401585809,2024-04-12,Dallas Mavericks,Detroit Pistons,89.0,107.0,2024,-18.0,196.0
401585810,2024-04-12,Golden State Warriors,New Orleans Pelicans,109.0,114.0,2024,-5.0,223.0
401585811,2024-04-12,Portland Trail Blazers,Houston Rockets,107.0,116.0,2024,-9.0,223.0
401585812,2024-04-12,LA Clippers,Utah Jazz,109.0,110.0,2024,-1.0,219.0
401585813,2024-04-12,Sacramento Kings,Phoenix Suns,107.0,108.0,2024,-1.0,215.0
401585794,2024-04-11,Detroit Pistons,Chicago Bulls,105.0,127.0,2024,-22.0,232.0
401585795,2024-04-11,Boston Celtics,New York Knicks,109.0,118.0,2024,-9.0,227.0
401585796,2024-04-11,Utah Jazz,Houston Rockets,124.0,121.0,2024,3.0,245.0
401585797,2024-04-11,Portland Trail Blazers,Golden State Warriors,92.0,100.0,2024,-8.0,192.0
401585798,2024-04-11,Sacramento Kings,New Orleans Pelicans,123.0,135.0,2024,-12.0,258.0
401585786,2024-04-10,Cleveland Cavaliers,Memphis Grizzlies,110.0,98.0,2024,12.0,208.0
401585787,2024-04-10,Atlanta Hawks,Charlotte Hornets,114.0,115.0,2024,-1.0,229.0
401585788,2024-04-10,Brooklyn Nets,Toronto Raptors,106.0,102.0,2024,4.0,208.0
401585789,2024-04-10,Miami Heat,Dallas Mavericks,92.0,111.0,2024,-19.0,203.0
401585790,2024-04-10,Milwaukee Bucks,Orlando Magic,117.0,99.0,2024,18.0,216.0
401585791,2024-04-10,Oklahoma City Thunder,San Antonio Spurs,127.0,89.0,2024,38.0,216.0
401585792,2024-04-10,Denver Nuggets,Minnesota Timberwolves,116.0,107.0,2024,9.0,223.0
401585793,2024-04-10,LA Clippers,Phoenix Suns,108.0,124.0,2024,-16.0,232.0
401585772,2024-04-09,Charlotte Hornets,Dallas Mavericks,104.0,130.0,2024,-26.0,234.0
401585773,2024-04-09,Philadelphia 76ers,Detroit Pistons,120.0,102.0,2024,18.0,222.0
401585774,2024-04-09,Toronto Raptors,Indiana Pacers,123.0,140.0,2024,-17.0,263.0
401585775,2024-04-09,Atlanta Hawks,Miami Heat,111.0,117.0,2024,-6.0,228.0
401585776,2024-04-09,Milwaukee Bucks,Boston Celtics,104.0,91.0,2024,13.0,195.0
401585777,2024-04-09,Chicago Bulls,New York Knicks,117.0,128.0,2024,-11.0,245.0
401585778,2024-04-09,Houston Rockets,Orlando Magic,118.0,106.0,2024,12.0,224.0
401585779,2024-04-09,Memphis Grizzlies,San Antonio Spurs,87.0,102.0,2024,-15.0,189.0
401585780,2024-04-09,Minnesota Timberwolves,Washington Wizards,130.0,121.0,2024,9.0,251.0
401585781,2024-04-09,Oklahoma City Thunder,Sacramento Kings,112.0,105.0,2024,7.0,217.0
401585782,2024-04-09,Utah Jazz,Denver Nuggets,95.0,111.0,2024,-16.0,206.0
401585783,2024-04-09,Los Angeles Lakers,Golden State Warriors,120.0,134.0,2024,-14.0,254.0
401585784,2024-04-09,Phoenix Suns,LA Clippers,92.0,105.0,2024,-13.0,197.0
401585785,2024-04-09,Portland Trail Blazers,New Orleans Pelicans,100.0,110.0,2024,-10.0,210.0
401585759,2024-04-07,Dallas Mavericks,Houston Rockets,147.0,136.0,2024,11.0,283.0
401585760,2024-04-07,LA Clippers,Cleveland Cavaliers,120.0,118.0,2024,2.0,238.0
401585761,2024-04-07,Indiana Pacers,Miami Heat,117.0,115.0,2024,2.0,232.0
401585762,2024-04-07,Boston Celtics,Portland Trail Blazers,124.0,107.0,2024,17.0,231.0
401585763,2024-04-07,Charlotte Hornets,Oklahoma City Thunder,118.0,121.0,2024,-3.0,239.0
401585764,2024-04-07,Orlando Magic,Chicago Bulls,113.0,98.0,2024,15.0,211.0
401585765,2024-04-07,Toronto Raptors,Washington Wizards,130.0,122.0,2024,8.0,252.0
401585766,2024-04-07,Phoenix Suns,New Orleans Pelicans,105.0,113.0,2024,-8.0,218.0
401585767,2024-04-07,Milwaukee Bucks,New York Knicks,109.0,122.0,2024,-13.0,231.0
401585768,2024-04-07,San Antonio Spurs,Philadelphia 76ers,126.0,133.0,2024,-7.0,259.0
401585769,2024-04-07,Brooklyn Nets,Sacramento Kings,77.0,107.0,2024,-30.0,184.0
401585770,2024-04-07,Golden State Warriors,Utah Jazz,118.0,110.0,2024,8.0,228.0
401585771,2024-04-07,Los Angeles Lakers,Minnesota Timberwolves,117.0,127.0,2024,-10.0,244.0
401585755,2024-04-06,Los Angeles Lakers,Cleveland Cavaliers,116.0,97.0,2024,19.0,213.0
401585756,2024-04-06,Brooklyn Nets,Detroit Pistons,113.0,103.0,2024,10.0,216.0
401585757,2024-04-06,Memphis Grizzlies,Philadelphia 76ers,96.0,116.0,2024,-20.0,212.0
401585758,2024-04-06,Denver Nuggets,Atlanta Hawks,142.0,110.0,2024,32.0,252.0
401585743,2024-04-05,Charlotte Hornets,Orlando Magic,124.0,115.0,2024,9.0,239.0
401585744,2024-04-05,Indiana Pacers,Oklahoma City Thunder,126.0,112.0,2024,14.0,238.0
401585745,2024-04-05,Washington Wizards,Portland Trail Blazers,102.0,108.0,2024,-6.0,210.0
401585746,2024-04-05,Boston Celtics,Sacramento Kings,101.0,100.0,2024,1.0,201.0
401585747,2024-04-05,Chicago Bulls,New York Knicks,108.0,100.0,2024,8.0,208.0
401585748,2024-04-05,Houston Rockets,Miami Heat,104.0,119.0,2024,-15.0,223.0
401585749,2024-04-05,Memphis Grizzlies,Detroit Pistons,108.0,90.0,2024,18.0,198.0
401585750,2024-04-05,Milwaukee Bucks,Toronto Raptors,111.0,117.0,2024,-6.0,228.0
401585751,2024-04-05,New Orleans Pelicans,San Antonio Spurs,109.0,111.0,2024,-2.0,220.0
401585725,2024-04-05,Dallas Mavericks,Golden State Warriors,108.0,106.0,2024,2.0,214.0
401585753,2024-04-05,Phoenix Suns,Minnesota Timberwolves,97.0,87.0,2024,10.0,184.0
401585754,2024-04-05,LA Clippers,Utah Jazz,131.0,102.0,2024,29.0,233.0
401585739,2024-04-04,Miami Heat,Philadelphia 76ers,105.0,109.0,2024,-4.0,214.0
401585740,2024-04-04,New York Knicks,Sacramento Kings,120.0,109.0,2024,11.0,229.0
401585752,2024-04-04,Dallas Mavericks,Atlanta Hawks,109.0,95.0,2024,14.0,204.0
401585741,2024-04-04,Houston Rockets,Golden State Warriors,110.0,133.0,2024,-23.0,243.0
401585742,2024-04-04,LA Clippers,Denver Nuggets,102.0,100.0,2024,2.0,202.0
401585730,2024-04-03,Charlotte Hornets,Portland Trail Blazers,86.0,89.0,2024,-3.0,175.0
401585731,2024-04-03,Washington Wizards,Los Angeles Lakers,120.0,125.0,2024,-5.0,245.0
401585732,2024-04-03,Atlanta Hawks,Detroit Pistons,121.0,113.0,2024,8.0,234.0
401585733,2024-04-03,Boston Celtics,Oklahoma City Thunder,135.0,100.0,2024,35.0,235.0
401585734,2024-04-03,Brooklyn Nets,Indiana Pacers,115.0,111.0,2024,4.0,226.0
401585735,2024-04-03,Milwaukee Bucks,Memphis Grizzlies,101.0,111.0,2024,-10.0,212.0
401585736,2024-04-03,Minnesota Timberwolves,Toronto Raptors,133.0,85.0,2024,48.0,218.0
401585737,2024-04-03,New Orleans Pelicans,Orlando Magic,108.0,117.0,2024,-9.0,225.0
401585738,2024-04-03,Phoenix Suns,Cleveland Cavaliers,122.0,101.0,2024,21.0,223.0
401585722,2024-04-02,Toronto Raptors,Los Angeles Lakers,111.0,128.0,2024,-17.0,239.0
401585723,2024-04-02,Washington Wizards,Milwaukee Bucks,117.0,113.0,2024,4.0,230.0
401585721,2024-04-02,Philadelphia 76ers,Oklahoma City Thunder,109.0,105.0,2024,4.0,214.0
401585724,2024-04-02,Miami Heat,New York Knicks,109.0,99.0,2024,10.0,208.0
401585726,2024-04-02,Minnesota Timberwolves,Houston Rockets,113.0,106.0,2024,7.0,219.0
401585727,2024-04-02,Denver Nuggets,San Antonio Spurs,110.0,105.0,2024,5.0,215.0
401585728,2024-04-02,Utah Jazz,Cleveland Cavaliers,113.0,129.0,2024,-16.0,242.0
401585729,2024-04-02,Sacramento Kings,LA Clippers,109.0,95.0,2024,14.0,204.0
401636114,2024-04-02,Golden State Warriors,Dallas Mavericks,104.0,100.0,2024,4.0,204.0
401585715,2024-04-01,Charlotte Hornets,Boston Celtics,104.0,118.0,2024,-14.0,222.0
401585716,2024-04-01,Detroit Pistons,Memphis Grizzlies,108.0,110.0,2024,-2.0,218.0
401585717,2024-04-01,Indiana Pacers,Brooklyn Nets,133.0,111.0,2024,22.0,244.0
401585718,2024-04-01,Orlando Magic,Portland Trail Blazers,104.0,103.0,2024,1.0,207.0
401585719,2024-04-01,Chicago Bulls,Atlanta Hawks,101.0,113.0,2024,-12.0,214.0
401585720,2024-04-01,New Orleans Pelicans,Phoenix Suns,111.0,124.0,2024,-13.0,235.0
401585705,2024-03-31,Denver Nuggets,Cleveland Cavaliers,130.0,101.0,2024,29.0,231.0
401585706,2024-03-31,Brooklyn Nets,Los Angeles Lakers,104.0,116.0,2024,-12.0,220.0
401585707,2024-03-31,Charlotte Hornets,LA Clippers,118.0,130.0,2024,-12.0,248.0
401585708,2024-03-31,Toronto Raptors,Philadelphia 76ers,120.0,135.0,2024,-15.0,255.0
401585709,2024-03-31,Washington Wizards,Miami Heat,107.0,119.0,2024,-12.0,226.0
401585710,2024-03-31,New York Knicks,Oklahoma City Thunder,112.0,113.0,2024,-1.0,225.0
401585711,2024-03-31,Houston Rockets,Dallas Mavericks,107.0,125.0,2024,-18.0,232.0
401585712,2024-03-31,Minnesota Timberwolves,Chicago Bulls,101.0,109.0,2024,-8.0,210.0
401585713,2024-03-31,San Antonio Spurs,Golden State Warriors,113.0,117.0,2024,-4.0,230.0
401585714,2024-03-31,Sacramento Kings,Utah Jazz,127.0,106.0,2024,21.0,233.0
401585702,2024-03-30,New Orleans Pelicans,Boston Celtics,92.0,104.0,2024,-12.0,196.0
401585703,2024-03-30,Orlando Magic,Memphis Grizzlies,118.0,88.0,2024,30.0,206.0
401585704,2024-03-30,Atlanta Hawks,Milwaukee Bucks,113.0,122.0,2024,-9.0,235.0
401585690,2024-03-29,Charlotte Hornets,Golden State Warriors,97.0,115.0,2024,-18.0,212.0
401585691,2024-03-29,Indiana Pacers,Los Angeles Lakers,109.0,90.0,2024,19.0,199.0
401585692,2024-03-29,Orlando Magic,LA Clippers,97.0,100.0,2024,-3.0,197.0
401585693,2024-03-29,Washington Wizards,Detroit Pistons,87.0,96.0,2024,-9.0,183.0
401585694,2024-03-29,Brooklyn Nets,Chicago Bulls,125.0,108.0,2024,17.0,233.0
401585695,2024-03-29,Cleveland Cavaliers,Philadelphia 76ers,117.0,114.0,2024,3.0,231.0
401585696,2024-03-29,Miami Heat,Portland Trail Blazers,142.0,82.0,2024,60.0,224.0
401585697,2024-03-29,Oklahoma City Thunder,Phoenix Suns,128.0,103.0,2024,25.0,231.0
401585698,2024-03-29,San Antonio Spurs,New York Knicks,130.0,126.0,2024,4.0,256.0
401585699,2024-03-29,Denver Nuggets,Minnesota Timberwolves,98.0,111.0,2024,-13.0,209.0
401585700,2024-03-29,Utah Jazz,Houston Rockets,100.0,101.0,2024,-1.0,201.0
401585701,2024-03-29,Sacramento Kings,Dallas Mavericks,103.0,107.0,2024,-4.0,210.0
401585688,2024-03-28,Atlanta Hawks,Boston Celtics,123.0,122.0,2024,1.0,245.0
401585689,2024-03-28,New Orleans Pelicans,Milwaukee Bucks,107.0,100.0,2024,7.0,207.0
401585676,2024-03-27,Charlotte Hornets,Cleveland Cavaliers,118.0,111.0,2024,7.0,229.0
401585677,2024-03-27,Orlando Magic,Golden State Warriors,93.0,101.0,2024,-8.0,194.0
401585678,2024-03-27,Washington Wizards,Brooklyn Nets,119.0,122.0,2024,-3.0,241.0
401585679,2024-03-27,Atlanta Hawks,Portland Trail Blazers,120.0,106.0,2024,14.0,226.0
401585680,2024-03-27,Philadelphia 76ers,LA Clippers,107.0,108.0,2024,-1.0,215.0
401585681,2024-03-27,Toronto Raptors,New York Knicks,101.0,145.0,2024,-44.0,246.0
401585682,2024-03-27,Chicago Bulls,Indiana Pacers,125.0,99.0,2024,26.0,224.0
401585683,2024-03-27,Memphis Grizzlies,Los Angeles Lakers,124.0,136.0,2024,-12.0,260.0
401585684,2024-03-27,Minnesota Timberwolves,Detroit Pistons,106.0,91.0,2024,15.0,197.0
401585685,2024-03-27,Oklahoma City Thunder,Houston Rockets,126.0,132.0,2024,-6.0,258.0
401585686,2024-03-27,Utah Jazz,San Antonio Spurs,111.0,118.0,2024,-7.0,229.0
401585687,2024-03-27,Denver Nuggets,Phoenix Suns,97.0,104.0,2024,-7.0,201.0
401585672,2024-03-26,Miami Heat,Golden State Warriors,92.0,113.0,2024,-21.0,205.0
401585673,2024-03-26,Milwaukee Bucks,Los Angeles Lakers,124.0,128.0,2024,-4.0,252.0
401585674,2024-03-26,New Orleans Pelicans,Oklahoma City Thunder,112.0,119.0,2024,-7.0,231.0
401585675,2024-03-26,Sacramento Kings,Dallas Mavericks,96.0,132.0,2024,-36.0,228.0
401585661,2024-03-25,Cleveland Cavaliers,Charlotte Hornets,115.0,92.0,2024,23.0,207.0
401585662,2024-03-25,Atlanta Hawks,Boston Celtics,120.0,118.0,2024,2.0,238.0
401585663,2024-03-25,New York Knicks,Detroit Pistons,124.0,99.0,2024,25.0,223.0
401585664,2024-03-25,Toronto Raptors,Brooklyn Nets,88.0,96.0,2024,-8.0,184.0
401585665,2024-03-25,Chicago Bulls,Washington Wizards,105.0,107.0,2024,-2.0,212.0
401585666,2024-03-25,Houston Rockets,Portland Trail Blazers,110.0,92.0,2024,18.0,202.0
401585667,2024-03-25,San Antonio Spurs,Phoenix Suns,104.0,102.0,2024,2.0,206.0
401585668,2024-03-25,Denver Nuggets,Memphis Grizzlies,128.0,103.0,2024,25.0,231.0
401585669,2024-03-25,Utah Jazz,Dallas Mavericks,105.0,115.0,2024,-10.0,220.0
401585670,2024-03-25,Sacramento Kings,Philadelphia 76ers,108.0,96.0,2024,12.0,204.0
401585671,2024-03-25,LA Clippers,Indiana Pacers,116.0,133.0,2024,-17.0,249.0
401585655,2024-03-24,Detroit Pistons,New Orleans Pelicans,101.0,114.0,2024,-13.0,215.0
401585656,2024-03-24,LA Clippers,Philadelphia 76ers,107.0,121.0,2024,-14.0,228.0
401585657,2024-03-24,Miami Heat,Cleveland Cavaliers,121.0,84.0,2024,37.0,205.0
401585658,2024-03-24,Milwaukee Bucks,Oklahoma City Thunder,118.0,93.0,2024,25.0,211.0
401585659,2024-03-24,Minnesota Timberwolves,Golden State Warriors,114.0,110.0,2024,4.0,224.0
401585660,2024-03-24,Los Angeles Lakers,Indiana Pacers,150.0,145.0,2024,5.0,295.0
401585647,2024-03-23,New York Knicks,Brooklyn Nets,105.0,93.0,2024,12.0,198.0
401585648,2024-03-23,Orlando Magic,Sacramento Kings,107.0,109.0,2024,-2.0,216.0
401585649,2024-03-23,Atlanta Hawks,Charlotte Hornets,132.0,91.0,2024,41.0,223.0
401585650,2024-03-23,Washington Wizards,Toronto Raptors,112.0,109.0,2024,3.0,221.0
401585651,2024-03-23,Chicago Bulls,Boston Celtics,113.0,124.0,2024,-11.0,237.0
401585652,2024-03-23,Houston Rockets,Utah Jazz,147.0,119.0,2024,28.0,266.0
401585653,2024-03-23,San Antonio Spurs,Phoenix Suns,106.0,131.0,2024,-25.0,237.0
401585654,2024-03-23,Portland Trail Blazers,Denver Nuggets,111.0,114.0,2024,-3.0,225.0
401585639,2024-03-22,Detroit Pistons,Boston Celtics,102.0,129.0,2024,-27.0,231.0
401585640,2024-03-22,Toronto Raptors,Oklahoma City Thunder,103.0,123.0,2024,-20.0,226.0
401585641,2024-03-22,Miami Heat,New Orleans Pelicans,88.0,111.0,2024,-23.0,199.0
401585642,2024-03-22,Minnesota Timberwolves,Cleveland Cavaliers,104.0,91.0,2024,13.0,195.0
401585643,2024-03-22,San Antonio Spurs,Memphis Grizzlies,97.0,99.0,2024,-2.0,196.0
401585644,2024-03-22,Golden State Warriors,Indiana Pacers,111.0,123.0,2024,-12.0,234.0
401585645,2024-03-22,Portland Trail Blazers,LA Clippers,117.0,125.0,2024,-8.0,242.0
401585646,2024-03-22,Los Angeles Lakers,Philadelphia 76ers,101.0,94.0,2024,7.0,195.0
401585632,2024-03-21,Orlando Magic,New Orleans Pelicans,121.0,106.0,2024,15.0,227.0
401585633,2024-03-21,Washington Wizards,Sacramento Kings,109.0,102.0,2024,7.0,211.0
401585634,2024-03-21,Houston Rockets,Chicago Bulls,127.0,117.0,2024,10.0,244.0
401585635,2024-03-21,Milwaukee Bucks,Brooklyn Nets,115.0,108.0,2024,7.0,223.0
401585636,2024-03-21,Dallas Mavericks,Utah Jazz,113.0,97.0,2024,16.0,210.0
401585637,2024-03-21,Denver Nuggets,New York Knicks,113.0,100.0,2024,13.0,213.0
401585638,2024-03-21,Phoenix Suns,Atlanta Hawks,128.0,115.0,2024,13.0,243.0
401585624,2024-03-20,Cleveland Cavaliers,Miami Heat,104.0,107.0,2024,-3.0,211.0
401585625,2024-03-20,Detroit Pistons,Indiana Pacers,103.0,122.0,2024,-19.0,225.0
401585626,2024-03-20,Boston Celtics,Milwaukee Bucks,122.0,119.0,2024,3.0,241.0
401585627,2024-03-20,Toronto Raptors,Sacramento Kings,89.0,123.0,2024,-34.0,212.0
401585628,2024-03-20,Oklahoma City Thunder,Utah Jazz,119.0,107.0,2024,12.0,226.0
401585629,2024-03-20,Golden State Warriors,Memphis Grizzlies,137.0,116.0,2024,21.0,253.0
401585630,2024-03-20,Phoenix Suns,Philadelphia 76ers,115.0,102.0,2024,13.0,217.0
401585631,2024-03-20,Portland Trail Blazers,LA Clippers,103.0,116.0,2024,-13.0,219.0
401585619,2024-03-19,Orlando Magic,Charlotte Hornets,112.0,92.0,2024,20.0,204.0
401585620,2024-03-19,Washington Wizards,Houston Rockets,114.0,137.0,2024,-23.0,251.0
401585621,2024-03-19,Brooklyn Nets,New Orleans Pelicans,91.0,104.0,2024,-13.0,195.0
401585622,2024-03-19,San Antonio Spurs,Dallas Mavericks,107.0,113.0,2024,-6.0,220.0
401585623,2024-03-19,Minnesota Timberwolves,Denver Nuggets,112.0,115.0,2024,-3.0,227.0
401585611,2024-03-18,Indiana Pacers,Cleveland Cavaliers,103.0,108.0,2024,-5.0,211.0
401585612,2024-03-18,Boston Celtics,Detroit Pistons,119.0,94.0,2024,25.0,213.0
401585613,2024-03-18,Philadelphia 76ers,Miami Heat,98.0,91.0,2024,7.0,189.0
401585614,2024-03-18,Chicago Bulls,Portland Trail Blazers,110.0,107.0,2024,3.0,217.0
401585615,2024-03-18,Utah Jazz,Minnesota Timberwolves,104.0,114.0,2024,-10.0,218.0
401585616,2024-03-18,Golden State Warriors,New York Knicks,112.0,119.0,2024,-7.0,231.0
401585617,2024-03-18,Sacramento Kings,Memphis Grizzlies,121.0,111.0,2024,10.0,232.0
401585618,2024-03-18,Los Angeles Lakers,Atlanta Hawks,136.0,105.0,2024,31.0,241.0
401585604,2024-03-17,Milwaukee Bucks,Phoenix Suns,140.0,129.0,2024,11.0,269.0
401585605,2024-03-17,Detroit Pistons,Miami Heat,101.0,104.0,2024,-3.0,205.0
401585606,2024-03-17,Dallas Mavericks,Denver Nuggets,107.0,105.0,2024,2.0,212.0
401585607,2024-03-17,Orlando Magic,Toronto Raptors,111.0,96.0,2024,15.0,207.0
401585608,2024-03-17,Washington Wizards,Boston Celtics,104.0,130.0,2024,-26.0,234.0
401585609,2024-03-17,San Antonio Spurs,Brooklyn Nets,122.0,115.0,2024,7.0,237.0
401585610,2024-03-17,LA Clippers,Atlanta Hawks,93.0,110.0,2024,-17.0,203.0
401585595,2024-03-16,Houston Rockets,Cleveland Cavaliers,117.0,103.0,2024,14.0,220.0
401585596,2024-03-16,Indiana Pacers,Brooklyn Nets,121.0,100.0,2024,21.0,221.0
401585597,2024-03-16,Philadelphia 76ers,Charlotte Hornets,109.0,98.0,2024,11.0,207.0
401585598,2024-03-16,New Orleans Pelicans,Portland Trail Blazers,126.0,107.0,2024,19.0,233.0
401585599,2024-03-16,Chicago Bulls,Washington Wizards,127.0,98.0,2024,29.0,225.0
401585600,2024-03-16,Memphis Grizzlies,Oklahoma City Thunder,112.0,118.0,2024,-6.0,230.0
401585601,2024-03-16,Los Angeles Lakers,Golden State Warriors,121.0,128.0,2024,-7.0,249.0
401585602,2024-03-16,Utah Jazz,Minnesota Timberwolves,100.0,119.0,2024,-19.0,219.0
401585603,2024-03-16,Sacramento Kings,New York Knicks,91.0,98.0,2024,-7.0,189.0
401585589,2024-03-15,Charlotte Hornets,Phoenix Suns,96.0,107.0,2024,-11.0,203.0
401585590,2024-03-15,Detroit Pistons,Miami Heat,95.0,108.0,2024,-13.0,203.0
401585591,2024-03-15,Toronto Raptors,Orlando Magic,103.0,113.0,2024,-10.0,216.0
401585592,2024-03-15,New Orleans Pelicans,LA Clippers,112.0,104.0,2024,8.0,216.0
401585593,2024-03-15,San Antonio Spurs,Denver Nuggets,106.0,117.0,2024,-11.0,223.0
401585594,2024-03-15,Utah Jazz,Atlanta Hawks,124.0,122.0,2024,2.0,246.0
401585583,2024-03-14,Boston Celtics,Phoenix Suns,127.0,112.0,2024,15.0,239.0
401585584,2024-03-14,Chicago Bulls,LA Clippers,111.0,126.0,2024,-15.0,237.0
401585585,2024-03-14,Houston Rockets,Washington Wizards,135.0,119.0,2024,16.0,254.0
401585586,2024-03-14,Milwaukee Bucks,Philadelphia 76ers,114.0,105.0,2024,9.0,219.0
401585587,2024-03-14,Oklahoma City Thunder,Dallas Mavericks,126.0,119.0,2024,7.0,245.0
401585588,2024-03-14,Portland Trail Blazers,New York Knicks,93.0,105.0,2024,-12.0,198.0
401585574,2024-03-13,Detroit Pistons,Toronto Raptors,113.0,104.0,2024,9.0,217.0
401585575,2024-03-13,Orlando Magic,Brooklyn Nets,114.0,106.0,2024,8.0,220.0
401585576,2024-03-13,Indiana Pacers,Chicago Bulls,129.0,132.0,2024,-3.0,261.0
401585577,2024-03-13,Miami Heat,Denver Nuggets,88.0,100.0,2024,-12.0,188.0
401585578,2024-03-13,Memphis Grizzlies,Charlotte Hornets,98.0,110.0,2024,-12.0,208.0
401585579,2024-03-13,New Orleans Pelicans,Cleveland Cavaliers,95.0,116.0,2024,-21.0,211.0
401585580,2024-03-13,Dallas Mavericks,Golden State Warriors,109.0,99.0,2024,10.0,208.0
401585581,2024-03-13,Portland Trail Blazers,Atlanta Hawks,106.0,102.0,2024,4.0,208.0
401585582,2024-03-13,Sacramento Kings,Los Angeles Lakers,120.0,107.0,2024,13.0,227.0
401585567,2024-03-12,New York Knicks,Philadelphia 76ers,106.0,79.0,2024,27.0,185.0
401585568,2024-03-12,Memphis Grizzlies,Washington Wizards,109.0,97.0,2024,12.0,206.0
401585569,2024-03-12,Oklahoma City Thunder,Indiana Pacers,111.0,121.0,2024,-10.0,232.0
401585570,2024-03-12,San Antonio Spurs,Houston Rockets,101.0,103.0,2024,-2.0,204.0
401585571,2024-03-12,Utah Jazz,Boston Celtics,107.0,123.0,2024,-16.0,230.0
401585572,2024-03-12,LA Clippers,Minnesota Timberwolves,100.0,118.0,2024,-18.0,218.0
401585573,2024-03-12,Sacramento Kings,Milwaukee Bucks,129.0,94.0,2024,35.0,223.0
401585561,2024-03-11,Detroit Pistons,Charlotte Hornets,114.0,97.0,2024,17.0,211.0
401585562,2024-03-11,Cleveland Cavaliers,Phoenix Suns,111.0,117.0,2024,-6.0,228.0
401585563,2024-03-11,Chicago Bulls,Dallas Mavericks,92.0,127.0,2024,-35.0,219.0
401585564,2024-03-11,San Antonio Spurs,Golden State Warriors,102.0,112.0,2024,-10.0,214.0
401585565,2024-03-11,Denver Nuggets,Toronto Raptors,125.0,119.0,2024,6.0,244.0
401585566,2024-03-11,Portland Trail Blazers,Boston Celtics,99.0,121.0,2024,-22.0,220.0
401585552,2024-03-10,LA Clippers,Milwaukee Bucks,117.0,124.0,2024,-7.0,241.0
401585553,2024-03-10,Atlanta Hawks,New Orleans Pelicans,103.0,116.0,2024,-13.0,219.0
401585554,2024-03-10,Miami Heat,Washington Wizards,108.0,110.0,2024,-2.0,218.0
401585556,2024-03-10,Orlando Magic,Indiana Pacers,97.0,111.0,2024,-14.0,208.0
401585557,2024-03-10,Sacramento Kings,Houston Rockets,104.0,112.0,2024,-8.0,216.0
401585555,2024-03-10,New York Knicks,Philadelphia 76ers,73.0,79.0,2024,-6.0,152.0
401585558,2024-03-10,Cleveland Cavaliers,Brooklyn Nets,101.0,120.0,2024,-19.0,221.0
401585559,2024-03-10,Oklahoma City Thunder,Memphis Grizzlies,124.0,93.0,2024,31.0,217.0
401585560,2024-03-10,Los Angeles Lakers,Minnesota Timberwolves,120.0,109.0,2024,11.0,229.0
401585545,2024-03-09,LA Clippers,Chicago Bulls,112.0,102.0,2024,10.0,214.0
401585546,2024-03-09,Charlotte Hornets,Brooklyn Nets,110.0,99.0,2024,11.0,209.0
401585547,2024-03-09,Detroit Pistons,Dallas Mavericks,124.0,142.0,2024,-18.0,266.0
401585548,2024-03-09,Phoenix Suns,Boston Celtics,107.0,117.0,2024,-10.0,224.0
401585549,2024-03-09,Golden State Warriors,San Antonio Spurs,113.0,126.0,2024,-13.0,239.0
401585550,2024-03-09,Denver Nuggets,Utah Jazz,142.0,121.0,2024,21.0,263.0
401585551,2024-03-09,Portland Trail Blazers,Toronto Raptors,128.0,118.0,2024,10.0,246.0
401585537,2024-03-08,Philadelphia 76ers,New Orleans Pelicans,95.0,103.0,2024,-8.0,198.0
401585538,2024-03-08,Washington Wizards,Charlotte Hornets,112.0,100.0,2024,12.0,212.0
401585539,2024-03-08,Cleveland Cavaliers,Minnesota Timberwolves,113.0,104.0,2024,9.0,217.0
401585540,2024-03-08,New York Knicks,Orlando Magic,98.0,74.0,2024,24.0,172.0
401585541,2024-03-08,Memphis Grizzlies,Atlanta Hawks,92.0,99.0,2024,-7.0,191.0
401585542,2024-03-08,Oklahoma City Thunder,Miami Heat,107.0,100.0,2024,7.0,207.0
401585543,2024-03-08,Los Angeles Lakers,Milwaukee Bucks,123.0,122.0,2024,1.0,245.0
401585544,2024-03-08,Portland Trail Blazers,Houston Rockets,107.0,123.0,2024,-16.0,230.0
401585530,2024-03-07,Detroit Pistons,Brooklyn Nets,118.0,112.0,2024,6.0,230.0
401585531,2024-03-07,Indiana Pacers,Minnesota Timberwolves,111.0,113.0,2024,-2.0,224.0
401585532,2024-03-07,Dallas Mavericks,Miami Heat,114.0,108.0,2024,6.0,222.0
401585533,2024-03-07,Phoenix Suns,Toronto Raptors,120.0,113.0,2024,7.0,233.0
401585534,2024-03-07,Denver Nuggets,Boston Celtics,115.0,109.0,2024,6.0,224.0
401585535,2024-03-07,Golden State Warriors,Chicago Bulls,122.0,125.0,2024,-3.0,247.0
401585536,2024-03-07,Sacramento Kings,San Antonio Spurs,131.0,129.0,2024,2.0,260.0
401585522,2024-03-06,Washington Wizards,Orlando Magic,109.0,119.0,2024,-10.0,228.0
401585523,2024-03-06,Atlanta Hawks,Cleveland Cavaliers,112.0,101.0,2024,11.0,213.0
401585524,2024-03-06,Philadelphia 76ers,Memphis Grizzlies,109.0,115.0,2024,-6.0,224.0
401585525,2024-03-06,Houston Rockets,LA Clippers,116.0,122.0,2024,-6.0,238.0
401585526,2024-03-06,Utah Jazz,Chicago Bulls,117.0,119.0,2024,-2.0,236.0
401585527,2024-03-06,Golden State Warriors,Milwaukee Bucks,125.0,90.0,2024,35.0,215.0
401585528,2024-03-06,Portland Trail Blazers,Oklahoma City Thunder,120.0,128.0,2024,-8.0,248.0
401585529,2024-03-06,Los Angeles Lakers,Sacramento Kings,120.0,130.0,2024,-10.0,250.0
401585513,2024-03-05,Charlotte Hornets,Orlando Magic,89.0,101.0,2024,-12.0,190.0
401585514,2024-03-05,Cleveland Cavaliers,Boston Celtics,105.0,104.0,2024,1.0,209.0
401585515,2024-03-05,Brooklyn Nets,Philadelphia 76ers,112.0,107.0,2024,5.0,219.0
401585516,2024-03-05,Miami Heat,Detroit Pistons,118.0,110.0,2024,8.0,228.0
401585517,2024-03-05,New York Knicks,Atlanta Hawks,100.0,116.0,2024,-16.0,216.0
401585518,2024-03-05,Toronto Raptors,New Orleans Pelicans,98.0,139.0,2024,-41.0,237.0
401585519,2024-03-05,Houston Rockets,San Antonio Spurs,114.0,101.0,2024,13.0,215.0
401585520,2024-03-05,Dallas Mavericks,Indiana Pacers,120.0,137.0,2024,-17.0,257.0
401585521,2024-03-05,Denver Nuggets,Phoenix Suns,107.0,117.0,2024,-10.0,224.0
401585507,2024-03-04,Brooklyn Nets,Memphis Grizzlies,102.0,106.0,2024,-4.0,208.0
401585508,2024-03-04,Milwaukee Bucks,LA Clippers,113.0,106.0,2024,7.0,219.0
401585509,2024-03-04,Minnesota Timberwolves,Portland Trail Blazers,119.0,114.0,2024,5.0,233.0
401585510,2024-03-04,Utah Jazz,Washington Wizards,127.0,115.0,2024,12.0,242.0
401585511,2024-03-04,Sacramento Kings,Chicago Bulls,109.0,113.0,2024,-4.0,222.0
401585512,2024-03-04,Los Angeles Lakers,Oklahoma City Thunder,116.0,104.0,2024,12.0,220.0
401585499,2024-03-03,Dallas Mavericks,Philadelphia 76ers,116.0,120.0,2024,-4.0,236.0
401585500,2024-03-03,Boston Celtics,Golden State Warriors,140.0,88.0,2024,52.0,228.0
401585501,2024-03-03,Minnesota Timberwolves,LA Clippers,88.0,89.0,2024,-1.0,177.0
401585502,2024-03-03,Orlando Magic,Detroit Pistons,113.0,91.0,2024,22.0,204.0
401585503,2024-03-03,Toronto Raptors,Charlotte Hornets,111.0,106.0,2024,5.0,217.0
401585504,2024-03-03,Cleveland Cavaliers,New York Knicks,98.0,107.0,2024,-9.0,205.0
401585505,2024-03-03,San Antonio Spurs,Indiana Pacers,117.0,105.0,2024,12.0,222.0
401585506,2024-03-03,Phoenix Suns,Oklahoma City Thunder,110.0,118.0,2024,-8.0,228.0
401585494,2024-03-02,Brooklyn Nets,Atlanta Hawks,114.0,102.0,2024,12.0,216.0
401585495,2024-03-02,Miami Heat,Utah Jazz,126.0,120.0,2024,6.0,246.0
401585496,2024-03-02,Memphis Grizzlies,Portland Trail Blazers,100.0,107.0,2024,-7.0,207.0
401585497,2024-03-02,Los Angeles Lakers,Denver Nuggets,114.0,124.0,2024,-10.0,238.0
401585498,2024-03-02,Phoenix Suns,Houston Rockets,109.0,118.0,2024,-9.0,227.0
401585485,2024-03-01,Detroit Pistons,Cleveland Cavaliers,100.0,110.0,2024,-10.0,210.0
401585486,2024-03-01,Philadelphia 76ers,Charlotte Hornets,121.0,114.0,2024,7.0,235.0
401585487,2024-03-01,Boston Celtics,Dallas Mavericks,138.0,110.0,2024,28.0,248.0
401585488,2024-03-01,Toronto Raptors,Golden State Warriors,105.0,120.0,2024,-15.0,225.0
401585489,2024-03-01,Memphis Grizzlies,Portland Trail Blazers,92.0,122.0,2024,-30.0,214.0
401585490,2024-03-01,Minnesota Timberwolves,Sacramento Kings,120.0,124.0,2024,-4.0,244.0
401585491,2024-03-01,New Orleans Pelicans,Indiana Pacers,129.0,102.0,2024,27.0,231.0
401585492,2024-03-01,Chicago Bulls,Milwaukee Bucks,97.0,113.0,2024,-16.0,210.0
401585493,2024-03-01,LA Clippers,Washington Wizards,140.0,115.0,2024,25.0,255.0
401585477,2024-02-29,Charlotte Hornets,Milwaukee Bucks,99.0,111.0,2024,-12.0,210.0
401585478,2024-02-29,Orlando Magic,Utah Jazz,115.0,107.0,2024,8.0,222.0
401585479,2024-02-29,Brooklyn Nets,Atlanta Hawks,124.0,97.0,2024,27.0,221.0
401585480,2024-02-29,New York Knicks,Golden State Warriors,99.0,110.0,2024,-11.0,209.0
401585481,2024-02-29,San Antonio Spurs,Oklahoma City Thunder,132.0,118.0,2024,14.0,250.0
401585482,2024-02-29,Phoenix Suns,Houston Rockets,110.0,105.0,2024,5.0,215.0
401585483,2024-02-29,Denver Nuggets,Miami Heat,103.0,97.0,2024,6.0,200.0
401585484,2024-02-29,Los Angeles Lakers,Washington Wizards,134.0,131.0,2024,3.0,265.0
401585471,2024-02-28,Indiana Pacers,New Orleans Pelicans,123.0,114.0,2024,9.0,237.0
401585472,2024-02-28,Toronto Raptors,Dallas Mavericks,125.0,136.0,2024,-11.0,261.0
401585473,2024-02-28,Minnesota Timberwolves,Memphis Grizzlies,110.0,101.0,2024,9.0,211.0
401585474,2024-02-28,Chicago Bulls,Cleveland Cavaliers,132.0,123.0,2024,9.0,255.0
401585475,2024-02-28,Denver Nuggets,Sacramento Kings,117.0,96.0,2024,21.0,213.0
401585476,2024-02-28,LA Clippers,Los Angeles Lakers,112.0,116.0,2024,-4.0,228.0
401585460,2024-02-27,Cleveland Cavaliers,Dallas Mavericks,121.0,119.0,2024,2.0,240.0
401585461,2024-02-27,Orlando Magic,Brooklyn Nets,108.0,81.0,2024,27.0,189.0
401585462,2024-02-27,Washington Wizards,Golden State Warriors,112.0,123.0,2024,-11.0,235.0
401585463,2024-02-27,Atlanta Hawks,Utah Jazz,124.0,97.0,2024,27.0,221.0
401585464,2024-02-27,Boston Celtics,Philadelphia 76ers,117.0,99.0,2024,18.0,216.0
401585465,2024-02-27,New York Knicks,New Orleans Pelicans,92.0,115.0,2024,-23.0,207.0
401585466,2024-02-27,Minnesota Timberwolves,San Antonio Spurs,114.0,105.0,2024,9.0,219.0
401585467,2024-02-27,Chicago Bulls,Detroit Pistons,95.0,105.0,2024,-10.0,200.0
401585468,2024-02-27,Milwaukee Bucks,Charlotte Hornets,123.0,85.0,2024,38.0,208.0
401585469,2024-02-27,Oklahoma City Thunder,Houston Rockets,112.0,95.0,2024,17.0,207.0
401585470,2024-02-27,Portland Trail Blazers,Miami Heat,96.0,106.0,2024,-10.0,202.0
401585457,2024-02-26,Indiana Pacers,Toronto Raptors,122.0,130.0,2024,-8.0,252.0
401585456,2024-02-26,New York Knicks,Detroit Pistons,113.0,111.0,2024,2.0,224.0
401585458,2024-02-26,Memphis Grizzlies,Brooklyn Nets,86.0,111.0,2024,-25.0,197.0
401585459,2024-02-26,Sacramento Kings,Miami Heat,110.0,121.0,2024,-11.0,231.0
401585445,2024-02-25,Philadelphia 76ers,Milwaukee Bucks,98.0,119.0,2024,-21.0,217.0
401585446,2024-02-25,Phoenix Suns,Los Angeles Lakers,123.0,113.0,2024,10.0,236.0
401585447,2024-02-25,Indiana Pacers,Dallas Mavericks,133.0,111.0,2024,22.0,244.0
401585448,2024-02-25,Washington Wizards,Cleveland Cavaliers,105.0,114.0,2024,-9.0,219.0
401585449,2024-02-25,Atlanta Hawks,Orlando Magic,109.0,92.0,2024,17.0,201.0
401585450,2024-02-25,Houston Rockets,Oklahoma City Thunder,110.0,123.0,2024,-13.0,233.0
401585451,2024-02-25,New Orleans Pelicans,Chicago Bulls,106.0,114.0,2024,-8.0,220.0
401585452,2024-02-25,Golden State Warriors,Denver Nuggets,103.0,119.0,2024,-16.0,222.0
401585453,2024-02-25,Utah Jazz,San Antonio Spurs,128.0,109.0,2024,19.0,237.0
401585454,2024-02-25,Portland Trail Blazers,Charlotte Hornets,80.0,93.0,2024,-13.0,173.0
401585455,2024-02-25,LA Clippers,Sacramento Kings,107.0,123.0,2024,-16.0,230.0
401585442,2024-02-24,Detroit Pistons,Orlando Magic,109.0,112.0,2024,-3.0,221.0
401585444,2024-02-24,New York Knicks,Boston Celtics,102.0,116.0,2024,-14.0,218.0
401585443,2024-02-24,Minnesota Timberwolves,Brooklyn Nets,101.0,86.0,2024,15.0,187.0
401585432,2024-02-23,Atlanta Hawks,Toronto Raptors,121.0,123.0,2024,-2.0,244.0
401585433,2024-02-23,Philadelphia 76ers,Cleveland Cavaliers,104.0,97.0,2024,7.0,201.0
401585434,2024-02-23,Houston Rockets,Phoenix Suns,114.0,110.0,2024,4.0,224.0
401585435,2024-02-23,Memphis Grizzlies,LA Clippers,95.0,101.0,2024,-6.0,196.0
401585437,2024-02-23,Oklahoma City Thunder,Washington Wizards,147.0,106.0,2024,41.0,253.0
401585438,2024-02-23,New Orleans Pelicans,Miami Heat,95.0,106.0,2024,-11.0,201.0
401585436,2024-02-23,Minnesota Timberwolves,Milwaukee Bucks,107.0,112.0,2024,-5.0,219.0
401585439,2024-02-23,Golden State Warriors,Charlotte Hornets,97.0,84.0,2024,13.0,181.0
401585440,2024-02-23,Portland Trail Blazers,Denver Nuggets,112.0,127.0,2024,-15.0,239.0
401585441,2024-02-23,Los Angeles Lakers,San Antonio Spurs,123.0,118.0,2024,5.0,241.0
401585420,2024-02-22,Cleveland Cavaliers,Orlando Magic,109.0,116.0,2024,-7.0,225.0
401585421,2024-02-22,Indiana Pacers,Detroit Pistons,129.0,115.0,2024,14.0,244.0
401585422,2024-02-22,Philadelphia 76ers,New York Knicks,96.0,110.0,2024,-14.0,206.0
401585423,2024-02-22,Toronto Raptors,Brooklyn Nets,121.0,93.0,2024,28.0,214.0
401585424,2024-02-22,Dallas Mavericks,Phoenix Suns,123.0,113.0,2024,10.0,236.0
401585425,2024-02-22,Chicago Bulls,Boston Celtics,112.0,129.0,2024,-17.0,241.0
401585426,2024-02-22,New Orleans Pelicans,Houston Rockets,127.0,105.0,2024,22.0,232.0
401585427,2024-02-22,Oklahoma City Thunder,LA Clippers,129.0,107.0,2024,22.0,236.0
401585428,2024-02-22,Denver Nuggets,Washington Wizards,130.0,110.0,2024,20.0,240.0
401585429,2024-02-22,Utah Jazz,Charlotte Hornets,107.0,115.0,2024,-8.0,222.0
401585430,2024-02-22,Golden State Warriors,Los Angeles Lakers,128.0,110.0,2024,18.0,238.0
401585431,2024-02-22,Sacramento Kings,San Antonio Spurs,127.0,122.0,2024,5.0,249.0
401623259,2024-02-18,Eastern Conf All-Stars,Western Conf All-Stars,211.0,186.0,2024,25.0,397.0
401585418,2024-02-15,Memphis Grizzlies,Milwaukee Bucks,113.0,110.0,2024,3.0,223.0
401636113,2024-02-15,Utah Jazz,Golden State Warriors,137.0,140.0,2024,-3.0,277.0
401585419,2024-02-15,Portland Trail Blazers,Minnesota Timberwolves,91.0,128.0,2024,-37.0,219.0
401585405,2024-02-14,Charlotte Hornets,Atlanta Hawks,122.0,99.0,2024,23.0,221.0
401585406,2024-02-14,Orlando Magic,New York Knicks,118.0,100.0,2024,18.0,218.0
401585407,2024-02-14,Philadelphia 76ers,Miami Heat,104.0,109.0,2024,-5.0,213.0
401585408,2024-02-14,Boston Celtics,Brooklyn Nets,136.0,86.0,2024,50.0,222.0
401585409,2024-02-14,Cleveland Cavaliers,Chicago Bulls,108.0,105.0,2024,3.0,213.0
401585410,2024-02-14,Toronto Raptors,Indiana Pacers,125.0,127.0,2024,-2.0,252.0
401585411,2024-02-14,Memphis Grizzlies,Houston Rockets,121.0,113.0,2024,8.0,234.0
401585412,2024-02-14,New Orleans Pelicans,Washington Wizards,133.0,126.0,2024,7.0,259.0
401585413,2024-02-14,Dallas Mavericks,San Antonio Spurs,116.0,93.0,2024,23.0,209.0
401585414,2024-02-14,Denver Nuggets,Sacramento Kings,98.0,102.0,2024,-4.0,200.0
401585415,2024-02-14,Phoenix Suns,Detroit Pistons,116.0,100.0,2024,16.0,216.0
401585416,2024-02-14,Utah Jazz,Los Angeles Lakers,122.0,138.0,2024,-16.0,260.0
401585417,2024-02-14,Golden State Warriors,LA Clippers,125.0,130.0,2024,-5.0,255.0
401585399,2024-02-13,Brooklyn Nets,Boston Celtics,110.0,118.0,2024,-8.0,228.0
401585400,2024-02-13,Orlando Magic,Oklahoma City Thunder,113.0,127.0,2024,-14.0,240.0
401585401,2024-02-13,Milwaukee Bucks,Miami Heat,97.0,123.0,2024,-26.0,220.0
401585402,2024-02-13,Phoenix Suns,Sacramento Kings,130.0,125.0,2024,5.0,255.0
401585403,2024-02-13,Portland Trail Blazers,Minnesota Timberwolves,109.0,121.0,2024,-12.0,230.0
401585404,2024-02-13,Los Angeles Lakers,Detroit Pistons,125.0,111.0,2024,14.0,236.0
401585389,2024-02-12,Charlotte Hornets,Indiana Pacers,111.0,102.0,2024,9.0,213.0
401585390,2024-02-12,Cleveland Cavaliers,Philadelphia 76ers,121.0,123.0,2024,-2.0,244.0
401585391,2024-02-12,Atlanta Hawks,Chicago Bulls,126.0,136.0,2024,-10.0,262.0
401585392,2024-02-12,Toronto Raptors,San Antonio Spurs,99.0,122.0,2024,-23.0,221.0
401585393,2024-02-12,Houston Rockets,New York Knicks,105.0,103.0,2024,2.0,208.0
401585394,2024-02-12,Memphis Grizzlies,New Orleans Pelicans,87.0,96.0,2024,-9.0,183.0
401585395,2024-02-12,Milwaukee Bucks,Denver Nuggets,112.0,95.0,2024,17.0,207.0
401585396,2024-02-12,Dallas Mavericks,Washington Wizards,112.0,104.0,2024,8.0,216.0
401585397,2024-02-12,Utah Jazz,Golden State Warriors,107.0,129.0,2024,-22.0,236.0
401585398,2024-02-12,LA Clippers,Minnesota Timberwolves,100.0,121.0,2024,-21.0,221.0
401585387,2024-02-11,Miami Heat,Boston Celtics,106.0,110.0,2024,-4.0,216.0
401585388,2024-02-11,Oklahoma City Thunder,Sacramento Kings,127.0,113.0,2024,14.0,240.0
401585376,2024-02-10,Dallas Mavericks,Oklahoma City Thunder,146.0,111.0,2024,35.0,257.0
401585377,2024-02-10,LA Clippers,Detroit Pistons,112.0,106.0,2024,6.0,218.0
401585378,2024-02-10,Brooklyn Nets,San Antonio Spurs,123.0,103.0,2024,20.0,226.0
401585379,2024-02-10,Charlotte Hornets,Memphis Grizzlies,115.0,106.0,2024,9.0,221.0
401585380,2024-02-10,Orlando Magic,Chicago Bulls,114.0,108.0,2024,6.0,222.0
401585381,2024-02-10,Washington Wizards,Philadelphia 76ers,113.0,119.0,2024,-6.0,232.0
401585382,2024-02-10,Atlanta Hawks,Houston Rockets,122.0,113.0,2024,9.0,235.0
401585383,2024-02-10,New York Knicks,Indiana Pacers,111.0,125.0,2024,-14.0,236.0
401585384,2024-02-10,Toronto Raptors,Cleveland Cavaliers,95.0,119.0,2024,-24.0,214.0
401585385,2024-02-10,Golden State Warriors,Phoenix Suns,113.0,112.0,2024,1.0,225.0
401585386,2024-02-10,Portland Trail Blazers,New Orleans Pelicans,84.0,93.0,2024,-9.0,177.0
401585370,2024-02-09,Philadelphia 76ers,Atlanta Hawks,121.0,127.0,2024,-6.0,248.0
401585371,2024-02-09,Boston Celtics,Washington Wizards,133.0,129.0,2024,4.0,262.0
401585372,2024-02-09,Toronto Raptors,Houston Rockets,107.0,104.0,2024,3.0,211.0
401585373,2024-02-09,Milwaukee Bucks,Charlotte Hornets,120.0,84.0,2024,36.0,204.0
401585374,2024-02-09,Sacramento Kings,Denver Nuggets,135.0,106.0,2024,29.0,241.0
401585375,2024-02-09,Los Angeles Lakers,New Orleans Pelicans,139.0,122.0,2024,17.0,261.0
401585361,2024-02-08,Indiana Pacers,Golden State Warriors,109.0,131.0,2024,-22.0,240.0
401585362,2024-02-08,Orlando Magic,San Antonio Spurs,127.0,111.0,2024,16.0,238.0
401585363,2024-02-08,Brooklyn Nets,Cleveland Cavaliers,95.0,118.0,2024,-23.0,213.0
401585364,2024-02-08,New York Knicks,Dallas Mavericks,108.0,122.0,2024,-14.0,230.0
401585365,2024-02-08,Memphis Grizzlies,Chicago Bulls,110.0,118.0,2024,-8.0,228.0
401585366,2024-02-08,Milwaukee Bucks,Minnesota Timberwolves,105.0,129.0,2024,-24.0,234.0
401585367,2024-02-08,Phoenix Suns,Utah Jazz,129.0,115.0,2024,14.0,244.0
401585368,2024-02-08,Los Angeles Lakers,Denver Nuggets,106.0,114.0,2024,-8.0,220.0
401585369,2024-02-08,Portland Trail Blazers,Detroit Pistons,122.0,128.0,2024,-6.0,250.0
401585354,2024-02-07,Charlotte Hornets,Toronto Raptors,117.0,123.0,2024,-6.0,240.0
401585356,2024-02-07,Washington Wizards,Cleveland Cavaliers,106.0,114.0,2024,-8.0,220.0
401585355,2024-02-07,Philadelphia 76ers,Golden State Warriors,104.0,127.0,2024,-23.0,231.0
401585357,2024-02-07,Boston Celtics,Atlanta Hawks,125.0,117.0,2024,8.0,242.0
401585358,2024-02-07,Miami Heat,San Antonio Spurs,116.0,104.0,2024,12.0,220.0
401585359,2024-02-07,LA Clippers,New Orleans Pelicans,106.0,117.0,2024,-11.0,223.0
401585360,2024-02-07,Sacramento Kings,Detroit Pistons,120.0,133.0,2024,-13.0,253.0
401585347,2024-02-06,Indiana Pacers,Houston Rockets,132.0,129.0,2024,3.0,261.0
401585348,2024-02-06,Brooklyn Nets,Dallas Mavericks,107.0,119.0,2024,-12.0,226.0
401585349,2024-02-06,Miami Heat,Orlando Magic,121.0,95.0,2024,26.0,216.0
401585350,2024-02-06,New York Knicks,Memphis Grizzlies,123.0,113.0,2024,10.0,236.0
401585351,2024-02-06,Chicago Bulls,Minnesota Timberwolves,129.0,123.0,2024,6.0,252.0
401585352,2024-02-06,Utah Jazz,Oklahoma City Thunder,124.0,117.0,2024,7.0,241.0
401585353,2024-02-06,Phoenix Suns,Milwaukee Bucks,114.0,106.0,2024,8.0,220.0
401585341,2024-02-05,Charlotte Hornets,Los Angeles Lakers,118.0,124.0,2024,-6.0,242.0
401585342,2024-02-05,Cleveland Cavaliers,Sacramento Kings,136.0,110.0,2024,26.0,246.0
401585343,2024-02-05,Philadelphia 76ers,Dallas Mavericks,102.0,118.0,2024,-16.0,220.0
401585344,2024-02-05,Atlanta Hawks,LA Clippers,144.0,149.0,2024,-5.0,293.0
401585345,2024-02-05,Brooklyn Nets,Golden State Warriors,98.0,109.0,2024,-11.0,207.0
401585346,2024-02-05,New Orleans Pelicans,Toronto Raptors,138.0,100.0,2024,38.0,238.0
401585332,2024-02-04,Detroit Pistons,Orlando Magic,99.0,111.0,2024,-12.0,210.0
401585333,2024-02-04,Washington Wizards,Phoenix Suns,112.0,140.0,2024,-28.0,252.0
401585334,2024-02-04,Boston Celtics,Memphis Grizzlies,131.0,91.0,2024,40.0,222.0
401585335,2024-02-04,Charlotte Hornets,Indiana Pacers,99.0,115.0,2024,-16.0,214.0
401585336,2024-02-04,Miami Heat,LA Clippers,95.0,103.0,2024,-8.0,198.0
401585337,2024-02-04,Minnesota Timberwolves,Houston Rockets,111.0,90.0,2024,21.0,201.0
401585338,2024-02-04,Oklahoma City Thunder,Toronto Raptors,135.0,127.0,2024,8.0,262.0
401585339,2024-02-04,Utah Jazz,Milwaukee Bucks,123.0,108.0,2024,15.0,231.0
401585340,2024-02-04,Denver Nuggets,Portland Trail Blazers,112.0,103.0,2024,9.0,215.0
401585326,2024-02-03,Philadelphia 76ers,Brooklyn Nets,121.0,136.0,2024,-15.0,257.0
401585327,2024-02-03,Atlanta Hawks,Golden State Warriors,141.0,134.0,2024,7.0,275.0
401585328,2024-02-03,Chicago Bulls,Sacramento Kings,115.0,123.0,2024,-8.0,238.0
401585329,2024-02-03,New York Knicks,Los Angeles Lakers,105.0,113.0,2024,-8.0,218.0
401585330,2024-02-03,Dallas Mavericks,Milwaukee Bucks,117.0,129.0,2024,-12.0,246.0
401585331,2024-02-03,San Antonio Spurs,Cleveland Cavaliers,101.0,117.0,2024,-16.0,218.0
401585316,2024-02-02,Detroit Pistons,LA Clippers,125.0,136.0,2024,-11.0,261.0
401585317,2024-02-02,Washington Wizards,Miami Heat,102.0,110.0,2024,-8.0,212.0
401585318,2024-02-02,Atlanta Hawks,Phoenix Suns,129.0,120.0,2024,9.0,249.0
401585319,2024-02-02,Indiana Pacers,Sacramento Kings,122.0,133.0,2024,-11.0,255.0
401585320,2024-02-02,Houston Rockets,Toronto Raptors,135.0,106.0,2024,29.0,241.0
401585321,2024-02-02,Memphis Grizzlies,Golden State Warriors,101.0,121.0,2024,-20.0,222.0
401585322,2024-02-02,Minnesota Timberwolves,Orlando Magic,106.0,108.0,2024,-2.0,214.0
401585323,2024-02-02,Oklahoma City Thunder,Charlotte Hornets,126.0,106.0,2024,20.0,232.0
401585324,2024-02-02,San Antonio Spurs,New Orleans Pelicans,113.0,114.0,2024,-1.0,227.0
401585325,2024-02-02,Denver Nuggets,Portland Trail Blazers,120.0,108.0,2024,12.0,228.0
401585312,2024-02-01,Boston Celtics,Los Angeles Lakers,105.0,114.0,2024,-9.0,219.0
401585313,2024-02-01,New York Knicks,Indiana Pacers,109.0,105.0,2024,4.0,214.0
401585315,2024-02-01,Memphis Grizzlies,Cleveland Cavaliers,101.0,108.0,2024,-7.0,209.0
401585314,2024-02-01,Utah Jazz,Philadelphia 76ers,124.0,127.0,2024,-3.0,251.0
401585302,2024-01-31,Charlotte Hornets,Chicago Bulls,110.0,117.0,2024,-7.0,227.0
401585303,2024-01-31,Cleveland Cavaliers,Detroit Pistons,128.0,121.0,2024,7.0,249.0
401585304,2024-01-31,Washington Wizards,LA Clippers,109.0,125.0,2024,-16.0,234.0
401585306,2024-01-31,Miami Heat,Sacramento Kings,115.0,106.0,2024,9.0,221.0
401585307,2024-01-31,Houston Rockets,New Orleans Pelicans,99.0,110.0,2024,-11.0,209.0
401585308,2024-01-31,Minnesota Timberwolves,Dallas Mavericks,121.0,87.0,2024,34.0,208.0
401585309,2024-01-31,San Antonio Spurs,Orlando Magic,98.0,108.0,2024,-10.0,206.0
401585310,2024-01-31,Oklahoma City Thunder,Denver Nuggets,105.0,100.0,2024,5.0,205.0
401585305,2024-01-31,Brooklyn Nets,Phoenix Suns,120.0,136.0,2024,-16.0,256.0
401585311,2024-01-31,Portland Trail Blazers,Milwaukee Bucks,119.0,116.0,2024,3.0,235.0
401585297,2024-01-30,Atlanta Hawks,Los Angeles Lakers,138.0,122.0,2024,16.0,260.0
401585298,2024-01-30,Boston Celtics,Indiana Pacers,129.0,124.0,2024,5.0,253.0
401585299,2024-01-30,New York Knicks,Utah Jazz,118.0,103.0,2024,15.0,221.0
401585300,2024-01-30,Chicago Bulls,Toronto Raptors,107.0,118.0,2024,-11.0,225.0
401585301,2024-01-30,Golden State Warriors,Philadelphia 76ers,119.0,107.0,2024,12.0,226.0
401585285,2024-01-29,Charlotte Hornets,New York Knicks,92.0,113.0,2024,-21.0,205.0
401585286,2024-01-29,Cleveland Cavaliers,LA Clippers,118.0,108.0,2024,10.0,226.0
401585287,2024-01-29,Boston Celtics,New Orleans Pelicans,118.0,112.0,2024,6.0,230.0
401585288,2024-01-29,Brooklyn Nets,Utah Jazz,147.0,114.0,2024,33.0,261.0
401585289,2024-01-29,Miami Heat,Phoenix Suns,105.0,118.0,2024,-13.0,223.0
401585290,2024-01-29,Houston Rockets,Los Angeles Lakers,135.0,119.0,2024,16.0,254.0
401585291,2024-01-29,Memphis Grizzlies,Sacramento Kings,94.0,103.0,2024,-9.0,197.0
401585292,2024-01-29,Oklahoma City Thunder,Minnesota Timberwolves,101.0,107.0,2024,-6.0,208.0
401585293,2024-01-29,San Antonio Spurs,Washington Wizards,113.0,118.0,2024,-5.0,231.0
401585294,2024-01-29,Dallas Mavericks,Orlando Magic,131.0,129.0,2024,2.0,260.0
401585295,2024-01-29,Denver Nuggets,Milwaukee Bucks,113.0,107.0,2024,6.0,220.0
401585296,2024-01-29,Portland Trail Blazers,Philadelphia 76ers,130.0,104.0,2024,26.0,234.0
401585282,2024-01-28,Detroit Pistons,Oklahoma City Thunder,120.0,104.0,2024,16.0,224.0
401585280,2024-01-28,Indiana Pacers,Memphis Grizzlies,116.0,110.0,2024,6.0,226.0
401585281,2024-01-28,Atlanta Hawks,Toronto Raptors,126.0,125.0,2024,1.0,251.0
401585283,2024-01-28,Orlando Magic,Phoenix Suns,113.0,98.0,2024,15.0,211.0
401585284,2024-01-28,Portland Trail Blazers,Chicago Bulls,96.0,104.0,2024,-8.0,200.0
401585270,2024-01-27,Detroit Pistons,Washington Wizards,104.0,118.0,2024,-14.0,222.0
401585271,2024-01-27,New York Knicks,Miami Heat,125.0,109.0,2024,16.0,234.0
401585272,2024-01-27,Denver Nuggets,Philadelphia 76ers,111.0,105.0,2024,6.0,216.0
401585273,2024-01-27,Brooklyn Nets,Houston Rockets,106.0,104.0,2024,2.0,210.0
401585274,2024-01-27,Boston Celtics,LA Clippers,96.0,115.0,2024,-19.0,211.0
401585275,2024-01-27,Charlotte Hornets,Utah Jazz,122.0,134.0,2024,-12.0,256.0
401585276,2024-01-27,Milwaukee Bucks,New Orleans Pelicans,141.0,117.0,2024,24.0,258.0
401585277,2024-01-27,San Antonio Spurs,Minnesota Timberwolves,113.0,112.0,2024,1.0,225.0
401585278,2024-01-27,Golden State Warriors,Los Angeles Lakers,144.0,145.0,2024,-1.0,289.0
401585279,2024-01-27,Dallas Mavericks,Sacramento Kings,115.0,120.0,2024,-5.0,235.0
401585262,2024-01-26,Atlanta Hawks,Dallas Mavericks,143.0,148.0,2024,-5.0,291.0
401585263,2024-01-26,Charlotte Hornets,Houston Rockets,104.0,138.0,2024,-34.0,242.0
401585264,2024-01-26,Indiana Pacers,Phoenix Suns,133.0,131.0,2024,2.0,264.0
401585265,2024-01-26,Toronto Raptors,LA Clippers,107.0,127.0,2024,-20.0,234.0
401585266,2024-01-26,Memphis Grizzlies,Orlando Magic,107.0,106.0,2024,1.0,213.0
401585267,2024-01-26,Milwaukee Bucks,Cleveland Cavaliers,100.0,112.0,2024,-12.0,212.0
401585268,2024-01-26,New Orleans Pelicans,Oklahoma City Thunder,83.0,107.0,2024,-24.0,190.0
401585269,2024-01-26,San Antonio Spurs,Portland Trail Blazers,116.0,100.0,2024,16.0,216.0
401585255,2024-01-25,Indiana Pacers,Philadelphia 76ers,134.0,122.0,2024,12.0,256.0
401585256,2024-01-25,Washington Wizards,Utah Jazz,108.0,123.0,2024,-15.0,231.0
401585257,2024-01-25,Brooklyn Nets,Minnesota Timberwolves,94.0,96.0,2024,-2.0,190.0
401585258,2024-01-25,Miami Heat,Boston Celtics,110.0,143.0,2024,-33.0,253.0
401585259,2024-01-25,New York Knicks,Denver Nuggets,122.0,84.0,2024,38.0,206.0
401585260,2024-01-25,Golden State Warriors,Sacramento Kings,133.0,134.0,2024,-1.0,267.0
401585261,2024-01-25,Los Angeles Lakers,Chicago Bulls,141.0,132.0,2024,9.0,273.0
401585247,2024-01-24,Detroit Pistons,Charlotte Hornets,113.0,106.0,2024,7.0,219.0
401585248,2024-01-24,Washington Wizards,Minnesota Timberwolves,107.0,118.0,2024,-11.0,225.0
401585249,2024-01-24,Miami Heat,Memphis Grizzlies,96.0,105.0,2024,-9.0,201.0
401585251,2024-01-24,Houston Rockets,Portland Trail Blazers,131.0,137.0,2024,-6.0,268.0
401585252,2024-01-24,Milwaukee Bucks,Cleveland Cavaliers,126.0,116.0,2024,10.0,242.0
401585253,2024-01-24,Dallas Mavericks,Phoenix Suns,109.0,132.0,2024,-23.0,241.0
401585250,2024-01-24,San Antonio Spurs,Oklahoma City Thunder,114.0,140.0,2024,-26.0,254.0
401585254,2024-01-24,Golden State Warriors,Atlanta Hawks,134.0,112.0,2024,22.0,246.0
401585242,2024-01-23,Indiana Pacers,Denver Nuggets,109.0,114.0,2024,-5.0,223.0
401585243,2024-01-23,Brooklyn Nets,New York Knicks,103.0,108.0,2024,-5.0,211.0
401585244,2024-01-23,New Orleans Pelicans,Utah Jazz,153.0,124.0,2024,29.0,277.0
401585245,2024-01-23,Oklahoma City Thunder,Portland Trail Blazers,111.0,109.0,2024,2.0,220.0
401585246,2024-01-23,LA Clippers,Los Angeles Lakers,127.0,116.0,2024,11.0,243.0
401585234,2024-01-22,Detroit Pistons,Milwaukee Bucks,113.0,122.0,2024,-9.0,235.0
401585235,2024-01-22,Orlando Magic,Cleveland Cavaliers,99.0,126.0,2024,-27.0,225.0
401585236,2024-01-22,Philadelphia 76ers,San Antonio Spurs,133.0,123.0,2024,10.0,256.0
401585237,2024-01-22,Toronto Raptors,Memphis Grizzlies,100.0,108.0,2024,-8.0,208.0
401585238,2024-01-22,Minnesota Timberwolves,Charlotte Hornets,125.0,128.0,2024,-3.0,253.0
401585239,2024-01-22,Dallas Mavericks,Boston Celtics,110.0,119.0,2024,-9.0,229.0
401585240,2024-01-22,Phoenix Suns,Chicago Bulls,115.0,113.0,2024,2.0,228.0
401585241,2024-01-22,Sacramento Kings,Atlanta Hawks,122.0,107.0,2024,15.0,229.0
401585228,2024-01-21,LA Clippers,Brooklyn Nets,125.0,114.0,2024,11.0,239.0
401585229,2024-01-21,Orlando Magic,Miami Heat,105.0,87.0,2024,18.0,192.0
401585230,2024-01-21,Washington Wizards,Denver Nuggets,104.0,113.0,2024,-9.0,217.0
401585231,2024-01-21,Houston Rockets,Boston Celtics,107.0,116.0,2024,-9.0,223.0
401585232,2024-01-21,Phoenix Suns,Indiana Pacers,117.0,110.0,2024,7.0,227.0
401585233,2024-01-21,Los Angeles Lakers,Portland Trail Blazers,134.0,110.0,2024,24.0,244.0
401585220,2024-01-20,Detroit Pistons,Milwaukee Bucks,135.0,141.0,2024,-6.0,276.0
401585221,2024-01-20,Charlotte Hornets,Philadelphia 76ers,89.0,97.0,2024,-8.0,186.0
401585222,2024-01-20,Washington Wizards,San Antonio Spurs,127.0,131.0,2024,-4.0,258.0
401585223,2024-01-20,Atlanta Hawks,Cleveland Cavaliers,95.0,116.0,2024,-21.0,211.0
401585224,2024-01-20,New York Knicks,Toronto Raptors,126.0,100.0,2024,26.0,226.0
401585225,2024-01-20,Chicago Bulls,Memphis Grizzlies,125.0,96.0,2024,29.0,221.0
401585226,2024-01-20,Houston Rockets,Utah Jazz,127.0,126.0,2024,1.0,253.0
401585227,2024-01-20,Minnesota Timberwolves,Oklahoma City Thunder,97.0,102.0,2024,-5.0,199.0
401585212,2024-01-19,Charlotte Hornets,San Antonio Spurs,124.0,120.0,2024,4.0,244.0
401585213,2024-01-19,Orlando Magic,Philadelphia 76ers,109.0,124.0,2024,-15.0,233.0
401585214,2024-01-19,Boston Celtics,Denver Nuggets,100.0,102.0,2024,-2.0,202.0
401585215,2024-01-19,Miami Heat,Atlanta Hawks,108.0,109.0,2024,-1.0,217.0
401585216,2024-01-19,New Orleans Pelicans,Phoenix Suns,109.0,123.0,2024,-14.0,232.0
401585218,2024-01-19,Portland Trail Blazers,Indiana Pacers,118.0,115.0,2024,3.0,233.0
401585219,2024-01-19,Los Angeles Lakers,Brooklyn Nets,112.0,130.0,2024,-18.0,242.0
401585207,2024-01-18,New York Knicks,Washington Wizards,113.0,109.0,2024,4.0,222.0
401585208,2024-01-18,Toronto Raptors,Chicago Bulls,110.0,116.0,2024,-6.0,226.0
401585209,2024-01-18,Utah Jazz,Oklahoma City Thunder,129.0,134.0,2024,-5.0,263.0
401585210,2024-01-18,Minnesota Timberwolves,Memphis Grizzlies,118.0,103.0,2024,15.0,221.0
401585211,2024-01-18,Sacramento Kings,Indiana Pacers,121.0,126.0,2024,-5.0,247.0
401585197,2024-01-17,Detroit Pistons,Minnesota Timberwolves,117.0,124.0,2024,-7.0,241.0
401585198,2024-01-17,Atlanta Hawks,Orlando Magic,106.0,104.0,2024,2.0,210.0
401585199,2024-01-17,Boston Celtics,San Antonio Spurs,117.0,98.0,2024,19.0,215.0
401585200,2024-01-17,Cleveland Cavaliers,Milwaukee Bucks,135.0,95.0,2024,40.0,230.0
401585201,2024-01-17,New York Knicks,Houston Rockets,109.0,94.0,2024,15.0,203.0
401585202,2024-01-17,Toronto Raptors,Miami Heat,121.0,97.0,2024,24.0,218.0
401585203,2024-01-17,New Orleans Pelicans,Charlotte Hornets,132.0,112.0,2024,20.0,244.0
401585205,2024-01-17,Los Angeles Lakers,Dallas Mavericks,127.0,110.0,2024,17.0,237.0
401585206,2024-01-17,Portland Trail Blazers,Brooklyn Nets,105.0,103.0,2024,2.0,208.0
401585194,2024-01-16,Philadelphia 76ers,Denver Nuggets,126.0,121.0,2024,5.0,247.0
401585195,2024-01-16,Phoenix Suns,Sacramento Kings,119.0,117.0,2024,2.0,236.0
401585196,2024-01-16,LA Clippers,Oklahoma City Thunder,128.0,117.0,2024,11.0,245.0
401585183,2024-01-15,Philadelphia 76ers,Houston Rockets,124.0,115.0,2024,9.0,239.0
401585184,2024-01-15,Dallas Mavericks,New Orleans Pelicans,125.0,120.0,2024,5.0,245.0
401585185,2024-01-15,New York Knicks,Orlando Magic,94.0,98.0,2024,-4.0,192.0
401585186,2024-01-15,Washington Wizards,Detroit Pistons,117.0,129.0,2024,-12.0,246.0
401585187,2024-01-15,Atlanta Hawks,San Antonio Spurs,109.0,99.0,2024,10.0,208.0
401585188,2024-01-15,Memphis Grizzlies,Golden State Warriors,116.0,107.0,2024,9.0,223.0
401585189,2024-01-15,Cleveland Cavaliers,Chicago Bulls,109.0,91.0,2024,18.0,200.0
401585190,2024-01-15,Brooklyn Nets,Miami Heat,95.0,96.0,2024,-1.0,191.0
401585191,2024-01-15,Toronto Raptors,Boston Celtics,96.0,105.0,2024,-9.0,201.0
401585192,2024-01-15,Utah Jazz,Indiana Pacers,132.0,105.0,2024,27.0,237.0
401585193,2024-01-15,Los Angeles Lakers,Oklahoma City Thunder,112.0,105.0,2024,7.0,217.0
401585178,2024-01-14,Denver Nuggets,Indiana Pacers,117.0,109.0,2024,8.0,226.0
401585179,2024-01-14,Miami Heat,Charlotte Hornets,104.0,87.0,2024,17.0,191.0
401585180,2024-01-14,Milwaukee Bucks,Sacramento Kings,143.0,142.0,2024,1.0,285.0
401585181,2024-01-14,Minnesota Timberwolves,LA Clippers,109.0,105.0,2024,4.0,214.0
401585182,2024-01-14,Portland Trail Blazers,Phoenix Suns,116.0,127.0,2024,-11.0,243.0
401585170,2024-01-13,Boston Celtics,Houston Rockets,145.0,113.0,2024,32.0,258.0
401585171,2024-01-13,Atlanta Hawks,Washington Wizards,99.0,127.0,2024,-28.0,226.0
401585172,2024-01-13,Memphis Grizzlies,New York Knicks,94.0,106.0,2024,-12.0,200.0
401585173,2024-01-13,Milwaukee Bucks,Golden State Warriors,129.0,118.0,2024,11.0,247.0
401585174,2024-01-13,Oklahoma City Thunder,Orlando Magic,112.0,100.0,2024,12.0,212.0
401585175,2024-01-13,Dallas Mavericks,New Orleans Pelicans,108.0,118.0,2024,-10.0,226.0
401585176,2024-01-13,San Antonio Spurs,Chicago Bulls,116.0,122.0,2024,-6.0,238.0
401585177,2024-01-13,Utah Jazz,Los Angeles Lakers,132.0,125.0,2024,7.0,257.0
401585160,2024-01-12,Philadelphia 76ers,Sacramento Kings,112.0,93.0,2024,19.0,205.0
401585161,2024-01-12,Atlanta Hawks,Indiana Pacers,108.0,126.0,2024,-18.0,234.0
401585162,2024-01-12,Detroit Pistons,Houston Rockets,110.0,112.0,2024,-2.0,222.0
401585163,2024-01-12,Miami Heat,Orlando Magic,99.0,96.0,2024,3.0,195.0
401585164,2024-01-12,Chicago Bulls,Golden State Warriors,131.0,140.0,2024,-9.0,271.0
401585165,2024-01-12,Memphis Grizzlies,LA Clippers,119.0,128.0,2024,-9.0,247.0
401585166,2024-01-12,Minnesota Timberwolves,Portland Trail Blazers,116.0,93.0,2024,23.0,209.0
401585169,2024-01-12,San Antonio Spurs,Charlotte Hornets,135.0,99.0,2024,36.0,234.0
401585168,2024-01-12,Utah Jazz,Toronto Raptors,145.0,113.0,2024,32.0,258.0
401585167,2024-01-12,Denver Nuggets,New Orleans Pelicans,125.0,113.0,2024,12.0,238.0
401585155,2024-01-11,Cleveland Cavaliers,Brooklyn Nets,111.0,102.0,2024,9.0,213.0
401585156,2024-01-11,Milwaukee Bucks,Boston Celtics,135.0,102.0,2024,33.0,237.0
401585157,2024-01-11,Oklahoma City Thunder,Portland Trail Blazers,139.0,77.0,2024,62.0,216.0
401585158,2024-01-11,Dallas Mavericks,New York Knicks,128.0,124.0,2024,4.0,252.0
401585159,2024-01-11,Los Angeles Lakers,Phoenix Suns,109.0,127.0,2024,-18.0,236.0
401585145,2024-01-10,Boston Celtics,Minnesota Timberwolves,127.0,120.0,2024,7.0,247.0
401585146,2024-01-10,Charlotte Hornets,Sacramento Kings,98.0,123.0,2024,-25.0,221.0
401585147,2024-01-10,Detroit Pistons,San Antonio Spurs,108.0,130.0,2024,-22.0,238.0
401585148,2024-01-10,Indiana Pacers,Washington Wizards,112.0,104.0,2024,8.0,216.0
401585149,2024-01-10,Atlanta Hawks,Philadelphia 76ers,139.0,132.0,2024,7.0,271.0
401585150,2024-01-10,Miami Heat,Oklahoma City Thunder,120.0,128.0,2024,-8.0,248.0
401585151,2024-01-10,Chicago Bulls,Houston Rockets,124.0,119.0,2024,5.0,243.0
401585153,2024-01-10,Golden State Warriors,New Orleans Pelicans,105.0,141.0,2024,-36.0,246.0
401585152,2024-01-10,Utah Jazz,Denver Nuggets,124.0,111.0,2024,13.0,235.0
401585154,2024-01-10,LA Clippers,Toronto Raptors,126.0,120.0,2024,6.0,246.0
401585140,2024-01-09,Detroit Pistons,Sacramento Kings,110.0,131.0,2024,-21.0,241.0
401585141,2024-01-09,Orlando Magic,Minnesota Timberwolves,92.0,113.0,2024,-21.0,205.0
401585142,2024-01-09,New York Knicks,Portland Trail Blazers,112.0,84.0,2024,28.0,196.0
401585143,2024-01-09,Dallas Mavericks,Memphis Grizzlies,103.0,120.0,2024,-17.0,223.0
401585144,2024-01-09,Los Angeles Lakers,Toronto Raptors,132.0,131.0,2024,1.0,263.0
401585134,2024-01-08,Charlotte Hornets,Chicago Bulls,112.0,119.0,2024,-7.0,231.0
401585135,2024-01-08,Indiana Pacers,Boston Celtics,133.0,131.0,2024,2.0,264.0
401585136,2024-01-08,Washington Wizards,Oklahoma City Thunder,128.0,136.0,2024,-8.0,264.0
401585137,2024-01-08,Miami Heat,Houston Rockets,120.0,113.0,2024,7.0,233.0
401585138,2024-01-08,Milwaukee Bucks,Utah Jazz,116.0,132.0,2024,-16.0,248.0
401585139,2024-01-08,LA Clippers,Phoenix Suns,138.0,111.0,2024,27.0,249.0
401585125,2024-01-07,Cleveland Cavaliers,San Antonio Spurs,117.0,115.0,2024,2.0,232.0
401585126,2024-01-07,Brooklyn Nets,Portland Trail Blazers,127.0,134.0,2024,-7.0,261.0
401585127,2024-01-07,Orlando Magic,Atlanta Hawks,117.0,110.0,2024,7.0,227.0
401585128,2024-01-07,Sacramento Kings,New Orleans Pelicans,100.0,133.0,2024,-33.0,233.0
401585129,2024-01-07,Dallas Mavericks,Minnesota Timberwolves,115.0,108.0,2024,7.0,223.0
401585130,2024-01-07,Denver Nuggets,Detroit Pistons,131.0,114.0,2024,17.0,245.0
401585131,2024-01-07,Phoenix Suns,Memphis Grizzlies,115.0,121.0,2024,-6.0,236.0
401585132,2024-01-07,Golden State Warriors,Toronto Raptors,118.0,133.0,2024,-15.0,251.0
401585133,2024-01-07,Los Angeles Lakers,LA Clippers,106.0,103.0,2024,3.0,209.0
401585121,2024-01-06,Indiana Pacers,Boston Celtics,101.0,118.0,2024,-17.0,219.0
401585122,2024-01-06,Washington Wizards,New York Knicks,105.0,121.0,2024,-16.0,226.0
401585123,2024-01-06,Philadelphia 76ers,Utah Jazz,109.0,120.0,2024,-11.0,229.0
401585124,2024-01-06,Houston Rockets,Milwaukee Bucks,112.0,108.0,2024,4.0,220.0
401585107,2024-01-05,Boston Celtics,Utah Jazz,126.0,97.0,2024,29.0,223.0
401585108,2024-01-05,Indiana Pacers,Atlanta Hawks,150.0,116.0,2024,34.0,266.0
401585109,2024-01-05,Brooklyn Nets,Oklahoma City Thunder,124.0,115.0,2024,9.0,239.0
401585110,2024-01-05,Cleveland Cavaliers,Washington Wizards,114.0,90.0,2024,24.0,204.0
401585111,2024-01-05,Philadelphia 76ers,New York Knicks,92.0,128.0,2024,-36.0,220.0
401585112,2024-01-05,Chicago Bulls,Charlotte Hornets,104.0,91.0,2024,13.0,195.0
401585113,2024-01-05,Houston Rockets,Minnesota Timberwolves,95.0,122.0,2024,-27.0,217.0
401585114,2024-01-05,New Orleans Pelicans,LA Clippers,95.0,111.0,2024,-16.0,206.0
401585115,2024-01-05,Dallas Mavericks,Portland Trail Blazers,139.0,103.0,2024,36.0,242.0
401585116,2024-01-05,Denver Nuggets,Orlando Magic,120.0,122.0,2024,-2.0,242.0
401585117,2024-01-05,Phoenix Suns,Miami Heat,113.0,97.0,2024,16.0,210.0
401585118,2024-01-05,Golden State Warriors,Detroit Pistons,113.0,109.0,2024,4.0,222.0
401585119,2024-01-05,Los Angeles Lakers,Memphis Grizzlies,113.0,127.0,2024,-14.0,240.0
401585120,2024-01-05,Sacramento Kings,Toronto Raptors,135.0,130.0,2024,5.0,265.0
401585105,2024-01-04,San Antonio Spurs,Milwaukee Bucks,121.0,125.0,2024,-4.0,246.0
401585106,2024-01-04,Golden State Warriors,Denver Nuggets,127.0,130.0,2024,-3.0,257.0
401585093,2024-01-03,Cleveland Cavaliers,Washington Wizards,140.0,101.0,2024,39.0,241.0
401585094,2024-01-03,Indiana Pacers,Milwaukee Bucks,142.0,130.0,2024,12.0,272.0
401585095,2024-01-03,Atlanta Hawks,Oklahoma City Thunder,141.0,138.0,2024,3.0,279.0
401585097,2024-01-03,Houston Rockets,Brooklyn Nets,112.0,101.0,2024,11.0,213.0
401585098,2024-01-03,Memphis Grizzlies,Toronto Raptors,111.0,116.0,2024,-5.0,227.0
401585099,2024-01-03,Minnesota Timberwolves,New Orleans Pelicans,106.0,117.0,2024,-11.0,223.0
401585096,2024-01-03,New York Knicks,Chicago Bulls,116.0,100.0,2024,16.0,216.0
401585100,2024-01-03,Dallas Mavericks,Portland Trail Blazers,126.0,97.0,2024,29.0,223.0
401585101,2024-01-03,Phoenix Suns,LA Clippers,122.0,131.0,2024,-9.0,253.0
401585102,2024-01-03,Utah Jazz,Detroit Pistons,154.0,148.0,2024,6.0,302.0
401585103,2024-01-03,Los Angeles Lakers,Miami Heat,96.0,110.0,2024,-14.0,206.0
401585104,2024-01-03,Sacramento Kings,Orlando Magic,138.0,135.0,2024,3.0,273.0
401585087,2024-01-02,Philadelphia 76ers,Chicago Bulls,110.0,97.0,2024,13.0,207.0
401585088,2024-01-02,Memphis Grizzlies,San Antonio Spurs,106.0,98.0,2024,8.0,204.0
401585089,2024-01-02,New Orleans Pelicans,Brooklyn Nets,112.0,85.0,2024,27.0,197.0
401585090,2024-01-02,Oklahoma City Thunder,Boston Celtics,127.0,123.0,2024,4.0,250.0
401585091,2024-01-02,Golden State Warriors,Orlando Magic,121.0,115.0,2024,6.0,236.0
401585092,2024-01-02,Sacramento Kings,Charlotte Hornets,104.0,111.0,2024,-7.0,215.0
401585079,2024-01-01,New York Knicks,Minnesota Timberwolves,112.0,106.0,2024,6.0,218.0
401585080,2024-01-01,Toronto Raptors,Cleveland Cavaliers,124.0,121.0,2024,3.0,245.0
401585081,2024-01-01,Houston Rockets,Detroit Pistons,136.0,113.0,2024,23.0,249.0
401585082,2024-01-01,Milwaukee Bucks,Indiana Pacers,113.0,122.0,2024,-9.0,235.0
401585083,2024-01-01,Denver Nuggets,Charlotte Hornets,111.0,93.0,2024,18.0,204.0
401585084,2024-01-01,Phoenix Suns,Portland Trail Blazers,109.0,88.0,2024,21.0,197.0
401585085,2024-01-01,Utah Jazz,Dallas Mavericks,127.0,90.0,2024,37.0,217.0
401585086,2024-01-01,LA Clippers,Miami Heat,121.0,104.0,2024,17.0,225.0
401585073,2023-12-31,Washington Wizards,Atlanta Hawks,126.0,130.0,2024,-4.0,256.0
401585074,2023-12-31,New Orleans Pelicans,Los Angeles Lakers,129.0,109.0,2024,20.0,238.0
401585075,2023-12-31,Oklahoma City Thunder,Brooklyn Nets,124.0,108.0,2024,16.0,232.0
401585076,2023-12-31,San Antonio Spurs,Boston Celtics,101.0,134.0,2024,-33.0,235.0
401585077,2023-12-31,Memphis Grizzlies,Sacramento Kings,92.0,123.0,2024,-31.0,215.0
401585078,2023-12-31,Phoenix Suns,Orlando Magic,112.0,107.0,2024,5.0,219.0
401585067,2023-12-30,Utah Jazz,Miami Heat,117.0,109.0,2024,8.0,226.0
401585068,2023-12-30,Detroit Pistons,Toronto Raptors,129.0,127.0,2024,2.0,256.0
401585069,2023-12-30,Indiana Pacers,New York Knicks,140.0,126.0,2024,14.0,266.0
401585070,2023-12-30,Chicago Bulls,Philadelphia 76ers,105.0,92.0,2024,13.0,197.0
401585071,2023-12-30,Minnesota Timberwolves,Los Angeles Lakers,108.0,106.0,2024,2.0,214.0
401585072,2023-12-30,Golden State Warriors,Dallas Mavericks,122.0,132.0,2024,-10.0,254.0
401585057,2023-12-29,Orlando Magic,New York Knicks,117.0,108.0,2024,9.0,225.0
401585058,2023-12-29,Washington Wizards,Brooklyn Nets,110.0,104.0,2024,6.0,214.0
401585059,2023-12-29,Atlanta Hawks,Sacramento Kings,110.0,117.0,2024,-7.0,227.0
401585060,2023-12-29,Boston Celtics,Toronto Raptors,120.0,118.0,2024,2.0,238.0
401585061,2023-12-29,Cleveland Cavaliers,Milwaukee Bucks,111.0,119.0,2024,-8.0,230.0
401585062,2023-12-29,Houston Rockets,Philadelphia 76ers,127.0,131.0,2024,-4.0,258.0
401585063,2023-12-29,Denver Nuggets,Oklahoma City Thunder,93.0,119.0,2024,-26.0,212.0
401585064,2023-12-29,Phoenix Suns,Charlotte Hornets,133.0,119.0,2024,14.0,252.0
401585065,2023-12-29,Portland Trail Blazers,San Antonio Spurs,134.0,128.0,2024,6.0,262.0
401585066,2023-12-29,LA Clippers,Memphis Grizzlies,117.0,106.0,2024,11.0,223.0
401585049,2023-12-28,Boston Celtics,Detroit Pistons,128.0,122.0,2024,6.0,250.0
401585050,2023-12-28,Chicago Bulls,Indiana Pacers,104.0,120.0,2024,-16.0,224.0
401585051,2023-12-28,Minnesota Timberwolves,Dallas Mavericks,118.0,110.0,2024,8.0,228.0
401585052,2023-12-28,New Orleans Pelicans,Utah Jazz,112.0,105.0,2024,7.0,217.0
401585053,2023-12-28,Denver Nuggets,Memphis Grizzlies,142.0,105.0,2024,37.0,247.0
401585054,2023-12-28,Golden State Warriors,Miami Heat,102.0,114.0,2024,-12.0,216.0
401585055,2023-12-28,Portland Trail Blazers,San Antonio Spurs,105.0,118.0,2024,-13.0,223.0
401585056,2023-12-28,Los Angeles Lakers,Charlotte Hornets,133.0,112.0,2024,21.0,245.0
401585043,2023-12-27,Orlando Magic,Philadelphia 76ers,92.0,112.0,2024,-20.0,204.0
401585044,2023-12-27,Washington Wizards,Toronto Raptors,102.0,132.0,2024,-30.0,234.0
401585045,2023-12-27,Brooklyn Nets,Milwaukee Bucks,122.0,144.0,2024,-22.0,266.0
401585046,2023-12-27,Houston Rockets,Phoenix Suns,113.0,129.0,2024,-16.0,242.0
401585047,2023-12-27,Oklahoma City Thunder,New York Knicks,129.0,120.0,2024,9.0,249.0
401585048,2023-12-27,Dallas Mavericks,Cleveland Cavaliers,110.0,113.0,2024,-3.0,223.0
401585034,2023-12-26,Detroit Pistons,Brooklyn Nets,112.0,118.0,2024,-6.0,230.0
401585035,2023-12-26,Washington Wizards,Orlando Magic,119.0,127.0,2024,-8.0,246.0
401585036,2023-12-26,Chicago Bulls,Atlanta Hawks,118.0,113.0,2024,5.0,231.0
401585037,2023-12-26,Houston Rockets,Indiana Pacers,117.0,123.0,2024,-6.0,240.0
401585038,2023-12-26,New Orleans Pelicans,Memphis Grizzlies,115.0,116.0,2024,-1.0,231.0
401585039,2023-12-26,Oklahoma City Thunder,Minnesota Timberwolves,129.0,106.0,2024,23.0,235.0
401585040,2023-12-26,San Antonio Spurs,Utah Jazz,118.0,130.0,2024,-12.0,248.0
401585041,2023-12-26,Portland Trail Blazers,Sacramento Kings,130.0,113.0,2024,17.0,243.0
401585042,2023-12-26,LA Clippers,Charlotte Hornets,113.0,104.0,2024,9.0,217.0
401585029,2023-12-25,New York Knicks,Milwaukee Bucks,129.0,122.0,2024,7.0,251.0
401585030,2023-12-25,Denver Nuggets,Golden State Warriors,120.0,114.0,2024,6.0,234.0
401585031,2023-12-25,Los Angeles Lakers,Boston Celtics,115.0,126.0,2024,-11.0,241.0
401585032,2023-12-25,Miami Heat,Philadelphia 76ers,119.0,113.0,2024,6.0,232.0
401585033,2023-12-25,Phoenix Suns,Dallas Mavericks,114.0,128.0,2024,-14.0,242.0
401585016,2023-12-23,New York Knicks,Milwaukee Bucks,111.0,130.0,2024,-19.0,241.0
401585017,2023-12-23,LA Clippers,Boston Celtics,108.0,145.0,2024,-37.0,253.0
401585018,2023-12-23,Charlotte Hornets,Denver Nuggets,95.0,102.0,2024,-7.0,197.0
401585019,2023-12-23,Indiana Pacers,Orlando Magic,110.0,117.0,2024,-7.0,227.0
401585020,2023-12-23,New Orleans Pelicans,Houston Rockets,104.0,106.0,2024,-2.0,210.0
401585021,2023-12-23,Atlanta Hawks,Memphis Grizzlies,119.0,125.0,2024,-6.0,244.0
401585022,2023-12-23,Brooklyn Nets,Detroit Pistons,126.0,115.0,2024,11.0,241.0
401585023,2023-12-23,Toronto Raptors,Utah Jazz,119.0,126.0,2024,-7.0,245.0
401585024,2023-12-23,Chicago Bulls,Cleveland Cavaliers,95.0,109.0,2024,-14.0,204.0
401585025,2023-12-23,Oklahoma City Thunder,Los Angeles Lakers,120.0,129.0,2024,-9.0,249.0
401585026,2023-12-23,Dallas Mavericks,San Antonio Spurs,144.0,119.0,2024,25.0,263.0
401585027,2023-12-23,Golden State Warriors,Portland Trail Blazers,126.0,106.0,2024,20.0,232.0
401585028,2023-12-23,Sacramento Kings,Minnesota Timberwolves,98.0,110.0,2024,-12.0,208.0
401585010,2023-12-22,Philadelphia 76ers,Toronto Raptors,121.0,111.0,2024,10.0,232.0
401585011,2023-12-22,Brooklyn Nets,Denver Nuggets,117.0,122.0,2024,-5.0,239.0
401585012,2023-12-22,Miami Heat,Atlanta Hawks,122.0,113.0,2024,9.0,235.0
401585013,2023-12-22,Houston Rockets,Dallas Mavericks,122.0,96.0,2024,26.0,218.0
401585015,2023-12-22,Sacramento Kings,Phoenix Suns,120.0,105.0,2024,15.0,225.0
401585014,2023-12-22,Golden State Warriors,Washington Wizards,129.0,118.0,2024,11.0,247.0
401585002,2023-12-21,Detroit Pistons,Utah Jazz,111.0,119.0,2024,-8.0,230.0
401585003,2023-12-21,Cleveland Cavaliers,New Orleans Pelicans,104.0,123.0,2024,-19.0,227.0
401585004,2023-12-21,Chicago Bulls,San Antonio Spurs,114.0,95.0,2024,19.0,209.0
401585005,2023-12-21,Memphis Grizzlies,Indiana Pacers,116.0,103.0,2024,13.0,219.0
401585006,2023-12-21,Milwaukee Bucks,Orlando Magic,118.0,114.0,2024,4.0,232.0
401585007,2023-12-21,Oklahoma City Thunder,LA Clippers,134.0,115.0,2024,19.0,249.0
401585008,2023-12-21,Minnesota Timberwolves,Los Angeles Lakers,118.0,111.0,2024,7.0,229.0
401585009,2023-12-21,Portland Trail Blazers,Washington Wizards,117.0,118.0,2024,-1.0,235.0
401584992,2023-12-20,Cleveland Cavaliers,Utah Jazz,124.0,116.0,2024,8.0,240.0
401584993,2023-12-20,Indiana Pacers,Charlotte Hornets,144.0,113.0,2024,31.0,257.0
401584994,2023-12-20,Orlando Magic,Miami Heat,106.0,115.0,2024,-9.0,221.0
401584995,2023-12-20,Philadelphia 76ers,Minnesota Timberwolves,127.0,113.0,2024,14.0,240.0
401584996,2023-12-20,Brooklyn Nets,New York Knicks,102.0,121.0,2024,-19.0,223.0
401584997,2023-12-20,Toronto Raptors,Denver Nuggets,104.0,113.0,2024,-9.0,217.0
401584998,2023-12-20,Chicago Bulls,Los Angeles Lakers,124.0,108.0,2024,16.0,232.0
401584999,2023-12-20,Houston Rockets,Atlanta Hawks,127.0,134.0,2024,-7.0,261.0
401585000,2023-12-20,Dallas Mavericks,LA Clippers,111.0,120.0,2024,-9.0,231.0
401585001,2023-12-20,Sacramento Kings,Boston Celtics,119.0,144.0,2024,-25.0,263.0
401584988,2023-12-19,New Orleans Pelicans,Memphis Grizzlies,113.0,115.0,2024,-2.0,228.0
401584989,2023-12-19,Milwaukee Bucks,San Antonio Spurs,132.0,119.0,2024,13.0,251.0
401584990,2023-12-19,Golden State Warriors,Boston Celtics,132.0,126.0,2024,6.0,258.0
401584991,2023-12-19,Portland Trail Blazers,Phoenix Suns,109.0,104.0,2024,5.0,213.0
401584977,2023-12-18,Cleveland Cavaliers,Houston Rockets,135.0,130.0,2024,5.0,265.0
401584978,2023-12-18,Indiana Pacers,LA Clippers,127.0,151.0,2024,-24.0,278.0
401584979,2023-12-18,Philadelphia 76ers,Chicago Bulls,104.0,108.0,2024,-4.0,212.0
401584980,2023-12-18,Atlanta Hawks,Detroit Pistons,130.0,124.0,2024,6.0,254.0
401584981,2023-12-18,Miami Heat,Minnesota Timberwolves,108.0,112.0,2024,-4.0,220.0
401584982,2023-12-18,Toronto Raptors,Charlotte Hornets,114.0,99.0,2024,15.0,213.0
401584983,2023-12-18,Oklahoma City Thunder,Memphis Grizzlies,116.0,97.0,2024,19.0,213.0
401584984,2023-12-18,Denver Nuggets,Dallas Mavericks,130.0,104.0,2024,26.0,234.0
401584985,2023-12-18,Utah Jazz,Brooklyn Nets,125.0,108.0,2024,17.0,233.0
401584986,2023-12-18,Sacramento Kings,Washington Wizards,143.0,131.0,2024,12.0,274.0
401584987,2023-12-18,Los Angeles Lakers,New York Knicks,109.0,114.0,2024,-5.0,223.0
401584972,2023-12-17,Boston Celtics,Orlando Magic,114.0,97.0,2024,17.0,211.0
401584973,2023-12-17,San Antonio Spurs,New Orleans Pelicans,110.0,146.0,2024,-36.0,256.0
401584974,2023-12-17,Milwaukee Bucks,Houston Rockets,128.0,119.0,2024,9.0,247.0
401584975,2023-12-17,Phoenix Suns,Washington Wizards,112.0,108.0,2024,4.0,220.0
401584976,2023-12-17,Portland Trail Blazers,Golden State Warriors,114.0,118.0,2024,-4.0,232.0
401584962,2023-12-16,Milwaukee Bucks,Detroit Pistons,146.0,114.0,2024,32.0,260.0
401584963,2023-12-16,Charlotte Hornets,Philadelphia 76ers,82.0,135.0,2024,-53.0,217.0
401584964,2023-12-16,Cleveland Cavaliers,Atlanta Hawks,127.0,119.0,2024,8.0,246.0
401584965,2023-12-16,Miami Heat,Chicago Bulls,118.0,116.0,2024,2.0,234.0
401584966,2023-12-16,Minnesota Timberwolves,Indiana Pacers,127.0,109.0,2024,18.0,236.0
401584967,2023-12-16,Golden State Warriors,Brooklyn Nets,124.0,120.0,2024,4.0,244.0
401584968,2023-12-16,Denver Nuggets,Oklahoma City Thunder,117.0,118.0,2024,-1.0,235.0
401584969,2023-12-16,Portland Trail Blazers,Dallas Mavericks,120.0,131.0,2024,-11.0,251.0
401584970,2023-12-16,Sacramento Kings,Utah Jazz,125.0,104.0,2024,21.0,229.0
401584971,2023-12-16,LA Clippers,New York Knicks,144.0,122.0,2024,22.0,266.0
401584954,2023-12-15,Charlotte Hornets,New Orleans Pelicans,107.0,112.0,2024,-5.0,219.0
401584955,2023-12-15,Philadelphia 76ers,Detroit Pistons,124.0,92.0,2024,32.0,216.0
401584956,2023-12-15,Washington Wizards,Indiana Pacers,137.0,123.0,2024,14.0,260.0
401584957,2023-12-15,Boston Celtics,Orlando Magic,128.0,111.0,2024,17.0,239.0
401584958,2023-12-15,Toronto Raptors,Atlanta Hawks,104.0,125.0,2024,-21.0,229.0
401584959,2023-12-15,San Antonio Spurs,Los Angeles Lakers,129.0,115.0,2024,14.0,244.0
401584960,2023-12-15,Memphis Grizzlies,Houston Rockets,96.0,103.0,2024,-7.0,199.0
401584961,2023-12-15,Phoenix Suns,New York Knicks,122.0,139.0,2024,-17.0,261.0
401584947,2023-12-14,Boston Celtics,Cleveland Cavaliers,116.0,107.0,2024,9.0,223.0
401584948,2023-12-14,Miami Heat,Chicago Bulls,116.0,124.0,2024,-8.0,240.0
401584949,2023-12-14,Dallas Mavericks,Minnesota Timberwolves,101.0,119.0,2024,-18.0,220.0
401584950,2023-12-14,Denver Nuggets,Brooklyn Nets,124.0,101.0,2024,23.0,225.0
401584951,2023-12-14,Portland Trail Blazers,Utah Jazz,114.0,122.0,2024,-8.0,236.0
401584952,2023-12-14,Sacramento Kings,Oklahoma City Thunder,128.0,123.0,2024,5.0,251.0
401584953,2023-12-14,LA Clippers,Golden State Warriors,121.0,113.0,2024,8.0,234.0
401584938,2023-12-13,Detroit Pistons,Philadelphia 76ers,111.0,129.0,2024,-18.0,240.0
401584939,2023-12-13,Washington Wizards,New Orleans Pelicans,122.0,142.0,2024,-20.0,264.0
401584940,2023-12-13,Miami Heat,Charlotte Hornets,115.0,104.0,2024,11.0,219.0
401584941,2023-12-13,Toronto Raptors,Atlanta Hawks,135.0,128.0,2024,7.0,263.0
401584942,2023-12-13,Houston Rockets,Memphis Grizzlies,117.0,104.0,2024,13.0,221.0
401584943,2023-12-13,Milwaukee Bucks,Indiana Pacers,140.0,126.0,2024,14.0,266.0
401584944,2023-12-13,San Antonio Spurs,Los Angeles Lakers,119.0,122.0,2024,-3.0,241.0
401584945,2023-12-13,Phoenix Suns,Brooklyn Nets,112.0,116.0,2024,-4.0,228.0
401584946,2023-12-13,Utah Jazz,New York Knicks,117.0,113.0,2024,4.0,230.0
401584933,2023-12-12,Boston Celtics,Cleveland Cavaliers,120.0,113.0,2024,7.0,233.0
401584934,2023-12-12,Dallas Mavericks,Los Angeles Lakers,127.0,125.0,2024,2.0,252.0
401584935,2023-12-12,Chicago Bulls,Denver Nuggets,106.0,114.0,2024,-8.0,220.0
401584936,2023-12-12,Phoenix Suns,Golden State Warriors,119.0,116.0,2024,3.0,235.0
401584937,2023-12-12,LA Clippers,Sacramento Kings,119.0,99.0,2024,20.0,218.0
401584920,2023-12-11,Charlotte Hornets,Miami Heat,114.0,116.0,2024,-2.0,230.0
401584921,2023-12-11,Detroit Pistons,Indiana Pacers,123.0,131.0,2024,-8.0,254.0
401584922,2023-12-11,Orlando Magic,Cleveland Cavaliers,104.0,94.0,2024,10.0,198.0
401584923,2023-12-11,Philadelphia 76ers,Washington Wizards,146.0,101.0,2024,45.0,247.0
401584924,2023-12-11,Atlanta Hawks,Denver Nuggets,122.0,129.0,2024,-7.0,251.0
401584925,2023-12-11,New York Knicks,Toronto Raptors,136.0,130.0,2024,6.0,266.0
401584926,2023-12-11,Houston Rockets,San Antonio Spurs,93.0,82.0,2024,11.0,175.0
401584927,2023-12-11,Memphis Grizzlies,Dallas Mavericks,113.0,120.0,2024,-7.0,233.0
401584928,2023-12-11,Milwaukee Bucks,Chicago Bulls,133.0,129.0,2024,4.0,262.0
401584929,2023-12-11,New Orleans Pelicans,Minnesota Timberwolves,121.0,107.0,2024,14.0,228.0
401584930,2023-12-11,Oklahoma City Thunder,Utah Jazz,134.0,120.0,2024,14.0,254.0
401584931,2023-12-11,Sacramento Kings,Brooklyn Nets,131.0,118.0,2024,13.0,249.0
401584932,2023-12-11,LA Clippers,Portland Trail Blazers,132.0,127.0,2024,5.0,259.0
401607495,2023-12-09,Los Angeles Lakers,Indiana Pacers,123.0,109.0,2024,14.0,232.0
401616470,2023-12-08,Charlotte Hornets,Toronto Raptors,119.0,116.0,2024,3.0,235.0
401616471,2023-12-08,Orlando Magic,Detroit Pistons,123.0,91.0,2024,32.0,214.0
401616472,2023-12-08,Philadelphia 76ers,Atlanta Hawks,125.0,114.0,2024,11.0,239.0
401616473,2023-12-08,Brooklyn Nets,Washington Wizards,124.0,97.0,2024,27.0,221.0
401617579,2023-12-08,Boston Celtics,New York Knicks,133.0,123.0,2024,10.0,256.0
401616474,2023-12-08,Miami Heat,Cleveland Cavaliers,99.0,111.0,2024,-12.0,210.0
401616475,2023-12-08,Memphis Grizzlies,Minnesota Timberwolves,103.0,127.0,2024,-24.0,230.0
401616476,2023-12-08,Oklahoma City Thunder,Golden State Warriors,138.0,136.0,2024,2.0,274.0
401616477,2023-12-08,San Antonio Spurs,Chicago Bulls,112.0,121.0,2024,-9.0,233.0
401616478,2023-12-08,Denver Nuggets,Houston Rockets,106.0,114.0,2024,-8.0,220.0
401617581,2023-12-08,Phoenix Suns,Sacramento Kings,106.0,114.0,2024,-8.0,220.0
401616479,2023-12-08,Utah Jazz,LA Clippers,103.0,117.0,2024,-14.0,220.0
401616480,2023-12-08,Portland Trail Blazers,Dallas Mavericks,112.0,125.0,2024,-13.0,237.0
401607494,2023-12-07,Milwaukee Bucks,Indiana Pacers,119.0,128.0,2024,-9.0,247.0
401607493,2023-12-07,Los Angeles Lakers,New Orleans Pelicans,133.0,89.0,2024,44.0,222.0
401616459,2023-12-06,Cleveland Cavaliers,Orlando Magic,121.0,111.0,2024,10.0,232.0
401616460,2023-12-06,Detroit Pistons,Memphis Grizzlies,102.0,116.0,2024,-14.0,218.0
401616462,2023-12-06,Washington Wizards,Philadelphia 76ers,126.0,131.0,2024,-5.0,257.0
401616461,2023-12-06,Toronto Raptors,Miami Heat,103.0,112.0,2024,-9.0,215.0
401616463,2023-12-06,Atlanta Hawks,Brooklyn Nets,113.0,114.0,2024,-1.0,227.0
401616464,2023-12-06,Minnesota Timberwolves,San Antonio Spurs,102.0,94.0,2024,8.0,196.0
401616465,2023-12-06,Chicago Bulls,Charlotte Hornets,111.0,100.0,2024,11.0,211.0
401616466,2023-12-06,Houston Rockets,Oklahoma City Thunder,110.0,101.0,2024,9.0,211.0
401616467,2023-12-06,Dallas Mavericks,Utah Jazz,147.0,97.0,2024,50.0,244.0
401616468,2023-12-06,Golden State Warriors,Portland Trail Blazers,110.0,106.0,2024,4.0,216.0
401616469,2023-12-06,LA Clippers,Denver Nuggets,111.0,102.0,2024,9.0,213.0
401607489,2023-12-05,Milwaukee Bucks,New York Knicks,146.0,122.0,2024,24.0,268.0
401607490,2023-12-05,Los Angeles Lakers,Phoenix Suns,106.0,103.0,2024,3.0,209.0
401607491,2023-12-04,Indiana Pacers,Boston Celtics,122.0,112.0,2024,10.0,234.0
401607492,2023-12-04,Sacramento Kings,New Orleans Pelicans,117.0,127.0,2024,-10.0,244.0
401584908,2023-12-02,LA Clippers,Golden State Warriors,113.0,112.0,2024,1.0,225.0
401584909,2023-12-02,Charlotte Hornets,Minnesota Timberwolves,117.0,123.0,2024,-6.0,240.0
401584910,2023-12-02,Brooklyn Nets,Orlando Magic,129.0,101.0,2024,28.0,230.0
401584911,2023-12-02,Detroit Pistons,Cleveland Cavaliers,101.0,110.0,2024,-9.0,211.0
401584912,2023-12-02,Miami Heat,Indiana Pacers,129.0,144.0,2024,-15.0,273.0
401584913,2023-12-02,Chicago Bulls,New Orleans Pelicans,124.0,118.0,2024,6.0,242.0
401584914,2023-12-02,Milwaukee Bucks,Atlanta Hawks,132.0,121.0,2024,11.0,253.0
401584915,2023-12-02,Dallas Mavericks,Oklahoma City Thunder,120.0,126.0,2024,-6.0,246.0
401584916,2023-12-02,Phoenix Suns,Memphis Grizzlies,116.0,109.0,2024,7.0,225.0
401584917,2023-12-02,Utah Jazz,Portland Trail Blazers,118.0,113.0,2024,5.0,231.0
401584918,2023-12-02,Sacramento Kings,Denver Nuggets,123.0,117.0,2024,6.0,240.0
401584919,2023-12-02,Los Angeles Lakers,Houston Rockets,107.0,97.0,2024,10.0,204.0
401584902,2023-12-01,Orlando Magic,Washington Wizards,130.0,125.0,2024,5.0,255.0
401584903,2023-12-01,Boston Celtics,Philadelphia 76ers,125.0,119.0,2024,6.0,244.0
401584904,2023-12-01,Toronto Raptors,New York Knicks,106.0,119.0,2024,-13.0,225.0
401584905,2023-12-01,Dallas Mavericks,Memphis Grizzlies,94.0,108.0,2024,-14.0,202.0
401584906,2023-12-01,New Orleans Pelicans,San Antonio Spurs,121.0,106.0,2024,15.0,227.0
401584907,2023-12-01,Phoenix Suns,Denver Nuggets,111.0,119.0,2024,-8.0,230.0
401584893,2023-11-30,Cleveland Cavaliers,Portland Trail Blazers,95.0,103.0,2024,-8.0,198.0
401584894,2023-11-30,Brooklyn Nets,Charlotte Hornets,128.0,129.0,2024,-1.0,257.0
401584895,2023-11-30,Miami Heat,Indiana Pacers,142.0,132.0,2024,10.0,274.0
401584896,2023-11-30,New York Knicks,Detroit Pistons,118.0,112.0,2024,6.0,230.0
401584897,2023-11-30,Chicago Bulls,Milwaukee Bucks,120.0,113.0,2024,7.0,233.0
401584898,2023-11-30,Minnesota Timberwolves,Utah Jazz,101.0,90.0,2024,11.0,191.0
401584899,2023-11-30,Oklahoma City Thunder,Los Angeles Lakers,133.0,110.0,2024,23.0,243.0
401584900,2023-11-30,San Antonio Spurs,Atlanta Hawks,135.0,137.0,2024,-2.0,272.0
401584901,2023-11-30,Golden State Warriors,LA Clippers,120.0,114.0,2024,6.0,234.0
401584886,2023-11-29,Detroit Pistons,Los Angeles Lakers,107.0,133.0,2024,-26.0,240.0
401584887,2023-11-29,Orlando Magic,Washington Wizards,139.0,120.0,2024,19.0,259.0
401584888,2023-11-29,Toronto Raptors,Phoenix Suns,112.0,105.0,2024,7.0,217.0
401584889,2023-11-29,Memphis Grizzlies,Utah Jazz,105.0,91.0,2024,14.0,196.0
401584890,2023-11-29,New Orleans Pelicans,Philadelphia 76ers,124.0,114.0,2024,10.0,238.0
401584891,2023-11-29,Denver Nuggets,Houston Rockets,134.0,124.0,2024,10.0,258.0
401584892,2023-11-29,Sacramento Kings,LA Clippers,117.0,131.0,2024,-14.0,248.0
401584141,2023-11-28,Boston Celtics,Chicago Bulls,124.0,97.0,2024,27.0,221.0
401584142,2023-11-28,Brooklyn Nets,Toronto Raptors,115.0,103.0,2024,12.0,218.0
401584143,2023-11-28,Cleveland Cavaliers,Atlanta Hawks,128.0,105.0,2024,23.0,233.0
401584144,2023-11-28,Miami Heat,Milwaukee Bucks,124.0,131.0,2024,-7.0,255.0
401584145,2023-11-28,New York Knicks,Charlotte Hornets,115.0,91.0,2024,24.0,206.0
401584146,2023-11-28,Minnesota Timberwolves,Oklahoma City Thunder,106.0,103.0,2024,3.0,209.0
401584147,2023-11-28,Dallas Mavericks,Houston Rockets,121.0,115.0,2024,6.0,236.0
401584148,2023-11-28,Sacramento Kings,Golden State Warriors,124.0,123.0,2024,1.0,247.0
401584881,2023-11-27,Detroit Pistons,Washington Wizards,107.0,126.0,2024,-19.0,233.0
401584882,2023-11-27,Indiana Pacers,Portland Trail Blazers,110.0,114.0,2024,-4.0,224.0
401584883,2023-11-27,Philadelphia 76ers,Los Angeles Lakers,138.0,94.0,2024,44.0,232.0
401584884,2023-11-27,Utah Jazz,New Orleans Pelicans,114.0,112.0,2024,2.0,226.0
401584885,2023-11-27,LA Clippers,Denver Nuggets,104.0,113.0,2024,-9.0,217.0
401584873,2023-11-26,Milwaukee Bucks,Portland Trail Blazers,108.0,102.0,2024,6.0,210.0
401584874,2023-11-26,Boston Celtics,Atlanta Hawks,113.0,103.0,2024,10.0,216.0
401584875,2023-11-26,New York Knicks,Phoenix Suns,113.0,116.0,2024,-3.0,229.0
401584876,2023-11-26,Orlando Magic,Charlotte Hornets,130.0,117.0,2024,13.0,247.0
401584877,2023-11-26,Memphis Grizzlies,Minnesota Timberwolves,97.0,119.0,2024,-22.0,216.0
401584878,2023-11-26,Brooklyn Nets,Chicago Bulls,118.0,109.0,2024,9.0,227.0
401584879,2023-11-26,Cleveland Cavaliers,Toronto Raptors,105.0,102.0,2024,3.0,207.0
401584880,2023-11-26,Denver Nuggets,San Antonio Spurs,132.0,120.0,2024,12.0,252.0
401584867,2023-11-25,Oklahoma City Thunder,Philadelphia 76ers,123.0,127.0,2024,-4.0,250.0
401584868,2023-11-25,Brooklyn Nets,Miami Heat,112.0,97.0,2024,15.0,209.0
401584869,2023-11-25,Washington Wizards,Atlanta Hawks,108.0,136.0,2024,-28.0,244.0
401584870,2023-11-25,Cleveland Cavaliers,Los Angeles Lakers,115.0,121.0,2024,-6.0,236.0
401584871,2023-11-25,Utah Jazz,New Orleans Pelicans,105.0,100.0,2024,5.0,205.0
401584872,2023-11-25,LA Clippers,Dallas Mavericks,107.0,88.0,2024,19.0,195.0
401584131,2023-11-24,Orlando Magic,Boston Celtics,113.0,96.0,2024,17.0,209.0
401584132,2023-11-24,Memphis Grizzlies,Phoenix Suns,89.0,110.0,2024,-21.0,199.0
401584133,2023-11-24,New York Knicks,Miami Heat,100.0,98.0,2024,2.0,198.0
401584134,2023-11-24,Toronto Raptors,Chicago Bulls,121.0,108.0,2024,13.0,229.0
401584135,2023-11-24,Indiana Pacers,Detroit Pistons,136.0,113.0,2024,23.0,249.0
401584136,2023-11-24,Houston Rockets,Denver Nuggets,105.0,86.0,2024,19.0,191.0
401584137,2023-11-24,Milwaukee Bucks,Washington Wizards,131.0,128.0,2024,3.0,259.0
401584138,2023-11-24,Minnesota Timberwolves,Sacramento Kings,111.0,124.0,2024,-13.0,235.0
401584139,2023-11-24,Golden State Warriors,San Antonio Spurs,118.0,112.0,2024,6.0,230.0
401584140,2023-11-24,LA Clippers,New Orleans Pelicans,106.0,116.0,2024,-10.0,222.0
401584853,2023-11-22,Charlotte Hornets,Washington Wizards,117.0,114.0,2024,3.0,231.0
401584854,2023-11-22,Orlando Magic,Denver Nuggets,124.0,119.0,2024,5.0,243.0
401584855,2023-11-22,Atlanta Hawks,Brooklyn Nets,147.0,145.0,2024,2.0,292.0
401584856,2023-11-22,Boston Celtics,Milwaukee Bucks,119.0,116.0,2024,3.0,235.0
401584857,2023-11-22,Cleveland Cavaliers,Miami Heat,96.0,129.0,2024,-33.0,225.0
401584858,2023-11-22,Indiana Pacers,Toronto Raptors,131.0,132.0,2024,-1.0,263.0
401584859,2023-11-22,Houston Rockets,Memphis Grizzlies,111.0,91.0,2024,20.0,202.0
401584860,2023-11-22,Minnesota Timberwolves,Philadelphia 76ers,112.0,99.0,2024,13.0,211.0
401584861,2023-11-22,New Orleans Pelicans,Sacramento Kings,117.0,112.0,2024,5.0,229.0
401584862,2023-11-22,Oklahoma City Thunder,Chicago Bulls,116.0,102.0,2024,14.0,218.0
401584863,2023-11-22,San Antonio Spurs,LA Clippers,102.0,109.0,2024,-7.0,211.0
401584864,2023-11-22,Phoenix Suns,Golden State Warriors,123.0,115.0,2024,8.0,238.0
401584865,2023-11-22,Portland Trail Blazers,Utah Jazz,121.0,105.0,2024,16.0,226.0
401584866,2023-11-22,Los Angeles Lakers,Dallas Mavericks,101.0,104.0,2024,-3.0,205.0
401584126,2023-11-21,Orlando Magic,Toronto Raptors,126.0,107.0,2024,19.0,233.0
401584127,2023-11-21,Atlanta Hawks,Indiana Pacers,152.0,157.0,2024,-5.0,309.0
401584128,2023-11-21,Philadelphia 76ers,Cleveland Cavaliers,119.0,122.0,2024,-3.0,241.0
401584129,2023-11-21,Phoenix Suns,Portland Trail Blazers,120.0,107.0,2024,13.0,227.0
401584130,2023-11-21,Los Angeles Lakers,Utah Jazz,131.0,99.0,2024,32.0,230.0
401584845,2023-11-20,Charlotte Hornets,Boston Celtics,121.0,118.0,2024,3.0,239.0
401584846,2023-11-20,Detroit Pistons,Denver Nuggets,103.0,107.0,2024,-4.0,210.0
401584847,2023-11-20,Washington Wizards,Milwaukee Bucks,129.0,142.0,2024,-13.0,271.0
401584848,2023-11-20,Chicago Bulls,Miami Heat,100.0,118.0,2024,-18.0,218.0
401584849,2023-11-20,Minnesota Timberwolves,New York Knicks,117.0,100.0,2024,17.0,217.0
401584850,2023-11-20,New Orleans Pelicans,Sacramento Kings,129.0,93.0,2024,36.0,222.0
401584851,2023-11-20,San Antonio Spurs,LA Clippers,99.0,124.0,2024,-25.0,223.0
401584852,2023-11-20,Golden State Warriors,Houston Rockets,121.0,116.0,2024,5.0,237.0
401584836,2023-11-19,Brooklyn Nets,Philadelphia 76ers,99.0,121.0,2024,-22.0,220.0
401584839,2023-11-19,Toronto Raptors,Detroit Pistons,142.0,113.0,2024,29.0,255.0
401584837,2023-11-19,Indiana Pacers,Orlando Magic,116.0,128.0,2024,-12.0,244.0
401584838,2023-11-19,Cleveland Cavaliers,Denver Nuggets,121.0,109.0,2024,12.0,230.0
401584840,2023-11-19,Dallas Mavericks,Sacramento Kings,113.0,129.0,2024,-16.0,242.0
401584841,2023-11-19,Memphis Grizzlies,Boston Celtics,100.0,102.0,2024,-2.0,202.0
401584842,2023-11-19,Utah Jazz,Phoenix Suns,137.0,140.0,2024,-3.0,277.0
401584843,2023-11-19,Portland Trail Blazers,Oklahoma City Thunder,91.0,134.0,2024,-43.0,225.0
401584844,2023-11-19,Los Angeles Lakers,Houston Rockets,105.0,104.0,2024,1.0,209.0
401584830,2023-11-18,Charlotte Hornets,New York Knicks,108.0,122.0,2024,-14.0,230.0
401584831,2023-11-18,New Orleans Pelicans,Minnesota Timberwolves,120.0,121.0,2024,-1.0,241.0
401584832,2023-11-18,Chicago Bulls,Miami Heat,102.0,97.0,2024,5.0,199.0
401584833,2023-11-18,Milwaukee Bucks,Dallas Mavericks,132.0,125.0,2024,7.0,257.0
401584834,2023-11-18,San Antonio Spurs,Memphis Grizzlies,108.0,120.0,2024,-12.0,228.0
401584835,2023-11-18,Golden State Warriors,Oklahoma City Thunder,123.0,130.0,2024,-7.0,253.0
401584115,2023-11-17,Charlotte Hornets,Milwaukee Bucks,99.0,130.0,2024,-31.0,229.0
401584116,2023-11-17,Washington Wizards,New York Knicks,99.0,120.0,2024,-21.0,219.0
401584117,2023-11-17,Atlanta Hawks,Philadelphia 76ers,116.0,126.0,2024,-10.0,242.0
401584118,2023-11-17,Cleveland Cavaliers,Detroit Pistons,108.0,100.0,2024,8.0,208.0
401584119,2023-11-17,Toronto Raptors,Boston Celtics,105.0,108.0,2024,-3.0,213.0
401584120,2023-11-17,San Antonio Spurs,Sacramento Kings,120.0,129.0,2024,-9.0,249.0
401584121,2023-11-17,Chicago Bulls,Orlando Magic,97.0,103.0,2024,-6.0,200.0
401584122,2023-11-17,New Orleans Pelicans,Denver Nuggets,115.0,110.0,2024,5.0,225.0
401584123,2023-11-17,Utah Jazz,Phoenix Suns,128.0,131.0,2024,-3.0,259.0
401584124,2023-11-17,Portland Trail Blazers,Los Angeles Lakers,95.0,107.0,2024,-12.0,202.0
401584125,2023-11-17,LA Clippers,Houston Rockets,106.0,100.0,2024,6.0,206.0
401584828,2023-11-16,Miami Heat,Brooklyn Nets,122.0,115.0,2024,7.0,237.0
401584829,2023-11-16,Golden State Warriors,Oklahoma City Thunder,109.0,128.0,2024,-19.0,237.0
401584820,2023-11-15,Washington Wizards,Dallas Mavericks,117.0,130.0,2024,-13.0,247.0
401584821,2023-11-15,Atlanta Hawks,New York Knicks,114.0,116.0,2024,-2.0,230.0
401584822,2023-11-15,Philadelphia 76ers,Boston Celtics,107.0,117.0,2024,-10.0,224.0
401584823,2023-11-15,Toronto Raptors,Milwaukee Bucks,112.0,128.0,2024,-16.0,240.0
401584824,2023-11-15,Chicago Bulls,Orlando Magic,94.0,96.0,2024,-2.0,190.0
401584825,2023-11-15,Phoenix Suns,Minnesota Timberwolves,133.0,115.0,2024,18.0,248.0
401584826,2023-11-15,Los Angeles Lakers,Sacramento Kings,110.0,125.0,2024,-15.0,235.0
401584827,2023-11-15,Portland Trail Blazers,Cleveland Cavaliers,95.0,109.0,2024,-14.0,204.0
401584105,2023-11-14,Charlotte Hornets,Miami Heat,105.0,111.0,2024,-6.0,216.0
401584106,2023-11-14,Detroit Pistons,Atlanta Hawks,120.0,126.0,2024,-6.0,246.0
401584107,2023-11-14,Philadelphia 76ers,Indiana Pacers,126.0,132.0,2024,-6.0,258.0
401584108,2023-11-14,Brooklyn Nets,Orlando Magic,124.0,104.0,2024,20.0,228.0
401584109,2023-11-14,Oklahoma City Thunder,San Antonio Spurs,123.0,87.0,2024,36.0,210.0
401584110,2023-11-14,New Orleans Pelicans,Dallas Mavericks,131.0,110.0,2024,21.0,241.0
401584111,2023-11-14,Utah Jazz,Portland Trail Blazers,115.0,99.0,2024,16.0,214.0
401584112,2023-11-14,Denver Nuggets,LA Clippers,111.0,108.0,2024,3.0,219.0
401584113,2023-11-14,Golden State Warriors,Minnesota Timberwolves,101.0,104.0,2024,-3.0,205.0
401584114,2023-11-14,Los Angeles Lakers,Memphis Grizzlies,134.0,107.0,2024,27.0,241.0
401584816,2023-11-13,Boston Celtics,New York Knicks,114.0,98.0,2024,16.0,212.0
401584817,2023-11-13,Toronto Raptors,Washington Wizards,111.0,107.0,2024,4.0,218.0
401584818,2023-11-13,Milwaukee Bucks,Chicago Bulls,118.0,109.0,2024,9.0,227.0
401584819,2023-11-13,Sacramento Kings,Cleveland Cavaliers,132.0,120.0,2024,12.0,252.0
401584805,2023-11-12,New York Knicks,Charlotte Hornets,129.0,107.0,2024,22.0,236.0
401584806,2023-11-12,Brooklyn Nets,Washington Wizards,102.0,94.0,2024,8.0,196.0
401584807,2023-11-12,LA Clippers,Memphis Grizzlies,101.0,105.0,2024,-4.0,206.0
401584808,2023-11-12,Philadelphia 76ers,Indiana Pacers,137.0,126.0,2024,11.0,263.0
401584809,2023-11-12,Chicago Bulls,Detroit Pistons,119.0,108.0,2024,11.0,227.0
401584810,2023-11-12,Houston Rockets,Denver Nuggets,107.0,104.0,2024,3.0,211.0
401584811,2023-11-12,New Orleans Pelicans,Dallas Mavericks,124.0,136.0,2024,-12.0,260.0
401584812,2023-11-12,San Antonio Spurs,Miami Heat,113.0,118.0,2024,-5.0,231.0
401584813,2023-11-12,Phoenix Suns,Oklahoma City Thunder,99.0,111.0,2024,-12.0,210.0
401584814,2023-11-12,Golden State Warriors,Minnesota Timberwolves,110.0,116.0,2024,-6.0,226.0
401584815,2023-11-12,Los Angeles Lakers,Portland Trail Blazers,116.0,110.0,2024,6.0,226.0
401584801,2023-11-11,Orlando Magic,Milwaukee Bucks,112.0,97.0,2024,15.0,209.0
401584802,2023-11-11,Boston Celtics,Toronto Raptors,117.0,94.0,2024,23.0,211.0
401584803,2023-11-11,Atlanta Hawks,Miami Heat,109.0,117.0,2024,-8.0,226.0
401584804,2023-11-11,Golden State Warriors,Cleveland Cavaliers,110.0,118.0,2024,-8.0,228.0
401584096,2023-11-10,Detroit Pistons,Philadelphia 76ers,106.0,114.0,2024,-8.0,220.0
401584097,2023-11-10,Washington Wizards,Charlotte Hornets,117.0,124.0,2024,-7.0,241.0
401584098,2023-11-10,Boston Celtics,Brooklyn Nets,121.0,107.0,2024,14.0,228.0
401584099,2023-11-10,Houston Rockets,New Orleans Pelicans,104.0,101.0,2024,3.0,205.0
401584100,2023-11-10,Memphis Grizzlies,Utah Jazz,121.0,127.0,2024,-6.0,248.0
401584101,2023-11-10,San Antonio Spurs,Minnesota Timberwolves,110.0,117.0,2024,-7.0,227.0
401584102,2023-11-10,Dallas Mavericks,LA Clippers,144.0,126.0,2024,18.0,270.0
401584103,2023-11-10,Phoenix Suns,Los Angeles Lakers,119.0,122.0,2024,-3.0,241.0
401584104,2023-11-10,Sacramento Kings,Oklahoma City Thunder,105.0,98.0,2024,7.0,203.0
401584799,2023-11-09,Indiana Pacers,Milwaukee Bucks,126.0,124.0,2024,2.0,250.0
401584800,2023-11-09,Orlando Magic,Atlanta Hawks,119.0,120.0,2024,-1.0,239.0
401584785,2023-11-08,Charlotte Hornets,Washington Wizards,116.0,132.0,2024,-16.0,248.0
401584786,2023-11-08,Indiana Pacers,Utah Jazz,134.0,118.0,2024,16.0,252.0
401584787,2023-11-08,Philadelphia 76ers,Boston Celtics,106.0,103.0,2024,3.0,209.0
401584788,2023-11-08,Brooklyn Nets,LA Clippers,100.0,93.0,2024,7.0,193.0
401584789,2023-11-08,New York Knicks,San Antonio Spurs,126.0,105.0,2024,21.0,231.0
401584790,2023-11-08,Chicago Bulls,Phoenix Suns,115.0,116.0,2024,-1.0,231.0
401584791,2023-11-08,Houston Rockets,Los Angeles Lakers,128.0,94.0,2024,34.0,222.0
401584792,2023-11-08,Memphis Grizzlies,Miami Heat,102.0,108.0,2024,-6.0,210.0
401584793,2023-11-08,Milwaukee Bucks,Detroit Pistons,120.0,118.0,2024,2.0,238.0
401584794,2023-11-08,Minnesota Timberwolves,New Orleans Pelicans,122.0,101.0,2024,21.0,223.0
401584795,2023-11-08,Oklahoma City Thunder,Cleveland Cavaliers,128.0,120.0,2024,8.0,248.0
401584796,2023-11-08,Dallas Mavericks,Toronto Raptors,116.0,127.0,2024,-11.0,243.0
401584797,2023-11-08,Denver Nuggets,Golden State Warriors,108.0,105.0,2024,3.0,213.0
401584798,2023-11-08,Sacramento Kings,Portland Trail Blazers,121.0,118.0,2024,3.0,239.0
401584773,2023-11-06,Detroit Pistons,Golden State Warriors,109.0,120.0,2024,-11.0,229.0
401584774,2023-11-06,Indiana Pacers,San Antonio Spurs,152.0,111.0,2024,41.0,263.0
401584775,2023-11-06,Orlando Magic,Dallas Mavericks,102.0,117.0,2024,-15.0,219.0
401584776,2023-11-06,Philadelphia 76ers,Washington Wizards,146.0,128.0,2024,18.0,274.0
401584777,2023-11-06,Brooklyn Nets,Milwaukee Bucks,125.0,129.0,2024,-4.0,254.0
401584778,2023-11-06,Miami Heat,Los Angeles Lakers,108.0,107.0,2024,1.0,215.0
401584779,2023-11-06,New York Knicks,LA Clippers,111.0,97.0,2024,14.0,208.0
401584780,2023-11-06,Chicago Bulls,Utah Jazz,130.0,113.0,2024,17.0,243.0
401584781,2023-11-06,Houston Rockets,Sacramento Kings,122.0,97.0,2024,25.0,219.0
401584782,2023-11-06,Minnesota Timberwolves,Boston Celtics,114.0,109.0,2024,5.0,223.0
401584783,2023-11-06,Oklahoma City Thunder,Atlanta Hawks,126.0,117.0,2024,9.0,243.0
401584784,2023-11-06,Denver Nuggets,New Orleans Pelicans,134.0,116.0,2024,18.0,250.0
401584768,2023-11-05,Detroit Pistons,Phoenix Suns,106.0,120.0,2024,-14.0,226.0
401584769,2023-11-05,San Antonio Spurs,Toronto Raptors,116.0,123.0,2024,-7.0,239.0
401584770,2023-11-05,Cleveland Cavaliers,Golden State Warriors,115.0,104.0,2024,11.0,219.0
401584771,2023-11-05,Dallas Mavericks,Charlotte Hornets,124.0,118.0,2024,6.0,242.0
401584772,2023-11-05,Portland Trail Blazers,Memphis Grizzlies,100.0,112.0,2024,-12.0,212.0
401584760,2023-11-04,Philadelphia 76ers,Phoenix Suns,112.0,100.0,2024,12.0,212.0
401584761,2023-11-04,Indiana Pacers,Charlotte Hornets,124.0,125.0,2024,-1.0,249.0
401584762,2023-11-04,Orlando Magic,Los Angeles Lakers,120.0,101.0,2024,19.0,221.0
401584763,2023-11-04,New Orleans Pelicans,Atlanta Hawks,105.0,123.0,2024,-18.0,228.0
401584764,2023-11-04,Brooklyn Nets,Boston Celtics,114.0,124.0,2024,-10.0,238.0
401584765,2023-11-04,Houston Rockets,Sacramento Kings,107.0,89.0,2024,18.0,196.0
401584766,2023-11-04,Minnesota Timberwolves,Utah Jazz,123.0,95.0,2024,28.0,218.0
401584767,2023-11-04,Denver Nuggets,Chicago Bulls,123.0,101.0,2024,22.0,224.0
401584089,2023-11-03,Indiana Pacers,Cleveland Cavaliers,121.0,116.0,2024,5.0,237.0
401584090,2023-11-03,Milwaukee Bucks,New York Knicks,110.0,105.0,2024,5.0,215.0
401584091,2023-11-03,Miami Heat,Washington Wizards,121.0,114.0,2024,7.0,235.0
401584092,2023-11-03,Chicago Bulls,Brooklyn Nets,107.0,109.0,2024,-2.0,216.0
401584093,2023-11-03,Oklahoma City Thunder,Golden State Warriors,139.0,141.0,2024,-2.0,280.0
401584094,2023-11-03,Denver Nuggets,Dallas Mavericks,125.0,114.0,2024,11.0,239.0
401584095,2023-11-03,Portland Trail Blazers,Memphis Grizzlies,115.0,113.0,2024,2.0,228.0
401584756,2023-11-02,Philadelphia 76ers,Toronto Raptors,114.0,99.0,2024,15.0,213.0
401584757,2023-11-02,New Orleans Pelicans,Detroit Pistons,125.0,116.0,2024,9.0,241.0
401584758,2023-11-02,Utah Jazz,Orlando Magic,113.0,115.0,2024,-2.0,228.0
401584759,2023-11-02,Phoenix Suns,San Antonio Spurs,121.0,132.0,2024,-11.0,253.0
401584743,2023-11-01,Detroit Pistons,Portland Trail Blazers,101.0,110.0,2024,-9.0,211.0
401584744,2023-11-01,Toronto Raptors,Milwaukee Bucks,130.0,111.0,2024,19.0,241.0
401584745,2023-11-01,Atlanta Hawks,Washington Wizards,130.0,121.0,2024,9.0,251.0
401584746,2023-11-01,Boston Celtics,Indiana Pacers,155.0,104.0,2024,51.0,259.0
401584747,2023-11-01,Miami Heat,Brooklyn Nets,105.0,109.0,2024,-4.0,214.0
401584748,2023-11-01,New York Knicks,Cleveland Cavaliers,89.0,95.0,2024,-6.0,184.0
401584749,2023-11-01,Oklahoma City Thunder,New Orleans Pelicans,106.0,110.0,2024,-4.0,216.0
401584750,2023-11-01,Houston Rockets,Charlotte Hornets,128.0,119.0,2024,9.0,247.0
401584751,2023-11-01,Minnesota Timberwolves,Denver Nuggets,110.0,89.0,2024,21.0,199.0
401584752,2023-11-01,Dallas Mavericks,Chicago Bulls,114.0,105.0,2024,9.0,219.0
401584753,2023-11-01,Utah Jazz,Memphis Grizzlies,133.0,109.0,2024,24.0,242.0
401584754,2023-11-01,Golden State Warriors,Sacramento Kings,102.0,101.0,2024,1.0,203.0
401584755,2023-11-01,Los Angeles Lakers,LA Clippers,130.0,125.0,2024,5.0,255.0
401584740,2023-10-31,Cleveland Cavaliers,New York Knicks,91.0,109.0,2024,-18.0,200.0
401584741,2023-10-31,Phoenix Suns,San Antonio Spurs,114.0,115.0,2024,-1.0,229.0
401584742,2023-10-31,LA Clippers,Orlando Magic,118.0,102.0,2024,16.0,220.0
401584729,2023-10-30,Charlotte Hornets,Brooklyn Nets,121.0,133.0,2024,-12.0,254.0
401584730,2023-10-30,Indiana Pacers,Chicago Bulls,105.0,112.0,2024,-7.0,217.0
401584731,2023-10-30,Washington Wizards,Boston Celtics,107.0,126.0,2024,-19.0,233.0
401584732,2023-10-30,Atlanta Hawks,Minnesota Timberwolves,127.0,113.0,2024,14.0,240.0
401584733,2023-10-30,Toronto Raptors,Portland Trail Blazers,91.0,99.0,2024,-8.0,190.0
401584734,2023-10-30,Memphis Grizzlies,Dallas Mavericks,110.0,125.0,2024,-15.0,235.0
401584735,2023-10-30,Milwaukee Bucks,Miami Heat,122.0,114.0,2024,8.0,236.0
401584736,2023-10-30,New Orleans Pelicans,Golden State Warriors,102.0,130.0,2024,-28.0,232.0
401584737,2023-10-30,Oklahoma City Thunder,Detroit Pistons,124.0,112.0,2024,12.0,236.0
401584738,2023-10-30,Denver Nuggets,Utah Jazz,110.0,102.0,2024,8.0,212.0
401584739,2023-10-30,Los Angeles Lakers,Orlando Magic,106.0,103.0,2024,3.0,209.0
401584723,2023-10-29,Oklahoma City Thunder,Denver Nuggets,95.0,128.0,2024,-33.0,223.0
401584724,2023-10-29,Houston Rockets,Golden State Warriors,95.0,106.0,2024,-11.0,201.0
401584725,2023-10-29,Milwaukee Bucks,Atlanta Hawks,110.0,127.0,2024,-17.0,237.0
401584726,2023-10-29,Philadelphia 76ers,Portland Trail Blazers,126.0,98.0,2024,28.0,224.0
401584727,2023-10-29,LA Clippers,San Antonio Spurs,123.0,83.0,2024,40.0,206.0
401584728,2023-10-29,Sacramento Kings,Los Angeles Lakers,132.0,127.0,2024,5.0,259.0
401584716,2023-10-28,Detroit Pistons,Chicago Bulls,118.0,102.0,2024,16.0,220.0
401584717,2023-10-28,Washington Wizards,Memphis Grizzlies,113.0,106.0,2024,7.0,219.0
401584718,2023-10-28,New Orleans Pelicans,New York Knicks,96.0,87.0,2024,9.0,183.0
401584719,2023-10-28,Cleveland Cavaliers,Indiana Pacers,113.0,125.0,2024,-12.0,238.0
401584720,2023-10-28,Toronto Raptors,Philadelphia 76ers,107.0,114.0,2024,-7.0,221.0
401584721,2023-10-28,Minnesota Timberwolves,Miami Heat,106.0,90.0,2024,16.0,196.0
401584722,2023-10-28,Phoenix Suns,Utah Jazz,126.0,104.0,2024,22.0,230.0
401584705,2023-10-27,Charlotte Hornets,Detroit Pistons,99.0,111.0,2024,-12.0,210.0
401584706,2023-10-27,Memphis Grizzlies,Denver Nuggets,104.0,108.0,2024,-4.0,212.0
401584707,2023-10-27,Atlanta Hawks,New York Knicks,120.0,126.0,2024,-6.0,246.0
401584708,2023-10-27,Boston Celtics,Miami Heat,119.0,111.0,2024,8.0,230.0
401584709,2023-10-27,Cleveland Cavaliers,Oklahoma City Thunder,105.0,108.0,2024,-3.0,213.0
401584710,2023-10-27,Chicago Bulls,Toronto Raptors,104.0,103.0,2024,1.0,207.0
401584711,2023-10-27,San Antonio Spurs,Houston Rockets,126.0,122.0,2024,4.0,248.0
401584712,2023-10-27,Dallas Mavericks,Brooklyn Nets,125.0,120.0,2024,5.0,245.0
401584713,2023-10-27,Utah Jazz,LA Clippers,120.0,118.0,2024,2.0,238.0
401584714,2023-10-27,Portland Trail Blazers,Orlando Magic,97.0,102.0,2024,-5.0,199.0
401584715,2023-10-27,Sacramento Kings,Golden State Warriors,114.0,122.0,2024,-8.0,236.0
401584703,2023-10-26,Milwaukee Bucks,Philadelphia 76ers,118.0,117.0,2024,1.0,235.0
401584704,2023-10-26,Los Angeles Lakers,Phoenix Suns,100.0,95.0,2024,5.0,195.0
401584691,2023-10-25,Charlotte Hornets,Atlanta Hawks,116.0,110.0,2024,6.0,226.0
401584692,2023-10-25,Indiana Pacers,Washington Wizards,143.0,120.0,2024,23.0,263.0
401584693,2023-10-25,New York Knicks,Boston Celtics,104.0,108.0,2024,-4.0,212.0
401584694,2023-10-25,Orlando Magic,Houston Rockets,116.0,86.0,2024,30.0,202.0
401584695,2023-10-25,Brooklyn Nets,Cleveland Cavaliers,113.0,114.0,2024,-1.0,227.0
401584696,2023-10-25,Miami Heat,Detroit Pistons,103.0,102.0,2024,1.0,205.0
401584697,2023-10-25,Toronto Raptors,Minnesota Timberwolves,97.0,94.0,2024,3.0,191.0
401584698,2023-10-25,Chicago Bulls,Oklahoma City Thunder,104.0,124.0,2024,-20.0,228.0
401584699,2023-10-25,Memphis Grizzlies,New Orleans Pelicans,104.0,111.0,2024,-7.0,215.0
401584700,2023-10-25,Utah Jazz,Sacramento Kings,114.0,130.0,2024,-16.0,244.0
401584701,2023-10-25,San Antonio Spurs,Dallas Mavericks,119.0,126.0,2024,-7.0,245.0
401584702,2023-10-25,LA Clippers,Portland Trail Blazers,123.0,111.0,2024,12.0,234.0
401584689,2023-10-24,Denver Nuggets,Los Angeles Lakers,119.0,107.0,2024,12.0,226.0
401584690,2023-10-24,Golden State Warriors,Phoenix Suns,104.0,108.0,2024,-4.0,212.0
401766128,2025-06-22,Oklahoma City Thunder,Indiana Pacers,103.0,91.0,2025,12.0,194.0
401766127,2025-06-19,Indiana Pacers,Oklahoma City Thunder,108.0,91.0,2025,17.0,199.0
401766126,2025-06-16,Oklahoma City Thunder,Indiana Pacers,120.0,109.0,2025,11.0,229.0
401766125,2025-06-13,Indiana Pacers,Oklahoma City Thunder,104.0,111.0,2025,-7.0,215.0
401766124,2025-06-11,Indiana Pacers,Oklahoma City Thunder,116.0,107.0,2025,9.0,223.0
401766123,2025-06-08,Oklahoma City Thunder,Indiana Pacers,123.0,107.0,2025,16.0,230.0
401766122,2025-06-05,Oklahoma City Thunder,Indiana Pacers,110.0,111.0,2025,-1.0,221.0
401772994,2025-05-31,Indiana Pacers,New York Knicks,125.0,108.0,2025,17.0,233.0
401772993,2025-05-29,New York Knicks,Indiana Pacers,111.0,94.0,2025,17.0,205.0
401773152,2025-05-28,Oklahoma City Thunder,Minnesota Timberwolves,124.0,94.0,2025,30.0,218.0
401772992,2025-05-27,Indiana Pacers,New York Knicks,130.0,121.0,2025,9.0,251.0
401773151,2025-05-26,Minnesota Timberwolves,Oklahoma City Thunder,126.0,128.0,2025,-2.0,254.0
401772991,2025-05-25,Indiana Pacers,New York Knicks,100.0,106.0,2025,-6.0,206.0
401773150,2025-05-24,Minnesota Timberwolves,Oklahoma City Thunder,143.0,101.0,2025,42.0,244.0
401772990,2025-05-23,New York Knicks,Indiana Pacers,109.0,114.0,2025,-5.0,223.0
401773149,2025-05-22,Oklahoma City Thunder,Minnesota Timberwolves,118.0,103.0,2025,15.0,221.0
401772989,2025-05-21,New York Knicks,Indiana Pacers,135.0,138.0,2025,-3.0,273.0
401773148,2025-05-20,Oklahoma City Thunder,Minnesota Timberwolves,114.0,88.0,2025,26.0,202.0
401769992,2025-05-18,Oklahoma City Thunder,Denver Nuggets,125.0,93.0,2025,32.0,218.0
401769751,2025-05-16,New York Knicks,Boston Celtics,119.0,81.0,2025,38.0,200.0
401769991,2025-05-15,Denver Nuggets,Oklahoma City Thunder,119.0,107.0,2025,12.0,226.0
401769987,2025-05-14,Minnesota Timberwolves,Golden State Warriors,121.0,110.0,2025,11.0,231.0
401769750,2025-05-14,Boston Celtics,New York Knicks,127.0,102.0,2025,25.0,229.0
401769990,2025-05-13,Oklahoma City Thunder,Denver Nuggets,112.0,105.0,2025,7.0,217.0
401769743,2025-05-13,Cleveland Cavaliers,Indiana Pacers,105.0,114.0,2025,-9.0,219.0
401769840,2025-05-12,Golden State Warriors,Minnesota Timberwolves,110.0,117.0,2025,-7.0,227.0
401769749,2025-05-12,New York Knicks,Boston Celtics,121.0,113.0,2025,8.0,234.0
401769742,2025-05-11,Indiana Pacers,Cleveland Cavaliers,129.0,109.0,2025,20.0,238.0
401769823,2025-05-11,Denver Nuggets,Oklahoma City Thunder,87.0,92.0,2025,-5.0,179.0
401769839,2025-05-10,Golden State Warriors,Minnesota Timberwolves,97.0,102.0,2025,-5.0,199.0
401769748,2025-05-10,New York Knicks,Boston Celtics,93.0,115.0,2025,-22.0,208.0
401769822,2025-05-09,Denver Nuggets,Oklahoma City Thunder,113.0,104.0,2025,9.0,217.0
401769741,2025-05-09,Indiana Pacers,Cleveland Cavaliers,104.0,126.0,2025,-22.0,230.0
401769838,2025-05-08,Minnesota Timberwolves,Golden State Warriors,117.0,93.0,2025,24.0,210.0
401769821,2025-05-07,Oklahoma City Thunder,Denver Nuggets,149.0,106.0,2025,43.0,255.0
401769747,2025-05-07,Boston Celtics,New York Knicks,90.0,91.0,2025,-1.0,181.0
401769837,2025-05-06,Minnesota Timberwolves,Golden State Warriors,88.0,99.0,2025,-11.0,187.0
401769740,2025-05-06,Cleveland Cavaliers,Indiana Pacers,119.0,120.0,2025,-1.0,239.0
401769820,2025-05-05,Oklahoma City Thunder,Denver Nuggets,119.0,121.0,2025,-2.0,240.0
401769746,2025-05-05,Boston Celtics,New York Knicks,105.0,108.0,2025,-3.0,213.0
401767914,2025-05-04,Houston Rockets,Golden State Warriors,89.0,103.0,2025,-14.0,192.0
401769689,2025-05-04,Cleveland Cavaliers,Indiana Pacers,112.0,121.0,2025,-9.0,233.0
401768066,2025-05-03,Denver Nuggets,LA Clippers,120.0,101.0,2025,19.0,221.0
401767913,2025-05-02,Golden State Warriors,Houston Rockets,107.0,115.0,2025,-8.0,222.0
401768065,2025-05-01,LA Clippers,Denver Nuggets,111.0,105.0,2025,6.0,216.0
401768045,2025-05-01,Detroit Pistons,New York Knicks,113.0,116.0,2025,-3.0,229.0
401768058,2025-04-30,Los Angeles Lakers,Minnesota Timberwolves,96.0,103.0,2025,-7.0,199.0
401767912,2025-04-30,Houston Rockets,Golden State Warriors,131.0,116.0,2025,15.0,247.0
401768064,2025-04-29,Denver Nuggets,LA Clippers,131.0,115.0,2025,16.0,246.0
401768032,2025-04-29,Boston Celtics,Orlando Magic,120.0,89.0,2025,31.0,209.0
401768044,2025-04-29,New York Knicks,Detroit Pistons,103.0,106.0,2025,-3.0,209.0
401768050,2025-04-29,Indiana Pacers,Milwaukee Bucks,119.0,118.0,2025,1.0,237.0
401767911,2025-04-28,Golden State Warriors,Houston Rockets,109.0,106.0,2025,3.0,215.0
401768037,2025-04-28,Miami Heat,Cleveland Cavaliers,83.0,138.0,2025,-55.0,221.0
401768049,2025-04-27,Milwaukee Bucks,Indiana Pacers,103.0,129.0,2025,-26.0,232.0
401768031,2025-04-27,Orlando Magic,Boston Celtics,98.0,107.0,2025,-9.0,205.0
401768057,2025-04-27,Minnesota Timberwolves,Los Angeles Lakers,116.0,113.0,2025,3.0,229.0
401768043,2025-04-27,Detroit Pistons,New York Knicks,93.0,94.0,2025,-1.0,187.0
401767910,2025-04-26,Golden State Warriors,Houston Rockets,104.0,93.0,2025,11.0,197.0
401768063,2025-04-26,LA Clippers,Denver Nuggets,99.0,101.0,2025,-2.0,200.0
401767905,2025-04-26,Memphis Grizzlies,Oklahoma City Thunder,115.0,117.0,2025,-2.0,232.0
401768036,2025-04-26,Miami Heat,Cleveland Cavaliers,87.0,124.0,2025,-37.0,211.0
401768056,2025-04-25,Minnesota Timberwolves,Los Angeles Lakers,116.0,104.0,2025,12.0,220.0
401768048,2025-04-25,Milwaukee Bucks,Indiana Pacers,117.0,101.0,2025,16.0,218.0
401768030,2025-04-25,Orlando Magic,Boston Celtics,95.0,93.0,2025,2.0,188.0
401768062,2025-04-24,LA Clippers,Denver Nuggets,117.0,83.0,2025,34.0,200.0
401767904,2025-04-24,Memphis Grizzlies,Oklahoma City Thunder,108.0,114.0,2025,-6.0,222.0
401768042,2025-04-24,Detroit Pistons,New York Knicks,116.0,118.0,2025,-2.0,234.0
401767909,2025-04-23,Houston Rockets,Golden State Warriors,109.0,94.0,2025,15.0,203.0
401768035,2025-04-23,Cleveland Cavaliers,Miami Heat,121.0,112.0,2025,9.0,233.0
401768029,2025-04-23,Boston Celtics,Orlando Magic,109.0,100.0,2025,9.0,209.0
401767915,2025-04-22,Los Angeles Lakers,Minnesota Timberwolves,94.0,85.0,2025,9.0,179.0
401767903,2025-04-22,Oklahoma City Thunder,Memphis Grizzlies,118.0,99.0,2025,19.0,217.0
401768047,2025-04-22,Indiana Pacers,Milwaukee Bucks,123.0,115.0,2025,8.0,238.0
401768061,2025-04-21,Denver Nuggets,LA Clippers,102.0,105.0,2025,-3.0,207.0
401768041,2025-04-21,New York Knicks,Detroit Pistons,94.0,100.0,2025,-6.0,194.0
401767823,2025-04-20,Houston Rockets,Golden State Warriors,85.0,95.0,2025,-10.0,180.0
401767816,2025-04-20,Cleveland Cavaliers,Miami Heat,121.0,100.0,2025,21.0,221.0
401767822,2025-04-20,Boston Celtics,Orlando Magic,103.0,86.0,2025,17.0,189.0
401767818,2025-04-20,Oklahoma City Thunder,Memphis Grizzlies,131.0,80.0,2025,51.0,211.0
401767821,2025-04-19,Los Angeles Lakers,Minnesota Timberwolves,95.0,117.0,2025,-22.0,212.0
401767820,2025-04-19,New York Knicks,Detroit Pistons,123.0,112.0,2025,11.0,235.0
401767819,2025-04-19,Denver Nuggets,LA Clippers,112.0,110.0,2025,2.0,222.0
401767817,2025-04-19,Indiana Pacers,Milwaukee Bucks,117.0,98.0,2025,19.0,215.0
401766463,2025-04-18,Memphis Grizzlies,Dallas Mavericks,120.0,106.0,2025,14.0,226.0
401766462,2025-04-18,Atlanta Hawks,Miami Heat,114.0,123.0,2025,-9.0,237.0
401766461,2025-04-16,Sacramento Kings,Dallas Mavericks,106.0,120.0,2025,-14.0,226.0
401766460,2025-04-16,Chicago Bulls,Miami Heat,90.0,109.0,2025,-19.0,199.0
401766459,2025-04-15,Golden State Warriors,Memphis Grizzlies,121.0,116.0,2025,5.0,237.0
401766458,2025-04-15,Orlando Magic,Atlanta Hawks,120.0,95.0,2025,25.0,215.0
401705759,2025-04-13,Houston Rockets,Denver Nuggets,111.0,126.0,2025,-15.0,237.0
401705760,2025-04-13,Memphis Grizzlies,Dallas Mavericks,132.0,97.0,2025,35.0,229.0
401705761,2025-04-13,Minnesota Timberwolves,Utah Jazz,116.0,105.0,2025,11.0,221.0
401705762,2025-04-13,New Orleans Pelicans,Oklahoma City Thunder,100.0,115.0,2025,-15.0,215.0
401705763,2025-04-13,San Antonio Spurs,Toronto Raptors,125.0,118.0,2025,7.0,243.0
401705764,2025-04-13,Golden State Warriors,LA Clippers,119.0,124.0,2025,-5.0,243.0
401705765,2025-04-13,Portland Trail Blazers,Los Angeles Lakers,109.0,81.0,2025,28.0,190.0
401705766,2025-04-13,Sacramento Kings,Phoenix Suns,109.0,98.0,2025,11.0,207.0
401705752,2025-04-13,Atlanta Hawks,Orlando Magic,117.0,105.0,2025,12.0,222.0
401705753,2025-04-13,Boston Celtics,Charlotte Hornets,93.0,86.0,2025,7.0,179.0
401705754,2025-04-13,Brooklyn Nets,New York Knicks,105.0,113.0,2025,-8.0,218.0
401705755,2025-04-13,Cleveland Cavaliers,Indiana Pacers,118.0,126.0,2025,-8.0,244.0
401705756,2025-04-13,Miami Heat,Washington Wizards,118.0,119.0,2025,-1.0,237.0
401705757,2025-04-13,Philadelphia 76ers,Chicago Bulls,102.0,122.0,2025,-20.0,224.0
401705758,2025-04-13,Milwaukee Bucks,Detroit Pistons,140.0,133.0,2025,7.0,273.0
401705751,2025-04-11,Los Angeles Lakers,Houston Rockets,140.0,109.0,2025,31.0,249.0
401705748,2025-04-11,Phoenix Suns,San Antonio Spurs,117.0,98.0,2025,19.0,215.0
401705749,2025-04-11,Portland Trail Blazers,Golden State Warriors,86.0,103.0,2025,-17.0,189.0
401705750,2025-04-11,Sacramento Kings,LA Clippers,100.0,101.0,2025,-1.0,201.0
401705747,2025-04-11,Utah Jazz,Oklahoma City Thunder,111.0,145.0,2025,-34.0,256.0
401705745,2025-04-11,Minnesota Timberwolves,Brooklyn Nets,117.0,91.0,2025,26.0,208.0
401705746,2025-04-11,Denver Nuggets,Memphis Grizzlies,117.0,109.0,2025,8.0,226.0
401705744,2025-04-11,Dallas Mavericks,Toronto Raptors,124.0,102.0,2025,22.0,226.0
401705742,2025-04-11,Chicago Bulls,Washington Wizards,119.0,89.0,2025,30.0,208.0
401705743,2025-04-11,New Orleans Pelicans,Miami Heat,104.0,153.0,2025,-49.0,257.0
401705740,2025-04-11,Boston Celtics,Charlotte Hornets,130.0,94.0,2025,36.0,224.0
401705741,2025-04-11,New York Knicks,Cleveland Cavaliers,102.0,108.0,2025,-6.0,210.0
401705737,2025-04-11,Detroit Pistons,Milwaukee Bucks,119.0,125.0,2025,-6.0,244.0
401705738,2025-04-11,Indiana Pacers,Orlando Magic,115.0,129.0,2025,-14.0,244.0
401705739,2025-04-11,Philadelphia 76ers,Atlanta Hawks,110.0,124.0,2025,-14.0,234.0
401705736,2025-04-10,Memphis Grizzlies,Minnesota Timberwolves,125.0,141.0,2025,-16.0,266.0
401705727,2025-04-10,Milwaukee Bucks,New Orleans Pelicans,136.0,111.0,2025,25.0,247.0
401705735,2025-04-10,Brooklyn Nets,Atlanta Hawks,109.0,133.0,2025,-24.0,242.0
401705733,2025-04-10,Detroit Pistons,New York Knicks,115.0,106.0,2025,9.0,221.0
401705734,2025-04-10,Indiana Pacers,Cleveland Cavaliers,114.0,112.0,2025,2.0,226.0
401705732,2025-04-09,LA Clippers,Houston Rockets,134.0,117.0,2025,17.0,251.0
401705729,2025-04-09,Golden State Warriors,San Antonio Spurs,111.0,114.0,2025,-3.0,225.0
401705730,2025-04-09,Phoenix Suns,Oklahoma City Thunder,112.0,125.0,2025,-13.0,237.0
401705731,2025-04-09,Sacramento Kings,Denver Nuggets,116.0,124.0,2025,-8.0,240.0
401705728,2025-04-09,Utah Jazz,Portland Trail Blazers,133.0,126.0,2025,7.0,259.0
401705726,2025-04-09,Chicago Bulls,Miami Heat,119.0,111.0,2025,8.0,230.0
401705724,2025-04-09,Toronto Raptors,Charlotte Hornets,126.0,96.0,2025,30.0,222.0
401705725,2025-04-09,Dallas Mavericks,Los Angeles Lakers,97.0,112.0,2025,-15.0,209.0
401705722,2025-04-09,Orlando Magic,Boston Celtics,96.0,76.0,2025,20.0,172.0
401705723,2025-04-09,Washington Wizards,Philadelphia 76ers,103.0,122.0,2025,-19.0,225.0
401705721,2025-04-08,LA Clippers,San Antonio Spurs,122.0,117.0,2025,5.0,239.0
401705720,2025-04-08,Phoenix Suns,Golden State Warriors,95.0,133.0,2025,-38.0,228.0
401705718,2025-04-08,Milwaukee Bucks,Minnesota Timberwolves,110.0,103.0,2025,7.0,213.0
401705719,2025-04-08,Oklahoma City Thunder,Los Angeles Lakers,136.0,120.0,2025,16.0,256.0
401705716,2025-04-08,Brooklyn Nets,New Orleans Pelicans,119.0,114.0,2025,5.0,233.0
401705717,2025-04-08,New York Knicks,Boston Celtics,117.0,119.0,2025,-2.0,236.0
401705712,2025-04-08,Charlotte Hornets,Memphis Grizzlies,100.0,124.0,2025,-24.0,224.0
401705713,2025-04-08,Cleveland Cavaliers,Chicago Bulls,135.0,113.0,2025,22.0,248.0
401705714,2025-04-08,Indiana Pacers,Washington Wizards,104.0,98.0,2025,6.0,202.0
401705715,2025-04-08,Orlando Magic,Atlanta Hawks,119.0,112.0,2025,7.0,231.0
401705711,2025-04-07,Miami Heat,Philadelphia 76ers,117.0,105.0,2025,12.0,222.0
401705710,2025-04-07,Detroit Pistons,Sacramento Kings,117.0,127.0,2025,-10.0,244.0
401705709,2025-04-06,Golden State Warriors,Houston Rockets,96.0,106.0,2025,-10.0,202.0
401754706,2025-04-06,New Orleans Pelicans,Milwaukee Bucks,107.0,111.0,2025,-4.0,218.0
401705708,2025-04-06,Denver Nuggets,Indiana Pacers,120.0,125.0,2025,-5.0,245.0
401705706,2025-04-06,New York Knicks,Phoenix Suns,112.0,98.0,2025,14.0,210.0
401705702,2025-04-06,Atlanta Hawks,Utah Jazz,147.0,134.0,2025,13.0,281.0
401705703,2025-04-06,Boston Celtics,Washington Wizards,124.0,90.0,2025,34.0,214.0
401705704,2025-04-06,Cleveland Cavaliers,Sacramento Kings,113.0,120.0,2025,-7.0,233.0
401705705,2025-04-06,Portland Trail Blazers,San Antonio Spurs,120.0,109.0,2025,11.0,229.0
401705700,2025-04-06,Brooklyn Nets,Toronto Raptors,109.0,120.0,2025,-11.0,229.0
401705701,2025-04-06,Oklahoma City Thunder,Los Angeles Lakers,99.0,126.0,2025,-27.0,225.0
401705699,2025-04-06,Charlotte Hornets,Chicago Bulls,117.0,131.0,2025,-14.0,248.0
401705698,2025-04-05,LA Clippers,Dallas Mavericks,135.0,104.0,2025,31.0,239.0
401705697,2025-04-05,Miami Heat,Milwaukee Bucks,115.0,121.0,2025,-6.0,236.0
401705695,2025-04-05,Detroit Pistons,Memphis Grizzlies,103.0,109.0,2025,-6.0,212.0
401705696,2025-04-05,Philadelphia 76ers,Minnesota Timberwolves,109.0,114.0,2025,-5.0,223.0
401705694,2025-04-05,Atlanta Hawks,New York Knicks,105.0,121.0,2025,-16.0,226.0
401705692,2025-04-04,Los Angeles Lakers,New Orleans Pelicans,124.0,108.0,2025,16.0,232.0
401705693,2025-04-04,LA Clippers,Dallas Mavericks,114.0,91.0,2025,23.0,205.0
401705691,2025-04-04,Golden State Warriors,Denver Nuggets,118.0,104.0,2025,14.0,222.0
401705688,2025-04-04,Chicago Bulls,Portland Trail Blazers,118.0,113.0,2025,5.0,231.0
401705689,2025-04-04,Houston Rockets,Oklahoma City Thunder,125.0,111.0,2025,14.0,236.0
401705690,2025-04-04,San Antonio Spurs,Cleveland Cavaliers,113.0,114.0,2025,-1.0,227.0
401705686,2025-04-04,Boston Celtics,Phoenix Suns,123.0,103.0,2025,20.0,226.0
401705687,2025-04-04,Toronto Raptors,Detroit Pistons,105.0,117.0,2025,-12.0,222.0
401705684,2025-04-04,Charlotte Hornets,Sacramento Kings,102.0,125.0,2025,-23.0,227.0
401705685,2025-04-04,Indiana Pacers,Utah Jazz,140.0,112.0,2025,28.0,252.0
401705683,2025-04-03,Los Angeles Lakers,Golden State Warriors,116.0,123.0,2025,-7.0,239.0
401705679,2025-04-03,Brooklyn Nets,Minnesota Timberwolves,90.0,105.0,2025,-15.0,195.0
401705680,2025-04-03,Miami Heat,Memphis Grizzlies,108.0,110.0,2025,-2.0,218.0
401705682,2025-04-03,Toronto Raptors,Portland Trail Blazers,103.0,112.0,2025,-9.0,215.0
401705678,2025-04-03,Washington Wizards,Orlando Magic,97.0,109.0,2025,-12.0,206.0
401705681,2025-04-03,Philadelphia 76ers,Milwaukee Bucks,113.0,126.0,2025,-13.0,239.0
401705677,2025-04-02,LA Clippers,New Orleans Pelicans,114.0,98.0,2025,16.0,212.0
401705674,2025-04-02,Oklahoma City Thunder,Detroit Pistons,119.0,103.0,2025,16.0,222.0
401705676,2025-04-02,Denver Nuggets,San Antonio Spurs,106.0,113.0,2025,-7.0,219.0
401705675,2025-04-02,Dallas Mavericks,Atlanta Hawks,120.0,118.0,2025,2.0,238.0
401705673,2025-04-02,Houston Rockets,Utah Jazz,143.0,105.0,2025,38.0,248.0
401705672,2025-04-02,Boston Celtics,Miami Heat,103.0,124.0,2025,-21.0,227.0
401705669,2025-04-02,Cleveland Cavaliers,New York Knicks,124.0,105.0,2025,19.0,229.0
401705670,2025-04-02,Indiana Pacers,Charlotte Hornets,119.0,105.0,2025,14.0,224.0
401705671,2025-04-02,Washington Wizards,Sacramento Kings,116.0,111.0,2025,5.0,227.0
401705668,2025-04-01,Denver Nuggets,Minnesota Timberwolves,139.0,140.0,2025,-1.0,279.0
401705554,2025-04-01,San Antonio Spurs,Orlando Magic,105.0,116.0,2025,-11.0,221.0
401705665,2025-04-01,Chicago Bulls,Toronto Raptors,137.0,118.0,2025,19.0,255.0
401705666,2025-04-01,Memphis Grizzlies,Golden State Warriors,125.0,134.0,2025,-9.0,259.0
401705663,2025-04-01,Atlanta Hawks,Portland Trail Blazers,113.0,127.0,2025,-14.0,240.0
401705664,2025-04-01,New York Knicks,Philadelphia 76ers,105.0,91.0,2025,14.0,196.0
401705667,2025-04-01,Milwaukee Bucks,Phoenix Suns,133.0,123.0,2025,10.0,256.0
401705662,2025-03-31,Los Angeles Lakers,Houston Rockets,104.0,98.0,2025,6.0,202.0
401705661,2025-03-31,Dallas Mavericks,Brooklyn Nets,109.0,113.0,2025,-4.0,222.0
401705660,2025-03-31,Oklahoma City Thunder,Chicago Bulls,145.0,117.0,2025,28.0,262.0
401705659,2025-03-31,Memphis Grizzlies,Boston Celtics,103.0,117.0,2025,-14.0,220.0
401705655,2025-03-31,Charlotte Hornets,Utah Jazz,110.0,106.0,2025,4.0,216.0
401705656,2025-03-31,Indiana Pacers,Sacramento Kings,111.0,109.0,2025,2.0,220.0
401705657,2025-03-31,Orlando Magic,LA Clippers,87.0,96.0,2025,-9.0,183.0
401705658,2025-03-31,Washington Wizards,Miami Heat,94.0,120.0,2025,-26.0,214.0
401705654,2025-03-30,Phoenix Suns,Houston Rockets,109.0,148.0,2025,-39.0,257.0
401705653,2025-03-30,Philadelphia 76ers,Toronto Raptors,109.0,127.0,2025,-18.0,236.0
401705649,2025-03-30,Milwaukee Bucks,Atlanta Hawks,124.0,145.0,2025,-21.0,269.0
401705650,2025-03-30,Minnesota Timberwolves,Detroit Pistons,123.0,104.0,2025,19.0,227.0
401705651,2025-03-30,New Orleans Pelicans,Charlotte Hornets,98.0,94.0,2025,4.0,192.0
401705652,2025-03-30,San Antonio Spurs,Golden State Warriors,106.0,148.0,2025,-42.0,254.0
401705648,2025-03-30,New York Knicks,Portland Trail Blazers,110.0,93.0,2025,17.0,203.0
401705647,2025-03-30,Cleveland Cavaliers,LA Clippers,127.0,122.0,2025,5.0,249.0
401705643,2025-03-29,Chicago Bulls,Dallas Mavericks,119.0,120.0,2025,-1.0,239.0
401705644,2025-03-29,Memphis Grizzlies,Los Angeles Lakers,127.0,134.0,2025,-7.0,261.0
401705645,2025-03-29,Oklahoma City Thunder,Indiana Pacers,132.0,111.0,2025,21.0,243.0
401705646,2025-03-29,San Antonio Spurs,Boston Celtics,111.0,121.0,2025,-10.0,232.0
401705642,2025-03-29,Philadelphia 76ers,Miami Heat,95.0,118.0,2025,-23.0,213.0
401705641,2025-03-29,Washington Wizards,Brooklyn Nets,112.0,115.0,2025,-3.0,227.0
401705640,2025-03-29,Orlando Magic,Sacramento Kings,121.0,91.0,2025,30.0,212.0
401705639,2025-03-28,Denver Nuggets,Utah Jazz,129.0,93.0,2025,36.0,222.0
401705636,2025-03-28,Milwaukee Bucks,New York Knicks,107.0,116.0,2025,-9.0,223.0
401705637,2025-03-28,Minnesota Timberwolves,Phoenix Suns,124.0,109.0,2025,15.0,233.0
401705638,2025-03-28,New Orleans Pelicans,Golden State Warriors,95.0,111.0,2025,-16.0,206.0
401705634,2025-03-28,Brooklyn Nets,LA Clippers,100.0,132.0,2025,-32.0,232.0
401705635,2025-03-28,Toronto Raptors,Charlotte Hornets,108.0,97.0,2025,11.0,205.0
401705633,2025-03-28,Detroit Pistons,Cleveland Cavaliers,133.0,122.0,2025,11.0,255.0
401705632,2025-03-27,Sacramento Kings,Portland Trail Blazers,128.0,107.0,2025,21.0,235.0
401705631,2025-03-27,Utah Jazz,Houston Rockets,110.0,121.0,2025,-11.0,231.0
401705629,2025-03-27,Chicago Bulls,Los Angeles Lakers,119.0,117.0,2025,2.0,236.0
401705630,2025-03-27,Oklahoma City Thunder,Memphis Grizzlies,125.0,104.0,2025,21.0,229.0
401705628,2025-03-27,Miami Heat,Atlanta Hawks,122.0,112.0,2025,10.0,234.0
401705625,2025-03-27,Cleveland Cavaliers,San Antonio Spurs,124.0,116.0,2025,8.0,240.0
401705626,2025-03-27,Orlando Magic,Dallas Mavericks,92.0,101.0,2025,-9.0,193.0
401705627,2025-03-27,Washington Wizards,Indiana Pacers,109.0,162.0,2025,-53.0,271.0
401705624,2025-03-26,Phoenix Suns,Boston Celtics,102.0,132.0,2025,-30.0,234.0
401705623,2025-03-26,Denver Nuggets,Milwaukee Bucks,127.0,117.0,2025,10.0,244.0
401705620,2025-03-26,Brooklyn Nets,Toronto Raptors,86.0,116.0,2025,-30.0,202.0
401705621,2025-03-26,Indiana Pacers,Los Angeles Lakers,119.0,120.0,2025,-1.0,239.0
401705622,2025-03-26,New York Knicks,LA Clippers,113.0,126.0,2025,-13.0,239.0
401705619,2025-03-26,Philadelphia 76ers,Washington Wizards,114.0,119.0,2025,-5.0,233.0
401705617,2025-03-25,Portland Trail Blazers,Cleveland Cavaliers,111.0,122.0,2025,-11.0,233.0
401705618,2025-03-25,Sacramento Kings,Oklahoma City Thunder,105.0,121.0,2025,-16.0,226.0
401705616,2025-03-25,Utah Jazz,Memphis Grizzlies,103.0,140.0,2025,-37.0,243.0
401705615,2025-03-25,Houston Rockets,Atlanta Hawks,121.0,114.0,2025,7.0,235.0
401705613,2025-03-25,Miami Heat,Golden State Warriors,112.0,86.0,2025,26.0,198.0
401705614,2025-03-25,New York Knicks,Dallas Mavericks,128.0,113.0,2025,15.0,241.0
401705611,2025-03-25,Charlotte Hornets,Orlando Magic,104.0,111.0,2025,-7.0,215.0
401705612,2025-03-25,Detroit Pistons,San Antonio Spurs,122.0,96.0,2025,26.0,218.0
401705609,2025-03-24,Phoenix Suns,Milwaukee Bucks,108.0,106.0,2025,2.0,214.0
401705610,2025-03-24,Sacramento Kings,Boston Celtics,95.0,113.0,2025,-18.0,208.0
401705608,2025-03-24,Denver Nuggets,Chicago Bulls,119.0,129.0,2025,-10.0,248.0
401705607,2025-03-24,New Orleans Pelicans,Philadelphia 76ers,112.0,99.0,2025,13.0,211.0
401705606,2025-03-24,Brooklyn Nets,Dallas Mavericks,101.0,120.0,2025,-19.0,221.0
401705603,2025-03-24,Indiana Pacers,Minnesota Timberwolves,119.0,103.0,2025,16.0,222.0
401705604,2025-03-24,Orlando Magic,Los Angeles Lakers,118.0,106.0,2025,12.0,224.0
401705605,2025-03-24,Washington Wizards,Toronto Raptors,104.0,112.0,2025,-8.0,216.0
401705602,2025-03-23,LA Clippers,Oklahoma City Thunder,101.0,103.0,2025,-2.0,204.0
401705601,2025-03-23,Houston Rockets,Denver Nuggets,111.0,116.0,2025,-5.0,227.0
401705597,2025-03-23,Atlanta Hawks,Philadelphia 76ers,132.0,119.0,2025,13.0,251.0
401705598,2025-03-23,Miami Heat,Charlotte Hornets,122.0,105.0,2025,17.0,227.0
401705599,2025-03-23,Toronto Raptors,San Antonio Spurs,89.0,123.0,2025,-34.0,212.0
401705600,2025-03-23,Portland Trail Blazers,Boston Celtics,116.0,129.0,2025,-13.0,245.0
401705596,2025-03-23,Utah Jazz,Cleveland Cavaliers,91.0,120.0,2025,-29.0,211.0
401705595,2025-03-23,Detroit Pistons,New Orleans Pelicans,136.0,130.0,2025,6.0,266.0
401705594,2025-03-22,Los Angeles Lakers,Chicago Bulls,115.0,146.0,2025,-31.0,261.0
401705593,2025-03-22,Sacramento Kings,Milwaukee Bucks,108.0,114.0,2025,-6.0,222.0
401705592,2025-03-22,New York Knicks,Washington Wizards,122.0,103.0,2025,19.0,225.0
401705591,2025-03-22,Atlanta Hawks,Golden State Warriors,124.0,115.0,2025,9.0,239.0
401705590,2025-03-22,Indiana Pacers,Brooklyn Nets,108.0,103.0,2025,5.0,211.0
401705589,2025-03-21,LA Clippers,Memphis Grizzlies,128.0,108.0,2025,20.0,236.0
401705587,2025-03-21,Phoenix Suns,Cleveland Cavaliers,123.0,112.0,2025,11.0,235.0
401705588,2025-03-21,Portland Trail Blazers,Denver Nuggets,128.0,109.0,2025,19.0,237.0
401705586,2025-03-21,Utah Jazz,Boston Celtics,99.0,121.0,2025,-22.0,220.0
401705585,2025-03-21,Dallas Mavericks,Detroit Pistons,123.0,117.0,2025,6.0,240.0
401705581,2025-03-21,Miami Heat,Houston Rockets,98.0,102.0,2025,-4.0,200.0
401705582,2025-03-21,Minnesota Timberwolves,New Orleans Pelicans,134.0,93.0,2025,41.0,227.0
401705583,2025-03-21,Oklahoma City Thunder,Charlotte Hornets,141.0,106.0,2025,35.0,247.0
401705584,2025-03-21,San Antonio Spurs,Philadelphia 76ers,128.0,120.0,2025,8.0,248.0
401705580,2025-03-21,Washington Wizards,Orlando Magic,105.0,120.0,2025,-15.0,225.0
401705562,2025-03-20,Los Angeles Lakers,Milwaukee Bucks,89.0,118.0,2025,-29.0,207.0
401705571,2025-03-20,Golden State Warriors,Toronto Raptors,117.0,114.0,2025,3.0,231.0
401705579,2025-03-20,Sacramento Kings,Chicago Bulls,116.0,128.0,2025,-12.0,244.0
401705576,2025-03-20,Charlotte Hornets,New York Knicks,115.0,98.0,2025,17.0,213.0
401705577,2025-03-20,Indiana Pacers,Brooklyn Nets,105.0,99.0,2025,6.0,204.0
401705572,2025-03-19,Los Angeles Lakers,Denver Nuggets,120.0,108.0,2025,12.0,228.0
401705573,2025-03-19,Phoenix Suns,Chicago Bulls,127.0,121.0,2025,6.0,248.0
401705574,2025-03-19,Portland Trail Blazers,Memphis Grizzlies,115.0,99.0,2025,16.0,214.0
401705575,2025-03-19,Sacramento Kings,Cleveland Cavaliers,123.0,119.0,2025,4.0,242.0
401705193,2025-03-19,Utah Jazz,Washington Wizards,128.0,112.0,2025,16.0,240.0
401705567,2025-03-19,Minnesota Timberwolves,New Orleans Pelicans,115.0,119.0,2025,-4.0,234.0
401705568,2025-03-19,Oklahoma City Thunder,Philadelphia 76ers,133.0,100.0,2025,33.0,233.0
401705569,2025-03-19,San Antonio Spurs,New York Knicks,120.0,105.0,2025,15.0,225.0
401705566,2025-03-19,Miami Heat,Detroit Pistons,113.0,116.0,2025,-3.0,229.0
401705564,2025-03-19,Indiana Pacers,Dallas Mavericks,135.0,131.0,2025,4.0,266.0
401705565,2025-03-19,Orlando Magic,Houston Rockets,108.0,116.0,2025,-8.0,224.0
401705563,2025-03-18,LA Clippers,Cleveland Cavaliers,132.0,119.0,2025,13.0,251.0
401705578,2025-03-18,Golden State Warriors,Milwaukee Bucks,104.0,93.0,2025,11.0,197.0
401705560,2025-03-18,Boston Celtics,Brooklyn Nets,104.0,96.0,2025,8.0,200.0
401705559,2025-03-18,Charlotte Hornets,Atlanta Hawks,102.0,134.0,2025,-32.0,236.0
401754705,2025-03-17,Los Angeles Lakers,San Antonio Spurs,125.0,109.0,2025,16.0,234.0
401705556,2025-03-17,Golden State Warriors,Denver Nuggets,105.0,114.0,2025,-9.0,219.0
401705557,2025-03-17,Phoenix Suns,Toronto Raptors,129.0,89.0,2025,40.0,218.0
401705558,2025-03-17,Sacramento Kings,Memphis Grizzlies,132.0,122.0,2025,10.0,254.0
401705561,2025-03-17,Portland Trail Blazers,Washington Wizards,112.0,97.0,2025,15.0,209.0
401705555,2025-03-17,Utah Jazz,Chicago Bulls,97.0,111.0,2025,-14.0,208.0
401705551,2025-03-17,Houston Rockets,Philadelphia 76ers,144.0,137.0,2025,7.0,281.0
401705552,2025-03-17,Minnesota Timberwolves,Indiana Pacers,130.0,132.0,2025,-2.0,262.0
401705553,2025-03-17,New Orleans Pelicans,Detroit Pistons,81.0,127.0,2025,-46.0,208.0
401705550,2025-03-17,New York Knicks,Miami Heat,116.0,95.0,2025,21.0,211.0
401705548,2025-03-16,Milwaukee Bucks,Oklahoma City Thunder,105.0,121.0,2025,-16.0,226.0
401705547,2025-03-16,Minnesota Timberwolves,Utah Jazz,128.0,102.0,2025,26.0,230.0
401748706,2025-03-16,LA Clippers,Charlotte Hornets,123.0,88.0,2025,35.0,211.0
401705544,2025-03-16,Brooklyn Nets,Atlanta Hawks,122.0,114.0,2025,8.0,236.0
401705546,2025-03-16,Portland Trail Blazers,Toronto Raptors,105.0,102.0,2025,3.0,207.0
401705543,2025-03-16,Los Angeles Lakers,Phoenix Suns,107.0,96.0,2025,11.0,203.0
401705542,2025-03-16,Dallas Mavericks,Philadelphia 76ers,125.0,130.0,2025,-5.0,255.0
401705545,2025-03-16,Cleveland Cavaliers,Orlando Magic,103.0,108.0,2025,-5.0,211.0
401705541,2025-03-15,Denver Nuggets,Washington Wizards,123.0,126.0,2025,-3.0,249.0
401705539,2025-03-15,San Antonio Spurs,New Orleans Pelicans,119.0,115.0,2025,4.0,234.0
401705540,2025-03-15,Golden State Warriors,New York Knicks,97.0,94.0,2025,3.0,191.0
401705536,2025-03-15,Houston Rockets,Chicago Bulls,117.0,114.0,2025,3.0,231.0
401705537,2025-03-15,Memphis Grizzlies,Miami Heat,125.0,91.0,2025,34.0,216.0
401705538,2025-03-15,Milwaukee Bucks,Indiana Pacers,126.0,119.0,2025,7.0,245.0
401705535,2025-03-15,Detroit Pistons,Oklahoma City Thunder,107.0,113.0,2025,-6.0,220.0
401705534,2025-03-15,Brooklyn Nets,Boston Celtics,113.0,115.0,2025,-2.0,228.0
401705533,2025-03-14,Phoenix Suns,Sacramento Kings,122.0,106.0,2025,16.0,228.0
401705531,2025-03-14,Denver Nuggets,Los Angeles Lakers,131.0,126.0,2025,5.0,257.0
401705532,2025-03-14,Utah Jazz,Toronto Raptors,118.0,126.0,2025,-8.0,244.0
401705527,2025-03-14,Houston Rockets,Dallas Mavericks,133.0,96.0,2025,37.0,229.0
401705528,2025-03-14,Memphis Grizzlies,Cleveland Cavaliers,124.0,133.0,2025,-9.0,257.0
401705529,2025-03-14,Minnesota Timberwolves,Orlando Magic,118.0,111.0,2025,7.0,229.0
401705530,2025-03-14,San Antonio Spurs,Charlotte Hornets,134.0,145.0,2025,-11.0,279.0
401705526,2025-03-14,Atlanta Hawks,LA Clippers,98.0,121.0,2025,-23.0,219.0
401705524,2025-03-14,Miami Heat,Boston Celtics,91.0,103.0,2025,-12.0,194.0
401705525,2025-03-14,Philadelphia 76ers,Indiana Pacers,100.0,112.0,2025,-12.0,212.0
401705523,2025-03-13,Golden State Warriors,Sacramento Kings,130.0,104.0,2025,26.0,234.0
401705522,2025-03-13,Chicago Bulls,Brooklyn Nets,116.0,110.0,2025,6.0,226.0
401705707,2025-03-13,New Orleans Pelicans,Orlando Magic,93.0,113.0,2025,-20.0,206.0
401705521,2025-03-13,Milwaukee Bucks,Los Angeles Lakers,126.0,106.0,2025,20.0,232.0
401705520,2025-03-13,Detroit Pistons,Washington Wizards,125.0,129.0,2025,-4.0,254.0
401705518,2025-03-12,Denver Nuggets,Minnesota Timberwolves,95.0,115.0,2025,-20.0,210.0
401705519,2025-03-12,Portland Trail Blazers,New York Knicks,113.0,114.0,2025,-1.0,227.0
401705514,2025-03-12,Miami Heat,LA Clippers,104.0,119.0,2025,-15.0,223.0
401705515,2025-03-12,Houston Rockets,Phoenix Suns,111.0,104.0,2025,7.0,215.0
401705516,2025-03-12,Memphis Grizzlies,Utah Jazz,122.0,115.0,2025,7.0,237.0
401705517,2025-03-12,San Antonio Spurs,Dallas Mavericks,126.0,116.0,2025,10.0,242.0
401705511,2025-03-12,Atlanta Hawks,Charlotte Hornets,123.0,110.0,2025,13.0,233.0
401705512,2025-03-12,Boston Celtics,Oklahoma City Thunder,112.0,118.0,2025,-6.0,230.0
401705513,2025-03-12,Toronto Raptors,Philadelphia 76ers,118.0,105.0,2025,13.0,223.0
401705509,2025-03-11,New Orleans Pelicans,LA Clippers,127.0,120.0,2025,7.0,247.0
401705508,2025-03-11,Indiana Pacers,Milwaukee Bucks,115.0,114.0,2025,1.0,229.0
401705506,2025-03-11,Cleveland Cavaliers,Brooklyn Nets,109.0,104.0,2025,5.0,213.0
401705507,2025-03-11,Detroit Pistons,Washington Wizards,123.0,103.0,2025,20.0,226.0
401705505,2025-03-10,Sacramento Kings,New York Knicks,104.0,133.0,2025,-29.0,237.0
401705504,2025-03-10,Golden State Warriors,Portland Trail Blazers,130.0,120.0,2025,10.0,250.0
401705503,2025-03-10,San Antonio Spurs,Dallas Mavericks,129.0,133.0,2025,-4.0,262.0
401705499,2025-03-10,Chicago Bulls,Indiana Pacers,121.0,103.0,2025,18.0,224.0
401705500,2025-03-10,Houston Rockets,Orlando Magic,97.0,84.0,2025,13.0,181.0
401705501,2025-03-10,Memphis Grizzlies,Phoenix Suns,120.0,118.0,2025,2.0,238.0
401705502,2025-03-10,Oklahoma City Thunder,Denver Nuggets,127.0,140.0,2025,-13.0,267.0
401705494,2025-03-10,Atlanta Hawks,Philadelphia 76ers,132.0,123.0,2025,9.0,255.0
401705495,2025-03-10,Boston Celtics,Utah Jazz,114.0,108.0,2025,6.0,222.0
401705496,2025-03-10,Brooklyn Nets,Los Angeles Lakers,111.0,108.0,2025,3.0,219.0
401705497,2025-03-10,Miami Heat,Charlotte Hornets,102.0,105.0,2025,-3.0,207.0
401705498,2025-03-10,Toronto Raptors,Washington Wizards,119.0,104.0,2025,15.0,223.0
401705493,2025-03-09,LA Clippers,Sacramento Kings,111.0,110.0,2025,1.0,221.0
401705492,2025-03-09,Portland Trail Blazers,Detroit Pistons,112.0,119.0,2025,-7.0,231.0
401705488,2025-03-09,Milwaukee Bucks,Cleveland Cavaliers,100.0,112.0,2025,-12.0,212.0
401705491,2025-03-09,Minnesota Timberwolves,San Antonio Spurs,141.0,124.0,2025,17.0,265.0
401705490,2025-03-09,Philadelphia 76ers,Utah Jazz,126.0,122.0,2025,4.0,248.0
401705489,2025-03-09,New Orleans Pelicans,Memphis Grizzlies,104.0,107.0,2025,-3.0,211.0
401705487,2025-03-09,Dallas Mavericks,Phoenix Suns,116.0,125.0,2025,-9.0,241.0
401705486,2025-03-09,Oklahoma City Thunder,Denver Nuggets,127.0,103.0,2025,24.0,230.0
401705484,2025-03-08,Boston Celtics,Los Angeles Lakers,111.0,101.0,2025,10.0,212.0
401705485,2025-03-08,Golden State Warriors,Detroit Pistons,115.0,110.0,2025,5.0,225.0
401705482,2025-03-08,Miami Heat,Chicago Bulls,109.0,114.0,2025,-5.0,223.0
401705483,2025-03-08,Milwaukee Bucks,Orlando Magic,109.0,111.0,2025,-2.0,220.0
401705480,2025-03-08,Atlanta Hawks,Indiana Pacers,120.0,118.0,2025,2.0,238.0
401705481,2025-03-08,Toronto Raptors,Washington Wizards,117.0,118.0,2025,-1.0,235.0
401705479,2025-03-08,Houston Rockets,New Orleans Pelicans,146.0,117.0,2025,29.0,263.0
401705478,2025-03-08,Charlotte Hornets,Brooklyn Nets,105.0,102.0,2025,3.0,207.0
401705477,2025-03-07,LA Clippers,New York Knicks,105.0,95.0,2025,10.0,200.0
401705475,2025-03-07,Denver Nuggets,Phoenix Suns,149.0,141.0,2025,8.0,290.0
401705476,2025-03-07,Sacramento Kings,San Antonio Spurs,127.0,109.0,2025,18.0,236.0
401705473,2025-03-07,Miami Heat,Minnesota Timberwolves,104.0,106.0,2025,-2.0,210.0
401705474,2025-03-07,Oklahoma City Thunder,Portland Trail Blazers,107.0,89.0,2025,18.0,196.0
401705471,2025-03-07,Toronto Raptors,Utah Jazz,118.0,109.0,2025,9.0,227.0
401705472,2025-03-07,Dallas Mavericks,Memphis Grizzlies,111.0,122.0,2025,-11.0,233.0
401705470,2025-03-07,Charlotte Hornets,Cleveland Cavaliers,117.0,118.0,2025,-1.0,235.0
401705469,2025-03-06,Los Angeles Lakers,New York Knicks,113.0,109.0,2025,4.0,222.0
401705468,2025-03-06,New Orleans Pelicans,Houston Rockets,97.0,109.0,2025,-12.0,206.0
401705465,2025-03-06,Atlanta Hawks,Indiana Pacers,124.0,118.0,2025,6.0,242.0
401705466,2025-03-06,Boston Celtics,Philadelphia 76ers,123.0,105.0,2025,18.0,228.0
401705467,2025-03-06,Brooklyn Nets,Golden State Warriors,119.0,121.0,2025,-2.0,240.0
401705510,2025-03-06,Orlando Magic,Chicago Bulls,123.0,125.0,2025,-2.0,248.0
401705464,2025-03-05,LA Clippers,Detroit Pistons,123.0,115.0,2025,8.0,238.0
401705461,2025-03-05,Memphis Grizzlies,Oklahoma City Thunder,103.0,120.0,2025,-17.0,223.0
401705462,2025-03-05,Denver Nuggets,Sacramento Kings,116.0,110.0,2025,6.0,226.0
401705463,2025-03-05,Milwaukee Bucks,Dallas Mavericks,137.0,107.0,2025,30.0,244.0
401705457,2025-03-05,Boston Celtics,Portland Trail Blazers,128.0,118.0,2025,10.0,246.0
401705458,2025-03-05,Charlotte Hornets,Minnesota Timberwolves,110.0,125.0,2025,-15.0,235.0
401705459,2025-03-05,Cleveland Cavaliers,Miami Heat,112.0,107.0,2025,5.0,219.0
401705460,2025-03-05,Washington Wizards,Utah Jazz,125.0,122.0,2025,3.0,247.0
401705456,2025-03-04,Los Angeles Lakers,New Orleans Pelicans,136.0,115.0,2025,21.0,251.0
401705455,2025-03-04,Phoenix Suns,LA Clippers,119.0,117.0,2025,2.0,236.0
401705454,2025-03-04,San Antonio Spurs,Brooklyn Nets,127.0,113.0,2025,14.0,240.0
401705452,2025-03-04,Chicago Bulls,Cleveland Cavaliers,117.0,139.0,2025,-22.0,256.0
401705453,2025-03-04,Minnesota Timberwolves,Philadelphia 76ers,126.0,112.0,2025,14.0,238.0
401705450,2025-03-04,Atlanta Hawks,Milwaukee Bucks,121.0,127.0,2025,-6.0,248.0
401705451,2025-03-04,New York Knicks,Golden State Warriors,102.0,114.0,2025,-12.0,216.0
401705448,2025-03-04,Indiana Pacers,Houston Rockets,115.0,102.0,2025,13.0,217.0
401705449,2025-03-04,Orlando Magic,Toronto Raptors,113.0,114.0,2025,-1.0,227.0
401705447,2025-03-03,Utah Jazz,Detroit Pistons,106.0,134.0,2025,-28.0,240.0
401705446,2025-03-03,Dallas Mavericks,Sacramento Kings,98.0,122.0,2025,-24.0,220.0
401705444,2025-03-03,Memphis Grizzlies,Atlanta Hawks,130.0,132.0,2025,-2.0,262.0
401705445,2025-03-03,Oklahoma City Thunder,Houston Rockets,137.0,128.0,2025,9.0,265.0
401705443,2025-03-03,Miami Heat,Washington Wizards,106.0,90.0,2025,16.0,196.0
401705441,2025-03-03,Charlotte Hornets,Golden State Warriors,101.0,119.0,2025,-18.0,220.0
401705442,2025-03-03,Philadelphia 76ers,Portland Trail Blazers,102.0,119.0,2025,-17.0,221.0
401705439,2025-03-02,Phoenix Suns,Minnesota Timberwolves,98.0,116.0,2025,-18.0,214.0
401705440,2025-03-02,Los Angeles Lakers,LA Clippers,108.0,102.0,2025,6.0,210.0
401705438,2025-03-02,Utah Jazz,New Orleans Pelicans,121.0,128.0,2025,-7.0,249.0
401705437,2025-03-02,San Antonio Spurs,Oklahoma City Thunder,132.0,146.0,2025,-14.0,278.0
401705435,2025-03-02,Miami Heat,New York Knicks,112.0,116.0,2025,-4.0,228.0
401705436,2025-03-02,Orlando Magic,Toronto Raptors,102.0,104.0,2025,-2.0,206.0
401705434,2025-03-02,Indiana Pacers,Chicago Bulls,127.0,112.0,2025,15.0,239.0
401705433,2025-03-02,Cleveland Cavaliers,Portland Trail Blazers,133.0,129.0,2025,4.0,262.0
401705432,2025-03-02,Boston Celtics,Denver Nuggets,110.0,103.0,2025,7.0,213.0
401705430,2025-03-01,Philadelphia 76ers,Golden State Warriors,126.0,119.0,2025,7.0,245.0
401705431,2025-03-01,Dallas Mavericks,Milwaukee Bucks,117.0,132.0,2025,-15.0,249.0
401705428,2025-03-01,Houston Rockets,Sacramento Kings,103.0,113.0,2025,-10.0,216.0
401705429,2025-03-01,Memphis Grizzlies,San Antonio Spurs,128.0,130.0,2025,-2.0,258.0
401705427,2025-03-01,Detroit Pistons,Brooklyn Nets,115.0,94.0,2025,21.0,209.0
401705426,2025-03-01,Charlotte Hornets,Washington Wizards,100.0,113.0,2025,-13.0,213.0
401705425,2025-02-28,Los Angeles Lakers,LA Clippers,106.0,102.0,2025,4.0,208.0
401705424,2025-02-28,Utah Jazz,Minnesota Timberwolves,117.0,116.0,2025,1.0,233.0
401705423,2025-02-28,Phoenix Suns,New Orleans Pelicans,125.0,108.0,2025,17.0,233.0
401705420,2025-02-28,Miami Heat,Indiana Pacers,125.0,120.0,2025,5.0,245.0
401705421,2025-02-28,Chicago Bulls,Toronto Raptors,125.0,115.0,2025,10.0,240.0
401705422,2025-02-28,Memphis Grizzlies,New York Knicks,113.0,114.0,2025,-1.0,227.0
401705417,2025-02-28,Atlanta Hawks,Oklahoma City Thunder,119.0,135.0,2025,-16.0,254.0
401705418,2025-02-28,Boston Celtics,Cleveland Cavaliers,116.0,123.0,2025,-7.0,239.0
401705419,2025-02-28,Brooklyn Nets,Portland Trail Blazers,102.0,121.0,2025,-19.0,223.0
401705416,2025-02-28,Detroit Pistons,Denver Nuggets,119.0,134.0,2025,-15.0,253.0
401705415,2025-02-27,Los Angeles Lakers,Minnesota Timberwolves,111.0,102.0,2025,9.0,213.0
401705414,2025-02-27,Phoenix Suns,New Orleans Pelicans,116.0,124.0,2025,-8.0,240.0
401705413,2025-02-27,Dallas Mavericks,Charlotte Hornets,103.0,96.0,2025,7.0,199.0
401705412,2025-02-27,Milwaukee Bucks,Denver Nuggets,121.0,112.0,2025,9.0,233.0
401705411,2025-02-27,Orlando Magic,Golden State Warriors,115.0,121.0,2025,-6.0,236.0
401705410,2025-02-26,Houston Rockets,San Antonio Spurs,118.0,106.0,2025,12.0,224.0
401705409,2025-02-26,Utah Jazz,Sacramento Kings,101.0,118.0,2025,-17.0,219.0
401705408,2025-02-26,Chicago Bulls,LA Clippers,117.0,122.0,2025,-5.0,239.0
401705406,2025-02-26,Brooklyn Nets,Oklahoma City Thunder,121.0,129.0,2025,-8.0,250.0
401705407,2025-02-26,Miami Heat,Atlanta Hawks,131.0,109.0,2025,22.0,240.0
401705402,2025-02-26,Detroit Pistons,Boston Celtics,117.0,97.0,2025,20.0,214.0
401705403,2025-02-26,Indiana Pacers,Toronto Raptors,111.0,91.0,2025,20.0,202.0
401705404,2025-02-26,New York Knicks,Philadelphia 76ers,110.0,105.0,2025,5.0,215.0
401705405,2025-02-26,Washington Wizards,Portland Trail Blazers,121.0,129.0,2025,-8.0,250.0
401705400,2025-02-25,Golden State Warriors,Charlotte Hornets,128.0,92.0,2025,36.0,220.0
401705401,2025-02-25,Los Angeles Lakers,Dallas Mavericks,107.0,99.0,2025,8.0,206.0
401705397,2025-02-25,Houston Rockets,Milwaukee Bucks,100.0,97.0,2025,3.0,197.0
401705398,2025-02-25,Memphis Grizzlies,Phoenix Suns,151.0,148.0,2025,3.0,299.0
401705399,2025-02-25,New Orleans Pelicans,San Antonio Spurs,109.0,103.0,2025,6.0,212.0
401705396,2025-02-25,Orlando Magic,Cleveland Cavaliers,82.0,122.0,2025,-40.0,204.0
401705395,2025-02-25,Toronto Raptors,Boston Celtics,101.0,111.0,2025,-10.0,212.0
401705394,2025-02-24,Sacramento Kings,Charlotte Hornets,130.0,88.0,2025,42.0,218.0
401705393,2025-02-24,Utah Jazz,Portland Trail Blazers,112.0,114.0,2025,-2.0,226.0
401705392,2025-02-24,Oklahoma City Thunder,Minnesota Timberwolves,128.0,131.0,2025,-3.0,259.0
401705391,2025-02-24,Atlanta Hawks,Miami Heat,98.0,86.0,2025,12.0,184.0
401705387,2025-02-24,Detroit Pistons,LA Clippers,106.0,97.0,2025,9.0,203.0
401705388,2025-02-24,Indiana Pacers,Denver Nuggets,116.0,125.0,2025,-9.0,241.0
401705389,2025-02-24,Philadelphia 76ers,Chicago Bulls,110.0,142.0,2025,-32.0,252.0
401705390,2025-02-24,Washington Wizards,Brooklyn Nets,107.0,99.0,2025,8.0,206.0
401705386,2025-02-23,Minnesota Timberwolves,Oklahoma City Thunder,123.0,130.0,2025,-7.0,253.0
401705384,2025-02-23,New Orleans Pelicans,San Antonio Spurs,114.0,96.0,2025,18.0,210.0
401705385,2025-02-23,Cleveland Cavaliers,Memphis Grizzlies,129.0,123.0,2025,6.0,252.0
401705380,2025-02-23,Atlanta Hawks,Detroit Pistons,143.0,148.0,2025,-5.0,291.0
401705381,2025-02-23,Orlando Magic,Washington Wizards,110.0,90.0,2025,20.0,200.0
401705382,2025-02-23,Toronto Raptors,Phoenix Suns,127.0,109.0,2025,18.0,236.0
401705383,2025-02-23,Milwaukee Bucks,Miami Heat,120.0,113.0,2025,7.0,233.0
401705379,2025-02-23,Indiana Pacers,LA Clippers,129.0,111.0,2025,18.0,240.0
401705378,2025-02-23,Golden State Warriors,Dallas Mavericks,126.0,102.0,2025,24.0,228.0
401705377,2025-02-23,Boston Celtics,New York Knicks,118.0,105.0,2025,13.0,223.0
401705376,2025-02-22,Portland Trail Blazers,Charlotte Hornets,141.0,88.0,2025,53.0,229.0
401705375,2025-02-22,Utah Jazz,Houston Rockets,124.0,115.0,2025,9.0,239.0
401705374,2025-02-22,Denver Nuggets,Los Angeles Lakers,100.0,123.0,2025,-23.0,223.0
401705373,2025-02-22,Philadelphia 76ers,Brooklyn Nets,103.0,105.0,2025,-2.0,208.0
401705372,2025-02-22,Chicago Bulls,Phoenix Suns,117.0,121.0,2025,-4.0,238.0
401705371,2025-02-21,Sacramento Kings,Golden State Warriors,108.0,132.0,2025,-24.0,240.0
401705367,2025-02-21,Houston Rockets,Minnesota Timberwolves,121.0,115.0,2025,6.0,236.0
401705370,2025-02-21,Utah Jazz,Oklahoma City Thunder,107.0,130.0,2025,-23.0,237.0
401705368,2025-02-21,San Antonio Spurs,Detroit Pistons,110.0,125.0,2025,-15.0,235.0
401705369,2025-02-21,Dallas Mavericks,New Orleans Pelicans,111.0,103.0,2025,8.0,214.0
401705366,2025-02-21,Toronto Raptors,Miami Heat,111.0,120.0,2025,-9.0,231.0
401705363,2025-02-21,Cleveland Cavaliers,New York Knicks,142.0,105.0,2025,37.0,247.0
401705364,2025-02-21,Orlando Magic,Memphis Grizzlies,104.0,105.0,2025,-1.0,209.0
401705365,2025-02-21,Washington Wizards,Milwaukee Bucks,101.0,104.0,2025,-3.0,205.0
401705362,2025-02-20,Portland Trail Blazers,Los Angeles Lakers,102.0,110.0,2025,-8.0,212.0
401705361,2025-02-20,San Antonio Spurs,Phoenix Suns,120.0,109.0,2025,11.0,229.0
401705360,2025-02-20,Denver Nuggets,Charlotte Hornets,129.0,115.0,2025,14.0,244.0
401705359,2025-02-20,Milwaukee Bucks,LA Clippers,116.0,110.0,2025,6.0,226.0
401705356,2025-02-20,Atlanta Hawks,Orlando Magic,108.0,114.0,2025,-6.0,222.0
401705357,2025-02-20,Brooklyn Nets,Cleveland Cavaliers,97.0,110.0,2025,-13.0,207.0
401705358,2025-02-20,New York Knicks,Chicago Bulls,113.0,111.0,2025,2.0,224.0
401705354,2025-02-20,Indiana Pacers,Memphis Grizzlies,127.0,113.0,2025,14.0,240.0
401705355,2025-02-20,Philadelphia 76ers,Boston Celtics,104.0,124.0,2025,-20.0,228.0
401748704,2025-02-19,Los Angeles Lakers,Charlotte Hornets,97.0,100.0,2025,-3.0,197.0
401752957,2025-02-16,Team Chuck,Team Shaq,25.0,41.0,2025,-16.0,66.0
401752956,2025-02-16,Team Shaq,Team Candace,42.0,35.0,2025,7.0,77.0
401752955,2025-02-16,Team Chuck,Team Kenny,41.0,32.0,2025,9.0,73.0
401705570,2025-02-13,Utah Jazz,LA Clippers,116.0,120.0,2025,-4.0,236.0
401705352,2025-02-13,Dallas Mavericks,Miami Heat,118.0,113.0,2025,5.0,231.0
401705353,2025-02-13,Minnesota Timberwolves,Oklahoma City Thunder,116.0,101.0,2025,15.0,217.0
401705350,2025-02-13,Houston Rockets,Golden State Warriors,98.0,105.0,2025,-7.0,203.0
401705351,2025-02-13,New Orleans Pelicans,Sacramento Kings,140.0,133.0,2025,7.0,273.0
401705349,2025-02-12,LA Clippers,Memphis Grizzlies,128.0,114.0,2025,14.0,242.0
401705348,2025-02-12,Dallas Mavericks,Golden State Warriors,111.0,107.0,2025,4.0,218.0
401705346,2025-02-12,Denver Nuggets,Portland Trail Blazers,132.0,121.0,2025,11.0,253.0
401705347,2025-02-12,Utah Jazz,Los Angeles Lakers,131.0,119.0,2025,12.0,250.0
401705345,2025-02-12,Houston Rockets,Phoenix Suns,119.0,111.0,2025,8.0,230.0
401705341,2025-02-12,Chicago Bulls,Detroit Pistons,110.0,128.0,2025,-18.0,238.0
401705342,2025-02-12,Minnesota Timberwolves,Milwaukee Bucks,101.0,103.0,2025,-2.0,204.0
401705343,2025-02-12,New Orleans Pelicans,Sacramento Kings,111.0,119.0,2025,-8.0,230.0
401705344,2025-02-12,Oklahoma City Thunder,Miami Heat,115.0,101.0,2025,14.0,216.0
401705338,2025-02-12,Brooklyn Nets,Philadelphia 76ers,100.0,96.0,2025,4.0,196.0
401705339,2025-02-12,New York Knicks,Atlanta Hawks,149.0,148.0,2025,1.0,297.0
401705340,2025-02-12,Toronto Raptors,Cleveland Cavaliers,108.0,131.0,2025,-23.0,239.0
401705335,2025-02-12,Boston Celtics,San Antonio Spurs,116.0,103.0,2025,13.0,219.0
401705336,2025-02-12,Orlando Magic,Charlotte Hornets,102.0,86.0,2025,16.0,188.0
401705337,2025-02-12,Washington Wizards,Indiana Pacers,130.0,134.0,2025,-4.0,264.0
401705333,2025-02-11,Phoenix Suns,Memphis Grizzlies,112.0,119.0,2025,-7.0,231.0
401705332,2025-02-11,Chicago Bulls,Detroit Pistons,92.0,132.0,2025,-40.0,224.0
401705331,2025-02-11,Indiana Pacers,New York Knicks,115.0,128.0,2025,-13.0,243.0
401705330,2025-02-11,Philadelphia 76ers,Toronto Raptors,103.0,106.0,2025,-3.0,209.0
401705334,2025-02-10,Los Angeles Lakers,Utah Jazz,132.0,113.0,2025,19.0,245.0
401705329,2025-02-10,Denver Nuggets,Portland Trail Blazers,146.0,117.0,2025,29.0,263.0
401705328,2025-02-10,Dallas Mavericks,Sacramento Kings,128.0,129.0,2025,-1.0,257.0
401705326,2025-02-10,Milwaukee Bucks,Golden State Warriors,111.0,125.0,2025,-14.0,236.0
401705327,2025-02-10,Oklahoma City Thunder,New Orleans Pelicans,137.0,101.0,2025,36.0,238.0
401705324,2025-02-10,Brooklyn Nets,Charlotte Hornets,97.0,89.0,2025,8.0,186.0
401705325,2025-02-10,Miami Heat,Boston Celtics,85.0,103.0,2025,-18.0,188.0
401705321,2025-02-10,Cleveland Cavaliers,Minnesota Timberwolves,128.0,107.0,2025,21.0,235.0
401705322,2025-02-10,Orlando Magic,Atlanta Hawks,106.0,112.0,2025,-6.0,218.0
401705323,2025-02-10,Washington Wizards,San Antonio Spurs,121.0,131.0,2025,-10.0,252.0
401705319,2025-02-09,Houston Rockets,Toronto Raptors,94.0,87.0,2025,7.0,181.0
401705320,2025-02-09,Milwaukee Bucks,Philadelphia 76ers,135.0,127.0,2025,8.0,262.0
401705318,2025-02-09,Detroit Pistons,Charlotte Hornets,112.0,102.0,2025,10.0,214.0
401705317,2025-02-08,LA Clippers,Utah Jazz,130.0,110.0,2025,20.0,240.0
401705316,2025-02-08,Sacramento Kings,New Orleans Pelicans,123.0,118.0,2025,5.0,241.0
401705315,2025-02-08,Phoenix Suns,Denver Nuggets,105.0,122.0,2025,-17.0,227.0
401705314,2025-02-08,New York Knicks,Boston Celtics,104.0,131.0,2025,-27.0,235.0
401705311,2025-02-08,Chicago Bulls,Golden State Warriors,111.0,132.0,2025,-21.0,243.0
401705312,2025-02-08,Memphis Grizzlies,Oklahoma City Thunder,112.0,125.0,2025,-13.0,237.0
401705313,2025-02-08,Minnesota Timberwolves,Portland Trail Blazers,114.0,98.0,2025,16.0,212.0
401705309,2025-02-08,Orlando Magic,San Antonio Spurs,112.0,111.0,2025,1.0,223.0
401705310,2025-02-08,Washington Wizards,Atlanta Hawks,111.0,125.0,2025,-14.0,236.0
401705308,2025-02-08,Los Angeles Lakers,Indiana Pacers,124.0,117.0,2025,7.0,241.0
401705307,2025-02-08,Dallas Mavericks,Houston Rockets,116.0,105.0,2025,11.0,221.0
401705306,2025-02-07,Phoenix Suns,Utah Jazz,135.0,127.0,2025,8.0,262.0
401705305,2025-02-07,Oklahoma City Thunder,Toronto Raptors,121.0,109.0,2025,12.0,230.0
401705302,2025-02-07,Atlanta Hawks,Milwaukee Bucks,115.0,110.0,2025,5.0,225.0
401705303,2025-02-07,Brooklyn Nets,Miami Heat,102.0,86.0,2025,16.0,188.0
401705304,2025-02-07,Detroit Pistons,Philadelphia 76ers,125.0,112.0,2025,13.0,237.0
401705300,2025-02-07,Charlotte Hornets,San Antonio Spurs,117.0,116.0,2025,1.0,233.0
401705301,2025-02-07,Washington Wizards,Cleveland Cavaliers,124.0,134.0,2025,-10.0,258.0
401705299,2025-02-06,LA Clippers,Indiana Pacers,112.0,119.0,2025,-7.0,231.0
401705297,2025-02-06,Los Angeles Lakers,Golden State Warriors,120.0,112.0,2025,8.0,232.0
401705298,2025-02-06,Portland Trail Blazers,Sacramento Kings,108.0,102.0,2025,6.0,210.0
401705296,2025-02-06,Denver Nuggets,Orlando Magic,112.0,90.0,2025,22.0,202.0
401705295,2025-02-06,Minnesota Timberwolves,Houston Rockets,127.0,114.0,2025,13.0,241.0
401705294,2025-02-06,Boston Celtics,Dallas Mavericks,120.0,127.0,2025,-7.0,247.0
401705293,2025-02-05,Sacramento Kings,Orlando Magic,111.0,130.0,2025,-19.0,241.0
401705290,2025-02-05,Oklahoma City Thunder,Phoenix Suns,140.0,109.0,2025,31.0,249.0
401705291,2025-02-05,Utah Jazz,Golden State Warriors,131.0,128.0,2025,3.0,259.0
401705292,2025-02-05,Denver Nuggets,New Orleans Pelicans,144.0,119.0,2025,25.0,263.0
401705289,2025-02-05,Minnesota Timberwolves,Chicago Bulls,127.0,108.0,2025,19.0,235.0
401705286,2025-02-05,Brooklyn Nets,Washington Wizards,102.0,119.0,2025,-17.0,221.0
401705287,2025-02-05,Philadelphia 76ers,Miami Heat,101.0,108.0,2025,-7.0,209.0
401705288,2025-02-05,Toronto Raptors,Memphis Grizzlies,107.0,138.0,2025,-31.0,245.0
401705283,2025-02-05,Charlotte Hornets,Milwaukee Bucks,102.0,112.0,2025,-10.0,214.0
401705284,2025-02-05,Detroit Pistons,Cleveland Cavaliers,115.0,118.0,2025,-3.0,233.0
401705285,2025-02-05,Atlanta Hawks,San Antonio Spurs,125.0,126.0,2025,-1.0,251.0
401705281,2025-02-04,LA Clippers,Los Angeles Lakers,97.0,122.0,2025,-25.0,219.0
401705282,2025-02-04,Portland Trail Blazers,Indiana Pacers,112.0,89.0,2025,23.0,201.0
401705280,2025-02-04,Chicago Bulls,Miami Heat,133.0,124.0,2025,9.0,257.0
401705276,2025-02-04,Cleveland Cavaliers,Boston Celtics,105.0,112.0,2025,-7.0,217.0
401705277,2025-02-04,Brooklyn Nets,Houston Rockets,99.0,97.0,2025,2.0,196.0
401705279,2025-02-04,Toronto Raptors,New York Knicks,115.0,121.0,2025,-6.0,236.0
401705278,2025-02-04,Philadelphia 76ers,Dallas Mavericks,118.0,116.0,2025,2.0,234.0
401705274,2025-02-03,Golden State Warriors,Orlando Magic,104.0,99.0,2025,5.0,203.0
401705275,2025-02-03,Portland Trail Blazers,Phoenix Suns,121.0,119.0,2025,2.0,240.0
401705272,2025-02-03,Denver Nuggets,New Orleans Pelicans,125.0,113.0,2025,12.0,238.0
401705273,2025-02-03,Utah Jazz,Indiana Pacers,111.0,112.0,2025,-1.0,223.0
401705269,2025-02-03,Memphis Grizzlies,San Antonio Spurs,128.0,109.0,2025,19.0,237.0
401705270,2025-02-03,Minnesota Timberwolves,Sacramento Kings,114.0,116.0,2025,-2.0,230.0
401705271,2025-02-03,Oklahoma City Thunder,Milwaukee Bucks,125.0,96.0,2025,29.0,221.0
401705268,2025-02-03,New York Knicks,Houston Rockets,124.0,118.0,2025,6.0,242.0
401705266,2025-02-03,Charlotte Hornets,Washington Wizards,114.0,124.0,2025,-10.0,238.0
401705267,2025-02-03,Detroit Pistons,Atlanta Hawks,130.0,132.0,2025,-2.0,262.0
401705265,2025-02-02,Milwaukee Bucks,Memphis Grizzlies,119.0,132.0,2025,-13.0,251.0
401705264,2025-02-02,Philadelphia 76ers,Boston Celtics,110.0,118.0,2025,-8.0,228.0
401705262,2025-02-02,Cleveland Cavaliers,Dallas Mavericks,144.0,101.0,2025,43.0,245.0
401705263,2025-02-02,Toronto Raptors,LA Clippers,115.0,108.0,2025,7.0,223.0
401705261,2025-02-02,Detroit Pistons,Chicago Bulls,127.0,119.0,2025,8.0,246.0
401705260,2025-02-01,Portland Trail Blazers,Phoenix Suns,127.0,108.0,2025,19.0,235.0
401705258,2025-02-01,New York Knicks,Los Angeles Lakers,112.0,128.0,2025,-16.0,240.0
401705259,2025-02-01,San Antonio Spurs,Miami Heat,103.0,105.0,2025,-2.0,208.0
401705255,2025-02-01,Houston Rockets,Brooklyn Nets,98.0,110.0,2025,-12.0,208.0
401705256,2025-02-01,Minnesota Timberwolves,Washington Wizards,103.0,105.0,2025,-2.0,208.0
401705257,2025-02-01,Oklahoma City Thunder,Sacramento Kings,144.0,110.0,2025,34.0,254.0
401705254,2025-02-01,Charlotte Hornets,Denver Nuggets,104.0,107.0,2025,-3.0,211.0
401705252,2025-02-01,Indiana Pacers,Atlanta Hawks,132.0,127.0,2025,5.0,259.0
401705253,2025-02-01,Utah Jazz,Orlando Magic,113.0,99.0,2025,14.0,212.0
401705251,2025-01-31,Golden State Warriors,Phoenix Suns,105.0,130.0,2025,-25.0,235.0
401705249,2025-01-31,New Orleans Pelicans,Boston Celtics,116.0,118.0,2025,-2.0,234.0
401705250,2025-01-31,San Antonio Spurs,Milwaukee Bucks,144.0,118.0,2025,26.0,262.0
401705247,2025-01-31,Philadelphia 76ers,Denver Nuggets,134.0,137.0,2025,-3.0,271.0
401705248,2025-01-31,Toronto Raptors,Chicago Bulls,106.0,122.0,2025,-16.0,228.0
401705245,2025-01-31,Charlotte Hornets,LA Clippers,104.0,112.0,2025,-8.0,216.0
401705246,2025-01-31,Detroit Pistons,Dallas Mavericks,117.0,102.0,2025,15.0,219.0
401705244,2025-01-30,Portland Trail Blazers,Orlando Magic,119.0,90.0,2025,29.0,209.0
401705242,2025-01-30,Memphis Grizzlies,Houston Rockets,120.0,119.0,2025,1.0,239.0
401705243,2025-01-30,Utah Jazz,Minnesota Timberwolves,113.0,138.0,2025,-25.0,251.0
401705240,2025-01-30,Washington Wizards,Los Angeles Lakers,96.0,134.0,2025,-38.0,230.0
401705241,2025-01-30,Cleveland Cavaliers,Atlanta Hawks,137.0,115.0,2025,22.0,252.0
401705239,2025-01-29,Golden State Warriors,Oklahoma City Thunder,116.0,109.0,2025,7.0,225.0
401705238,2025-01-29,Phoenix Suns,Minnesota Timberwolves,113.0,121.0,2025,-8.0,234.0
401705236,2025-01-29,New Orleans Pelicans,Dallas Mavericks,136.0,137.0,2025,-1.0,273.0
401705237,2025-01-29,San Antonio Spurs,LA Clippers,116.0,128.0,2025,-12.0,244.0
401705232,2025-01-29,Boston Celtics,Chicago Bulls,122.0,100.0,2025,22.0,222.0
401705233,2025-01-29,Miami Heat,Cleveland Cavaliers,106.0,126.0,2025,-20.0,232.0
401705234,2025-01-29,New York Knicks,Denver Nuggets,122.0,112.0,2025,10.0,234.0
401705235,2025-01-29,Philadelphia 76ers,Sacramento Kings,117.0,104.0,2025,13.0,221.0
401705229,2025-01-29,Charlotte Hornets,Brooklyn Nets,83.0,104.0,2025,-21.0,187.0
401705230,2025-01-29,Indiana Pacers,Detroit Pistons,133.0,119.0,2025,14.0,252.0
401705231,2025-01-29,Washington Wizards,Toronto Raptors,82.0,106.0,2025,-24.0,188.0
401705227,2025-01-28,Golden State Warriors,Utah Jazz,114.0,103.0,2025,11.0,217.0
401705228,2025-01-28,Portland Trail Blazers,Milwaukee Bucks,125.0,112.0,2025,13.0,237.0
401705226,2025-01-28,Philadelphia 76ers,Los Angeles Lakers,118.0,104.0,2025,14.0,222.0
401748705,2025-01-28,Atlanta Hawks,Houston Rockets,96.0,100.0,2025,-4.0,196.0
401705225,2025-01-27,Phoenix Suns,LA Clippers,111.0,109.0,2025,2.0,220.0
401705224,2025-01-27,Utah Jazz,Milwaukee Bucks,110.0,125.0,2025,-15.0,235.0
401705223,2025-01-27,Dallas Mavericks,Washington Wizards,130.0,108.0,2025,22.0,238.0
401705221,2025-01-27,Chicago Bulls,Denver Nuggets,129.0,121.0,2025,8.0,250.0
401705222,2025-01-27,Minnesota Timberwolves,Atlanta Hawks,100.0,92.0,2025,8.0,192.0
401705216,2025-01-27,Boston Celtics,Houston Rockets,112.0,114.0,2025,-2.0,226.0
401705217,2025-01-27,Brooklyn Nets,Sacramento Kings,96.0,110.0,2025,-14.0,206.0
401705218,2025-01-27,Miami Heat,Orlando Magic,125.0,119.0,2025,6.0,244.0
401705219,2025-01-27,New York Knicks,Memphis Grizzlies,143.0,106.0,2025,37.0,249.0
401705220,2025-01-27,Toronto Raptors,New Orleans Pelicans,113.0,104.0,2025,9.0,217.0
401705214,2025-01-27,Charlotte Hornets,Los Angeles Lakers,107.0,112.0,2025,-5.0,219.0
401705215,2025-01-27,Cleveland Cavaliers,Detroit Pistons,110.0,91.0,2025,19.0,201.0
401705213,2025-01-26,Portland Trail Blazers,Oklahoma City Thunder,108.0,118.0,2025,-10.0,226.0
401705212,2025-01-25,LA Clippers,Milwaukee Bucks,127.0,117.0,2025,10.0,244.0
401705211,2025-01-25,Phoenix Suns,Washington Wizards,119.0,109.0,2025,10.0,228.0
401705210,2025-01-25,Golden State Warriors,Los Angeles Lakers,108.0,118.0,2025,-10.0,226.0
401705208,2025-01-25,Chicago Bulls,Philadelphia 76ers,97.0,109.0,2025,-12.0,206.0
401705209,2025-01-25,Memphis Grizzlies,Utah Jazz,125.0,103.0,2025,22.0,228.0
401705205,2025-01-25,Atlanta Hawks,Toronto Raptors,94.0,117.0,2025,-23.0,211.0
401705206,2025-01-25,Cleveland Cavaliers,Houston Rockets,131.0,135.0,2025,-4.0,266.0
401705207,2025-01-25,New York Knicks,Sacramento Kings,143.0,120.0,2025,23.0,263.0
401705203,2025-01-25,Charlotte Hornets,New Orleans Pelicans,123.0,92.0,2025,31.0,215.0
401705204,2025-01-25,Orlando Magic,Detroit Pistons,121.0,113.0,2025,8.0,234.0
401705202,2025-01-25,Brooklyn Nets,Miami Heat,97.0,106.0,2025,-9.0,203.0
401705201,2025-01-25,Dallas Mavericks,Boston Celtics,107.0,122.0,2025,-15.0,229.0
401705200,2025-01-25,Minnesota Timberwolves,Denver Nuggets,133.0,104.0,2025,29.0,237.0
401705199,2025-01-25,San Antonio Spurs,Indiana Pacers,98.0,136.0,2025,-38.0,234.0
401705198,2025-01-24,Memphis Grizzlies,New Orleans Pelicans,139.0,126.0,2025,13.0,265.0
401705196,2025-01-24,Charlotte Hornets,Portland Trail Blazers,97.0,102.0,2025,-5.0,199.0
401705197,2025-01-24,Philadelphia 76ers,Cleveland Cavaliers,132.0,129.0,2025,3.0,261.0
401705549,2025-01-23,LA Clippers,Washington Wizards,110.0,93.0,2025,17.0,203.0
401705194,2025-01-23,Golden State Warriors,Chicago Bulls,131.0,106.0,2025,25.0,237.0
401705195,2025-01-23,Los Angeles Lakers,Boston Celtics,117.0,96.0,2025,21.0,213.0
401705192,2025-01-23,Denver Nuggets,Sacramento Kings,132.0,123.0,2025,9.0,255.0
401705190,2025-01-23,Milwaukee Bucks,Miami Heat,125.0,96.0,2025,29.0,221.0
401705191,2025-01-23,Oklahoma City Thunder,Dallas Mavericks,115.0,121.0,2025,-6.0,236.0
401705189,2025-01-23,Atlanta Hawks,Toronto Raptors,119.0,122.0,2025,-3.0,241.0
401705188,2025-01-23,Orlando Magic,Portland Trail Blazers,79.0,101.0,2025,-22.0,180.0
401705187,2025-01-23,Indiana Pacers,San Antonio Spurs,110.0,140.0,2025,-30.0,250.0
401705186,2025-01-22,LA Clippers,Boston Celtics,113.0,117.0,2025,-4.0,230.0
401705185,2025-01-22,Sacramento Kings,Golden State Warriors,123.0,117.0,2025,6.0,240.0
401705181,2025-01-22,Houston Rockets,Cleveland Cavaliers,109.0,108.0,2025,1.0,217.0
401705182,2025-01-22,Memphis Grizzlies,Charlotte Hornets,132.0,120.0,2025,12.0,252.0
401705184,2025-01-22,Oklahoma City Thunder,Utah Jazz,123.0,114.0,2025,9.0,237.0
401705178,2025-01-22,Atlanta Hawks,Detroit Pistons,104.0,114.0,2025,-10.0,218.0
401705179,2025-01-22,Brooklyn Nets,Phoenix Suns,84.0,108.0,2025,-24.0,192.0
401705180,2025-01-22,Dallas Mavericks,Minnesota Timberwolves,114.0,115.0,2025,-1.0,229.0
401705176,2025-01-21,Los Angeles Lakers,Washington Wizards,111.0,88.0,2025,23.0,199.0
401705175,2025-01-21,Denver Nuggets,Philadelphia 76ers,144.0,109.0,2025,35.0,253.0
401705172,2025-01-21,Brooklyn Nets,New York Knicks,95.0,99.0,2025,-4.0,194.0
401705173,2025-01-21,Miami Heat,Portland Trail Blazers,107.0,116.0,2025,-9.0,223.0
401705174,2025-01-21,Toronto Raptors,Orlando Magic,109.0,93.0,2025,16.0,202.0
401705177,2025-01-20,LA Clippers,Chicago Bulls,99.0,112.0,2025,-13.0,211.0
401705171,2025-01-20,New Orleans Pelicans,Utah Jazz,123.0,119.0,2025,4.0,242.0
401705170,2025-01-20,Golden State Warriors,Boston Celtics,85.0,125.0,2025,-40.0,210.0
401705169,2025-01-20,Cleveland Cavaliers,Phoenix Suns,118.0,92.0,2025,26.0,210.0
401705168,2025-01-20,New York Knicks,Atlanta Hawks,119.0,110.0,2025,9.0,229.0
401705167,2025-01-20,Memphis Grizzlies,Minnesota Timberwolves,108.0,106.0,2025,2.0,214.0
401705166,2025-01-20,Houston Rockets,Detroit Pistons,96.0,107.0,2025,-11.0,203.0
401705165,2025-01-20,Charlotte Hornets,Dallas Mavericks,110.0,105.0,2025,5.0,215.0
401705162,2025-01-19,LA Clippers,Los Angeles Lakers,116.0,102.0,2025,14.0,218.0
401705163,2025-01-19,Portland Trail Blazers,Chicago Bulls,113.0,102.0,2025,11.0,215.0
401705164,2025-01-19,Sacramento Kings,Washington Wizards,123.0,100.0,2025,23.0,223.0
401705160,2025-01-19,Milwaukee Bucks,Philadelphia 76ers,123.0,109.0,2025,14.0,232.0
401705161,2025-01-19,Oklahoma City Thunder,Brooklyn Nets,127.0,101.0,2025,26.0,228.0
401705159,2025-01-19,Orlando Magic,Denver Nuggets,100.0,113.0,2025,-13.0,213.0
401705158,2025-01-19,Miami Heat,San Antonio Spurs,128.0,107.0,2025,21.0,235.0
401705157,2025-01-18,Portland Trail Blazers,Houston Rockets,103.0,125.0,2025,-22.0,228.0
401705156,2025-01-18,Minnesota Timberwolves,Cleveland Cavaliers,117.0,124.0,2025,-7.0,241.0
401705155,2025-01-18,Golden State Warriors,Washington Wizards,122.0,114.0,2025,8.0,236.0
401705153,2025-01-18,Boston Celtics,Atlanta Hawks,115.0,119.0,2025,-4.0,234.0
401705154,2025-01-18,Indiana Pacers,Philadelphia 76ers,115.0,102.0,2025,13.0,217.0
401705152,2025-01-18,Detroit Pistons,Phoenix Suns,121.0,125.0,2025,-4.0,246.0
401705151,2025-01-17,Los Angeles Lakers,Brooklyn Nets,102.0,101.0,2025,1.0,203.0
401705148,2025-01-17,San Antonio Spurs,Memphis Grizzlies,112.0,140.0,2025,-28.0,252.0
401705149,2025-01-17,Dallas Mavericks,Oklahoma City Thunder,106.0,98.0,2025,8.0,204.0
401705145,2025-01-17,Miami Heat,Denver Nuggets,113.0,133.0,2025,-20.0,246.0
401705146,2025-01-17,Milwaukee Bucks,Toronto Raptors,130.0,112.0,2025,18.0,242.0
401705147,2025-01-17,New Orleans Pelicans,Utah Jazz,136.0,123.0,2025,13.0,259.0
401705150,2025-01-17,Chicago Bulls,Charlotte Hornets,123.0,125.0,2025,-2.0,248.0
401705144,2025-01-17,New York Knicks,Minnesota Timberwolves,99.0,116.0,2025,-17.0,215.0
401705143,2025-01-17,Boston Celtics,Orlando Magic,121.0,94.0,2025,27.0,215.0
401705141,2025-01-16,Portland Trail Blazers,LA Clippers,89.0,118.0,2025,-29.0,207.0
401705142,2025-01-16,Sacramento Kings,Houston Rockets,132.0,127.0,2025,5.0,259.0
401705140,2025-01-16,Oklahoma City Thunder,Cleveland Cavaliers,134.0,114.0,2025,20.0,248.0
401705138,2025-01-16,Detroit Pistons,Indiana Pacers,100.0,111.0,2025,-11.0,211.0
401705139,2025-01-16,Washington Wizards,Phoenix Suns,123.0,130.0,2025,-7.0,253.0
401705137,2025-01-15,LA Clippers,Brooklyn Nets,126.0,67.0,2025,59.0,193.0
401705136,2025-01-15,Los Angeles Lakers,Miami Heat,117.0,108.0,2025,9.0,225.0
401705131,2025-01-15,Minnesota Timberwolves,Golden State Warriors,115.0,116.0,2025,-1.0,231.0
401705134,2025-01-15,Denver Nuggets,Houston Rockets,108.0,128.0,2025,-20.0,236.0
401705135,2025-01-15,Utah Jazz,Charlotte Hornets,112.0,117.0,2025,-5.0,229.0
401705129,2025-01-15,Chicago Bulls,Atlanta Hawks,94.0,110.0,2025,-16.0,204.0
401705130,2025-01-15,Milwaukee Bucks,Orlando Magic,122.0,93.0,2025,29.0,215.0
401705132,2025-01-15,New Orleans Pelicans,Dallas Mavericks,119.0,116.0,2025,3.0,235.0
401705133,2025-01-15,San Antonio Spurs,Memphis Grizzlies,115.0,129.0,2025,-14.0,244.0
401705128,2025-01-15,Toronto Raptors,Boston Celtics,110.0,97.0,2025,13.0,207.0
401705127,2025-01-15,Philadelphia 76ers,New York Knicks,119.0,125.0,2025,-6.0,244.0
401705126,2025-01-14,Portland Trail Blazers,Brooklyn Nets,114.0,132.0,2025,-18.0,246.0
401705125,2025-01-14,Dallas Mavericks,Denver Nuggets,99.0,118.0,2025,-19.0,217.0
401705123,2025-01-14,Chicago Bulls,New Orleans Pelicans,113.0,119.0,2025,-6.0,232.0
401705124,2025-01-14,Milwaukee Bucks,Sacramento Kings,130.0,115.0,2025,15.0,245.0
401705122,2025-01-14,Atlanta Hawks,Phoenix Suns,122.0,117.0,2025,5.0,239.0
401705120,2025-01-14,Indiana Pacers,Cleveland Cavaliers,117.0,127.0,2025,-10.0,244.0
401705121,2025-01-14,Philadelphia 76ers,Oklahoma City Thunder,102.0,118.0,2025,-16.0,220.0
401705118,2025-01-13,Los Angeles Lakers,San Antonio Spurs,102.0,126.0,2025,-24.0,228.0
401705119,2025-01-13,LA Clippers,Miami Heat,109.0,98.0,2025,11.0,207.0
401705117,2025-01-13,Houston Rockets,Memphis Grizzlies,120.0,118.0,2025,2.0,238.0
401705115,2025-01-13,New York Knicks,Detroit Pistons,119.0,124.0,2025,-5.0,243.0
401705116,2025-01-13,Toronto Raptors,Golden State Warriors,104.0,101.0,2025,3.0,205.0
401705114,2025-01-13,Washington Wizards,Minnesota Timberwolves,106.0,120.0,2025,-14.0,226.0
401705113,2025-01-12,Phoenix Suns,Charlotte Hornets,120.0,113.0,2025,7.0,233.0
401705112,2025-01-12,Utah Jazz,Brooklyn Nets,112.0,111.0,2025,1.0,223.0
401705108,2025-01-12,Boston Celtics,New Orleans Pelicans,120.0,119.0,2025,1.0,239.0
401705109,2025-01-12,Cleveland Cavaliers,Indiana Pacers,93.0,108.0,2025,-15.0,201.0
401705110,2025-01-12,Orlando Magic,Philadelphia 76ers,104.0,99.0,2025,5.0,203.0
401705111,2025-01-12,Washington Wizards,Oklahoma City Thunder,95.0,136.0,2025,-41.0,231.0
401705107,2025-01-12,Chicago Bulls,Sacramento Kings,119.0,124.0,2025,-5.0,243.0
401705105,2025-01-12,New York Knicks,Milwaukee Bucks,140.0,106.0,2025,34.0,246.0
401705106,2025-01-12,Dallas Mavericks,Denver Nuggets,101.0,112.0,2025,-11.0,213.0
401705102,2025-01-11,Portland Trail Blazers,Miami Heat,98.0,119.0,2025,-21.0,217.0
401705101,2025-01-11,Minnesota Timberwolves,Memphis Grizzlies,125.0,127.0,2025,-2.0,252.0
401705100,2025-01-11,Detroit Pistons,Toronto Raptors,123.0,114.0,2025,9.0,237.0
401705099,2025-01-11,Phoenix Suns,Utah Jazz,114.0,106.0,2025,8.0,220.0
401705097,2025-01-10,Denver Nuggets,Brooklyn Nets,124.0,105.0,2025,19.0,229.0
401705096,2025-01-10,Chicago Bulls,Washington Wizards,138.0,105.0,2025,33.0,243.0
401705094,2025-01-10,Boston Celtics,Sacramento Kings,97.0,114.0,2025,-17.0,211.0
401705095,2025-01-10,New York Knicks,Oklahoma City Thunder,101.0,126.0,2025,-25.0,227.0
401705091,2025-01-10,Indiana Pacers,Golden State Warriors,108.0,96.0,2025,12.0,204.0
401705092,2025-01-10,Orlando Magic,Milwaukee Bucks,106.0,109.0,2025,-3.0,215.0
401705093,2025-01-10,Philadelphia 76ers,New Orleans Pelicans,115.0,123.0,2025,-8.0,238.0
401705088,2025-01-09,Phoenix Suns,Atlanta Hawks,123.0,115.0,2025,8.0,238.0
401705089,2025-01-09,Utah Jazz,Miami Heat,92.0,97.0,2025,-5.0,189.0
401705086,2025-01-09,Memphis Grizzlies,Houston Rockets,115.0,119.0,2025,-4.0,234.0
401705087,2025-01-09,Dallas Mavericks,Portland Trail Blazers,117.0,111.0,2025,6.0,228.0
401705083,2025-01-09,Cleveland Cavaliers,Toronto Raptors,132.0,126.0,2025,6.0,258.0
401705084,2025-01-09,Detroit Pistons,Golden State Warriors,104.0,107.0,2025,-3.0,211.0
401705085,2025-01-09,Orlando Magic,Minnesota Timberwolves,89.0,104.0,2025,-15.0,193.0
401705082,2025-01-08,Milwaukee Bucks,San Antonio Spurs,121.0,105.0,2025,16.0,226.0
401705081,2025-01-08,Denver Nuggets,LA Clippers,126.0,103.0,2025,23.0,229.0
401705080,2025-01-08,New Orleans Pelicans,Portland Trail Blazers,100.0,119.0,2025,-19.0,219.0
401705077,2025-01-08,New York Knicks,Toronto Raptors,112.0,98.0,2025,14.0,210.0
401705079,2025-01-08,Brooklyn Nets,Detroit Pistons,98.0,113.0,2025,-15.0,211.0
401705075,2025-01-08,Cleveland Cavaliers,Oklahoma City Thunder,129.0,122.0,2025,7.0,251.0
401705076,2025-01-08,Indiana Pacers,Chicago Bulls,129.0,113.0,2025,16.0,242.0
401705078,2025-01-08,Philadelphia 76ers,Washington Wizards,109.0,103.0,2025,6.0,212.0
401705073,2025-01-07,Denver Nuggets,Boston Celtics,106.0,118.0,2025,-12.0,224.0
401705074,2025-01-07,Golden State Warriors,Miami Heat,98.0,114.0,2025,-16.0,212.0
401705072,2025-01-07,Utah Jazz,Atlanta Hawks,121.0,124.0,2025,-3.0,245.0
401705071,2025-01-07,New Orleans Pelicans,Minnesota Timberwolves,97.0,104.0,2025,-7.0,201.0
401705070,2025-01-07,Dallas Mavericks,Los Angeles Lakers,118.0,97.0,2025,21.0,215.0
401705068,2025-01-07,Charlotte Hornets,Phoenix Suns,115.0,104.0,2025,11.0,219.0
401705069,2025-01-07,Washington Wizards,Houston Rockets,112.0,135.0,2025,-23.0,247.0
401705067,2025-01-06,Sacramento Kings,Miami Heat,123.0,118.0,2025,5.0,241.0
401705064,2025-01-06,Chicago Bulls,San Antonio Spurs,114.0,110.0,2025,4.0,224.0
401705065,2025-01-06,Memphis Grizzlies,Dallas Mavericks,119.0,104.0,2025,15.0,223.0
401705066,2025-01-06,Minnesota Timberwolves,LA Clippers,108.0,106.0,2025,2.0,214.0
401705061,2025-01-06,Brooklyn Nets,Indiana Pacers,99.0,113.0,2025,-14.0,212.0
401705062,2025-01-06,New York Knicks,Orlando Magic,94.0,103.0,2025,-9.0,197.0
401705063,2025-01-06,Toronto Raptors,Milwaukee Bucks,104.0,128.0,2025,-24.0,232.0
401705059,2025-01-06,Detroit Pistons,Portland Trail Blazers,118.0,115.0,2025,3.0,233.0
401705060,2025-01-06,Philadelphia 76ers,Phoenix Suns,99.0,109.0,2025,-10.0,208.0
401705058,2025-01-05,Golden State Warriors,Sacramento Kings,99.0,129.0,2025,-30.0,228.0
401705057,2025-01-05,Houston Rockets,Los Angeles Lakers,119.0,115.0,2025,4.0,234.0
401705056,2025-01-05,Orlando Magic,Utah Jazz,92.0,105.0,2025,-13.0,197.0
401705054,2025-01-05,Cleveland Cavaliers,Charlotte Hornets,115.0,105.0,2025,10.0,220.0
401705055,2025-01-05,Washington Wizards,New Orleans Pelicans,98.0,110.0,2025,-12.0,208.0
401705053,2025-01-05,Oklahoma City Thunder,Boston Celtics,105.0,92.0,2025,13.0,197.0
401705052,2025-01-04,LA Clippers,Atlanta Hawks,131.0,105.0,2025,26.0,236.0
401705051,2025-01-04,Golden State Warriors,Memphis Grizzlies,121.0,113.0,2025,8.0,234.0
401705047,2025-01-04,Miami Heat,Utah Jazz,100.0,136.0,2025,-36.0,236.0
401705048,2025-01-04,Chicago Bulls,New York Knicks,139.0,126.0,2025,13.0,265.0
401705049,2025-01-04,Milwaukee Bucks,Portland Trail Blazers,102.0,105.0,2025,-3.0,207.0
401705050,2025-01-04,San Antonio Spurs,Denver Nuggets,111.0,122.0,2025,-11.0,233.0
401705045,2025-01-04,Detroit Pistons,Minnesota Timberwolves,119.0,105.0,2025,14.0,224.0
401705046,2025-01-04,Indiana Pacers,Phoenix Suns,126.0,108.0,2025,18.0,234.0
401705044,2025-01-04,Brooklyn Nets,Philadelphia 76ers,94.0,123.0,2025,-29.0,217.0
401705043,2025-01-03,Los Angeles Lakers,Atlanta Hawks,119.0,102.0,2025,17.0,221.0
401705042,2025-01-03,Sacramento Kings,Memphis Grizzlies,138.0,133.0,2025,5.0,271.0
401705041,2025-01-03,Denver Nuggets,San Antonio Spurs,110.0,113.0,2025,-3.0,223.0
401705040,2025-01-03,Dallas Mavericks,Cleveland Cavaliers,122.0,134.0,2025,-12.0,256.0
401705037,2025-01-03,Houston Rockets,Boston Celtics,86.0,109.0,2025,-23.0,195.0
401705038,2025-01-03,New Orleans Pelicans,Washington Wizards,132.0,120.0,2025,12.0,252.0
401705039,2025-01-03,Oklahoma City Thunder,New York Knicks,117.0,107.0,2025,10.0,224.0
401705036,2025-01-03,Toronto Raptors,Orlando Magic,97.0,106.0,2025,-9.0,203.0
401705035,2025-01-03,Detroit Pistons,Charlotte Hornets,98.0,94.0,2025,4.0,192.0
401705034,2025-01-02,Los Angeles Lakers,Portland Trail Blazers,114.0,106.0,2025,8.0,220.0
401705033,2025-01-02,Golden State Warriors,Philadelphia 76ers,139.0,105.0,2025,34.0,244.0
401705031,2025-01-02,Milwaukee Bucks,Brooklyn Nets,110.0,113.0,2025,-3.0,223.0
401705032,2025-01-02,Oklahoma City Thunder,LA Clippers,116.0,98.0,2025,18.0,214.0
401705029,2025-01-02,Miami Heat,Indiana Pacers,115.0,128.0,2025,-13.0,243.0
401705030,2025-01-02,Minnesota Timberwolves,Boston Celtics,115.0,118.0,2025,-3.0,233.0
401705028,2025-01-01,Sacramento Kings,Philadelphia 76ers,113.0,107.0,2025,6.0,220.0
401705027,2025-01-01,Denver Nuggets,Atlanta Hawks,139.0,120.0,2025,19.0,259.0
401705026,2025-01-01,Houston Rockets,Dallas Mavericks,110.0,99.0,2025,11.0,209.0
401705023,2025-01-01,Miami Heat,New Orleans Pelicans,119.0,108.0,2025,11.0,227.0
401705024,2025-01-01,New York Knicks,Utah Jazz,119.0,103.0,2025,16.0,222.0
401705025,2025-01-01,Toronto Raptors,Brooklyn Nets,130.0,113.0,2025,17.0,243.0
401705021,2025-01-01,Detroit Pistons,Orlando Magic,105.0,96.0,2025,9.0,201.0
401705022,2025-01-01,Washington Wizards,Chicago Bulls,125.0,107.0,2025,18.0,232.0
401705019,2024-12-31,Phoenix Suns,Memphis Grizzlies,112.0,117.0,2025,-5.0,229.0
401705020,2024-12-31,Los Angeles Lakers,Cleveland Cavaliers,110.0,122.0,2025,-12.0,232.0
401705018,2024-12-31,Oklahoma City Thunder,Minnesota Timberwolves,113.0,105.0,2025,8.0,218.0
401705017,2024-12-31,San Antonio Spurs,LA Clippers,122.0,86.0,2025,36.0,208.0
401705015,2024-12-31,Boston Celtics,Toronto Raptors,125.0,71.0,2025,54.0,196.0
401705016,2024-12-31,Indiana Pacers,Milwaukee Bucks,112.0,120.0,2025,-8.0,232.0
401705012,2024-12-30,Golden State Warriors,Cleveland Cavaliers,95.0,113.0,2025,-18.0,208.0
401705013,2024-12-30,Portland Trail Blazers,Philadelphia 76ers,103.0,125.0,2025,-22.0,228.0
401705014,2024-12-30,Sacramento Kings,Dallas Mavericks,110.0,100.0,2025,10.0,210.0
401705011,2024-12-30,Utah Jazz,Denver Nuggets,121.0,132.0,2025,-11.0,253.0
401705010,2024-12-30,New Orleans Pelicans,LA Clippers,113.0,116.0,2025,-3.0,229.0
401705008,2024-12-30,Charlotte Hornets,Chicago Bulls,108.0,115.0,2025,-7.0,223.0
401705009,2024-12-30,Washington Wizards,New York Knicks,106.0,126.0,2025,-20.0,232.0
401705007,2024-12-29,Minnesota Timberwolves,San Antonio Spurs,112.0,110.0,2025,2.0,222.0
401705005,2024-12-29,Houston Rockets,Miami Heat,100.0,104.0,2025,-4.0,204.0
401705006,2024-12-29,Oklahoma City Thunder,Memphis Grizzlies,130.0,106.0,2025,24.0,236.0
401705003,2024-12-29,Boston Celtics,Indiana Pacers,114.0,123.0,2025,-9.0,237.0
401705004,2024-12-29,Toronto Raptors,Atlanta Hawks,107.0,136.0,2025,-29.0,243.0
401705002,2024-12-29,Orlando Magic,Brooklyn Nets,102.0,101.0,2025,1.0,203.0
401705001,2024-12-28,Los Angeles Lakers,Sacramento Kings,132.0,122.0,2025,10.0,254.0
401705000,2024-12-28,Portland Trail Blazers,Dallas Mavericks,126.0,122.0,2025,4.0,248.0
401704999,2024-12-28,Utah Jazz,Philadelphia 76ers,111.0,114.0,2025,-3.0,225.0
401704998,2024-12-28,Denver Nuggets,Detroit Pistons,134.0,121.0,2025,13.0,255.0
401704997,2024-12-28,Golden State Warriors,Phoenix Suns,109.0,105.0,2025,4.0,214.0
401704996,2024-12-28,Chicago Bulls,Milwaukee Bucks,116.0,111.0,2025,5.0,227.0
401704995,2024-12-28,Washington Wizards,New York Knicks,132.0,136.0,2025,-4.0,268.0
401704994,2024-12-28,Charlotte Hornets,Oklahoma City Thunder,94.0,106.0,2025,-12.0,200.0
401704993,2024-12-28,Atlanta Hawks,Miami Heat,120.0,110.0,2025,10.0,230.0
401704992,2024-12-27,LA Clippers,Golden State Warriors,102.0,92.0,2025,10.0,194.0
401704990,2024-12-27,Denver Nuggets,Cleveland Cavaliers,135.0,149.0,2025,-14.0,284.0
401704991,2024-12-27,Phoenix Suns,Dallas Mavericks,89.0,98.0,2025,-9.0,187.0
401704988,2024-12-27,Houston Rockets,Minnesota Timberwolves,112.0,113.0,2025,-1.0,225.0
401704989,2024-12-27,New Orleans Pelicans,Memphis Grizzlies,124.0,132.0,2025,-8.0,256.0
401704986,2024-12-27,Boston Celtics,Indiana Pacers,142.0,105.0,2025,37.0,247.0
401704987,2024-12-27,Brooklyn Nets,San Antonio Spurs,87.0,96.0,2025,-9.0,183.0
401704985,2024-12-27,Orlando Magic,New York Knicks,85.0,108.0,2025,-23.0,193.0
401704983,2024-12-26,Portland Trail Blazers,Utah Jazz,122.0,120.0,2025,2.0,242.0
401704984,2024-12-26,Sacramento Kings,Detroit Pistons,113.0,114.0,2025,-1.0,227.0
401704980,2024-12-26,Memphis Grizzlies,Toronto Raptors,155.0,126.0,2025,29.0,281.0
401704981,2024-12-26,Milwaukee Bucks,Brooklyn Nets,105.0,111.0,2025,-6.0,216.0
401704982,2024-12-26,New Orleans Pelicans,Houston Rockets,111.0,128.0,2025,-17.0,239.0
401704979,2024-12-26,Atlanta Hawks,Chicago Bulls,141.0,133.0,2025,8.0,274.0
401704976,2024-12-26,Indiana Pacers,Oklahoma City Thunder,114.0,120.0,2025,-6.0,234.0
401704977,2024-12-26,Orlando Magic,Miami Heat,88.0,89.0,2025,-1.0,177.0
401704978,2024-12-26,Washington Wizards,Charlotte Hornets,113.0,110.0,2025,3.0,223.0
401704975,2024-12-25,Phoenix Suns,Denver Nuggets,110.0,100.0,2025,10.0,210.0
401704974,2024-12-25,Golden State Warriors,Los Angeles Lakers,113.0,115.0,2025,-2.0,228.0
401704973,2024-12-25,Boston Celtics,Philadelphia 76ers,114.0,118.0,2025,-4.0,232.0
401704972,2024-12-25,Dallas Mavericks,Minnesota Timberwolves,99.0,105.0,2025,-6.0,204.0
401704971,2024-12-25,New York Knicks,San Antonio Spurs,117.0,114.0,2025,3.0,231.0
401704970,2024-12-23,Los Angeles Lakers,Detroit Pistons,114.0,117.0,2025,-3.0,231.0
401704968,2024-12-23,Denver Nuggets,Phoenix Suns,117.0,90.0,2025,27.0,207.0
401704969,2024-12-23,Golden State Warriors,Indiana Pacers,105.0,111.0,2025,-6.0,216.0
401704967,2024-12-23,Dallas Mavericks,Portland Trail Blazers,132.0,108.0,2025,24.0,240.0
401704964,2024-12-23,Chicago Bulls,Milwaukee Bucks,91.0,112.0,2025,-21.0,203.0
401704965,2024-12-23,Memphis Grizzlies,LA Clippers,110.0,114.0,2025,-4.0,224.0
401704966,2024-12-23,Oklahoma City Thunder,Washington Wizards,123.0,105.0,2025,18.0,228.0
401704961,2024-12-23,Atlanta Hawks,Minnesota Timberwolves,117.0,104.0,2025,13.0,221.0
401704962,2024-12-23,Miami Heat,Brooklyn Nets,110.0,95.0,2025,15.0,205.0
401704963,2024-12-23,New York Knicks,Toronto Raptors,139.0,125.0,2025,14.0,264.0
401704957,2024-12-23,Charlotte Hornets,Houston Rockets,101.0,114.0,2025,-13.0,215.0
401704958,2024-12-23,Cleveland Cavaliers,Utah Jazz,124.0,113.0,2025,11.0,237.0
401704959,2024-12-23,Orlando Magic,Boston Celtics,108.0,104.0,2025,4.0,212.0
401704960,2024-12-23,Philadelphia 76ers,San Antonio Spurs,111.0,106.0,2025,5.0,217.0
401704956,2024-12-22,New Orleans Pelicans,Denver Nuggets,129.0,132.0,2025,-3.0,261.0
401704954,2024-12-22,Toronto Raptors,Houston Rockets,110.0,114.0,2025,-4.0,224.0
401704955,2024-12-22,Sacramento Kings,Indiana Pacers,95.0,122.0,2025,-27.0,217.0
401704953,2024-12-21,Phoenix Suns,Detroit Pistons,125.0,133.0,2025,-8.0,258.0
401704951,2024-12-21,Dallas Mavericks,LA Clippers,113.0,97.0,2025,16.0,210.0
401704952,2024-12-21,San Antonio Spurs,Portland Trail Blazers,114.0,94.0,2025,20.0,208.0
401704946,2024-12-21,Cleveland Cavaliers,Philadelphia 76ers,126.0,99.0,2025,27.0,225.0
401704947,2024-12-21,Chicago Bulls,Boston Celtics,98.0,123.0,2025,-25.0,221.0
401704948,2024-12-21,Milwaukee Bucks,Washington Wizards,112.0,101.0,2025,11.0,213.0
401704949,2024-12-21,Minnesota Timberwolves,Golden State Warriors,103.0,113.0,2025,-10.0,216.0
401704950,2024-12-21,New Orleans Pelicans,New York Knicks,93.0,104.0,2025,-11.0,197.0
401704944,2024-12-21,Atlanta Hawks,Memphis Grizzlies,112.0,128.0,2025,-16.0,240.0
401704945,2024-12-21,Brooklyn Nets,Utah Jazz,94.0,105.0,2025,-11.0,199.0
401704943,2024-12-21,Orlando Magic,Miami Heat,121.0,114.0,2025,7.0,235.0
401704942,2024-12-21,Sacramento Kings,Los Angeles Lakers,99.0,103.0,2025,-4.0,202.0
401704941,2024-12-20,Miami Heat,Oklahoma City Thunder,97.0,104.0,2025,-7.0,201.0
401704940,2024-12-20,Cleveland Cavaliers,Milwaukee Bucks,124.0,101.0,2025,23.0,225.0
401704939,2024-12-20,Philadelphia 76ers,Charlotte Hornets,108.0,98.0,2025,10.0,206.0
401704937,2024-12-19,Portland Trail Blazers,Denver Nuggets,126.0,124.0,2025,2.0,250.0
401704938,2024-12-19,Sacramento Kings,Los Angeles Lakers,100.0,113.0,2025,-13.0,213.0
401704933,2024-12-19,Minnesota Timberwolves,New York Knicks,107.0,133.0,2025,-26.0,240.0
401704935,2024-12-19,Phoenix Suns,Indiana Pacers,111.0,120.0,2025,-9.0,231.0
401704934,2024-12-19,Dallas Mavericks,LA Clippers,95.0,118.0,2025,-23.0,213.0
401704931,2024-12-19,Houston Rockets,New Orleans Pelicans,133.0,113.0,2025,20.0,246.0
401704932,2024-12-19,Memphis Grizzlies,Golden State Warriors,144.0,93.0,2025,51.0,237.0
401704936,2024-12-19,San Antonio Spurs,Atlanta Hawks,133.0,126.0,2025,7.0,259.0
401704929,2024-12-19,Boston Celtics,Chicago Bulls,108.0,117.0,2025,-9.0,225.0
401704930,2024-12-19,Toronto Raptors,Brooklyn Nets,94.0,101.0,2025,-7.0,195.0
401704926,2024-12-19,Detroit Pistons,Utah Jazz,119.0,126.0,2025,-7.0,245.0
401704927,2024-12-19,Orlando Magic,Oklahoma City Thunder,99.0,105.0,2025,-6.0,204.0
401704928,2024-12-19,Washington Wizards,Charlotte Hornets,123.0,114.0,2025,9.0,237.0
401734908,2024-12-17,Oklahoma City Thunder,Milwaukee Bucks,81.0,97.0,2025,-16.0,178.0
401736820,2024-12-16,LA Clippers,Utah Jazz,144.0,107.0,2025,37.0,251.0
401736819,2024-12-16,Sacramento Kings,Denver Nuggets,129.0,130.0,2025,-1.0,259.0
401736817,2024-12-16,Toronto Raptors,Chicago Bulls,121.0,122.0,2025,-1.0,243.0
401736818,2024-12-16,Brooklyn Nets,Cleveland Cavaliers,101.0,130.0,2025,-29.0,231.0
401736815,2024-12-16,Charlotte Hornets,Philadelphia 76ers,108.0,121.0,2025,-13.0,229.0
401736816,2024-12-16,Detroit Pistons,Miami Heat,125.0,124.0,2025,1.0,249.0
401736814,2024-12-15,Los Angeles Lakers,Memphis Grizzlies,116.0,110.0,2025,6.0,226.0
401737912,2024-12-15,Golden State Warriors,Dallas Mavericks,133.0,143.0,2025,-10.0,276.0
401736813,2024-12-15,Phoenix Suns,Portland Trail Blazers,116.0,109.0,2025,7.0,225.0
401736812,2024-12-15,San Antonio Spurs,Minnesota Timberwolves,92.0,106.0,2025,-14.0,198.0
401736811,2024-12-15,Washington Wizards,Boston Celtics,98.0,112.0,2025,-14.0,210.0
401737902,2024-12-15,Orlando Magic,New York Knicks,91.0,100.0,2025,-9.0,191.0
401736810,2024-12-15,Indiana Pacers,New Orleans Pelicans,119.0,104.0,2025,15.0,223.0
401734907,2024-12-14,Oklahoma City Thunder,Houston Rockets,111.0,96.0,2025,15.0,207.0
401734906,2024-12-14,Milwaukee Bucks,Atlanta Hawks,110.0,102.0,2025,8.0,212.0
401736809,2024-12-13,Portland Trail Blazers,San Antonio Spurs,116.0,118.0,2025,-2.0,234.0
401736808,2024-12-13,Utah Jazz,Phoenix Suns,126.0,134.0,2025,-8.0,260.0
401736807,2024-12-13,Denver Nuggets,LA Clippers,120.0,98.0,2025,22.0,218.0
401736804,2024-12-13,Minnesota Timberwolves,Los Angeles Lakers,97.0,87.0,2025,10.0,184.0
401736805,2024-12-13,Memphis Grizzlies,Brooklyn Nets,135.0,119.0,2025,16.0,254.0
401736806,2024-12-13,Chicago Bulls,Charlotte Hornets,109.0,95.0,2025,14.0,204.0
401736802,2024-12-13,Cleveland Cavaliers,Washington Wizards,115.0,105.0,2025,10.0,220.0
401736803,2024-12-13,Philadelphia 76ers,Indiana Pacers,107.0,121.0,2025,-14.0,228.0
401736801,2024-12-12,New Orleans Pelicans,Sacramento Kings,109.0,111.0,2025,-2.0,220.0
401736799,2024-12-12,Boston Celtics,Detroit Pistons,123.0,99.0,2025,24.0,222.0
401736800,2024-12-12,Miami Heat,Toronto Raptors,114.0,104.0,2025,10.0,218.0
401734905,2024-12-11,Houston Rockets,Golden State Warriors,91.0,90.0,2025,1.0,181.0
401734904,2024-12-11,New York Knicks,Atlanta Hawks,100.0,108.0,2025,-8.0,208.0
401734903,2024-12-10,Oklahoma City Thunder,Dallas Mavericks,118.0,104.0,2025,14.0,222.0
401734902,2024-12-10,Milwaukee Bucks,Orlando Magic,114.0,109.0,2025,5.0,223.0
401704925,2024-12-09,Toronto Raptors,New York Knicks,108.0,113.0,2025,-5.0,221.0
401704924,2024-12-08,Los Angeles Lakers,Portland Trail Blazers,107.0,98.0,2025,9.0,205.0
401704922,2024-12-08,LA Clippers,Houston Rockets,106.0,117.0,2025,-11.0,223.0
401704923,2024-12-08,Sacramento Kings,Utah Jazz,141.0,97.0,2025,44.0,238.0
401704921,2024-12-08,Golden State Warriors,Minnesota Timberwolves,114.0,106.0,2025,8.0,220.0
401704919,2024-12-08,Washington Wizards,Memphis Grizzlies,112.0,140.0,2025,-28.0,252.0
401704920,2024-12-08,San Antonio Spurs,New Orleans Pelicans,121.0,116.0,2025,5.0,237.0
401704918,2024-12-08,Orlando Magic,Phoenix Suns,115.0,110.0,2025,5.0,225.0
401704916,2024-12-08,Atlanta Hawks,Denver Nuggets,111.0,141.0,2025,-30.0,252.0
401704917,2024-12-08,Miami Heat,Cleveland Cavaliers,122.0,113.0,2025,9.0,235.0
401704915,2024-12-08,Indiana Pacers,Charlotte Hornets,109.0,113.0,2025,-4.0,222.0
401704914,2024-12-08,Brooklyn Nets,Milwaukee Bucks,113.0,118.0,2025,-5.0,231.0
401704913,2024-12-08,Chicago Bulls,Philadelphia 76ers,100.0,108.0,2025,-8.0,208.0
401704911,2024-12-07,Boston Celtics,Memphis Grizzlies,121.0,127.0,2025,-6.0,248.0
401704912,2024-12-07,Miami Heat,Phoenix Suns,121.0,111.0,2025,10.0,232.0
401704909,2024-12-07,New York Knicks,Detroit Pistons,111.0,120.0,2025,-9.0,231.0
401704910,2024-12-07,Toronto Raptors,Dallas Mavericks,118.0,125.0,2025,-7.0,243.0
401704907,2024-12-07,Washington Wizards,Denver Nuggets,122.0,113.0,2025,9.0,235.0
401704908,2024-12-07,New Orleans Pelicans,Oklahoma City Thunder,109.0,119.0,2025,-10.0,228.0
401704906,2024-12-07,Charlotte Hornets,Cleveland Cavaliers,102.0,116.0,2025,-14.0,218.0
401704904,2024-12-06,Golden State Warriors,Minnesota Timberwolves,90.0,107.0,2025,-17.0,197.0
401704905,2024-12-06,Portland Trail Blazers,Utah Jazz,99.0,141.0,2025,-42.0,240.0
401704902,2024-12-06,Chicago Bulls,Indiana Pacers,123.0,132.0,2025,-9.0,255.0
401704903,2024-12-06,San Antonio Spurs,Sacramento Kings,113.0,140.0,2025,-27.0,253.0
401704900,2024-12-06,Atlanta Hawks,Los Angeles Lakers,134.0,132.0,2025,2.0,266.0
401704901,2024-12-06,Boston Celtics,Milwaukee Bucks,111.0,105.0,2025,6.0,216.0
401704899,2024-12-06,Philadelphia 76ers,Orlando Magic,102.0,94.0,2025,8.0,196.0
401704898,2024-12-05,Golden State Warriors,Houston Rockets,99.0,93.0,2025,6.0,192.0
401704895,2024-12-05,Memphis Grizzlies,Sacramento Kings,115.0,110.0,2025,5.0,225.0
401704896,2024-12-05,New Orleans Pelicans,Phoenix Suns,126.0,124.0,2025,2.0,250.0
401704897,2024-12-05,San Antonio Spurs,Chicago Bulls,124.0,139.0,2025,-15.0,263.0
401704893,2024-12-05,New York Knicks,Charlotte Hornets,125.0,101.0,2025,24.0,226.0
401704894,2024-12-05,Toronto Raptors,Oklahoma City Thunder,92.0,129.0,2025,-37.0,221.0
401704891,2024-12-05,Cleveland Cavaliers,Denver Nuggets,126.0,114.0,2025,12.0,240.0
401704892,2024-12-05,Washington Wizards,Dallas Mavericks,101.0,137.0,2025,-36.0,238.0
401704890,2024-12-04,LA Clippers,Minnesota Timberwolves,80.0,108.0,2025,-28.0,188.0
401704889,2024-12-04,Milwaukee Bucks,Atlanta Hawks,104.0,119.0,2025,-15.0,223.0
401704885,2024-12-04,Boston Celtics,Detroit Pistons,130.0,120.0,2025,10.0,250.0
401704886,2024-12-04,Brooklyn Nets,Indiana Pacers,99.0,90.0,2025,9.0,189.0
401704887,2024-12-04,Miami Heat,Los Angeles Lakers,134.0,93.0,2025,41.0,227.0
401704888,2024-12-04,Philadelphia 76ers,Orlando Magic,102.0,106.0,2025,-4.0,208.0
401703429,2024-12-03,LA Clippers,Portland Trail Blazers,127.0,105.0,2025,22.0,232.0
401703427,2024-12-03,Denver Nuggets,Golden State Warriors,119.0,115.0,2025,4.0,234.0
401703428,2024-12-03,Sacramento Kings,Houston Rockets,120.0,111.0,2025,9.0,231.0
401703426,2024-12-03,Phoenix Suns,San Antonio Spurs,104.0,93.0,2025,11.0,197.0
401703425,2024-12-03,Dallas Mavericks,Memphis Grizzlies,121.0,116.0,2025,5.0,237.0
401703424,2024-12-03,Oklahoma City Thunder,Utah Jazz,133.0,106.0,2025,27.0,239.0
401703422,2024-12-03,New York Knicks,Orlando Magic,121.0,106.0,2025,15.0,227.0
401703423,2024-12-03,Toronto Raptors,Indiana Pacers,122.0,111.0,2025,11.0,233.0
401703419,2024-12-03,Charlotte Hornets,Philadelphia 76ers,104.0,110.0,2025,-6.0,214.0
401703420,2024-12-03,Cleveland Cavaliers,Washington Wizards,118.0,87.0,2025,31.0,205.0
401703421,2024-12-03,Detroit Pistons,Milwaukee Bucks,107.0,128.0,2025,-21.0,235.0
401704883,2024-12-02,Chicago Bulls,Brooklyn Nets,128.0,102.0,2025,26.0,230.0
401704884,2024-12-02,Minnesota Timberwolves,Los Angeles Lakers,109.0,80.0,2025,29.0,189.0
401704881,2024-12-02,Atlanta Hawks,New Orleans Pelicans,124.0,112.0,2025,12.0,236.0
401704882,2024-12-02,Boston Celtics,Miami Heat,108.0,89.0,2025,19.0,197.0
401704880,2024-12-01,LA Clippers,Denver Nuggets,126.0,122.0,2025,4.0,248.0
401704878,2024-12-01,Portland Trail Blazers,Dallas Mavericks,131.0,137.0,2025,-6.0,268.0
401704879,2024-12-01,Sacramento Kings,San Antonio Spurs,125.0,127.0,2025,-2.0,252.0
401704877,2024-12-01,Utah Jazz,Los Angeles Lakers,104.0,105.0,2025,-1.0,209.0
401704876,2024-12-01,Houston Rockets,Oklahoma City Thunder,119.0,116.0,2025,3.0,235.0
401704873,2024-12-01,Cleveland Cavaliers,Boston Celtics,115.0,111.0,2025,4.0,226.0
401704874,2024-12-01,New York Knicks,New Orleans Pelicans,118.0,85.0,2025,33.0,203.0
401704875,2024-12-01,Toronto Raptors,Miami Heat,119.0,116.0,2025,3.0,235.0
401704871,2024-12-01,Brooklyn Nets,Orlando Magic,92.0,100.0,2025,-8.0,192.0
401704872,2024-12-01,Memphis Grizzlies,Indiana Pacers,136.0,121.0,2025,15.0,257.0
401704870,2024-11-30,Utah Jazz,Dallas Mavericks,94.0,106.0,2025,-12.0,200.0
401704869,2024-11-30,Phoenix Suns,Golden State Warriors,113.0,105.0,2025,8.0,218.0
401704868,2024-11-30,Milwaukee Bucks,Washington Wizards,124.0,114.0,2025,10.0,238.0
401704867,2024-11-30,Detroit Pistons,Philadelphia 76ers,96.0,111.0,2025,-15.0,207.0
401704866,2024-11-30,Charlotte Hornets,Atlanta Hawks,104.0,107.0,2025,-3.0,211.0
401703417,2024-11-29,Los Angeles Lakers,Oklahoma City Thunder,93.0,101.0,2025,-8.0,194.0
401703418,2024-11-29,Portland Trail Blazers,Sacramento Kings,115.0,106.0,2025,9.0,221.0
401703414,2024-11-29,Indiana Pacers,Detroit Pistons,106.0,130.0,2025,-24.0,236.0
401703415,2024-11-29,Miami Heat,Toronto Raptors,121.0,111.0,2025,10.0,232.0
401703416,2024-11-29,Chicago Bulls,Boston Celtics,129.0,138.0,2025,-9.0,267.0
401703412,2024-11-29,Brooklyn Nets,Orlando Magic,100.0,123.0,2025,-23.0,223.0
401703413,2024-11-29,Minnesota Timberwolves,LA Clippers,93.0,92.0,2025,1.0,185.0
401703411,2024-11-29,Memphis Grizzlies,New Orleans Pelicans,120.0,109.0,2025,11.0,229.0
401703410,2024-11-29,Atlanta Hawks,Cleveland Cavaliers,117.0,101.0,2025,16.0,218.0
401703409,2024-11-29,Charlotte Hornets,New York Knicks,98.0,99.0,2025,-1.0,197.0
401704865,2024-11-27,Golden State Warriors,Oklahoma City Thunder,101.0,105.0,2025,-4.0,206.0
401704863,2024-11-27,Phoenix Suns,Brooklyn Nets,117.0,127.0,2025,-10.0,244.0
401704864,2024-11-27,Utah Jazz,Denver Nuggets,103.0,122.0,2025,-19.0,225.0
401704862,2024-11-27,San Antonio Spurs,Los Angeles Lakers,101.0,119.0,2025,-18.0,220.0
401704859,2024-11-27,Memphis Grizzlies,Detroit Pistons,131.0,111.0,2025,20.0,242.0
401704860,2024-11-27,Minnesota Timberwolves,Sacramento Kings,104.0,115.0,2025,-11.0,219.0
401704861,2024-11-27,New Orleans Pelicans,Toronto Raptors,93.0,119.0,2025,-26.0,212.0
401704858,2024-11-27,Dallas Mavericks,New York Knicks,129.0,114.0,2025,15.0,243.0
401704852,2024-11-27,Charlotte Hornets,Miami Heat,94.0,98.0,2025,-4.0,192.0
401704853,2024-11-27,Cleveland Cavaliers,Atlanta Hawks,124.0,135.0,2025,-11.0,259.0
401704854,2024-11-27,Indiana Pacers,Portland Trail Blazers,121.0,114.0,2025,7.0,235.0
401704855,2024-11-27,Orlando Magic,Chicago Bulls,133.0,119.0,2025,14.0,252.0
401704856,2024-11-27,Philadelphia 76ers,Houston Rockets,115.0,122.0,2025,-7.0,237.0
401704857,2024-11-27,Washington Wizards,LA Clippers,96.0,121.0,2025,-25.0,217.0
401703408,2024-11-26,Phoenix Suns,Los Angeles Lakers,127.0,100.0,2025,27.0,227.0
401703407,2024-11-26,Utah Jazz,San Antonio Spurs,115.0,128.0,2025,-13.0,243.0
401703406,2024-11-26,Minnesota Timberwolves,Houston Rockets,111.0,117.0,2025,-6.0,228.0
401703405,2024-11-26,Miami Heat,Milwaukee Bucks,103.0,106.0,2025,-3.0,209.0
401703404,2024-11-26,Washington Wizards,Chicago Bulls,108.0,127.0,2025,-19.0,235.0
401704850,2024-11-25,Golden State Warriors,Brooklyn Nets,120.0,128.0,2025,-8.0,248.0
401704851,2024-11-25,Sacramento Kings,Oklahoma City Thunder,109.0,130.0,2025,-21.0,239.0
401704849,2024-11-25,Denver Nuggets,New York Knicks,118.0,145.0,2025,-27.0,263.0
401704848,2024-11-25,Memphis Grizzlies,Portland Trail Blazers,123.0,98.0,2025,25.0,221.0
401704846,2024-11-25,Atlanta Hawks,Dallas Mavericks,119.0,129.0,2025,-10.0,248.0
401704847,2024-11-25,Boston Celtics,LA Clippers,126.0,94.0,2025,32.0,220.0
401704843,2024-11-25,Charlotte Hornets,Orlando Magic,84.0,95.0,2025,-11.0,179.0
401704844,2024-11-25,Detroit Pistons,Toronto Raptors,102.0,100.0,2025,2.0,202.0
401704845,2024-11-25,Indiana Pacers,New Orleans Pelicans,114.0,110.0,2025,4.0,224.0
401704842,2024-11-24,Sacramento Kings,Brooklyn Nets,103.0,108.0,2025,-5.0,211.0
401704841,2024-11-24,Cleveland Cavaliers,Toronto Raptors,122.0,108.0,2025,14.0,230.0
401704839,2024-11-24,Miami Heat,Dallas Mavericks,123.0,118.0,2025,5.0,241.0
401704840,2024-11-24,Philadelphia 76ers,LA Clippers,99.0,125.0,2025,-26.0,224.0
401704838,2024-11-24,Indiana Pacers,Washington Wizards,115.0,103.0,2025,12.0,218.0
401704837,2024-11-24,Boston Celtics,Minnesota Timberwolves,107.0,105.0,2025,2.0,212.0
401704836,2024-11-23,Los Angeles Lakers,Denver Nuggets,102.0,127.0,2025,-25.0,229.0
401704835,2024-11-23,San Antonio Spurs,Golden State Warriors,104.0,94.0,2025,10.0,198.0
401704832,2024-11-23,Chicago Bulls,Memphis Grizzlies,131.0,142.0,2025,-11.0,273.0
401704833,2024-11-23,Houston Rockets,Portland Trail Blazers,98.0,104.0,2025,-6.0,202.0
401704834,2024-11-23,Milwaukee Bucks,Charlotte Hornets,125.0,119.0,2025,6.0,244.0
401704831,2024-11-23,Orlando Magic,Detroit Pistons,111.0,100.0,2025,11.0,211.0
401704830,2024-11-23,Utah Jazz,New York Knicks,121.0,106.0,2025,15.0,227.0
401703403,2024-11-22,LA Clippers,Sacramento Kings,104.0,88.0,2025,16.0,192.0
401703402,2024-11-22,Denver Nuggets,Dallas Mavericks,120.0,123.0,2025,-3.0,243.0
401703398,2024-11-22,Milwaukee Bucks,Indiana Pacers,129.0,117.0,2025,12.0,246.0
401703399,2024-11-22,Chicago Bulls,Atlanta Hawks,136.0,122.0,2025,14.0,258.0
401703400,2024-11-22,Houston Rockets,Portland Trail Blazers,116.0,88.0,2025,28.0,204.0
401703401,2024-11-22,New Orleans Pelicans,Golden State Warriors,108.0,112.0,2025,-4.0,220.0
401703396,2024-11-22,Philadelphia 76ers,Brooklyn Nets,113.0,98.0,2025,15.0,211.0
401703397,2024-11-22,Washington Wizards,Boston Celtics,96.0,108.0,2025,-12.0,204.0
401704829,2024-11-21,Los Angeles Lakers,Orlando Magic,118.0,119.0,2025,-1.0,237.0
401704828,2024-11-21,San Antonio Spurs,Utah Jazz,126.0,118.0,2025,8.0,244.0
401704827,2024-11-21,Toronto Raptors,Minnesota Timberwolves,110.0,105.0,2025,5.0,215.0
401704826,2024-11-21,Charlotte Hornets,Detroit Pistons,123.0,121.0,2025,2.0,244.0
401704825,2024-11-20,LA Clippers,Orlando Magic,104.0,93.0,2025,11.0,197.0
401704823,2024-11-20,Phoenix Suns,New York Knicks,122.0,138.0,2025,-16.0,260.0
401704824,2024-11-20,Golden State Warriors,Atlanta Hawks,120.0,97.0,2025,23.0,217.0
401704820,2024-11-20,Houston Rockets,Indiana Pacers,130.0,113.0,2025,17.0,243.0
401704821,2024-11-20,Memphis Grizzlies,Philadelphia 76ers,117.0,111.0,2025,6.0,228.0
401704822,2024-11-20,Oklahoma City Thunder,Portland Trail Blazers,109.0,99.0,2025,10.0,208.0
401704818,2024-11-20,Cleveland Cavaliers,New Orleans Pelicans,128.0,100.0,2025,28.0,228.0
401704819,2024-11-20,Milwaukee Bucks,Chicago Bulls,122.0,106.0,2025,16.0,228.0
401703395,2024-11-19,Los Angeles Lakers,Utah Jazz,124.0,118.0,2025,6.0,242.0
401703394,2024-11-19,San Antonio Spurs,Oklahoma City Thunder,110.0,104.0,2025,6.0,214.0
401703393,2024-11-19,Dallas Mavericks,New Orleans Pelicans,132.0,91.0,2025,41.0,223.0
401703392,2024-11-19,Memphis Grizzlies,Denver Nuggets,110.0,122.0,2025,-12.0,232.0
401703391,2024-11-19,Brooklyn Nets,Charlotte Hornets,116.0,115.0,2025,1.0,231.0
401703390,2024-11-19,Boston Celtics,Cleveland Cavaliers,120.0,117.0,2025,3.0,237.0
401704817,2024-11-18,LA Clippers,Golden State Warriors,102.0,99.0,2025,3.0,201.0
401704816,2024-11-18,Sacramento Kings,Atlanta Hawks,108.0,109.0,2025,-1.0,217.0
401704815,2024-11-18,Phoenix Suns,Orlando Magic,99.0,109.0,2025,-10.0,208.0
401704814,2024-11-18,Milwaukee Bucks,Houston Rockets,101.0,100.0,2025,1.0,201.0
401704811,2024-11-18,Miami Heat,Philadelphia 76ers,106.0,89.0,2025,17.0,195.0
401704812,2024-11-18,New York Knicks,Washington Wizards,134.0,106.0,2025,28.0,240.0
401704813,2024-11-18,Toronto Raptors,Indiana Pacers,130.0,119.0,2025,11.0,249.0
401704810,2024-11-18,Detroit Pistons,Chicago Bulls,112.0,122.0,2025,-10.0,234.0
401704809,2024-11-17,LA Clippers,Utah Jazz,116.0,105.0,2025,11.0,221.0
401704806,2024-11-17,New York Knicks,Brooklyn Nets,114.0,104.0,2025,10.0,218.0
401704807,2024-11-17,Chicago Bulls,Houston Rockets,107.0,143.0,2025,-36.0,250.0
401704808,2024-11-17,Oklahoma City Thunder,Dallas Mavericks,119.0,121.0,2025,-2.0,240.0
401704802,2024-11-17,Cleveland Cavaliers,Charlotte Hornets,128.0,114.0,2025,14.0,242.0
401704803,2024-11-17,Washington Wizards,Detroit Pistons,104.0,124.0,2025,-20.0,228.0
401704804,2024-11-17,Memphis Grizzlies,Denver Nuggets,105.0,90.0,2025,15.0,195.0
401704805,2024-11-17,Portland Trail Blazers,Atlanta Hawks,114.0,110.0,2025,4.0,224.0
401704801,2024-11-17,Indiana Pacers,Miami Heat,119.0,110.0,2025,9.0,229.0
401704800,2024-11-17,Minnesota Timberwolves,Phoenix Suns,120.0,117.0,2025,3.0,237.0
401704799,2024-11-16,Sacramento Kings,Utah Jazz,121.0,117.0,2025,4.0,238.0
401704798,2024-11-16,Dallas Mavericks,San Antonio Spurs,110.0,93.0,2025,17.0,203.0
401704796,2024-11-16,Boston Celtics,Toronto Raptors,126.0,123.0,2025,3.0,249.0
401704797,2024-11-16,New Orleans Pelicans,Los Angeles Lakers,99.0,104.0,2025,-5.0,203.0
401704795,2024-11-16,Charlotte Hornets,Milwaukee Bucks,115.0,114.0,2025,1.0,229.0
401703388,2024-11-15,Golden State Warriors,Memphis Grizzlies,123.0,118.0,2025,5.0,241.0
401703389,2024-11-15,Sacramento Kings,Minnesota Timberwolves,126.0,130.0,2025,-4.0,256.0
401703385,2024-11-15,Houston Rockets,LA Clippers,125.0,104.0,2025,21.0,229.0
401703386,2024-11-15,New Orleans Pelicans,Denver Nuggets,101.0,94.0,2025,7.0,195.0
401703387,2024-11-15,Oklahoma City Thunder,Phoenix Suns,99.0,83.0,2025,16.0,182.0
401703381,2024-11-15,Atlanta Hawks,Washington Wizards,129.0,117.0,2025,12.0,246.0
401703382,2024-11-15,Cleveland Cavaliers,Chicago Bulls,144.0,126.0,2025,18.0,270.0
401703383,2024-11-15,New York Knicks,Brooklyn Nets,124.0,122.0,2025,2.0,246.0
401703384,2024-11-15,San Antonio Spurs,Los Angeles Lakers,115.0,120.0,2025,-5.0,235.0
401703378,2024-11-15,Indiana Pacers,Miami Heat,111.0,124.0,2025,-13.0,235.0
401703379,2024-11-15,Orlando Magic,Philadelphia 76ers,98.0,86.0,2025,12.0,184.0
401703380,2024-11-15,Toronto Raptors,Detroit Pistons,95.0,99.0,2025,-4.0,194.0
401704794,2024-11-14,Utah Jazz,Dallas Mavericks,115.0,113.0,2025,2.0,228.0
401704791,2024-11-13,Los Angeles Lakers,Memphis Grizzlies,128.0,123.0,2025,5.0,251.0
401704792,2024-11-13,Portland Trail Blazers,Minnesota Timberwolves,106.0,98.0,2025,8.0,204.0
401704793,2024-11-13,Sacramento Kings,Phoenix Suns,127.0,104.0,2025,23.0,231.0
401704788,2024-11-13,Houston Rockets,LA Clippers,111.0,103.0,2025,8.0,214.0
401704789,2024-11-13,Milwaukee Bucks,Detroit Pistons,127.0,120.0,2025,7.0,247.0
401704790,2024-11-13,San Antonio Spurs,Washington Wizards,139.0,130.0,2025,9.0,269.0
401704784,2024-11-13,Brooklyn Nets,Boston Celtics,114.0,139.0,2025,-25.0,253.0
401704785,2024-11-13,New York Knicks,Chicago Bulls,123.0,124.0,2025,-1.0,247.0
401704786,2024-11-13,Philadelphia 76ers,Cleveland Cavaliers,106.0,114.0,2025,-8.0,220.0
401704787,2024-11-13,Oklahoma City Thunder,New Orleans Pelicans,106.0,88.0,2025,18.0,194.0
401704783,2024-11-13,Orlando Magic,Indiana Pacers,94.0,90.0,2025,4.0,184.0
401703376,2024-11-12,Golden State Warriors,Dallas Mavericks,120.0,117.0,2025,3.0,237.0
401703377,2024-11-12,Portland Trail Blazers,Minnesota Timberwolves,122.0,108.0,2025,14.0,230.0
401703375,2024-11-12,Utah Jazz,Phoenix Suns,112.0,120.0,2025,-8.0,232.0
401703374,2024-11-12,Milwaukee Bucks,Toronto Raptors,99.0,85.0,2025,14.0,184.0
401703373,2024-11-12,Philadelphia 76ers,New York Knicks,99.0,111.0,2025,-12.0,210.0
401703370,2024-11-12,Boston Celtics,Atlanta Hawks,116.0,117.0,2025,-1.0,233.0
401703371,2024-11-12,Detroit Pistons,Miami Heat,123.0,121.0,2025,2.0,244.0
401703372,2024-11-12,Orlando Magic,Charlotte Hornets,114.0,89.0,2025,25.0,203.0
401704778,2024-11-11,Chicago Bulls,Cleveland Cavaliers,113.0,119.0,2025,-6.0,232.0
401704779,2024-11-11,Houston Rockets,Washington Wizards,107.0,92.0,2025,15.0,199.0
401704780,2024-11-11,New Orleans Pelicans,Brooklyn Nets,105.0,107.0,2025,-2.0,212.0
401704781,2024-11-11,Oklahoma City Thunder,LA Clippers,134.0,128.0,2025,6.0,262.0
401704782,2024-11-11,San Antonio Spurs,Sacramento Kings,116.0,96.0,2025,20.0,212.0
401704777,2024-11-10,Los Angeles Lakers,Toronto Raptors,123.0,103.0,2025,20.0,226.0
401704776,2024-11-10,Portland Trail Blazers,Memphis Grizzlies,89.0,134.0,2025,-45.0,223.0
401704774,2024-11-10,Denver Nuggets,Dallas Mavericks,122.0,120.0,2025,2.0,242.0
401704775,2024-11-10,Phoenix Suns,Sacramento Kings,118.0,127.0,2025,-9.0,245.0
401704771,2024-11-10,Philadelphia 76ers,Charlotte Hornets,107.0,105.0,2025,2.0,212.0
401704772,2024-11-10,Minnesota Timberwolves,Miami Heat,94.0,95.0,2025,-1.0,189.0
401704773,2024-11-10,Oklahoma City Thunder,Golden State Warriors,116.0,127.0,2025,-11.0,243.0
401704770,2024-11-10,Orlando Magic,Washington Wizards,121.0,94.0,2025,27.0,215.0
401704769,2024-11-10,Indiana Pacers,New York Knicks,132.0,121.0,2025,11.0,253.0
401704768,2024-11-10,Milwaukee Bucks,Boston Celtics,107.0,113.0,2025,-6.0,220.0
401704767,2024-11-10,Detroit Pistons,Houston Rockets,99.0,101.0,2025,-2.0,200.0
401704766,2024-11-09,LA Clippers,Toronto Raptors,105.0,103.0,2025,2.0,208.0
401704764,2024-11-09,Atlanta Hawks,Chicago Bulls,113.0,125.0,2025,-12.0,238.0
401704765,2024-11-09,Cleveland Cavaliers,Brooklyn Nets,105.0,100.0,2025,5.0,205.0
401704763,2024-11-09,San Antonio Spurs,Utah Jazz,110.0,111.0,2025,-1.0,221.0
401704761,2024-11-08,Los Angeles Lakers,Philadelphia 76ers,116.0,106.0,2025,10.0,222.0
401704762,2024-11-08,Sacramento Kings,LA Clippers,98.0,107.0,2025,-9.0,205.0
401704759,2024-11-08,Minnesota Timberwolves,Portland Trail Blazers,127.0,102.0,2025,25.0,229.0
401704760,2024-11-08,Denver Nuggets,Miami Heat,135.0,122.0,2025,13.0,257.0
401704757,2024-11-08,Memphis Grizzlies,Washington Wizards,128.0,104.0,2025,24.0,232.0
401704758,2024-11-08,Oklahoma City Thunder,Houston Rockets,126.0,107.0,2025,19.0,233.0
401704753,2024-11-08,Boston Celtics,Brooklyn Nets,108.0,104.0,2025,4.0,212.0
401704754,2024-11-08,Cleveland Cavaliers,Golden State Warriors,136.0,117.0,2025,19.0,253.0
401704755,2024-11-08,New York Knicks,Milwaukee Bucks,116.0,94.0,2025,22.0,210.0
401704756,2024-11-08,Dallas Mavericks,Phoenix Suns,113.0,114.0,2025,-1.0,227.0
401704750,2024-11-08,Charlotte Hornets,Indiana Pacers,103.0,83.0,2025,20.0,186.0
401704751,2024-11-08,Detroit Pistons,Atlanta Hawks,122.0,121.0,2025,1.0,243.0
401704752,2024-11-08,Orlando Magic,New Orleans Pelicans,115.0,88.0,2025,27.0,203.0
401704747,2024-11-07,Chicago Bulls,Minnesota Timberwolves,119.0,135.0,2025,-16.0,254.0
401704748,2024-11-07,Milwaukee Bucks,Utah Jazz,123.0,100.0,2025,23.0,223.0
401704749,2024-11-07,San Antonio Spurs,Portland Trail Blazers,118.0,105.0,2025,13.0,223.0
401704745,2024-11-06,LA Clippers,Philadelphia 76ers,110.0,98.0,2025,12.0,208.0
401704746,2024-11-06,Sacramento Kings,Toronto Raptors,122.0,107.0,2025,15.0,229.0
401704743,2024-11-06,Denver Nuggets,Oklahoma City Thunder,124.0,122.0,2025,2.0,246.0
401704744,2024-11-06,Phoenix Suns,Miami Heat,115.0,112.0,2025,3.0,227.0
401704742,2024-11-06,Dallas Mavericks,Chicago Bulls,119.0,99.0,2025,20.0,218.0
401704739,2024-11-06,Houston Rockets,San Antonio Spurs,127.0,100.0,2025,27.0,227.0
401704740,2024-11-06,Memphis Grizzlies,Los Angeles Lakers,131.0,114.0,2025,17.0,245.0
401704741,2024-11-06,New Orleans Pelicans,Cleveland Cavaliers,122.0,131.0,2025,-9.0,253.0
401704737,2024-11-06,Atlanta Hawks,New York Knicks,121.0,116.0,2025,5.0,237.0
401704738,2024-11-06,Boston Celtics,Golden State Warriors,112.0,118.0,2025,-6.0,230.0
401704735,2024-11-06,Charlotte Hornets,Detroit Pistons,108.0,107.0,2025,1.0,215.0
401704736,2024-11-06,Indiana Pacers,Orlando Magic,118.0,111.0,2025,7.0,229.0
401704734,2024-11-04,LA Clippers,San Antonio Spurs,113.0,104.0,2025,9.0,217.0
401704733,2024-11-04,Phoenix Suns,Philadelphia 76ers,118.0,116.0,2025,2.0,234.0
401704732,2024-11-04,Denver Nuggets,Toronto Raptors,121.0,119.0,2025,2.0,240.0
401704731,2024-11-04,Dallas Mavericks,Indiana Pacers,127.0,134.0,2025,-7.0,261.0
401704730,2024-11-04,New Orleans Pelicans,Portland Trail Blazers,100.0,118.0,2025,-18.0,218.0
401704729,2024-11-04,Oklahoma City Thunder,Orlando Magic,102.0,86.0,2025,16.0,188.0
401704728,2024-11-04,Minnesota Timberwolves,Charlotte Hornets,114.0,93.0,2025,21.0,207.0
401704727,2024-11-04,Houston Rockets,New York Knicks,109.0,97.0,2025,12.0,206.0
401704726,2024-11-04,Chicago Bulls,Utah Jazz,126.0,135.0,2025,-9.0,261.0
401704725,2024-11-04,Miami Heat,Sacramento Kings,110.0,111.0,2025,-1.0,221.0
401704724,2024-11-04,Brooklyn Nets,Memphis Grizzlies,106.0,104.0,2025,2.0,210.0
401704723,2024-11-04,Atlanta Hawks,Boston Celtics,93.0,123.0,2025,-30.0,216.0
401704722,2024-11-04,Detroit Pistons,Los Angeles Lakers,115.0,103.0,2025,12.0,218.0
401704721,2024-11-04,Washington Wizards,Golden State Warriors,112.0,125.0,2025,-13.0,237.0
401704720,2024-11-04,Cleveland Cavaliers,Milwaukee Bucks,116.0,114.0,2025,2.0,230.0
401704719,2024-11-03,Dallas Mavericks,Orlando Magic,108.0,85.0,2025,23.0,193.0
401704718,2024-11-03,New Orleans Pelicans,Atlanta Hawks,111.0,126.0,2025,-15.0,237.0
401704717,2024-11-03,Brooklyn Nets,Detroit Pistons,92.0,106.0,2025,-14.0,198.0
401704716,2024-11-02,LA Clippers,Oklahoma City Thunder,92.0,105.0,2025,-13.0,197.0
401704714,2024-11-02,Denver Nuggets,Utah Jazz,129.0,103.0,2025,26.0,232.0
401704715,2024-11-02,Phoenix Suns,Portland Trail Blazers,103.0,97.0,2025,6.0,200.0
401704713,2024-11-02,Washington Wizards,Miami Heat,98.0,118.0,2025,-20.0,216.0
401704710,2024-11-02,Houston Rockets,Golden State Warriors,121.0,127.0,2025,-6.0,248.0
401704711,2024-11-02,Milwaukee Bucks,Cleveland Cavaliers,113.0,114.0,2025,-1.0,227.0
401704712,2024-11-02,San Antonio Spurs,Minnesota Timberwolves,113.0,103.0,2025,10.0,216.0
401704708,2024-11-02,Philadelphia 76ers,Memphis Grizzlies,107.0,124.0,2025,-17.0,231.0
401704709,2024-11-02,Toronto Raptors,Sacramento Kings,131.0,128.0,2025,3.0,259.0
401704707,2024-11-02,Charlotte Hornets,Boston Celtics,103.0,113.0,2025,-10.0,216.0
401704706,2024-11-01,Portland Trail Blazers,Oklahoma City Thunder,114.0,137.0,2025,-23.0,251.0
401704705,2024-11-01,Minnesota Timberwolves,Denver Nuggets,119.0,116.0,2025,3.0,235.0
401704704,2024-11-01,New Orleans Pelicans,Indiana Pacers,125.0,118.0,2025,7.0,243.0
401704701,2024-11-01,Atlanta Hawks,Sacramento Kings,115.0,123.0,2025,-8.0,238.0
401704702,2024-11-01,Brooklyn Nets,Chicago Bulls,120.0,112.0,2025,8.0,232.0
401704703,2024-11-01,Toronto Raptors,Los Angeles Lakers,125.0,131.0,2025,-6.0,256.0
401704698,2024-11-01,Charlotte Hornets,Boston Celtics,109.0,124.0,2025,-15.0,233.0
401704699,2024-11-01,Cleveland Cavaliers,Orlando Magic,120.0,109.0,2025,11.0,229.0
401704700,2024-11-01,Detroit Pistons,New York Knicks,98.0,128.0,2025,-30.0,226.0
401704697,2024-10-31,LA Clippers,Phoenix Suns,119.0,125.0,2025,-6.0,244.0
401704696,2024-10-31,Utah Jazz,San Antonio Spurs,88.0,106.0,2025,-18.0,194.0
401704695,2024-10-31,Dallas Mavericks,Houston Rockets,102.0,108.0,2025,-6.0,210.0
401704694,2024-10-31,Memphis Grizzlies,Milwaukee Bucks,122.0,99.0,2025,23.0,221.0
401704693,2024-10-30,LA Clippers,Portland Trail Blazers,105.0,106.0,2025,-1.0,211.0
401704692,2024-10-30,Golden State Warriors,New Orleans Pelicans,104.0,89.0,2025,15.0,193.0
401704691,2024-10-30,Oklahoma City Thunder,San Antonio Spurs,105.0,93.0,2025,12.0,198.0
401704689,2024-10-30,Chicago Bulls,Orlando Magic,102.0,99.0,2025,3.0,201.0
401704690,2024-10-30,Memphis Grizzlies,Brooklyn Nets,106.0,119.0,2025,-13.0,225.0
401704688,2024-10-30,Miami Heat,New York Knicks,107.0,116.0,2025,-9.0,223.0
401704683,2024-10-30,Charlotte Hornets,Toronto Raptors,138.0,133.0,2025,5.0,271.0
401704684,2024-10-30,Cleveland Cavaliers,Los Angeles Lakers,134.0,110.0,2025,24.0,244.0
401704685,2024-10-30,Indiana Pacers,Boston Celtics,135.0,132.0,2025,3.0,267.0
401704686,2024-10-30,Philadelphia 76ers,Detroit Pistons,95.0,105.0,2025,-10.0,200.0
401704687,2024-10-30,Washington Wizards,Atlanta Hawks,133.0,120.0,2025,13.0,253.0
401704682,2024-10-29,Golden State Warriors,New Orleans Pelicans,124.0,106.0,2025,18.0,230.0
401704681,2024-10-29,Utah Jazz,Sacramento Kings,96.0,113.0,2025,-17.0,209.0
401704679,2024-10-29,Brooklyn Nets,Denver Nuggets,139.0,144.0,2025,-5.0,283.0
401704680,2024-10-29,Minnesota Timberwolves,Dallas Mavericks,114.0,120.0,2025,-6.0,234.0
401704677,2024-10-28,Phoenix Suns,Los Angeles Lakers,109.0,105.0,2025,4.0,214.0
401704678,2024-10-28,Sacramento Kings,Portland Trail Blazers,111.0,98.0,2025,13.0,209.0
401704676,2024-10-28,Dallas Mavericks,Utah Jazz,110.0,102.0,2025,8.0,212.0
401704674,2024-10-28,Memphis Grizzlies,Chicago Bulls,123.0,126.0,2025,-3.0,249.0
401704675,2024-10-28,San Antonio Spurs,Houston Rockets,101.0,106.0,2025,-5.0,207.0
401704669,2024-10-28,Atlanta Hawks,Washington Wizards,119.0,121.0,2025,-2.0,240.0
401704670,2024-10-28,Boston Celtics,Milwaukee Bucks,119.0,108.0,2025,11.0,227.0
401704671,2024-10-28,Miami Heat,Detroit Pistons,106.0,98.0,2025,8.0,204.0
401704672,2024-10-28,New York Knicks,Cleveland Cavaliers,104.0,110.0,2025,-6.0,214.0
401704673,2024-10-28,Toronto Raptors,Denver Nuggets,125.0,127.0,2025,-2.0,252.0
401704668,2024-10-28,Orlando Magic,Indiana Pacers,119.0,115.0,2025,4.0,234.0
401704667,2024-10-27,Golden State Warriors,LA Clippers,104.0,112.0,2025,-8.0,216.0
401704666,2024-10-27,Oklahoma City Thunder,Atlanta Hawks,128.0,104.0,2025,24.0,232.0
401704664,2024-10-27,Brooklyn Nets,Milwaukee Bucks,115.0,102.0,2025,13.0,217.0
401704665,2024-10-27,Portland Trail Blazers,New Orleans Pelicans,125.0,103.0,2025,22.0,228.0
401704663,2024-10-27,Indiana Pacers,Philadelphia 76ers,114.0,118.0,2025,-4.0,232.0
401704662,2024-10-26,Los Angeles Lakers,Sacramento Kings,131.0,127.0,2025,4.0,258.0
401704661,2024-10-26,Phoenix Suns,Dallas Mavericks,114.0,102.0,2025,12.0,216.0
401704660,2024-10-26,San Antonio Spurs,Houston Rockets,109.0,106.0,2025,3.0,215.0
401704657,2024-10-26,Chicago Bulls,Oklahoma City Thunder,95.0,114.0,2025,-19.0,209.0
401704658,2024-10-26,Memphis Grizzlies,Orlando Magic,124.0,111.0,2025,13.0,235.0
401704659,2024-10-26,Minnesota Timberwolves,Toronto Raptors,112.0,101.0,2025,11.0,213.0
401704654,2024-10-26,Charlotte Hornets,Miami Heat,106.0,114.0,2025,-8.0,220.0
401704655,2024-10-26,Detroit Pistons,Boston Celtics,118.0,124.0,2025,-6.0,242.0
401704656,2024-10-26,Washington Wizards,Cleveland Cavaliers,116.0,135.0,2025,-19.0,251.0
401704653,2024-10-26,Denver Nuggets,LA Clippers,104.0,109.0,2025,-5.0,213.0
401704651,2024-10-25,Los Angeles Lakers,Phoenix Suns,123.0,116.0,2025,7.0,239.0
401704652,2024-10-25,Portland Trail Blazers,New Orleans Pelicans,103.0,105.0,2025,-2.0,208.0
401704650,2024-10-25,Utah Jazz,Golden State Warriors,86.0,127.0,2025,-41.0,213.0
401704648,2024-10-25,Houston Rockets,Memphis Grizzlies,128.0,108.0,2025,20.0,236.0
401704649,2024-10-25,Milwaukee Bucks,Chicago Bulls,122.0,133.0,2025,-11.0,255.0
401704645,2024-10-25,Atlanta Hawks,Charlotte Hornets,125.0,120.0,2025,5.0,245.0
401704646,2024-10-25,Cleveland Cavaliers,Detroit Pistons,113.0,101.0,2025,12.0,214.0
401704647,2024-10-25,New York Knicks,Indiana Pacers,123.0,98.0,2025,25.0,221.0
401704643,2024-10-25,Orlando Magic,Brooklyn Nets,116.0,101.0,2025,15.0,217.0
401704644,2024-10-25,Toronto Raptors,Philadelphia 76ers,115.0,107.0,2025,8.0,222.0
401704641,2024-10-24,Denver Nuggets,Oklahoma City Thunder,87.0,102.0,2025,-15.0,189.0
401704642,2024-10-24,Sacramento Kings,Minnesota Timberwolves,115.0,117.0,2025,-2.0,232.0
401704640,2024-10-24,Dallas Mavericks,San Antonio Spurs,120.0,109.0,2025,11.0,229.0
401704639,2024-10-24,Washington Wizards,Boston Celtics,102.0,122.0,2025,-20.0,224.0
401704637,2024-10-23,LA Clippers,Phoenix Suns,113.0,116.0,2025,-3.0,229.0
401704638,2024-10-23,Portland Trail Blazers,Golden State Warriors,104.0,140.0,2025,-36.0,244.0
401704636,2024-10-23,Utah Jazz,Memphis Grizzlies,124.0,126.0,2025,-2.0,250.0
401704634,2024-10-23,Houston Rockets,Charlotte Hornets,105.0,110.0,2025,-5.0,215.0
401704635,2024-10-23,New Orleans Pelicans,Chicago Bulls,123.0,111.0,2025,12.0,234.0
401704630,2024-10-23,Atlanta Hawks,Brooklyn Nets,120.0,116.0,2025,4.0,236.0
401704631,2024-10-23,Miami Heat,Orlando Magic,97.0,116.0,2025,-19.0,213.0
401704632,2024-10-23,Philadelphia 76ers,Milwaukee Bucks,109.0,124.0,2025,-15.0,233.0
401704633,2024-10-23,Toronto Raptors,Cleveland Cavaliers,106.0,136.0,2025,-30.0,242.0
401704629,2024-10-23,Detroit Pistons,Indiana Pacers,109.0,115.0,2025,-6.0,224.0
401704628,2024-10-22,Los Angeles Lakers,Minnesota Timberwolves,110.0,103.0,2025,7.0,213.0
401704627,2024-10-22,Boston Celtics,New York Knicks,132.0,109.0,2025,23.0,241.0
401902644,2026-10-03,Raptors,Heat,105.0,129.0,2026,-24.0,234.0
401914127,2026-10-04,Nuggets,Jazz,97.0,109.0,2026,-12.0,206.0
401918010,2026-10-04,Clippers,Warriors,104.0,101.0,2026,3.0,205.0
401898388,2026-10-05,Hawks,Grizzlies,123.0,132.0,2026,-9.0,255.0
401908947,2026-10-05,Pistons,Suns,109.0,107.0,2026,2.0,216.0
401914101,2026-10-05,76ers,Knicks,120.0,97.0,2026,23.0,217.0
401914102,2026-10-05,Bucks,Timberwolves,97.0,116.0,2026,-19.0,213.0
401898716,2026-10-05,Kings,Lakers,103.0,127.0,2026,-24.0,230.0
401901820,2026-10-06,Hornets,Nets,90.0,124.0,2026,-34.0,214.0
401898389,2026-10-06,Thunder,Pelicans,110.0,116.0,2026,-6.0,226.0
401914128,2026-10-06,Jazz,Nuggets,106.0,117.0,2026,-11.0,223.0
401898390,2026-10-06,Warriors,Lakers,124.0,98.0,2026,26.0,222.0
