game_id,season,game_date,game_date_time,team_id,team_name,team_location,team_abbreviation,field_goals_made,field_goals_attempted,field_goal_pct,three_point_field_goals_made,three_point_field_goals_attempted,three_point_field_goal_pct,free_throws_made,free_throws_attempted,free_throw_pct,offensive_rebounds,defensive_rebounds,assists,steals,blocks,turnovers,fouls,largest_lead,team_turnovers,total_technical_fouls
401442535,2022,2022-06-16,2022-06-17 01:00:00,9,Warriors,Golden State,GS,38,92,41.3,19,46,41.3,8,8,100.0,15,29,27,13,7,15,20,22,2,0
401442535,2022,2022-06-16,2022-06-17 01:00:00,2,Celtics,Boston,BOS,34,80,42.5,11,28,39.3,11,12,91.7,11,30,27,8,8,22,16,12,1,0
401442534,2022,2022-06-13,2022-06-14 01:00:00,2,Celtics,Boston,BOS,31,75,41.3,11,32,34.4,21,31,67.7,8,39,18,2,2,18,16,5,0,2
401442534,2022,2022-06-13,2022-06-14 01:00:00,9,Warriors,Golden State,GS,41,88,46.6,9,40,22.5,13,15,86.7,4,35,23,9,2,6,28,16,1,0
401442533,2022,2022-06-10,2022-06-11 01:00:00,9,Warriors,Golden State,GS,40,91,44.0,15,43,34.9,12,15,80.0,16,39,20,10,5,16,21,10,0,1
401442533,2022,2022-06-10,2022-06-11 01:00:00,2,Celtics,Boston,BOS,34,85,40.0,15,38,39.5,14,19,73.7,11,31,22,8,6,15,17,7,1,0
401442532,2022,2022-06-08,2022-06-09 01:00:00,9,Warriors,Golden State,GS,36,78,46.2,15,40,37.5,13,15,86.7,6,25,22,7,5,16,23,2,1,0
401442532,2022,2022-06-08,2022-06-09 01:00:00,2,Celtics,Boston,BOS,43,89,48.3,13,35,37.1,17,24,70.8,15,32,28,7,7,12,17,18,0,0
401442531,2022,2022-06-05,2022-06-06 00:00:00,2,Celtics,Boston,BOS,30,80,37.5,15,37,40.5,13,17,76.5,6,37,24,5,7,18,18,9,1,1
401442531,2022,2022-06-05,2022-06-06 00:00:00,9,Warriors,Golden State,GS,39,86,45.3,15,37,40.5,14,20,70.0,6,36,25,15,2,12,17,29,0,1
401442530,2022,2022-06-02,2022-06-03 01:00:00,2,Celtics,Boston,BOS,43,85,50.6,21,41,51.2,13,16,81.3,7,32,33,7,6,12,13,15,1,0
401442530,2022,2022-06-02,2022-06-03 01:00:00,9,Warriors,Golden State,GS,39,88,44.3,19,45,42.2,11,15,73.3,12,27,24,8,6,14,16,15,0,0
401438136,2022,2022-05-29,2022-05-30 00:30:00,2,Celtics,Boston,BOS,35,85,41.2,11,32,34.4,19,24,79.2,10,41,22,4,6,13,26,17,0,1
401438136,2022,2022-05-29,2022-05-30 00:30:00,14,Heat,Miami,MIA,37,88,42.0,6,30,20.0,16,24,66.7,7,37,16,4,5,8,18,0,2,0
401438135,2022,2022-05-27,2022-05-28 00:30:00,14,Heat,Miami,MIA,36,78,46.2,15,35,42.9,24,25,96.0,11,26,25,10,2,17,27,13,2,0
401438135,2022,2022-05-27,2022-05-28 00:30:00,2,Celtics,Boston,BOS,32,72,44.4,11,33,33.3,28,31,90.3,6,28,22,10,4,17,28,4,1,0
401438948,2022,2022-05-26,2022-05-27 01:00:00,6,Mavericks,Dallas,DAL,37,82,45.1,17,42,40.5,19,25,76.0,6,28,22,6,4,7,18,0,1,0
401438948,2022,2022-05-26,2022-05-27 01:00:00,9,Warriors,Golden State,GS,45,88,51.1,14,36,38.9,16,16,100.0,14,37,36,6,3,10,20,25,1,0
401438134,2022,2022-05-25,2022-05-26 00:30:00,2,Celtics,Boston,BOS,33,71,46.5,10,33,30.3,17,23,73.9,6,40,24,5,7,15,19,23,0,0
401438134,2022,2022-05-25,2022-05-26 00:30:00,14,Heat,Miami,MIA,30,94,31.9,7,45,15.6,13,14,92.9,19,30,14,7,2,12,19,7,0,0
401438947,2022,2022-05-24,2022-05-25 01:00:00,9,Warriors,Golden State,GS,41,84,48.8,10,28,35.7,17,26,65.4,6,36,26,5,4,8,18,4,0,0
401438947,2022,2022-05-24,2022-05-25 01:00:00,6,Mavericks,Dallas,DAL,41,82,50.0,20,43,46.5,17,22,77.3,4,41,30,4,6,8,19,29,0,0
401438133,2022,2022-05-23,2022-05-24 00:30:00,14,Heat,Miami,MIA,30,90,33.3,14,36,38.9,8,14,57.1,10,29,22,4,2,9,26,0,0,1
401438133,2022,2022-05-23,2022-05-24 00:30:00,2,Celtics,Boston,BOS,31,78,39.7,8,34,23.5,32,38,84.2,14,46,21,4,11,9,15,32,2,1
401438946,2022,2022-05-22,2022-05-23 01:00:00,9,Warriors,Golden State,GS,38,81,46.9,11,32,34.4,22,25,88.0,14,33,28,5,1,10,23,14,3,2
401438946,2022,2022-05-22,2022-05-23 01:00:00,6,Mavericks,Dallas,DAL,30,75,40.0,13,45,28.9,27,34,79.4,7,26,18,4,2,7,18,9,2,1
401438132,2022,2022-05-21,2022-05-22 00:30:00,14,Heat,Miami,MIA,43,92,47.0,11,33,33.0,12,14,86.0,8,26,22,19,4,8,24,26,1,1
401438132,2022,2022-05-21,2022-05-22 00:30:00,2,Celtics,Boston,BOS,34,70,49.0,12,32,38.0,23,30,77.0,9,35,21,2,7,23,21,0,1,1
401438945,2022,2022-05-20,2022-05-21 01:00:00,6,Mavericks,Dallas,DAL,37,78,47.4,21,45,46.7,22,29,75.9,4,26,22,7,5,12,20,19,0,2
401438945,2022,2022-05-20,2022-05-21 01:00:00,9,Warriors,Golden State,GS,46,82,56.1,14,28,50.0,20,25,80.0,8,35,33,4,2,13,26,11,3,2
401438131,2022,2022-05-19,2022-05-20 00:30:00,2,Celtics,Boston,BOS,43,84,51.2,20,40,50.0,21,23,91.3,8,33,28,8,5,9,21,34,1,0
401438131,2022,2022-05-19,2022-05-20 00:30:00,14,Heat,Miami,MIA,38,86,44.2,10,34,29.4,16,22,72.7,12,30,21,4,3,14,18,10,1,0
401438944,2022,2022-05-18,2022-05-19 01:00:00,6,Mavericks,Dallas,DAL,31,86,36.0,11,48,22.9,14,21,66.7,9,26,14,7,1,13,17,2,0,1
401438944,2022,2022-05-18,2022-05-19 01:00:00,9,Warriors,Golden State,GS,46,82,56.1,10,29,34.5,10,16,62.5,7,44,24,8,7,15,22,30,0,2
401438130,2022,2022-05-17,2022-05-18 00:30:00,2,Celtics,Boston,BOS,36,79,45.6,11,34,32.4,24,32,75.0,8,30,22,8,8,16,23,13,0,1
401438130,2022,2022-05-17,2022-05-18 00:30:00,14,Heat,Miami,MIA,39,80,48.8,10,30,33.3,30,34,88.2,9,30,18,10,12,12,24,20,1,1
401433616,2022,2022-05-15,2022-05-15 19:30:00,15,Bucks,Milwaukee,MIL,33,90,36.7,4,33,12.1,11,16,68.8,11,45,20,5,5,13,18,10,0,1
401433616,2022,2022-05-15,2022-05-15 19:30:00,2,Celtics,Boston,BOS,37,88,42.0,22,55,40.0,13,18,72.2,8,40,29,5,7,12,19,28,2,0
401434115,2022,2022-05-15,2022-05-16 00:00:00,6,Mavericks,Dallas,DAL,46,81,56.8,19,39,48.7,12,12,100.0,6,37,14,9,6,11,17,46,1,1
401434115,2022,2022-05-15,2022-05-16 00:00:00,21,Suns,Phoenix,PHX,33,87,37.9,12,34,35.3,12,18,66.7,15,24,22,8,4,12,18,0,0,1
401433615,2022,2022-05-13,2022-05-13 23:30:00,2,Celtics,Boston,BOS,38,87,43.7,17,43,39.5,15,23,65.2,8,34,22,5,7,8,17,18,0,0
401433615,2022,2022-05-13,2022-05-13 23:30:00,15,Bucks,Milwaukee,MIL,36,88,40.9,7,29,24.1,16,18,88.9,7,42,15,5,3,10,25,5,1,1
401434775,2022,2022-05-13,2022-05-14 02:20:00,29,Grizzlies,Memphis,MEM,34,96,35.4,15,36,41.7,13,20,65.0,10,34,21,8,6,6,12,7,1,1
401434775,2022,2022-05-13,2022-05-14 02:20:00,9,Warriors,Golden State,GS,41,104,39.4,20,53,37.7,8,11,72.7,25,45,24,3,10,17,17,16,2,1
401434055,2022,2022-05-12,2022-05-12 23:00:00,14,Heat,Miami,MIA,42,87,48.3,7,28,25.0,8,11,72.7,13,36,19,7,6,12,12,20,4,0
401434055,2022,2022-05-12,2022-05-12 23:00:00,20,76ers,Philadelphia,PHI,36,87,41.4,12,37,32.4,6,7,85.7,6,29,21,8,6,13,16,3,0,0
401434114,2022,2022-05-12,2022-05-13 01:30:00,21,Suns,Phoenix,PHX,31,78,39.7,6,18,33.3,18,21,85.7,13,32,18,3,2,22,27,5,0,1
401434114,2022,2022-05-12,2022-05-13 01:30:00,6,Mavericks,Dallas,DAL,35,77,45.5,16,39,41.0,27,36,75.0,7,32,18,16,4,6,23,27,1,0
401433614,2022,2022-05-11,2022-05-11 23:00:00,15,Bucks,Milwaukee,MIL,40,92,43.5,13,29,44.8,17,21,81.0,17,32,22,5,5,13,14,7,0,0
401433614,2022,2022-05-11,2022-05-11 23:00:00,2,Celtics,Boston,BOS,42,82,51.2,10,31,32.3,13,15,86.7,5,31,25,6,7,10,19,14,0,0
401434774,2022,2022-05-11,2022-05-12 01:30:00,9,Warriors,Golden State,GS,36,80,45.0,14,39,35.9,9,13,69.2,4,33,22,3,5,22,23,0,0,0
401434774,2022,2022-05-11,2022-05-12 01:30:00,29,Grizzlies,Memphis,MEM,47,99,47.5,18,41,43.9,22,30,73.3,18,37,37,12,4,9,17,55,1,0
401434054,2022,2022-05-10,2022-05-10 23:30:00,20,76ers,Philadelphia,PHI,31,85,36.5,9,32,28.1,14,15,93.3,10,26,14,8,2,15,19,2,1,1
401434054,2022,2022-05-10,2022-05-10 23:30:00,14,Heat,Miami,MIA,45,84,53.6,13,33,39.4,17,23,73.9,8,38,26,8,4,11,13,37,0,2
401434113,2022,2022-05-10,2022-05-11 02:00:00,6,Mavericks,Dallas,DAL,27,71,38.0,8,32,25.0,18,27,66.7,6,32,9,7,0,16,21,8,2,1
401434113,2022,2022-05-10,2022-05-11 02:00:00,21,Suns,Phoenix,PHX,43,87,49.4,12,32,37.5,12,16,75.0,12,38,28,10,2,12,23,30,0,1
401433613,2022,2022-05-09,2022-05-09 23:30:00,2,Celtics,Boston,BOS,42,84,50.0,14,37,37.8,18,20,90.0,4,34,25,2,4,11,25,10,0,1
401433613,2022,2022-05-09,2022-05-09 23:30:00,15,Bucks,Milwaukee,MIL,39,94,41.5,9,27,33.3,21,27,77.8,13,35,18,6,3,7,17,11,1,1
401434773,2022,2022-05-09,2022-05-10 02:00:00,29,Grizzlies,Memphis,MEM,40,96,41.7,9,35,25.7,9,15,60.0,10,38,25,10,10,12,19,12,0,0
401434773,2022,2022-05-09,2022-05-10 02:00:00,9,Warriors,Golden State,GS,36,90,40.0,9,37,24.3,20,22,90.9,10,44,25,6,7,16,15,6,0,0
401434112,2022,2022-05-08,2022-05-08 19:30:00,21,Suns,Phoenix,PHX,39,84,46.4,9,25,36.0,14,18,77.8,12,32,27,4,4,17,25,3,0,1
401434112,2022,2022-05-08,2022-05-08 19:30:00,6,Mavericks,Dallas,DAL,38,85,44.7,20,44,45.5,15,19,78.9,10,27,22,5,1,11,21,17,0,2
401434053,2022,2022-05-08,2022-05-09 00:00:00,14,Heat,Miami,MIA,38,82,46.3,7,35,20.0,25,28,89.3,5,28,24,9,5,13,26,4,0,0
401434053,2022,2022-05-08,2022-05-09 00:00:00,20,76ers,Philadelphia,PHI,37,68,54.4,16,33,48.5,26,34,76.5,4,28,25,5,2,16,24,14,1,0
401433612,2022,2022-05-07,2022-05-07 19:30:00,2,Celtics,Boston,BOS,32,87,36.8,9,33,27.3,28,34,82.4,11,36,23,5,13,12,21,4,0,0
401433612,2022,2022-05-07,2022-05-07 19:30:00,15,Bucks,Milwaukee,MIL,40,99,40.4,9,34,26.5,14,17,82.4,13,40,20,8,4,10,26,14,2,0
401434772,2022,2022-05-07,2022-05-08 00:30:00,29,Grizzlies,Memphis,MEM,40,92,43.5,16,43,37.2,16,21,76.2,7,23,21,7,4,10,20,13,2,2
401434772,2022,2022-05-07,2022-05-08 00:30:00,9,Warriors,Golden State,GS,53,85,62.4,17,32,53.1,19,21,90.5,4,34,34,5,4,16,24,32,0,0
401434052,2022,2022-05-06,2022-05-06 23:00:00,14,Heat,Miami,MIA,27,77,35.1,7,30,23.3,18,24,75.0,11,25,14,11,1,12,22,3,1,1
401434052,2022,2022-05-06,2022-05-06 23:00:00,20,76ers,Philadelphia,PHI,32,67,47.8,16,33,48.5,19,22,86.4,8,35,22,7,3,18,24,20,1,1
401434111,2022,2022-05-06,2022-05-07 01:30:00,21,Suns,Phoenix,PHX,34,76,44.7,13,28,46.4,13,15,86.7,9,36,23,5,1,17,14,6,0,2
401434111,2022,2022-05-06,2022-05-07 01:30:00,6,Mavericks,Dallas,DAL,40,90,44.4,13,39,33.3,10,13,76.9,8,28,25,12,4,8,19,18,0,0
401434051,2022,2022-05-04,2022-05-04 23:30:00,20,76ers,Philadelphia,PHI,38,84,45.2,8,30,26.7,19,22,86.4,5,29,17,10,4,8,25,5,2,0
401434051,2022,2022-05-04,2022-05-04 23:30:00,14,Heat,Miami,MIA,40,78,51.3,14,29,48.3,25,31,80.6,8,36,25,5,3,14,22,18,0,0
401434110,2022,2022-05-04,2022-05-05 02:00:00,6,Mavericks,Dallas,DAL,36,79,45.6,17,41,41.5,20,24,83.3,7,18,19,7,1,14,26,5,3,0
401434110,2022,2022-05-04,2022-05-05 02:00:00,21,Suns,Phoenix,PHX,49,76,64.5,13,25,52.0,18,21,85.7,4,30,28,6,6,16,28,27,1,1
401433611,2022,2022-05-03,2022-05-03 23:00:00,15,Bucks,Milwaukee,MIL,34,73,46.6,3,18,16.7,15,23,65.2,5,32,16,4,5,16,19,0,1,0
401433611,2022,2022-05-03,2022-05-03 23:00:00,2,Celtics,Boston,BOS,38,80,47.5,20,43,46.5,13,15,86.7,7,33,28,10,5,11,23,26,5,1
401434771,2022,2022-05-03,2022-05-04 01:30:00,9,Warriors,Golden State,GS,40,95,42.1,7,38,18.4,14,18,77.8,14,38,27,6,2,18,20,4,0,0
401434771,2022,2022-05-03,2022-05-04 01:30:00,29,Grizzlies,Memphis,MEM,36,91,39.6,14,45,31.1,20,21,95.2,13,36,17,13,6,14,23,11,1,0
401434050,2022,2022-05-02,2022-05-02 23:30:00,20,76ers,Philadelphia,PHI,34,79,43.0,6,34,17.6,18,20,90.0,9,28,18,4,6,14,17,5,1,0
401434050,2022,2022-05-02,2022-05-02 23:30:00,14,Heat,Miami,MIA,40,92,43.5,9,36,25.0,17,18,94.4,15,32,21,5,2,11,18,21,2,0
401434070,2022,2022-05-02,2022-05-03 02:00:00,6,Mavericks,Dallas,DAL,40,85,47.1,16,39,41.0,18,25,72.0,7,29,16,6,2,8,22,0,1,0
401434070,2022,2022-05-02,2022-05-03 02:00:00,21,Suns,Phoenix,PHX,46,91,50.5,11,28,39.3,18,18,100.0,13,38,27,3,6,9,21,21,1,1
401433610,2022,2022-05-01,2022-05-01 17:00:00,15,Bucks,Milwaukee,MIL,37,90,41.1,12,34,35.3,15,21,71.4,10,44,22,11,5,13,21,17,1,0
401433610,2022,2022-05-01,2022-05-01 17:00:00,2,Celtics,Boston,BOS,28,84,33.3,18,50,36.0,15,20,75.0,10,38,21,8,7,18,25,8,0,0
401434770,2022,2022-05-01,2022-05-01 19:30:00,9,Warriors,Golden State,GS,45,93,48.4,14,38,36.8,13,20,65.0,16,36,31,10,6,18,25,10,0,0
401434770,2022,2022-05-01,2022-05-01 19:30:00,29,Grizzlies,Memphis,MEM,41,95,43.2,16,40,40.0,18,24,75.0,16,30,26,11,6,14,19,13,2,0
401430234,2022,2022-04-29,2022-04-30 01:00:00,29,Grizzlies,Memphis,MEM,40,86,46.5,15,32,46.9,19,24,79.2,16,39,24,7,8,18,21,8,1,0
401430234,2022,2022-04-29,2022-04-30 01:00:00,16,Timberwolves,Minnesota,MIN,38,84,45.2,12,31,38.7,18,26,69.2,6,31,22,12,5,11,21,13,0,0
401430244,2022,2022-04-28,2022-04-28 23:00:00,20,76ers,Philadelphia,PHI,47,81,58.0,16,40,40.0,22,23,95.7,10,37,32,4,4,11,22,35,0,1
401430244,2022,2022-04-28,2022-04-28 23:00:00,28,Raptors,Toronto,TOR,35,89,39.3,7,35,20.0,20,25,80.0,15,22,15,6,1,9,22,5,1,0
401430228,2022,2022-04-28,2022-04-28 23:30:00,21,Suns,Phoenix,PHX,45,75,60.0,8,20,40.0,17,18,94.4,5,27,23,8,2,14,21,7,0,0
401430228,2022,2022-04-28,2022-04-28 23:30:00,3,Pelicans,New Orleans,NO,42,83,50.6,8,24,33.3,17,19,89.5,12,24,25,9,0,16,25,12,1,0
401430241,2022,2022-04-28,2022-04-29 02:00:00,6,Mavericks,Dallas,DAL,36,80,45.0,17,43,39.5,9,11,81.8,3,34,22,6,4,9,19,8,1,0
401430241,2022,2022-04-28,2022-04-29 02:00:00,26,Jazz,Utah,UTAH,36,84,42.9,9,35,25.7,15,20,75.0,11,37,20,5,4,11,15,12,0,0
401430251,2022,2022-04-27,2022-04-27 23:30:00,4,Bulls,Chicago,CHI,39,92,42.4,15,52,28.8,7,11,63.6,6,31,24,12,3,16,18,1,0,0
401430251,2022,2022-04-27,2022-04-27 23:30:00,15,Bucks,Milwaukee,MIL,43,87,49.4,14,36,38.9,16,20,80.0,7,44,23,10,2,16,13,29,0,0
401430255,2022,2022-04-27,2022-04-28 02:00:00,7,Nuggets,Denver,DEN,36,81,44.4,6,29,20.7,20,29,69.0,14,36,26,5,5,14,21,10,1,1
401430255,2022,2022-04-27,2022-04-28 02:00:00,9,Warriors,Golden State,GS,37,82,45.1,13,31,41.9,15,21,71.4,6,31,28,10,6,9,22,7,1,0
401430219,2022,2022-04-26,2022-04-26 23:00:00,1,Hawks,Atlanta,ATL,31,74,41.9,8,25,32.0,24,28,85.7,12,30,15,8,2,19,22,6,0,2
401430219,2022,2022-04-26,2022-04-26 23:00:00,14,Heat,Miami,MIA,37,82,45.1,7,31,22.6,16,21,76.2,7,26,19,12,2,14,25,15,0,1
401430231,2022,2022-04-26,2022-04-26 23:30:00,16,Timberwolves,Minnesota,MIN,37,83,44.6,14,33,42.4,21,24,87.5,6,36,23,9,7,22,29,13,1,2
401430231,2022,2022-04-26,2022-04-26 23:30:00,29,Grizzlies,Memphis,MEM,39,94,41.5,7,28,25.0,26,39,66.7,18,35,24,10,7,16,19,11,0,3
401430226,2022,2022-04-26,2022-04-27 02:00:00,3,Pelicans,New Orleans,NO,32,80,40.0,5,25,20.0,28,35,80.0,13,34,14,6,5,15,20,0,0,0
401430226,2022,2022-04-26,2022-04-27 02:00:00,21,Suns,Phoenix,PHX,43,86,50.0,10,27,37.0,16,20,80.0,6,34,28,10,4,9,25,18,1,1
401430212,2022,2022-04-25,2022-04-25 23:00:00,2,Celtics,Boston,BOS,42,89,47.2,14,35,40.0,18,22,81.8,10,35,26,3,4,13,28,15,0,0
401430212,2022,2022-04-25,2022-04-25 23:00:00,17,Nets,Brooklyn,BKN,41,81,50.6,13,35,37.1,17,29,58.6,8,30,28,5,7,10,23,0,0,0
401430243,2022,2022-04-25,2022-04-26 00:00:00,28,Raptors,Toronto,TOR,42,82,51.2,8,31,25.8,11,13,84.6,3,37,24,8,6,8,20,19,1,0
401430243,2022,2022-04-25,2022-04-26 00:00:00,20,76ers,Philadelphia,PHI,31,81,38.3,10,37,27.0,16,20,80.0,8,29,21,7,1,15,17,2,1,1
401430239,2022,2022-04-25,2022-04-26 01:30:00,26,Jazz,Utah,UTAH,29,77,37.7,3,30,10.0,16,21,76.2,7,33,12,8,2,13,24,0,0,2
401430239,2022,2022-04-25,2022-04-26 01:30:00,6,Mavericks,Dallas,DAL,37,85,43.5,12,43,27.9,16,21,76.2,11,38,16,6,1,10,18,33,1,3
401430249,2022,2022-04-24,2022-04-24 17:00:00,15,Bucks,Milwaukee,MIL,45,86,52.3,17,33,51.5,12,18,66.7,5,46,21,6,4,14,23,24,1,1
401430249,2022,2022-04-24,2022-04-24 17:00:00,4,Bulls,Chicago,CHI,35,90,38.9,9,36,25.0,16,17,94.1,8,36,27,5,3,11,18,3,1,2
401430253,2022,2022-04-24,2022-04-24 19:30:00,9,Warriors,Golden State,GS,43,86,50.0,12,34,35.3,23,32,71.9,9,27,26,15,3,15,27,7,2,1
401430253,2022,2022-04-24,2022-04-24 19:30:00,7,Nuggets,Denver,DEN,41,73,56.2,15,31,48.4,29,36,80.6,5,28,28,9,2,20,31,17,0,3
401430218,2022,2022-04-24,2022-04-24 23:00:00,14,Heat,Miami,MIA,40,92,43.5,13,42,31.0,17,21,81.0,15,33,22,8,1,6,23,27,1,2
401430218,2022,2022-04-24,2022-04-24 23:00:00,1,Hawks,Atlanta,ATL,30,75,40.0,15,42,35.7,11,20,55.0,11,30,18,2,3,15,21,8,0,1
401430225,2022,2022-04-24,2022-04-25 01:30:00,21,Suns,Phoenix,PHX,43,85,50.6,7,27,25.9,10,15,66.7,12,27,33,6,3,12,28,3,1,3
401430225,2022,2022-04-24,2022-04-25 01:30:00,3,Pelicans,New Orleans,NO,40,85,47.1,6,24,25.0,32,42,76.2,19,29,20,8,3,8,16,18,1,0
401430240,2022,2022-04-23,2022-04-23 18:00:00,20,76ers,Philadelphia,PHI,34,80,42.5,13,31,41.9,21,25,84.0,6,35,24,4,5,15,26,4,1,1
401430240,2022,2022-04-23,2022-04-23 18:00:00,28,Raptors,Toronto,TOR,37,88,42.0,8,34,23.5,28,35,80.0,13,33,19,9,6,11,20,14,0,1
401430237,2022,2022-04-23,2022-04-23 20:30:00,6,Mavericks,Dallas,DAL,33,77,42.9,15,44,34.1,18,23,78.3,7,36,15,4,2,11,29,8,1,0
401430237,2022,2022-04-23,2022-04-23 20:30:00,26,Jazz,Utah,UTAH,32,79,40.5,10,35,28.6,26,42,61.9,13,33,17,4,3,8,21,16,0,1
401430211,2022,2022-04-23,2022-04-23 23:30:00,2,Celtics,Boston,BOS,42,84,50.0,12,39,30.8,13,14,92.9,13,21,26,13,3,14,19,15,0,0
401430211,2022,2022-04-23,2022-04-23 23:30:00,17,Nets,Brooklyn,BKN,39,77,50.6,12,29,41.4,13,16,81.3,12,21,25,7,5,18,22,7,3,0
401430230,2022,2022-04-23,2022-04-24 02:00:00,29,Grizzlies,Memphis,MEM,42,86,48.8,15,32,46.9,19,25,76.0,6,33,31,9,4,17,33,7,2,0
401430230,2022,2022-04-23,2022-04-24 02:00:00,16,Timberwolves,Minnesota,MIN,35,74,47.3,18,36,50.0,31,40,77.5,6,28,23,7,8,15,23,15,1,1
401430217,2022,2022-04-22,2022-04-22 23:55:00,14,Heat,Miami,MIA,41,93,44.1,14,45,31.1,14,17,82.4,11,34,30,6,3,14,23,16,1,0
401430217,2022,2022-04-22,2022-04-22 23:55:00,1,Hawks,Atlanta,ATL,41,80,51.2,12,32,37.5,17,21,81.0,5,31,23,5,3,11,20,11,0,0
401430248,2022,2022-04-22,2022-04-23 00:30:00,15,Bucks,Milwaukee,MIL,43,91,47.3,15,41,36.6,10,14,71.4,9,46,27,8,6,9,15,37,1,0
401430248,2022,2022-04-22,2022-04-23 00:30:00,4,Bulls,Chicago,CHI,33,84,39.3,9,34,26.5,6,10,60.0,5,38,22,5,2,13,15,1,0,0
401430224,2022,2022-04-22,2022-04-23 02:00:00,21,Suns,Phoenix,PHX,44,87,50.6,4,26,15.4,22,27,81.5,9,26,26,8,3,5,21,13,1,1
401430224,2022,2022-04-22,2022-04-23 02:00:00,3,Pelicans,New Orleans,NO,38,79,48.1,11,32,34.4,24,31,77.4,11,34,17,4,5,14,28,7,1,0
401430227,2022,2022-04-21,2022-04-21 23:30:00,29,Grizzlies,Memphis,MEM,35,83,42.2,14,37,37.8,20,31,64.5,13,35,22,7,9,18,20,12,0,0
401430227,2022,2022-04-21,2022-04-21 23:30:00,16,Timberwolves,Minnesota,MIN,33,85,38.8,12,35,34.3,17,23,73.9,9,32,21,11,11,16,28,26,1,0
401430235,2022,2022-04-21,2022-04-22 01:00:00,6,Mavericks,Dallas,DAL,41,83,49.0,18,42,43.0,26,31,84.0,6,26,24,10,1,8,32,17,1,2
401430235,2022,2022-04-21,2022-04-22 01:00:00,26,Jazz,Utah,UTAH,39,69,57.0,9,28,32.0,31,33,94.0,1,31,20,2,4,14,28,3,0,1
401430250,2022,2022-04-21,2022-04-22 02:00:00,9,Warriors,Golden State,GS,41,74,55.4,18,40,45.0,18,28,64.3,4,26,29,7,6,16,25,12,0,0
401430250,2022,2022-04-21,2022-04-22 02:00:00,7,Nuggets,Denver,DEN,40,80,50.0,11,26,42.3,22,27,81.5,11,33,25,9,3,17,26,5,1,1
401430210,2022,2022-04-20,2022-04-20 23:00:00,17,Nets,Brooklyn,BKN,35,76,46.1,10,21,47.6,27,34,79.4,9,27,16,8,8,14,28,17,0,0
401430210,2022,2022-04-20,2022-04-20 23:00:00,2,Celtics,Boston,BOS,39,75,52.0,11,31,35.5,25,31,80.6,7,29,27,7,4,14,27,12,0,0
401430236,2022,2022-04-20,2022-04-21 00:00:00,20,76ers,Philadelphia,PHI,38,74,51.4,13,31,41.9,15,20,75.0,9,37,18,5,3,22,21,3,2,1
401430236,2022,2022-04-20,2022-04-21 00:00:00,28,Raptors,Toronto,TOR,38,86,44.2,13,35,37.1,12,18,66.7,9,23,23,9,4,10,21,17,1,2
401430246,2022,2022-04-20,2022-04-21 01:30:00,4,Bulls,Chicago,CHI,44,89,49.4,12,25,48.0,14,15,93.3,6,37,25,7,5,12,20,18,1,0
401430246,2022,2022-04-20,2022-04-21 01:30:00,15,Bucks,Milwaukee,MIL,38,82,46.3,14,36,38.9,20,31,64.5,9,35,27,4,6,15,17,3,0,0
401430216,2022,2022-04-19,2022-04-19 23:30:00,1,Hawks,Atlanta,ATL,41,87,47.1,12,40,30.0,11,14,78.6,7,33,21,6,2,19,26,4,0,2
401430216,2022,2022-04-19,2022-04-19 23:30:00,14,Heat,Miami,MIA,38,79,48.1,14,36,38.9,25,29,86.2,4,30,21,9,6,14,24,16,1,1
401430223,2022,2022-04-19,2022-04-20 00:30:00,16,Timberwolves,Minnesota,MIN,30,76,39.5,11,38,28.9,25,28,89.3,4,36,16,5,9,19,28,4,1,2
401430223,2022,2022-04-19,2022-04-20 00:30:00,29,Grizzlies,Memphis,MEM,44,92,47.8,11,34,32.4,25,32,78.1,14,34,29,9,1,9,22,32,3,0
401430222,2022,2022-04-19,2022-04-20 02:00:00,3,Pelicans,New Orleans,NO,46,84,54.8,17,30,56.7,16,20,80.0,11,32,32,7,6,17,20,11,0,0
401430222,2022,2022-04-19,2022-04-20 02:00:00,21,Suns,Phoenix,PHX,43,86,50.0,13,35,37.1,15,18,83.3,8,25,26,9,3,12,18,8,1,0
401430233,2022,2022-04-18,2022-04-18 23:30:00,28,Raptors,Toronto,TOR,38,89,42.7,11,32,34.4,10,12,83.3,13,22,16,7,4,9,24,9,2,2
401430233,2022,2022-04-18,2022-04-18 23:30:00,20,76ers,Philadelphia,PHI,36,69,52.2,14,30,46.7,26,30,86.7,7,34,20,5,12,14,18,29,2,1
401430232,2022,2022-04-18,2022-04-19 00:30:00,26,Jazz,Utah,UTAH,38,82,46.3,11,29,37.9,17,20,85.0,11,39,19,2,4,10,19,10,0,2
401430232,2022,2022-04-18,2022-04-19 00:30:00,6,Mavericks,Dallas,DAL,39,83,47.0,22,47,46.8,10,13,76.9,2,29,22,5,2,3,19,8,0,1
401430247,2022,2022-04-18,2022-04-19 02:00:00,7,Nuggets,Denver,DEN,37,87,42.5,13,36,36.1,19,21,90.5,17,30,20,4,4,16,25,12,2,3
401430247,2022,2022-04-18,2022-04-19 02:00:00,9,Warriors,Golden State,GS,46,84,54.8,17,40,42.5,17,24,70.8,6,29,27,10,8,9,20,23,0,0
401429891,2022,2022-04-17,2022-04-17 17:00:00,1,Hawks,Atlanta,ATL,29,75,38.7,10,36,27.8,23,27,85.2,8,30,16,8,2,18,19,3,0,1
401429891,2022,2022-04-17,2022-04-17 17:00:00,14,Heat,Miami,MIA,43,82,52.4,18,38,47.4,11,18,61.1,4,36,35,12,3,15,22,32,0,1
401429890,2022,2022-04-17,2022-04-17 19:30:00,17,Nets,Brooklyn,BKN,42,78,53.8,11,24,45.8,19,24,79.2,5,24,20,12,6,16,26,5,0,0
401429890,2022,2022-04-17,2022-04-17 19:30:00,2,Celtics,Boston,BOS,42,89,47.2,12,33,36.4,19,24,79.2,14,29,24,12,5,14,24,15,1,0
401429892,2022,2022-04-17,2022-04-17 22:30:00,4,Bulls,Chicago,CHI,31,96,32.3,7,37,18.9,17,19,89.5,16,37,17,10,3,11,22,5,0,0
401429892,2022,2022-04-17,2022-04-17 22:30:00,15,Bucks,Milwaukee,MIL,34,84,40.5,10,38,26.3,15,23,65.2,11,47,19,4,6,21,21,16,0,0
401429893,2022,2022-04-17,2022-04-18 01:00:00,3,Pelicans,New Orleans,NO,36,95,37.9,9,23,39.1,18,26,69.2,25,30,20,4,2,13,18,0,1,0
401429893,2022,2022-04-17,2022-04-18 01:00:00,21,Suns,Phoenix,PHX,42,78,53.8,10,28,35.7,16,21,76.2,5,30,25,6,9,9,23,23,1,1
401429872,2022,2022-04-16,2022-04-16 17:00:00,26,Jazz,Utah,UTAH,36,83,43.4,7,22,31.8,20,23,87.0,13,40,15,3,5,14,25,12,1,3
401429872,2022,2022-04-16,2022-04-16 17:00:00,6,Mavericks,Dallas,DAL,29,76,38.2,9,32,28.1,26,34,76.5,7,27,17,8,4,7,22,9,0,0
401429873,2022,2022-04-16,2022-04-16 19:30:00,16,Timberwolves,Minnesota,MIN,45,90,50.0,16,41,39.0,24,27,88.9,11,35,32,5,7,18,32,13,1,0
401429873,2022,2022-04-16,2022-04-16 19:30:00,29,Grizzlies,Memphis,MEM,39,86,45.3,7,27,25.9,32,43,74.4,8,27,25,7,8,12,24,2,0,1
401429874,2022,2022-04-16,2022-04-16 22:00:00,28,Raptors,Toronto,TOR,40,82,48.8,12,30,40.0,19,23,82.6,7,28,27,1,8,8,26,3,0,1
401429874,2022,2022-04-16,2022-04-16 22:00:00,20,76ers,Philadelphia,PHI,43,84,51.2,16,32,50.0,29,34,85.3,10,29,29,6,4,3,18,24,1,0
401429875,2022,2022-04-16,2022-04-17 00:30:00,7,Nuggets,Denver,DEN,43,93,46.2,11,35,31.4,10,13,76.9,9,26,26,8,3,10,22,6,1,3
401429875,2022,2022-04-16,2022-04-17 00:30:00,9,Warriors,Golden State,GS,43,82,52.4,16,35,45.7,21,29,72.4,10,31,33,5,8,12,22,24,1,1
401428074,2022,2022-04-15,2022-04-15 23:30:00,1,Hawks,Atlanta,ATL,39,80,48.8,9,31,29.0,20,22,90.9,10,32,15,5,3,13,19,9,0,0
401428074,2022,2022-04-15,2022-04-15 23:30:00,5,Cavaliers,Cleveland,CLE,37,81,45.7,13,36,36.1,14,17,82.4,8,28,23,8,4,11,20,14,3,1
401428075,2022,2022-04-15,2022-04-16 02:00:00,3,Pelicans,New Orleans,NO,43,88,48.9,6,22,27.3,13,25,52.0,17,37,20,2,3,8,26,16,1,0
401428075,2022,2022-04-15,2022-04-16 02:00:00,12,Clippers,LA,LAC,35,85,41.2,9,36,25.0,22,34,64.7,12,33,20,7,3,7,21,13,1,0
401428072,2022,2022-04-13,2022-04-13 23:00:00,30,Hornets,Charlotte,CHA,34,90,37.8,13,41,31.7,22,29,75.9,11,30,22,4,4,14,24,4,0,3
401428072,2022,2022-04-13,2022-04-13 23:00:00,1,Hawks,Atlanta,ATL,49,94,52.1,16,32,50.0,18,25,72.0,12,42,31,5,6,10,25,33,2,0
401428073,2022,2022-04-13,2022-04-14 01:30:00,24,Spurs,San Antonio,SA,37,91,40.7,13,34,38.2,16,22,72.7,8,26,19,4,3,6,20,6,0,0
401428073,2022,2022-04-13,2022-04-14 01:30:00,3,Pelicans,New Orleans,NO,44,81,54.3,8,20,40.0,17,23,73.9,8,45,25,4,7,13,22,21,1,0
401428070,2022,2022-04-12,2022-04-12 23:00:00,5,Cavaliers,Cleveland,CLE,41,92,44.6,9,26,34.6,17,20,85.0,10,30,26,9,2,15,21,0,0,0
401428070,2022,2022-04-12,2022-04-12 23:00:00,17,Nets,Brooklyn,BKN,45,84,53.6,9,28,32.1,16,24,66.7,10,33,33,9,9,14,20,22,0,0
401428071,2022,2022-04-12,2022-04-13 01:30:00,12,Clippers,LA,LAC,34,78,43.6,16,35,45.7,20,27,74.1,7,32,19,5,5,17,28,10,0,2
401428071,2022,2022-04-12,2022-04-13 01:30:00,16,Timberwolves,Minnesota,MIN,36,83,43.4,14,35,40.0,23,37,62.2,12,37,19,10,2,11,26,7,2,1
401361035,2022,2022-04-10,2022-04-10 19:30:00,11,Pacers,Indiana,IND,47,104,45.2,19,46,41.3,13,19,68.4,11,19,32,16,1,7,23,0,0,0
401361035,2022,2022-04-10,2022-04-10 19:30:00,17,Nets,Brooklyn,BKN,52,81,64.2,8,22,36.4,22,25,88.0,8,42,30,5,6,20,16,18,1,0
401361036,2022,2022-04-10,2022-04-10 19:30:00,27,Wizards,Washington,WSH,42,94,44.7,8,23,34.8,16,26,61.5,17,26,25,12,3,10,16,6,1,0
401361036,2022,2022-04-10,2022-04-10 19:30:00,30,Hornets,Charlotte,CHA,48,89,53.9,18,33,54.5,10,14,71.4,11,37,34,6,9,17,20,20,3,2
401361037,2022,2022-04-10,2022-04-10 19:30:00,15,Bucks,Milwaukee,MIL,39,88,44.3,12,30,40.0,25,32,78.1,8,33,27,7,2,12,14,0,0,0
401361037,2022,2022-04-10,2022-04-10 19:30:00,5,Cavaliers,Cleveland,CLE,51,94,54.3,19,38,50.0,12,17,70.6,10,38,39,5,5,10,26,40,2,0
401361040,2022,2022-04-10,2022-04-10 19:30:00,1,Hawks,Atlanta,ATL,45,87,51.7,21,38,55.3,19,24,79.2,13,37,29,4,4,12,19,23,1,0
401361040,2022,2022-04-10,2022-04-10 19:30:00,10,Rockets,Houston,HOU,41,89,46.1,17,46,37.0,15,20,75.0,6,28,24,4,4,5,19,3,3,0
401361042,2022,2022-04-10,2022-04-10 23:00:00,2,Celtics,Boston,BOS,54,99,54.5,18,48,37.5,13,13,100.0,14,42,34,5,2,15,20,33,0,0
401361042,2022,2022-04-10,2022-04-10 23:00:00,29,Grizzlies,Memphis,MEM,39,102,38.2,15,47,31.9,17,27,63.0,19,26,27,11,6,10,16,0,0,0
401361045,2022,2022-04-10,2022-04-10 23:00:00,28,Raptors,Toronto,TOR,36,92,39.1,12,42,28.6,10,11,90.9,9,34,27,10,2,13,17,4,1,0
401361045,2022,2022-04-10,2022-04-10 23:00:00,18,Knicks,New York,NY,40,87,46.0,15,43,34.9,10,12,83.3,10,38,32,6,5,15,17,14,2,0
401361046,2022,2022-04-10,2022-04-10 23:00:00,14,Heat,Miami,MIA,40,94,42.6,19,50,38.0,12,16,75.0,10,37,20,5,4,10,13,5,0,0
401361046,2022,2022-04-10,2022-04-10 23:00:00,19,Magic,Orlando,ORL,45,91,49.5,23,58,39.7,12,14,85.7,6,42,33,4,3,8,16,24,2,0
401361047,2022,2022-04-10,2022-04-10 23:00:00,8,Pistons,Detroit,DET,38,83,45.8,11,34,32.4,19,29,65.5,15,27,26,4,4,19,16,7,1,0
401361047,2022,2022-04-10,2022-04-10 23:00:00,20,76ers,Philadelphia,PHI,46,88,52.3,5,25,20.0,21,23,91.3,10,32,25,13,6,10,23,17,1,1
401361043,2022,2022-04-10,2022-04-11 00:30:00,4,Bulls,Chicago,CHI,44,83,53.0,10,21,47.6,26,33,78.8,16,32,22,9,3,21,22,28,2,0
401361043,2022,2022-04-10,2022-04-11 00:30:00,16,Timberwolves,Minnesota,MIN,46,91,50.5,11,31,35.5,17,22,77.3,9,23,30,7,9,13,23,1,0,2
401361038,2022,2022-04-10,2022-04-11 01:30:00,24,Spurs,San Antonio,SA,43,89,48.3,11,31,35.5,23,23,100.0,7,28,26,15,3,8,17,4,0,1
401361038,2022,2022-04-10,2022-04-11 01:30:00,6,Mavericks,Dallas,DAL,46,85,54.1,20,36,55.6,18,23,78.3,10,33,34,5,3,16,16,21,0,0
401361039,2022,2022-04-10,2022-04-11 01:30:00,13,Lakers,Los Angeles,LAL,44,94,46.8,16,43,37.2,42,47,89.4,13,37,26,4,6,13,24,8,0,0
401361039,2022,2022-04-10,2022-04-11 01:30:00,7,Nuggets,Denver,DEN,49,100,49.0,15,47,31.9,28,36,77.8,11,34,33,10,7,14,34,17,0,0
401361041,2022,2022-04-10,2022-04-11 01:30:00,25,Thunder,Oklahoma City,OKC,37,98,37.8,9,34,26.5,5,9,55.6,12,28,17,6,2,8,16,0,2,0
401361041,2022,2022-04-10,2022-04-11 01:30:00,12,Clippers,LA,LAC,54,97,55.7,18,35,51.4,12,14,85.7,12,45,34,4,8,9,11,50,0,0
401361044,2022,2022-04-10,2022-04-11 01:30:00,9,Warriors,Golden State,GS,49,81,60.5,19,33,57.6,11,13,84.6,7,34,33,5,2,17,15,29,0,0
401361044,2022,2022-04-10,2022-04-11 01:30:00,3,Pelicans,New Orleans,NO,42,99,42.4,14,40,35.0,9,12,75.0,18,24,24,10,0,11,17,8,1,1
401361048,2022,2022-04-10,2022-04-11 01:30:00,23,Kings,Sacramento,SAC,40,76,52.6,14,26,53.8,22,30,73.3,2,38,26,9,7,14,18,19,1,1
401361048,2022,2022-04-10,2022-04-11 01:30:00,21,Suns,Phoenix,PHX,42,103,40.8,14,47,29.8,11,15,73.3,18,32,27,9,7,10,25,0,1,0
401361049,2022,2022-04-10,2022-04-11 01:30:00,26,Jazz,Utah,UTAH,37,82,45.1,9,36,25.0,28,38,73.7,15,45,23,8,6,17,16,34,0,1
401361049,2022,2022-04-10,2022-04-11 01:30:00,22,Trail Blazers,Portland,POR,31,83,37.3,9,34,26.5,9,12,75.0,5,27,21,11,8,14,27,5,2,0
401361033,2022,2022-04-09,2022-04-09 17:00:00,11,Pacers,Indiana,IND,41,78,52.6,10,23,43.5,28,36,77.8,7,24,28,8,6,17,22,2,0,0
401361033,2022,2022-04-09,2022-04-09 17:00:00,20,76ers,Philadelphia,PHI,50,90,55.6,12,34,35.3,21,27,77.8,14,28,37,14,3,14,24,21,1,0
401361032,2022,2022-04-09,2022-04-09 22:00:00,3,Pelicans,New Orleans,NO,41,91,45.1,6,30,20.0,26,35,74.3,9,20,23,10,3,16,22,1,0,1
401361032,2022,2022-04-09,2022-04-09 22:00:00,29,Grizzlies,Memphis,MEM,53,90,58.9,18,35,51.4,17,23,73.9,13,35,41,6,9,18,24,43,1,1
401361034,2022,2022-04-09,2022-04-10 00:30:00,9,Warriors,Golden State,GS,33,81,40.7,8,32,25.0,26,33,78.8,13,38,23,8,1,12,22,17,0,0
401361034,2022,2022-04-09,2022-04-10 00:30:00,24,Spurs,San Antonio,SA,32,80,40.0,10,31,32.3,20,27,74.1,4,37,19,5,3,12,24,6,0,0
401361031,2022,2022-04-09,2022-04-10 01:30:00,23,Kings,Sacramento,SAC,38,86,44.2,7,28,25.0,15,24,62.5,7,35,24,12,2,13,16,0,0,1
401361031,2022,2022-04-09,2022-04-10 01:30:00,12,Clippers,LA,LAC,42,86,48.8,21,43,48.8,12,15,80.0,10,38,29,7,3,16,22,23,1,0
401361022,2022,2022-04-08,2022-04-08 23:00:00,15,Bucks,Milwaukee,MIL,50,101,49.5,11,37,29.7,20,23,87.0,10,41,29,7,1,7,20,32,1,0
401361022,2022,2022-04-08,2022-04-08 23:00:00,8,Pistons,Detroit,DET,35,90,38.9,10,48,20.8,21,23,91.3,9,34,27,6,5,11,22,0,3,0
401361023,2022,2022-04-08,2022-04-08 23:00:00,18,Knicks,New York,NY,41,88,46.6,16,39,41.0,16,20,80.0,10,32,27,13,3,10,19,26,0,0
401361023,2022,2022-04-08,2022-04-08 23:00:00,27,Wizards,Washington,WSH,35,69,50.7,9,28,32.1,13,17,76.5,2,35,21,5,5,22,19,13,0,0
401361024,2022,2022-04-08,2022-04-08 23:30:00,5,Cavaliers,Cleveland,CLE,40,82,48.8,8,27,29.6,19,24,79.2,10,21,19,4,4,8,20,7,1,1
401361024,2022,2022-04-08,2022-04-08 23:30:00,17,Nets,Brooklyn,BKN,43,92,46.7,12,32,37.5,20,21,95.2,13,32,30,5,8,10,20,17,1,0
401361025,2022,2022-04-08,2022-04-08 23:30:00,10,Rockets,Houston,HOU,43,81,53.1,10,29,34.5,19,24,79.2,7,34,24,6,3,18,19,24,1,1
401361025,2022,2022-04-08,2022-04-08 23:30:00,28,Raptors,Toronto,TOR,44,96,45.8,7,29,24.1,22,23,95.7,13,28,20,13,4,9,18,4,1,0
401361026,2022,2022-04-08,2022-04-09 00:00:00,1,Hawks,Atlanta,ATL,42,88,47.7,8,34,23.5,17,19,89.5,13,30,17,9,0,14,23,7,1,1
401361026,2022,2022-04-08,2022-04-09 00:00:00,14,Heat,Miami,MIA,40,72,55.6,11,26,42.3,22,28,78.6,4,29,20,9,1,17,17,5,0,0
401361027,2022,2022-04-08,2022-04-09 00:00:00,30,Hornets,Charlotte,CHA,52,86,60.5,19,40,47.5,10,10,100.0,8,30,34,7,4,11,21,37,0,1
401361027,2022,2022-04-08,2022-04-09 00:00:00,4,Bulls,Chicago,CHI,44,82,53.7,13,24,54.2,16,20,80.0,6,25,25,7,1,12,12,2,0,1
401361028,2022,2022-04-08,2022-04-09 00:30:00,22,Trail Blazers,Portland,POR,31,83,37.3,7,32,21.9,9,12,75.0,5,24,20,9,2,16,23,0,1,0
401361028,2022,2022-04-08,2022-04-09 00:30:00,6,Mavericks,Dallas,DAL,42,79,53.2,20,45,44.4,24,31,77.4,9,42,25,9,5,14,19,54,1,1
401361029,2022,2022-04-08,2022-04-09 01:30:00,21,Suns,Phoenix,PHX,46,92,50.0,6,19,31.6,13,15,86.7,11,35,27,7,3,13,25,13,0,1
401361029,2022,2022-04-08,2022-04-09 01:30:00,26,Jazz,Utah,UTAH,35,88,39.8,11,38,28.9,24,33,72.7,15,29,20,8,4,11,18,17,0,0
401361030,2022,2022-04-08,2022-04-09 02:30:00,25,Thunder,Oklahoma City,OKC,40,88,45.5,6,29,20.7,15,19,78.9,9,35,21,5,3,14,26,7,0,0
401361030,2022,2022-04-08,2022-04-09 02:30:00,13,Lakers,Los Angeles,LAL,41,82,50.0,9,31,29.0,29,39,74.4,7,38,23,8,4,9,17,21,1,0
401361015,2022,2022-04-07,2022-04-07 23:00:00,19,Magic,Orlando,ORL,38,95,40.0,15,48,31.3,10,13,76.9,8,35,27,6,4,16,22,7,0,2
401361015,2022,2022-04-07,2022-04-07 23:00:00,30,Hornets,Charlotte,CHA,48,92,52.2,12,34,35.3,20,27,74.1,10,46,29,9,10,11,17,35,1,2
401361016,2022,2022-04-07,2022-04-07 23:30:00,20,76ers,Philadelphia,PHI,37,75,49.3,19,36,52.8,21,25,84.0,6,31,26,7,3,16,18,15,1,1
401361016,2022,2022-04-07,2022-04-07 23:30:00,28,Raptors,Toronto,TOR,45,91,49.5,15,33,45.5,14,18,77.8,12,29,22,7,4,10,17,10,1,2
401361017,2022,2022-04-07,2022-04-07 23:30:00,2,Celtics,Boston,BOS,43,87,49.4,21,50,42.0,14,19,73.7,8,36,30,8,4,16,15,5,0,1
401361017,2022,2022-04-07,2022-04-07 23:30:00,15,Bucks,Milwaukee,MIL,49,97,50.5,14,38,36.8,15,21,71.4,14,34,27,13,5,11,19,13,0,0
401361018,2022,2022-04-07,2022-04-08 00:00:00,24,Spurs,San Antonio,SA,43,89,48.3,10,28,35.7,25,34,73.5,8,37,31,5,5,12,22,5,0,0
401361018,2022,2022-04-07,2022-04-08 00:00:00,16,Timberwolves,Minnesota,MIN,41,96,42.7,20,53,37.7,25,31,80.6,13,34,25,8,2,10,29,18,1,1
401361019,2022,2022-04-07,2022-04-08 00:00:00,22,Trail Blazers,Portland,POR,36,69,52.2,11,31,35.5,11,13,84.6,3,24,28,10,4,22,27,5,0,2
401361019,2022,2022-04-07,2022-04-08 00:00:00,3,Pelicans,New Orleans,NO,44,93,47.3,13,37,35.1,26,31,83.9,23,26,31,15,1,11,14,37,1,1
401361020,2022,2022-04-07,2022-04-08 01:00:00,29,Grizzlies,Memphis,MEM,42,89,47.2,11,28,39.3,14,19,73.7,10,24,30,8,3,12,21,10,1,0
401361020,2022,2022-04-07,2022-04-08 01:00:00,7,Nuggets,Denver,DEN,44,80,55.0,12,30,40.0,22,25,88.0,8,35,27,7,2,17,22,30,2,0
401361021,2022,2022-04-07,2022-04-08 02:00:00,13,Lakers,Los Angeles,LAL,37,83,44.6,9,32,28.1,29,38,76.3,8,34,14,8,4,18,13,9,1,1
401361021,2022,2022-04-07,2022-04-08 02:00:00,9,Warriors,Golden State,GS,51,97,52.6,16,32,50.0,10,10,100.0,9,36,39,10,5,15,26,18,0,1
401361009,2022,2022-04-06,2022-04-06 23:00:00,6,Mavericks,Dallas,DAL,45,80,56.3,15,33,45.5,26,34,76.5,8,33,28,8,1,10,24,23,0,1
401361009,2022,2022-04-06,2022-04-06 23:00:00,8,Pistons,Detroit,DET,35,82,42.7,11,30,36.7,32,35,91.4,11,31,26,7,5,10,21,2,1,1
401361010,2022,2022-04-06,2022-04-06 23:30:00,17,Nets,Brooklyn,BKN,41,93,44.1,14,41,34.1,14,18,77.8,13,36,28,7,6,13,26,12,1,0
401361010,2022,2022-04-06,2022-04-06 23:30:00,18,Knicks,New York,NY,32,83,38.6,13,38,34.2,21,36,58.3,10,32,22,4,7,11,19,21,0,0
401361011,2022,2022-04-06,2022-04-07 00:00:00,27,Wizards,Washington,WSH,42,86,48.8,10,35,28.6,9,11,81.8,6,38,26,4,4,14,17,8,0,0
401361011,2022,2022-04-06,2022-04-07 00:00:00,1,Hawks,Atlanta,ATL,43,92,46.7,16,39,41.0,16,19,84.2,7,32,26,11,1,6,13,19,0,1
401361012,2022,2022-04-06,2022-04-07 00:00:00,2,Celtics,Boston,BOS,43,88,48.9,17,37,45.9,14,22,63.6,8,34,29,11,6,11,18,27,2,0
401361012,2022,2022-04-06,2022-04-07 00:00:00,4,Bulls,Chicago,CHI,35,80,43.8,7,23,30.4,17,23,73.9,7,33,19,7,4,17,22,0,0,2
401361013,2022,2022-04-06,2022-04-07 01:00:00,25,Thunder,Oklahoma City,OKC,37,90,41.1,16,37,43.2,11,17,64.7,11,21,27,9,1,10,22,4,0,0
401361013,2022,2022-04-06,2022-04-07 01:00:00,26,Jazz,Utah,UTAH,49,84,58.3,15,36,41.7,24,32,75.0,16,39,29,7,10,11,13,41,2,1
401361014,2022,2022-04-06,2022-04-07 02:00:00,21,Suns,Phoenix,PHX,42,108,38.9,17,48,35.4,8,12,66.7,18,36,29,11,2,12,26,3,0,1
401361014,2022,2022-04-06,2022-04-07 02:00:00,12,Clippers,LA,LAC,33,75,44.0,12,34,35.3,35,44,79.5,9,46,20,7,9,16,17,39,1,0
401360997,2022,2022-04-05,2022-04-05 23:00:00,20,76ers,Philadelphia,PHI,47,87,54.0,23,40,57.5,14,18,77.8,5,31,34,8,3,14,14,27,2,0
401360997,2022,2022-04-05,2022-04-05 23:00:00,11,Pacers,Indiana,IND,45,95,47.4,12,40,30.0,20,21,95.2,16,32,29,8,10,15,18,6,1,0
401360998,2022,2022-04-05,2022-04-05 23:00:00,5,Cavaliers,Cleveland,CLE,42,86,48.8,16,36,44.4,15,22,68.2,9,38,25,6,4,11,11,11,1,0
401360998,2022,2022-04-05,2022-04-05 23:00:00,19,Magic,Orlando,ORL,47,93,50.5,16,35,45.7,10,15,66.7,8,35,31,9,8,7,19,10,0,0
401360999,2022,2022-04-05,2022-04-05 23:30:00,10,Rockets,Houston,HOU,40,99,40.4,11,43,25.6,14,25,56.0,18,30,18,8,6,11,20,1,0,1
401360999,2022,2022-04-05,2022-04-05 23:30:00,17,Nets,Brooklyn,BKN,39,86,45.3,15,37,40.5,25,27,92.6,12,40,22,6,9,16,23,21,1,2
401361000,2022,2022-04-05,2022-04-05 23:30:00,30,Hornets,Charlotte,CHA,45,85,52.9,12,38,31.6,13,18,72.2,7,24,34,8,3,13,18,10,2,2
401361000,2022,2022-04-05,2022-04-05 23:30:00,14,Heat,Miami,MIA,48,84,57.1,23,42,54.8,25,29,86.2,8,33,29,10,1,14,19,30,1,1
401361001,2022,2022-04-05,2022-04-05 23:30:00,1,Hawks,Atlanta,ATL,43,94,45.7,14,37,37.8,8,12,66.7,10,33,31,5,4,7,22,6,0,0
401361001,2022,2022-04-05,2022-04-05 23:30:00,28,Raptors,Toronto,TOR,44,101,43.6,9,35,25.7,21,31,67.7,20,40,20,6,5,7,14,12,1,0
401361002,2022,2022-04-05,2022-04-06 00:00:00,15,Bucks,Milwaukee,MIL,46,87,52.9,12,35,34.3,23,25,92.0,8,39,32,8,8,14,19,24,0,1
401361002,2022,2022-04-05,2022-04-06 00:00:00,4,Bulls,Chicago,CHI,42,98,42.9,9,33,27.3,13,13,100.0,13,29,22,8,2,14,21,2,1,2
401361003,2022,2022-04-05,2022-04-06 00:00:00,27,Wizards,Washington,WSH,56,101,55.4,13,30,43.3,7,14,50.0,9,43,38,4,4,10,25,23,0,0
401361003,2022,2022-04-05,2022-04-06 00:00:00,16,Timberwolves,Minnesota,MIN,41,91,45.1,14,41,34.1,18,25,72.0,6,32,27,6,3,9,16,5,1,1
401361004,2022,2022-04-05,2022-04-06 00:00:00,22,Trail Blazers,Portland,POR,35,83,42.2,11,32,34.4,13,16,81.3,10,30,24,10,6,17,19,19,0,0
401361004,2022,2022-04-05,2022-04-06 00:00:00,25,Thunder,Oklahoma City,OKC,39,81,48.1,9,29,31.0,11,22,50.0,13,34,15,12,12,16,10,6,1,0
401361005,2022,2022-04-05,2022-04-06 01:00:00,24,Spurs,San Antonio,SA,44,89,49.4,12,26,46.2,16,24,66.7,5,43,31,6,3,10,14,21,1,1
401361005,2022,2022-04-05,2022-04-06 01:00:00,7,Nuggets,Denver,DEN,41,98,41.8,7,33,21.2,8,12,66.7,10,41,22,4,2,11,19,3,0,2
401361006,2022,2022-04-05,2022-04-06 01:00:00,29,Grizzlies,Memphis,MEM,39,101,38.6,13,31,41.9,24,29,82.8,10,41,26,13,7,12,29,11,1,0
401361006,2022,2022-04-05,2022-04-06 01:00:00,26,Jazz,Utah,UTAH,40,96,41.7,12,38,31.6,29,43,67.4,13,48,23,8,8,16,21,11,1,0
401361007,2022,2022-04-05,2022-04-06 02:00:00,3,Pelicans,New Orleans,NO,45,88,51.1,12,25,48.0,21,26,80.8,14,30,26,13,2,13,20,14,0,0
401361007,2022,2022-04-05,2022-04-06 02:00:00,23,Kings,Sacramento,SAC,39,76,51.3,11,30,36.7,20,22,90.9,3,31,28,4,3,15,20,0,0,1
401361008,2022,2022-04-05,2022-04-06 02:30:00,13,Lakers,Los Angeles,LAL,39,86,45.3,9,29,31.0,23,30,76.7,7,39,22,7,3,16,14,8,0,0
401361008,2022,2022-04-05,2022-04-06 02:30:00,21,Suns,Phoenix,PHX,50,102,49.0,14,39,35.9,7,9,77.8,11,42,38,10,4,14,22,26,0,0
401360985,2022,2022-04-03,2022-04-03 17:00:00,27,Wizards,Washington,WSH,38,82,46.3,8,21,38.1,18,20,90.0,7,25,21,4,2,12,14,4,0,0
401360985,2022,2022-04-03,2022-04-03 17:00:00,2,Celtics,Boston,BOS,56,91,61.5,23,44,52.3,9,13,69.2,7,32,39,6,5,7,20,43,1,0
401360986,2022,2022-04-03,2022-04-03 17:00:00,6,Mavericks,Dallas,DAL,39,76,51.3,16,38,42.1,24,27,88.9,2,36,28,7,3,12,20,10,2,0
401360986,2022,2022-04-03,2022-04-03 17:00:00,15,Bucks,Milwaukee,MIL,42,95,44.2,15,40,37.5,13,18,72.2,10,26,25,9,1,9,22,10,0,0
401360987,2022,2022-04-03,2022-04-03 19:30:00,7,Nuggets,Denver,DEN,47,82,57.3,12,31,38.7,23,29,79.3,6,32,33,10,5,12,18,11,0,1
401360987,2022,2022-04-03,2022-04-03 19:30:00,13,Lakers,Los Angeles,LAL,49,92,53.3,6,20,30.0,14,21,66.7,6,34,31,4,5,12,25,9,1,1
401360988,2022,2022-04-03,2022-04-03 21:00:00,8,Pistons,Detroit,DET,43,99,43.4,21,41,51.2,14,18,77.8,10,28,31,11,4,11,19,12,1,0
401360988,2022,2022-04-03,2022-04-03 21:00:00,11,Pacers,Indiana,IND,45,94,47.9,12,38,31.6,15,19,78.9,17,41,33,6,11,19,21,6,0,0
401360989,2022,2022-04-03,2022-04-03 22:00:00,20,76ers,Philadelphia,PHI,33,80,41.3,11,31,35.5,35,42,83.3,12,38,23,7,8,14,19,6,0,0
401360989,2022,2022-04-03,2022-04-03 22:00:00,5,Cavaliers,Cleveland,CLE,35,78,44.9,15,33,45.5,23,31,74.2,7,34,24,10,3,9,28,12,3,0
401360990,2022,2022-04-03,2022-04-03 22:00:00,18,Knicks,New York,NY,45,93,48.4,15,44,34.1,13,16,81.3,13,43,29,9,7,9,22,35,1,0
401360990,2022,2022-04-03,2022-04-03 22:00:00,19,Magic,Orlando,ORL,30,85,35.3,12,44,27.3,16,27,59.3,8,32,18,5,2,11,12,1,0,0
401360991,2022,2022-04-03,2022-04-03 23:00:00,14,Heat,Miami,MIA,41,79,51.9,18,38,47.4,14,22,63.6,8,30,30,9,4,17,21,10,0,1
401360991,2022,2022-04-03,2022-04-03 23:00:00,28,Raptors,Toronto,TOR,35,83,42.2,12,39,30.8,27,34,79.4,10,28,19,12,1,14,20,13,3,0
401360992,2022,2022-04-03,2022-04-03 23:00:00,16,Timberwolves,Minnesota,MIN,51,86,59.3,17,41,41.5,20,25,80.0,7,25,32,13,6,19,27,27,0,0
401360992,2022,2022-04-03,2022-04-03 23:00:00,10,Rockets,Houston,HOU,48,85,56.5,16,40,40.0,20,29,69.0,11,25,28,8,4,23,24,3,1,2
401360993,2022,2022-04-03,2022-04-03 23:00:00,21,Suns,Phoenix,PHX,37,89,41.6,7,38,18.4,15,17,88.2,6,27,22,14,4,11,17,12,0,0
401360993,2022,2022-04-03,2022-04-03 23:00:00,25,Thunder,Oklahoma City,OKC,43,87,49.4,17,41,41.5,14,18,77.8,12,42,33,7,4,16,18,22,2,0
401360994,2022,2022-04-03,2022-04-03 23:00:00,22,Trail Blazers,Portland,POR,33,84,39.3,16,45,35.6,10,15,66.7,7,32,22,7,4,14,22,13,0,0
401360994,2022,2022-04-03,2022-04-03 23:00:00,24,Spurs,San Antonio,SA,38,84,45.2,14,42,33.3,23,30,76.7,10,41,25,9,1,12,18,21,1,0
401360995,2022,2022-04-03,2022-04-04 01:00:00,9,Warriors,Golden State,GS,41,79,51.9,16,34,47.1,11,15,73.3,7,40,29,8,8,15,28,26,2,2
401360995,2022,2022-04-03,2022-04-04 01:00:00,23,Kings,Sacramento,SAC,31,81,38.3,7,33,21.2,21,24,87.5,6,29,19,5,1,12,15,3,1,1
401360996,2022,2022-04-03,2022-04-04 01:30:00,3,Pelicans,New Orleans,NO,35,87,40.2,9,24,37.5,21,27,77.8,19,35,22,4,5,15,13,4,1,1
401360996,2022,2022-04-03,2022-04-04 01:30:00,12,Clippers,LA,LAC,45,95,47.4,21,44,47.7,8,10,80.0,12,29,33,10,5,10,21,26,0,0
401360980,2022,2022-04-02,2022-04-02 16:30:00,30,Hornets,Charlotte,CHA,42,87,48.3,11,30,36.7,19,24,79.2,7,25,34,14,1,17,18,6,0,0
401360980,2022,2022-04-02,2022-04-02 16:30:00,20,76ers,Philadelphia,PHI,53,87,60.9,21,43,48.8,17,21,81.0,10,37,38,10,5,19,18,35,0,0
401360981,2022,2022-04-02,2022-04-02 17:00:00,5,Cavaliers,Cleveland,CLE,44,81,54.3,15,34,44.1,16,21,76.2,7,36,26,6,3,9,24,23,3,0
401360981,2022,2022-04-02,2022-04-02 17:00:00,18,Knicks,New York,NY,31,77,40.3,13,30,43.3,26,34,76.5,6,29,19,6,4,10,19,0,1,0
401360982,2022,2022-04-02,2022-04-02 23:30:00,17,Nets,Brooklyn,BKN,42,99,42.4,17,37,45.9,14,19,73.7,10,42,17,5,3,13,29,10,0,0
401360982,2022,2022-04-02,2022-04-02 23:30:00,1,Hawks,Atlanta,ATL,36,86,41.9,13,41,31.7,37,49,75.5,10,44,18,10,4,6,18,15,1,0
401360983,2022,2022-04-02,2022-04-03 00:00:00,14,Heat,Miami,MIA,44,82,53.7,17,34,50.0,22,27,81.5,5,36,28,4,1,9,21,21,0,1
401360983,2022,2022-04-02,2022-04-03 00:00:00,4,Bulls,Chicago,CHI,37,86,43.0,9,34,26.5,26,29,89.7,11,28,21,5,4,5,19,6,1,0
401360984,2022,2022-04-02,2022-04-03 00:30:00,26,Jazz,Utah,UTAH,38,89,42.7,15,46,32.6,16,22,72.7,12,35,19,8,2,12,17,21,1,0
401360984,2022,2022-04-02,2022-04-03 00:30:00,9,Warriors,Golden State,GS,40,84,47.6,20,48,41.7,11,12,91.7,6,35,30,5,6,11,22,5,0,1
401360970,2022,2022-04-01,2022-04-01 23:00:00,28,Raptors,Toronto,TOR,36,86,41.9,13,42,31.0,17,20,85.0,10,31,21,13,3,10,14,22,0,1
401360970,2022,2022-04-01,2022-04-01 23:00:00,19,Magic,Orlando,ORL,34,79,43.0,11,35,31.4,10,11,90.9,9,36,24,6,4,20,14,3,2,0
401360971,2022,2022-04-01,2022-04-01 23:00:00,6,Mavericks,Dallas,DAL,34,78,43.6,11,38,28.9,24,26,92.3,5,31,14,3,3,13,16,0,0,4
401360971,2022,2022-04-01,2022-04-01 23:00:00,27,Wizards,Washington,WSH,49,90,54.4,17,33,51.5,20,22,90.9,8,37,33,7,4,9,19,34,0,0
401360972,2022,2022-04-01,2022-04-01 23:30:00,11,Pacers,Indiana,IND,42,81,51.9,17,36,47.2,22,23,95.7,8,22,25,9,3,16,30,0,0,0
401360972,2022,2022-04-01,2022-04-01 23:30:00,2,Celtics,Boston,BOS,45,83,54.2,12,33,36.4,26,28,92.9,11,29,29,7,4,15,19,10,1,0
401360973,2022,2022-04-01,2022-04-02 00:00:00,23,Kings,Sacramento,SAC,42,81,51.9,12,28,42.9,26,34,76.5,8,39,29,6,11,13,19,11,0,1
401360973,2022,2022-04-01,2022-04-02 00:00:00,10,Rockets,Houston,HOU,41,97,42.3,17,45,37.8,18,26,69.2,15,30,26,9,7,10,25,19,1,2
401360974,2022,2022-04-01,2022-04-02 00:00:00,21,Suns,Phoenix,PHX,47,86,54.7,10,27,37.0,10,17,58.8,2,37,27,8,4,17,25,3,3,1
401360974,2022,2022-04-01,2022-04-02 00:00:00,29,Grizzlies,Memphis,MEM,46,102,45.1,7,24,29.2,23,28,82.1,16,32,30,7,2,11,18,16,0,3
401360975,2022,2022-04-01,2022-04-02 00:00:00,12,Clippers,LA,LAC,56,92,60.9,23,43,53.5,18,24,75.0,8,28,34,9,7,9,17,43,1,0
401360975,2022,2022-04-01,2022-04-02 00:00:00,15,Bucks,Milwaukee,MIL,50,94,53.2,8,25,32.0,11,18,61.1,13,25,30,6,5,15,19,5,0,2
401360976,2022,2022-04-01,2022-04-02 00:00:00,8,Pistons,Detroit,DET,40,94,42.6,15,48,31.3,15,18,83.3,8,36,29,9,8,8,20,22,0,0
401360976,2022,2022-04-01,2022-04-02 00:00:00,25,Thunder,Oklahoma City,OKC,36,84,42.9,11,34,32.4,18,29,62.1,12,42,24,1,8,15,15,7,2,1
401360977,2022,2022-04-01,2022-04-02 00:30:00,22,Trail Blazers,Portland,POR,41,92,44.6,15,35,42.9,14,20,70.0,12,30,27,12,2,10,20,8,2,0
401360977,2022,2022-04-01,2022-04-02 00:30:00,24,Spurs,San Antonio,SA,46,81,56.8,16,37,43.2,22,28,78.6,8,36,34,9,6,14,16,31,1,1
401360978,2022,2022-04-01,2022-04-02 01:00:00,16,Timberwolves,Minnesota,MIN,43,86,50.0,19,40,47.5,31,36,86.1,10,28,26,14,4,11,23,15,1,1
401360978,2022,2022-04-01,2022-04-02 01:00:00,7,Nuggets,Denver,DEN,46,86,53.5,12,35,34.3,26,29,89.7,10,34,36,7,2,18,23,5,0,2
401360979,2022,2022-04-01,2022-04-02 02:30:00,3,Pelicans,New Orleans,NO,41,79,51.9,7,26,26.9,25,29,86.2,4,33,23,8,4,13,21,5,2,1
401360979,2022,2022-04-01,2022-04-02 02:30:00,13,Lakers,Los Angeles,LAL,39,82,47.6,11,27,40.7,22,31,71.0,7,33,24,10,1,15,24,6,2,0
401360966,2022,2022-03-31,2022-03-31 23:00:00,20,76ers,Philadelphia,PHI,31,69,44.9,7,26,26.9,25,28,89.3,4,35,22,8,9,15,17,8,0,0
401360966,2022,2022-03-31,2022-03-31 23:00:00,8,Pistons,Detroit,DET,41,82,50.0,10,35,28.6,10,15,66.7,5,33,26,11,4,9,21,13,1,0
401360967,2022,2022-03-31,2022-03-31 23:30:00,15,Bucks,Milwaukee,MIL,40,89,45.0,12,41,29.0,28,34,82.0,11,46,17,12,3,22,14,4,1,0
401360967,2022,2022-03-31,2022-03-31 23:30:00,17,Nets,Brooklyn,BKN,45,97,46.0,18,37,49.0,11,16,69.0,5,36,31,12,7,16,25,11,0,0
401401145,2022,2022-03-31,2022-03-31 23:30:00,5,Cavaliers,Cleveland,CLE,39,90,43.3,7,30,23.3,22,28,78.6,15,32,19,6,5,14,20,0,0,0
401401145,2022,2022-03-31,2022-03-31 23:30:00,1,Hawks,Atlanta,ATL,45,91,49.5,17,39,43.6,24,28,85.7,12,36,27,7,4,8,22,33,1,0
401360968,2022,2022-03-31,2022-04-01 00:00:00,12,Clippers,LA,LAC,45,90,50.0,16,36,44.4,24,26,92.3,4,36,26,7,5,12,24,16,0,1
401360968,2022,2022-03-31,2022-04-01 00:00:00,4,Bulls,Chicago,CHI,50,102,49.0,10,29,34.5,25,32,78.1,13,37,24,6,3,8,17,6,0,0
401360969,2022,2022-03-31,2022-04-01 02:00:00,13,Lakers,Los Angeles,LAL,41,83,49.4,7,25,28.0,20,28,71.4,9,31,18,5,3,11,21,0,0,0
401360969,2022,2022-03-31,2022-04-01 02:00:00,26,Jazz,Utah,UTAH,46,90,51.1,15,44,34.1,15,24,62.5,9,32,25,7,2,8,20,18,0,2
401360955,2022,2022-03-30,2022-03-30 23:00:00,6,Mavericks,Dallas,DAL,46,88,52.3,16,42,38.1,12,15,80.0,9,29,28,6,6,11,17,15,1,0
401360955,2022,2022-03-30,2022-03-30 23:00:00,5,Cavaliers,Cleveland,CLE,42,83,50.6,11,25,44.0,17,22,77.3,9,30,24,7,3,13,15,8,2,0
401360956,2022,2022-03-30,2022-03-30 23:00:00,7,Nuggets,Denver,DEN,50,80,62.5,12,28,42.9,13,14,92.9,8,35,33,6,4,19,20,31,1,3
401360956,2022,2022-03-30,2022-03-30 23:00:00,11,Pacers,Indiana,IND,44,97,45.4,12,40,30.0,18,23,78.3,18,19,29,11,4,8,21,2,0,1
401360957,2022,2022-03-30,2022-03-30 23:00:00,19,Magic,Orlando,ORL,40,96,41.7,11,34,32.4,19,22,86.4,11,31,21,8,5,11,23,12,1,0
401360957,2022,2022-03-30,2022-03-30 23:00:00,27,Wizards,Washington,WSH,47,92,51.1,13,36,36.1,20,26,76.9,12,39,35,5,8,11,15,19,1,1
401360958,2022,2022-03-30,2022-03-30 23:30:00,14,Heat,Miami,MIA,38,79,48.1,13,34,38.2,17,25,68.0,4,38,27,9,6,15,23,11,3,1
401360958,2022,2022-03-30,2022-03-30 23:30:00,2,Celtics,Boston,BOS,35,85,41.2,11,37,29.7,17,23,73.9,8,36,27,9,1,17,22,7,1,2
401360959,2022,2022-03-30,2022-03-30 23:30:00,30,Hornets,Charlotte,CHA,49,90,54.4,12,35,34.3,15,17,88.2,8,32,39,7,3,11,21,12,1,0
401360959,2022,2022-03-30,2022-03-30 23:30:00,18,Knicks,New York,NY,40,85,47.1,16,44,36.4,18,26,69.2,11,32,23,5,5,12,19,6,2,0
401360960,2022,2022-03-30,2022-03-30 23:30:00,16,Timberwolves,Minnesota,MIN,37,92,40.2,11,37,29.7,17,23,73.9,17,31,26,11,9,21,19,17,1,2
401360960,2022,2022-03-30,2022-03-30 23:30:00,28,Raptors,Toronto,TOR,48,96,50.0,18,36,50.0,11,15,73.3,11,36,32,9,4,17,23,27,2,0
401360961,2022,2022-03-30,2022-03-31 00:00:00,23,Kings,Sacramento,SAC,44,95,46.3,7,26,26.9,26,36,72.2,13,31,21,7,10,9,21,14,0,0
401360961,2022,2022-03-30,2022-03-31 00:00:00,10,Rockets,Houston,HOU,43,94,45.7,13,42,31.0,19,25,76.0,12,39,23,7,4,17,34,14,1,2
401360962,2022,2022-03-30,2022-03-31 00:00:00,1,Hawks,Atlanta,ATL,49,91,53.8,18,39,46.2,20,22,90.9,6,37,28,10,4,12,19,34,1,0
401360962,2022,2022-03-30,2022-03-31 00:00:00,25,Thunder,Oklahoma City,OKC,41,87,47.1,17,41,41.5,19,27,70.4,10,32,31,5,2,18,17,0,0,1
401360963,2022,2022-03-30,2022-03-31 00:30:00,29,Grizzlies,Memphis,MEM,44,91,48.4,16,39,41.0,8,11,72.7,12,28,26,8,5,12,15,18,2,2
401360963,2022,2022-03-30,2022-03-31 00:30:00,24,Spurs,San Antonio,SA,42,83,50.6,14,35,40.0,13,16,81.3,7,30,26,8,1,14,13,0,1,1
401360964,2022,2022-03-30,2022-03-31 02:00:00,21,Suns,Phoenix,PHX,38,92,41.3,7,28,25.0,24,30,80.0,12,34,20,9,1,14,19,11,0,1
401360964,2022,2022-03-30,2022-03-31 02:00:00,9,Warriors,Golden State,GS,35,83,42.2,13,38,34.2,20,25,80.0,10,38,26,7,4,21,24,7,0,1
401360965,2022,2022-03-30,2022-03-31 02:00:00,3,Pelicans,New Orleans,NO,40,78,51.3,6,24,25.0,31,39,79.5,12,28,26,16,6,14,16,13,0,0
401360965,2022,2022-03-30,2022-03-31 02:00:00,22,Trail Blazers,Portland,POR,39,85,45.9,14,42,33.3,15,18,83.3,13,28,30,7,4,20,27,8,2,0
401360950,2022,2022-03-29,2022-03-29 23:00:00,15,Bucks,Milwaukee,MIL,44,88,50.0,14,38,36.8,16,23,69.6,9,39,26,5,4,10,17,11,1,0
401360950,2022,2022-03-29,2022-03-29 23:00:00,20,76ers,Philadelphia,PHI,43,89,48.3,16,41,39.0,14,18,77.8,5,35,28,7,3,8,19,14,1,0
401360951,2022,2022-03-29,2022-03-29 23:00:00,4,Bulls,Chicago,CHI,43,85,50.6,6,18,33.3,15,18,83.3,6,30,26,9,1,8,14,15,1,0
401360951,2022,2022-03-29,2022-03-29 23:00:00,27,Wizards,Washington,WSH,38,79,48.1,6,26,23.1,12,17,70.6,7,30,25,6,7,14,17,3,0,0
401360952,2022,2022-03-29,2022-03-29 23:30:00,8,Pistons,Detroit,DET,48,99,48.5,16,38,42.1,11,13,84.6,16,23,28,11,4,12,25,12,2,0
401360952,2022,2022-03-29,2022-03-29 23:30:00,17,Nets,Brooklyn,BKN,42,76,55.3,15,28,53.6,31,34,91.2,8,33,24,9,6,19,19,10,0,0
401360953,2022,2022-03-29,2022-03-29 23:30:00,13,Lakers,Los Angeles,LAL,40,89,44.9,12,44,27.3,18,22,81.8,14,34,20,7,2,9,22,0,0,0
401360953,2022,2022-03-29,2022-03-29 23:30:00,6,Mavericks,Dallas,DAL,45,87,51.7,20,46,43.5,18,23,78.3,11,35,27,5,1,7,14,37,1,0
401360954,2022,2022-03-29,2022-03-30 02:00:00,26,Jazz,Utah,UTAH,43,78,55.0,12,31,39.0,17,29,59.0,10,28,23,5,5,14,24,25,1,0
401360954,2022,2022-03-29,2022-03-30 02:00:00,12,Clippers,LA,LAC,41,83,49.0,15,36,42.0,24,28,86.0,10,23,21,8,4,8,23,6,3,0
401360941,2022,2022-03-28,2022-03-28 23:00:00,7,Nuggets,Denver,DEN,40,86,46.5,12,33,36.4,21,28,75.0,17,34,29,7,3,16,17,13,0,1
401360941,2022,2022-03-28,2022-03-28 23:00:00,30,Hornets,Charlotte,CHA,44,93,47.3,13,42,31.0,8,12,66.7,8,32,33,11,3,14,21,6,1,2
401360942,2022,2022-03-28,2022-03-28 23:00:00,19,Magic,Orlando,ORL,42,87,48.3,10,37,27.0,7,13,53.8,8,37,31,6,1,17,24,4,0,0
401360942,2022,2022-03-28,2022-03-28 23:00:00,5,Cavaliers,Cleveland,CLE,37,83,44.6,13,41,31.7,20,23,87.0,6,35,26,11,4,13,13,20,2,0
401360943,2022,2022-03-28,2022-03-28 23:00:00,1,Hawks,Atlanta,ATL,47,86,54.7,17,35,48.6,21,26,80.8,13,27,32,11,4,13,19,18,2,0
401360943,2022,2022-03-28,2022-03-28 23:00:00,11,Pacers,Indiana,IND,45,87,51.7,17,36,47.2,16,18,88.9,8,20,32,7,6,14,22,2,0,2
401360944,2022,2022-03-28,2022-03-28 23:30:00,23,Kings,Sacramento,SAC,37,81,45.7,12,35,34.3,14,18,77.8,5,27,21,6,2,14,12,6,0,0
401360944,2022,2022-03-28,2022-03-28 23:30:00,14,Heat,Miami,MIA,49,90,54.4,19,40,47.5,6,6,100.0,10,38,30,7,1,15,20,26,1,1
401360945,2022,2022-03-28,2022-03-28 23:30:00,4,Bulls,Chicago,CHI,34,79,43.0,6,23,26.1,30,33,90.9,6,41,16,6,3,12,24,12,2,1
401360945,2022,2022-03-28,2022-03-28 23:30:00,18,Knicks,New York,NY,38,89,42.7,12,35,34.3,21,35,60.0,13,33,19,4,4,6,22,13,0,2
401360946,2022,2022-03-28,2022-03-28 23:30:00,2,Celtics,Boston,BOS,39,95,41.1,12,40,30.0,22,28,78.6,16,41,23,5,7,16,15,11,1,1
401360946,2022,2022-03-28,2022-03-28 23:30:00,28,Raptors,Toronto,TOR,46,106,43.4,10,39,25.6,13,18,72.2,16,36,16,10,11,10,28,3,0,1
401360947,2022,2022-03-28,2022-03-29 00:00:00,24,Spurs,San Antonio,SA,47,100,47.0,7,29,24.1,22,28,78.6,17,39,28,11,5,12,20,16,1,0
401360947,2022,2022-03-28,2022-03-29 00:00:00,10,Rockets,Houston,HOU,38,92,41.3,20,49,40.8,24,28,85.7,10,34,26,5,9,12,24,3,0,0
401360948,2022,2022-03-28,2022-03-29 00:00:00,9,Warriors,Golden State,GS,33,81,40.7,9,29,31.0,20,26,76.9,7,33,18,6,7,15,27,5,2,2
401360948,2022,2022-03-28,2022-03-29 00:00:00,29,Grizzlies,Memphis,MEM,43,92,46.7,12,30,40.0,25,35,71.4,13,39,26,11,3,13,21,37,1,1
401360949,2022,2022-03-28,2022-03-29 02:00:00,25,Thunder,Oklahoma City,OKC,48,90,53.3,20,45,44.4,18,25,72.0,11,38,32,7,3,20,15,7,1,0
401360949,2022,2022-03-28,2022-03-29 02:00:00,22,Trail Blazers,Portland,POR,51,112,45.5,20,50,40.0,9,13,69.2,19,28,28,17,5,11,23,10,0,0
401360934,2022,2022-03-27,2022-03-27 19:30:00,18,Knicks,New York,NY,34,85,40.0,13,41,31.7,23,29,79.3,13,38,19,8,8,12,16,21,2,0
401360934,2022,2022-03-27,2022-03-27 19:30:00,8,Pistons,Detroit,DET,39,85,45.9,8,29,27.6,16,18,88.9,9,28,23,8,5,10,21,1,0,1
401360935,2022,2022-03-27,2022-03-27 22:00:00,16,Timberwolves,Minnesota,MIN,45,84,53.6,14,32,43.8,8,12,66.7,4,26,26,7,3,14,21,0,0,2
401360935,2022,2022-03-27,2022-03-27 22:00:00,2,Celtics,Boston,BOS,49,87,56.3,17,39,43.6,19,21,90.5,10,35,27,7,5,13,20,28,0,0
401360936,2022,2022-03-27,2022-03-27 22:00:00,9,Warriors,Golden State,GS,38,89,42.7,8,33,24.2,31,39,79.5,13,33,20,8,2,10,24,0,0,1
401360936,2022,2022-03-27,2022-03-27 22:00:00,27,Wizards,Washington,WSH,44,84,52.4,16,28,57.1,19,22,86.4,5,37,33,5,8,12,24,18,0,3
401360937,2022,2022-03-27,2022-03-27 22:00:00,20,76ers,Philadelphia,PHI,37,89,41.6,10,36,27.8,20,26,76.9,12,33,22,6,4,10,19,15,2,0
401360937,2022,2022-03-27,2022-03-27 22:00:00,21,Suns,Phoenix,PHX,45,87,51.7,13,27,48.1,11,17,64.7,5,35,24,5,5,12,21,12,1,0
401360938,2022,2022-03-27,2022-03-27 23:00:00,13,Lakers,Los Angeles,LAL,42,80,52.5,14,35,40.0,10,16,62.5,7,32,26,5,2,15,20,23,0,0
401360938,2022,2022-03-27,2022-03-27 23:00:00,3,Pelicans,New Orleans,NO,44,91,48.4,9,27,33.3,19,24,79.2,12,29,25,10,1,7,13,8,0,2
401360939,2022,2022-03-27,2022-03-27 23:30:00,30,Hornets,Charlotte,CHA,42,98,42.9,17,32,53.1,18,23,78.3,17,36,26,6,2,11,22,11,1,0
401360939,2022,2022-03-27,2022-03-27 23:30:00,17,Nets,Brooklyn,BKN,43,97,44.3,7,34,20.6,17,26,65.4,14,36,30,9,11,9,20,14,2,1
401360940,2022,2022-03-27,2022-03-27 23:30:00,26,Jazz,Utah,UTAH,41,89,46.1,12,34,35.3,6,10,60.0,7,29,23,5,1,6,20,11,0,0
401360940,2022,2022-03-27,2022-03-27 23:30:00,6,Mavericks,Dallas,DAL,40,77,51.9,17,34,50.0,17,24,70.8,10,35,21,3,2,8,13,19,2,0
401360926,2022,2022-03-26,2022-03-26 21:00:00,24,Spurs,San Antonio,SA,39,92,42.4,7,26,26.9,22,25,88.0,16,33,22,4,6,10,17,10,0,2
401360926,2022,2022-03-26,2022-03-26 21:00:00,3,Pelicans,New Orleans,NO,40,90,44.4,10,32,31.3,13,19,68.4,12,30,23,4,11,8,19,12,0,2
401360927,2022,2022-03-26,2022-03-26 23:00:00,23,Kings,Sacramento,SAC,42,98,42.9,11,36,30.6,19,24,79.2,18,41,24,4,4,14,12,13,0,0
401360927,2022,2022-03-26,2022-03-26 23:00:00,19,Magic,Orlando,ORL,45,106,42.5,13,36,36.1,7,7,100.0,15,42,27,9,3,12,20,9,1,1
401360928,2022,2022-03-26,2022-03-26 23:30:00,11,Pacers,Indiana,IND,33,79,41.8,11,36,30.6,14,20,70.0,9,26,23,5,3,13,14,1,1,0
401360928,2022,2022-03-26,2022-03-26 23:30:00,28,Raptors,Toronto,TOR,51,84,60.7,15,32,46.9,14,19,73.7,9,33,34,9,3,6,16,42,0,0
401360929,2022,2022-03-26,2022-03-27 00:00:00,4,Bulls,Chicago,CHI,36,75,48.0,5,21,23.8,21,25,84.0,6,31,23,6,1,13,21,19,2,0
401360929,2022,2022-03-26,2022-03-27 00:00:00,5,Cavaliers,Cleveland,CLE,34,82,41.5,7,31,22.6,19,27,70.4,15,31,17,7,3,13,23,1,0,0
401360930,2022,2022-03-26,2022-03-27 00:00:00,17,Nets,Brooklyn,BKN,39,83,47.0,11,33,33.3,21,26,80.8,11,29,26,15,5,13,22,37,4,3
401360930,2022,2022-03-26,2022-03-27 00:00:00,14,Heat,Miami,MIA,33,75,44.0,10,34,29.4,19,26,73.1,6,33,20,7,5,21,23,8,3,2
401360931,2022,2022-03-26,2022-03-27 00:00:00,15,Bucks,Milwaukee,MIL,37,93,39.8,7,32,21.9,21,26,80.8,14,32,19,4,7,13,21,5,1,0
401360931,2022,2022-03-26,2022-03-27 00:00:00,29,Grizzlies,Memphis,MEM,49,102,48.0,13,37,35.1,16,23,69.6,16,38,30,10,9,8,19,25,0,1
401360932,2022,2022-03-26,2022-03-27 01:00:00,25,Thunder,Oklahoma City,OKC,39,84,46.4,14,36,38.9,15,16,93.8,5,31,29,8,5,16,19,2,1,0
401360932,2022,2022-03-26,2022-03-27 01:00:00,7,Nuggets,Denver,DEN,41,85,48.2,8,31,25.8,23,24,95.8,10,37,33,11,5,15,19,16,0,0
401360933,2022,2022-03-26,2022-03-27 02:00:00,10,Rockets,Houston,HOU,44,84,52.4,15,35,42.9,12,18,66.7,8,30,34,12,8,20,14,19,1,2
401360933,2022,2022-03-26,2022-03-27 02:00:00,22,Trail Blazers,Portland,POR,37,93,39.8,12,40,30.0,12,17,70.6,21,30,21,14,4,21,19,7,2,1
401360919,2022,2022-03-25,2022-03-25 23:00:00,26,Jazz,Utah,UTAH,38,84,45.2,17,47,36.2,8,11,72.7,9,29,25,7,2,11,16,8,1,0
401360919,2022,2022-03-25,2022-03-25 23:00:00,30,Hornets,Charlotte,CHA,41,88,46.6,13,34,38.2,12,17,70.6,16,29,26,7,3,9,17,9,1,0
401360920,2022,2022-03-25,2022-03-25 23:00:00,27,Wizards,Washington,WSH,36,83,43.4,9,30,30.0,19,21,90.5,5,40,23,6,7,17,15,17,0,3
401360920,2022,2022-03-25,2022-03-25 23:00:00,8,Pistons,Detroit,DET,39,95,41.1,6,32,18.8,13,14,92.9,10,38,19,9,8,15,20,6,0,3
401360921,2022,2022-03-25,2022-03-25 23:30:00,9,Warriors,Golden State,GS,43,90,47.8,14,41,34.1,10,13,76.9,14,33,27,4,1,16,22,11,0,0
401360921,2022,2022-03-25,2022-03-25 23:30:00,1,Hawks,Atlanta,ATL,46,89,51.7,14,37,37.8,15,19,78.9,12,32,27,11,4,11,18,18,1,0
401360922,2022,2022-03-25,2022-03-26 00:00:00,18,Knicks,New York,NY,36,82,43.9,17,50,34.0,22,28,78.6,17,25,23,8,2,11,24,8,0,1
401360922,2022,2022-03-25,2022-03-26 00:00:00,14,Heat,Miami,MIA,35,70,50.0,12,33,36.4,21,25,84.0,8,27,18,6,3,15,25,17,0,1
401360923,2022,2022-03-25,2022-03-26 00:00:00,6,Mavericks,Dallas,DAL,35,90,38.9,10,43,23.3,15,19,78.9,10,35,21,4,5,10,19,3,1,1
401360923,2022,2022-03-25,2022-03-26 00:00:00,16,Timberwolves,Minnesota,MIN,43,84,51.2,11,32,34.4,19,24,79.2,6,39,26,4,2,9,21,25,0,2
401360924,2022,2022-03-25,2022-03-26 02:00:00,10,Rockets,Houston,HOU,43,83,51.8,19,45,42.2,20,23,87.0,9,28,27,12,3,14,22,24,2,1
401360924,2022,2022-03-25,2022-03-26 02:00:00,22,Trail Blazers,Portland,POR,43,85,50.6,3,20,15.0,17,23,73.9,13,25,28,6,3,17,21,0,0,0
401360925,2022,2022-03-25,2022-03-26 02:30:00,20,76ers,Philadelphia,PHI,43,92,46.7,15,35,42.9,21,24,87.5,12,40,23,12,8,11,18,28,2,1
401360925,2022,2022-03-25,2022-03-26 02:30:00,12,Clippers,LA,LAC,34,85,40.0,8,25,32.0,21,25,84.0,9,30,19,7,7,16,18,5,0,2
401360914,2022,2022-03-24,2022-03-24 23:30:00,5,Cavaliers,Cleveland,CLE,37,79,46.8,12,30,40.0,18,22,81.8,9,27,24,4,3,13,14,5,0,0
401360914,2022,2022-03-24,2022-03-24 23:30:00,28,Raptors,Toronto,TOR,42,89,47.2,16,37,43.2,17,19,89.5,13,27,26,9,5,8,22,17,1,0
401360915,2022,2022-03-24,2022-03-25 00:00:00,11,Pacers,Indiana,IND,39,92,42.4,9,33,27.3,16,23,69.6,9,22,20,7,8,11,19,0,0,0
401360915,2022,2022-03-24,2022-03-25 00:00:00,29,Grizzlies,Memphis,MEM,50,93,53.8,21,42,50.0,12,17,70.6,16,39,34,8,9,14,22,38,3,0
401360916,2022,2022-03-24,2022-03-25 00:00:00,27,Wizards,Washington,WSH,43,92,46.7,11,38,28.9,5,9,55.6,12,29,25,9,1,11,17,0,0,0
401360916,2022,2022-03-24,2022-03-25 00:00:00,15,Bucks,Milwaukee,MIL,42,81,51.9,16,35,45.7,14,16,87.5,4,37,23,5,2,15,17,28,1,0
401360917,2022,2022-03-24,2022-03-25 00:00:00,4,Bulls,Chicago,CHI,40,78,51.3,14,34,41.2,15,19,78.9,4,29,25,5,4,15,24,9,0,2
401360917,2022,2022-03-24,2022-03-25 00:00:00,3,Pelicans,New Orleans,NO,41,83,49.4,12,29,41.4,32,34,94.1,10,33,23,10,2,10,17,17,1,2
401360918,2022,2022-03-24,2022-03-25 01:00:00,21,Suns,Phoenix,PHX,52,86,60.5,13,27,48.1,23,29,79.3,5,24,32,7,3,8,23,10,1,1
401360918,2022,2022-03-24,2022-03-25 01:00:00,7,Nuggets,Denver,DEN,48,81,59.3,15,32,46.9,19,27,70.4,10,27,27,5,2,16,22,9,1,1
401360903,2022,2022-03-23,2022-03-23 23:00:00,18,Knicks,New York,NY,43,83,51.8,20,45,44.4,15,17,88.2,6,34,30,5,3,7,17,20,2,0
401360903,2022,2022-03-23,2022-03-23 23:00:00,30,Hornets,Charlotte,CHA,42,89,47.2,13,46,28.3,9,17,52.9,14,31,26,5,4,9,18,0,2,0
401360904,2022,2022-03-23,2022-03-23 23:00:00,1,Hawks,Atlanta,ATL,37,92,40.2,14,44,31.8,13,15,86.7,9,31,21,8,3,14,17,5,0,2
401360904,2022,2022-03-23,2022-03-23 23:00:00,8,Pistons,Detroit,DET,44,88,50.0,12,33,36.4,22,25,88.0,9,45,30,10,4,15,19,29,1,0
401360905,2022,2022-03-23,2022-03-23 23:00:00,23,Kings,Sacramento,SAC,43,82,52.4,12,37,32.4,12,17,70.6,4,32,26,7,3,16,10,11,1,0
401360905,2022,2022-03-23,2022-03-23 23:00:00,11,Pacers,Indiana,IND,42,91,46.2,14,36,38.9,11,11,100.0,10,32,34,11,3,15,17,11,0,1
401360906,2022,2022-03-23,2022-03-23 23:30:00,26,Jazz,Utah,UTAH,35,88,39.8,8,36,22.2,19,21,90.5,16,24,13,8,1,14,14,2,0,0
401360906,2022,2022-03-23,2022-03-23 23:30:00,2,Celtics,Boston,BOS,50,84,59.5,19,36,52.8,6,7,85.7,8,31,37,8,10,12,20,32,1,0
401360907,2022,2022-03-23,2022-03-23 23:30:00,9,Warriors,Golden State,GS,40,77,51.9,15,36,41.7,23,27,85.2,7,38,23,5,2,11,24,19,2,0
401360907,2022,2022-03-23,2022-03-23 23:30:00,14,Heat,Miami,MIA,37,85,43.5,14,36,38.9,16,21,76.2,8,26,26,8,1,9,19,11,1,0
401360908,2022,2022-03-23,2022-03-23 23:30:00,17,Nets,Brooklyn,BKN,43,87,49.4,9,25,36.0,25,27,92.6,10,29,18,6,10,14,20,3,0,0
401360908,2022,2022-03-23,2022-03-23 23:30:00,29,Grizzlies,Memphis,MEM,47,101,46.5,19,38,50.0,19,22,86.4,16,30,28,8,7,12,22,18,1,1
401360909,2022,2022-03-23,2022-03-24 00:00:00,21,Suns,Phoenix,PHX,45,86,52.3,12,33,36.4,23,29,79.3,11,32,30,6,9,12,20,14,1,4
401360909,2022,2022-03-23,2022-03-24 00:00:00,16,Timberwolves,Minnesota,MIN,42,95,44.2,13,43,30.2,19,22,86.4,15,30,27,5,5,12,21,15,0,4
401360910,2022,2022-03-23,2022-03-24 00:00:00,19,Magic,Orlando,ORL,36,93,38.7,17,51,33.3,13,16,81.3,9,36,24,3,3,10,22,13,1,1
401360910,2022,2022-03-23,2022-03-24 00:00:00,25,Thunder,Oklahoma City,OKC,38,79,48.1,17,41,41.5,25,30,83.3,5,39,21,6,6,11,16,19,1,0
401360911,2022,2022-03-23,2022-03-24 00:30:00,10,Rockets,Houston,HOU,33,82,40.2,4,28,14.3,21,28,75.0,12,33,17,8,5,15,21,6,1,0
401360911,2022,2022-03-23,2022-03-24 00:30:00,6,Mavericks,Dallas,DAL,42,86,48.8,8,33,24.2,18,22,81.8,8,34,24,9,1,12,24,26,1,0
401360912,2022,2022-03-23,2022-03-24 02:00:00,20,76ers,Philadelphia,PHI,47,91,51.6,10,27,37.0,22,28,78.6,8,35,26,7,5,7,13,14,0,0
401360912,2022,2022-03-23,2022-03-24 02:00:00,13,Lakers,Los Angeles,LAL,50,97,51.5,11,30,36.7,10,16,62.5,11,34,25,6,3,12,19,7,0,3
401360913,2022,2022-03-23,2022-03-24 02:00:00,24,Spurs,San Antonio,SA,46,94,48.9,19,44,43.2,22,24,91.7,14,39,34,8,11,13,13,43,1,1
401360913,2022,2022-03-23,2022-03-24 02:00:00,22,Trail Blazers,Portland,POR,36,94,38.3,7,26,26.9,17,18,94.4,12,31,18,5,5,16,21,7,2,1
401360899,2022,2022-03-22,2022-03-22 23:00:00,9,Warriors,Golden State,GS,34,85,40.0,11,32,34.4,11,16,68.8,12,36,21,6,3,18,23,14,0,0
401360899,2022,2022-03-22,2022-03-22 23:00:00,19,Magic,Orlando,ORL,34,79,43.0,10,36,27.8,16,20,80.0,6,33,25,9,6,13,14,13,1,2
401360900,2022,2022-03-22,2022-03-22 23:30:00,1,Hawks,Atlanta,ATL,40,81,49.4,15,36,41.7,22,27,81.5,10,33,26,7,5,14,18,11,0,0
401360900,2022,2022-03-22,2022-03-22 23:30:00,18,Knicks,New York,NY,42,86,48.8,13,34,38.2,14,26,53.8,14,27,20,12,4,13,23,12,1,0
401360901,2022,2022-03-22,2022-03-23 00:00:00,4,Bulls,Chicago,CHI,39,92,42.4,13,33,39.4,7,13,53.8,5,28,21,9,4,7,12,3,0,2
401360901,2022,2022-03-22,2022-03-23 00:00:00,15,Bucks,Milwaukee,MIL,50,82,61.0,12,28,42.9,14,20,70.0,5,48,26,4,6,14,12,35,1,2
401360902,2022,2022-03-22,2022-03-23 02:00:00,12,Clippers,LA,LAC,42,86,48.8,10,32,31.3,21,26,80.8,6,29,27,3,7,6,19,3,0,2
401360902,2022,2022-03-22,2022-03-23 02:00:00,7,Nuggets,Denver,DEN,45,83,54.2,16,32,50.0,21,23,91.3,6,34,31,4,5,9,19,14,2,2
401360890,2022,2022-03-21,2022-03-21 23:00:00,3,Pelicans,New Orleans,NO,40,90,44.4,9,24,37.5,14,16,87.5,15,32,23,9,4,15,16,9,0,1
401360890,2022,2022-03-21,2022-03-21 23:00:00,30,Hornets,Charlotte,CHA,40,79,50.6,13,37,35.1,13,15,86.7,5,30,34,5,10,17,19,3,0,0
401360891,2022,2022-03-21,2022-03-21 23:00:00,13,Lakers,Los Angeles,LAL,53,94,56.4,12,32,37.5,13,16,81.3,9,32,34,7,3,8,19,13,0,0
401360891,2022,2022-03-21,2022-03-21 23:00:00,5,Cavaliers,Cleveland,CLE,45,86,52.3,14,39,35.9,16,19,84.2,8,30,29,3,2,12,19,14,0,0
401360892,2022,2022-03-21,2022-03-21 23:00:00,22,Trail Blazers,Portland,POR,37,88,42.0,8,28,28.6,37,49,75.5,17,30,22,15,7,9,26,23,0,1
401360892,2022,2022-03-21,2022-03-21 23:00:00,8,Pistons,Detroit,DET,36,85,42.4,9,35,25.7,34,41,82.9,12,36,22,8,5,18,34,3,2,0
401360893,2022,2022-03-21,2022-03-21 23:30:00,14,Heat,Miami,MIA,38,80,47.5,10,33,30.3,20,20,100.0,4,30,23,6,4,12,16,6,0,0
401360893,2022,2022-03-21,2022-03-21 23:30:00,20,76ers,Philadelphia,PHI,43,86,50.0,15,37,40.5,12,16,75.0,11,34,26,6,4,11,20,11,1,1
401360894,2022,2022-03-21,2022-03-21 23:30:00,26,Jazz,Utah,UTAH,37,83,44.6,14,39,35.9,18,22,81.8,11,26,18,8,7,13,16,7,1,0
401360894,2022,2022-03-21,2022-03-21 23:30:00,17,Nets,Brooklyn,BKN,45,83,54.2,11,30,36.7,13,15,86.7,7,34,31,5,4,14,19,21,0,1
401360895,2022,2022-03-21,2022-03-22 00:00:00,28,Raptors,Toronto,TOR,40,91,44.0,6,32,18.8,13,15,86.7,14,35,26,5,6,12,20,5,2,0
401360895,2022,2022-03-21,2022-03-22 00:00:00,4,Bulls,Chicago,CHI,44,90,48.9,11,28,39.3,14,24,58.3,14,28,28,6,7,5,14,21,1,0
401360896,2022,2022-03-21,2022-03-22 00:00:00,27,Wizards,Washington,WSH,35,85,41.2,6,29,20.7,21,24,87.5,10,37,24,7,6,11,15,23,0,1
401360896,2022,2022-03-21,2022-03-22 00:00:00,10,Rockets,Houston,HOU,42,85,49.4,20,39,51.3,11,13,84.6,6,38,30,5,8,12,22,20,1,0
401360897,2022,2022-03-21,2022-03-22 00:00:00,2,Celtics,Boston,BOS,44,86,51.2,15,40,37.5,29,34,85.3,6,36,22,8,7,8,18,26,1,0
401360897,2022,2022-03-21,2022-03-22 00:00:00,25,Thunder,Oklahoma City,OKC,48,93,51.6,17,37,45.9,10,14,71.4,10,32,23,5,4,11,26,0,0,0
401360898,2022,2022-03-21,2022-03-22 00:30:00,16,Timberwolves,Minnesota,MIN,36,91,39.6,13,36,36.1,23,29,79.3,15,35,21,9,3,9,18,6,0,0
401360898,2022,2022-03-21,2022-03-22 00:30:00,6,Mavericks,Dallas,DAL,40,83,48.2,14,46,30.4,16,21,76.2,7,40,27,5,3,11,21,16,1,0
401360881,2022,2022-03-20,2022-03-20 19:30:00,22,Trail Blazers,Portland,POR,38,81,46.9,9,33,27.3,13,18,72.2,10,22,23,10,3,17,19,0,1,1
401360881,2022,2022-03-20,2022-03-20 19:30:00,11,Pacers,Indiana,IND,48,84,57.1,15,35,42.9,18,21,85.7,11,30,38,10,2,14,19,31,2,0
401360882,2022,2022-03-20,2022-03-20 19:30:00,29,Grizzlies,Memphis,MEM,46,96,47.9,16,34,47.1,14,17,82.4,7,44,26,14,6,13,24,28,1,1
401360882,2022,2022-03-20,2022-03-20 19:30:00,10,Rockets,Houston,HOU,37,86,43.0,10,31,32.3,14,24,58.3,5,40,26,6,3,17,16,2,0,1
401360883,2022,2022-03-20,2022-03-20 22:00:00,3,Pelicans,New Orleans,NO,43,96,44.8,7,21,33.3,24,27,88.9,18,36,22,12,1,15,23,19,1,0
401360883,2022,2022-03-20,2022-03-20 22:00:00,1,Hawks,Atlanta,ATL,41,87,47.1,10,32,31.3,20,23,87.0,7,33,22,7,4,16,22,5,0,0
401360884,2022,2022-03-20,2022-03-20 22:00:00,25,Thunder,Oklahoma City,OKC,30,92,32.6,13,48,27.1,12,18,66.7,14,33,19,13,7,16,24,8,0,1
401360884,2022,2022-03-20,2022-03-20 22:00:00,19,Magic,Orlando,ORL,32,83,38.6,7,31,22.6,19,24,79.2,15,45,22,11,4,21,17,7,0,1
401360885,2022,2022-03-20,2022-03-20 22:00:00,21,Suns,Phoenix,PHX,46,92,50.0,12,28,42.9,23,27,85.2,10,40,25,12,5,17,30,4,1,0
401360885,2022,2022-03-20,2022-03-20 22:00:00,23,Kings,Sacramento,SAC,39,91,42.9,16,34,47.1,30,36,83.3,9,33,27,12,2,15,21,14,0,0
401360886,2022,2022-03-20,2022-03-20 23:30:00,26,Jazz,Utah,UTAH,34,74,45.9,17,46,37.0,23,29,79.3,9,40,16,9,11,11,17,17,1,0
401360886,2022,2022-03-20,2022-03-20 23:30:00,18,Knicks,New York,NY,31,83,37.3,16,40,40.0,15,21,71.4,10,27,20,7,2,11,19,9,0,0
401360887,2022,2022-03-20,2022-03-21 00:00:00,2,Celtics,Boston,BOS,47,82,57.3,19,40,47.5,11,11,100.0,5,33,29,4,6,8,18,28,1,2
401360887,2022,2022-03-20,2022-03-21 00:00:00,7,Nuggets,Denver,DEN,35,87,40.2,14,39,35.9,20,25,80.0,13,28,22,4,3,10,15,3,1,0
401360888,2022,2022-03-20,2022-03-21 00:30:00,28,Raptors,Toronto,TOR,35,93,37.6,7,26,26.9,16,23,69.6,20,36,16,5,4,8,16,5,1,0
401360888,2022,2022-03-20,2022-03-21 00:30:00,20,76ers,Philadelphia,PHI,30,73,41.1,7,27,25.9,21,28,75.0,5,35,21,7,5,10,23,16,0,0
401360889,2022,2022-03-20,2022-03-21 00:30:00,24,Spurs,San Antonio,SA,38,98,38.8,15,40,37.5,19,25,76.0,17,27,25,7,2,10,18,14,1,0
401360889,2022,2022-03-20,2022-03-21 00:30:00,9,Warriors,Golden State,GS,41,90,45.6,11,33,33.3,15,21,71.4,20,37,26,5,1,15,20,1,0,2
401360877,2022,2022-03-19,2022-03-19 21:00:00,15,Bucks,Milwaukee,MIL,43,97,44.3,19,52,36.5,14,17,82.4,14,37,27,6,4,14,18,7,0,3
401360877,2022,2022-03-19,2022-03-19 21:00:00,16,Timberwolves,Minnesota,MIN,47,92,51.1,22,47,46.8,22,26,84.6,8,36,30,12,2,11,19,24,0,2
401360878,2022,2022-03-19,2022-03-19 23:00:00,6,Mavericks,Dallas,DAL,39,89,43.8,14,38,36.8,16,20,80.0,12,32,18,4,4,13,26,2,2,0
401360878,2022,2022-03-19,2022-03-19 23:00:00,30,Hornets,Charlotte,CHA,44,88,50.0,20,42,47.6,21,27,77.8,10,36,33,8,8,9,18,32,0,1
401360879,2022,2022-03-19,2022-03-20 00:00:00,8,Pistons,Detroit,DET,41,85,48.2,13,30,43.3,14,19,73.7,10,28,23,10,6,15,22,12,1,0
401360879,2022,2022-03-19,2022-03-20 00:00:00,5,Cavaliers,Cleveland,CLE,45,88,51.1,10,26,38.5,13,23,56.5,12,32,28,7,4,14,16,10,2,0
401360880,2022,2022-03-19,2022-03-20 00:00:00,13,Lakers,Los Angeles,LAL,48,91,52.7,13,35,37.1,10,11,90.9,9,32,25,3,1,12,23,16,3,1
401360880,2022,2022-03-19,2022-03-20 00:00:00,27,Wizards,Washington,WSH,44,85,51.8,13,31,41.9,26,31,83.9,7,29,30,10,1,7,13,8,1,0
401360875,2022,2022-03-18,2022-03-18 23:00:00,6,Mavericks,Dallas,DAL,37,80,46.3,12,32,37.5,15,21,71.4,11,29,21,4,3,12,17,8,0,0
401360875,2022,2022-03-18,2022-03-18 23:00:00,20,76ers,Philadelphia,PHI,37,75,49.3,16,38,42.1,21,23,91.3,5,33,23,9,4,11,21,20,1,0
401360865,2022,2022-03-18,2022-03-18 23:30:00,27,Wizards,Washington,WSH,34,79,43.0,13,34,38.2,16,21,76.2,3,35,19,2,6,13,27,9,0,0
401360865,2022,2022-03-18,2022-03-18 23:30:00,18,Knicks,New York,NY,31,90,34.4,10,33,30.3,28,36,77.8,19,41,18,9,3,12,20,15,1,0
401360866,2022,2022-03-18,2022-03-18 23:30:00,13,Lakers,Los Angeles,LAL,47,96,49.0,19,43,44.2,15,21,71.4,13,30,33,6,4,13,19,11,1,0
401360866,2022,2022-03-18,2022-03-18 23:30:00,28,Raptors,Toronto,TOR,49,97,50.5,12,37,32.4,13,20,65.0,16,30,25,8,2,12,19,7,0,0
401360872,2022,2022-03-18,2022-03-18 23:30:00,29,Grizzlies,Memphis,MEM,40,86,46.5,8,22,36.4,17,23,73.9,15,33,18,6,10,16,18,2,1,0
401360872,2022,2022-03-18,2022-03-18 23:30:00,1,Hawks,Atlanta,ATL,45,91,49.5,13,28,46.4,17,21,81.0,7,33,28,12,6,9,20,23,1,0
401360873,2022,2022-03-18,2022-03-18 23:30:00,22,Trail Blazers,Portland,POR,48,96,50.0,13,35,37.1,14,24,58.3,17,20,29,14,4,13,26,18,1,0
401360873,2022,2022-03-18,2022-03-18 23:30:00,17,Nets,Brooklyn,BKN,45,77,58.4,10,25,40.0,28,33,84.8,13,32,24,7,4,21,22,10,0,2
401360874,2022,2022-03-18,2022-03-18 23:30:00,7,Nuggets,Denver,DEN,46,92,50.0,10,33,30.3,14,18,77.8,13,38,35,6,3,18,24,14,1,0
401360874,2022,2022-03-18,2022-03-18 23:30:00,5,Cavaliers,Cleveland,CLE,44,98,44.9,14,37,37.8,17,26,65.4,15,31,31,11,4,11,17,8,0,0
401360867,2022,2022-03-18,2022-03-19 00:00:00,25,Thunder,Oklahoma City,OKC,40,84,47.6,10,34,29.4,18,23,78.3,11,36,19,4,5,10,10,1,2,0
401360867,2022,2022-03-18,2022-03-19 00:00:00,14,Heat,Miami,MIA,46,95,48.4,18,51,35.3,10,12,83.3,11,35,25,5,0,6,19,29,0,0
401360868,2022,2022-03-18,2022-03-19 00:00:00,11,Pacers,Indiana,IND,47,101,46.5,14,43,32.6,13,19,68.4,16,30,29,7,4,13,26,8,0,1
401360868,2022,2022-03-18,2022-03-19 00:00:00,10,Rockets,Houston,HOU,39,79,49.4,12,27,44.4,28,32,87.5,5,37,24,9,8,15,19,12,1,1
401360869,2022,2022-03-18,2022-03-19 00:30:00,3,Pelicans,New Orleans,NO,48,96,50.0,14,34,41.2,14,18,77.8,13,45,24,13,4,9,21,40,1,0
401360869,2022,2022-03-18,2022-03-19 00:30:00,24,Spurs,San Antonio,SA,32,89,36.0,11,44,25.0,16,20,80.0,8,32,22,5,4,16,12,0,0,2
401360870,2022,2022-03-18,2022-03-19 01:00:00,12,Clippers,LA,LAC,31,86,36.0,11,35,31.4,19,21,90.5,8,35,23,10,8,12,13,0,0,1
401360870,2022,2022-03-18,2022-03-19 01:00:00,26,Jazz,Utah,UTAH,47,97,48.5,16,44,36.4,11,14,78.6,15,44,30,9,5,12,18,41,0,0
401360871,2022,2022-03-18,2022-03-19 02:00:00,2,Celtics,Boston,BOS,46,82,56.1,22,40,55.0,12,17,70.6,6,37,33,11,1,13,23,29,0,2
401360871,2022,2022-03-18,2022-03-19 02:00:00,23,Kings,Sacramento,SAC,33,79,41.8,13,36,36.1,18,24,75.0,8,29,23,5,6,16,14,0,0,1
401360876,2022,2022-03-18,2022-03-19 02:00:00,4,Bulls,Chicago,CHI,35,85,41.2,7,27,25.9,25,31,80.6,13,24,20,6,0,11,18,4,0,1
401360876,2022,2022-03-18,2022-03-19 02:00:00,21,Suns,Phoenix,PHX,47,84,56.0,11,25,44.0,24,26,92.3,10,39,23,5,4,11,20,33,2,0
401360864,2022,2022-03-17,2022-03-17 23:00:00,8,Pistons,Detroit,DET,47,94,50.0,20,43,46.5,20,31,64.5,10,35,34,11,3,7,21,17,2,0
401360864,2022,2022-03-17,2022-03-17 23:00:00,19,Magic,Orlando,ORL,47,97,48.5,11,30,36.7,15,21,71.4,10,35,24,3,4,13,21,9,1,0
401360852,2022,2022-03-16,2022-03-16 23:00:00,1,Hawks,Atlanta,ATL,40,93,43.0,13,37,35.1,13,14,92.9,12,31,28,6,2,12,23,8,1,0
401360852,2022,2022-03-16,2022-03-16 23:00:00,30,Hornets,Charlotte,CHA,43,87,49.4,11,35,31.4,19,23,82.6,11,32,30,8,8,9,18,12,0,0
401360853,2022,2022-03-16,2022-03-16 23:00:00,20,76ers,Philadelphia,PHI,41,79,51.9,12,32,37.5,24,28,85.7,7,32,24,6,2,11,25,17,0,1
401360853,2022,2022-03-16,2022-03-16 23:00:00,5,Cavaliers,Cleveland,CLE,39,80,48.8,9,28,32.1,27,32,84.4,8,31,25,9,4,9,17,5,0,0
401360854,2022,2022-03-16,2022-03-16 23:00:00,7,Nuggets,Denver,DEN,46,90,51.1,15,37,40.5,20,21,95.2,8,33,30,7,3,9,25,28,1,0
401360854,2022,2022-03-16,2022-03-16 23:00:00,27,Wizards,Washington,WSH,41,87,47.1,5,23,21.7,22,31,71.0,13,35,26,7,8,10,18,1,1,0
401360855,2022,2022-03-16,2022-03-16 23:30:00,6,Mavericks,Dallas,DAL,41,83,49.4,12,34,35.3,19,19,100.0,9,28,21,5,2,10,17,2,1,0
401360855,2022,2022-03-16,2022-03-16 23:30:00,17,Nets,Brooklyn,BKN,45,91,49.5,9,26,34.6,12,15,80.0,19,26,28,2,2,11,21,14,0,0
401360856,2022,2022-03-16,2022-03-16 23:30:00,22,Trail Blazers,Portland,POR,40,91,44.0,11,34,32.4,7,14,50.0,10,31,26,1,3,11,31,2,1,0
401360856,2022,2022-03-16,2022-03-16 23:30:00,18,Knicks,New York,NY,40,80,50.0,16,38,42.1,32,39,82.1,9,38,31,9,8,10,14,33,1,0
401360857,2022,2022-03-16,2022-03-17 00:00:00,21,Suns,Phoenix,PHX,53,95,55.8,13,33,39.4,10,13,76.9,13,36,32,5,4,11,18,18,0,0
401360857,2022,2022-03-16,2022-03-17 00:00:00,10,Rockets,Houston,HOU,42,85,49.4,16,39,41.0,12,19,63.2,9,24,26,9,3,11,13,1,1,1
401360858,2022,2022-03-16,2022-03-17 00:00:00,13,Lakers,Los Angeles,LAL,39,93,41.9,10,44,22.7,16,23,69.6,13,25,23,7,4,14,25,0,0,2
401360858,2022,2022-03-16,2022-03-17 00:00:00,16,Timberwolves,Minnesota,MIN,40,90,44.4,17,42,40.5,27,31,87.1,15,36,22,7,6,16,23,25,1,3
401360859,2022,2022-03-16,2022-03-17 00:30:00,25,Thunder,Oklahoma City,OKC,43,82,52.4,13,35,37.1,21,29,72.4,10,37,24,11,1,17,18,3,2,0
401360859,2022,2022-03-16,2022-03-17 00:30:00,24,Spurs,San Antonio,SA,43,98,43.9,19,41,46.3,17,20,85.0,15,33,31,10,2,12,18,16,0,1
401360860,2022,2022-03-16,2022-03-17 01:00:00,4,Bulls,Chicago,CHI,43,91,47.3,12,34,35.3,12,17,70.6,5,32,28,10,2,12,22,6,0,0
401360860,2022,2022-03-16,2022-03-17 01:00:00,26,Jazz,Utah,UTAH,42,83,50.6,19,39,48.7,22,29,75.9,10,37,20,8,6,16,18,19,1,1
401360861,2022,2022-03-16,2022-03-17 02:00:00,2,Celtics,Boston,BOS,38,81,46.9,15,40,37.5,19,22,86.4,8,45,23,4,4,10,15,24,0,0
401360861,2022,2022-03-16,2022-03-17 02:00:00,9,Warriors,Golden State,GS,32,86,37.2,11,48,22.9,13,16,81.3,7,31,19,8,4,8,21,2,0,1
401360862,2022,2022-03-16,2022-03-17 02:00:00,15,Bucks,Milwaukee,MIL,47,89,52.8,18,35,51.4,23,32,71.9,8,39,21,12,3,11,19,11,2,0
401360862,2022,2022-03-16,2022-03-17 02:00:00,23,Kings,Sacramento,SAC,46,94,48.9,16,43,37.2,18,21,85.7,7,32,27,8,5,15,21,8,0,1
401360863,2022,2022-03-16,2022-03-17 02:30:00,28,Raptors,Toronto,TOR,38,83,45.8,11,32,34.4,16,21,76.2,13,30,14,5,1,11,12,17,0,1
401360863,2022,2022-03-16,2022-03-17 02:30:00,12,Clippers,LA,LAC,38,78,48.7,11,30,36.7,13,15,86.7,10,31,27,7,2,14,15,3,0,0
401360848,2022,2022-03-15,2022-03-15 23:00:00,29,Grizzlies,Memphis,MEM,54,105,51.4,15,40,37.5,12,20,60.0,18,33,38,11,11,10,16,43,0,1
401360848,2022,2022-03-15,2022-03-15 23:00:00,11,Pacers,Indiana,IND,41,98,41.8,6,30,20.0,14,19,73.7,16,33,23,4,3,19,21,1,0,0
401360849,2022,2022-03-15,2022-03-15 23:00:00,17,Nets,Brooklyn,BKN,53,88,60.2,16,27,59.3,28,34,82.4,7,41,35,9,4,12,23,44,1,1
401360849,2022,2022-03-15,2022-03-15 23:00:00,19,Magic,Orlando,ORL,36,95,37.9,15,41,36.6,21,27,77.8,11,26,25,2,4,12,25,0,0,1
401360850,2022,2022-03-15,2022-03-15 23:30:00,8,Pistons,Detroit,DET,37,80,46.3,10,34,29.4,14,22,63.6,6,33,23,6,5,12,30,7,1,1
401360850,2022,2022-03-15,2022-03-15 23:30:00,14,Heat,Miami,MIA,29,72,40.3,12,33,36.4,35,39,89.7,7,37,20,1,1,11,21,14,2,0
401360851,2022,2022-03-15,2022-03-16 00:00:00,21,Suns,Phoenix,PHX,49,90,54.4,18,34,52.9,15,15,100.0,6,28,35,9,2,8,22,23,1,1
401360851,2022,2022-03-15,2022-03-16 00:00:00,3,Pelicans,New Orleans,NO,43,86,50.0,12,34,35.3,17,24,70.8,13,32,29,7,4,17,19,9,0,0
401360839,2022,2022-03-14,2022-03-14 23:00:00,12,Clippers,LA,LAC,43,98,43.9,12,36,33.3,13,17,76.5,12,31,29,5,8,10,24,8,1,0
401360839,2022,2022-03-14,2022-03-14 23:00:00,5,Cavaliers,Cleveland,CLE,41,86,47.7,15,30,50.0,23,32,71.9,12,37,28,7,4,11,19,9,1,0
401360840,2022,2022-03-14,2022-03-14 23:30:00,22,Trail Blazers,Portland,POR,44,88,50.0,10,24,41.7,15,21,71.4,11,45,25,4,9,20,25,15,1,0
401360840,2022,2022-03-14,2022-03-14 23:30:00,1,Hawks,Atlanta,ATL,40,109,36.7,12,48,25.0,30,32,93.8,17,32,28,13,6,4,15,11,0,1
401360841,2022,2022-03-14,2022-03-14 23:30:00,7,Nuggets,Denver,DEN,44,82,53.7,13,33,39.4,13,20,65.0,6,36,29,8,3,14,24,6,0,1
401360841,2022,2022-03-14,2022-03-14 23:30:00,20,76ers,Philadelphia,PHI,36,84,42.9,12,33,36.4,26,32,81.3,11,37,25,8,6,13,17,19,0,1
401360842,2022,2022-03-14,2022-03-15 00:00:00,30,Hornets,Charlotte,CHA,49,91,53.8,20,35,57.1,16,21,76.2,8,29,33,12,7,6,17,22,0,1
401360842,2022,2022-03-14,2022-03-15 00:00:00,25,Thunder,Oklahoma City,OKC,42,90,46.7,16,44,36.4,16,19,84.2,13,36,31,4,3,18,19,18,0,0
401360843,2022,2022-03-14,2022-03-15 00:30:00,16,Timberwolves,Minnesota,MIN,52,90,57.8,17,33,51.5,28,32,87.5,7,33,28,8,3,15,20,17,1,1
401360843,2022,2022-03-14,2022-03-15 00:30:00,24,Spurs,San Antonio,SA,52,97,53.6,13,35,37.1,22,26,84.6,9,27,33,5,11,15,24,1,0,1
401360844,2022,2022-03-14,2022-03-15 02:00:00,27,Wizards,Washington,WSH,42,82,51.2,10,26,38.5,18,23,78.3,5,30,28,7,1,12,18,1,0,0
401360844,2022,2022-03-14,2022-03-15 02:00:00,9,Warriors,Golden State,GS,45,84,53.6,18,45,40.0,18,22,81.8,6,38,26,7,4,13,21,19,0,1
401360845,2022,2022-03-14,2022-03-15 02:00:00,4,Bulls,Chicago,CHI,36,88,40.9,10,34,29.4,21,22,95.5,9,31,22,5,5,13,20,3,2,0
401360845,2022,2022-03-14,2022-03-15 02:00:00,23,Kings,Sacramento,SAC,39,82,47.6,10,25,40.0,24,26,92.3,7,38,25,10,3,15,21,21,1,0
401360846,2022,2022-03-14,2022-03-15 02:00:00,15,Bucks,Milwaukee,MIL,40,86,46.5,12,31,38.7,25,29,86.2,6,36,21,10,3,12,19,12,2,2
401360846,2022,2022-03-14,2022-03-15 02:00:00,26,Jazz,Utah,UTAH,37,93,39.8,17,48,35.4,20,24,83.3,13,32,21,7,4,13,23,11,1,3
401360847,2022,2022-03-14,2022-03-15 02:30:00,28,Raptors,Toronto,TOR,39,96,40.6,10,37,27.0,26,36,72.2,19,45,24,8,9,12,20,28,1,0
401360847,2022,2022-03-14,2022-03-15 02:30:00,13,Lakers,Los Angeles,LAL,34,87,39.1,13,42,31.0,22,29,75.9,9,34,20,7,7,13,27,0,0,0
401360831,2022,2022-03-13,2022-03-13 17:00:00,18,Knicks,New York,NY,39,83,47.0,11,29,37.9,18,21,85.7,11,29,27,8,5,16,21,5,1,0
401360831,2022,2022-03-13,2022-03-13 17:00:00,17,Nets,Brooklyn,BKN,44,89,49.4,6,29,20.7,16,22,72.7,12,27,30,11,3,13,19,12,1,0
401360832,2022,2022-03-13,2022-03-13 19:00:00,12,Clippers,LA,LAC,40,89,44.9,10,30,33.3,16,20,80.0,11,35,25,5,3,6,15,6,0,1
401360832,2022,2022-03-13,2022-03-13 19:00:00,8,Pistons,Detroit,DET,36,80,45.0,12,29,41.4,18,20,90.0,8,36,23,3,4,10,18,18,0,1
401360833,2022,2022-03-13,2022-03-13 19:30:00,6,Mavericks,Dallas,DAL,33,74,44.6,15,37,40.5,14,19,73.7,4,38,20,7,5,17,16,3,1,0
401360833,2022,2022-03-13,2022-03-13 19:30:00,2,Celtics,Boston,BOS,33,88,37.5,9,37,24.3,17,19,89.5,11,34,16,8,3,11,12,13,0,2
401360834,2022,2022-03-13,2022-03-13 22:00:00,20,76ers,Philadelphia,PHI,35,92,38.0,14,37,37.8,32,37,86.5,10,35,21,7,3,8,17,4,0,0
401360834,2022,2022-03-13,2022-03-13 22:00:00,19,Magic,Orlando,ORL,41,91,45.1,18,43,41.9,14,20,70.0,8,42,28,7,7,11,27,17,1,2
401360835,2022,2022-03-13,2022-03-13 23:00:00,11,Pacers,Indiana,IND,46,89,51.7,15,35,42.9,21,26,80.8,15,28,23,7,4,15,21,2,0,0
401360835,2022,2022-03-13,2022-03-13 23:00:00,1,Hawks,Atlanta,ATL,46,84,54.8,17,38,44.7,22,24,91.7,9,27,27,9,3,11,21,19,1,1
401360836,2022,2022-03-13,2022-03-13 23:00:00,10,Rockets,Houston,HOU,39,77,50.6,12,31,38.7,15,25,60.0,9,30,24,3,4,24,26,6,1,0
401360836,2022,2022-03-13,2022-03-13 23:00:00,3,Pelicans,New Orleans,NO,48,93,51.6,10,32,31.3,24,34,70.6,14,31,30,17,3,10,20,30,1,1
401360837,2022,2022-03-13,2022-03-13 23:00:00,29,Grizzlies,Memphis,MEM,48,102,47.1,11,29,37.9,18,20,90.0,20,37,30,8,5,13,20,18,0,2
401360837,2022,2022-03-13,2022-03-13 23:00:00,25,Thunder,Oklahoma City,OKC,41,97,42.3,13,41,31.7,23,28,82.1,14,30,25,7,8,11,21,2,0,0
401360838,2022,2022-03-13,2022-03-14 01:00:00,13,Lakers,Los Angeles,LAL,36,81,44.4,16,40,40.0,23,31,74.2,7,30,24,4,2,19,14,4,0,1
401360838,2022,2022-03-13,2022-03-14 01:00:00,21,Suns,Phoenix,PHX,58,102,56.9,12,33,36.4,12,14,85.7,14,37,36,12,5,9,24,35,2,0
401360824,2022,2022-03-12,2022-03-13 01:00:00,16,Timberwolves,Minnesota,MIN,35,83,42.2,15,42,35.7,28,32,87.5,6,40,21,12,5,14,19,12,1,1
401360824,2022,2022-03-12,2022-03-13 01:00:00,14,Heat,Miami,MIA,35,88,39.8,15,45,33.3,19,25,76.0,11,42,23,7,1,18,24,17,0,2
401360825,2022,2022-03-12,2022-03-13 01:00:00,5,Cavaliers,Cleveland,CLE,36,86,41.9,5,24,20.8,14,17,82.4,5,35,19,7,4,14,19,4,0,1
401360825,2022,2022-03-12,2022-03-13 01:00:00,4,Bulls,Chicago,CHI,39,88,44.3,9,21,42.9,14,15,93.3,8,38,20,12,5,12,18,18,2,0
401360826,2022,2022-03-12,2022-03-13 01:00:00,11,Pacers,Indiana,IND,45,92,48.9,14,36,38.9,15,15,100.0,9,38,23,6,10,12,20,19,1,1
401360826,2022,2022-03-12,2022-03-13 01:00:00,24,Spurs,San Antonio,SA,42,102,41.2,11,34,32.4,13,16,81.3,15,37,28,6,3,10,15,6,2,1
401360827,2022,2022-03-12,2022-03-13 01:30:00,15,Bucks,Milwaukee,MIL,38,92,41.3,17,44,38.6,16,23,69.6,8,31,27,8,2,4,16,6,1,0
401360827,2022,2022-03-12,2022-03-13 01:30:00,9,Warriors,Golden State,GS,45,93,48.4,18,45,40.0,14,15,93.3,12,43,33,3,7,10,19,21,2,0
401360828,2022,2022-03-12,2022-03-13 02:00:00,28,Raptors,Toronto,TOR,48,102,47.1,12,31,38.7,19,25,76.0,23,27,28,12,6,7,23,12,1,1
401360828,2022,2022-03-12,2022-03-13 02:00:00,7,Nuggets,Denver,DEN,43,78,55.1,11,27,40.7,18,24,75.0,9,30,32,4,5,19,23,8,0,0
401360829,2022,2022-03-12,2022-03-13 02:00:00,23,Kings,Sacramento,SAC,47,94,50.0,13,33,39.4,18,21,85.7,8,25,27,6,3,7,20,8,0,1
401360829,2022,2022-03-12,2022-03-13 02:00:00,26,Jazz,Utah,UTAH,48,86,55.8,16,41,39.0,22,31,71.0,10,34,21,4,5,9,20,16,1,0
401360830,2022,2022-03-12,2022-03-13 03:00:00,27,Wizards,Washington,WSH,39,83,47.0,14,34,41.2,26,27,96.3,9,26,26,7,8,14,16,7,1,0
401360830,2022,2022-03-12,2022-03-13 03:00:00,22,Trail Blazers,Portland,POR,48,93,51.6,11,30,36.7,20,22,90.9,12,31,21,10,3,11,21,22,0,0
401360814,2022,2022-03-11,2022-03-12 00:00:00,16,Timberwolves,Minnesota,MIN,41,90,45.6,15,45,33.3,13,13,100.0,5,32,24,8,5,9,24,18,0,2
401360814,2022,2022-03-11,2022-03-12 00:00:00,19,Magic,Orlando,ORL,40,86,46.5,16,40,40.0,22,25,88.0,10,39,31,4,3,12,11,12,0,1
401360815,2022,2022-03-11,2022-03-12 00:30:00,12,Clippers,LA,LAC,40,82,48.8,12,32,37.5,14,17,82.4,6,30,22,7,3,12,20,7,0,2
401360815,2022,2022-03-11,2022-03-12 00:30:00,1,Hawks,Atlanta,ATL,43,90,47.8,9,31,29.0,17,19,89.5,15,32,28,5,3,10,19,11,0,0
401360816,2022,2022-03-11,2022-03-12 00:30:00,8,Pistons,Detroit,DET,35,83,42.2,10,34,29.4,23,24,95.8,11,31,21,4,4,14,22,7,0,0
401360816,2022,2022-03-11,2022-03-12 00:30:00,2,Celtics,Boston,BOS,42,90,46.7,6,32,18.8,24,30,80.0,13,34,23,10,3,9,19,18,0,1
401360817,2022,2022-03-11,2022-03-12 01:00:00,5,Cavaliers,Cleveland,CLE,35,79,44.3,8,25,32.0,27,29,93.1,7,33,25,5,2,17,23,5,1,1
401360817,2022,2022-03-11,2022-03-12 01:00:00,14,Heat,Miami,MIA,41,86,47.7,11,35,31.4,24,27,88.9,8,34,28,9,6,9,26,17,0,3
401360818,2022,2022-03-11,2022-03-12 01:00:00,6,Mavericks,Dallas,DAL,40,88,45.5,11,36,30.6,22,28,78.6,12,35,20,6,8,13,21,29,1,0
401360818,2022,2022-03-11,2022-03-12 01:00:00,10,Rockets,Houston,HOU,41,86,47.7,6,30,20.0,12,19,63.2,5,34,29,9,3,11,23,5,2,0
401360819,2022,2022-03-11,2022-03-12 01:00:00,18,Knicks,New York,NY,38,90,42.2,10,25,40.0,28,37,75.7,15,39,23,8,6,16,31,15,0,0
401360819,2022,2022-03-11,2022-03-12 01:00:00,29,Grizzlies,Memphis,MEM,46,104,44.2,9,26,34.6,17,29,58.6,19,35,23,8,16,10,27,12,0,0
401360820,2022,2022-03-11,2022-03-12 01:00:00,30,Hornets,Charlotte,CHA,52,87,59.8,22,47,46.8,16,20,80.0,6,32,41,11,1,14,23,27,0,0
401360820,2022,2022-03-11,2022-03-12 01:00:00,3,Pelicans,New Orleans,NO,43,86,50.0,15,39,38.5,19,25,76.0,13,27,31,9,2,17,21,4,0,0
401360821,2022,2022-03-11,2022-03-12 01:30:00,26,Jazz,Utah,UTAH,37,92,40.2,13,40,32.5,15,23,65.2,16,41,20,10,8,17,26,15,0,1
401360821,2022,2022-03-11,2022-03-12 01:30:00,24,Spurs,San Antonio,SA,34,85,40.0,6,29,20.7,30,43,69.8,14,40,15,8,6,13,20,4,0,0
401360822,2022,2022-03-11,2022-03-12 02:00:00,28,Raptors,Toronto,TOR,42,94,44.7,14,32,43.8,19,21,90.5,12,36,19,11,4,15,19,16,2,0
401360822,2022,2022-03-11,2022-03-12 02:00:00,21,Suns,Phoenix,PHX,44,88,50.0,11,36,30.6,13,17,76.5,5,35,27,7,8,16,23,5,0,2
401360823,2022,2022-03-11,2022-03-12 03:30:00,27,Wizards,Washington,WSH,39,85,45.9,9,27,33.3,22,33,66.7,14,33,21,6,6,10,18,9,1,4
401360823,2022,2022-03-11,2022-03-12 03:30:00,13,Lakers,Los Angeles,LAL,48,91,52.7,14,31,45.2,12,17,70.6,7,30,25,5,3,7,25,18,2,1
401360812,2022,2022-03-10,2022-03-11 00:30:00,17,Nets,Brooklyn,BKN,51,91,56.0,18,40,45.0,9,17,52.9,10,35,29,13,15,11,22,36,1,0
401360812,2022,2022-03-10,2022-03-11 00:30:00,20,76ers,Philadelphia,PHI,30,93,32.3,14,36,38.9,26,30,86.7,17,33,19,5,5,18,19,0,2,1
401360813,2022,2022-03-10,2022-03-11 03:00:00,9,Warriors,Golden State,GS,42,88,47.7,14,42,33.3,15,20,75.0,8,28,26,9,4,7,25,11,1,0
401360813,2022,2022-03-10,2022-03-11 03:00:00,7,Nuggets,Denver,DEN,35,84,41.7,7,31,22.6,25,32,78.1,12,37,19,5,6,11,20,14,2,2
401360800,2022,2022-03-09,2022-03-10 00:00:00,2,Celtics,Boston,BOS,46,93,49.5,12,37,32.4,11,14,78.6,16,31,30,10,8,11,20,21,0,2
401360800,2022,2022-03-09,2022-03-10 00:00:00,30,Hornets,Charlotte,CHA,36,85,42.4,8,33,24.2,21,28,75.0,15,31,18,8,7,16,15,3,0,2
401360801,2022,2022-03-09,2022-03-10 00:00:00,4,Bulls,Chicago,CHI,40,76,52.6,3,15,20.0,31,35,88.6,2,31,19,13,0,11,15,8,0,1
401360801,2022,2022-03-09,2022-03-10 00:00:00,8,Pistons,Detroit,DET,42,82,51.2,11,31,35.5,13,17,76.5,5,27,25,6,3,16,25,7,0,0
401360802,2022,2022-03-09,2022-03-10 00:30:00,21,Suns,Phoenix,PHX,45,99,45.5,11,37,29.7,10,10,100.0,14,41,26,8,5,14,18,27,1,0
401360802,2022,2022-03-09,2022-03-10 00:30:00,14,Heat,Miami,MIA,35,88,39.8,10,33,30.3,10,13,76.9,6,32,27,8,5,14,9,11,1,0
401360803,2022,2022-03-09,2022-03-10 01:00:00,1,Hawks,Atlanta,ATL,43,86,50.0,11,38,28.9,18,22,81.8,7,37,26,6,3,9,20,3,0,3
401360803,2022,2022-03-09,2022-03-10 01:00:00,15,Bucks,Milwaukee,MIL,47,94,50.0,12,35,34.3,18,23,78.3,11,39,24,7,2,8,19,19,1,0
401360804,2022,2022-03-09,2022-03-10 01:00:00,13,Lakers,Los Angeles,LAL,47,101,46.5,18,47,38.3,18,26,69.2,12,36,25,10,7,16,21,8,0,3
401360804,2022,2022-03-09,2022-03-10 01:00:00,10,Rockets,Houston,HOU,52,102,51.0,17,40,42.5,18,19,94.7,10,40,25,7,4,16,21,12,4,1
401360805,2022,2022-03-09,2022-03-10 01:00:00,25,Thunder,Oklahoma City,OKC,36,87,41.4,14,43,32.6,16,24,66.7,9,33,26,8,0,15,18,6,1,0
401360805,2022,2022-03-09,2022-03-10 01:00:00,16,Timberwolves,Minnesota,MIN,45,86,52.3,22,52,42.3,20,26,76.9,6,42,34,10,5,14,18,34,0,2
401360806,2022,2022-03-09,2022-03-10 01:00:00,19,Magic,Orlando,ORL,36,76,47.4,14,37,37.8,22,26,84.6,7,38,25,4,1,18,20,16,1,0
401360806,2022,2022-03-09,2022-03-10 01:00:00,3,Pelicans,New Orleans,NO,41,93,44.1,7,31,22.6,13,18,72.2,10,31,23,11,2,11,22,3,0,0
401360807,2022,2022-03-09,2022-03-10 01:30:00,18,Knicks,New York,NY,36,84,42.9,9,34,26.5,26,33,78.8,14,41,20,3,3,10,25,32,3,2
401360807,2022,2022-03-09,2022-03-10 01:30:00,6,Mavericks,Dallas,DAL,27,86,31.4,6,44,13.6,17,25,68.0,12,25,11,3,4,8,24,0,0,1
401360808,2022,2022-03-09,2022-03-10 01:30:00,28,Raptors,Toronto,TOR,41,85,48.2,11,30,36.7,26,28,92.9,13,34,12,7,1,10,23,17,0,0
401360808,2022,2022-03-09,2022-03-10 01:30:00,24,Spurs,San Antonio,SA,38,84,45.2,9,32,28.1,19,20,95.0,7,29,24,5,4,12,18,7,2,1
401360809,2022,2022-03-09,2022-03-10 03:00:00,22,Trail Blazers,Portland,POR,29,89,32.6,9,36,25.0,18,22,81.8,9,27,19,4,2,9,23,2,1,0
401360809,2022,2022-03-09,2022-03-10 03:00:00,26,Jazz,Utah,UTAH,42,81,51.9,17,46,37.0,22,27,81.5,6,44,31,3,5,9,23,51,0,1
401360810,2022,2022-03-09,2022-03-10 03:00:00,7,Nuggets,Denver,DEN,40,82,48.8,9,35,25.7,17,19,89.5,10,41,26,11,3,20,20,18,0,2
401360810,2022,2022-03-09,2022-03-10 03:00:00,23,Kings,Sacramento,SAC,38,85,44.7,12,34,35.3,12,18,66.7,8,30,24,11,5,16,22,2,0,1
401360811,2022,2022-03-09,2022-03-10 03:30:00,27,Wizards,Washington,WSH,41,87,47.1,10,27,37.0,17,20,85.0,9,32,26,10,3,12,13,10,1,1
401360811,2022,2022-03-09,2022-03-10 03:30:00,12,Clippers,LA,LAC,43,86,50.0,16,32,50.0,13,13,100.0,7,34,21,6,10,12,15,7,0,1
401360794,2022,2022-03-08,2022-03-09 00:00:00,17,Nets,Brooklyn,BKN,46,82,56.1,18,35,51.4,22,29,75.9,6,32,33,8,4,16,20,34,0,2
401360794,2022,2022-03-08,2022-03-09 00:00:00,30,Hornets,Charlotte,CHA,45,92,48.9,13,41,31.7,18,22,81.8,10,31,26,12,3,15,24,2,0,1
401360795,2022,2022-03-08,2022-03-09 00:00:00,5,Cavaliers,Cleveland,CLE,47,94,50.0,9,32,28.1,24,27,88.9,14,26,25,13,6,8,16,12,0,0
401360795,2022,2022-03-08,2022-03-09 00:00:00,11,Pacers,Indiana,IND,49,91,53.8,16,32,50.0,10,15,66.7,11,27,35,6,7,17,20,10,1,1
401360796,2022,2022-03-08,2022-03-09 00:00:00,21,Suns,Phoenix,PHX,35,92,38.0,13,37,35.1,19,23,82.6,7,45,24,7,6,10,20,15,0,1
401360796,2022,2022-03-08,2022-03-09 00:00:00,19,Magic,Orlando,ORL,35,92,38.0,7,39,17.9,22,25,88.0,8,45,17,6,2,11,20,3,1,1
401360797,2022,2022-03-08,2022-03-09 00:30:00,3,Pelicans,New Orleans,NO,41,88,46.6,11,34,32.4,18,27,66.7,12,33,24,9,3,14,18,0,1,1
401360797,2022,2022-03-08,2022-03-09 00:30:00,29,Grizzlies,Memphis,MEM,48,101,47.5,16,44,36.4,20,24,83.3,15,37,30,8,6,11,20,36,1,1
401360798,2022,2022-03-08,2022-03-09 01:00:00,15,Bucks,Milwaukee,MIL,53,100,53.0,20,40,50.0,16,20,80.0,16,37,35,10,4,13,18,27,0,0
401360798,2022,2022-03-08,2022-03-09 01:00:00,25,Thunder,Oklahoma City,OKC,42,84,50.0,16,39,41.0,15,21,71.4,6,30,26,6,5,15,20,6,1,0
401360799,2022,2022-03-08,2022-03-09 03:00:00,12,Clippers,LA,LAC,33,93,35.5,12,39,30.8,19,23,82.6,12,35,23,12,3,13,12,5,0,0
401360799,2022,2022-03-08,2022-03-09 03:00:00,9,Warriors,Golden State,GS,44,92,47.8,13,34,38.2,11,13,84.6,10,41,33,8,6,16,20,29,0,0
401360787,2022,2022-03-07,2022-03-08 00:00:00,1,Hawks,Atlanta,ATL,42,93,45.2,11,38,28.9,15,22,68.2,13,35,28,3,6,13,25,9,1,0
401360787,2022,2022-03-07,2022-03-08 00:00:00,8,Pistons,Detroit,DET,43,93,46.2,12,33,36.4,15,23,65.2,15,32,27,7,2,12,27,6,2,0
401360788,2022,2022-03-07,2022-03-08 00:00:00,4,Bulls,Chicago,CHI,39,87,44.8,8,24,33.3,20,26,76.9,14,34,22,5,4,13,24,8,0,0
401360788,2022,2022-03-07,2022-03-08 00:00:00,20,76ers,Philadelphia,PHI,41,84,48.8,12,30,40.0,27,34,79.4,8,30,29,5,5,9,19,17,1,0
401360789,2022,2022-03-07,2022-03-08 00:30:00,10,Rockets,Houston,HOU,39,88,44.3,13,43,30.2,15,22,68.2,9,24,22,8,7,10,24,13,1,0
401360789,2022,2022-03-07,2022-03-08 00:30:00,14,Heat,Miami,MIA,49,91,53.8,14,31,45.2,11,14,78.6,13,37,26,3,4,15,17,22,0,1
401360790,2022,2022-03-07,2022-03-08 01:00:00,22,Trail Blazers,Portland,POR,23,83,27.7,7,28,25.0,28,38,73.7,8,34,11,10,5,17,30,1,1,1
401360790,2022,2022-03-07,2022-03-08 01:00:00,16,Timberwolves,Minnesota,MIN,38,92,41.3,13,43,30.2,35,44,79.5,19,48,21,10,9,20,25,46,2,0
401360791,2022,2022-03-07,2022-03-08 01:30:00,26,Jazz,Utah,UTAH,36,83,43.4,12,31,38.7,19,24,79.2,12,33,22,5,6,13,20,1,1,2
401360791,2022,2022-03-07,2022-03-08 01:30:00,6,Mavericks,Dallas,DAL,39,88,44.3,17,46,37.0,16,20,80.0,9,34,19,9,5,9,21,20,0,1
401360792,2022,2022-03-07,2022-03-08 01:30:00,13,Lakers,Los Angeles,LAL,43,91,47.3,8,26,30.8,16,23,69.6,12,31,19,7,3,15,26,1,0,0
401360792,2022,2022-03-07,2022-03-08 01:30:00,24,Spurs,San Antonio,SA,46,84,54.8,9,26,34.6,16,30,53.3,12,35,28,6,7,16,18,14,2,0
401401144,2022,2022-03-07,2022-03-08 02:00:00,9,Warriors,Golden State,GS,45,88,51.1,17,40,42.5,17,23,73.9,9,32,29,5,0,14,30,7,0,1
401401144,2022,2022-03-07,2022-03-08 02:00:00,7,Nuggets,Denver,DEN,46,84,54.8,10,32,31.3,29,41,70.7,7,34,39,8,5,9,25,14,0,0
401360793,2022,2022-03-07,2022-03-08 03:30:00,18,Knicks,New York,NY,47,92,51.1,18,42,42.9,19,23,82.6,9,38,19,7,6,8,31,23,1,0
401360793,2022,2022-03-07,2022-03-08 03:30:00,23,Kings,Sacramento,SAC,39,80,48.8,11,32,34.4,26,36,72.2,4,36,23,4,2,11,16,20,1,3
401360779,2022,2022-03-06,2022-03-06 18:00:00,17,Nets,Brooklyn,BKN,45,89,50.6,12,27,44.4,18,20,90.0,12,33,24,6,4,15,26,9,1,0
401360779,2022,2022-03-06,2022-03-06 18:00:00,2,Celtics,Boston,BOS,40,83,48.2,17,36,47.2,29,38,76.3,10,27,25,9,7,10,19,8,0,0
401360780,2022,2022-03-06,2022-03-06 20:30:00,21,Suns,Phoenix,PHX,50,93,53.8,14,31,45.2,8,11,72.7,6,21,33,8,4,11,20,10,0,1
401360780,2022,2022-03-06,2022-03-06 20:30:00,15,Bucks,Milwaukee,MIL,47,87,54.0,15,32,46.9,23,29,79.3,14,34,31,9,6,14,19,10,1,1
401360782,2022,2022-03-06,2022-03-06 23:00:00,11,Pacers,Indiana,IND,44,85,51.8,10,31,32.3,25,29,86.2,7,35,28,3,5,10,22,11,0,0
401360782,2022,2022-03-06,2022-03-06 23:00:00,27,Wizards,Washington,WSH,45,86,52.3,17,42,40.5,26,32,81.3,5,31,33,6,4,5,16,11,1,1
401360783,2022,2022-03-06,2022-03-07 00:00:00,29,Grizzlies,Memphis,MEM,44,97,45.4,5,26,19.2,19,27,70.4,12,28,27,12,8,11,27,14,0,0
401360783,2022,2022-03-06,2022-03-07 00:00:00,10,Rockets,Houston,HOU,43,82,52.4,13,34,38.2,24,36,66.7,8,37,23,4,5,17,22,11,0,0
401360784,2022,2022-03-06,2022-03-07 00:00:00,26,Jazz,Utah,UTAH,40,89,44.9,23,52,44.2,13,17,76.5,11,37,27,4,4,11,21,23,0,0
401360784,2022,2022-03-06,2022-03-07 00:00:00,25,Thunder,Oklahoma City,OKC,39,92,42.4,8,40,20.0,17,19,89.5,11,36,20,11,9,7,19,3,1,0
401360781,2022,2022-03-06,2022-03-07 00:30:00,28,Raptors,Toronto,TOR,37,94,39.4,6,24,25.0,16,26,61.5,14,31,17,13,3,7,20,3,0,0
401360781,2022,2022-03-06,2022-03-07 00:30:00,5,Cavaliers,Cleveland,CLE,39,85,45.9,11,36,30.6,15,23,65.2,15,43,24,5,7,17,22,18,2,0
401360786,2022,2022-03-06,2022-03-07 01:00:00,3,Pelicans,New Orleans,NO,48,101,47.5,14,33,42.4,20,29,69.0,14,35,30,9,4,14,30,11,0,1
401360786,2022,2022-03-06,2022-03-07 01:00:00,7,Nuggets,Denver,DEN,47,87,54.0,10,33,30.3,34,43,79.1,10,37,32,7,8,15,26,21,0,5
401360785,2022,2022-03-06,2022-03-07 03:00:00,18,Knicks,New York,NY,42,89,47.2,13,29,44.8,19,30,63.3,15,42,19,4,5,10,18,32,0,1
401360785,2022,2022-03-06,2022-03-07 03:00:00,12,Clippers,LA,LAC,33,88,37.5,11,34,32.4,16,22,72.7,9,34,17,2,5,10,23,0,0,0
401360773,2022,2022-03-05,2022-03-05 22:00:00,23,Kings,Sacramento,SAC,46,94,48.9,9,25,36.0,12,18,66.7,10,35,24,5,1,14,28,19,2,0
401360773,2022,2022-03-05,2022-03-05 22:00:00,6,Mavericks,Dallas,DAL,40,84,47.6,14,36,38.9,20,27,74.1,10,29,22,7,2,10,22,3,0,4
401360774,2022,2022-03-05,2022-03-06 00:00:00,24,Spurs,San Antonio,SA,45,98,45.9,11,37,29.7,16,20,80.0,13,38,28,7,6,10,18,6,0,1
401360774,2022,2022-03-05,2022-03-06 00:00:00,30,Hornets,Charlotte,CHA,42,91,46.2,16,42,38.1,23,29,79.3,11,39,29,8,5,9,16,10,0,2
401360775,2022,2022-03-05,2022-03-06 01:00:00,20,76ers,Philadelphia,PHI,28,82,34.1,7,41,17.1,19,23,82.6,13,28,13,9,4,9,17,2,3,1
401360775,2022,2022-03-05,2022-03-06 01:00:00,14,Heat,Miami,MIA,35,72,48.6,13,28,46.4,16,19,84.2,6,32,20,6,3,13,19,20,1,0
401360776,2022,2022-03-05,2022-03-06 01:00:00,19,Magic,Orlando,ORL,37,86,43.0,11,35,31.4,11,16,68.8,1,40,25,7,5,12,20,1,0,0
401360776,2022,2022-03-05,2022-03-06 01:00:00,29,Grizzlies,Memphis,MEM,46,92,50.0,14,34,41.2,18,27,66.7,6,49,25,7,4,7,14,32,1,1
401360777,2022,2022-03-05,2022-03-06 01:00:00,22,Trail Blazers,Portland,POR,40,85,47.1,16,38,42.1,25,30,83.3,11,30,24,5,1,15,23,7,1,1
401360777,2022,2022-03-05,2022-03-06 01:00:00,16,Timberwolves,Minnesota,MIN,48,85,56.5,15,37,40.5,24,29,82.8,9,33,36,10,7,11,21,15,0,4
401360778,2022,2022-03-05,2022-03-06 01:30:00,9,Warriors,Golden State,GS,46,92,50.0,15,34,44.1,9,19,47.4,10,31,22,11,4,16,20,14,0,1
401360778,2022,2022-03-05,2022-03-06 01:30:00,13,Lakers,Los Angeles,LAL,44,89,49.4,18,41,43.9,18,21,85.7,12,35,25,10,6,17,18,14,3,0
401360765,2022,2022-03-04,2022-03-05 00:00:00,11,Pacers,Indiana,IND,39,100,39.0,10,40,25.0,18,28,64.3,21,34,24,4,9,12,16,6,2,0
401360765,2022,2022-03-04,2022-03-05 00:00:00,8,Pistons,Detroit,DET,42,94,44.7,15,30,50.0,12,18,66.7,19,33,28,5,9,13,22,15,0,1
401360766,2022,2022-03-04,2022-03-05 00:00:00,5,Cavaliers,Cleveland,CLE,44,82,53.7,10,28,35.7,21,24,87.5,10,31,30,5,4,12,22,21,0,1
401360766,2022,2022-03-04,2022-03-05 00:00:00,20,76ers,Philadelphia,PHI,41,75,54.7,14,33,42.4,29,32,90.6,3,27,23,8,3,11,24,8,1,0
401360767,2022,2022-03-04,2022-03-05 00:00:00,1,Hawks,Atlanta,ATL,38,91,41.8,13,36,36.1,28,34,82.4,13,26,18,6,5,4,16,14,0,0
401360767,2022,2022-03-04,2022-03-05 00:00:00,27,Wizards,Washington,WSH,46,85,54.1,14,29,48.3,8,9,88.9,7,34,37,2,7,14,29,0,0,0
401360768,2022,2022-03-04,2022-03-05 00:30:00,15,Bucks,Milwaukee,MIL,43,88,49.0,10,31,32.0,22,33,67.0,12,38,20,5,5,13,18,14,1,1
401360768,2022,2022-03-04,2022-03-05 00:30:00,4,Bulls,Chicago,CHI,47,94,50.0,10,26,38.0,8,11,73.0,5,35,25,5,2,12,23,8,0,2
401401142,2022,2022-03-04,2022-03-05 00:30:00,19,Magic,Orlando,ORL,36,95,37.9,11,37,29.7,20,21,95.2,12,43,24,5,4,8,18,15,3,0
401401142,2022,2022-03-04,2022-03-05 00:30:00,28,Raptors,Toronto,TOR,37,93,39.8,12,37,32.4,11,17,64.7,12,42,22,2,8,12,18,4,0,0
401360769,2022,2022-03-04,2022-03-05 01:00:00,26,Jazz,Utah,UTAH,31,89,34.8,11,41,26.8,17,26,65.4,22,30,15,7,2,20,14,1,1,1
401360769,2022,2022-03-04,2022-03-05 01:00:00,3,Pelicans,New Orleans,NO,50,97,51.5,11,36,30.6,13,17,76.5,15,37,29,11,5,10,23,37,1,0
401360770,2022,2022-03-04,2022-03-05 01:00:00,16,Timberwolves,Minnesota,MIN,49,91,53.8,22,47,46.8,18,23,78.3,7,34,35,17,7,17,17,37,1,0
401360770,2022,2022-03-04,2022-03-05 01:00:00,25,Thunder,Oklahoma City,OKC,37,86,43.0,9,35,25.7,18,21,85.7,8,31,19,12,4,23,16,5,0,1
401360771,2022,2022-03-04,2022-03-05 02:00:00,10,Rockets,Houston,HOU,38,83,45.8,10,36,27.8,15,22,68.2,9,35,25,4,3,14,21,1,1,1
401360771,2022,2022-03-04,2022-03-05 02:00:00,7,Nuggets,Denver,DEN,39,86,45.3,13,33,39.4,25,31,80.6,10,31,27,10,4,10,21,20,0,1
401360772,2022,2022-03-04,2022-03-05 03:00:00,18,Knicks,New York,NY,40,86,46.5,13,29,44.8,21,30,70.0,12,37,23,7,5,12,22,14,2,2
401360772,2022,2022-03-04,2022-03-05 03:00:00,21,Suns,Phoenix,PHX,38,85,44.7,17,34,50.0,22,27,81.5,3,30,28,7,3,9,22,6,1,2
401360529,2022,2022-03-03,2022-03-04 00:00:00,4,Bulls,Chicago,CHI,52,88,59.1,14,26,53.8,6,7,85.7,5,27,30,5,2,13,19,10,1,0
401360529,2022,2022-03-03,2022-03-04 00:00:00,1,Hawks,Atlanta,ATL,44,84,52.4,18,40,45.0,24,28,85.7,8,25,26,7,3,5,15,10,1,0
401360759,2022,2022-03-03,2022-03-04 00:30:00,29,Grizzlies,Memphis,MEM,42,99,42.4,13,40,32.5,10,13,76.9,17,27,24,10,4,7,16,1,0,2
401360759,2022,2022-03-03,2022-03-04 00:30:00,2,Celtics,Boston,BOS,46,89,51.7,16,37,43.2,12,15,80.0,15,36,33,4,7,14,15,17,0,0
401360760,2022,2022-03-03,2022-03-04 00:30:00,14,Heat,Miami,MIA,40,77,51.9,10,30,33.3,23,28,82.1,5,30,27,8,6,13,22,12,2,2
401360760,2022,2022-03-03,2022-03-04 00:30:00,17,Nets,Brooklyn,BKN,39,83,47.0,12,31,38.7,17,22,77.3,7,23,24,5,5,13,24,16,0,3
401360761,2022,2022-03-03,2022-03-04 00:30:00,8,Pistons,Detroit,DET,38,84,45.2,11,37,29.7,21,28,75.0,11,31,25,4,5,9,29,18,1,2
401360761,2022,2022-03-03,2022-03-04 00:30:00,28,Raptors,Toronto,TOR,36,83,43.4,7,26,26.9,27,36,75.0,14,27,12,5,4,10,22,3,0,4
401360762,2022,2022-03-03,2022-03-04 01:30:00,9,Warriors,Golden State,GS,44,81,54.3,15,30,50.0,10,13,76.9,10,27,26,7,5,15,19,0,0,1
401360762,2022,2022-03-03,2022-03-04 01:30:00,6,Mavericks,Dallas,DAL,45,85,52.9,17,37,45.9,15,20,75.0,8,24,29,7,1,9,16,17,1,0
401360763,2022,2022-03-03,2022-03-04 01:30:00,23,Kings,Sacramento,SAC,39,85,45.9,10,32,31.3,27,32,84.4,9,40,26,6,2,13,13,19,1,0
401360763,2022,2022-03-03,2022-03-04 01:30:00,24,Spurs,San Antonio,SA,46,93,49.5,12,32,37.5,8,16,50.0,6,34,28,8,5,11,24,4,0,0
401360764,2022,2022-03-03,2022-03-04 03:00:00,13,Lakers,Los Angeles,LAL,41,84,48.8,12,35,34.3,17,22,77.3,9,27,26,8,4,14,17,6,0,0
401360764,2022,2022-03-03,2022-03-04 03:00:00,12,Clippers,LA,LAC,51,93,54.8,17,27,63.0,13,15,86.7,13,33,32,10,3,10,22,30,2,0
401360751,2022,2022-03-02,2022-03-03 00:00:00,30,Hornets,Charlotte,CHA,43,85,50.6,17,38,44.7,16,22,72.7,9,36,32,10,5,10,21,25,2,0
401360751,2022,2022-03-02,2022-03-03 00:00:00,5,Cavaliers,Cleveland,CLE,37,79,46.8,10,31,32.3,14,21,66.7,4,33,21,6,1,14,18,5,0,2
401360752,2022,2022-03-02,2022-03-03 00:00:00,11,Pacers,Indiana,IND,41,94,43.6,12,37,32.4,28,35,80.0,14,40,23,12,7,18,19,8,0,0
401360752,2022,2022-03-02,2022-03-03 00:00:00,19,Magic,Orlando,ORL,44,97,45.4,10,32,31.3,16,20,80.0,12,40,22,12,5,18,28,18,2,2
401360753,2022,2022-03-02,2022-03-03 00:30:00,18,Knicks,New York,NY,39,91,42.9,8,28,28.6,22,32,68.8,10,30,20,9,3,7,25,16,3,0
401360753,2022,2022-03-02,2022-03-03 00:30:00,20,76ers,Philadelphia,PHI,39,75,52.0,17,36,47.2,28,33,84.8,5,38,24,2,8,14,25,16,0,1
401360754,2022,2022-03-02,2022-03-03 01:00:00,26,Jazz,Utah,UTAH,50,91,54.9,15,42,35.7,17,24,70.8,11,38,32,12,2,19,24,18,0,2
401360754,2022,2022-03-02,2022-03-03 01:00:00,10,Rockets,Houston,HOU,43,86,50.0,21,51,41.2,20,30,66.7,5,29,27,12,3,16,25,5,1,1
401360755,2022,2022-03-02,2022-03-03 01:00:00,14,Heat,Miami,MIA,44,97,45.4,21,44,47.7,10,12,83.3,9,39,28,9,4,10,22,14,2,0
401360755,2022,2022-03-02,2022-03-03 01:00:00,15,Bucks,Milwaukee,MIL,41,91,45.1,14,36,38.9,24,27,88.9,11,41,22,7,3,12,16,10,0,0
401360756,2022,2022-03-02,2022-03-03 01:00:00,23,Kings,Sacramento,SAC,35,89,39.3,8,35,22.9,17,25,68.0,12,26,20,9,4,11,19,6,0,0
401360756,2022,2022-03-02,2022-03-03 01:00:00,3,Pelicans,New Orleans,NO,52,88,59.1,11,29,37.9,10,12,83.3,7,43,30,5,5,15,23,30,1,0
401360757,2022,2022-03-02,2022-03-03 02:00:00,25,Thunder,Oklahoma City,OKC,44,87,50.6,16,29,55.2,15,21,71.4,9,41,24,11,6,14,15,15,1,0
401360757,2022,2022-03-02,2022-03-03 02:00:00,7,Nuggets,Denver,DEN,40,90,44.4,12,46,26.1,15,17,88.2,10,37,25,11,2,16,19,11,0,0
401360758,2022,2022-03-02,2022-03-03 03:00:00,22,Trail Blazers,Portland,POR,30,78,38.5,11,31,35.5,19,25,76.0,5,30,22,10,2,18,23,1,1,0
401360758,2022,2022-03-02,2022-03-03 03:00:00,21,Suns,Phoenix,PHX,40,80,50.0,14,36,38.9,26,31,83.9,7,39,32,14,6,14,21,33,2,1
401360745,2022,2022-03-01,2022-03-02 00:00:00,8,Pistons,Detroit,DET,43,90,47.8,8,27,29.6,19,23,82.6,14,29,23,9,3,12,21,6,0,1
401360745,2022,2022-03-01,2022-03-02 00:00:00,27,Wizards,Washington,WSH,41,82,50.0,13,26,50.0,21,26,80.8,12,30,29,6,8,15,22,12,0,1
401360746,2022,2022-03-01,2022-03-02 00:30:00,1,Hawks,Atlanta,ATL,36,83,43.4,7,31,22.6,19,24,79.2,5,32,15,8,4,9,20,17,1,0
401360746,2022,2022-03-01,2022-03-02 00:30:00,2,Celtics,Boston,BOS,39,83,47.0,11,35,31.4,18,19,94.7,11,36,27,4,8,12,20,14,2,0
401360747,2022,2022-03-01,2022-03-02 00:30:00,17,Nets,Brooklyn,BKN,42,84,50.0,10,25,40.0,14,19,73.7,7,30,21,3,5,12,21,10,0,3
401360747,2022,2022-03-01,2022-03-02 00:30:00,28,Raptors,Toronto,TOR,41,90,45.6,7,23,30.4,20,23,87.0,16,32,27,5,2,13,19,11,0,0
401360748,2022,2022-03-01,2022-03-02 01:00:00,12,Clippers,LA,LAC,42,96,43.8,13,31,41.9,16,17,94.1,17,38,24,7,8,15,19,21,1,0
401360748,2022,2022-03-01,2022-03-02 01:00:00,10,Rockets,Houston,HOU,38,96,39.6,13,39,33.3,11,17,64.7,14,31,21,8,6,13,18,7,1,2
401360749,2022,2022-03-01,2022-03-02 01:00:00,9,Warriors,Golden State,GS,41,90,45.6,13,45,28.9,19,22,86.4,8,32,26,11,3,17,25,6,0,0
401360749,2022,2022-03-01,2022-03-02 01:00:00,16,Timberwolves,Minnesota,MIN,47,89,52.8,16,40,40.0,19,23,82.6,6,36,27,10,2,16,20,21,0,1
401360750,2022,2022-03-01,2022-03-02 03:00:00,6,Mavericks,Dallas,DAL,41,82,50.0,10,35,28.6,17,27,63.0,10,35,24,8,7,13,19,21,1,3
401360750,2022,2022-03-01,2022-03-02 03:00:00,13,Lakers,Los Angeles,LAL,37,82,45.1,14,34,41.2,16,20,80.0,4,33,22,8,6,12,20,6,0,3
401360739,2022,2022-02-28,2022-03-01 00:00:00,16,Timberwolves,Minnesota,MIN,47,86,54.7,18,42,42.9,15,19,78.9,8,23,30,12,6,13,31,23,0,2
401360739,2022,2022-02-28,2022-03-01 00:00:00,5,Cavaliers,Cleveland,CLE,39,74,52.7,15,37,40.5,29,34,85.3,10,28,29,5,3,20,17,14,2,0
401360740,2022,2022-02-28,2022-03-01 00:00:00,11,Pacers,Indiana,IND,35,72,48.6,15,36,41.7,18,25,72.0,4,35,22,4,6,21,18,11,1,3
401360740,2022,2022-02-28,2022-03-01 00:00:00,19,Magic,Orlando,ORL,45,96,46.9,12,37,32.4,17,22,77.3,10,29,29,10,2,10,19,20,1,0
401360545,2022,2022-02-28,2022-03-01 00:30:00,28,Raptors,Toronto,TOR,51,99,51.5,18,38,47.4,13,22,59.1,16,31,35,17,5,12,20,39,1,1
401360545,2022,2022-02-28,2022-03-01 00:30:00,17,Nets,Brooklyn,BKN,33,86,38.4,12,35,34.3,19,24,79.2,14,31,23,4,5,22,20,2,1,1
401360741,2022,2022-02-28,2022-03-01 00:30:00,4,Bulls,Chicago,CHI,41,84,48.8,7,29,24.1,10,15,66.7,5,33,23,9,4,14,24,4,2,1
401360741,2022,2022-02-28,2022-03-01 00:30:00,14,Heat,Miami,MIA,40,81,49.4,12,31,38.7,20,26,76.9,9,30,28,8,5,14,18,24,0,1
401360742,2022,2022-02-28,2022-03-01 01:00:00,24,Spurs,San Antonio,SA,41,99,41.4,9,32,28.1,14,19,73.7,12,26,30,13,3,9,18,6,0,1
401360742,2022,2022-02-28,2022-03-01 01:00:00,29,Grizzlies,Memphis,MEM,48,89,53.9,11,26,42.3,11,19,57.9,13,42,24,5,6,16,18,15,2,0
401360743,2022,2022-02-28,2022-03-01 01:00:00,30,Hornets,Charlotte,CHA,36,93,38.7,14,39,35.9,20,32,62.5,9,31,22,6,1,8,27,7,1,0
401360743,2022,2022-02-28,2022-03-01 01:00:00,15,Bucks,Milwaukee,MIL,40,91,44.0,18,45,40.0,32,37,86.5,17,45,25,4,5,13,28,35,0,2
401360744,2022,2022-02-28,2022-03-01 01:00:00,23,Kings,Sacramento,SAC,49,87,56.3,10,31,32.3,23,30,76.7,11,35,30,10,6,16,25,21,1,0
401360744,2022,2022-02-28,2022-03-01 01:00:00,25,Thunder,Oklahoma City,OKC,40,86,46.5,11,35,31.4,19,27,70.4,7,31,28,12,5,16,26,9,1,1
401360731,2022,2022-02-27,2022-02-27 18:00:00,20,76ers,Philadelphia,PHI,38,78,48.7,10,33,30.3,39,44,88.6,5,38,28,13,5,10,26,16,0,1
401360731,2022,2022-02-27,2022-02-27 18:00:00,18,Knicks,New York,NY,38,85,44.7,11,33,33.3,22,35,62.9,12,35,21,6,2,18,24,3,0,1
401360732,2022,2022-02-27,2022-02-27 20:30:00,26,Jazz,Utah,UTAH,44,94,46.8,17,40,42.5,13,20,65.0,14,27,23,7,6,9,16,10,1,0
401360732,2022,2022-02-27,2022-02-27 20:30:00,21,Suns,Phoenix,PHX,44,86,51.2,13,28,46.4,13,16,81.3,10,26,24,7,5,9,19,14,0,0
401360733,2022,2022-02-27,2022-02-27 22:00:00,2,Celtics,Boston,BOS,39,91,42.9,12,43,27.9,17,20,85.0,12,28,25,5,9,10,13,5,0,3
401360733,2022,2022-02-27,2022-02-27 22:00:00,11,Pacers,Indiana,IND,47,90,52.2,17,33,51.5,17,20,85.0,10,39,25,7,5,14,23,22,0,0
401360734,2022,2022-02-27,2022-02-28 00:00:00,8,Pistons,Detroit,DET,50,110,45.5,14,40,35.0,13,18,72.2,22,32,30,10,3,14,29,7,1,0
401360734,2022,2022-02-27,2022-02-28 00:00:00,30,Hornets,Charlotte,CHA,45,89,50.6,13,31,41.9,23,34,67.6,12,34,25,8,8,17,19,6,0,1
401360735,2022,2022-02-27,2022-02-28 00:00:00,12,Clippers,LA,LAC,34,77,44.2,11,34,32.4,20,28,71.4,10,49,18,4,12,18,22,5,0,1
401360735,2022,2022-02-27,2022-02-28 00:00:00,10,Rockets,Houston,HOU,35,92,38.0,17,42,40.5,11,18,61.1,6,31,26,8,0,6,21,13,1,1
401360736,2022,2022-02-27,2022-02-28 00:30:00,6,Mavericks,Dallas,DAL,39,78,50.0,13,34,38.2,16,20,80.0,6,39,16,5,7,18,18,6,0,2
401360736,2022,2022-02-27,2022-02-28 00:30:00,9,Warriors,Golden State,GS,39,91,42.9,11,39,28.2,12,20,60.0,12,32,27,15,2,10,23,21,1,1
401360737,2022,2022-02-27,2022-02-28 02:00:00,7,Nuggets,Denver,DEN,44,86,51.0,12,37,32.0,24,31,77.0,8,47,28,9,5,14,20,35,1,1
401360737,2022,2022-02-27,2022-02-28 02:00:00,22,Trail Blazers,Portland,POR,34,91,37.0,6,36,17.0,18,26,69.0,11,31,22,12,3,15,25,4,0,1
401360738,2022,2022-02-27,2022-02-28 03:00:00,3,Pelicans,New Orleans,NO,47,92,51.1,13,30,43.3,16,25,64.0,12,39,29,16,3,15,19,32,0,2
401360738,2022,2022-02-27,2022-02-28 03:00:00,13,Lakers,Los Angeles,LAL,35,84,41.7,7,34,20.6,18,20,90.0,7,31,15,8,7,23,18,4,0,1
401360724,2022,2022-02-26,2022-02-26 17:00:00,2,Celtics,Boston,BOS,42,88,47.7,10,26,38.5,19,21,90.5,10,27,31,5,6,10,21,12,0,1
401360724,2022,2022-02-26,2022-02-26 17:00:00,8,Pistons,Detroit,DET,39,87,44.8,7,27,25.9,19,22,86.4,10,31,18,4,4,14,22,6,0,2
401360725,2022,2022-02-26,2022-02-27 00:30:00,28,Raptors,Toronto,TOR,38,95,40.0,10,32,31.3,14,19,73.7,11,31,25,5,2,11,26,12,2,1
401360725,2022,2022-02-26,2022-02-27 00:30:00,1,Hawks,Atlanta,ATL,48,83,57.8,13,31,41.9,18,22,81.8,5,40,27,8,8,12,19,32,0,1
401360726,2022,2022-02-26,2022-02-27 01:00:00,27,Wizards,Washington,WSH,35,81,43.2,11,23,47.8,5,6,83.3,7,35,19,8,7,18,24,9,0,1
401360726,2022,2022-02-26,2022-02-27 01:00:00,5,Cavaliers,Cleveland,CLE,32,83,38.6,8,25,32.0,20,24,83.3,13,36,22,9,5,13,10,6,1,1
401360727,2022,2022-02-26,2022-02-27 01:00:00,24,Spurs,San Antonio,SA,50,90,55.6,14,31,45.2,15,19,78.9,12,34,33,5,1,20,31,16,2,0
401360727,2022,2022-02-26,2022-02-27 01:00:00,14,Heat,Miami,MIA,47,83,56.6,12,28,42.9,27,38,71.1,4,28,25,8,3,11,20,17,1,1
401360728,2022,2022-02-26,2022-02-27 01:00:00,29,Grizzlies,Memphis,MEM,44,100,44.0,7,23,30.4,21,26,80.8,19,42,23,5,10,13,24,17,1,1
401360728,2022,2022-02-26,2022-02-27 01:00:00,4,Bulls,Chicago,CHI,39,93,41.9,9,20,45.0,23,30,76.7,6,35,17,9,3,9,17,4,1,2
401360729,2022,2022-02-26,2022-02-27 01:30:00,17,Nets,Brooklyn,BKN,44,92,47.8,13,34,38.2,25,33,75.8,12,28,24,7,5,7,24,13,2,0
401360729,2022,2022-02-26,2022-02-27 01:30:00,15,Bucks,Milwaukee,MIL,41,78,52.6,16,38,42.1,25,38,65.8,4,39,24,4,0,14,26,8,1,0
401360730,2022,2022-02-26,2022-02-27 02:00:00,23,Kings,Sacramento,SAC,38,89,42.7,9,30,30.0,25,33,75.8,9,36,24,4,3,12,25,7,1,0
401360730,2022,2022-02-26,2022-02-27 02:00:00,7,Nuggets,Denver,DEN,38,82,46.3,16,43,37.2,23,29,79.3,4,41,29,5,2,12,25,9,3,3
401360715,2022,2022-02-25,2022-02-26 00:00:00,28,Raptors,Toronto,TOR,37,84,44.0,6,23,26.1,13,23,56.5,10,26,18,6,4,16,12,0,1,1
401360715,2022,2022-02-25,2022-02-26 00:00:00,30,Hornets,Charlotte,CHA,52,94,55.3,15,40,37.5,6,9,66.7,13,39,34,10,7,16,20,41,2,1
401360716,2022,2022-02-25,2022-02-26 00:00:00,25,Thunder,Oklahoma City,OKC,50,101,49.5,11,31,35.5,18,24,75.0,11,43,23,8,3,11,19,10,0,0
401360716,2022,2022-02-25,2022-02-26 00:00:00,11,Pacers,Indiana,IND,49,101,48.5,14,37,37.8,13,22,59.1,12,39,31,8,11,14,19,10,0,1
401360717,2022,2022-02-25,2022-02-26 00:00:00,10,Rockets,Houston,HOU,44,94,46.8,14,47,29.8,9,20,45.0,10,31,22,12,3,13,24,14,0,3
401360717,2022,2022-02-25,2022-02-26 00:00:00,19,Magic,Orlando,ORL,42,83,50.6,13,36,36.1,22,29,75.9,10,44,20,7,4,18,22,11,1,0
401360718,2022,2022-02-25,2022-02-26 00:00:00,24,Spurs,San Antonio,SA,57,105,54.3,9,29,31.0,34,43,79.1,16,34,35,6,3,17,22,11,0,0
401360718,2022,2022-02-25,2022-02-26 00:00:00,27,Wizards,Washington,WSH,59,108,54.6,16,38,42.1,19,24,79.2,11,28,36,10,5,15,29,7,1,1
401360719,2022,2022-02-25,2022-02-26 00:30:00,14,Heat,Miami,MIA,39,83,47.0,11,32,34.4,26,35,74.3,4,40,22,13,5,8,28,16,2,0
401360719,2022,2022-02-25,2022-02-26 00:30:00,18,Knicks,New York,NY,30,75,40.0,14,40,35.0,26,36,72.2,5,40,19,4,1,18,30,10,0,0
401360720,2022,2022-02-25,2022-02-26 01:00:00,20,76ers,Philadelphia,PHI,42,82,51.2,19,39,48.7,30,36,83.3,6,36,30,10,0,11,23,35,1,1
401360720,2022,2022-02-25,2022-02-26 01:00:00,16,Timberwolves,Minnesota,MIN,36,86,41.9,9,39,23.1,21,25,84.0,9,32,23,4,1,16,27,5,0,2
401360721,2022,2022-02-25,2022-02-26 02:00:00,3,Pelicans,New Orleans,NO,38,87,43.7,8,29,27.6,33,41,80.5,16,37,21,10,4,10,18,17,1,0
401360721,2022,2022-02-25,2022-02-26 02:00:00,21,Suns,Phoenix,PHX,36,82,43.9,12,40,30.0,18,24,75.0,7,30,23,6,8,14,27,4,0,1
401360722,2022,2022-02-25,2022-02-26 02:00:00,6,Mavericks,Dallas,DAL,42,88,47.7,17,39,43.6,8,8,100.0,8,22,22,9,3,11,21,9,1,0
401360722,2022,2022-02-25,2022-02-26 02:00:00,26,Jazz,Utah,UTAH,40,74,54.1,16,38,42.1,18,22,81.8,9,35,22,9,4,18,14,6,0,0
401360723,2022,2022-02-25,2022-02-26 03:00:00,12,Clippers,LA,LAC,41,83,49.4,10,26,38.5,13,19,68.4,7,40,25,8,8,15,19,16,2,0
401360723,2022,2022-02-25,2022-02-26 03:00:00,13,Lakers,Los Angeles,LAL,39,93,41.9,8,31,25.8,16,21,76.2,13,34,18,8,7,12,17,6,0,1
401360708,2022,2022-02-24,2022-02-25 00:00:00,5,Cavaliers,Cleveland,CLE,34,77,44.2,12,35,34.3,23,34,67.6,8,35,20,3,7,12,21,10,0,0
401360708,2022,2022-02-24,2022-02-25 00:00:00,8,Pistons,Detroit,DET,35,86,40.7,11,34,32.4,25,28,89.3,13,36,23,8,8,10,24,11,1,1
401360709,2022,2022-02-24,2022-02-25 00:30:00,2,Celtics,Boston,BOS,46,85,54.1,17,42,40.5,20,27,74.1,8,40,28,9,3,13,20,29,1,1
401360709,2022,2022-02-24,2022-02-25 00:30:00,17,Nets,Brooklyn,BKN,39,94,41.5,7,29,24.1,21,28,75.0,8,30,25,8,4,10,16,0,1,1
401360710,2022,2022-02-24,2022-02-25 01:00:00,1,Hawks,Atlanta,ATL,41,97,42.3,8,28,28.6,18,27,66.7,13,32,20,2,3,9,18,3,1,0
401360710,2022,2022-02-24,2022-02-25 01:00:00,4,Bulls,Chicago,CHI,41,84,48.8,8,27,29.6,22,27,81.5,6,37,16,5,8,8,20,11,1,1
401360711,2022,2022-02-24,2022-02-25 01:00:00,29,Grizzlies,Memphis,MEM,38,98,38.8,9,31,29.0,29,40,72.5,26,33,25,9,7,15,21,15,1,0
401360711,2022,2022-02-24,2022-02-25 01:00:00,16,Timberwolves,Minnesota,MIN,43,93,46.2,16,42,38.1,17,25,68.0,12,30,26,6,11,12,27,6,0,0
401360712,2022,2022-02-24,2022-02-25 01:00:00,21,Suns,Phoenix,PHX,46,86,53.5,13,34,38.2,19,21,90.5,3,40,32,14,6,15,12,20,1,0
401360712,2022,2022-02-24,2022-02-25 01:00:00,25,Thunder,Oklahoma City,OKC,44,93,47.3,6,31,19.4,10,11,90.9,7,35,22,10,4,16,19,4,0,0
401360713,2022,2022-02-24,2022-02-25 03:00:00,9,Warriors,Golden State,GS,45,88,51.1,15,41,36.6,27,32,84.4,10,36,36,10,7,12,23,37,0,2
401360713,2022,2022-02-24,2022-02-25 03:00:00,22,Trail Blazers,Portland,POR,31,79,39.2,9,35,25.7,24,29,82.8,6,25,16,5,4,18,29,10,0,1
401360714,2022,2022-02-24,2022-02-25 03:00:00,7,Nuggets,Denver,DEN,48,86,55.8,15,35,42.9,17,20,85.0,3,36,30,12,4,16,24,22,1,0
401360714,2022,2022-02-24,2022-02-25 03:00:00,23,Kings,Sacramento,SAC,43,86,50.0,9,29,31.0,15,18,83.3,6,28,25,5,8,15,17,2,0,1
401410564,2022,2022-02-20,2022-02-21 01:00:00,123554,Team Durant,Team Durant,DUR,66,122,54.1,21,59,35.6,7,7,100.0,13,37,41,11,1,14,2,9,0,0
401410564,2022,2022-02-20,2022-02-21 01:00:00,111353,Team LeBron,Team LeBron,LEB,67,119,56.3,27,62,43.5,2,2,100.0,13,35,40,13,6,16,6,9,0,0
401360704,2022,2022-02-17,2022-02-18 00:00:00,14,Heat,Miami,MIA,41,102,40.2,14,48,29.2,15,23,65.2,15,41,31,4,5,14,23,13,1,0
401360704,2022,2022-02-17,2022-02-18 00:00:00,30,Hornets,Charlotte,CHA,38,95,40.0,10,42,23.8,21,30,70.0,17,41,27,6,4,18,28,14,0,0
401401136,2022,2022-02-17,2022-02-18 00:30:00,27,Wizards,Washington,WSH,46,83,55.4,12,24,50.0,13,16,81.3,8,30,26,10,7,15,21,14,1,1
401401136,2022,2022-02-17,2022-02-18 00:30:00,17,Nets,Brooklyn,BKN,36,89,40.4,14,38,36.8,17,24,70.8,15,27,19,6,5,15,20,5,1,0
401360705,2022,2022-02-17,2022-02-18 01:00:00,6,Mavericks,Dallas,DAL,44,82,53.7,19,40,47.5,18,25,72.0,7,31,18,5,4,8,22,24,1,0
401360705,2022,2022-02-17,2022-02-18 01:00:00,3,Pelicans,New Orleans,NO,46,92,50.0,12,28,42.9,14,21,66.7,17,31,22,7,0,13,18,0,0,1
401360706,2022,2022-02-17,2022-02-18 01:30:00,20,76ers,Philadelphia,PHI,44,88,50.0,12,34,35.3,23,27,85.2,9,37,21,2,2,12,23,15,0,0
401360706,2022,2022-02-17,2022-02-18 01:30:00,15,Bucks,Milwaukee,MIL,42,95,44.2,14,44,31.8,22,28,78.6,12,32,20,5,1,7,22,12,0,1
401360707,2022,2022-02-17,2022-02-18 03:30:00,10,Rockets,Houston,HOU,42,91,46.2,13,37,35.1,14,19,73.7,12,23,29,8,2,18,20,2,1,1
401360707,2022,2022-02-17,2022-02-18 03:30:00,12,Clippers,LA,LAC,51,92,55.4,18,35,51.4,22,26,84.6,12,38,34,12,5,16,16,38,2,0
401360693,2022,2022-02-16,2022-02-17 00:00:00,1,Hawks,Atlanta,ATL,45,90,50.0,18,33,54.5,22,28,78.6,13,34,23,7,6,11,20,32,0,0
401360693,2022,2022-02-16,2022-02-17 00:00:00,19,Magic,Orlando,ORL,42,98,42.9,13,41,31.7,12,13,92.3,12,33,23,3,5,13,19,4,0,0
401360694,2022,2022-02-16,2022-02-17 00:30:00,8,Pistons,Detroit,DET,43,93,46.2,16,30,53.3,10,13,76.9,18,29,28,9,1,16,17,6,1,0
401360694,2022,2022-02-16,2022-02-17 00:30:00,2,Celtics,Boston,BOS,42,77,54.5,13,32,40.6,14,18,77.8,2,28,29,8,6,15,14,8,2,0
401360695,2022,2022-02-16,2022-02-17 00:30:00,27,Wizards,Washington,WSH,39,91,42.9,17,37,45.9,13,16,81.3,12,32,25,7,3,12,20,7,1,0
401360695,2022,2022-02-16,2022-02-17 00:30:00,11,Pacers,Indiana,IND,45,83,54.2,4,20,20.0,19,29,65.5,7,33,30,9,6,11,14,13,0,0
401360696,2022,2022-02-16,2022-02-17 00:30:00,17,Nets,Brooklyn,BKN,43,98,43.9,11,34,32.4,14,23,60.9,16,35,21,5,1,9,16,6,0,0
401360696,2022,2022-02-16,2022-02-17 00:30:00,18,Knicks,New York,NY,37,85,43.5,16,43,37.2,16,18,88.9,10,34,22,7,9,9,17,28,1,0
401360697,2022,2022-02-16,2022-02-17 01:00:00,23,Kings,Sacramento,SAC,43,84,51.2,12,30,40.0,20,22,90.9,7,29,24,9,3,13,14,8,0,0
401360697,2022,2022-02-16,2022-02-17 01:00:00,4,Bulls,Chicago,CHI,47,94,50.0,12,29,41.4,19,20,95.0,13,34,25,8,2,11,16,12,2,0
401360698,2022,2022-02-16,2022-02-17 01:00:00,22,Trail Blazers,Portland,POR,43,85,50.6,13,32,40.6,24,32,75.0,13,30,23,6,5,12,27,14,0,2
401360698,2022,2022-02-16,2022-02-17 01:00:00,29,Grizzlies,Memphis,MEM,37,85,43.5,11,30,36.7,34,42,81.0,10,29,20,10,7,9,26,2,1,2
401360699,2022,2022-02-16,2022-02-17 01:00:00,28,Raptors,Toronto,TOR,40,88,45.5,8,25,32.0,15,19,78.9,9,39,21,7,6,13,21,13,0,2
401360699,2022,2022-02-16,2022-02-17 01:00:00,16,Timberwolves,Minnesota,MIN,30,77,39.0,10,42,23.8,21,29,72.4,6,36,23,6,7,14,18,6,3,3
401360700,2022,2022-02-16,2022-02-17 01:00:00,24,Spurs,San Antonio,SA,43,98,43.9,10,34,29.4,18,22,81.8,14,43,29,3,7,13,15,16,1,0
401360700,2022,2022-02-16,2022-02-17 01:00:00,25,Thunder,Oklahoma City,OKC,41,105,39.0,11,32,34.4,13,19,68.4,15,35,25,6,6,8,19,4,0,0
401360701,2022,2022-02-16,2022-02-17 02:00:00,10,Rockets,Houston,HOU,42,97,43.3,13,44,29.5,24,28,85.7,13,36,23,5,5,16,27,12,0,0
401360701,2022,2022-02-16,2022-02-17 02:00:00,21,Suns,Phoenix,PHX,44,86,51.2,7,24,29.2,29,36,80.6,7,35,27,10,7,11,20,8,0,3
401360702,2022,2022-02-16,2022-02-17 03:00:00,7,Nuggets,Denver,DEN,43,91,47.3,14,36,38.9,17,21,81.0,12,36,27,5,1,18,18,1,1,0
401360702,2022,2022-02-16,2022-02-17 03:00:00,9,Warriors,Golden State,GS,45,87,51.7,10,34,29.4,16,24,66.7,8,29,26,13,5,10,21,16,1,1
401360703,2022,2022-02-16,2022-02-17 03:00:00,26,Jazz,Utah,UTAH,37,79,46.8,11,33,33.3,16,19,84.2,8,33,17,11,6,13,22,14,0,2
401360703,2022,2022-02-16,2022-02-17 03:00:00,13,Lakers,Los Angeles,LAL,41,86,47.7,10,36,27.8,14,22,63.6,12,32,24,9,7,11,18,11,1,0
401360686,2022,2022-02-15,2022-02-16 00:30:00,5,Cavaliers,Cleveland,CLE,45,88,51.1,16,41,39.0,10,12,83.3,14,25,30,8,3,13,23,5,0,0
401360686,2022,2022-02-15,2022-02-16 00:30:00,1,Hawks,Atlanta,ATL,43,80,53.8,14,33,42.4,24,27,88.9,7,28,25,9,4,11,18,9,0,0
401360687,2022,2022-02-15,2022-02-16 00:30:00,6,Mavericks,Dallas,DAL,34,76,44.7,18,41,43.9,21,33,63.6,12,26,27,5,7,8,26,11,1,0
401360687,2022,2022-02-15,2022-02-16 00:30:00,14,Heat,Miami,MIA,35,84,41.7,7,27,25.9,22,27,81.5,15,33,19,1,2,12,23,13,0,0
401360688,2022,2022-02-15,2022-02-16 00:30:00,2,Celtics,Boston,BOS,46,82,56.1,25,45,55.6,18,22,81.8,7,44,28,2,10,9,25,51,2,1
401360688,2022,2022-02-15,2022-02-16 00:30:00,20,76ers,Philadelphia,PHI,23,80,28.7,8,32,25.0,33,39,84.6,12,28,17,7,2,9,17,0,0,1
401360689,2022,2022-02-15,2022-02-16 01:00:00,11,Pacers,Indiana,IND,47,93,50.5,17,41,41.5,8,19,42.1,10,31,32,8,2,12,23,2,0,1
401360689,2022,2022-02-15,2022-02-16 01:00:00,15,Bucks,Milwaukee,MIL,48,86,55.8,10,29,34.5,22,30,73.3,9,38,28,7,0,13,17,14,2,0
401360690,2022,2022-02-15,2022-02-16 01:00:00,30,Hornets,Charlotte,CHA,42,102,41.2,8,33,24.2,28,37,75.7,16,46,31,9,7,14,30,13,0,0
401360690,2022,2022-02-15,2022-02-16 01:00:00,16,Timberwolves,Minnesota,MIN,43,109,39.5,13,55,23.6,27,43,62.8,17,41,29,10,8,13,26,12,1,2
401360691,2022,2022-02-15,2022-02-16 01:00:00,29,Grizzlies,Memphis,MEM,47,94,50.0,10,34,29.4,17,27,63.0,18,31,29,10,3,12,24,20,1,1
401360691,2022,2022-02-15,2022-02-16 01:00:00,3,Pelicans,New Orleans,NO,44,88,50.0,4,26,15.4,17,20,85.0,11,23,20,7,5,15,23,2,0,0
401360692,2022,2022-02-15,2022-02-16 03:00:00,12,Clippers,LA,LAC,40,97,41.2,10,35,28.6,6,9,66.7,13,33,26,11,9,13,12,8,1,0
401360692,2022,2022-02-15,2022-02-16 03:00:00,21,Suns,Phoenix,PHX,44,90,48.9,8,25,32.0,7,10,70.0,12,40,30,9,4,16,12,13,1,0
401360677,2022,2022-02-14,2022-02-15 00:00:00,8,Pistons,Detroit,DET,32,85,37.6,8,23,34.8,22,27,81.5,13,31,19,7,3,11,19,3,1,0
401360677,2022,2022-02-14,2022-02-15 00:00:00,27,Wizards,Washington,WSH,40,85,47.1,9,29,31.0,14,18,77.8,10,35,21,8,3,15,16,12,0,2
401360678,2022,2022-02-14,2022-02-15 00:30:00,23,Kings,Sacramento,SAC,31,90,34.4,9,35,25.7,14,18,77.8,11,32,12,8,4,18,17,0,0,0
401360678,2022,2022-02-14,2022-02-15 00:30:00,17,Nets,Brooklyn,BKN,43,84,51.2,9,26,34.6,14,15,93.3,6,43,25,7,5,16,22,24,2,0
401360679,2022,2022-02-14,2022-02-15 00:30:00,25,Thunder,Oklahoma City,OKC,48,96,50.0,13,34,38.2,18,27,66.7,8,38,28,9,1,11,19,8,0,0
401360679,2022,2022-02-14,2022-02-15 00:30:00,18,Knicks,New York,NY,45,108,41.7,15,50,30.0,18,22,81.8,19,37,28,8,12,14,25,11,0,0
401360680,2022,2022-02-14,2022-02-15 01:00:00,24,Spurs,San Antonio,SA,44,92,47.8,6,20,30.0,15,21,71.4,4,29,28,9,2,7,15,7,0,1
401360680,2022,2022-02-14,2022-02-15 01:00:00,4,Bulls,Chicago,CHI,46,88,52.3,10,24,41.7,18,21,85.7,10,43,25,3,3,15,19,11,1,1
401360681,2022,2022-02-14,2022-02-15 01:00:00,22,Trail Blazers,Portland,POR,45,99,45.5,18,43,41.9,14,19,73.7,14,44,30,8,6,13,19,21,1,0
401360681,2022,2022-02-14,2022-02-15 01:00:00,15,Bucks,Milwaukee,MIL,38,89,42.7,13,41,31.7,18,24,75.0,6,37,18,8,3,13,18,5,0,0
401360682,2022,2022-02-14,2022-02-15 01:00:00,28,Raptors,Toronto,TOR,29,95,30.5,8,34,23.5,24,31,77.4,19,25,8,7,3,6,14,0,2,1
401360682,2022,2022-02-14,2022-02-15 01:00:00,3,Pelicans,New Orleans,NO,45,77,58.4,16,35,45.7,14,16,87.5,4,43,36,4,7,13,24,34,1,0
401360683,2022,2022-02-14,2022-02-15 02:00:00,19,Magic,Orlando,ORL,40,91,44.0,11,39,28.2,20,23,87.0,11,31,24,16,5,15,19,2,0,1
401360683,2022,2022-02-14,2022-02-15 02:00:00,7,Nuggets,Denver,DEN,42,88,47.7,16,40,40.0,21,23,91.3,12,40,25,7,2,22,18,22,1,1
401360684,2022,2022-02-14,2022-02-15 02:00:00,10,Rockets,Houston,HOU,35,83,42.2,12,37,32.4,19,28,67.9,10,23,23,5,4,12,20,0,0,1
401360684,2022,2022-02-14,2022-02-15 02:00:00,26,Jazz,Utah,UTAH,49,89,55.1,18,40,45.0,19,22,86.4,13,40,34,6,5,13,22,36,0,4
401360685,2022,2022-02-14,2022-02-15 03:30:00,9,Warriors,Golden State,GS,39,86,45.3,16,41,39.0,10,13,76.9,7,31,23,7,3,14,18,8,0,0
401360685,2022,2022-02-14,2022-02-15 03:30:00,12,Clippers,LA,LAC,48,85,56.5,15,34,44.1,8,15,53.3,6,37,25,6,3,12,18,25,0,0
401360675,2022,2022-02-13,2022-02-13 19:00:00,1,Hawks,Atlanta,ATL,34,93,36.6,12,38,31.6,15,15,100.0,11,37,18,6,3,13,22,15,0,0
401360675,2022,2022-02-13,2022-02-13 19:00:00,2,Celtics,Boston,BOS,36,85,42.4,11,38,28.9,22,27,81.5,12,42,21,5,6,12,15,13,0,0
401360676,2022,2022-02-13,2022-02-13 20:00:00,16,Timberwolves,Minnesota,MIN,43,84,51.2,18,34,52.9,25,28,89.3,8,30,23,8,8,13,25,18,1,0
401360676,2022,2022-02-13,2022-02-13 20:00:00,11,Pacers,Indiana,IND,45,102,44.1,13,45,28.9,17,22,77.3,22,32,28,5,6,13,21,10,0,2
401360664,2022,2022-02-12,2022-02-12 22:00:00,18,Knicks,New York,NY,31,81,38.3,12,39,30.8,29,34,85.3,9,32,19,6,6,12,24,23,1,0
401360664,2022,2022-02-12,2022-02-12 22:00:00,22,Trail Blazers,Portland,POR,40,84,47.6,15,40,37.5,17,20,85.0,9,42,29,3,2,15,26,12,2,0
401360665,2022,2022-02-12,2022-02-13 00:00:00,29,Grizzlies,Memphis,MEM,47,96,49.0,11,33,33.3,20,33,60.6,16,41,31,11,8,17,26,35,0,1
401360665,2022,2022-02-12,2022-02-13 00:00:00,30,Hornets,Charlotte,CHA,39,97,40.2,14,45,31.1,26,33,78.8,18,35,28,7,6,16,29,0,1,3
401360666,2022,2022-02-12,2022-02-13 00:00:00,23,Kings,Sacramento,SAC,43,76,56.6,12,28,42.9,25,29,86.2,6,36,27,4,2,14,20,18,0,0
401360666,2022,2022-02-12,2022-02-13 00:00:00,27,Wizards,Washington,WSH,41,88,46.6,13,38,34.2,15,21,71.4,10,22,26,11,3,9,19,13,1,1
401360667,2022,2022-02-12,2022-02-13 00:00:00,24,Spurs,San Antonio,SA,47,93,50.5,14,37,37.8,16,19,84.2,7,27,26,9,5,5,19,18,0,0
401360667,2022,2022-02-12,2022-02-13 00:00:00,3,Pelicans,New Orleans,NO,43,87,49.4,11,32,34.4,17,20,85.0,10,36,22,2,4,15,19,0,0,1
401360668,2022,2022-02-12,2022-02-13 00:30:00,5,Cavaliers,Cleveland,CLE,36,77,46.8,8,24,33.3,13,15,86.7,5,29,21,3,3,15,16,2,2,1
401360668,2022,2022-02-12,2022-02-13 00:30:00,20,76ers,Philadelphia,PHI,38,79,48.1,10,22,45.5,17,21,81.0,8,32,24,13,5,11,21,18,2,0
401360669,2022,2022-02-12,2022-02-13 00:30:00,7,Nuggets,Denver,DEN,39,84,46.4,14,37,37.8,18,21,85.7,12,38,28,5,3,17,16,8,1,0
401360669,2022,2022-02-12,2022-02-13 00:30:00,28,Raptors,Toronto,TOR,43,88,48.9,12,34,35.3,11,17,64.7,8,27,22,11,1,7,19,8,0,0
401360670,2022,2022-02-12,2022-02-13 01:00:00,17,Nets,Brooklyn,BKN,42,93,45.2,12,40,30.0,15,22,68.2,9,32,16,12,2,8,27,5,0,1
401360670,2022,2022-02-12,2022-02-13 01:00:00,14,Heat,Miami,MIA,41,82,50.0,10,29,34.5,23,29,79.3,10,42,20,6,1,15,21,21,0,0
401360671,2022,2022-02-12,2022-02-13 01:00:00,25,Thunder,Oklahoma City,OKC,34,88,38.6,11,36,30.6,22,30,73.3,7,36,22,8,10,8,15,14,0,0
401360671,2022,2022-02-12,2022-02-13 01:00:00,4,Bulls,Chicago,CHI,40,89,44.9,7,25,28.0,19,23,82.6,11,46,20,6,3,13,19,7,0,1
401360672,2022,2022-02-12,2022-02-13 01:30:00,12,Clippers,LA,LAC,43,82,52.4,7,22,31.8,6,11,54.5,6,36,23,7,4,14,20,10,0,1
401360672,2022,2022-02-12,2022-02-13 01:30:00,6,Mavericks,Dallas,DAL,35,85,41.2,15,39,38.5,12,19,63.2,13,31,16,4,0,14,17,5,0,2
401360673,2022,2022-02-12,2022-02-13 01:30:00,13,Lakers,Los Angeles,LAL,41,88,47.0,11,27,41.0,22,33,67.0,12,36,25,5,6,8,24,6,1,2
401360673,2022,2022-02-12,2022-02-13 01:30:00,9,Warriors,Golden State,GS,40,90,44.0,12,38,32.0,25,34,74.0,10,40,24,4,3,9,24,15,0,0
401360674,2022,2022-02-12,2022-02-13 02:00:00,19,Magic,Orlando,ORL,37,87,42.5,15,41,36.6,16,24,66.7,4,40,25,2,2,14,9,4,1,1
401360674,2022,2022-02-12,2022-02-13 02:00:00,21,Suns,Phoenix,PHX,55,105,52.4,15,34,44.1,7,10,70.0,7,45,40,8,2,7,19,27,0,0
401360657,2022,2022-02-11,2022-02-12 00:00:00,30,Hornets,Charlotte,CHA,54,97,55.7,18,42,42.9,15,23,65.2,15,36,36,13,2,18,22,28,0,0
401360657,2022,2022-02-11,2022-02-12 00:00:00,8,Pistons,Detroit,DET,48,102,47.1,12,35,34.3,11,18,61.1,16,29,32,10,6,18,20,2,0,0
401360658,2022,2022-02-11,2022-02-12 00:00:00,5,Cavaliers,Cleveland,CLE,43,81,53.1,9,24,37.5,25,30,83.3,6,26,20,12,7,13,16,7,0,2
401360658,2022,2022-02-11,2022-02-12 00:00:00,11,Pacers,Indiana,IND,42,89,47.2,18,38,47.4,11,16,68.8,9,29,25,9,4,20,25,21,3,0
401360659,2022,2022-02-11,2022-02-12 00:00:00,25,Thunder,Oklahoma City,OKC,35,90,38.9,6,35,17.1,11,12,91.7,11,41,21,6,8,15,21,3,1,0
401360659,2022,2022-02-11,2022-02-12 00:00:00,20,76ers,Philadelphia,PHI,36,93,38.7,7,26,26.9,21,26,80.8,15,40,19,7,10,11,16,19,0,0
401360660,2022,2022-02-11,2022-02-12 00:30:00,24,Spurs,San Antonio,SA,50,90,55.6,18,32,56.3,18,21,85.7,5,36,37,11,4,14,21,26,0,0
401360660,2022,2022-02-11,2022-02-12 00:30:00,1,Hawks,Atlanta,ATL,47,103,45.6,14,43,32.6,13,15,86.7,17,32,28,10,5,14,18,0,0,1
401360661,2022,2022-02-11,2022-02-12 00:30:00,7,Nuggets,Denver,DEN,39,90,43.3,11,44,25.0,13,18,72.2,12,40,23,7,6,21,22,11,0,1
401360661,2022,2022-02-11,2022-02-12 00:30:00,2,Celtics,Boston,BOS,38,96,39.6,10,37,27.0,22,30,73.3,18,36,24,13,8,12,20,8,0,0
401360662,2022,2022-02-11,2022-02-12 01:00:00,16,Timberwolves,Minnesota,MIN,48,96,50.0,13,40,32.5,13,16,81.3,7,25,32,7,4,9,12,5,0,1
401360662,2022,2022-02-11,2022-02-12 01:00:00,4,Bulls,Chicago,CHI,55,87,63.2,14,31,45.2,10,13,76.9,6,37,32,6,3,13,15,18,2,0
401360663,2022,2022-02-11,2022-02-12 02:00:00,19,Magic,Orlando,ORL,37,84,44.0,13,35,37.1,12,16,75.0,9,31,23,12,5,18,15,2,0,0
401360663,2022,2022-02-11,2022-02-12 02:00:00,26,Jazz,Utah,UTAH,40,89,44.9,13,41,31.7,21,24,87.5,11,39,22,15,5,15,14,18,1,1
401360650,2022,2022-02-10,2022-02-11 00:00:00,29,Grizzlies,Memphis,MEM,44,92,47.8,15,30,50.0,29,42,69.0,18,42,32,6,4,12,23,28,1,0
401360650,2022,2022-02-10,2022-02-11 00:00:00,8,Pistons,Detroit,DET,41,94,43.6,7,35,20.0,18,21,85.7,10,30,27,4,7,9,29,0,1,0
401360651,2022,2022-02-10,2022-02-11 00:30:00,17,Nets,Brooklyn,BKN,39,84,46.4,10,29,34.5,24,28,85.7,12,30,19,6,3,10,21,9,0,0
401360651,2022,2022-02-10,2022-02-11 00:30:00,27,Wizards,Washington,WSH,43,85,50.6,11,31,35.5,16,18,88.9,10,31,29,7,5,11,23,13,1,0
401360652,2022,2022-02-10,2022-02-11 00:30:00,14,Heat,Miami,MIA,39,81,48.1,10,32,31.3,24,28,85.7,11,32,25,12,4,13,19,15,1,1
401360652,2022,2022-02-10,2022-02-11 00:30:00,3,Pelicans,New Orleans,NO,36,85,42.4,11,41,26.8,14,16,87.5,12,27,19,8,6,17,23,5,0,0
401360653,2022,2022-02-10,2022-02-11 01:00:00,28,Raptors,Toronto,TOR,53,97,54.6,15,39,38.5,18,22,81.8,14,23,25,12,3,11,28,21,1,1
401360653,2022,2022-02-10,2022-02-11 01:00:00,10,Rockets,Houston,HOU,43,82,52.4,16,38,42.1,18,30,60.0,13,28,25,5,4,21,20,10,0,1
401360654,2022,2022-02-10,2022-02-11 01:30:00,12,Clippers,LA,LAC,39,81,48.1,9,23,39.1,18,25,72.0,4,27,24,9,2,10,25,0,0,1
401360654,2022,2022-02-10,2022-02-11 01:30:00,6,Mavericks,Dallas,DAL,38,78,48.7,13,39,33.3,23,27,85.2,8,33,19,4,3,13,23,17,1,0
401360655,2022,2022-02-10,2022-02-11 03:00:00,15,Bucks,Milwaukee,MIL,40,88,45.5,10,38,26.3,17,25,68.0,11,28,18,6,4,14,22,6,0,2
401360655,2022,2022-02-10,2022-02-11 03:00:00,21,Suns,Phoenix,PHX,51,90,56.7,9,30,30.0,20,29,69.0,9,34,35,10,2,8,22,27,0,2
401360656,2022,2022-02-10,2022-02-11 03:00:00,18,Knicks,New York,NY,39,90,43.3,14,36,38.9,24,33,72.7,16,35,24,3,3,13,18,13,2,0
401360656,2022,2022-02-10,2022-02-11 03:00:00,9,Warriors,Golden State,GS,42,91,46.2,15,45,33.3,15,17,88.2,5,33,27,4,5,7,24,7,1,1
401360644,2022,2022-02-09,2022-02-10 00:00:00,24,Spurs,San Antonio,SA,38,99,38.4,8,33,24.2,8,11,72.7,15,31,24,8,4,13,17,8,0,0
401360644,2022,2022-02-09,2022-02-10 00:00:00,5,Cavaliers,Cleveland,CLE,39,82,47.6,9,21,42.9,18,24,75.0,10,41,18,8,2,13,12,23,2,0
401360645,2022,2022-02-09,2022-02-10 00:30:00,4,Bulls,Chicago,CHI,46,82,56.1,16,33,48.5,13,19,68.4,5,35,27,4,5,12,17,21,2,0
401360645,2022,2022-02-09,2022-02-10 00:30:00,30,Hornets,Charlotte,CHA,40,93,43.0,13,43,30.2,16,23,69.6,11,32,26,7,1,8,16,8,1,1
401360646,2022,2022-02-09,2022-02-10 01:00:00,28,Raptors,Toronto,TOR,45,88,51.1,13,35,37.1,14,14,100.0,10,35,22,9,4,16,16,21,0,0
401360646,2022,2022-02-09,2022-02-10 01:00:00,25,Thunder,Oklahoma City,OKC,36,87,41.4,14,47,29.8,12,14,85.7,14,31,28,11,4,17,17,1,1,0
401360647,2022,2022-02-09,2022-02-10 03:00:00,9,Warriors,Golden State,GS,28,78,35.9,16,43,37.2,13,17,76.5,3,32,17,8,3,11,19,13,2,1
401360647,2022,2022-02-09,2022-02-10 03:00:00,26,Jazz,Utah,UTAH,41,89,46.1,17,51,33.3,12,17,70.6,11,41,26,3,9,9,16,30,3,0
401360648,2022,2022-02-09,2022-02-10 03:00:00,13,Lakers,Los Angeles,LAL,41,74,55.4,17,37,45.9,6,13,46.2,3,35,29,7,7,21,15,9,0,0
401360648,2022,2022-02-09,2022-02-10 03:00:00,22,Trail Blazers,Portland,POR,42,89,47.2,10,32,31.3,13,16,81.3,11,30,26,15,3,11,15,7,0,0
401360649,2022,2022-02-09,2022-02-10 03:00:00,16,Timberwolves,Minnesota,MIN,44,98,44.9,16,46,34.8,15,18,83.3,6,28,28,4,6,10,21,13,0,3
401360649,2022,2022-02-09,2022-02-10 03:00:00,23,Kings,Sacramento,SAC,48,93,51.6,12,30,40.0,24,27,88.9,11,40,32,4,7,13,19,13,1,3
401360634,2022,2022-02-08,2022-02-09 00:00:00,21,Suns,Phoenix,PHX,43,95,45.3,6,26,23.1,22,24,91.7,11,37,27,7,5,8,15,7,0,2
401360634,2022,2022-02-08,2022-02-09 00:00:00,20,76ers,Philadelphia,PHI,41,89,46.1,10,32,31.3,17,18,94.4,6,38,24,7,4,14,22,14,1,0
401360635,2022,2022-02-08,2022-02-09 00:30:00,11,Pacers,Indiana,IND,37,93,39.8,10,31,32.3,28,33,84.8,18,25,22,10,4,13,16,0,0,0
401360635,2022,2022-02-08,2022-02-09 00:30:00,1,Hawks,Atlanta,ATL,52,90,57.8,17,33,51.5,12,16,75.0,10,33,36,8,7,14,26,35,2,0
401360636,2022,2022-02-08,2022-02-09 00:30:00,2,Celtics,Boston,BOS,50,91,54.9,14,40,35.0,12,16,75.0,11,41,32,6,8,13,14,35,1,0
401360636,2022,2022-02-08,2022-02-09 00:30:00,17,Nets,Brooklyn,BKN,38,99,38.4,10,36,27.8,5,13,38.5,15,25,22,6,4,13,18,0,1,0
401360637,2022,2022-02-08,2022-02-09 01:00:00,12,Clippers,LA,LAC,40,89,44.9,11,31,35.5,18,24,75.0,11,29,25,8,7,17,17,2,0,2
401360637,2022,2022-02-08,2022-02-09 01:00:00,29,Grizzlies,Memphis,MEM,53,103,51.5,9,26,34.6,20,25,80.0,21,34,26,12,6,13,18,34,0,0
401360638,2022,2022-02-08,2022-02-09 01:00:00,10,Rockets,Houston,HOU,32,86,37.2,13,42,31.0,20,31,64.5,18,29,19,8,3,21,23,8,0,0
401360638,2022,2022-02-08,2022-02-09 01:00:00,3,Pelicans,New Orleans,NO,42,80,52.5,8,32,25.0,18,20,90.0,8,35,27,10,10,19,29,19,0,0
401360639,2022,2022-02-08,2022-02-09 01:30:00,8,Pistons,Detroit,DET,33,87,37.9,5,30,16.7,15,22,68.2,13,32,20,5,2,15,24,4,0,0
401360639,2022,2022-02-08,2022-02-09 01:30:00,6,Mavericks,Dallas,DAL,40,79,50.6,18,36,50.0,18,23,78.3,6,41,24,10,5,13,18,37,0,1
401360640,2022,2022-02-08,2022-02-09 02:00:00,18,Knicks,New York,NY,45,101,44.6,15,43,34.9,10,12,83.3,14,27,25,9,3,8,25,5,1,1
401360640,2022,2022-02-08,2022-02-09 02:00:00,7,Nuggets,Denver,DEN,46,85,54.1,16,39,41.0,24,31,77.4,12,40,31,5,1,13,18,27,0,0
401360641,2022,2022-02-08,2022-02-09 03:00:00,15,Bucks,Milwaukee,MIL,52,96,54.2,15,36,41.7,12,20,60.0,11,31,31,10,4,11,24,30,1,1
401360641,2022,2022-02-08,2022-02-09 03:00:00,13,Lakers,Los Angeles,LAL,44,85,51.8,10,32,31.3,18,30,60.0,12,29,28,7,6,16,20,2,0,1
401360642,2022,2022-02-08,2022-02-09 03:00:00,19,Magic,Orlando,ORL,44,90,48.9,19,38,50.0,6,8,75.0,10,40,34,8,7,14,18,20,1,1
401360642,2022,2022-02-08,2022-02-09 03:00:00,22,Trail Blazers,Portland,POR,32,91,35.2,11,38,28.9,20,26,76.9,17,33,21,9,5,13,12,3,0,0
401360643,2022,2022-02-08,2022-02-09 03:00:00,16,Timberwolves,Minnesota,MIN,50,104,48.1,22,44,50.0,12,17,70.6,16,33,34,10,4,12,24,25,2,0
401360643,2022,2022-02-08,2022-02-09 03:00:00,23,Kings,Sacramento,SAC,41,83,49.4,9,25,36.0,23,26,88.5,5,33,29,4,3,19,20,3,0,0
401360629,2022,2022-02-07,2022-02-08 00:00:00,28,Raptors,Toronto,TOR,41,84,48.8,15,35,42.9,19,29,65.5,14,37,21,9,5,18,20,23,0,0
401360629,2022,2022-02-07,2022-02-08 00:00:00,30,Hornets,Charlotte,CHA,39,95,41.1,9,40,22.5,14,16,87.5,9,29,28,11,4,13,19,2,0,0
401360630,2022,2022-02-07,2022-02-08 00:00:00,14,Heat,Miami,MIA,43,76,56.6,18,32,56.3,17,21,81.0,5,32,29,9,1,18,23,35,1,0
401360630,2022,2022-02-07,2022-02-08 00:00:00,27,Wizards,Washington,WSH,36,80,45.0,7,31,22.6,21,23,91.3,7,26,25,10,0,16,18,0,1,3
401360631,2022,2022-02-07,2022-02-08 01:00:00,21,Suns,Phoenix,PHX,49,90,54.4,12,32,37.5,17,19,89.5,10,34,31,5,5,10,23,27,1,4
401360631,2022,2022-02-07,2022-02-08 01:00:00,4,Bulls,Chicago,CHI,43,90,47.8,10,26,38.5,28,31,90.3,11,29,18,7,2,9,18,2,0,0
401360632,2022,2022-02-07,2022-02-08 01:00:00,9,Warriors,Golden State,GS,41,82,50.0,15,43,34.9,13,17,76.5,6,34,30,12,3,15,19,16,0,0
401360632,2022,2022-02-07,2022-02-08 01:00:00,25,Thunder,Oklahoma City,OKC,37,90,41.1,11,36,30.6,13,17,76.5,18,32,21,8,2,17,14,8,1,0
401360633,2022,2022-02-07,2022-02-08 02:00:00,18,Knicks,New York,NY,36,95,37.9,8,33,24.2,24,35,68.6,20,36,18,8,3,16,23,12,0,1
401360633,2022,2022-02-07,2022-02-08 02:00:00,26,Jazz,Utah,UTAH,39,93,41.9,12,48,25.0,23,27,85.2,14,35,19,6,6,10,26,11,2,0
401360621,2022,2022-02-06,2022-02-06 20:30:00,20,76ers,Philadelphia,PHI,45,84,53.6,12,24,50.0,17,21,81.0,4,34,29,5,5,9,17,17,2,0
401360621,2022,2022-02-06,2022-02-06 20:30:00,4,Bulls,Chicago,CHI,39,81,48.1,7,26,26.9,23,26,88.5,6,32,21,3,4,8,19,1,0,2
401360622,2022,2022-02-06,2022-02-06 20:30:00,8,Pistons,Detroit,DET,40,95,42.1,12,32,37.5,13,19,68.4,14,33,28,6,9,10,22,5,1,1
401360622,2022,2022-02-06,2022-02-06 20:30:00,16,Timberwolves,Minnesota,MIN,42,91,46.2,17,36,47.2,17,21,81.0,11,40,27,6,7,10,19,13,0,1
401360623,2022,2022-02-06,2022-02-06 20:30:00,17,Nets,Brooklyn,BKN,36,87,41.4,16,41,39.0,16,22,72.7,8,28,24,8,9,10,19,7,0,0
401360623,2022,2022-02-06,2022-02-06 20:30:00,7,Nuggets,Denver,DEN,49,94,52.1,10,32,31.3,16,21,76.2,11,44,37,7,2,10,20,22,1,2
401360624,2022,2022-02-06,2022-02-06 23:00:00,11,Pacers,Indiana,IND,31,83,37.3,8,31,25.8,15,17,88.2,13,34,17,5,2,19,26,20,0,0
401360624,2022,2022-02-06,2022-02-06 23:00:00,5,Cavaliers,Cleveland,CLE,34,84,40.5,11,32,34.4,19,28,67.9,16,34,25,9,5,10,22,17,1,0
401360625,2022,2022-02-06,2022-02-06 23:00:00,2,Celtics,Boston,BOS,45,99,45.5,13,46,28.3,13,14,92.9,16,39,29,9,6,14,17,33,2,1
401360625,2022,2022-02-06,2022-02-06 23:00:00,19,Magic,Orlando,ORL,29,81,35.8,5,26,19.2,20,21,95.2,8,32,17,8,5,17,16,0,2,0
401360626,2022,2022-02-06,2022-02-06 23:00:00,1,Hawks,Atlanta,ATL,37,95,38.9,5,25,20.0,15,16,93.8,15,35,21,7,4,12,18,4,0,0
401360626,2022,2022-02-06,2022-02-06 23:00:00,6,Mavericks,Dallas,DAL,38,88,43.2,16,36,44.4,11,13,84.6,12,36,25,8,5,14,25,12,2,1
401360627,2022,2022-02-06,2022-02-07 00:00:00,3,Pelicans,New Orleans,NO,41,77,53.2,12,29,41.4,26,36,72.2,5,28,29,12,4,10,23,15,3,0
401360627,2022,2022-02-06,2022-02-07 00:00:00,10,Rockets,Houston,HOU,40,84,47.6,16,45,35.6,11,16,68.8,5,28,28,5,7,16,23,11,2,1
401360628,2022,2022-02-06,2022-02-07 02:00:00,15,Bucks,Milwaukee,MIL,48,88,54.5,19,38,50.0,22,27,81.5,7,43,28,6,4,10,15,26,0,0
401360628,2022,2022-02-06,2022-02-07 02:00:00,12,Clippers,LA,LAC,40,96,41.7,18,46,39.1,15,16,93.8,10,34,26,6,2,10,20,9,0,1
401360615,2022,2022-02-05,2022-02-05 22:00:00,29,Grizzlies,Memphis,MEM,53,105,50.5,13,39,33.3,16,22,72.7,16,46,33,6,5,8,21,31,0,0
401360615,2022,2022-02-05,2022-02-05 22:00:00,19,Magic,Orlando,ORL,39,90,43.3,17,48,35.4,20,29,69.0,7,31,27,2,2,9,20,4,0,0
401360616,2022,2022-02-05,2022-02-06 00:00:00,14,Heat,Miami,MIA,38,91,41.8,11,32,34.4,17,18,94.4,11,38,27,14,6,12,17,30,0,0
401360616,2022,2022-02-05,2022-02-06 00:00:00,30,Hornets,Charlotte,CHA,33,86,38.4,10,36,27.8,10,16,62.5,12,38,23,4,5,19,19,5,1,1
401360617,2022,2022-02-05,2022-02-06 00:00:00,21,Suns,Phoenix,PHX,40,99,40.4,8,31,25.8,7,14,50.0,20,44,26,6,7,10,16,36,0,1
401360617,2022,2022-02-05,2022-02-06 00:00:00,27,Wizards,Washington,WSH,30,85,35.3,5,24,20.8,15,19,78.9,8,34,14,8,4,9,17,6,0,0
401360618,2022,2022-02-05,2022-02-06 01:30:00,18,Knicks,New York,NY,39,98,39.8,11,38,28.9,26,36,72.2,15,41,24,8,4,14,26,21,0,2
401360618,2022,2022-02-05,2022-02-06 01:30:00,13,Lakers,Los Angeles,LAL,48,102,47.1,9,34,26.5,17,28,60.7,14,43,29,8,7,13,23,9,0,0
401360619,2022,2022-02-05,2022-02-06 03:00:00,15,Bucks,Milwaukee,MIL,49,92,53.3,23,50,46.0,16,22,72.7,10,34,36,9,6,10,18,34,0,0
401360619,2022,2022-02-05,2022-02-06 03:00:00,22,Trail Blazers,Portland,POR,41,85,48.2,14,45,31.1,12,21,57.1,9,29,25,6,6,16,18,1,0,0
401360620,2022,2022-02-05,2022-02-06 03:00:00,25,Thunder,Oklahoma City,OKC,42,87,48.3,9,30,30.0,10,16,62.5,7,34,23,8,1,14,16,1,0,0
401360620,2022,2022-02-05,2022-02-06 03:00:00,23,Kings,Sacramento,SAC,43,83,51.8,12,32,37.5,15,22,68.2,7,40,30,13,4,15,15,17,1,0
401360606,2022,2022-02-04,2022-02-05 00:00:00,5,Cavaliers,Cleveland,CLE,36,90,40.0,14,35,40.0,16,20,80.0,15,36,26,7,0,12,17,17,0,1
401360606,2022,2022-02-04,2022-02-05 00:00:00,30,Hornets,Charlotte,CHA,38,92,41.3,14,43,32.6,11,12,91.7,15,37,27,9,2,14,22,10,0,0
401360607,2022,2022-02-04,2022-02-05 00:00:00,2,Celtics,Boston,BOS,37,82,45.1,9,28,32.1,19,25,76.0,11,44,23,4,9,13,17,24,1,2
401360607,2022,2022-02-04,2022-02-05 00:00:00,8,Pistons,Detroit,DET,34,104,32.7,10,26,38.5,15,20,75.0,20,36,18,5,4,11,24,0,0,0
401360608,2022,2022-02-04,2022-02-05 00:00:00,4,Bulls,Chicago,CHI,49,90,54.4,6,26,23.1,18,23,78.3,10,33,30,5,6,9,17,12,0,0
401360608,2022,2022-02-04,2022-02-05 00:00:00,11,Pacers,Indiana,IND,47,95,49.5,12,27,44.4,9,9,100.0,10,27,25,3,3,12,19,1,1,0
401360609,2022,2022-02-04,2022-02-05 00:30:00,1,Hawks,Atlanta,ATL,43,93,46.2,9,29,31.0,19,21,90.5,13,27,27,12,4,9,16,8,0,1
401360609,2022,2022-02-04,2022-02-05 00:30:00,28,Raptors,Toronto,TOR,46,81,56.8,17,27,63.0,16,18,88.9,8,37,29,7,4,14,18,18,3,0
401360611,2022,2022-02-04,2022-02-05 01:30:00,10,Rockets,Houston,HOU,36,83,43.4,11,33,33.3,23,29,79.3,9,26,15,9,6,17,20,2,2,0
401360611,2022,2022-02-04,2022-02-05 01:30:00,24,Spurs,San Antonio,SA,51,89,57.3,13,28,46.4,16,20,80.0,11,33,33,14,5,12,25,28,1,0
401360612,2022,2022-02-04,2022-02-05 02:00:00,17,Nets,Brooklyn,BKN,41,99,41.4,12,34,35.3,8,11,72.7,16,26,25,10,2,9,12,0,1,0
401360612,2022,2022-02-04,2022-02-05 02:00:00,26,Jazz,Utah,UTAH,48,85,56.5,17,38,44.7,12,14,85.7,9,41,33,7,5,16,16,34,2,1
401360613,2022,2022-02-04,2022-02-05 02:00:00,3,Pelicans,New Orleans,NO,42,75,56.0,8,25,32.0,21,23,91.3,5,33,27,8,5,14,18,8,1,0
401360613,2022,2022-02-04,2022-02-05 02:00:00,7,Nuggets,Denver,DEN,35,78,44.9,19,41,46.3,16,17,94.1,7,24,22,9,4,15,20,6,0,0
401360610,2022,2022-02-04,2022-02-05 03:00:00,20,76ers,Philadelphia,PHI,36,70,51.4,9,27,33.3,17,23,73.9,6,30,23,5,5,13,22,16,1,1
401360610,2022,2022-02-04,2022-02-05 03:00:00,6,Mavericks,Dallas,DAL,39,85,45.9,10,34,29.4,19,23,82.6,11,29,22,8,0,10,18,11,1,0
401360614,2022,2022-02-04,2022-02-05 03:00:00,25,Thunder,Oklahoma City,OKC,33,87,37.9,15,42,35.7,15,21,71.4,13,39,24,5,6,14,18,7,1,0
401360614,2022,2022-02-04,2022-02-05 03:00:00,22,Trail Blazers,Portland,POR,40,101,39.6,6,33,18.2,7,10,70.0,17,36,18,7,4,12,18,10,0,0
401360601,2022,2022-02-03,2022-02-04 00:00:00,16,Timberwolves,Minnesota,MIN,44,87,50.6,15,34,44.1,25,28,89.3,9,33,29,11,3,14,18,16,0,3
401360601,2022,2022-02-03,2022-02-04 00:00:00,8,Pistons,Detroit,DET,40,91,44.0,15,46,32.6,22,28,78.6,13,32,27,3,6,15,24,8,1,0
401401143,2022,2022-02-03,2022-02-04 00:00:00,14,Heat,Miami,MIA,42,83,50.6,12,30,40.0,16,18,88.9,7,35,27,13,3,13,27,26,1,3
401401143,2022,2022-02-03,2022-02-04 00:00:00,24,Spurs,San Antonio,SA,30,80,37.5,8,33,24.2,27,38,71.1,12,31,21,9,5,17,19,6,0,0
401360602,2022,2022-02-03,2022-02-04 00:30:00,21,Suns,Phoenix,PHX,46,88,52.3,9,32,28.1,14,18,77.8,6,33,30,11,2,10,20,6,1,0
401360602,2022,2022-02-03,2022-02-04 00:30:00,1,Hawks,Atlanta,ATL,44,84,52.4,20,40,50.0,16,22,72.7,6,35,25,6,1,15,21,14,0,0
401401141,2022,2022-02-03,2022-02-04 00:30:00,4,Bulls,Chicago,CHI,43,90,47.8,12,29,41.4,22,24,91.7,10,41,30,8,7,17,19,4,0,0
401401141,2022,2022-02-03,2022-02-04 00:30:00,28,Raptors,Toronto,TOR,48,113,42.5,14,36,38.9,17,19,89.5,22,36,30,10,5,12,17,11,0,0
401360604,2022,2022-02-03,2022-02-04 03:00:00,23,Kings,Sacramento,SAC,42,80,52.5,11,31,35.5,19,23,82.6,5,20,29,13,3,15,16,2,1,0
401360604,2022,2022-02-03,2022-02-04 03:00:00,9,Warriors,Golden State,GS,47,84,56.0,20,42,47.6,12,16,75.0,9,31,27,11,3,15,19,26,1,1
401360605,2022,2022-02-03,2022-02-04 03:00:00,13,Lakers,Los Angeles,LAL,41,88,46.6,11,29,37.9,17,25,68.0,11,33,19,6,6,10,13,4,1,1
401360605,2022,2022-02-03,2022-02-04 03:00:00,12,Clippers,LA,LAC,46,89,51.7,13,30,43.3,6,11,54.5,7,36,29,5,6,7,22,17,3,2
401360592,2022,2022-02-02,2022-02-03 00:00:00,19,Magic,Orlando,ORL,42,95,44.2,11,35,31.4,24,26,92.3,9,43,29,5,3,12,21,4,0,1
401360592,2022,2022-02-02,2022-02-03 00:00:00,11,Pacers,Indiana,IND,44,98,44.9,14,32,43.8,16,23,69.6,7,39,25,7,1,8,19,17,0,0
401360593,2022,2022-02-02,2022-02-03 00:00:00,27,Wizards,Washington,WSH,41,90,45.6,9,22,40.9,15,19,78.9,15,37,25,1,5,8,14,12,2,1
401360593,2022,2022-02-02,2022-02-03 00:00:00,20,76ers,Philadelphia,PHI,41,91,45.1,11,27,40.7,10,13,76.9,10,31,23,2,4,4,20,5,0,0
401360594,2022,2022-02-02,2022-02-03 00:30:00,30,Hornets,Charlotte,CHA,37,87,42.5,12,40,30.0,21,27,77.8,14,32,18,12,4,16,20,5,0,0
401360594,2022,2022-02-02,2022-02-03 00:30:00,2,Celtics,Boston,BOS,42,82,51.2,14,36,38.9,15,17,88.2,6,36,31,9,5,18,21,12,1,1
401360595,2022,2022-02-02,2022-02-03 00:30:00,29,Grizzlies,Memphis,MEM,44,102,43.1,16,39,41.0,16,23,69.6,15,36,30,11,5,9,18,19,2,1
401360595,2022,2022-02-02,2022-02-03 00:30:00,18,Knicks,New York,NY,38,88,43.2,12,36,33.3,20,26,76.9,13,35,23,5,10,15,19,1,0,2
401360596,2022,2022-02-02,2022-02-03 01:00:00,5,Cavaliers,Cleveland,CLE,41,80,51.2,7,21,33.3,15,27,55.6,12,36,23,6,4,17,27,7,2,0
401360596,2022,2022-02-02,2022-02-03 01:00:00,10,Rockets,Houston,HOU,39,82,47.6,14,40,35.0,23,33,69.7,8,29,25,11,3,12,23,15,0,0
401360597,2022,2022-02-02,2022-02-03 01:30:00,25,Thunder,Oklahoma City,OKC,41,86,47.7,17,37,45.9,21,25,84.0,14,36,25,6,8,18,16,12,2,2
401360597,2022,2022-02-02,2022-02-03 01:30:00,6,Mavericks,Dallas,DAL,46,98,46.9,14,43,32.6,8,10,80.0,13,26,28,12,8,13,21,7,1,2
401360598,2022,2022-02-02,2022-02-03 03:00:00,7,Nuggets,Denver,DEN,42,79,53.2,11,28,39.3,9,12,75.0,7,32,24,5,7,14,20,7,0,0
401360598,2022,2022-02-02,2022-02-03 03:00:00,26,Jazz,Utah,UTAH,42,86,48.8,7,29,24.1,17,22,77.3,8,29,21,8,4,7,12,9,1,1
401360599,2022,2022-02-02,2022-02-03 03:00:00,17,Nets,Brooklyn,BKN,41,84,48.8,8,25,32.0,11,14,78.6,10,30,22,7,12,13,16,12,0,1
401360599,2022,2022-02-02,2022-02-03 03:00:00,23,Kings,Sacramento,SAC,41,93,44.1,14,42,33.3,16,18,88.9,15,33,23,8,7,11,15,11,3,0
401360600,2022,2022-02-02,2022-02-03 03:30:00,22,Trail Blazers,Portland,POR,35,98,35.7,14,42,33.3,10,19,52.6,18,37,23,11,3,12,28,6,1,1
401360600,2022,2022-02-02,2022-02-03 03:30:00,13,Lakers,Los Angeles,LAL,33,78,42.3,11,30,36.7,22,33,66.7,12,41,25,8,7,16,18,13,1,1
401360585,2022,2022-02-01,2022-02-02 00:00:00,3,Pelicans,New Orleans,NO,39,89,43.8,8,28,28.6,25,28,89.3,16,30,24,8,5,15,17,11,2,2
401360585,2022,2022-02-01,2022-02-02 00:00:00,8,Pistons,Detroit,DET,41,84,48.8,8,32,25.0,11,14,78.6,6,29,21,7,3,18,25,15,1,1
401360587,2022,2022-02-01,2022-02-02 00:30:00,27,Wizards,Washington,WSH,36,82,43.9,12,35,34.3,14,20,70.0,7,33,22,4,5,12,16,3,0,0
401360587,2022,2022-02-01,2022-02-02 00:30:00,15,Bucks,Milwaukee,MIL,46,92,50.0,12,38,31.6,8,9,88.9,8,36,26,7,2,9,17,17,0,0
401360603,2022,2022-02-01,2022-02-02 00:30:00,14,Heat,Miami,MIA,38,78,48.7,8,30,26.7,22,25,88.0,10,28,26,8,1,16,25,15,1,1
401360603,2022,2022-02-01,2022-02-02 00:30:00,28,Raptors,Toronto,TOR,39,81,48.1,12,26,46.2,20,29,69.0,15,28,20,9,3,15,24,8,0,1
401360588,2022,2022-02-01,2022-02-02 01:00:00,19,Magic,Orlando,ORL,46,93,49.5,14,39,35.9,9,11,81.8,3,33,33,7,4,9,18,7,0,2
401360588,2022,2022-02-01,2022-02-02 01:00:00,4,Bulls,Chicago,CHI,46,90,51.1,11,30,36.7,23,29,79.3,11,38,25,5,6,9,15,13,1,0
401360589,2022,2022-02-01,2022-02-02 01:00:00,7,Nuggets,Denver,DEN,38,89,42.7,14,44,31.8,25,28,89.3,10,36,27,7,4,12,17,7,0,0
401360589,2022,2022-02-01,2022-02-02 01:00:00,16,Timberwolves,Minnesota,MIN,46,93,49.5,19,45,42.2,19,25,76.0,13,39,35,8,9,10,21,30,0,2
401360590,2022,2022-02-01,2022-02-02 01:30:00,9,Warriors,Golden State,GS,43,96,44.8,20,46,43.5,18,18,100.0,15,31,30,10,3,14,17,4,2,0
401360590,2022,2022-02-01,2022-02-02 01:30:00,24,Spurs,San Antonio,SA,46,83,55.4,16,33,48.5,12,17,70.6,5,29,33,7,7,14,17,17,0,0
401360591,2022,2022-02-01,2022-02-02 03:00:00,17,Nets,Brooklyn,BKN,40,81,49.4,16,40,40.0,15,21,71.4,6,27,25,7,1,11,27,1,1,1
401360591,2022,2022-02-01,2022-02-02 03:00:00,21,Suns,Phoenix,PHX,42,76,55.3,11,31,35.5,26,31,83.9,7,30,26,8,4,15,19,14,1,1
401360578,2022,2022-01-31,2022-02-01 00:00:00,3,Pelicans,New Orleans,NO,33,85,38.8,6,30,20.0,18,21,85.7,16,35,26,6,8,13,18,9,0,1
401360578,2022,2022-01-31,2022-02-01 00:00:00,5,Cavaliers,Cleveland,CLE,36,84,42.9,9,31,29.0,12,14,85.7,7,30,26,6,9,9,19,5,1,2
401360579,2022,2022-01-31,2022-02-01 00:00:00,12,Clippers,LA,LAC,45,96,46.9,15,44,34.1,11,13,84.6,10,31,25,7,5,9,15,8,1,0
401360579,2022,2022-01-31,2022-02-01 00:00:00,11,Pacers,Indiana,IND,50,95,52.6,14,29,48.3,8,12,66.7,11,39,31,3,5,11,12,12,1,1
401360580,2022,2022-01-31,2022-02-01 00:00:00,29,Grizzlies,Memphis,MEM,47,102,46.1,6,30,20.0,19,28,67.9,15,33,18,14,6,14,15,4,0,0
401360580,2022,2022-01-31,2022-02-01 00:00:00,20,76ers,Philadelphia,PHI,49,100,49.0,11,31,35.5,13,15,86.7,14,35,30,8,12,21,23,17,0,1
401360581,2022,2022-01-31,2022-02-01 00:30:00,14,Heat,Miami,MIA,34,87,39.1,17,44,38.6,7,10,70.0,10,28,25,6,2,18,22,0,1,1
401360581,2022,2022-01-31,2022-02-01 00:30:00,2,Celtics,Boston,BOS,44,84,52.4,16,42,38.1,18,27,66.7,9,35,24,9,6,10,15,32,0,0
401360582,2022,2022-01-31,2022-02-01 00:30:00,23,Kings,Sacramento,SAC,37,86,43.0,11,38,28.9,11,22,50.0,9,27,24,6,5,16,23,3,0,1
401360582,2022,2022-01-31,2022-02-01 00:30:00,18,Knicks,New York,NY,40,80,50.0,13,35,37.1,23,29,79.3,8,39,25,12,5,17,20,29,0,0
401360586,2022,2022-01-31,2022-02-01 00:30:00,28,Raptors,Toronto,TOR,38,89,42.7,18,36,50.0,12,17,70.6,6,37,21,7,8,8,15,9,0,1
401360586,2022,2022-01-31,2022-02-01 00:30:00,1,Hawks,Atlanta,ATL,37,81,45.7,12,32,37.5,14,16,87.5,5,41,28,6,5,15,20,11,0,0
401360583,2022,2022-01-31,2022-02-01 01:00:00,9,Warriors,Golden State,GS,43,80,53.8,17,40,42.5,19,23,82.6,7,34,23,10,8,14,24,18,1,0
401360583,2022,2022-01-31,2022-02-01 01:00:00,10,Rockets,Houston,HOU,36,84,42.9,16,43,37.2,20,29,69.0,9,28,25,4,3,16,19,4,1,0
401360584,2022,2022-01-31,2022-02-01 01:00:00,22,Trail Blazers,Portland,POR,34,81,42.0,7,38,18.4,6,8,75.0,6,35,18,7,6,14,20,18,1,0
401360584,2022,2022-01-31,2022-02-01 01:00:00,25,Thunder,Oklahoma City,OKC,35,86,40.7,12,41,29.3,16,17,94.1,11,39,22,6,3,12,13,19,1,0
401360570,2022,2022-01-30,2022-01-30 18:00:00,13,Lakers,Los Angeles,LAL,47,87,54.0,15,35,42.9,12,23,52.2,6,32,29,5,2,12,24,11,1,2
401360570,2022,2022-01-30,2022-01-30 18:00:00,1,Hawks,Atlanta,ATL,49,84,58.3,10,31,32.3,21,32,65.6,8,37,31,7,0,12,21,8,0,1
401360571,2022,2022-01-30,2022-01-30 18:00:00,12,Clippers,LA,LAC,44,84,52.4,11,28,39.3,16,19,84.2,6,54,23,5,6,17,23,25,1,0
401360571,2022,2022-01-30,2022-01-30 18:00:00,30,Hornets,Charlotte,CHA,32,98,32.7,8,34,23.5,18,27,66.7,11,33,24,8,2,8,15,1,1,1
401360572,2022,2022-01-30,2022-01-30 20:30:00,22,Trail Blazers,Portland,POR,43,83,51.8,18,39,46.2,12,16,75.0,5,31,23,4,3,12,12,8,0,0
401360572,2022,2022-01-30,2022-01-30 20:30:00,4,Bulls,Chicago,CHI,50,90,55.6,13,32,40.6,17,18,94.4,8,36,36,10,3,7,16,19,0,1
401360573,2022,2022-01-30,2022-01-30 23:00:00,5,Cavaliers,Cleveland,CLE,38,82,46.3,13,34,38.2,16,25,64.0,12,29,25,6,6,11,20,15,2,0
401360573,2022,2022-01-30,2022-01-30 23:00:00,8,Pistons,Detroit,DET,42,91,46.2,10,26,38.5,21,25,84.0,16,32,26,7,4,9,21,11,0,1
401360574,2022,2022-01-30,2022-01-31 00:00:00,6,Mavericks,Dallas,DAL,39,81,48.1,16,38,42.1,14,18,77.8,7,33,22,9,4,18,19,11,0,0
401360574,2022,2022-01-30,2022-01-31 00:00:00,19,Magic,Orlando,ORL,43,84,51.2,11,34,32.4,13,16,81.3,9,31,26,8,1,16,16,12,0,2
401360575,2022,2022-01-30,2022-01-31 00:00:00,7,Nuggets,Denver,DEN,53,88,60.2,23,43,53.5,7,10,70.0,6,35,39,8,3,9,15,36,1,2
401360575,2022,2022-01-30,2022-01-31 00:00:00,15,Bucks,Milwaukee,MIL,37,78,47.4,10,30,33.3,16,22,72.7,6,26,23,6,3,15,10,4,0,1
401360576,2022,2022-01-30,2022-01-31 01:00:00,26,Jazz,Utah,UTAH,38,81,46.9,15,40,37.5,15,21,71.4,9,29,23,8,4,18,24,7,2,0
401360576,2022,2022-01-30,2022-01-31 01:00:00,16,Timberwolves,Minnesota,MIN,49,89,55.1,13,31,41.9,15,18,83.3,10,30,35,11,2,16,15,21,0,0
401360577,2022,2022-01-30,2022-01-31 01:00:00,24,Spurs,San Antonio,SA,45,100,45.0,13,37,35.1,7,8,87.5,11,32,27,6,3,11,15,12,0,0
401360577,2022,2022-01-30,2022-01-31 01:00:00,21,Suns,Phoenix,PHX,48,97,49.5,11,32,34.4,8,12,66.7,11,35,31,6,5,8,12,6,0,0
401360564,2022,2022-01-29,2022-01-30 00:00:00,2,Celtics,Boston,BOS,43,81,53.1,14,41,34.1,7,11,63.6,6,37,31,6,7,14,19,20,1,0
401360564,2022,2022-01-29,2022-01-30 00:00:00,3,Pelicans,New Orleans,NO,36,82,43.9,8,32,25.0,17,23,73.9,9,31,22,8,0,13,14,2,2,0
401360565,2022,2022-01-29,2022-01-30 00:00:00,11,Pacers,Indiana,IND,40,91,44.0,9,33,27.3,16,23,69.6,10,37,25,1,7,11,21,0,0,1
401360565,2022,2022-01-29,2022-01-30 00:00:00,6,Mavericks,Dallas,DAL,51,96,53.1,16,34,47.1,14,22,63.6,11,35,31,8,7,5,19,29,0,1
401360566,2022,2022-01-29,2022-01-30 00:30:00,23,Kings,Sacramento,SAC,36,82,43.9,12,35,34.3,17,20,85.0,10,33,24,9,2,13,21,17,0,0
401360566,2022,2022-01-29,2022-01-30 00:30:00,20,76ers,Philadelphia,PHI,36,70,51.4,12,30,40.0,19,26,73.1,3,33,24,8,3,17,17,10,1,0
401360567,2022,2022-01-29,2022-01-30 01:00:00,28,Raptors,Toronto,TOR,47,107,43.9,16,45,35.6,14,18,77.8,12,41,24,15,9,16,22,16,1,2
401360567,2022,2022-01-29,2022-01-30 01:00:00,14,Heat,Miami,MIA,45,110,40.9,16,50,32.0,14,20,70.0,19,42,26,12,6,23,26,5,1,0
401360568,2022,2022-01-29,2022-01-30 01:00:00,27,Wizards,Washington,WSH,35,84,41.7,10,29,34.5,15,21,71.4,7,30,27,6,5,12,12,0,0,1
401360568,2022,2022-01-29,2022-01-30 01:00:00,29,Grizzlies,Memphis,MEM,46,100,46.0,13,31,41.9,10,12,83.3,21,39,24,8,10,9,21,27,0,1
401360569,2022,2022-01-29,2022-01-30 01:30:00,17,Nets,Brooklyn,BKN,39,98,39.8,11,28,39.3,17,21,81.0,18,34,21,7,10,10,15,6,1,0
401360569,2022,2022-01-29,2022-01-30 01:30:00,9,Warriors,Golden State,GS,40,98,40.8,14,45,31.1,16,18,88.9,16,39,24,8,8,10,23,19,2,0
401360555,2022,2022-01-28,2022-01-29 00:00:00,8,Pistons,Detroit,DET,32,87,36.8,10,29,34.5,29,37,78.4,14,27,23,10,9,10,24,2,0,0
401360555,2022,2022-01-28,2022-01-29 00:00:00,19,Magic,Orlando,ORL,41,83,49.4,12,25,48.0,25,26,96.2,8,39,28,5,7,15,22,24,2,0
401360554,2022,2022-01-28,2022-01-29 00:30:00,13,Lakers,Los Angeles,LAL,38,91,41.8,15,40,37.5,23,32,71.9,12,32,19,7,3,6,23,0,1,0
401360554,2022,2022-01-28,2022-01-29 00:30:00,30,Hornets,Charlotte,CHA,43,83,51.8,11,36,30.6,20,28,71.4,11,39,25,4,5,11,24,20,1,3
401360556,2022,2022-01-28,2022-01-29 00:30:00,2,Celtics,Boston,BOS,30,86,34.9,7,36,19.4,25,27,92.6,16,36,15,5,8,16,25,3,2,1
401360556,2022,2022-01-28,2022-01-29 00:30:00,1,Hawks,Atlanta,ATL,41,89,46.1,12,31,38.7,14,20,70.0,9,34,19,10,11,11,21,17,1,1
401360548,2022,2022-01-28,2022-01-29 01:00:00,7,Nuggets,Denver,DEN,41,82,50.0,12,33,36.4,22,25,88.0,9,34,29,9,4,21,22,16,0,0
401360548,2022,2022-01-28,2022-01-29 01:00:00,3,Pelicans,New Orleans,NO,35,90,38.9,5,34,14.7,30,33,90.9,14,29,23,14,4,13,19,5,0,1
401360557,2022,2022-01-28,2022-01-29 01:00:00,12,Clippers,LA,LAC,41,92,44.6,9,35,25.7,23,32,71.9,9,28,22,7,3,13,21,4,0,0
401360557,2022,2022-01-28,2022-01-29 01:00:00,14,Heat,Miami,MIA,40,85,47.1,15,34,44.1,26,27,96.3,12,39,28,6,3,18,23,23,0,2
401360558,2022,2022-01-28,2022-01-29 01:00:00,22,Trail Blazers,Portland,POR,46,81,56.8,17,39,43.6,16,20,80.0,4,30,20,10,4,13,24,18,2,0
401360558,2022,2022-01-28,2022-01-29 01:00:00,10,Rockets,Houston,HOU,38,79,48.1,10,41,24.4,24,31,77.4,5,33,25,6,3,17,22,1,2,0
401360559,2022,2022-01-28,2022-01-29 01:00:00,26,Jazz,Utah,UTAH,37,85,43.5,17,46,37.0,18,21,85.7,11,26,20,10,3,16,16,6,2,3
401360559,2022,2022-01-28,2022-01-29 01:00:00,29,Grizzlies,Memphis,MEM,46,82,56.1,9,23,39.1,18,24,75.0,8,34,27,9,7,15,19,14,0,1
401360560,2022,2022-01-28,2022-01-29 01:00:00,11,Pacers,Indiana,IND,41,95,43.2,13,39,33.3,18,29,62.1,19,41,25,7,6,19,20,6,2,0
401360560,2022,2022-01-28,2022-01-29 01:00:00,25,Thunder,Oklahoma City,OKC,43,95,45.3,14,43,32.6,10,17,58.8,10,33,22,12,6,13,27,16,1,0
401360561,2022,2022-01-28,2022-01-29 01:30:00,4,Bulls,Chicago,CHI,46,88,52.3,8,30,26.7,22,26,84.6,4,33,22,5,2,6,16,10,0,0
401360561,2022,2022-01-28,2022-01-29 01:30:00,24,Spurs,San Antonio,SA,50,95,52.6,16,37,43.2,15,18,83.3,10,34,35,3,1,7,18,13,0,0
401360562,2022,2022-01-28,2022-01-29 02:00:00,16,Timberwolves,Minnesota,MIN,44,90,48.9,14,39,35.9,22,27,81.5,8,30,20,7,6,7,26,2,0,1
401360562,2022,2022-01-28,2022-01-29 02:00:00,21,Suns,Phoenix,PHX,43,84,51.2,20,39,51.3,28,37,75.7,10,39,36,4,2,12,22,13,0,0
401360563,2022,2022-01-28,2022-01-29 03:00:00,18,Knicks,New York,NY,39,84,46.4,14,40,35.0,16,28,57.1,11,34,21,6,4,14,23,0,0,1
401360563,2022,2022-01-28,2022-01-29 03:00:00,15,Bucks,Milwaukee,MIL,41,89,46.1,14,43,32.6,27,31,87.1,11,36,27,11,1,12,24,17,1,1
401360552,2022,2022-01-27,2022-01-28 00:30:00,13,Lakers,Los Angeles,LAL,36,88,40.9,6,29,20.7,9,9,100.0,9,33,19,7,9,17,16,3,2,0
401360552,2022,2022-01-27,2022-01-28 00:30:00,20,76ers,Philadelphia,PHI,41,82,50.0,13,35,37.1,10,17,58.8,3,38,30,8,5,14,14,22,1,0
401360553,2022,2022-01-27,2022-01-28 03:00:00,16,Timberwolves,Minnesota,MIN,42,95,44.2,10,44,22.7,21,27,77.8,10,31,22,10,4,9,15,8,0,0
401360553,2022,2022-01-27,2022-01-28 03:00:00,9,Warriors,Golden State,GS,44,82,53.7,21,36,58.3,15,21,71.4,10,37,31,8,3,18,23,16,1,0
401360541,2022,2022-01-26,2022-01-27 00:00:00,15,Bucks,Milwaukee,MIL,37,80,46.3,9,32,28.1,16,18,88.9,10,31,22,7,3,19,19,12,0,1
401360541,2022,2022-01-26,2022-01-27 00:00:00,5,Cavaliers,Cleveland,CLE,41,87,47.1,19,42,45.2,14,17,82.4,12,29,27,11,3,12,19,21,1,0
401360542,2022,2022-01-26,2022-01-27 00:00:00,30,Hornets,Charlotte,CHA,54,93,58.1,24,45,53.3,26,33,78.8,8,28,37,9,5,13,29,36,0,1
401360542,2022,2022-01-26,2022-01-27 00:00:00,11,Pacers,Indiana,IND,44,92,47.8,10,34,29.4,28,34,82.4,17,24,33,9,3,19,31,5,1,3
401360543,2022,2022-01-26,2022-01-27 00:00:00,12,Clippers,LA,LAC,36,81,44.4,15,29,51.7,24,27,88.9,8,41,20,7,1,15,22,17,0,1
401360543,2022,2022-01-26,2022-01-27 00:00:00,19,Magic,Orlando,ORL,38,84,45.2,9,35,25.7,17,22,77.3,8,31,29,9,3,13,23,14,0,0
401360544,2022,2022-01-26,2022-01-27 00:30:00,23,Kings,Sacramento,SAC,39,93,41.9,12,40,30.0,14,19,73.7,10,32,23,6,3,12,20,14,0,0
401360544,2022,2022-01-26,2022-01-27 00:30:00,1,Hawks,Atlanta,ATL,48,90,53.3,12,36,33.3,13,17,76.5,6,42,29,9,2,8,18,30,1,1
401360546,2022,2022-01-26,2022-01-27 00:30:00,18,Knicks,New York,NY,35,83,42.2,15,44,34.1,11,17,64.7,15,29,24,8,4,17,23,0,1,1
401360546,2022,2022-01-26,2022-01-27 00:30:00,14,Heat,Miami,MIA,37,74,50.0,16,37,43.2,20,22,90.9,7,31,30,8,3,17,23,30,3,2
401401134,2022,2022-01-26,2022-01-27 01:00:00,7,Nuggets,Denver,DEN,42,89,47.2,15,36,41.7,25,27,92.6,12,36,27,8,2,13,21,11,0,2
401401134,2022,2022-01-26,2022-01-27 01:00:00,17,Nets,Brooklyn,BKN,43,88,48.9,12,29,41.4,20,26,76.9,6,32,26,6,3,12,25,12,0,0
401401140,2022,2022-01-26,2022-01-27 01:00:00,28,Raptors,Toronto,TOR,38,79,48.1,12,31,38.7,17,28,60.7,8,26,24,8,5,12,17,1,0,3
401401140,2022,2022-01-26,2022-01-27 01:00:00,4,Bulls,Chicago,CHI,46,84,54.8,7,26,26.9,12,16,75.0,10,35,32,2,1,13,22,19,2,3
401360547,2022,2022-01-26,2022-01-27 01:30:00,29,Grizzlies,Memphis,MEM,46,90,51.1,7,23,30.4,19,26,73.1,12,32,24,9,9,13,18,15,0,0
401360547,2022,2022-01-26,2022-01-27 01:30:00,24,Spurs,San Antonio,SA,43,94,45.7,9,37,24.3,15,19,78.9,13,26,30,9,7,13,19,4,0,1
401360550,2022,2022-01-26,2022-01-27 03:00:00,21,Suns,Phoenix,PHX,40,82,48.8,7,18,38.9,18,27,66.7,9,35,14,6,7,7,20,21,2,1
401360550,2022,2022-01-26,2022-01-27 03:00:00,26,Jazz,Utah,UTAH,34,79,43.0,12,30,40.0,17,23,73.9,8,31,20,6,4,14,28,2,2,1
401360551,2022,2022-01-26,2022-01-27 03:00:00,6,Mavericks,Dallas,DAL,48,88,54.5,16,36,44.4,20,26,76.9,6,39,35,6,6,8,21,23,1,1
401360551,2022,2022-01-26,2022-01-27 03:00:00,22,Trail Blazers,Portland,POR,42,82,51.2,14,38,36.8,14,23,60.9,3,35,27,4,1,9,21,0,0,2
401360533,2022,2022-01-25,2022-01-26 00:00:00,7,Nuggets,Denver,DEN,36,84,42.9,11,32,34.4,27,31,87.1,16,40,25,7,1,25,17,15,0,0
401360533,2022,2022-01-25,2022-01-26 00:00:00,8,Pistons,Detroit,DET,41,97,42.3,12,36,33.3,11,14,78.6,9,27,25,14,5,9,25,3,0,3
401360534,2022,2022-01-25,2022-01-26 00:00:00,30,Hornets,Charlotte,CHA,40,82,48.8,10,31,32.3,23,32,71.9,9,28,25,7,2,12,20,2,0,3
401360534,2022,2022-01-25,2022-01-26 00:00:00,28,Raptors,Toronto,TOR,43,82,52.4,16,34,47.1,23,29,79.3,7,35,27,6,7,14,22,22,3,2
401360535,2022,2022-01-25,2022-01-26 00:00:00,12,Clippers,LA,LAC,39,94,41.5,11,29,37.9,27,31,87.1,12,36,28,9,5,11,29,1,1,1
401360535,2022,2022-01-25,2022-01-26 00:00:00,27,Wizards,Washington,WSH,37,80,46.3,9,27,33.3,32,40,80.0,10,42,25,4,7,18,24,35,1,0
401401137,2022,2022-01-25,2022-01-26 00:00:00,3,Pelicans,New Orleans,NO,40,83,48.2,9,22,40.9,18,26,69.2,11,28,26,5,7,8,25,10,0,4
401401137,2022,2022-01-25,2022-01-26 00:00:00,20,76ers,Philadelphia,PHI,39,84,46.4,10,31,32.3,29,31,93.5,14,30,26,4,8,10,22,12,1,3
401360536,2022,2022-01-25,2022-01-26 00:30:00,23,Kings,Sacramento,SAC,29,95,30.5,6,33,18.2,11,15,73.3,15,30,15,7,8,10,14,0,2,0
401360536,2022,2022-01-25,2022-01-26 00:30:00,2,Celtics,Boston,BOS,51,103,49.5,20,45,44.4,6,7,85.7,17,50,32,6,6,11,12,60,0,1
401360537,2022,2022-01-25,2022-01-26 00:30:00,13,Lakers,Los Angeles,LAL,42,89,47.2,12,38,31.6,10,10,100.0,5,28,23,12,9,8,19,15,2,1
401360537,2022,2022-01-25,2022-01-26 00:30:00,17,Nets,Brooklyn,BKN,37,88,42.0,7,27,25.9,15,22,68.2,18,36,20,5,2,18,12,4,1,0
401360538,2022,2022-01-25,2022-01-26 01:00:00,24,Spurs,San Antonio,SA,58,101,57.4,12,32,37.5,6,6,100.0,11,38,38,8,5,13,22,33,0,1
401360538,2022,2022-01-25,2022-01-26 01:00:00,10,Rockets,Houston,HOU,39,95,41.1,9,34,26.5,17,25,68.0,18,27,21,8,3,15,12,6,2,1
401360539,2022,2022-01-25,2022-01-26 03:00:00,6,Mavericks,Dallas,DAL,32,91,35.2,10,40,25.0,18,18,100.0,10,29,17,9,4,11,17,7,0,1
401360539,2022,2022-01-25,2022-01-26 03:00:00,9,Warriors,Golden State,GS,49,92,53.3,17,43,39.5,15,18,83.3,12,46,31,8,2,14,17,39,0,0
401360540,2022,2022-01-25,2022-01-26 03:00:00,16,Timberwolves,Minnesota,MIN,36,82,43.9,14,43,32.6,23,31,74.2,11,38,21,8,10,15,19,9,2,0
401360540,2022,2022-01-25,2022-01-26 03:00:00,22,Trail Blazers,Portland,POR,37,94,39.4,16,41,39.0,17,20,85.0,15,35,26,4,2,14,24,13,0,0
401360528,2022,2022-01-24,2022-01-25 00:00:00,18,Knicks,New York,NY,35,84,41.7,12,38,31.6,11,21,52.4,11,34,21,11,1,11,19,6,1,0
401360528,2022,2022-01-24,2022-01-25 00:00:00,5,Cavaliers,Cleveland,CLE,35,81,43.2,13,36,36.1,12,20,60.0,12,39,29,7,1,19,18,15,1,0
401360531,2022,2022-01-24,2022-01-25 01:00:00,11,Pacers,Indiana,IND,38,87,43.7,19,46,41.3,18,25,72.0,10,31,26,5,7,15,28,8,2,0
401360531,2022,2022-01-24,2022-01-25 01:00:00,3,Pelicans,New Orleans,NO,41,88,46.6,6,30,20.0,29,31,93.5,12,33,23,7,4,11,22,8,1,0
401360549,2022,2022-01-24,2022-01-25 01:00:00,4,Bulls,Chicago,CHI,41,89,46.1,15,39,38.5,14,19,73.7,10,41,31,7,9,16,23,28,3,0
401360549,2022,2022-01-24,2022-01-25 01:00:00,25,Thunder,Oklahoma City,OKC,38,92,41.3,16,45,35.6,18,24,75.0,10,34,26,9,5,11,15,5,0,0
401360532,2022,2022-01-24,2022-01-25 02:00:00,26,Jazz,Utah,UTAH,40,81,49.4,14,31,45.2,15,22,68.2,7,31,16,11,3,13,15,5,1,0
401360532,2022,2022-01-24,2022-01-25 02:00:00,21,Suns,Phoenix,PHX,47,99,47.5,13,36,36.1,8,15,53.3,18,33,28,10,5,14,17,13,0,1
401360517,2022,2022-01-23,2022-01-23 18:00:00,12,Clippers,LA,LAC,34,79,43.0,14,41,34.1,20,30,66.7,6,34,20,7,6,12,19,0,0,0
401360517,2022,2022-01-23,2022-01-23 18:00:00,18,Knicks,New York,NY,39,91,42.9,16,36,44.4,16,19,84.2,15,37,26,6,4,12,22,14,1,1
401360518,2022,2022-01-23,2022-01-23 20:30:00,2,Celtics,Boston,BOS,40,90,44.4,19,39,48.7,17,21,81.0,11,46,26,5,3,13,16,32,0,0
401360518,2022,2022-01-23,2022-01-23 20:30:00,27,Wizards,Washington,WSH,33,93,35.5,8,34,23.5,13,16,81.3,9,35,20,8,6,6,14,0,1,2
401360519,2022,2022-01-23,2022-01-23 23:00:00,13,Lakers,Los Angeles,LAL,36,79,45.6,11,40,27.5,24,30,80.0,7,31,20,7,1,17,20,2,1,2
401360519,2022,2022-01-23,2022-01-23 23:00:00,14,Heat,Miami,MIA,40,81,49.4,15,33,45.5,18,20,90.0,6,33,31,9,3,15,31,26,1,2
401360520,2022,2022-01-23,2022-01-23 23:00:00,4,Bulls,Chicago,CHI,33,76,43.4,5,21,23.8,24,32,75.0,11,33,10,3,4,21,22,8,1,3
401360520,2022,2022-01-23,2022-01-23 23:00:00,19,Magic,Orlando,ORL,42,80,52.5,12,26,46.2,18,23,78.3,3,32,31,7,8,12,25,20,2,2
401360521,2022,2022-01-23,2022-01-23 23:00:00,22,Trail Blazers,Portland,POR,45,85,52.9,18,32,56.3,6,13,46.2,10,37,31,8,7,22,17,34,0,1
401360521,2022,2022-01-23,2022-01-23 23:00:00,28,Raptors,Toronto,TOR,39,98,39.8,18,54,33.3,9,14,64.3,15,28,28,15,8,15,18,0,1,2
401360522,2022,2022-01-23,2022-01-24 00:00:00,1,Hawks,Atlanta,ATL,40,88,45.5,15,39,38.5,18,24,75.0,7,38,25,12,6,10,22,27,0,0
401360522,2022,2022-01-23,2022-01-24 00:00:00,30,Hornets,Charlotte,CHA,34,87,39.1,4,36,11.1,19,27,70.4,11,43,23,6,6,16,24,2,0,1
401360523,2022,2022-01-23,2022-01-24 00:00:00,20,76ers,Philadelphia,PHI,44,92,47.8,7,16,43.8,20,23,87.0,13,34,22,5,3,10,19,15,0,0
401360523,2022,2022-01-23,2022-01-24 00:00:00,24,Spurs,San Antonio,SA,42,89,47.2,10,30,33.3,15,22,68.2,12,31,30,4,5,8,15,3,1,0
401360524,2022,2022-01-23,2022-01-24 00:30:00,29,Grizzlies,Memphis,MEM,37,99,37.4,4,24,16.7,13,19,68.4,21,29,20,10,3,15,25,0,0,0
401360524,2022,2022-01-23,2022-01-24 00:30:00,6,Mavericks,Dallas,DAL,36,74,48.6,9,30,30.0,23,31,74.2,9,33,22,10,12,15,23,22,3,1
401360525,2022,2022-01-23,2022-01-24 01:00:00,17,Nets,Brooklyn,BKN,48,95,50.5,15,38,39.5,14,15,93.3,16,32,27,4,1,17,29,3,2,1
401360525,2022,2022-01-23,2022-01-24 01:00:00,16,Timberwolves,Minnesota,MIN,48,92,52.2,14,32,43.8,26,31,83.9,10,27,24,11,7,9,17,17,0,1
401360526,2022,2022-01-23,2022-01-24 01:00:00,8,Pistons,Detroit,DET,42,75,56.0,11,29,37.9,16,19,84.2,4,30,28,4,5,22,29,3,0,3
401360526,2022,2022-01-23,2022-01-24 01:00:00,7,Nuggets,Denver,DEN,44,85,51.8,12,35,34.3,17,23,73.9,8,26,29,8,1,11,22,16,2,4
401360527,2022,2022-01-23,2022-01-24 01:30:00,26,Jazz,Utah,UTAH,31,81,38.3,11,35,31.4,19,23,82.6,17,34,17,7,2,9,13,5,3,0
401360527,2022,2022-01-23,2022-01-24 01:30:00,9,Warriors,Golden State,GS,36,83,43.4,13,42,31.0,9,10,90.0,10,30,19,8,5,9,19,13,1,0
401360515,2022,2022-01-22,2022-01-23 00:00:00,23,Kings,Sacramento,SAC,51,97,52.6,15,37,40.5,10,16,62.5,13,35,29,4,2,14,20,12,0,0
401360515,2022,2022-01-22,2022-01-23 00:00:00,15,Bucks,Milwaukee,MIL,45,91,49.5,21,42,50.0,22,25,88.0,9,34,19,12,0,7,14,15,0,0
401360514,2022,2022-01-22,2022-01-23 01:00:00,25,Thunder,Oklahoma City,OKC,33,85,38.8,12,41,29.3,9,16,56.3,11,30,16,14,3,15,28,3,0,1
401360514,2022,2022-01-22,2022-01-23 01:00:00,5,Cavaliers,Cleveland,CLE,35,76,46.1,6,27,22.2,18,35,51.4,15,39,22,5,6,22,20,17,1,0
401360516,2022,2022-01-22,2022-01-23 02:00:00,11,Pacers,Indiana,IND,37,84,44.0,10,29,34.5,19,27,70.4,12,32,19,5,5,17,18,3,1,0
401360516,2022,2022-01-22,2022-01-23 02:00:00,21,Suns,Phoenix,PHX,47,96,49.0,7,25,28.0,12,14,85.7,14,37,34,11,8,11,19,22,0,0
401360503,2022,2022-01-21,2022-01-22 00:00:00,25,Thunder,Oklahoma City,OKC,37,98,37.8,12,44,27.3,12,15,80.0,15,37,20,6,2,11,21,2,1,0
401360503,2022,2022-01-21,2022-01-22 00:00:00,30,Hornets,Charlotte,CHA,45,99,45.5,17,49,34.7,14,20,70.0,16,46,34,8,5,12,18,25,0,0
401360504,2022,2022-01-21,2022-01-22 00:00:00,13,Lakers,Los Angeles,LAL,42,85,49.4,13,30,43.3,19,23,82.6,8,37,23,12,4,18,24,17,1,0
401360504,2022,2022-01-21,2022-01-22 00:00:00,19,Magic,Orlando,ORL,36,81,44.4,11,40,27.5,22,29,75.9,3,32,23,6,9,17,21,10,1,1
401360505,2022,2022-01-21,2022-01-22 00:00:00,12,Clippers,LA,LAC,40,87,46.0,11,32,34.4,11,15,73.3,10,39,21,5,0,10,21,13,2,1
401360505,2022,2022-01-21,2022-01-22 00:00:00,20,76ers,Philadelphia,PHI,38,91,41.8,10,28,35.7,15,21,71.4,13,31,23,7,3,7,17,24,0,0
401360506,2022,2022-01-21,2022-01-22 00:30:00,14,Heat,Miami,MIA,41,85,48.2,15,40,37.5,11,12,91.7,11,22,30,8,1,15,22,8,0,1
401360506,2022,2022-01-21,2022-01-22 00:30:00,1,Hawks,Atlanta,ATL,38,68,55.9,14,33,42.4,20,24,83.3,6,30,26,3,1,16,17,18,2,0
401360507,2022,2022-01-21,2022-01-22 00:30:00,22,Trail Blazers,Portland,POR,36,76,47.4,16,33,48.5,21,30,70.0,7,35,20,6,4,13,21,15,0,0
401360507,2022,2022-01-21,2022-01-22 00:30:00,2,Celtics,Boston,BOS,37,82,45.1,11,37,29.7,20,23,87.0,8,34,25,7,7,11,24,11,1,2
401360508,2022,2022-01-21,2022-01-22 01:00:00,28,Raptors,Toronto,TOR,42,90,46.7,11,30,36.7,14,17,82.4,11,29,20,10,4,8,15,18,0,0
401360508,2022,2022-01-21,2022-01-22 01:00:00,27,Wizards,Washington,WSH,43,85,50.6,11,33,33.3,8,10,80.0,11,34,29,3,3,17,16,13,1,0
401360509,2022,2022-01-21,2022-01-22 01:00:00,4,Bulls,Chicago,CHI,31,85,36.5,7,38,18.4,21,24,87.5,6,43,21,4,4,8,21,4,2,0
401360509,2022,2022-01-21,2022-01-22 01:00:00,15,Bucks,Milwaukee,MIL,34,88,38.6,6,31,19.4,20,28,71.4,11,42,20,3,3,8,17,7,0,1
401360510,2022,2022-01-21,2022-01-22 01:30:00,17,Nets,Brooklyn,BKN,48,100,48.0,9,25,36.0,12,12,100.0,12,41,24,3,5,7,17,17,1,0
401360510,2022,2022-01-21,2022-01-22 01:30:00,24,Spurs,San Antonio,SA,37,95,38.9,8,29,27.6,20,24,83.3,16,33,24,3,7,6,13,4,0,1
401360511,2022,2022-01-21,2022-01-22 02:00:00,29,Grizzlies,Memphis,MEM,43,82,52.4,11,25,44.0,25,40,62.5,13,35,19,11,10,15,24,14,1,1
401360511,2022,2022-01-21,2022-01-22 02:00:00,7,Nuggets,Denver,DEN,43,91,47.3,13,32,40.6,19,23,82.6,10,27,34,6,6,13,25,6,0,2
401360512,2022,2022-01-21,2022-01-22 02:00:00,8,Pistons,Detroit,DET,38,87,43.7,13,32,40.6,12,16,75.0,9,31,22,6,4,10,24,5,1,0
401360512,2022,2022-01-21,2022-01-22 02:00:00,26,Jazz,Utah,UTAH,36,79,45.6,10,31,32.3,29,34,85.3,7,37,22,3,7,10,21,10,1,0
401360513,2022,2022-01-21,2022-01-22 03:00:00,10,Rockets,Houston,HOU,38,89,42.7,10,35,28.6,17,20,85.0,8,31,25,10,3,12,15,15,0,3
401360513,2022,2022-01-21,2022-01-22 03:00:00,9,Warriors,Golden State,GS,39,81,48.1,10,30,33.3,17,22,77.3,7,34,25,4,9,17,18,3,2,1
401360500,2022,2022-01-20,2022-01-21 00:30:00,3,Pelicans,New Orleans,NO,38,76,50.0,11,28,39.3,15,22,68.2,3,32,27,10,2,12,26,25,0,1
401360500,2022,2022-01-20,2022-01-21 00:30:00,18,Knicks,New York,NY,29,77,37.7,9,38,23.7,24,36,66.7,14,34,21,6,5,15,21,2,0,2
401360501,2022,2022-01-20,2022-01-21 00:30:00,21,Suns,Phoenix,PHX,39,86,45.3,8,36,22.2,23,25,92.0,5,35,25,13,1,7,21,8,0,3
401360501,2022,2022-01-20,2022-01-21 00:30:00,6,Mavericks,Dallas,DAL,37,85,43.5,11,37,29.7,16,20,80.0,10,40,19,1,3,19,22,12,0,0
401360502,2022,2022-01-20,2022-01-21 03:00:00,11,Pacers,Indiana,IND,41,95,43.2,15,35,42.9,24,34,70.6,13,35,23,12,3,14,23,5,4,3
401360502,2022,2022-01-20,2022-01-21 03:00:00,9,Warriors,Golden State,GS,42,94,44.7,9,42,21.4,24,29,82.8,15,38,28,11,6,21,28,9,0,2
401360487,2022,2022-01-19,2022-01-20 00:00:00,19,Magic,Orlando,ORL,40,90,44.4,18,35,51.4,12,16,75.0,9,34,26,4,4,11,19,10,0,1
401360487,2022,2022-01-19,2022-01-20 00:00:00,20,76ers,Philadelphia,PHI,45,83,54.2,10,28,35.7,23,27,85.2,6,38,21,7,8,9,15,27,1,0
401360488,2022,2022-01-19,2022-01-20 00:00:00,17,Nets,Brooklyn,BKN,47,89,52.8,8,25,32.0,17,20,85.0,7,29,23,5,4,12,25,16,3,0
401360488,2022,2022-01-19,2022-01-20 00:00:00,27,Wizards,Washington,WSH,41,86,47.7,10,29,34.5,26,32,81.3,13,27,23,6,8,12,19,1,1,1
401360489,2022,2022-01-19,2022-01-20 00:30:00,16,Timberwolves,Minnesota,MIN,42,97,43.3,17,46,37.0,21,29,72.4,16,29,21,10,3,13,24,16,0,4
401360489,2022,2022-01-19,2022-01-20 00:30:00,1,Hawks,Atlanta,ATL,45,86,52.3,15,38,39.5,29,33,87.9,8,31,34,7,9,11,23,19,1,2
401360490,2022,2022-01-19,2022-01-20 00:30:00,30,Hornets,Charlotte,CHA,42,86,48.8,16,39,41.0,11,15,73.3,11,36,27,6,6,15,17,14,2,0
401360490,2022,2022-01-19,2022-01-20 00:30:00,2,Celtics,Boston,BOS,39,90,43.3,14,46,30.4,10,13,76.9,8,30,27,8,3,14,20,6,0,0
401360491,2022,2022-01-19,2022-01-20 00:30:00,22,Trail Blazers,Portland,POR,33,81,40.7,14,46,30.4,12,16,75.0,10,33,19,7,6,16,22,8,2,0
401360491,2022,2022-01-19,2022-01-20 00:30:00,14,Heat,Miami,MIA,37,80,46.3,12,35,34.3,18,25,72.0,9,34,24,12,6,14,15,14,2,2
401360492,2022,2022-01-19,2022-01-20 01:00:00,5,Cavaliers,Cleveland,CLE,40,77,51.9,9,27,33.3,15,22,68.2,9,29,27,7,4,14,15,7,1,0
401360492,2022,2022-01-19,2022-01-20 01:00:00,4,Bulls,Chicago,CHI,47,86,54.7,10,22,45.5,13,18,72.2,7,30,25,7,4,9,18,13,1,1
401360493,2022,2022-01-19,2022-01-20 01:00:00,29,Grizzlies,Memphis,MEM,44,106,41.5,9,40,22.5,17,25,68.0,16,31,26,10,8,9,20,8,1,0
401360493,2022,2022-01-19,2022-01-20 01:00:00,15,Bucks,Milwaukee,MIL,46,97,47.4,13,37,35.1,21,22,95.5,13,43,29,7,6,15,21,18,0,0
401360494,2022,2022-01-19,2022-01-20 01:30:00,28,Raptors,Toronto,TOR,35,91,38.5,8,32,25.0,20,25,80.0,16,28,17,11,1,12,21,8,0,0
401360494,2022,2022-01-19,2022-01-20 01:30:00,6,Mavericks,Dallas,DAL,37,76,48.7,9,33,27.3,19,20,95.0,10,35,23,5,0,16,20,10,2,0
401360495,2022,2022-01-19,2022-01-20 01:30:00,25,Thunder,Oklahoma City,OKC,38,98,38.8,8,31,25.8,12,15,80.0,14,32,20,5,2,14,14,2,1,0
401360495,2022,2022-01-19,2022-01-20 01:30:00,24,Spurs,San Antonio,SA,47,96,49.0,15,40,37.5,9,14,64.3,11,39,32,9,13,9,17,34,0,0
401360496,2022,2022-01-19,2022-01-20 02:00:00,10,Rockets,Houston,HOU,41,96,42.7,22,45,48.9,12,17,70.6,12,32,24,4,3,8,18,9,1,0
401360496,2022,2022-01-19,2022-01-20 02:00:00,26,Jazz,Utah,UTAH,42,89,47.2,10,38,26.3,17,20,85.0,11,38,26,7,5,9,16,13,0,3
401360497,2022,2022-01-19,2022-01-20 03:00:00,12,Clippers,LA,LAC,52,97,53.6,15,39,38.5,9,12,75.0,12,35,35,6,3,12,24,15,2,2
401360497,2022,2022-01-19,2022-01-20 03:00:00,7,Nuggets,Denver,DEN,48,98,49.0,13,38,34.2,21,25,84.0,13,31,32,9,3,12,15,9,0,2
401360498,2022,2022-01-19,2022-01-20 03:00:00,8,Pistons,Detroit,DET,46,91,50.5,15,36,41.7,26,30,86.7,13,28,27,3,6,8,26,9,1,1
401360498,2022,2022-01-19,2022-01-20 03:00:00,23,Kings,Sacramento,SAC,44,84,52.4,12,27,44.4,31,44,70.5,8,27,22,4,8,7,17,12,0,3
401360499,2022,2022-01-19,2022-01-20 03:30:00,11,Pacers,Indiana,IND,44,90,48.9,11,30,36.7,12,15,80.0,14,34,28,6,8,12,22,11,1,1
401360499,2022,2022-01-19,2022-01-20 03:30:00,13,Lakers,Los Angeles,LAL,40,90,44.4,11,34,32.4,13,18,72.2,12,28,23,4,7,11,18,15,0,1
401360485,2022,2022-01-18,2022-01-19 00:30:00,16,Timberwolves,Minnesota,MIN,35,81,43.2,13,41,31.7,29,38,76.3,8,30,21,10,6,12,25,12,1,1
401360485,2022,2022-01-18,2022-01-19 00:30:00,18,Knicks,New York,NY,37,80,46.3,12,38,31.6,24,33,72.7,11,33,21,6,7,18,30,9,0,1
401360486,2022,2022-01-18,2022-01-19 03:00:00,8,Pistons,Detroit,DET,30,85,35.3,9,34,26.5,17,24,70.8,11,39,18,4,5,16,23,2,0,0
401360486,2022,2022-01-18,2022-01-19 03:00:00,9,Warriors,Golden State,GS,34,83,41.0,14,42,33.3,20,27,74.1,13,41,26,12,3,13,25,34,0,0
401360473,2022,2022-01-17,2022-01-17 17:30:00,3,Pelicans,New Orleans,NO,36,87,41.4,9,30,30.0,11,18,61.1,8,33,23,10,4,11,15,18,1,0
401360473,2022,2022-01-17,2022-01-17 17:30:00,2,Celtics,Boston,BOS,38,80,47.5,10,32,31.3,18,20,90.0,5,42,22,6,4,14,18,17,0,1
401360474,2022,2022-01-17,2022-01-17 18:00:00,30,Hornets,Charlotte,CHA,36,86,41.9,14,39,35.9,11,17,64.7,6,33,23,6,2,7,14,23,0,1
401360474,2022,2022-01-17,2022-01-17 18:00:00,18,Knicks,New York,NY,32,80,40.0,12,34,35.3,11,21,52.4,14,39,22,7,4,15,19,1,0,0
401360475,2022,2022-01-17,2022-01-17 19:00:00,20,76ers,Philadelphia,PHI,35,86,40.7,7,26,26.9,21,25,84.0,10,32,19,9,3,12,26,2,0,2
401360475,2022,2022-01-17,2022-01-17 19:00:00,27,Wizards,Washington,WSH,42,87,48.3,9,30,30.0,24,32,75.0,9,40,25,7,6,12,18,25,0,2
401360476,2022,2022-01-17,2022-01-17 20:00:00,17,Nets,Brooklyn,BKN,41,83,49.4,12,30,40.0,13,18,72.2,8,27,27,11,4,14,22,8,0,0
401360476,2022,2022-01-17,2022-01-17 20:00:00,5,Cavaliers,Cleveland,CLE,42,81,51.9,11,32,34.4,19,21,90.5,8,32,26,7,3,15,14,9,1,0
401360477,2022,2022-01-17,2022-01-17 20:30:00,4,Bulls,Chicago,CHI,40,92,43.5,13,31,41.9,13,15,86.7,9,34,24,10,7,18,15,5,0,2
401360477,2022,2022-01-17,2022-01-17 20:30:00,29,Grizzlies,Memphis,MEM,47,92,51.1,10,25,40.0,15,20,75.0,10,38,29,14,7,17,13,28,1,2
401360478,2022,2022-01-17,2022-01-17 20:30:00,11,Pacers,Indiana,IND,50,97,51.5,13,33,39.4,20,23,87.0,15,26,30,8,4,12,23,0,0,0
401360478,2022,2022-01-17,2022-01-17 20:30:00,12,Clippers,LA,LAC,45,82,54.9,18,36,50.0,31,36,86.1,8,29,32,7,7,11,18,19,2,0
401360479,2022,2022-01-17,2022-01-17 23:00:00,15,Bucks,Milwaukee,MIL,39,88,44.3,16,38,42.1,20,24,83.3,9,33,21,8,4,13,28,14,0,1
401360479,2022,2022-01-17,2022-01-17 23:00:00,1,Hawks,Atlanta,ATL,38,86,44.2,15,36,41.7,30,32,93.8,10,36,25,7,8,13,18,8,0,1
401360480,2022,2022-01-17,2022-01-18 00:00:00,22,Trail Blazers,Portland,POR,37,90,41.1,7,34,20.6,17,18,94.4,11,44,20,9,8,17,17,24,0,1
401360480,2022,2022-01-17,2022-01-18 00:00:00,19,Magic,Orlando,ORL,34,90,37.8,8,32,25.0,12,20,60.0,10,40,21,9,7,16,15,2,0,1
401360481,2022,2022-01-17,2022-01-18 00:30:00,28,Raptors,Toronto,TOR,37,90,41.1,13,36,36.1,12,17,70.6,15,30,24,9,5,11,21,5,1,1
401360481,2022,2022-01-17,2022-01-18 00:30:00,14,Heat,Miami,MIA,38,83,45.8,9,24,37.5,19,22,86.4,13,36,20,11,8,12,18,9,0,1
401360482,2022,2022-01-17,2022-01-18 01:30:00,25,Thunder,Oklahoma City,OKC,36,83,43.4,11,35,31.4,19,24,79.2,5,37,20,10,2,13,23,0,0,0
401360482,2022,2022-01-17,2022-01-18 01:30:00,6,Mavericks,Dallas,DAL,35,88,39.8,12,37,32.4,22,28,78.6,11,36,28,10,7,11,19,22,0,0
401360483,2022,2022-01-17,2022-01-18 01:30:00,21,Suns,Phoenix,PHX,49,95,51.6,9,32,28.1,14,20,70.0,12,33,29,9,5,5,18,15,0,1
401360483,2022,2022-01-17,2022-01-18 01:30:00,24,Spurs,San Antonio,SA,41,92,44.6,9,30,30.0,16,22,72.7,13,34,21,3,2,12,16,12,0,0
401360484,2022,2022-01-17,2022-01-18 03:30:00,26,Jazz,Utah,UTAH,31,83,37.3,12,46,26.1,21,24,87.5,8,36,21,6,6,15,21,10,1,2
401360484,2022,2022-01-17,2022-01-18 03:30:00,13,Lakers,Los Angeles,LAL,38,86,44.2,11,37,29.7,14,23,60.9,10,35,15,7,5,12,19,11,1,1
401360436,2022,2022-01-16,2022-01-16 18:00:00,21,Suns,Phoenix,PHX,51,87,58.6,11,27,40.7,22,30,73.3,11,40,30,4,7,14,26,29,1,3
401360436,2022,2022-01-16,2022-01-16 18:00:00,8,Pistons,Detroit,DET,38,82,46.3,9,25,36.0,23,34,67.6,5,27,25,6,2,9,20,4,2,4
401360470,2022,2022-01-16,2022-01-16 23:00:00,10,Rockets,Houston,HOU,41,76,53.9,16,40,40.0,20,24,83.3,4,43,22,6,3,22,20,16,1,2
401360470,2022,2022-01-16,2022-01-16 23:00:00,23,Kings,Sacramento,SAC,41,91,45.1,12,38,31.6,18,24,75.0,7,30,26,16,2,12,24,5,0,1
401360471,2022,2022-01-16,2022-01-17 01:00:00,9,Warriors,Golden State,GS,32,82,39.0,13,42,31.0,22,29,75.9,7,40,20,6,3,15,17,6,0,2
401360471,2022,2022-01-16,2022-01-17 01:00:00,16,Timberwolves,Minnesota,MIN,45,91,49.5,16,43,37.2,13,20,65.0,6,41,30,8,9,15,21,27,1,0
401360472,2022,2022-01-16,2022-01-17 01:00:00,26,Jazz,Utah,UTAH,44,84,52.4,15,39,38.5,22,29,75.9,9,42,26,8,5,9,16,25,0,1
401360472,2022,2022-01-16,2022-01-17 01:00:00,7,Nuggets,Denver,DEN,42,95,44.2,11,43,25.6,7,8,87.5,6,33,32,5,2,9,22,8,0,1
401360460,2022,2022-01-15,2022-01-15 23:30:00,28,Raptors,Toronto,TOR,40,91,44.0,12,35,34.3,11,20,55.0,16,34,25,7,8,14,25,8,1,0
401360460,2022,2022-01-15,2022-01-15 23:30:00,15,Bucks,Milwaukee,MIL,26,77,33.8,12,39,30.8,32,35,91.4,9,32,19,8,8,13,23,15,0,1
401360461,2022,2022-01-15,2022-01-16 00:00:00,22,Trail Blazers,Portland,POR,39,85,45.9,13,39,33.3,24,35,68.6,8,31,19,13,2,12,25,18,1,0
401360461,2022,2022-01-15,2022-01-16 00:00:00,27,Wizards,Washington,WSH,39,90,43.3,12,37,32.4,20,23,87.0,10,33,20,4,3,20,26,2,0,0
401360462,2022,2022-01-15,2022-01-16 00:30:00,18,Knicks,New York,NY,42,83,50.6,13,31,41.9,20,26,76.9,11,33,24,2,0,8,20,17,3,0
401360462,2022,2022-01-15,2022-01-16 00:30:00,1,Hawks,Atlanta,ATL,40,80,50.0,16,44,36.4,12,17,70.6,4,27,23,5,5,9,20,4,0,0
401360463,2022,2022-01-15,2022-01-16 00:30:00,3,Pelicans,New Orleans,NO,40,87,46.0,9,31,29.0,16,24,66.7,12,23,27,9,3,11,18,0,1,1
401360463,2022,2022-01-15,2022-01-16 00:30:00,17,Nets,Brooklyn,BKN,46,84,54.8,12,27,44.4,16,17,94.1,9,35,30,5,5,14,21,30,2,0
401360464,2022,2022-01-15,2022-01-16 01:00:00,20,76ers,Philadelphia,PHI,40,79,50.6,13,32,40.6,16,21,76.2,6,37,24,5,5,15,22,14,0,1
401360464,2022,2022-01-15,2022-01-16 01:00:00,14,Heat,Miami,MIA,33,86,38.4,9,35,25.7,23,30,76.7,12,31,24,10,4,10,18,13,0,0
401360465,2022,2022-01-15,2022-01-16 01:00:00,5,Cavaliers,Cleveland,CLE,40,87,46.0,9,35,25.7,18,25,72.0,11,26,28,6,4,7,13,5,2,0
401360465,2022,2022-01-15,2022-01-16 01:00:00,25,Thunder,Oklahoma City,OKC,36,83,43.4,10,27,37.0,20,22,90.9,14,37,17,4,5,15,21,18,1,0
401360466,2022,2022-01-15,2022-01-16 01:30:00,4,Bulls,Chicago,CHI,44,87,50.6,12,29,41.4,12,15,80.0,7,25,31,3,3,6,19,7,0,0
401360466,2022,2022-01-15,2022-01-16 01:30:00,2,Celtics,Boston,BOS,44,90,48.9,9,26,34.6,17,19,89.5,17,33,27,6,6,11,15,12,0,0
401360467,2022,2022-01-15,2022-01-16 01:30:00,12,Clippers,LA,LAC,38,100,38.0,12,38,31.6,6,8,75.0,21,33,24,8,4,14,21,5,1,0
401360467,2022,2022-01-15,2022-01-16 01:30:00,24,Spurs,San Antonio,SA,34,83,41.0,11,37,29.7,22,27,81.5,15,39,19,6,5,14,12,16,1,0
401360468,2022,2022-01-15,2022-01-16 02:00:00,13,Lakers,Los Angeles,LAL,36,82,43.9,10,30,33.3,14,19,73.7,8,33,21,4,3,10,15,3,1,1
401360468,2022,2022-01-15,2022-01-16 02:00:00,7,Nuggets,Denver,DEN,47,91,51.6,23,40,57.5,16,17,94.1,9,42,35,9,2,6,17,42,0,2
401360469,2022,2022-01-15,2022-01-16 02:30:00,19,Magic,Orlando,ORL,37,77,48.1,7,26,26.9,11,16,68.8,5,32,16,7,3,15,26,0,2,2
401360469,2022,2022-01-15,2022-01-16 02:30:00,6,Mavericks,Dallas,DAL,32,78,41.0,12,34,35.3,32,38,84.2,12,35,16,6,3,9,18,23,1,2
401360451,2022,2022-01-14,2022-01-15 00:00:00,19,Magic,Orlando,ORL,45,87,51.7,15,45,33.3,11,15,73.3,4,39,32,9,4,19,18,13,1,1
401360451,2022,2022-01-14,2022-01-15 00:00:00,30,Hornets,Charlotte,CHA,40,97,41.2,12,42,28.6,17,21,81.0,11,33,28,9,5,16,20,8,1,0
401360452,2022,2022-01-14,2022-01-15 00:00:00,28,Raptors,Toronto,TOR,28,87,32.2,11,38,28.9,20,26,76.9,16,30,18,5,4,11,24,0,0,1
401360452,2022,2022-01-14,2022-01-15 00:00:00,8,Pistons,Detroit,DET,38,81,46.9,8,27,29.6,19,23,82.6,9,34,22,7,6,8,25,21,0,2
401360453,2022,2022-01-14,2022-01-15 00:00:00,21,Suns,Phoenix,PHX,40,88,45.5,11,28,39.3,21,23,91.3,12,39,24,8,6,14,18,19,1,0
401360453,2022,2022-01-14,2022-01-15 00:00:00,11,Pacers,Indiana,IND,34,88,38.6,13,43,30.2,13,18,72.2,9,33,20,9,7,12,20,3,0,0
401360454,2022,2022-01-14,2022-01-15 00:00:00,2,Celtics,Boston,BOS,37,78,47.4,11,31,35.5,14,18,77.8,7,37,20,4,4,20,21,6,0,2
401360454,2022,2022-01-14,2022-01-15 00:00:00,20,76ers,Philadelphia,PHI,38,85,44.7,14,41,34.1,21,25,84.0,7,33,26,12,4,9,19,22,1,3
401360456,2022,2022-01-14,2022-01-15 00:30:00,9,Warriors,Golden State,GS,53,94,56.4,19,42,45.2,13,17,76.5,9,38,39,12,5,7,17,42,0,2
401360456,2022,2022-01-14,2022-01-15 00:30:00,4,Bulls,Chicago,CHI,37,87,42.5,10,38,26.3,12,18,66.7,10,26,26,4,5,14,19,3,0,0
401360455,2022,2022-01-14,2022-01-15 01:00:00,1,Hawks,Atlanta,ATL,38,79,48.1,16,38,42.1,26,30,86.7,9,25,26,6,6,15,27,10,1,2
401360455,2022,2022-01-14,2022-01-15 01:00:00,14,Heat,Miami,MIA,41,77,53.2,14,30,46.7,28,30,93.3,9,28,30,6,5,15,27,17,1,0
401360457,2022,2022-01-14,2022-01-15 01:30:00,5,Cavaliers,Cleveland,CLE,46,95,48.4,8,20,40.0,14,24,58.3,12,34,24,7,3,9,13,11,0,0
401360457,2022,2022-01-14,2022-01-15 01:30:00,24,Spurs,San Antonio,SA,42,92,45.7,15,34,44.1,10,13,76.9,10,37,22,6,5,15,24,5,0,0
401360458,2022,2022-01-14,2022-01-15 03:00:00,6,Mavericks,Dallas,DAL,47,91,51.6,8,32,25.0,10,16,62.5,8,44,30,8,1,13,19,31,2,0
401360458,2022,2022-01-14,2022-01-15 03:00:00,29,Grizzlies,Memphis,MEM,34,89,38.2,7,31,22.6,10,13,76.9,10,31,19,8,6,14,16,9,1,0
401360459,2022,2022-01-14,2022-01-15 03:00:00,10,Rockets,Houston,HOU,44,101,43.6,13,43,30.2,13,16,81.3,13,37,25,7,4,16,19,11,1,1
401360459,2022,2022-01-14,2022-01-15 03:00:00,23,Kings,Sacramento,SAC,48,96,50.0,13,37,35.1,17,24,70.8,13,40,33,8,7,14,23,19,0,0
401360446,2022,2022-01-13,2022-01-14 00:30:00,9,Warriors,Golden State,GS,33,95,34.7,16,48,33.3,17,24,70.8,12,37,20,9,2,15,15,0,0,1
401360446,2022,2022-01-13,2022-01-14 00:30:00,15,Bucks,Milwaukee,MIL,44,86,51.2,18,41,43.9,12,18,66.7,5,49,29,10,7,16,16,39,1,2
401360447,2022,2022-01-13,2022-01-14 01:00:00,16,Timberwolves,Minnesota,MIN,41,96,42.7,15,48,31.3,11,14,78.6,12,34,23,4,8,15,26,9,3,0
401360447,2022,2022-01-13,2022-01-14 01:00:00,29,Grizzlies,Memphis,MEM,42,92,45.7,8,32,25.0,24,35,68.6,16,40,22,10,7,13,15,10,1,0
401360448,2022,2022-01-13,2022-01-14 01:00:00,12,Clippers,LA,LAC,31,81,38.3,10,34,29.4,17,20,85.0,5,41,19,2,7,15,16,0,0,2
401360448,2022,2022-01-13,2022-01-14 01:00:00,3,Pelicans,New Orleans,NO,43,97,44.3,14,39,35.9,13,16,81.3,13,44,23,8,4,6,18,28,0,2
401360449,2022,2022-01-13,2022-01-14 01:30:00,25,Thunder,Oklahoma City,OKC,47,91,51.6,20,45,44.4,16,18,88.9,9,29,32,8,7,10,19,23,1,0
401360449,2022,2022-01-13,2022-01-14 01:30:00,17,Nets,Brooklyn,BKN,41,98,41.8,7,32,21.9,20,22,90.9,21,29,16,7,11,12,19,5,0,0
401360450,2022,2022-01-13,2022-01-14 03:00:00,22,Trail Blazers,Portland,POR,39,86,45.3,13,40,32.5,17,28,60.7,11,23,28,11,5,15,18,3,0,0
401360450,2022,2022-01-13,2022-01-14 03:00:00,7,Nuggets,Denver,DEN,52,83,62.7,21,42,50.0,15,20,75.0,6,34,35,7,3,15,25,37,1,1
401360437,2022,2022-01-12,2022-01-13 00:00:00,2,Celtics,Boston,BOS,40,78,51.3,18,38,47.4,21,25,84.0,7,30,23,6,5,11,22,24,2,0
401360437,2022,2022-01-12,2022-01-13 00:00:00,11,Pacers,Indiana,IND,40,86,46.5,7,36,19.4,13,20,65.0,11,26,27,6,5,11,24,0,1,0
401360438,2022,2022-01-12,2022-01-13 00:00:00,30,Hornets,Charlotte,CHA,46,89,51.7,10,34,29.4,7,8,87.5,7,35,29,9,3,10,21,20,2,1
401360438,2022,2022-01-12,2022-01-13 00:00:00,20,76ers,Philadelphia,PHI,34,73,46.6,12,30,40.0,18,28,64.3,3,30,18,3,3,16,13,3,1,0
401360439,2022,2022-01-12,2022-01-13 00:00:00,19,Magic,Orlando,ORL,41,99,41.4,11,35,31.4,13,16,81.3,18,31,31,6,6,9,16,0,0,0
401360439,2022,2022-01-12,2022-01-13 00:00:00,27,Wizards,Washington,WSH,43,82,52.4,10,31,32.3,16,21,76.2,6,36,26,6,4,10,14,20,0,0
401360440,2022,2022-01-12,2022-01-13 00:30:00,14,Heat,Miami,MIA,43,90,47.8,16,45,35.6,13,14,92.9,10,44,28,7,4,14,20,24,1,0
401360440,2022,2022-01-12,2022-01-13 00:30:00,1,Hawks,Atlanta,ATL,31,82,37.8,13,45,28.9,16,23,69.6,6,31,20,8,3,14,15,11,0,0
401360441,2022,2022-01-12,2022-01-13 00:30:00,6,Mavericks,Dallas,DAL,32,78,41.0,8,37,21.6,13,19,68.4,5,34,16,6,2,13,18,1,0,0
401360441,2022,2022-01-12,2022-01-13 00:30:00,18,Knicks,New York,NY,42,90,46.7,12,27,44.4,12,15,80.0,11,43,24,5,4,9,21,25,0,1
401360442,2022,2022-01-12,2022-01-13 01:30:00,10,Rockets,Houston,HOU,45,82,54.9,16,36,44.4,22,32,68.8,4,44,23,5,7,14,24,12,0,1
401360442,2022,2022-01-12,2022-01-13 01:30:00,24,Spurs,San Antonio,SA,43,99,43.4,17,46,37.0,21,27,77.8,9,34,27,10,5,9,24,9,0,0
401360443,2022,2022-01-12,2022-01-13 02:00:00,5,Cavaliers,Cleveland,CLE,43,81,53.1,11,30,36.7,14,17,82.4,7,43,28,6,3,13,17,25,2,0
401360443,2022,2022-01-12,2022-01-13 02:00:00,26,Jazz,Utah,UTAH,34,85,40.0,16,47,34.0,7,11,63.6,4,28,11,7,2,7,16,0,0,4
401360444,2022,2022-01-12,2022-01-13 03:00:00,17,Nets,Brooklyn,BKN,49,87,56.3,17,32,53.1,23,28,82.1,7,34,35,11,4,9,21,38,1,0
401360444,2022,2022-01-12,2022-01-13 03:00:00,4,Bulls,Chicago,CHI,38,81,46.9,11,30,36.7,25,31,80.6,10,25,22,5,6,17,20,5,0,0
401360445,2022,2022-01-12,2022-01-13 03:00:00,13,Lakers,Los Angeles,LAL,42,98,42.9,16,47,34.0,16,24,66.7,15,30,25,6,3,9,19,14,0,0
401360445,2022,2022-01-12,2022-01-13 03:00:00,23,Kings,Sacramento,SAC,49,89,55.1,11,30,36.7,16,19,84.2,8,37,28,8,7,12,20,13,1,0
401360431,2022,2022-01-11,2022-01-12 00:00:00,25,Thunder,Oklahoma City,OKC,47,98,48.0,11,39,28.2,13,15,86.7,9,32,23,5,1,5,20,8,0,0
401360431,2022,2022-01-11,2022-01-12 00:00:00,27,Wizards,Washington,WSH,47,87,54.0,11,33,33.3,17,23,73.9,7,35,29,3,7,8,15,10,0,0
401360432,2022,2022-01-11,2022-01-12 00:30:00,21,Suns,Phoenix,PHX,35,74,47.3,11,32,34.4,18,22,81.8,10,29,25,10,2,20,23,6,0,1
401360432,2022,2022-01-11,2022-01-12 00:30:00,28,Raptors,Toronto,TOR,36,89,40.4,8,37,21.6,15,25,60.0,22,25,15,11,3,14,20,11,2,0
401360433,2022,2022-01-11,2022-01-12 01:00:00,9,Warriors,Golden State,GS,35,82,42.7,13,36,36.1,25,29,86.2,4,41,25,8,5,16,19,8,1,0
401360433,2022,2022-01-11,2022-01-12 01:00:00,29,Grizzlies,Memphis,MEM,44,100,44.0,14,34,41.2,14,18,77.8,11,38,30,11,8,11,18,18,0,1
401360434,2022,2022-01-11,2022-01-12 01:00:00,16,Timberwolves,Minnesota,MIN,42,86,48.8,18,39,46.2,23,31,74.2,9,23,27,11,4,13,24,3,0,2
401360434,2022,2022-01-11,2022-01-12 01:00:00,3,Pelicans,New Orleans,NO,42,76,55.3,16,33,48.5,28,37,75.7,9,29,33,6,1,20,26,13,1,0
401401138,2022,2022-01-11,2022-01-12 01:00:00,8,Pistons,Detroit,DET,30,89,33.7,6,35,17.1,21,27,77.8,15,26,17,9,7,18,20,8,0,0
401401138,2022,2022-01-11,2022-01-12 01:00:00,4,Bulls,Chicago,CHI,50,92,54.3,18,34,52.9,15,19,78.9,14,47,33,13,4,17,23,47,1,2
401360435,2022,2022-01-11,2022-01-12 03:30:00,7,Nuggets,Denver,DEN,32,80,40.0,4,33,12.1,17,20,85.0,13,43,24,4,2,19,19,25,1,1
401360435,2022,2022-01-11,2022-01-12 03:30:00,12,Clippers,LA,LAC,34,84,40.5,10,34,29.4,9,12,75.0,3,28,23,12,4,9,22,5,0,0
401360426,2022,2022-01-10,2022-01-11 00:00:00,15,Bucks,Milwaukee,MIL,37,84,44.0,13,43,30.2,12,16,75.0,7,41,25,7,2,20,17,7,0,0
401360426,2022,2022-01-10,2022-01-11 00:00:00,30,Hornets,Charlotte,CHA,38,96,39.6,13,44,29.5,14,16,87.5,13,35,23,12,3,14,16,15,0,1
401360427,2022,2022-01-10,2022-01-11 00:00:00,26,Jazz,Utah,UTAH,44,86,51.2,11,33,33.3,17,22,77.3,10,30,23,9,4,16,16,22,0,0
401360427,2022,2022-01-10,2022-01-11 00:00:00,8,Pistons,Detroit,DET,48,93,51.6,19,37,51.4,11,12,91.7,9,30,30,9,7,11,20,10,1,0
401360428,2022,2022-01-10,2022-01-11 00:30:00,11,Pacers,Indiana,IND,36,94,38.3,11,37,29.7,15,17,88.2,10,37,22,10,6,17,21,4,3,0
401360428,2022,2022-01-10,2022-01-11 00:30:00,2,Celtics,Boston,BOS,35,88,39.8,8,28,28.6,23,28,82.1,12,41,17,10,6,20,19,12,0,1
401360429,2022,2022-01-10,2022-01-11 00:30:00,24,Spurs,San Antonio,SA,39,95,41.1,8,29,27.6,10,15,66.7,13,30,19,7,7,10,18,8,0,0
401360429,2022,2022-01-10,2022-01-11 00:30:00,18,Knicks,New York,NY,40,82,48.8,13,32,40.6,18,24,75.0,9,40,23,7,9,15,22,25,0,0
401360530,2022,2022-01-10,2022-01-11 01:00:00,20,76ers,Philadelphia,PHI,43,94,45.7,10,35,28.6,15,18,83.3,14,33,23,14,7,14,21,27,1,0
401360530,2022,2022-01-10,2022-01-11 01:00:00,10,Rockets,Houston,HOU,30,77,39.0,13,42,31.0,18,27,66.7,7,32,18,8,7,20,11,3,1,0
401360430,2022,2022-01-10,2022-01-11 03:00:00,5,Cavaliers,Cleveland,CLE,43,87,49.4,10,34,29.4,13,15,86.7,14,34,29,6,8,16,18,13,1,0
401360430,2022,2022-01-10,2022-01-11 03:00:00,23,Kings,Sacramento,SAC,39,91,42.9,14,30,46.7,16,22,72.7,15,28,20,10,3,10,16,5,2,1
401401133,2022,2022-01-10,2022-01-11 03:00:00,17,Nets,Brooklyn,BKN,42,91,46.2,12,32,37.5,12,15,80.0,12,30,23,9,6,15,22,9,0,0
401401133,2022,2022-01-10,2022-01-11 03:00:00,22,Trail Blazers,Portland,POR,40,86,46.5,15,38,39.5,19,26,73.1,11,36,23,8,9,13,17,9,2,1
401360421,2022,2022-01-09,2022-01-09 17:00:00,24,Spurs,San Antonio,SA,46,107,43.0,13,32,40.6,14,18,77.8,12,32,33,12,8,15,19,7,0,0
401360421,2022,2022-01-09,2022-01-09 17:00:00,17,Nets,Brooklyn,BKN,47,98,48.0,8,28,28.6,19,22,86.4,13,42,26,8,8,21,18,14,1,0
401360416,2022,2022-01-09,2022-01-09 20:30:00,1,Hawks,Atlanta,ATL,35,78,44.9,7,26,26.9,16,19,84.2,6,33,19,6,2,13,14,6,0,0
401360416,2022,2022-01-09,2022-01-09 20:30:00,12,Clippers,LA,LAC,44,92,47.8,12,33,36.4,6,7,85.7,13,34,24,5,4,12,18,19,1,0
401360417,2022,2022-01-09,2022-01-09 23:00:00,27,Wizards,Washington,WSH,36,88,40.9,11,29,37.9,19,24,79.2,12,42,23,1,6,12,21,10,1,2
401360417,2022,2022-01-09,2022-01-09 23:00:00,19,Magic,Orlando,ORL,38,95,40.0,9,28,32.1,15,16,93.8,9,33,18,9,6,7,21,10,1,1
401360418,2022,2022-01-09,2022-01-09 23:00:00,3,Pelicans,New Orleans,NO,34,75,45.3,12,33,36.4,21,25,84.0,7,28,20,5,5,13,18,3,0,0
401360418,2022,2022-01-09,2022-01-09 23:00:00,28,Raptors,Toronto,TOR,36,85,42.4,14,34,41.2,19,20,95.0,15,31,18,8,3,12,20,11,1,0
401360419,2022,2022-01-09,2022-01-10 00:00:00,16,Timberwolves,Minnesota,MIN,55,108,50.9,15,42,35.7,16,21,76.2,18,38,37,10,10,11,22,26,0,2
401360419,2022,2022-01-09,2022-01-10 00:00:00,10,Rockets,Houston,HOU,46,97,47.4,14,43,32.6,17,28,60.7,10,35,31,5,6,12,17,1,1,3
401360420,2022,2022-01-09,2022-01-10 00:00:00,7,Nuggets,Denver,DEN,37,89,41.6,13,36,36.1,12,16,75.0,18,35,28,7,2,15,14,18,0,0
401360420,2022,2022-01-09,2022-01-10 00:00:00,25,Thunder,Oklahoma City,OKC,38,88,43.2,9,38,23.7,10,12,83.3,11,30,29,9,7,9,13,5,0,0
401360422,2022,2022-01-09,2022-01-10 00:30:00,4,Bulls,Chicago,CHI,39,90,43.3,11,33,33.3,10,13,76.9,8,31,23,8,3,7,15,11,0,0
401360422,2022,2022-01-09,2022-01-10 00:30:00,6,Mavericks,Dallas,DAL,44,88,50.0,16,36,44.4,9,9,100.0,7,41,28,4,2,9,14,18,1,0
401360423,2022,2022-01-09,2022-01-10 01:30:00,5,Cavaliers,Cleveland,CLE,32,75,42.7,7,24,29.2,11,18,61.1,8,34,21,9,3,18,10,4,1,0
401360423,2022,2022-01-09,2022-01-10 01:30:00,9,Warriors,Golden State,GS,39,97,40.2,10,42,23.8,8,10,80.0,22,32,24,16,5,14,20,24,1,0
401360424,2022,2022-01-09,2022-01-10 02:00:00,23,Kings,Sacramento,SAC,33,85,38.8,7,31,22.6,15,21,71.4,8,38,20,8,5,12,17,0,0,0
401360424,2022,2022-01-09,2022-01-10 02:00:00,22,Trail Blazers,Portland,POR,37,88,42.0,17,40,42.5,12,15,80.0,10,38,26,6,5,16,23,20,1,0
401360425,2022,2022-01-09,2022-01-10 02:30:00,29,Grizzlies,Memphis,MEM,47,86,54.7,11,30,36.7,22,32,68.8,10,37,33,10,10,12,22,29,2,0
401360425,2022,2022-01-09,2022-01-10 02:30:00,13,Lakers,Los Angeles,LAL,45,97,46.4,14,33,42.4,15,19,78.9,14,27,26,6,7,12,25,4,0,1
401360410,2022,2022-01-08,2022-01-08 20:30:00,29,Grizzlies,Memphis,MEM,44,100,44.0,12,38,31.6,23,31,74.2,16,40,26,9,11,9,21,25,1,1
401360410,2022,2022-01-08,2022-01-08 20:30:00,12,Clippers,LA,LAC,39,96,40.6,10,32,31.3,20,24,83.3,14,35,16,7,6,12,23,12,1,0
401360411,2022,2022-01-08,2022-01-09 00:00:00,15,Bucks,Milwaukee,MIL,35,90,38.9,12,37,32.4,24,26,92.3,14,39,21,6,4,15,20,11,0,0
401360411,2022,2022-01-08,2022-01-09 00:00:00,30,Hornets,Charlotte,CHA,44,99,44.4,16,48,33.3,10,17,58.8,13,36,29,10,3,10,25,17,1,0
401360412,2022,2022-01-08,2022-01-09 00:00:00,19,Magic,Orlando,ORL,29,86,33.7,14,46,30.4,20,23,87.0,8,36,25,6,9,12,20,3,1,0
401360412,2022,2022-01-08,2022-01-09 00:00:00,8,Pistons,Detroit,DET,38,87,43.7,10,33,30.3,11,16,68.8,7,42,23,7,6,12,21,10,1,0
401360413,2022,2022-01-08,2022-01-09 00:00:00,26,Jazz,Utah,UTAH,40,84,47.6,15,35,42.9,18,19,94.7,9,30,20,6,3,14,25,6,1,0
401360413,2022,2022-01-08,2022-01-09 00:00:00,11,Pacers,Indiana,IND,44,80,55.0,14,29,48.3,23,32,71.9,5,33,30,9,7,10,21,16,0,0
401360414,2022,2022-01-08,2022-01-09 00:30:00,18,Knicks,New York,NY,29,79,36.7,11,31,35.5,6,15,40.0,11,29,13,8,4,12,15,10,2,0
401360414,2022,2022-01-08,2022-01-09 00:30:00,2,Celtics,Boston,BOS,36,76,47.4,12,29,41.4,15,17,88.2,9,36,26,8,8,10,15,24,2,0
401360415,2022,2022-01-08,2022-01-09 02:00:00,14,Heat,Miami,MIA,44,88,50.0,22,44,50.0,13,15,86.7,11,38,33,9,1,14,18,27,2,2
401360415,2022,2022-01-08,2022-01-09 02:00:00,21,Suns,Phoenix,PHX,30,79,38.0,14,34,41.2,26,29,89.7,6,29,24,10,1,15,14,6,1,1
401360401,2022,2022-01-07,2022-01-08 00:00:00,24,Spurs,San Antonio,SA,38,92,41.3,9,30,30.0,15,20,75.0,11,28,22,6,6,12,21,0,0,0
401360401,2022,2022-01-07,2022-01-08 00:00:00,20,76ers,Philadelphia,PHI,45,87,51.7,8,23,34.8,21,27,77.8,12,37,28,7,4,13,18,21,0,0
401360402,2022,2022-01-07,2022-01-08 00:30:00,15,Bucks,Milwaukee,MIL,44,96,45.8,16,45,35.6,17,21,81.0,13,32,21,6,3,10,20,24,1,0
401360402,2022,2022-01-07,2022-01-08 00:30:00,17,Nets,Brooklyn,BKN,42,92,45.7,6,27,22.2,19,20,95.0,14,35,23,8,5,10,16,0,1,0
401360403,2022,2022-01-07,2022-01-08 00:30:00,26,Jazz,Utah,UTAH,39,81,48.1,17,38,44.7,13,18,72.2,7,33,23,3,4,21,21,17,0,2
401360403,2022,2022-01-07,2022-01-08 00:30:00,28,Raptors,Toronto,TOR,45,100,45.0,12,41,29.3,20,25,80.0,19,29,26,11,7,7,17,16,2,1
401360404,2022,2022-01-07,2022-01-08 01:00:00,27,Wizards,Washington,WSH,45,88,51.1,7,24,29.2,25,26,96.2,10,31,28,8,5,15,15,3,0,0
401360404,2022,2022-01-07,2022-01-08 01:00:00,4,Bulls,Chicago,CHI,48,91,52.7,15,33,45.5,19,21,90.5,10,31,34,11,3,15,21,19,0,0
401360405,2022,2022-01-07,2022-01-08 01:00:00,6,Mavericks,Dallas,DAL,49,90,54.4,17,38,44.7,15,28,53.6,11,44,34,6,4,14,24,31,2,1
401360405,2022,2022-01-07,2022-01-08 01:00:00,10,Rockets,Houston,HOU,37,87,42.5,12,43,27.9,20,29,69.0,7,33,17,6,3,13,20,4,0,1
401360406,2022,2022-01-07,2022-01-08 01:00:00,16,Timberwolves,Minnesota,MIN,50,90,55.6,17,41,41.5,18,25,72.0,8,37,39,12,8,15,18,41,0,0
401360406,2022,2022-01-07,2022-01-08 01:00:00,25,Thunder,Oklahoma City,OKC,36,89,40.4,15,44,34.1,18,23,78.3,13,32,26,10,4,19,23,4,1,0
401360407,2022,2022-01-07,2022-01-08 02:00:00,23,Kings,Sacramento,SAC,40,92,43.5,11,29,37.9,20,24,83.3,12,35,21,6,3,11,19,4,1,0
401360407,2022,2022-01-07,2022-01-08 02:00:00,7,Nuggets,Denver,DEN,47,85,55.3,12,34,35.3,15,24,62.5,5,36,32,5,7,7,20,21,1,1
401360408,2022,2022-01-07,2022-01-08 03:00:00,1,Hawks,Atlanta,ATL,43,96,44.8,13,36,36.1,19,27,70.4,13,41,29,3,0,15,18,1,0,0
401360408,2022,2022-01-07,2022-01-08 03:00:00,13,Lakers,Los Angeles,LAL,50,101,49.5,17,41,41.5,17,19,89.5,8,39,37,14,4,8,26,21,0,1
401360409,2022,2022-01-07,2022-01-08 03:00:00,5,Cavaliers,Cleveland,CLE,39,80,48.8,17,39,43.6,19,29,65.5,8,35,22,7,3,8,15,15,1,0
401360409,2022,2022-01-07,2022-01-08 03:00:00,22,Trail Blazers,Portland,POR,37,92,40.2,16,35,45.7,11,19,57.9,16,35,22,8,5,11,19,3,1,1
401360397,2022,2022-01-06,2022-01-07 00:30:00,2,Celtics,Boston,BOS,38,80,47.5,17,45,37.8,12,13,92.3,8,30,22,5,10,12,16,25,1,0
401360397,2022,2022-01-06,2022-01-07 00:30:00,18,Knicks,New York,NY,40,90,44.4,18,36,50.0,10,15,66.7,11,31,23,8,1,8,17,3,3,0
401360398,2022,2022-01-06,2022-01-07 01:00:00,8,Pistons,Detroit,DET,34,99,34.3,10,44,22.7,10,13,76.9,10,29,23,7,3,11,14,2,2,0
401360398,2022,2022-01-06,2022-01-07 01:00:00,29,Grizzlies,Memphis,MEM,48,98,49.0,10,32,31.3,12,19,63.2,18,43,31,8,9,18,18,31,1,1
401360399,2022,2022-01-06,2022-01-07 01:00:00,9,Warriors,Golden State,GS,37,87,42.5,7,33,21.2,15,18,83.3,8,35,22,12,6,14,24,11,0,1
401360399,2022,2022-01-06,2022-01-07 01:00:00,3,Pelicans,New Orleans,NO,35,83,42.2,8,34,23.5,23,29,79.3,8,38,20,7,5,17,18,10,0,1
401360400,2022,2022-01-06,2022-01-07 03:00:00,12,Clippers,LA,LAC,31,86,36.0,6,28,21.4,21,25,84.0,8,41,20,5,7,12,16,7,1,0
401360400,2022,2022-01-06,2022-01-07 03:00:00,21,Suns,Phoenix,PHX,44,107,41.1,10,31,32.3,8,10,80.0,21,42,22,5,7,8,20,19,0,0
401360386,2022,2022-01-05,2022-01-06 00:00:00,8,Pistons,Detroit,DET,43,92,46.7,14,42,33.3,11,20,55.0,9,27,26,12,3,13,21,0,0,0
401360386,2022,2022-01-05,2022-01-06 00:00:00,30,Hornets,Charlotte,CHA,48,81,59.3,24,42,57.1,20,29,69.0,8,41,39,6,3,17,21,36,0,0
401360387,2022,2022-01-05,2022-01-06 00:00:00,20,76ers,Philadelphia,PHI,43,85,50.6,12,28,42.9,18,24,75.0,10,32,26,8,4,15,16,11,2,1
401360387,2022,2022-01-05,2022-01-06 00:00:00,19,Magic,Orlando,ORL,40,90,44.4,12,39,30.8,14,20,70.0,14,33,22,9,3,19,30,11,0,2
401360388,2022,2022-01-05,2022-01-06 00:00:00,10,Rockets,Houston,HOU,40,85,47.1,9,26,34.6,25,32,78.1,10,38,15,10,2,20,24,12,1,0
401360388,2022,2022-01-05,2022-01-06 00:00:00,27,Wizards,Washington,WSH,40,91,44.0,10,39,25.6,21,26,80.8,9,32,18,9,6,15,27,4,0,2
401360389,2022,2022-01-05,2022-01-06 00:30:00,24,Spurs,San Antonio,SA,42,88,47.7,10,26,38.5,5,5,100.0,12,36,20,6,5,17,13,6,1,0
401360389,2022,2022-01-05,2022-01-06 00:30:00,2,Celtics,Boston,BOS,40,90,44.4,9,28,32.1,8,9,88.9,13,28,19,10,9,8,12,4,2,0
401360390,2022,2022-01-05,2022-01-06 00:30:00,17,Nets,Brooklyn,BKN,49,86,57.0,5,21,23.8,26,29,89.7,9,29,28,13,4,11,20,12,1,2
401360390,2022,2022-01-05,2022-01-06 00:30:00,11,Pacers,Indiana,IND,41,82,50.0,13,39,33.3,26,28,92.9,7,26,26,3,5,15,19,19,2,2
401360391,2022,2022-01-05,2022-01-06 00:30:00,9,Warriors,Golden State,GS,33,81,40.7,5,28,17.9,11,16,68.8,8,38,20,10,5,16,20,7,1,1
401360391,2022,2022-01-05,2022-01-06 00:30:00,6,Mavericks,Dallas,DAL,33,87,37.9,12,40,30.0,21,26,80.8,10,36,22,6,5,12,15,17,0,0
401360392,2022,2022-01-05,2022-01-06 01:00:00,28,Raptors,Toronto,TOR,42,89,47.2,16,36,44.4,17,25,68.0,10,34,24,8,4,14,20,15,1,1
401360392,2022,2022-01-05,2022-01-06 01:00:00,15,Bucks,Milwaukee,MIL,38,85,44.7,17,39,43.6,18,26,69.2,9,36,22,10,8,17,18,14,1,2
401360393,2022,2022-01-05,2022-01-06 01:00:00,25,Thunder,Oklahoma City,OKC,33,90,36.7,9,35,25.7,15,18,83.3,14,38,21,11,7,17,18,0,1,0
401360393,2022,2022-01-05,2022-01-06 01:00:00,16,Timberwolves,Minnesota,MIN,36,90,40.0,12,44,27.3,14,20,70.0,15,40,23,11,7,16,16,21,0,1
401360394,2022,2022-01-05,2022-01-06 03:00:00,26,Jazz,Utah,UTAH,43,92,46.7,14,41,34.1,15,18,83.3,8,36,22,7,4,7,18,13,0,0
401360394,2022,2022-01-05,2022-01-06 03:00:00,7,Nuggets,Denver,DEN,42,88,47.7,11,36,30.6,14,15,93.3,6,36,27,2,4,12,21,3,0,0
401360395,2022,2022-01-05,2022-01-06 03:00:00,14,Heat,Miami,MIA,37,82,45.1,19,41,46.3,22,29,75.9,14,36,29,3,3,11,21,19,0,4
401360395,2022,2022-01-05,2022-01-06 03:00:00,22,Trail Blazers,Portland,POR,33,78,42.3,15,38,39.5,28,36,77.8,8,28,18,8,4,5,23,2,1,1
401360396,2022,2022-01-05,2022-01-06 03:00:00,1,Hawks,Atlanta,ATL,39,86,45.3,8,30,26.7,22,30,73.3,10,38,20,8,5,10,14,9,0,0
401360396,2022,2022-01-05,2022-01-06 03:00:00,23,Kings,Sacramento,SAC,38,90,42.2,11,27,40.7,15,20,75.0,10,37,15,6,1,11,20,3,0,0
401360381,2022,2022-01-04,2022-01-05 00:00:00,29,Grizzlies,Memphis,MEM,42,90,46.7,9,27,33.3,17,22,77.3,12,33,21,6,8,9,18,6,0,1
401360381,2022,2022-01-04,2022-01-05 00:00:00,5,Cavaliers,Cleveland,CLE,40,92,43.5,10,34,29.4,16,21,76.2,14,35,28,2,6,11,14,11,2,0
401360382,2022,2022-01-04,2022-01-05 00:00:00,24,Spurs,San Antonio,SA,41,95,43.2,9,35,25.7,13,19,68.4,17,33,27,6,3,20,23,7,0,0
401360382,2022,2022-01-04,2022-01-05 00:00:00,28,Raptors,Toronto,TOR,45,96,46.9,18,44,40.9,21,29,72.4,16,36,30,13,8,12,20,31,0,0
401360383,2022,2022-01-04,2022-01-05 00:30:00,11,Pacers,Indiana,IND,32,76,42.1,9,38,23.7,21,32,65.6,9,26,22,3,3,10,20,8,2,0
401360383,2022,2022-01-04,2022-01-05 00:30:00,18,Knicks,New York,NY,39,80,48.8,6,28,21.4,20,28,71.4,14,37,17,6,0,9,23,12,1,0
401360384,2022,2022-01-04,2022-01-05 01:00:00,21,Suns,Phoenix,PHX,46,85,54.1,17,31,54.8,14,20,70.0,5,37,32,7,5,10,24,16,1,0
401360384,2022,2022-01-04,2022-01-05 01:00:00,3,Pelicans,New Orleans,NO,36,89,40.4,10,33,30.3,28,32,87.5,15,33,28,7,3,12,21,0,0,0
401360385,2022,2022-01-04,2022-01-05 03:30:00,23,Kings,Sacramento,SAC,43,83,51.8,14,34,41.2,14,18,77.8,9,36,31,2,3,18,18,7,0,0
401360385,2022,2022-01-04,2022-01-05 03:30:00,13,Lakers,Los Angeles,LAL,49,99,49.5,11,32,34.4,13,20,65.0,14,30,24,6,5,5,16,8,0,0
401360371,2022,2022-01-03,2022-01-04 00:00:00,10,Rockets,Houston,HOU,37,89,41.6,15,44,34.1,24,33,72.7,11,31,25,6,4,11,16,4,0,0
401360371,2022,2022-01-03,2022-01-04 00:00:00,20,76ers,Philadelphia,PHI,50,96,52.1,17,40,42.5,16,17,94.1,12,42,33,7,7,12,21,26,2,0
401360372,2022,2022-01-03,2022-01-04 00:00:00,30,Hornets,Charlotte,CHA,50,104,48.1,14,38,36.8,7,13,53.8,13,32,28,14,5,8,22,14,1,2
401360372,2022,2022-01-03,2022-01-04 00:00:00,27,Wizards,Washington,WSH,40,87,46.0,16,38,42.1,28,31,90.3,10,41,26,5,4,15,12,13,0,0
401360373,2022,2022-01-03,2022-01-04 00:30:00,29,Grizzlies,Memphis,MEM,48,102,47.1,10,35,28.6,12,21,57.1,23,38,24,11,5,12,21,28,1,0
401360373,2022,2022-01-03,2022-01-04 00:30:00,17,Nets,Brooklyn,BKN,37,82,45.1,9,31,29.0,21,26,80.8,8,25,28,10,10,12,20,0,1,0
401360374,2022,2022-01-03,2022-01-04 01:00:00,19,Magic,Orlando,ORL,36,85,42.4,10,27,37.0,16,18,88.9,5,39,24,5,2,13,17,11,0,2
401360374,2022,2022-01-03,2022-01-04 01:00:00,4,Bulls,Chicago,CHI,37,86,43.0,11,31,35.5,17,23,73.9,10,39,17,10,4,13,16,9,0,0
401360375,2022,2022-01-03,2022-01-04 01:00:00,8,Pistons,Detroit,DET,44,91,48.4,18,43,41.9,9,14,64.3,9,38,31,6,1,13,21,13,1,1
401360375,2022,2022-01-03,2022-01-04 01:00:00,15,Bucks,Milwaukee,MIL,39,92,42.4,11,46,23.9,17,22,77.3,11,36,21,9,2,8,12,6,0,2
401360376,2022,2022-01-03,2022-01-04 01:00:00,26,Jazz,Utah,UTAH,41,85,48.2,19,39,48.7,14,17,82.4,10,33,22,6,4,14,24,15,1,0
401360376,2022,2022-01-03,2022-01-04 01:00:00,3,Pelicans,New Orleans,NO,39,97,40.2,12,46,26.1,14,22,63.6,17,30,21,7,5,10,21,6,0,1
401360377,2022,2022-01-03,2022-01-04 01:30:00,7,Nuggets,Denver,DEN,31,67,46.3,6,25,24.0,21,29,72.4,11,36,21,6,1,25,24,2,1,2
401360377,2022,2022-01-03,2022-01-04 01:30:00,6,Mavericks,Dallas,DAL,35,78,44.9,14,37,37.8,19,21,90.5,5,23,23,12,5,11,21,17,0,0
401360378,2022,2022-01-03,2022-01-04 03:00:00,14,Heat,Miami,MIA,37,90,41.1,17,42,40.5,17,19,89.5,11,38,24,5,2,18,13,3,1,0
401360378,2022,2022-01-03,2022-01-04 03:00:00,9,Warriors,Golden State,GS,45,92,48.9,14,38,36.8,11,13,84.6,7,36,39,11,6,12,17,13,0,0
401360379,2022,2022-01-03,2022-01-04 03:00:00,1,Hawks,Atlanta,ATL,48,88,54.5,14,41,34.1,21,24,87.5,9,30,31,6,1,12,24,5,1,0
401360379,2022,2022-01-03,2022-01-04 03:00:00,22,Trail Blazers,Portland,POR,47,89,52.8,18,41,43.9,24,28,85.7,12,29,29,10,3,9,19,13,1,2
401360380,2022,2022-01-03,2022-01-04 03:30:00,16,Timberwolves,Minnesota,MIN,49,93,52.7,16,45,35.6,8,9,88.9,11,29,34,9,4,17,14,27,0,0
401360380,2022,2022-01-03,2022-01-04 03:30:00,12,Clippers,LA,LAC,39,78,50.0,11,32,34.4,15,17,88.2,4,27,22,12,3,20,10,2,1,0
401360364,2022,2022-01-02,2022-01-02 20:30:00,18,Knicks,New York,NY,35,78,44.9,12,36,33.3,23,28,82.1,7,23,22,11,4,17,26,1,1,0
401360364,2022,2022-01-02,2022-01-02 20:30:00,28,Raptors,Toronto,TOR,41,86,47.7,13,34,38.2,25,30,83.3,11,33,21,9,5,16,27,25,1,0
401360365,2022,2022-01-02,2022-01-02 23:00:00,19,Magic,Orlando,ORL,40,95,42.1,9,27,33.3,22,27,81.5,10,35,17,12,3,14,24,14,2,0
401360365,2022,2022-01-02,2022-01-02 23:00:00,2,Celtics,Boston,BOS,39,86,45.3,13,36,36.1,25,28,89.3,9,37,25,5,10,21,23,14,1,0
401360366,2022,2022-01-02,2022-01-02 23:00:00,11,Pacers,Indiana,IND,37,83,44.6,19,46,41.3,11,14,78.6,9,30,24,6,6,14,24,11,0,0
401360366,2022,2022-01-02,2022-01-02 23:00:00,5,Cavaliers,Cleveland,CLE,41,88,46.6,6,26,23.1,20,28,71.4,12,36,26,6,4,8,11,9,3,0
401360367,2022,2022-01-02,2022-01-02 23:00:00,14,Heat,Miami,MIA,46,105,43.8,9,33,27.3,12,12,100.0,18,31,26,4,3,9,18,8,0,2
401360367,2022,2022-01-02,2022-01-02 23:00:00,23,Kings,Sacramento,SAC,40,78,51.3,13,34,38.2,22,27,81.5,7,32,31,3,2,16,18,11,0,0
401360368,2022,2022-01-02,2022-01-03 00:00:00,21,Suns,Phoenix,PHX,52,103,50.5,17,41,41.5,12,12,100.0,14,39,36,15,4,17,21,43,0,0
401360368,2022,2022-01-02,2022-01-03 00:00:00,30,Hornets,Charlotte,CHA,39,85,45.9,9,35,25.7,12,21,57.1,5,29,27,10,9,17,15,0,1,0
401360369,2022,2022-01-02,2022-01-03 00:00:00,6,Mavericks,Dallas,DAL,38,85,44.7,14,39,35.9,5,7,71.4,7,41,28,9,3,16,12,15,0,0
401360369,2022,2022-01-02,2022-01-03 00:00:00,25,Thunder,Oklahoma City,OKC,35,85,41.2,10,30,33.3,6,9,66.7,7,34,20,11,4,11,16,6,0,0
401360370,2022,2022-01-02,2022-01-03 02:30:00,16,Timberwolves,Minnesota,MIN,41,92,44.6,9,38,23.7,12,16,75.0,20,36,21,9,2,23,22,6,1,2
401360370,2022,2022-01-02,2022-01-03 02:30:00,13,Lakers,Los Angeles,LAL,36,75,48.0,13,41,31.7,23,29,79.3,4,24,20,13,5,15,16,10,3,0
401360358,2022,2022-01-01,2022-01-01 23:30:00,3,Pelicans,New Orleans,NO,39,95,41.1,16,51,31.4,19,30,63.3,14,36,28,10,5,15,16,7,0,0
401360358,2022,2022-01-01,2022-01-01 23:30:00,15,Bucks,Milwaukee,MIL,49,92,53.3,23,48,47.9,15,18,83.3,4,44,27,10,4,13,20,25,1,1
401360359,2022,2022-01-01,2022-01-02 00:00:00,24,Spurs,San Antonio,SA,42,102,41.2,12,40,30.0,20,28,71.4,13,35,30,8,3,16,27,17,1,0
401360359,2022,2022-01-01,2022-01-02 00:00:00,8,Pistons,Detroit,DET,41,101,40.6,9,35,25.7,26,33,78.8,22,41,18,12,6,20,23,9,1,0
401360360,2022,2022-01-01,2022-01-02 00:00:00,4,Bulls,Chicago,CHI,41,84,48.8,17,34,50.0,21,25,84.0,6,38,17,4,4,15,24,3,0,0
401360360,2022,2022-01-01,2022-01-02 00:00:00,27,Wizards,Washington,WSH,46,87,52.9,6,27,22.2,21,26,80.8,6,37,26,9,3,11,22,13,1,1
401360361,2022,2022-01-01,2022-01-02 00:30:00,12,Clippers,LA,LAC,42,86,48.8,14,36,38.9,22,31,71.0,7,33,23,7,6,10,19,10,1,0
401360361,2022,2022-01-01,2022-01-02 00:30:00,17,Nets,Brooklyn,BKN,42,97,43.3,11,33,33.3,21,25,84.0,17,40,26,9,2,14,20,13,1,0
401360362,2022,2022-01-01,2022-01-02 01:00:00,7,Nuggets,Denver,DEN,46,86,53.5,10,32,31.3,22,27,81.5,13,33,33,10,6,18,23,31,0,0
401360362,2022,2022-01-01,2022-01-02 01:00:00,10,Rockets,Houston,HOU,37,85,43.5,16,42,38.1,21,24,87.5,13,23,20,10,4,17,24,11,1,0
401360363,2022,2022-01-01,2022-01-02 02:00:00,9,Warriors,Golden State,GS,46,86,53.5,17,32,53.1,14,21,66.7,7,33,39,10,2,15,24,16,0,1
401360363,2022,2022-01-01,2022-01-02 02:00:00,26,Jazz,Utah,UTAH,40,92,43.5,14,44,31.8,22,28,78.6,15,30,19,7,0,13,21,8,0,1
401360348,2022,2021-12-31,2021-12-31 18:00:00,21,Suns,Phoenix,PHX,41,100,41.0,11,35,31.4,15,16,93.8,15,22,20,10,2,9,21,3,1,0
401360348,2022,2021-12-31,2021-12-31 18:00:00,2,Celtics,Boston,BOS,45,83,54.2,10,27,37.0,23,26,88.5,13,38,28,6,7,17,18,30,1,0
401360349,2022,2021-12-31,2021-12-31 20:00:00,4,Bulls,Chicago,CHI,35,86,40.7,12,27,44.4,26,30,86.7,8,34,22,11,5,9,19,9,2,0
401360349,2022,2021-12-31,2021-12-31 20:00:00,11,Pacers,Indiana,IND,38,91,41.8,8,31,25.8,22,29,75.9,17,38,23,7,8,17,22,6,0,0
401360350,2022,2021-12-31,2021-12-31 23:00:00,6,Mavericks,Dallas,DAL,42,81,51.9,9,22,40.9,19,22,86.4,10,37,30,5,7,11,14,27,2,0
401360350,2022,2021-12-31,2021-12-31 23:00:00,23,Kings,Sacramento,SAC,38,91,41.8,10,29,34.5,10,12,83.3,8,25,25,7,4,10,16,10,0,1
401360351,2022,2021-12-31,2022-01-01 00:00:00,14,Heat,Miami,MIA,40,86,46.5,14,33,42.4,26,31,83.9,11,32,21,7,6,14,16,25,0,0
401360351,2022,2021-12-31,2022-01-01 00:00:00,10,Rockets,Houston,HOU,41,93,44.1,14,42,33.3,14,17,82.4,15,31,21,9,4,18,27,4,0,2
401360352,2022,2021-12-31,2022-01-01 00:30:00,1,Hawks,Atlanta,ATL,43,97,44.3,16,38,42.1,19,21,90.5,14,30,23,8,4,2,23,8,0,0
401360352,2022,2021-12-31,2022-01-01 00:30:00,5,Cavaliers,Cleveland,CLE,48,84,57.1,8,25,32.0,14,24,58.3,8,38,27,1,8,9,18,16,0,1
401360353,2022,2021-12-31,2022-01-01 00:30:00,12,Clippers,LA,LAC,38,78,48.7,15,34,44.1,17,19,89.5,3,34,27,6,7,12,24,7,1,1
401360353,2022,2021-12-31,2022-01-01 00:30:00,28,Raptors,Toronto,TOR,40,96,41.7,11,35,31.4,25,33,75.8,18,36,19,8,4,7,18,15,0,0
401360354,2022,2021-12-31,2022-01-01 01:00:00,24,Spurs,San Antonio,SA,39,90,43.3,12,35,34.3,15,24,62.5,11,36,24,3,8,11,15,5,0,0
401360354,2022,2021-12-31,2022-01-01 01:00:00,29,Grizzlies,Memphis,MEM,49,102,48.0,10,26,38.5,10,16,62.5,16,42,28,7,11,9,18,19,1,1
401360355,2022,2021-12-31,2022-01-01 01:00:00,18,Knicks,New York,NY,30,81,37.0,8,41,19.5,12,22,54.5,5,43,12,6,3,10,12,9,0,1
401360355,2022,2021-12-31,2022-01-01 01:00:00,25,Thunder,Oklahoma City,OKC,36,87,41.4,18,43,41.9,5,7,71.4,7,42,21,6,3,9,17,17,1,0
401360356,2022,2021-12-31,2022-01-01 02:00:00,16,Timberwolves,Minnesota,MIN,40,93,43.0,14,41,34.1,14,22,63.6,11,30,23,9,5,10,30,3,0,1
401360356,2022,2021-12-31,2022-01-01 02:00:00,26,Jazz,Utah,UTAH,37,78,47.4,11,29,37.9,35,41,85.4,10,39,18,4,5,17,20,21,1,1
401360357,2022,2021-12-31,2022-01-01 03:30:00,22,Trail Blazers,Portland,POR,36,102,35.3,12,42,28.6,22,27,81.5,21,33,19,4,2,9,22,0,0,0
401360357,2022,2021-12-31,2022-01-01 03:30:00,13,Lakers,Los Angeles,LAL,47,85,55.3,19,41,46.3,26,30,86.7,5,42,27,6,9,7,21,35,0,0
401360344,2022,2021-12-30,2021-12-31 00:00:00,20,76ers,Philadelphia,PHI,42,100,42.0,13,32,40.6,13,20,65.0,14,29,22,10,4,7,20,11,1,2
401360344,2022,2021-12-30,2021-12-31 00:00:00,17,Nets,Brooklyn,BKN,37,81,45.7,7,27,25.9,21,27,77.8,12,40,21,4,9,17,22,7,1,2
401360345,2022,2021-12-30,2021-12-31 00:00:00,15,Bucks,Milwaukee,MIL,45,91,49.5,13,33,39.4,33,36,91.7,14,36,24,7,6,13,19,20,0,1
401360345,2022,2021-12-30,2021-12-31 00:00:00,19,Magic,Orlando,ORL,42,87,48.3,13,36,36.1,21,27,77.8,6,27,26,5,1,10,26,2,0,0
401360346,2022,2021-12-30,2021-12-31 00:00:00,5,Cavaliers,Cleveland,CLE,35,83,42.2,8,28,28.6,15,23,65.2,8,36,20,4,3,12,17,4,1,0
401360346,2022,2021-12-30,2021-12-31 00:00:00,27,Wizards,Washington,WSH,45,90,50.0,9,29,31.0,11,17,64.7,10,37,27,7,8,7,19,21,1,0
401360335,2022,2021-12-29,2021-12-30 00:00:00,18,Knicks,New York,NY,31,81,38.3,8,31,25.8,24,27,88.9,11,37,19,11,5,16,14,13,1,1
401360335,2022,2021-12-29,2021-12-30 00:00:00,8,Pistons,Detroit,DET,30,81,37.0,12,35,34.3,13,17,76.5,8,35,19,11,5,17,23,14,0,2
401360336,2022,2021-12-29,2021-12-30 00:00:00,30,Hornets,Charlotte,CHA,44,85,51.8,9,26,34.6,19,32,59.4,8,40,27,12,5,13,20,18,1,0
401360336,2022,2021-12-29,2021-12-30 00:00:00,11,Pacers,Indiana,IND,36,86,41.9,17,45,37.8,19,29,65.5,10,35,25,8,6,18,20,4,0,0
401360337,2022,2021-12-29,2021-12-30 00:30:00,12,Clippers,LA,LAC,33,81,40.7,11,28,39.3,14,17,82.4,9,40,17,5,4,14,12,10,2,0
401360337,2022,2021-12-29,2021-12-30 00:30:00,2,Celtics,Boston,BOS,35,101,34.7,4,42,9.5,8,11,72.7,21,29,19,8,8,8,16,6,0,0
401360338,2022,2021-12-29,2021-12-30 01:00:00,1,Hawks,Atlanta,ATL,44,92,47.8,11,26,42.3,18,26,69.2,10,27,26,6,3,11,17,2,0,0
401360338,2022,2021-12-29,2021-12-30 01:00:00,4,Bulls,Chicago,CHI,52,84,61.9,10,22,45.5,17,22,77.3,6,35,38,9,6,13,18,27,2,0
401360339,2022,2021-12-29,2021-12-30 01:00:00,13,Lakers,Los Angeles,LAL,39,86,45.3,15,41,36.6,6,8,75.0,7,32,24,5,5,18,25,14,0,1
401360339,2022,2021-12-29,2021-12-30 01:00:00,29,Grizzlies,Memphis,MEM,35,85,41.2,10,30,33.3,24,29,82.8,13,30,18,13,5,12,11,7,1,1
401360341,2022,2021-12-29,2021-12-30 02:00:00,25,Thunder,Oklahoma City,OKC,38,96,39.6,7,35,20.0,14,16,87.5,14,31,19,6,1,11,24,3,1,0
401360341,2022,2021-12-29,2021-12-30 02:00:00,21,Suns,Phoenix,PHX,41,89,46.1,12,34,35.3,21,28,75.0,18,38,22,7,7,14,15,18,1,0
401360342,2022,2021-12-29,2021-12-30 03:00:00,26,Jazz,Utah,UTAH,46,87,52.9,8,29,27.6,20,32,62.5,13,33,22,6,3,11,20,22,0,0
401360342,2022,2021-12-29,2021-12-30 03:00:00,22,Trail Blazers,Portland,POR,37,88,42.0,14,40,35.0,17,24,70.8,11,34,23,6,3,10,28,0,1,2
401360343,2022,2021-12-29,2021-12-30 03:30:00,6,Mavericks,Dallas,DAL,38,81,46.9,9,24,37.5,9,13,69.2,7,29,23,7,5,11,19,10,2,0
401360343,2022,2021-12-29,2021-12-30 03:30:00,23,Kings,Sacramento,SAC,36,75,48.0,10,26,38.5,13,15,86.7,7,31,21,5,2,14,21,13,1,0
401360327,2022,2021-12-28,2021-12-29 00:00:00,15,Bucks,Milwaukee,MIL,47,85,55.3,17,37,45.9,16,22,72.7,7,33,31,4,3,12,20,29,1,1
401360327,2022,2021-12-28,2021-12-29 00:00:00,19,Magic,Orlando,ORL,38,83,45.8,12,39,30.8,22,26,84.6,7,30,24,7,4,13,25,5,0,0
401360328,2022,2021-12-28,2021-12-29 00:30:00,27,Wizards,Washington,WSH,42,85,49.4,17,42,40.5,11,14,78.6,13,34,27,5,3,18,20,3,0,1
401360328,2022,2021-12-28,2021-12-29 00:30:00,14,Heat,Miami,MIA,41,92,44.6,16,34,47.1,21,23,91.3,14,28,26,14,5,7,13,28,1,0
401360329,2022,2021-12-28,2021-12-29 00:30:00,20,76ers,Philadelphia,PHI,34,77,44.2,14,30,46.7,32,38,84.2,8,34,23,6,4,8,18,12,0,0
401360329,2022,2021-12-28,2021-12-29 00:30:00,28,Raptors,Toronto,TOR,38,87,43.7,15,41,36.6,18,22,81.8,9,34,24,7,5,10,24,5,0,2
401360330,2022,2021-12-28,2021-12-29 01:00:00,13,Lakers,Los Angeles,LAL,48,92,52.2,14,34,41.2,22,29,75.9,14,34,27,8,6,12,23,11,0,0
401360330,2022,2021-12-28,2021-12-29 01:00:00,10,Rockets,Houston,HOU,44,83,53.0,16,35,45.7,19,25,76.0,4,26,24,10,7,14,20,4,0,0
401360331,2022,2021-12-28,2021-12-29 01:00:00,18,Knicks,New York,NY,37,90,41.1,16,40,40.0,6,16,37.5,15,39,20,5,4,15,20,17,1,0
401360331,2022,2021-12-28,2021-12-29 01:00:00,16,Timberwolves,Minnesota,MIN,34,85,40.0,7,38,18.4,13,20,65.0,10,35,22,6,11,10,22,2,1,0
401360332,2022,2021-12-28,2021-12-29 01:00:00,5,Cavaliers,Cleveland,CLE,37,88,42.0,14,41,34.1,16,19,84.2,11,31,27,6,3,7,19,23,1,0
401360332,2022,2021-12-28,2021-12-29 01:00:00,3,Pelicans,New Orleans,NO,36,80,45.0,16,36,44.4,20,26,76.9,8,36,24,3,8,12,16,5,1,0
401360333,2022,2021-12-28,2021-12-29 03:00:00,7,Nuggets,Denver,DEN,34,83,41.0,8,33,24.2,13,20,65.0,13,31,24,10,5,15,19,24,1,0
401360333,2022,2021-12-28,2021-12-29 03:00:00,9,Warriors,Golden State,GS,30,72,41.7,10,32,31.3,16,31,51.6,8,35,20,8,2,16,20,0,1,0
401360334,2022,2021-12-28,2021-12-29 03:00:00,25,Thunder,Oklahoma City,OKC,35,90,38.9,11,33,33.3,30,36,83.3,8,37,16,6,6,9,21,4,0,1
401360334,2022,2021-12-28,2021-12-29 03:00:00,23,Kings,Sacramento,SAC,40,95,42.1,17,39,43.6,20,27,74.1,11,46,25,3,9,10,22,17,0,0
401360320,2022,2021-12-27,2021-12-28 00:00:00,10,Rockets,Houston,HOU,36,87,41.4,15,46,32.6,12,18,66.7,13,31,20,9,3,21,15,3,0,0
401360320,2022,2021-12-27,2021-12-28 00:00:00,30,Hornets,Charlotte,CHA,47,88,53.4,18,41,43.9,11,14,78.6,7,32,33,13,4,16,18,28,0,0
401360321,2022,2021-12-27,2021-12-28 00:30:00,4,Bulls,Chicago,CHI,51,94,54.3,18,37,48.6,10,14,71.4,9,35,29,5,6,7,19,16,3,0
401360321,2022,2021-12-27,2021-12-28 00:30:00,1,Hawks,Atlanta,ATL,40,89,44.9,15,34,44.1,23,26,88.5,11,34,22,3,5,10,14,9,0,1
401360322,2022,2021-12-27,2021-12-28 01:00:00,2,Celtics,Boston,BOS,33,89,37.1,16,47,34.0,21,28,75.0,15,38,23,8,10,14,16,12,0,0
401360322,2022,2021-12-27,2021-12-28 01:00:00,16,Timberwolves,Minnesota,MIN,40,90,44.4,14,34,41.2,14,19,73.7,11,42,30,7,5,14,17,10,0,1
401360323,2022,2021-12-27,2021-12-28 01:30:00,26,Jazz,Utah,UTAH,39,86,45.3,9,31,29.0,23,30,76.7,7,48,19,9,4,14,15,18,1,0
401360323,2022,2021-12-27,2021-12-28 01:30:00,24,Spurs,San Antonio,SA,45,100,45.0,10,30,33.3,4,9,44.4,9,35,26,8,3,10,24,4,0,0
401360324,2022,2021-12-27,2021-12-28 02:00:00,29,Grizzlies,Memphis,MEM,45,88,51.1,11,29,37.9,13,17,76.5,15,35,22,10,6,18,23,18,1,0
401360324,2022,2021-12-27,2021-12-28 02:00:00,21,Suns,Phoenix,PHX,41,90,45.6,11,31,35.5,20,23,87.0,10,25,25,11,2,11,16,2,0,1
401360325,2022,2021-12-27,2021-12-28 03:00:00,6,Mavericks,Dallas,DAL,48,84,57.1,12,33,36.4,24,33,72.7,10,31,38,6,4,13,31,29,0,1
401360325,2022,2021-12-27,2021-12-28 03:00:00,22,Trail Blazers,Portland,POR,35,82,42.7,12,40,30.0,35,42,83.3,8,25,19,4,5,11,28,1,0,0
401360326,2022,2021-12-27,2021-12-28 03:30:00,17,Nets,Brooklyn,BKN,50,88,56.8,13,34,38.2,11,16,68.8,7,40,31,7,8,13,25,22,2,2
401360326,2022,2021-12-27,2021-12-28 03:30:00,12,Clippers,LA,LAC,37,97,38.1,14,37,37.8,20,27,74.1,17,28,25,7,4,11,17,8,1,0
401360312,2022,2021-12-26,2021-12-26 20:30:00,19,Magic,Orlando,ORL,31,72,43.1,10,32,31.3,11,17,64.7,8,35,17,6,4,18,19,9,1,1
401360312,2022,2021-12-26,2021-12-26 20:30:00,14,Heat,Miami,MIA,36,89,40.4,10,34,29.4,11,18,61.1,20,31,28,7,1,13,19,18,1,0
401360313,2022,2021-12-26,2021-12-26 23:00:00,28,Raptors,Toronto,TOR,37,89,41.6,9,36,25.0,16,23,69.6,11,32,24,11,3,21,13,5,0,0
401360313,2022,2021-12-26,2021-12-26 23:00:00,5,Cavaliers,Cleveland,CLE,56,106,52.8,22,52,42.3,10,12,83.3,13,39,39,12,5,12,17,47,3,0
401360314,2022,2021-12-26,2021-12-26 23:00:00,20,76ers,Philadelphia,PHI,43,86,50.0,12,31,38.7,19,22,86.4,10,40,25,6,8,12,23,26,1,1
401360314,2022,2021-12-26,2021-12-26 23:00:00,27,Wizards,Washington,WSH,35,90,38.9,8,33,24.2,18,28,64.3,14,29,22,6,1,8,18,7,0,2
401360315,2022,2021-12-26,2021-12-26 23:00:00,29,Grizzlies,Memphis,MEM,47,100,47.0,9,30,30.0,24,30,80.0,19,34,33,11,6,11,19,30,1,0
401360315,2022,2021-12-26,2021-12-26 23:00:00,23,Kings,Sacramento,SAC,34,81,42.0,10,29,34.5,24,27,88.9,9,29,22,7,9,18,23,7,0,2
401360316,2022,2021-12-26,2021-12-27 00:00:00,3,Pelicans,New Orleans,NO,39,94,41.5,10,41,24.4,24,28,85.7,11,38,26,10,4,10,19,1,1,1
401360316,2022,2021-12-26,2021-12-27 00:00:00,25,Thunder,Oklahoma City,OKC,41,86,47.7,13,36,36.1,22,31,71.0,7,40,24,8,5,12,23,17,0,0
401360317,2022,2021-12-26,2021-12-27 00:00:00,8,Pistons,Detroit,DET,38,98,38.8,8,32,25.0,25,34,73.5,14,28,16,10,5,14,30,1,0,3
401360317,2022,2021-12-26,2021-12-27 00:00:00,24,Spurs,San Antonio,SA,51,91,56.0,13,27,48.1,29,37,78.4,9,43,39,6,5,18,28,39,1,0
401360318,2022,2021-12-26,2021-12-27 01:00:00,11,Pacers,Indiana,IND,41,94,43.6,8,30,26.7,15,21,71.4,14,31,23,9,5,9,16,1,0,0
401360318,2022,2021-12-26,2021-12-27 01:00:00,4,Bulls,Chicago,CHI,43,76,56.6,11,23,47.8,16,22,72.7,2,38,17,5,6,15,20,18,0,0
401360319,2022,2021-12-26,2021-12-27 02:00:00,7,Nuggets,Denver,DEN,39,95,41.1,15,41,36.6,10,11,90.9,10,38,29,7,4,14,20,17,0,0
401360319,2022,2021-12-26,2021-12-27 02:00:00,12,Clippers,LA,LAC,40,86,46.5,8,26,30.8,12,18,66.7,8,38,26,8,7,14,22,9,0,0
401358781,2022,2021-12-25,2021-12-25 17:00:00,1,Hawks,Atlanta,ATL,33,87,37.9,13,38,34.2,8,14,57.1,8,38,23,8,5,12,12,0,0,0
401358781,2022,2021-12-25,2021-12-25 17:00:00,18,Knicks,New York,NY,38,85,44.7,20,50,40.0,5,12,41.7,9,41,28,6,6,10,13,21,0,0
401358782,2022,2021-12-25,2021-12-25 19:30:00,2,Celtics,Boston,BOS,38,89,42.7,17,45,37.8,20,24,83.3,11,33,24,9,8,14,23,19,0,0
401358782,2022,2021-12-25,2021-12-25 19:30:00,15,Bucks,Milwaukee,MIL,43,91,47.3,12,33,36.4,19,27,70.4,15,33,24,7,6,13,20,4,0,0
401358783,2022,2021-12-25,2021-12-25 22:00:00,9,Warriors,Golden State,GS,42,85,49.4,14,37,37.8,18,21,85.7,12,30,28,11,7,9,22,10,2,1
401358783,2022,2021-12-25,2021-12-25 22:00:00,21,Suns,Phoenix,PHX,40,83,48.2,11,30,36.7,16,16,100.0,9,28,20,5,2,13,17,5,0,1
401358784,2022,2021-12-25,2021-12-26 01:00:00,17,Nets,Brooklyn,BKN,43,89,48.3,14,32,43.8,22,27,81.5,6,35,31,6,9,10,25,23,2,0
401358784,2022,2021-12-25,2021-12-26 01:00:00,13,Lakers,Los Angeles,LAL,40,96,41.7,10,35,28.6,25,28,89.3,12,35,29,8,5,13,23,2,1,1
401358785,2022,2021-12-25,2021-12-26 03:30:00,6,Mavericks,Dallas,DAL,38,89,42.7,10,30,33.3,30,35,85.7,8,35,19,7,3,13,31,16,1,0
401358785,2022,2021-12-25,2021-12-26 03:30:00,26,Jazz,Utah,UTAH,40,90,44.4,12,36,33.3,28,37,75.7,13,36,24,9,6,14,24,10,0,3
401360300,2022,2021-12-23,2021-12-24 00:00:00,10,Rockets,Houston,HOU,35,80,43.8,15,37,40.5,21,26,80.8,8,20,16,9,6,12,17,5,1,0
401360300,2022,2021-12-23,2021-12-24 00:00:00,11,Pacers,Indiana,IND,46,88,52.3,13,38,34.2,13,19,68.4,15,32,27,6,6,13,21,14,2,1
401360301,2022,2021-12-23,2021-12-24 00:00:00,3,Pelicans,New Orleans,NO,37,86,43.0,13,30,43.3,23,26,88.5,12,34,21,4,2,10,13,20,0,0
401360301,2022,2021-12-23,2021-12-24 00:00:00,19,Magic,Orlando,ORL,38,88,43.2,9,32,28.1,19,21,90.5,10,34,19,6,11,8,26,2,1,1
401360302,2022,2021-12-23,2021-12-24 00:00:00,1,Hawks,Atlanta,ATL,37,82,45.1,7,24,29.2,17,19,89.5,11,35,20,5,4,10,19,19,6,1
401360302,2022,2021-12-23,2021-12-24 00:00:00,20,76ers,Philadelphia,PHI,33,80,41.3,6,27,22.2,24,26,92.3,8,30,20,8,7,8,13,4,0,3
401360303,2022,2021-12-23,2021-12-24 00:30:00,8,Pistons,Detroit,DET,36,80,45.0,18,40,45.0,22,25,88.0,6,37,23,9,5,16,25,14,0,1
401360303,2022,2021-12-23,2021-12-24 00:30:00,14,Heat,Miami,MIA,43,88,48.9,12,32,37.5,17,19,89.5,6,37,23,4,0,13,25,5,0,1
401360304,2022,2021-12-23,2021-12-24 00:30:00,27,Wizards,Washington,WSH,42,75,56.0,16,37,43.2,24,32,75.0,5,33,30,4,6,11,18,8,0,0
401360304,2022,2021-12-23,2021-12-24 00:30:00,18,Knicks,New York,NY,42,93,45.2,13,42,31.0,20,23,87.0,14,30,17,2,1,7,21,8,0,0
401360305,2022,2021-12-23,2021-12-24 01:30:00,15,Bucks,Milwaukee,MIL,37,82,45.1,10,36,27.8,18,22,81.8,6,41,26,7,5,12,16,10,0,1
401360305,2022,2021-12-23,2021-12-24 01:30:00,6,Mavericks,Dallas,DAL,35,86,40.7,12,45,26.7,13,17,76.5,8,35,25,6,2,11,21,10,0,0
401360306,2022,2021-12-23,2021-12-24 02:00:00,30,Hornets,Charlotte,CHA,39,94,41.5,16,47,34.0,21,24,87.5,12,38,28,10,8,11,21,11,0,0
401360306,2022,2021-12-23,2021-12-24 02:00:00,7,Nuggets,Denver,DEN,40,96,41.7,14,40,35.0,13,17,76.5,10,44,23,7,2,15,22,19,0,0
401360307,2022,2021-12-23,2021-12-24 02:00:00,25,Thunder,Oklahoma City,OKC,37,96,38.5,11,41,26.8,16,21,76.2,11,33,17,6,5,12,10,6,1,0
401360307,2022,2021-12-23,2021-12-24 02:00:00,21,Suns,Phoenix,PHX,45,93,48.4,15,39,38.5,8,13,61.5,11,41,26,9,8,13,22,16,1,0
401360308,2022,2021-12-23,2021-12-24 02:00:00,16,Timberwolves,Minnesota,MIN,45,101,44.6,17,45,37.8,9,12,75.0,15,29,29,7,4,14,19,3,0,0
401360308,2022,2021-12-23,2021-12-24 02:00:00,26,Jazz,Utah,UTAH,48,90,53.3,16,39,41.0,16,22,72.7,10,35,31,7,7,15,17,15,0,1
401360309,2022,2021-12-23,2021-12-24 03:00:00,29,Grizzlies,Memphis,MEM,38,90,42.2,8,26,30.8,20,24,83.3,14,28,18,10,6,13,20,10,0,2
401360309,2022,2021-12-23,2021-12-24 03:00:00,9,Warriors,Golden State,GS,40,82,48.8,19,40,47.5,14,18,77.8,8,31,30,9,9,18,19,9,1,1
401360311,2022,2021-12-23,2021-12-24 03:30:00,24,Spurs,San Antonio,SA,46,95,48.4,18,39,46.2,28,33,84.8,12,38,33,7,5,6,21,28,0,1
401360311,2022,2021-12-23,2021-12-24 03:30:00,13,Lakers,Los Angeles,LAL,44,94,46.8,5,27,18.5,17,30,56.7,14,34,21,4,6,14,20,2,0,3
401360294,2022,2021-12-22,2021-12-23 00:30:00,19,Magic,Orlando,ORL,38,85,44.7,11,37,29.7,17,23,73.9,8,32,27,11,5,10,24,20,0,0
401360294,2022,2021-12-22,2021-12-23 00:30:00,1,Hawks,Atlanta,ATL,32,80,40.0,12,31,38.7,22,29,75.9,13,36,21,4,8,14,19,5,0,0
401360295,2022,2021-12-22,2021-12-23 00:30:00,5,Cavaliers,Cleveland,CLE,36,92,39.1,9,38,23.7,20,24,83.3,15,38,17,8,3,15,15,1,1,1
401360295,2022,2021-12-22,2021-12-23 00:30:00,2,Celtics,Boston,BOS,43,92,46.7,11,30,36.7,14,18,77.8,12,36,24,12,5,13,24,23,0,0
401360297,2022,2021-12-22,2021-12-23 01:00:00,10,Rockets,Houston,HOU,36,86,41.9,13,45,28.9,21,31,67.7,13,39,23,0,7,15,21,8,0,1
401360297,2022,2021-12-22,2021-12-23 01:00:00,15,Bucks,Milwaukee,MIL,45,103,43.7,17,46,37.0,19,21,90.5,14,34,25,8,2,5,24,23,2,0
401360298,2022,2021-12-22,2021-12-23 01:00:00,7,Nuggets,Denver,DEN,33,84,39.3,13,44,29.5,15,26,57.7,4,35,21,7,5,11,18,5,0,0
401360298,2022,2021-12-22,2021-12-23 01:00:00,25,Thunder,Oklahoma City,OKC,42,94,44.7,8,34,23.5,16,19,84.2,15,45,22,7,4,11,25,23,0,1
401360299,2022,2021-12-22,2021-12-23 03:00:00,12,Clippers,LA,LAC,42,82,51.2,7,24,29.2,14,16,87.5,6,37,26,10,3,12,15,19,1,2
401360299,2022,2021-12-22,2021-12-23 03:00:00,23,Kings,Sacramento,SAC,34,85,40.0,12,38,31.6,9,12,75.0,7,33,24,7,5,16,15,0,3,2
401360289,2022,2021-12-21,2021-12-22 00:30:00,11,Pacers,Indiana,IND,31,87,35.6,11,31,35.5,23,28,82.1,11,31,22,6,3,11,13,5,1,0
401360289,2022,2021-12-21,2021-12-22 00:30:00,14,Heat,Miami,MIA,47,95,49.5,22,49,44.9,9,11,81.8,15,38,30,5,5,11,21,33,0,0
401360290,2022,2021-12-21,2021-12-22 00:30:00,8,Pistons,Detroit,DET,34,94,36.2,8,33,24.2,15,19,78.9,10,38,22,9,4,12,18,5,2,0
401360290,2022,2021-12-21,2021-12-22 00:30:00,18,Knicks,New York,NY,40,90,44.4,11,33,33.3,14,19,73.7,13,39,22,5,7,12,19,22,1,0
401360291,2022,2021-12-21,2021-12-22 01:00:00,22,Trail Blazers,Portland,POR,35,78,44.9,13,34,38.2,14,19,73.7,7,24,18,12,4,10,17,6,1,2
401360291,2022,2021-12-21,2021-12-22 01:00:00,3,Pelicans,New Orleans,NO,42,80,52.5,12,33,36.4,15,18,83.3,8,36,27,5,3,15,19,14,1,0
401360292,2022,2021-12-21,2021-12-22 01:30:00,16,Timberwolves,Minnesota,MIN,36,79,45.6,13,40,32.5,17,20,85.0,9,30,26,4,5,17,22,3,0,0
401360292,2022,2021-12-21,2021-12-22 01:30:00,6,Mavericks,Dallas,DAL,42,86,48.8,11,34,32.4,19,23,82.6,10,34,30,11,3,10,22,17,1,0
401360293,2022,2021-12-21,2021-12-22 03:00:00,21,Suns,Phoenix,PHX,41,93,44.1,12,41,29.3,14,15,93.3,8,45,29,11,4,16,18,22,0,2
401360293,2022,2021-12-21,2021-12-22 03:00:00,13,Lakers,Los Angeles,LAL,34,87,39.1,7,35,20.0,15,23,65.2,6,41,14,9,3,14,18,10,1,3
401360281,2022,2021-12-20,2021-12-21 00:30:00,20,76ers,Philadelphia,PHI,36,72,50.0,10,25,40.0,26,31,83.9,2,32,20,11,7,15,23,9,2,1
401360281,2022,2021-12-20,2021-12-21 00:30:00,2,Celtics,Boston,BOS,38,82,46.3,7,27,25.9,20,25,80.0,11,31,16,9,5,18,23,7,0,2
401360283,2022,2021-12-20,2021-12-21 01:00:00,10,Rockets,Houston,HOU,44,78,56.4,12,33,36.4,18,24,75.0,7,28,27,4,4,14,17,0,0,3
401360283,2022,2021-12-20,2021-12-21 01:00:00,4,Bulls,Chicago,CHI,47,88,53.4,16,35,45.7,23,24,95.8,9,25,33,7,5,8,23,25,0,0
401360284,2022,2021-12-20,2021-12-21 01:00:00,25,Thunder,Oklahoma City,OKC,36,84,42.9,11,38,28.9,19,28,67.9,9,38,24,7,7,14,17,10,0,0
401360284,2022,2021-12-20,2021-12-21 01:00:00,29,Grizzlies,Memphis,MEM,39,101,38.6,11,32,34.4,10,13,76.9,17,34,24,9,2,12,21,16,0,0
401360285,2022,2021-12-20,2021-12-21 02:00:00,30,Hornets,Charlotte,CHA,39,101,38.6,15,43,34.9,9,9,100.0,11,40,27,7,4,13,25,2,0,0
401360285,2022,2021-12-20,2021-12-21 02:00:00,26,Jazz,Utah,UTAH,34,96,35.4,16,53,30.2,28,37,75.7,22,46,21,4,6,17,14,22,0,0
401360286,2022,2021-12-20,2021-12-21 03:00:00,23,Kings,Sacramento,SAC,37,83,44.6,13,32,40.6,11,16,68.8,6,31,23,10,3,19,9,2,2,0
401360286,2022,2021-12-20,2021-12-21 03:00:00,9,Warriors,Golden State,GS,46,88,52.3,15,37,40.5,6,9,66.7,10,32,28,12,9,16,18,17,0,0
401360287,2022,2021-12-20,2021-12-21 03:30:00,24,Spurs,San Antonio,SA,50,114,43.9,12,37,32.4,4,6,66.7,23,43,37,11,4,11,19,30,1,0
401360287,2022,2021-12-20,2021-12-21 03:30:00,12,Clippers,LA,LAC,34,87,39.1,9,32,28.1,15,20,75.0,9,34,18,6,5,14,15,2,1,0
401360273,2022,2021-12-19,2021-12-19 23:00:00,14,Heat,Miami,MIA,28,74,37.8,13,43,30.2,21,33,63.6,8,31,23,4,3,13,27,9,0,1
401360273,2022,2021-12-19,2021-12-19 23:00:00,8,Pistons,Detroit,DET,35,75,46.7,8,32,25.0,22,30,73.3,6,41,24,4,2,13,28,12,2,2
401360274,2022,2021-12-19,2021-12-19 23:00:00,22,Trail Blazers,Portland,POR,35,74,47.3,11,32,34.4,24,28,85.7,9,42,17,4,9,20,18,5,5,0
401360274,2022,2021-12-19,2021-12-19 23:00:00,29,Grizzlies,Memphis,MEM,35,91,38.5,9,34,26.5,21,25,84.0,10,23,22,13,5,8,22,11,0,3
401360275,2022,2021-12-19,2021-12-19 23:00:00,24,Spurs,San Antonio,SA,45,91,49.5,12,25,48.0,12,13,92.3,13,31,24,7,8,14,12,2,0,0
401360275,2022,2021-12-19,2021-12-19 23:00:00,23,Kings,Sacramento,SAC,46,91,50.5,14,25,56.0,15,18,83.3,11,29,23,11,3,11,19,15,1,0
401360272,2022,2021-12-19,2021-12-20 01:00:00,13,Lakers,Los Angeles,LAL,42,82,51.2,12,34,35.3,14,22,63.6,9,37,25,6,8,19,25,5,1,0
401360272,2022,2021-12-19,2021-12-20 01:00:00,4,Bulls,Chicago,CHI,40,93,43.0,10,30,33.3,25,31,80.6,16,27,20,10,3,10,17,10,0,0
401360279,2022,2021-12-19,2021-12-20 01:00:00,6,Mavericks,Dallas,DAL,36,82,43.9,12,41,29.3,21,22,95.5,7,34,27,5,2,10,25,4,2,1
401360279,2022,2021-12-19,2021-12-20 01:00:00,16,Timberwolves,Minnesota,MIN,36,77,46.8,15,34,44.1,24,31,77.4,6,31,26,6,3,9,22,10,0,3
401360280,2022,2021-12-19,2021-12-20 01:00:00,30,Hornets,Charlotte,CHA,36,100,36.0,10,45,22.2,24,28,85.7,13,30,26,12,6,9,12,0,0,0
401360280,2022,2021-12-19,2021-12-20 01:00:00,21,Suns,Phoenix,PHX,54,95,56.8,20,41,48.8,9,13,69.2,10,47,35,5,8,17,21,36,1,0
401360265,2022,2021-12-18,2021-12-18 17:00:00,10,Rockets,Houston,HOU,46,93,49.5,14,38,36.8,10,17,58.8,13,34,27,15,5,19,18,20,0,0
401360265,2022,2021-12-18,2021-12-18 17:00:00,8,Pistons,Detroit,DET,43,93,46.2,10,36,27.8,11,16,68.8,15,27,29,8,6,20,24,2,1,0
401360269,2022,2021-12-18,2021-12-19 00:00:00,18,Knicks,New York,NY,35,80,43.8,13,36,36.1,24,30,80.0,8,34,18,8,6,14,21,5,0,0
401360269,2022,2021-12-18,2021-12-19 00:00:00,2,Celtics,Boston,BOS,42,89,47.2,17,45,37.8,13,17,76.5,12,33,23,6,3,12,20,16,1,2
401360266,2022,2021-12-18,2021-12-19 00:30:00,19,Magic,Orlando,ORL,39,94,41.5,10,31,32.3,12,13,92.3,12,38,20,6,4,16,14,17,0,1
401360266,2022,2021-12-18,2021-12-19 00:30:00,17,Nets,Brooklyn,BKN,39,102,38.2,9,46,19.6,6,8,75.0,16,35,24,8,8,15,14,2,1,0
401360267,2022,2021-12-18,2021-12-19 00:30:00,9,Warriors,Golden State,GS,37,79,46.8,11,36,30.6,15,21,71.4,11,36,26,5,5,20,21,0,0,1
401360267,2022,2021-12-18,2021-12-19 00:30:00,28,Raptors,Toronto,TOR,45,90,50.0,14,38,36.8,15,23,65.2,12,29,26,13,3,10,21,30,1,0
401360268,2022,2021-12-18,2021-12-19 01:00:00,12,Clippers,LA,LAC,37,83,44.6,16,39,41.0,13,19,68.4,7,32,26,11,3,12,16,4,1,0
401360268,2022,2021-12-18,2021-12-19 01:00:00,25,Thunder,Oklahoma City,OKC,43,92,46.7,12,31,38.7,6,10,60.0,17,38,23,4,4,15,18,9,1,1
401360270,2022,2021-12-18,2021-12-19 02:00:00,5,Cavaliers,Cleveland,CLE,45,90,50.0,16,45,35.6,13,14,92.9,9,37,36,11,3,13,13,30,2,1
401360270,2022,2021-12-18,2021-12-19 02:00:00,15,Bucks,Milwaukee,MIL,35,89,39.3,12,38,31.6,8,11,72.7,13,31,18,8,4,17,15,4,0,0
401360271,2022,2021-12-18,2021-12-19 02:00:00,27,Wizards,Washington,WSH,42,94,44.7,9,31,29.0,16,20,80.0,11,36,27,7,4,9,23,6,0,0
401360271,2022,2021-12-18,2021-12-19 02:00:00,26,Jazz,Utah,UTAH,35,81,43.2,14,44,31.8,19,30,63.3,8,38,17,5,6,15,23,11,1,0
401360257,2022,2021-12-17,2021-12-18 00:00:00,14,Heat,Miami,MIA,41,82,50.0,19,35,54.3,14,19,73.7,14,32,25,5,5,15,14,18,2,1
401360257,2022,2021-12-17,2021-12-18 00:00:00,19,Magic,Orlando,ORL,43,89,48.3,11,32,34.4,8,10,80.0,9,27,23,10,5,11,19,10,0,0
401360258,2022,2021-12-17,2021-12-18 00:30:00,7,Nuggets,Denver,DEN,50,86,58.1,17,38,44.7,16,18,88.9,4,34,35,9,7,14,22,25,3,0
401360258,2022,2021-12-17,2021-12-18 00:30:00,1,Hawks,Atlanta,ATL,41,88,46.6,7,24,29.2,26,34,76.5,10,27,22,6,3,15,17,3,0,0
401360259,2022,2021-12-17,2021-12-18 00:30:00,9,Warriors,Golden State,GS,39,90,43.3,16,46,34.8,17,21,81.0,12,33,27,9,8,12,25,20,2,0
401360259,2022,2021-12-17,2021-12-18 00:30:00,2,Celtics,Boston,BOS,36,82,43.9,15,41,36.6,20,29,69.0,11,34,20,5,2,16,19,2,0,1
401360262,2022,2021-12-17,2021-12-18 01:00:00,15,Bucks,Milwaukee,MIL,45,104,43.3,14,47,29.8,8,10,80.0,12,32,16,12,5,13,19,9,0,0
401360262,2022,2021-12-17,2021-12-18 01:00:00,3,Pelicans,New Orleans,NO,42,89,47.2,13,37,35.1,19,30,63.3,13,44,34,10,3,20,13,12,0,1
401360261,2022,2021-12-17,2021-12-18 02:00:00,24,Spurs,San Antonio,SA,50,100,50.0,15,41,36.6,13,18,72.2,11,32,27,8,4,7,18,6,0,0
401360261,2022,2021-12-17,2021-12-18 02:00:00,26,Jazz,Utah,UTAH,46,93,49.5,13,37,35.1,21,26,80.8,13,37,26,5,6,12,18,17,1,0
401360260,2022,2021-12-17,2021-12-18 03:00:00,13,Lakers,Los Angeles,LAL,30,78,38.5,12,43,27.9,20,29,69.0,1,35,26,6,7,18,22,2,0,1
401360260,2022,2021-12-17,2021-12-18 03:00:00,16,Timberwolves,Minnesota,MIN,41,98,41.8,12,44,27.3,16,24,66.7,15,46,23,13,6,15,25,26,0,1
401360263,2022,2021-12-17,2021-12-18 03:00:00,30,Hornets,Charlotte,CHA,44,92,47.8,13,37,35.1,15,18,83.3,10,28,29,8,4,13,19,1,0,0
401360263,2022,2021-12-17,2021-12-18 03:00:00,22,Trail Blazers,Portland,POR,44,85,51.8,21,47,44.7,16,18,88.9,7,34,27,7,6,15,20,29,2,0
401360264,2022,2021-12-17,2021-12-18 03:00:00,29,Grizzlies,Memphis,MEM,45,97,46.4,13,24,54.2,21,27,77.8,12,38,25,11,3,11,21,26,2,0
401360264,2022,2021-12-17,2021-12-18 03:00:00,23,Kings,Sacramento,SAC,36,88,40.9,13,35,37.1,20,26,76.9,10,35,21,5,6,18,20,15,0,0
401360252,2022,2021-12-16,2021-12-17 00:00:00,8,Pistons,Detroit,DET,40,81,49.4,7,25,28.0,26,30,86.7,6,31,20,6,4,12,23,10,0,0
401360252,2022,2021-12-16,2021-12-17 00:00:00,11,Pacers,Indiana,IND,45,91,49.5,7,32,21.9,25,28,89.3,8,33,26,6,7,8,21,15,1,0
401360253,2022,2021-12-16,2021-12-17 00:30:00,20,76ers,Philadelphia,PHI,39,89,43.8,10,34,29.4,17,20,85.0,5,33,19,10,4,9,22,2,0,0
401360253,2022,2021-12-16,2021-12-17 00:30:00,17,Nets,Brooklyn,BKN,44,89,49.4,11,23,47.8,15,16,93.8,10,38,21,4,3,14,15,20,1,1
401360255,2022,2021-12-16,2021-12-17 01:00:00,18,Knicks,New York,NY,39,83,47.0,17,36,47.2,21,25,84.0,15,25,25,8,6,11,26,18,1,0
401360255,2022,2021-12-16,2021-12-17 01:00:00,10,Rockets,Houston,HOU,34,68,50.0,11,32,34.4,24,30,80.0,5,24,29,4,4,17,25,2,2,0
401360256,2022,2021-12-16,2021-12-17 02:00:00,27,Wizards,Washington,WSH,40,82,48.8,6,21,28.6,12,19,63.2,6,26,22,11,3,16,21,5,0,0
401360256,2022,2021-12-16,2021-12-17 02:00:00,21,Suns,Phoenix,PHX,42,79,53.2,9,29,31.0,25,26,96.2,9,38,25,9,2,19,23,26,1,1
401360241,2022,2021-12-15,2021-12-16 00:00:00,10,Rockets,Houston,HOU,30,78,38.5,5,29,17.2,24,35,68.6,10,31,20,13,1,16,21,0,1,4
401360241,2022,2021-12-15,2021-12-16 00:00:00,5,Cavaliers,Cleveland,CLE,45,80,56.3,18,40,45.0,16,24,66.7,9,35,26,6,5,15,25,45,2,0
401360242,2022,2021-12-15,2021-12-16 00:00:00,1,Hawks,Atlanta,ATL,42,85,49.4,11,31,35.5,16,16,100.0,6,34,25,11,5,13,16,23,0,1
401360242,2022,2021-12-15,2021-12-16 00:00:00,19,Magic,Orlando,ORL,35,90,38.9,10,35,28.6,19,21,90.5,12,34,25,4,2,16,17,1,1,0
401360243,2022,2021-12-15,2021-12-16 00:00:00,14,Heat,Miami,MIA,35,78,44.9,18,44,40.9,13,17,76.5,9,35,25,5,3,16,18,23,2,1
401360243,2022,2021-12-15,2021-12-16 00:00:00,20,76ers,Philadelphia,PHI,35,79,44.3,12,37,32.4,14,17,82.4,4,31,26,9,5,11,19,3,0,1
401360244,2022,2021-12-15,2021-12-16 00:30:00,13,Lakers,Los Angeles,LAL,39,90,43.3,15,39,38.5,14,18,77.8,4,42,24,8,2,14,20,12,0,0
401360244,2022,2021-12-15,2021-12-16 00:30:00,6,Mavericks,Dallas,DAL,39,98,39.8,12,44,27.3,14,17,82.4,8,43,22,4,3,11,21,7,0,1
401360245,2022,2021-12-15,2021-12-16 01:00:00,11,Pacers,Indiana,IND,39,83,47.0,11,38,28.9,10,11,90.9,11,34,24,6,6,18,16,5,1,1
401360245,2022,2021-12-15,2021-12-16 01:00:00,15,Bucks,Milwaukee,MIL,44,90,48.9,14,29,48.3,12,15,80.0,10,28,25,10,3,8,11,20,1,0
401360246,2022,2021-12-15,2021-12-16 01:00:00,3,Pelicans,New Orleans,NO,39,80,48.8,11,28,39.3,24,36,66.7,10,39,23,6,3,11,19,6,1,1
401360246,2022,2021-12-15,2021-12-16 01:00:00,25,Thunder,Oklahoma City,OKC,39,93,41.9,13,35,37.1,19,19,100.0,8,34,22,8,4,8,25,12,0,1
401360247,2022,2021-12-15,2021-12-16 01:30:00,30,Hornets,Charlotte,CHA,51,86,59.3,18,34,52.9,11,16,68.8,9,39,34,3,4,11,16,30,2,0
401360247,2022,2021-12-15,2021-12-16 01:30:00,24,Spurs,San Antonio,SA,39,90,43.3,12,37,32.4,25,25,100.0,11,27,27,5,3,8,14,0,0,0
401360248,2022,2021-12-15,2021-12-16 02:00:00,16,Timberwolves,Minnesota,MIN,45,88,51.1,23,48,47.9,11,16,68.8,6,33,24,10,5,11,23,23,1,1
401360248,2022,2021-12-15,2021-12-16 02:00:00,7,Nuggets,Denver,DEN,38,84,45.2,14,39,35.9,17,23,73.9,9,33,33,5,3,17,15,0,1,0
401360249,2022,2021-12-15,2021-12-16 03:00:00,12,Clippers,LA,LAC,40,85,47.1,10,30,33.3,13,20,65.0,8,34,24,6,5,16,22,7,0,0
401360249,2022,2021-12-15,2021-12-16 03:00:00,26,Jazz,Utah,UTAH,47,89,52.8,15,37,40.5,15,20,75.0,8,36,26,11,4,9,18,22,1,1
401360250,2022,2021-12-15,2021-12-16 03:00:00,29,Grizzlies,Memphis,MEM,39,82,47.6,11,32,34.4,24,30,80.0,11,42,22,10,5,15,21,16,1,0
401360250,2022,2021-12-15,2021-12-16 03:00:00,22,Trail Blazers,Portland,POR,31,82,37.8,15,38,39.5,26,28,92.9,5,33,18,9,6,13,21,10,2,0
401360251,2022,2021-12-15,2021-12-16 03:00:00,27,Wizards,Washington,WSH,42,89,47.2,5,24,20.8,16,21,76.2,7,32,20,8,3,10,22,12,1,0
401360251,2022,2021-12-15,2021-12-16 03:00:00,23,Kings,Sacramento,SAC,45,82,54.9,8,26,30.8,21,29,72.4,6,33,25,7,6,11,21,14,0,0
401360237,2022,2021-12-14,2021-12-15 00:30:00,28,Raptors,Toronto,TOR,48,105,45.7,18,52,34.6,15,19,78.9,13,28,26,6,6,12,21,11,0,2
401360237,2022,2021-12-14,2021-12-15 00:30:00,17,Nets,Brooklyn,BKN,50,103,48.5,14,39,35.9,17,23,73.9,19,41,28,7,5,16,20,13,2,1
401360238,2022,2021-12-14,2021-12-15 00:30:00,9,Warriors,Golden State,GS,35,77,45.5,15,40,37.5,20,27,74.1,7,42,28,3,6,12,22,12,0,1
401360238,2022,2021-12-14,2021-12-15 00:30:00,18,Knicks,New York,NY,30,83,36.1,16,42,38.1,20,22,90.9,4,31,18,6,6,8,21,8,1,1
401360240,2022,2021-12-14,2021-12-15 03:00:00,21,Suns,Phoenix,PHX,44,93,47.3,11,31,35.5,12,15,80.0,8,41,30,7,0,14,24,14,0,1
401360240,2022,2021-12-14,2021-12-15 03:00:00,22,Trail Blazers,Portland,POR,40,96,41.7,13,41,31.7,14,22,63.6,12,36,23,7,3,13,18,6,1,0
401360228,2022,2021-12-13,2021-12-14 00:00:00,14,Heat,Miami,MIA,38,85,44.7,13,40,32.5,5,9,55.6,11,28,26,4,4,14,15,6,2,0
401360228,2022,2021-12-13,2021-12-14 00:00:00,5,Cavaliers,Cleveland,CLE,36,81,44.4,16,36,44.4,17,18,94.4,8,34,24,6,1,12,16,16,2,0
401360229,2022,2021-12-13,2021-12-14 00:00:00,9,Warriors,Golden State,GS,42,84,50.0,8,30,26.7,10,14,71.4,9,38,21,6,6,17,25,3,1,3
401360229,2022,2021-12-13,2021-12-14 00:00:00,11,Pacers,Indiana,IND,35,87,40.2,7,30,23.3,23,31,74.2,13,29,16,11,5,10,18,9,0,1
401360230,2022,2021-12-13,2021-12-14 00:00:00,23,Kings,Sacramento,SAC,38,94,40.4,11,34,32.4,14,21,66.7,19,34,21,5,4,17,16,0,0,0
401360230,2022,2021-12-13,2021-12-14 00:00:00,28,Raptors,Toronto,TOR,53,98,54.1,11,31,35.5,7,10,70.0,8,38,28,10,8,8,19,31,2,0
401360231,2022,2021-12-13,2021-12-14 00:30:00,10,Rockets,Houston,HOU,46,96,47.9,19,46,41.3,21,27,77.8,12,33,27,8,5,11,24,6,0,1
401360231,2022,2021-12-13,2021-12-14 00:30:00,1,Hawks,Atlanta,ATL,42,85,49.4,15,39,38.5,27,31,87.1,8,32,20,9,6,12,26,19,0,0
401360232,2022,2021-12-13,2021-12-14 00:30:00,15,Bucks,Milwaukee,MIL,40,90,44.4,11,36,30.6,12,15,80.0,11,34,22,8,3,13,14,12,1,2
401360232,2022,2021-12-13,2021-12-14 00:30:00,2,Celtics,Boston,BOS,43,86,50.0,20,47,42.6,11,13,84.6,7,33,31,6,5,11,15,18,2,2
401360233,2022,2021-12-13,2021-12-14 01:00:00,20,76ers,Philadelphia,PHI,37,83,44.6,4,22,18.2,13,19,68.4,5,33,22,5,10,15,19,2,0,0
401360233,2022,2021-12-13,2021-12-14 01:00:00,29,Grizzlies,Memphis,MEM,47,89,52.8,14,34,41.2,18,23,78.3,11,39,29,12,6,9,20,36,2,0
401360234,2022,2021-12-13,2021-12-14 01:30:00,30,Hornets,Charlotte,CHA,34,86,39.5,13,37,35.1,15,24,62.5,18,20,22,8,2,8,18,0,2,2
401360234,2022,2021-12-13,2021-12-14 01:30:00,6,Mavericks,Dallas,DAL,43,83,51.8,19,41,46.3,15,17,88.2,14,36,28,4,8,9,19,30,4,0
401360235,2022,2021-12-13,2021-12-14 02:00:00,27,Wizards,Washington,WSH,41,90,45.6,12,34,35.3,13,21,61.9,6,35,25,7,5,10,26,0,0,2
401360235,2022,2021-12-13,2021-12-14 02:00:00,7,Nuggets,Denver,DEN,37,79,46.8,10,32,31.3,29,33,87.9,4,45,26,8,2,13,19,33,0,4
401360236,2022,2021-12-13,2021-12-14 03:30:00,21,Suns,Phoenix,PHX,36,96,37.5,7,29,24.1,16,19,84.2,13,28,22,10,3,10,23,2,1,1
401360236,2022,2021-12-13,2021-12-14 03:30:00,12,Clippers,LA,LAC,43,78,55.1,9,21,42.9,16,23,69.6,8,37,24,5,7,16,20,21,1,0
401360222,2022,2021-12-12,2021-12-12 17:00:00,15,Bucks,Milwaukee,MIL,42,88,47.7,14,41,34.1,14,17,82.4,12,34,27,11,1,15,12,21,0,1
401360222,2022,2021-12-12,2021-12-12 17:00:00,18,Knicks,New York,NY,35,82,42.7,17,49,34.7,10,13,76.9,8,29,27,12,2,16,16,0,1,0
401360223,2022,2021-12-12,2021-12-12 23:00:00,17,Nets,Brooklyn,BKN,41,87,47.1,11,28,39.3,23,25,92.0,8,35,28,8,6,17,20,16,1,0
401360223,2022,2021-12-12,2021-12-12 23:00:00,8,Pistons,Detroit,DET,39,92,42.4,14,37,37.8,12,18,66.7,8,32,24,11,5,19,22,7,2,0
401360224,2022,2021-12-12,2021-12-13 00:00:00,6,Mavericks,Dallas,DAL,38,90,42.2,9,33,27.3,18,23,78.3,10,44,25,5,5,6,18,20,3,0
401360224,2022,2021-12-12,2021-12-13 00:00:00,25,Thunder,Oklahoma City,OKC,30,80,37.5,13,37,35.1,11,16,68.8,3,36,19,3,7,11,25,2,0,0
401360225,2022,2021-12-12,2021-12-13 00:00:00,3,Pelicans,New Orleans,NO,40,94,42.6,8,29,27.6,9,15,60.0,11,31,24,8,4,14,17,2,0,2
401360225,2022,2021-12-12,2021-12-13 00:00:00,24,Spurs,San Antonio,SA,45,91,49.5,7,25,28.0,15,20,75.0,15,40,31,11,5,13,19,19,1,0
401360226,2022,2021-12-12,2021-12-13 02:00:00,16,Timberwolves,Minnesota,MIN,38,85,44.7,14,36,38.9,26,32,81.3,10,32,23,9,2,17,22,12,0,0
401360226,2022,2021-12-12,2021-12-13 02:00:00,22,Trail Blazers,Portland,POR,37,81,45.7,18,48,37.5,19,28,67.9,12,33,25,9,8,19,25,7,0,0
401360227,2022,2021-12-12,2021-12-13 02:30:00,19,Magic,Orlando,ORL,33,88,37.5,13,38,34.2,15,19,78.9,14,33,17,6,4,18,13,9,1,1
401360227,2022,2021-12-12,2021-12-13 02:30:00,13,Lakers,Los Angeles,LAL,41,84,48.8,13,28,46.4,11,17,64.7,6,38,24,12,11,13,17,25,1,0
401360215,2022,2021-12-11,2021-12-11 20:30:00,19,Magic,Orlando,ORL,35,80,43.8,12,33,36.4,22,24,91.7,10,35,21,4,5,11,11,9,0,0
401360215,2022,2021-12-11,2021-12-11 20:30:00,12,Clippers,LA,LAC,42,92,45.7,18,36,50.0,4,6,66.7,12,33,27,7,1,7,17,8,1,1
401360216,2022,2021-12-11,2021-12-12 00:00:00,26,Jazz,Utah,UTAH,48,93,51.6,13,39,33.3,14,17,82.4,12,37,28,5,5,8,14,25,1,0
401360216,2022,2021-12-11,2021-12-12 00:00:00,27,Wizards,Washington,WSH,41,89,46.1,8,25,32.0,8,14,57.1,9,30,17,3,3,12,15,3,1,0
401360217,2022,2021-12-11,2021-12-12 01:00:00,23,Kings,Sacramento,SAC,41,93,44.1,7,28,25.0,14,22,63.6,11,37,19,8,6,17,21,0,0,3
401360217,2022,2021-12-11,2021-12-12 01:00:00,5,Cavaliers,Cleveland,CLE,41,88,46.6,12,31,38.7,23,28,82.1,7,40,27,13,6,14,24,29,0,1
401360218,2022,2021-12-11,2021-12-12 01:00:00,4,Bulls,Chicago,CHI,31,83,37.3,17,40,42.5,13,20,65.0,7,27,22,5,3,14,15,0,2,1
401360218,2022,2021-12-11,2021-12-12 01:00:00,14,Heat,Miami,MIA,46,93,49.5,19,43,44.2,7,9,77.8,12,38,37,8,6,8,21,26,2,0
401360219,2022,2021-12-11,2021-12-12 01:00:00,10,Rockets,Houston,HOU,38,77,49.4,11,33,33.3,19,29,65.5,12,28,25,5,6,16,25,1,0,1
401360219,2022,2021-12-11,2021-12-12 01:00:00,29,Grizzlies,Memphis,MEM,40,80,50.0,11,29,37.9,22,36,61.1,9,29,22,10,3,11,24,21,0,0
401360220,2022,2021-12-11,2021-12-12 01:30:00,9,Warriors,Golden State,GS,34,85,40.0,12,48,25.0,13,18,72.2,10,32,21,5,5,13,22,13,0,0
401360220,2022,2021-12-11,2021-12-12 01:30:00,20,76ers,Philadelphia,PHI,35,76,46.1,9,27,33.3,23,26,88.5,5,39,19,7,5,11,16,13,2,2
401360221,2022,2021-12-11,2021-12-12 01:30:00,7,Nuggets,Denver,DEN,47,93,50.5,20,43,46.5,13,14,92.9,10,31,33,9,8,11,25,32,1,6
401360221,2022,2021-12-11,2021-12-12 01:30:00,24,Spurs,San Antonio,SA,41,89,46.1,10,27,37.0,20,29,69.0,14,31,28,4,4,17,18,3,0,1
401360206,2022,2021-12-10,2021-12-11 00:00:00,23,Kings,Sacramento,SAC,48,101,47.5,14,41,34.1,13,17,76.5,20,28,22,11,4,14,20,12,0,1
401360206,2022,2021-12-10,2021-12-11 00:00:00,30,Hornets,Charlotte,CHA,48,87,55.2,14,35,40.0,14,20,70.0,11,28,29,9,8,15,20,9,1,0
401360207,2022,2021-12-10,2021-12-11 00:00:00,6,Mavericks,Dallas,DAL,39,84,46.4,4,29,13.8,11,12,91.7,12,25,18,7,2,12,18,8,2,0
401360207,2022,2021-12-10,2021-12-11 00:00:00,11,Pacers,Indiana,IND,41,87,47.1,13,36,36.1,11,12,91.7,13,31,28,7,3,11,19,13,2,0
401360208,2022,2021-12-10,2021-12-11 00:30:00,17,Nets,Brooklyn,BKN,46,93,49.5,6,23,26.1,15,16,93.8,9,32,26,9,7,13,22,8,1,2
401360208,2022,2021-12-10,2021-12-11 00:30:00,1,Hawks,Atlanta,ATL,37,94,39.4,11,34,32.4,20,24,83.3,16,33,21,10,3,14,19,11,1,1
401360209,2022,2021-12-10,2021-12-11 00:30:00,18,Knicks,New York,NY,29,81,35.8,9,34,26.5,20,24,83.3,14,41,18,4,2,13,17,2,2,0
401360209,2022,2021-12-10,2021-12-11 00:30:00,28,Raptors,Toronto,TOR,30,87,34.5,12,35,34.3,18,23,78.3,12,36,21,9,7,8,19,20,0,0
401360210,2022,2021-12-10,2021-12-11 01:00:00,15,Bucks,Milwaukee,MIL,42,83,50.6,15,39,38.5,24,32,75.0,13,35,19,11,8,15,21,9,0,1
401360210,2022,2021-12-10,2021-12-11 01:00:00,10,Rockets,Houston,HOU,42,89,47.2,19,46,41.3,11,20,55.0,12,28,30,9,4,16,28,10,0,1
401360211,2022,2021-12-10,2021-12-11 01:00:00,5,Cavaliers,Cleveland,CLE,46,85,54.1,13,33,39.4,18,22,81.8,6,41,34,8,7,15,23,33,2,0
401360211,2022,2021-12-10,2021-12-11 01:00:00,16,Timberwolves,Minnesota,MIN,36,92,39.1,11,39,28.2,23,28,82.1,10,30,24,9,5,14,19,0,0,0
401360212,2022,2021-12-10,2021-12-11 01:00:00,8,Pistons,Detroit,DET,35,90,38.9,12,37,32.4,11,12,91.7,7,31,22,7,6,12,15,15,1,0
401360212,2022,2021-12-10,2021-12-11 01:00:00,3,Pelicans,New Orleans,NO,41,95,43.2,13,37,35.1,14,16,87.5,15,45,29,6,4,14,16,27,2,0
401360213,2022,2021-12-10,2021-12-11 01:00:00,13,Lakers,Los Angeles,LAL,41,87,47.1,19,42,45.2,15,20,75.0,12,35,23,12,3,16,14,29,0,0
401360213,2022,2021-12-10,2021-12-11 01:00:00,25,Thunder,Oklahoma City,OKC,38,96,39.6,10,44,22.7,9,14,64.3,19,32,21,9,3,15,17,2,0,0
401360214,2022,2021-12-10,2021-12-11 03:00:00,2,Celtics,Boston,BOS,35,93,37.6,4,26,15.4,16,24,66.7,15,31,13,7,6,13,17,5,0,0
401360214,2022,2021-12-10,2021-12-11 03:00:00,21,Suns,Phoenix,PHX,43,96,44.8,14,38,36.8,11,11,100.0,14,39,25,4,9,12,21,27,0,3
401360203,2022,2021-12-09,2021-12-10 00:00:00,26,Jazz,Utah,UTAH,43,91,47.3,15,40,37.5,17,24,70.8,16,36,22,7,5,11,14,23,1,1
401360203,2022,2021-12-09,2021-12-10 00:00:00,20,76ers,Philadelphia,PHI,38,88,43.2,6,33,18.2,14,15,93.3,6,28,17,9,4,9,20,5,3,2
401360204,2022,2021-12-09,2021-12-10 01:00:00,13,Lakers,Los Angeles,LAL,36,78,46.2,12,30,40.0,11,17,64.7,7,38,26,8,6,22,15,9,0,0
401360204,2022,2021-12-09,2021-12-10 01:00:00,29,Grizzlies,Memphis,MEM,41,94,43.6,14,42,33.3,12,18,66.7,14,33,28,18,5,11,14,16,2,0
401360205,2022,2021-12-09,2021-12-10 01:30:00,7,Nuggets,Denver,DEN,42,94,44.7,15,39,38.5,12,13,92.3,5,28,29,7,5,8,21,0,1,0
401360205,2022,2021-12-09,2021-12-10 01:30:00,24,Spurs,San Antonio,SA,46,88,52.3,15,35,42.9,16,22,72.7,14,40,32,5,7,13,21,18,1,0
401360190,2022,2021-12-08,2021-12-09 00:00:00,20,76ers,Philadelphia,PHI,36,75,48.0,13,34,38.2,25,30,83.3,8,28,23,6,4,15,21,9,2,2
401360190,2022,2021-12-08,2021-12-09 00:00:00,30,Hornets,Charlotte,CHA,39,80,48.8,10,29,34.5,18,21,85.7,8,27,22,7,4,18,24,6,1,3
401360191,2022,2021-12-08,2021-12-09 00:00:00,4,Bulls,Chicago,CHI,35,84,41.7,7,26,26.9,15,21,71.4,11,26,21,6,3,17,17,2,1,1
401360191,2022,2021-12-08,2021-12-09 00:00:00,5,Cavaliers,Cleveland,CLE,44,80,55.0,13,28,46.4,14,16,87.5,5,37,28,10,8,14,22,26,2,0
401360192,2022,2021-12-08,2021-12-09 00:00:00,27,Wizards,Washington,WSH,42,88,47.7,12,32,37.5,23,28,82.1,13,32,27,6,8,17,21,13,0,1
401360192,2022,2021-12-08,2021-12-09 00:00:00,8,Pistons,Detroit,DET,37,79,46.8,13,24,54.2,29,35,82.9,7,30,22,9,4,15,26,14,1,2
401360193,2022,2021-12-08,2021-12-09 00:00:00,18,Knicks,New York,NY,36,86,41.9,9,30,30.0,21,23,91.3,11,25,17,6,8,13,20,4,0,2
401360193,2022,2021-12-08,2021-12-09 00:00:00,11,Pacers,Indiana,IND,46,86,53.5,10,27,37.0,20,25,80.0,9,33,27,8,4,9,19,27,2,0
401360194,2022,2021-12-08,2021-12-09 00:30:00,15,Bucks,Milwaukee,MIL,36,85,42.4,12,39,30.8,20,27,74.1,12,29,18,11,4,18,20,11,1,0
401360194,2022,2021-12-08,2021-12-09 00:30:00,14,Heat,Miami,MIA,40,77,51.9,22,47,46.8,11,12,91.7,6,36,32,6,6,20,23,9,2,0
401360195,2022,2021-12-08,2021-12-09 00:30:00,25,Thunder,Oklahoma City,OKC,38,84,45.2,17,40,42.5,17,20,85.0,7,33,28,12,3,13,18,14,1,2
401360195,2022,2021-12-08,2021-12-09 00:30:00,28,Raptors,Toronto,TOR,42,93,45.2,15,41,36.6,10,15,66.7,13,33,27,6,5,13,19,13,0,0
401360196,2022,2021-12-08,2021-12-09 01:00:00,17,Nets,Brooklyn,BKN,35,89,39.3,8,33,24.2,26,31,83.9,14,30,18,7,3,13,23,4,0,0
401360196,2022,2021-12-08,2021-12-09 01:00:00,10,Rockets,Houston,HOU,40,81,49.4,14,41,34.1,20,29,69.0,9,29,23,9,9,13,23,20,1,3
401360197,2022,2021-12-08,2021-12-09 01:00:00,6,Mavericks,Dallas,DAL,37,77,48.1,12,33,36.4,18,23,78.3,10,37,24,5,6,18,21,14,1,3
401360197,2022,2021-12-08,2021-12-09 01:00:00,29,Grizzlies,Memphis,MEM,36,90,40.0,9,31,29.0,15,25,60.0,12,28,23,14,3,13,23,12,0,6
401360198,2022,2021-12-08,2021-12-09 01:00:00,26,Jazz,Utah,UTAH,50,88,56.8,25,54,46.3,11,15,73.3,6,42,26,6,4,13,20,32,2,0
401360198,2022,2021-12-08,2021-12-09 01:00:00,16,Timberwolves,Minnesota,MIN,38,95,40.0,17,47,36.2,11,17,64.7,9,28,19,9,3,15,17,7,1,1
401360199,2022,2021-12-08,2021-12-09 01:00:00,7,Nuggets,Denver,DEN,45,88,51.1,9,32,28.1,21,27,77.8,5,28,28,12,4,11,19,12,1,0
401360199,2022,2021-12-08,2021-12-09 01:00:00,3,Pelicans,New Orleans,NO,47,90,52.2,11,30,36.7,9,12,75.0,10,36,32,8,5,22,22,5,3,0
401360200,2022,2021-12-08,2021-12-09 03:00:00,22,Trail Blazers,Portland,POR,33,80,41.3,8,30,26.7,20,28,71.4,7,35,24,5,3,16,24,0,0,0
401360200,2022,2021-12-08,2021-12-09 03:00:00,9,Warriors,Golden State,GS,33,83,39.8,14,46,30.4,24,31,77.4,10,37,22,9,3,15,19,16,1,1
401360201,2022,2021-12-08,2021-12-09 03:00:00,19,Magic,Orlando,ORL,48,97,49.5,16,34,47.1,18,23,78.3,17,26,29,2,5,12,18,5,1,1
401360201,2022,2021-12-08,2021-12-09 03:00:00,23,Kings,Sacramento,SAC,53,97,54.6,15,34,44.1,21,25,84.0,12,31,24,8,7,8,22,18,0,1
401360202,2022,2021-12-08,2021-12-09 03:30:00,2,Celtics,Boston,BOS,41,86,47.7,10,32,31.3,19,21,90.5,14,33,26,11,3,22,21,7,1,1
401360202,2022,2021-12-08,2021-12-09 03:30:00,12,Clippers,LA,LAC,40,85,47.1,14,32,43.8,20,22,90.9,9,29,20,13,7,20,18,21,0,2
401360187,2022,2021-12-07,2021-12-08 00:30:00,17,Nets,Brooklyn,BKN,42,83,50.6,8,26,30.8,10,13,76.9,8,42,28,3,4,12,22,3,0,0
401360187,2022,2021-12-07,2021-12-08 00:30:00,6,Mavericks,Dallas,DAL,36,90,40.0,9,46,19.6,18,22,81.8,10,29,21,6,2,4,15,17,0,1
401360188,2022,2021-12-07,2021-12-08 01:30:00,18,Knicks,New York,NY,43,91,47.3,18,38,47.4,17,19,89.5,17,35,22,7,5,10,19,16,1,0
401360188,2022,2021-12-07,2021-12-08 01:30:00,24,Spurs,San Antonio,SA,41,92,44.6,12,31,38.7,15,20,75.0,13,30,30,5,4,10,18,5,0,0
401360189,2022,2021-12-07,2021-12-08 03:00:00,2,Celtics,Boston,BOS,36,82,43.9,10,33,30.3,20,29,69.0,7,27,27,8,4,13,16,8,0,0
401360189,2022,2021-12-07,2021-12-08 03:00:00,13,Lakers,Los Angeles,LAL,48,93,51.6,8,27,29.6,13,17,76.5,13,38,25,7,4,14,21,20,2,0
401360177,2022,2021-12-06,2021-12-07 00:00:00,20,76ers,Philadelphia,PHI,46,87,52.9,15,36,41.7,20,27,74.1,8,41,28,6,9,15,19,13,0,0
401360177,2022,2021-12-06,2021-12-07 00:00:00,30,Hornets,Charlotte,CHA,48,107,44.9,16,46,34.8,12,17,70.6,13,29,31,6,6,8,18,12,0,2
401360178,2022,2021-12-06,2021-12-07 00:00:00,25,Thunder,Oklahoma City,OKC,41,82,50.0,9,25,36.0,23,30,76.7,6,34,22,10,11,11,13,11,0,0
401360178,2022,2021-12-06,2021-12-07 00:00:00,8,Pistons,Detroit,DET,41,99,41.4,16,41,39.0,5,6,83.3,16,36,21,8,7,16,26,18,1,0
401360179,2022,2021-12-06,2021-12-07 00:00:00,27,Wizards,Washington,WSH,43,81,53.1,7,15,46.7,17,21,81.0,9,21,25,11,2,12,19,3,0,1
401360179,2022,2021-12-06,2021-12-07 00:00:00,11,Pacers,Indiana,IND,43,82,52.4,9,23,39.1,21,22,95.5,13,27,25,10,10,15,20,17,1,1
401360180,2022,2021-12-06,2021-12-07 00:30:00,29,Grizzlies,Memphis,MEM,38,89,42.7,13,33,39.4,16,21,76.2,16,31,26,11,6,19,18,18,0,0
401360180,2022,2021-12-06,2021-12-07 00:30:00,14,Heat,Miami,MIA,35,76,46.1,6,22,27.3,14,17,82.4,7,29,26,11,6,23,19,0,0,1
401360181,2022,2021-12-06,2021-12-07 01:00:00,7,Nuggets,Denver,DEN,38,96,39.6,11,32,34.4,10,15,66.7,11,39,30,5,2,9,17,11,2,0
401360181,2022,2021-12-06,2021-12-07 01:00:00,4,Bulls,Chicago,CHI,41,91,45.1,13,35,37.1,14,20,70.0,13,42,25,4,7,11,15,18,0,0
401360182,2022,2021-12-06,2021-12-07 01:00:00,5,Cavaliers,Cleveland,CLE,35,90,38.9,15,46,32.6,19,20,95.0,7,32,27,8,4,9,17,2,1,0
401360182,2022,2021-12-06,2021-12-07 01:00:00,15,Bucks,Milwaukee,MIL,40,86,46.5,13,32,40.6,19,24,79.2,8,45,21,7,5,16,20,13,1,1
401360183,2022,2021-12-06,2021-12-07 01:00:00,1,Hawks,Atlanta,ATL,40,90,44.4,25,49,51.0,16,19,84.2,11,38,31,5,8,10,20,21,2,0
401360183,2022,2021-12-06,2021-12-07 01:00:00,16,Timberwolves,Minnesota,MIN,39,98,39.8,17,40,42.5,15,19,78.9,16,34,22,9,5,8,17,2,0,2
401360184,2022,2021-12-06,2021-12-07 02:00:00,24,Spurs,San Antonio,SA,40,93,43.0,11,29,37.9,13,19,68.4,9,32,31,12,6,15,18,11,0,0
401360184,2022,2021-12-06,2021-12-07 02:00:00,21,Suns,Phoenix,PHX,43,94,45.7,10,29,34.5,12,18,66.7,15,34,27,6,4,17,20,16,0,1
401360185,2022,2021-12-06,2021-12-07 03:00:00,19,Magic,Orlando,ORL,33,76,43.4,11,38,28.9,18,22,81.8,5,33,18,10,4,22,20,10,1,2
401360185,2022,2021-12-06,2021-12-07 03:00:00,9,Warriors,Golden State,GS,43,87,49.4,20,40,50.0,20,29,69.0,7,36,28,15,2,15,19,32,0,0
401360186,2022,2021-12-06,2021-12-07 03:00:00,12,Clippers,LA,LAC,41,92,44.6,11,36,30.6,9,14,64.3,7,30,18,8,7,13,21,12,0,0
401360186,2022,2021-12-06,2021-12-07 03:00:00,22,Trail Blazers,Portland,POR,35,79,44.3,5,22,22.7,15,20,75.0,7,38,16,6,6,18,19,4,0,0
401360173,2022,2021-12-05,2021-12-05 20:30:00,26,Jazz,Utah,UTAH,40,90,44.4,20,48,41.7,9,10,90.0,14,32,24,8,5,17,14,15,0,0
401360173,2022,2021-12-05,2021-12-05 20:30:00,5,Cavaliers,Cleveland,CLE,42,91,46.2,14,38,36.8,10,13,76.9,15,30,20,12,5,13,8,4,1,0
401360174,2022,2021-12-05,2021-12-05 23:00:00,30,Hornets,Charlotte,CHA,46,86,53.5,17,37,45.9,21,28,75.0,7,32,21,9,3,6,18,11,0,0
401360174,2022,2021-12-05,2021-12-05 23:00:00,1,Hawks,Atlanta,ATL,48,93,51.6,17,37,45.9,14,18,77.8,10,35,29,4,3,10,19,5,1,0
401360175,2022,2021-12-05,2021-12-05 23:00:00,27,Wizards,Washington,WSH,30,73,41.1,8,25,32.0,22,29,75.9,6,37,20,4,5,10,22,2,0,0
401360175,2022,2021-12-05,2021-12-05 23:00:00,28,Raptors,Toronto,TOR,38,85,44.7,8,23,34.8,18,24,75.0,10,37,22,3,1,8,24,25,0,0
401360176,2022,2021-12-05,2021-12-06 00:00:00,3,Pelicans,New Orleans,NO,40,94,42.6,10,38,26.3,18,25,72.0,23,28,19,9,9,7,26,7,1,1
401360176,2022,2021-12-05,2021-12-06 00:00:00,10,Rockets,Houston,HOU,39,79,49.4,17,40,42.5,23,29,79.3,11,29,24,3,3,14,23,15,0,0
401360166,2022,2021-12-04,2021-12-04 18:00:00,7,Nuggets,Denver,DEN,44,84,52.4,20,43,46.5,5,5,100.0,8,34,30,10,5,13,19,30,0,1
401360166,2022,2021-12-04,2021-12-04 18:00:00,18,Knicks,New York,NY,35,88,39.8,12,40,30.0,17,21,81.0,16,24,23,7,3,11,12,0,0,0
401360167,2022,2021-12-04,2021-12-05 01:00:00,4,Bulls,Chicago,CHI,41,86,47.7,10,31,32.3,19,27,70.4,7,40,22,4,10,9,12,6,0,0
401360167,2022,2021-12-04,2021-12-05 01:00:00,17,Nets,Brooklyn,BKN,46,111,41.4,8,25,32.0,7,9,77.8,15,40,28,8,6,5,19,11,2,2
401360168,2022,2021-12-04,2021-12-05 01:00:00,14,Heat,Miami,MIA,34,84,40.5,17,43,39.5,17,24,70.8,9,30,29,6,5,14,17,0,1,2
401360168,2022,2021-12-04,2021-12-05 01:00:00,15,Bucks,Milwaukee,MIL,44,98,44.9,18,50,36.0,18,20,90.0,19,38,32,3,6,14,22,31,0,3
401360169,2022,2021-12-04,2021-12-05 01:30:00,29,Grizzlies,Memphis,MEM,37,76,48.7,9,26,34.6,14,24,58.3,10,42,20,10,5,22,23,17,1,1
401360169,2022,2021-12-04,2021-12-05 01:30:00,6,Mavericks,Dallas,DAL,31,92,33.7,15,43,34.9,13,19,68.4,14,28,19,10,1,13,21,0,2,0
401360170,2022,2021-12-04,2021-12-05 01:30:00,24,Spurs,San Antonio,SA,42,88,47.7,12,35,34.3,16,19,84.2,11,34,24,10,4,12,17,22,0,0
401360170,2022,2021-12-04,2021-12-05 01:30:00,9,Warriors,Golden State,GS,40,90,44.4,13,39,33.3,14,21,66.7,11,34,26,6,2,12,18,5,1,0
401360171,2022,2021-12-04,2021-12-05 03:00:00,2,Celtics,Boston,BOS,49,87,56.3,21,37,56.8,26,29,89.7,12,34,26,5,7,11,21,31,1,2
401360171,2022,2021-12-04,2021-12-05 03:00:00,22,Trail Blazers,Portland,POR,42,89,47.2,8,29,27.6,25,32,78.1,9,23,22,7,2,9,21,2,0,1
401360172,2022,2021-12-04,2021-12-05 03:00:00,12,Clippers,LA,LAC,34,89,38.2,13,34,38.2,18,27,66.7,9,38,23,7,3,17,24,8,1,2
401360172,2022,2021-12-04,2021-12-05 03:00:00,23,Kings,Sacramento,SAC,36,86,41.9,12,34,35.3,20,25,80.0,11,40,19,8,8,15,25,14,2,0
401360157,2022,2021-12-03,2021-12-04 00:00:00,14,Heat,Miami,MIA,43,81,53.1,16,34,47.1,11,13,84.6,9,29,24,5,6,13,22,20,0,4
401360157,2022,2021-12-03,2021-12-04 00:00:00,11,Pacers,Indiana,IND,35,80,43.8,9,36,25.0,25,33,75.8,12,27,20,7,3,12,19,4,1,0
401360158,2022,2021-12-03,2021-12-04 00:00:00,5,Cavaliers,Cleveland,CLE,42,89,47.2,13,30,43.3,19,25,76.0,15,39,30,2,5,14,19,36,2,1
401360158,2022,2021-12-03,2021-12-04 00:00:00,27,Wizards,Washington,WSH,38,82,46.3,10,31,32.3,15,19,78.9,3,30,21,5,4,8,22,4,2,5
401360159,2022,2021-12-03,2021-12-04 00:30:00,20,76ers,Philadelphia,PHI,38,81,46.9,9,22,40.9,13,17,76.5,6,34,22,8,5,11,24,11,0,0
401360159,2022,2021-12-03,2021-12-04 00:30:00,1,Hawks,Atlanta,ATL,31,76,40.8,10,28,35.7,24,30,80.0,11,36,20,5,3,14,20,11,1,3
401360160,2022,2021-12-03,2021-12-04 00:30:00,16,Timberwolves,Minnesota,MIN,36,93,38.7,13,42,31.0,20,24,83.3,16,28,22,5,4,15,25,11,3,1
401360160,2022,2021-12-03,2021-12-04 00:30:00,17,Nets,Brooklyn,BKN,36,76,47.4,6,23,26.1,32,41,78.0,7,34,26,4,4,17,31,7,0,0
401360161,2022,2021-12-03,2021-12-04 01:00:00,19,Magic,Orlando,ORL,42,86,48.8,13,37,35.1,19,21,90.5,10,35,24,6,4,18,21,9,0,0
401360161,2022,2021-12-03,2021-12-04 01:00:00,10,Rockets,Houston,HOU,44,92,47.8,17,47,36.2,13,15,86.7,7,28,33,7,5,10,16,13,2,2
401360162,2022,2021-12-03,2021-12-04 01:30:00,3,Pelicans,New Orleans,NO,37,90,41.1,12,30,40.0,21,28,75.0,12,42,30,5,5,10,26,18,0,1
401360162,2022,2021-12-03,2021-12-04 01:30:00,6,Mavericks,Dallas,DAL,32,79,40.5,10,34,29.4,17,26,65.4,5,37,17,4,3,15,23,10,0,0
401360163,2022,2021-12-03,2021-12-04 02:00:00,2,Celtics,Boston,BOS,47,91,51.6,14,39,35.9,22,22,100.0,5,25,23,9,3,6,22,4,0,1
401360163,2022,2021-12-03,2021-12-04 02:00:00,26,Jazz,Utah,UTAH,45,81,55.6,27,51,52.9,20,23,87.0,9,35,26,3,3,19,27,14,1,0
401360164,2022,2021-12-03,2021-12-04 03:00:00,21,Suns,Phoenix,PHX,31,81,38.3,8,22,36.4,26,35,74.3,9,29,23,9,3,14,15,2,2,1
401360164,2022,2021-12-03,2021-12-04 03:00:00,9,Warriors,Golden State,GS,45,92,48.9,19,39,48.7,9,12,75.0,11,40,30,10,8,17,29,27,0,0
401360165,2022,2021-12-03,2021-12-04 03:00:00,12,Clippers,LA,LAC,41,81,50.6,16,35,45.7,21,24,87.5,6,28,28,5,3,9,19,12,1,1
401360165,2022,2021-12-03,2021-12-04 03:00:00,13,Lakers,Los Angeles,LAL,45,90,50.0,12,33,36.4,13,21,61.9,13,30,28,8,3,11,19,0,1,0
401360152,2022,2021-12-02,2021-12-03 00:30:00,4,Bulls,Chicago,CHI,44,89,49.4,11,29,37.9,20,21,95.2,13,26,24,10,8,15,22,21,0,0
401360152,2022,2021-12-02,2021-12-03 00:30:00,18,Knicks,New York,NY,42,82,51.2,9,26,34.6,22,27,81.5,10,29,19,10,8,18,20,2,0,2
401360153,2022,2021-12-02,2021-12-03 00:30:00,15,Bucks,Milwaukee,MIL,32,85,37.6,11,31,35.5,18,25,72.0,16,31,16,4,4,13,12,3,2,0
401360153,2022,2021-12-02,2021-12-03 00:30:00,28,Raptors,Toronto,TOR,37,88,42.0,14,40,35.0,9,14,64.3,15,32,23,10,7,13,24,11,1,1
401360154,2022,2021-12-02,2021-12-03 01:00:00,25,Thunder,Oklahoma City,OKC,25,76,32.9,11,38,28.9,18,22,81.8,8,18,14,2,5,19,14,0,1,0
401360154,2022,2021-12-02,2021-12-03 01:00:00,29,Grizzlies,Memphis,MEM,60,96,62.5,19,36,52.8,13,18,72.2,14,39,41,16,9,10,15,78,0,0
401360155,2022,2021-12-02,2021-12-03 02:00:00,8,Pistons,Detroit,DET,36,80,45.0,11,27,40.7,20,26,76.9,7,29,20,6,6,12,22,3,1,0
401360155,2022,2021-12-02,2021-12-03 02:00:00,21,Suns,Phoenix,PHX,43,79,54.4,12,21,57.1,16,23,69.6,6,38,23,8,3,14,20,18,1,3
401360156,2022,2021-12-02,2021-12-03 03:00:00,24,Spurs,San Antonio,SA,44,91,48.4,14,36,38.9,12,16,75.0,6,42,32,10,5,12,15,31,2,0
401360156,2022,2021-12-02,2021-12-03 03:00:00,22,Trail Blazers,Portland,POR,29,82,35.4,12,34,35.3,13,17,76.5,8,33,19,8,6,18,20,0,0,2
401360143,2022,2021-12-01,2021-12-02 00:00:00,1,Hawks,Atlanta,ATL,44,86,51.2,16,33,48.5,10,12,83.3,7,34,24,4,8,13,15,12,0,0
401360143,2022,2021-12-01,2021-12-02 00:00:00,11,Pacers,Indiana,IND,44,90,48.9,10,33,30.3,13,16,81.3,8,32,23,8,4,10,18,5,0,0
401360144,2022,2021-12-01,2021-12-02 00:00:00,7,Nuggets,Denver,DEN,39,80,48.8,10,34,29.4,15,21,71.4,1,34,22,5,4,14,19,16,1,0
401360144,2022,2021-12-01,2021-12-02 00:00:00,19,Magic,Orlando,ORL,44,81,54.3,6,27,22.2,14,19,73.7,1,38,26,8,6,12,15,5,1,0
401360145,2022,2021-12-01,2021-12-02 00:00:00,16,Timberwolves,Minnesota,MIN,37,88,42.0,11,37,29.7,22,26,84.6,12,27,15,3,6,12,23,8,1,0
401360145,2022,2021-12-01,2021-12-02 00:00:00,27,Wizards,Washington,WSH,45,91,49.5,10,32,31.3,15,21,71.4,14,38,34,6,7,13,23,10,1,1
401360146,2022,2021-12-01,2021-12-02 00:30:00,20,76ers,Philadelphia,PHI,33,89,37.1,8,31,25.8,13,17,76.5,8,38,20,7,9,7,17,5,0,0
401360146,2022,2021-12-01,2021-12-02 00:30:00,2,Celtics,Boston,BOS,33,79,41.8,11,28,39.3,11,15,73.3,4,42,18,5,8,13,15,12,0,1
401360147,2022,2021-12-01,2021-12-02 00:30:00,5,Cavaliers,Cleveland,CLE,37,68,54.4,16,31,51.6,21,23,91.3,6,40,27,8,14,20,15,31,1,0
401360147,2022,2021-12-01,2021-12-02 00:30:00,14,Heat,Miami,MIA,32,85,37.6,12,37,32.4,9,13,69.2,9,19,21,8,4,11,17,2,2,1
401360148,2022,2021-12-01,2021-12-02 01:00:00,30,Hornets,Charlotte,CHA,43,87,49.4,21,51,41.2,18,21,85.7,3,33,30,8,9,16,21,18,1,2
401360148,2022,2021-12-01,2021-12-02 01:00:00,15,Bucks,Milwaukee,MIL,46,94,48.9,14,36,38.9,21,26,80.8,9,36,29,10,1,13,20,6,0,0
401360149,2022,2021-12-01,2021-12-02 01:00:00,6,Mavericks,Dallas,DAL,57,83,68.7,18,34,52.9,7,9,77.8,9,25,32,7,2,18,19,38,0,1
401360149,2022,2021-12-01,2021-12-02 01:00:00,3,Pelicans,New Orleans,NO,40,89,44.9,13,37,35.1,14,16,87.5,16,16,22,10,1,13,12,1,3,0
401360150,2022,2021-12-01,2021-12-02 01:00:00,10,Rockets,Houston,HOU,40,79,50.6,15,37,40.5,19,22,86.4,8,32,25,9,12,18,25,6,1,0
401360150,2022,2021-12-01,2021-12-02 01:00:00,25,Thunder,Oklahoma City,OKC,40,85,47.1,8,32,25.0,22,29,75.9,10,25,16,9,6,13,21,15,0,0
401360151,2022,2021-12-01,2021-12-02 03:30:00,23,Kings,Sacramento,SAC,46,88,52.3,15,38,39.5,17,20,85.0,7,31,28,8,1,11,16,25,1,0
401360151,2022,2021-12-01,2021-12-02 03:30:00,12,Clippers,LA,LAC,47,100,47.0,9,31,29.0,12,16,75.0,17,32,35,8,6,11,15,5,2,0
401360138,2022,2021-11-30,2021-12-01 00:30:00,18,Knicks,New York,NY,44,91,48.4,11,32,34.4,11,12,91.7,10,32,27,5,2,10,21,8,1,1
401360138,2022,2021-11-30,2021-12-01 00:30:00,17,Nets,Brooklyn,BKN,41,85,48.2,8,28,28.6,22,25,88.0,9,29,27,7,7,9,14,16,0,0
401360139,2022,2021-11-30,2021-12-01 00:30:00,29,Grizzlies,Memphis,MEM,36,93,38.7,10,34,29.4,16,19,84.2,18,36,18,13,10,17,15,17,0,0
401360139,2022,2021-11-30,2021-12-01 00:30:00,28,Raptors,Toronto,TOR,36,91,39.6,10,39,25.6,9,12,75.0,11,33,14,7,9,18,21,0,0,0
401360140,2022,2021-11-30,2021-12-01 03:00:00,9,Warriors,Golden State,GS,36,86,41.9,14,40,35.0,10,14,71.4,15,36,25,7,5,22,13,9,1,0
401360140,2022,2021-11-30,2021-12-01 03:00:00,21,Suns,Phoenix,PHX,43,87,49.4,12,30,40.0,6,11,54.5,8,27,28,12,4,12,12,10,1,1
401360141,2022,2021-11-30,2021-12-01 03:00:00,8,Pistons,Detroit,DET,29,76,38.2,9,35,25.7,25,30,83.3,7,38,17,4,7,18,20,3,1,0
401360141,2022,2021-11-30,2021-12-01 03:00:00,22,Trail Blazers,Portland,POR,41,96,42.7,14,42,33.3,14,18,77.8,10,33,24,8,5,10,22,26,1,1
401360142,2022,2021-11-30,2021-12-01 03:00:00,13,Lakers,Los Angeles,LAL,46,92,50.0,11,28,39.3,14,20,70.0,10,37,21,10,6,14,20,27,1,1
401360142,2022,2021-11-30,2021-12-01 03:00:00,23,Kings,Sacramento,SAC,35,79,44.3,6,29,20.7,16,22,72.7,9,31,22,11,4,19,21,14,1,1
401360129,2022,2021-11-29,2021-11-30 00:00:00,19,Magic,Orlando,ORL,37,90,41.1,8,33,24.2,14,18,77.8,8,47,20,7,6,12,21,4,0,0
401360129,2022,2021-11-29,2021-11-30 00:00:00,20,76ers,Philadelphia,PHI,39,97,40.2,10,33,30.3,13,18,72.2,12,43,24,7,6,10,19,16,1,0
401360130,2022,2021-11-29,2021-11-30 00:30:00,7,Nuggets,Denver,DEN,43,74,58.1,18,35,51.4,16,21,76.2,5,30,32,2,1,13,18,24,0,1
401360130,2022,2021-11-29,2021-11-30 00:30:00,14,Heat,Miami,MIA,43,91,47.3,15,44,34.1,10,15,66.7,12,27,32,2,1,9,18,2,0,0
401360131,2022,2021-11-29,2021-11-30 01:00:00,30,Hornets,Charlotte,CHA,42,88,47.7,18,39,46.2,17,21,81.0,5,29,23,7,9,9,14,4,0,1
401360131,2022,2021-11-29,2021-11-30 01:00:00,4,Bulls,Chicago,CHI,53,89,59.6,14,30,46.7,13,19,68.4,5,36,35,3,5,10,19,23,1,0
401360132,2022,2021-11-29,2021-11-30 01:00:00,25,Thunder,Oklahoma City,OKC,31,87,35.6,7,43,16.3,20,26,76.9,4,41,16,10,10,12,14,2,1,0
401360132,2022,2021-11-29,2021-11-30 01:00:00,10,Rockets,Houston,HOU,40,96,41.7,15,46,32.6,7,11,63.6,9,51,31,7,5,13,19,21,1,1
401360133,2022,2021-11-29,2021-11-30 01:00:00,11,Pacers,Indiana,IND,36,91,39.6,9,37,24.3,17,21,81.0,8,39,27,6,3,13,18,12,1,4
401360133,2022,2021-11-29,2021-11-30 01:00:00,16,Timberwolves,Minnesota,MIN,36,82,43.9,9,35,25.7,19,26,73.1,8,39,25,8,5,13,25,9,1,0
401360134,2022,2021-11-29,2021-11-30 01:30:00,5,Cavaliers,Cleveland,CLE,45,80,56.3,10,19,52.6,14,18,77.8,5,43,29,3,4,19,22,31,1,1
401360134,2022,2021-11-29,2021-11-30 01:30:00,6,Mavericks,Dallas,DAL,39,89,43.8,12,39,30.8,6,15,40.0,7,26,20,8,7,10,15,5,0,1
401360135,2022,2021-11-29,2021-11-30 01:30:00,27,Wizards,Washington,WSH,41,92,44.6,9,31,29.0,8,13,61.5,12,28,26,5,3,6,15,10,1,0
401360135,2022,2021-11-29,2021-11-30 01:30:00,24,Spurs,San Antonio,SA,49,92,53.3,8,18,44.4,10,16,62.5,15,36,28,4,6,10,15,18,0,1
401360136,2022,2021-11-29,2021-11-30 02:00:00,22,Trail Blazers,Portland,POR,42,91,46.2,11,31,35.5,12,17,70.6,12,30,19,1,3,8,18,8,1,2
401360136,2022,2021-11-29,2021-11-30 02:00:00,26,Jazz,Utah,UTAH,47,89,52.8,19,46,41.3,16,23,69.6,8,35,30,6,3,5,19,24,0,0
401360137,2022,2021-11-29,2021-11-30 03:30:00,3,Pelicans,New Orleans,NO,48,94,51.1,14,35,40.0,13,16,81.3,14,33,30,11,1,7,21,22,1,0
401360137,2022,2021-11-29,2021-11-30 03:30:00,12,Clippers,LA,LAC,37,72,51.4,14,36,38.9,16,21,76.2,4,31,17,2,2,15,16,2,0,0
401360124,2022,2021-11-28,2021-11-28 20:30:00,9,Warriors,Golden State,GS,38,86,44.2,17,40,42.5,12,22,54.5,11,32,25,19,2,16,27,21,1,3
401360124,2022,2021-11-28,2021-11-28 20:30:00,12,Clippers,LA,LAC,32,80,40.0,9,28,32.1,17,25,68.0,15,32,18,8,3,24,21,7,1,1
401360125,2022,2021-11-28,2021-11-28 22:00:00,15,Bucks,Milwaukee,MIL,46,90,51.1,8,35,22.9,18,22,81.8,13,39,27,7,3,13,14,22,1,0
401360125,2022,2021-11-28,2021-11-28 22:00:00,11,Pacers,Indiana,IND,38,92,41.3,12,45,26.7,12,16,75.0,12,33,21,6,2,13,21,2,0,1
401360126,2022,2021-11-28,2021-11-28 23:00:00,2,Celtics,Boston,BOS,34,82,41.5,12,34,35.3,29,31,93.5,12,41,24,5,3,17,19,13,1,1
401360126,2022,2021-11-28,2021-11-28 23:00:00,28,Raptors,Toronto,TOR,35,93,37.6,13,42,31.0,14,16,87.5,14,30,19,6,5,10,24,4,1,0
401360127,2022,2021-11-28,2021-11-28 23:00:00,23,Kings,Sacramento,SAC,33,97,34.0,9,42,21.4,26,37,70.3,12,37,17,5,8,8,18,0,0,0
401360127,2022,2021-11-28,2021-11-28 23:00:00,29,Grizzlies,Memphis,MEM,50,104,48.1,13,39,33.3,15,20,75.0,14,54,30,4,11,9,25,37,1,1
401360128,2022,2021-11-28,2021-11-29 02:30:00,8,Pistons,Detroit,DET,38,89,42.7,13,33,39.4,17,19,89.5,12,41,29,5,4,17,20,6,0,0
401360128,2022,2021-11-28,2021-11-29 02:30:00,13,Lakers,Los Angeles,LAL,43,86,50.0,9,32,28.1,15,25,60.0,6,36,32,11,8,12,18,19,0,0
401360116,2022,2021-11-27,2021-11-27 23:00:00,16,Timberwolves,Minnesota,MIN,48,96,50.0,14,36,38.9,11,16,68.8,11,43,22,7,6,21,31,20,0,2
401360116,2022,2021-11-27,2021-11-27 23:00:00,20,76ers,Philadelphia,PHI,39,93,41.9,12,34,35.3,30,39,76.9,12,32,27,13,5,16,25,3,0,0
401360117,2022,2021-11-27,2021-11-28 00:30:00,18,Knicks,New York,NY,36,82,43.9,11,29,37.9,16,22,72.7,8,42,20,4,3,10,17,14,0,1
401360117,2022,2021-11-27,2021-11-28 00:30:00,1,Hawks,Atlanta,ATL,33,93,35.5,9,37,24.3,15,20,75.0,13,39,18,8,6,6,17,6,1,0
401360118,2022,2021-11-27,2021-11-28 00:30:00,21,Suns,Phoenix,PHX,41,92,44.6,13,38,34.2,18,21,85.7,11,30,17,11,1,12,17,22,1,1
401360118,2022,2021-11-27,2021-11-28 00:30:00,17,Nets,Brooklyn,BKN,42,84,50.0,7,23,30.4,16,21,76.2,10,37,25,7,5,20,15,0,0,0
401360119,2022,2021-11-27,2021-11-28 01:00:00,19,Magic,Orlando,ORL,35,88,39.8,8,32,25.0,14,23,60.9,8,35,21,11,5,8,16,3,1,1
401360119,2022,2021-11-27,2021-11-28 01:00:00,5,Cavaliers,Cleveland,CLE,41,90,45.6,14,39,35.9,9,12,75.0,10,41,28,3,9,13,18,17,0,0
401360120,2022,2021-11-27,2021-11-28 01:00:00,14,Heat,Miami,MIA,37,86,43.0,14,40,35.0,19,22,86.4,9,27,23,13,1,10,19,9,0,1
401360120,2022,2021-11-27,2021-11-28 01:00:00,4,Bulls,Chicago,CHI,38,81,46.9,11,39,28.2,17,21,81.0,10,37,22,6,4,22,20,6,1,1
401360121,2022,2021-11-27,2021-11-28 01:00:00,30,Hornets,Charlotte,CHA,48,103,46.6,20,50,40.0,27,30,90.0,16,23,31,10,5,11,23,2,0,1
401360121,2022,2021-11-27,2021-11-28 01:00:00,10,Rockets,Houston,HOU,51,95,53.7,23,49,46.9,21,31,67.7,10,31,36,5,4,13,25,17,2,0
401360122,2022,2021-11-27,2021-11-28 01:30:00,27,Wizards,Washington,WSH,45,78,57.7,9,24,37.5,21,26,80.8,7,36,28,4,4,14,18,7,1,2
401360122,2022,2021-11-27,2021-11-28 01:30:00,6,Mavericks,Dallas,DAL,42,89,47.2,14,38,36.8,16,22,72.7,9,26,23,7,4,7,21,8,0,0
401360123,2022,2021-11-27,2021-11-28 02:00:00,3,Pelicans,New Orleans,NO,40,93,43.0,8,35,22.9,17,21,81.0,14,31,27,8,3,13,20,2,2,0
401360123,2022,2021-11-27,2021-11-28 02:00:00,26,Jazz,Utah,UTAH,45,80,56.3,20,35,57.1,17,22,77.3,7,34,24,9,4,18,25,40,0,1
401360104,2022,2021-11-26,2021-11-26 20:30:00,8,Pistons,Detroit,DET,33,90,36.7,8,33,24.2,22,26,84.6,13,39,17,8,4,15,19,0,0,0
401360104,2022,2021-11-26,2021-11-26 20:30:00,12,Clippers,LA,LAC,39,91,42.9,11,38,28.9,18,19,94.7,11,43,26,9,4,14,27,29,1,1
401360105,2022,2021-11-26,2021-11-27 00:00:00,16,Timberwolves,Minnesota,MIN,45,100,45.0,11,35,31.4,14,19,73.7,15,30,24,8,6,12,20,3,0,0
401360105,2022,2021-11-26,2021-11-27 00:00:00,30,Hornets,Charlotte,CHA,49,88,55.7,23,40,57.5,12,15,80.0,7,37,32,5,7,15,21,24,1,1
401360106,2022,2021-11-26,2021-11-27 00:00:00,21,Suns,Phoenix,PHX,44,79,55.7,13,28,46.4,17,21,81.0,1,34,28,10,2,11,19,24,0,0
401360106,2022,2021-11-26,2021-11-27 00:00:00,18,Knicks,New York,NY,34,92,37.0,12,39,30.8,17,22,77.3,17,34,13,7,1,15,20,4,1,0
401360107,2022,2021-11-26,2021-11-27 00:00:00,4,Bulls,Chicago,CHI,48,86,55.8,17,34,50.0,10,16,62.5,6,41,32,11,1,13,24,38,1,1
401360107,2022,2021-11-26,2021-11-27 00:00:00,19,Magic,Orlando,ORL,30,80,37.5,7,32,21.9,21,30,70.0,5,31,18,7,5,13,16,7,2,2
401360108,2022,2021-11-26,2021-11-27 01:00:00,28,Raptors,Toronto,TOR,37,89,41.6,7,30,23.3,16,22,72.7,13,28,17,8,3,10,18,5,1,0
401360108,2022,2021-11-26,2021-11-27 01:00:00,11,Pacers,Indiana,IND,47,97,48.5,11,39,28.2,9,11,81.8,17,36,31,6,4,12,19,17,1,0
401360109,2022,2021-11-26,2021-11-27 01:00:00,1,Hawks,Atlanta,ATL,52,89,58.4,13,27,48.1,15,21,71.4,9,40,33,8,5,12,15,40,0,1
401360109,2022,2021-11-26,2021-11-27 01:00:00,29,Grizzlies,Memphis,MEM,37,91,40.7,12,38,31.6,14,19,73.7,10,26,27,8,7,13,19,3,0,1
401360110,2022,2021-11-26,2021-11-27 01:00:00,27,Wizards,Washington,WSH,38,79,48.1,10,29,34.5,15,15,100.0,5,38,17,2,12,15,15,10,0,0
401360110,2022,2021-11-26,2021-11-27 01:00:00,25,Thunder,Oklahoma City,OKC,38,94,40.4,11,33,33.3,12,14,85.7,10,31,23,7,4,9,15,10,1,0
401360111,2022,2021-11-26,2021-11-27 01:30:00,2,Celtics,Boston,BOS,34,92,37.0,10,34,29.4,10,15,66.7,12,39,20,4,8,10,20,7,1,0
401360111,2022,2021-11-26,2021-11-27 01:30:00,24,Spurs,San Antonio,SA,38,87,43.7,6,24,25.0,14,19,73.7,8,45,21,7,6,10,15,24,1,1
401360112,2022,2021-11-26,2021-11-27 02:00:00,15,Bucks,Milwaukee,MIL,46,73,63.0,16,33,48.5,12,20,60.0,5,39,24,3,7,19,14,20,3,0
401360112,2022,2021-11-26,2021-11-27 02:00:00,7,Nuggets,Denver,DEN,40,92,43.5,17,47,36.2,12,14,85.7,9,22,24,9,2,8,19,0,0,0
401360113,2022,2021-11-26,2021-11-27 02:00:00,3,Pelicans,New Orleans,NO,38,89,42.7,11,27,40.7,11,13,84.6,6,33,27,8,4,13,21,6,1,0
401360113,2022,2021-11-26,2021-11-27 02:00:00,26,Jazz,Utah,UTAH,36,80,45.0,13,33,39.4,12,18,66.7,9,34,17,6,8,17,22,11,1,0
401360114,2022,2021-11-26,2021-11-27 03:00:00,22,Trail Blazers,Portland,POR,36,86,41.9,13,38,34.2,18,23,78.3,7,30,23,7,2,10,13,2,0,3
401360114,2022,2021-11-26,2021-11-27 03:00:00,9,Warriors,Golden State,GS,47,87,54.0,12,37,32.4,12,16,75.0,11,37,31,8,5,15,19,21,0,0
401360115,2022,2021-11-26,2021-11-27 03:30:00,23,Kings,Sacramento,SAC,54,120,45.0,14,45,31.1,19,29,65.5,16,40,32,11,4,13,26,7,2,0
401360115,2022,2021-11-26,2021-11-27 03:30:00,13,Lakers,Los Angeles,LAL,51,102,50.0,15,44,34.1,20,28,71.4,9,42,32,9,6,19,27,13,0,0
401360091,2022,2021-11-24,2021-11-25 00:00:00,21,Suns,Phoenix,PHX,45,86,52.3,8,22,36.4,22,28,78.6,10,37,26,4,2,15,23,10,0,1
401360091,2022,2021-11-24,2021-11-25 00:00:00,5,Cavaliers,Cleveland,CLE,43,97,44.3,12,39,30.8,17,25,68.0,13,31,22,7,0,10,23,7,0,2
401360092,2022,2021-11-24,2021-11-25 00:00:00,13,Lakers,Los Angeles,LAL,42,95,44.2,15,37,40.5,25,29,86.2,9,43,20,5,4,11,21,8,1,0
401360092,2022,2021-11-24,2021-11-25 00:00:00,11,Pacers,Indiana,IND,42,104,40.4,13,46,28.3,19,24,79.2,14,38,25,3,5,11,25,12,0,0
401360093,2022,2021-11-24,2021-11-25 00:00:00,30,Hornets,Charlotte,CHA,39,93,41.9,12,40,30.0,16,21,76.2,12,37,26,11,11,10,16,12,0,0
401360093,2022,2021-11-24,2021-11-25 00:00:00,19,Magic,Orlando,ORL,38,93,40.9,15,42,35.7,8,10,80.0,10,41,23,5,1,14,19,7,1,1
401360094,2022,2021-11-24,2021-11-25 00:30:00,17,Nets,Brooklyn,BKN,43,85,50.6,14,35,40.0,23,30,76.7,10,40,29,8,4,10,23,29,0,1
401360094,2022,2021-11-24,2021-11-25 00:30:00,2,Celtics,Boston,BOS,34,91,37.4,11,48,22.9,25,28,89.3,15,30,25,6,5,11,24,0,0,1
401360095,2022,2021-11-24,2021-11-25 01:00:00,4,Bulls,Chicago,CHI,44,96,45.8,15,35,42.9,10,12,83.3,8,32,26,12,6,13,22,11,1,0
401360095,2022,2021-11-24,2021-11-25 01:00:00,10,Rockets,Houston,HOU,42,84,50.0,17,36,47.2,17,22,77.3,7,39,27,5,6,21,16,11,1,0
401360096,2022,2021-11-24,2021-11-25 01:00:00,28,Raptors,Toronto,TOR,47,89,52.8,14,30,46.7,18,21,85.7,11,23,25,8,4,10,20,13,0,1
401360096,2022,2021-11-24,2021-11-25 01:00:00,29,Grizzlies,Memphis,MEM,42,82,51.2,9,29,31.0,20,26,76.9,11,29,25,6,3,14,20,14,1,0
401360097,2022,2021-11-24,2021-11-25 01:00:00,8,Pistons,Detroit,DET,34,95,35.8,11,45,24.4,14,19,73.7,9,35,16,7,1,8,18,0,1,0
401360097,2022,2021-11-24,2021-11-25 01:00:00,15,Bucks,Milwaukee,MIL,42,87,48.3,15,36,41.7,15,17,88.2,10,46,23,5,6,15,18,24,1,0
401360098,2022,2021-11-24,2021-11-25 01:00:00,14,Heat,Miami,MIA,33,74,44.6,15,42,35.7,20,29,69.0,4,36,25,6,2,21,25,12,0,4
401360098,2022,2021-11-24,2021-11-25 01:00:00,16,Timberwolves,Minnesota,MIN,38,93,40.9,18,55,32.7,19,21,90.5,15,37,24,10,7,16,26,12,2,2
401360099,2022,2021-11-24,2021-11-25 01:00:00,27,Wizards,Washington,WSH,36,84,42.9,7,31,22.6,23,36,63.9,13,32,23,5,3,19,23,0,0,0
401360099,2022,2021-11-24,2021-11-25 01:00:00,3,Pelicans,New Orleans,NO,44,96,45.8,12,29,41.4,27,32,84.4,12,40,33,13,2,10,26,31,1,0
401360100,2022,2021-11-24,2021-11-25 01:00:00,26,Jazz,Utah,UTAH,39,86,45.3,15,47,31.9,17,20,85.0,7,36,19,11,8,9,15,8,1,2
401360100,2022,2021-11-24,2021-11-25 01:00:00,25,Thunder,Oklahoma City,OKC,37,82,45.1,15,36,41.7,15,22,68.2,4,39,21,7,4,12,18,8,1,0
401360101,2022,2021-11-24,2021-11-25 01:30:00,1,Hawks,Atlanta,ATL,45,88,51.1,12,26,46.2,22,24,91.7,8,36,26,10,5,9,11,21,2,0
401360101,2022,2021-11-24,2021-11-25 01:30:00,24,Spurs,San Antonio,SA,43,100,43.0,12,33,36.4,8,10,80.0,15,29,27,8,4,12,16,7,0,0
401360102,2022,2021-11-24,2021-11-25 03:00:00,20,76ers,Philadelphia,PHI,34,80,42.5,8,28,28.6,20,22,90.9,8,33,17,10,7,19,22,19,2,0
401360102,2022,2021-11-24,2021-11-25 03:00:00,9,Warriors,Golden State,GS,42,80,52.5,15,38,39.5,17,24,70.8,4,37,32,7,5,16,21,20,0,1
401360103,2022,2021-11-24,2021-11-25 03:00:00,22,Trail Blazers,Portland,POR,44,94,46.8,12,38,31.6,21,25,84.0,13,30,27,9,1,13,26,8,2,3
401360103,2022,2021-11-24,2021-11-25 03:00:00,23,Kings,Sacramento,SAC,45,86,52.3,12,33,36.4,23,34,67.6,14,29,21,4,4,14,21,10,0,3
401360087,2022,2021-11-23,2021-11-24 00:00:00,14,Heat,Miami,MIA,35,76,46.1,9,29,31.0,21,29,72.4,12,39,22,9,3,16,19,12,1,2
401360087,2022,2021-11-23,2021-11-24 00:00:00,8,Pistons,Detroit,DET,35,84,41.7,10,38,26.3,12,14,85.7,9,26,22,7,1,14,23,12,1,0
401360088,2022,2021-11-23,2021-11-24 00:30:00,13,Lakers,Los Angeles,LAL,34,91,37.4,11,36,30.6,21,30,70.0,13,37,23,8,3,12,17,0,0,2
401360088,2022,2021-11-23,2021-11-24 00:30:00,18,Knicks,New York,NY,37,82,45.1,15,34,44.1,17,21,81.0,7,45,23,7,4,14,23,25,3,2
401360089,2022,2021-11-23,2021-11-24 03:00:00,7,Nuggets,Denver,DEN,38,78,48.7,15,33,45.5,9,11,81.8,7,30,26,6,5,17,15,2,2,0
401360089,2022,2021-11-23,2021-11-24 03:00:00,22,Trail Blazers,Portland,POR,45,88,51.1,15,39,38.5,14,20,70.0,12,31,25,12,7,9,18,24,0,1
401360090,2022,2021-11-23,2021-11-24 03:30:00,6,Mavericks,Dallas,DAL,39,89,43.8,12,39,30.8,22,27,81.5,12,30,22,11,5,14,23,10,1,3
401360090,2022,2021-11-23,2021-11-24 03:30:00,12,Clippers,LA,LAC,35,85,41.2,10,32,31.3,24,29,82.8,12,35,17,5,3,18,24,11,1,3
401360077,2022,2021-11-22,2021-11-23 00:00:00,17,Nets,Brooklyn,BKN,45,95,47.4,11,35,31.4,16,18,88.9,8,34,32,6,6,9,23,5,1,1
401360077,2022,2021-11-22,2021-11-23 00:00:00,5,Cavaliers,Cleveland,CLE,36,93,38.7,14,44,31.8,26,29,89.7,14,39,24,6,5,12,16,12,3,0
401360078,2022,2021-11-22,2021-11-23 00:00:00,30,Hornets,Charlotte,CHA,40,91,44.0,15,31,48.4,14,24,58.3,6,30,21,11,4,10,22,17,0,0
401360078,2022,2021-11-22,2021-11-23 00:00:00,27,Wizards,Washington,WSH,36,94,38.3,9,37,24.3,22,27,81.5,20,45,23,6,6,18,20,8,0,2
401360079,2022,2021-11-22,2021-11-23 00:30:00,25,Thunder,Oklahoma City,OKC,39,97,40.2,10,38,26.3,13,14,92.9,16,34,24,5,5,8,15,2,2,0
401360079,2022,2021-11-22,2021-11-23 00:30:00,1,Hawks,Atlanta,ATL,42,87,48.3,14,34,41.2,15,16,93.8,8,36,25,6,6,7,16,22,1,0
401360080,2022,2021-11-22,2021-11-23 00:30:00,10,Rockets,Houston,HOU,31,83,37.3,11,42,26.2,17,24,70.8,4,38,19,5,4,14,20,6,1,1
401360080,2022,2021-11-22,2021-11-23 00:30:00,2,Celtics,Boston,BOS,39,92,42.4,12,35,34.3,18,19,94.7,11,47,19,10,3,14,24,29,1,0
401360081,2022,2021-11-22,2021-11-23 01:00:00,11,Pacers,Indiana,IND,40,90,44.4,13,31,41.9,16,18,88.9,11,48,27,7,12,11,15,35,2,1
401360081,2022,2021-11-22,2021-11-23 01:00:00,4,Bulls,Chicago,CHI,31,85,36.5,6,28,21.4,9,15,60.0,5,33,13,6,2,9,16,2,0,0
401360082,2022,2021-11-22,2021-11-23 01:00:00,19,Magic,Orlando,ORL,34,93,36.6,11,41,26.8,13,18,72.2,15,32,16,6,4,15,17,2,1,3
401360082,2022,2021-11-22,2021-11-23 01:00:00,15,Bucks,Milwaukee,MIL,44,94,46.8,18,45,40.0,17,24,70.8,13,42,28,10,7,12,22,51,1,0
401360083,2022,2021-11-22,2021-11-23 01:00:00,16,Timberwolves,Minnesota,MIN,40,100,40.0,10,44,22.7,20,28,71.4,21,28,21,14,9,11,20,26,1,0
401360083,2022,2021-11-22,2021-11-23 01:00:00,3,Pelicans,New Orleans,NO,37,88,42.0,6,32,18.8,16,18,88.9,15,33,24,6,6,21,23,3,2,0
401360084,2022,2021-11-22,2021-11-23 01:30:00,21,Suns,Phoenix,PHX,45,88,51.1,12,27,44.4,13,16,81.3,11,33,25,10,0,15,18,18,0,0
401360084,2022,2021-11-22,2021-11-23 01:30:00,24,Spurs,San Antonio,SA,49,93,52.7,5,20,25.0,8,16,50.0,11,33,23,9,4,15,16,7,0,0
401360085,2022,2021-11-22,2021-11-23 02:00:00,29,Grizzlies,Memphis,MEM,42,95,44.2,13,35,37.1,22,27,81.5,16,34,24,10,4,7,20,5,0,0
401360085,2022,2021-11-22,2021-11-23 02:00:00,26,Jazz,Utah,UTAH,41,87,47.1,17,43,39.5,19,25,76.0,10,36,26,5,10,14,20,11,0,0
401360086,2022,2021-11-22,2021-11-23 03:00:00,20,76ers,Philadelphia,PHI,36,85,42.4,9,32,28.1,21,27,77.8,11,34,19,9,6,7,20,10,0,0
401360086,2022,2021-11-22,2021-11-23 03:00:00,23,Kings,Sacramento,SAC,33,80,41.3,7,31,22.6,21,29,72.4,11,38,17,4,0,13,19,9,1,0
401360072,2022,2021-11-21,2021-11-21 20:30:00,6,Mavericks,Dallas,DAL,34,83,41.0,6,30,20.0,17,18,94.4,8,31,21,6,5,10,21,9,0,0
401360072,2022,2021-11-21,2021-11-21 20:30:00,12,Clippers,LA,LAC,36,75,48.0,12,29,41.4,13,18,72.2,8,34,18,5,2,14,15,12,1,0
401360073,2022,2021-11-21,2021-11-21 23:00:00,13,Lakers,Los Angeles,LAL,45,92,48.9,10,31,32.3,21,27,77.8,12,39,29,7,8,13,21,6,0,1
401360073,2022,2021-11-21,2021-11-21 23:00:00,8,Pistons,Detroit,DET,43,97,44.3,14,40,35.0,16,21,76.2,8,31,27,7,6,11,24,17,0,2
401360074,2022,2021-11-21,2021-11-22 01:00:00,18,Knicks,New York,NY,35,84,41.7,7,27,25.9,26,31,83.9,12,32,16,4,11,13,25,6,1,0
401360074,2022,2021-11-21,2021-11-22 01:00:00,4,Bulls,Chicago,CHI,37,88,42.0,11,29,37.9,24,27,88.9,11,33,21,5,1,9,26,12,1,2
401360075,2022,2021-11-21,2021-11-22 01:00:00,7,Nuggets,Denver,DEN,33,90,36.7,11,38,28.9,20,28,71.4,12,30,20,5,1,10,22,0,0,3
401360075,2022,2021-11-21,2021-11-22 01:00:00,21,Suns,Phoenix,PHX,46,87,52.9,11,36,30.6,23,26,88.5,10,41,34,7,3,11,20,30,2,2
401360076,2022,2021-11-21,2021-11-22 01:30:00,28,Raptors,Toronto,TOR,39,99,39.4,15,37,40.5,11,20,55.0,18,29,25,7,4,10,21,0,1,0
401360076,2022,2021-11-21,2021-11-22 01:30:00,9,Warriors,Golden State,GS,39,79,49.4,22,45,48.9,19,24,79.2,8,39,31,5,7,16,18,21,0,0
401360063,2022,2021-11-20,2021-11-20 22:00:00,10,Rockets,Houston,HOU,38,84,45.2,10,39,25.6,13,22,59.1,13,35,21,5,8,22,21,10,0,0
401360063,2022,2021-11-20,2021-11-20 22:00:00,18,Knicks,New York,NY,33,78,42.3,18,41,43.9,22,26,84.6,4,33,25,12,7,12,23,9,3,2
401360064,2022,2021-11-20,2021-11-21 00:00:00,3,Pelicans,New Orleans,NO,35,88,39.8,6,18,33.3,18,19,94.7,11,41,17,7,5,16,14,0,0,0
401360064,2022,2021-11-20,2021-11-21 00:00:00,11,Pacers,Indiana,IND,42,91,46.2,14,38,36.8,13,18,72.2,8,38,28,11,9,10,16,32,1,0
401360065,2022,2021-11-20,2021-11-21 00:00:00,14,Heat,Miami,MIA,38,81,46.9,7,27,25.9,17,20,85.0,10,27,21,7,3,12,26,16,2,0
401360065,2022,2021-11-20,2021-11-21 00:00:00,27,Wizards,Washington,WSH,36,74,48.6,11,30,36.7,20,23,87.0,9,26,22,6,2,19,19,7,1,1
401360066,2022,2021-11-20,2021-11-21 00:30:00,30,Hornets,Charlotte,CHA,43,102,42.2,10,40,25.0,9,15,60.0,20,31,26,6,2,10,22,2,0,0
401360066,2022,2021-11-20,2021-11-21 00:30:00,1,Hawks,Atlanta,ATL,43,82,52.4,12,34,35.3,17,21,81.0,8,38,24,6,6,12,22,17,0,0
401360067,2022,2021-11-20,2021-11-21 00:30:00,25,Thunder,Oklahoma City,OKC,39,96,40.6,18,42,42.9,9,16,56.3,15,39,23,5,0,9,15,1,1,0
401360067,2022,2021-11-20,2021-11-21 00:30:00,2,Celtics,Boston,BOS,41,88,46.6,17,39,43.6,12,14,85.7,8,40,28,4,7,7,11,25,0,1
401360068,2022,2021-11-20,2021-11-21 01:00:00,19,Magic,Orlando,ORL,39,98,39.8,19,51,37.3,11,14,78.6,6,33,26,5,3,10,24,3,0,0
401360068,2022,2021-11-20,2021-11-21 01:00:00,15,Bucks,Milwaukee,MIL,37,82,45.1,19,40,47.5,24,37,64.9,11,49,25,6,5,14,18,29,0,0
401360069,2022,2021-11-20,2021-11-21 01:00:00,29,Grizzlies,Memphis,MEM,29,83,34.9,9,32,28.1,28,35,80.0,10,23,21,7,5,14,24,0,2,0
401360069,2022,2021-11-20,2021-11-21 01:00:00,16,Timberwolves,Minnesota,MIN,49,91,53.8,20,41,48.8,20,28,71.4,18,32,28,12,6,13,26,45,0,1
401360070,2022,2021-11-20,2021-11-21 03:00:00,20,76ers,Philadelphia,PHI,41,81,50.6,10,28,35.7,19,21,90.5,3,29,24,7,4,11,24,3,1,2
401360070,2022,2021-11-20,2021-11-21 03:00:00,22,Trail Blazers,Portland,POR,40,80,50.0,15,34,44.1,23,23,100.0,5,33,23,6,7,12,21,18,1,0
401360071,2022,2021-11-20,2021-11-21 03:00:00,26,Jazz,Utah,UTAH,46,91,50.5,17,39,43.6,14,17,82.4,14,38,20,5,2,11,16,21,2,1
401360071,2022,2021-11-20,2021-11-21 03:00:00,23,Kings,Sacramento,SAC,41,91,45.1,10,31,32.3,13,21,61.9,8,27,20,8,5,8,14,5,0,2
401360054,2022,2021-11-19,2021-11-20 00:00:00,11,Pacers,Indiana,IND,41,88,46.6,11,36,30.6,25,32,78.1,8,30,19,10,6,10,24,3,0,1
401360054,2022,2021-11-19,2021-11-20 00:00:00,30,Hornets,Charlotte,CHA,44,81,54.3,12,31,38.7,21,28,75.0,6,39,28,8,7,17,26,25,0,1
401360055,2022,2021-11-19,2021-11-20 00:00:00,9,Warriors,Golden State,GS,38,80,47.5,12,30,40.0,17,21,81.0,14,34,22,8,4,18,23,16,1,0
401360055,2022,2021-11-19,2021-11-20 00:00:00,8,Pistons,Detroit,DET,32,80,40.0,14,42,33.3,24,30,80.0,11,24,21,11,7,12,22,3,1,0
401360056,2022,2021-11-19,2021-11-20 00:30:00,13,Lakers,Los Angeles,LAL,39,84,46.4,12,30,40.0,18,24,75.0,7,26,20,5,6,12,29,14,0,0
401360056,2022,2021-11-19,2021-11-20 00:30:00,2,Celtics,Boston,BOS,44,88,50.0,11,30,36.7,31,38,81.6,12,39,22,7,2,12,20,25,2,1
401360057,2022,2021-11-19,2021-11-20 00:30:00,19,Magic,Orlando,ORL,40,89,44.9,14,38,36.8,19,25,76.0,11,34,26,7,6,13,25,19,0,1
401360057,2022,2021-11-19,2021-11-20 00:30:00,17,Nets,Brooklyn,BKN,41,91,45.1,10,33,30.3,23,25,92.0,14,29,19,6,13,11,19,9,0,0
401360058,2022,2021-11-19,2021-11-20 01:00:00,25,Thunder,Oklahoma City,OKC,32,91,35.2,12,48,25.0,13,21,61.9,11,42,17,6,4,12,22,0,0,0
401360058,2022,2021-11-19,2021-11-20 01:00:00,15,Bucks,Milwaukee,MIL,31,83,37.3,12,41,29.3,22,26,84.6,6,47,21,9,5,12,18,20,1,1
401360059,2022,2021-11-19,2021-11-20 01:00:00,12,Clippers,LA,LAC,34,90,37.8,9,37,24.3,4,5,80.0,8,35,22,7,4,11,12,20,1,0
401360059,2022,2021-11-19,2021-11-20 01:00:00,3,Pelicans,New Orleans,NO,38,87,43.7,13,30,43.3,5,8,62.5,12,43,19,9,1,13,12,13,0,0
401360060,2022,2021-11-19,2021-11-20 02:00:00,4,Bulls,Chicago,CHI,41,93,44.1,8,31,25.8,24,24,100.0,17,33,19,7,3,11,20,12,0,0
401360060,2022,2021-11-19,2021-11-20 02:00:00,7,Nuggets,Denver,DEN,39,82,47.6,14,37,37.8,16,20,80.0,7,31,24,5,5,11,22,12,3,0
401360061,2022,2021-11-19,2021-11-20 03:00:00,6,Mavericks,Dallas,DAL,37,90,41.1,12,40,30.0,18,23,78.3,10,30,25,15,1,10,17,6,0,0
401360061,2022,2021-11-19,2021-11-20 03:00:00,21,Suns,Phoenix,PHX,44,85,51.8,14,29,48.3,10,14,71.4,10,43,28,7,4,17,22,15,1,0
401360062,2022,2021-11-19,2021-11-20 03:00:00,28,Raptors,Toronto,TOR,38,84,45.2,12,31,38.7,20,24,83.3,13,40,20,9,9,14,24,30,3,0
401360062,2022,2021-11-19,2021-11-20 03:00:00,23,Kings,Sacramento,SAC,32,84,38.1,9,37,24.3,16,25,64.0,11,29,15,8,4,13,18,6,2,0
401360048,2022,2021-11-18,2021-11-19 00:30:00,9,Warriors,Golden State,GS,41,83,49.4,15,43,34.9,7,8,87.5,5,29,36,12,2,11,17,15,0,0
401360048,2022,2021-11-18,2021-11-19 00:30:00,5,Cavaliers,Cleveland,CLE,34,80,42.5,12,39,30.8,9,16,56.3,13,29,22,6,3,17,11,13,3,1
401360049,2022,2021-11-18,2021-11-19 00:30:00,27,Wizards,Washington,WSH,38,77,49.4,15,36,41.7,6,10,60.0,5,32,25,4,3,17,19,7,0,0
401360049,2022,2021-11-18,2021-11-19 00:30:00,14,Heat,Miami,MIA,41,82,50.0,10,26,38.5,20,24,83.3,7,34,27,10,1,6,13,18,0,0
401360050,2022,2021-11-18,2021-11-19 01:00:00,12,Clippers,LA,LAC,42,90,46.7,16,39,41.0,8,8,100.0,7,27,24,6,6,13,15,1,1,2
401360050,2022,2021-11-18,2021-11-19 01:00:00,29,Grizzlies,Memphis,MEM,52,96,54.2,11,26,42.3,5,6,83.3,12,35,28,8,7,11,17,23,1,1
401360051,2022,2021-11-18,2021-11-19 01:00:00,24,Spurs,San Antonio,SA,35,84,41.7,6,32,18.8,14,19,73.7,11,31,26,7,6,12,12,0,0,0
401360051,2022,2021-11-18,2021-11-19 01:00:00,16,Timberwolves,Minnesota,MIN,41,86,47.7,21,49,42.9,12,15,80.0,12,35,30,5,9,12,17,25,1,0
401360052,2022,2021-11-18,2021-11-19 02:00:00,20,76ers,Philadelphia,PHI,43,85,50.6,11,29,37.9,6,12,50.0,6,39,22,5,7,9,18,22,1,1
401360052,2022,2021-11-18,2021-11-19 02:00:00,7,Nuggets,Denver,DEN,32,89,36.0,12,36,33.3,13,16,81.3,10,36,22,6,4,10,14,7,1,2
401360053,2022,2021-11-18,2021-11-19 02:00:00,28,Raptors,Toronto,TOR,39,94,41.5,10,38,26.3,15,17,88.2,14,21,24,10,3,12,13,7,1,0
401360053,2022,2021-11-18,2021-11-19 02:00:00,26,Jazz,Utah,UTAH,44,80,55.0,19,46,41.3,12,13,92.3,10,36,34,8,9,23,18,21,1,1
401360037,2022,2021-11-17,2021-11-18 00:00:00,27,Wizards,Washington,WSH,33,90,36.7,8,42,19.0,13,16,81.3,11,37,23,7,5,10,12,9,1,1
401360037,2022,2021-11-17,2021-11-18 00:00:00,30,Hornets,Charlotte,CHA,42,96,43.8,10,32,31.3,3,6,50.0,16,43,30,6,8,11,16,13,0,2
401360038,2022,2021-11-17,2021-11-18 00:00:00,11,Pacers,Indiana,IND,33,79,41.8,9,37,24.3,14,19,73.7,7,36,14,5,5,18,22,6,0,0
401360038,2022,2021-11-17,2021-11-18 00:00:00,8,Pistons,Detroit,DET,34,80,42.5,8,28,28.6,21,28,75.0,8,34,16,13,5,12,20,11,1,0
401360039,2022,2021-11-17,2021-11-18 00:30:00,2,Celtics,Boston,BOS,37,84,44.0,11,41,26.8,14,17,82.4,12,30,24,9,2,14,17,4,0,1
401360039,2022,2021-11-17,2021-11-18 00:30:00,1,Hawks,Atlanta,ATL,41,81,50.6,13,37,35.1,15,18,83.3,6,34,28,9,4,11,17,16,3,0
401360040,2022,2021-11-17,2021-11-18 00:30:00,5,Cavaliers,Cleveland,CLE,35,89,39.3,11,44,25.0,18,21,85.7,12,38,20,9,1,13,17,1,1,0
401360040,2022,2021-11-17,2021-11-18 00:30:00,17,Nets,Brooklyn,BKN,38,83,45.8,12,32,37.5,21,25,84.0,8,39,29,7,3,11,20,23,1,0
401360041,2022,2021-11-17,2021-11-18 00:30:00,3,Pelicans,New Orleans,NO,33,75,44.0,10,35,28.6,22,28,78.6,10,28,18,6,3,16,21,15,1,0
401360041,2022,2021-11-17,2021-11-18 00:30:00,14,Heat,Miami,MIA,42,87,48.3,15,40,37.5,14,17,82.4,10,29,29,6,2,10,25,18,1,0
401360042,2022,2021-11-17,2021-11-18 00:30:00,19,Magic,Orlando,ORL,39,96,40.6,11,38,28.9,15,18,83.3,14,37,20,7,3,12,19,10,3,0
401360042,2022,2021-11-17,2021-11-18 00:30:00,18,Knicks,New York,NY,37,88,42.0,16,49,32.7,8,12,66.7,11,34,25,5,7,18,20,7,0,0
401360043,2022,2021-11-17,2021-11-18 00:30:00,13,Lakers,Los Angeles,LAL,40,96,41.7,12,43,27.9,10,12,83.3,11,37,24,8,4,13,19,10,0,0
401360043,2022,2021-11-17,2021-11-18 00:30:00,15,Bucks,Milwaukee,MIL,40,87,46.0,12,37,32.4,17,24,70.8,9,43,22,9,4,15,10,12,0,0
401360044,2022,2021-11-17,2021-11-18 01:00:00,23,Kings,Sacramento,SAC,34,93,36.6,10,38,26.3,19,25,76.0,20,27,19,7,3,16,22,6,4,0
401360044,2022,2021-11-17,2021-11-18 01:00:00,16,Timberwolves,Minnesota,MIN,41,82,50.0,10,36,27.8,15,18,83.3,10,25,20,8,10,17,24,10,0,0
401360045,2022,2021-11-17,2021-11-18 01:00:00,10,Rockets,Houston,HOU,32,90,35.6,12,42,28.6,13,19,68.4,9,37,16,6,4,14,14,0,0,0
401360045,2022,2021-11-17,2021-11-18 01:00:00,25,Thunder,Oklahoma City,OKC,41,92,44.6,10,39,25.6,9,16,56.3,9,47,18,10,6,10,19,17,4,0
401360046,2022,2021-11-17,2021-11-18 03:00:00,6,Mavericks,Dallas,DAL,38,91,41.8,16,32,50.0,6,6,100.0,8,41,28,5,2,10,14,8,0,0
401360046,2022,2021-11-17,2021-11-18 03:00:00,21,Suns,Phoenix,PHX,41,93,44.1,13,39,33.3,10,14,71.4,8,41,27,6,7,7,9,7,1,1
401360047,2022,2021-11-17,2021-11-18 03:00:00,4,Bulls,Chicago,CHI,39,83,47.0,13,29,44.8,16,20,80.0,10,26,23,7,9,15,23,20,0,1
401360047,2022,2021-11-17,2021-11-18 03:00:00,22,Trail Blazers,Portland,POR,37,84,44.0,11,31,35.5,27,28,96.4,12,32,26,10,5,16,19,6,1,0
401360034,2022,2021-11-16,2021-11-17 00:30:00,9,Warriors,Golden State,GS,41,79,51.9,13,40,32.5,22,28,78.6,9,44,25,4,8,21,27,28,1,0
401360034,2022,2021-11-16,2021-11-17 00:30:00,17,Nets,Brooklyn,BKN,34,88,38.6,10,36,27.8,21,27,77.8,9,29,21,12,2,11,23,9,1,0
401360035,2022,2021-11-16,2021-11-17 03:00:00,20,76ers,Philadelphia,PHI,33,90,36.7,6,29,20.7,13,17,76.5,6,36,19,5,5,8,16,2,1,0
401360035,2022,2021-11-16,2021-11-17 03:00:00,26,Jazz,Utah,UTAH,46,89,51.7,16,38,42.1,12,19,63.2,6,50,27,5,8,9,20,35,2,0
401360036,2022,2021-11-16,2021-11-17 03:30:00,24,Spurs,San Antonio,SA,41,95,43.2,5,22,22.7,5,7,71.4,6,35,26,10,4,16,17,5,0,0
401360036,2022,2021-11-16,2021-11-17 03:30:00,12,Clippers,LA,LAC,37,85,43.5,12,38,31.6,20,22,90.9,6,46,16,9,3,20,13,18,1,0
401360023,2022,2021-11-15,2021-11-16 00:00:00,2,Celtics,Boston,BOS,36,78,46.2,10,29,34.5,16,20,80.0,6,40,23,7,6,14,16,9,0,1
401360023,2022,2021-11-15,2021-11-16 00:00:00,5,Cavaliers,Cleveland,CLE,32,83,38.6,16,40,40.0,12,16,75.0,7,35,18,6,3,13,18,11,1,0
401360024,2022,2021-11-15,2021-11-16 00:00:00,23,Kings,Sacramento,SAC,52,98,53.1,16,33,48.5,9,11,81.8,11,36,32,11,5,13,17,32,1,0
401360024,2022,2021-11-15,2021-11-16 00:00:00,8,Pistons,Detroit,DET,39,96,40.6,13,47,27.7,16,17,94.1,16,31,23,7,2,17,10,3,1,0
401360025,2022,2021-11-15,2021-11-16 00:00:00,3,Pelicans,New Orleans,NO,30,74,40.5,11,21,52.4,29,34,85.3,7,38,20,2,3,12,25,19,0,1
401360025,2022,2021-11-15,2021-11-16 00:00:00,27,Wizards,Washington,WSH,39,84,46.4,10,28,35.7,17,25,68.0,6,36,23,9,4,5,22,9,1,2
401360026,2022,2021-11-15,2021-11-16 00:30:00,19,Magic,Orlando,ORL,43,95,45.3,16,43,37.2,9,14,64.3,12,29,30,8,5,16,27,6,0,2
401360026,2022,2021-11-15,2021-11-16 00:30:00,1,Hawks,Atlanta,ATL,47,85,55.3,14,30,46.7,21,32,65.6,9,37,32,10,7,11,17,20,0,0
401360027,2022,2021-11-15,2021-11-16 00:30:00,11,Pacers,Indiana,IND,32,86,37.2,8,37,21.6,12,16,75.0,9,35,16,6,6,7,15,12,2,0
401360027,2022,2021-11-15,2021-11-16 00:30:00,18,Knicks,New York,NY,37,86,43.0,11,34,32.4,7,10,70.0,8,38,22,1,5,10,15,8,2,1
401360028,2022,2021-11-15,2021-11-16 01:00:00,7,Nuggets,Denver,DEN,40,84,47.6,9,32,28.1,12,17,70.6,10,36,20,4,5,11,16,13,1,1
401360028,2022,2021-11-15,2021-11-16 01:00:00,6,Mavericks,Dallas,DAL,45,90,50.0,14,36,38.9,7,10,70.0,10,34,30,7,2,8,19,13,1,2
401360029,2022,2021-11-15,2021-11-16 01:00:00,10,Rockets,Houston,HOU,36,95,37.9,11,38,28.9,19,26,73.1,14,32,24,6,5,17,16,5,1,1
401360029,2022,2021-11-15,2021-11-16 01:00:00,29,Grizzlies,Memphis,MEM,52,96,54.2,16,41,39.0,16,20,80.0,7,42,33,14,8,10,21,40,0,1
401360030,2022,2021-11-15,2021-11-16 01:00:00,21,Suns,Phoenix,PHX,32,85,37.6,7,31,22.6,28,36,77.8,14,38,21,8,2,15,23,7,0,0
401360030,2022,2021-11-15,2021-11-16 01:00:00,16,Timberwolves,Minnesota,MIN,31,85,36.5,13,44,29.5,21,27,77.8,13,41,18,8,3,18,28,7,3,2
401360031,2022,2021-11-15,2021-11-16 01:00:00,14,Heat,Miami,MIA,37,82,45.1,18,40,45.0,11,13,84.6,8,37,22,11,5,17,13,18,2,2
401360031,2022,2021-11-15,2021-11-16 01:00:00,25,Thunder,Oklahoma City,OKC,34,83,41.0,15,41,36.6,7,10,70.0,9,33,26,6,10,20,15,7,0,0
401360032,2022,2021-11-15,2021-11-16 03:00:00,28,Raptors,Toronto,TOR,41,89,46.1,15,33,45.5,16,18,88.9,12,27,20,7,2,11,17,14,0,1
401360032,2022,2021-11-15,2021-11-16 03:00:00,22,Trail Blazers,Portland,POR,46,82,56.1,16,36,44.4,10,14,71.4,7,32,25,6,7,12,15,13,2,1
401360033,2022,2021-11-15,2021-11-16 03:30:00,4,Bulls,Chicago,CHI,49,89,55.1,15,34,44.1,8,11,72.7,4,32,31,9,2,16,21,28,1,1
401360033,2022,2021-11-15,2021-11-16 03:30:00,13,Lakers,Los Angeles,LAL,36,79,45.6,6,32,18.8,25,31,80.6,8,35,19,10,5,17,15,3,2,2
401360016,2022,2021-11-14,2021-11-14 20:30:00,24,Spurs,San Antonio,SA,40,90,44.4,16,36,44.4,10,15,66.7,11,32,28,9,2,15,17,2,0,1
401360016,2022,2021-11-14,2021-11-14 20:30:00,13,Lakers,Los Angeles,LAL,43,83,51.8,15,31,48.4,13,17,76.5,9,37,28,6,5,14,16,14,2,0
401360017,2022,2021-11-14,2021-11-14 23:00:00,15,Bucks,Milwaukee,MIL,38,84,45.2,14,41,34.1,10,16,62.5,4,26,24,8,3,11,17,2,0,0
401360017,2022,2021-11-14,2021-11-14 23:00:00,1,Hawks,Atlanta,ATL,47,97,48.5,15,35,42.9,11,13,84.6,15,36,21,6,1,12,19,21,1,0
401360018,2022,2021-11-14,2021-11-15 00:00:00,9,Warriors,Golden State,GS,38,90,42.2,9,39,23.1,17,25,68.0,11,38,31,8,7,15,17,5,0,1
401360018,2022,2021-11-14,2021-11-15 00:00:00,30,Hornets,Charlotte,CHA,42,88,47.7,14,36,38.9,8,12,66.7,4,35,23,10,2,11,21,7,2,4
401360019,2022,2021-11-14,2021-11-15 00:00:00,21,Suns,Phoenix,PHX,42,97,43.3,14,40,35.0,17,20,85.0,12,40,19,16,7,10,19,28,0,2
401360019,2022,2021-11-14,2021-11-15 00:00:00,10,Rockets,Houston,HOU,35,85,41.2,7,32,21.9,12,18,66.7,9,39,19,7,5,23,19,2,0,1
401360020,2022,2021-11-14,2021-11-15 00:00:00,17,Nets,Brooklyn,BKN,41,82,50.0,18,43,41.9,20,21,95.2,7,37,31,8,3,13,15,24,2,0
401360020,2022,2021-11-14,2021-11-15 00:00:00,25,Thunder,Oklahoma City,OKC,36,90,40.0,14,45,31.1,10,11,90.9,10,34,20,9,2,14,22,5,0,0
401360021,2022,2021-11-14,2021-11-15 01:00:00,22,Trail Blazers,Portland,POR,35,80,43.8,13,39,33.3,12,13,92.3,8,28,22,8,4,12,15,0,1,0
401360021,2022,2021-11-14,2021-11-15 01:00:00,7,Nuggets,Denver,DEN,47,90,52.2,19,40,47.5,11,14,78.6,14,35,29,9,1,9,14,32,2,0
401360022,2022,2021-11-14,2021-11-15 02:30:00,4,Bulls,Chicago,CHI,38,86,44.2,11,29,37.9,13,14,92.9,7,38,19,9,4,15,20,17,0,0
401360022,2022,2021-11-14,2021-11-15 02:30:00,12,Clippers,LA,LAC,29,81,35.8,11,34,32.4,21,21,100.0,9,35,16,7,7,19,15,4,1,1
401360009,2022,2021-11-13,2021-11-13 22:00:00,14,Heat,Miami,MIA,42,85,49.4,13,33,39.4,14,16,87.5,13,35,23,6,3,19,25,27,2,2
401360009,2022,2021-11-13,2021-11-13 22:00:00,26,Jazz,Utah,UTAH,35,85,41.2,17,53,32.1,18,25,72.0,12,26,23,13,2,16,19,3,1,2
401360010,2022,2021-11-13,2021-11-14 00:00:00,20,76ers,Philadelphia,PHI,38,89,42.7,12,23,52.2,25,29,86.2,18,28,16,11,2,14,22,6,0,2
401360010,2022,2021-11-13,2021-11-14 00:00:00,11,Pacers,Indiana,IND,47,82,57.3,14,28,50.0,10,15,66.7,7,30,33,7,10,15,21,20,0,0
401360011,2022,2021-11-13,2021-11-14 00:00:00,27,Wizards,Washington,WSH,42,84,50.0,12,35,34.3,8,10,80.0,7,41,29,6,7,15,17,25,1,0
401360011,2022,2021-11-13,2021-11-14 00:00:00,19,Magic,Orlando,ORL,31,92,33.7,13,40,32.5,17,20,85.0,14,30,21,7,5,13,15,4,0,0
401360012,2022,2021-11-13,2021-11-14 00:00:00,29,Grizzlies,Memphis,MEM,38,88,43.2,8,24,33.3,17,21,81.0,13,26,21,6,6,9,19,0,0,1
401360012,2022,2021-11-13,2021-11-14 00:00:00,3,Pelicans,New Orleans,NO,38,79,48.1,14,29,48.3,22,25,88.0,8,29,29,5,6,13,22,22,1,1
401360013,2022,2021-11-13,2021-11-14 00:30:00,8,Pistons,Detroit,DET,43,79,54.4,15,35,42.9,26,30,86.7,9,25,34,5,6,13,23,11,1,1
401360013,2022,2021-11-13,2021-11-14 00:30:00,28,Raptors,Toronto,TOR,44,87,50.6,13,34,38.2,20,31,64.5,15,24,21,9,1,13,25,9,0,2
401360014,2022,2021-11-13,2021-11-14 01:00:00,2,Celtics,Boston,BOS,33,78,42.3,6,23,26.1,17,18,94.4,10,37,20,7,3,19,16,19,1,0
401360014,2022,2021-11-13,2021-11-14 01:00:00,5,Cavaliers,Cleveland,CLE,31,81,38.3,10,38,26.3,19,22,86.4,9,30,17,10,4,11,19,4,0,1
401360015,2022,2021-11-13,2021-11-14 03:30:00,16,Timberwolves,Minnesota,MIN,40,102,39.2,11,36,30.6,11,16,68.8,12,29,25,8,6,10,15,2,1,0
401360015,2022,2021-11-13,2021-11-14 03:30:00,12,Clippers,LA,LAC,53,99,53.5,16,40,40.0,7,9,77.8,11,46,35,6,8,14,17,31,0,0
401359998,2022,2021-11-12,2021-11-13 00:00:00,18,Knicks,New York,NY,36,93,38.7,13,35,37.1,11,18,61.1,14,37,17,8,5,19,22,16,0,0
401359998,2022,2021-11-12,2021-11-13 00:00:00,30,Hornets,Charlotte,CHA,39,90,43.3,10,36,27.8,16,24,66.7,12,37,25,10,5,12,18,11,2,1
401359999,2022,2021-11-12,2021-11-13 00:30:00,15,Bucks,Milwaukee,MIL,44,98,44.9,16,47,34.0,9,11,81.8,12,27,23,7,3,11,19,4,2,0
401359999,2022,2021-11-12,2021-11-13 00:30:00,2,Celtics,Boston,BOS,47,96,49.0,12,41,29.3,16,18,88.9,16,37,22,5,7,16,12,10,1,0
401360000,2022,2021-11-12,2021-11-13 00:30:00,8,Pistons,Detroit,DET,29,79,36.7,9,30,30.0,11,13,84.6,10,33,18,12,5,23,13,1,0,1
401360000,2022,2021-11-12,2021-11-13 00:30:00,5,Cavaliers,Cleveland,CLE,39,82,47.6,14,41,34.1,6,9,66.7,8,32,27,12,6,19,11,27,2,1
401360001,2022,2021-11-12,2021-11-13 01:00:00,22,Trail Blazers,Portland,POR,34,87,39.1,11,36,30.6,25,31,80.6,11,41,21,10,4,13,27,17,1,0
401360001,2022,2021-11-12,2021-11-13 01:00:00,10,Rockets,Houston,HOU,34,85,40.0,7,32,21.9,17,27,63.0,9,40,13,6,6,13,23,8,0,3
401360002,2022,2021-11-12,2021-11-13 01:00:00,21,Suns,Phoenix,PHX,46,94,48.9,18,37,48.6,9,9,100.0,4,42,28,12,6,12,22,38,0,1
401360002,2022,2021-11-12,2021-11-13 01:00:00,29,Grizzlies,Memphis,MEM,37,98,37.8,7,33,21.2,13,23,56.5,17,42,19,6,6,15,16,0,0,0
401360003,2022,2021-11-12,2021-11-13 01:00:00,17,Nets,Brooklyn,BKN,41,82,50.0,18,34,52.9,20,27,74.1,7,27,27,9,4,12,20,21,0,0
401360003,2022,2021-11-12,2021-11-13 01:00:00,3,Pelicans,New Orleans,NO,43,88,48.9,13,32,40.6,13,16,81.3,12,31,26,6,5,15,26,5,1,0
401360004,2022,2021-11-12,2021-11-13 01:00:00,23,Kings,Sacramento,SAC,38,95,40.0,14,41,34.1,13,17,76.5,11,38,20,5,7,13,12,18,1,0
401360004,2022,2021-11-12,2021-11-13 01:00:00,25,Thunder,Oklahoma City,OKC,42,99,42.4,10,30,33.3,11,15,73.3,16,36,13,8,6,10,18,5,0,0
401360005,2022,2021-11-12,2021-11-13 01:30:00,6,Mavericks,Dallas,DAL,46,100,46.0,18,45,40.0,13,19,68.4,10,38,30,9,7,5,18,27,1,0
401360005,2022,2021-11-12,2021-11-13 01:30:00,24,Spurs,San Antonio,SA,41,84,48.8,13,30,43.3,14,20,70.0,3,38,30,3,3,13,17,5,0,0
401360006,2022,2021-11-12,2021-11-13 02:00:00,1,Hawks,Atlanta,ATL,38,93,40.9,5,28,17.9,15,21,71.4,14,36,20,2,5,8,20,5,0,1
401360006,2022,2021-11-12,2021-11-13 02:00:00,7,Nuggets,Denver,DEN,40,90,44.4,10,35,28.6,15,20,75.0,10,39,26,6,5,7,21,15,1,0
401360007,2022,2021-11-12,2021-11-13 03:00:00,4,Bulls,Chicago,CHI,34,78,43.6,8,27,29.6,17,22,77.3,7,31,18,9,2,20,16,10,0,0
401360007,2022,2021-11-12,2021-11-13 03:00:00,9,Warriors,Golden State,GS,45,93,48.4,15,46,32.6,14,16,87.5,12,35,27,15,3,16,15,27,0,0
401360008,2022,2021-11-12,2021-11-13 03:30:00,16,Timberwolves,Minnesota,MIN,43,94,45.7,12,37,32.4,9,12,75.0,14,40,24,10,4,16,21,33,0,1
401360008,2022,2021-11-12,2021-11-13 03:30:00,13,Lakers,Los Angeles,LAL,29,82,35.4,9,41,22.0,16,20,80.0,11,33,17,12,8,19,14,11,1,1
401359995,2022,2021-11-11,2021-11-12 00:00:00,28,Raptors,Toronto,TOR,42,96,43.8,14,33,42.4,17,17,100.0,16,31,25,10,7,11,18,10,1,0
401359995,2022,2021-11-11,2021-11-12 00:00:00,20,76ers,Philadelphia,PHI,40,88,45.5,11,34,32.4,18,19,94.7,9,30,29,8,8,12,16,10,0,0
401359996,2022,2021-11-11,2021-11-12 02:00:00,11,Pacers,Indiana,IND,43,96,44.8,11,31,35.5,14,19,73.7,15,38,19,7,5,10,23,15,3,2
401359996,2022,2021-11-11,2021-11-12 02:00:00,26,Jazz,Utah,UTAH,39,83,47.0,9,32,28.1,13,23,56.5,7,30,22,6,4,12,16,6,0,5
401359997,2022,2021-11-11,2021-11-12 03:30:00,14,Heat,Miami,MIA,43,97,44.3,9,41,22.0,14,17,82.4,18,32,18,9,4,15,21,17,0,0
401359997,2022,2021-11-11,2021-11-12 03:30:00,12,Clippers,LA,LAC,43,91,47.3,11,37,29.7,15,17,88.2,9,33,20,9,9,12,14,11,0,0
401359982,2022,2021-11-10,2021-11-11 00:00:00,27,Wizards,Washington,WSH,35,84,41.7,10,28,35.7,17,17,100.0,12,37,25,9,2,12,20,7,0,1
401359982,2022,2021-11-10,2021-11-11 00:00:00,5,Cavaliers,Cleveland,CLE,35,76,46.1,9,31,29.0,15,21,71.4,6,34,21,7,4,14,18,10,1,0
401359983,2022,2021-11-10,2021-11-11 00:00:00,17,Nets,Brooklyn,BKN,46,91,50.5,16,37,43.2,15,17,88.2,8,41,29,8,5,15,18,34,0,0
401359983,2022,2021-11-10,2021-11-11 00:00:00,19,Magic,Orlando,ORL,35,92,38.0,4,33,12.1,16,24,66.7,12,37,19,10,3,17,18,0,0,2
401359984,2022,2021-11-10,2021-11-11 00:30:00,28,Raptors,Toronto,TOR,33,77,42.9,6,25,24.0,16,19,84.2,6,35,20,8,8,18,17,0,0,0
401359984,2022,2021-11-10,2021-11-11 00:30:00,2,Celtics,Boston,BOS,42,94,44.7,10,29,34.5,10,15,66.7,12,32,21,10,5,15,13,18,0,1
401359985,2022,2021-11-10,2021-11-11 00:30:00,15,Bucks,Milwaukee,MIL,40,90,44.4,26,50,52.0,6,9,66.7,13,37,29,4,4,14,17,24,1,1
401359985,2022,2021-11-10,2021-11-11 00:30:00,18,Knicks,New York,NY,36,83,43.4,16,37,43.2,12,17,70.6,7,31,19,9,10,10,17,3,1,0
401359986,2022,2021-11-10,2021-11-11 00:30:00,8,Pistons,Detroit,DET,42,97,43.3,16,48,33.3,12,18,66.7,16,33,23,6,6,14,26,14,0,1
401359986,2022,2021-11-10,2021-11-11 00:30:00,10,Rockets,Houston,HOU,35,82,42.7,12,34,35.3,22,34,64.7,8,34,17,5,5,13,20,8,3,1
401359987,2022,2021-11-10,2021-11-11 01:00:00,6,Mavericks,Dallas,DAL,38,83,45.8,12,33,36.4,19,24,79.2,8,35,23,9,4,12,16,7,0,1
401359987,2022,2021-11-10,2021-11-11 01:00:00,4,Bulls,Chicago,CHI,45,89,50.6,15,31,48.4,12,14,85.7,8,38,26,9,2,11,15,18,0,1
401359988,2022,2021-11-10,2021-11-11 01:00:00,30,Hornets,Charlotte,CHA,41,90,45.6,15,36,41.7,21,24,87.5,9,40,32,13,7,17,16,14,0,2
401359988,2022,2021-11-10,2021-11-11 01:00:00,29,Grizzlies,Memphis,MEM,45,107,42.1,9,38,23.7,9,15,60.0,20,37,27,14,8,16,18,8,0,2
401359989,2022,2021-11-10,2021-11-11 01:00:00,25,Thunder,Oklahoma City,OKC,37,87,42.5,10,34,29.4,24,30,80.0,13,43,23,6,4,18,23,21,0,0
401359989,2022,2021-11-10,2021-11-11 01:00:00,3,Pelicans,New Orleans,NO,34,97,35.1,9,35,25.7,23,32,71.9,19,31,24,13,5,9,20,8,1,5
401359990,2022,2021-11-10,2021-11-11 01:30:00,23,Kings,Sacramento,SAC,47,91,51.6,10,36,27.8,13,16,81.3,11,33,20,4,6,15,26,0,0,0
401359990,2022,2021-11-10,2021-11-11 01:30:00,24,Spurs,San Antonio,SA,49,92,53.3,18,32,56.3,20,31,64.5,12,31,34,11,3,8,16,25,0,0
401359991,2022,2021-11-10,2021-11-11 02:00:00,11,Pacers,Indiana,IND,40,84,47.6,11,31,35.5,7,11,63.6,10,38,22,5,11,12,19,8,3,0
401359991,2022,2021-11-10,2021-11-11 02:00:00,7,Nuggets,Denver,DEN,36,84,42.9,12,30,40.0,17,20,85.0,11,28,19,5,4,10,14,8,0,1
401359992,2022,2021-11-10,2021-11-11 02:00:00,22,Trail Blazers,Portland,POR,44,91,48.4,7,30,23.3,14,16,87.5,14,32,24,5,2,14,21,7,2,1
401359992,2022,2021-11-10,2021-11-11 02:00:00,21,Suns,Phoenix,PHX,49,94,52.1,11,28,39.3,10,12,83.3,9,30,27,6,6,10,20,15,1,2
401359993,2022,2021-11-10,2021-11-11 03:00:00,16,Timberwolves,Minnesota,MIN,39,95,41.1,17,44,38.6,15,20,75.0,17,23,30,8,4,17,28,2,0,0
401359993,2022,2021-11-10,2021-11-11 03:00:00,9,Warriors,Golden State,GS,40,85,47.1,11,40,27.5,32,40,80.0,20,33,23,14,6,16,21,20,0,0
401359994,2022,2021-11-10,2021-11-11 03:00:00,14,Heat,Miami,MIA,40,96,41.7,10,37,27.0,27,35,77.1,11,36,26,14,2,14,25,9,0,1
401359994,2022,2021-11-10,2021-11-11 03:00:00,13,Lakers,Los Angeles,LAL,46,92,50.0,18,38,47.4,10,16,62.5,9,41,26,5,6,22,27,8,1,1
401359979,2022,2021-11-09,2021-11-10 00:30:00,15,Bucks,Milwaukee,MIL,44,95,46.3,15,39,38.5,15,21,71.4,12,40,21,5,6,8,10,9,1,0
401359979,2022,2021-11-09,2021-11-10 00:30:00,20,76ers,Philadelphia,PHI,42,103,40.8,14,43,32.6,11,12,91.7,13,33,21,7,7,7,20,13,0,1
401359980,2022,2021-11-09,2021-11-10 02:00:00,1,Hawks,Atlanta,ATL,37,85,43.5,18,35,51.4,6,10,60.0,6,26,22,6,5,11,18,3,2,0
401359980,2022,2021-11-09,2021-11-10 02:00:00,26,Jazz,Utah,UTAH,41,81,50.6,15,38,39.5,13,16,81.3,8,36,21,8,4,14,20,18,1,1
401359981,2022,2021-11-09,2021-11-10 03:00:00,22,Trail Blazers,Portland,POR,43,91,47.3,14,37,37.8,9,12,75.0,9,34,29,6,5,9,15,6,1,0
401359981,2022,2021-11-09,2021-11-10 03:00:00,12,Clippers,LA,LAC,44,85,51.8,16,30,53.3,13,19,68.4,5,38,25,5,0,8,17,12,0,0
401359971,2022,2021-11-08,2021-11-09 00:00:00,18,Knicks,New York,NY,40,91,44.0,13,40,32.5,10,13,76.9,14,41,25,4,4,13,18,19,0,0
401359971,2022,2021-11-08,2021-11-09 00:00:00,20,76ers,Philadelphia,PHI,35,91,38.5,13,40,32.5,13,16,81.3,12,35,20,7,6,8,13,3,1,0
401359972,2022,2021-11-08,2021-11-09 01:00:00,17,Nets,Brooklyn,BKN,34,86,39.5,11,33,33.3,16,19,84.2,6,36,19,6,7,14,16,8,1,0
401359972,2022,2021-11-08,2021-11-09 01:00:00,4,Bulls,Chicago,CHI,46,98,46.9,9,31,29.0,17,20,85.0,15,41,21,8,5,9,17,23,0,0
401359973,2022,2021-11-08,2021-11-09 01:00:00,16,Timberwolves,Minnesota,MIN,41,97,42.3,17,45,37.8,19,23,82.6,15,30,23,7,8,13,27,16,3,1
401359973,2022,2021-11-08,2021-11-09 01:00:00,29,Grizzlies,Memphis,MEM,46,92,50.0,11,28,39.3,22,26,84.6,15,36,28,7,8,13,22,9,3,0
401359974,2022,2021-11-08,2021-11-09 01:30:00,3,Pelicans,New Orleans,NO,37,87,42.5,9,34,26.5,9,11,81.8,9,30,27,7,0,13,16,11,1,1
401359974,2022,2021-11-08,2021-11-09 01:30:00,6,Mavericks,Dallas,DAL,43,85,50.6,14,35,40.0,8,13,61.5,9,37,27,7,3,12,15,22,1,0
401359975,2022,2021-11-08,2021-11-09 02:00:00,14,Heat,Miami,MIA,31,78,39.7,13,36,36.1,21,25,84.0,6,31,22,3,3,13,20,1,0,3
401359975,2022,2021-11-08,2021-11-09 02:00:00,7,Nuggets,Denver,DEN,42,91,46.2,12,41,29.3,17,24,70.8,12,37,28,7,5,9,23,23,1,3
401359976,2022,2021-11-08,2021-11-09 03:00:00,1,Hawks,Atlanta,ATL,38,82,46.3,17,43,39.5,20,26,76.9,3,32,21,6,2,18,16,15,0,1
401359976,2022,2021-11-08,2021-11-09 03:00:00,9,Warriors,Golden State,GS,44,92,47.8,18,44,40.9,21,22,95.5,10,29,31,13,4,13,22,23,1,1
401359977,2022,2021-11-08,2021-11-09 03:00:00,21,Suns,Phoenix,PHX,44,93,47.3,12,30,40.0,9,11,81.8,5,33,28,14,9,14,21,24,1,2
401359977,2022,2021-11-08,2021-11-09 03:00:00,23,Kings,Sacramento,SAC,37,82,45.1,10,24,41.7,20,26,76.9,8,38,18,6,6,24,18,5,0,0
401359978,2022,2021-11-08,2021-11-09 03:30:00,30,Hornets,Charlotte,CHA,43,99,43.4,14,42,33.3,23,28,82.1,14,41,23,5,3,18,23,8,0,5
401359978,2022,2021-11-08,2021-11-09 03:30:00,13,Lakers,Los Angeles,LAL,44,91,48.4,13,32,40.6,25,35,71.4,8,43,30,11,8,15,23,14,0,3
401359963,2022,2021-11-07,2021-11-07 20:30:00,17,Nets,Brooklyn,BKN,41,80,51.2,17,38,44.7,17,20,85.0,12,36,29,3,0,15,15,15,0,1
401359963,2022,2021-11-07,2021-11-07 20:30:00,28,Raptors,Toronto,TOR,41,87,47.1,7,30,23.3,14,18,77.8,8,27,23,10,6,8,16,7,0,2
401359964,2022,2021-11-07,2021-11-07 23:00:00,5,Cavaliers,Cleveland,CLE,49,90,54.4,19,35,54.3,9,11,81.8,11,37,31,8,2,15,18,17,2,0
401359964,2022,2021-11-07,2021-11-07 23:00:00,18,Knicks,New York,NY,39,85,45.9,9,31,29.0,22,24,91.7,7,25,21,9,9,10,14,7,1,0
401359965,2022,2021-11-07,2021-11-07 23:00:00,26,Jazz,Utah,UTAH,34,89,38.2,8,42,19.0,24,29,82.8,16,34,21,10,7,17,17,13,1,0
401359965,2022,2021-11-07,2021-11-07 23:00:00,19,Magic,Orlando,ORL,43,87,49.4,12,32,37.5,9,11,81.8,7,32,24,8,8,13,22,15,0,1
401359966,2022,2021-11-07,2021-11-07 23:00:00,15,Bucks,Milwaukee,MIL,37,94,39.4,10,36,27.8,10,18,55.6,16,33,17,14,3,12,10,5,1,2
401359966,2022,2021-11-07,2021-11-07 23:00:00,27,Wizards,Washington,WSH,41,81,50.6,11,27,40.7,8,13,61.5,4,38,24,8,8,19,16,12,0,0
401359967,2022,2021-11-07,2021-11-07 23:00:00,11,Pacers,Indiana,IND,37,83,44.6,6,25,24.0,14,18,77.8,13,41,13,8,7,19,24,15,2,0
401359967,2022,2021-11-07,2021-11-07 23:00:00,23,Kings,Sacramento,SAC,31,84,36.9,10,34,29.4,19,22,86.4,8,25,20,14,6,12,18,3,0,0
401359968,2022,2021-11-07,2021-11-08 00:00:00,24,Spurs,San Antonio,SA,41,100,41.0,6,30,20.0,6,9,67.0,11,35,29,9,10,9,16,16,0,0
401359968,2022,2021-11-07,2021-11-08 00:00:00,25,Thunder,Oklahoma City,OKC,35,94,37.0,12,42,29.0,17,20,85.0,15,42,21,5,7,13,14,10,2,0
401359969,2022,2021-11-07,2021-11-08 01:30:00,10,Rockets,Houston,HOU,36,79,45.6,10,33,30.3,25,37,67.6,12,30,17,11,3,21,16,4,0,0
401359969,2022,2021-11-07,2021-11-08 01:30:00,9,Warriors,Golden State,GS,44,85,51.8,15,46,32.6,17,20,85.0,7,34,31,12,3,15,28,21,2,1
401359970,2022,2021-11-07,2021-11-08 02:00:00,30,Hornets,Charlotte,CHA,41,101,40.6,10,33,30.3,14,18,77.8,12,32,20,13,2,13,21,13,0,0
401359970,2022,2021-11-07,2021-11-08 02:00:00,12,Clippers,LA,LAC,41,86,47.7,18,48,37.5,20,21,95.2,7,43,24,8,5,20,16,14,0,0
401359957,2022,2021-11-06,2021-11-06 21:00:00,10,Rockets,Houston,HOU,35,75,46.7,8,28,28.6,16,24,66.7,7,40,19,8,6,16,16,9,1,0
401359957,2022,2021-11-06,2021-11-06 21:00:00,7,Nuggets,Denver,DEN,36,89,40.4,9,40,22.5,14,17,82.4,10,35,19,10,5,11,20,8,0,0
401359958,2022,2021-11-06,2021-11-06 23:30:00,26,Jazz,Utah,UTAH,43,83,51.8,15,45,33.3,14,19,73.7,7,24,26,10,3,6,19,5,0,1
401359958,2022,2021-11-06,2021-11-06 23:30:00,14,Heat,Miami,MIA,47,78,60.3,11,21,52.4,13,17,76.5,7,29,30,3,1,14,18,19,0,1
401359959,2022,2021-11-06,2021-11-07 00:00:00,20,76ers,Philadelphia,PHI,43,81,53.1,13,26,50.0,15,19,78.9,6,35,22,6,5,14,22,14,0,1
401359959,2022,2021-11-06,2021-11-07 00:00:00,4,Bulls,Chicago,CHI,37,92,40.2,7,29,24.1,24,30,80.0,18,28,20,7,1,9,19,6,0,0
401359960,2022,2021-11-06,2021-11-07 00:30:00,2,Celtics,Boston,BOS,42,86,48.8,9,31,29.0,11,16,68.8,8,28,20,6,2,11,14,2,0,0
401359960,2022,2021-11-06,2021-11-07 00:30:00,6,Mavericks,Dallas,DAL,41,78,52.6,13,39,33.3,12,14,85.7,7,33,19,7,6,15,18,19,0,0
401359961,2022,2021-11-06,2021-11-07 02:00:00,1,Hawks,Atlanta,ATL,42,97,43.3,13,33,39.4,20,23,87.0,14,36,18,3,1,12,16,12,0,1
401359961,2022,2021-11-06,2021-11-07 02:00:00,21,Suns,Phoenix,PHX,45,88,51.1,14,43,32.6,17,21,81.0,5,37,26,8,6,12,22,6,0,0
401359962,2022,2021-11-06,2021-11-07 02:30:00,13,Lakers,Los Angeles,LAL,31,90,34.4,9,32,28.1,19,24,79.2,11,48,20,8,5,19,17,0,0,0
401359962,2022,2021-11-06,2021-11-07 02:30:00,22,Trail Blazers,Portland,POR,36,95,37.9,15,55,27.3,18,24,75.0,12,40,22,14,7,11,21,34,1,0
401359948,2022,2021-11-05,2021-11-05 23:00:00,17,Nets,Brooklyn,BKN,36,80,45.0,11,27,40.7,13,14,92.9,4,41,25,3,4,16,21,16,1,1
401359948,2022,2021-11-05,2021-11-05 23:00:00,8,Pistons,Detroit,DET,33,87,37.9,11,34,32.4,13,18,72.2,7,37,17,11,6,13,22,3,1,1
401359949,2022,2021-11-05,2021-11-05 23:00:00,24,Spurs,San Antonio,SA,40,90,44.4,6,19,31.6,16,18,88.9,5,43,23,11,7,13,14,16,0,0
401359949,2022,2021-11-05,2021-11-05 23:00:00,19,Magic,Orlando,ORL,35,89,39.3,12,41,29.3,7,10,70.0,7,36,23,9,12,18,13,5,0,0
401359950,2022,2021-11-05,2021-11-05 23:00:00,29,Grizzlies,Memphis,MEM,34,96,35.4,6,31,19.4,13,17,76.5,12,27,19,12,4,9,15,2,0,1
401359950,2022,2021-11-05,2021-11-05 23:00:00,27,Wizards,Washington,WSH,49,84,58.3,10,25,40.0,7,13,53.8,5,48,34,4,6,18,13,32,1,3
401359951,2022,2021-11-05,2021-11-05 23:30:00,5,Cavaliers,Cleveland,CLE,38,83,45.8,10,30,33.3,16,19,84.2,11,28,22,4,3,17,13,1,1,0
401359951,2022,2021-11-05,2021-11-05 23:30:00,28,Raptors,Toronto,TOR,42,99,42.4,12,27,44.4,5,9,55.6,19,26,20,10,8,9,19,15,1,0
401359952,2022,2021-11-05,2021-11-05 23:30:00,18,Knicks,New York,NY,41,96,42.7,10,40,25.0,21,26,80.8,20,39,16,12,4,14,17,22,1,0
401359952,2022,2021-11-05,2021-11-05 23:30:00,15,Bucks,Milwaukee,MIL,33,82,40.2,16,43,37.2,16,21,76.2,7,30,19,5,5,15,20,21,0,1
401359953,2022,2021-11-05,2021-11-06 00:00:00,12,Clippers,LA,LAC,36,88,40.9,6,28,21.4,26,32,81.3,15,47,18,12,4,17,16,21,0,1
401359953,2022,2021-11-05,2021-11-06 00:00:00,16,Timberwolves,Minnesota,MIN,31,89,34.8,17,52,32.7,5,7,71.4,7,35,17,8,7,21,33,20,1,0
401359954,2022,2021-11-05,2021-11-06 02:00:00,3,Pelicans,New Orleans,NO,31,88,35.2,11,44,25.0,12,16,75.0,11,31,23,6,3,17,18,7,2,0
401359954,2022,2021-11-05,2021-11-06 02:00:00,9,Warriors,Golden State,GS,47,91,51.6,20,50,40.0,12,14,85.7,9,40,36,10,4,11,16,44,0,3
401359955,2022,2021-11-05,2021-11-06 02:00:00,11,Pacers,Indiana,IND,43,88,48.9,14,42,33.3,6,10,60.0,7,33,28,8,2,11,18,9,0,0
401359955,2022,2021-11-05,2021-11-06 02:00:00,22,Trail Blazers,Portland,POR,40,82,48.8,17,39,43.6,13,15,86.7,6,36,27,7,4,13,15,16,1,0
401359956,2022,2021-11-05,2021-11-06 02:00:00,30,Hornets,Charlotte,CHA,43,92,46.7,11,35,31.4,13,21,61.9,7,21,29,8,5,10,19,3,0,0
401359956,2022,2021-11-05,2021-11-06 02:00:00,23,Kings,Sacramento,SAC,48,87,55.2,22,44,50.0,22,26,84.6,13,43,29,5,1,18,21,30,0,0
401359943,2022,2021-11-04,2021-11-04 23:00:00,20,76ers,Philadelphia,PHI,41,83,49.4,12,32,37.5,15,22,68.2,15,34,22,8,3,12,17,16,3,0
401359943,2022,2021-11-04,2021-11-04 23:00:00,8,Pistons,Detroit,DET,35,87,40.2,11,36,30.6,17,19,89.5,12,29,21,6,2,11,18,8,0,1
401359944,2022,2021-11-04,2021-11-04 23:30:00,26,Jazz,Utah,UTAH,41,81,50.6,17,41,41.5,17,23,73.9,8,38,30,6,4,14,20,22,3,2
401359944,2022,2021-11-04,2021-11-04 23:30:00,1,Hawks,Atlanta,ATL,35,82,42.7,7,28,25.0,21,26,80.8,5,27,18,11,4,9,24,9,0,0
401359945,2022,2021-11-04,2021-11-04 23:30:00,2,Celtics,Boston,BOS,31,78,39.7,16,41,39.0,17,20,85.0,11,35,16,7,4,16,16,26,0,2
401359945,2022,2021-11-04,2021-11-04 23:30:00,14,Heat,Miami,MIA,28,81,34.6,9,41,22.0,13,19,68.4,13,32,18,8,0,18,19,8,0,1
401359946,2022,2021-11-04,2021-11-05 02:00:00,10,Rockets,Houston,HOU,38,88,43.2,11,32,34.4,24,28,85.7,7,36,25,4,4,18,21,9,1,0
401359946,2022,2021-11-04,2021-11-05 02:00:00,21,Suns,Phoenix,PHX,44,93,47.3,14,31,45.2,21,23,91.3,13,33,29,12,8,12,24,15,0,2
401359947,2022,2021-11-04,2021-11-05 02:30:00,25,Thunder,Oklahoma City,OKC,37,87,42.5,15,41,36.6,18,26,69.2,12,38,23,7,2,16,16,6,0,1
401359947,2022,2021-11-04,2021-11-05 02:30:00,13,Lakers,Los Angeles,LAL,39,94,41.5,12,33,36.4,14,17,82.4,16,33,22,8,5,13,21,19,1,2
401359932,2022,2021-11-03,2021-11-03 23:00:00,22,Trail Blazers,Portland,POR,40,90,44.4,13,37,35.1,11,17,64.7,10,29,24,12,6,9,19,8,0,0
401359932,2022,2021-11-03,2021-11-03 23:00:00,5,Cavaliers,Cleveland,CLE,39,74,52.7,15,30,50.0,14,18,77.8,5,38,29,4,2,17,14,12,2,0
401359933,2022,2021-11-03,2021-11-03 23:00:00,18,Knicks,New York,NY,36,87,41.4,5,24,20.8,21,27,77.8,14,32,23,7,6,10,19,0,0,0
401359933,2022,2021-11-03,2021-11-03 23:00:00,11,Pacers,Indiana,IND,42,91,46.2,16,41,39.0,11,14,78.6,10,39,26,7,7,11,22,15,2,0
401359934,2022,2021-11-03,2021-11-03 23:00:00,2,Celtics,Boston,BOS,33,79,41.8,10,37,27.0,16,25,64.0,9,41,24,7,9,11,20,23,0,1
401359934,2022,2021-11-03,2021-11-03 23:00:00,19,Magic,Orlando,ORL,27,84,32.1,9,43,20.9,16,20,80.0,8,38,15,8,1,14,20,8,1,0
401359935,2022,2021-11-03,2021-11-03 23:00:00,4,Bulls,Chicago,CHI,38,82,46.3,6,21,28.6,16,18,88.9,9,38,19,11,4,15,17,2,1,0
401359935,2022,2021-11-03,2021-11-03 23:00:00,20,76ers,Philadelphia,PHI,38,77,49.4,12,28,42.9,15,21,71.4,5,30,24,9,4,14,15,18,0,1
401359936,2022,2021-11-03,2021-11-03 23:00:00,28,Raptors,Toronto,TOR,41,88,46.6,10,25,40.0,17,20,85.0,10,32,17,10,3,10,23,16,2,0
401359936,2022,2021-11-03,2021-11-03 23:00:00,27,Wizards,Washington,WSH,34,78,43.6,8,32,25.0,24,30,80.0,10,34,19,6,7,13,15,4,0,1
401359937,2022,2021-11-03,2021-11-03 23:30:00,1,Hawks,Atlanta,ATL,41,94,43.6,13,35,37.1,13,15,86.7,12,40,23,8,4,14,16,6,0,0
401359937,2022,2021-11-03,2021-11-03 23:30:00,17,Nets,Brooklyn,BKN,43,88,48.9,22,48,45.8,9,12,75.0,7,35,34,7,8,14,18,17,2,0
401359938,2022,2021-11-03,2021-11-04 00:00:00,7,Nuggets,Denver,DEN,43,91,47.3,8,27,29.6,12,13,92.3,11,33,24,7,4,11,16,10,1,0
401359938,2022,2021-11-03,2021-11-04 00:00:00,29,Grizzlies,Memphis,MEM,42,81,51.9,16,34,47.1,8,14,57.1,3,33,28,9,7,11,16,20,1,1
401359939,2022,2021-11-03,2021-11-04 00:00:00,12,Clippers,LA,LAC,47,78,60.3,21,36,58.3,11,12,91.7,3,32,33,6,7,20,14,15,1,1
401359939,2022,2021-11-03,2021-11-04 00:00:00,16,Timberwolves,Minnesota,MIN,43,94,45.7,14,40,35.0,15,16,93.8,15,24,27,11,2,16,16,5,1,1
401359940,2022,2021-11-03,2021-11-04 00:30:00,6,Mavericks,Dallas,DAL,40,93,43.0,8,34,23.5,21,29,72.4,15,41,21,10,4,19,23,12,0,2
401359940,2022,2021-11-03,2021-11-04 00:30:00,24,Spurs,San Antonio,SA,43,88,48.9,7,21,33.3,15,20,75.0,5,35,25,10,10,15,24,10,0,0
401359941,2022,2021-11-03,2021-11-04 02:00:00,30,Hornets,Charlotte,CHA,34,91,37.4,10,36,27.8,14,19,73.7,9,40,18,10,2,16,14,7,0,0
401359941,2022,2021-11-03,2021-11-04 02:00:00,9,Warriors,Golden State,GS,42,86,48.8,18,45,40.0,12,18,66.7,7,46,33,14,4,16,17,22,1,2
401359942,2022,2021-11-03,2021-11-04 02:00:00,3,Pelicans,New Orleans,NO,37,86,43.0,12,34,35.3,13,15,86.7,8,32,24,1,3,16,16,8,1,2
401359942,2022,2021-11-03,2021-11-04 02:00:00,23,Kings,Sacramento,SAC,42,80,52.5,10,30,33.3,18,22,81.8,4,33,27,8,7,8,21,16,0,2
401359927,2022,2021-11-02,2021-11-02 23:00:00,15,Bucks,Milwaukee,MIL,42,84,50.0,17,37,45.9,16,21,76.2,9,43,28,7,8,15,23,36,2,1
401359927,2022,2021-11-02,2021-11-02 23:00:00,8,Pistons,Detroit,DET,30,93,32.3,8,47,17.0,21,30,70.0,14,29,21,5,5,14,22,2,0,1
401359928,2022,2021-11-02,2021-11-02 23:30:00,14,Heat,Miami,MIA,43,83,51.8,13,25,52.0,26,30,86.7,9,36,25,6,5,6,25,18,1,1
401359928,2022,2021-11-02,2021-11-02 23:30:00,6,Mavericks,Dallas,DAL,37,84,44.0,14,42,33.3,22,31,71.0,11,30,17,1,3,9,21,11,1,0
401359929,2022,2021-11-02,2021-11-03 01:00:00,23,Kings,Sacramento,SAC,42,93,45.2,12,31,38.7,17,24,70.8,6,32,24,8,8,11,24,4,0,2
401359929,2022,2021-11-02,2021-11-03 01:00:00,26,Jazz,Utah,UTAH,43,98,43.9,14,48,29.2,19,27,70.4,15,44,16,7,6,16,23,9,1,1
401359930,2022,2021-11-02,2021-11-03 02:00:00,3,Pelicans,New Orleans,NO,36,91,39.6,13,39,33.3,15,16,93.8,14,29,21,17,6,17,16,20,1,0
401359930,2022,2021-11-02,2021-11-03 02:00:00,21,Suns,Phoenix,PHX,43,82,52.4,9,26,34.6,17,18,94.4,7,35,32,8,4,19,17,12,0,0
401359931,2022,2021-11-02,2021-11-03 02:30:00,10,Rockets,Houston,HOU,48,91,52.7,16,42,38.1,5,12,41.7,11,27,27,8,4,24,21,11,1,1
401359931,2022,2021-11-02,2021-11-03 02:30:00,13,Lakers,Los Angeles,LAL,49,93,52.7,6,25,24.0,15,20,75.0,11,32,26,10,4,17,19,8,0,4
401359918,2022,2021-11-01,2021-11-01 23:00:00,5,Cavaliers,Cleveland,CLE,39,90,43.3,9,28,32.1,26,38,68.4,17,32,21,12,7,16,14,19,0,1
401359918,2022,2021-11-01,2021-11-01 23:00:00,30,Hornets,Charlotte,CHA,42,101,41.6,15,39,38.5,11,15,73.3,20,26,27,12,12,17,23,3,0,3
401359919,2022,2021-11-01,2021-11-01 23:00:00,24,Spurs,San Antonio,SA,47,89,52.8,14,28,50.0,10,14,71.4,8,28,34,6,4,16,9,1,1,0
401359919,2022,2021-11-01,2021-11-01 23:00:00,11,Pacers,Indiana,IND,52,91,57.1,18,38,47.4,9,12,75.0,10,29,37,11,4,14,19,26,2,0
401359920,2022,2021-11-01,2021-11-01 23:00:00,22,Trail Blazers,Portland,POR,40,84,47.6,12,34,35.3,11,18,61.1,13,32,21,5,2,14,15,6,1,0
401359920,2022,2021-11-01,2021-11-01 23:00:00,20,76ers,Philadelphia,PHI,43,83,51.8,13,36,36.1,14,16,87.5,7,27,34,11,6,10,18,12,1,0
401359921,2022,2021-11-01,2021-11-01 23:30:00,27,Wizards,Washington,WSH,41,86,47.7,13,39,33.3,16,16,100.0,7,29,27,7,4,12,24,6,0,0
401359921,2022,2021-11-01,2021-11-01 23:30:00,1,Hawks,Atlanta,ATL,38,83,45.8,13,34,38.2,29,29,100.0,13,34,24,9,5,11,17,17,0,0
401359922,2022,2021-11-01,2021-11-01 23:30:00,4,Bulls,Chicago,CHI,49,86,57.0,13,31,41.9,17,18,94.4,10,40,30,7,8,14,19,14,4,0
401359922,2022,2021-11-01,2021-11-01 23:30:00,2,Celtics,Boston,BOS,42,96,43.8,15,33,45.5,15,20,75.0,13,25,20,10,1,9,15,19,0,0
401359923,2022,2021-11-01,2021-11-01 23:30:00,28,Raptors,Toronto,TOR,43,99,43.4,14,42,33.3,13,14,92.9,13,35,24,12,4,8,20,15,1,0
401359923,2022,2021-11-01,2021-11-01 23:30:00,18,Knicks,New York,NY,35,76,46.1,16,38,42.1,18,24,75.0,7,34,20,3,4,16,13,15,1,0
401359924,2022,2021-11-01,2021-11-02 00:00:00,7,Nuggets,Denver,DEN,39,88,44.3,9,38,23.7,10,15,66.7,6,34,27,8,8,12,10,2,0,1
401359924,2022,2021-11-01,2021-11-02 00:00:00,29,Grizzlies,Memphis,MEM,44,97,45.4,13,34,38.2,5,7,71.4,11,44,20,8,4,12,18,14,1,1
401359925,2022,2021-11-01,2021-11-02 00:00:00,19,Magic,Orlando,ORL,37,82,45.1,17,43,39.5,24,30,80.0,12,39,21,5,7,16,19,21,0,1
401359925,2022,2021-11-01,2021-11-02 00:00:00,16,Timberwolves,Minnesota,MIN,36,97,37.1,14,51,27.5,11,19,57.9,16,31,21,8,1,12,20,13,2,1
401359926,2022,2021-11-01,2021-11-02 02:30:00,25,Thunder,Oklahoma City,OKC,35,90,38.9,11,37,29.7,13,16,81.3,10,41,17,8,6,16,18,15,0,0
401359926,2022,2021-11-01,2021-11-02 02:30:00,12,Clippers,LA,LAC,35,92,38.0,15,42,35.7,14,19,73.7,13,38,18,8,5,12,14,5,2,1
401359913,2022,2021-10-31,2021-10-31 19:30:00,23,Kings,Sacramento,SAC,38,96,39.6,7,36,19.4,16,20,80.0,17,39,20,6,3,12,19,1,1,0
401359913,2022,2021-10-31,2021-10-31 19:30:00,6,Mavericks,Dallas,DAL,40,90,44.4,12,37,32.4,13,20,65.0,10,35,24,8,4,9,20,15,1,1
401359914,2022,2021-10-31,2021-10-31 23:00:00,22,Trail Blazers,Portland,POR,43,97,44.3,17,54,31.5,10,11,90.9,15,32,30,4,5,12,18,8,0,0
401359914,2022,2021-10-31,2021-10-31 23:00:00,30,Hornets,Charlotte,CHA,46,89,51.7,20,42,47.6,13,21,61.9,10,34,36,4,6,8,18,13,1,0
401359915,2022,2021-10-31,2021-10-31 23:00:00,26,Jazz,Utah,UTAH,35,75,46.7,12,37,32.4,25,27,92.6,7,37,13,6,10,12,10,17,1,2
401359915,2022,2021-10-31,2021-10-31 23:00:00,15,Bucks,Milwaukee,MIL,39,96,40.6,12,41,29.3,5,6,83.3,13,31,16,7,3,9,22,0,2,0
401359916,2022,2021-10-31,2021-10-31 23:30:00,8,Pistons,Detroit,DET,32,79,40.5,12,33,36.4,15,22,68.2,7,22,21,12,3,15,18,1,0,0
401359916,2022,2021-10-31,2021-10-31 23:30:00,17,Nets,Brooklyn,BKN,47,72,65.3,13,25,52.0,10,16,62.5,2,39,30,7,2,19,19,30,1,0
401359917,2022,2021-10-31,2021-11-01 02:30:00,10,Rockets,Houston,HOU,32,76,42.1,6,28,21.4,15,29,51.7,10,45,18,8,3,25,18,1,2,1
401359917,2022,2021-10-31,2021-11-01 02:30:00,13,Lakers,Los Angeles,LAL,39,96,40.6,9,31,29.0,8,13,61.5,10,33,22,15,9,12,20,28,2,0
401359902,2022,2021-10-30,2021-10-30 21:00:00,2,Celtics,Boston,BOS,44,107,41.1,2,26,7.7,22,25,88.0,8,46,23,8,10,11,32,6,1,0
401359902,2022,2021-10-30,2021-10-30 21:00:00,27,Wizards,Washington,WSH,38,104,36.5,10,36,27.8,29,36,80.6,12,50,19,6,7,13,22,9,0,0
401359903,2022,2021-10-30,2021-10-30 23:00:00,19,Magic,Orlando,ORL,38,87,43.7,16,32,50.0,11,15,73.3,12,34,21,5,6,17,21,7,1,1
401359903,2022,2021-10-30,2021-10-30 23:00:00,8,Pistons,Detroit,DET,36,89,40.4,14,43,32.6,24,30,80.0,17,31,26,12,6,13,18,18,3,0
401359904,2022,2021-10-30,2021-10-30 23:00:00,18,Knicks,New York,NY,42,81,51.9,19,33,57.6,20,25,80.0,5,32,22,7,4,12,21,16,0,0
401359904,2022,2021-10-30,2021-10-30 23:00:00,3,Pelicans,New Orleans,NO,42,92,45.7,11,33,33.3,22,24,91.7,12,31,30,7,3,11,24,0,1,0
401359905,2022,2021-10-30,2021-10-30 23:30:00,28,Raptors,Toronto,TOR,39,92,42.4,11,32,34.4,8,12,66.7,12,36,18,8,4,15,17,8,3,0
401359905,2022,2021-10-30,2021-10-30 23:30:00,11,Pacers,Indiana,IND,35,81,43.2,13,43,30.2,11,16,68.8,8,32,25,8,10,19,17,7,1,0
401359906,2022,2021-10-30,2021-10-30 23:30:00,1,Hawks,Atlanta,ATL,36,95,37.9,8,22,36.4,14,19,73.7,20,29,24,6,1,19,17,2,0,1
401359906,2022,2021-10-30,2021-10-30 23:30:00,20,76ers,Philadelphia,PHI,46,86,53.5,12,38,31.6,18,19,94.7,5,32,24,11,6,12,24,33,0,1
401359907,2022,2021-10-30,2021-10-31 00:00:00,26,Jazz,Utah,UTAH,35,92,38.0,11,38,28.9,18,19,94.7,14,40,15,5,7,20,21,6,0,1
401359907,2022,2021-10-30,2021-10-31 00:00:00,4,Bulls,Chicago,CHI,39,91,42.9,5,21,23.8,24,30,80.0,9,36,16,8,5,9,19,17,0,0
401359908,2022,2021-10-30,2021-10-31 00:00:00,14,Heat,Miami,MIA,46,88,52.3,21,37,56.8,16,19,84.2,11,39,31,12,2,18,17,29,0,0
401359908,2022,2021-10-30,2021-10-31 00:00:00,29,Grizzlies,Memphis,MEM,34,88,38.6,16,50,32.0,19,21,90.5,8,24,26,14,7,14,17,0,0,1
401359909,2022,2021-10-30,2021-10-31 00:00:00,24,Spurs,San Antonio,SA,39,95,41.1,7,31,22.6,17,24,70.8,8,41,28,12,3,9,13,10,1,1
401359909,2022,2021-10-30,2021-10-31 00:00:00,15,Bucks,Milwaukee,MIL,36,89,40.4,10,39,25.6,11,16,68.8,9,43,20,6,2,19,18,7,2,0
401359910,2022,2021-10-30,2021-10-31 00:30:00,25,Thunder,Oklahoma City,OKC,29,83,34.9,8,39,20.5,16,21,76.2,3,42,14,8,6,15,8,0,0,0
401359910,2022,2021-10-30,2021-10-31 00:30:00,9,Warriors,Golden State,GS,39,92,42.4,21,54,38.9,4,8,50.0,10,46,30,9,8,15,21,31,1,0
401359911,2022,2021-10-30,2021-10-31 01:00:00,7,Nuggets,Denver,DEN,36,88,40.9,9,37,24.3,12,16,75.0,14,34,24,11,10,18,15,4,0,0
401359911,2022,2021-10-30,2021-10-31 01:00:00,16,Timberwolves,Minnesota,MIN,35,89,39.3,13,41,31.7,8,9,88.9,15,31,21,8,6,20,23,14,0,0
401359912,2022,2021-10-30,2021-10-31 02:00:00,5,Cavaliers,Cleveland,CLE,36,91,39.6,14,44,31.8,6,7,85.7,10,37,21,8,3,19,21,14,0,0
401359912,2022,2021-10-30,2021-10-31 02:00:00,21,Suns,Phoenix,PHX,39,84,46.4,6,26,23.1,17,27,63.0,8,44,27,12,3,13,14,24,2,0
401359895,2022,2021-10-29,2021-10-29 23:00:00,19,Magic,Orlando,ORL,41,87,47.1,16,34,47.1,11,16,68.8,12,34,24,1,5,17,24,7,0,0
401359895,2022,2021-10-29,2021-10-29 23:00:00,28,Raptors,Toronto,TOR,43,86,50.0,9,30,30.0,15,22,68.2,9,31,18,11,2,7,18,12,1,0
401359896,2022,2021-10-29,2021-10-29 23:30:00,11,Pacers,Indiana,IND,37,93,39.8,8,29,27.6,16,23,69.6,11,35,20,9,7,14,27,16,0,0
401359896,2022,2021-10-29,2021-10-29 23:30:00,17,Nets,Brooklyn,BKN,34,76,44.7,6,26,23.1,31,41,75.6,10,40,20,9,6,18,21,14,0,1
401359897,2022,2021-10-29,2021-10-29 23:30:00,30,Hornets,Charlotte,CHA,35,90,38.9,13,37,35.1,16,22,72.7,11,26,21,8,6,11,17,5,0,0
401359897,2022,2021-10-29,2021-10-29 23:30:00,14,Heat,Miami,MIA,43,91,47.3,9,35,25.7,19,19,100.0,16,44,23,6,3,17,20,26,1,0
401359898,2022,2021-10-29,2021-10-30 00:00:00,23,Kings,Sacramento,SAC,40,80,50.0,9,27,33.3,24,25,96.0,3,42,19,4,5,14,20,13,0,1
401359898,2022,2021-10-29,2021-10-30 00:00:00,3,Pelicans,New Orleans,NO,42,98,42.9,9,34,26.5,16,25,64.0,13,36,18,9,6,10,22,3,0,0
401359899,2022,2021-10-29,2021-10-30 02:00:00,6,Mavericks,Dallas,DAL,23,78,29.5,8,37,21.6,21,27,77.8,6,30,14,8,3,15,17,2,0,0
401359899,2022,2021-10-29,2021-10-30 02:00:00,7,Nuggets,Denver,DEN,43,83,51.8,11,36,30.6,9,13,69.2,5,46,28,8,3,19,24,35,1,1
401359900,2022,2021-10-29,2021-10-30 02:00:00,12,Clippers,LA,LAC,34,87,39.1,15,42,35.7,9,16,56.3,6,37,17,7,5,12,14,11,1,0
401359900,2022,2021-10-29,2021-10-30 02:00:00,22,Trail Blazers,Portland,POR,41,98,41.8,19,41,46.3,10,16,62.5,16,47,21,8,6,14,19,20,0,1
401359901,2022,2021-10-29,2021-10-30 02:30:00,5,Cavaliers,Cleveland,CLE,37,87,42.5,12,34,35.3,15,22,68.2,16,20,28,10,1,15,13,11,0,1
401359901,2022,2021-10-29,2021-10-30 02:30:00,13,Lakers,Los Angeles,LAL,46,84,54.8,12,27,44.4,9,10,90.0,11,31,24,9,6,20,20,15,2,0
401359889,2022,2021-10-28,2021-10-28 23:00:00,8,Pistons,Detroit,DET,35,86,40.7,13,39,33.3,19,27,70.4,10,27,22,11,4,12,22,5,2,1
401359889,2022,2021-10-28,2021-10-28 23:00:00,20,76ers,Philadelphia,PHI,38,76,50.0,12,27,44.4,22,24,91.7,6,40,22,7,9,20,23,22,1,1
401359890,2022,2021-10-28,2021-10-28 23:00:00,1,Hawks,Atlanta,ATL,48,88,54.5,6,21,28.6,9,14,64.3,6,37,26,4,3,13,16,6,0,4
401359890,2022,2021-10-28,2021-10-28 23:00:00,27,Wizards,Washington,WSH,46,99,46.5,13,34,38.2,17,21,81.0,14,37,26,6,4,6,16,20,3,2
401359891,2022,2021-10-28,2021-10-29 00:00:00,18,Knicks,New York,NY,39,85,45.9,11,29,37.9,15,20,75.0,11,38,16,5,7,13,21,13,0,0
401359891,2022,2021-10-28,2021-10-29 00:00:00,4,Bulls,Chicago,CHI,36,84,42.9,11,32,34.4,20,22,90.9,5,32,25,6,5,7,18,4,0,0
401359892,2022,2021-10-28,2021-10-29 00:00:00,26,Jazz,Utah,UTAH,41,85,48.2,16,46,34.8,24,30,80.0,10,48,24,8,4,16,23,36,4,1
401359892,2022,2021-10-28,2021-10-29 00:00:00,10,Rockets,Houston,HOU,31,95,32.6,9,44,20.5,20,23,87.0,13,28,15,8,3,11,24,2,0,0
401359893,2022,2021-10-28,2021-10-29 00:30:00,24,Spurs,San Antonio,SA,39,88,44.3,12,30,40.0,9,15,60.0,11,37,21,6,11,14,16,20,1,0
401359893,2022,2021-10-28,2021-10-29 00:30:00,6,Mavericks,Dallas,DAL,41,89,46.1,18,45,40.0,4,13,30.8,9,36,18,4,7,12,19,11,1,0
401359894,2022,2021-10-28,2021-10-29 02:00:00,29,Grizzlies,Memphis,MEM,39,97,40.2,12,48,25.0,14,14,100.0,10,41,25,17,9,17,14,3,1,1
401359894,2022,2021-10-28,2021-10-29 02:00:00,9,Warriors,Golden State,GS,39,90,43.3,14,40,35.0,9,12,75.0,7,41,29,8,7,22,17,19,1,0
401359879,2022,2021-10-27,2021-10-27 23:00:00,30,Hornets,Charlotte,CHA,43,83,51.8,14,30,46.7,20,24,83.3,10,30,22,14,4,16,14,9,1,0
401359879,2022,2021-10-27,2021-10-27 23:00:00,19,Magic,Orlando,ORL,43,88,48.9,15,40,37.5,10,13,76.9,8,25,22,6,2,18,21,12,1,0
401359880,2022,2021-10-27,2021-10-27 23:30:00,27,Wizards,Washington,WSH,43,84,51.2,9,25,36.0,21,29,72.4,11,36,18,8,7,15,20,15,1,0
401359880,2022,2021-10-27,2021-10-27 23:30:00,2,Celtics,Boston,BOS,37,85,43.5,10,29,34.5,23,28,82.1,10,27,18,9,5,13,21,6,0,1
401359881,2022,2021-10-27,2021-10-27 23:30:00,14,Heat,Miami,MIA,38,96,39.6,8,29,27.6,22,26,84.6,17,45,21,6,2,14,19,15,1,1
401359881,2022,2021-10-27,2021-10-27 23:30:00,17,Nets,Brooklyn,BKN,33,85,38.8,14,43,32.6,13,14,92.9,4,38,21,7,7,15,24,8,1,0
401359882,2022,2021-10-27,2021-10-27 23:30:00,11,Pacers,Indiana,IND,38,79,48.1,10,29,34.5,14,17,82.4,9,31,19,6,7,22,19,3,1,1
401359882,2022,2021-10-27,2021-10-27 23:30:00,28,Raptors,Toronto,TOR,46,100,46.0,14,30,46.7,12,19,63.2,16,25,22,18,6,10,20,23,2,1
401359883,2022,2021-10-27,2021-10-27 23:30:00,1,Hawks,Atlanta,ATL,40,96,41.7,8,30,26.7,14,17,82.4,21,34,21,4,4,11,14,7,0,0
401359883,2022,2021-10-27,2021-10-27 23:30:00,3,Pelicans,New Orleans,NO,40,93,43.0,11,36,30.6,8,9,88.9,9,35,24,5,6,9,19,16,1,1
401359884,2022,2021-10-27,2021-10-28 00:00:00,16,Timberwolves,Minnesota,MIN,43,91,47.3,13,45,28.9,14,17,82.4,10,39,29,5,4,17,20,20,0,0
401359884,2022,2021-10-27,2021-10-28 00:00:00,15,Bucks,Milwaukee,MIL,39,95,41.1,14,51,27.5,16,21,76.2,13,30,22,10,3,8,18,0,1,1
401359885,2022,2021-10-27,2021-10-28 00:00:00,13,Lakers,Los Angeles,LAL,46,92,50.0,11,35,31.4,12,14,85.7,10,30,29,8,2,17,22,26,0,2
401359885,2022,2021-10-27,2021-10-28 00:00:00,25,Thunder,Oklahoma City,OKC,43,86,50.0,15,37,40.5,22,29,75.9,10,32,21,8,3,15,16,8,1,0
401359886,2022,2021-10-27,2021-10-28 02:00:00,23,Kings,Sacramento,SAC,42,95,44.2,15,38,39.5,11,15,73.3,8,32,28,7,6,11,20,13,1,0
401359886,2022,2021-10-27,2021-10-28 02:00:00,21,Suns,Phoenix,PHX,42,93,45.2,6,22,27.3,17,24,70.8,14,42,23,6,6,11,16,12,0,0
401359887,2022,2021-10-27,2021-10-28 02:00:00,29,Grizzlies,Memphis,MEM,35,96,36.5,17,50,34.0,9,19,47.4,21,29,27,9,3,21,25,8,1,0
401359887,2022,2021-10-27,2021-10-28 02:00:00,22,Trail Blazers,Portland,POR,39,84,46.4,15,36,41.7,23,31,74.2,13,35,22,11,6,13,20,26,1,1
401359888,2022,2021-10-27,2021-10-28 02:30:00,5,Cavaliers,Cleveland,CLE,33,81,40.7,3,20,15.0,23,27,85.2,14,43,12,9,3,20,14,16,1,0
401359888,2022,2021-10-27,2021-10-28 02:30:00,12,Clippers,LA,LAC,31,87,35.6,9,41,22.0,8,13,61.5,9,27,19,13,2,14,24,0,0,1
401359874,2022,2021-10-26,2021-10-26 23:30:00,20,76ers,Philadelphia,PHI,36,82,43.9,12,41,29.3,15,17,88.2,12,28,24,9,4,14,14,6,1,2
401359874,2022,2021-10-26,2021-10-26 23:30:00,18,Knicks,New York,NY,41,87,47.1,16,37,43.2,14,15,93.3,13,32,24,7,5,12,18,27,3,1
401359875,2022,2021-10-26,2021-10-27 00:00:00,9,Warriors,Golden State,GS,39,83,47.0,14,40,35.0,14,18,77.8,7,39,30,9,8,15,20,10,0,0
401359875,2022,2021-10-26,2021-10-27 00:00:00,25,Thunder,Oklahoma City,OKC,36,86,41.9,12,34,35.3,14,17,82.4,9,33,19,7,3,13,18,15,1,0
401359876,2022,2021-10-26,2021-10-27 00:30:00,10,Rockets,Houston,HOU,36,86,41.9,16,39,41.0,18,26,69.2,11,38,24,7,3,17,21,8,0,2
401359876,2022,2021-10-26,2021-10-27 00:30:00,6,Mavericks,Dallas,DAL,43,93,46.2,12,43,27.9,18,25,72.0,14,36,25,9,7,14,22,12,1,0
401359877,2022,2021-10-26,2021-10-27 00:30:00,13,Lakers,Los Angeles,LAL,50,105,47.6,8,30,26.7,17,22,77.3,9,47,20,8,10,13,21,8,0,0
401359877,2022,2021-10-26,2021-10-27 00:30:00,24,Spurs,San Antonio,SA,48,108,44.4,13,36,36.1,12,22,54.5,16,43,33,10,6,15,22,12,1,1
401359878,2022,2021-10-26,2021-10-27 02:00:00,7,Nuggets,Denver,DEN,42,83,50.6,10,28,35.7,16,24,66.7,5,30,19,9,3,13,23,4,0,1
401359878,2022,2021-10-26,2021-10-27 02:00:00,26,Jazz,Utah,UTAH,44,85,51.8,12,39,30.8,22,29,75.9,8,33,20,5,6,13,22,15,1,1
401359865,2022,2021-10-25,2021-10-25 23:00:00,2,Celtics,Boston,BOS,50,101,49.5,19,50,38.0,21,25,84.0,11,42,33,8,9,12,23,11,0,0
401359865,2022,2021-10-25,2021-10-25 23:00:00,30,Hornets,Charlotte,CHA,46,103,44.7,19,44,43.2,18,28,64.3,14,38,26,4,6,14,25,12,0,1
401359866,2022,2021-10-25,2021-10-25 23:00:00,15,Bucks,Milwaukee,MIL,41,85,48.2,11,32,34.4,26,31,83.9,7,35,24,13,6,13,19,18,1,1
401359866,2022,2021-10-25,2021-10-25 23:00:00,11,Pacers,Indiana,IND,40,90,44.4,14,36,38.9,15,17,88.2,12,35,23,6,1,19,24,5,0,2
401359867,2022,2021-10-25,2021-10-25 23:30:00,8,Pistons,Detroit,DET,40,91,44.0,9,33,27.3,15,18,83.3,11,25,26,7,6,14,15,2,0,0
401359867,2022,2021-10-25,2021-10-25 23:30:00,1,Hawks,Atlanta,ATL,46,90,51.1,12,32,37.5,18,21,85.7,10,39,24,11,3,13,19,23,3,0
401359868,2022,2021-10-25,2021-10-25 23:30:00,27,Wizards,Washington,WSH,33,95,34.7,9,39,23.1,15,20,75.0,10,43,16,5,5,12,17,2,0,1
401359868,2022,2021-10-25,2021-10-25 23:30:00,17,Nets,Brooklyn,BKN,40,94,42.6,10,35,28.6,14,17,82.4,7,47,23,6,4,9,19,25,0,0
401359869,2022,2021-10-25,2021-10-25 23:30:00,19,Magic,Orlando,ORL,33,81,40.7,12,44,27.3,12,19,63.2,6,33,21,7,6,16,22,3,2,1
401359869,2022,2021-10-25,2021-10-25 23:30:00,14,Heat,Miami,MIA,41,87,47.1,6,27,22.2,19,19,100.0,9,33,28,10,2,10,19,22,1,1
401359870,2022,2021-10-25,2021-10-25 23:30:00,4,Bulls,Chicago,CHI,39,81,48.1,12,27,44.4,21,22,95.5,5,24,24,11,3,13,16,20,0,0
401359870,2022,2021-10-25,2021-10-25 23:30:00,28,Raptors,Toronto,TOR,40,83,48.2,12,30,40.0,16,20,80.0,13,34,27,8,1,19,18,5,2,1
401359871,2022,2021-10-25,2021-10-26 00:00:00,3,Pelicans,New Orleans,NO,39,87,44.8,10,30,33.3,19,23,82.6,15,45,19,5,5,17,20,21,3,1
401359871,2022,2021-10-25,2021-10-26 00:00:00,16,Timberwolves,Minnesota,MIN,31,90,34.4,15,50,30.0,21,27,77.8,11,30,20,10,7,11,19,3,0,3
401359872,2022,2021-10-25,2021-10-26 01:00:00,5,Cavaliers,Cleveland,CLE,38,82,46.3,7,25,28.0,16,20,80.0,11,38,26,8,5,14,18,17,2,1
401359872,2022,2021-10-25,2021-10-26 01:00:00,7,Nuggets,Denver,DEN,35,86,40.7,9,38,23.7,8,12,66.7,11,36,21,10,3,21,22,1,1,1
401359873,2022,2021-10-25,2021-10-26 02:30:00,22,Trail Blazers,Portland,POR,32,85,37.6,8,37,21.6,14,18,77.8,7,40,15,11,4,30,18,3,0,0
401359873,2022,2021-10-25,2021-10-26 02:30:00,12,Clippers,LA,LAC,44,93,47.3,14,43,32.6,14,19,73.7,5,38,37,21,6,17,23,35,0,0
401359859,2022,2021-10-24,2021-10-24 20:00:00,30,Hornets,Charlotte,CHA,43,94,45.7,10,30,33.3,15,19,78.9,10,38,26,10,5,12,17,16,0,0
401359859,2022,2021-10-24,2021-10-24 20:00:00,17,Nets,Brooklyn,BKN,38,87,43.7,9,35,25.7,10,12,83.3,9,35,18,10,8,17,19,10,0,0
401359860,2022,2021-10-24,2021-10-24 23:00:00,19,Magic,Orlando,ORL,36,88,40.9,12,43,27.9,26,34,76.5,10,47,22,7,4,13,25,10,0,0
401359860,2022,2021-10-24,2021-10-24 23:00:00,18,Knicks,New York,NY,37,100,37.0,13,48,27.1,17,25,68.0,16,36,20,8,8,12,21,13,0,0
401359861,2022,2021-10-24,2021-10-24 23:00:00,2,Celtics,Boston,BOS,38,86,44.2,15,47,31.9,16,20,80.0,6,37,22,10,6,11,22,20,1,0
401359861,2022,2021-10-24,2021-10-24 23:00:00,10,Rockets,Houston,HOU,32,75,42.7,14,32,43.8,19,24,79.2,5,35,20,7,4,18,20,9,2,0
401359862,2022,2021-10-24,2021-10-24 23:00:00,20,76ers,Philadelphia,PHI,41,88,46.6,17,41,41.5,16,20,80.0,12,35,25,4,9,12,17,18,0,0
401359862,2022,2021-10-24,2021-10-24 23:00:00,25,Thunder,Oklahoma City,OKC,40,84,47.6,8,31,25.8,15,19,78.9,6,36,24,9,4,11,17,0,0,1
401359863,2022,2021-10-24,2021-10-25 01:00:00,9,Warriors,Golden State,GS,43,97,44.3,13,37,35.1,20,24,83.3,14,29,26,12,3,6,13,12,1,0
401359863,2022,2021-10-24,2021-10-25 01:00:00,23,Kings,Sacramento,SAC,42,86,48.8,15,46,32.6,8,13,61.5,10,37,26,0,4,19,16,8,0,1
401359864,2022,2021-10-24,2021-10-25 01:30:00,29,Grizzlies,Memphis,MEM,45,100,45.0,13,35,37.1,15,18,83.3,18,31,25,13,4,17,20,10,0,1
401359864,2022,2021-10-24,2021-10-25 01:30:00,13,Lakers,Los Angeles,LAL,45,84,53.6,16,30,53.3,15,22,68.2,9,27,29,10,12,17,14,12,0,1
401359851,2022,2021-10-23,2021-10-23 22:00:00,1,Hawks,Atlanta,ATL,38,99,38.4,10,34,29.4,9,15,60.0,17,37,20,5,3,9,23,13,0,2
401359851,2022,2021-10-23,2021-10-23 22:00:00,5,Cavaliers,Cleveland,CLE,37,89,41.6,7,28,25.0,20,27,74.1,12,42,23,6,6,10,16,14,0,0
401359852,2022,2021-10-23,2021-10-23 23:00:00,14,Heat,Miami,MIA,35,91,38.5,9,33,27.3,12,14,85.7,10,45,18,4,2,22,25,6,0,0
401359852,2022,2021-10-23,2021-10-23 23:00:00,11,Pacers,Indiana,IND,38,97,39.2,10,39,25.6,16,21,76.2,14,41,18,10,5,16,18,12,0,0
401359853,2022,2021-10-23,2021-10-23 23:30:00,6,Mavericks,Dallas,DAL,38,91,41.8,14,42,33.3,13,18,72.2,13,37,24,6,6,9,22,16,0,0
401359853,2022,2021-10-23,2021-10-23 23:30:00,28,Raptors,Toronto,TOR,34,85,40.0,11,37,29.7,16,23,69.6,11,38,17,7,6,12,23,14,0,0
401359854,2022,2021-10-23,2021-10-24 00:00:00,8,Pistons,Detroit,DET,34,88,38.6,5,28,17.9,9,15,60.0,11,42,14,9,8,20,17,9,3,0
401359854,2022,2021-10-23,2021-10-24 00:00:00,4,Bulls,Chicago,CHI,35,84,41.7,11,26,42.3,16,19,84.2,3,39,24,13,11,12,17,31,1,0
401359855,2022,2021-10-23,2021-10-24 00:00:00,3,Pelicans,New Orleans,NO,31,89,34.8,9,40,22.5,18,23,78.3,21,40,15,10,5,28,22,4,2,1
401359855,2022,2021-10-23,2021-10-24 00:00:00,16,Timberwolves,Minnesota,MIN,39,96,40.6,12,38,31.6,6,10,60.0,13,34,22,13,8,19,25,17,1,4
401359856,2022,2021-10-23,2021-10-24 00:30:00,15,Bucks,Milwaukee,MIL,44,83,53.0,15,35,42.9,18,22,81.8,7,37,21,6,5,20,15,13,2,0
401359856,2022,2021-10-23,2021-10-24 00:30:00,24,Spurs,San Antonio,SA,48,99,48.5,10,39,25.6,5,6,83.3,10,28,29,10,4,12,18,7,1,1
401359857,2022,2021-10-23,2021-10-24 02:00:00,21,Suns,Phoenix,PHX,43,89,48.3,9,28,32.1,10,15,66.7,7,31,27,6,1,14,19,1,0,0
401359857,2022,2021-10-23,2021-10-24 02:00:00,22,Trail Blazers,Portland,POR,51,94,54.3,21,50,42.0,11,17,64.7,8,40,24,8,5,9,15,37,0,1
401359858,2022,2021-10-23,2021-10-24 02:30:00,29,Grizzlies,Memphis,MEM,42,90,46.7,15,36,41.7,21,25,84.0,13,35,26,5,3,11,19,16,0,0
401359858,2022,2021-10-23,2021-10-24 02:30:00,12,Clippers,LA,LAC,43,99,43.4,13,39,33.3,15,17,88.2,14,30,23,7,4,7,21,13,0,0
401359843,2022,2021-10-22,2021-10-22 23:00:00,30,Hornets,Charlotte,CHA,48,91,52.7,13,32,40.6,14,17,82.4,11,35,32,13,1,18,16,18,0,0
401359843,2022,2021-10-22,2021-10-22 23:00:00,5,Cavaliers,Cleveland,CLE,43,84,51.2,9,31,29.0,17,20,85.0,7,29,26,9,3,18,15,11,1,0
401359844,2022,2021-10-22,2021-10-22 23:00:00,18,Knicks,New York,NY,44,88,50.0,24,54,44.4,9,17,52.9,6,32,34,10,4,11,19,34,0,1
401359844,2022,2021-10-22,2021-10-22 23:00:00,19,Magic,Orlando,ORL,33,83,39.8,17,43,39.5,13,15,86.7,9,37,24,5,3,18,18,3,1,0
401359845,2022,2021-10-22,2021-10-22 23:00:00,11,Pacers,Indiana,IND,52,97,53.6,15,34,44.1,15,20,75.0,7,35,28,5,6,12,22,9,0,1
401359845,2022,2021-10-22,2021-10-22 23:00:00,27,Wizards,Washington,WSH,49,94,52.1,19,38,50.0,18,19,94.7,6,32,24,5,6,9,21,12,0,0
401358779,2022,2021-10-22,2021-10-22 23:30:00,17,Nets,Brooklyn,BKN,41,88,46.6,12,38,31.6,20,24,83.3,11,36,26,6,6,12,16,5,1,0
401358779,2022,2021-10-22,2021-10-22 23:30:00,20,76ers,Philadelphia,PHI,43,91,47.3,14,36,38.9,9,11,81.8,5,30,17,8,9,8,21,14,2,1
401359846,2022,2021-10-22,2021-10-22 23:30:00,28,Raptors,Toronto,TOR,42,100,42.0,10,35,28.6,21,21,100.0,21,39,22,16,2,11,13,36,1,0
401359846,2022,2021-10-22,2021-10-22 23:30:00,2,Celtics,Boston,BOS,32,82,39.0,11,34,32.4,8,11,72.7,10,32,19,6,12,25,19,8,0,1
401359847,2022,2021-10-22,2021-10-23 00:00:00,3,Pelicans,New Orleans,NO,42,87,48.3,15,29,51.7,13,16,81.3,9,33,26,7,5,16,20,0,1,0
401359847,2022,2021-10-22,2021-10-23 00:00:00,4,Bulls,Chicago,CHI,47,89,52.8,14,28,50.0,20,25,80.0,11,35,32,9,7,14,14,30,0,0
401359848,2022,2021-10-22,2021-10-23 00:00:00,25,Thunder,Oklahoma City,OKC,34,91,37.4,14,43,32.6,9,16,56.3,8,31,22,9,4,19,21,0,0,0
401359848,2022,2021-10-22,2021-10-23 00:00:00,10,Rockets,Houston,HOU,48,95,50.5,17,38,44.7,11,14,78.6,10,44,29,12,10,17,18,35,0,0
401359849,2022,2021-10-22,2021-10-23 01:00:00,24,Spurs,San Antonio,SA,40,84,47.6,6,24,25.0,10,14,71.4,7,32,24,11,2,20,17,4,0,0
401359849,2022,2021-10-22,2021-10-23 01:00:00,7,Nuggets,Denver,DEN,44,86,51.2,9,30,30.0,5,8,62.5,8,33,26,10,2,21,21,11,0,0
401358780,2022,2021-10-22,2021-10-23 02:00:00,21,Suns,Phoenix,PHX,42,86,48.8,10,32,31.3,21,28,75.0,7,40,31,8,2,11,22,32,1,2
401358780,2022,2021-10-22,2021-10-23 02:00:00,13,Lakers,Los Angeles,LAL,34,86,39.5,15,34,44.1,22,29,75.9,12,34,25,7,3,16,26,7,0,3
401359850,2022,2021-10-22,2021-10-23 02:00:00,26,Jazz,Utah,UTAH,37,90,41.1,16,42,38.1,20,23,87.0,13,38,16,14,3,17,17,11,2,2
401359850,2022,2021-10-22,2021-10-23 02:00:00,23,Kings,Sacramento,SAC,39,99,39.4,8,36,22.2,15,21,71.4,16,36,20,15,5,15,22,9,0,0
401358777,2022,2021-10-21,2021-10-21 23:30:00,6,Mavericks,Dallas,DAL,31,93,33.3,13,43,30.2,12,13,92.3,10,40,16,7,3,15,21,8,0,0
401358777,2022,2021-10-21,2021-10-21 23:30:00,1,Hawks,Atlanta,ATL,45,94,47.9,15,35,42.9,8,9,88.9,6,49,31,8,9,13,16,30,0,0
401359842,2022,2021-10-21,2021-10-22 00:00:00,15,Bucks,Milwaukee,MIL,32,84,38.1,12,42,28.6,19,29,65.5,5,33,19,6,0,15,26,0,0,1
401359842,2022,2021-10-21,2021-10-22 00:00:00,14,Heat,Miami,MIA,51,96,53.1,15,35,42.9,20,31,64.5,11,47,28,8,2,11,26,42,0,1
401358778,2022,2021-10-21,2021-10-22 02:00:00,12,Clippers,LA,LAC,42,96,43.8,14,40,35.0,15,21,71.4,8,31,24,9,2,7,25,8,0,1
401358778,2022,2021-10-21,2021-10-22 02:00:00,9,Warriors,Golden State,GS,43,83,51.8,15,31,48.4,14,22,63.6,10,43,27,5,4,21,20,19,0,0
401359833,2022,2021-10-20,2021-10-20 23:00:00,11,Pacers,Indiana,IND,42,90,46.7,17,47,36.2,21,24,87.5,8,43,29,2,10,16,24,23,1,0
401359833,2022,2021-10-20,2021-10-20 23:00:00,30,Hornets,Charlotte,CHA,46,107,43.0,13,31,41.9,18,27,66.7,12,34,29,9,5,8,21,10,0,0
401359834,2022,2021-10-20,2021-10-20 23:00:00,4,Bulls,Chicago,CHI,37,86,43.0,7,23,30.4,13,15,86.7,9,39,18,8,5,17,19,8,0,1
401359834,2022,2021-10-20,2021-10-20 23:00:00,8,Pistons,Detroit,DET,36,90,40.0,6,28,21.4,10,13,76.9,11,36,17,7,5,16,16,9,1,0
401358775,2022,2021-10-20,2021-10-20 23:30:00,2,Celtics,Boston,BOS,48,117,41.0,21,57,36.8,17,23,73.9,15,41,34,13,9,18,24,12,0,0
401358775,2022,2021-10-20,2021-10-20 23:30:00,18,Knicks,New York,NY,51,105,48.6,17,45,37.8,19,27,70.4,7,48,27,9,10,17,22,11,2,1
401359835,2022,2021-10-20,2021-10-20 23:30:00,27,Wizards,Washington,WSH,36,81,44.4,5,27,18.5,21,26,80.8,7,44,20,14,8,21,17,29,1,1
401359835,2022,2021-10-20,2021-10-20 23:30:00,28,Raptors,Toronto,TOR,30,97,30.9,7,34,20.6,16,22,72.7,19,35,14,10,4,19,21,5,0,1
401359836,2022,2021-10-20,2021-10-21 00:00:00,5,Cavaliers,Cleveland,CLE,47,93,50.5,14,38,36.8,13,18,72.2,7,29,38,6,5,10,17,4,1,0
401359836,2022,2021-10-20,2021-10-21 00:00:00,29,Grizzlies,Memphis,MEM,53,100,53.0,14,33,42.4,12,12,100.0,13,40,28,8,8,10,15,16,2,1
401359837,2022,2021-10-20,2021-10-21 00:00:00,10,Rockets,Houston,HOU,40,88,45.5,11,33,33.3,15,22,68.2,12,29,21,13,3,24,25,4,0,0
401359837,2022,2021-10-20,2021-10-21 00:00:00,16,Timberwolves,Minnesota,MIN,42,87,48.3,16,38,42.1,24,31,77.4,13,33,26,18,12,18,22,35,0,1
401359838,2022,2021-10-20,2021-10-21 00:00:00,20,76ers,Philadelphia,PHI,44,85,51.8,13,25,52.0,16,20,80.0,6,41,24,9,5,12,11,27,1,1
401359838,2022,2021-10-20,2021-10-21 00:00:00,3,Pelicans,New Orleans,NO,39,93,41.9,13,30,43.3,6,9,66.7,10,34,28,5,6,13,16,3,1,0
401359839,2022,2021-10-20,2021-10-21 00:30:00,19,Magic,Orlando,ORL,35,86,40.7,9,29,31.0,18,23,78.3,13,31,17,6,6,16,20,7,0,0
401359839,2022,2021-10-20,2021-10-21 00:30:00,24,Spurs,San Antonio,SA,49,98,50.0,13,30,43.3,12,18,66.7,13,30,32,8,3,8,22,28,0,0
401359840,2022,2021-10-20,2021-10-21 01:00:00,25,Thunder,Oklahoma City,OKC,34,91,37.4,7,35,20.0,11,18,61.1,15,35,19,4,2,14,15,2,1,0
401359840,2022,2021-10-20,2021-10-21 01:00:00,26,Jazz,Utah,UTAH,40,91,44.0,14,47,29.8,13,15,86.7,12,41,18,6,5,10,19,26,0,1
401358776,2022,2021-10-20,2021-10-21 02:00:00,7,Nuggets,Denver,DEN,44,83,53.0,17,39,43.6,5,9,55.6,6,40,25,9,1,17,20,15,2,2
401358776,2022,2021-10-20,2021-10-21 02:00:00,21,Suns,Phoenix,PHX,36,87,41.4,14,37,37.8,12,17,70.6,11,34,23,9,3,18,18,16,0,2
401359841,2022,2021-10-20,2021-10-21 02:00:00,23,Kings,Sacramento,SAC,42,92,45.7,17,41,41.5,23,29,79.3,7,36,24,6,4,10,22,18,0,0
401359841,2022,2021-10-20,2021-10-21 02:00:00,22,Trail Blazers,Portland,POR,45,93,48.4,12,35,34.3,19,22,86.4,9,40,25,5,5,12,22,3,1,0
401358773,2022,2021-10-19,2021-10-19 23:30:00,17,Nets,Brooklyn,BKN,37,84,44.0,17,32,53.1,13,23,56.5,5,39,19,3,9,12,17,2,1,0
401358773,2022,2021-10-19,2021-10-19 23:30:00,15,Bucks,Milwaukee,MIL,48,105,45.7,17,45,37.8,14,18,77.8,13,41,25,8,9,7,19,23,1,0
401358774,2022,2021-10-19,2021-10-20 02:00:00,9,Warriors,Golden State,GS,41,93,44.0,14,39,36.0,25,30,83.0,9,41,30,9,2,17,18,12,0,1
401358774,2022,2021-10-19,2021-10-20 02:00:00,13,Lakers,Los Angeles,LAL,45,95,47.0,15,42,36.0,9,19,47.0,5,40,21,7,4,17,25,10,1,1
